date,equal_weight,timing_score,top_k,rank_weight,risk_weight
2021-01-04,-0.0019044761671309141,-0.0019044761671309141,-0.0019044761671309141,-0.0019044761671309141,-0.0019044761671309141
2021-01-05,-0.005277508057696471,-0.005277508057696471,-0.005277508057696471,-0.005277508057696471,-0.005277508057696471
2021-01-06,-0.009956957550104527,-0.009956957550104527,-0.009956957550104527,-0.009956957550104527,-0.009956957550104527
2021-01-07,0.0015673557198613427,0.0015673557198613427,0.0015673557198613427,0.0015673557198613427,0.0015673557198613427
2021-01-08,0.0006562867263622998,0.0006562867263622998,0.0006562867263622998,0.0006562867263622998,0.0006562867263622998
2021-01-11,-0.0062037042006160715,-0.0062037042006160715,-0.005172023334489947,-0.0062037042006160715,-0.0062037042006160715
2021-01-12,0.0018390207931934855,0.0018390207931934857,-0.0006701136527550592,0.0018390207931934857,0.0018390207931934855
2021-01-13,0.010558005427010329,0.01055800542701033,0.008198155218934421,0.01055800542701033,0.010558005427010329
2021-01-14,0.0046357171605667,0.0046357171605667,0.007136892838176068,0.0046357171605667,0.0046357171605667
2021-01-15,-0.004075958948160957,-0.004075958948160958,-0.005781407923180774,-0.004075958948160958,-0.004075958948160957
2021-01-18,0.006462560389370557,0.0064625603893705575,0.004568729362819141,0.0064625603893705575,0.006462560389370557
2021-01-19,-0.0007797720915090859,-0.0007797720915090859,0.001173413486724688,-0.0007797720915090859,-0.0007797720915090859
2021-01-20,-0.0008492700629672855,-0.0008492700629672855,0.00017348741098346466,-0.0008492700629672855,-0.0008492700629672855
2021-01-21,-0.00844591147305597,-0.008445911473055972,-0.008656594967198509,-0.008445911473055972,-0.00844591147305597
2021-01-22,-0.004424168867328243,-0.004424168867328244,-0.0030100806280528285,-0.004424168867328244,-0.004424168867328243
2021-01-25,0.0071285765955633705,0.007128576595563372,0.00505587355736877,0.007128576595563372,0.0071285765955633705
2021-01-26,-0.0006028262913601142,-0.0006028262913601143,-0.001144665172543096,-0.0006028262913601143,-0.0006028262913601142
2021-01-27,0.008051817721728971,0.008051817721728971,0.006059883557736878,0.008051817721728971,0.008051817721728971
2021-01-28,-0.001959494790488814,-0.001959494790488815,-0.0021064646473854336,-0.001959494790488815,-0.001959494790488814
2021-01-29,0.0003915723525163,0.0003915723525163001,0.001390674821614236,0.0003915723525163001,0.0003915723525163
2021-02-01,-0.006223319184867857,-0.006223319184867858,-0.004343854024356125,-0.006223319184867858,-0.0047862478636792345
2021-02-02,-0.004790087748826,-0.0047900877488260005,-0.003540297207795778,-0.0047900877488260005,-0.009362927220214288
2021-02-03,-0.0010657290361539857,-0.0010657290361539861,0.0005114881686622047,-0.0010657290361539861,-0.003328908095368928
2021-02-04,0.0023961543264062572,0.0023961543264062572,0.004968211557937725,0.0023961543264062572,-0.0017517241042897971
2021-02-05,-0.0058497820502089425,-0.005849782050208943,-0.00658616866692545,-0.005849782050208943,-0.007918639808744191
2021-02-08,-0.005469473266230608,-0.005469473266230608,-0.007724171150664509,-0.005469473266230608,-0.004324977621688291
2021-02-09,-0.006307982959881343,-0.006307982959881344,-0.005314190378208845,-0.006307982959881344,-0.004923757555103982
2021-02-10,0.009088319080643985,0.009088319080643985,0.005719350269779764,0.009088319080643985,0.005809459953696665
2021-02-18,0.005994937941163842,0.0059949379411638444,0.002502008727413901,0.0059949379411638444,-0.0028601624479909424
2021-02-19,0.003496286546645586,0.003496286546645586,-0.003630991138091004,0.003496286546645586,-0.00010495126599229399
2021-02-22,0.0010948920259739856,0.0010948920259739859,0.0013614692437977653,0.0010948920259739859,0.0015518606917907579
2021-02-23,0.006121905431949357,0.006121905431949357,0.0008743210008531543,0.006121905431949357,0.0030023031055638814
2021-02-24,0.0013079418587426143,0.0013079418587426147,0.003114766432892689,0.0013079418587426147,0.0018712175304113738
2021-02-25,0.004239546140753943,0.0042395461407539435,0.0023785835828719903,0.0042395461407539435,0.0034877572359378276
2021-02-26,-0.0029354745184479282,-0.002935474518447929,-0.00519151531127711,-0.002935474518447929,-0.0033233364199904154
2021-03-01,0.0007909000366496861,0.0007909000366496857,-0.0016879731991350298,0.0007909000366496857,-0.00024498430617228345
2021-03-02,0.0036634598241873854,0.003663459824187386,0.006418976447329866,0.003663459824187386,0.0050752578113174365
2021-03-03,0.0124214883184703,0.012421488318470302,0.012163757149784227,0.012421488318470302,0.01370868228886363
2021-03-04,0.003803028214155528,0.003803028214155529,0.0018877997936803319,0.003803028214155529,0.0018457438635799367
2021-03-05,0.013411910988687215,0.013411910988687216,0.014729609063384688,0.013411910988687216,0.014877182974448514
2021-03-08,0.0041030731763852715,0.0041030731763852715,0.00702329692114485,0.0041030731763852715,0.0038080441295978732
2021-03-09,-0.0092634618034311,-0.0092634618034311,-0.008798492900355632,-0.0092634618034311,-0.009937549526769965
2021-03-10,-0.002412028882419144,-0.0024120288824191444,-0.002896023972859235,-0.0024120288824191444,-0.0018138618398267279
2021-03-11,-0.0021881465855698567,-0.0021881465855698575,-0.002144618035836705,-0.0021881465855698575,-0.0022708386992340017
2021-03-12,0.009048154825640671,0.009048154825640673,0.010891457046720997,0.009048154825640673,0.009546892396492954
2021-03-15,-0.0013880700411831285,-0.0013880700411831287,-0.001492914481801123,-0.0013880700411831287,-0.0019484848337837032
2021-03-16,-0.0047302920609101845,-0.004730292060910186,-0.00734323564790992,-0.004730292060910186,-0.004771208649101457
2021-03-17,-0.006606346683261743,-0.006606346683261743,-0.0092138015946518,-0.006606346683261743,-0.006895280450479869
2021-03-18,0.014171492751770041,0.014171492751770043,0.014732844437416513,0.014171492751770043,0.015342876128909028
2021-03-19,0.0036735678304374714,0.003673567830437472,0.0034711247548892665,0.003673567830437472,0.004151489286507169
2021-03-22,0.006205174768380214,0.006205174768380215,0.006650224489528321,0.006205174768380215,0.006028652013564235
2021-03-23,0.005828713408957071,0.005828713408957072,0.00670609919000424,0.005828713408957072,0.005461383405635907
2021-03-24,-0.0015600073907198282,-0.0015600073907198289,-0.003166682518802551,-0.0015600073907198289,-0.0015600865427282198
2021-03-25,-0.0072886230425499715,-0.007288623042549972,-0.007331568056579924,-0.007288623042549972,-0.007213938457686028
2021-03-26,0.0042215035492588,0.0042215035492588005,0.005531899183498569,0.0042215035492588005,0.004291239287564533
2021-03-29,-0.007321033176220685,-0.007321033176220687,-0.00858979875184524,-0.007321033176220687,-0.0076531984164858085
2021-03-30,0.0088011272194631,0.008801127219463101,0.010686988723619393,0.008801127219463101,0.009200013068773102
2021-03-31,-0.0074312229450322845,-0.007431222945032286,-0.010618528313604781,-0.007431222945032286,-0.007549475904860233
2021-04-01,-0.006020651231175228,-0.00602065123117523,-0.008903881280308949,-0.00602065123117523,-0.005788570183312244
2021-04-02,0.0020348984295099713,0.0020348984295099717,8.647287248890196e-05,0.0020348984295099717,0.0025039629329744427
2021-04-06,0.008253752951477043,0.008253752951477043,0.0056686168765414345,0.008253752951477043,0.008467791013955957
2021-04-07,-0.000781580677787614,-0.0007815806777876145,0.00012079151475752552,-0.0007815806777876145,-0.0007020438796801431
2021-04-08,0.007830652546326327,0.007830652546326328,0.0079281945239557,0.007830652546326328,0.007914732310066185
2021-04-09,0.0090827308705686,0.009082730870568602,0.01131388671242339,0.009082730870568602,0.00830264527639929
2021-04-12,-0.004379254982643071,-0.004379254982643072,-0.004045540970371964,-0.004379254982643072,-0.005506262968466685
2021-04-13,-0.0023403921859684713,-0.002340392185968472,-0.0020406550436530783,-0.002340392185968472,-0.002616088097077024
2021-04-14,-0.0012523453020181427,-0.001252345302018143,-0.00398664017472967,-0.001252345302018143,0.0013429485081040563
2021-04-15,0.003833951693283443,0.003833951693283444,0.004442801979859936,0.003833951693283444,0.0017594191644504898
2021-04-16,-0.013252194191392884,-0.013252194191392888,-0.012613075745269918,-0.013252194191392888,-0.013638116799643338
2021-04-19,-0.0020223706678283862,-0.0020223706678283862,-0.002806944930655614,-0.0020223706678283862,0.0018828112027551992
2021-04-20,-0.00011406641757194291,-0.00011406641757194308,0.0010226956730418767,-0.00011406641757194308,0.0005496083512046908
2021-04-21,-0.0021133944711034286,-0.002113394471103429,-0.0022682042687508603,-0.002113394471103429,-0.003784555550548151
2021-04-22,-0.006455896089294828,-0.006455896089294829,-0.005197162027306311,-0.006455896089294829,-0.005540769798504731
2021-04-23,0.0029676529053619853,0.002967652905361986,0.002216532100940636,0.002967652905361986,0.006329573294874989
2021-04-26,-0.002253126102293486,-0.0022531261022934864,-0.00256025975018111,-0.0022531261022934864,0.0013956407109459818
2021-04-27,-0.0026388267027554852,-0.002638826702755486,-0.0019697614625826757,-0.002638826702755486,-0.0009888336392429177
2021-04-28,0.00021725069073436328,0.0002172506907343634,0.0012055219480396969,0.0002172506907343634,0.0002770094396674416
2021-04-29,-0.004443419294006356,-0.004443419294006357,-0.00632955515182458,-0.004443419294006357,0.0007620211198738061
2021-04-30,0.006293094654638413,0.0062930946546384155,0.0046090731727915085,0.0062930946546384155,0.007412031118134869
2021-05-06,0.00860315090702,0.007139846759970921,0.007707954917207452,0.006424702016109107,0.011911238434998507
2021-05-07,-0.0005316460419917419,0.004692268056707029,0.005998425735248517,0.005961947364913293,0.007413147117989438
2021-05-10,0.0014682566083784572,-0.005908440263838822,-0.0021980459769635917,-0.0014695709389359094,-0.00016266996626817902
2021-05-11,-0.0003963163816513288,0.004223760893946078,0.0021138365882135647,0.0019971309803758466,0.0005246720282355597
2021-05-12,0.0040682129608419,-0.004589980997319767,-0.00046768131224447047,0.0004874221051192006,0.0021888290166214293
2021-05-13,-0.002943146128551086,-0.007599089921780029,-0.00563971531175061,-0.003781524454514203,-0.004463269664690805
2021-05-14,-0.004645844720201271,0.005060062282580723,0.0020187330320454596,0.0004826241743836968,-0.005575415158139916
2021-05-17,0.0029894049653513425,0.007192057746791554,0.006269654785598121,0.00535044126226392,0.0036116979637903857
2021-05-18,-0.0047670784078180425,-0.002102049776887281,-0.0017217449693138086,-0.0018905231748331491,-0.004016408198392645
2021-05-19,-0.003380333658262914,-0.009249636630174161,-0.008651942642718978,-0.005869009999995924,-0.005028830514453217
2021-05-20,0.0046335647244820375,0.007221414050423582,0.00777550381529804,0.004837544658774173,0.005560221269525404
2021-05-21,-0.0016975715701228998,-0.0063449204961130564,-0.0033501447598532057,-0.0034924071624417795,-0.0022894090531816
2021-05-24,-0.007770144364074543,-0.006537004623251226,-0.004618795878301104,-0.006676744139553598,-0.007839011635896499
2021-05-25,-0.0006318804060810002,-0.00436780105691947,-0.0015592346349312875,-0.0023535140243829992,-0.0013071833710219197
2021-05-26,0.000928284157582243,-0.0014408399684263302,0.00253472900565779,0.001826260560895803,0.002040660500148392
2021-05-27,0.0007119135883292713,0.006927048525365711,0.004292199007911567,0.0033201931652988162,0.0009256763806811032
2021-05-28,-0.001696286429671114,0.005485178093304127,0.005856177356683111,0.0034294033240316766,0.00031017067678603934
2021-05-31,-0.001969211603008414,-0.002405900467310418,-0.0029700857888374397,-0.00160908810025145,-0.0021331039859668224
2021-06-01,0.0016232843645069856,0.00012197086773073611,-0.004545294061962586,-0.0021073165989674955,-0.000282823536817578
2021-06-02,0.0021880117048847713,0.002987539506349707,0.0008220077801762284,0.0026083735853927544,0.0016691307107872624
2021-06-03,0.0017030003084555715,0.002933745195793672,0.004520785505850083,0.0027795731886079457,0.001988873428458925
2021-06-04,0.0017314635105359622,0.003512916609521179,0.004984764088687414,0.0060258831898713575,0.003186083590613658
2021-06-07,0.000938689794214857,0.007067248922270687,0.005712072690594027,0.0062133540124428635,0.0007359552629729823
2021-06-08,0.00032545808402674264,0.00012849715355500724,0.0009047823840875927,0.0006184463771212995,0.0006010525935463645
2021-06-09,-0.00022402399227652858,-0.004027391310371157,-0.001723231703254845,-0.0021747744572942498,0.00047808321339835
2021-06-10,-0.0014536379325574712,-0.001967956385033366,-0.002437377047723897,-0.0032581253191676547,-0.0011930613897940879
2021-06-11,0.0037973452610445425,0.0013592165336314857,0.00409281184805523,0.004065000174769773,0.004638012811103594
2021-06-15,0.005983605072761999,0.015199119822894916,0.003720650954934834,0.010080204370413078,0.005177888009053286
2021-06-16,0.004582824643782256,8.532478650294774e-05,0.015023787345226067,0.008019839284992676,0.006725317753959705
2021-06-17,-0.0012646086446439862,-0.0060868610844889235,0.003885689212947233,-0.0012133375108571232,0.000449622700679015
2021-06-18,0.0030512184646356,0.0019407079357927537,0.0056248427986549335,0.004115592468453159,0.003862319814523692
2021-06-21,-0.0013036474371448856,0.0004607315853914346,-0.0030475736193850337,-0.0013246608595469003,-0.0016393483337133882
2021-06-22,0.0018377146191504144,0.004074769230612965,0.008754696383317967,0.006451225583772295,0.003740651842346432
2021-06-23,-0.0016205815000625424,2.5578505118734252e-05,-0.002948033773276567,-0.0017783152928576183,-0.0020260916090524056
2021-06-24,-0.004375787662421799,-0.003872238220225378,-0.002789300866262433,-0.0043311772065258314,-0.004798848970277805
2021-06-25,0.0009945592784236141,-0.0005544376987647018,0.0027181875956061663,0.0007400979541004181,0.0009824530408774072
2021-06-28,-0.0010725910610580429,-0.0007368310301735868,-0.001842300311255633,-0.00029648043674555206,-0.0012731511335033316
2021-06-29,0.00028295105342592843,0.002252869266755695,0.0026768912731157998,0.004626637101446995,0.0004194567584117296
2021-06-30,-0.00498297799201787,-0.00948035329305164,-0.0129203113116043,-0.01367784532282605,-0.006325142793399244
2021-07-01,0.008641462814898884,0.010433389805652055,0.012734173804868399,0.009579423729251867,0.010270779408207673
2021-07-02,0.0014278193020697133,0.006127848157262921,0.006651619998772332,0.011302136999734622,0.001489462684488059
2021-07-05,-0.001225618504480986,-0.006473194655839389,-0.01015173314209314,-0.008831121122126605,-0.0007410137095121313
2021-07-06,-0.0005542744468513571,0.009480943880437815,0.012911903971321824,0.012105412147484399,-0.00017706355628026998
2021-07-07,0.001828051549294343,0.008081064212509023,0.010498923610628708,0.00979198523180435,0.0023838439657567264
2021-07-08,-0.0018246738204063574,-0.001496004618361758,-0.0021616180918616074,-0.0010699780038796497,-0.0015226206383809494
2021-07-09,-0.005961839978727829,-0.0010246258215335304,0.0015590741690734411,0.0009835506953237952,-0.006207246891659788
2021-07-12,-0.0024957549067303147,-0.007310642680530218,-0.009012820980800317,-0.009057610128276196,-0.002623538354525089
2021-07-13,0.002683766585073657,0.0015947285913882239,0.00044793548383507487,0.0006976688561960726,0.0032882778321675693
2021-07-14,-0.004962738890497328,-0.0018793980008339145,0.001266324660318101,0.0007042719459244267,-0.006378192655963349
2021-07-15,0.003150722047680557,0.00021713213298807073,-0.0028337884725166086,-0.0021214062416492043,0.004127672783494779
2021-07-16,-0.003639129382092314,-0.0036383870961727276,-0.0035777334208851328,-0.002970841718948086,-0.004348419833159711
2021-07-19,-0.0004125863562538857,0.003346428668234715,0.004208601791285866,0.002007882205159145,-0.00012332033854637128
2021-07-20,0.001548767521001501,0.01896524325014251,0.0237250519687166,0.016229360854011103,0.000616167398900672
2021-07-21,0.0014859817447829852,0.002960481468112254,0.00522755098944725,0.0029427222772604547,0.0020792291062683545
2021-07-22,0.001418174515409229,-0.0026686273717185195,0.0005533917241538166,-0.001845163777555794,0.0006873684536205205
2021-07-23,0.006503204507194799,0.0043445092531640556,0.008859786755299724,0.00526466473594984,0.006073117283078857
2021-07-26,0.008711304890958801,0.004430779002283066,-0.0029562761593718745,0.00022503143461730058,0.01113635549514395
2021-07-27,-0.001294601000174242,-0.004439876808893507,-0.0003901541723191483,-0.0024229770035128304,-0.0014314016286318485
2021-07-28,-0.0011063409835512707,0.012561431378254705,0.02179604807859037,0.018058654601603538,-0.0024495810392712427
2021-07-29,0.003050035638206987,0.009595097329261462,0.008291819577761494,0.009015957787564647,0.002731828479351401
2021-07-30,-0.0032328593211633284,-0.006077614717196565,-0.0032611706544534917,-0.005471990308282486,-0.0029156649649707354
2021-08-02,-0.0017638309023366569,-0.02704532009044394,-0.02818313697716867,-0.022458844241753033,-0.0005079071684404718
2021-08-03,0.0023654057581147265,0.02885110183812807,0.030712422156463328,0.0250191268803517,0.0005932645892964671
2021-08-04,-0.0011169659267926714,9.259222204956933e-05,-0.00025852220103894056,-0.0008984885640126126,-0.0011247655112923548
2021-08-05,0.002331060107538957,0.004506028619439047,0.0054679699591541195,0.0041012950189477215,0.0027073987429554972
2021-08-06,-0.004912330074376185,-0.023018901569281353,-0.02389238589657328,-0.020242813123454363,-0.0032596353221849583
2021-08-09,-0.003999015590836929,-0.0158470519616349,-0.0146434678149891,-0.012916931531530866,-0.0029077411915037384
2021-08-10,0.0039233436084532,0.007395300693253991,0.006233309668779405,0.004842087334512979,0.004690811643602585
2021-08-11,0.0033724476191608855,0.004902091142330723,0.005205914189457542,0.003911691810858991,0.004741767796556381
2021-08-12,-0.003587356626810656,-0.009587882025935664,-0.01029528651349812,-0.00814245202900805,-0.004197795859297979
2021-08-13,-0.002074496250588099,-0.01582927608471412,-0.015318354953064458,-0.012699265914529972,-0.0007688305149537032
2021-08-16,0.0027011432108237847,-0.001975540514707869,-0.003898828595977683,-0.0023760933956414217,0.003030806346372105
2021-08-17,0.002499454464163414,0.004424368092687178,0.0041098184526462585,0.0036477800741570475,0.001877360514405427
2021-08-18,0.005085340451552171,0.008688431033391737,0.010850260455823558,0.008023259532717545,0.006177417426501661
2021-08-19,0.012288847637706886,0.025550284993591358,0.024996356399677875,0.02134749045598533,0.01116286534956513
2021-08-20,-0.0007547179622414287,0.004562947496320233,0.00630856123852022,0.004553842474011394,-0.0003803382848741356
2021-08-23,-0.003532993101658986,-0.005508689773579652,-0.003635159673085509,-0.004418708466912622,-0.0031891625560472913
2021-08-24,0.0007901423076445859,0.001051545258404232,0.0006924373950800282,0.0005315504392658396,0.00116247329108669
2021-08-25,0.004885826346469743,0.006756078546815026,0.006931272437641628,0.005743810698014731,0.003851129108954541
2021-08-26,-0.0036394856474517992,-0.0018636684862489254,0.003214378584566027,-0.0015965038743035657,-0.006068015738477733
2021-08-27,0.0009091251880536284,0.007765901444415387,0.00751773476520848,0.005696078545359681,-0.0006572856403025762
2021-08-30,0.005677564855745143,0.006368381451486807,0.007839512135461737,0.004780999122212086,0.004627867902124039
2021-08-31,-0.002900159982117358,0.0007693798761152608,-0.004152155617701812,0.004402236590608148,-0.00047705880992816776
2021-09-01,0.0048694427940786005,0.002176962119205182,0.0068340719749991705,-0.0005204142953615918,0.0021650909060443937
2021-09-02,0.0030534327967877426,0.009532940982552586,0.005453027990773981,0.010548267952078916,0.00504408120002792
2021-09-03,-0.004417262919879971,-0.000779040333131117,-0.0038927830178689185,-0.0011915810923922659,-0.0022694549347395984
2021-09-06,0.0023246122428235714,-0.006819444601843043,-0.00037444631618782686,-0.0037530125797261573,0.00033792380983587453
2021-09-07,0.006046161007526328,0.01350989947297818,0.009817197289183174,0.013553766904280307,0.0065611265574371195
2021-09-08,0.004299138966251186,-0.0002121651956563693,0.0029346798610853297,0.0020209428657649723,0.0023074967063214926
2021-09-09,-0.002475664574791757,-0.006036020579060736,-0.006043061612890377,-0.009236916875972785,-0.0017838607849481186
2021-09-10,1.4158535543228913e-05,-0.0027409107519405004,0.0012383981056572112,0.00023022787136718452,-0.0026640692957156323
2021-09-13,-0.001210679785468529,-0.007401458075914653,-0.005642376981987543,-0.005188515877413429,0.0006236688884192515
2021-09-14,0.003995409226570271,0.004419066778926702,0.005043178376270316,0.0019119017787447,0.0038125963876996776
2021-09-15,-0.0009158329477998153,-8.609906343419547e-05,-0.0006009240472344475,0.004823325791192759,0.00011675878035298601
2021-09-16,-0.0027023187288796715,-0.005070390889182402,-0.0023396913919102526,-0.0008434878563501635,-0.0007190846065717451
2021-09-17,0.002783584840200157,0.0064405897720843115,0.008850337353857424,0.0014222889334605015,0.0008266171151941463
2021-09-22,-0.0005470948656359858,-0.0007696914085025949,-0.0002327153721192582,0.0007239027052243193,0.0017969439482103265
2021-09-23,-0.007343941337016886,-0.002871576882914811,-0.004201229119061439,-0.0019532211834850186,-0.005134057862757407
2021-09-24,-0.01449634400035484,0.002927588783680788,-0.0009630523130725532,0.0026423298263428324,-0.013144200895874113
2021-09-27,0.008089925458277927,0.005144691956835987,0.006164066298880241,0.007903997493656648,0.007356718843693715
2021-09-28,-0.0040370997982892565,0.012658637297974996,0.008432149474762672,0.008877433682242907,-0.004619262595296683
2021-09-29,-0.0009547343927488426,-0.015378490401939175,-0.011207654124357348,-0.01190091140607893,-0.00018081615810827873
2021-09-30,-0.0031050499641904726,0.03171037329540437,0.022078129809634098,0.0216633175187037,-0.001588433746216993
2021-10-08,-0.0023070782662478143,0.010357124325042991,0.004999339154349594,0.006181872842364645,-0.0012863071265664266
2021-10-11,-0.002108384817754028,0.005941764302759107,0.004137224605583549,0.0006645251498243953,-0.002716229788680501
2021-10-12,-0.007117363389648556,-0.006390722979789984,-0.005231453072988927,-0.006113574862876178,-0.006536934432723879
2021-10-13,3.526805806068536e-05,-0.0006474620215863106,-0.0020530013778752017,-0.00014760167370701793,0.00169097339745396
2021-10-14,-0.003141826004626957,-0.012443034989288221,-0.008135664045900702,-0.0072500497838477035,-0.0039203743265564
2021-10-15,0.0007616759433647854,-0.015191601308277953,-0.011490061538623454,-0.007189904834685614,0.0007892661490078645
2021-10-18,-0.001458397270648697,-0.0020877970857009,-0.001837327642634375,0.0006047794998666543,-0.001997515306273724
2021-10-19,-0.0011336001998662139,-0.0081009211328696,-0.005556446358584639,-0.004044549240639655,-0.0005874076289797113
2021-10-20,-0.00044297473777742856,0.00142768027973535,-9.602473783942194e-05,0.0022567614257705685,-0.0018451724059150984
2021-10-21,0.006914747961545972,0.0173026852364207,0.011587668674130271,0.015310783742671991,0.006678832887014423
2021-10-22,-0.002365666652047657,-0.019949255356497102,-0.01304009644474836,-0.012955512935207632,-0.002747839732500175
2021-10-25,-0.0013506991816174714,0.002528504107713072,-0.0003712531370350878,0.002162407124844091,0.0007911333362971096
2021-10-26,-0.002007843811582942,-0.016052788673028055,-0.007659589008791397,-0.01151327376570389,-0.005153418721777303
2021-10-27,0.0013412808223950286,0.005267362463599617,0.005934907806162084,0.0019471968846944765,-0.00043975502152966857
2021-10-28,-0.0001886666422372999,0.002206343510971505,0.003148008911764523,0.004253235624581719,0.002379503838251659
2021-10-29,0.006619509925002457,0.01757479243753879,0.012083116651448352,0.013595963907843681,0.009412752041095287
2021-11-01,-0.002743352754583656,-0.0024388522826945696,-0.00337367810532924,-0.0007951679903893919,-0.0005544461591603492
2021-11-02,5.667745045060012e-05,0.005528035589862965,0.004357982916071586,0.0021820992337476886,0.001493422393611938
2021-11-03,-0.0008442793911294427,-0.0087838564088294,-0.008211513995896938,-0.0052640971553818625,-0.0013336534992394115
2021-11-04,0.00011020877021605683,0.006650245959504291,0.0063257483841772785,0.006576646704385779,0.00021188966827055482
2021-11-05,0.0010284713602830063,-0.00030124098076170854,-0.00021603459705252397,-0.0009857476157222387,0.000128989644163756
2021-11-08,0.0017044063976731426,0.0020302540147772953,0.003312097158190049,0.0030791168464685548,0.0028654740388556876
2021-11-09,0.0011360339776912425,0.002918121354943479,0.0033915058969265994,0.003798917889496686,0.003402641296382158
2021-11-10,-0.0036469845763953,-0.003301434750849881,-0.004084495557186587,-0.0034243787440788225,-0.004108660703727557
2021-11-11,0.006693107021271457,0.007118912294355133,0.007181097588542059,0.00669696078633071,0.006739444968593372
2021-11-12,0.004740989943106,0.01272835667027421,0.014226415829183053,0.014573142286254212,0.006964923175745993
2021-11-15,-0.0008102723039651713,0.00023100104582540618,0.0010868301328260225,0.0007114609577622051,-0.0013705196934413746
2021-11-16,-0.0008241547750335571,-0.005059309844941509,-0.008734504724318729,-0.004808630945877514,0.0005734430824906152
2021-11-17,-0.0010770933965771716,-0.003920464785092112,-0.005094442331031386,-0.0034166017419833545,-0.000524222894708759
2021-11-18,-0.0011665356408910713,-0.001934068498355929,-0.0022523342482199307,-0.001762849196441968,-0.0008758226290705182
2021-11-19,0.0019229587809923851,-0.0021942137446362897,-0.005260334765185963,-0.0029937389561335323,0.0021839223300825633
2021-11-22,0.0003502358566774143,0.0035024174719443532,0.0014527116603132643,0.0038328122495190674,0.0024797009891112925
2021-11-23,-0.0013738154532246857,0.001632387105099395,-0.00023128530217221666,0.0021370521003146454,0.001001987901796153
2021-11-24,0.000546983189944357,0.0004887062449307981,0.00025603877859675466,0.00026087721187136324,0.000368827894936372
2021-11-25,-0.0024593093420235287,-0.0034802591472982104,-0.004152663087749452,-0.004552520251808254,-0.0025790023387893715
2021-11-26,-0.0007975866102453142,-0.004728976500885862,-0.006783878942480849,-0.004725625398989354,-0.0008993027917694742
2021-11-29,0.0023779331719358567,0.008389368798816091,0.004833986329759981,0.006581094137556062,0.004447822809791845
2021-11-30,0.003769097177113571,0.009202660139747616,0.00716102180282971,0.008474421240243614,0.0048446678416518806
2021-12-01,-0.0023349898039313143,-0.0025204207732035426,-0.0015104059285442873,-0.002612494758102159,-0.0038470784124047144
2021-12-02,0.0007559886122754002,0.0018589542045953037,0.0008049859139543616,0.0015090003255835106,0.0016062538141769186
2021-12-03,-0.0017272634173059291,0.002599639043048951,0.0016774050328026244,0.00262690312124158,-0.0009629276092557157
2021-12-06,-0.005005907747735586,-0.006223194498193573,-0.0033089998448618666,-0.0029545838356797626,-0.005158208696014625
2021-12-07,-0.0009564999862760144,0.001920822221416531,-0.004980625090879209,-0.0038586515360003884,-0.0015317358596703284
2021-12-08,-0.0039581725411701576,-0.004043917624137903,-0.00419356294602063,-0.003971757843397525,-0.005092414782391015
2021-12-09,-0.003139058281076171,0.001353388662597947,-0.0032823891527753984,-0.0019449977393398922,-0.0020762626489299893
2021-12-10,-0.0008824843805144997,-0.001272358153254436,-0.00020804094600987929,-0.0010735158321027911,-0.00023180852233832517
2021-12-13,0.0022686743025669143,0.0016965843936915584,0.0011253408911350523,0.0016074386119729225,0.0021471803398718766
2021-12-14,0.005155831139125928,0.007686372745081833,0.006058897044019399,0.006894417059846118,0.005921849973617731
2021-12-15,-0.0011605934671703856,0.0030354303352127343,0.002518511031311027,0.0019087063799611685,-0.0011362907155906248
2021-12-16,0.0023860824791494427,0.005473062235397776,0.007763248064967886,0.0061443251328779855,0.0034259848602546574
2021-12-17,0.006101451634214442,0.009497901458019662,0.01276523819822506,0.009832789342119173,0.006564680312100106
2021-12-20,0.0011532936869314571,-0.0031176710613156603,-0.0019142833019428894,-0.0023813209884028,0.001199177569665034
2021-12-21,0.0027177402215253143,0.0016174419058609345,0.0015505856468649318,0.0017401702214617227,0.0029281349505086494
2021-12-22,-0.0021057963262813427,-0.01010081123311828,-0.009196791325525637,-0.008231682914120264,-0.0033079294637664474
2021-12-23,0.004088559160831671,0.00020625396927785242,0.0027039839867620337,0.0002474225338063179,0.0037813802431486358
2021-12-24,0.0012320677086247714,0.003320217906602929,0.0035380452519909638,0.0026012230421343045,0.0014969132849085827
2021-12-27,-0.0012463931049755855,0.007670284664487141,0.004707453093576698,0.007001076689351314,-0.0014008438776506285
2021-12-28,0.002690826813425158,0.010434008712400612,0.010144957594513424,0.00825049951286056,0.004107096446881302
2021-12-29,0.0012761303549316,-0.0027131266914533886,-0.0024240982760351023,-0.002098208090533063,0.0013439777402248442
2021-12-30,0.00018758008312304275,-0.0005862612709267531,-0.00041370813990689444,-0.0004336286709106455,0.0005695467375776456
2021-12-31,0.009449393506668572,0.01470676828538417,0.015321299792054103,0.011617483275448487,0.009770835072474532
2022-01-04,0.00349780789066193,0.01108762860558658,0.01376090865281748,0.014539586101879805,0.003271461638516949
2022-01-05,-0.0010753051142700855,-0.004173615667703703,-0.0034322721473195985,-0.0043888616399881475,-0.00011858411724253007
2022-01-06,-0.000599474662791442,0.004229318214889682,0.004278020926524275,0.006750172801959709,-0.001087136506483714
2022-01-07,0.0018162845290723,0.0026421913796455866,0.0032886536897595207,0.003475698503907842,0.002159286878150162
2022-01-10,0.0018721640960830718,0.0020570985263435463,0.0017478249109783197,0.0012836946808991033,0.001878858022361881
2022-01-11,-0.0076635254873431416,-0.006017378712917104,-0.004336248371943609,-0.00380773844671303,-0.007090127748347193
2022-01-12,0.0027496652448435565,0.004130285261567901,0.003942298569501699,0.003122203949878627,0.0028360204162759467
2022-01-13,-0.0017914781760867277,-0.0012418979728766395,-0.0005705536985064416,0.0011352692946756397,-0.0008182527161625376
2022-01-14,0.0006149683573464712,-0.00018263975354817943,-0.001574716045843502,0.0010027318967514146,0.0016003138512698989
2022-01-17,0.0003108567470773998,0.0024768004763923847,0.003138699466564744,0.0005137068012748789,2.6436239806700392e-05
2022-01-18,0.007439593178636256,0.008693714046672386,0.00912090462946201,0.007894062551905721,0.006947849786393099
2022-01-19,0.0003405296814274429,-0.00018173664098498484,0.003777024678202207,-0.0008518031961125114,-0.0021417822934085944
2022-01-20,0.00028400027449815724,0.0024862984956774995,0.0019018215097309007,0.0019712814047604874,0.00016827035337216062
2022-01-21,-0.009677072072423172,-0.013305807345962843,-0.016009483466653502,-0.01462021999750045,-0.008853864236713782
2022-01-24,-3.665717885378557e-05,0.0011878965417780683,0.0016633993601492714,-0.00043580199160244597,0.0004334022329619366
2022-01-25,-0.0022031785539953852,-0.002182874193935079,-0.0024075023914503133,-0.0006738902180029726,-0.003845714422140022
2022-01-26,0.0032725004536147285,0.004253005235322756,0.004338413855815302,0.0018382738254850543,0.0007691721540589298
2022-01-27,0.006466400868695257,0.010740207759532158,0.009732122380253443,0.010041008323928305,0.008612860300269618
2022-01-28,0.0018184074941730145,-0.0012844049130127848,4.571797788646134e-05,-0.0014946715577390088,-0.0027960857438673937
2022-02-07,0.013074007484851585,0.017749786598785764,0.012546011245255895,0.014294655318311443,0.011531964391793818
2022-02-08,-0.0036909946099104576,-0.0029778296999202346,-0.00544641826684004,-0.005895184832505204,-0.00405644262289749
2022-02-09,0.003850700308044142,0.00024398753093001892,-0.002411617292306491,0.0009595088688729807,0.0023069630083648335
2022-02-10,0.002544481072980814,0.0007529502709783079,0.0033188732407525346,0.004393802146216259,0.0011667111544572972
2022-02-11,-0.0027055695890848717,0.00034810325944139653,-0.0008645491629854984,-0.0026057691833302316,0.00025061484034602597
2022-02-14,-0.006594859293165986,0.009935245002942038,-0.0014810117640913978,-0.0019748281175012063,-0.003608373205154603
2022-02-15,0.0011927207055240428,0.0051028162573830155,0.004021135574049637,0.004667311554964253,0.00044526603880874624
2022-02-16,-0.009996841591371257,-0.01205828728404474,-0.012788052272913015,-0.012121697250532198,-0.01018005237932601
2022-02-17,0.009345254916444942,0.013291758313135334,0.01028942765050483,0.012810127969337632,0.007956145439647622
2022-02-18,0.0007545097385479001,-0.0012341615019046922,-0.001711141815418209,-0.0019394665320513638,0.0018564498373829302
2022-02-21,-0.0046932487429114855,-0.008762598641225767,-0.004803278329949696,-0.0036563914650157726,-0.0062118042993595845
2022-02-22,-0.009919768306982657,-0.0022636075356102666,-0.015094712188562686,-0.01848266742560399,-0.006748306686185463
2022-02-23,-0.0037787619207910713,-0.00667712550132299,-0.0026164119299862346,-0.0017172787454800896,-0.005494234128689107
2022-02-24,-0.0025009007705683994,0.0025730700381718175,-0.0040140360644265105,-0.005790853166168905,-0.0013234815580101507
2022-02-25,-0.0034599761735800857,-0.008141704287234196,-0.004038149156461888,-0.003192118275904946,-0.004835896365223618
2022-02-28,0.0029816033728399423,0.006465465634894193,0.004464308410010475,0.0021876576586090726,0.0024661741145500086
2022-03-01,0.006762645438912,0.005935572523264767,0.00952289729989169,0.009884486151173127,0.004866416345784516
2022-03-02,0.00920269023269003,0.006262823547285832,0.01952640111603584,0.021262056174607774,0.0067726760530725984
2022-03-03,0.003404399362167571,0.0034342119600668064,0.004648891065779606,0.004907910459709427,0.0035363766466317047
2022-03-04,0.0024599179962248724,-0.001155434005957392,0.008895952096133194,0.012583325901834946,-0.0006898126733437802
2022-03-07,-0.0028094401848355,-0.0024368471981789474,-0.004696744325846791,-0.00545819806988788,-0.0027175912919465825
2022-03-08,-0.0034043667371696147,-0.0034688674835467843,-0.005666885267997819,-0.004250097070063701,-0.005273841121740763
2022-03-09,-0.004931206922790801,-0.002339833056971201,-0.00925526334828122,-0.008190220151996302,-0.004454719583124166
2022-03-10,0.007192983174610142,0.009325916335395092,0.00912543074859966,0.005480118952442376,0.008796673504801974
2022-03-11,0.004386246778662143,0.004352977564091606,0.008871700673410853,0.007985728442575508,0.004717729704945703
2022-03-14,-0.010741951211665155,-0.010784550362774606,-0.013237512625339209,-0.012216312520732535,-0.010468802685746108
2022-03-15,-0.00866031941910224,-0.00879160198021642,-0.011412173245390974,-0.011134782665646728,-0.009282096225774604
2022-03-16,-0.0041006762558662,-0.003953101847081994,-0.00191046322145982,-0.0023331107483081023,-0.001414942672404685
2022-03-17,0.004245088685997891,0.004035616474736246,0.0025393519543364415,0.0018874289967038206,0.0022213078234985415
2022-03-18,0.0007497328618670003,0.0008387630816662039,0.0014312182071911108,0.0015578318978021635,0.0004004029662720224
2022-03-21,0.003411028398197743,0.0032918207555278868,0.002339664970778567,0.0012540608845541367,0.002436617921190856
2022-03-22,0.00020897426584145628,0.0005206825719573887,0.003775552754190133,0.0009690679900368402,0.0019571038691299477
2022-03-23,-0.0013208408767095285,-0.0017608694140606534,-0.006473452435893233,-0.0028012745143304544,-0.0021511466482218846
2022-03-24,0.006763558939220328,0.006880440695926474,0.014221480078087967,0.010927772073701346,0.007551183997712634
2022-03-25,0.006740898334758256,0.006576154443520511,0.0076865435087853,0.01056500841841199,0.00641158218284728
2022-03-28,0.001439037510203199,0.0010429272878510736,0.0032816398120472127,0.006312055325723581,-0.00020570295301270683
2022-03-29,-0.006293052848347228,-0.006007784155642049,-0.014320917752410654,-0.017264071570808094,-0.005257850554411773
2022-03-30,0.005214569058928514,0.004822020228335357,0.008480290494281027,0.01034153920455369,0.005106219633998639
2022-03-31,-0.0013495655639489427,-0.0016256433166184584,-0.0025687123621396793,-0.0014027877380191475,-0.0018643162464785598
2022-04-01,0.008650738403431557,0.008299470707224692,0.013921298196794277,0.015167127255170344,0.008543552885204973
2022-04-06,-0.000743041008194303,-0.0008585200201444021,0.0017977551735972586,0.0022509788434517592,-0.0019469665274906558
2022-04-07,-0.0020812368778405565,-0.002497114470198899,0.003436730013802622,0.004815768329462446,-0.0034658599920893113
2022-04-08,0.005369956084819428,0.004554872221209229,0.014459558944793467,0.018071826335682984,0.003435072754242945
2022-04-11,-0.0009836704355402853,-0.0008424460506286865,0.0005643399958907228,-0.0007829210966239168,0.0004168998457838456
2022-04-12,-0.0027400671249329565,-0.0032275593210825734,-0.0035703908752390623,-0.0012485435397037617,-0.004866824721940214
2022-04-13,-0.0069601043261059425,-0.0071074655286724065,-0.010181341146009921,-0.009788797141982022,-0.006433799777297584
2022-04-14,0.0025997581867113996,0.002578960184016521,0.004290285917467705,0.0039035522338194415,0.002267882453212117
2022-04-15,-0.0035885216587555006,-0.0025619802175984785,-0.0007063839014670196,-0.0058143278040833505,0.0016676008501141843
2022-04-18,0.01011599223902297,0.01196764937400405,0.014551460390527305,0.009340498231090904,0.008181364782297751
2022-04-19,0.0034101116429420576,0.002111446916514603,0.0031357291310955175,0.00760001868745055,0.006426411633544829
2022-04-20,0.002351687559901557,0.004928456856010626,0.006718294368666012,0.006484201344546794,0.0009212929241585277
2022-04-21,0.0031021854344653716,0.005096318522679127,0.00688472440584008,0.004409408728811695,-0.0005324872362933021
2022-04-22,0.005065638038271128,0.00878706181315477,0.014257120367845849,0.011774079337856637,0.002334528649374206
2022-04-25,-0.005950860240433456,-0.005950860240433457,-0.01048781088854384,-0.005592986444963736,-0.009967030460173368
2022-04-26,-0.009132595807687743,-0.009132595807687743,-0.020665178421583906,-0.02287837956139414,-0.006047470921497047
2022-04-27,-0.007606215695876228,-0.007606215695876231,-0.011582218588360097,-0.008924328532197861,-0.010712867428689236
2022-04-28,-0.006129615181916501,-0.006129615181916502,-0.008368101315938107,-0.014134716637188217,-0.0007717941932027933
2022-04-29,0.0008412721554132572,0.000841272155413257,0.0008617070406127874,-0.0006917009821717089,0.0027806031278802415
2022-05-05,0.0017105268611781427,0.001710526861178143,0.0010634163228119276,0.001951484169873868,0.003506984242809558
2022-05-06,-0.00040248936931317186,-0.00040248936931317186,0.00024529838005138416,0.0011540929453851731,0.0029166826152634356
2022-05-09,-0.0035804177025190714,-0.003580417702519072,-0.010719309808506449,-0.010924951985005336,-0.002418268796977243
2022-05-10,-0.012458358371827837,-0.012458358371827839,-0.019826317400450738,-0.021376069099148475,-0.011193017055490107
2022-05-11,0.0014995001215347425,0.001499500121534743,0.001227692907875,0.0018261570414818183,0.001997753600459124
2022-05-12,0.0012393858913092857,0.001239385891309286,0.002109489445836801,0.0032985189782138613,-8.981203456815507e-05
2022-05-13,-0.0004980540308928145,-0.0004980540308928145,-0.0010929464426488364,-0.002077924955396301,-0.0002628793789536801
2022-05-16,-0.010252715461649698,-0.0102527154616497,-0.014709167090308343,-0.014013759551725062,-0.010401263110789656
2022-05-17,-0.001541633724675614,-0.0015416337246756144,-0.003140805668500196,-0.0035325509928882475,-0.0006096023468171066
2022-05-18,-0.0019091972118383139,-0.001909197211838314,-0.006532020705453079,-0.004382095965541765,-0.0029633692505155853
2022-05-19,-0.0017717009572109285,-0.0017717009572109288,0.0006446763200733193,-0.0017407935140254422,-0.0008636929954927628
2022-05-20,-0.0024338343868243284,-0.002433834386824329,-0.0035440896483547937,-0.003999424793506912,-0.0014539107170889248
2022-05-23,0.004638742993472757,0.004638742993472757,0.009681970351405656,0.006659833041595089,0.002456936973089104
2022-05-24,0.0031892244872331853,0.003189224487233186,0.0040332939667306784,0.00482312572230455,0.003705476824035524
2022-05-25,0.0033058455431401426,0.003305845543140143,0.003942659840243307,0.0044406467447071435,0.0043272592992358305
2022-05-26,-0.001981781062997271,-0.0019817810629972716,-0.0010248084578693857,-0.001612759665757241,-0.002325290540841702
2022-05-27,0.0013100785511438431,0.0013100785511438438,-0.0018474923218592702,-0.00041062697903461454,0.0013062296132322836
2022-05-30,-0.0005697251654042997,0.001344636325121159,0.0023815631397910955,0.0016561377940792308,0.0001900017389939953
2022-05-31,0.0010491432264586715,0.00317564105830381,0.0004821023016456481,0.00058891903087828,0.00046310498465637184
2022-06-01,-0.0007271170332443142,0.005740261678928652,-0.0008307048929820124,0.001201719606242962,0.00013485933348196164
2022-06-02,-0.0054360110744012275,-0.0021570003978151992,-0.012900313886731369,-0.012341298450126537,-0.006269355310335517
2022-06-06,-0.0010327711529664284,-0.0030659897038199458,0.003709737260783576,0.0010750784282131547,-0.0007561667577791256
2022-06-07,-0.0002861653054461429,-0.003328111774703281,-0.0022323400689373022,-0.0031160777646262175,-0.0015864162714130394
2022-06-08,0.0002681393107334287,-0.0036203088644395937,0.003268357078702836,0.00027787283801167717,-7.723557552514744e-06
2022-06-09,-0.001676923186889614,0.001466354912435974,-0.005772326022452846,-0.0019326210906049815,-0.0025075072877167657
2022-06-10,0.0009111675099825857,0.002566911167955744,-0.004035926375643565,5.635459055722313e-05,-0.0007035652292221571
2022-06-13,-0.0015408060899477435,-0.00664731766937709,-0.008382995871232157,-0.009555266650112621,-0.0016480911194950369
2022-06-14,-0.0007198563243992718,-0.011438659717027466,-0.006786723401842681,-0.008752646120966658,0.0023272142524686846
2022-06-15,0.004212194276593684,0.004272397002354088,0.011321136381525957,0.010952497779984737,0.005492836319315926
2022-06-16,-0.003138344181199586,-0.00023683275775604376,-0.004429087503980214,-0.003246709824248155,-0.0044314819149078805
2022-06-17,-0.0025765160649719276,-0.0021039635061653665,-0.0024204515042486876,-0.0036744429505299178,-0.0004481260399328301
2022-06-20,-0.0007712620669759287,-0.0072794133499803895,-0.0054357459902197505,-0.005796692442493542,8.346893717170293e-05
2022-06-21,0.0005175321618483425,0.005620826464151182,0.0035842567611616078,0.004505462092089053,-0.0010375199451528093
2022-06-22,-0.0003833449664127999,0.008199923039126896,0.006653935802002549,0.007406513793138813,-0.0018154168686576645
2022-06-23,-0.0017824432213595282,0.0017464839149558637,9.143029017171563e-05,0.0006299775647600301,-0.001860183537315488
2022-06-24,-0.0016476233029508714,-0.0005950547623680869,-0.0015104389984943235,-0.001742120041233143,-0.002508561628926137
2022-06-27,-0.0004511088030144569,-0.0004364667331663248,0.0018268089548165128,0.0003140380518892544,-0.0003021002090235422
2022-06-28,0.005710802193612327,-0.00914808150524458,-0.009222664501302926,-0.011761614034152934,0.00827641249752671
2022-06-29,-0.0005384484812204858,0.0033070948581056508,0.0010593797948910588,0.0033378097248166864,-0.0018148758091547342
2022-06-30,-0.001980285621217971,-0.0019969908176976463,-0.002656389655356351,-0.0025079449896060623,-0.002579283360093586
2022-07-01,0.0016870403914600997,0.003272565976819392,0.003624290844969433,0.003629830368061482,-4.767129204422279e-05
2022-07-04,-0.004550084211237614,-0.005013451683024277,-0.00576368686389089,-0.005393944163170725,-0.004514119333591362
2022-07-05,0.006973803169652928,0.0036091282998043203,0.006213586304703941,0.003862858897860635,0.007985939171566465
2022-07-06,-0.004177686081090071,-0.001085333372148819,-0.001677942353816221,0.00023400672889806531,-0.005658627045219753
2022-07-07,0.004566877114463186,-0.00031455171104922703,0.0003761460186566335,-0.0018629687764674119,0.006232063424298664
2022-07-08,-0.00036161882975850016,-0.003486219424989834,-0.002397669934658732,-0.0042525071999964205,0.0008772466063765238
2022-07-11,-0.0017647427835651,-0.0006729810063139552,-0.001685105139729102,-0.001497978629156353,-0.0015671732767865627
2022-07-12,0.002179491304119414,0.0013286282668550312,0.0008839822617500281,0.0017022225548929573,0.0014179620391092601
2022-07-13,0.0045429484836140566,0.003908801034114001,0.0028479366275773826,0.004218108486612501,0.003972949418744583
2022-07-14,0.001366128551943686,0.0024938974959056587,0.00016564371328205586,0.002518438576476676,0.00023704432908848222
2022-07-15,-0.002134966358861957,-0.0023608104776009354,-0.00255608656287264,-0.003152329569011199,-0.0014259573010619532
2022-07-18,0.0017239878215555987,-0.0005034669916434246,0.0012134802716923954,0.0005776023475626427,0.003616147264616009
2022-07-19,0.0014546022673501142,-0.0019315855208291773,-0.0001393599104820742,-0.0009558474348566473,0.0017620654515150712
2022-07-20,0.0013180477020213006,-0.0035461787999014295,0.00022065509016033942,-0.002146740271551238,0.00299202985429563
2022-07-21,0.0002625799118330568,0.0041402122113766765,0.0016521174858968395,0.0037430938036977744,-0.0001518940642070278
2022-07-22,-0.0015876693086633183,-0.004602861229631638,-0.0028226113054283385,-0.003415327921802046,-0.0008027905500488086
2022-07-25,-0.0027572502054244857,0.0006861756560917683,-0.0012658013905192007,0.0003782714867742907,-0.0029040289403985176
2022-07-26,0.002329058348343757,0.00454350229760145,0.0026902900557962467,0.0024650493441547594,0.0018526731413348618
2022-07-27,0.006035722755177271,0.005455755409161714,0.006248413739753135,0.0049031717877750175,0.006848634130818445
2022-07-28,0.00019982127187351435,-0.0004853094536781393,-0.001413266513735965,-0.0010913018219304313,-0.0001392130739092804
2022-07-29,-0.001226202458693915,-0.000810311004093657,-0.0005465711111291224,-0.0035027052082587133,-0.0018020574546149634
2022-08-01,-0.0009885536262623142,-0.002732303895998344,-0.0034738297634560994,-0.0035000825605444666,-0.0013922140524083534
2022-08-02,0.006394017066289329,0.007380415374263274,0.009857738986630069,0.008330578242951572,0.007486082857859031
2022-08-03,-0.0012155085927365288,-0.0011002638590772301,-0.00025201698272935523,-0.0013703799597936722,-0.0009444486207471456
2022-08-04,0.002471971525418859,-0.003674037826631742,-0.00012966819715471735,-0.003492403690191524,0.003399912073917464
2022-08-05,-6.594285493427901e-07,0.003020505105019551,0.002631241254218246,0.004518582299576241,-8.147600053320177e-05
2022-08-08,0.0006692046995934566,0.0032922747716119857,0.004431087989433383,0.0036010054393831683,1.2453045263960709e-05
2022-08-09,0.002287558112414156,0.002813364617246718,0.0016163762704934086,0.0021973308340626665,0.0029949047877630432
2022-08-10,0.002959781678072986,0.0006569137238648035,0.003604114687097133,0.0037224579184434265,0.0033955432933116692
2022-08-11,-0.0020648511822273716,-0.003300671297531117,-0.004312411796261373,-0.002085385650554309,-0.0011312395167555511
2022-08-12,-0.005545464467045487,-0.0016493417042697384,-7.9684648388147e-05,-0.00035770539356834094,-0.005561729381140164
2022-08-15,-0.002498474705103935,-0.0011130176178208526,-0.0010173647741884705,0.00011283650381576304,-0.002202808100059507
2022-08-16,-0.0022803626947539993,-0.0027726074661483914,-0.0029210582479759464,-0.002980104070190054,-0.002228124746732819
2022-08-17,0.0020752099936528004,0.0029659410368155104,0.0006183377710568976,0.0032219965320849095,0.0018523318966644185
2022-08-18,-0.004147951228347371,-0.004506435127966776,-0.004265339976290451,-0.007243828464216482,-0.0036064921092043276
2022-08-19,-0.0023522487692474,-0.001946611896594396,-0.0003351187768978641,-0.00021581901879099547,-0.0022841436243862534
2022-08-22,-0.0015819224999810287,0.0015964979200808601,-4.825704058516013e-05,0.0029142187118485503,-0.001785141960524327
2022-08-23,-0.003560529988700042,-0.009342548245149662,-0.01199491556652513,-0.01363892634661964,-0.003473501416750867
2022-08-24,-0.0042244775907497,-0.006942497793047998,-0.010485932871614664,-0.008544051575069527,-0.0045245147793375375
2022-08-25,-0.0008384299486914997,-0.003823069420465202,-0.003356872647189261,-0.006070322743612632,-0.00047406093740334483
2022-08-26,0.0013729986421728855,0.004134555946025861,0.004463835622344575,0.004169297681239437,0.0019043109814927922
2022-08-29,0.002384328194351814,0.003533771172964822,0.003900066745640766,0.0010483672614439478,0.0030373969246654856
2022-08-30,-0.003828438888332999,-0.007092169698714556,-0.012553757509115367,-0.012470445976595105,-0.004657624060726992
2022-08-31,-0.00046360855535380007,-0.0009766774476683828,-0.00157333875571229,-0.0011659814110068637,-0.0003059774078588188
2022-09-01,0.005084925265386468,0.0055142332369492245,0.006959801772369166,0.007042842668197306,0.006597311058132323
2022-09-02,-0.0008896203437971997,0.0009266437783601665,-0.0006289350016409571,0.003380921440289086,-0.0013825018294982825
2022-09-05,-0.0014803439310253712,-0.005056714571433337,-0.0009388990045637264,-0.0008421753839804894,-0.0008892241125429874
2022-09-06,-0.0017905755376129285,-0.004801991101706547,-0.0017700049685326685,-0.002757727414665228,-0.0017347731790117893
2022-09-07,0.0043977440847908006,0.009987668648344954,0.008027586440879706,0.008758769998137964,0.004635186668806059
2022-09-08,-0.0004068730091673714,-0.0009047182729445178,-0.0017331532863192908,-0.00047491222996268005,-0.001321029285654783
2022-09-09,-0.0017365861067246428,-0.0010078996234984235,-0.001078454978439568,-0.0007899643485687702,-0.001816168315691691
2022-09-13,0.0010386423697757573,0.0022881862249461505,0.0019150665843212973,0.002782524560330705,0.0008780036717121555
2022-09-14,0.003010596762913458,0.018952455006977054,0.014071826196314212,0.015590315880465175,0.0015855000744615549
2022-09-15,0.0008450058489587714,0.00038814624724008585,0.00040339168777730507,0.000660513099862588,0.0008062291505953967
2022-09-16,-0.006685028302195286,-0.009867139963662359,-0.008153307922658904,-0.008186534137437914,-0.0063712804372318315
2022-09-19,-0.002066551448552457,-0.006299262059061418,-0.008414459450646821,-0.00521095002245903,-0.001352141680856511
2022-09-20,0.0036090326005816568,0.006338118700509805,0.0061701257022943835,0.006449732983782266,0.004036779132707965
2022-09-21,0.003315076335262528,0.006288048075818729,0.007637306610865509,0.0078102290489253465,0.0037183706281601623
2022-09-22,0.0005533141535543432,0.004757462172798814,0.0034427061136146162,0.002905409852865211,0.000282555596406886
2022-09-23,-0.008052941308483857,-0.008629438367871776,-0.00933573656899478,-0.007713797696051944,-0.007306093315478373
2022-09-26,0.0006226364542899284,-0.0019760474240701183,-0.005715654334347496,-0.0026527269924023046,0.0014608150623219417
2022-09-27,0.0011843223676935995,0.004501915946509221,0.007152434480124068,0.003013485456987577,0.00021258214415942073
2022-09-28,-0.0045730346536025715,-0.003964982665846731,-0.004177910772490877,-0.003078623693960705,-0.0042542460307799495
2022-09-29,0.002554501210309325,0.002351892545531422,0.0023916468657798487,0.001588729821851959,0.002100136968254558
2022-09-30,0.008037627550035198,0.014538829043373537,0.01646057866336436,0.014500322627103487,0.007800618637564432
2022-10-10,0.0009509087917715323,0.0066803038097705695,0.004068835860743463,0.005554882501371485,0.0014480773794947497
2022-10-11,0.0020984348567130713,-0.004028631631984807,-0.00694828165404909,-0.002195588255802699,0.00418954886205569
2022-10-12,0.003899425578014543,-0.00024208299330187935,0.0006086321918671598,0.0019416783002499365,0.005108138328013286
2022-10-13,-0.0047255074117171425,-0.003929929190442407,-0.009118455183046456,-0.0059581284740840455,-0.004044530008330091
2022-10-14,0.001791187253451957,-0.0038370382841206143,-0.0024251761390329755,-0.0022550292498509637,0.002264981310301652
2022-10-17,-0.0007298464956535142,0.0007345654463376205,0.0030538527212641523,0.00137874220278375,-0.0005577837231951733
2022-10-18,0.0001234992680762429,0.0004471696120545664,0.0013883846801449294,0.000711402110205659,0.0003671491846708711
2022-10-19,0.0018650912083247571,-0.006029340290704246,-0.0045763372133345625,-0.005554254027945726,0.002341361765261523
2022-10-20,0.001553264383555629,0.006070733036088625,0.00797754525346867,0.0063766289500266134,0.0016346815927319683
2022-10-21,0.0029346266115173715,-0.0011304179046755594,0.0021544351606193183,-0.00032494968770774096,0.0034661984489626637
2022-10-24,-0.001932835810944757,-0.0011423485952528362,-0.0015174850758243946,-0.001337281515834371,-0.0016378109742326734
2022-10-25,0.006975721484374171,0.004204245629894438,0.001623550342150612,0.005683664940380411,0.007947140944067193
2022-10-26,0.006658970941211972,0.0026833608966765126,0.0024441659027091144,0.004360026591749303,0.006723293509287666
2022-10-27,-0.0002147836751139995,0.0008189970005980749,0.0038849980037188496,0.0008101308248083363,-0.0004020025227239204
2022-10-28,0.002229772780389986,-0.0057556605911956915,-0.006822971535282909,-0.003064529385331193,0.0027028292270620128
2022-10-31,-0.005876335853807129,-0.01342654724073052,-0.014371055313039813,-0.017661171259891528,-0.0062071735335652665
2022-11-01,-0.005569662870407728,-0.006233151592075825,-0.005976748094936422,-0.006967146175425612,-0.005019449474118721
2022-11-02,0.0032633527850281143,0.006603491303095531,0.005932145176660894,0.00687845162362408,0.004031676636607417
2022-11-03,-0.01345971278121597,-0.01851134407796292,-0.017089634251171434,-0.01894745136174813,-0.013948230644594526
2022-11-04,-0.0009731280704361005,-0.004464954318250973,-0.0048904421069968125,-0.005949996449203604,-0.001290052226996666
2022-11-07,0.0030368229824587006,0.0019659470772691173,0.0020521385852256073,0.0005126584216662229,0.0031915938353541157
2022-11-08,0.004213883767161571,0.004216487973769513,0.003915538790675611,0.0032134289402815292,0.004394341243690418
2022-11-09,0.0022688245112440853,0.003394389513240101,0.0030976110297457173,0.0008845502317517903,0.002693128371143051
2022-11-10,-0.007305410921114514,-0.01013336358095013,-0.009324143270017364,-0.009603350256024124,-0.008197095276332944
2022-11-11,8.014922212774259e-05,-0.00029368454676404257,-0.0002143193515138748,0.0008075212058135807,-0.00040212037686820305
2022-11-14,0.002135664875264272,0.01050551220655788,0.004909299988155129,0.00845311277699213,0.0020483275342107468
2022-11-15,0.0035927601330453134,0.005783212695672013,0.005458329422221398,0.0050288327118259745,0.004400803257669759
2022-11-16,0.005301932316960043,0.00647245915886612,0.007108808770794626,0.006548683375968506,0.005087969603762146
2022-11-17,0.0013995578372788856,0.0023153129699421287,0.002324864036135284,0.0017773624152101646,0.0019497216020026964
2022-11-18,5.408022060727157e-05,-0.0008041453208536872,5.4947576792393105e-05,-0.00020456239418116485,0.0005110172786516852
2022-11-21,0.0037040083193188144,0.000571811943919236,0.005414388909113908,0.006294996945026855,0.004312062540580615
2022-11-22,-0.0039708890124906466,-0.004232772968827305,-0.002759723377193718,-0.0019365611660404692,-0.003754236676131298
2022-11-23,-0.0011848226922619286,-0.001288555520647551,-0.0006474019857618127,-1.0443326061891972e-05,-0.000843179357137724
2022-11-24,0.0024752195083477865,-0.004497726429356155,9.226248856333786e-05,-0.002670471930775521,0.00180878209618041
2022-11-25,-0.0010274312365171796,-0.0037994609842445467,-0.0012646763875332802,-0.002834427345919544,-0.0004956099969133095
2022-11-28,-0.00023217120518170006,0.002554995050277386,-0.0001069587762565706,0.0006802761291240453,-0.0012028836020303918
2022-11-29,-0.0014044056928269428,-0.00016751394953548842,-0.0002633165686184842,8.217111716931833e-05,-0.0011379422192784772
2022-11-30,0.0018622992180420575,0.011129416420502372,0.007399957480787228,0.009110217055956422,0.0020163193871690225
2022-12-01,0.003654229062191557,0.007583575602781144,0.006620108021070495,0.0074664081586871,0.0038080994897929455
2022-12-02,0.003657008257936658,-0.00771895062462814,-0.00457815356072839,-0.006852495307123764,0.002899580208809026
2022-12-05,-0.0016283141010448715,0.0040173182911828476,0.0014756961459693602,0.000939746469201704,-0.0013989766023454898
2022-12-06,-0.003495137863859264,-0.0021929841214535875,-0.0029112396866073777,-0.0031015305212547697,-0.0037203509778087128
2022-12-07,-0.0010051607567583998,-0.002361626143949882,-0.002167136775095176,-0.001875081610308867,-0.0013711419097000635
2022-12-08,4.51194576531428e-05,-0.0015040554163483662,-0.0019678274813520608,-0.003775011874087056,-0.0008773771688692447
2022-12-09,0.005473266231323486,0.007762114417149088,0.0064408615274591085,0.007602718885348167,0.006579984159896669
2022-12-12,0.0018289547790768567,0.005793447734783295,0.0050535817523895375,0.0059325232948918396,0.0017238262622414258
2022-12-13,0.0015259470870836,0.0020516951891140257,0.00311201069462484,0.0023576854673419225,0.0011409207371767315
2022-12-14,0.00013643618878571382,-0.003642964585711083,-0.004039438132416383,-0.007186707231024519,0.0005792046315102198
2022-12-15,0.001215629691064929,0.005674967481819242,0.004611397994671783,0.006252785340816459,0.0008534103211668358
2022-12-16,-0.001950807130046,-0.0017485181245410627,-0.002333154598879207,-0.002729247049796564,-0.0022249208927115085
2022-12-19,0.0023949928781585,0.0011853896921471393,0.00040229524616458394,0.00336461966211905,0.0036177424138502364
2022-12-20,0.0007448947762366573,0.002504805740464697,0.0012926933639270627,0.001015195080593564,-0.00016160937109793347
2022-12-21,0.0035476627045067572,0.005576517293881221,0.0054529753414325815,0.004182891195711773,0.002371857860970666
2022-12-22,0.0013328851989338566,0.0036390167663149435,0.00731335585584841,0.005072876222666754,0.0012936925236862577
2022-12-23,-3.1556370796343575e-05,-0.004622502931624414,-0.009883320101617419,-0.0034470194898187324,0.0009921313690500902
2022-12-26,-0.000651471345945076,-8.327429918172923e-05,-0.0006590006348431162,-0.0002980165516989355,-0.000870205194404755
2022-12-27,-0.004319277492620886,-0.004571260834889306,-0.000683668121905679,-0.0022265893191032275,-0.0035021029129512576
2022-12-28,0.0016380271467673856,-0.0005733336838246028,0.00034603066284452075,-0.0006600705041373046,0.0018029513829436253
2022-12-29,0.0008964542003745569,0.0007670144536375196,0.00214289960541611,0.002146635215016295,0.0010538929039114406
2022-12-30,-0.001795263438828501,-0.00481950253669292,-0.0026081060257480966,-0.0048411217068186204,-0.0007657037567796916
2023-01-03,0.0026091619545271136,0.0015364063228929924,0.005064695729036669,0.0014844022633590777,0.0028484585090729894
2023-01-04,-0.000815071662615686,0.001048682934712662,-0.0036741968084707467,0.0034777382077653095,-0.0025148702817385875
2023-01-05,-0.002173246636347143,-7.26342698473899e-05,-0.0026912000651264593,-0.000857038331955896,-0.0016253941822475834
2023-01-06,0.0004950018777654429,0.0008244678019040462,-0.00018322586664594053,0.0023568828924099682,-0.00011824906461815605
2023-01-09,-0.0014756212827155856,-0.002886883410580445,-0.003411445926868081,-0.003692354483383351,-0.001911534183306401
2023-01-10,-0.001980094446499257,0.001308184410308686,0.0026259143860235534,0.0029203693232132746,-0.0012420981518967784
2023-01-11,-0.0003094352485993142,-0.0012219690654331158,-0.001903899586377371,-0.001881181982291107,-0.0004352307328710681
2023-01-12,0.00011710907968748578,0.0029043294428390534,0.005261305761860259,0.003957900633421328,0.00010626056739613849
2023-01-13,0.0033888094829963994,0.0033981630764340527,0.0022335100675994466,0.0011683495930103712,0.0028581550793348666
2023-01-16,0.001240835374546286,0.0010850336670952517,-0.0015453179025908751,0.000624356561993636,0.0013350302763612664
2023-01-17,0.002839011525305186,0.0018475234964949832,0.00027221256373618444,0.0009423105377207364,0.0033147169487539596
2023-01-18,0.003015029381574628,0.0012536122314393623,-0.0007066487314623749,-0.0001212916013420811,0.0025262736509090705
2023-01-19,-0.0021985848458872283,-0.00038189858815253176,0.00019093125271748244,0.0011874898986651231,-0.0015025040164687677
2023-01-20,-0.0009698275899468999,-0.0037896719377146122,-0.009129441174021712,-0.004809516206138091,-0.0014136289973934678
2023-01-30,-0.0015284140769885712,-0.0013267928920319724,-0.0011957760555643077,-0.0032780282586288953,-0.00034361481309429405
2023-01-31,0.0018135188177114286,0.000615025948832421,-0.003435167958144821,-0.0016157488282469547,0.0010572204727329199
2023-02-01,0.001199717392140086,0.001583148572945573,-0.00035558095712535866,-0.0013565500032222504,0.00206413896203508
2023-02-02,0.0038537017079288863,0.0012916392287111655,-0.004417059037654129,-0.0034368962119793595,0.0030809939573462363
2023-02-03,0.0033345040742967288,0.002448381413724394,-0.0020260968302101856,-0.0013834711078477137,0.004214002789250681
2023-02-06,0.004431796502559914,0.004344021869746077,0.002566481257402729,0.002444495426278492,0.003790171677360957
2023-02-07,-0.0011761922276184713,-0.001965163371751284,-0.0016899870694778631,-0.0021365352980559204,-0.0006704985953199297
2023-02-08,0.003069394627532685,0.0042577996572450314,-8.799213969607739e-05,0.0009526932861639204,0.0008429133005127514
2023-02-09,0.0018309329162835713,0.0005945338684264836,-0.0006815698229045591,-0.0014340545259362357,0.002159076745452701
2023-02-10,0.0012389990751172431,0.0015484351487995152,-0.0025370127933325923,-0.0017937312500364514,-0.0007522763097405211
2023-02-13,-0.00023301163372401427,-0.0008579881360032823,-0.001123434459740877,-0.0010892381602323005,-5.583550523465279e-06
2023-02-14,0.002260558840754514,0.004795812203958076,0.0005729193235919534,0.003611909946905197,-0.00017145264668690617
2023-02-15,-0.0002626037853068145,-0.0023450405216462176,-0.0010489934890011976,-0.002983714122316466,0.0014069190739066637
2023-02-16,0.0016966042785946142,0.0010155439040631568,0.004335792830163611,0.001375092603166546,0.004232382610265675
2023-02-17,0.0005024205480931433,0.0006283369859885293,-0.002829892845278932,-0.001721955525334897,-0.0007870922610173996
2023-02-20,-0.0008272248196015287,-0.0001207302232185661,5.3244138565520115e-05,-8.587852056036225e-05,-0.001031554606882579
2023-02-21,0.0021045340123188143,0.0038714279303989248,0.004516323476383864,0.005096328942337639,0.0024436863053857176
2023-02-22,-0.003183342332322628,-0.004825740069826856,-0.0028172035859304807,-0.0035823879622153528,-0.0020270016779291786
2023-02-23,0.0028673113770017,0.004008991182894651,0.00399396119045426,0.005120634261607776,0.002471315513904367
2023-02-24,-0.0010257698125054858,-0.0034344350732230205,-0.004031661701335104,-0.003528060767131262,-0.0004762462305668119
2023-02-27,0.0028978704786122144,0.003367451364044171,0.0021786871199859356,0.004494881401458614,0.0021918532253656746
2023-02-28,0.0006755215714303177,0.004173626577923904,0.0012794508730928338,0.00863680386800506,-0.0017615753569989409
2023-03-01,0.0021652071916815853,0.003995417976501955,0.002295950999476206,0.004897930202086051,0.0015842369664007478
2023-03-02,-0.0005425811549340286,-0.0018595022764840365,-0.0006490920971082324,-0.0029397776949047806,6.753246828368259e-05
2023-03-03,-0.0019476818297327573,-0.0035162698453665734,-0.002073028573745909,-0.0036874846249245205,-0.0016631321846817516
2023-03-06,-0.0005178105304754323,-0.00326819030294919,-0.005493034758324371,-0.0069600669249937994,0.0004222101638321628
2023-03-07,0.0029450907521083565,0.005298172568475856,0.005793252447013137,0.008054609962590496,0.0022255665393088086
2023-03-08,-0.0010394394978187143,0.00012328159620807384,-0.00037144343774257716,0.0014816109367550723,-0.0013366010093494932
2023-03-09,5.8593536164342944e-05,0.00014513652479464866,-0.0007021435957302762,-2.857248024297715e-05,0.0003556127696144163
2023-03-10,-0.0015494590075988274,0.00441122671114618,0.0027091651602478665,0.01052314260844062,-0.00424248003153832
2023-03-13,-0.000505260501510557,-0.0007337495141445465,-0.000888273377543251,-0.0013202665276356386,-0.0005608559365570447
2023-03-14,0.003777030738925885,0.0036545314260368945,0.002991458394141308,0.0028728302957305787,0.003965196039293826
2023-03-15,-0.00017773994277384304,0.0006211859137895499,0.0016040764732672102,0.0006419089613755613,-0.0006518230970808997
2023-03-16,0.0010514845794694725,0.005781680587648785,0.011888858168008935,0.009890086678169803,-0.0008006769305836103
2023-03-17,0.004036473870466472,0.002143827484875441,0.0005841062508757685,-3.46136818211969e-05,0.004805897588877272
2023-03-20,-0.0001475205127816283,-0.005643548066164055,-0.005639804618345864,-0.004890684417389963,0.001158714723588969
2023-03-21,0.000989731989693343,0.007616619937936039,0.00804611266326405,0.010401193691836213,-0.0005702424050973024
2023-03-22,-0.002135833779519471,0.011296641371877525,0.013572082588455154,0.016971087413877588,-0.005782133607000152
2023-03-23,-0.006312489557477143,-0.004922287360870041,-0.003503239793688346,-0.0038244649395869964,-0.007184829537577745
2023-03-24,-0.0033517185500701856,-0.0043334546446228755,-0.005234980234547678,-0.003567894576240946,-0.0031753879399383784
2023-03-27,0.0006357649440835865,-0.01866393253683489,-0.01797583607802226,-0.018267907343090528,0.0021349232993220506
2023-03-28,-0.0015168874102685715,0.0020515445220928084,0.0019788124796363054,0.002639110973477836,-0.0016521443382988728
2023-03-29,-0.0005125672981883141,-0.009812737477802563,-0.009991958072509695,-0.008701733569637323,0.0003751630155718112
2023-03-30,-0.00030515130221597103,0.020880425094188276,0.021054815228346242,0.017777624969429827,-0.002214848650121108
2023-03-31,-0.0008479087112064293,0.026611932120108945,0.026817758893569937,0.023967146481846127,-0.0036708639850184044
2023-04-03,0.0027220730201969433,0.014608999973465356,0.013765239600157301,0.010792707264551114,0.0014913731162510737
2023-04-04,0.0021248568327200575,0.013657526195728477,0.012456588219058814,0.011900475262605495,0.0018432863061019031
2023-04-06,-0.00042233821620282856,-0.001169611310376202,-0.0006837627584136603,-0.0007261049114127228,-0.00017094335798751458
2023-04-07,0.005979484867637013,-0.025513074255005763,-0.02265888364699393,-0.018763866635827464,0.008391850727410171
2023-04-10,0.002453204905175057,0.0023254407199035576,0.002784228554635126,0.003634583282300482,0.0027737600812274186
2023-04-11,-0.0009631275812015429,0.021614844765559728,0.018736511071495206,0.014007619943569083,-0.0025801041923613245
2023-04-12,0.0015997748511332706,-0.0238549897712607,-0.021917464594668763,-0.016492224618850176,0.0035965364509029543
2023-04-13,0.0007574054935428999,0.0075759511452064224,0.006626279216320323,0.006457486366204888,0.0007655944876548596
2023-04-14,-0.0024453882082371577,-0.013486376502842196,-0.012150270799572427,-0.010106398870470754,-0.00244223602221777
2023-04-17,-0.0009803065159999997,0.00134693278155851,0.00018083906119884538,4.006535950079517e-05,-0.0010505432359122116
2023-04-18,0.0039058325643754853,0.005385916481632783,0.004990851878695444,0.005025135553368736,0.00376468498513419
2023-04-19,0.002031894795891786,0.020269158743247757,0.0212671687059572,0.022490087454714827,-0.0014356457398060612
2023-04-20,0.0022420797260599003,-0.011833849688362609,-0.010485223962828003,-0.011944367759362908,0.0026119267085605124
2023-04-21,0.0011621275935239288,0.006816196285833673,0.006276078281496211,0.00670775835500074,0.00013651204983028062
2023-04-24,0.002523892852811614,-0.008040395492623066,-0.007258731066891888,-0.007265109853382905,-0.0004250549041348174
2023-04-25,0.0055875590305182994,0.004079956192239958,0.008217592214324568,0.006272860534719251,0.009004704713920916
2023-04-26,0.004616192681066699,-0.008150076734670463,-0.00257578103518566,-0.004652745067159422,0.0040693879093871765
2023-04-27,0.0017531529148803572,0.011331261671341804,0.0069003602548050715,0.010485706002980415,0.0011041392298789016
2023-04-28,0.002027854511425414,-0.014485848629398997,-0.012530206374935094,-0.015006347187841699,-0.001577351265083945
2023-05-04,-0.0006385552951116575,-0.008486636575859843,-0.007345667010981328,-0.008679971387360565,-0.0013697264011411278
2023-05-05,0.0006206105197355,0.0030661421490064088,-0.002345212460085586,0.0026395913225116295,-0.002294735795621291
2023-05-08,-0.0021008099539451285,-0.00231527143970974,-0.0013667645136950103,-0.002409462091795463,-0.0018835507236614928
2023-05-09,0.002681951725296743,0.0038389444020467184,0.008144285587591072,0.004142651251040658,0.00574628021545721
2023-05-10,0.0026574603520517852,0.003142276129135404,0.005958689348067248,0.003291678232898234,0.004127614139999828
2023-05-11,0.0008219989727156144,-0.0015861540266806488,-0.0005037205164600422,-4.397693557459836e-05,0.0004703645562824374
2023-05-12,-0.005324927163896943,-0.004842620591888558,-0.002931174022807137,-0.004652684525284667,-0.004190246755060401
2023-05-15,0.0017001906922374855,-0.0006617778243857081,0.0029051552246086992,0.0018254960805459714,0.002479382140347413
2023-05-16,-0.0008670005002674001,0.0018971651152559156,-0.0008735327834888577,-0.0011297075475452864,-0.00019507767448915202
2023-05-17,-0.004153061485923714,0.00019002135172829088,-0.006925654439811212,-0.005680320397392371,-0.00461365519109589
2023-05-18,-0.0016116721571211,-0.0034514217185386605,-0.0009241150000683679,-0.00246940677874376,0.0003183151006652769
2023-05-19,0.0054830167371804715,0.004851907059082084,0.009322785620470054,0.009042438325849821,0.005691763399601961
2023-05-22,0.0013568393481629144,0.0010553442278629745,0.002181365024370398,0.0011361428375384485,0.0023503152438436557
2023-05-23,-0.0008760239013209141,-0.0033516472202572154,-0.001174062654427215,-0.0025733408834502265,0.0008170177912531589
2023-05-24,-0.0037306192204958856,-0.005588637293943392,-0.005099869881157312,-0.005091486589721444,-0.00358398188216538
2023-05-25,-0.0021466993526591993,-0.005629490208952038,-0.0037726201226511375,-0.003707145032583183,-0.0017838313671347276
2023-05-26,8.186702519611452e-05,-0.0023734363990660238,-0.0028765152535850428,-0.001387324001263607,-0.0012107805447664766
2023-05-29,-0.009463858323890085,-0.01989301590668211,-0.013338773956125316,-0.019550014860381826,-0.009667257798014797
2023-05-30,0.00035529958313711444,-0.00104716764197001,-0.0014821405755476938,-0.0016857002327513527,0.00043061453134221324
2023-05-31,-0.0034882469316999715,-0.007433337366644108,-0.004986808746636043,-0.006565294813849512,-0.0032950960834030028
2023-06-01,0.0037722184678814132,0.005790096496591892,0.006697703088922681,0.007070883786450905,0.005593950660851735
2023-06-02,-0.0012777906681962002,-0.0053770122661946345,-0.004238787705286458,-0.005024669148398009,-0.0023665231987192122
2023-06-05,-0.000911386386987529,0.00023924688588938242,0.002229662915276029,0.002388962859240979,-0.000652836867439712
2023-06-06,-0.0003355485141471287,-0.0009760117000604337,-0.0018807156813224974,-0.0016578714443222116,-0.0011566836857208756
2023-06-07,-0.0011692193246676142,0.00022987157551267214,-0.0020832809866386435,0.0017206296533855156,-0.0018877081317833508
2023-06-08,0.002514775508602314,0.001015041670620929,0.005440554762184198,-2.933941118740102e-06,0.0027685088888757363
2023-06-09,4.957153359728874e-06,0.0008141020464389261,0.003959122051189518,0.0013385437800694667,0.0021009570650154267
2023-06-12,-0.0013930590758488425,0.0003266393780546721,0.0041818755561402465,0.0019964532380551945,-0.001241397971325764
2023-06-13,-0.002717603946211286,3.521977334154983e-05,-0.0015384016117760946,-0.0008526076336014099,-0.002721289015982537
2023-06-14,-0.0025077502337592086,-0.006938043395730439,-0.007272666110528212,-0.006992757525514719,-0.0010119564598954638
2023-06-15,-0.0075673281369824565,-0.003317323755799709,-0.0037694146257751344,-0.004634974187685817,-0.0075754497815536835
2023-06-16,-0.0038681025218835706,0.002719809198465461,0.0008344402309183631,0.0008458672424262585,-0.0034628945245338636
2023-06-19,-0.004929337914046856,0.0010904454281342423,-0.006762851017650488,0.0019328701124016324,-0.006128072275436844
2023-06-20,0.008307772260876457,-0.005817744690129136,0.006019281617965838,-0.0073611074432790935,0.008296164278965793
2023-06-21,0.00262698977324647,-0.006884262334222395,-0.0017712672321553633,-0.0114981377509879,0.0034990123812109024
2023-06-26,0.0023022514459412713,-0.00303895020233445,0.0021466593809616576,-0.0005589239998108748,0.002206879508390608
2023-06-27,0.0021537060696770146,-0.005991156483425851,-0.004040992561013896,-0.008741576017523501,0.0012686434182121779
2023-06-28,0.0011962906380946286,0.0131312268972723,0.006249774231312415,0.010739233714635428,0.0012601988314917135
2023-06-29,0.0021172457688022426,0.0036033239346217006,0.005425898983473362,0.0034286001122223516,0.003438301552490407
2023-06-30,0.0013521976658435564,-0.01554808155174885,-0.003813649789103445,-0.009914647618352703,0.0012262353101739655
2023-07-03,-0.0009636630324802427,0.004569343422684575,0.0036338660814210343,0.004931636639313901,0.00041463861531023896
2023-07-04,0.0028487093636157855,-0.0022729054860323753,-0.00042604985643680257,-0.0014090098595208572,0.0024267604422535086
2023-07-05,-0.002127164005019843,0.006154983131133176,0.0010740829210977702,0.0004523458345545848,-0.0016947512337131855
2023-07-06,0.004704705705389286,-0.0034853932710825755,0.0019173062922125726,-0.00046767762112632014,0.003612687687409917
2023-07-07,0.003879407008771429,-0.00281301763239515,0.0032229861922619288,0.004089346708459061,0.004642902953863696
2023-07-10,-0.0003269022397659428,0.005253616100899425,0.0003814622343201221,0.001927139775006941,-2.5391162385748987e-05
2023-07-11,0.004818359902247228,-0.012023396522208199,-0.004561137443926196,-0.0024341155581542907,0.002627823849091982
2023-07-12,-0.006697430102144001,-0.0040496755175254,-0.002666292629778014,-0.004895960745025255,-0.006310711501856528
2023-07-13,-0.005400674345447414,0.0039650412074369,-0.00029546040280214493,-0.0026794568587821415,-0.004372740870143676
2023-07-14,-4.6023556818499854e-05,0.00379108092896105,7.467980495528398e-06,-0.00024536791479895883,0.0003717563019780474
2023-07-17,0.0042528020822471,-0.0012213826667698,0.0036557838390674016,0.0043701265796164115,0.004299653332471795
2023-07-18,0.0003033307548545576,-0.0015039876544184999,-0.001340069565445745,-0.0011447862169270085,-9.21407172448093e-05
2023-07-19,0.009704832412195814,-0.013793436694963225,0.0035709563985552037,0.00670883695362078,0.008229956812740311
2023-07-20,0.002273289491543028,-0.00505180627452775,-0.0007400851435260753,0.00048231933205752697,0.0015157843907459706
2023-07-21,-0.002009220313628757,0.0038900800153625252,6.716834432633854e-05,-0.0020999658870274997,-0.001255106880098927
2023-07-24,-0.0030406349953400573,-0.007965364337773721,-0.0026465801944737344,-0.0027856693922654525,-0.0036626040355498893
2023-07-25,0.0041078113135286426,-0.0036251226672256564,0.00036266148678388405,0.00184528567957128,0.003312198904429078
2023-07-26,0.00043966885605288547,-0.004192535755317725,-0.001851970098501883,-0.0013981652314242685,-0.00044233752198235817
2023-07-27,-0.003687172418640614,-0.011177202487560316,-0.010632172233143665,-0.008951676352665786,-0.004746449559852713
2023-07-28,0.0005660719467456715,0.0006188378096935092,0.0022289394414986515,0.0019614230025159943,0.0006821287031109167
2023-07-31,0.002381347612668829,0.005760570400398488,0.00847542667316363,0.004674746429194113,0.0029727620138651698
2023-08-01,0.0002614361507388142,0.0020466371520995877,8.237231771744747e-05,-0.0005392800245226817,0.0010127501783045428
2023-08-02,-1.163166942028766e-06,-0.0031005979874983297,-0.004463498603676406,-0.0009498332413277924,-0.00046955810966141614
2023-08-03,-0.006213573899216115,-0.0010084459852137955,-0.0020810859945030982,-0.004577257139553378,-0.0046552423821312715
2023-08-04,-0.0009274106858878002,0.0009549799821349681,-0.001505442332364456,-0.0022987933228155923,-0.0007478136692816446
2023-08-07,0.0005855064805174947,0.0015382558261155023,0.002126912775758252,0.002907004907336535,0.0004521310132117654
2023-08-08,0.0067947510686488435,0.005957922303849247,0.008845390535910994,0.010232873997888232,0.005510760066311059
2023-08-09,0.000818632547410057,0.002108778781853838,0.001664439149650145,0.0019353138821795084,0.0012870629550868445
2023-08-10,9.62234165743502e-06,0.0005806178091991314,0.0013558871113723914,0.0011488099138880856,-0.00020362603665337417
2023-08-11,-0.004991175038714515,-0.004062792631657844,-0.005038883958547745,-0.006698651070076165,-0.0037642040751521013
2023-08-14,0.00031310641054509993,0.0010797706463740494,-0.0011355052826610551,0.0020915988720933724,-0.00042014987669328826
2023-08-15,0.0038398489550767424,0.0074936429019659585,0.0030077350376439076,0.01008145340385705,0.002744131911781975
2023-08-16,-0.00035660471699899983,-0.001738846017545604,0.0006445357520076895,-0.0025247576906505488,4.723856057846457e-05
2023-08-17,0.0044074844619429576,0.008756726456935744,0.004573263309586304,0.011508171786678506,0.003200481348160658
2023-08-18,-0.0007904737565685287,-0.0015713027791329046,-0.0003048015809457959,-0.002392246550435259,-0.0005548047507933511
2023-08-21,-0.005726512627106729,-0.017217547037943884,-0.012258301741251821,-0.014428335310545118,-0.004704238450800867
2023-08-22,0.005494841105434529,0.010576377326148424,0.005432241555443146,0.008793818893115654,0.004088578715573382
2023-08-23,-0.0006598199523492425,-0.0003795389999609433,0.003274027999781872,6.866696230079135e-05,0.0003096127109741172
2023-08-24,0.006394386893406499,0.012523987964375937,0.004510392780442001,0.007826970674525768,0.003923548451508125
2023-08-25,-0.0033541395809902285,-0.004642205595027364,-0.004210953026767318,-0.005600203853660968,-0.0034619102416316213
2023-08-28,-0.0006245613656635719,-0.004012098955508802,0.0010722544497580682,-0.0003275523218543037,0.0015597575547182819
2023-08-29,-0.003327671717696957,-0.00706671861203144,-0.0033001919413967375,-0.004243237818075193,-0.0016443825671578081
2023-08-30,-0.001143345395450914,-0.0020515029918144437,-0.000574457336096568,-0.0010511588847143473,-0.0007741390761313264
2023-08-31,0.002937963959159314,0.0058074042714980805,0.003724842766194709,0.005396746020790387,0.0017513254764252592
2023-09-01,-0.0030547315089940147,-0.0016109208164311623,-0.002594132522064086,-0.002185241009325654,-0.003296684947881484
2023-09-04,0.0037887926036125857,0.003947398528604722,0.005789067409399644,0.005366396216716201,0.003263318148527463
2023-09-05,-0.0023684685552482288,-0.005118403490844383,-0.0020878273801582677,-0.0033044048782223108,-0.0019397629265049936
2023-09-06,0.004792303699463715,0.007805580880643241,0.004639185967062337,0.006330616807836123,0.003903227347653627
2023-09-07,0.0023695222358269853,0.0006261161379785085,0.0008709638837082124,0.001040848401033917,0.002896619483803505
2023-09-08,-0.0037357943065287284,-0.0012099301738166756,-0.0011159094678821664,-0.0024291609532392615,-0.0029041957994175804
2023-09-11,8.699188267699142e-05,0.0019067792571613419,0.0018195612402552095,0.0011310162567985354,-0.00026516191625608997
2023-09-12,0.007420782909050657,0.009449208150737763,0.008940731210868136,0.009428735784143714,0.006446117284655662
2023-09-13,0.0031119513756041567,-0.001834201779663334,0.002175287159765851,0.0020314721150056607,0.0027168915578598403
2023-09-14,0.004444006198512828,0.003500855882486277,0.003211344491006906,0.003650711937199307,0.004541093532730802
2023-09-15,0.0008370117856752146,0.0007790095575334892,0.0012113547766489077,0.002296676597307137,3.210071067266722e-05
2023-09-18,-0.0003832595393970519,-0.007624579120929594,-0.0038619557852986666,-0.0033886443654788214,-0.0006894091952152827
2023-09-19,-0.0009913105785819777,-0.004246052263491549,-0.0024202709142931754,-0.002457782056856154,-0.0013699250977450793
2023-09-20,-0.001445091928363457,-0.0007715358997004863,-0.0008586888956597788,-0.0014845605012715818,-0.0010808008078125333
2023-09-21,-0.014591895489558542,0.009133963332532458,-0.008214162527406834,-0.008412246085941738,-0.013338575427760029
2023-09-22,0.005520824682241871,0.007436647838360991,0.006248231758410359,0.006613061852617282,0.00531936907966578
2023-09-25,-0.006572885214084014,-0.00815690953946493,-0.008616093244794912,-0.010200735329420606,-0.006036920157345004
2023-09-26,-0.00020412465448275702,0.0024655918181639585,0.002465436543112683,0.003187306984730151,-0.0002472276465851017
2023-09-27,-0.0010152355004491285,-0.0014658107066791656,-0.0006769437104500763,-0.0015946118984854517,-0.0002746032042088856
2023-09-28,-0.0001991978337333999,-0.0020750275959525956,-0.0017256516799102834,-0.0016789516214900503,-0.00022809359897099426
2023-10-09,0.0009901656285602714,-0.0005373443678809386,0.001107810293640878,0.0004988192709449789,0.001490845489222197
2023-10-10,-0.007251727386751129,-0.008762796891847002,-0.007495712695327828,-0.007713276617159584,-0.007094333697201104
2023-10-11,0.0032337845006769855,0.0074662935561640225,0.006933744576112473,0.007261570798640513,0.002783814961474314
2023-10-12,0.004155159253633628,-0.003635327949903947,-0.00039448296793148413,-0.0011242750036328482,0.0040084863276723445
2023-10-13,0.005108092604148786,0.003866655963647066,0.0019649477963820396,0.0016836098410383223,0.005093442985148266
2023-10-16,-0.00011169443554527136,-0.002374806840694167,-0.0030329999097949718,-0.0029975599077029956,-3.290135993840016e-05
2023-10-17,0.0017057407514463004,-0.004798509447630965,-0.0042449945194688605,-0.0038465234049489404,0.0011450830200960915
2023-10-18,-0.0007633470572848433,0.006668303252877091,0.005840387505680724,0.0063926785957595855,1.7655651658468174e-05
2023-10-19,0.004347948101425911,0.005643551855125915,0.00715244045638356,0.0067405546426885735,0.003960762429498333
2023-10-20,0.0013009746761321857,-0.006429396876210298,-0.007166831556858715,-0.007476513015294632,0.0004860172229137153
2023-10-23,0.0053426793530663855,0.006169797468269215,0.007082476086750993,0.0065392502977771275,0.005864887928145696
2023-10-24,0.0030623967234554854,0.0037389281689506485,0.004771120692742508,0.004482754571950898,0.0034535306429293016
2023-10-25,0.00013539727147501433,0.0006698074427543043,0.0022533164592774867,0.0030965508777694726,0.00010667590261377966
2023-10-26,-0.0003009288303719715,0.0010945840191083612,0.002784771376755065,-0.00025807399877124815,1.0119167591653502e-05
2023-10-27,-0.004629527253159642,-0.004964348826623553,-0.00694669079523888,-0.008282016556495492,-0.004503383263460336
2023-10-30,0.0023861622556565995,0.0016020227429720685,0.0030821586308570105,0.0028791068344415117,0.002262800070764002
2023-10-31,0.0005198127581125278,-0.0004966897317709779,0.0010592383412313822,0.000896615452257602,0.0004234201133792618
2023-11-01,0.00042926034238207104,-0.00038246396139017536,0.0022618987150014357,0.0021015686645618928,5.443606887897245e-05
2023-11-02,-0.005106136826405129,-0.00497231259099409,-0.006149301551699947,-0.00616589231749936,-0.004606763951435786
2023-11-03,-0.0074197769879802145,-0.00625548655897724,-0.00942277354330506,-0.008846459994971047,-0.00709120765074904
2023-11-06,-0.006829512476566185,-0.008180143222651686,-0.008442266406092708,-0.009153102473134594,-0.006618338754004883
2023-11-07,-0.001708168958728229,-0.0012840099132395766,-0.0021573731295820905,-0.0026399172917540314,-0.0015625747631825696
2023-11-08,-0.0014369765873065003,-0.00055278666612411,-0.0009587087084287431,-0.00031934821563140987,-0.0010495034963462337
2023-11-09,0.003779669198029514,0.003205690086565257,0.0031317374756453806,0.002444894505834683,0.0036931686082380824
2023-11-10,-0.003278260071834514,-0.004819454053779951,-0.0054169762373928515,-0.0058395718337592726,-0.0030062711312597297
2023-11-13,-0.00010422403062299994,-0.0021052182822676076,-0.00039117503664527086,-0.001973015905207909,-0.0001420024037502483
2023-11-14,-0.00014453941633268573,0.0038828240771563082,0.0015411479493437099,0.002841326459158049,0.0002398290056026478
2023-11-15,0.0018228830484681,-0.0011888333256001942,7.553139119181353e-05,-0.00029181368691859094,0.0017469298688699442
2023-11-16,-0.001285436160365257,-0.002154359722021999,-0.0014449174059278517,-0.0034005677647180998,-0.0011030824446681153
2023-11-17,0.00019635415470409983,0.0004989740104052731,-6.925926577252986e-05,0.0011475764062926549,0.00012096290755827458
2023-11-20,-0.00025200568983752827,-0.001018825651519789,-0.0004310935232730898,-0.001995922358731733,-0.0002780808688808657
2023-11-21,0.0010784045740761285,-0.004012581708671711,-0.0027308152288371863,-0.003567107613886577,0.0006120795696011102
2023-11-22,0.0012105834201924857,0.002728872162876173,0.0023138565251876577,0.0022028034799484075,0.0014872881557913143
2023-11-23,0.00045349211574289997,-0.00484855203805477,-0.003881986627675687,-0.0051745061037318475,-9.482126066813286e-05
2023-11-24,0.0012784471371413571,-0.0032843388151372233,-0.0019629826254296033,-0.0020092609029689823,0.0011795280132795188
2023-11-27,0.0004139057264349713,0.000782698877655204,0.0007097253268018651,0.0007671765998746228,0.000355848886987209
2023-11-28,0.0012084064173300574,-0.003398614096488537,-0.003060994703555855,-0.0019961737530617956,0.000850346223257394
2023-11-29,-0.0003337660468747856,-0.004949349502486584,-0.003978679550079547,-0.003963410470599504,-0.0009953850492676816
2023-11-30,-0.0011406111822975288,0.0056739373485752715,0.0014039077605812276,0.004573117057571387,-0.0008994425358602265
2023-12-01,0.001251860967745329,-0.001973167057126172,-0.0028515950765191063,-0.00041991903661500914,0.0007087997301245205
2023-12-04,0.0037738659691089853,0.001673034228148227,0.0022614007092214626,0.001997476848427505,0.0034365530232456274
2023-12-05,-0.0020337296731878715,0.0016106570973976144,0.0010145087212432532,0.0011938562379591885,-0.0017394110090434745
2023-12-06,-0.002617046830907086,-0.0018492344686012025,-0.003249295041873225,-0.0020041689201979987,-0.002802369444071735
2023-12-07,-0.005772651429759343,-0.0017706763012164935,-0.003940876159156371,-0.002626345505052724,-0.006053485375020016
2023-12-08,0.0008791939115347715,0.0024551489302387175,0.0017922684886880688,0.0017369923846970255,0.0007822374924248439
2023-12-11,0.0006115654120265857,-0.0032212757459955466,-0.0037434710005342844,-0.0034192448215288294,0.0005147634605323123
2023-12-12,0.0035827448609543856,0.0067131159201947194,0.006475853668641557,0.007088089430216509,0.0032516060828967925
2023-12-13,0.00038287686883357137,1.428722778040117e-05,-0.0001894688856987647,0.0001045856958127934,0.00043619395772425177
2023-12-14,-0.0007290746700308432,-0.003961808647644604,-0.003861429919018838,-0.004505488996064726,-0.0004197285281739944
2023-12-15,-0.0011242009928343142,-0.0010618078157576365,-0.0012201108134522786,-0.0010320257199207797,-0.001968459196238939
2023-12-18,-0.0002969923215008286,0.0026032908109055474,0.0019398291153964308,0.0014792084723498663,-0.0003620715250383722
2023-12-19,0.0020805011750539143,-0.0025845509141479866,-0.0024023393959676795,-0.0012098194750234871,0.0019725160740738136
2023-12-20,-0.0031090045168169424,-0.0051402722708130295,-0.0020718020981847123,-0.003265830874412092,-0.0029649201815430187
2023-12-21,1.4908894828242862e-05,-0.010069003336987651,-0.006415304617571306,-0.00593325506244157,-5.011008870298671e-05
2023-12-22,-0.0018187064672327146,-0.004589921191737235,-0.0032239433140627835,-0.003518428791908664,-0.0018581040686680974
2023-12-25,0.0011424957483893,0.0005823050892911475,-0.0008025731579236555,-0.002164986597330535,0.0006915806482222361
2023-12-26,0.0024631294321524996,0.0033567456356801187,0.002827365623575786,0.003633243747499143,0.0027366717742864427
2023-12-27,-0.004951061415993558,-0.02927617374384351,-0.010824608278223232,-0.019369216518362403,-0.0041755971419746634
2023-12-28,0.002342933933035771,0.008669236069407053,0.005981369060206598,0.008308213184443606,0.002456340365857873
2023-12-29,0.01002880290581157,0.007787727784456973,0.007330701748417071,0.009123351258292701,0.010293278583278734
2024-01-02,0.0024239558100416715,0.0018719330598122891,0.00053266709838439,0.0013108191327349554,0.002017749062747843
2024-01-03,0.0019711884016178575,0.005724338071322637,0.0017556746925567108,0.003701729689591219,0.0013773393536666793
2024-01-04,0.0021430567990299147,0.0015126256370680926,-0.0007235331791607094,0.0004961676414645723,0.0010909188093204188
2024-01-05,-5.275616169071176e-06,0.005165390068769923,-0.0013774406231849795,0.0009636964759817241,-0.001253709593688792
2024-01-08,0.0012727861450222283,0.000549914948438722,0.001017535989342873,0.0015079311852799731,0.0010813776651953592
2024-01-09,0.0023798165654135995,0.001243896974075346,5.9987153808065846e-05,0.001347732720706982,0.0023873652802424684
2024-01-10,-0.0023837495952895712,-0.006392291604260739,-0.0006461195719610338,-0.0014820220620014749,-0.0016869624349859923
2024-01-11,0.0054248235587514996,0.00770840005199842,0.005007596249995646,0.005697534229797944,0.005297422754393801
2024-01-12,0.0014263208996758425,0.0040005705607404195,0.0018850252175149356,0.0018341378530617749,0.001235791431450829
2024-01-15,-5.841551534321448e-05,0.003161397885115199,0.00017397060489972906,0.0021242748858312363,-0.0009112893322422135
2024-01-16,0.0017084092130692718,0.00792622985396858,0.0013028151192016652,0.0026440570242891597,0.0010419845217019318
2024-01-17,-0.010198811722011399,-0.01925104900192436,-0.014793069391502255,-0.015543104692839945,-0.010619426512553405
2024-01-18,-0.0014692256857969572,0.0018391302632907185,0.0019964052639215744,0.0013986096850778977,-0.0016510243709148952
2024-01-19,-0.005980643841540414,0.004861263148822686,-0.007479625345307209,-0.0026967257283473153,-0.00880375323520248
2024-01-22,-0.00035893925085022906,-0.013309515477025878,-0.00786279874145689,-0.011860946831798723,0.001203156572935016
2024-01-23,0.002260781866130542,0.017675253276887966,0.0057970712178381355,0.007863065174437935,0.0015530327145884845
2024-01-24,-0.0036885733855414994,-0.001616912781264258,-0.002006583377401852,-0.0008107342067878681,-0.003403720678866234
2024-01-25,0.004546193454605442,0.021451511524019265,0.01026500295423895,0.015339556711956588,0.0027600943531100822
2024-01-26,0.0011463814049250723,0.02508553305452026,0.00902622542244476,0.016088849110672338,-0.0011862337122846827
2024-01-29,-0.001386892803534386,0.009522401963131186,0.006506592959475345,0.008164941810966362,-0.0026472772036771138
2024-01-30,0.003397319567957342,0.0246624908552151,0.017854974139895674,0.02017488024623281,0.001544639233536222
2024-01-31,-0.002001016250086585,-0.016578672303221402,-0.012638861915657912,-0.015015835437509693,-0.001096757085552101
2024-02-01,0.001377627192824386,0.0258537975454049,0.01902388091331849,0.02206791175353725,-0.000729997064405674
2024-02-02,-0.0025013351111786595,0.033342298484576656,0.021711392797566998,0.025746182688297405,-0.005943622593773763
2024-02-05,-0.0022498433330030987,-0.029104508814257874,-0.03400782656193591,-0.04013275428462546,0.0010897190518426017
2024-02-06,-0.0009375343741814283,-0.013474441807943752,-0.014622247890299065,-0.017451819641104663,0.0018092542883183828
2024-02-07,-0.004820522174624386,-0.018395973705522276,-0.021141972001630375,-0.02454799747380275,-0.0021890459142251176
2024-02-08,-0.0028796245619698273,-0.006548751094740455,-0.005551370553973021,-0.007026062574544872,-0.004080382306013706
2024-02-19,0.005354301688454072,0.008662612740098068,0.007324415133356536,0.007376044087374458,0.004474217796239535
2024-02-20,0.0017068422549839,0.0009695092316089695,-0.0006664949940087973,-0.008247752639920046,0.0020178705742537884
2024-02-21,-0.0063754634426174,-0.009555746345617637,-0.008378983356302858,-0.0057375547220038375,-0.0053194676675529014
2024-02-22,-0.0047812867999633855,-0.008484681813263433,-0.00895835316354919,-0.010557126187045088,-0.0036594840533048867
2024-02-23,-0.002761767767460285,-0.012130693634524481,-0.013659764207277178,-0.01615550621645132,-0.0009699293361506273
2024-02-26,-0.01189307140279227,-0.023394369058184296,-0.017674249132785775,-0.020272769116472418,-0.011197145466712155
2024-02-27,0.008237692097451916,0.014247784457921976,0.00887149904888688,0.01170209758790865,0.007659784547572001
2024-02-28,-0.00980059831084377,-0.021081156517146482,-0.01697696859042578,-0.01878497718596442,-0.008335681775045688
2024-02-29,-0.00743492988008707,-0.009619291423108505,-0.005808637346990301,-0.009408799422733191,-0.00872637434262166
2024-03-01,-0.0016999471666709716,-0.0022144099917291273,0.005997404435539115,0.005425012725058886,-0.0029150907980105183
2024-03-04,0.0018621564390881996,0.008411124239615009,0.0005940868797146284,-0.00230848907146559,0.0007059882667644923
2024-03-05,0.002579678827807314,0.0018127943553722825,0.0031862727042741568,0.00309724180629831,0.003026733979231531
2024-03-06,0.005096115870784213,0.010476951506588885,0.007165953371318684,0.0037945040782903718,0.004755374272264756
2024-03-07,-0.0007699932448057148,-0.0052193070392630315,2.5903077956428502e-05,0.0010697741855155967,-0.0012389596481201272
2024-03-08,0.0036367195827707566,-0.0037444359227343112,-0.0034925785912010496,0.00018912553868059064,0.003465413139739523
2024-03-11,0.0009796687658309563,-0.001740020377112762,-0.0012828971034199287,0.005909224344612651,0.002007895716229546
2024-03-12,0.0012718062424227996,0.0034420538004631303,0.001948435206925908,0.0023271385260495254,0.0018615820870775742
2024-03-13,0.0008906166395515717,-0.0005299226506053272,0.002146459337901411,-0.0012736231654006396,0.00034867774098354355
2024-03-14,0.002396905217538557,0.00569718641045759,0.002050842004495338,0.0013918079922610872,0.001877358367166258
2024-03-15,-0.000881836471377386,0.0008767643872340301,-0.0005412559974653203,0.0012296007074540578,-0.0004269328175658376
2024-03-18,0.0006597307920853572,0.00010446605554339914,0.0009391814138931177,0.0011593843368413394,0.001047662643627493
2024-03-19,-0.0012087862201192855,-0.0010064958045611246,-0.0011908605781004037,-0.0009484557629886286,-0.0009655380651363557
2024-03-20,-0.004115068307976271,-0.0030350699543099198,-0.005354051917941992,-0.005311817267214716,-0.004363211608923894
2024-03-21,-0.003221536230488071,-0.001872506333320402,-0.00546701423213908,-0.007019104397497554,-0.004059065435397933
2024-03-22,0.0024149272709948566,-0.0024120157068457364,0.0006067390335440612,-0.0016147883926300476,0.0024970717938393155
2024-03-25,0.0037146598690052284,-0.005221546039954278,-0.00022224958603141146,-0.0008640783191440761,0.00501291295635732
2024-03-26,-0.0013778565464995438,-0.013382400657797364,-0.012597566089823882,-0.010937996400043384,-0.0012886915140864052
2024-03-27,0.001979610926779228,0.013625902589298914,0.012223210739079268,0.011660320997489478,0.000823505114201708
2024-03-28,0.002002025556795543,0.00026709639427063045,-0.0014467619134570398,-0.00021611366095777482,0.0023463609586525866
2024-03-29,0.00038090284018458566,0.0045012027952879684,0.005436593136926532,0.004624072719900042,-0.00018841823932427056
2024-04-01,0.0022501930422075857,-0.000520954369000397,-0.000714814540429895,3.635310123121659e-05,0.002676969328990154
2024-04-02,0.00024493311260342834,-0.0018824324882673374,-0.0031704184874763418,-0.0023970611983219602,0.0004373931845210407
2024-04-03,-0.0014782735832067286,0.0005935679592245313,-0.0007931391654557622,0.0025761281302340375,-0.0027147621494901554
2024-04-08,0.002043813534688372,0.0003136652097188268,0.0045368555961523924,0.003515451533994497,0.0035827077824826027
2024-04-09,-0.0012315344820284578,0.0009480431319864438,-0.003650272321911015,-0.001636040490526019,-0.0018153468541294302
2024-04-10,-7.942038268631425e-05,0.0013531835070833224,-2.5375394588855846e-05,0.00014215323534986517,-0.0007169753034491203
2024-04-11,0.0003862785425724144,0.005473123474322182,0.0025248860714000877,0.004347563083596278,6.635861863672505e-06
2024-04-12,0.004897576223716071,0.0035765422961497903,0.0045102212037109995,0.0034574668521625963,0.004700472879440402
2024-04-15,-0.0036419257583294564,-0.0009748152287529933,-0.0057712493319947945,-0.0027064551231792823,-0.0048946598697302895
2024-04-16,0.0009521750672744574,-0.00452573414279447,-0.0008667270688764116,-0.00266854414783246,0.0016717246746732347
2024-04-17,0.0010337074353343422,4.119493736396383e-05,0.00039407605642888385,0.0006417348135238452,0.00136867827460384
2024-04-18,0.002654256658690957,0.012177226545836455,0.008968467398738147,0.01033157601369207,0.0023270390601702624
2024-04-19,0.001429009031778171,-0.00462378396201305,-0.0037301802641069117,-0.003181944440245568,0.0032181304982372588
2024-04-22,-0.0001622418919230424,-0.0069160535478528015,-0.004778068816558604,-0.0065380372647660875,0.0011600750973598188
2024-04-23,-0.0004753158071622286,-0.0015759705956559684,-0.00026136800153867684,-0.0022804111044337286,-0.0007155220063168178
2024-04-24,0.0012883696294134,0.0023544104639403158,0.0009831493669397436,0.002485964698722127,0.0012108009933662785
2024-04-25,-0.004472177687435771,-0.016441293695683284,-0.0109531186899326,-0.016956344014977358,-0.004636180478230717
2024-04-26,-0.005164720805054941,-0.019305892997056658,-0.014622785984062126,-0.018619710889565714,-0.0036013765211268733
2024-04-29,0.0041463029233655135,0.00921928741778232,0.009141742591652735,0.009405361500948718,0.0036929354749814926
2024-04-30,0.00044800578626361435,-0.0030175161815872743,-0.002339282102380928,-0.0034534063001323678,0.0008848194079154213
2024-05-06,0.0010142732307506285,0.0013831565693231426,0.0015324765048402062,0.00017656508736675007,0.0018818651788244378
2024-05-07,0.002067614189355043,0.007204738735189643,0.005384566275065976,0.008132655528630454,0.001605550083389168
2024-05-08,0.002162388604500271,-0.0008048598784060154,-0.0004514302267967361,-0.0008923554560929416,0.003271230848247136
2024-05-09,-0.0022325608411316858,0.0035093574465315564,0.0019974972734285853,0.0012077899213441313,-0.0012240174449246156
2024-05-10,0.0005774831784704577,0.005185033034791979,0.004908160043931863,0.003496853233853364,0.00019281730488509332
2024-05-13,0.0004769497888830857,0.00016870412460129176,0.00043245541860444103,0.0006188745733713637,0.000471039405828938
2024-05-14,-0.0002751953622319999,-0.00038443873992755306,-0.0007741594805080875,-0.00047771028397989077,-0.0008524158999271597
2024-05-15,0.002047167198864457,0.0006096454824255426,0.0005357102490926387,0.0007902957227188227,0.0017572537084963394
2024-05-16,0.002037826959692828,0.0011937190519946035,0.00039263999781309037,0.0019799278113679904,0.00221870741885424
2024-05-17,0.0010310932999615713,0.0003547721365792563,0.0013439027168969855,0.00040529192263786813,0.0005033340442141855
2024-05-20,0.0012475159599925993,0.0021552280058407458,0.0014109238221159195,0.0030679902227034816,0.001470583310146672
2024-05-21,0.0031528476430342143,0.00890015498058225,0.007382530995564733,0.010833386188012242,0.0034175269514195904
2024-05-22,-0.0005006469695432004,-0.001575147677279272,-0.0014729129151776774,-0.0013956275131330137,-0.00036041619360202136
2024-05-23,0.002168522409951514,0.005711047857837689,0.004559793144614916,0.007122000444900495,0.0028601910575227533
2024-05-24,-0.0007976691607221999,-0.002973281378841574,-0.0024651604992202312,-0.004795080578345164,-0.0006490709563213115
2024-05-27,0.00037941534745772847,-0.0007882988482370444,-0.000959582225954326,-0.0031522411827502633,0.0004544166544806249
2024-05-28,-0.00010844412738070006,-0.0003104373847308058,-0.00019739385671164702,0.0005868193684626683,-6.877944306560554e-05
2024-05-29,0.002863965112420814,0.007152686067772836,0.007539814598340755,0.010669506657802762,0.0035654745158316273
2024-05-30,1.1495182789500154e-05,0.002363212524642584,0.0023675488728599823,0.004594948231181636,0.0003895833274433834
2024-05-31,-0.0037644573195283852,-0.004529500175429016,-0.004498718111270084,-0.004559217984645474,-0.0040723194175230765
2024-06-03,0.0014445280771258001,0.0002520176996643108,0.0004200838893179069,0.0011422967333919374,0.0014240857360867157
2024-06-04,-0.0002232019383442,-0.0003811374971528637,0.0006597925853637904,0.0002625171867420952,0.00011040012754237084
2024-06-05,-0.005570242393685004,-0.0037959904524963867,-0.007267467376010786,-0.008273442459901695,-0.006046274449186869
2024-06-06,0.0020708344760558433,0.004193582203404023,0.004771711351931092,0.003539956088382868,0.0028271395728678705
2024-06-07,0.004475387682596586,0.0010686408315015903,0.0023435131704735933,0.006466886181828154,0.005085738170434489
2024-06-11,0.0006374360856264284,0.0014851089076050946,0.0012813664003963028,0.0016035737377850226,0.0010349957231572625
2024-06-12,-0.0016633773004455289,-0.003970883352253211,-0.008492777082270196,-0.005473517035137777,-0.0024597444447344804
2024-06-13,-0.002205932247827114,-0.0007071276623305544,-0.0007212102919960908,-0.001138044275543432,-0.0024796487126396557
2024-06-14,0.0002523769103641857,-0.00306160200826006,-0.008275465318557452,-0.0053356868643218815,-0.0008674637259785544
2024-06-17,-0.0013245707038391518,-0.000676329253408564,-0.002905757605761375,-0.0016770650528729499,-0.0015153680781591118
2024-06-18,-0.0008499002812213574,0.0022669856543990194,0.0006829664988059799,0.0037573322896505236,-0.0009815813520841184
2024-06-19,-0.000743871602045758,0.0028050917309887582,-0.0033994107260066947,0.002029349019296064,-0.00043750110598804806
2024-06-20,0.0021985930419581284,0.0022258467404693665,0.001494858718602802,0.0017606669131811047,0.0023873949488448535
2024-06-21,-0.0007498525352431862,0.0032412842491065007,0.0028772588985464635,0.007177697378142876,-0.0010558162645512197
2024-06-24,-0.002237536805457757,-0.006477868871313615,-0.003170236370263858,-0.001096358490950003,-0.0014723068698223357
2024-06-25,0.0038012891914401704,0.004996093019830667,0.009250670810010405,0.003721667193764937,0.0033632916768461902
2024-06-26,-6.527638057998567e-05,-0.00037258796281706193,-0.004270869980118546,-0.00032197825437814756,-0.0005682163415045359
2024-06-27,-0.003994791007630814,0.0017398996117262782,-0.00698625931456646,-0.00021851989586800773,-0.004115825526216926
2024-06-28,-0.0014795270546237426,0.000746194229743609,-0.0009544464305818012,0.0008462815665751964,-0.0010190912493149083
2024-07-01,-0.0016498207344358999,-0.0009533762872704903,0.00032435739628414824,0.0007944518634503902,-0.0019073344259975188
2024-07-02,0.0022335920533692283,-0.001952722381346042,0.0008656448051672147,-0.0008995107693754668,0.0020519528551232293
2024-07-03,-0.003133811858872757,0.009646197223887858,0.0013181463236545754,0.007192498064741902,-0.003419849370718845
2024-07-04,0.0004774392100876715,-0.005352803187236278,-0.0017710729859533939,-0.004885828537498407,0.0011840123892995452
2024-07-05,0.00017709426776407224,0.019640600687442444,0.0061290245554059125,0.015322905347768468,-0.0010794684837737087
2024-07-08,0.0015572001564874295,0.008469370648204577,-0.0005765785279982171,0.002390496192967568,0.00029945605427887634
2024-07-09,-0.0013951774687440428,-0.0026802084050400183,-0.0034974080323345656,-0.003169820524497553,-0.002500891801078624
2024-07-10,0.0006183719386974279,-0.018673135948682605,-0.004079407182516179,-0.010162751633085242,0.0014040508363534912
2024-07-11,0.0034928154181653568,0.003486856218328333,0.003962756988478632,0.004330755224726978,0.0030413998199836224
2024-07-12,0.002029895140070914,0.011461384608961876,0.005768065620356484,0.009049217511823386,0.0019376460925987877
2024-07-15,-0.0019257578633691142,0.0022304275817981063,-0.005576818508148353,-0.0019872122128625864,-0.003945429391506348
2024-07-16,0.0026153355218242144,-0.008469754400186472,-3.314690523785512e-05,-0.006718188852465589,0.0036456329756135056
2024-07-17,-2.3777875002857604e-06,-0.0014517213740477168,0.0004902175319279673,-0.00034491189450923615,0.00036628766933756164
2024-07-18,0.0021978540757302857,-0.004584016665745218,-0.002052294610447875,-0.0053175730044848725,0.0016935902597983205
2024-07-19,1.899134470594282e-05,-0.0022261649868716357,-0.0025070958231020813,-0.0029545408376766323,-0.000532863151021516
2024-07-22,0.002381177690868785,0.011428854636732327,0.007727285430849427,0.011666526674858905,0.0027789484385076367
2024-07-23,-0.0002546185552315427,0.014144802606848878,0.003804279262705542,0.00944108368630431,-0.0003819588908970143
2024-07-24,0.005395727319851972,-0.01178370630767923,0.0013577627309614322,-0.007217894300713026,0.005865955025688349
2024-07-25,-0.0005340778192031001,-0.017966679646749827,-0.004293967623358759,-0.011871154679916486,0.00041166681595807865
2024-07-26,-0.0036418084204597567,0.00743117598461152,4.658961295347106e-05,0.005537301731019386,-0.003526339631754551
2024-07-29,0.006339550988835842,0.00654698663236491,0.005872477446025916,0.005997910450819649,0.005559722187266279
2024-07-30,0.00015935170990257277,-0.020321409393798482,-0.002871181712659856,-0.012522524987437342,0.000824182405110673
2024-07-31,0.0039210473806082,0.009237450971543394,0.005265474973318216,0.008036187013958545,0.004374723324031133
2024-08-01,0.005651995236518029,7.99968199805736e-05,0.0038563618237981915,0.0010938076882236504,0.0066524253914623955
2024-08-02,0.0035310872072656712,-0.003597397217429044,0.00029373997903972115,-0.003740610237183345,0.003958379303285199
2024-08-05,0.0013355457796381139,0.0018454498746787343,0.0031780489601652834,0.0017655024333458826,0.0014270440370547372
2024-08-06,-0.00020778898036019971,-0.0038055576749112105,-0.0010105685997056945,-0.0012315737974687116,0.0003538044090168121
2024-08-07,0.0006112391513035714,0.000720965691768495,0.0015004748733971783,0.00048055664706736197,0.0006060672880119003
2024-08-08,-0.003297780616464885,-0.00792217577879437,-0.005189019760110718,-0.005033616266670843,-0.0024638293146638963
2024-08-09,-0.002755290110877314,-0.006586088481118685,-0.004424721274737911,-0.004009684177636814,-0.0019800709145620684
2024-08-12,0.0004227255454167713,-0.001581731522351437,-0.0015393835755300894,-0.0007181257498488549,0.0004861473712940816
2024-08-13,-2.109256987076571e-05,-0.0013926798063080006,-0.0007703891777388287,-0.000675049070567053,-0.00017655446739986847
2024-08-14,0.0022456424919031,0.003017921235690918,0.003237762558888257,0.003037195568837889,0.0024319447508521943
2024-08-15,-0.006930331769106728,-0.007762354026007414,-0.007409728943141099,-0.007801869106898846,-0.007325717640911189
2024-08-16,-0.0025184780638797424,-0.004621984739475325,-0.002954744007214786,-0.003528812886553235,-0.0026411212683256197
2024-08-19,-0.0006666424608532574,-0.0013095313129062522,-0.0005572339731149815,-0.001961078990679989,-0.001167879984581983
2024-08-20,-0.0021064639301330707,-0.0036863779921238924,-0.004631857870506999,-0.004545439281917021,-0.0020925594555786468
2024-08-21,-0.004385797755907142,-0.005666993737862011,-0.0033313171363408074,-0.005801389061272855,-0.004346113208212208
2024-08-22,0.0009295332746707428,0.002745019393785196,0.0031416403192742423,0.0032919785291675597,0.0011362118180073657
2024-08-23,0.0027168893112938857,0.004099678218251074,0.004526586762513674,0.005040085669541148,0.0026701517593068205
2024-08-26,-0.0009496510142711997,-0.0021276305412124457,-0.000545092067227345,0.0009069910807808013,-0.0009952965961444837
2024-08-27,0.0019839169667178287,0.003153339779115761,0.002412572164964886,0.0006173566451327448,0.002203667798368541
2024-08-28,0.0018233639826942148,0.0070926917235028695,0.004752789643303533,-0.001681314542880296,0.0017595396442164342
2024-08-29,-0.005085705213957044,-0.005301616202113877,-0.004361099621509099,-0.010995602148388453,-0.005798384329065469
2024-08-30,0.004961273542363271,0.0077048443897184725,0.006371306437069821,0.013522990349097755,0.006236584506011637
2024-09-02,0.001254737324595601,-0.003632013469441331,-0.0021876796600480987,-0.004975822278766214,0.0007807023795453707
2024-09-03,0.0015711018565345858,0.0018142026828432555,0.002584356123065497,0.0010035747248958863,0.0014664780801583541
2024-09-04,0.0013147677936726138,-0.00024580015786092584,0.000982184385296021,-0.0015275782064972023,0.0010121402520439906
2024-09-05,0.0013228893914535571,0.004606673877274556,0.004846014671945372,0.005352580510809769,0.0011214587930726732
2024-09-06,0.0007048577793695168,-0.0011075940420892498,-0.001046980984994668,-0.0013853565018833605,0.0006496384889829154
2024-09-09,-0.0009115670750053963,-0.0033509657784173107,-0.0029753958394026156,-0.002509762718811543,-0.00044409440974005175
2024-09-10,0.0030275701738193854,-0.0031388766613195456,-0.003804307721096448,-0.005809817901634441,0.002821727980858716
2024-09-11,-0.00028298206033717133,0.003018750588674159,0.002089852265401634,0.003610988838196455,0.0004342406407542097
2024-09-12,-0.004640778970326114,-0.001920308382405886,-0.0017140704608522154,-0.0003309571483755497,-0.004219668001344178
2024-09-13,-0.00021175831665782842,0.001633790540892286,0.0013679751352072545,0.0018280637052403637,0.00013284437418254488
2024-09-18,0.0041482739399802135,0.007526858335165147,0.00922635705130863,0.008777863155634062,0.003818744384359516
2024-09-19,-0.0018283142380065716,-0.0017375354016000036,-0.0018163846292969495,-0.0021568463620114083,-0.0018772878168658285
2024-09-20,-0.006089425544044585,-0.00311739272270354,-0.0025837766661784994,-0.00515520623515356,-0.0065025756356808335
2024-09-23,-0.002219845398455128,0.0031582030432094287,0.003372437218927498,0.005853952304238959,-0.002033144585638842
2024-09-24,0.0012049992552036857,7.659047306761592e-05,0.00017385937603670343,-0.0005322908352639603,0.0007103702818069409
2024-09-25,-0.00045171423482360043,0.0015226114582327268,0.007780482132440418,0.002245930616947597,-0.00429716577246227
2024-09-26,0.0106638908117086,0.007184740878600413,0.017822971702444568,0.014060349251057279,0.005440521359808507
2024-09-27,0.00865774404752377,0.006334958592659576,0.01709817000870379,0.011392896491802876,0.004301997703463087
2024-09-30,0.005301794745871441,-0.010653758933563547,0.03396410619145985,0.045859129839548915,-0.0007836930510542635
2024-10-08,0.0017702572633828727,0.009059191826548402,-0.00047120908014029484,-0.00033039446156577206,0.0037914786148150552
2024-10-09,0.0037667386014700426,0.035715248879921994,0.0003895500513775107,-0.005491476414006196,0.007988352356331324
2024-10-10,0.0012936792380527145,0.005731741113480663,-0.009877932830746455,-0.012539242654947751,0.000932259981160203
2024-10-11,-0.002602495653650114,-0.00906919572155903,-0.0027673262760682126,1.2882158416746819e-05,-0.0033596490700474255
2024-10-14,0.0008591656256203526,0.0009193129547337366,0.002049933670428034,0.0026217507282035066,0.0009554821947648073
2024-10-15,-0.0015869993666547857,0.005804030921103196,-0.0034548338375870696,-0.004723099307716437,-0.00122989762474403
2024-10-16,0.0013938772242877862,-0.011419379170095329,0.0019454801999261365,0.003460543509549892,-0.00046489920883265425
2024-10-17,0.006418035129100501,-0.013042861760188889,0.019416539558159245,0.0228105587447268,0.0037622976546891093
2024-10-18,0.001962664893984243,0.0024278981110052236,0.011601503184129936,0.011000677221010953,0.0028249452620180133
2024-10-21,0.0010197637291510567,0.006455443599920637,-0.0017553336801676704,-0.0031951625199148057,0.0024396358227277096
2024-10-22,0.004450832971766357,0.015333572620992985,0.004865794896544406,0.0026764237203227414,0.0065552441452588145
2024-10-23,0.0017716904968372424,-2.8590399497640693e-05,-0.0016899801144376208,-0.0016714262995972363,0.0023894114015592075
2024-10-24,0.004258615104038729,0.016602081303221564,0.021642337350308335,0.022866016164567113,0.004720663316276165
2024-10-25,0.0008807133704003142,0.0069130762798081495,0.0022191303636792453,0.0020596383087220175,0.0012065249905811673
2024-10-28,-0.001274660059815614,-0.011098996979958316,-0.009938788226213122,-0.007935449784139872,-0.0028045700643189336
2024-10-29,-0.0017015649070932144,-0.0004195714130380736,-1.0328470752358156e-05,0.002066844593927918,-0.002575997498529964
2024-10-30,0.0007637545164143286,0.007130524392300747,0.008852434769406678,0.012216761712448194,-0.00018093156224805894
2024-10-31,-0.0005875546075997445,-0.009710575614387706,-0.014000836941070875,-0.023216821077114924,0.002617405092831227
2024-11-01,0.0028812706022999434,0.006426314249039971,0.007356490919937237,0.011215331375123651,0.002222408786599677
2024-11-04,0.001302915436785828,0.004135517704541791,-0.0026493503375973337,0.004799137254347809,-0.0001267338516087839
2024-11-05,0.004121082133180757,0.014917779431997727,0.010720131799762025,0.010336332507362036,0.004744167358876193
2024-11-06,-0.0038754841502076287,-0.0007172787045000127,-0.0012769371216850504,0.0009511943961310046,-0.0029060228362098035
2024-11-07,0.0030996092049003854,0.011096920560935473,0.008385962858231403,0.007131254073700558,0.0038630930110404825
2024-11-08,0.002565574350984058,0.03022916133999499,0.0144852194104042,0.018358597161956373,0.0023718112336496545
2024-11-11,0.0035193255178849,0.004373053034160807,0.003026043670193467,0.0011044529724629879,0.004121195443082961
2024-11-12,-0.0022792847050699568,-0.004136601434186354,-0.003918831420094022,-0.0044750338546416385,-0.002686501709461231
2024-11-13,0.0006970021493141864,-0.00855275516069365,-0.008864307760231827,-0.014796259892231864,0.002060998607569842
2024-11-14,-0.0022605280419839714,-0.010503873049205806,-0.012267288796932034,-0.01732000679469179,-0.0012849360595234898
2024-11-15,0.0011205906956803556,-0.0104282810939512,-0.010564998258034947,-0.014484378779699884,0.0027107278089879023
2024-11-18,0.008313296576957858,0.015130133563471627,0.014422456829646678,0.020393185140779403,0.008821006878817228
2024-11-19,0.0018494320834855143,0.004859687088277867,0.004563142658474185,0.005556907634765132,0.0017261551228383708
2024-11-20,0.00016968806305039984,0.0006793845953708567,0.00031683541038047213,0.00025711345555191824,-0.00026451904421622243
2024-11-21,-0.002616629326596871,-0.007532980199794996,-0.006961203245466152,-0.008754380437702528,-0.0023012941384158506
2024-11-22,0.003552888793168943,0.004802857291972129,0.005905330720363506,0.0032689032022631005,0.004530831605941446
2024-11-25,0.0019099951354800424,0.0020661568571946247,0.001209034194637393,0.005154704713724167,0.002497764238716047
2024-11-26,0.0002490126409772854,-0.0005499064230294018,0.00011417835072034983,-0.0018003429656855195,-0.00013130838959523553
2024-11-27,0.0011093739446015427,0.0008014801316176766,0.001051215960837166,-5.7732055043447795e-05,0.0018090009842816228
2024-11-28,0.001660434495131371,0.00329997324249693,0.003314555103927477,0.0014370332609923461,0.0013863658221825001
2024-11-29,-0.000103317694490357,0.001749789774849812,0.0010631464414692796,0.0013001200057137167,1.691541400558502e-05
2024-12-02,-0.0016182711001683713,-0.0015715032551315191,-0.005031611374910873,-0.0017397752204684318,-0.0016504567063377112
2024-12-03,-0.0006886593205706424,-0.0008078329155547684,-0.002280714548818813,-0.00033715945786975086,-0.0013124200483212508
2024-12-04,-0.00040294371766857106,-0.0011603656163542008,0.0011822437933711725,-0.00046058822577218594,-0.0003813072282673527
2024-12-05,0.0008787896789975713,0.004299222233853672,0.004002323163263868,0.004284427639187641,0.0013372703249253672
2024-12-06,-9.012131612692854e-05,-0.0015291969932049666,-0.0036664023877616045,-0.002297922555301177,-0.00025680505825267886
2024-12-09,-6.550047922900687e-05,0.002969998810330125,0.0036456500505387345,0.0028321162921736394,-0.00015679672253163127
2024-12-10,0.0015252816660312573,0.0032079219633059284,0.003752564646964471,0.0029807096308751557,0.0023310061940153147
2024-12-11,-6.772132182573994e-05,0.001202265218360034,0.000529849476864257,0.0012131540317875471,-0.0003619744118498826
2024-12-12,0.0023384858977843143,0.002881636289551572,0.0022884837072620788,0.0028732457811919583,0.0026361638499117924
2024-12-13,-0.00048245183761625723,-0.0003930059604810087,-0.0035973814150772995,0.00023468356201893689,-0.0009406652231486905
2024-12-16,-0.004228117299048686,-0.004683019543864444,-0.004975659709881817,-0.005082856689633173,-0.004386200614193341
2024-12-17,-0.00027806586901912866,-0.0012155748071756825,-0.0026728387876606093,-0.002757509592447396,-0.0006691859815948524
2024-12-18,-0.0021668245777813145,-0.0047466101104273435,-0.011785499924309065,-0.009408300754636712,-0.0034667884742854535
2024-12-19,0.0003873416063471004,-0.0012189020421423296,-0.0052808443998841985,-0.004435920100854659,-0.00024357713652592384
2024-12-20,-0.003051936317816029,-0.0023523467249988573,7.047901453408355e-05,-0.0010683580521865864,-0.0035979713465558996
2024-12-23,-0.0005760846229581715,0.0002659944242111625,0.0007718785209391091,0.0007257130999503091,-0.0005629627404893183
2024-12-24,-0.0027796726823032998,-0.004033637680056409,-0.0073794000443365045,-0.007101523265607441,-0.003733555483424988
2024-12-25,-0.0013923175839089426,-0.006460581982346513,-0.009454262324003053,-0.007281793872285801,-0.0020181255741794145
2024-12-26,0.0031996447992130713,0.0065047159742169965,0.009660478850133452,0.008840017501650818,0.0037531085007036194
2024-12-27,-0.002454328783277214,-0.004064366023037227,-0.007025737503872619,-0.00802072891892601,-0.003123517914745299
2024-12-30,0.00045571682231982866,0.005834341953099067,0.006568915353294298,0.0050197009647390866,0.00021012573897316806
2024-12-31,0.0018712695985342142,0.004980755202470798,0.006231866651446357,0.004721285281768825,0.002232356413008026
2025-01-02,0.0017869842265327007,0.006085167913037295,0.0058775749145531485,0.004027053473807689,0.002053468559083489
2025-01-03,0.00041044588959271444,0.0010672728023241199,-0.001148578269354378,-0.0006745940572209541,-0.00010734275278139057
2025-01-06,-0.00035615270556242813,-0.010305297421676674,-0.013555334324522024,-0.00704122955134856,-0.0011490422684731294
2025-01-07,-0.00012502116665443115,0.0012964177995007228,-0.0015293920673579357,-0.0004158770338198864,-0.0015067633192926528
2025-01-08,0.0002388136554317571,-0.005217367421152465,-0.006319369996357838,-0.004644092497459164,0.0004380274020455851
2025-01-09,0.00021863453799757135,0.0032558378538441284,0.0027808157367255563,0.002325417472968548,-0.00019815265591218968
2025-01-10,0.0034355842805030294,0.0009891500546398853,0.0057488744129524545,0.003552755830802567,0.005492735825458963
2025-01-13,-0.005736121749829955,-0.01832836615565032,-0.013929063492964766,-0.013312002847478762,-0.004944648215430696
2025-01-14,0.0033141871893770714,0.006973417472079352,0.0062973564106111385,0.005493629597898777,0.003038092925304599
2025-01-15,-0.0007498774311530858,-0.003991643538871812,0.00035744136497203643,0.00014145086737019303,0.00023367275743131025
2025-01-16,0.00019420825232002834,-0.003349245525524966,-0.003436537699898109,-0.0023226498184248006,0.00037821491181248503
2025-01-17,-0.0032412322088514424,-0.007494464664000253,-0.006846141144444271,-0.004654611793191181,-0.0034095983314709616
2025-01-20,-0.00678080367126817,-0.009983259713509307,-0.011208039330214198,-0.011358830183048995,-0.008208031323547726
2025-01-21,-0.0041919706518907,-0.007259225725944729,-0.008771728714212543,-0.008554390856417819,-0.004899872184033695
2025-01-22,0.002806821616887029,0.006620532220513212,0.00857281596168114,0.008357349954842663,0.0033587302900590574
2025-01-23,-0.0024487685463575283,-0.004861209049392243,-0.005577821782225347,-0.0047602539443558,-0.0023924380533255594
2025-01-24,0.01382323345026494,0.022382407882725514,0.024555614161094686,0.023427989301247613,0.01444024204605194
2025-01-27,0.0027875477947323147,-0.004010881806556807,-0.0016442624161119518,0.004884857226057306,0.0040520111733628825
2025-02-05,-0.006635667786323314,-0.0002160737605987714,0.0025691112724061556,0.006048264536552968,-0.0060862068094044534
2025-02-06,-0.0041132233277349,0.00043918580441703865,-0.001606480201568067,-0.001327471250631723,-0.002738041205391343
2025-02-07,-0.0014351052781997854,-0.0018021726301179217,0.0014597306554346113,0.003084320593579577,-0.0017763604895901148
2025-02-10,0.0018112187485042144,0.005438892907885053,0.005108461458750559,0.007605303755493273,0.0009016072931087372
2025-02-11,-0.003842068112355742,-0.003689451017346249,-0.0021900161080404094,0.0015271554364073268,-0.0032385092705451667
2025-02-12,0.003940366530830314,-0.0010388953935118513,-0.001676562810037756,-0.007287194446190736,0.0044102654188522255
2025-02-13,0.00045700812868960006,0.0009469719777173734,0.0023431499220718053,0.005443746907913836,0.00043465280841663875
2025-02-14,-0.0048608795790952425,0.0011808058523748418,-3.68019625933962e-05,0.0026698905821515313,-0.00484643323987871
2025-02-17,0.0012564829552469286,-0.007622012510933131,-0.006595619628515041,-0.003523154969090882,0.0004101302103203859
2025-02-18,-0.001886586647176229,0.0045450669011794734,0.0036947876631062437,0.0015552790211883628,-0.0007546812680341111
2025-02-19,0.0013631117600045141,0.005166406107678054,0.0030845528686101542,0.003839874361361418,0.0014316514681923845
2025-02-20,-0.0091099211739982,0.011736054115175,0.002394180870647655,0.0018909495079653272,-0.00933872151384729
2025-02-21,0.003790283632876815,-8.532966824972496e-05,0.002814941278579542,0.0023760009397217783,0.00424074661655773
2025-02-24,0.0008639658893452429,-0.0011752716532772768,-0.001445894912636133,-0.0019973124079188456,0.0008906347498734393
2025-02-25,0.00034276929581532843,0.0009397686897647103,-0.00011836233162466903,-0.0002557987330623866,0.0009072285268674527
2025-02-26,0.004072707277257516,-0.01236800536744953,-0.0034739989736838773,-0.009759404017939568,0.003221965229927814
2025-02-27,0.006407602952325928,-0.01637234448377716,-0.007061767145227066,-0.01514567411416257,0.004773376087049723
2025-02-28,0.003886527529127628,-0.0020732114242520863,0.0014394266803811296,-0.0010723442331439957,0.004172513420351094
2025-03-03,0.0017621384959582002,0.009436158688185252,0.0074949142773835424,0.008298969788125787,0.0028330084066996043
2025-03-04,-0.002120984621180071,0.005317800246595242,0.0025837685995764937,0.005211889218966046,-0.0020544728287831783
2025-03-05,-0.0003487770668824283,0.003484650353947601,0.010398982878659474,0.009120720618629024,0.0024279111230633738
2025-03-06,0.001716342243168886,-0.0005916088140579794,-0.0049720194747690655,-0.003275203082914896,0.00021834421826081565
2025-03-07,0.0016087771744598847,0.0033937882679139085,0.0031830842508111913,0.002484681239766873,0.002139927373536918
2025-03-10,0.005043635097765089,0.00359173595258239,0.004552393288047189,0.003297834345709886,0.005138469383311558
2025-03-11,-0.000275229116876482,-0.00035608764043439914,0.0004957492420822091,0.0005546240489332533,-0.00028365992166749955
2025-03-12,0.0036395140891769145,-0.001951792265607437,0.0025926764052895315,-0.0002577116781365416,0.0027216851763220036
2025-03-13,-0.005388166562264772,-0.0032372255078871722,-0.003937694841949252,-0.0021344602410753163,-0.004564056633929216
2025-03-14,0.0011250952575063426,0.0010082242722843054,0.0010526240982734988,0.00046602428182941007,0.0012042303800978112
2025-03-17,-0.0039748303477333,0.0015521260113642418,-0.0014996106167821262,-0.0020610002524802987,-0.00344475746002519
2025-03-18,0.003584218490384885,-0.0030506921915881497,0.0008777860864860067,0.0037360428785121816,0.002193304377049622
2025-03-19,0.0016647244805181713,0.0015098532264024055,0.0021972998494504924,0.0033082927120853434,0.0012877229060216844
2025-03-20,0.004894928550107884,0.0006711379863046142,0.004815120442945594,0.006546599411300469,0.004286407160787756
2025-03-21,-0.0030524757442881717,-0.0028986387057495264,-0.004946391848880899,-0.004678061211957507,-0.0029692453216303063
2025-03-24,0.006061236457528514,0.0035415870475387318,0.006794612789739581,0.01044082866841529,0.004521613624193423
2025-03-25,-0.0005484189377575395,0.0007240867711727873,0.0011090552598114177,0.0006958306731710356,-0.0004192206631238603
2025-03-26,-0.001344220101684114,-0.0012527794735703313,-0.0014103639675342927,-0.0007995872934033871,-0.0012848892113171693
2025-03-27,0.00057242102033759,-0.0003048007399324601,-0.0014518050644969456,-0.0008663636256587774,0.0006175079870946223
2025-03-28,-0.002584178219333657,-0.00525955265334593,-0.006836950952360718,-0.005454562767252952,-0.002939401256810103
2025-03-31,0.005517692045178727,0.004360954166223881,0.005805320145558368,0.005016130095620115,0.005127212046763106
2025-04-01,-0.0007644641703104,0.0013701301057730492,0.000995043010896061,0.00044344719699407467,-0.0006510692573122542
2025-04-02,0.0032928055907931997,0.0025015172567621835,0.003145124381667657,0.004394869756713919,0.0015395970424728132
2025-04-03,0.0020747228704276295,-0.015076648516048773,-0.019051979019523442,-0.008052460220949808,-0.0011922024245694357
2025-04-07,0.00019497311820272818,0.0009524154988248978,0.0024916171791843113,0.003830742146502185,-0.00268442504196719
2025-04-08,-0.0005562066256331284,-0.003012708217415777,-0.001937301339464656,-0.003904229411046788,0.00034952078266182725
2025-04-09,-0.005187953957939457,-0.0008096057373215284,0.0010247625114908026,-0.0015569579504516326,-0.0032636794504465353
2025-04-10,-0.0059743963960837854,-0.006618575542283741,-0.007762707171185577,-0.008514596483175518,-0.004656636995438491
2025-04-11,-0.0016081909089730284,-9.35712440504875e-05,-6.432417085849706e-05,-3.994619548271512e-05,-0.0015150365737076382
2025-04-14,0.004536013340876343,0.008685597359534772,0.004023815043517712,0.0080327162828379,0.0035885870354600722
2025-04-15,0.010051157877925456,0.013344256620413117,0.007371313970371801,0.015247816531947107,0.008291952417269776
2025-04-16,-0.0013470717101941856,-0.0012320196999310432,-0.0015604732337046014,-0.0015453708251129464,-0.0015325797388275812
2025-04-17,-0.0034334520659070004,-0.001962567615591562,-0.00024577625982454915,-0.005184992043435637,-0.003245480317640391
2025-04-18,-0.005836355548477343,-0.013197416461071821,-0.006382107520326466,-0.015785818418312295,-0.004373378758076726
2025-04-21,0.005199692892493042,0.006260931390778563,0.003930278773976761,0.008037037795491805,0.004265587647867195
2025-04-22,-0.009951110261041455,-0.00977586454381946,-0.0031587073831784206,-0.013461063550671877,-0.009066801663182255
2025-04-23,0.006121122975474585,0.008397010886902423,0.00641382995605777,0.010202454709439777,0.004750983947847074
2025-04-24,-0.0072630789672947,-0.006427576309039281,-0.0023422824799080363,-0.006128595130837973,-0.006701543765337886
2025-04-25,0.0020369607497758143,0.002512561875533902,-5.966521355590983e-05,0.002358312839892523,0.0013704520153640506
2025-04-28,-0.0026320130859220857,-0.003113163380422079,-0.0032127302815832324,-0.0048948309822903135,-0.0022901973761629783
2025-04-29,-0.005492773968312272,-0.007213797597780298,-0.004662972565668578,-0.008397249614585123,-0.004219340319526246
2025-04-30,-0.005852429206406629,-0.007400212646324214,-0.004799089389611891,-0.009594609081232577,-0.0038526035704113037
2025-05-06,0.003526973569728544,0.0063328223848369905,0.007609632894207918,0.009219427814224336,0.0027887717463585702
2025-05-07,-0.005422729983000814,-0.0065135081243346,-0.0043932528244798414,-0.005958257458720623,-0.005119815604906396
2025-05-08,0.005769879055042643,0.006559211390032852,0.006523158866662411,0.008549390077879486,0.005249301117285124
2025-05-09,-0.007023886958178585,-0.009040528575051755,-0.00862566272896097,-0.011474346041138745,-0.006852856066746351
2025-05-12,0.004147099925649071,0.006891732708279685,0.007006414000101599,0.008630019486968843,0.004247960551928653
2025-05-13,-7.346100235891042e-05,0.001310338773697433,-0.00294396296632802,-0.0023348662980442595,-0.0010743860684923109
2025-05-14,0.0036565552750950285,0.004283623230686614,0.0009323298998260563,0.002535464532229111,0.0032488384915099126
2025-05-15,0.0006378686718693861,0.0010232217718375322,0.002246463084959062,0.001789240755668041,0.0012502965688949864
2025-05-16,0.001913372056739057,0.0035184973793209225,0.001519894923185266,0.0022191762481122046,0.0018357071699156848
2025-05-19,0.0001207193218931857,-0.0019006220934178293,-0.0016002009644267956,-0.0019812880803313543,0.00013383125649317506
2025-05-20,0.0009464683001166566,-0.0030063706008666446,-0.0020451885438051488,-0.002070872245448999,0.0010043963797596966
2025-05-21,0.0004999692721393143,-0.0011091552126715628,-0.0013490667585293146,-0.0010089835221793863,-0.0001231249492170683
2025-05-22,0.00023987763939225712,-0.0018550193282680268,-0.001491894635674265,-0.0012915842341428446,4.8823864801257654e-05
2025-05-23,-0.0018235519408606998,0.0023290310731896974,0.002068834403960551,0.0017105060593364631,-0.001235000077699421
2025-05-26,0.0043587130278121425,0.001276627610662279,0.001860233723668022,0.004032137294620573,0.004280877642136423
2025-05-27,0.0015582154016235855,0.000243223084763141,-5.475354773503071e-05,-0.00011076556175427285,0.0014882896506115875
2025-05-28,-0.0035373826630347143,0.0030199164512240955,0.0034205820483978835,-0.0006865430979231589,-0.002627509227415756
2025-05-29,0.004729315804321014,0.001428995377001821,0.0017183755368609772,0.0037770968986030225,0.004533618820514824
2025-05-30,0.00021743818032495714,-0.0033691252982512646,-0.0032536791927580497,-0.003139231324060059,0.00018717845085313963
2025-06-03,-0.0016180078424026662,-0.00324298179342891,-0.0047071073210759075,-0.005115544586453176,-0.000858692574791933
2025-06-04,-0.010204366811398642,-0.014357371467422927,-0.015463817134156855,-0.015696573977140263,-0.009980350268189046
2025-06-05,0.002962820843133657,0.003162072163608382,0.0032556334871693625,0.003393288077960509,0.0029831857458649837
2025-06-06,-0.0010526996874911285,-0.002129163537542609,-0.0027760036304110064,-0.003593823527544418,-0.0002719181948864388
2025-06-09,0.0052648472037500425,0.0036110756333510453,0.0032824251288901636,0.005968747753720871,0.004832517790725548
2025-06-10,-0.00023703758853038683,0.0004936376482458178,0.0006295294147480148,2.7422888767862402e-05,3.588378628376722e-05
2025-06-11,-8.972309262614319e-05,-0.0076871013853778754,-0.008132762321221917,-0.004127785766116822,-0.0005938262707308232
2025-06-12,0.0028041512006858,0.005281238358852103,0.003412140213908778,0.005971592283081018,0.0028262673962995994
2025-06-13,-0.005415212103989486,-0.013029779547923595,-0.013540000763736066,-0.011282810326610255,-0.006624457979369053
2025-06-16,0.002765806868493357,0.0050392516572378854,0.0051944530359446526,0.0036411142565373564,0.0034147691406972536
2025-06-17,-0.0027107933159133853,-0.006498028873795825,-0.006338388032641494,-0.0035454430324678935,-0.0032327199081402893
2025-06-18,-0.0009955360842695857,-0.0012706848953990128,-0.001568107534889145,-0.0008339873243153832,-0.001393962093040639
2025-06-19,0.0023551179933834427,0.004715609769488697,0.004494462902729369,0.0031116651040010096,0.002557864898558423
2025-06-20,-0.0003105317599134571,-0.00027438475624759473,-0.000551633348770494,-0.0002201450153674163,-0.0005186174656874978
2025-06-23,-0.002040608405735271,-0.0029029766174171632,-0.003194016163929572,-0.003698751035399918,-0.0022541155227558717
2025-06-24,-0.005217412595352085,-0.004640508403332198,-0.004504754647506265,-0.0012501763139549102,-0.0065319564645802365
2025-06-25,0.0018436806175946572,0.001295433621933933,0.0013233548471035428,0.0017045853058119255,0.0013204982208484053
2025-06-26,0.002614806480893057,0.0016022623841296718,0.002401439208432,0.001574313087230716,0.0033931404978591708
2025-06-27,-0.0018823020875726286,-0.0006017293149344816,-0.00032607129875591995,0.0012213963096572846,-0.0015360193603796053
2025-06-30,0.004066561977383957,0.0025833049393760637,0.002303616237282326,0.0029591293612281034,0.003217818485162458
2025-07-01,0.005321603581371629,-0.003450637797196352,0.0037878246658730316,-0.004235119638149542,0.006945196886006393
2025-07-02,-0.0029370586497224857,-0.0008084178583081863,-0.002678887025730761,-0.0014503527347457838,-0.002906614746224672
2025-07-03,-0.00010172414379308581,0.000989929300690173,-0.0004976865877930122,0.0009033431965114621,-0.0005000340214833931
2025-07-04,0.0011009887840859284,-0.0012734751705654745,0.000773010124556219,-0.000923907331186239,0.0014246909238933346
2025-07-07,-0.00031705712694434255,0.010544922660438272,0.000776830727864942,0.012612434207592636,-0.0008575296252254043
2025-07-08,-0.0021480479056147674,-0.0036546744272804195,-0.0023169007530204483,-0.0042652339024841545,-0.0021917739891285934
2025-07-09,0.0011945687165050576,-0.0003746399753891154,0.001143137426101637,-0.0008261437879573,0.0013446636100924972
2025-07-10,-0.0011610148146350854,-0.004205244519573328,-0.002002438064512527,-0.003094278100349827,-0.0006314579253890104
2025-07-11,0.002012571463415243,0.0025209790157812995,0.0010739919478269494,0.0025664252216036363,0.001880452528678752
2025-07-14,-0.005005436559357499,0.0014092102382454426,0.0015670089209063286,0.0067142954317740726,-0.006610306255556862
2025-07-15,0.0005319073210578286,-0.0014250154420851573,-0.0021979433828426044,-0.0030303234625023504,0.001539455475525254
2025-07-16,-0.0034983870861072857,0.0019609567973871323,0.002092924075588291,0.006417457276697023,-0.004809039373851992
2025-07-17,0.0021207575958500854,0.0017746376222240968,0.0009705981703705077,0.0004282255691624273,0.002523222636997459
2025-07-18,0.006009552268430427,0.0017261392548521862,0.0027875009481343957,3.10617961625727e-05,0.006869918835216119
2025-07-21,0.004019556187168586,-0.003534315468364462,0.0008673472129211403,-0.002145539480324205,0.004162953503898216
2025-07-22,0.0010561815949511,0.004719005518517471,0.0018498244214789302,0.0032521392998414236,0.0014799866482804243
2025-07-23,0.0013699424380082287,0.0009129458885426716,0.004258131702606089,0.004234733304962281,0.00043744360608459596
2025-07-24,-0.0008432316052421996,0.0042094674484731524,0.000636332259534277,0.002264613997059841,-0.0002465756116090044
2025-07-25,0.0011402585570693,0.011125802181234705,0.007578638792342388,0.011078663707051805,0.0007764255303506105
2025-07-28,-0.0024675182285864576,0.003546659211335539,0.005424317022033484,0.008857520545682932,-0.0021377172988141283
2025-07-29,0.0025884924009845853,-0.0007690186059871058,-0.0019106639405246583,-0.003618177446577173,0.0026132465989420076
2025-07-30,-0.0036645859385740715,-0.002185972504057651,-0.001969017510827364,-0.0016325302661794,-0.003712914338599599
2025-07-31,0.004392636035865972,0.001902168104016003,0.0028509013824282283,-0.0007602734812000452,0.004590752807352005
2025-08-01,-0.0021560490088850717,-0.003119865167445117,-0.0024432520192242345,-0.003927209779748646,-0.002219885318546484
2025-08-04,-9.576880180898566e-05,-0.0019249028324297098,-0.001165069010785781,-0.0017855596463382045,-0.00040830442255270145
2025-08-05,0.0014391456038504017,0.003946410632144644,0.0037349103624136266,0.0038063587706692182,0.0017572242621930836
2025-08-06,0.0002159441826494285,-0.0005456877280071233,-0.0011994360056109868,-0.0006052978480192183,0.00021708093590875715
2025-08-07,0.0015127971624046429,0.002581766983526978,0.0014993756971883702,0.0018847109135654088,0.0016999661502149913
2025-08-08,0.000782465239110986,0.011027173176896686,0.011392324640285176,0.011496834736464076,0.001353508947590251
2025-08-11,-0.002865841598471957,0.0021861972100702606,0.0008168258226384987,0.002931053045808295,-0.002905876484472929
2025-08-12,-0.005534230888069127,0.0067514928224600475,0.0020975162919884644,0.0073112538507643906,-0.005092236695910175
2025-08-13,-0.002788990866715171,-0.006233630608347121,-0.005624631104363995,-0.006797081000923204,-0.0035733352999991882
2025-08-14,-8.826896868986168e-06,0.0092061741648642,0.006960593092349433,0.009897862651184709,0.0007869448426719148
2025-08-15,-0.004695510377879285,0.008156508843753473,0.003541342012078174,0.007986703421155535,-0.004104454345659163
2025-08-18,-0.0015134889551245575,-0.0012298264038738405,-0.0006752474965291031,-0.0012179053052118456,-0.001332481989648851
2025-08-19,-0.0026405501110305287,-9.245079306461452e-05,0.0013316300520706567,0.0004088256712698456,-0.0024876213765088707
2025-08-20,0.0009898494925515572,-0.005477979131182606,-0.009312545181044993,-0.007531782638207954,0.00041016399920334166
2025-08-21,-0.01015073667524397,0.012100323107095553,0.019834492929818322,0.016134866311510378,-0.009424200968601804
2025-08-22,-0.0027361095895844715,0.00821335184380734,0.011280864966875845,0.010737868741747356,-0.0022260355798453856
2025-08-25,0.004458044453363942,0.00275468043545501,0.0037060972404382533,0.001854852272394359,0.00496488039190125
2025-08-26,-0.0030452761535464425,0.009670643578707621,0.007227266869366897,0.006702058646121032,-0.002613352773902012
2025-08-27,-0.013604900625537712,0.02851281558201757,0.019222189754738026,0.017873566533967447,-0.012638982209156963
2025-08-28,-0.0039619519688864294,0.010192194586486812,0.007659761295426977,0.0064807963610733,-0.0032332206385468697
2025-08-29,-0.002826804962348428,0.019000704293404173,0.014497963363244465,0.012162629804548387,-0.001766976292710431
2025-09-01,0.00475478634789977,-0.038175682510194334,-0.026503508973036466,-0.020501489771571527,0.0027419517522995623
2025-09-02,-0.0014903322376352015,0.006788678248444499,0.002218477720013456,0.0045227533231674754,-0.001677959783145179
2025-09-03,0.008875587040464542,-0.04058681710667355,-0.026485992250713963,-0.019970880589424755,0.00718835751668598
2025-09-04,-0.0026511160019765997,0.046952007546203295,0.033937784583715117,0.026079620690400228,-0.0005867504500516214
2025-09-05,0.006218225784828742,-0.0010865646759259562,0.002731838820706954,0.0026337379573481783,0.007019018335335343
2025-09-08,0.00044988816633070123,-0.013019105571280727,-0.01111820936439787,-0.006057429214244271,-0.0005399066772321123
2025-09-09,-0.0031168496819169427,0.007531563219201672,0.005632488058415684,0.0005284776346328314,-0.002785303381699881
2025-09-10,-0.00334521408393663,0.03281224846249292,0.02431180995079232,0.013585436427470295,-0.002367459864221368
2025-09-11,0.00021434440384402852,0.008298912306800587,0.006585397427859699,0.004952116481545304,0.0007440879989845675
2025-09-12,0.0010160528342555426,0.00806222229154749,0.006840815209063735,0.005284006039608713,0.0015760010580851474
2025-09-15,-0.0015302185312484856,0.01017699829255705,0.00800519437952399,0.006207848497156568,-0.0005114569066021978
2025-09-16,0.0002734527822830713,0.004529079789771324,0.003714955143281063,0.003015670863606941,0.0011055401675386042
2025-09-17,-0.005194957128531855,0.008544857696462675,0.006236283310683235,0.0029777199700608496,-0.0038413150009311693
2025-09-18,0.005168414583276628,-0.0007557457335689306,0.00064624189864476,0.0002584424591366867,0.00510843940423903
2025-09-19,-0.008842361292174084,0.019752273135776245,0.01533552750188626,0.009694734332880489,-0.008316748863955163
2025-09-22,-0.0001581548115470715,0.0010312880578855284,-0.0009392287591902522,0.000328392312908686,-0.001677278362302428
2025-09-23,-0.002847830593771928,0.00932080104598047,0.008066930077586049,0.005964264081706326,-0.0009520294532919065
2025-09-24,-0.005386423097713271,0.010261056701773744,0.008078361744177498,0.007022884279514477,-0.004369607606045713
2025-09-25,0.010318499285341412,-0.01150977786342209,-0.007568103814425084,-0.006986973697855544,0.010579321365819542
2025-09-26,-0.005762970188490829,0.016006478308417452,0.01339714851470112,0.011869414778089171,-0.00435578421709615
2025-09-29,-0.0016458371082264576,0.005716054455101561,0.0031412460976033606,0.004995999614780063,-0.0008794878980597804
2025-09-30,-0.0016759660196860996,0.003969210097396465,0.0008210906096720754,0.003194278056605822,-0.001723723601812151
2025-10-09,0.010355162952725627,-0.0358400832063623,-0.03379981759675418,-0.026905936676911667,0.008514048439576496
2025-10-10,-0.001580073357137804,0.0035498180744672385,0.003636219295736543,0.0007933252266650882,-0.0004360250502722743
2025-10-13,0.004959107191737486,-0.03664182099272839,-0.035811851584606896,-0.03028385717175057,0.002716647056588848
2025-10-14,-0.001494626313688519,0.0020281730260526655,0.002026257688038925,0.004350653399909775,-0.0016563125531367361
2025-10-15,-0.0014256296303952424,-0.0098045412697585,-0.009797605968586021,-0.008433218955348487,-0.003753035897596272
2025-10-16,-2.1535169357785218e-05,-0.019597435999181047,-0.019407859457614522,-0.02000196841980219,-0.001993088083273263
2025-10-17,-0.001887601644010286,0.0009774759018958913,0.001060937704717172,0.0014970460830423457,-0.0007387918631296148
2025-10-20,-0.006159397063014025,-0.00022809862877998677,0.007278134649763979,-0.0005284527788442265,-0.0052072023211692155
2025-10-21,-0.0019140365867183287,-0.007709444096564009,-0.008233159549126191,-0.0047678456899580045,-0.0030048452125378622
2025-10-22,0.0032064338392708,-0.0016371510662904626,-0.0027947680206113186,0.00021884728060566814,0.0024360247715289433
2025-10-23,-0.009254613329104296,0.0070661497470360084,0.015461911672602604,0.003737517308671553,-0.007418053523848911
2025-10-24,-0.008499407716809928,0.0068255389238097,0.011028792098787548,0.0036359784582642904,-0.007490487316119687
2025-10-27,0.00022623271308931442,0.00163374891108862,-0.0005934649607655409,0.00041278810042059445,0.0016870062605426625
2025-10-28,-0.0011903436035560142,0.006948699703368474,0.011449640188912915,0.002003733664555524,0.0018599075981868994
2025-10-29,0.008096611358961055,0.008485876318978835,0.006912292053036593,0.007942887341413426,0.007617825586237221
2025-10-30,0.012093928753136602,0.006725214086979725,-0.0007882828590574679,0.009174424607650526,0.01318303553639089
2025-10-31,0.004353375788424942,0.008266299938502327,0.007839111789275804,0.006113355468924733,0.004082144793608921
2025-11-03,0.0030331003543866133,0.004947743404370338,0.0010821139292403648,0.005186608611017812,0.0009733437491833859
2025-11-04,0.0006027367210280855,-0.0009313635205357223,0.0004833558544489056,-0.004363425660875367,0.0014508504323353774
2025-11-05,-0.002241467033440343,-0.01199701021195455,-0.0009307501233656828,-0.006632659694444707,-0.001165682333986623
2025-11-06,0.002422790324759057,0.002746444125525464,0.0012198130020008753,0.0018498218776608266,0.0018117658321604268
2025-11-07,0.007443518853428156,0.012048083994258345,0.004756750629914701,0.011518066592040507,0.005502122721413169
2025-11-10,0.002997917828870943,0.004270496256684115,0.0021995165189368443,0.004397457574913321,0.002293603299131243
2025-11-11,0.0016751929345094716,0.0021606887668727173,-0.000879214993618167,0.0037571441537784236,-0.0005388183341141073
2025-11-12,-0.005208184190295986,-0.006460288158287502,-0.002391422680878527,-0.007957643201102404,-0.002946025696556233
2025-11-13,0.004677184296511127,0.00873456689957764,0.0032992032311768863,0.01085852592665737,0.0036251336348753667
2025-11-14,0.00021444508146500018,0.0004661950228425483,0.0017042409816910304,-0.0008267165062872627,0.0010576205624939635
2025-11-17,0.0002580737015421995,-0.000747995590267046,-0.002101417075471984,0.000966461787284713,6.800173262420548e-05
2025-11-18,-0.0021599603721440567,-0.0028990753307049457,-0.002857262565102849,-0.002872983284793423,-0.004089721189763293
2025-11-19,0.00016118181956358587,-0.0006411991309977536,-0.001884495099298993,0.0006714977073881848,-0.0007208944221066087
2025-11-20,0.005165569694977828,-0.001262642549303079,-0.005764562141781958,0.0007015324032578862,0.0024368549587019186
2025-11-21,0.0013568034435516285,0.003930398528930659,0.004390022509035089,0.0037297101118229483,0.004691984241952996
2025-11-24,-0.008234401117697512,-0.010251027410506782,-0.008683861883881252,-0.010510141279148878,-0.006233449859901607
2025-11-25,-0.008767737509958242,-0.011351400454467133,-0.010559341621382936,-0.010922764729964568,-0.008084451409047625
2025-11-26,0.0014740937711978288,0.0014819434033741278,0.0011462472605913102,0.001822356289279303,0.00011986915807921637
2025-11-27,-0.0023337363046146715,-0.0029399098837332733,-0.0021251122808454486,-0.0030056599384804886,7.879338541631493e-05
2025-11-28,-0.004938947350739075,-0.004837209516414543,-0.005157706162239624,-0.004511452069249589,-0.003532358072951221
2025-12-01,0.0019112979028177717,0.005435700571901594,0.0015691797369786842,0.005751772348531247,-9.627794358427964e-05
2025-12-02,0.003740501673931371,0.0025013135844244093,0.002403496264477845,0.0020816550269752185,0.002994303782149958
2025-12-03,-0.004160110144549813,-0.007001041814849773,-0.00478147074797694,-0.007505181698358355,-0.004065483476168068
2025-12-04,-0.003559675712481671,-0.006627716401521418,-0.003134348594091463,-0.007254141754419179,-0.0016589135053977164
2025-12-05,-0.011137999880808488,-0.02023993653532636,-0.011951125537033619,-0.021455708337137756,-0.009168255086615616
2025-12-08,-0.005840266380702142,-0.00589995774088141,-0.005358087124182177,-0.004901194267047022,-0.004771048743184735
2025-12-09,0.004323882028174928,0.004399929454225051,0.005595643619277604,0.00604507383620223,0.005467150114352943
2025-12-10,0.0044029914326019284,0.010706180156622077,0.0076784876681280905,0.008735761643274801,0.0030011440162880203
2025-12-11,-0.000291876692301086,-0.0057814324478891186,-0.0030333603931806574,-0.003793910351279334,0.0009050054343531673
2025-12-12,0.0069525824958740845,0.013124994998385597,0.010155222844957184,0.011494258461125161,0.0052230017108916725
2025-12-15,0.0043975086541814,0.005080236783936921,0.00432434482224992,0.0030783549667783247,0.0028425190387957834
2025-12-16,-0.006322144772834272,-0.008004645793615433,-0.005379972748565002,-0.0035272788433818414,-0.0024650521549604387
2025-12-17,0.004177353233286128,0.007771400315478686,0.005767997513864123,0.004446237183584707,0.0015628378930377172
2025-12-18,-0.0005891615333888572,-0.0006766306469466554,-0.0005541929723851918,0.00038146498314207977,0.0005562061267396426
2025-12-19,-0.006395670083040671,-0.009052718272256424,-0.006727005799200993,-0.005410555683918114,-0.003336935910342128
2025-12-22,-0.0035200025671829572,0.0007093196646735097,-7.23639747013307e-06,0.0006350420528791045,-0.0033260229080752978
2025-12-23,-0.0035626254784117428,-0.004418082417373464,-0.0032531732284291513,-0.0026373474476503603,-0.0016320181306910108
2025-12-24,0.0020461850335759856,0.0013031426209694685,0.001580440029254523,0.0012386924592313227,0.0021713773536779085
2025-12-25,-0.001802499520150486,0.0020317687499120177,0.0010905322689141843,0.0034964890277667865,-0.0014663101602499298
2025-12-26,-0.002365515067858857,-0.003366810338026086,-0.0028183239116598125,-0.0040457300019499905,-0.002500940943225001
2025-12-29,-0.0041874305202713995,-0.001199842009158783,-0.004591905031682498,-6.673440864397731e-05,-0.0036769685146681077
2025-12-30,0.0026969565456815853,0.0037321295262827984,0.002265938923636482,0.004500339644552364,0.002868291755607899
2025-12-31,-0.006719592724826614,0.0018196644732334346,-0.0007467025383200037,0.002587299683021196,-0.0034550014457584515
2026-01-05,-0.004175048463855357,-0.001769728831756145,-0.007704160835621558,-0.0017612578061299454,-0.0036781610243237805
2026-01-06,-0.000952762474898043,0.005752050872239865,0.002761779143555771,0.005793547174923905,0.00039682087525188604
2026-01-07,0.003810516582407757,-0.00030673077774740973,7.22439884397845e-05,-0.0011426424333377963,0.005689685199116852
2026-01-08,-0.004869639675563014,0.0020652228329312203,-0.005841581718961731,0.0014813031821122094,-0.002550093265982197
2026-01-09,-0.006230987945208443,-0.0009519932719648943,-0.010542749575714761,-0.002018868095463872,-0.0034327915648583378
2026-01-12,0.006756919716347228,0.00045426694764697027,0.004030724773601851,0.002386564919701709,0.005591874814775388
2026-01-13,-0.0035723870868494007,0.008631581357688357,0.0042394113510581125,0.006504498218887273,-3.357755909742528e-05
2026-01-14,-0.0009668010843555141,0.004396433759057853,0.0045879169032630816,0.00595525250245812,-0.0007670190656490594
2026-01-15,-0.0033317091038167997,0.0005456553581278414,0.0005642079383342443,0.0005970500008677318,-0.0020346315062405545
2026-01-16,0.005124924099433857,0.010203089922599,0.008854531538241813,0.0094053874577265,0.005368550883788674
2026-01-19,0.006646240675816471,-0.004078302858758109,-0.0034028322865623213,0.0013291363253776496,0.003990240454116122
2026-01-20,-0.007168318975536484,0.015651719902152313,0.004808671790696416,0.008073780911127659,-0.003752961378289815
2026-01-21,5.061858647714451e-06,0.0050412120602861075,0.0038007205653309223,0.0019118818726381003,0.001516416917994379
2026-01-22,0.005782987027057243,0.016770561004813986,0.013409962971939623,0.009537451774264922,0.00921290972570378
2026-01-23,0.003536749019193186,0.000877950465070875,0.0034283605752593793,0.003280871949531478,0.0023252188507983705
2026-01-26,-0.004551721952454842,-0.0004314750293429896,1.6066785613219788e-05,-0.00234963785484604,-0.004150820857154139
2026-01-27,-0.0032397637889829845,0.015591254539469399,0.00775527837268848,0.011952326109936112,-0.0022754397901070685
2026-01-28,0.004776597733983684,-0.01269838043377015,-0.008048701915960979,-0.006386189465932982,0.002153915908129514
2026-01-29,0.001937057765947029,-0.014103374119202355,-0.0026003143617533025,-0.008922717821088076,0.0004655436968131967
2026-01-30,0.004175522378626884,-0.025678826923451453,-0.012731121515005207,-0.016756814236326016,0.0018230668315223414
2026-02-02,0.004191763625867271,0.024608844227517496,0.02062890398673431,0.018544847402665883,0.008274587320188632
2026-02-03,0.0022440687643747854,-0.006263665243819742,-0.0077872831557520734,-0.0017602773575534094,0.00037468985536742586
2026-02-04,0.007344116040557273,-0.010040772848529625,-0.009501593720909364,-0.003900947096169919,0.004303298621904057
2026-02-05,0.00022783848514462874,0.00025096228015529195,0.002522894105996925,7.224703580989997e-05,0.0007585410178320624
2026-02-06,-0.004015023638470056,0.006962734953304378,0.007162123440627119,0.002687126024733687,-0.0018944037149817516
2026-02-09,-0.0006834874252745287,0.0018536269831965122,0.00011746170009951928,0.0005324442392090132,-0.00021438375076069326
2026-02-10,0.0017790859845191569,0.002750927157038546,0.0013150453500219476,0.002862872038014344,0.00169550189595021
2026-02-11,-0.0059223037055221705,0.0034131289254278737,-0.0012402105389307068,-0.0026713186678982005,-0.0036731396808514574
2026-02-12,0.0016987562276444862,-0.001667804403279511,0.0012909999476355726,-6.9404525405417e-05,0.0017583084295139792
2026-02-13,-0.0022906757192842717,0.004477588701896066,0.0009547786778335903,0.0011198072000101005,-0.0012020432900085734
2026-02-24,-0.005554950298868671,-0.002951740387271104,-0.0014724831767813364,-0.00452161605606188,-0.0042186991665317955
2026-02-25,-0.005636276619732828,-0.00808659531646394,-0.004201394193420111,-0.010597863452822974,-0.004482148291239478
2026-02-26,0.003630888156668114,0.00517010812424977,0.004342177645365518,0.0041173305792008156,0.004561072956698154
2026-02-27,-0.008296572068075983,-0.01653077761240255,-0.009687328001073768,-0.019356604901480723,-0.009474965940705952
2026-03-02,0.007110994955464027,0.008474990553184677,0.00381451560698492,0.012651485733275097,0.0034863117152970674
2026-03-03,-0.0025133352678341136,-0.004373870894948739,-0.0026942531843202914,-0.00626516039065682,-0.0017076565232623758
2026-03-04,-0.0016470602811089997,-0.0016873211503711906,-0.0013022594043130477,-0.0022886439144186688,-0.0016849581379226207
2026-03-05,0.007503153826631056,0.013135814241684668,0.010252439745553343,0.014927936100812177,0.007804434676283476
2026-03-06,-0.0012092016720137144,-0.002354574430881989,-0.0026537556425412423,-0.00044305576901005765,-0.0014788099699164323
2026-03-09,5.779046460121476e-05,-0.0013349744029558725,-0.00030345837238774536,-0.0018651458023965862,0.0014791469685965018
2026-03-10,0.001975233335722857,0.0022904382455106735,0.002077729153868036,0.002525237596222578,0.0019080041840072754
2026-03-11,0.004411979624814086,0.0052096855962305965,0.004877383080579363,0.005271383848506067,0.004199666159532738
2026-03-12,0.0008932667818231429,0.0005930562009482457,-0.0031235399797517466,0.0010738131469953767,-0.0006132185884260186
2026-03-13,-0.0009646654980008569,-0.002181714331932247,-0.0051168379453163364,-0.0016214509351816083,-0.0014055708800236487
2026-03-16,0.003579176341396713,-0.008357373462935596,-0.005914048847043619,-0.004471013917125876,0.0012206979600183042
2026-03-17,-0.003404936963865972,0.0020253387118312574,2.2998578617381207e-06,-0.0015834474857397522,-0.0022773930402677205
2026-03-18,0.002348189540027599,0.004290995493058839,0.0049571751602751615,0.005604702736467158,0.0005957250156975451
2026-03-19,-0.0009799562068291716,0.0009935439065040675,0.0008652734068304629,0.0006325172174331671,-0.0017229641355016572
2026-03-20,0.0011120397218120858,0.00653089127951085,0.005740967050324642,0.004854043499700726,0.00024097702161412463
2026-03-23,-0.0001857707929525004,-0.0019953295873102734,-0.0021219379572544887,-0.0030767905457740044,0.0002873363324771054
2026-03-24,-0.003999830198629225,-0.011386637662075046,-0.010556196475874104,-0.010172903083561,-0.0030540775564708964
2026-03-25,0.0023182646290204998,0.00841674730265305,0.008278189266762544,0.007212962536923489,0.0006692401689185468
2026-03-26,-0.0013982903504604284,-0.003253753514444466,-0.0033016017045504947,-0.002741565654604559,-0.0003127968701397216
2026-03-27,-0.0013738780086434996,0.0008262787353923673,0.00023339215215124648,-0.00048281668426419593,-0.0015242828382635307
2026-03-30,0.004875396279042757,0.012360111996284777,0.013747472263582155,0.01481971400381408,0.0034346029738465075
2026-03-31,-0.005945566652906013,-0.012225971758864739,-0.01184861742962976,-0.013177944040399457,-0.003751618643678771
2026-04-01,0.0045779405418969,0.01030519121763047,0.009870848041338323,0.010126812524876428,0.0025536898934914237
2026-04-02,-0.004199110549935014,-0.006448715178066937,-0.006914952397289597,-0.007718556630093551,-0.004549686076585469
2026-04-03,-0.0035593440958480707,-0.008935874198236474,-0.009330511208446026,-0.010257987729132832,-0.002313254409025831
2026-04-07,-0.011211107315138044,-0.020536484895123247,-0.02147079028149706,-0.012869163818097142,-0.007759537460192468
2026-04-08,-0.002922325509754428,-0.013308462687073934,-0.007501102903891808,-0.013964694119416279,-0.0034849505882993807
2026-04-09,-0.006304921071495085,-0.01051663989439541,-0.008659709690334806,-0.009811492812447718,-0.005893101726778276
2026-04-10,-0.004283938141085477,-0.006772362378656073,-0.004897995476671268,-0.008834581755152913,-0.003913578541598687
2026-04-13,-0.007141387105026227,-0.0082926527625476,-0.008272876155345426,-0.009706061393469441,-0.0064728101058372615
2026-04-14,0.007732524431390184,0.01223209509436511,0.01174831112343206,0.019092410968424362,0.006771914132198624
2026-04-15,-0.0067463423312203,-0.013407833080546615,-0.01430452039853448,-0.0188674829901869,-0.005723904945019243
2026-04-16,-0.006803906311830557,-0.009844069759882883,-0.008851983055186934,-0.014729585952138507,-0.006584172313677132
2026-04-17,-0.005151473738381,-0.006402413784439101,-0.005961676160213169,-0.007511787188824419,-0.004668336442902752
2026-04-20,0.0008289399095283286,0.0011280935042104448,0.0016868359851353865,0.003040595635036205,-0.0009646386195866377
2026-04-21,-0.005410576898467056,-0.011608490692866508,-0.008114896133687363,-0.012322056922909616,-0.004885698495691651
2026-04-22,0.003933185330046543,0.006971628372112645,0.005005074662438368,0.006379253566894176,0.003428508651648783
2026-04-23,0.0022748600507002574,0.0022515929698960838,0.0022763805261948127,0.003128321342063659,0.002215691743213797
2026-04-24,-0.007292400349921502,-0.010974194543212403,-0.009120718980921264,-0.011684068596802615,-0.007454754631355918
2026-04-27,0.002652404870077472,0.00939783313797418,0.006183811593129685,0.001808892732016565,0.0011067957060107779
2026-04-28,-0.004598201338542185,-0.008037491123749935,-0.006361180045030191,-0.0012660240704282899,-0.003759117071276589
2026-04-29,-0.0019434289169811716,-0.005231560497789922,-0.0035182646475817505,-0.003470166991906078,-0.0012545982338890923
2026-04-30,-0.010292666229392058,-0.02102459683843405,-0.0148623134670467,-0.008711396973980727,-0.008727429351472632
2026-05-06,-0.003730539418201157,-0.006888373466090388,-0.005479881002067074,-0.0034479247133242306,-0.002740829889831876
2026-05-07,0.0027204031376379147,0.0007824354651374934,0.003723608843569297,0.0012714201449300173,0.0036554645833663055
2026-05-08,-0.0037865921875280145,-0.0015679241119261923,-0.0066551736944179185,-0.004997690923896264,-0.00390448984203806
2026-05-11,0.0003483445082953286,0.0017918975077289977,0.0013977006660609718,0.0023075970847244043,-0.0007664298414389419
2026-05-12,-0.008488285724088844,-0.004731154831655286,-0.0025938094785868332,0.002888260404729101,-0.007625798522569521
2026-05-13,0.007292410115010813,0.007497743117376997,0.003451860654980549,-0.0002785716403235932,0.005609687182790366
2026-05-14,0.0010321408658636427,0.0030912341327415946,0.001564650251032341,0.0021423425347700344,7.517073724765708e-05
2026-05-15,-0.004209528990408313,-0.000734726184258962,0.00021135059088578552,0.0046564295731856865,-0.004905011444303119
2026-05-18,0.0019785211586800136,0.005836533710816627,0.004658622523935044,0.0036422894144824604,0.0023653347676177504
2026-05-19,-0.007136628248839658,0.0010587175480431974,0.0011488026160570452,0.0047748839122384035,-0.007289545391805867
2026-05-20,0.003078294665258385,-0.007275759114035207,-0.007205044517597094,-0.010531929399367299,0.002132789029038769
2026-05-21,-0.012058721906482172,0.004948315362501289,0.004654102265933691,0.011621373058648158,-0.011820462550205763
2026-05-22,-0.011208341884775659,0.009495761668335356,0.005364631290356992,0.008840771023349958,-0.012578142434194509
2026-05-25,-0.007426304182775599,-0.0031058579213241555,-0.006179923484597587,-0.0065065955587489096,-0.008286880661966959
2026-05-26,0.007946314280277858,0.0018639951248490033,0.0036822955906507214,0.003449957109488044,0.007549959215505432
2026-05-27,-0.004890044172210857,0.018112300313237642,0.00848784812094057,0.00834122072514211,-0.005439900274908049
2026-05-28,0.012032197380067784,-0.016567134249028562,-0.008259320701184202,-0.010435172349753977,0.010077882977453236
2026-05-29,0.012828371549863868,-0.019476589642475433,-0.0095708081425723,-0.008552557372032915,0.014664480379117904
2026-06-01,-0.009791808145912757,0.015239569432784915,0.0018059490414165614,0.004714163516963258,-0.011992173672827532
2026-06-02,-0.006897894899782415,0.014849150355447573,0.003090944983703556,0.006334151398231891,-0.007124885512246532
2026-06-03,-0.0036498450748440564,0.01594458476007536,0.006423496526227758,0.008952040515398964,-0.003842875935344081
2026-06-04,0.010405118631925916,-0.02432402171630578,-0.007621140699179187,-0.009178107710699598,0.009357521291378651
2026-06-05,0.006044489633366971,0.005994663420668174,0.007021906780581807,0.0037568870011981505,0.0019361633127365483
2026-06-08,-0.012766077076185225,0.00456861652440203,-0.009190206666822296,-0.0064396066187552906,-0.010668656512699378
2026-06-09,0.0098301435760021,-0.0022695955643901346,0.00761990666047943,0.005818485698142599,0.007812906508486614
2026-06-10,-0.002920481104316414,0.002552643351614865,-0.0005291410824868684,0.0004958250900243852,-0.003299782787457053
2026-06-11,-0.0012805111951799575,-0.013806009484586493,-0.006634491850717673,-0.008899265818069149,-0.00039437602935304093
2026-06-12,-0.014908975941806402,0.003885352553375944,-0.013253754699918291,-0.010672995693134167,-0.010958168520616408
2026-06-15,-0.009356096167106484,0.004491964919737916,0.0015957485498107413,-0.0012248769167912885,-0.00811579229565461
2026-06-16,-0.011907975708538129,0.008243792610334422,0.004567348140079918,0.002961449074038911,-0.011179540710031455
2026-06-17,-0.01682619363825164,0.0020126468716677864,-0.0030096418528833997,-0.006759974230350501,-0.015511621121297735
2026-06-18,-0.0069635159262864555,-0.00029714947308781894,-0.0028502861824459803,-0.0039483784306790564,-0.006073290122019408
2026-06-22,0.016260303410370686,0.006685399808685695,0.012435665146305064,0.015598595398529445,0.01429615032580311
2026-06-23,-0.01790419901633964,0.003827218606381024,-0.0066065467102095835,-0.0135830007553714,-0.017533216576274924
2026-06-24,-0.00725602468654683,0.016276053712439908,-0.0020040322323774465,-0.00772360810469889,-0.00822467585172661
2026-06-25,0.007661527070351916,0.002108883045300325,0.00655004072577466,0.008363497298021955,0.00540205542350261
2026-06-26,0.0014004479205818282,-0.0028663674566215156,-0.0027599465977415968,-0.0006981299287252139,0.0010964506259195674
2026-06-29,-0.009286011353800742,0.011157450891963553,0.018912677382987582,0.010719880175304647,-0.006990534371996293
2026-06-30,0.013357450250822269,-0.007295488836602108,-0.011889769048411169,-0.00796665286150074,0.014558337857919402
2026-07-01,0.0163362277707379,-0.016684342799926692,-0.022862957750060572,-0.013567809046374023,0.014586327794625178
2026-07-02,-0.0026328283540738287,-0.013273724222863997,-0.011146934278774424,-0.010055601290474146,-0.0019386394805819306
2026-07-03,0.005362159868347661,-0.0036169190753751026,-0.007022305642586197,-0.0032431670460659296,0.0032896001394541194
2026-07-06,7.497116136122891e-05,0.0006443527389751106,0.005643972890592283,0.003272508794451628,4.305567232590953e-05
2026-07-07,0.006144086932533658,-0.0014015511874480215,-0.009727516261653229,-0.003636998878767954,0.0030098750547845783
2026-07-08,-0.006727143539146755,0.019050650659134118,0.03891649805972837,0.028406556955406052,-0.0034933884454914797
2026-07-09,0.013132664798524573,-0.01809083792101325,-0.024963644858619953,-0.017170465778022174,0.01351893712165237
2026-07-10,0.007897107274670112,-0.0020002946401540744,-0.019792681054571052,-0.012261573449108283,0.0010134248083100267
2026-07-13,-0.010845023276031058,-0.012157804154434137,-0.012250384285463316,-0.008477869218938776,-0.009915842605950069
2026-07-14,0.015934219898311317,-0.006553039360065566,-0.004964633959064961,-0.005924128140414452,0.013377725839993554
2026-07-15,0.011538000014029569,0.00126421693351432,0.002744851134954417,-0.000553928746848318,0.009523431945236775
2026-07-16,0.018860229661277754,0.004022102300257478,0.0016344556044248365,-0.0027099837305182874,0.01184708686910452
2026-07-17,0.014594794555036412,0.013253120215152944,0.013374072927843293,0.006353677604737977,0.00852532474469209
2026-07-20,-0.024589657970806283,-0.03653153792207834,-0.036087824335570375,-0.02285422276953797,-0.01582719929383104
2026-07-21,0.006251481642596528,0.00865418369206428,0.00852641997672594,0.00499781972244255,0.004404847369277024
2026-07-22,-0.004039564595324643,-0.010705317820880626,-0.010552149528103244,-0.008969055695764573,-0.003900538017983839
2026-07-23,0.0016115687260614144,0.00563709477215108,0.005680226453337725,0.005218760059307351,-0.0011882916432539668
2026-07-24,-0.007047425680783771,-0.01277804269922111,-0.01225575922663796,-0.008420987723316955,-0.003962872081396831
2026-07-27,0.0396031185519378,0.05054523091301633,0.03925334035497044,0.04922376621949961,0.0365465257729328
2026-07-28,0.007876517900766856,0.012574712009260504,0.00557428018717657,0.012947024111601169,0.008102955437822992
