date,momentum_20,reversal_5,volatility_20,size,liquidity,value_proxy,quality_proxy
2021-01-04,0.0,0.0,0.0,0.0,0.0,0.0,0.0
2021-01-05,0.0,0.0,0.0,0.0,0.0,0.0,0.0
2021-01-06,0.0,0.0,0.0,0.0,0.0,0.0,0.0
2021-01-07,0.0,0.0,0.0,0.0,0.0,0.0,0.0
2021-01-08,0.0,0.0,0.0,0.0,0.0,0.0,0.0
2021-01-11,0.0,0.0,0.0,0.0,0.0,0.0,0.0
2021-01-12,0.0,0.0,0.0,0.0,0.0,0.0,0.0
2021-01-13,0.0,0.0,0.0,0.0,0.0,0.0,0.0
2021-01-14,0.0,0.0,0.0,0.0,0.0,0.0,0.0
2021-01-15,0.0,0.0,0.0,0.0,0.0,0.0,0.0
2021-01-18,0.0,0.0,0.0,0.0,0.0,0.0,0.0
2021-01-19,0.0,0.0,0.0,0.0,0.0,0.0,0.0
2021-01-20,0.0,0.0,0.0,0.0,0.0,0.0,0.0
2021-01-21,0.0,0.0,0.0,0.0,0.0,0.0,0.0
2021-01-22,0.0,0.0,0.0,0.0,0.0,0.0,0.0
2021-01-25,0.0,0.0,0.0,0.0,0.0,0.0,0.0
2021-01-26,0.0,0.0,0.0,0.0,0.0,0.0,0.0
2021-01-27,0.0,0.0,0.0,0.0,0.0,0.0,0.0
2021-01-28,0.0,0.0,0.0,0.0,0.0,0.0,0.0
2021-01-29,0.0,0.0,0.0,0.0,0.0,0.0,0.0
2021-02-01,0.0,0.0,0.0,0.0,0.0,0.0,0.0
2021-02-02,0.0,0.0,0.0,0.0,0.0,0.0,0.0
2021-02-03,0.0,0.0,0.0,0.0,0.0,0.0,0.0
2021-02-04,0.0,0.0,0.0,0.0,0.0,0.0,0.0
2021-02-05,0.0,0.0,0.0,0.0,0.0,0.0,0.0
2021-02-08,0.0,0.0,0.0,0.0,0.0,0.0,0.0
2021-02-09,0.0,0.0,0.0,0.0,0.0,0.0,0.0
2021-02-10,0.0,0.0,0.0,0.0,0.0,0.0,0.0
2021-02-18,0.0,0.0,0.0,0.0,0.0,0.0,0.0
2021-02-19,0.0,0.0,0.0,0.0,0.0,0.0,0.0
2021-02-22,0.0,0.0,0.0,0.0,0.0,0.0,0.0
2021-02-23,0.0,0.0,0.0,0.0,0.0,0.0,0.0
2021-02-24,0.0,0.0,0.0,0.0,0.0,0.0,0.0
2021-02-25,0.0,0.0,0.0,0.0,0.0,0.0,0.0
2021-02-26,0.0,0.0,0.0,0.0,0.0,0.0,0.0
2021-03-01,0.0,0.0,0.0,0.0,0.0,0.0,0.0
2021-03-02,0.0,0.0,0.0,0.0,0.0,0.0,0.0
2021-03-03,0.0,0.0,0.0,0.0,0.0,0.0,0.0
2021-03-04,0.0,0.0,0.0,0.0,0.0,0.0,0.0
2021-03-05,0.0,0.0,0.0,0.0,0.0,0.0,0.0
2021-03-08,0.0,0.0,0.0,0.0,0.0,0.0,0.0
2021-03-09,0.0,0.0,0.0,0.0,0.0,0.0,0.0
2021-03-10,0.0,0.0,0.0,0.0,0.0,0.0,0.0
2021-03-11,0.0,0.0,0.0,0.0,0.0,0.0,0.0
2021-03-12,0.0,0.0,0.0,0.0,0.0,0.0,0.0
2021-03-15,0.0,0.0,0.0,0.0,0.0,0.0,0.0
2021-03-16,0.0,0.0,0.0,0.0,0.0,0.0,0.0
2021-03-17,0.0,0.0,0.0,0.0,0.0,0.0,0.0
2021-03-18,0.0,0.0,0.0,0.0,0.0,0.0,0.0
2021-03-19,0.0,0.0,0.0,0.0,0.0,0.0,0.0
2021-03-22,0.0,0.0,0.0,0.0,0.0,0.0,0.0
2021-03-23,0.0,0.0,0.0,0.0,0.0,0.0,0.0
2021-03-24,0.0,0.0,0.0,0.0,0.0,0.0,0.0
2021-03-25,0.0,0.0,0.0,0.0,0.0,0.0,0.0
2021-03-26,0.0,0.0,0.0,0.0,0.0,0.0,0.0
2021-03-29,0.0,0.0,0.0,0.0,0.0,0.0,0.0
2021-03-30,0.0,0.0,0.0,0.0,0.0,0.0,0.0
2021-03-31,0.0,0.0,0.0,0.0,0.0,0.0,0.0
2021-04-01,0.0,0.0,0.0,0.0,0.0,0.0,0.0
2021-04-02,0.0,0.0,0.0,0.0,0.0,0.0,0.0
2021-04-06,0.0,0.0,0.0,0.0,0.0,0.0,0.0
2021-04-07,0.0,0.0,0.0,0.0,0.0,0.0,0.0
2021-04-08,0.0,0.0,0.0,0.0,0.0,0.0,0.0
2021-04-09,0.0,0.0,0.0,0.0,0.0,0.0,0.0
2021-04-12,0.0,0.0,0.0,0.0,0.0,0.0,0.0
2021-04-13,0.0,0.0,0.0,0.0,0.0,0.0,0.0
2021-04-14,0.0,0.0,0.0,0.0,0.0,0.0,0.0
2021-04-15,0.0,0.0,0.0,0.0,0.0,0.0,0.0
2021-04-16,0.0,0.0,0.0,0.0,0.0,0.0,0.0
2021-04-19,0.0,0.0,0.0,0.0,0.0,0.0,0.0
2021-04-20,0.0,0.0,0.0,0.0,0.0,0.0,0.0
2021-04-21,0.0,0.0,0.0,0.0,0.0,0.0,0.0
2021-04-22,0.0,0.0,0.0,0.0,0.0,0.0,0.0
2021-04-23,0.0,0.0,0.0,0.0,0.0,0.0,0.0
2021-04-26,0.0,0.0,0.0,0.0,0.0,0.0,0.0
2021-04-27,0.0,0.0,0.0,0.0,0.0,0.0,0.0
2021-04-28,0.0,0.0,0.0,0.0,0.0,0.0,0.0
2021-04-29,0.0,0.0,0.0,0.0,0.0,0.0,0.0
2021-04-30,1.0673776869968887,1.0011120759256988,0.14200198519854984,0.38875368260466076,0.2874950975935427,0.0,0.7735366999723875
2021-05-06,1.1663456545235606,0.9062747474336492,0.09599032828640199,0.29225111209119303,0.21978720233156412,0.0,0.9140875162383111
2021-05-07,1.0742011255587511,0.5957296279033495,-0.09848623664862817,0.05528876413351269,0.0003035827269474015,0.0,0.5513321861996321
2021-05-10,0.7807650404692522,0.41640359895010093,-0.11204057909149659,-0.009685084243476916,-0.08760044756648946,0.0,0.26067549484493024
2021-05-11,0.8946517092308738,0.3414089513497118,-0.14446656672691527,0.0023746524509822833,-0.07977718002658024,0.0,0.334368438999299
2021-05-12,0.8165735401944821,0.3894990426812737,-0.04875365188724779,0.24559014293461773,0.05222559702426415,0.0,0.307699966028326
2021-05-13,0.8278366875567678,0.3059227115611668,0.11719290699475018,0.27321762593126375,0.15219659150605633,0.0,0.5134259836320719
2021-05-14,1.0228380505892312,0.03484543439446921,0.10911585089267527,0.1757654441383337,0.09447947339936837,0.0,0.7376452586211545
2021-05-17,0.8272396952994829,0.1099336794171188,0.08654374040310246,0.07082151020044365,0.047321554421803316,0.0,0.48642969618390686
2021-05-18,0.8190214801304815,-0.04378520978384928,-0.014079140825386445,-0.0036193290726936073,-0.05393515532688761,0.0,0.4662427209424919
2021-05-19,0.6081220411798606,-0.06379640313945868,0.018095312089323017,0.0014314317615993725,0.08863047777254102,0.0,0.3621492340020001
2021-05-20,0.4957244573288639,-0.033336289711055955,0.012713386459917823,0.1019105841112074,0.0756355451473151,0.0,0.1416297045386227
2021-05-21,0.522619578519455,0.1195810129896669,-0.03338401368526191,0.14009758904808106,0.09473971384370608,0.0,-0.0467086628476039
2021-05-24,0.5835277892290979,0.14618326738807852,0.032026224277637,0.105437301319128,0.119100713073038,0.0,0.07845774821409902
2021-05-25,0.7841946577000425,0.35612662272343637,0.2952053503261991,0.5036523684389689,0.43988552659554087,0.0,0.3025189975398437
2021-05-26,0.6292804547676678,0.2531625100177076,0.34923934494441244,0.4178081386078889,0.4222950287387566,0.0,-0.07764163749147199
2021-05-27,0.7389724062105847,0.635554060252172,0.5068896557612945,0.6393595943218704,0.6266940751491968,0.0,0.0915030976896902
2021-05-28,0.5191525001380147,0.5101102407922317,0.38127128396183096,0.6204079544186477,0.49752947404905756,0.0,-0.1413431240649886
2021-05-31,0.5437241717613848,0.571973296278731,0.3726044873502882,0.7266004600921783,0.5087663367430748,0.0,-0.2539125477085486
2021-06-01,0.29129539523018455,0.7545528073663289,0.35229051269032374,0.5862554208791226,0.500160937017135,0.0,-0.6131092444849165
2021-06-02,0.31901300985043424,0.8092617423358175,0.3596460605223023,0.6579718809965608,0.5371653702297896,0.0,-0.7480335220709363
2021-06-03,0.3706188753994365,0.7958483027292227,0.2601630353093699,0.6129613607282884,0.4458223999194979,0.0,-0.9278078469971067
2021-06-04,0.40150414424305386,1.2367472296472883,0.3988327815420151,0.8495396468792709,0.6629049221352545,0.0,-0.9590631702170673
2021-06-07,0.609464636601283,1.2230395076770502,0.44589676148001967,0.866268286729817,0.6777266066666445,0.0,-0.7433187092895585
2021-06-08,0.4266724279529787,1.2012929807040382,0.4751033628102813,0.7161541215520989,0.6856953760413523,0.0,-0.8082142163748399
2021-06-09,0.5260440183370227,0.9832898392129842,0.3717513342484451,0.5314831405582517,0.5485030385956922,0.0,-0.7397066326383973
2021-06-10,0.6883472186767404,0.9071744058053581,0.377820074200455,0.4479918445988355,0.5334554046585426,0.0,-0.40939116165281936
2021-06-11,0.693962653046095,0.8803757461842266,0.5335002377984205,0.6916793915327852,0.6868677356271091,0.0,-0.15957825279363846
2021-06-15,0.4770358900586396,0.8240260430255714,0.3931828105322333,0.6621745658280208,0.5119156902846442,0.0,-0.556851832600136
2021-06-16,0.3487067794752626,0.8497572339904574,0.27505426342208456,0.5236665475546699,0.45155531394546505,0.0,-0.46419467971556166
2021-06-17,0.5270546827827504,0.9813570852745486,0.21433688082205601,0.6218660353472533,0.3571673795271273,0.0,-0.06838129602118226
2021-06-18,0.5243396161044587,0.9802856475084315,0.32661937238663574,0.6951161857733477,0.41047955149372556,0.0,-0.03222248525182008
2021-06-21,0.5356001422110117,0.8424239091941408,0.24988920213991747,0.5978657652589612,0.38518314907481416,0.0,0.14073853897029415
2021-06-22,0.5239938664413922,1.0117236713957192,0.4803121064745486,0.7712165833338767,0.639300114797672,0.0,0.15274882252289498
2021-06-23,0.8946075808802993,1.0075624300738233,0.4316272846398382,0.9974362000917665,0.6916655175954153,0.0,0.5083979730789215
2021-06-24,0.9423619739996972,0.9238096144739473,0.3104068498938614,0.7939727776306242,0.5353091449298578,0.0,0.751635505293662
2021-06-25,0.8687764612506944,0.8379627244804025,0.25898018949293344,0.8543494957910579,0.5255136934943578,0.0,0.7043607310322518
2021-06-28,0.6937550458343191,0.9284840019867996,0.3917506560100262,0.7101503334508295,0.5797970692350487,0.0,0.6316932600617026
2021-06-29,0.7511902677605667,0.8751772962544143,0.26474739566773414,0.7558260193197077,0.496167753649239,0.0,0.7468511859838635
2021-06-30,0.7390996787779585,0.894334797955517,0.28279617871224655,0.7048349670172327,0.512271413903794,0.0,0.6858851008558116
2021-07-01,0.6025124399984713,0.8816239390183045,0.14561104122614651,0.5833614774973032,0.2985555962782283,0.0,0.6597792555041953
2021-07-02,0.48990406444756807,0.7847363296302143,-0.004304287639891408,0.47816694826809447,0.16911774433642596,0.0,0.6241754916830738
2021-07-05,0.42838227926708766,0.7989122769142754,0.01368039575145115,0.3716019517747525,0.13582267421185595,0.0,0.5938859493718749
2021-07-06,0.5837729636284054,0.7193982060794115,-0.05798998811845063,0.36754927856157416,0.04389109126526547,0.0,0.8527197442415906
2021-07-07,0.5431366555802651,0.7073763015516847,0.07419270895797381,0.3440331631896686,0.08546907395794323,0.0,0.705333305222575
2021-07-08,0.4711729880334552,0.7686268310277586,0.1645562727251222,0.5168639124222421,0.2787930429036928,0.0,0.5811980963743062
2021-07-09,0.7387646115905606,0.7791508845280468,0.10626523198307859,0.5821605071792306,0.24705315670710248,0.0,0.7807955487758318
2021-07-12,0.45920570158966567,0.8801478572051442,0.17185413441928826,0.46610128968370856,0.32042378739768707,0.0,0.5152585662094337
2021-07-13,0.6334355567342129,0.8108287655197162,0.013941258641991153,0.4226966838171538,0.23703140276097623,0.0,0.9426014829929363
2021-07-14,0.5443630464045178,0.8351569408699783,0.0947784891399621,0.19855052846511495,0.2325276573370168,0.0,0.7877784178270884
2021-07-15,0.5436047889627036,0.774563163958249,0.19690160096245113,0.24841529991609246,0.3242416175798303,0.0,0.6564638638563298
2021-07-16,0.39700340569487347,0.6729779142246732,0.06675780200985373,0.013982820528243262,0.15757950057356238,0.0,0.5904570819062139
2021-07-19,0.41104255023916403,0.6664944273360479,0.12133135973301155,0.04277050604515713,0.17647663601953306,0.0,0.5481181182551419
2021-07-20,0.3333729703221748,0.7049212358834014,0.13831513659811545,-0.039342758084157436,0.161890475186406,0.0,0.42959276941450514
2021-07-21,0.46966172232542586,0.6472597320383296,0.09973402505222627,-0.033700400875278494,0.12573320266838928,0.0,0.6878037388553949
2021-07-22,0.5461215163470694,0.4592307420931238,0.1829721574135832,0.21161630490684724,0.2739804326091415,0.0,0.5897819903152863
2021-07-23,0.5079210672331167,0.3047794191429445,0.2111216101519482,0.2204863263070434,0.2876838508954174,0.0,0.5537916408348187
2021-07-26,0.39838480001866716,0.25965200788107834,0.0629665432585082,0.21053282492860212,0.038973501079806155,0.0,0.43240869059953074
2021-07-27,0.2896713698040495,0.10732631140590322,-0.1917948258226893,-0.03963595739049641,-0.14936402075012556,0.0,0.44673305823518983
2021-07-28,0.46843550347525215,-0.012341639261585921,-0.44680998778777575,0.32164277012105497,-0.3194594777677601,0.0,0.5129079937704689
2021-07-29,0.6287825351093501,-0.3117978078780417,-0.38868384949428547,0.2819638153808029,-0.2922036320686804,0.0,0.6406076682470543
2021-07-30,0.6261243773258153,-0.44530047108080695,-0.2557269875903516,0.33283280009755667,-0.1677125153569008,0.0,0.5774270048567425
2021-08-02,0.5554635864176725,-0.457263358109256,-0.3118328126084342,0.4855511790281174,-0.056388289994390633,0.0,0.6400895045044988
2021-08-03,0.35009803074638435,-0.3522399623976974,-0.25104503694699976,0.36392362076169854,-0.048826418104447544,0.0,0.37798120649859346
2021-08-04,0.4466279731269855,-0.4515362004132967,-0.3782549340346882,0.346169985756116,-0.1279134725567386,0.0,0.5962871363416964
2021-08-05,0.5930192450719136,-0.5432631547926972,-0.42180029918778045,0.3251875119607776,-0.15069176495399672,0.0,0.6133386442883111
2021-08-06,0.41376322861856546,-0.36942585237037057,-0.3499757055849893,0.3787980421035852,-0.0725488707452635,0.0,0.40724391235071694
2021-08-09,0.2949629122270043,-0.3108558033413916,-0.2735481650039969,0.3921116709741357,-0.05701005075975485,0.0,0.21864371362696844
2021-08-10,0.549716663652478,-0.4155239176233363,-0.4927379241317442,0.38485445434807675,-0.23741747422838488,0.0,0.49806556965291204
2021-08-11,0.4991716658868299,-0.40928696971475326,-0.4104540473796961,0.6716762352393953,-0.14763531599769913,0.0,0.4257925341180439
2021-08-12,0.5368837292986229,-0.4059781339767775,-0.4723795271183734,0.5333529155823873,-0.18957516017367004,0.0,0.5074856034758418
2021-08-13,0.3305816016855494,-0.3777201120300807,-0.39935773622331694,0.6081347119177916,-0.14765243827993474,0.0,0.2003361913544806
2021-08-16,0.2648701051559404,-0.38072335231000565,-0.32822506896260484,0.5730471893343161,-0.07279179548482655,0.0,0.019221549201580437
2021-08-17,0.04231360937042269,-0.5239938372248403,-0.18764762223703924,0.5672377310754827,0.08787476648238512,0.0,-0.26551545516829034
2021-08-18,-0.06017850975820538,-0.5198574506575158,-0.20879372711103716,0.5219228539997983,0.08735170214624963,0.0,-0.3256052846994093
2021-08-19,-0.20758402212241828,-0.3646970683105196,-0.1609755429738946,0.4214943582753371,0.11093744973724186,0.0,-0.45691415069258123
2021-08-20,-0.5477679910086177,-0.1980245149064735,-0.14750511707171576,0.2499049141968397,0.0978278602114836,0.0,-0.7535816964530797
2021-08-23,-0.4862480154517271,-0.1637197863626763,-0.054892279774198305,0.16173977199030393,0.16132301543669658,0.0,-0.6743234808081353
2021-08-24,-0.24312215348158783,-0.2488625496906125,0.00872090988855831,0.426344321754468,0.21212561928960608,0.0,-0.5199622870251748
2021-08-25,-0.44181656265421304,0.09283257802321007,0.3365248937887211,0.44977274756329155,0.5776246801076395,0.0,-0.6388477461163775
2021-08-26,-0.44665925185454786,0.34900924537055833,0.40599120718516024,0.3625056231715841,0.5425279295406978,0.0,-0.5742153501041416
2021-08-27,-0.30669292180967,0.2486624466835587,0.3526097681833771,0.5197738845152593,0.536409265373819,0.0,-0.35072024666694945
2021-08-30,0.07055813215172307,0.21712882241118714,0.29461899141746534,0.6857680638454497,0.4947668900842371,0.0,0.02508340224911454
2021-08-31,-0.27019662675461054,0.20822323358316075,0.5103420386639991,0.6133290824147135,0.770003562787662,0.0,-0.3809799776382734
2021-09-01,-0.1266889716400337,0.1826749942518917,0.5483810443584388,0.6555431919317908,0.8095132720916903,0.0,-0.2789097097915266
2021-09-02,-0.1429931510500122,0.035380159938896844,0.4455961725036546,0.5653687134113643,0.6562500240949665,0.0,-0.22066378772584783
2021-09-03,0.09750000426144513,-0.1494136594412,0.32769339422153915,0.5841940062971425,0.5330964120027154,0.0,0.0633849049186943
2021-09-06,0.4592232258899225,-0.196440811072853,0.33785651419779267,0.6405606676046688,0.5462798909417688,0.0,0.3530267116251076
2021-09-07,0.3190017511769924,0.028751942094997714,0.5341457294718855,0.5751656104671758,0.6088290538353562,0.0,0.11259076683589603
2021-09-08,0.6418741683153127,-0.16264681497648065,0.5614313693030565,0.48968459979895457,0.6034141375186576,0.0,0.31802249912033076
2021-09-09,0.45486503534659056,-0.018609762159796248,0.6221780375788799,0.57080876201207,0.6654873525288889,0.0,0.24193958621036105
2021-09-10,0.5481313145098412,-0.018295778247272965,0.5364909933924671,0.5671479915539619,0.5988713187771983,0.0,0.37867335346051356
2021-09-13,0.5914999872835052,-0.04706763069972597,0.4225789173993934,0.5019676569470738,0.5026121816680879,0.0,0.5170264957361065
2021-09-14,0.5369362316730792,-0.1177237369153093,0.42334180073299715,0.5248560201615284,0.4923168360449092,0.0,0.4456258361656627
2021-09-15,0.5927792328920658,-0.2754002632410465,0.42873500936085557,0.3164905275533484,0.4101422131060555,0.0,0.28298280223586103
2021-09-16,0.12952885328977065,-0.18459260881728856,0.29834378693602903,0.10507917540685198,0.29251881298948257,0.0,-0.009493143659460898
2021-09-17,0.3012942906276227,-0.4754070326215937,0.3549175837938012,0.04019411244407914,0.2742540639954102,0.0,0.007185468912455695
2021-09-22,0.3045858250203753,-0.3153427786125031,0.3993531237445451,0.10578329184582223,0.363524191679955,0.0,-0.08847351061329818
2021-09-23,0.32373030110023765,-0.28569768009646357,0.4008140879152544,0.17230934840118528,0.36496969004956825,0.0,-0.04317946994115683
2021-09-24,-0.02787944970383971,-0.34750856329938506,0.26969098372609823,-0.19115620955060497,0.3407330765489379,0.0,-0.5059012389114975
2021-09-27,-0.1784689462387861,-0.10522634831074765,0.35202992703196107,-0.055881550238162526,0.5620513545044498,0.0,-0.7322937696068197
2021-09-28,-0.05660414600189227,0.026722264648638305,0.2751152466706342,-0.05939586031055531,0.6093073136015404,0.0,-0.626858718125345
2021-09-29,-0.45008898261395186,-0.019149055054395514,0.10186779531029308,-0.11650552276914221,0.48234037862811047,0.0,-0.7808971386124206
2021-09-30,-0.2854536869987732,-0.1876431013756072,-0.024877814694000064,-0.106481293813968,0.43216973329297576,0.0,-0.6619015988448159
2021-10-08,-0.7473392928780358,-0.09198126491551045,0.20371680876248482,-0.29385745712060424,0.4835917916053408,0.0,-1.077251980710856
2021-10-11,-0.37375216179426196,-0.16336750811597744,0.10951170849666383,-0.3072362295135814,0.4977768605019435,0.0,-0.8352851319384406
2021-10-12,-0.29061722418418034,-0.44591320702932946,0.18771094783295217,-0.5036996131546565,0.39174385387922456,0.0,-0.9146709421239587
2021-10-13,-0.5112139913825313,-0.31899689510873525,0.16590964031063954,-0.397300947356038,0.48409960747751474,0.0,-0.9111531031120114
2021-10-14,-0.5387167100083022,-0.3797444717184659,0.3044243863887405,-0.5199811180201871,0.5091733961330602,0.0,-1.0801581869838295
2021-10-15,-0.7181924116844769,-0.33635879260001145,0.3378151934268594,-0.42417442932340255,0.6139742196144932,0.0,-1.1273593804176507
2021-10-18,-0.4992915263957931,-0.5384133904046549,0.41072324586473224,-0.43171133562239683,0.5867283599433475,0.0,-1.1754482342017964
2021-10-19,-0.6287448264327059,-0.3050026173273945,0.42296572200804794,-0.3591780794088259,0.62787243403659,0.0,-1.265539822631928
2021-10-20,-0.5135876410287306,-0.40048745649674733,0.41516455998257296,-0.3716387982155852,0.6233054931216477,0.0,-1.1598449837984137
2021-10-21,-0.5475012264384658,-0.4267315485791032,0.40161624490544107,-0.4445888792043229,0.6402472915248352,0.0,-1.1710719663488964
2021-10-22,-0.6054005176878022,-0.44964957167002534,0.12503449330184518,-0.37261668286659705,0.5114368700011995,0.0,-0.9131206043634613
2021-10-25,-0.4860572709101204,-0.44033121067905734,0.15363924198232612,-0.39305442144220337,0.47194485092993577,0.0,-0.8170479774869109
2021-10-26,-0.6357161524283766,-0.286158199868234,0.23847403623017052,-0.43350962662894776,0.5441202418232747,0.0,-0.8952715457263583
2021-10-27,-0.523423055531209,-0.2006166188089818,0.2423099270291726,-0.5751483184776948,0.537591443251626,0.0,-0.8373320185921659
2021-10-28,-0.2194802799660489,-0.05564567853039132,0.30032928839624695,-0.5577727625820385,0.5729640362652251,0.0,-0.7079710280913205
2021-10-29,0.03525826593420629,0.19764191576264323,0.15898017471991255,-0.1851445226333689,0.4938558167743385,0.0,-0.15510985762532314
2021-11-01,-0.1844121595178226,0.13692262505109273,0.12601796568842874,-0.24462637176628807,0.4297809263153533,0.0,-0.3210141520826952
2021-11-02,-0.19597071672977082,0.1689822402791772,-0.047952422677113686,-0.1806889913285963,0.3305178593315523,0.0,-0.11179211269555564
2021-11-03,-0.06660281424000936,-0.021691682501420395,0.09684850840096018,-0.30865221224472283,0.32233253455131916,0.0,-0.21334626817435906
2021-11-04,0.028398666721808942,0.13419569142941623,0.12295067929934031,-0.06126760473297967,0.35664267206306727,0.0,0.11096874369247464
2021-11-05,0.11116268844541896,0.119100544166269,0.08847352440177475,-0.0005756185282901269,0.32377691187476926,0.0,0.04428890858155641
2021-11-08,0.14551621828973316,0.1686365552660172,0.06875069559782843,0.16078972461558114,0.3598956392514613,0.0,0.04678815546947129
2021-11-09,0.11336775529616908,0.4049286234075751,0.08321081354310947,0.24489715499169873,0.5161904135290777,0.0,0.1433040941509699
2021-11-10,0.20701648074529005,0.28260633049993633,-0.0034504238617480143,0.08021697635846124,0.3985151485113169,0.0,0.06926646649023217
2021-11-11,0.2963445225145841,0.17979056281762537,0.12308015243457757,0.08745673713267785,0.516849249670831,0.0,-0.05521785992239048
2021-11-12,0.4092539846049663,0.19152171360094483,0.2689968919048506,0.01838590829013953,0.4338220461191705,0.0,-0.1768775400712358
2021-11-15,0.4261690158618669,0.1338732616105345,0.23538681731793318,0.10917765914703395,0.45715842911330273,0.0,-0.17999044154031837
2021-11-16,0.4146702895975938,0.1538662288670134,0.30440146994114814,0.14023488892342395,0.49492987027020807,0.0,-0.2648682976875474
2021-11-17,0.3417399147145022,0.1274409827827953,0.35430898832117524,0.26966722282713346,0.4882826325432555,0.0,-0.2648934455153977
2021-11-18,0.3814498612092376,0.08435642169058072,0.33235715468993726,0.42139492751689456,0.5142312789163606,0.0,-0.07256637092117299
2021-11-19,0.40111021040451544,0.2634028465120831,0.5119411496363093,0.366413886238523,0.6478260232019449,0.0,-0.2709233922812128
2021-11-22,0.4949947541961901,0.24862430452420134,0.596295032406891,0.34476387103709855,0.6596895832846414,0.0,-0.17067840787801467
2021-11-23,0.3917379659548942,0.6035553884236213,0.667390468635551,0.5740628747175186,0.7609227593243929,0.0,-0.2286418918810956
2021-11-24,0.20861049760444253,0.6693254610989672,0.5677672842880075,0.68272503148632,0.711251767329736,0.0,-0.23554713889886283
2021-11-25,0.12094681903784876,0.8013806141597034,0.5279446428292762,0.5381677315825181,0.6541073044517481,0.0,-0.19102256080006041
2021-11-26,0.12969975031989728,0.7607750372686246,0.34979326852249065,0.5001674356916185,0.49774567526275365,0.0,-0.13575353459384568
2021-11-29,0.05998172221280501,0.9860864176132906,0.4332008145023217,0.5331744074812592,0.5448423297003147,0.0,-0.053979890547119214
2021-11-30,0.180374141141642,0.8629486258433814,0.4017930038051577,0.5663723250212948,0.5148775735945322,0.0,-0.11911012825617123
2021-12-01,0.09128410712897239,0.968084765088851,0.5040898123893813,0.41023581951378796,0.5747976871784258,0.0,-0.11156814143023622
2021-12-02,-0.012567853951060443,1.1607098696251008,0.41815672945542304,0.44726591029707974,0.4841399359954821,0.0,-0.0409641380327683
2021-12-03,-0.03513259669605079,1.0475513421974196,0.41649015942723805,0.5222018234936472,0.47149441020542765,0.0,-0.020798700573228857
2021-12-06,-0.17293248789797355,0.9277963122697833,0.33391842718191506,0.3936620794708547,0.4376060411414509,0.0,-0.07210887333797195
2021-12-07,-0.11611948672408962,0.9546151415619141,0.3288808394866068,0.37708630640884705,0.43961646532934034,0.0,-0.010042520480817434
2021-12-08,-0.020014755012029692,0.9177129542211845,0.282974170865266,0.267478031935563,0.39912276054642626,0.0,-0.05583964679718127
2021-12-09,-0.12583719362857432,0.8864367738828166,0.2697476770503831,0.22859602020933462,0.3952687896863243,0.0,-0.07669042268638131
2021-12-10,-0.14581774153875848,0.7821530065405655,0.24487708836056832,0.1778813039029178,0.3656591982938484,0.0,-0.06561511503165454
2021-12-13,-0.17720364904621352,0.6812904733127253,0.29954519927984774,0.1853303408333964,0.38709150151552246,0.0,-0.09602290516004644
2021-12-14,-0.25696632746773107,0.6487844804369852,0.30838162252688606,0.07605859829759692,0.3145071972137359,0.0,-0.08754492796807264
2021-12-15,-0.25929527215538994,0.5554032979598287,0.35844781204746656,-0.08245886362756247,0.2766824100725659,0.0,-0.1478678445747339
2021-12-16,-0.21065340694474294,0.6673496806587176,0.3794628553254888,0.030130599473711953,0.3226216102509993,0.0,-0.09056059790536959
2021-12-17,-0.24470816952615565,0.5724018899382237,0.4199753039348441,-0.07961840375739337,0.2726915625146702,0.0,-0.20334239744854854
2021-12-20,-0.20115484083720886,0.5614995789036754,0.36885377045137047,-0.12884066340267297,0.2396864677642121,0.0,-0.13106632363968634
2021-12-21,-0.12573845722320015,0.651752235753543,0.34244481956217515,-0.12896347220215548,0.2453099888565996,0.0,-0.07669834283304916
2021-12-22,-0.09115626519239986,0.6571198222782607,0.30355198565932817,-0.17923257587342936,0.18952588339288975,0.0,-0.16025509414629183
2021-12-23,-0.07422154470301608,0.5425097477100169,0.36749540202823383,-0.16078449272514267,0.2704926747370711,0.0,-0.19197871667992233
2021-12-24,-0.015609020326977023,0.6046752808687587,0.4914312782965677,-0.20078156510500847,0.45613839905909254,0.0,-0.20564402325104789
2021-12-27,0.016109494606616738,0.48832971662954194,0.5275200956875407,-0.18867253941591572,0.46175661777341953,0.0,-0.09098855480249207
2021-12-28,0.015399892778190802,0.479056845594667,0.4287983847705248,-0.1866276964194822,0.39870946919864003,0.0,-0.020776697167168484
2021-12-29,0.0765554621496208,0.45316381794008836,0.36493357591153336,0.007649397872838477,0.38208270598810284,0.0,0.07494663334017951
2021-12-30,0.17111488695740057,0.3233474367492413,0.3978476674650495,-0.05154688088683711,0.38717493763805644,0.0,0.07584174819229492
2021-12-31,0.22897108288740406,0.2841949137170243,0.3510738722921419,0.0010470896343483926,0.3539470043498814,0.0,0.16175519074020578
2022-01-04,0.2023059903960472,0.6089514257792826,0.22806359474103752,0.11099814938999769,0.28320709028007734,0.0,0.16337367422190877
2022-01-05,0.20678122293976922,0.5569996411708215,0.38032719486962496,0.1536884343268027,0.4549927956407436,0.0,0.07579976878875062
2022-01-06,0.2900350221328613,0.49072303013849516,0.22118950108708935,0.3233783244268314,0.45620062988177,0.0,0.09855431940723347
2022-01-07,0.4153031748844951,0.4695688417076048,0.27026919727768567,0.31060992226422285,0.4834951689092656,0.0,0.11994914986928643
2022-01-10,0.4332586644373553,0.4108771300853117,0.4262509649119426,0.26405262524910633,0.6196997351908368,0.0,0.1509776070436238
2022-01-11,0.3073058278178797,0.2943157242920921,0.47883739274990156,0.125843912046883,0.6005921591715683,0.0,-0.052860135355733195
2022-01-12,0.22550173967463152,0.21566378439652467,0.40904080618036326,0.13815093959809446,0.5546298103501955,0.0,-0.06457320625447155
2022-01-13,0.15347028021904935,-0.035071708330902986,0.40516651760941097,0.0624745303046523,0.5222022060689024,0.0,-0.1316574560562343
2022-01-14,0.1081808892042631,-0.05184389661435333,0.3146721771803235,0.04542370458278509,0.46491057641228795,0.0,-0.11566463355494433
2022-01-17,0.1768644312355659,-0.12661055441006286,0.33860881433328555,0.046468568085916276,0.4684440947216851,-3.0,-0.10761248951843559
2022-01-18,-0.003566161020262906,0.04969188338661428,0.29936228892068995,0.014678571460744175,0.4184976971459472,-3.0,-0.2380128690976459
2022-01-19,0.09098814494644811,-0.09868168556936097,0.4418527301381632,-0.2364937126186459,0.39084157694661925,-1.8834077068349597,-0.35421724191637427
2022-01-20,-0.008654293068024944,0.08071627265424187,0.46251647380783484,-0.0825734488296188,0.5221427842394017,-1.3232799221120322,-0.34354767466496133
2022-01-21,-0.18431157546943697,0.22036990521561522,0.25113961348158464,-0.0228007822877052,0.4179975442624801,-3.0,-0.360934259199003
2022-01-24,-0.1973466510065555,0.30797384938819,0.18333445614566982,-0.1337709477602615,0.39647307791768677,-3.0,-0.3604142781847805
2022-01-25,-0.1479077291374227,0.11233974388557941,0.06964533114097846,-0.29544061185372955,0.3079244949609083,-3.0,-0.47939615819719056
2022-01-26,0.042970127438183216,0.09409582855894598,0.13289665327049432,-0.4796525143369576,0.24884643855073313,-3.0,-0.36568358932851014
2022-01-27,-0.13332664881191408,-0.024164530543373777,0.09425280005378908,-0.6310695734599666,0.14577507298772727,-2.249524369908374,-0.5474046766498843
2022-01-28,-0.2957343802480851,-0.026795572170887495,-0.02381160320806528,-0.6938742508107507,0.03291168452182749,-3.0,-0.6161543136101155
2022-02-07,-0.3121970989456815,-0.06879754990635673,-0.049611050476658425,-0.733952512511934,-0.05018654434689762,-3.0,-0.6106539434804541
2022-02-08,-0.42740920205590144,-0.04619542210932871,-0.1791512758392742,-0.5713384616947675,-0.11817459249238164,-3.0,-0.4960915816063193
2022-02-09,-0.31007630113342793,-0.1756524381551987,-0.03908852163895091,-0.6839767188908512,-0.05520537427202374,-3.0,-0.42510743752203745
2022-02-10,-0.37651241028173255,0.09479558959741971,-0.044261440230444135,-0.6129943370711444,0.012958468769036294,-2.5207374030636043,-0.272705743270123
2022-02-11,-0.40855609161605716,0.04263333146889468,-0.17158297115578927,-0.7169797868043057,-0.10521088172880746,-3.0,-0.32543509408227617
2022-02-14,-0.5241594901988668,-0.08334846668160337,-0.22761067831376244,-0.6768557897194537,-0.08542528267766455,-2.6872646061196375,-0.3593059167749181
2022-02-15,-0.24669865150022013,-0.13049653370225037,-0.19773644632744103,-0.5918946952658501,0.018884184633197614,-3.0,-0.17065043139789074
2022-02-16,-0.19677981577463607,-0.1545256756177157,-0.22143452504184244,-0.5850221460473152,-0.03227760411799569,-3.0,0.013805787624198478
2022-02-17,-0.023344824096180085,-0.2781499925012646,-0.033671793063543155,-0.7532984921831853,-0.0699957322732416,-3.0,0.051181742110168536
2022-02-18,0.001622571418151933,-0.21937998374633116,0.08229591999117808,-0.7901351707566806,-0.039905035751161874,-2.3501459147127446,-0.0271646518159505
2022-02-21,-0.1749888220676084,-0.17404054156301763,-0.06514259360843232,-0.6468135252805902,-0.1265323084834699,-1.8162787517415857,-0.20244450412995127
2022-02-22,-0.40653423409486444,-0.24806359774314257,-0.1663556413345076,-0.7529288994387553,-0.20234400728007923,-2.1896101828126957,-0.3720132542001744
2022-02-23,-0.47411131701648435,-0.2635853856750893,-0.24186688716595403,-0.4224623887186864,-0.17979316545950452,-2.9990135076557825,-0.40403157344983015
2022-02-24,-0.5121120743882859,-0.2658555420854019,-0.34036344558576137,-0.4797846977544524,-0.20097474366139728,-2.7929941155246834,-0.38716263431981945
2022-02-25,-0.32695724691880224,-0.34352537982010894,-0.16783873159926618,-0.33895065781919653,-0.06950580247473867,-2.1922266891933755,-0.319805061368507
2022-02-28,-0.3011326874045399,-0.362397089133894,-0.20601262214527288,-0.22068769479823463,-0.0333247399620223,-2.56966702407448,-0.24639068304750772
2022-03-01,-0.32242671493385555,-0.19804809326188988,-0.17524070904202163,-0.10543957456495187,0.04118769367650696,-2.1543604305584365,-0.34547063546767054
2022-03-02,-0.3549758399685125,-0.3147755469372461,-0.2610112554927407,0.014411050627873505,-0.039507034839990435,-2.347521006170018,-0.4197249674884649
2022-03-03,-0.33220900294568106,-0.2595413526304874,-0.2852401662141475,0.012886217000642394,-0.07481671936677632,-2.4543860154522177,-0.4714304230130792
2022-03-04,-0.4212379442075528,-0.43813385239342817,-0.3275690531666524,0.03541305444722804,-0.1019888979494109,-2.421107651254149,-0.5134540428245807
2022-03-07,-0.7317341652627382,-0.3544752814234697,-0.4760525345150342,-0.2977150873261753,-0.26583305736255297,-2.4196340354231247,-0.7515470952214179
2022-03-08,-0.7105687504714797,-0.44701981695151966,-0.48297712794699194,-0.4223672051493986,-0.3557051643715216,-2.4203003606387092,-0.7882562161416684
2022-03-09,-0.733943700389942,-0.3695966819780458,-0.4846830972974908,-0.41513717779494824,-0.3417923304116911,-2.3772842618055683,-0.7992268979598935
2022-03-10,-0.83515539016246,-0.3302609354799818,-0.5385999226865481,-0.04594119751348568,-0.33281794849182916,-2.4322223904377607,-0.8511356232313609
2022-03-11,-0.5791866255583101,-0.5281681326970337,-0.5542337950671813,-0.024262142118690835,-0.3487731902551565,-2.92675128817515,-0.6777780459359569
2022-03-14,-0.4717855209032736,-0.857677665522948,-0.49992572935671664,-0.33345970601902186,-0.5030883321282165,-2.9672131143990663,-0.6462908385303785
2022-03-15,-0.7095548535673967,-1.1581010022496085,-0.8321759600130936,-0.6251127834544986,-0.8653801536573087,-3.0,-0.9151252576928558
2022-03-16,-0.7376812602808192,-0.9347135301174643,-0.784983629980121,-0.5559413424230117,-0.7015065019632163,-3.0,-0.9027389905998975
2022-03-17,-0.8121683255954358,-0.8848866749423304,-0.7034872895682447,-0.5131473471713212,-0.6052262210650495,-2.8747848364771693,-0.9215257453643472
2022-03-18,-0.7444285916430513,-0.8838410910431285,-0.5912091484750355,-0.5706601269325708,-0.5565313435198407,-2.6807948582321326,-0.9035251355633938
2022-03-21,-0.7434282033086614,-0.8868681168539965,-0.5089331854369693,-0.6601465372272849,-0.5733416015819427,-2.4412904751179165,-0.9130669325797817
2022-03-22,-0.4439191524996864,-0.9625159044191735,-0.4060525816124118,-0.7399897393266762,-0.6172298586656185,-2.532669362347141,-0.6086761783511675
2022-03-23,-0.588182193326194,-0.889618207498394,-0.46202890890415704,-0.7406454375164265,-0.6078692669843526,-1.9374458241320593,-0.6686984308792128
2022-03-24,-0.506417685132254,-0.9187090694750086,-0.4763161713131472,-0.8274715516476232,-0.6792406881422879,-2.0157512967873794,-0.505349057526574
2022-03-25,-0.5744515950845787,-0.9083372426552487,-0.49009164156502727,-0.8501404784799607,-0.7311191987033892,-1.9445457548295093,-0.542808254142033
2022-03-28,-0.48705633599632847,-0.9838242225469316,-0.4401470200541483,-0.7412334730832768,-0.7009499601806275,-1.9066644067062943,-0.4843119090050078
2022-03-29,-0.757373463805495,-1.0225011303710327,-0.4527392207982468,-0.8156424659880879,-0.6932075196950669,-1.6249715701950898,-0.703648424858395
2022-03-30,-0.7890011985179294,-1.006356598022162,-0.5227324624953631,-0.8477223305768867,-0.7759570143612177,-1.5924255078793073,-0.7193137996608662
2022-03-31,-0.8158158845031195,-1.0449489947045383,-0.4260906352248002,-0.8985295939563493,-0.7074682838696215,-1.3795297797832013,-0.7069095316293978
2022-04-01,-0.830147096177526,-0.963735941770452,-0.4890110869599734,-0.8750423375641808,-0.6491471884308079,-1.00758273204975,-0.7299269995527805
2022-04-06,-0.6706687424272335,-1.1036872107780042,-0.4886366421753938,-0.8503030903310289,-0.6066746820696005,-1.1575676604515208,-0.5701814430563016
2022-04-07,-0.8561672326250439,-1.050409632214413,-0.46921662695715605,-0.9986658934460865,-0.6028731969314396,-0.6449919604290812,-0.7159074755868499
2022-04-08,-0.7060602315262503,-1.3900837791602656,-0.2315003044006058,-1.0322011169974719,-0.46757492751369656,-0.3139418760098325,-0.48753621308639805
2022-04-11,-0.7457749355131422,-1.574250913341315,-0.3746721380394694,-1.2119033281467004,-0.6200700397162461,-0.5678447010529588,-0.570891926678154
2022-04-12,-0.6670130409321512,-1.5955441090307358,-0.27881613246355186,-1.2707972904659273,-0.5608037891651347,-0.39835725369374153,-0.45331242695789686
2022-04-13,-0.6827215770435991,-1.3407205370157038,-0.3227210529864925,-1.2310033645912832,-0.4905508430357259,-0.35678470860959666,-0.3712742995950964
2022-04-14,-0.47079659484391984,-1.244935613506602,-0.049514974396329056,-1.0593349312583518,-0.17390903661129592,-0.09990206151388635,-0.1381152206519432
2022-04-15,-0.2576071867749155,-1.409323923258204,0.14881529724348147,-1.3499720623449225,-0.10434155293597994,-0.12329493819821644,0.025628647459041337
2022-04-18,-0.24468776339711673,-1.3885992702184724,0.1311190366562232,-1.2177834420639273,-0.04993390924571922,0.07788743847079145,-0.04416916692554601
2022-04-19,-0.22493625217127985,-1.4655114511211835,0.1718865331338059,-1.3474829157252597,-0.08578617625118247,0.025235557790242155,-0.015120234997799312
2022-04-20,-0.26362161576916787,-1.5928263810614562,-0.03162475609864582,-1.4271850186283044,-0.23648158878846828,-0.048349373057424566,-0.14226005349762297
2022-04-21,-0.26047003134939334,-1.659294928521945,-0.08939293449358639,-1.6384155964406812,-0.36581607938567784,-0.17459098560521374,-0.1412767720228561
2022-04-22,-0.5319447810055336,-1.436860469276509,-0.07609048704491533,-1.4320318943039174,-0.1580134838030124,-0.08821415284224127,-0.31088976228630605
2022-04-25,-0.645351876218228,-1.5651906725400995,-0.31950689557385514,-1.7733549885681539,-0.558247610154901,-0.6380184780939451,-0.4954205974477933
2022-04-26,-1.0141588843440223,-1.679326819698287,-0.5128109077008923,-2.0586684842754344,-0.5248638050643213,-0.21172527937595648,-0.6803604995301431
2022-04-27,-1.0449770973059167,-1.6104491056289427,-0.4427656684043537,-2.1782385343980026,-0.5672543947086472,-0.11560219637854305,-0.7362866266932918
2022-04-28,-0.7444623974033162,-1.698313449787109,-0.4421292808567886,-2.2658639502182654,-0.4793442780994377,-0.3729570172854658,-0.5690146820951678
2022-04-29,-0.630016620956526,-1.6220581143085633,-0.4103271691252372,-2.3175647390576595,-0.515694536700083,-0.508837099983772,-0.498976433751484
2022-05-05,-0.4494240951961074,-1.6435283570299106,-0.3731702529110577,-2.3343272185165977,-0.6046646597285972,-0.5534208606229497,-0.4000843765206401
2022-05-06,-0.8408106848955373,-1.2737045914619698,-0.6267119570612235,-2.105689256891185,-0.7597524693918289,-0.8748828455734751,-0.6115365097587082
2022-05-09,-0.8339650697045211,-1.357961968644943,-0.6801197318742304,-2.172030599799905,-0.8760175732333819,-1.1248781151088398,-0.6365194046215691
2022-05-10,-1.1432384818441017,-0.9769705414635109,-0.9035969076093985,-1.806692348784066,-0.8247850382954999,-0.7808856594225771,-0.8917380403306095
2022-05-11,-1.3315502958326753,-0.6116944730402865,-0.9722761297318118,-1.552257642347487,-0.7529057677883344,-0.8972045419338902,-0.9765708165657406
2022-05-12,-1.212319796111998,-0.6665268077795935,-0.9078524432159379,-1.4229876668571988,-0.6713592891640486,-0.9858860272394089,-0.8942130838438208
2022-05-13,-1.3074071982468043,-0.5595746966021397,-0.8458793089822065,-1.0730919208785834,-0.44501868758635743,-0.7785207998821377,-0.9221733009249451
2022-05-16,-1.2994225029058495,-0.5464329791233159,-0.8224188087087738,-0.923893968665414,-0.39080451108051345,-0.811853087591234,-0.9252075888886453
2022-05-17,-1.3730434509738771,-0.6251695823806249,-0.9540532300537123,-0.8294300879932495,-0.49882401043884833,-0.8847016496660373,-0.9901809957785476
2022-05-18,-0.9664783489614676,-0.7659245442778441,-0.8926325643762739,-0.9050058483713608,-0.5415203264028403,-0.9096157173661591,-0.8213451210188883
2022-05-19,-1.0683275016651452,-0.8081703374279773,-0.9088401713214231,-0.9253957374394086,-0.5935258168213667,-0.9102154565268832,-0.8466455979342398
2022-05-20,-1.0756071067173267,-0.656648827504432,-0.9185904673770406,-0.8870047769652687,-0.6136371684976987,-1.2006070844851213,-0.7780575488347257
2022-05-23,-1.1015000695394346,-0.6997782901143474,-1.1053705026332648,-0.8028447935770969,-0.6855908378491693,-1.2639077752216872,-0.8261477450278205
2022-05-24,-1.2647172506796518,-0.7236734499085483,-1.1658387506683054,-0.6005183610814393,-0.691570659979867,-1.1241169281432888,-0.9738358383294718
2022-05-25,-1.3273446755499565,-0.5293447882819556,-1.2527914913219305,-0.35299525621425654,-0.7306442968407866,-1.3053460037895925,-1.0151664188407177
2022-05-26,-1.3476030881264789,-0.08984925457529229,-1.0562427516357327,0.08210288314651405,-0.2875604768132149,-0.8886943342437692,-0.9637509302578253
2022-05-27,-0.8868134312105564,-0.21414326247257423,-0.7934190372111506,0.04575280610556163,-0.19408027486398524,-0.8359852098486764,-0.7935387392753822
2022-05-30,-0.8591889701933495,0.05481780227426086,-0.644731567141996,0.3064984085443511,0.06140807020761324,-0.5308192979246309,-0.7201961294127479
2022-05-31,-0.41375836501881846,-0.012634076311542473,-0.36731262206665977,0.3255875046385105,0.07902082482744484,-0.7758318816949998,-0.25634267327816046
2022-06-01,-0.28559819280857385,0.014436831449042457,-0.26950458570747193,0.2791311191327902,0.1470657628513575,-0.6571892676152273,-0.23081328302314033
2022-06-02,-0.23271390807208048,-0.04699400481467127,-0.26959274293533486,0.17712846308742422,-0.021562609146431804,-0.7108991005929645,-0.16927080269470732
2022-06-06,-0.02890903331417888,0.13770382195209566,-0.27063834471381876,0.1855076414644449,0.006566792505494478,-0.6534729676289802,-0.07911600697464595
2022-06-07,0.07727333816912736,0.225941221311947,-0.2114057181342491,0.14262715624173267,0.034039781767041574,-0.4784116146248095,-0.013100927338653603
2022-06-08,0.340588259358827,0.32263390847804607,-0.09316347486567286,0.1659415798009685,0.23539891910713084,-0.470281514217586,0.15364841184313924
2022-06-09,0.3974795820578859,0.23788400147467395,-0.1692030629581377,0.27051758582599705,0.18790187685373785,-0.5471642418416778,0.08657463497150407
2022-06-10,0.49080757301495226,0.0401740451919359,-0.2679144628353056,0.3008763232656021,0.04776688249817816,-0.332846448434611,0.023466967861638446
2022-06-13,0.4263348945260623,-0.02744336192255251,-0.3098791134611073,0.12677228944919192,-0.007397814345640487,-0.27304144549080905,-0.006419085117959601
2022-06-14,0.3711238993014658,0.27156265117643513,-0.05911144020234593,0.13377325515270977,0.1509790128366876,-0.30500193470660036,0.06078882410812633
2022-06-15,0.37462036666286147,0.35458727084885955,0.18294407056761988,0.09244895225558938,0.21716932259647112,-0.3550003691222311,0.23670654900567467
2022-06-16,0.30438898737663816,0.2239348497333063,0.11529156917591221,-0.0005410453867307225,0.06044646237360085,-0.29560346125689496,0.14469229632997227
2022-06-17,0.5416139775155528,0.00840910197160126,0.03544523728068329,0.10469587029362672,0.04551189232297399,-0.5752895514364543,0.2501731581363632
2022-06-20,0.5381777717774302,-0.07524010794788305,0.13808117411702855,-0.07936128313886012,-0.00696277113244975,-0.4514274024614741,0.3037746926888128
2022-06-21,0.38654579739059136,-0.11960991352269237,0.16642143634165768,0.04548032254963629,-0.015227122554574268,-0.025036610989702647,0.15419671908821636
2022-06-22,0.33761618880971955,0.08311534574607211,0.10425353666916065,0.09360656245980764,0.04910162464145887,0.06688223616558148,0.08816779446791989
2022-06-23,0.41277040236689894,0.013901852709131426,0.06477573942324634,0.030306560307967315,-0.05055741288956467,-0.006929991259714441,0.15185411558397227
2022-06-24,0.4292951649279538,0.02974564775737364,0.08782113146791184,0.14070498125321393,-0.023403770266753495,0.24351091061869282,0.0992818961802574
2022-06-27,0.3246944457450078,0.04449611237081062,0.28246894177461107,0.07967018742280178,0.04666050077765761,0.27208933501543386,0.18739974054143102
2022-06-28,0.24475075185567147,-0.030220710961295808,0.24633803896494536,0.01605836552561057,-0.037605860961233306,0.00483168574783446,0.32252404372315263
2022-06-29,0.20060050997542778,-0.05705717792305108,0.12579688591684485,-0.05294127055090485,-0.13285511646159742,-0.06934104648776922,0.31341728782739336
2022-06-30,0.12430496531522324,-0.02160521166285434,0.12461484955153075,-0.12781909162602206,-0.1986404936123321,0.03609664113790617,0.3715061519186358
2022-07-01,0.04798589969639109,0.22195371459831598,0.24496651428469368,-0.16489081384428478,-0.04303027430611191,0.013352972508411422,0.40513685516979725
2022-07-04,0.19768628880107592,0.1487590075027335,0.21742764346419485,-0.03237526189118825,-0.0509079021396219,-0.033627824088467984,0.4049423618662809
2022-07-05,-0.0008752584076892021,0.2641947660733172,0.3440991682257794,-0.04759009514247803,0.13157208282050428,0.15351023349950305,0.31299712072477615
2022-07-06,0.17519197154295896,0.17828583079364207,0.2302325947370411,0.04974319683965453,-0.009362362385895148,0.31241517950275116,0.3064935733147108
2022-07-07,0.03396480638572303,0.37081493536152893,0.28054462814476716,-0.019089314658844635,0.0035863497581018824,0.3475354148072977,0.2640850697140157
2022-07-08,0.05712656242856584,0.6003457207668874,0.36121668933849327,0.05390420592051873,0.09644644979468235,0.3454874055352667,0.302115949679434
2022-07-11,-0.03830575849354356,0.751955277900341,0.24250647639378797,0.0365004057734202,0.09234393565869956,0.10128132037328072,0.19035253656462883
2022-07-12,0.1675740668136958,0.8216123294275315,0.18207962706675118,0.17192126515052297,0.15500640077979017,-0.002797291484212528,0.34773582132895275
2022-07-13,0.28757895999297234,0.7001422785794512,0.05975482721932512,0.0571700878167564,0.0028141607137167554,-0.2061192449881572,0.4509531444727748
2022-07-14,0.16801825423683936,0.9121672469214047,0.17850433794802895,0.10175518525222238,0.1798495465558582,0.0886242256319626,0.3655519657073234
2022-07-15,0.12116438219428832,1.0137373447400335,0.20867041637888123,0.06455347839846816,0.22124710747782766,-0.1545523255375872,0.38408843373806467
2022-07-18,0.17906946525044853,1.028459799532763,0.24078079709785116,0.0170185954675336,0.22613173012180948,-0.21662397487790058,0.3521080484012722
2022-07-19,0.21729488528729254,1.0109403927259886,0.21506137231611872,0.12063197545602874,0.2712322904885181,-0.08609437238201087,0.3867050231333903
2022-07-20,0.23347562181969003,1.0873498676305855,0.3168361765350647,0.2349587200933049,0.37233254957803974,0.06293735025787565,0.4650918791120052
2022-07-21,0.2010888374413628,1.2003734992880608,0.3105747528826464,0.2233268897324731,0.37571588930064287,-0.1170956940226631,0.5500384458421976
2022-07-22,0.23069921636695487,1.2426281688586325,0.4316689901780889,0.3516974412269188,0.6161805727906791,-0.09325521394133274,0.6025587457464613
2022-07-25,0.18408506270098965,1.243830992744441,0.5205562807673505,0.402540300894557,0.7461354524705452,-0.025353210260604487,0.6069601892581342
2022-07-26,0.4877192636708614,1.0809465750526592,0.40593041133918617,0.5274931566128422,0.6460098029000161,-0.2595946660886671,0.6853808075550566
2022-07-27,0.398358125597509,1.068443096472382,0.4389796336483241,0.6354679704903433,0.8783586183564703,-0.14742863776865958,0.6061851357372636
2022-07-28,0.33861964193188937,0.9937684914787589,0.4357660269040574,0.5724557078398231,0.9213185595975075,-0.23141859997798528,0.5817233792501998
2022-07-29,0.25122568105227644,0.8700754169972188,0.4161940798465115,0.45599109906812474,0.8723970924480869,-0.04798545412981886,0.45022477508521963
2022-08-01,0.31033040900165393,0.9719452617528528,0.411227258456931,0.5993615920109897,0.8654036586357147,0.037979879128760316,0.5228847520389075
2022-08-02,0.32528798138515647,0.8495588548679277,0.26663618415560175,0.5132278331181225,0.7230111859687766,-0.3209725375532936,0.4990291355781996
2022-08-03,0.22744028888151582,0.898562480080296,0.4022104150121384,0.5965539135531763,0.8921975916183484,0.025198892889839678,0.4280551926478078
2022-08-04,0.43764321462191136,0.7194192904355616,0.31678926391150264,0.6167910557770225,0.8237238430062841,-0.3882335980368123,0.49695141781017577
2022-08-05,0.4889366621744468,0.7696021367578431,0.1664163015542383,0.6931396969618212,0.6495900994902143,-0.3794523484182349,0.6760439898032736
2022-08-08,0.6045036697072245,0.7132362606929248,0.08837755575691712,0.9243428350132334,0.500480855149925,-0.39389177443413953,0.7395163094748354
2022-08-09,0.5342477880411761,0.7621665051128945,0.20969493451051052,0.9807696178912503,0.6252731931679892,-0.10387178991581918,0.6805671825022933
2022-08-10,0.34047405019059673,0.6735308775157951,0.4002627199219843,0.8312270165811215,0.5999974333724252,-0.0727671818806204,0.5123628235080366
2022-08-11,0.25325074299678385,0.5608259970713954,0.43945723813267845,0.8148299987428134,0.620134994298489,0.3468166499995355,0.36655929700798606
2022-08-12,0.365244298778928,0.5417149873219876,0.3776274100830744,0.8315537185407419,0.4969645455894393,0.1769522099589327,0.4052016966834588
2022-08-15,0.5120245384531001,0.5370932279970546,0.264030307395444,0.7454495232931132,0.3233407148532621,0.03639814164910762,0.5156944616846934
2022-08-16,0.4812648087352325,0.5766674462398387,0.28947241173507676,0.7223667370333732,0.3349988152041825,0.027546040907759334,0.4781771745316312
2022-08-17,0.5658445612344544,0.7173343860257053,0.3177177623564148,0.751742143376547,0.3413784885490668,0.10869768833821239,0.5815459331059323
2022-08-18,0.4212938974056134,0.6760336043411432,0.258488183709893,0.6449888062729208,0.4238889229098212,0.051483281085404876,0.42104014367178627
2022-08-19,0.35891039669612823,0.6454650321052187,0.11672573270235437,0.6819706249436228,0.23593711439467407,-0.18704554376550742,0.5526822375732072
2022-08-22,0.4006822160992056,0.5547785995412706,0.1821709079341723,0.7147755910911155,0.2790648015805026,-0.25508307282890075,0.5936923986577853
2022-08-23,0.25429146064042013,0.483847318815288,0.17839438443558966,0.4853308157792706,0.28061303321207925,-0.1452158825470256,0.45185542610998497
2022-08-24,0.2717611674484843,0.25723740041940224,0.009166666154477157,0.35010125096507555,0.09176660067336466,-0.43815869945634645,0.39940519581794093
2022-08-25,0.08556194990522786,0.29439596748644786,0.18611227267636135,0.23136852058434967,0.16627221469854267,-0.3766066901625064,0.29031278964942436
2022-08-26,0.046084647847847715,0.2998861186828992,0.34098135639398414,0.1382531556838256,0.3446301253633802,-0.3905607246106476,0.20500968962090738
2022-08-29,-0.03944988258404184,0.27571187164246136,0.32173962598481265,0.10956323731343914,0.3642709815733435,-0.4822782419611671,0.19857951497598636
2022-08-30,-0.01312336500808707,0.11402338709797914,0.37516125249018756,-0.196925271744265,0.38986965027737763,-0.6811771541454049,0.13018218056593706
2022-08-31,0.08613245735957059,-0.033595762710080745,0.3568906195460608,-0.2732910697582084,0.3638577479955192,-0.903636608102732,0.12935128729016088
2022-09-01,0.02337779427883012,0.06911088987541218,0.34282362222125784,-0.4476300141399282,0.4511529722898254,-1.0727714202364327,0.19200377160377116
2022-09-02,-0.021058101821991068,0.034075533386609874,0.3897588414297327,-0.4432139730271112,0.49369974482802814,-1.04857742106342,0.1752976388749197
2022-09-05,-0.15285048175175753,-0.019467944388421705,0.4786178544787122,-0.4325065381160009,0.7150795431507058,-0.9015868412539593,0.11004825050638542
2022-09-06,-0.22257093252070204,-0.10239687573855519,0.5592011094892788,-0.6659130407380423,0.6194582258787599,-0.7449636400682542,-0.00817526700635128
2022-09-07,-0.12535096047222227,-0.20133709659678323,0.5266796898366748,-0.7013546008008797,0.5724866692559308,-0.8790497896464838,0.06646209839900986
2022-09-08,0.1294191862232814,-0.18911020220146862,0.41684333101080023,-0.41428838050273403,0.5625704510251559,-0.7639352406585913,0.2407077790871057
2022-09-09,0.26994620980573014,-0.12338880354934052,0.477172852262057,-0.4650201801479194,0.6824126646022828,-0.810961693918508,0.2236963504371195
2022-09-13,0.2927262049501199,0.026582741320806645,0.36762751623936296,-0.41911141912151884,0.6057690133950353,-0.7170343925569922,0.20402363238921084
2022-09-14,0.2511612758362882,0.003940921273838376,0.170092712063721,-0.4301641879804162,0.5378741864024564,-0.6949995242841297,0.20438414372668567
2022-09-15,0.17651402553884005,0.06108412897370644,0.31776883905016484,-0.5076576902642246,0.7026590112581443,-0.7377264630280324,0.159180013659358
2022-09-16,0.15670676834055036,0.09409644952779292,0.08565337102562784,-0.5936947993882529,0.3305076166561087,-0.6501429903418445,0.11504602700532088
2022-09-19,0.05425655167820899,0.0741078051876789,0.108604828912758,-0.6544452015075124,0.30576144556576773,-0.6262114398697877,0.06942220146990213
2022-09-20,0.01692583705674558,0.15699494597302988,0.14811764944396413,-0.6758064208551695,0.34590234733024416,-0.5094595141466796,0.045631864299296554
2022-09-21,0.23015097459893671,0.08521667012359643,0.2205928722670927,-0.6764576086686455,0.32138187695490045,-0.47889355019433516,0.0674673659225262
2022-09-22,0.24591218652098934,0.30509574582282484,0.19997571918662949,-0.5740008823034075,0.3736445603521059,-0.28318588462929356,0.15969433436529304
2022-09-23,0.2972245003448652,0.3033544680373321,-0.011196658413671522,-0.6100310325245627,0.12432532443212933,-0.4907213949781185,0.15488629251833547
2022-09-26,0.13274575211489342,0.36835107825176866,-0.09685069470693582,-0.6183158524095558,0.01257328641896938,-0.37887934316134625,0.04625851622884737
2022-09-27,0.3247376488545356,0.27550281124888176,-0.1635075281153791,-0.6349642799241774,0.014057997927650716,-0.48809476453545164,0.10431464184236192
2022-09-28,0.29923715571042536,0.48960137353643085,-0.3314783102102691,-0.35342326528224083,-0.07953236090695665,-0.6709717155169721,0.3692601251026043
2022-09-29,0.35094705097909173,0.5643712134296659,-0.2616868233969171,-0.44483994851183406,-0.014233726168675291,-0.673383008595373,0.3809081006446474
2022-09-30,0.22552583626358508,0.5074128064714958,-0.25823749230211407,-0.46945049599459826,-0.1948519510214365,-0.8367462313801104,0.29353858364437846
2022-10-10,-0.012102042432034579,0.5326933521985303,-0.2483005780384746,-0.4357911723636131,-0.12004162367900563,-0.5175104779774785,0.09250516575339038
2022-10-11,0.08018952214793912,0.35707172011972005,-0.018688272698217594,-0.6338492400339498,0.035617165228510904,-0.5643490596110369,0.10415736473379847
2022-10-12,0.18613407908153395,0.38766915345959013,0.03793005474725661,-0.6997532032952095,0.11022685802071869,-0.5630517006617112,0.08503641649524579
2022-10-13,0.10466236358850083,0.3523029672169346,-0.007051222615076347,-0.7120225116746889,-0.10838215494274682,-0.5042685034456161,0.013819746882249797
2022-10-14,0.20570503547090632,0.2748466544626075,0.028598246304231627,-0.608422640402936,0.13136017485854842,-0.7145693029829925,0.2043237506518358
2022-10-17,0.35628796985710637,0.300730678395557,0.011326724040444582,-0.5251162053262445,0.19150634283781942,-0.7383408157351737,0.2860975459007079
2022-10-18,0.1715662611200914,0.35631103743210824,-0.08047690582572313,-0.41720188268046327,0.2642461811527291,-0.5762899521717703,0.15299785586088718
2022-10-19,-0.008316107735791015,0.40380446350170673,-0.10600810857685553,-0.06766701038998596,0.24301130526823114,-0.5580262262050082,0.20301472220957903
2022-10-20,-0.015604355876971638,0.4558226891163918,-0.19785578141513405,-0.048887829723721354,0.12597336447205904,-0.48548371059104917,0.07464268853472246
2022-10-21,0.009149365457888959,0.3342816207150317,-0.039870840204003354,0.08538636304415229,0.4341842803931061,-0.1871291629089735,0.11564722431898214
2022-10-24,0.22588476890108578,0.15139170965168613,-0.042149539084042544,0.04033588586323152,0.509099594655674,-0.33656917670098013,0.12188133161146023
2022-10-25,0.21227107741454354,0.10300054455467558,-0.08803454013419074,-0.023606154080441533,0.45353963251394613,-0.390273430591067,0.11523198634600385
2022-10-26,0.09145925922408932,-0.026612462984498025,-0.14005251648262568,-0.000921176368361875,0.4647739511002019,-0.17446644579489473,0.030413279981430442
2022-10-27,0.1380382523429293,-0.07222419959876003,-0.19970388780618117,0.13779136443163278,0.4332178945199437,-0.29861976686774144,0.14449461230450597
2022-10-28,0.26540897367202143,-0.3847378287034234,-0.19786925901242,0.1309757213649305,0.633209564878024,-0.2509679488247023,0.10886063274250943
2022-10-31,0.20805258621801806,-0.45537604304402285,-0.2231974559057001,0.020684467262994194,0.516370057604104,-0.38653452215527834,0.056532584186182205
2022-11-01,0.07380128364913126,-0.2997049006028034,-0.38237483419625246,0.3436777670766887,0.49624891756662365,-0.04832369874486407,-0.06603319744636599
2022-11-02,0.17513996213630798,-0.2768917206915256,-0.10765636228162478,0.5117070090150054,0.8381421700980703,0.11520457769134781,0.02282151937426882
2022-11-03,0.013232142783765772,-0.33756450863687937,-0.1124608394730364,0.4299480417693309,0.3918821382440961,-0.02004810081290729,0.0012834969961186358
2022-11-04,-0.07276627828633651,-0.5012131013919314,-0.16542280074953827,0.5730863038724271,0.37129761087741153,0.27521363601915344,-0.13871746869616355
2022-11-07,-0.2842937194910989,-0.5041975415490227,-0.19375630656701415,0.48023641735541894,0.33999810427776245,0.5634034206588243,-0.3390284563058577
2022-11-08,-0.19943258754541726,-0.5399450797594867,-0.2504881644070169,0.40216716257687696,0.2036936011215203,0.432946900895332,-0.3119624803577552
2022-11-09,-0.20725013817948404,-0.5383603350210723,-0.2853952802884647,0.4008562254138632,0.1554399938889334,0.3405565999062845,-0.3161790774934372
2022-11-10,-0.34420656301919716,-0.6611495543667862,-0.19268098105831313,0.19099851027725304,0.1774205456592907,0.2379966149018757,-0.24899781172363628
2022-11-11,-0.38384726460007923,-0.6429413044073581,-0.14284832096682867,0.06178837619145597,0.12139935509069998,0.23545586206339364,-0.3000522325911742
2022-11-14,-0.44788974536965326,-0.49827771439519014,-0.03641994681144859,-0.009795939628298507,0.1579758078857882,0.3197683980913821,-0.425760393197608
2022-11-15,-0.4803984994892945,-0.4207446950482724,0.03854168591158266,-0.00039872087001160787,0.1682090620976394,0.3581272712351361,-0.38571530361003115
2022-11-16,-0.46032575616216864,-0.3268586810726286,0.12684243146257218,-0.09393178273617762,0.19192858847103117,0.21194425525589874,-0.34207127607367616
2022-11-17,-0.6580132432782877,-0.4176508479854492,0.13870686510763897,-0.24300735551108218,0.07833962793674829,0.414907386527454,-0.4398635096682843
2022-11-18,-0.7563748428716289,-0.3149397564237851,0.18241667259162572,-0.3612972385321446,-0.002032328368826915,0.506976800315878,-0.5154376457210837
2022-11-21,-0.6960393590541244,-0.2775342627445148,0.057187870893888805,-0.29341207164931454,-0.0517534460298003,0.6941456583689946,-0.5860753769565359
2022-11-22,-0.8807709491712584,-0.23411067240088995,0.22664095262072975,-0.35538274370892076,-0.0437891130047945,0.5035152230357441,-0.5452393314991323
2022-11-23,-0.7066264749672939,-0.25130091938312343,0.17509393525776001,-0.31407968951442294,-0.06670171781705783,0.4430117227277218,-0.4982543541306439
2022-11-24,-0.7482638068334851,-0.16030000531992208,0.14404395093617595,-0.2215112391739162,-0.011745495533666397,0.5861986506064215,-0.5382990219384005
2022-11-25,-0.847361173628325,0.22760760947979208,0.2864113911400424,-0.2128732596468081,-0.02326071320697793,0.47143358192102114,-0.48570520042323756
2022-11-28,-0.5887877378298978,0.2055711408845327,0.40556756285392087,-0.27175780364317265,0.06516914092422894,0.2354193905565262,-0.031730685923160605
2022-11-29,-0.467553770133916,0.1925649460330143,0.7432581521753002,-0.269650088179899,0.20005969464697818,0.17346403797335627,0.12101154025692787
2022-11-30,-0.5517099216796695,0.1970366767322574,0.750688478201742,-0.3063718120685215,0.16136122795113386,0.15520673828028542,0.08858055363908351
2022-12-01,-0.12029762251279763,0.1450320992918533,1.0453074572052006,-0.26667772060403955,0.7833304583543681,0.07148341536398936,0.33876052315439076
2022-12-02,-0.048000321019002146,0.15041773936896458,1.0096641343085637,-0.16876267691670194,0.8307053125074364,-0.05919743839348393,0.4448664330884549
2022-12-05,0.029059440525306936,0.10414834114151003,0.9181616180921607,-0.256472878318105,0.7137535035453038,0.039934516691746705,0.3754685015265218
2022-12-06,-0.03064629077666324,0.08986777824378382,0.8595699492439947,-0.2558136469141269,0.5586455416211912,0.0750148586621713,0.2862119555630207
2022-12-07,0.01719476057215933,0.1329274307314435,0.7369676154019552,-0.2305430509667268,0.44487720164271677,0.20463075509196252,0.14371175924939472
2022-12-08,0.1570783217592792,0.2750747888557937,0.7255043405667357,-0.045360811937659666,0.6404301732538439,0.18564743381834908,0.16955702026697483
2022-12-09,0.34982433906211163,0.2945260082239732,0.7138454822567233,-0.07774644225220433,0.6332023784541553,0.04893249920354796,0.3086781066120499
2022-12-12,0.1522416043765426,0.2615068258827597,0.7865975031071457,-0.1805237376636624,0.6432040253923826,8.771760992790784e-05,0.4914024649125591
2022-12-13,0.24408696131260013,0.20580336309134656,0.778124324199903,-0.17359284203572725,0.55642485209856,0.02142467101210459,0.4412497618898853
2022-12-14,0.07310956964841264,0.3848847264864602,0.778180749464966,-0.22438846198642382,0.4691680157459596,-0.02247440638352472,0.32188252633720743
2022-12-15,0.2536303679237131,0.3249060119441279,0.745754750131101,-0.2612971259584361,0.410651652858393,0.06672795506709711,0.3561911190671501
2022-12-16,0.3111743609815835,0.4236146146632312,0.7745205362176131,-0.14358850582007376,0.4647531727160133,0.23562334503298293,0.44443990418622437
2022-12-19,0.3015868717160294,0.34365616555457346,0.7667766448222197,-0.18145240777312716,0.40650047285423574,0.2112195677099744,0.31614231796332215
2022-12-20,0.5026730368652104,0.34129606747592744,0.7240981121286559,-0.22636709931464064,0.34903963913058067,0.3145924662501147,0.30426307560444343
2022-12-21,0.4853768671539514,0.40064728443447,0.7121451329405949,-0.2077915867476588,0.28208444370673846,0.4595844589071599,0.2432144387858688
2022-12-22,0.4409600552069514,0.5933973392142152,0.717952167492502,-0.1584081193759822,0.2603922633415598,0.483716897923059,0.1899746973810031
2022-12-23,0.3148826269672257,0.6205086500322292,0.723947345664752,-0.32928388502029693,0.19645025681722067,0.5913250698826222,0.08676141497198957
2022-12-26,0.13651053210394712,0.7275487789242342,0.8421375964631985,-0.06567079829103224,0.4806525574223789,0.5758397513104733,0.10433327283254687
2022-12-27,0.21791268254862203,0.6907419162636358,0.8488191725052692,-0.13701236025559435,0.4350971962295549,0.5052897692783571,0.23226646526341635
2022-12-28,0.4260821861438031,0.6421848934481142,0.9185261920382053,-0.24206881757630413,0.4146015848215118,0.4378591987330362,0.4836266398507146
2022-12-29,0.4898252118884465,0.5972326749299744,0.9133314008507455,-0.27749492200631554,0.3978375082689075,0.3386619129169256,0.5791562090990194
2022-12-30,0.06888026277171251,0.8497456697553398,0.8553814639153313,-0.10243628403204795,0.39347464812227284,0.5502210840234312,0.43820772384360973
2023-01-03,0.33026059271533775,0.913172078144663,0.8603387931460099,-0.01788695478391674,0.43843733350157493,0.5620248047054678,0.6408928922849942
2023-01-04,0.3574499952606411,0.9048465918856242,0.8199462808782351,-0.06550114162539152,0.3016720984616212,0.47800658440637045,0.677202888773423
2023-01-05,0.2219356025051313,0.8463912126727586,0.790107983037937,0.009023989463555905,0.3542644293694565,0.4829518487959301,0.5195250422497493
2023-01-06,0.1646266259983143,0.9389236781452434,0.8817356054600358,0.035959455850078016,0.39565588043888367,0.3839863155607881,0.5355889404787095
2023-01-09,0.1340690813150791,0.7765694079968166,0.7830691638039496,0.06404789185351538,0.34785310803804437,0.3379351539245742,0.5062988929800695
2023-01-10,0.08778171942857226,0.6545894685716893,0.7962643118263952,0.09826527914179232,0.36009537797936164,0.3544127306338586,0.5346613917894942
2023-01-11,0.05012573326786461,0.7420455827198028,0.7082954352650142,0.07440789759937165,0.19569261066169258,0.3768774242829723,0.562208103456972
2023-01-12,0.20184907498638838,0.7389216544290912,0.7020938973970563,0.08202033284244896,0.25124841877481857,0.39745308112873223,0.6554987668717412
2023-01-13,0.07077679746461349,0.7063214305439399,0.6665493419519698,0.2254451944766448,0.18293239410874745,0.45629949063726294,0.6598138240151776
2023-01-16,0.048978198810677234,0.664605085664982,0.6192846801280628,0.313820779502839,0.23139768682092637,0.47395465551403293,0.6969724759919943
2023-01-17,0.2663299328002378,0.6959620879225529,0.7293417119931631,0.2702003510907889,0.24662311930095973,0.44580580125836466,0.8365351264007186
2023-01-18,0.21512608886077117,0.6100207194935215,0.7342934724672067,0.3968025275144075,0.33452971852734553,0.5503091830318594,0.8054441325015428
2023-01-19,0.09295937593400948,0.6002391058930414,0.753510821076583,0.49055545593938166,0.3515655247385023,0.5396986139146346,0.7209951440839766
2023-01-20,0.05569552976077781,0.6455127193979697,0.7384776390380914,0.5790130159813554,0.321314293181449,0.7058994963600105,0.6187134211271543
2023-01-30,0.3680869136341399,0.5964019426688003,0.8507241864178685,0.65437888782544,0.37722653666686423,0.7670500888033864,0.7414022144211296
2023-01-31,0.3153031330195405,0.5624831446592438,0.8197186423023837,0.7419508604204712,0.4480830566466259,0.7761876715923648,0.7122264648460594
2023-02-01,0.3962593332009573,0.5326764510460287,0.7780383389494926,0.7919777309015837,0.389143665897951,0.960056686114105,0.6924870125185272
2023-02-02,0.33486392052549435,0.6340567081768334,0.7277816398337069,0.6673244799363669,0.3276019585774771,0.8861531315397586,0.6049271181426046
2023-02-03,0.3281934281195106,0.5634887228554245,0.7064802421276536,0.7380738686510261,0.2565537196813147,1.1560342698901127,0.5402257793052508
2023-02-06,0.5052513052481834,0.4864285485145347,0.6993957133397578,0.6329784775713155,0.19783660330131386,1.0358772417937714,0.3909840920845308
2023-02-07,0.5089834629108361,0.5228807639235554,0.676068484851948,0.7228990834666351,0.16210893475686644,1.1416056415675828,0.35590429813846086
2023-02-08,0.4178237324076242,0.40427413095965603,0.6527559449242726,0.8391242174767843,0.6392098164561293,1.0734585279791997,0.31353803717922185
2023-02-09,0.6473310433658535,0.3160062743547686,0.6378369145065712,0.9528514874719176,0.699108002840195,1.0793195297408118,0.5646033116190237
2023-02-10,0.7033878363422477,0.22857861064647406,0.6378168941024313,1.0421901954394652,0.818808731994847,1.0799752287172866,0.5043874609629185
2023-02-13,0.7993924598978244,0.15573342082181627,0.6490061590672809,1.0299724795222207,0.9377920099836222,1.0372743574767012,0.5128145941881257
2023-02-14,0.8134465617526516,0.09410117144621316,0.5689146959920696,1.1282557948840126,0.8912776262987998,1.1804277924100175,0.5270054710374537
2023-02-15,0.7967265788401262,-0.01342886976908908,0.3961286219742128,1.1031104675090577,0.8067485208828035,1.177934104443837,0.5474281576746026
2023-02-16,0.7524758064175497,-0.11288883735965323,0.2459537573970373,1.141902951749356,0.8234822603619721,1.1225988638211075,0.4534015126369162
2023-02-17,0.8639060436068505,-0.25389598054485507,0.11320732456486683,1.1487326444234383,0.6706210035158912,1.0686612993035673,0.4539271995697811
2023-02-20,0.9870438710878462,-0.1949868231701697,0.15520836522854378,1.0814125215640051,0.6877301568038299,1.0243274781992515,0.4932729249528423
2023-02-21,1.1591268207387009,-0.28895389515787767,0.08738196053490663,1.1020518400114134,0.5651138055112958,1.0606059480921166,0.5724593843232633
2023-02-22,0.9438153049835946,-0.13351773394640631,0.11088652856308123,0.9444892269210907,0.6136450223088408,0.9708648704819621,0.43921830398872247
2023-02-23,0.9827982334177139,-0.1574206053328254,0.22460669433099592,0.8949334058656694,0.7698272588398676,0.9902195116499708,0.4851735265513377
2023-02-24,1.0182721146714164,-0.12247070383385822,0.20248726461936628,0.8462465796317532,0.7039711995139889,1.0136411809188812,0.736842757230527
2023-02-27,1.094412811348997,-0.17626423639428196,0.17193612156856442,0.7690680215450094,0.5980775762587848,0.9883263612273661,0.9197302697773894
2023-02-28,1.0742738274137935,-0.04335236589242439,0.16651442238163225,0.7876316792867559,0.5169735286382928,0.9978611923710692,0.8940456126130758
2023-03-01,1.0689043349334244,-0.08092211169361707,0.2376094050022366,0.6643047376806406,0.45415198548899727,0.9889256737991265,0.865718761044632
2023-03-02,1.0058158005559954,0.017889200162816768,0.2753007565785234,0.6549519916623122,0.41615689577451126,0.9220843735246519,0.7968539519348484
2023-03-03,0.9580466644037278,0.10720069757236962,0.3031611274015327,0.5383178018042379,0.38161306411789375,0.7556068036306591,0.7657412889431849
2023-03-06,0.9180167477340673,0.23376576363473628,0.25038336047230947,0.49672720548126714,0.3529703012832618,0.7150872042581684,0.7190179119680906
2023-03-07,0.9432710566978825,0.17548419858897674,0.011865390537972684,0.4234150416022815,0.11098651406424223,0.6568716661253633,0.7813079395785083
2023-03-08,0.8970691662478655,0.2972205014434449,0.17994385297763102,0.36670278543377227,0.16926257983101425,0.6901424876872626,0.7686583358688895
2023-03-09,0.8815989278199338,0.3977529505597963,0.25333088113749996,0.3167789882594481,0.16664557878738764,0.741618338137446,0.6755750049475729
2023-03-10,0.7022872374343043,0.48953553774238134,0.2650182555706444,0.32386286795985525,0.21248192676431482,0.38467156373417166,0.484734732027611
2023-03-13,0.7143485291451723,0.4751284991954871,0.3876458489852381,0.30763735945091353,0.24114606649793716,0.3520688109849052,0.4444876985419406
2023-03-14,0.6375207765242763,0.6305683230669679,0.4787623799694908,0.33703824280104244,0.37287172260723744,0.34833884776603385,0.43131745380922404
2023-03-15,0.8059146230259342,0.5417969213432756,0.38185907597190794,0.48471835319635326,0.320740125132432,0.35531969565746596,0.48617184813556424
2023-03-16,0.9007805514524577,0.4021196985139898,0.14154147087998112,0.5257612573785143,0.29782828583335186,0.2972136135806149,0.5361839576649042
2023-03-17,0.9953269776045284,0.46789666892763504,0.1295245136994958,0.4347450522430234,0.30366705461691146,0.058501812336579674,0.5329366437756494
2023-03-20,0.8635215986694738,0.4382125847263903,0.1892164066640699,0.46892744656197793,0.3641747939407541,0.11214202590125884,0.5183791695349236
2023-03-21,0.9395298910583824,0.3902514126210415,0.22175488080135503,0.4166700353370352,0.37502088389780935,0.14797321602640676,0.5886645369047013
2023-03-22,1.1188687612342945,0.17381598450299035,0.1172857260016625,0.43534723970762135,-0.11203707174377377,0.12232364019245028,0.7676778361773874
2023-03-23,1.1516260612193425,-0.01597029364796078,-0.029975499233781913,0.4793421117218846,-0.23946849114693097,0.09400430969127531,0.9507411084073534
2023-03-24,1.0788513325388807,-0.006971459752788164,-0.055323402842373456,0.6370522914390182,-0.19576951249995453,0.23486241830338014,0.9230058192976106
2023-03-27,0.7336977100272466,0.005140115074954141,-0.07575470058107843,0.5835022059910197,-0.31190401500573256,0.266450435327668,0.6844904729612575
2023-03-28,0.6903980616652563,-0.16765341901109737,-0.05265649463847863,0.6522461363560476,-0.19897682927274768,0.19773796364527016,0.6689308962575795
2023-03-29,0.7585979046255298,-0.32187843873892147,-0.24188861485616547,0.7509629543301228,-0.44906195678938904,0.11796956549970537,0.7474573100596478
2023-03-30,0.7557264624410747,-0.4441563250302941,-0.4025637751976123,0.823408149622916,-0.6825032855418812,0.05708598033387985,0.8554312637854137
2023-03-31,0.7135799067263884,-0.487013034105448,-0.5282599610842589,0.7934477698562258,-1.0227220363988148,0.12180449000345993,0.8842263610296068
2023-04-03,0.5721557116843036,-0.33930660517985606,-0.45163189399779935,0.8367403693748562,-0.8661676711014316,0.16441506561456481,0.875267285325725
2023-04-04,0.5631222253533874,-0.3626715835490132,-0.3983993956634212,0.7973709296866752,-0.8918331190827997,0.18560915886370846,0.8148339029983247
2023-04-06,0.5115972189377789,-0.3163081754306183,-0.2797647785894294,0.7345056498511533,-0.8051010140644443,0.25236815185396944,0.6516031595606664
2023-04-07,0.4252856861724133,-0.4726635921226884,-0.5913822263473659,0.7212026995295625,-1.1578353745802026,0.004189028406411624,0.5999866282003327
2023-04-10,0.4796743748525538,-0.47526838536581467,-0.6614991911456112,0.8611086604344975,-1.264337350896631,0.19353038657272725,0.6297883039222562
2023-04-11,0.5718032976730926,-0.466980983675781,-0.7849867132039963,0.9040919469198238,-1.250462186296689,0.04114148747332007,0.7382025101599943
2023-04-12,0.48541325348957215,-0.49452736744737463,-0.9739952940642866,0.9409163932801456,-1.44732510313388,0.00718166044005121,0.6770993229616125
2023-04-13,0.4142354114648804,-0.39096360140368924,-1.035695228563923,0.9706135209065179,-1.4758189533271278,0.03157320160040991,0.5874664506323716
2023-04-14,0.08123628803070279,-0.06522018713494923,-0.6041228827326781,0.803580359626922,-1.1356411732541807,0.2647567572282309,0.3045551630975897
2023-04-17,0.15962754465458417,-0.08091597179766087,-0.5919871020820398,0.7789815200358647,-1.1487723366959655,0.21026152423443412,0.36668503417295795
2023-04-18,0.4745342321392417,-0.2637571076236332,-0.747729612266534,0.7494792670127338,-1.229021562518407,0.0722613567482627,0.6027859375188531
2023-04-19,0.12778931744511984,-0.06678167719985278,-0.6287901382973548,0.633436643442026,-1.0527984231185097,-0.03798858429417601,0.15882887666516882
2023-04-20,-0.0719040645327283,0.27610096995660227,-0.5227043893756222,0.560143332750181,-0.7590641523278545,-0.009611265844790995,0.005574460592583319
2023-04-21,-0.220600537494019,0.3160969664929524,-0.430284133697144,0.33902565961282016,-0.6630047480181789,-0.1003445790841547,-0.17171417698040323
2023-04-24,-0.1409442059178037,0.3854093751294503,-0.4987821018321871,0.21157467494739984,-0.6514780572433843,-0.21314564779037581,-0.15375433162950675
2023-04-25,0.054234029893120816,0.24184731969120632,-0.6536777573060233,0.32775784010009723,-0.75178309760964,-0.4055352552665945,-0.1441419222115835
2023-04-26,0.3107321690624237,0.31192307671145986,-0.8621411336534281,0.30969867146588187,-0.9248957288458916,-0.6644637335446872,0.11102618511185804
2023-04-27,0.25177161731768655,0.30159343348785445,-0.8162160136064984,0.2606521421167421,-0.9258199911465907,-0.6570517083831673,0.14509692830594315
2023-04-28,0.200306090595888,0.13219416363539915,-0.6604248815211314,0.22350101596935773,-0.684895979101849,-0.5566127113543682,0.1309855925255357
2023-05-04,0.12330417996579011,0.133948782741864,-0.26186396296371184,0.08916398406021257,-0.1303710973091364,-0.4904177496331377,0.03520085302432334
2023-05-05,-0.05797898303221191,0.3008329106301285,0.003981281740601361,0.11515812861126049,-0.05590826678837965,-0.2313975400196218,-0.2711240316914102
2023-05-08,-0.16971469456793936,0.34917534011348955,0.2685050449219668,0.014984132055368235,0.1451011517007385,-0.13810201964469832,-0.4184423871745664
2023-05-09,-0.1700712567997167,0.42520886692090876,0.16112239231458436,0.006978725688015455,0.056841591346391426,-0.2792107501858765,-0.34257416688767284
2023-05-10,0.22948466227936481,-0.007386202237802134,0.12407281741830115,-0.09894818631049622,-0.06243386217954487,-0.4343522474289447,-0.15989489357310482
2023-05-11,0.17797925313062268,-0.09687090096540288,0.21856892779892179,-0.18008895297510075,-0.030969819839732696,-0.4170353491434809,-0.16644815551355538
2023-05-12,0.057353553604863536,-0.12285803118266223,0.4165784683436655,-0.32153941139743125,-0.09547120301704329,-0.37175833707692574,-0.30914870823225016
2023-05-15,0.3079907822688598,-0.1560066657531328,0.2828638148000064,-0.3108413764696721,-0.24994782876945276,-0.4218065406351041,-0.11048015688985524
2023-05-16,0.1360576919011494,-0.0639668559235649,0.3513761842713472,-0.3793129138473254,0.02775442885230859,-0.3535075122345222,-0.3173587834539131
2023-05-17,0.25269338461088386,0.08398833175903346,0.23963711554785738,-0.2809968666123356,0.014397420852477867,-0.41151911568662086,-0.32270007572967524
2023-05-18,0.23553044756728725,0.04123867961353263,0.39421551674194183,-0.2761788704237891,0.10659665805158498,-0.2261166835772065,-0.3233842965915937
2023-05-19,0.11113534429041627,-0.12114502532502194,0.3332413663784475,-0.38275663365265405,-0.02141911706150676,-0.2980163863913819,-0.5765904313845323
2023-05-22,-0.006671760130929835,-0.22603611336416263,0.8026153571861315,-0.4168183796125063,0.48049538983564666,0.15335135638298641,-0.8268174942015977
2023-05-23,0.14605947511102996,-0.32411046438092367,0.5623150774238986,-0.3304175155116963,0.3004016220950617,0.015562150878839123,-0.6992841613600267
2023-05-24,0.08525690401852334,-0.17823476858471238,0.43384507388735777,-0.29131182588276755,0.12362188906623811,-0.07803613735928375,-0.5979172039479068
2023-05-25,-0.0879525509963203,-0.1494984524637322,0.38141006154861035,-0.09536546135009341,0.1527970783350196,-0.005547018969305234,-0.7246410738881064
2023-05-26,0.09050049566025001,-0.13410055395743437,0.4065317822380991,-0.18411670048469042,0.20440426642790893,0.026353919731794143,-0.48112328726522513
2023-05-29,0.04167417564327132,-0.20717337430582933,0.23491433658245647,-0.012993771486485992,0.013283984071796137,-0.09667918209487937,-0.43451917185511274
2023-05-30,-0.07703871888786229,-0.40253758197602235,0.3878539960332498,-0.03450666871847555,0.1359081834112416,-0.024808209922268648,-0.5773118667956534
2023-05-31,-0.14552124991045962,0.09337652136683353,0.2367995207342546,0.25087769006957245,-0.016555508755493206,-0.07204854028029023,-0.4624738517332319
2023-06-01,-0.24310644430693165,0.06381764302422696,0.07466265104902708,0.44945442847645656,-0.08605147344421696,-0.3193453508415055,-0.4122486499603124
2023-06-02,-0.27433836859326055,0.13265080923872363,-0.030746367867071397,0.6159097668019742,0.05827233424220364,-0.3728921119274048,-0.35733450678795675
2023-06-05,-0.20134773958504487,0.09369994207333418,-0.13134536199335642,0.7487902140711149,-0.05821746649000156,-0.46350045969082904,-0.14816737872673805
2023-06-06,-0.03362122494991822,-0.15834316780630703,-0.25161113868627266,0.7541400137193696,-0.2159335796542951,-0.6168488049659446,0.167948077772826
2023-06-07,-0.09751743461326513,-0.16480278689519745,-0.34371946154409605,0.5320520202854269,-0.32719899690939047,-0.6559247250526028,0.30585114679065256
2023-06-08,-0.22698875215932235,-0.017371291594342822,-0.30574865173830956,0.5144463860403714,-0.28091209772569115,-0.4930306587987874,0.1981695244284209
2023-06-09,-0.1429021025762257,-0.014797406469514732,-0.3861446289682568,0.4897799762859702,-0.2791745058700878,-0.5852342188960983,0.4277561300621608
2023-06-12,-0.20924788751811985,0.17841423040315169,-0.38373166339936887,0.49510679841490696,-0.2648920648595135,-0.5546559215703888,0.5711279622628771
2023-06-13,-0.1982050590226046,0.11029438377723615,-0.32122492152142545,0.44363788007987326,-0.2673268767736886,-0.5375569956828071,0.5822568709718927
2023-06-14,-0.3082856854344866,0.06178378117866447,0.010086064827032629,0.3239145379570477,0.04427387633100095,-0.30887988337664246,0.2953120562512559
2023-06-15,-0.07866967955339142,0.1634189047520988,-0.18192818516541875,0.3484724851486156,-0.20620787526225837,-0.48701072678542023,0.4762176481367878
2023-06-16,-0.10435201585006039,0.08529380979022189,-0.37052820628917044,0.5209247502046873,-0.31236431890126853,-0.5251067415957356,0.6389530721671048
2023-06-19,-0.04594627586524909,0.07083354954054942,-0.5087026267264932,0.49512012760484125,-0.5239087945569378,-0.6075352075164504,0.7673470165751478
2023-06-20,0.0171659093217683,-0.004379023333398388,-0.5846616163429197,0.43155061743722206,-0.7737394077455075,-0.7008625505038558,0.7643475896057392
2023-06-21,-0.2843492368217446,-0.10947708285119885,-0.5834658335912323,0.22141620936447898,-0.8387555898880031,-0.6200043831942806,0.3278420607604027
2023-06-26,-0.2723743481916583,-0.289180398895988,-0.7278304369945355,0.1351945597505429,-1.0655368759030912,-0.6732178970672515,0.16742684174598219
2023-06-27,-0.16302898077933964,-0.3982206731044435,-0.8351813467155564,0.2119386550761907,-1.1314558262169214,-0.6838212887685535,0.1522914622417525
2023-06-28,-0.049966331840261585,-0.4192264520970072,-0.6602156962158104,0.1537892056842685,-0.9737931292913624,-0.5312763794127232,0.09785694737903741
2023-06-29,-0.23669358176823332,-0.05241492993129148,-0.4913175498613087,0.05776121818408648,-0.7493847933055395,-0.35964722366705826,-0.08140905229866621
2023-06-30,-0.2934292415161636,-0.08180535034707265,-0.3640310569530278,0.013968272646777052,-0.5583696095860843,-0.26798987305156324,-0.244958264377295
2023-07-03,-0.1846132756653525,-0.1421829855527034,-0.4088675161883433,0.006257529020640508,-0.6141924623653839,-0.3389597857375208,-0.042884232649942754
2023-07-04,-0.34960304610955073,-0.15007524299237615,-0.23906663478589588,-0.07171711853886822,-0.5069346035995286,-0.1411282144636589,-0.1914783158853339
2023-07-05,-0.191963372932493,-0.2237374584904871,-0.36963069440917634,0.0035956429538360687,-0.6595637282037844,-0.2986257168518803,-0.09100239763594677
2023-07-06,-0.21475258046564372,-0.13249118255558262,-0.38477294025729664,0.06661074926028093,-0.618475868739863,-0.2075424013059674,-0.14090742768009318
2023-07-07,-0.21174386388613017,-0.07207777459815609,-0.41960169002759007,0.22676044196326386,-0.6597144425395197,-0.19564530495901675,-0.21210144522828692
2023-07-10,-0.2786732305078598,-0.0634226214235741,-0.3061272118312607,0.27901896412039,-0.6121133121338668,-0.010889302093888976,-0.2766274612108303
2023-07-11,-0.28664796134270903,-0.1724609737290501,-0.16178608728918473,0.1695968480381088,-0.4996549893658412,-0.03819346134207744,-0.1771626560161271
2023-07-12,-0.42576234374904715,-0.3095672788229528,-0.14519678607163272,0.0997915603856522,-0.422996197175973,-0.14155038095725095,-0.2609920205595317
2023-07-13,-0.47110816482923684,-0.20834522899144864,0.011078452313470322,0.07696871830606422,-0.1866209759601642,-0.13826984690795746,-0.25369958219094274
2023-07-14,-0.3282383554830434,-0.14573856063919316,-0.03150265291220454,0.10603706831148377,-0.1327854271587745,-0.1290406594928319,-0.08157169057161971
2023-07-17,-0.3499451302376152,-0.05351775460065736,0.06430637383908552,0.08517247807320127,0.04138614100890864,-0.05310566135165262,-0.17071883031632878
2023-07-18,-0.3611112658620769,0.05257927265256722,0.47397428274663306,0.13000092360374105,0.3215353213620868,0.28260250545512955,-0.2826038076057002
2023-07-19,-0.4883917845968586,0.3394646584957126,0.46264508704449137,0.05258887994105031,0.47482439662053777,0.26620870972625343,-0.386739846192088
2023-07-20,-0.3822020782489532,0.28125435764681983,0.2095698717912728,0.11774491901368739,0.17574236336706356,-0.02083676973529988,-0.30173960838113284
2023-07-21,-0.04047315562762813,0.3624432778417269,0.20816814670815595,0.2565467482851651,0.1534677910890481,-0.08072983682012028,-0.0553351868750086
2023-07-24,0.03167330090258983,0.43010922992042216,0.28801829503492643,0.2957689260485921,0.18344634141444005,0.03391166905316343,-0.03758910462993081
2023-07-25,0.15936312132436936,0.4113057923168909,0.22092099009747873,0.3419039802538756,0.13784429950091162,-0.06257353380297406,-0.03316245330358738
2023-07-26,0.16855280650645332,0.4305136193466884,0.42575340682032536,0.25863535280325284,0.31255801845972,0.21409884561660747,-0.18707551905279313
2023-07-27,0.16671449827570398,0.21251073058068198,0.4732883767575765,0.17389941372976384,0.286610727317429,0.2022095305719221,-0.2105733001409627
2023-07-28,0.16866220352706585,0.17896627808182908,0.3321971140444822,0.2268022654618797,0.15852060620689717,-0.0035157827462910726,-0.08218950778063948
2023-07-31,0.1407739852712937,0.12432373051183628,0.4336240469976582,0.1675626626575237,0.24073259619109047,0.06411082862495088,-0.09019000205877763
2023-08-01,0.2202228057631223,0.0913262044804766,0.44023749472846024,0.08785089324128878,0.2440556771769175,0.1346932693729234,-0.09902209174920248
2023-08-02,0.15054019422668274,0.0023496760976674455,0.5096598204115045,0.0028739311692794964,0.25484448038705737,0.20493939309327025,-0.17778037853840062
2023-08-03,0.24340836167298885,-0.11338230942636107,0.417454862727468,-0.09303647246033744,0.05781573405348229,0.2225713814685702,-0.165233771329175
2023-08-04,0.3435893953649476,-0.12889728936705347,0.42502894811016173,-0.06729869195102153,0.028836744419884958,0.2348030668269307,-0.06766903520637305
2023-08-07,0.21433574104900024,-0.003415339554244532,0.4752265694828192,-0.04963704908482304,0.15889984716501654,0.1917963808896984,-0.12267111342623635
2023-08-08,0.2011314013978161,0.18803992858279428,0.37307570225654973,0.13909291701193605,0.09033541595652463,0.1270535400414748,-0.019363342001144063
2023-08-09,0.35347221580942384,0.038500785856855284,0.4325495640759595,0.07700076775992062,0.11739432537673575,0.21161956123100464,-0.08379915673396346
2023-08-10,0.4159329347619985,0.055635253026493775,0.5158005245852963,0.1894111388655306,0.23128711283529138,0.46295821999005177,-0.039672424070767556
2023-08-11,0.1968221511838756,-0.12924573132972977,0.3570441870577328,0.028057927620944195,0.09644051184500096,0.25038716782556797,-0.1399845944488607
2023-08-14,0.15365763949546013,-0.17547069578313235,0.32490743331228666,-0.06018085123758846,0.06789540896111543,0.1533964946241701,-0.14724901325152742
2023-08-15,0.1989150551269095,-0.023077818959717895,0.35783518512392215,-0.12831941418060444,0.07203395126360056,0.24168798860318952,-0.18621907302878726
2023-08-16,0.09809363256995168,-0.13216366699111876,0.2540999147727834,-0.036160162052891076,-0.03441482450121755,0.18847913344018696,-0.07830558310684188
2023-08-17,0.08798145614123574,-0.024139028306257318,0.2939185581394546,0.03804028381143366,0.004684968154881014,0.22088542611789633,-0.015080580451053838
2023-08-18,-0.019859266151175704,-0.08015487224491716,0.27344385356766376,0.03345198843571688,-0.008374140406732046,0.20386857484644055,-0.07555969485487452
2023-08-21,0.02320548111115179,-0.18300964534656367,0.1992697929835675,-0.0029328091417955473,-0.030159958817748238,-0.09410084003796003,-0.05162657206053491
2023-08-22,0.14052481438494435,-0.03717044563758663,0.22311477852813968,0.027512491991156837,0.006204001685912229,-0.00449029519271567,0.10491050434218012
2023-08-23,-0.03817286428230435,-0.011723256771269678,0.055264365280707495,-0.04963132464833231,-0.15717989428660611,-0.13446295425386845,0.002972981048260017
2023-08-24,-0.08320802318051454,0.2168737219178377,0.08521506728518657,-0.13238507594587204,0.048896384013816796,-0.16577924605099273,-0.014009247165140265
2023-08-25,-0.05444715888891509,0.24932827972939095,0.13898954682627035,-0.08180982200672902,0.09269927579468233,-0.1904864262475475,0.09099322803655983
2023-08-28,-0.05583758845515527,0.09965738463449869,-0.009604438529072834,-0.2535565480651937,-0.044723245933704886,-0.3002521674001908,0.10950871020837197
2023-08-29,-0.04270708129612791,0.047848522990483755,0.08216874326786587,-0.4524019756430895,0.05864945470457622,-0.3151107165132977,0.027314859254189496
2023-08-30,-0.16760164518260562,0.24527941995017444,0.011413257660943109,-0.33274692305553866,0.03375044442680635,-0.26636940969837003,0.03328409706683138
2023-08-31,0.01990043828495627,0.2253195942639473,0.2610799814543256,-0.48461342513021965,0.3043878596334493,-0.07621055143568939,0.0970263125422716
2023-09-01,0.02834811352307223,0.3339781855808606,0.26135008320570746,-0.5089090402433641,0.22883547426922116,-0.046946916490416615,0.08156652803469641
2023-09-04,-0.09003711075659004,0.46183681468005555,0.0836831913806884,-0.400488855242112,0.2249143349837448,-0.028743089528786132,0.036413912289620036
2023-09-05,-0.22394440510317154,0.32161850786846374,-0.10290085539488175,-0.2886517004978859,0.11885894434405282,-0.14111278800011806,-0.03509892174488427
2023-09-06,-0.23069769403154822,0.3433167198426128,-0.12876244995915404,-0.3324288926069133,0.11427350462663478,-0.2226461560219976,-0.05246407275575321
2023-09-07,-0.26083429586631257,0.278988109284883,-0.19001477320520865,-0.5035314859450266,0.060037272939282696,-0.2778727008743161,-0.043362097390056725
2023-09-08,-0.16884438304581922,0.24040326475668244,-0.12420606980558749,-0.5131849336200247,0.06097168952102067,-0.0295597195703039,-0.006249870636368284
2023-09-11,-0.24278933911314948,0.22521939033895094,-0.1193505839018088,-0.39424617894339337,0.10016307797225352,0.09629787152531286,-0.09148836695552065
2023-09-12,-0.34696102450032035,0.19457990168272207,-0.24301529106626785,-0.3537069282143619,-0.04838890374007361,0.010369191757669084,-0.18977820525292288
2023-09-13,-0.25428601705605436,0.050664096345257106,-0.18297544144233446,-0.4644524250459938,-0.006018702967459114,-0.0478246484488795,-0.13729871504762414
2023-09-14,-0.2780407938597043,0.08435510323492632,-0.2620708692667239,-0.34535204684281723,-0.060051162737951795,-0.09757154247901587,-0.10889911283420314
2023-09-15,-0.2585906313446707,0.21354151997308746,-0.26792528865580173,-0.29629657643003526,-0.06552513093118387,-0.06553955829923888,-0.13590916903882716
2023-09-18,-0.17023525347606655,0.19871182182623792,-0.07388561599186344,-0.23569618869402165,0.18089424825993922,0.3601703806866082,-0.1805413488889876
2023-09-19,-0.20595416669690686,0.22933541244474892,-0.0848274248335727,-0.26096035150344127,0.16473796785950856,0.33709813548838974,-0.1368137237185819
2023-09-20,-0.022145626117264297,0.1368963387749845,0.11735402441513257,-0.27489076715971694,0.4082672855780769,0.3354782673724783,0.003960396008104147
2023-09-21,-0.21136352193999874,0.09384427088778673,-0.09493870211225258,-0.08542780051128941,0.17090501868115476,0.19947228666329114,-0.17740949851125049
2023-09-22,-0.23413411795548633,0.04102417848814682,-0.07453831620472845,-0.12458007292382184,0.22553531825015466,0.26367321329710125,-0.200704471176605
2023-09-25,-0.07943234851410116,-0.1352773276530268,0.1245945103699451,-0.1645303795387997,0.0963506878922881,0.09578154281536247,-0.05159001924093751
2023-09-26,-0.035101632858020926,-0.15452232872827937,0.2973838155216774,-0.19064849825003574,0.08604700118336786,0.07865327427981525,0.07063909113692471
2023-09-27,-0.06189248258364574,-0.1491259716910042,0.2791064045010611,-0.252072866738153,0.09459758733491361,0.15485023538685644,0.10511954829875927
2023-09-28,-0.21529029109796421,-0.012164432116616289,0.10032785715352865,-0.010768358142578746,-0.10179531247666793,0.04737743979520592,-0.06969600110091086
2023-10-09,-0.09819359128819485,0.11841931053728323,0.15689864055781294,-0.031231982610749387,-0.0028871349935509216,0.053494631902356274,-0.03982419391806022
2023-10-10,-0.12736075307982903,0.09957723097926356,0.06969600433894195,-0.035133992740428235,-0.12273826754888532,-0.06776408249735062,-0.046493973711387956
2023-10-11,-0.21533009751617427,0.1603690352267103,0.06914050661115041,-0.0438724589275994,-0.10042143275912786,-0.08586174808126436,-0.05619839225964804
2023-10-12,-0.2798230155718233,0.09608265272201524,-0.008343672728375662,0.1909397797180176,-0.11866700511879308,-0.01914421548154975,-0.11830128555345518
2023-10-13,-0.30784773988800485,0.022003980365819423,-0.06799757563511026,0.07288811368119759,-0.21163624239341755,-0.05733564772279673,-0.20787150294468
2023-10-16,-0.24267167314512428,-0.06962048267001335,-0.07884263712178728,0.07591866201382495,-0.20033460501126188,-0.059391413022487086,-0.1452844342828789
2023-10-17,-0.1511428721309051,-0.10202263248605128,-0.11577899369307376,0.08434987689321641,-0.2523877476547162,-0.0720166333638772,-0.09366723895302029
2023-10-18,-0.26465999273295826,-0.19069852076203433,-0.18158807139695235,0.02554501119077221,-0.30349645580872875,-0.04812898921859676,-0.23741287211285603
2023-10-19,-0.27363010457926484,-0.2232454332153222,-0.2651197520971854,0.016885687869481678,-0.38862608527248643,-0.17544813056883796,-0.30400536628624975
2023-10-20,-0.29910937122488357,-0.20328170844495255,-0.20849047274004837,-0.22087193068913158,-0.3723652617352209,-0.22998505955287293,-0.2180630784531468
2023-10-23,-0.3506707411251956,-0.30245798552373315,-0.2964283795176788,-0.3014983750717563,-0.4013925063742799,-0.3899299409923661,-0.25895199600036134
2023-10-24,-0.3214033315346768,-0.24813583208876921,-0.30732110655381806,-0.2480923829573093,-0.43845505421518294,-0.343033513313598,-0.2199952380516893
2023-10-25,-0.4287578245542415,-0.1500997906226771,-0.43512921432409746,-0.10735134265183788,-0.5078532734968618,-0.39815964028219186,-0.36886540030866377
2023-10-26,-0.4243193619722929,-0.11057923767925942,-0.32696136114119956,-0.12381215298707213,-0.454693336471927,-0.34060428512197083,-0.36957747310708877
2023-10-27,0.006994913820961415,-0.23721059432898173,-0.09790283590401792,-0.2910093631108108,-0.20153419635889497,-0.15114183246410434,-0.031701965102905225
2023-10-30,-0.02554276536602916,-0.20314939055223707,-0.09745177622141037,-0.1794878153136481,-0.15294319964344621,-0.09712660703025873,-0.0430536996375525
2023-10-31,-0.05126748055695399,-0.10539780750822375,-0.04077116236094272,-0.20596661046968218,-0.010794089897480291,0.05923791967379674,-0.03508203632362414
2023-11-01,-0.01569462111039259,-0.08766027056332214,-0.022287159196344816,-0.29322544936026806,-0.0013928159948459612,-0.034770024332946,0.006668063716733799
2023-11-02,-0.048689461595675804,-0.053998360026316944,-0.015318780172371232,-0.3033986969283261,-0.06977326321843805,0.08120888863550921,-0.10494420097774573
2023-11-03,-0.06266155939076606,-0.14945593435272028,-0.1634069668461069,-0.32808830673321154,-0.2523310759376528,0.07983982175334538,-0.217176523813624
2023-11-06,-0.09545438968028956,-0.19665327282530792,-0.14729871278840398,-0.4404392379904678,-0.28640391157320566,0.0046813942641525524,-0.23263893130552366
2023-11-07,-0.08204057590793276,-0.10157928573392197,-0.04218241633816125,-0.4610596217163283,-0.17666847884192147,0.06432669717401326,-0.12092422563025856
2023-11-08,-0.06995187654919043,-0.08420465054966343,-0.02559404906001088,-0.5072990408129159,-0.21374001233251,-0.02005178675675799,-0.09700270933619205
2023-11-09,-0.14189524652986993,0.19084689127361942,-0.11116658358492931,-0.430975953641048,-0.2833448743607329,0.03217857116091574,-0.20402697809803627
2023-11-10,-0.2258446669926974,0.06188954884799193,-0.25053965120371646,-0.31639289350274113,-0.4702335312092904,0.09630580611550922,-0.4106197007410673
2023-11-13,-0.18634829351835208,0.09213987950450371,-0.2392375160374891,-0.16699122968983704,-0.4832767293222254,0.12657114420786258,-0.40296821658204535
2023-11-14,-0.21296482499967884,0.1475848749041629,-0.28850551423504367,-0.04495865091693697,-0.4560196943295206,0.12771724091916065,-0.47314165522375207
2023-11-15,-0.2040184621285714,0.1592985974877686,-0.2070416862915187,-0.08286637005780496,-0.4003934362260444,0.25199296544015387,-0.4007861045200596
2023-11-16,-0.0896347049628608,0.17674551875875494,-0.24492803068960317,-0.01929012364115254,-0.3981623875089507,0.221698710976041,-0.31243876210082594
2023-11-17,-0.16395067719101653,0.18211712556406934,-0.2821498315533771,0.45818015160798264,-0.3876809607319591,0.21684890146627234,-0.39143367270574075
2023-11-20,0.00844991764480671,0.22947203362620594,-0.23225812192802026,0.48184634894219447,-0.3550537568070648,0.25442824758564714,-0.274067134749644
2023-11-21,0.034773150456583524,0.27973287455532214,-0.23420645700370976,0.4355837005534092,-0.3856869629178411,0.28822657438814914,-0.2753415849122357
2023-11-22,-0.04270914684559844,0.1433690418563222,-0.31277000800866617,0.32697078057822493,-0.4053962547197395,0.200117347332323,-0.3406953900954397
2023-11-23,0.10758193815297379,0.12891315726953972,-0.3431873521132086,0.3150827775720354,-0.3958217623947543,0.22150487663974278,-0.11317031116762147
2023-11-24,0.05455923208137814,0.20518877166351263,-0.18593883420192905,0.254458507211848,-0.26137590390440635,0.12079758351534325,-0.14116016286171137
2023-11-27,0.018109981137081635,0.2463462080178127,-0.1313645630870932,0.25231298394577373,-0.22993325286587935,0.1658644438356327,-0.1897995835498965
2023-11-28,-0.027134205121606345,0.10970598685679893,-0.13506319415264945,0.22380830772110027,-0.24180744783782981,0.11778009264770682,-0.2100702681701726
2023-11-29,-0.08348080346545268,0.0623210667192685,-0.26281418863050493,0.3108121466539631,-0.2938657907219752,0.06849468963161338,-0.2883879848164619
2023-11-30,-0.0726219755483816,-0.06445396490290098,-0.05911749071644343,0.18419072107005624,-0.0989582457231794,0.04682020209433993,-0.16812913675261335
2023-12-01,0.019113713722949857,0.026597250736666106,0.06810601900656447,0.2558199850555968,0.1970198290446341,-0.05333894639328156,0.1700231192448146
2023-12-04,0.13160070390071654,0.19990445100411847,0.17645084822133428,0.28323134850969667,0.36406471040902055,0.10625166127606152,0.3150353886220941
2023-12-05,-0.016407010830397,-0.03113705198866984,0.03562491409402588,0.08867009574927573,0.19938887819006623,-0.11034146808359449,0.195871371652524
2023-12-06,0.16462581553187416,-0.13552178420873146,0.0567544429789837,0.11597552189274297,0.17999634974558232,-0.22252546246777882,0.35974522636707795
2023-12-07,0.1599679795768277,-0.06228534671090208,-0.052634770907536876,0.10177009183147326,0.06681525071917263,-0.39007444095321425,0.28151955790577315
2023-12-08,0.3433093311474402,-0.045719391006134924,0.004963001847985954,0.16972768057514492,0.1293175391146712,-0.3799894315528338,0.40574510089234905
2023-12-11,0.30293666477590214,-0.02371471240620074,0.0855541805392801,0.05221659641534809,0.2011323287156534,-0.3388328284085853,0.3993623402437909
2023-12-12,0.2836292405242974,-0.10605338909111411,0.030225112203422666,0.11766441216038362,0.11737173502147669,-0.31332327229376555,0.3833084657281651
2023-12-13,0.2847857259007667,-0.24295788318411193,-0.06831129371005697,0.15771384948628758,0.011695363418938995,-0.4354585527252086,0.31620460946453965
2023-12-14,0.27763837669363967,-0.3039844648888913,-0.07375423460178229,0.2316197674918616,0.0038164497229402072,-0.5719124769340187,0.3464994683099788
2023-12-15,0.26986519039408624,-0.26091269965088876,-0.13623189892596083,0.09432618743739714,-0.020637175711569103,-0.6514033724272597,0.45497705709622227
2023-12-18,0.3174652736763407,-0.2242987370970767,-0.14146201863036345,0.18190014707629826,-0.05857719070193186,-0.6449664457503996,0.5118181534717596
2023-12-19,0.42248403363504217,-0.25089155221161563,-0.1972644342693903,0.22916640915707562,-0.06766785976087661,-0.7251441756648186,0.5287365173592827
2023-12-20,0.344791666210936,-0.3209904110079728,-0.19144763260368225,0.16935323909122524,-0.13184805017967383,-0.7853189660504535,0.4434464578765228
2023-12-21,0.3258490846881767,-0.11227348540828647,-0.24919887114930683,0.3028672197225533,-0.17286952952317527,-0.7727860038792878,0.3395059429224668
2023-12-22,0.4060529074723422,-0.08703316978111066,-0.1253456963230002,0.19707047784323173,-0.18988076015889632,-0.694744823421619,0.3274963243345262
2023-12-25,0.35652702851122237,-0.1908203012413539,-0.1610607351702712,0.16828625114846324,-0.22879193246242885,-0.7553715361640755,0.2802845624586009
2023-12-26,0.31581253429637024,-0.11170180202755971,-0.06518480224635016,0.08358296624626917,-0.185159129824163,-0.6846724616515265,0.195448756997625
2023-12-27,0.081635013496001,-0.023986070480232546,-0.1413452145266429,0.15813575768766086,-0.2082891867923959,-0.7496324110045492,-0.07255903111002321
2023-12-28,-0.07576162785959317,-0.1878412365987491,-0.05887810091189103,-0.019572953297640316,-0.2004594534222716,-0.5924583614805021,-0.17416959692830086
2023-12-29,-0.1905086221475118,-0.12667280554767424,-0.1058898363788886,-0.09004104180653502,-0.24849557500229164,-0.48558726649703254,-0.2672620844749908
2024-01-02,-0.19874401964721547,-0.3020355513212687,-0.14331800002687506,-0.1487064970854121,-0.2716749391225772,-0.45935797735429273,-0.33794292041456997
2024-01-03,-0.058982812212627876,-0.19329950334434415,0.02800341629177775,-0.05368227752042045,-0.008344988034362226,-0.49760896958999684,-0.16527144885082862
2024-01-04,-0.3226949969742664,-0.04252092143130887,-0.060043267006644044,-0.18796153253579234,-0.061808061648889384,-0.16268978619449637,-0.4284292290889795
2024-01-05,-0.42119349670880024,0.013105330659817113,0.08947515257589728,-0.16613763423038042,-0.012284133619888228,-0.04848933534769459,-0.4746825240703234
2024-01-08,-0.43537975068237195,0.10285990633691741,0.2345260477289007,-0.18284269647463594,0.05582440588115752,-0.05474824943793073,-0.5215501644853475
2024-01-09,-0.31358198794776665,0.01127388863982642,0.30228410955552515,-0.08635076536844016,0.12438531385652268,-0.01461117066437501,-0.4397649558589688
2024-01-10,-0.394050182868409,-0.020133891096676137,0.2536108472201468,-0.3686069547967796,0.012459718184768032,-0.010499856735830159,-0.47801953513558293
2024-01-11,-0.2976603732468698,-0.00402965670694967,0.3545492207499581,-0.4376517702496585,0.019978898929873326,0.07396117676099209,-0.41490668763420774
2024-01-12,-0.04548717545004483,-0.16850740665525943,0.4166445412250475,-0.429747451435298,0.018621583947372684,-0.004319493589851861,-0.26079188001425346
2024-01-15,-0.10025317736692292,-0.16298286476842339,0.43871912262790036,-0.24068119048553516,0.10274103320233913,0.19405700270613224,-0.3150647274318151
2024-01-16,0.0166548384783851,-0.1792195259463747,0.5449585078816078,-0.19628634661456493,0.21883612945059458,0.30391816666969973,-0.330571702766418
2024-01-17,-0.2919913185002296,-0.1367161343024126,0.07545670567305102,-0.17208676582443674,-0.2939914251161234,0.13030579375881082,-0.49978894261292905
2024-01-18,-0.119287304266852,-0.18717159925420304,0.2600200323809513,-0.2810057524011797,-0.0973157553954142,0.07795439745583116,-0.4471766731718144
2024-01-19,-0.030556217791409438,-0.32575278827945675,0.2038903629881306,-0.6419894893325194,-0.23979509728462453,-0.08562412219502244,-0.29880417688316496
2024-01-22,-0.19268165333507048,-0.6294635802037826,-0.0060912841199381,-1.129455705111334,-0.4210604799767662,-0.31864293045182934,-0.4628708890449519
2024-01-23,-0.19545910326110574,-0.5255861641850007,-0.029168311520459646,-1.1741493185733145,-0.45369221250988734,-0.46365771271568135,-0.3961306368050005
2024-01-24,-0.28167956718647397,-0.5760144417014145,-0.20056298250089438,-1.1934822813758446,-0.6763211957959698,-0.3679064989498854,-0.4813452224447828
2024-01-25,-0.012188901143753528,-0.7104936796423277,-0.12020311403298083,-1.3767757659686837,-0.6662130476637885,-0.32546455162230475,-0.11284504617282613
2024-01-26,0.09246675183581651,-1.039212581534483,0.02799252838265639,-1.67974741351774,-0.7050301909726326,-0.22939632081100553,-0.06271919524443273
2024-01-29,-0.10041768470570316,-1.084118237043996,-0.20245184897013282,-1.5773720141216125,-0.8616005072984653,-0.29467603948610693,-0.1654745478109841
2024-01-30,-0.24012480865535477,-1.2081172232372903,-0.28279791213441857,-1.7468515922042165,-0.9483856932387047,-0.47968798032892324,-0.270622620420357
2024-01-31,-0.4254073771390568,-1.378253928397238,-0.4407087030743345,-1.8610541228041306,-0.9876817015182439,-0.43622513193341605,-0.49494244226314166
2024-02-01,-0.35254127928809276,-1.6097642675661248,-0.38390464989543405,-1.8864575173261742,-0.950033218511101,-0.5546596202748643,-0.45234236518495513
2024-02-02,-0.3659083261687006,-1.9043846383400689,-0.35923582199587395,-2.36045261055076,-0.9704709676728454,-0.6808894825598746,-0.4777099935680926
2024-02-05,-0.5644906670970713,-2.1293426972981453,-0.5251138003673882,-2.8286380355459024,-1.0306491287603132,-0.9380920903095811,-0.6193626993209681
2024-02-06,-0.6521280439354661,-2.316078478651045,-0.6280757482408124,-3.0,-1.245602768228963,-1.2271005833522508,-0.6465890575652005
2024-02-07,-0.6743921037777405,-2.1211592041883782,-0.5859338571366656,-2.864045880870257,-1.151039973169349,-1.2699255078763871,-0.7378161830857282
2024-02-08,-0.5353427002474264,-2.2496995544459373,-0.5721285014166805,-2.8096006867429706,-1.2648916279631475,-1.570946691367441,-0.5223794667715201
2024-02-19,-0.3295299812302334,-2.384996644767026,-0.3797127356709618,-2.8866257882080717,-1.3081815291014733,-1.5410422116951523,-0.3480193890469203
2024-02-20,-0.6849740296691343,-1.8705009063488789,-0.5873890817065629,-2.443192382110112,-1.187360225203785,-1.435889414838175,-0.6284566044588348
2024-02-21,-0.8059065347724459,-1.7746389368183713,-0.7489126911474348,-2.1781418152291585,-1.044786090453402,-1.2528240538288913,-0.7684270496037404
2024-02-22,-0.8212883930511679,-1.594377437971511,-0.5943856031840697,-1.8948046576396407,-0.5464185612904067,-1.0978866108870462,-0.8581720416869429
2024-02-23,-0.6994830182117234,-1.4454289485373502,-0.7089506476372941,-1.6611357904922723,-0.5884467276214603,-1.3294234652048882,-0.6879094386158641
2024-02-26,-0.7931879482698793,-1.137340210375663,-0.8559645161339399,-1.490583204791507,-0.40998243300877674,-1.3497455274711565,-0.7620953339387747
2024-02-27,-0.633150440350869,-0.9581698752383185,-0.6194491634323138,-1.5587179881888233,-0.30809394336451523,-1.0016821432159717,-0.727618577000219
2024-02-28,-0.7442891692576471,-1.2082458690308586,-0.9259591626178414,-1.5072011224444315,-0.45562014585534566,-1.0445267498329094,-0.855933503227035
2024-02-29,-0.760566942666012,-1.2036645658585094,-0.9378938782175045,-1.3592325498870226,-0.5376872350970082,-0.927297320754194,-0.766258887981042
2024-03-01,-0.9095841248433892,-0.9119797987184838,-1.0369605139016485,-0.9960694403376172,-0.46196805558593834,-0.83915689943875,-0.845305761286422
2024-03-04,-1.057699852154981,-0.6724935521305283,-1.3147885215651198,-0.5838395526256336,-0.5425790009436656,-0.7802219364816799,-0.972520310214135
2024-03-05,-1.1438642555191856,-0.3082721202076298,-1.1654775879098274,-0.5797055002060589,-0.3308424925284689,-0.6746882521754651,-0.9541025152982716
2024-03-06,-1.3090774868821153,-0.17038399996895764,-1.3691072425471833,-0.18887574437930715,-0.3239739666847277,-0.48160047548873613,-1.0918952444599452
2024-03-07,-1.0729043540433825,-0.5505745612825014,-1.3512775441502807,-0.13992648004037467,-0.36338670749655705,-0.4442783119837396,-0.9529459236491563
2024-03-08,-1.1013341539364658,-0.13988082977486427,-1.4444969841652353,0.10306647206396506,-0.3653587556444536,-0.39277352768477175,-1.0304292301175322
2024-03-11,-1.186715280235414,0.554134186382283,-1.335184341527407,0.4946662317737399,-0.11045538750859284,-0.33044595906275265,-1.1775183260891864
2024-03-12,-0.6758118460526431,0.18870374518565997,-1.0512593316353667,0.3288687641856145,-0.15799526340462755,-0.49672040710549736,-0.7460465081412152
2024-03-13,-0.4827420803544135,0.28246654888874073,-0.714681705885276,0.21058226648736778,-0.08523500590021989,-0.550962185425457,-0.43295738657563615
2024-03-14,-0.0988114660179444,0.054418808779864755,-0.6913900845539139,0.20892407217799894,-0.2245434495125704,-0.7267566791110588,-0.11185202627451012
2024-03-15,-0.11658340259467534,0.15428464317284016,-0.5876526797149997,0.24665881026871808,-0.07740872398812672,-0.01839719749460929,-0.2789042951509152
2024-03-18,-0.11186452296781112,0.15532192804456496,-0.594098906160956,0.37805561129767945,-0.02110594343324467,0.3479032954248908,-0.4563918379345487
2024-03-19,0.033667521822972876,-0.03203384399181479,-0.6758325221726647,0.538269120604808,-0.014634771147262814,0.16154025222158125,-0.34920297056438065
2024-03-20,-0.009796713063386638,0.23516560957886334,-0.5355806317140052,0.454244621947533,-0.00034468993869801387,0.14495101075754926,-0.22079062370336247
2024-03-21,0.18848277956109677,0.2679922203971216,-0.5144585908488176,0.48785214278842387,-0.03729726936423677,-0.0006070197187951695,-0.10610450803054683
2024-03-22,0.41604051220658456,0.1439806109212629,-0.5287030005452406,0.4056925070210167,-0.092175234065727,-0.06311057643529763,-0.007142890264555862
2024-03-25,0.37283596371099076,0.2844138389936133,-0.2651403674133099,0.21277181577474163,0.04043151212545429,-0.06972531944124491,0.04988214076469634
2024-03-26,0.47067649268791034,0.019785660157179044,-0.35189332345862623,0.40125720786618846,0.017305719094810226,-0.06169690566431475,0.018185776463259293
2024-03-27,0.5253574067289617,0.2164642167457781,-0.16589186904231054,0.21469726899860636,-0.005648694725988026,-0.1791582355364766,0.05590050579901447
2024-03-28,0.6076991535999194,0.4933762733361942,0.04295707153249032,0.2628357884166901,0.33014922579256717,-0.19305290397323457,0.23335776098580122
2024-03-29,0.45160545036428745,0.6815110787849483,0.17845150612261773,0.13963616645602564,0.45451570139757524,-0.01777512304386033,0.1938855053028332
2024-04-01,0.4281586883927823,0.46146831062867605,0.12067111873392718,0.23210123534306593,0.5081159503946695,0.12696882917838895,0.1339763427259966
2024-04-02,0.41163859609129955,0.22868437609436706,0.1964160277410935,0.022195611958366748,0.49427681859266726,-0.021679298420684865,0.1723320861076801
2024-04-03,0.5182958205821009,0.32380227167472103,0.018126820644522985,0.20213903136542094,0.35219395283597354,-0.04729007743280732,0.09559986959252705
2024-04-08,0.39243787832181154,0.39240875333002795,0.2011218726946823,0.09216009303938824,0.4871234101869271,-0.042808564126192036,0.01133992125664212
2024-04-09,0.4092861553729464,0.27562712540882156,0.2556053898105985,0.10229258644453751,0.5347993387967971,-0.15389694665604228,0.22429405024520557
2024-04-10,0.4980011804458317,0.07540487815809284,0.3235308244598893,0.05842232929072237,0.5441027409915311,-0.2460955942165706,0.7084097318644135
2024-04-11,0.538590515483072,-0.000783935014269925,0.45529543833373726,-0.004029591952342697,0.5710096946616242,-0.25063767690496985,0.814626843688558
2024-04-12,0.6557332371869452,-0.03735228153067725,0.43166005393376194,-0.06425928696235488,0.5440720699071202,-0.3369272206071127,0.7736977601003134
2024-04-15,0.530490780926262,0.05583063906315848,0.39591008526365357,-0.0909644851309347,0.6246345797938303,-0.12340544930482727,0.6299028170449452
2024-04-16,0.40671444589409833,-0.0589834784572167,0.450717672912956,-0.3839153611270362,0.5504340556676386,-0.33305587786423424,0.63978739930547
2024-04-17,0.4980712806556167,-0.019578627309278958,0.4631672966707633,-0.34783961319523915,0.5325789840782001,-0.3585658695557187,0.7287714100073123
2024-04-18,0.544816099619195,-0.05319617952156822,0.4241482205583475,-0.28732460891805106,0.523568759084282,-0.4903524751562018,0.8748474582018998
2024-04-19,0.5212462677465917,0.057923145989923486,0.4578165172500672,-0.34949285337628433,0.5930540420453394,-0.5324851749271625,0.8135924466189032
2024-04-22,0.4718235713034815,0.09040501364328571,0.6655110257330832,-0.46993161392997496,0.7000762043051023,-0.39639983207093554,0.7425328334304729
2024-04-23,0.4343414070770234,0.024830474145577368,0.42052430927778833,-0.23896409307025987,0.5743883469529001,-0.3461699299950441,0.6056907183209046
2024-04-24,0.522383189550308,0.11999378006835457,0.4371660161836206,-0.17470671955809483,0.5627815963251378,-0.3821818603053901,0.605068030769062
2024-04-25,0.5902173881326188,0.3920935986791653,0.43181993380087874,0.02754967916043495,0.5480705044269184,-0.2936182985966456,0.6244798288057899
2024-04-26,0.39434690216742496,0.16047573009136046,0.641153964314548,-0.08567755982540158,0.8245682446716714,-0.24875559067084943,0.45601151937878537
2024-04-29,0.26423823048881767,0.2923977005238564,0.5837873374259244,-0.04646997249828949,0.8201364702529679,-0.17331330074125578,0.32177704711480204
2024-04-30,0.13845388614675877,0.15860358023946844,0.4861015138379389,-0.0887366635248995,0.8083219977951319,-0.3394472938347613,0.357125267114866
2024-05-06,0.17472747620906132,0.3460615534518084,0.5459345446644076,-0.04442436224275835,0.8320295362810882,-0.2710431865000498,0.3392708575584055
2024-05-07,-0.016761530924431486,0.751226627515382,0.42344130511944295,0.1262629999438995,0.7587748942481851,-0.15926606080082212,0.30451845558933627
2024-05-08,-0.21007112177423937,0.63015119498527,0.3015381651896482,0.3806722666509779,0.7964007273593962,0.3631756091049713,0.10297128219728229
2024-05-09,0.03296021511119341,0.6104700418171783,0.441440765336873,0.3114195873991649,0.8236354994648413,0.1821034640707624,0.4260015801728069
2024-05-10,-0.09626952900592173,0.7899945683049191,0.33172764235956426,0.41777297690312154,0.8224370925940352,0.41427908282957215,0.3222911107375984
2024-05-13,-0.06631939208471341,0.8195665391208784,0.37503256382186334,0.468440896140404,0.9574556612229527,0.5701350852833652,0.2846058031978688
2024-05-14,-0.09064411999946985,0.9549997223567172,0.5154053266097562,0.3530211574181251,0.9837804508926776,0.6461047565944046,0.1896248123305565
2024-05-15,-0.28481989308070516,0.6995618048714723,0.24157698449577078,0.33423749611779685,0.8014670503829401,0.5787376965649239,0.038800721322231675
2024-05-16,-0.2503404252009307,0.7387841611125204,0.20117503392530553,0.5199158738528712,0.9169775141213244,0.6031977693016287,0.006441939502836596
2024-05-17,-0.0458784804107748,0.640672569853864,0.42398059223827184,0.3914637651450121,0.9129992640334386,0.48433595569275273,0.08625860902385946
2024-05-20,-0.010390437403761419,0.5745006615936973,0.38610408695859766,0.44867143059646164,0.8788095078592781,0.522029676949511,0.1545968677375251
2024-05-21,-0.17123334142313296,0.7274697304187006,0.3270485879175055,0.4944381026149504,0.7902574027926725,0.666354923232425,0.00026193782737755043
2024-05-22,-0.035453395916106814,0.7337802714286545,0.27221485939135,0.505263357378605,0.7077564548801841,0.5541345342446391,0.21471201634206907
2024-05-23,0.0114266933661599,0.6930559158893764,0.16663899164059076,0.36216915386576853,0.5729612058144251,0.45760054591050425,0.2115950169466924
2024-05-24,0.10261307747831724,0.5877256894237222,0.22707649908281863,0.2647881552546251,0.5475103680890455,0.4153899642049852,0.1524568726783285
2024-05-27,0.13329732811443123,0.6227952947976307,0.2643556652813708,0.3476002743935037,0.6151078632091571,0.42717956609995933,0.22085761512249633
2024-05-28,0.3595230323983875,0.4582679471208845,0.3826881219836299,0.22794261755571787,0.7464612984769249,0.4271887138546298,0.11390958050722477
2024-05-29,0.8026592588849464,0.7760292809073144,0.6509332304291632,0.21062762479017358,0.8492550068474147,0.3421070135463952,0.41387871338835386
2024-05-30,0.5988232438266985,0.7003777619413708,0.6469867828889794,0.16649144751934664,0.859582457672205,0.40349636246895454,0.29809841720537134
2024-05-31,0.6117836142363406,0.6774969293477381,0.6194529183607091,0.1512485724338941,0.724327302993783,0.19252066081865116,0.3474132596379877
2024-06-03,0.5900993695452654,0.7046505581255591,0.6952116152230294,0.15011165779933505,0.7224827892482546,0.15542423105016862,0.3893819377338277
2024-06-04,0.5542343553165213,0.546553326958291,0.615307284081638,0.26461854507435334,0.6949804517973672,0.3344408903670476,0.36786418603688575
2024-06-05,0.5799235462504838,0.6318589119724565,0.6606367120177178,0.21734883484920625,0.6093302186567389,0.18586162658790106,0.2836903236161499
2024-06-06,0.5235792197243767,0.8507214476412067,0.6488218117476976,0.37226361032978245,0.6221547579945637,0.31088455434367535,0.30599701260004153
2024-06-07,0.39460025619017275,0.9199974958265458,0.49235004257949755,0.3046049602283716,0.515595183718594,0.27893059734808007,0.2160035063215962
2024-06-11,0.3554199371597157,0.9166325590202251,0.45077455144864736,0.2880844800694036,0.4908539759966463,0.22901712432085264,0.20739232695531834
2024-06-12,0.3384160152050039,0.7660035917296056,0.46369305525824983,0.3326619634945897,0.5266505209969953,0.28345080155272256,0.1676615388866564
2024-06-13,0.32033202531822,0.7678294037956029,0.4709526585683702,0.2739054322597597,0.41760968011971067,0.07110301115265667,0.26081366241356496
2024-06-14,0.345117808931744,0.7000510075547826,0.5147678751384717,0.24334442081581686,0.4270109605779985,-0.00934819507283309,0.3639828358034355
2024-06-17,0.33673010910608797,0.683707890110129,0.4897808150030375,0.39587122129613694,0.48707212583144843,0.12419581996603432,0.18689100172023518
2024-06-18,0.2986747118025388,0.6959264887166238,0.4278141836268007,0.4086387519747724,0.41371316673478825,0.05462733274127499,0.21089702742089048
2024-06-19,0.4509682509974337,0.5841049680167676,0.3665849414314824,0.387230785950287,0.266709042547096,-0.09727362341764219,0.3491218309336629
2024-06-20,0.36540834525542276,0.5759231969923387,0.3090366702014584,0.4185424415516076,0.18391812101805938,-0.05972489085168853,0.2760003682726059
2024-06-21,0.5946076484145775,0.4398518224012459,0.19107824300488524,0.44964638641974036,0.08047429663652335,0.03923551453275187,0.29597803384267357
2024-06-24,0.4951217427993528,0.381354375888697,0.12701448296281426,0.35833412821263666,0.028183381040476282,0.07203324056099464,0.24876425929587587
2024-06-25,0.5041692359020759,0.4962174012270486,0.10405948882508945,0.35208616503674595,-0.02974080865100398,0.014904274856694794,0.2440446656593991
2024-06-26,0.5945322073708277,0.38360841410983326,0.11984530514198932,0.21956010183623512,-0.04601694122964652,-0.14766945694772898,0.36084138076196537
2024-06-27,0.7043237425335087,0.24519438970490331,0.10442453329084384,0.15742300132894477,-0.13977808416131948,-0.2967625377518454,0.5107570854295422
2024-06-28,0.7878504498033051,0.16040391255366068,0.1876202118137258,-0.0636027344012973,-0.1978700268386157,-0.4239647582347138,0.660887712422352
2024-07-01,0.729892660209587,0.02483058557352795,0.34351997920743893,-0.19568905366347697,-0.019177559816189654,-0.40493517234889376,0.5990448517180665
2024-07-02,0.6639142651397966,0.1171883702689975,0.2675636986800185,-0.1759739218699583,-0.11622299923674603,-0.3943628492854262,0.36923918503466796
2024-07-03,0.7618734223718415,0.06406832446943576,0.3275794475427245,-0.27557822103941787,-0.17921622401434156,-0.5129953627428612,0.560046799085298
2024-07-04,0.7277889383542555,-0.004540708326105342,0.2822939478867963,-0.2348737262514408,-0.1420520863607488,-0.44633333109215223,0.5553320924503784
2024-07-05,0.70118325569148,-0.06877976120269008,0.28227700777725667,-0.21660075371741075,-0.24999120807874167,-0.5604850924014423,0.5884348417180754
2024-07-08,0.6907639116766032,-0.1954075080464383,0.3105066810790098,-0.450508049739705,-0.3566596115820629,-0.6600742442588817,0.7456852933327586
2024-07-09,0.6802242409242523,-0.19725217456965333,0.33413511416892383,-0.43598784057994966,-0.3312884122803587,-0.5353567333143643,0.7079306302526855
2024-07-10,0.579545079520315,-0.15160389925869688,0.3679177699276436,-0.58097324519561,-0.3350378795271812,-0.7375653470757069,0.7017632241149281
2024-07-11,0.5837694877398383,-0.11306586630705544,0.3318935157845684,-0.4854667132376319,-0.20024054396960417,-0.6671610483185082,0.7001726548340458
2024-07-12,0.6261485776582026,-0.1147748878700438,0.3730391418035978,-0.6874699666646777,-0.28161538968322186,-0.8982890481579674,0.81171471680655
2024-07-15,0.7329240630399808,-0.17752825487404744,0.2777680173377063,-0.5501786814661801,-0.28904561735901513,-0.815193920311914,0.9263946691893755
2024-07-16,0.6011438614806683,-0.30157963189624903,0.13654507569937052,-0.4904930993305739,-0.5082783053459985,-0.7912320997661475,0.7402447227393834
2024-07-17,0.37243255520728186,-0.22416675667110858,0.0924845159439601,-0.3116418483137136,-0.40359491742265535,-0.4717099752489481,0.47172504287945033
2024-07-18,0.33263989641039005,-0.17655337956417808,0.1829442965892335,-0.30940885946039387,-0.40811082126254605,-0.4214002868809842,0.48287127848697153
2024-07-19,0.39293018050970285,-0.09063455878402618,0.13301646071011378,-0.10405715048738431,-0.3976354323869395,-0.3648436804224701,0.49116960770433254
2024-07-22,0.5962179722077162,-0.05536831760290214,-0.04648677263863223,0.07850325903544718,-0.5429677037730074,-0.24851280408323143,0.5452875900811877
2024-07-23,0.4044486540807671,-0.4399071303182124,0.025847937236075067,-0.23550750678714327,-0.45699619562986155,-0.36799539463336084,0.49150144774102716
2024-07-24,0.2589413368353513,-0.2318694709609308,-0.02788253021221747,-0.14810837975038746,-0.5470912810249823,-0.36504422606767417,0.3160580257941039
2024-07-25,0.0011309823758601928,-0.23877097471540518,-0.026541020628468956,-0.10034721543859484,-0.37623653946267555,-0.02621380375849193,0.07747229163788928
2024-07-26,-0.06370536583272021,-0.27540159566546263,-0.08877582595838926,-0.05452474504415549,-0.43171768876380423,0.04503645784369888,0.046699690861472756
2024-07-29,-0.014942594618913646,-0.21247674906879388,-0.027274908129203412,-0.03917273073473081,-0.3846621842631298,-0.021897074774427636,0.12136604253205031
2024-07-30,-0.0021417241099080803,-0.34030199631077995,-0.1162884196270096,-0.20518427464181216,-0.5008184116726669,-0.2858726401978662,-0.03106552896936017
2024-07-31,-0.1740403908391244,-0.24670046709632168,-0.06462700824167611,-0.025993333196504632,-0.20566748061835652,0.05760061227469208,-0.2433075747341171
2024-08-01,-0.16839262567800717,-0.21119170719669228,-0.05765160945447968,-0.03740509168670465,-0.23360933156345493,0.11436232754261993,-0.2700166330021759
2024-08-02,-0.3945393677086683,-0.18876040255794474,-0.13484983058232458,-0.07383400067773963,-0.18141102850164081,0.17679871167977135,-0.46129167841875174
2024-08-05,-0.4882123350891989,-0.19758008961655962,-0.049503056422499594,-0.18340842330872412,-0.0828413667577512,0.20141831680441427,-0.6297660936498144
2024-08-06,-0.5530031991830643,-0.05066449614639379,-0.06960415544621454,-0.010811457185518125,0.2322603440328211,0.34218402647758117,-0.8241088188971433
2024-08-07,-0.3605419414561307,-0.06622150105527086,0.027558364469079763,-0.11778834575944369,0.15238007114912938,0.1435265840830801,-0.5385815469365774
2024-08-08,-0.3377989797383389,0.03056119708472664,0.09834368950746587,-0.10953691342500066,0.2812501096135275,0.11997240748915067,-0.5451842272129267
2024-08-09,-0.42443973599629825,-0.06627129685955432,0.1722322097563353,-0.166201451395581,0.493221097592366,0.273542866781484,-0.7332657542101987
2024-08-12,-0.4942161524167582,0.13350124593092844,0.18657598007428144,-0.1084723074206218,0.6562565311237692,0.25865304901263697,-0.8661979123009954
2024-08-13,-0.3396512965308984,0.25095051903403737,0.11094584477041425,-0.049225941003582824,0.5608737784905411,0.09022641221598213,-0.7138487157800633
2024-08-14,-0.32850388319382784,0.21558528416162506,0.10030143121659599,-0.0640041668251913,0.559076275032977,0.11589683390271513,-0.7551084453682692
2024-08-15,-0.3393795340097531,0.37134846212510736,0.05780994896032027,-0.1500967944519752,0.39259227888460263,-0.10581154377790151,-0.6692196364197703
2024-08-16,-0.30654106529170877,0.4286183638737796,0.14272397380674937,-0.2038798087779647,0.45591560863577596,-0.19043176175672277,-0.6435437901113544
2024-08-19,-0.3317865778829376,0.43112838400140524,0.05871285267371967,-0.02277523632318179,0.41103892039225026,-0.06870629888103871,-0.6126288941953114
2024-08-20,-0.39748966171443034,0.5230581842002582,0.01859111538975855,-0.0044235160753406805,0.35740774896265154,0.016192747153818465,-0.6526064102869694
2024-08-21,-0.25061449067811703,0.534688899621029,-0.0009750394537819465,-0.11481180425412041,0.31406224663458826,-0.10738781539923223,-0.4966134181925387
2024-08-22,-0.11214626866679006,0.3035282963877429,0.09475807760972976,-0.28213871236926424,0.2013019522318282,-0.27421376158219823,-0.3604887664601941
2024-08-23,-0.056471083243180446,0.34184614994612944,0.10564905460563542,-0.21034146873717516,0.2769124143503123,-0.11896782303939388,-0.4438321159478481
2024-08-26,-0.0757419405318856,0.3154881380312842,0.13571733123026467,-0.33211752356650215,0.18866875982178669,-0.22939394194864682,-0.38906671331996306
2024-08-27,0.03893190825209428,0.19271127693116039,0.312008522083236,-0.45883023018292723,0.04953192605417159,-0.3575628556199434,0.15009671911623337
2024-08-28,-0.0714920500684336,0.13470163833126172,0.35396380618268586,-0.5038113371994248,0.09778493085881076,-0.40460373468625915,0.10589569768159465
2024-08-29,-0.13750731734789737,0.018598820637453196,0.26519898804840164,-0.4522579223730304,0.0835570514084244,-0.41432879831226066,0.04364452170912502
2024-08-30,-0.16129413996341632,0.1096930689319887,0.19727408107166824,-0.3059375910161318,0.1478825493206439,-0.47190256065772457,0.18984011021680713
2024-09-02,-0.1324941248013443,-0.05861545950449633,0.3590248089861773,-0.49420760513072415,0.09300723226230452,-0.6459223289315218,0.18186288681745674
2024-09-03,-0.12948613879811693,-0.04841749682761682,0.3306342934036466,-0.3865352002806674,0.12418669504724514,-0.5388372056477214,0.1739611593619125
2024-09-04,-0.2963090186729764,0.00990837024917978,0.1896865912900838,-0.2761619325330403,0.12286397766336762,-0.42606215395069597,0.08262315810343257
2024-09-05,-0.27436703859520045,-0.14875825315606678,0.16276098483455786,-0.17090627700922534,0.2269560929810684,-0.19655520734406212,-0.07432168905599465
2024-09-06,-0.1597597527844007,-0.13862591248780615,0.2191070943278321,-0.29816345247740467,0.2162618618757326,-0.25342495265968107,-0.03643746966088875
2024-09-09,-0.1849886365314522,-0.23878718975857516,0.17124931356802314,-0.28020111769581285,0.2507187119107634,-0.1452320849125962,-0.19489229057153507
2024-09-10,-0.2333695698309289,-0.256125753035469,0.1000496522881453,-0.20242814790071542,0.3444840856031755,-0.050530587629766095,-0.2981121536978253
2024-09-11,-0.2890887572898893,-0.30544691517955724,0.08510361837003311,-0.14114721673035582,0.3923396291398589,-0.006963983968763687,-0.2756075682178799
2024-09-12,-0.1913805786336247,-0.09298507042382882,0.1548704042431133,-0.12684603645545603,0.43906494751921527,0.05370278964771945,-0.221529586646837
2024-09-13,-0.22829527411018058,-0.02342168836769312,0.08907684222010531,-0.07000675596331171,0.5051704352560578,0.12742571875771525,-0.23214186774934442
2024-09-18,-0.24250968027522718,0.11187138619490947,0.04285056125302569,0.08124926349203296,0.6193664399317331,0.15108564759549295,-0.2749629573339225
2024-09-19,-0.18038003858499196,0.12541913682699973,0.07280336243588527,0.18853473469380794,0.7551169467424281,0.33816176554923255,-0.3625727970030373
2024-09-20,-0.25275531705235676,0.19630954553813929,0.014796770211460326,0.25652748056497077,0.7248916963218016,0.439856759466366,-0.44822315583716005
2024-09-23,-0.28104397829225897,0.2266940750857664,-0.009627183085764466,0.30233845865276787,0.6424152865046475,0.34440804029569577,-0.41446330084241956
2024-09-24,-0.3132294425331449,0.11004719215439861,-0.10060179274736761,0.11113010380630221,0.5186742074025124,0.1529253489661404,-0.39662956797783294
2024-09-25,-0.4030642210174948,0.09054334041652465,-0.15286515318891758,0.26672462299439315,0.46138655776597665,0.30067122685098024,-0.49077630005585604
2024-09-26,-0.4303191304483871,-0.03359406449717303,-0.2911636215183951,0.08384683299219228,0.24867076302453894,0.12316049324895795,-0.4258861868395112
2024-09-27,-0.2086350019831391,-0.45738255673496303,-0.37311983840277024,-0.22008221227293573,0.1817848212421409,-0.05824459837435797,-0.2359409534901769
2024-09-30,-0.35103658946061045,-1.471421639671627,-1.2186429898125621,-0.46561245869176077,0.08855181956133736,-0.09522923486238792,-0.6259590452360391
2024-10-08,-0.361607109191235,-1.4535687258214753,-1.1761344035445835,-0.19781510417793596,0.015464505350883548,0.1203807750075259,-0.6189159589972771
2024-10-09,-0.843118545008073,-1.6212311552280187,-1.4343881384472845,-0.5385900382621746,-0.8030949133270874,-0.025185356649931295,-1.024675645966252
2024-10-10,-0.644002407634578,-1.5439861316090078,-1.531686475972066,-0.38206941737811306,-0.944083775033631,0.11748515965045808,-0.9996953837411796
2024-10-11,-0.40437713294463595,-1.7431772484661396,-1.7355371295425832,-0.1800702730708703,-1.084811509062494,0.10830366601515978,-0.8823808805266484
2024-10-14,0.07105248799718718,-2.3115266588609886,-2.181351858990548,0.3103975561603232,-1.064551609739864,0.33257773420504616,-0.43506040530886414
2024-10-15,0.00029186990019042236,-2.3250313985282007,-2.0806069517166907,0.19177202168626234,-0.9628110711158939,0.23659897282854442,-0.4865135472546381
2024-10-16,-0.24836744696547308,-1.8936659022646853,-1.8006015904257449,0.07016783863608661,-0.686591793619647,0.29310101734482935,-0.7334803168148322
2024-10-17,-0.32835402893439675,-1.619182726014982,-1.7236514882360614,-0.08674837175662678,-0.8648100046816666,0.09139252666278783,-0.6699692078928396
2024-10-18,-0.09209681761201027,-1.658951714515354,-1.666196000509273,0.11799606290049608,-0.8337019177893751,0.2003317438856686,-0.5551713288422367
2024-10-21,-0.10292614580092815,-1.6035249902532565,-1.5877233195388443,0.21509920520763168,-0.7341789597311207,0.3776689799258141,-0.5693916635942028
2024-10-22,-0.23493931983886437,-1.606525177885306,-1.430182544948734,0.23823943691250463,-0.6908766780098309,0.478770252087525,-0.6447133679742995
2024-10-23,-0.06297636743109045,-1.5458040366234356,-1.435443581278902,0.23432897947918227,-0.7781941201971452,0.31300231332846246,-0.44026336335487093
2024-10-24,0.22339877125448832,-1.4274072330183012,-1.6374686549256032,0.4484993611651043,-0.9265808414671702,0.3575267902244598,-0.23054275862959217
2024-10-25,0.3239214395986561,-1.2905952583486606,-1.6518814967807884,0.6588428965881987,-0.808906292898034,0.4821258601753143,-0.19117206627559585
2024-10-28,0.34050657617260055,-1.2456553772653227,-1.5055975987075834,0.6250300254026329,-0.6591612116531065,0.3689622604596022,-0.07550781214259761
2024-10-29,0.25534690387958275,-1.216270402611236,-1.5129049735238167,0.6174656764189139,-0.5317181070223647,0.39817779325117025,-0.1630536457535769
2024-10-30,0.20985977499200711,-0.9982647413604026,-1.4067408727901791,0.6003938352761004,-0.3686685671582882,0.24312295919602242,-0.10013075041012467
2024-10-31,-0.02965012048925661,-0.8648958968946381,-1.274137411816854,0.4826848933479523,-0.22894479147989863,0.32458880173733584,-0.12218848708060756
2024-11-01,-0.27838783375985365,-0.5843262312869828,-1.0255430206844514,0.28002337932678323,-0.2546322776460703,0.2612748767848091,-0.2734728560450276
2024-11-04,-0.4990269767872308,0.874229953922587,-0.041195491556739995,0.27979192621386145,-0.18017285962440133,0.2500261096511773,-0.42120064331168233
2024-11-05,-0.3211536439913212,0.8731368437234763,0.01627500445321229,0.42283137777945534,-0.23555855892004485,0.44917468806537,-0.2583540178953152
2024-11-06,0.4348242890647174,0.4665112533623348,-0.09683070964372223,0.7603454577369806,-0.3873780163632927,0.5313497348876206,0.5453504355066905
2024-11-07,0.43657631209428416,0.3677142249733528,-0.06913861360341113,0.8098275430654851,-0.17034245223124092,0.7074648321834272,0.5372256125197529
2024-11-08,0.4591036579803473,0.35687613815688257,-0.1336422400768058,0.7583053706003399,-0.23650792387334474,0.7737052657003228,0.638018547713416
2024-11-11,0.5996553503550606,0.4341984556184939,-0.26541213101353356,0.7940915074625705,-0.3810474957268972,0.7603927429990618,0.7820399782826164
2024-11-12,0.72958564540326,0.5239736283796044,-0.3767820956053027,0.9042549647832162,-0.4213250190989993,0.7578853228232376,0.8821013783500881
2024-11-13,0.4845120897527617,0.39721244554556756,-0.3092878026387439,0.7852723902652234,-0.27998466232491925,0.8999067724276653,0.7673440300204108
2024-11-14,0.12402802589292901,0.26816054161730807,-0.08130235763390863,0.620864259828706,0.02999264579099705,0.8782561196823915,0.3551412193736308
2024-11-15,0.1336313467026107,0.16855758814165064,-0.13183908629489635,0.6380396855030799,-0.1514787514156508,0.9318886698730716,0.37198983760338966
2024-11-18,0.15197677978256563,0.15679137042013447,-0.20049459689181537,0.5896750259569048,-0.21061514291796946,0.9166992781922275,0.391421798493076
2024-11-19,0.23022030817659078,0.13027899439553425,-0.2124854135505906,0.5894556184399065,-0.3660789975451698,0.8317820014191324,0.5061822400806651
2024-11-20,0.12448987322897787,0.2047193160958084,-0.14295245703002696,0.4907566609326889,-0.28372056619771513,0.9011058277211854,0.39938057611836686
2024-11-21,-0.09671574869416183,0.41863982638842223,0.17706426950741938,0.320948701007876,-0.040579398206274486,0.9065379724068475,0.09103589514630273
2024-11-22,-0.19642238913951568,0.38314276369093003,0.2277418560194789,0.12178171739683222,0.09008507733061039,0.8417611429440878,-0.09662217211269361
2024-11-25,-0.2293123702456072,0.5256748986882998,0.09035332453428593,0.2546450397311927,0.1945909380604587,1.0170406772971359,-0.035943452645920776
2024-11-26,-0.24276568178544955,0.6330602139008531,0.027557123604716044,0.2728148811470362,0.23348292141492125,0.9978758350141615,-0.018260942132526305
2024-11-27,-0.2810368703277175,0.7332535170839887,0.10799422753419596,0.23770272112574115,0.38522050435601063,1.0049921085212516,-0.05470193384695989
2024-11-28,0.05642303931312734,0.5825063690604013,-0.009621144289543332,0.3550977063679493,0.17552856280806084,0.9512329276039118,0.17023577770432438
2024-11-29,-0.0018576249213146379,0.5742716674981536,0.09679382583588705,0.3394067182448232,0.32685996896414793,0.9969857347296462,0.1012971476139555
2024-12-02,-0.19490110364138533,0.7039055398433559,0.3882881708231277,0.25931727546316685,0.7878012839470089,1.0150198135544484,-0.18963493348225544
2024-12-03,-0.25106983612316724,0.8366435467025084,0.34143087474581385,0.2411480226167734,0.7170379621243421,0.9006541990930046,-0.2100851583403167
2024-12-04,-0.1592577558908431,0.9784124837020823,0.3503622501914634,0.3055468140307982,0.7545073414597875,0.8945719183054758,-0.2487540073312566
2024-12-05,-0.16456679270987898,0.9522378859924525,0.35031713349180044,0.3005667094958026,0.6634629610210456,0.8787350565025593,-0.1291165027177085
2024-12-06,-0.2596611837989736,1.3339065883693741,0.5450850525773463,0.26869887170770856,1.0078343530759712,0.8667085146077614,-0.2646732129432714
2024-12-09,-0.28770747244049394,1.2956629144712648,0.5663680859140192,0.19878955143289734,0.9693927445344426,0.7985704743754252,-0.26951409629405515
2024-12-10,-0.24239772981778865,1.3181400959408134,0.6333788373835854,0.19629785421091572,1.0759903751099777,0.8223018024384071,-0.3332979710390307
2024-12-11,0.03292648746256539,1.1803738250398963,0.4916605804232187,0.34746269702666716,0.881867455859889,0.8001231736889977,-0.055306365710003406
2024-12-12,0.268916765560078,1.159906085945662,0.3934495780488675,0.5062636528035824,0.7932998882213246,0.813145887255933,0.30139157796701455
2024-12-13,0.45142849483056013,1.0351084573413953,0.2977455870799144,0.6303969758882053,0.6713729977070549,0.7553904504038501,0.44402463313575585
2024-12-16,0.4154938311438403,0.883772913083674,0.450304013965492,0.5511960674632844,0.6028603913772226,0.7636307689791453,0.33910577534914915
2024-12-17,0.38833458581753966,0.8356086328468508,0.4984492212103953,0.565561900694724,0.6528930349805953,0.7812662002502677,0.29241947460939416
2024-12-18,0.33585832814698935,0.8264222876315838,0.5021264640319401,0.5391338199381691,0.5734297291768388,0.7228359589530008,0.24788037921606157
2024-12-19,0.360130494251924,0.8794494512971959,0.44550052889037955,0.6012025803545924,0.5286069531243922,0.7216343400749738,0.30510498108759343
2024-12-20,0.3980021621539751,0.9490196908026757,0.5104081765397207,0.5364634595889489,0.5512655804760284,0.7019498650429784,0.15951226756052359
2024-12-23,0.44992327785556174,0.843429111564727,0.46534083037260277,0.5114689875191404,0.45785538937957926,0.6650367044324841,0.22203864069294713
2024-12-24,0.40252934371567695,0.7288302400711124,0.527830649883562,0.41236843819550933,0.45518301577130743,0.6456915145365493,0.11316687192746004
2024-12-25,0.41883851446469067,0.6756414224968103,0.37224999523824776,0.4516117205129535,0.14367481128049941,0.5541435185095949,0.2374890940131548
2024-12-26,0.35790645199698734,0.5681380959302718,0.3979848008332286,0.38855890011632277,0.12270114813293492,0.462699907101912,0.17380980921063577
2024-12-27,0.2937826515479689,0.458601884214297,0.489527047463879,0.195408391398176,0.1464058913258631,0.3929142479659498,-0.021504584775489333
2024-12-30,0.23947606480623768,0.3278021155080216,0.313448942130534,0.12195469029029601,-0.048559121318687774,0.30532260227326397,-0.07859065894102896
2024-12-31,0.15690202480286938,0.1054239094374492,0.12802861830114382,0.01215281968950073,-0.26502909359869053,0.16283609576633817,-0.11826075441896744
2025-01-02,0.21118673429440266,0.04279630058725643,0.11848149506708741,0.0718516866932938,-0.33515947787403977,0.1493561130778776,-0.11211422505305034
2025-01-03,0.20044841184141862,0.02266088527774231,0.11995699179202109,0.0066401024903468865,-0.29825790834535304,0.11566452959348321,-0.1951570772228435
2025-01-06,0.24384190318704257,0.06632927841301683,0.07645227534822305,0.029525042206737132,-0.3760393423817507,0.06755627346777132,-0.05797096290034183
2025-01-07,0.3652177336643647,0.008491634027623818,0.11510297133284784,-0.06475709172915972,-0.23858159564855086,0.018746642723173404,-0.19636086049860388
2025-01-08,0.4206503140872801,0.05200860403583773,0.16829730720806152,-0.08935521946938169,-0.21252910826953314,0.06069971715545302,-0.1595091694381522
2025-01-09,0.4635513616976537,-0.002659054608648362,0.24764324557154915,-0.12344126315100773,-0.10439091831196418,0.08209795945698312,-0.21622940211666314
2025-01-10,0.3454816683320036,-0.03128604678146236,0.2692598524221623,-0.15393036243218003,-0.12774947930198652,-0.0069155756421541495,-0.20966199672842203
2025-01-13,0.246655338812512,0.021672697415427912,-0.005732338656005913,-0.11882698849402862,-0.41540518620859346,-0.09825037495234029,-0.004061700591934149
2025-01-14,0.33555738686388326,0.016267667373119944,-0.018097098481000426,-0.09578349164865149,-0.4147825632824278,-0.11518408803022975,0.06364025029444288
2025-01-15,0.27500013537198464,0.04896656369667313,-0.08324972748344303,-0.05713472156186645,-0.4361711214626628,-0.14754871711831682,0.019344182373532203
2025-01-16,0.2614849300915381,0.10796182303556662,0.02142028631849716,-0.15934329068459882,-0.2034418881768124,-0.042547971361691396,-0.10152194405511814
2025-01-17,0.1496041497200345,0.23218221746757134,0.10550837274322074,-0.12965426911766054,-0.07928887713672035,0.060772022109098496,-0.25664051651499814
2025-01-20,0.12461547030005608,0.07625856074410443,-0.11461911295496066,0.020902270103548087,-0.3403317795011254,0.009086049748343135,0.01338961539513926
2025-01-21,0.15037415611367122,0.04090965602836945,-0.11201437516211432,-0.007228017855672191,-0.3297460018211292,-0.012786572502299158,0.032061087810335884
2025-01-22,0.02000386297835986,0.1532247900355955,-0.10535919442495391,0.05608331280374749,-0.27674054805485887,0.054521165918569765,-0.049699792658287854
2025-01-23,-0.024493819558551094,0.2427089595161846,0.008215393787939746,0.037204091908883116,-0.07618258087169452,0.08193737392095074,-0.13907061645164165
2025-01-24,-0.030518570471380735,0.15974781591572898,-0.15188008394793756,0.0020361076895246966,-0.3334348328993062,-0.10303884405927458,-0.14435411167067524
2025-01-27,-0.06666597997778564,0.15959329169059128,-0.2659477022016595,0.09068931849618693,-0.5090953387684191,-0.16697085353707114,-0.029189496844907622
2025-02-05,-0.0925864292145779,0.0317154271027355,-0.48931916966677313,0.21030041125575116,-0.8161445950728595,-0.2821250108562264,0.15086381394826223
2025-02-06,-0.16525740209579426,0.08388050362513569,-0.49124206730292735,0.16841972832657814,-0.8415254839401359,-0.27734033709488626,0.12242570778986162
2025-02-07,-0.12177386426759942,0.13658475378348076,-0.5626430883332859,0.2997380163159944,-0.9692191546992991,-0.2533359741390161,0.3557539589578633
2025-02-10,-0.1522306543590127,0.29654478570263154,-0.4673042375069151,0.217193183185149,-0.8343071475153422,-0.15762899972578287,0.3555201339531082
2025-02-11,-0.24534438502139594,0.10049207615744521,-0.3945801193051722,0.20606655213110386,-0.7501698639098178,0.017808201522881498,0.28612713669905704
2025-02-12,-0.34039917032825573,0.15734863859922232,-0.510223805411174,0.27197682954162994,-0.8972873129392848,-0.005669508608324825,0.2469414322785397
2025-02-13,-0.346412378764791,0.13817698367712752,-0.4788116860460187,0.2490713258312876,-0.9026368500910602,0.03314231357305672,0.12820244733413103
2025-02-14,-0.37555110655922297,0.11218173706254099,-0.563809003609509,0.3148412352235932,-1.0374226097727537,-0.03001703282657353,0.15769840809347652
2025-02-17,-0.19723268019716036,0.10165060953597041,-0.5494876950572699,0.27628980577421075,-1.0451449428899235,-0.08841758090784248,0.366841370976421
2025-02-18,-0.08613071796619136,0.06613580964827508,-0.5096306602333766,0.2256071463422487,-1.064144398731044,-0.1287049313268149,0.2961927176179566
2025-02-19,-0.07509235754484345,0.18167541962555528,-0.41523664558570883,0.2934450070220354,-0.9445912181129874,0.027401029678349384,0.3488065391985478
2025-02-20,0.05814792956806264,0.061829806372616425,-0.5008118553948442,0.23520361622506192,-1.1342275850625465,-0.11544181484735215,0.5328201142349673
2025-02-21,0.010234223017508856,0.07194192507622604,-0.5077609509517251,0.2305210901247433,-1.1881637218298682,-0.15537824872347045,0.4593017922330275
2025-02-24,-0.03794339851010403,-0.01538403345622942,-0.39169443193139375,0.15832250307818932,-0.9956037179293747,-0.05266941801428801,0.42094847291919557
2025-02-25,0.049072266438415515,0.10473831823301304,-0.3622884663929106,0.21462044184974627,-0.8611493552716797,0.018027082319704527,0.3490701566251404
2025-02-26,-0.0007213889721918304,0.2033485357240834,-0.26742298357120314,0.17787169371186679,-0.7943720131244303,0.10813207373982399,0.2952816399222365
2025-02-27,0.16783746289467052,0.028878278255010256,-0.463842142283053,0.30100471873534995,-1.1076443869655326,-0.10894223405930151,0.47357170197830356
2025-02-28,0.031909404526859385,0.04288007935510119,-0.45741065957116606,0.18786674078327315,-1.0234881745240185,-0.14292762374830498,0.23719139299401626
2025-03-03,0.03303464812998534,-0.07959314209968976,-0.5618132844734094,0.32788439775203515,-1.0777670654422573,-0.19636191746700354,0.323254264470917
2025-03-04,0.07269189379902716,-0.1006394843885211,-0.5194427554499152,0.2757735959618047,-1.0114475438369994,-0.2730054880465352,0.19838438088752583
2025-03-05,0.04376338251458975,-0.02551333617236472,-0.28478019392145293,0.16932428824224596,-0.7127057892179652,-0.12108199362654191,0.07298623957104539
2025-03-06,-0.002936734990895893,-0.06351204972898698,-0.04958297494520485,0.10432646345393215,-0.41331265849131316,0.013803558525427754,0.08454352248820815
2025-03-07,-0.03130766344645412,-0.018847609365778815,0.020720890907217588,0.12845430948448658,-0.23646191005119135,0.0849343746346479,-0.03098026283626949
2025-03-10,-0.06251586595588043,-0.028817591060494155,-0.007350109652805706,0.19057594469337735,-0.2286654115137972,0.09015637569555913,-0.1282788830063822
2025-03-11,-0.17613252213303005,0.1419478525069181,0.036123854516768986,0.12271637087263369,-0.16229072122622085,0.03593889266765274,-0.0773970930336132
2025-03-12,-0.0034977661867425583,0.2088323405296811,-0.10677458617105429,0.2097123439900477,-0.33667399965309924,-0.0608778046045459,-0.04389773949902424
2025-03-13,-0.11778952492291597,0.14957546385683687,-0.08679690874502638,0.17258554580729304,-0.22555827267075004,-0.06610077153140566,-0.09128243555123507
2025-03-14,-0.10504526905822206,0.19714331146542774,0.0011363644569222023,0.19552279619742036,-0.09072566775729943,0.028362400877366696,-0.13210912157321245
2025-03-17,0.005999104721702203,0.22872803288688293,-0.06845467761225162,0.3033096668808731,-0.1490046672600992,-0.007127637040594548,-0.16317918017385236
2025-03-18,-0.07775276982563137,0.34154716725935663,0.0845486126492318,0.2744057010428823,0.03797199411965282,0.07848742331231723,-0.18218340306273106
2025-03-19,-0.07821703817673767,0.3409352464684408,0.19502675468119646,0.23556536216043827,0.1146439106614527,0.17573820750109143,-0.29348250412038684
2025-03-20,-0.1928258382508833,0.5254520101751755,0.36027782106883,0.16197819319629606,0.4723502553784532,0.40958341321455927,-0.4263229080147718
2025-03-21,-0.16000019687660944,0.37092637262459094,0.2777327459907334,0.1242602108695959,0.34003613842318525,0.3074097339466827,-0.37566792863952825
2025-03-24,-0.1753111364562045,0.3776620176857679,0.2388971433454788,0.12621620424684943,0.24056105100445313,0.2107651450280082,-0.3925574188168933
2025-03-25,-0.16693339013294778,0.453281219322712,0.3531049222631511,0.06063919120108223,0.32120460555508296,0.22757294247614246,-0.39371256146217276
2025-03-26,-0.10192044083746797,0.4447468991698652,0.29579349872143323,0.1413943684062067,0.2576694898338418,0.14972808266802917,-0.29675663500936966
2025-03-27,0.08481354056428769,0.4609912908079927,0.23430820320520215,0.192636990578153,0.20414618714938262,0.12705249292891305,-0.19271821153752502
2025-03-28,0.08199167979341682,0.44430847541230833,0.19127900875553178,0.13735710707122178,0.07433646859081547,0.03227372379535867,-0.061532937100677476
2025-03-31,0.10007598064140388,0.26810189902424514,0.31099361404001297,0.0313025776772432,0.12545718437311382,0.1504876184747586,-0.23223425224035865
2025-04-01,0.09521201806082333,0.25578885956137093,0.3513200309064925,0.08102970108710311,0.2098574675637987,0.2619807807544486,-0.2910937262405811
2025-04-02,0.02968839486539819,0.13928676318843333,0.48912138709465247,0.025441477835104462,0.42546483271246804,0.23471295441588155,-0.270020229791173
2025-04-03,-0.020621599518602974,0.029014159036317353,0.46859612981880827,-0.15225329865057172,0.40179168165477924,0.21582768362322566,-0.2304119005703175
2025-04-07,-0.18596504056645347,-0.4012405785303407,0.2657543070539621,-0.4813750450654986,0.05126105199144955,-0.08648889441223041,-0.4491680720214913
2025-04-08,-0.20100730679352427,-0.4020107620401578,0.26873447775304354,-0.4498058769727831,0.10494881993884961,-0.053357160270884434,-0.38255023925283016
2025-04-09,-0.32094690200053033,-0.3958678600722726,0.15116799965389194,-0.4688085290134247,0.09164681843875988,-0.06261696746827626,-0.42257419949977326
2025-04-10,-0.38140020929184953,-0.39034850907278223,0.08631751122986836,-0.4891807385707098,0.067110732803908,-0.11652535897431851,-0.36610200382929875
2025-04-11,-0.12415049402725414,-0.6874039142637981,0.31234355973994604,-0.6529591856455054,0.24900436806536014,-0.03178259952599588,-0.36029305001697903
2025-04-14,0.024027271949447124,-0.8370669112603762,0.4754005564343434,-0.7631782816802972,0.1263131889076643,0.04765931977768609,-0.3849889786055226
2025-04-15,0.06587493885099387,-0.8713615832051161,0.4941221420580335,-0.763942768224098,0.19487771543345145,0.10279943480282898,-0.37834081064798164
2025-04-16,-0.08338378682136639,-0.6784263584112816,0.27004996030643835,-0.6051935858380022,0.06792103186889664,0.09723515282574666,-0.40860662601881004
2025-04-17,-0.24309762545465471,-0.6476374060603366,0.0909721227665806,-0.6075479775975557,-0.08427829318691529,-0.045891907036262364,-0.4068879065628821
2025-04-18,-0.33004582790927045,-0.5933678478646247,-0.04309064148467806,-0.5954342764964229,-0.21943725860587143,-0.08002628883817459,-0.28800100891204816
2025-04-21,-0.26145482003689413,-0.5732076103929222,0.040352485912590254,-0.6174968449065359,-0.09916820195184656,-0.023481411406979368,-0.2992608731653713
2025-04-22,-0.338936089954752,-0.4564051083546877,-0.06425069620846836,-0.7160077628033058,-0.20092522901782922,-0.10916714997802333,-0.22202787951301067
2025-04-23,-0.3029149075030585,-0.4608648769047324,-0.04579418504148326,-0.7581061398200983,-0.23040539926134465,-0.1261057624539428,-0.20815455599593696
2025-04-24,-0.4272199563773867,-0.5144636252502228,-0.09262755045200001,-0.7388519293651555,-0.26669957890529294,-0.10839017194726923,-0.38475657664070806
2025-04-25,-0.49639634638796104,-0.4687973541570446,-0.1681510509831412,-0.6650422391220974,-0.32339939515812943,-0.0938998846532914,-0.41823291267719365
2025-04-28,-0.4494582974315256,-0.4378741231803978,-0.14064904999147249,-0.6762066605794219,-0.24374691243137075,-0.049626628046328544,-0.4212202502711015
2025-04-29,-0.6292914561479702,-0.34860810625619254,-0.26455838211289695,-0.6520651935187973,-0.3484303980937635,-0.07062019421239367,-0.529482765376004
2025-04-30,-0.5547348221259567,-0.3679553400154381,-0.21147361194490588,-0.7272277170107397,-0.2806305396041055,-0.018008788520098407,-0.519696290916982
2025-05-06,-0.6334291118878395,-0.32598800132272476,-0.29228047326981976,-0.6165471217683542,-0.34787276410422113,-0.01785587730260095,-0.5449701544150579
2025-05-07,-0.8291111305249454,0.14252266979152628,-0.4113744417932387,-0.3109683533530651,-0.46677124264874165,-0.07517623439459813,-0.5855116991889544
2025-05-08,-0.8312552118940291,0.6920986320115012,-0.3956220622660478,0.007430112620047127,-0.15590275434375128,0.02186299329326062,-0.33626381786445864
2025-05-09,-0.8701964136383835,0.6437766546349006,-0.4626971064822679,-0.03922492840052193,-0.27453222456981885,-0.013503331127546883,-0.5156522225211242
2025-05-12,-0.6583158317338562,0.45855874862359247,-0.29617529006415133,-0.003011155650250369,-0.20605577784489437,-0.05192432244031993,-0.37615791850758357
2025-05-13,-0.5052506611994725,0.42780720548871976,-0.15064819932872892,-0.10634695263314303,-0.04647686410384018,0.11472967308477358,-0.44933961469463146
2025-05-14,-0.4978134059433782,0.37648033582019275,-0.14217987753870215,-0.08948609364902789,-0.06907548881122917,0.10899445704017013,-0.44951644917226985
2025-05-15,-0.5916694858215502,0.38193004047730095,-0.20966806779179578,-0.12214463115473584,-0.117332188804496,0.11660586384571967,-0.4439506315246261
2025-05-16,-0.6719226610378229,0.22135202607628623,-0.34573867794840885,0.06601453109488697,-0.24460149278250734,0.08814433430812316,-0.6424635667591623
2025-05-19,-0.6832935163037053,0.24341851292256209,-0.3085232709139676,0.08109128816368463,-0.12851155072627363,0.15584831346610614,-0.6400131631196361
2025-05-20,-0.5698408171276368,0.15967911787068806,-0.23356587272204074,0.002724608554642738,-0.1416218450083349,0.1331070753793176,-0.5570126136991442
2025-05-21,-0.4818550730389843,0.07091631442788171,-0.05694263571439012,-0.14677683063880106,0.003726812871985119,0.16120057956224887,-0.488109591139735
2025-05-22,-0.570141968094856,0.09253398312991357,-0.16035961403466648,-0.06974547364691475,-0.04117037544923728,0.12065926746485528,-0.5390110982897923
2025-05-23,-0.34330537769927405,0.04044718379438539,-0.03759367330319807,-0.13703584145889244,0.0387486365559421,0.08113549837723805,-0.32375955418785285
2025-05-26,-0.3705440147556024,-0.0049534685731879025,-0.08681196269342521,-0.015559700850062586,-0.01339507888456748,0.07429223807470645,-0.32009065508825607
2025-05-27,-0.22702894837563037,-0.011506404216708538,-0.06744347048237133,-0.09749418955819393,-0.04214959877882943,0.04147921422409287,-0.11843447295166736
2025-05-28,-0.33400575996483206,-0.03112767268531677,-0.12764679851181432,-0.1418070892742371,-0.06465554003132806,0.03779495784072104,-0.25033982685834577
2025-05-29,-0.24765157096830748,-0.01322550851527049,-0.03411273886330557,-0.14047732085356512,0.009291893047932098,0.1357212651072534,-0.17506958785683369
2025-05-30,-0.1782115860877832,-0.009512081236258796,0.04449769168652401,-0.13962342692815397,0.08417551803496554,0.0974870489198853,-0.1696669342615117
2025-06-03,-0.024972853808246875,-0.010445968357918,0.1965838224609141,-0.2205130838508022,0.1416167936764875,0.11133511433790089,-0.05827978428492436
2025-06-04,-0.03875801469347298,-0.14065915954737007,0.07542791483908831,-0.21017390648634907,-0.027658609770803505,0.02934443285787977,-0.028108584926732016
2025-06-05,-0.05147356336199779,-0.0886922608662625,0.06593494165661865,-0.16430492124016025,0.12494669012616658,0.009048089339568383,-0.043452572067442935
2025-06-06,-0.026945683958420147,-0.15274688044925716,0.06697243835541203,-0.12751903227844238,0.16425411575842855,-0.006002465749313318,-0.02612911790605879
2025-06-09,-0.0588731843650655,0.019005243141248435,0.169258814669223,-0.16823011963167128,0.3296414175710367,-0.0055061006630098275,0.28449114648622154
2025-06-10,0.011469486349869246,-0.0408632690295925,0.0712426045972217,-0.09590161306141753,0.26301368024595073,-0.041511458738638735,0.2570047370364287
2025-06-11,-0.01644721496313567,-0.1063818874879225,-0.040181825650201564,0.05242760212575137,0.1783050453435665,-0.07113539636334557,0.2023100341976275
2025-06-12,0.029196160251914655,-0.0764456144961697,-0.0463244337453253,0.17356565277791797,0.16553485943464347,-0.05459758830551803,0.18343925256589078
2025-06-13,-0.003081412628659297,-0.1852046782641874,-0.0648095755690909,0.1688369517269503,0.04216532315692009,-0.12070520242357662,0.15810715859414987
2025-06-16,0.06545952472981947,-0.16803978118684962,-0.057344140981664043,0.15358929788152134,0.03193922330049909,-0.11326763919869584,0.2258109539278824
2025-06-17,0.05441705157195134,-0.1626539515665908,-0.08490579605948621,0.1510959828791669,0.028457373510165,-0.11245916701710344,0.19612865986154684
2025-06-18,0.12700496082862267,-0.1525336247792783,-0.09720487295458623,0.1972107151321515,0.017585004672823368,-0.1466527970866185,0.21357402265403735
2025-06-19,0.10123252605135219,-0.15614666148695847,-0.11313689156342172,0.17836221820942216,0.06649687655185532,-0.17591852273257821,0.23557568490746456
2025-06-20,0.15824544032088494,-0.14677626484112455,-0.1354850790500743,0.2429832392458522,0.0009655931227255388,-0.23676214452832467,0.23167188942739303
2025-06-23,0.18694271508363736,-0.16962203039547885,-0.0828505811007065,0.20309285148324724,0.032975532546942354,-0.18479417219553423,0.2358731683579332
2025-06-24,0.24885113600515257,-0.16089924002153347,-0.1927843508239293,0.27192006773895,-0.13741690069408544,-0.2539572792420478,0.24023271402795515
2025-06-25,0.24776692305487036,-0.1362679503858245,-0.15888777422186373,0.25443843402260147,-0.11342725329126091,-0.25038164998713486,0.24041984639548963
2025-06-26,0.30301569922559,-0.1533837394590113,-0.06451498070948535,0.10804620317523761,-0.0964742410681463,-0.2185729198412159,0.3984014416943483
2025-06-27,0.3019856090100116,-0.14683707349281114,-0.10510406363241401,0.1760733143394377,-0.1375342674300766,-0.21019057406347205,0.3381282143988462
2025-06-30,0.28217056063377877,-0.013257234286722125,-0.09169392192399942,0.20603924379664904,-0.09147529490210099,-0.1945840449286843,0.26083486679431667
2025-07-01,0.27471177789215195,-0.006105209626665997,-0.06640855107811248,0.177674778976226,-0.22682955668805865,-0.3209109008460712,0.27409725166083476
2025-07-02,0.33372856100959936,0.05588218949752241,0.043521992067766135,0.11764454532971119,-0.13371391906576074,-0.2265116641842559,0.4299532643410456
2025-07-03,0.35622033080012383,0.10527628326690416,9.271520144546463e-05,0.1696496957457244,-0.12551523781485519,-0.20221920399568932,0.34657249889905306
2025-07-04,0.43888350172290047,0.21723083337599347,0.07664992620876798,0.2485584327725493,-0.05308821753205423,-0.14949650817005083,0.43523074049123256
2025-07-07,0.3895356157980456,0.2650361350001556,0.01156215326447882,0.24459253912090667,-0.14208817597850132,-0.17520983849325306,0.40424019241220027
2025-07-08,0.30118204196643833,0.270220511237226,0.03319454048916179,0.18143545334917066,-0.09253623012291162,-0.12637751573194317,0.3104618860605285
2025-07-09,0.23169904746678482,0.30930639210763045,-0.000911537705800658,0.13883094184270672,-0.12177686264782012,-0.11683277018525572,0.18434637283730348
2025-07-10,0.1967842357193757,0.36797999781881724,-0.02860516546230596,0.12216929555670941,-0.15342120783561808,-0.13368084779002964,0.15614313260167567
2025-07-11,0.13913075222956345,0.45305726963110554,0.05264056616249829,0.09489271785997155,0.04227492626194995,-0.00014070447604452863,0.13947853239167496
2025-07-14,0.26646211833054256,0.4528631920599133,-0.08793044785652146,0.19540682065717666,-0.18398917898023254,-0.04597506957075349,0.26181299247079537
2025-07-15,0.15969371295271925,0.4986712097819366,0.015083613861938044,0.14323266900169188,-0.11805324035477961,0.028897633067887812,0.19032320758634305
2025-07-16,0.18508182914583826,0.46353800262590605,-0.0066598510382654685,0.17784953111449264,-0.14703214563478084,0.05365287820479683,0.16587951009651614
2025-07-17,0.18885328923433542,0.4977610904730182,-0.026668012951303555,0.31018546295668337,-0.17476232996141883,0.028617005333768375,0.12270149015615406
2025-07-18,0.17899640878367645,0.5613570996067415,-0.02779450565065955,0.28756801258209774,-0.16999552585216554,0.008244409225436289,0.1261135871545344
2025-07-21,0.36855914952436136,0.39388348521203764,-0.06801614871722732,0.3247831039369644,-0.2925809263563942,-0.0066811464343351085,0.35606529068823867
2025-07-22,0.2638314847133942,0.4992253469104638,0.057228434605977,0.3420967821260678,-0.057379089155479124,0.14098828527934032,0.30243621747051047
2025-07-23,0.309706586903972,0.37035221583688704,0.0028210096007807717,0.398813642300754,-0.15045888500287324,0.09209831066165054,0.3940684008127866
2025-07-24,0.28054531787358566,0.35630994385796816,0.08567632982618001,0.31506744434430806,-0.12863506734295585,0.07138529539487717,0.5016131227272334
2025-07-25,0.27603914035600924,0.4227958776867917,0.19503265583413398,0.28471179125195933,-0.042293309108511895,0.12243821310810472,0.4931085694203062
2025-07-28,0.3557458600020588,0.23726347283358104,0.16171741691323224,0.36785837983058645,-0.06888723710724903,0.22721552073851306,0.4405131646076104
2025-07-29,0.3737902996751194,0.27403750451834274,0.1249177850783143,0.36694092860606004,-0.09112553062647258,0.12689430640727223,0.5753643693715847
2025-07-30,0.37633950040490816,0.1848698496012737,0.14199357572672675,0.4054091413701336,-0.12497596279610233,0.06975231404419116,0.6478254370722532
2025-07-31,0.22529996162611404,0.19065840341274565,0.09354953171862018,0.46390193991964235,-0.16041358368625036,0.004616796823215093,0.47253343268962333
2025-08-01,0.24302552826892382,0.2761186282179736,0.012342549645736861,0.46456689990394345,-0.24082588617931894,-0.12032873686277867,0.5578720952106886
2025-08-04,0.25717073342165575,0.22192007334715672,0.10580250273268785,0.44971708451398296,-0.1314551589201512,-0.13957870631923613,0.5987616365073767
2025-08-05,0.24718687666359135,0.2992561558909915,0.10725503441329755,0.43887734360504493,-0.055439820160785774,-0.08191776367835565,0.5602679681715954
2025-08-06,0.23887510620491803,0.3329422539126832,0.08125492879687493,0.43218083148429876,-0.07884138972370056,-0.15179101250728222,0.5691094279149363
2025-08-07,0.23744087552779544,0.30934620981277683,0.10452745946368044,0.4118896697353672,-0.003267136901058773,-0.10519673999273602,0.6055051099867936
2025-08-08,0.23345727896265264,0.26915319184691644,0.11282807369559536,0.439632069670317,-0.030802182196143932,-0.11285874051655329,0.5672507767693183
2025-08-11,0.13046066828305153,0.3905055521220761,0.28382587248373475,0.35663640385537243,0.22628500488249448,-0.01308666685507185,0.49298094870069187
2025-08-12,0.2516477530725878,0.3120216894949022,0.22371074824867396,0.3813343566449151,0.10025520879817892,-0.08356147229560998,0.6200460829962988
2025-08-13,0.1920666202107454,0.37141536766533195,0.33192317116666675,0.2717056555300234,0.26414887573682594,0.02319288334761556,0.4821789207917138
2025-08-14,0.20719139450049395,0.25479959635243,0.24566802772773458,0.29693325961698747,0.2185660201921741,0.009131052097876576,0.5287101972098744
2025-08-15,0.2935661936296343,0.25997886345174465,0.15113942979702386,0.3573013416904076,0.026886299716581578,-0.1355351193688634,0.6447224030907815
2025-08-18,0.29886584919625436,0.3843155691572654,0.12866330957653502,0.32761017844217943,-0.02936891342349731,-0.2083589776678239,0.7370924389595394
2025-08-19,0.445614256330804,0.2058112409520206,0.05717358983863457,0.3365614935083796,-0.1918815661922528,-0.27706249170728037,0.8221110362683536
2025-08-20,0.2840488627491391,0.4402314643418399,0.12922583710290997,0.19486996858736552,-0.11162586806095559,-0.2608686898092477,0.6973601231040564
2025-08-21,0.4318752901822546,0.2253716741872698,0.014340958843646714,0.27479142942314244,-0.43886564078345164,-0.3740993573257371,0.793650089432538
2025-08-22,0.4557099158291084,0.03439901786737102,-0.024132715898338174,0.3697007540382717,-0.5198833062941625,-0.3868458254627536,0.7950402702765461
2025-08-25,0.3617343659520442,0.10602763401230093,0.11533719586899648,0.3487667685053936,-0.3613844074334369,-0.3163415038782378,0.6771761023704461
2025-08-26,0.4717333760657246,-0.018429780998970358,0.05965258458933384,0.4089628199078775,-0.4823611890996567,-0.4089901779141493,0.7676692741946678
2025-08-27,0.39030358575886714,-0.12618356702021946,-0.037221432112176635,0.3465511513386469,-0.6750544749141104,-0.48257935872982405,0.6620239233970674
2025-08-28,0.7010258970963751,-0.3259616141142923,-0.18034847751065858,0.36008651715528656,-0.9190120658934643,-0.6562628338165096,0.9740565548904347
2025-08-29,0.8949516431359903,-0.36573389746250523,-0.2886640791792167,0.3512600992592732,-0.9430824243034166,-0.7025743700220592,1.138067509292032
2025-09-01,0.7637723998613318,-0.37544625270794335,-0.32310309079671334,0.4328533263734807,-0.953886261437889,-0.7445279009879725,0.8673297564367727
2025-09-02,0.8067535010739564,-0.47638384849640486,-0.3648173046795148,0.3742644933660703,-1.0182686317139733,-0.8023157839866324,0.879394665427456
2025-09-03,0.7251446292876079,-0.5945845315504997,-0.5973260799906462,0.334584481298254,-1.4102710249587387,-1.186707869003161,0.8222842808863619
2025-09-04,0.7526068447883048,-0.6609573130181879,-0.7452303727682048,0.28566645395987805,-1.6225910666643661,-1.3865650727785426,0.7727282056574202
2025-09-05,0.8193273966086995,-0.8004665971123543,-0.7206826921189937,0.2668596628236948,-1.548971268052771,-1.397664299657737,0.8398247533752814
2025-09-08,0.5640438218755992,-0.682094886982193,-0.5198467443460133,0.2435635490949578,-1.3076332734310039,-1.2066097724975768,0.5507190623486845
2025-09-09,0.5109490627641627,-0.6733866370983215,-0.4514298386920148,0.1920810042676342,-1.215683917844297,-1.0931976619452353,0.4558534403359078
2025-09-10,0.39744681254587916,-0.6078745631341359,-0.40645856137752606,0.2954154975220286,-1.0383829593272171,-0.9210519655727101,0.28731620164923893
2025-09-11,0.5767864871929882,-0.5623140353749567,-0.45859639133870855,0.32292751442578344,-1.117417708277983,-0.9990862819150385,0.4897547287360099
2025-09-12,0.4848116577953745,-0.4694322268146052,-0.3724543481395321,0.34621635145680657,-0.8962625732304231,-0.7984314246938911,0.36452064899452374
2025-09-15,0.4539156987248241,-0.5168110586374359,-0.31046045261179506,0.3042324522303002,-0.8063153262772803,-0.7104663700327156,0.30642688884892316
2025-09-16,0.42892889327668776,-0.39440655405087244,-0.38154341907824685,0.2556225134622173,-0.8715758242953758,-0.7536841349781701,0.33540505646741925
2025-09-17,0.6752839748843412,-0.33664105765005875,-0.6115738828908307,0.28794806308673454,-1.1050794639222121,-0.9665065080775858,0.573949342398223
2025-09-18,0.496128321442035,-0.17685708369946482,-0.48095200076332156,0.2782945430486703,-0.8220089676651635,-0.7771909142078722,0.4238780196598573
2025-09-19,0.4556407300891311,-0.17977795565914867,-0.42968518600764316,0.32469633494284156,-0.8593202567092622,-0.7099670846057362,0.3460637898426129
2025-09-22,0.5179553997651284,-0.19005550966337853,-0.47933511654763583,0.27451819945040035,-0.9341489245605582,-0.7616134780082565,0.39739540247101224
2025-09-23,0.44069989701770584,-0.18736436511673665,-0.4486423150581287,0.29446707577471887,-0.8480628102291843,-0.7068680136846828,0.35676068090865554
2025-09-24,0.34789729010030673,-0.020293530140787743,-0.2721552621270232,0.3869429569207566,-0.5635639836288046,-0.4872650461482853,0.2444034896790142
2025-09-25,0.2529754615145966,0.09453640029183802,-0.1942369073760503,0.3709495039690328,-0.48830062991847767,-0.39154384731558173,0.0989323018902575
2025-09-26,0.22361137318307273,0.16266440807332352,-0.26136172264279967,0.29576616695738334,-0.6528946921908104,-0.4691567367878933,0.13910978024820286
2025-09-29,0.5874654343964223,-0.00798531403418138,-0.35067297291712257,0.3876562171636667,-0.7549060848152289,-0.5125301760890006,0.45962672709869795
2025-09-30,0.5481014023840174,0.035609145878784984,-0.39813253976373125,0.46123862737385496,-0.796672887047573,-0.5645474947056572,0.49440576082910154
2025-10-09,0.7694099418171119,-0.04982405900835704,-0.5930287163116331,0.5097056772224922,-1.123976726840989,-0.8012689760605154,0.7953646312443747
2025-10-10,0.49784678672103033,0.03057239158967695,-0.2856723115382377,0.4768005517918282,-0.7067469099365186,-0.47391600051782656,0.4607872222372122
2025-10-13,0.4437818097697356,0.03305816916488016,-0.4339014588359529,0.41654427701363983,-0.9583956584036362,-0.7333253356603839,0.4498114379932284
2025-10-14,0.5628833840028976,0.03294076663117571,-0.5712203315678512,0.44392130624705645,-1.1055019922683171,-0.8351787470749256,0.5770910546686762
2025-10-15,0.5883682308267963,-0.17822721131970468,-0.47135665138857324,0.4806893116994305,-1.0243245188103476,-0.7452865813099561,0.5820034354617528
2025-10-16,0.20537774769554312,-0.2456375386566741,-0.039448134558072466,0.4768245518999663,-0.48899724534481903,-0.31933938124201183,0.1448809076799824
2025-10-17,0.11693812141446217,-0.31667314389187945,-0.06555053057028726,0.4266872027599759,-0.5438752153642794,-0.3981607243375088,0.04382144933413855
2025-10-20,-0.10542594582249573,-0.31901689515571685,0.08693839144716178,0.3621109488645954,-0.3418753841759129,-0.21860322297282933,-0.2300987739698586
2025-10-21,-0.16195141506134417,-0.2000771285715576,0.08707707279261152,0.289631654528186,-0.32439970726303874,-0.20382354673466221,-0.24266528301242565
2025-10-22,-0.22717626945548655,-0.1985374621703121,0.12234387501532872,0.1524468841251712,-0.33941658713024536,-0.18103653610789133,-0.3293078052224543
2025-10-23,-0.3447631781341922,-0.2394722158558602,0.2691112098119597,0.08784560340434666,-0.20630462965213384,-0.025728711988282083,-0.5326514183521489
2025-10-24,-0.36593174880043716,-0.28750276487586646,0.1773671218321285,0.09015782346126387,-0.33067781416289516,-0.1370306741165423,-0.4853255822408682
2025-10-27,-0.4674991439718259,-0.11971635498965053,0.28984716981707415,0.09191107059891623,-0.17851418753499812,-0.0600058216757885,-0.4870611545667332
2025-10-28,-0.5756996902229309,-0.13927425132082122,0.24395617422225746,0.04895060071359827,-0.18969588666711035,-0.09518102108462358,-0.5449899672997847
2025-10-29,-0.595152991205131,-0.08513808126613764,0.35179009336749245,-0.01410613556092994,-0.05704322050933592,-0.006278704878083305,-0.6477061118768899
2025-10-30,-0.681959469427938,-0.10201833175272897,0.2680709391029153,-0.06955910565399702,-0.10221138046664115,-0.14440115616291774,-0.6298000938955826
2025-10-31,-0.5644474119107942,-0.32381759198363347,0.06036035398467261,-0.12306151774696857,-0.3517822708215853,-0.3407665634188367,-0.35977709072907993
2025-11-03,-0.6339108993193924,-0.2301942940197292,0.2121006093264148,-0.1025380592068249,-0.14737327705898776,-0.15050098366777134,-0.5214932759746573
2025-11-04,-0.6290597386394406,-0.1893855221888816,0.10589954416237857,-0.049701644075434676,-0.21650922060889383,-0.2166181732545478,-0.4313764302602316
2025-11-05,-0.6381288079215991,0.017702846335096042,0.13630908377619688,-0.04227064481506798,-0.09390991111138776,-0.1467841047868016,-0.5654858223308682
2025-11-06,-0.4060562403442041,0.09748231933966847,0.11665014483029461,0.07965116159498924,-0.07229259720893678,-0.1219212791329279,-0.36295138341462635
2025-11-07,-0.31694062045734167,0.120121448189101,0.13993036904823605,0.08413875949696784,-0.021178019747044648,-0.08184643828784716,-0.38432673084582447
2025-11-10,0.07279226576147982,0.141141508988272,0.06283869345796339,0.07300151339084641,-0.10378178840408166,-0.18340123456041846,-0.05940443146121196
2025-11-11,0.14131479865601537,-0.05204705303727639,0.07622258782663768,0.12879317813081387,-0.0806057765476578,-0.16732331531402,-0.09300191586246587
2025-11-12,0.16385595186304622,0.06603049415794934,-0.11159735530296451,0.2705882940838918,-0.2202873095437358,-0.3387502940951698,0.0659479516878656
2025-11-13,0.31537688747699516,0.23952392636468356,-0.21135434256963437,0.34903880726635983,-0.30729132400928183,-0.4076888679880674,0.2167590158539195
2025-11-14,0.40402338801350457,0.17348860718554077,-0.09199425105950225,0.335796798365499,-0.1640502685305881,-0.20427721217456443,0.09152074190033253
2025-11-17,0.36430675952147074,0.011547488963889598,0.0873927774549291,0.36310987563632946,0.05057354170152475,0.036340904351799756,-0.14784776762434576
2025-11-18,0.3924736827436974,0.03195533973054186,0.05000349959516195,0.29031931687014756,0.04832098670972384,0.010170550509650097,-0.130073685184434
2025-11-19,0.3708312729247064,0.04501249127250902,-0.06442273283478667,0.3286285248243827,-0.07111445530505273,-0.12345593794185379,-0.01423486419892744
2025-11-20,0.2328089698152701,-0.02472295019490736,0.24233839763054368,0.2952560061169057,0.24729588765328464,0.20078579107569397,-0.3211185194527908
2025-11-21,0.10743487602246765,0.1296178906030668,0.32149275387244797,0.2248640875508131,0.3097708291077658,0.26663920857359685,-0.4705190070350233
2025-11-24,0.012769546746140028,0.13587037905309915,0.30681040327212133,0.142898274068041,0.24904515529857443,0.2173654446775565,-0.5081018139513285
2025-11-25,-0.12321430571124241,0.19332012379149224,0.46148393793013653,-0.09662042402423165,0.32420631962792645,0.25845703638434026,-0.6311638499731942
2025-11-26,-0.21838571139692978,0.2476715470452436,0.4692966373607142,-0.18011267470014494,0.30650778367189,0.21157879257852982,-0.5755701524889062
2025-11-27,-0.01187234745699241,0.11925666747451336,0.502672051475965,-0.24958546957345612,0.3628898315672583,0.2445184555174357,-0.4379290874561016
2025-11-28,-0.15972295476261353,0.21501069215105642,0.44977816009469757,-0.1863257031650025,0.3430551723956156,0.21924693032458578,-0.5124701526711185
2025-12-01,-0.24907838639628205,0.2195620178649714,0.3141929749916057,-0.10135973087831801,0.1825048548295766,0.06577997783394815,-0.3573427322897502
2025-12-02,-0.4447349614336738,0.2927547208857965,0.2944334462042109,-0.22208367409315546,0.09148991085082087,-0.03265760293793792,-0.3520133841664174
2025-12-03,-0.41521504225209777,0.2565604681013515,0.4654646272344683,-0.25215027111493377,0.24873094564314202,0.09330115286825266,-0.42866236611001096
2025-12-04,-0.44357563077195444,0.30341335015764453,0.41478581762006195,-0.15941240914913316,0.22014977848846506,0.04127724195239507,-0.3528038236196038
2025-12-05,-0.4772953466191012,0.2999216490814505,0.26706271671102144,-0.09847336182569599,0.05228532574590971,-0.1319226735459648,-0.1983032285925282
2025-12-08,-0.49873675319893496,0.34720784979823877,0.2271814351075844,-0.20045227746610966,-0.0006132419971948784,-0.22260936353275673,-0.1497381644180856
2025-12-09,-0.473825037046428,0.21635593614732007,0.18676967497653824,-0.0540242628079416,-0.03174798116137822,-0.25992724426582176,-0.1124373887074898
2025-12-10,-0.4570158121162373,0.20915046967474965,0.2809216713215057,-0.1291235002458027,0.0523905148519713,-0.15957338347058936,-0.13700138174815835
2025-12-11,-0.42724508152790436,0.11853513440759382,0.15690470726485706,-0.09573655710131926,-0.11508041869533933,-0.2838632927113811,-0.016644000198111936
2025-12-12,-0.4971983755752041,0.027573611564693012,0.05947589159126281,-0.16111942417942998,-0.23665898926517193,-0.3986901915136191,0.023135429519243175
2025-12-15,-0.39273207562665385,-0.022023526221609517,-0.029328735613707295,-0.1635315459698985,-0.32248296621833966,-0.4914174100802077,0.07848605758386241
2025-12-16,-0.44393687941803894,-0.018139002919847755,-0.1295293731493019,0.06188133979178821,-0.3080610758968242,-0.5103063419748569,-0.0019041174459312055
2025-12-17,-0.39199680771340123,6.832387146444088e-05,-0.11676686054683393,0.0767901764823891,-0.29191937780543376,-0.49661852742760876,0.030029696300856407
2025-12-18,-0.29611950027759487,0.03574454948903863,-0.2309508203035378,0.17461427480479544,-0.43913572524720607,-0.6252293351470943,0.28628902717901433
2025-12-19,-0.2068792007452638,0.15512278455480066,-0.16262678564435232,0.1752109827407844,-0.3483535505180968,-0.5498506673325959,0.43837440163662833
2025-12-22,-0.11327245879834479,0.10915537497571559,0.000709331883330569,0.16111726096026036,-0.12745854633965137,-0.33725106506972685,0.34434339869490305
2025-12-23,0.09341445528630554,0.15040695327277778,-0.07202668314867264,0.28524571114602504,-0.12901454302072426,-0.34354912443134433,0.34425338857438514
2025-12-24,0.014303523561370822,0.12889372046533337,-0.0062724232146639265,0.338395770661404,-0.05280988801229676,-0.2436633875055403,0.31704242807236505
2025-12-25,0.020506797639670348,0.0779175089558022,0.022996276163758305,0.30860842188982834,-0.09079566917198237,-0.2156655144658431,0.2203957570520394
2025-12-26,0.18793913775459736,0.23445272900747582,-0.05687645114141362,0.26921841333088403,-0.20481042203773908,-0.28197678528831077,0.2762952692605151
2025-12-29,0.21335526080380807,0.2120907155520887,-0.11890441213423177,0.34455942761775393,-0.28181485640718545,-0.3761027196701847,0.37445659583642305
2025-12-30,0.1776609195549349,0.25108196860252324,-0.21138785653392064,0.32841529055159435,-0.40188048261060605,-0.40995425855369394,0.31114219020929673
2025-12-31,0.15585707755108194,0.24397776798901835,-0.1934914643905877,0.3933148099012649,-0.37640379473690966,-0.35379015699125543,0.2204580553188973
2026-01-05,0.16303532374982166,0.15842899551394762,-0.258674408808823,0.31348651570374675,-0.418995249610862,-0.4026961320882563,0.2892832833228688
2026-01-06,0.25273651480846354,0.25615357229412566,-0.07349701598567934,0.34214565080465453,-0.12821457288352622,-0.2093612220134204,0.2205032730488023
2026-01-07,0.30854766465201355,0.1784041187749055,-0.07727740348318908,0.28092351293422146,-0.1370445262165519,-0.20401800310083942,0.1716394091168358
2026-01-08,0.33340722539377365,0.04586914059830489,-0.07946938244686483,0.2734499848278875,-0.1811718832454693,-0.21772611937273612,0.283588422930029
2026-01-09,0.3685435734975608,-0.07701915282318837,-0.2065866142020241,0.29295061880644907,-0.4010428327750755,-0.32561488514562625,0.25843037168137345
2026-01-12,0.4555697729892028,-0.08978923618055995,-0.20390815474263374,0.24262735756274925,-0.4537432884987201,-0.2964197846632382,0.2504461584530599
2026-01-13,0.5477133739846114,-0.12806948018661368,-0.2798602207716537,0.3182621013370114,-0.5272654824088066,-0.39629377080404043,0.35649706715414464
2026-01-14,0.533550320564814,-0.11131606358625265,-0.2751392663592104,0.4089599318862795,-0.5303119708000124,-0.40377220722902657,0.3030841480627801
2026-01-15,0.5360139771409184,-0.3274989796130929,-0.13609385341017127,0.42368836691685446,-0.4562949094872873,-0.28559975689355493,0.25634894635513544
2026-01-16,0.7456994380200921,-0.4962606121260192,-0.20134330924621677,0.6375277173598661,-0.628012916374794,-0.32237947307020787,0.3034491873210934
2026-01-19,0.7555312001367334,-0.45531690857521745,-0.21614864716966486,0.5860494884984779,-0.5363504996516255,-0.3523280140282231,0.3316123582860751
2026-01-20,0.6506308705383895,-0.5895577211743096,-0.16204750019733438,0.6832299578360149,-0.45506822781935,-0.28425114680623703,0.27280186883852897
2026-01-21,0.6319407379741349,-0.5191779647582262,-0.1764644242257196,0.6885042187723788,-0.45249991779147974,-0.29290406132107644,0.24766163957917267
2026-01-22,0.5721657830501592,-0.465196906498963,-0.1559847294406439,0.5930366315566497,-0.4054633427330761,-0.3241387480766216,0.25684859655966186
2026-01-23,0.6366898528159978,-0.4688783275762386,-0.2128607392908469,0.5454739331411016,-0.4037346872734656,-0.38555789370147847,0.3422537141443487
2026-01-26,0.5709235993777426,-0.4346206985238257,-0.027269387516402968,0.4787812352574534,-0.20374124537166033,-0.22265743265816018,0.23018413783608072
2026-01-27,0.7060399371114598,-0.6079050944886071,-0.10749768384658234,0.6012100242130236,-0.331114287564911,-0.35678512864443246,0.3235963409290841
2026-01-28,0.6079716605774634,-0.48778638146587083,-0.16644536240699004,0.6562545455930646,-0.2894590507855444,-0.3848612320515804,0.2605212650032135
2026-01-29,0.5854767814352525,-0.35972858349757403,-0.22162908011703117,0.7634508809218123,-0.30953615864802597,-0.3548157026033754,0.2801015791529818
2026-01-30,0.3253351153968489,-0.49324459347456173,-0.19145530116193174,0.6828293097627133,-0.1720649544996321,-0.34926976192060616,0.1824759034117063
2026-02-02,0.11154814546826579,-0.41930652286028414,-0.3987795252545122,0.4939168918821474,-0.25845710255569787,-0.5172081981300037,0.07328301580578835
2026-02-03,0.22842581745101723,-0.5653616560620974,-0.34183165590773945,0.45525995081684767,-0.28381935348344783,-0.5022183939028398,0.16529851638468682
2026-02-04,0.18413452210277884,-0.61520651846215,-0.34019496155995377,0.31553955451518323,-0.29296885849651266,-0.4528247545708214,0.15770821874321675
2026-02-05,-0.01619704923651933,-0.2398171953718753,-0.20819970420941125,0.1773338999114364,-0.13661425001315775,-0.3988364907585649,0.07989173980417782
2026-02-06,-0.2772686846446817,0.25279136826330745,-0.05560303554673592,0.1098723860283894,0.11032591880964472,-0.2804085002841651,-0.08528884887147663
2026-02-09,-0.13163904849582686,0.2768717487466432,-0.2500279440437174,0.2600805468673253,-0.06633777063082114,-0.36863857086859775,0.050407892187498075
2026-02-10,-0.15808132212269704,0.21932003957186474,-0.04073386415309796,0.19680534828390217,0.18895937255502768,-0.179241749005014,-0.0011207351047416597
2026-02-11,-0.25830171455875506,0.015719162347925864,0.10115018189579064,0.3057212923009976,0.3393797399100666,0.05722489348156224,-0.16436182002387367
2026-02-12,-0.24827735736773615,0.1027720984001107,0.13805204024757337,0.30392086905457355,0.37568619289812744,0.14056017136817048,-0.16725436134893862
2026-02-13,-0.3032893410022356,0.0775513185877861,-0.013036573034157421,0.22982161557020347,0.16193780900292568,0.022254225548595852,-0.20049412474806938
2026-02-24,-0.23809160877281924,0.1725594083670657,-0.09473169932435956,0.2747199795995641,0.02384440661633928,-0.12038214111103454,-0.08599731271646144
2026-02-25,-0.22841338665271138,0.27041306789812336,0.10103731043534397,0.2823008818575904,0.246176082958397,0.06574760836417859,-0.06599484544339457
2026-02-26,-0.1948899583713246,0.17415886397240388,0.049320820005173585,0.2528759823474377,0.12989423863633387,0.01967779409233868,0.021904197416713306
2026-02-27,-0.3804838798541719,-0.039127718037820905,0.15697287299234905,0.02735885926730793,0.12884378572164676,-0.023125082235946375,-0.13318827512885806
2026-03-02,-0.306006213086173,-0.1334249462812301,0.019994186648672637,-0.02014585150337306,0.04913818216000645,-0.07648718129475046,-0.1251311991791257
2026-03-03,-0.37664651058750154,-0.2231500283257594,-0.040970923698283875,0.0027827115680031525,0.007170490143180657,-0.16025229637635197,-0.20418095090608046
2026-03-04,-0.4519794538501921,-0.20148089026425173,-0.07802549170362297,0.011218546139907358,-0.012152239856063092,-0.1256299760637058,-0.25797873289260603
2026-03-05,-0.31605526857055616,-0.23904157169909598,-0.197140264251422,0.07272821062190882,-0.09671303518075355,-0.2539924020035542,-0.1470843483899328
2026-03-06,0.059847441390232396,-0.6231738591363674,-0.30174710265803967,0.0006197148954366774,-0.2043542973686201,-0.34416359107618383,0.08175751630729136
2026-03-09,0.48414517266754703,-0.7901371327190186,-0.27662769750128097,-0.15154432101514595,-0.21990769767622245,-0.3385570579273587,0.2557407999053753
2026-03-10,0.4508668080006182,-0.8586148526892516,-0.01030103034175658,-0.1722713102703041,-0.1008112059654187,-0.2312000292735043,0.22684975130513896
2026-03-11,0.511002686676569,-0.6594141518867661,-0.04411321225294336,-0.15531586364318806,-0.19193898844540175,-0.3109393524815133,0.33500253412433595
2026-03-12,0.5939775913655064,-0.5280052195763248,-0.0871013665035469,-0.09748412270696917,-0.19980241959195766,-0.3246491895424003,0.41755664313409296
2026-03-13,0.5841102292090975,-0.7103709084954604,-0.058301852746373034,-0.11675495296355229,-0.20324530345477648,-0.2615183978191917,0.3649799233689934
2026-03-16,0.40747359805368166,-0.6296785609808628,0.023089533152346117,-0.09457509534377612,-0.07193974364163888,-0.18780849970814226,0.1802165534503636
2026-03-17,0.42850349060598125,-0.6147659188887711,0.011230605250643216,-0.08393438127498835,-0.06504163598650432,-0.14577262232305443,0.11825351798013638
2026-03-18,0.44238225745456367,-0.696500107934129,0.018550661569745504,-0.11709510510652121,-0.07744879293117751,-0.10994307814154594,0.09676854302762067
2026-03-19,0.3062788797772497,-0.7137873173173382,0.19806929583699454,-0.27215615671122734,0.13574120432101572,0.0009556090645868737,-0.12864785038186619
2026-03-20,0.3258476329098266,-0.7330421034018151,0.15123637453602484,-0.3461173215975611,0.16370253464556533,-0.0161468450482628,-0.11403872164099364
2026-03-23,-0.044490162349913216,-0.8251866249253397,0.19733514250688336,-0.5868217810756114,0.14665578391396425,-0.006406608140909327,-0.5034632834219541
2026-03-24,-0.039996658218293624,-0.7028121962528553,0.19187337987776215,-0.5511787771363432,0.124186447153392,0.04371625501714596,-0.4013109202119793
2026-03-25,-0.0023664469563883656,-0.6484437950025962,0.3376933077149641,-0.6378147917011363,0.29122907017259514,0.2589017407498307,-0.49479087283653606
2026-03-26,-0.08250234436881036,-0.7238816987782096,0.3078585181899063,-0.8029425359124047,0.2216239536570903,0.16458470258059227,-0.5962822488938446
2026-03-27,-0.08450372544308732,-0.36000242238399993,0.4345624240865241,-0.5398215726876462,0.3372428130574534,0.39061063778884164,-0.6301908308317259
2026-03-30,-0.19935563391009997,-0.26012523034010626,0.30021267022772913,-0.32481653706902425,0.2573721475059594,0.24074548087034497,-0.47932445313204336
2026-03-31,-0.3883952070068127,-0.19034944050532338,0.26373486183153305,-0.3565967799788251,0.22073188084056972,0.27013087807196634,-0.546917379189537
2026-04-01,-0.30353764654351634,-0.29887942389830335,0.3213371597803638,-0.44058932645834237,0.27751534380012777,0.3211181567952174,-0.522302129057079
2026-04-02,-0.3354488849088861,-0.3117076795131226,0.22203977617812917,-0.46550716781867535,0.1438817360714729,0.1926675162632672,-0.47934919802845805
2026-04-03,-0.39783847565135355,-0.1636404103570403,0.1391259757828464,-0.5035252489578627,0.13332070028799692,0.10136971875759733,-0.46416273203104097
2026-04-07,-0.42327681280080903,-0.33072731828991525,0.1963704604804299,-0.6441619900074221,0.19447083307466934,0.17331644328128043,-0.4990639188782651
2026-04-08,-0.5910704899919047,-0.25532885776617975,0.05305501952209621,-0.6237218250528304,0.0939685621692474,0.06722681690543084,-0.5536523763145524
2026-04-09,-0.6347334194406562,-0.34193821023429805,0.004396960565841037,-0.7839172907862828,0.018631883738677406,-0.032105101415269295,-0.5640388648197426
2026-04-10,-0.5873826772017886,-0.3256869357087184,-0.057754233396902756,-0.7505744671837296,-0.09979491702607562,-0.1220100581958124,-0.40696329324399383
2026-04-13,-0.5109871564377123,-0.3531102537248212,-0.12960626904375325,-0.6823346255601713,-0.21521337989129447,-0.20954935417545636,-0.274667785807397
2026-04-14,-0.5528073339061057,-0.2850092079769295,-0.33683517629635057,-0.5017272596370611,-0.39014075924193137,-0.35740861398498575,-0.17250068757342144
2026-04-15,-0.5187652059200434,-0.4536649991509518,-0.32699837422974076,-0.5919369512546475,-0.3939660981389228,-0.36553911773754433,-0.17915139792757936
2026-04-16,-0.5694425953268409,-0.24749965081291148,-0.4012932476294203,-0.5079485273493897,-0.46404456696698604,-0.4703256723253213,-0.14381917032292124
2026-04-17,-0.6100193534581748,-0.29375926503316196,-0.421133134640652,-0.4149471776679621,-0.5419012158240878,-0.4700366227421078,-0.0805317942115222
2026-04-20,-0.6699573770120041,-0.283828467319121,-0.43321729733096964,-0.37369058225180735,-0.5269730998146218,-0.46352557560167046,-0.12638453548198758
2026-04-21,-0.6125584315221043,-0.1745711597677481,-0.2837548015356636,-0.31496571444114435,-0.43575126210009824,-0.29033959579063845,-0.11139467701731705
2026-04-22,-0.43719742228618885,-0.25852971964221366,-0.3462537499374493,-0.3360679940752384,-0.46219115444540915,-0.36698778924106856,-0.04456703613069768
2026-04-23,-0.470277156506175,-0.2780045393568901,-0.44186430354387535,-0.273587314154077,-0.5369457929891805,-0.4473198330304304,-0.0292324608426697
2026-04-24,-0.4232054817912045,-0.33117797121743064,-0.4526852036711137,-0.34234221832192374,-0.64219504437048,-0.4872578359720435,-0.05298899093945111
2026-04-27,-0.46282816743209837,-0.23570213703990991,-0.40678230184441205,-0.4181985939994218,-0.6640994027204888,-0.4632858050627425,-0.0379481213677428
2026-04-28,-0.3865606475363817,-0.27879007719827903,-0.5813154998541361,-0.3942908853640413,-0.8594674912235882,-0.604846637436109,0.04103828300973002
2026-04-29,-0.2798331754239419,-0.3409671467010722,-0.4446967222641648,-0.40864835661570664,-0.7314602667436887,-0.4627799809309774,0.14138046257096187
2026-04-30,-0.37190961709157355,-0.16317623084500085,-0.5411122335781808,-0.24379856890455595,-0.8112441765735438,-0.5352557778597746,0.10019248743150239
2026-05-06,-0.2826288086481448,-0.1998585243813599,-0.5550024886844828,-0.21531144707204503,-0.8252974154584616,-0.48981740607140617,0.06991288367738761
2026-05-07,-0.33085457025076564,-0.2683178790837106,-0.39024100712916127,-0.3480436407829515,-0.6651076848498231,-0.3883987881515551,0.033906466719974646
2026-05-08,-0.1068848830644144,-0.27742893685147596,-0.29039763285013626,-0.36048105592430796,-0.6347472792585267,-0.3486097087754687,0.13861280045225924
2026-05-11,0.08516159736162572,-0.12057935748181492,-0.09678553374398105,-0.07905618414652174,-0.3979553314614835,-0.10999843875905405,0.244729601544207
2026-05-12,0.1487767817757338,-0.24370204090697575,-0.3169951559112677,-0.08803193409211184,-0.5867429181461798,-0.31707865677848274,0.21955532895605914
2026-05-13,0.11792062968025468,-0.12888505601131459,-0.3885407636273055,-0.08232782160601596,-0.6171430550250196,-0.34929897941348464,0.10522995341133193
2026-05-14,0.020566799180161754,-0.1558264848091914,-0.38955156264330354,-0.08140763905373434,-0.6014160488182165,-0.3419748271445467,0.01494518216874353
2026-05-15,0.1846422172631578,-0.41941396881764537,-0.6056393287908568,-0.17976964418685557,-0.815737060763634,-0.5165171857465279,0.16893646487594086
2026-05-18,0.09063582081846455,-0.44211154149353205,-0.4727859266061769,-0.3060101278727223,-0.7462482291801785,-0.4553567437330981,0.0784585881266382
2026-05-19,0.19713766009804795,-0.4332810059180389,-0.5725517953314023,-0.30078127992327985,-0.8243757863002965,-0.5009799540176096,0.17566015175160987
2026-05-20,0.005619777122183242,-0.32565601109242337,-0.47104187338247083,-0.31488516205323847,-0.6724940821112664,-0.3604105785071706,0.11014882779722139
2026-05-21,-0.005678194371548356,-0.44845166432816275,-0.6581513506565164,-0.3261244062041388,-0.8367106004965552,-0.4996993719236876,0.021211316475214036
2026-05-22,-0.023309097645292088,-0.5614189436864578,-0.6645411064580096,-0.5285483576925396,-0.8230166308351085,-0.5077509731414168,0.09472430908488257
2026-05-25,0.07081793943417482,-0.6995335999146628,-0.7216743016631082,-0.5405871232996814,-0.8568055102669799,-0.5778789147594768,0.07761567197603537
2026-05-26,0.10202174236016637,-0.769219702588233,-0.8486280125442114,-0.6633307979204206,-0.9749729748979885,-0.6912421901399883,0.10581938190011275
2026-05-27,-0.07437078557059099,-0.6922071314144523,-0.750762487829008,-0.6828444012597331,-0.8024359765730948,-0.6487114065725214,-0.010400319848957451
2026-05-28,0.04554061065323885,-0.7180046396688703,-1.047759126169581,-0.6965960773957076,-1.1459746176786088,-0.9175980418943633,0.011754711688118938
2026-05-29,0.11248045945228069,-1.032421122950498,-1.2064016169403324,-1.2816455447771733,-1.333928482880753,-1.023665816247943,0.01946226171214887
2026-06-01,0.04394238894791205,-0.9916517343117337,-1.0995872925127628,-1.639774750619847,-1.3096058668916808,-1.0368847704215263,0.06453804811195354
2026-06-02,-0.08000228421736363,-0.8672996181832577,-0.8299084921599695,-1.6039065315909733,-1.0390662218033997,-0.770778990548691,0.06907576164812165
2026-06-03,-0.013315733332237359,-0.8718565332633809,-0.8884962150456938,-1.6731067725296844,-1.0839697957970227,-0.8364291548918368,0.2714452224255796
2026-06-04,-0.2246548114667175,-0.7611617139057892,-0.8296869684897491,-1.7874763103053746,-1.0003561737440818,-0.7841078001145563,0.06275309693498675
2026-06-05,-0.544148229901233,-0.5909822835474636,-0.5270137000352472,-1.524842018068012,-0.6672405741992384,-0.5362882589728649,-0.20186723969401182
2026-06-08,-0.5353427149282198,-0.6858938526616427,-0.8088761652013468,-1.7854251477021281,-0.9861923563858563,-0.826813612228601,-0.20301923163861718
2026-06-09,-0.6067443182462041,-0.4200926768422434,-0.7133740502481721,-1.8851145498766235,-0.9367503596947647,-0.7714587944656938,-0.3356001436538106
2026-06-10,-0.34831722658445535,-0.4596598710204098,-0.9026389359372686,-1.905758267334735,-1.1257360431803751,-0.9731920778624263,-0.1476760255498264
2026-06-11,-0.5221010744342774,-0.3538386086971147,-0.6717451562884083,-1.746069039532716,-0.8869813743449567,-0.7987901315511251,-0.38445629857875396
2026-06-12,-0.5273059625512552,-0.3769941191283023,-0.6309078201417567,-1.7181002873241733,-0.7669545839727607,-0.7254442709879889,-0.47836175055182906
2026-06-15,-0.5006049380563152,-0.26013981830151783,-0.8024718361061913,-1.7844543933736676,-0.9836687159211338,-0.9289171672636166,-0.33968846466982383
2026-06-16,-0.6480958732210605,-0.27372226441150993,-0.6224044592528776,-1.707206881402982,-0.8237382476306913,-0.8002015298523765,-0.46517531328440104
2026-06-17,-0.46532348888021263,-0.4524461026300703,-0.7845214261729654,-1.6620568716708646,-0.9699016907564479,-0.955589945378728,-0.20689245576502863
2026-06-18,-0.6654718863922107,-0.4643322454815587,-0.523055610117193,-1.4717648566823136,-0.6901371562647575,-0.6645485637547027,-0.44503172986337036
2026-06-22,-0.7132046385341082,-0.012623105260703565,-0.4727908928260959,-1.3500659806910775,-0.6266489263514491,-0.634269740386601,-0.3925499777035423
2026-06-23,-0.7347736741010543,-0.1679835314272539,-0.7684105006525198,-1.4691876907339034,-0.9121039098237086,-0.9049264234769844,-0.3615471246023659
2026-06-24,-0.6715059010457339,-0.48756367751596813,-1.0425863317246213,-1.6387962281023503,-1.2274251399161793,-1.1940257872795752,-0.22151091128049033
2026-06-25,-0.6900772718462226,-0.5923140929156702,-0.987271158112574,-1.583477876992629,-1.1579099874282133,-1.1346223157308781,-0.21545869718952668
2026-06-26,-0.5375510113395369,-0.9011940395325817,-1.2849228998002749,-1.691072701089507,-1.4882684837168272,-1.4339067465200541,-0.1290332452587112
2026-06-29,-0.1573098345565656,-0.8097599666538461,-1.388150231773398,-1.5154952389875624,-1.5492103766196357,-1.4986944354213592,0.12051091077214544
2026-06-30,-0.22105762147094177,-0.9469612056827321,-1.398811000768831,-1.7141324908519158,-1.5070466793853468,-1.4692140927415789,0.038140016509325345
2026-07-01,-0.3113293862276182,-1.2273952643892605,-1.4258574998803362,-1.877601589111863,-1.5373083236459177,-1.383581285339673,-0.15441325338915224
2026-07-02,-0.506934177475638,-1.2426697083300446,-1.2331006392694697,-1.8150165254753339,-1.353182572801286,-1.2206267144650529,-0.35048752342581646
2026-07-03,-0.32103104181460385,-1.224349500993201,-1.305500513454158,-1.7644131290742393,-1.4221069470890466,-1.2535519806569047,-0.15631723947551301
2026-07-06,-0.29728865997489295,-0.971883332974489,-1.537931315048512,-1.7405128281123954,-1.6260140207991705,-1.4389942553133332,0.03400831696977963
2026-07-07,-0.5335409937238433,-1.0393863848918912,-1.2379065911927372,-1.4509976847632498,-1.2857919615689926,-1.0944903838397992,-0.35752168071806834
2026-07-08,-0.6171311081840511,-1.0224837139963783,-1.262587086079959,-1.3250843147844262,-1.3054289939954848,-1.1063601367183116,-0.3906310802062484
2026-07-09,-0.9225297851889275,-0.8756045572282788,-1.207527242849615,-1.480430310874062,-1.2269113915508676,-1.0171821878200658,-0.6929218738064975
2026-07-10,-0.7706762976449167,-1.0961152566175008,-1.1605960943803264,-1.4714943229086341,-1.1459517804681396,-0.9291520211068335,-0.6152398611067946
2026-07-13,-0.9823045933470134,-1.1860377747110102,-0.8612455295752333,-1.5226201116469098,-0.9625579352342533,-0.7620514929274935,-0.8259321473634518
2026-07-14,-1.019960521012985,-1.1099665470081492,-0.5340338531762824,-1.4873345623768004,-0.6298807322039102,-0.4376126481781844,-1.0852336438254442
2026-07-15,-0.9753972036520068,-0.9141481473070339,-0.44959050166890435,-1.5571838212855744,-0.5542159050428063,-0.30172328884915245,-1.0878441231894742
2026-07-16,-1.188388797022605,-0.7287137313148625,-0.06412467800399002,-1.1545050799648275,-0.15438539634808768,0.12853564711740892,-1.5098500437150681
2026-07-17,-1.421374689962361,-1.2107073354508704,0.061216474441063734,-1.2559795102150986,-0.020824916099189877,0.2022930834467658,-1.718596885978469
2026-07-20,-1.695348215951874,-1.312074667189852,-0.3397297369462661,-1.3685109891231615,-0.346269958448925,-0.20449363598692352,-1.5648415318599966
2026-07-21,-1.7246795891983975,-1.1592253578079081,0.02316612374895772,-0.9049530172511066,0.06858216254139879,0.2722436260208767,-1.8432889570754194
2026-07-22,-1.798140484866544,-1.0021743800054812,0.2658585577751556,-0.5483907410300541,0.34653973445391323,0.45748856726821224,-2.056295192726747
2026-07-23,-1.6642103683928695,-1.1712121983305654,0.39437190069955036,-0.5055463034850614,0.4289585295768639,0.508211671961958,-2.076629106452637
2026-07-24,-1.5178639669510132,-1.402838331082811,0.3889163427233735,-0.5311913243033612,0.43297820001690135,0.4849033610370923,-2.103506241983305
2026-07-27,-1.9537247450849773,-0.9473967147013382,0.3081870957205045,-0.5638743031689059,0.39672683841082756,0.370548767074928,-2.119848406268112
2026-07-28,-1.810499352270848,-1.2032847231586612,0.17788521588371087,-0.7323649531445124,0.20737058101520744,0.20248367510119736,-2.0445533697449108
