strategy,sample,annual_return,information_ratio,max_drawdown
ML,0,-0.1621463770231898,-1.4645102281867044,-0.27774500332826046
ML,1,-0.17133278340462776,-1.4408165181895447,-0.3183494173391034
ML,2,-0.19392623996905822,-1.7235723004549655,-0.32273254238540094
ML,3,-0.18814084151992705,-1.6129579067882784,-0.326416014013283
ML,4,-0.1035597777926176,-0.8349223374006699,-0.17785045313220094
ML,5,-0.15494344183067543,-1.435407457453291,-0.2690777244541023
ML,6,-0.1463457399480509,-1.2113243772272748,-0.2778577706202422
ML,7,-0.12500499301682177,-1.0441006172781475,-0.23799753951831026
ML,8,-0.12320623024122246,-1.1045666996830024,-0.2674071041869417
ML,9,-0.22759814217293894,-3.0268536433600426,-0.3630807348925972
ML,10,-0.22406191685692378,-2.4295115412845907,-0.35304342621374907
ML,11,-0.10927886581350832,-0.6988264300899913,-0.2509384237006431
ML,12,-0.1181533443116114,-1.0580874517598071,-0.29459469553474393
ML,13,-0.17675190494307436,-1.3773522881021951,-0.3291148491107395
ML,14,-0.13625428938247353,-1.465556862280582,-0.2318584707162632
ML,15,-0.20046876117355672,-2.0258862179815873,-0.31951384146895045
ML,16,-0.1093825505834819,-0.972376328225712,-0.24563148805427448
ML,17,-0.1019297795700368,-1.156451664163084,-0.21530982716832314
ML,18,-0.018739171722160552,-0.09502359225448812,-0.14142642316034382
ML,19,-0.1732237737075385,-1.6329839999636975,-0.3016488555964493
ML,20,-0.1104825747318755,-1.0724789890905326,-0.2340163083796607
ML,21,-0.18210126446847175,-1.9064787260424507,-0.3462050680023354
ML,22,-0.21486510153345062,-2.2936903858292848,-0.34610367205155346
ML,23,-0.18676529325728564,-2.3900394338810083,-0.3111536570046042
ML,24,-0.061190593182497865,-0.755522808167487,-0.16156009462308785
ML,25,-0.18841560427451498,-1.7635592173931427,-0.37925158529346115
ML,26,-0.2063632286475986,-1.8982964928064119,-0.33977271328397785
ML,27,-0.2600948056083334,-3.584634177819792,-0.45636875055582393
ML,28,-0.10456794605713282,-0.810565255881785,-0.21810805291256585
ML,29,-0.13231053375728408,-1.2641667395682465,-0.25892163746587804
ML,30,-0.13610547577528287,-1.4504303082421857,-0.2650851149233856
ML,31,-0.12124595819786899,-1.16873484655332,-0.25036800522268454
ML,32,-0.16473102760053537,-1.7257425910172026,-0.27384004289035246
ML,33,-0.08820379095663144,-1.0027979123905424,-0.23078670918356659
ML,34,-0.10728397840919046,-0.9666754051812737,-0.25470790226786677
ML,35,-0.1897729546205853,-2.0172237046253967,-0.33670300022105626
ML,36,-0.1626698076713281,-1.4241429012421136,-0.276252566216993
ML,37,-0.0849287319012797,-0.6438877172974734,-0.21595602250518542
ML,38,-0.1530259194847361,-1.7965959355876526,-0.26019148244522794
ML,39,-0.2546270882103405,-3.727630492307858,-0.4227893423639536
ML,40,-0.12429798591498908,-1.6716272331839448,-0.25478125175210065
ML,41,-0.10215888670589413,-0.7491384049849567,-0.22555471618846257
ML,42,-0.1802465989605323,-2.426589793822004,-0.3310180829475836
ML,43,-0.14646778620344303,-1.6123134610725356,-0.30006587600489665
ML,44,-0.18081733164932723,-2.210766409409782,-0.29843997402302647
ML,45,-0.189968116919345,-1.7890001407834848,-0.3874256115039344
ML,46,-0.09647340655294245,-0.9293395701760584,-0.19884714219839605
ML,47,-0.15450860679709033,-1.4838787525831523,-0.24636977496074908
ML,48,-0.09654553644195352,-0.8084391486297173,-0.21720368393667033
ML,49,-0.13805543535971643,-1.5349775868043247,-0.2826455239951733
ML,50,-0.07791353023444547,-0.6667841080691885,-0.16399183219408597
ML,51,-0.14620123140011154,-1.9701870204064762,-0.22152866311584107
ML,52,-0.12721277019217903,-1.2116724520736715,-0.29895297454806247
ML,53,-0.10744696014455846,-0.883119434420459,-0.21266830264393055
ML,54,-0.11838661084883195,-1.1161461371499182,-0.22484186543107954
ML,55,-0.14117104372647793,-1.5047037741796454,-0.25942256524990215
ML,56,-0.09423369370281232,-0.8614986656391503,-0.18339946105483074
ML,57,-0.16692356132579056,-1.4989398857148635,-0.31372491391722557
ML,58,-0.13031104406092642,-1.2295628911287706,-0.29753003584632276
ML,59,-0.14253683431333375,-1.2615043487031221,-0.27451641194405274
ML,60,-0.11021208288672446,-0.8958216714439162,-0.25677694063789924
ML,61,-0.06894830404725893,-0.46618706506949714,-0.15528332893495222
ML,62,-0.12590292174102968,-1.3101236140738528,-0.29153014675494293
ML,63,-0.17126097203716872,-2.119608455609298,-0.28266973397195505
ML,64,-0.09617520131687762,-0.7509234639503283,-0.2550648601590737
ML,65,-0.10419887562333419,-0.9807981229600147,-0.2174849445907323
ML,66,-0.15919165824253756,-1.8597616756119608,-0.23546407188186247
ML,67,-0.18782337807742233,-2.1851383677397527,-0.30400990893253155
ML,68,-0.07567495201858387,-0.5650107215151254,-0.2400910028178661
ML,69,-0.048094850163625025,-0.29339103698087055,-0.26948910684509486
ML,70,-0.1395920488747081,-1.5264520013031333,-0.25137329992449786
ML,71,-0.09124133861213257,-1.064441345026855,-0.211060404327285
ML,72,-0.16703766503502993,-1.5900472900681253,-0.2571960827914175
ML,73,-0.13454865327379095,-0.9763441351081787,-0.2756113754994455
ML,74,-0.05986330740161416,-0.51011244019219,-0.1365114237159275
ML,75,-0.14653650994590528,-1.213708975648736,-0.25528605947127236
ML,76,-0.09529901170162558,-0.6854146313392498,-0.2465582810458482
ML,77,-0.16937582584766553,-2.2025480631450027,-0.30458027412740296
ML,78,-0.09854699286662405,-0.995490389690323,-0.21992020338594198
ML,79,-0.1603938571434983,-1.6334180250008552,-0.29974843811322993
ML,80,-0.14954362914003105,-1.1527645230140235,-0.27519972523308633
ML,81,-0.09129179720869696,-0.6568214033220934,-0.2604489207768691
ML,82,-0.14570142085471494,-1.539875732619384,-0.26289859841480157
ML,83,-0.16032065837804277,-1.4993639969071184,-0.3101770668862902
ML,84,-0.19628218434977684,-2.3316471190007317,-0.3362565851064051
ML,85,-0.08981146115441563,-0.8274260294457344,-0.17802198998070373
ML,86,-0.1587516579232422,-1.346504381451049,-0.24983614874362992
ML,87,-0.17754159038230144,-2.13198546074214,-0.28522818181676135
ML,88,-0.18933863884115842,-2.0066149185992033,-0.34624643735116634
ML,89,-0.1320748282822003,-0.9949123753206026,-0.22904584893314395
ML,90,-0.1709581851502372,-1.537673304319269,-0.2953962318853034
ML,91,-0.21777346289515942,-2.209220488955114,-0.36061479223397985
ML,92,-0.17852257877657163,-1.5438193511599976,-0.2868613331990225
ML,93,-0.04353138314076399,-0.3689653191002094,-0.12438507780164498
ML,94,-0.20778304563156114,-2.351391192008294,-0.37562342434553164
ML,95,-0.19419261107337793,-1.8549428135228265,-0.3151562958807348
ML,96,-0.13634054579072663,-1.2818938172074021,-0.2379268777636282
ML,97,-0.174796736448261,-1.9202652012478763,-0.322590991631425
ML,98,-0.15306581295065613,-1.7635117530416116,-0.24008812589252893
ML,99,-0.16247593542354755,-1.5844172996886376,-0.2599225476843574
ML,100,-0.14551663489511546,-1.3192902425717377,-0.2868890735432432
ML,101,-0.05308394387982596,-0.43621989810941675,-0.2368892784347435
ML,102,-0.11992338437642258,-1.7924201989972817,-0.23822594885177106
ML,103,-0.1510684477732166,-1.6328578555859714,-0.2628470144059858
ML,104,-0.12103415163019826,-0.8767219133215086,-0.18404843950978356
ML,105,-0.08266873537635455,-1.027712922218839,-0.1444170392879679
ML,106,0.021317942877655316,0.23690229501962928,-0.09469876868278482
ML,107,-0.14345610702260458,-1.4833021719470851,-0.2623929986001874
ML,108,-0.1601573336977925,-1.1715211306241413,-0.3398345554542893
ML,109,-0.17424877034419517,-1.5996635832994441,-0.29760843703432716
ML,110,-0.134960523184254,-1.1221770487428826,-0.3024971088697369
ML,111,-0.12196407259139164,-1.2064087696936268,-0.2598344670404369
ML,112,-0.08679890469668905,-0.9819753000477507,-0.14766262398675523
ML,113,-0.2014356986857464,-2.058692598847563,-0.33654443366306463
ML,114,-0.10287846826935909,-0.9277960530650564,-0.21619815866130332
ML,115,-0.20013114329373805,-2.267427696961446,-0.35782571593807855
ML,116,-0.225986817777572,-2.6104567548704862,-0.4008390187170058
ML,117,-0.23430323596920277,-2.9622751540706855,-0.39496242266464143
ML,118,-0.17051792058264492,-2.49982710610502,-0.3007330766397591
ML,119,-0.14998869953872995,-1.550688073684648,-0.2644625200113079
ML,120,-0.10246244955812556,-0.9552189778076728,-0.19027859729684715
ML,121,-0.21143143488128768,-2.695855958135337,-0.33152243181299756
ML,122,-0.1135320749804909,-1.1525927704850283,-0.19529061933755887
ML,123,-0.07993605256540559,-0.7427016937581002,-0.2325850012429399
ML,124,-0.15005668637844205,-1.553334763590226,-0.24145909195047865
ML,125,-0.18689884080495434,-1.5011306598326322,-0.336179110937342
ML,126,-0.08208941712554796,-0.632170448157993,-0.20937285228104674
ML,127,-0.008517479061421529,-0.022195657179175682,-0.1276182156360457
ML,128,-0.04975532405610572,-0.44188007334722906,-0.12821881813015334
ML,129,-0.09756304334620358,-0.7919516842766134,-0.2063423779364093
ML,130,-0.15017941438272375,-1.3741534432829556,-0.2660908725413178
ML,131,-0.11311267600588981,-1.2378343966496221,-0.21006709560241954
ML,132,-0.154835912782901,-1.3935562078381434,-0.2431293027331095
ML,133,-0.12029023764295788,-1.1957997607438637,-0.2453366732563418
ML,134,-0.15280078337528968,-1.2830027547277691,-0.3206745587164399
ML,135,-0.0728280472355548,-0.5589722104600515,-0.1303503283177967
ML,136,-0.14132115097835218,-1.30513084390981,-0.2798415810243843
ML,137,-0.15479692893430463,-1.2444937397701608,-0.3266711778351198
ML,138,-0.15889688491198495,-2.013125232672398,-0.29113005207362075
ML,139,-0.17653074477085806,-1.9777463028593143,-0.28609721456270454
ML,140,-0.03566736654947311,-0.2349381744762299,-0.10213642764344977
ML,141,-0.13041644549145703,-1.1192985865217795,-0.23028745049560162
ML,142,-0.10210400441042033,-0.7701962100005556,-0.21608797957709125
ML,143,-0.10157133749315772,-0.7606712296553743,-0.19564255984803725
ML,144,-0.08659464326303112,-0.7696713358733429,-0.18774522184143283
ML,145,-0.08482463190721956,-0.6666328973421352,-0.18641406502831837
ML,146,-0.1543072683997515,-2.0154256125611534,-0.29033817419374985
ML,147,-0.14140751110267769,-1.7611345911122172,-0.2626096806945307
ML,148,-0.07798948793217109,-0.8877081098514329,-0.16211143947375795
ML,149,-0.17197187146981707,-1.6758596495512006,-0.32408019412013045
ML,150,-0.19248627548396102,-1.8250653230333016,-0.346010313933109
ML,151,-0.1174940305255916,-1.0521513384205803,-0.19082233449832198
ML,152,-0.19053073741315174,-1.7565421793733038,-0.31725389115089886
ML,153,-0.10177934500137775,-1.0598212383976844,-0.22661109629290077
ML,154,-0.06037816649834904,-0.6304756910460593,-0.15494951045129346
ML,155,-0.09689634270156999,-0.7151220799122737,-0.15788331013373236
ML,156,-0.05792852798218362,-0.576796670369755,-0.14292579664868332
ML,157,-0.15363828868357032,-1.2228382172104466,-0.31992700631571924
ML,158,-0.07389071106706535,-0.8901852774993546,-0.14330898218776877
ML,159,-0.11986429206113658,-0.9390735630930553,-0.27811883674321347
ML,160,-0.07082456524842551,-0.49114859697293617,-0.13923529475466212
ML,161,-0.20315537901139158,-2.180309609064726,-0.34397898666069404
ML,162,-0.1544328321859546,-1.4301182173883333,-0.2544920682154268
ML,163,-0.12400694236640097,-1.2269232426652343,-0.2640693593234543
ML,164,-0.16475067153389877,-1.3329126531267708,-0.33779354217366664
ML,165,-0.14799027651280383,-1.4237544742824362,-0.26223633085079867
ML,166,-0.16885855093350877,-1.5976191268870497,-0.30289020591608706
ML,167,-0.1315357847238382,-1.2917882632807616,-0.25085708158066533
ML,168,-0.13140191442431626,-1.1880547283356597,-0.25078930688130874
ML,169,-0.12976225697730992,-1.3670835692171601,-0.24211786036565885
ML,170,-0.09234745598643668,-1.0544273813870386,-0.20015243605717725
ML,171,-0.17543375455456633,-2.0247387623748705,-0.3168518640918304
ML,172,-0.06476870321635686,-0.5327254098580324,-0.12801137755001069
ML,173,-0.10139743971580151,-0.9337016893055679,-0.24093562619943443
ML,174,-0.11550190053664366,-1.2358522719412652,-0.21641687659789155
ML,175,-0.09965387714149931,-0.964295453468366,-0.23995956067207835
ML,176,-0.03868949493506102,-0.2844056737696266,-0.16205986290259922
ML,177,-0.2040912621784572,-2.03791719257765,-0.34856222217464583
ML,178,-0.1644081994085922,-1.4465313224518341,-0.3018769168064136
ML,179,-0.1484945667215578,-1.6913624082606147,-0.2583493968097491
ML,180,-0.1444822167248988,-1.3518421823902542,-0.2572785098550996
ML,181,-0.06172807268348157,-0.6420818302812075,-0.12286246660428968
ML,182,-0.07581518648046703,-0.6786438771272971,-0.2272984391540579
ML,183,-0.12407313073325499,-1.0591188205001103,-0.27897796440534983
ML,184,-0.17265793102798455,-1.990574402913933,-0.27342380394368326
ML,185,-0.09312581476205128,-0.9412421002669382,-0.19179390097715887
ML,186,-0.11128166003771123,-1.1479192483753737,-0.19137058185183653
ML,187,-0.12799163151091386,-1.0301035989505476,-0.22789303169003017
ML,188,-0.1115626171373093,-1.0275726831183722,-0.24209402635505417
ML,189,-0.1278928077097654,-1.1507117267500595,-0.2413408893832688
ML,190,-0.11629027942944559,-1.1072709447921025,-0.2666488859730841
ML,191,-0.10883437012033303,-1.0333370691738644,-0.2942850472445364
ML,192,-0.22454880053965176,-3.228150660156225,-0.3968971986483155
ML,193,-0.04537128301992488,-0.3556106335899234,-0.16726926696063893
ML,194,-0.12492189539723708,-1.0363769137511911,-0.31538865294316343
ML,195,-0.14994840618788863,-1.6907743074376795,-0.2870010019988616
ML,196,-0.10383654635938744,-0.9521248591702131,-0.21720933565517875
ML,197,-0.11716878721073898,-1.0255205006329278,-0.21330453417407025
ML,198,-0.06784448726692827,-0.5481136740367971,-0.16086588396705803
ML,199,-0.16641000137942663,-1.6273357934266897,-0.3183217899649947
ML,200,-0.12892863261119225,-1.2125190410416569,-0.23795353183970658
ML,201,-0.16484737735916777,-1.9887554025200413,-0.2972953984304626
ML,202,-0.08009333913808303,-0.7283542435081374,-0.18383524026368558
ML,203,-0.06760394713520879,-0.6326796058100052,-0.14454381450806053
ML,204,-0.20324865716953922,-2.5906728798362475,-0.3441261661717355
ML,205,-0.1679493121744614,-2.0264053803099595,-0.26916482046624
ML,206,-0.046988970937893004,-0.4469855396674728,-0.15975579059167777
ML,207,-0.15233355271168214,-1.2695429309080364,-0.34711521940828005
ML,208,-0.12409921609834751,-0.9488404789372263,-0.2846952656341001
ML,209,-0.18177728076791655,-1.8349308750398694,-0.30001484709742554
ML,210,-0.07925004365266086,-0.6586504433294199,-0.1419573905911492
ML,211,-0.20587925966955578,-2.2239011113158575,-0.31475718150794896
ML,212,-0.17526608156709877,-2.2611124590607763,-0.28323874919508085
ML,213,-0.140249123812745,-1.3452139721675285,-0.2465022093986572
ML,214,-0.23621304254082653,-2.8539182006674206,-0.41219895102659754
ML,215,-0.14854138786026705,-1.2032177826272799,-0.27722447184907595
ML,216,-0.16531258391001358,-1.1257797187121148,-0.30285404439584274
ML,217,-0.14552377546711248,-1.3747960699178974,-0.263009156269464
ML,218,-0.13324348222120552,-1.1779804763354382,-0.23094880363712178
ML,219,-0.11387648274771256,-1.3249056352979989,-0.2232920288171314
ML,220,-0.11068955474201947,-1.0839666695436174,-0.2283160522762142
ML,221,-0.08597764392097762,-0.8056320610812824,-0.1838293687168524
ML,222,-0.0717470013075342,-0.8643601098783039,-0.14368665794098856
ML,223,-0.2082307578746363,-2.119468283838874,-0.3432544729999769
ML,224,-0.15374502150181124,-1.6139647508027033,-0.30842964300583353
ML,225,-0.19236447456801764,-2.539089307740117,-0.3521244991654706
ML,226,-0.17412416953131205,-2.291986879317379,-0.29740528201481153
ML,227,-0.11988165509905968,-1.2719102686189914,-0.2229923219344928
ML,228,-0.13902112294352176,-1.342827840018327,-0.25601671645850055
ML,229,-0.10520468652332327,-1.119586221615739,-0.24864694948826926
ML,230,-0.1136843759367604,-0.8189883239161747,-0.25095640343797065
ML,231,-0.1374124495152923,-1.4229769537207322,-0.2832245205376357
ML,232,-0.06810480539437336,-0.4921257964390813,-0.20930693409612944
ML,233,-0.062060052862650816,-0.4432372960044671,-0.2134225257032526
ML,234,-0.19891385432057873,-2.4309082786453553,-0.3696641803368027
ML,235,-0.15871518382494076,-1.6454764140834925,-0.30621009504389385
ML,236,-0.1740295359114471,-1.7966659251375918,-0.37609650225110747
ML,237,-0.11494534869750406,-0.9533696174001941,-0.23696202837238434
ML,238,-0.11050940432216272,-1.3127691470018414,-0.216844419506513
ML,239,-0.11556571905881141,-0.9565532062185502,-0.25847738015072785
ML,240,-0.09507116174344021,-0.8387777397737415,-0.19161143791077562
ML,241,-0.19513355769299956,-1.9134281120399623,-0.31668822719916534
ML,242,-0.10699783334183088,-1.1416506133415805,-0.24308049464837234
ML,243,-0.11117413104320284,-1.2067773314461678,-0.2520185452106267
ML,244,-0.1501761187888997,-1.5807756444604053,-0.2910797446348372
ML,245,-0.04243195869432781,-0.23841232416711539,-0.14759690550375593
ML,246,-0.08794044718912275,-0.6770422337592287,-0.25019491651578374
ML,247,-0.12513416821462353,-1.2465290935177242,-0.19219858535057266
ML,248,-0.16670179820369857,-1.4042134954199794,-0.30448104543080023
ML,249,-0.1017178395197198,-1.0485032026056145,-0.1628700632875445
ML,250,-0.18136331748471024,-1.7942365718542415,-0.3286355057266396
ML,251,-0.1678217823591851,-1.6657045159073829,-0.3150380942187412
ML,252,-0.23714148002996538,-3.0751880949477832,-0.43306667133355625
ML,253,-0.1653205209357188,-1.7291098411610728,-0.31509590670947996
ML,254,-0.07946837830022002,-0.7857644888449096,-0.13498070525776262
ML,255,-0.1368410805845527,-1.1186076413960624,-0.25673717618805436
ML,256,-0.15090251317653258,-1.4818347220401427,-0.2907333602728476
ML,257,-0.2214476898633625,-2.459751116794439,-0.356570990650358
ML,258,-0.16234945410739954,-1.7036036103250345,-0.3133680744479179
ML,259,-0.22544633315435125,-2.9097619251887727,-0.4000368530510846
ML,260,-0.1849212196204001,-2.0286004947526766,-0.3719160397067469
ML,261,-0.09339146689711819,-0.8571615592147973,-0.20449931760980333
ML,262,-0.15996436451398288,-1.4542808188143945,-0.2792714513897062
ML,263,-0.1575311062480449,-1.7453693125852017,-0.29067517428440226
ML,264,-0.14616663326329904,-1.2801942239532107,-0.21260295947799923
ML,265,-0.11121259985496401,-0.9820361414006012,-0.1990840018271749
ML,266,-0.16763789661987594,-1.8225324398343765,-0.3135736911149656
ML,267,-0.1361359426986284,-1.351717487062861,-0.24559908035330735
ML,268,-0.1226920746890523,-0.9754506835004497,-0.26709890092651656
ML,269,-0.16664853786114198,-1.3149635595220521,-0.3855016479053579
ML,270,-0.10689852792543808,-0.8644842083806313,-0.29173754163330823
ML,271,-0.0837247255536605,-0.696528346154482,-0.11635671049741758
ML,272,-0.22017541467692703,-2.841968032344718,-0.3705725203566378
ML,273,-0.14026909159815848,-1.6502651160202781,-0.2447688918013653
ML,274,-0.10412996519792261,-0.9188291802276598,-0.16717326540133215
ML,275,-0.02517794883104041,-0.17269128568219275,-0.168964833540303
ML,276,-0.14068680111353327,-1.455651704364786,-0.28286807439204553
ML,277,-0.16481561480198015,-1.980395826489324,-0.2601660726092524
ML,278,-0.16961136028072776,-2.096726733120538,-0.3218192396302878
ML,279,-0.17002466823935347,-1.6336540631701104,-0.2542323099220072
ML,280,-0.1982671241350481,-2.0703071614456414,-0.35508855594832556
ML,281,-0.1626232212460268,-1.7215099635761517,-0.28175621527484873
ML,282,-0.03785339017286227,-0.3575697636531997,-0.08660545508778406
ML,283,-0.16966626508200744,-2.405986419531439,-0.3116916724593477
ML,284,-0.1889722204120804,-2.403485820910762,-0.3117648165247283
ML,285,-0.05976856809339237,-0.3546535785403095,-0.18510932409151948
ML,286,-0.15055797577006524,-1.2702351420522082,-0.2683842267685087
ML,287,-0.15481464270661593,-1.6681046767690386,-0.26886418641132903
ML,288,-0.10697924769184686,-1.2108777414113034,-0.16220422013371494
ML,289,-0.11842567084218858,-1.082468185423886,-0.2020326721448047
ML,290,-0.07065643012394107,-0.6068036371229625,-0.1481163111016527
ML,291,-0.04402730336348015,-0.3052801670735191,-0.15345875808620457
ML,292,-0.15425521393164876,-1.4544126672927222,-0.24213225728562815
ML,293,-0.11177818788268079,-0.9709878378174369,-0.23171993903758525
ML,294,-0.19570286100110146,-2.3901639306377014,-0.3203234562860209
ML,295,-0.08162588310011687,-0.7228852521345299,-0.1741552742013398
ML,296,-0.12519222915979233,-1.261450267492637,-0.22105658761634417
ML,297,-0.18025982498944648,-1.7967670634377146,-0.365013367116505
ML,298,-0.23170383750606105,-2.6537593566308755,-0.37965525698432356
ML,299,-0.23192399960867882,-3.8678931494245923,-0.39152457605557145
ML,300,-0.03529207248442201,-0.23101161408035187,-0.11204211065144021
ML,301,-0.14274928092141448,-1.4379256904598312,-0.2222474630658553
ML,302,-0.11704093407503213,-1.1499994606884327,-0.26126344749867747
ML,303,-0.09607982088964984,-0.8246874308409824,-0.2323028420611407
ML,304,-0.1446760812599447,-1.3872062849918074,-0.2669202758695778
ML,305,-0.07559377652210564,-0.7004529737652115,-0.18886588347942912
ML,306,-0.16834868854685148,-1.2939872717648944,-0.313371794364119
ML,307,-0.15970946227089167,-1.468757645781433,-0.35219126533052747
ML,308,-0.2004335941551626,-2.754991035345917,-0.31945647280278255
ML,309,-0.1777281975592503,-2.1469071339291563,-0.32719581523648433
ML,310,-0.07168561367671533,-0.6928628252333178,-0.14257363886222618
ML,311,-0.14204648548334087,-1.5530560824155397,-0.2662735375941152
ML,312,-0.15311017176068187,-1.307547960241122,-0.3174744024955103
ML,313,-0.1709980980786231,-1.9396938955091403,-0.3669394241261088
ML,314,-0.10120352584069314,-0.8714680986678732,-0.1941265420974403
ML,315,-0.19573103980760398,-2.305956692552322,-0.311764270186499
ML,316,-0.09415411222185766,-0.7589162890273911,-0.24785689250742116
ML,317,-0.08386706483065631,-0.772169368608273,-0.19533890458503045
ML,318,-0.136289521695246,-1.1635503087973147,-0.2798881469759156
ML,319,-0.06056706286962088,-0.48050327579121366,-0.18780818134784294
ML,320,-0.14892688045455726,-1.4278659150197246,-0.3196027698590338
ML,321,-0.15380171322081904,-1.248527900840345,-0.3322867284802433
ML,322,-0.1785976761260687,-2.1370807632732585,-0.29479197070374696
ML,323,0.012858489933498696,0.18942309874093807,-0.0962704855347879
ML,324,-0.1104821677714134,-1.1187662992400231,-0.23587617522523852
ML,325,-0.07238178348715107,-0.4385091426432167,-0.20490121007238304
ML,326,-0.1349993086463812,-1.2444989703586251,-0.2776406521424416
ML,327,-0.1549623785480978,-1.525532473698353,-0.2994747829169935
ML,328,-0.12595321350342492,-1.4620372191174265,-0.19473474692716786
ML,329,-0.028509600338343155,-0.19895102114461896,-0.07556246255668408
ML,330,-0.17682686764891697,-1.6730459995574736,-0.355190705875815
ML,331,-0.10426650101103929,-0.8345193152302539,-0.17715522005616968
ML,332,-0.15431438842041856,-1.6787725190376666,-0.2923598180147433
ML,333,-0.013431736501796188,-0.071617111888531,-0.12804195457876344
ML,334,-0.07684431465153096,-0.6467843577404961,-0.23142506328142298
ML,335,-0.13046101848641212,-1.1208748202610819,-0.25221668844801326
ML,336,-0.15554867895706503,-1.6548147657033068,-0.2968088622479116
ML,337,-0.12993354219308872,-1.1865450959048884,-0.30039038840867727
ML,338,-0.15229542671687135,-1.7567062498171833,-0.3093685601445888
ML,339,-0.20735741658601115,-2.1981486883662567,-0.317199793002946
ML,340,-0.14180877518343282,-1.5255829962281349,-0.2731056287185124
ML,341,-0.2097692591067546,-2.3323509875780344,-0.38593384574583833
ML,342,-0.1627528372547049,-1.6811175763062736,-0.31400169548582224
ML,343,-0.10240044072515031,-1.0343395246802618,-0.166951601158417
ML,344,-0.14570289567142025,-1.5687587837700798,-0.2869763454169826
ML,345,-0.09958906722642691,-1.0739026728484073,-0.17677575414080215
ML,346,-0.15746423319330993,-1.7257356509381234,-0.26279851195301596
ML,347,-0.05163365957503552,-0.3711880603168291,-0.19913157317230845
ML,348,-0.1346820145759824,-1.3220396507272263,-0.25334430141894415
ML,349,-0.1875790917132527,-1.858867906319031,-0.30185421915130983
ML,350,-0.08897511648386913,-0.8941519245592275,-0.18526185145933993
ML,351,-0.1302628678004374,-1.3027200579852685,-0.24473245001390798
ML,352,-0.15642637853885788,-1.344202048248668,-0.2837377863195537
ML,353,-0.17676018078496958,-1.5550978820060608,-0.3504517021989476
ML,354,-0.11583664634769042,-1.17945128684734,-0.190085941445724
ML,355,-0.2167622333282051,-1.7882787163647873,-0.37379711446301755
ML,356,-0.17949807961996722,-2.28345979582229,-0.32141949446069085
ML,357,-0.18625128391441037,-1.5973026238388235,-0.3504290611787516
ML,358,-0.06226185098213288,-0.6392912155210927,-0.166569773074
ML,359,-0.14956204082990066,-1.3908013959593921,-0.28389449303085934
ML,360,-0.087662590646443,-0.9572216220507598,-0.19479441857483404
ML,361,-0.13857006022591523,-1.4764406673245776,-0.2688072663572437
ML,362,-0.1189920775200225,-0.8912955680001239,-0.23382934245740905
ML,363,-0.17984065571588104,-1.995106976344272,-0.316393888441059
ML,364,-0.20459864169167208,-2.063095029175955,-0.3567556319379348
ML,365,-0.1341681856017678,-1.3411182395334003,-0.26039853883589315
ML,366,-0.17136825077976137,-1.9045994752307773,-0.3147226294392641
ML,367,-0.20742537486775037,-1.8005287521269364,-0.37139102369439136
ML,368,-0.10857720310734076,-0.8860447141243494,-0.20822649683305938
ML,369,-0.20619958321240028,-2.3121448390238397,-0.3152868609331335
ML,370,-0.13539378373459376,-1.5700895823465837,-0.19771814485202033
ML,371,-0.14035314457207448,-1.7578045951215835,-0.22200075353138027
ML,372,-0.16929313403451784,-1.365208051821897,-0.3320013996548321
ML,373,-0.21193436802805554,-1.9372929866519464,-0.3414173747201048
ML,374,-0.16317407371037684,-1.4783607692773963,-0.2963838656061951
ML,375,-0.13514077972092953,-1.2379538739502658,-0.23961686207778843
ML,376,-0.15331878152637224,-1.3541619391404875,-0.2665876936965724
ML,377,-0.09504447369447133,-0.8326574886206245,-0.16639805363394744
ML,378,-0.19544633375067744,-2.1077684897749114,-0.36310537936786047
ML,379,-0.16272001967911986,-1.6360083049316065,-0.2817779974691069
ML,380,-0.18600598474444607,-1.9885429681363558,-0.3401176768126588
ML,381,-0.13623300549153183,-1.004626416715447,-0.23774499282909423
ML,382,-0.0702999460284841,-0.6996040612187334,-0.14339297149472408
ML,383,-0.18359852268823762,-1.6900906634347195,-0.2952832287835019
ML,384,-0.11532948797750875,-0.9010906384151909,-0.21527125712120143
ML,385,-0.136759295820303,-1.357755485916691,-0.2177255914088544
ML,386,-0.219075635154811,-2.662156137594065,-0.3821418429439548
ML,387,-0.1260532791693566,-1.584326910143685,-0.19986902770813986
ML,388,-0.16256672681372508,-1.4506130136166966,-0.2600763098742712
ML,389,-0.0929592654089566,-0.8870934472598564,-0.25792914591169
ML,390,-0.22383616378559712,-2.240107267310901,-0.3791847759080176
ML,391,-0.11672368395402766,-0.8928587508294917,-0.23829856182926246
ML,392,-0.2131327760736027,-2.099537935748747,-0.4074344236187363
ML,393,-0.13410605573354695,-1.129083146359925,-0.23787226058990263
ML,394,-0.0769645074368428,-0.5448357005340231,-0.16340627184767553
ML,395,-0.1595108629639167,-1.6921112183597218,-0.2795677103267017
ML,396,-0.08915862610381275,-0.7694184936127554,-0.23279274631522795
ML,397,-0.15265535905978578,-1.7419319954642047,-0.31456642604378426
ML,398,-0.11957543819953642,-1.0224866458761537,-0.20954292965415788
ML,399,-0.13164496457827213,-1.2281389007416983,-0.242400607519336
ML,400,-0.14845608959379364,-1.3123897005548673,-0.2610012081325098
ML,401,-0.08532259700868738,-1.0245395363960836,-0.17483763946617292
ML,402,-0.1385446703816643,-1.3411408926326438,-0.2743083121334827
ML,403,-0.06580003474728946,-0.42457941215823414,-0.1600538577346743
ML,404,-0.04635034230266477,-0.4766050724087555,-0.09770267939658606
ML,405,-0.16829681033108945,-1.4045905986454315,-0.30381420139770743
ML,406,-0.10645172401613978,-1.067201289923176,-0.19269448427588776
ML,407,-0.13308118659714108,-1.066220356124179,-0.32696827780672566
ML,408,-0.17686625266953182,-2.1214363200443946,-0.299588591431755
ML,409,-0.1499610028872227,-2.048698158967268,-0.2490294188807448
ML,410,-0.1779323419500468,-1.918028491630104,-0.3088388081536141
ML,411,-0.19598666014499844,-2.167199992645497,-0.37322313536893104
ML,412,-0.14494793726107735,-1.3823773759992313,-0.23269625348970768
ML,413,-0.15305753561462732,-1.821492783265212,-0.27274684245529546
ML,414,-0.1416010217798569,-1.4251832364000945,-0.2259039882346381
ML,415,-0.10618773923429381,-0.9187680575651115,-0.21908153792846918
ML,416,-0.11810097347512871,-1.0100617020895222,-0.23058261814740166
ML,417,-0.06010192309441653,-0.44242978764049046,-0.16225712473775578
ML,418,-0.14220957837298942,-1.1982682967988356,-0.2580385254135128
ML,419,-0.19972243038841908,-2.2186967168845224,-0.36220225472593603
ML,420,-0.07800749617348113,-0.6026262747039158,-0.1670872487265469
ML,421,-0.15313084517680653,-1.8468594348087242,-0.28809215978960967
ML,422,-0.06369444550293013,-0.396123039097114,-0.14896130611418923
ML,423,-0.1458848515790856,-1.268882676105984,-0.30189296219547435
ML,424,-0.08298309534932702,-0.6765091081967954,-0.16408194150914424
ML,425,-0.0998433948815306,-0.9227078378681068,-0.1932912362063447
ML,426,-0.14791041402310756,-1.8608429330270395,-0.2455533438459654
ML,427,-0.11459004655891425,-1.043207818132596,-0.284151695658315
ML,428,-0.1544006130134158,-1.5018049640866087,-0.2683827581883219
ML,429,-0.09996327003938643,-1.0467855481843718,-0.21530884083055157
ML,430,-0.1953891200992789,-2.0967085258374727,-0.3300572952608385
ML,431,-0.09958092070384483,-0.7586611461230535,-0.3187453866912784
ML,432,-0.06801864504863409,-0.4574249202362222,-0.21225833270476557
ML,433,-0.10227856114407541,-0.7806721280916261,-0.21426664467221945
ML,434,-0.20212394551544888,-2.082109544319865,-0.32561391285225383
ML,435,-0.04791681151422367,-0.3971672646319653,-0.12475414353824754
ML,436,-0.21942039948562453,-2.149431862251894,-0.3733315693134668
ML,437,-0.21623411844702822,-3.0618964091734817,-0.3692406520692497
ML,438,-0.001717397008707433,0.04273197142516406,-0.12465043217297078
ML,439,-0.18877206595400764,-2.506104600775818,-0.3210952986322836
ML,440,-0.08807273533249949,-0.7696010320500782,-0.24080232962146053
ML,441,-0.09026416142655269,-1.1616836996967415,-0.14522950205472296
ML,442,-0.10421575152996565,-0.9015022864209921,-0.2119535630414373
ML,443,-0.17600610080403567,-1.9493393689839733,-0.3525547360527641
ML,444,-0.25041778323940234,-3.1479428047814024,-0.3865221268777822
ML,445,-0.10946959851776328,-0.9554876141921405,-0.2186922741625209
ML,446,-0.11082752562477738,-0.8415526242612944,-0.231457588820013
ML,447,-0.13363459280282164,-1.1223948180470793,-0.2505556552013438
ML,448,-0.23520667764915948,-2.8270621737036237,-0.3992691662512885
ML,449,-0.07617127397874701,-0.931489424598395,-0.1787290572683916
ML,450,-0.2241898541505467,-3.2585842016851614,-0.3576831275032696
ML,451,-0.17970926192968717,-1.9949806901877296,-0.3097761427124288
ML,452,-0.12325312316570369,-1.5226428046739615,-0.2417060049385923
ML,453,-0.08201376082312362,-0.4587551099906731,-0.23936792341681234
ML,454,-0.10064520619354855,-0.8970859236447832,-0.2091627477233139
ML,455,-0.1737540002514717,-1.7110343164198123,-0.2984416483579494
ML,456,-0.18425105949576992,-2.168755999401815,-0.3289843213202328
ML,457,-0.14589804280153562,-1.3971648601540303,-0.25179935930576525
ML,458,-0.18772676938455046,-2.205930810634546,-0.3127137703079387
ML,459,-0.09324100133261726,-0.8454540951579775,-0.20069430745654704
ML,460,-0.1600665618351642,-1.8848101543920808,-0.2558365057549432
ML,461,-0.1384171452011299,-1.8153269741611435,-0.2548643370004121
ML,462,-0.1242281592628478,-1.2728739661539041,-0.25016783940941256
ML,463,-0.11187524102776036,-0.8475949311231948,-0.16792300290710593
ML,464,-0.16189017424161833,-1.7658770356440747,-0.301785534283737
ML,465,-0.06473920363576524,-0.5985582950739656,-0.14422509309204923
ML,466,-0.14621502167380818,-1.3793376019237968,-0.27598913778099476
ML,467,-0.1538973050617758,-1.4806257476746172,-0.29857480323337926
ML,468,-0.14144162204459187,-1.31344241351653,-0.30101902472468345
ML,469,-0.05875990536070941,-0.6234935275918733,-0.1488058619884287
ML,470,-0.18781502923313576,-2.1594502445587356,-0.3047298796894876
ML,471,-0.09018828359571895,-0.8097130325183057,-0.20986644878776772
ML,472,-0.14458804079121101,-1.3671108628445845,-0.29291039687609144
ML,473,-0.07371291303593919,-0.8457939151046109,-0.1503631386156662
ML,474,-0.12537291385816007,-1.680618201024438,-0.2520089766406156
ML,475,-0.0730989381903443,-0.5803631209536395,-0.16608932055508419
ML,476,-0.18350741471516474,-2.0213125955650124,-0.32658048447857
ML,477,-0.17180649981267704,-1.6389487076160392,-0.2774649067214634
ML,478,-0.14227495234154552,-1.472774278211331,-0.28688608464691645
ML,479,-0.1613032324582404,-1.5698944239992279,-0.2955502919217643
ML,480,-0.16379397653103112,-1.4096698383709017,-0.36260874716971003
ML,481,-0.14876037433151212,-1.4502365025294546,-0.26670016148110687
ML,482,-0.1355443743540221,-1.580921263907551,-0.26912353009182044
ML,483,-0.12604798942586304,-1.0858438159368562,-0.22064341838973045
ML,484,-0.15728580755906374,-1.6134643382680813,-0.3484701214857716
ML,485,-0.13384656306277598,-1.2998027584849219,-0.29962573866420794
ML,486,-0.17662988969438598,-1.6417894134377333,-0.31450189357688607
ML,487,-0.1278800896452822,-1.193067435807056,-0.27911116077639553
ML,488,-0.16992952501475744,-1.688790730918761,-0.3123979582072167
ML,489,-0.04861698783055446,-0.3733631139273238,-0.10750380668316917
ML,490,-0.1892246942152671,-2.060690983808076,-0.2869478790380564
ML,491,-0.17643101855852006,-1.5782619947844545,-0.34308589624391206
ML,492,-0.18815343941996598,-1.8309171489953595,-0.3197113131181917
ML,493,-0.1218988442409139,-1.4116421685777412,-0.2097849156428644
ML,494,-0.24785369449737316,-2.8546349325979654,-0.4022768577445467
ML,495,-0.10332236703151565,-0.7443467800154985,-0.22533744831141822
ML,496,-0.23299430023763834,-3.5012222877518124,-0.4200585985750205
ML,497,-0.21053812859332133,-2.86758030118541,-0.3586382473543631
ML,498,-0.09977314680936178,-0.7942419936539584,-0.24015252517807462
ML,499,-0.12974498926885603,-1.1854829933266209,-0.22673329064761638
Equal weight,0,-0.11736834828247433,-1.3918480213599422,-0.17951106678646023
Equal weight,1,-0.07353338201323834,-0.7462862793471068,-0.13613520101140997
Equal weight,2,-0.049783984339204834,-0.4677706880568976,-0.16962728304402064
Equal weight,3,0.015268171576239054,0.31318199394311524,-0.03291666567080831
Equal weight,4,-0.10626517358946119,-0.906742691857518,-0.21086925969842907
Equal weight,5,-0.060668825974528606,-0.5539267114080864,-0.10222910064630342
Equal weight,6,-0.03427058876454481,-0.41594839519281673,-0.108384158572575
Equal weight,7,-0.04538518089842081,-0.3368777691851783,-0.16808760043415383
Equal weight,8,0.029366620846694502,0.34457917458828247,-0.08752283640131253
Equal weight,9,0.0054589848354476,0.1127080954023561,-0.11781075214513148
Equal weight,10,-0.08929236802731622,-0.8078731317283717,-0.22363477201883997
Equal weight,11,-0.04826254861922841,-0.3594928596374563,-0.1788519188383696
Equal weight,12,-0.09960024354221686,-1.2127791783771567,-0.2163093426333672
Equal weight,13,-0.04132320478517182,-0.4497006501403895,-0.12230278514627879
Equal weight,14,-0.05680798352234673,-0.8250621033702219,-0.1440823762408613
Equal weight,15,-0.0953817667432435,-1.228192775797506,-0.19273241899858018
Equal weight,16,-0.03911657622242348,-0.6657557300607254,-0.10040722889066356
Equal weight,17,0.040694835351419156,0.4607576060669038,-0.07727195421539546
Equal weight,18,-0.0740814748283738,-0.563791643114408,-0.22361587128692284
Equal weight,19,-0.02557062301717883,-0.2136843754420999,-0.11781075214513137
Equal weight,20,0.04277946057419646,0.5177849443686071,-0.06599058642238564
Equal weight,21,-0.11927345224940589,-1.350452005115376,-0.27875547633482634
Equal weight,22,-0.09870751104390285,-0.8545039778069199,-0.18151222919654109
Equal weight,23,0.02956781991702262,0.4839384291774346,-0.0431826119440315
Equal weight,24,0.0375193603794477,0.3733601068090486,-0.11159411402423847
Equal weight,25,0.03368306390958575,0.345229799324325,-0.08752283640131275
Equal weight,26,0.02242280755543935,0.2969752627816899,-0.0769526604165719
Equal weight,27,-0.12090497979164383,-1.2798413720242967,-0.2351444141807345
Equal weight,28,-0.005185425166993829,-0.04135485664808749,-0.07824048405598116
Equal weight,29,-0.033151781501190025,-0.36845380804931427,-0.1203399307542059
Equal weight,30,-0.08493928142673435,-1.3882355851573505,-0.17597019965701666
Equal weight,31,-0.07942499714205009,-0.9846144940885798,-0.16975541008771766
Equal weight,32,-0.0814212461515027,-0.8192985816263711,-0.20990832069797605
Equal weight,33,0.07811337363031834,0.9125885135622023,-0.0448859810436546
Equal weight,34,-0.0024953902806279515,0.015856537601058263,-0.08267760855088935
Equal weight,35,-0.016111609223529166,-0.12985008442507873,-0.09756594784512873
Equal weight,36,0.06753935007728806,0.7385867058863141,-0.05646480379933494
Equal weight,37,-0.12072755265043089,-1.0761355234063763,-0.23899656745831088
Equal weight,38,-0.02135346598997434,-0.2578432419735439,-0.11969485416133097
Equal weight,39,-0.10439547191434795,-0.9561621036749756,-0.18315731533879454
Equal weight,40,0.00780815321865691,0.12172548410226224,-0.13034077021976986
Equal weight,41,0.02866836570111797,0.4188545594190327,-0.08752283640131264
Equal weight,42,0.05722586729528545,0.5541134181914497,-0.09560822299737648
Equal weight,43,-0.04843793811586583,-0.31058654399127,-0.14939921123609234
Equal weight,44,-0.01525305803952659,-0.053995243669232786,-0.19240731788108922
Equal weight,45,-0.03848319721960558,-0.24521673815396958,-0.18000542930736274
Equal weight,46,-0.03894722597319056,-0.30620997887680657,-0.08752283640131253
Equal weight,47,-0.060904102890373846,-0.4152254381009366,-0.14794970934437446
Equal weight,48,-0.16882720057008893,-1.610465031317811,-0.2807763893524733
Equal weight,49,0.00178045529773585,0.06643313743543011,-0.1479168145802544
Equal weight,50,0.07841936001075966,0.7727298242413752,-0.06502655339726549
Equal weight,51,-0.09008643509407499,-0.7887378500780002,-0.1749119929596109
Equal weight,52,-0.03904345767177586,-0.27096816890036085,-0.1528261932838032
Equal weight,53,-0.13371704979530485,-1.5527282839265772,-0.2546679306177494
Equal weight,54,-0.08911473466871667,-0.9261461148905566,-0.19300095802758477
Equal weight,55,0.06118035271371647,0.5887793404258673,-0.058886633087875895
Equal weight,56,0.004659277876802648,0.09529707365598099,-0.11591141553034134
Equal weight,57,-0.13430183248025795,-1.8580041557079972,-0.2590600008662104
Equal weight,58,-0.08176450172428795,-0.6693206690448895,-0.1762347485453013
Equal weight,59,-0.0963229448897317,-1.1429830526603517,-0.23033775044083504
Equal weight,60,0.061949342908770966,0.7335072927529113,-0.10021117690253734
Equal weight,61,-0.045341000422371214,-0.3670477788817079,-0.14220779841842324
Equal weight,62,-0.05460863837692498,-0.42150197291102914,-0.10395365191925043
Equal weight,63,0.09265023115866233,1.004595097844049,-0.0650265533972656
Equal weight,64,-0.07549476246442444,-0.5765909266861343,-0.20360955670775427
Equal weight,65,0.005760077006072173,0.1047829266831759,-0.08580003721201512
Equal weight,66,-0.08046525652700032,-0.6657718934010163,-0.16954526112747614
Equal weight,67,-0.1308442953578698,-1.876321640316406,-0.2516237448080696
Equal weight,68,-0.05896056890394008,-0.7534914682863821,-0.1402477748016615
Equal weight,69,-0.008241432866414322,-0.004739870391606869,-0.1348176826287275
Equal weight,70,-0.04488265333025809,-0.4209745716187726,-0.17672993284546934
Equal weight,71,-0.019845404439623127,-0.14225634301985893,-0.11293093100761975
Equal weight,72,-0.18301041861291545,-1.5489510699362623,-0.328088362339937
Equal weight,73,-0.1755761458269175,-1.5748882091475396,-0.3290538823469251
Equal weight,74,0.05669185313574676,0.6559272241344787,-0.0807905932107238
Equal weight,75,-0.004962827124428748,-0.03489191696889331,-0.09853352921453928
Equal weight,76,-0.04067499162160171,-0.32728080336069343,-0.1450106606336573
Equal weight,77,0.0025894970880437906,0.07062225975155148,-0.09176199199285007
Equal weight,78,0.10490086094213025,1.5605576230079259,-0.04150869251068223
Equal weight,79,0.02394900995178184,0.2898352694742617,-0.09498194207704735
Equal weight,80,-0.027995873297182894,-0.20592394917920656,-0.15933761786322398
Equal weight,81,-0.04952322306045309,-0.47784363962244863,-0.15754423442787013
Equal weight,82,-0.08717574081093515,-1.0234950965551093,-0.16582995960748104
Equal weight,83,-0.10764250552670507,-0.8841122674899274,-0.2084352841517214
Equal weight,84,-0.07499584409236226,-0.8447738932022184,-0.1968193344708653
Equal weight,85,-0.015250831302045187,-0.09515133140910151,-0.07944384169797403
Equal weight,86,-0.05818014712215103,-0.37434221692157654,-0.18193679289539044
Equal weight,87,-0.114249118677893,-2.0034061284764433,-0.20834968167321433
Equal weight,88,-0.0771046252194576,-1.163434101996065,-0.10745764860995732
Equal weight,89,-0.029696702493304805,-0.25520359855079666,-0.10827177858252768
Equal weight,90,-0.19085513865452586,-1.9649738798468337,-0.32550305872769936
Equal weight,91,-0.07387489761064558,-0.7571110316398385,-0.15453692669942853
Equal weight,92,-0.016530699725071485,-0.10643849671303364,-0.12461144985673855
Equal weight,93,0.07315930496946876,0.8120656232489182,-0.06324059690910844
Equal weight,94,-0.08572317332666779,-0.8399018466891182,-0.1754004951374657
Equal weight,95,-0.03574875286671608,-0.2565913083996601,-0.0997545677567303
Equal weight,96,-0.062028203911402624,-0.4602258305150742,-0.22485492254312123
Equal weight,97,-0.1158981608307097,-1.0802735088136324,-0.22500663386964892
Equal weight,98,-0.11325535308341106,-1.5147982570441938,-0.2316687936687467
Equal weight,99,0.09263684278052398,1.0398580098913444,-0.046435384857050455
Equal weight,100,-0.07320728767361973,-0.636148609455115,-0.1410959198112337
Equal weight,101,0.0047266044723977,0.09700263757176074,-0.1383504277471974
Equal weight,102,-0.14481389248118381,-1.4759410922951484,-0.24042302854962705
Equal weight,103,-0.13230372183806272,-1.2535412631159886,-0.2554620735297848
Equal weight,104,-0.1478078886575549,-1.661199113502616,-0.2793685885894378
Equal weight,105,-0.13443509111920382,-1.1558997387156562,-0.27902635162600187
Equal weight,106,0.0710508261064915,0.6638909372389182,-0.04488598104365449
Equal weight,107,-0.0877438024111612,-0.6801141921911964,-0.19713330375082405
Equal weight,108,-0.11302990315189332,-1.2038290138842545,-0.22617601982903957
Equal weight,109,-0.10022729718890666,-1.542551452807966,-0.17340242411765328
Equal weight,110,-0.11115064231882221,-1.3595048800094156,-0.21879544514448102
Equal weight,111,-0.05459449232414726,-0.4811677396047379,-0.11592261761767786
Equal weight,112,-0.12463023592319211,-1.3661503552626408,-0.2504003109949844
Equal weight,113,-0.06639294871137824,-0.9450616035515177,-0.142599560763358
Equal weight,114,0.05902805964701785,0.7648327474834178,-0.04636432565457671
Equal weight,115,-0.021099962343079315,-0.13323707611176278,-0.07488275377776599
Equal weight,116,0.013670855657496261,0.2067809644082494,-0.05985384402234162
Equal weight,117,-0.04971515996164111,-0.5368506372555752,-0.11318227961210192
Equal weight,118,-0.08257252614469834,-0.6135809584931652,-0.170880624652064
Equal weight,119,0.04497935087115157,0.6515924157769848,-0.04488598104365449
Equal weight,120,-0.0281883132002011,-0.22398624337361595,-0.12027415429303134
Equal weight,121,-0.023661393516402507,-0.19229561360298233,-0.11786494021919747
Equal weight,122,-0.05539042027657648,-1.0623281415305241,-0.06827033764011281
Equal weight,123,0.05694461714080257,0.8243938542550776,-0.04522609816238499
Equal weight,124,0.043528166013233616,0.6237183296513493,-0.0448859810436546
Equal weight,125,-0.11307460991068352,-0.8908991269363129,-0.24200237011530346
Equal weight,126,0.06072348222228552,0.7941912953265909,-0.04636432565457682
Equal weight,127,-0.11630022224651337,-1.236599408554132,-0.25385152049534165
Equal weight,128,0.006778027724295255,0.12231251414922813,-0.10561775303508592
Equal weight,129,-0.04731101376655866,-0.3710243638758273,-0.147961442699173
Equal weight,130,-0.05912575842842882,-0.7325855539487717,-0.13692445847913104
Equal weight,131,-0.01640736563918266,-0.09727463946387589,-0.11690020503824461
Equal weight,132,-0.0235722013734323,-0.25924753354619523,-0.13148802962003747
Equal weight,133,-0.042187613435658466,-0.33939823598414565,-0.12965733597706575
Equal weight,134,-0.05195785483316728,-0.7783012641774865,-0.11569472866659813
Equal weight,135,-0.019150811844979465,-0.060773469828103804,-0.12680264512680073
Equal weight,136,-0.0021271725424016896,0.009494983282523555,-0.08752283640131264
Equal weight,137,-0.0851851701941645,-0.7531164480138132,-0.17894559597498993
Equal weight,138,-0.02853754836142608,-0.18379188744377736,-0.1182555153127256
Equal weight,139,-0.004112516563256063,-0.006026653667460779,-0.07179873627855493
Equal weight,140,-0.10968671671292807,-0.9731134980439468,-0.19945029994129515
Equal weight,141,-0.0320742833783757,-0.45262148532486757,-0.08777997224287137
Equal weight,142,-0.006234653709526694,0.00954871605797197,-0.1033841815536306
Equal weight,143,0.00917009675048397,0.14988510446911318,-0.12165466076550357
Equal weight,144,0.005423782232938379,0.10187117139441568,-0.14390357601481785
Equal weight,145,-0.09284818059168498,-1.2132097270416793,-0.20151386888753042
Equal weight,146,-0.009161161938471829,-0.023133444445970944,-0.13896606596021654
Equal weight,147,-0.04693944855665344,-0.4026316632214219,-0.16020090342555326
Equal weight,148,0.00314203059674667,0.0783664825586443,-0.11689583010542548
Equal weight,149,-0.041979486483964656,-0.4568167843026486,-0.10210685839074451
Equal weight,150,-0.013378673963279852,-0.04280393005533828,-0.12280115423384275
Equal weight,151,-0.02609825062551674,-0.19294497571219957,-0.1627382063623678
Equal weight,152,0.016960572160133802,0.24970861968687647,-0.05266386955119129
Equal weight,153,-0.007443396822769399,-0.010056393084939844,-0.1110907752709388
Equal weight,154,-0.012102333356304507,-0.05325307253895966,-0.14905504304176664
Equal weight,155,0.010374718280897754,0.14089533392223755,-0.09915871577590551
Equal weight,156,0.05121696714733104,0.5659991419666385,-0.07648727041384296
Equal weight,157,0.044923042864961404,0.5077589462955101,-0.05646480379933483
Equal weight,158,-0.06388742575071849,-0.5309451483753665,-0.1376605738982768
Equal weight,159,-0.12964466479773362,-1.1673441360305497,-0.24145331984988472
Equal weight,160,-0.026129707632318477,-0.20839638264177013,-0.135104376358821
Equal weight,161,-0.09261981777497386,-0.8215868265951938,-0.17710159258560776
Equal weight,162,-0.09185733716299138,-0.9977987723932535,-0.20952089198913448
Equal weight,163,-0.004496366916577843,-0.02137054221031095,-0.08752283640131264
Equal weight,164,-0.03709338453993327,-0.3025160392060114,-0.16738542591089434
Equal weight,165,-0.10993606370129583,-1.0025284318588112,-0.18185772107659404
Equal weight,166,0.024033899369091172,0.3071723339358998,-0.0448859810436546
Equal weight,167,-0.03689083978551022,-0.5213422353467035,-0.12811859464557507
Equal weight,168,-0.0884309550393072,-0.8833506672650051,-0.19201989350820525
Equal weight,169,-0.004258575741612702,0.005976202558463686,-0.11591700864249799
Equal weight,170,-0.036935592457955635,-0.4096507348713746,-0.15544561946122581
Equal weight,171,0.07018677568693032,0.5601119182218001,-0.10956442491325469
Equal weight,172,0.06237508703115058,0.5679183380109593,-0.08752283640131264
Equal weight,173,0.08481755169871286,0.7647713256218732,-0.10849852334464716
Equal weight,174,-0.055371511204724944,-0.5291510472228501,-0.1919151810916746
Equal weight,175,-0.014292603951609695,-0.09106607430151765,-0.10021117690253722
Equal weight,176,-0.005726769316309888,-0.028235318111091222,-0.06275499673828122
Equal weight,177,-0.01253050332508332,-0.05865715142280173,-0.12071334688149238
Equal weight,178,-0.007731071999259598,-0.026486114545209594,-0.1550596341256586
Equal weight,179,0.003057512861707634,0.07807799864225734,-0.10106869370744631
Equal weight,180,-0.07079696543095015,-0.46704072509835926,-0.17535839755369476
Equal weight,181,-0.07642069605085622,-0.7914200528141828,-0.13431791286531747
Equal weight,182,0.07493097956699035,0.7865539313698153,-0.07124275072238806
Equal weight,183,-0.10956025132047253,-0.9966815694478921,-0.24116863334209715
Equal weight,184,0.07192500841334759,0.8984129914812636,-0.04488598104365438
Equal weight,185,-0.12294684980470172,-1.3551699786557212,-0.22926206594430243
Equal weight,186,0.012352831659945274,0.1915828409914236,-0.07127054615220985
Equal weight,187,0.028196124762527974,0.37278999744454316,-0.09773638820994945
Equal weight,188,-0.03215933265098192,-0.25415344479012686,-0.13274013542256546
Equal weight,189,0.02368766117449672,0.2786672155334391,-0.06423246893905987
Equal weight,190,-0.09913042107956116,-1.224751847505882,-0.22623114613579387
Equal weight,191,-0.17087994627164704,-1.3587102075064923,-0.2991101940697709
Equal weight,192,-0.1031798769618183,-1.6363221116054605,-0.17965330341467867
Equal weight,193,-0.05384819955923836,-0.5396197766656516,-0.1683582672987849
Equal weight,194,-0.009743919874405815,-0.036549594491314855,-0.12442483564091777
Equal weight,195,0.06402038380797981,0.6130340899855491,-0.05646480379933494
Equal weight,196,-6.3931007785345e-05,0.05649658715858209,-0.10313337474677808
Equal weight,197,-0.033552479558349835,-0.4850542535870907,-0.12800898614771228
Equal weight,198,-0.038811270985268376,-0.33908411917799575,-0.21225694259261696
Equal weight,199,-0.14575070300923376,-1.7438493867448548,-0.2868951282485094
Equal weight,200,-0.04004982242092536,-0.33416065652235566,-0.15929504025234442
Equal weight,201,-0.1343036855527452,-1.8210236085540281,-0.2576932135952783
Equal weight,202,-0.05521637380768207,-0.37539693076974373,-0.1456081362572107
Equal weight,203,-0.058830654652303416,-0.6254898820105232,-0.17080057511208158
Equal weight,204,-0.07263404602751389,-0.7965298267831954,-0.1294813659824302
Equal weight,205,0.009602695005983986,0.16677847068302748,-0.10931376962455508
Equal weight,206,-0.11139468671928487,-1.1083100751413621,-0.25649101459405577
Equal weight,207,-0.08587860963408422,-0.7903794033026379,-0.18122362202424047
Equal weight,208,-0.0487113351471945,-0.6992289234361962,-0.12928488305314279
Equal weight,209,2.191113772243014e-05,0.056188834641831636,-0.10007694368864317
Equal weight,210,-0.05044201832979989,-0.42832980710548263,-0.16850820007148426
Equal weight,211,-0.10974400352125369,-0.9264950907963615,-0.20896740746791198
Equal weight,212,-0.002632229918174245,0.014261662963519555,-0.1085991741535367
Equal weight,213,-0.00981389888748252,-0.002470994878714312,-0.14708632823160683
Equal weight,214,-0.0059626321293949625,-0.0037003171670960647,-0.1242699306769195
Equal weight,215,-0.1112121252350119,-1.1144162788465555,-0.1818475352250275
Equal weight,216,-0.11870937674702742,-1.0283096942294636,-0.2522542364531528
Equal weight,217,-0.08893152351872002,-1.1127660657355103,-0.1989451613286196
Equal weight,218,-0.04733207156965569,-0.28760904612318444,-0.18221970793664544
Equal weight,219,0.06012426513557623,1.5224080762078473,-0.016922318000108905
Equal weight,220,-0.020477802045891447,-0.17821536755775097,-0.1316423984335452
Equal weight,221,0.016429467645187934,0.2513025633308791,-0.09146806956733922
Equal weight,222,0.019937208412030172,0.22842614408448791,-0.12185002501767372
Equal weight,223,-0.11630774725078397,-1.5203130740219257,-0.21187244510211167
Equal weight,224,0.061256679563979954,0.7280239743645673,-0.06500433295284502
Equal weight,225,-0.065464249266029,-0.7741554502839683,-0.16529133808023544
Equal weight,226,-0.08416623219076536,-0.6907118398762551,-0.15609058299851375
Equal weight,227,0.035316812156309885,0.40603616314432134,-0.08752283640131264
Equal weight,228,0.007135194699866787,0.1176176365535819,-0.09983594285931363
Equal weight,229,-0.003014077898818468,0.01545459390688312,-0.12554799941101513
Equal weight,230,-0.06494850101827176,-0.8016478583480869,-0.177530600647001
Equal weight,231,-0.07492172673917574,-1.0426031272746017,-0.155433751204754
Equal weight,232,-0.002424557638865621,0.012892788508394131,-0.08752283640131264
Equal weight,233,-0.1537064231541886,-1.6494303507644126,-0.29276244968957343
Equal weight,234,-0.10042122189532177,-0.8332479996206735,-0.18508948093035504
Equal weight,235,-0.02792852845909688,-0.34716154355593765,-0.1394145494222374
Equal weight,236,-0.07241815715667976,-0.7130070691563144,-0.152247174964396
Equal weight,237,-0.013034532037581426,-0.09512839505301889,-0.08947162467758418
Equal weight,238,-0.06312021576362281,-0.47580691702350536,-0.23458294960186887
Equal weight,239,0.045866497623392455,0.6053563473097755,-0.08041300422497955
Equal weight,240,0.006195255951335854,0.13130179365841413,-0.0569596769911378
Equal weight,241,-0.15840758808149535,-1.3607651063589972,-0.26079443465889685
Equal weight,242,-0.014374964104250765,-0.07390601948861458,-0.16349166104419277
Equal weight,243,-0.08037198832800185,-0.5894711633049756,-0.20163744523458027
Equal weight,244,-0.008419357142597561,-0.06103467037489242,-0.07580112780516435
Equal weight,245,-0.02150625990391397,-0.15557580048248626,-0.13400914004325748
Equal weight,246,-0.09805961507523109,-0.8095964166714875,-0.2420096655613435
Equal weight,247,-0.06111925191808998,-0.5274667389498731,-0.16264759395859052
Equal weight,248,-0.0879062298576353,-0.8783490340206512,-0.21447918167980484
Equal weight,249,0.04731974908901515,0.4949773504994365,-0.07899228967203908
Equal weight,250,-0.0633903885458974,-0.6374455127324073,-0.1280989262492419
Equal weight,251,0.006379729527489886,0.11304565001942674,-0.09667764494324238
Equal weight,252,-0.04266030993920622,-0.5746468361892746,-0.09957552362840727
Equal weight,253,-1.691319521368584e-05,0.04427051362403793,-0.08626644830943231
Equal weight,254,-0.08296611589343161,-0.645932813343266,-0.16485267758143418
Equal weight,255,0.061035863338617435,0.5565633632802418,-0.08752283640131253
Equal weight,256,-0.027967240587702613,-0.21387076724028548,-0.09327475451966305
Equal weight,257,-0.07346940731602214,-0.7973642842364672,-0.1370200263277278
Equal weight,258,-0.007246289809230921,-0.0389401163400881,-0.1303293048394092
Equal weight,259,0.041385772140392296,0.6617966514535227,-0.052145458380408294
Equal weight,260,-0.12054037286739572,-1.453774130546517,-0.23952787126003372
Equal weight,261,-0.04088735729375603,-0.3192156312851892,-0.14744578122814278
Equal weight,262,-0.13056529150524,-1.0071575652877207,-0.24299043098873174
Equal weight,263,0.0652797468540871,0.6424831350356148,-0.06710857419977634
Equal weight,264,-0.05509302394735138,-0.36546841953265324,-0.12848026906937082
Equal weight,265,0.009205432177440631,0.13890697946741096,-0.09181320987391295
Equal weight,266,0.04908291117181385,0.5945519625557834,-0.05214545838040818
Equal weight,267,-0.03226058142584365,-0.23972761238409693,-0.16719064596632072
Equal weight,268,-0.008811645259705014,-0.01581544258289902,-0.18797897594752722
Equal weight,269,-0.006062875221293007,-0.03966914816518715,-0.12202221472799413
Equal weight,270,0.0015916033168967836,0.07887714349914807,-0.11049263019169309
Equal weight,271,-0.033284313340124605,-0.16938208153355155,-0.12498596736866485
Equal weight,272,-0.039060095875703804,-0.662664055973101,-0.05956267682811833
Equal weight,273,0.10984602057643,1.967436404896213,-0.014138063691390146
Equal weight,274,-0.021149290017493216,-0.18768749843988614,-0.13103687091042615
Equal weight,275,-0.03042690429699102,-0.2866349732046658,-0.12414647595059769
Equal weight,276,-0.10494966182635934,-1.4005175927255076,-0.2357561978749424
Equal weight,277,-0.03209450893060517,-0.21629744488674169,-0.16942844440211047
Equal weight,278,0.017999611364745816,0.19853438520189123,-0.08846367394442489
Equal weight,279,-0.04583958937183907,-0.38665101451707073,-0.10920270175796432
Equal weight,280,-0.11109347269192449,-1.4430987207182326,-0.21907928992797843
Equal weight,281,0.04004533712349301,0.7595105540604012,-0.028742518331265732
Equal weight,282,-0.07124340670831497,-0.5116360763460248,-0.17200142334897706
Equal weight,283,-0.07628103619555293,-0.6684586367945089,-0.25034803780982307
Equal weight,284,0.004314585273586857,0.09757015464085425,-0.09372642076047988
Equal weight,285,-0.009770153357641531,-0.030904309912358017,-0.20829250961881463
Equal weight,286,0.03496498145172189,0.3881238146008533,-0.0547118286530911
Equal weight,287,-0.061557551794504395,-0.574731294751406,-0.13172795911558322
Equal weight,288,0.007666144099282901,0.12183983788313517,-0.12001184808361243
Equal weight,289,-0.09113053352058453,-0.9754173112220246,-0.19517863252780543
Equal weight,290,-0.0569681573235129,-0.5524529420693504,-0.11505117784841512
Equal weight,291,-0.07847951618617899,-0.8351512778737201,-0.17590654539100814
Equal weight,292,-0.0675861926168968,-0.9007000154081719,-0.16690935256834638
Equal weight,293,-0.0002790635183754775,0.03011341921563748,-0.08147653774889507
Equal weight,294,0.052914025602800674,0.8698811537187198,-0.04150869251068212
Equal weight,295,-0.030449116171716306,-0.24558350128096657,-0.14291118708915662
Equal weight,296,-0.07712145037826901,-0.8070937185098472,-0.15212327313856877
Equal weight,297,-0.07777428870184333,-0.6259427451222245,-0.19122126741555157
Equal weight,298,-0.06308883220682993,-0.32560702619441323,-0.14510538876126877
Equal weight,299,-0.0028079396757064723,0.021213689901805017,-0.09656219482775918
Equal weight,300,-0.061113799605369,-0.6603019152765164,-0.09216313058413805
Equal weight,301,-0.032416963088788275,-0.2856712481102223,-0.142835317725712
Equal weight,302,0.004661606841286803,0.0960416549066267,-0.098641114360287
Equal weight,303,0.015430077543391985,0.25711042197436185,-0.05230705358916554
Equal weight,304,-0.03866046361275732,-0.4460654377703501,-0.1260236637932085
Equal weight,305,-0.09251311652343353,-0.8636577636384251,-0.24034855528125565
Equal weight,306,-0.1261386683123905,-1.1459668509426255,-0.22550100164410425
Equal weight,307,-0.035543676617676656,-0.28748709618890506,-0.1390456804152861
Equal weight,308,-0.09897030878535984,-0.9499906466386774,-0.21625208227905968
Equal weight,309,-0.09438221094328625,-1.5991840799512298,-0.1884541418136355
Equal weight,310,0.03777656826373832,0.46085686685925314,-0.12537778475640016
Equal weight,311,0.06131119784917716,0.6836708521361654,-0.05646480379933494
Equal weight,312,-0.15470762300050667,-1.2464808774377538,-0.2949997211918288
Equal weight,313,-0.10161361617957654,-1.5074316022605396,-0.20265089115914492
Equal weight,314,-0.06020297658374163,-0.4920155002834493,-0.18921826730675972
Equal weight,315,0.018003070230451446,0.2344568519154062,-0.10380500421250416
Equal weight,316,-0.07201150377691501,-0.4863876031196259,-0.1703387389089368
Equal weight,317,0.10428765598205181,0.9638917805549152,-0.07961569657473933
Equal weight,318,-0.02183574285707046,-0.256518271638846,-0.13595091750812482
Equal weight,319,-0.12995212779260823,-1.271918508065183,-0.2226226415309972
Equal weight,320,0.019113272011402005,0.3906766159515095,-0.042496974346992844
Equal weight,321,-0.007382987975875888,0.0022332490133417184,-0.14072901061211163
Equal weight,322,0.11771052759097822,1.4620754062147305,-0.04488598104365449
Equal weight,323,0.14627451902899402,1.6351202706590375,-0.05214545838040818
Equal weight,324,-0.00010192079616455629,0.04347401645456334,-0.08457048909252496
Equal weight,325,-0.08051402247416461,-0.9641211338648461,-0.1841832294524558
Equal weight,326,-0.09354546781751738,-0.7807812212888329,-0.19636931378836786
Equal weight,327,-0.09252896654084886,-0.6199082703608032,-0.27585862642371883
Equal weight,328,-0.08463710793720625,-0.5701957512994911,-0.19356366851296625
Equal weight,329,-0.06292343144518808,-0.5182439419768977,-0.13231641184022103
Equal weight,330,-0.007221348329608079,-0.0778919040027217,-0.07923067092013047
Equal weight,331,0.0021274948442695507,0.0876366150042848,-0.10849852334464738
Equal weight,332,-0.04314604909989339,-0.5406321556463071,-0.117753538202236
Equal weight,333,0.012312526657579426,0.1618986805868346,-0.055702863998730257
Equal weight,334,-0.053249988449157626,-0.3394424442094948,-0.2023994764074155
Equal weight,335,-0.04427519881017372,-0.5878760754524816,-0.11521333594668615
Equal weight,336,-0.005337772194551449,0.018435279514787663,-0.15227529749995772
Equal weight,337,-0.11845839640559186,-1.1528063605328565,-0.2420388904540316
Equal weight,338,-0.047335622596851534,-0.3683940134982825,-0.13337400083568574
Equal weight,339,-0.03289666314363293,-0.3458013693955065,-0.08815819345797327
Equal weight,340,-0.08035564178971244,-1.1355020178823991,-0.16728153821638303
Equal weight,341,-0.019919156203386024,-0.1422627811854456,-0.11271903584345344
Equal weight,342,-0.03608842363500797,-0.3590982590093606,-0.15667808037457842
Equal weight,343,0.029355201788258123,0.3590767139565001,-0.04488598104365449
Equal weight,344,0.017734265133829474,0.20253458185914316,-0.1303726995049752
Equal weight,345,-0.01737399696945474,-0.15053498050938283,-0.10295497746896687
Equal weight,346,-0.05668693917664358,-0.5508545386097566,-0.2036906429242109
Equal weight,347,-0.0021214151439727935,0.043288383926677415,-0.09319708767701818
Equal weight,348,-0.1425464948892714,-1.0696101597303251,-0.2377685176879918
Equal weight,349,-0.084746204037492,-0.7106475160424596,-0.18005887876009885
Equal weight,350,0.07708787308314236,0.7116179909845003,-0.09389171253632034
Equal weight,351,-0.041270254624189984,-0.40221671567155487,-0.11376011059471447
Equal weight,352,-0.16805677647452544,-1.6660771558564311,-0.31204349388123076
Equal weight,353,-0.07721828978949374,-0.5800882949234901,-0.2060747119043992
Equal weight,354,0.04938956292028229,0.4513121630409874,-0.10991167897924847
Equal weight,355,-0.005429291133561831,-0.03317962462714984,-0.08752283640131275
Equal weight,356,-0.08082297720032383,-0.9900591096029259,-0.21976337854987338
Equal weight,357,-0.09274080856981826,-0.8969577155060068,-0.16498507764644021
Equal weight,358,-0.05294713707141463,-0.4159388766908214,-0.19055507872728228
Equal weight,359,-0.008450770662987162,-0.00031486643644374753,-0.16338235415701508
Equal weight,360,-0.0682984765638961,-0.6010808837927285,-0.11020826380469428
Equal weight,361,-0.04958901290991202,-0.5332894945996735,-0.16188072002485243
Equal weight,362,-0.07590146699281963,-0.9957639170629273,-0.13951878216457414
Equal weight,363,-0.13646393331630935,-1.3515085736104526,-0.2651734644304026
Equal weight,364,0.008857710397955909,0.13651491417268824,-0.10506000953885875
Equal weight,365,0.008736384176299294,0.15107020921757186,-0.11169490782677938
Equal weight,366,-0.10570664098422311,-1.835342584482207,-0.16953098334722982
Equal weight,367,-0.11776092104376934,-0.9629917805319903,-0.2024994101156422
Equal weight,368,-0.058823865852925095,-0.8355847334338172,-0.150649722751928
Equal weight,369,0.017616439959220465,0.20862131016135058,-0.10126282990630575
Equal weight,370,-0.024267754457258817,-0.16317711179472222,-0.11315239323281778
Equal weight,371,-0.046446431918091724,-0.4731636848513596,-0.09908770911995235
Equal weight,372,0.004582924011787171,0.0935153989771692,-0.09448534701809597
Equal weight,373,-0.02780895096916447,-0.2549526381448246,-0.15011266092497544
Equal weight,374,0.00985913638394842,0.15705278304633077,-0.12539857040814983
Equal weight,375,-0.02832717574588739,-0.19351458481277276,-0.0965621948277593
Equal weight,376,-0.0032461500464441295,-0.02116354822458554,-0.09048394431724183
Equal weight,377,-0.031346699397737154,-0.4893333501876352,-0.09460109944829609
Equal weight,378,-0.04089539049112645,-0.3533914118495996,-0.15460752699512903
Equal weight,379,-0.10977337889876004,-1.0774884276803585,-0.23381734228767148
Equal weight,380,-0.0026917089209569367,0.0209643312686327,-0.14328376528157993
Equal weight,381,-0.07734326273879888,-0.9132410149572213,-0.19699341840440399
Equal weight,382,0.06120412865174152,0.7877815719640265,-0.072027023597252
Equal weight,383,-0.08887360840036218,-1.1688145318762626,-0.19584686503043758
Equal weight,384,-0.06802236730879041,-0.862280449516839,-0.15521760592370126
Equal weight,385,0.06574342672160105,0.9062189508615598,-0.06903602185639346
Equal weight,386,0.025481482451612525,0.30104838243768905,-0.10552521187367869
Equal weight,387,-0.012046334273323689,-0.10801356892879095,-0.1019775974689282
Equal weight,388,-0.0304505267285603,-0.22653336380433262,-0.1367011825333163
Equal weight,389,-0.04708203318918214,-0.42122402213608995,-0.1073102959625597
Equal weight,390,-0.04761643228889101,-0.35073754426551856,-0.16738542591089434
Equal weight,391,-0.025477757909656673,-0.2806237688267888,-0.13052666296490245
Equal weight,392,0.048848552622338115,2.0319960081496995,-0.0076303395794848905
Equal weight,393,-0.08474922870154444,-0.8323207184211211,-0.16840722031371025
Equal weight,394,-0.1234174535869399,-1.1048087466561423,-0.21141768459668364
Equal weight,395,-0.06647109663082373,-0.5903020685580778,-0.13079922897264462
Equal weight,396,0.04492633880933394,0.45689829165521556,-0.09478073794624309
Equal weight,397,-0.045352227980377524,-0.564751442990574,-0.13657652818659027
Equal weight,398,-0.09737215060607674,-0.86311617832383,-0.18784484699889747
Equal weight,399,-0.03171460612339949,-0.2756544905189616,-0.14454076879635225
Equal weight,400,-0.025625475776771656,-0.11866951200026979,-0.14023907306158545
Equal weight,401,0.15323798160633162,1.451291095800906,-0.04488598104365449
Equal weight,402,-0.031060356148244872,-0.2591961161034147,-0.07894372270801164
Equal weight,403,-0.09684769564435658,-1.1011416989341298,-0.18192970051689494
Equal weight,404,-0.048292778654168256,-0.3604025506495191,-0.12832019881303203
Equal weight,405,-0.10422627981068322,-1.0766433927392236,-0.16689412340292198
Equal weight,406,0.010602487925641002,0.1796833262308816,-0.05470583132978335
Equal weight,407,-0.02623647610825597,-0.4068440626072552,-0.06903602185639346
Equal weight,408,-0.05657920898458335,-0.6645667331739357,-0.12273411494407138
Equal weight,409,-0.024460273212034145,-0.1488631674917931,-0.08825921275289417
Equal weight,410,-0.08291816656920925,-0.8769180810648678,-0.12832693204390921
Equal weight,411,0.006947491309421627,0.1377761230568712,-0.06903602185639346
Equal weight,412,-0.002145516302981876,0.021411981877605662,-0.10021117690253734
Equal weight,413,-0.0670679870297225,-0.5914905343106301,-0.15268425623525228
Equal weight,414,-0.022949171497800624,-0.16589969709784005,-0.09222417821333906
Equal weight,415,-0.06903958473448313,-1.054711263758214,-0.14631899790368474
Equal weight,416,-0.08562719656668627,-0.7394898638556638,-0.181751125280894
Equal weight,417,-0.08459188150017405,-0.8929313645488444,-0.1757108899971862
Equal weight,418,-0.11330876213777064,-1.1874618904483965,-0.2649495843832349
Equal weight,419,-0.07745585734236426,-0.6527745780885659,-0.135104376358821
Equal weight,420,-0.022446487461570186,-0.17588308784177745,-0.1495768003856267
Equal weight,421,0.0320960652784823,0.3845549859559786,-0.07865643844495984
Equal weight,422,-0.030849764104535438,-0.19508728743239517,-0.14661702199067872
Equal weight,423,-0.005175000552048781,-0.020786169012278644,-0.07732199824394104
Equal weight,424,-0.014049732705628148,-0.08447534158639382,-0.12401733084989297
Equal weight,425,0.026919165409771573,0.29422797034416526,-0.10458016129418657
Equal weight,426,-0.03684215337365804,-0.3619076886196701,-0.08932727805844454
Equal weight,427,-0.011403416525887389,-0.07258631202491934,-0.11256251963186892
Equal weight,428,0.025451144702663298,0.2715659831818966,-0.09915871577590563
Equal weight,429,0.002890158641987828,0.07781029649012829,-0.0965621948277593
Equal weight,430,-0.032720443609522865,-0.19793488657271358,-0.13632841402962337
Equal weight,431,0.019217545792995505,0.3311403269210957,-0.052145458380408294
Equal weight,432,-0.11301796887243243,-0.9217223206032378,-0.193369709888212
Equal weight,433,-0.01897860219069547,-0.18431363938702733,-0.10632949414163695
Equal weight,434,-0.03726016699757151,-0.3579978816975437,-0.12461144985673855
Equal weight,435,0.04062572837763967,0.4340201900616343,-0.06412953671493493
Equal weight,436,-0.05775553382120835,-0.5573691898860421,-0.14780171790850716
Equal weight,437,-0.05705096361985207,-0.7475587018694306,-0.10725836490563445
Equal weight,438,-0.060535700901294565,-0.42274277419152806,-0.15489193956140002
Equal weight,439,-0.06412419162733529,-0.4304404592464467,-0.17380825545512735
Equal weight,440,-0.06500059337356412,-0.69152494311807,-0.19719516294750905
Equal weight,441,-0.10463128226647234,-1.0243874023971935,-0.16761592214444354
Equal weight,442,-0.1415880303573036,-1.802971648592214,-0.23560980937049325
Equal weight,443,0.011967111584070489,0.17199137387628527,-0.10759747153393939
Equal weight,444,-0.018328110132140862,-0.1445059393043357,-0.08399390197366852
Equal weight,445,-0.03892723566577494,-0.5027811356388927,-0.11704754474218615
Equal weight,446,-0.038044878432412665,-0.2782330014731806,-0.1323536391214467
Equal weight,447,-0.06916355615723435,-0.4908490268490511,-0.21251616930625672
Equal weight,448,-0.08111000577488536,-0.8122268184948882,-0.16700150402108382
Equal weight,449,0.12746944034197472,1.4473601323134049,-0.04612367337524337
Equal weight,450,-0.014037403442187402,-0.11700629059461752,-0.11211724756074692
Equal weight,451,-0.06004691528296002,-0.9117420004933843,-0.14752767707173753
Equal weight,452,0.06596273197494407,0.743402680099142,-0.05214545838040818
Equal weight,453,-0.09021400671193047,-0.8407372261705676,-0.20556616107869763
Equal weight,454,-0.01815928354416363,-0.1451954852651826,-0.08041300422497955
Equal weight,455,-0.030519842786751017,-0.18141557735878935,-0.12656951537583916
Equal weight,456,-0.05293324378359965,-0.5370764213051715,-0.17489406677226227
Equal weight,457,0.08049615087949302,0.7022626279341412,-0.06366429775154192
Equal weight,458,-0.06853470221510571,-1.3985600233273974,-0.15562133257886046
Equal weight,459,-0.03726671196231768,-0.4971856681152149,-0.0667970023009904
Equal weight,460,-0.11164844070088775,-0.9747036194881626,-0.25647465396283353
Equal weight,461,0.03583133148592332,0.4803072928651334,-0.08543374360385103
Equal weight,462,0.01836737863280158,0.24402112116588714,-0.09941757523511696
Equal weight,463,-0.038085970686997817,-0.26306947229865635,-0.13345474075931452
Equal weight,464,0.03301796870835294,0.4311988704899602,-0.06339899889407408
Equal weight,465,-0.04230548660856559,-0.3222372450052201,-0.12150842413398666
Equal weight,466,-0.0054247102142456205,0.003394998826415574,-0.1357479800284188
Equal weight,467,-0.010990595501316314,-0.04897571992049559,-0.12079865798105927
Equal weight,468,0.047913551448238945,0.39961960598029317,-0.14113582926533008
Equal weight,469,0.037198808345622725,0.41366544467656086,-0.06412953671493493
Equal weight,470,-0.04371321342882628,-0.850666406900838,-0.08224167301687135
Equal weight,471,0.033916521188536164,0.49275669151280255,-0.09382593218400126
Equal weight,472,-0.06659281445850762,-0.6046517645108117,-0.14977057169562302
Equal weight,473,-0.030637587519769194,-0.2071131435489672,-0.12255846686806016
Equal weight,474,-0.07874686957951693,-0.6587450322886506,-0.16370571350208218
Equal weight,475,-0.17563039240845635,-1.6453545732660741,-0.31640698505716347
Equal weight,476,0.020955869699756047,0.36999089870307117,-0.042496974346992844
Equal weight,477,-0.09080898523542502,-0.9209474747229093,-0.20622405474146566
Equal weight,478,-0.0486810654930927,-0.3804396947861169,-0.16684752015277993
Equal weight,479,-0.06469349847939188,-0.5529143549253811,-0.20063895171394253
Equal weight,480,0.02488266156386798,0.26480549216030225,-0.06503840941217232
Equal weight,481,-0.07106079003287258,-0.8491196621870698,-0.14434629141482191
Equal weight,482,0.04552640821575471,0.6830945309975314,-0.06412953671493493
Equal weight,483,-0.062030622000626146,-0.7849502698851598,-0.1291772538126874
Equal weight,484,-0.07095417409788041,-0.904786478517304,-0.1719333864042366
Equal weight,485,-0.05820075091047938,-0.7600492976806569,-0.13189925911621758
Equal weight,486,-0.056210657677449705,-0.47516442854285473,-0.1538862150867054
Equal weight,487,-0.04354803393378193,-0.28824810605103807,-0.10899548208031584
Equal weight,488,-0.029186996420069722,-0.13192166552453907,-0.14683780575574923
Equal weight,489,-0.10325418253638674,-1.2537919714134946,-0.17854416088250058
Equal weight,490,-0.021151545724042875,-0.22758978772262847,-0.04990186188888035
Equal weight,491,-0.12747553079326335,-1.6697715083478637,-0.2292057737931109
Equal weight,492,0.02924262421334256,0.3171337760138213,-0.05646480379933483
Equal weight,493,-0.06513294655013135,-0.6284433050636333,-0.13683850735249803
Equal weight,494,-0.10043685341912756,-1.0872648915304417,-0.1845196340792582
Equal weight,495,-0.11563079120352093,-1.0240729754550204,-0.2178712287974095
Equal weight,496,-0.08293235030761126,-0.8776765837013076,-0.17332052967715994
Equal weight,497,-0.05081752796700101,-0.5863722095460472,-0.15616217423869427
Equal weight,498,0.013960144969070054,0.19352319455809608,-0.08752283640131264
Equal weight,499,-0.03109673423483228,-0.2860493147768442,-0.15856008229148066
ICIR weight,0,0.1782740460285388,2.699619095094805,-0.026975419484110752
ICIR weight,1,0.23295482975781323,2.5527910347364,-0.048835373428451345
ICIR weight,2,0.14468398913878144,2.11678243312126,-0.025548065650041973
ICIR weight,3,0.09018063347530969,1.1187861173790146,-0.05096943825139866
ICIR weight,4,0.11354200949415483,1.446363160664693,-0.06523861342524417
ICIR weight,5,0.2080855651440774,2.920853460982396,-0.0015593915999999597
ICIR weight,6,0.13769357599693288,1.8147162744352188,-0.025548065650042084
ICIR weight,7,0.1632379061296665,1.9309800795201184,-0.04883537342845157
ICIR weight,8,0.16077810467867026,2.381444361303366,-0.015035527567789142
ICIR weight,9,0.004826550914726502,0.10795787049306099,-0.10281552066854716
ICIR weight,10,0.16604762527660077,2.1475474284689247,-0.05096943825139866
ICIR weight,11,0.24772231558548174,3.4049511301443265,-0.014266655559125319
ICIR weight,12,0.09236720851349989,1.2830619844554327,-0.0689337415575556
ICIR weight,13,0.2487251572091176,2.691171434432945,-0.026975419484110752
ICIR weight,14,-0.0002707841890706719,0.029379251489915447,-0.09672978864823334
ICIR weight,15,0.0764836474499031,0.9789856492457407,-0.07449343822866661
ICIR weight,16,-0.08115288057829073,-0.9766860092857426,-0.19973229658236857
ICIR weight,17,0.03214595437601675,0.5305283705312991,-0.05096943825139866
ICIR weight,18,0.1988812742992916,2.8517954119745017,-0.015035527567789142
ICIR weight,19,0.10033551856344891,1.240842893066336,-0.04883537342845157
ICIR weight,20,0.13624213881880398,1.9789926407015164,-0.027734378656913194
ICIR weight,21,0.2466102843541409,3.182155276086706,-0.0007800000000000029
ICIR weight,22,0.20015430482873353,2.6215054031095866,-0.024787399821903255
ICIR weight,23,-0.016629047261416674,-0.27435182995638124,-0.08507707777332163
ICIR weight,24,0.06902372047981853,0.979482648502393,-0.051709682089562614
ICIR weight,25,0.19155020433422631,2.3991726793271573,-0.024787399821903144
ICIR weight,26,0.17983622067312743,2.0861090175723356,-0.015035527567789142
ICIR weight,27,0.23295643949958067,3.522370447034806,-0.0007800000000001139
ICIR weight,28,0.06389123152978837,0.7850045958956127,-0.11900371968460599
ICIR weight,29,0.09634147082813493,1.1615852805802702,-0.06523861342524429
ICIR weight,30,0.015496538297081752,0.2293037397963282,-0.11013263532152873
ICIR weight,31,0.1127843146940235,1.6108812393669671,-0.042352905209830705
ICIR weight,32,0.09511418118466697,1.1814670113390824,-0.07449343822866672
ICIR weight,33,-0.05903180593040702,-0.8550068698218741,-0.18125147690401178
ICIR weight,34,0.16933428668582118,2.397580729948887,-0.024787399821903144
ICIR weight,35,0.04588207281419132,0.6519687356836991,-0.051094168797897854
ICIR weight,36,0.06112868821903361,0.7947817232323013,-0.06313663539277381
ICIR weight,37,0.18049556507325248,3.1116980634766467,-0.015803799856286327
ICIR weight,38,-0.037457249088412414,-0.5979125915478942,-0.10027359370514954
ICIR weight,39,0.19816433196346273,2.2990125538649004,-0.05601532645839857
ICIR weight,40,0.0788672836877613,1.1408682089864348,-0.05096943825139866
ICIR weight,41,0.03942938845575661,0.5772142243020959,-0.11027829911875153
ICIR weight,42,0.04860438682530854,0.6879676408584067,-0.1052910506964927
ICIR weight,43,0.1498003298158772,2.0119557442897142,-0.050318611557344295
ICIR weight,44,0.22093966006152055,3.0826789962068353,-0.015035527567789142
ICIR weight,45,0.1828718830419256,2.5342668688056826,-0.024787399821903144
ICIR weight,46,0.15293471446289075,2.142431827876783,-0.041605357388593944
ICIR weight,47,0.2254358948902735,2.975673689064025,-0.015803799856286216
ICIR weight,48,0.257443663862724,4.041604600436565,-0.0007800000000001139
ICIR weight,49,0.06664781670507125,0.8963685545114171,-0.07377097959274892
ICIR weight,50,0.1391998105811698,1.8384642481174938,-0.024787399821903144
ICIR weight,51,0.11176231813149307,1.7352030360382835,-0.03135783962267491
ICIR weight,52,0.12736565975392855,1.514708907462123,-0.0480928858794375
ICIR weight,53,0.23364610531271635,3.4750718682202324,-0.0007800000000001139
ICIR weight,54,0.14020254389162323,1.7585122029746256,-0.07377097959274892
ICIR weight,55,0.07006100346036859,1.0026441745329477,-0.05109416879789774
ICIR weight,56,0.0539820447049133,0.6891634052864827,-0.0967297886482329
ICIR weight,57,0.16483877846426553,2.120160707798828,-0.0517096820895625
ICIR weight,58,0.18768335860934715,2.1416588899805724,-0.07449343822866661
ICIR weight,59,0.14300172938126443,1.866896762549949,-0.0517096820895625
ICIR weight,60,0.056163970260383556,0.8696201417804456,-0.05463057198244614
ICIR weight,61,0.08784625190240591,0.9634623457104177,-0.08769732156316834
ICIR weight,62,0.16321255200135076,2.3306001505209917,-0.05096943825139866
ICIR weight,63,0.025825919187596247,0.40833237009035916,-0.09180625540770482
ICIR weight,64,0.22302531338440423,2.8407861869418114,-0.04883537342845157
ICIR weight,65,0.12766586888863518,1.9265195196664961,-0.029844988046336285
ICIR weight,66,0.05080553375168395,0.6489361978917297,-0.11415732949756185
ICIR weight,67,0.13833518530875555,1.92870443077912,-0.048835373428451456
ICIR weight,68,0.07812945792005066,0.9956038898602968,-0.09528690629569447
ICIR weight,69,0.24724701978615693,3.1412924483763596,-0.024787399821903033
ICIR weight,70,0.05263158000518953,0.8010344607944195,-0.0480928858794375
ICIR weight,71,0.03853286123619015,0.5465625143960385,-0.09104367799329027
ICIR weight,72,0.2408527678020369,3.2743325891986554,-0.048835373428451345
ICIR weight,73,0.27562136229501544,4.047584825046419,-0.026975419484110752
ICIR weight,74,0.017058626713642777,0.22999230598399342,-0.09163327780324115
ICIR weight,75,0.10843204213428415,1.2216197945129739,-0.06313663539277381
ICIR weight,76,0.14704739394723698,1.8918489003865087,-0.05619503285793348
ICIR weight,77,0.05647222058619028,1.1956590117438337,-0.029844988046336507
ICIR weight,78,-0.020906858417531038,-0.2978541541401554,-0.08001139529205614
ICIR weight,79,0.10016332716452392,1.4565382815210461,-0.03518689904720784
ICIR weight,80,0.130121171892998,1.6598692132741184,-0.025548065650041973
ICIR weight,81,0.09364206135327136,1.164883423619357,-0.07241227132373163
ICIR weight,82,0.13151567755485605,1.6799935803829913,-0.05096943825139866
ICIR weight,83,0.08397679483849152,0.9772797001161311,-0.07656993575780846
ICIR weight,84,0.01308811664423648,0.18641916095265884,-0.09171337517968392
ICIR weight,85,0.1820953070889435,2.242242266316369,-0.04809288587943761
ICIR weight,86,0.3120032862156632,4.384802970677713,-0.0007800000000001139
ICIR weight,87,0.052914597862321555,0.6746400189248976,-0.07449343822866683
ICIR weight,88,0.005582366658244853,0.11122915343163016,-0.07377097959274892
ICIR weight,89,0.16501711177175094,1.7346014488221535,-0.08564584594962732
ICIR weight,90,0.3020288527597781,4.4424228223385045,-0.0007800000000000029
ICIR weight,91,0.16394367532676513,1.9589037274823407,-0.05109416879789763
ICIR weight,92,0.20471193244924102,2.1489851368843227,-0.05650312735976981
ICIR weight,93,0.06500832001956236,0.9607298772731958,-0.07866184124324327
ICIR weight,94,0.1464147666096225,1.999574669830609,-0.04883537342845157
ICIR weight,95,0.1282607128817974,1.5408999651728403,-0.05096943825139866
ICIR weight,96,0.17904702351430068,2.328448201064988,-0.05244934853753269
ICIR weight,97,0.15821460723214842,2.1802839218951484,-0.05096943825139866
ICIR weight,98,0.04840493913642363,0.6664052958697253,-0.07519516578094898
ICIR weight,99,0.16223073341460226,2.177260927811697,-0.015803799856286105
ICIR weight,100,0.1578700209685584,1.8216365711745197,-0.04883537342845157
ICIR weight,101,0.16055673586677388,2.234843708969083,-0.026975419484110752
ICIR weight,102,0.10290165585326694,1.4085809016796162,-0.051709682089562614
ICIR weight,103,0.11752985649167735,1.6148140514755782,-0.026975419484110752
ICIR weight,104,0.2539824839444691,3.74330817081711,-0.0015593915999999597
ICIR weight,105,0.1659848431806772,2.503641587378752,-0.04160535738859383
ICIR weight,106,0.13049005878138376,1.5069456667399515,-0.07377097959274892
ICIR weight,107,0.22352741640581697,2.7473711834604013,-0.027734378656913083
ICIR weight,108,0.26231406765752063,3.918765161641506,-0.0007800000000000029
ICIR weight,109,0.06835541160634628,0.7702402449379719,-0.09731570012940483
ICIR weight,110,0.21896994950520599,3.1331038792724724,-0.0015593916000000707
ICIR weight,111,0.11906497943857408,1.3631612227491878,-0.05096943825139866
ICIR weight,112,0.09400353373143999,1.3350428882337322,-0.051709682089562614
ICIR weight,113,0.1839160232709851,2.6886353923786137,-0.0015593915999998487
ICIR weight,114,-0.007112913430718626,-0.05143130237090074,-0.09454746854816054
ICIR weight,115,0.04701167104401227,0.6242027332219146,-0.07377097959274892
ICIR weight,116,0.012243836639757033,0.18517571958454232,-0.11900371968460588
ICIR weight,117,0.12658719071717006,1.9308864053863295,-0.05109416879789774
ICIR weight,118,0.18177918204605303,2.7485044814432973,-0.015035527567789142
ICIR weight,119,0.04240937199171735,0.5555471917985393,-0.06495913471684733
ICIR weight,120,0.018136897897309323,0.2699800700496544,-0.1549987838365421
ICIR weight,121,0.1349934729311031,2.3130306392970654,-0.015035527567789253
ICIR weight,122,-0.09763957961572878,-1.220811950247014,-0.22412127373673452
ICIR weight,123,-0.052423074601669506,-0.7234451736634827,-0.12291175712557922
ICIR weight,124,-0.0011687603830307092,0.01455723454550438,-0.13472627367955314
ICIR weight,125,0.276984144345805,3.347910086340382,-0.048835373428451456
ICIR weight,126,0.09266786253669412,1.1998838557830032,-0.039450235756336216
ICIR weight,127,0.15761944116781423,2.5965864444123357,-0.024787399821903144
ICIR weight,128,0.040016250241031504,0.5569716507454601,-0.10211517050153784
ICIR weight,129,0.2268339371405652,3.0973277588792456,-0.015803799856286216
ICIR weight,130,0.11934109702465401,1.5634694389488066,-0.06313663539277403
ICIR weight,131,0.11665146186792863,1.6332708718968236,-0.025548065650041973
ICIR weight,132,0.13844645774084197,1.9408998559615784,-0.026975419484110752
ICIR weight,133,0.10538617054376953,1.384894098580418,-0.057239054920429244
ICIR weight,134,0.14080429362748514,1.8736707279633806,-0.04883537342845157
ICIR weight,135,0.24165738099532663,3.045354924766597,-0.049577281837177356
ICIR weight,136,0.06852872361970741,1.0568563236238369,-0.026975419484110752
ICIR weight,137,0.22387603969999992,3.1918463590092876,-0.024787399821903255
ICIR weight,138,0.09418878384578333,1.3371227061817288,-0.051709682089562725
ICIR weight,139,0.06998974999516694,0.9232087583217453,-0.07449343822866661
ICIR weight,140,0.11650638913405165,1.6915530950190822,-0.05096943825139877
ICIR weight,141,0.049554573711656724,0.5891276401504423,-0.09661105675367265
ICIR weight,142,0.18392087316781613,2.1946377112559787,-0.048835373428451456
ICIR weight,143,0.060941053979664206,0.847464073986743,-0.07241227132373174
ICIR weight,144,0.07837536407412693,1.1012340532279437,-0.08769732156316856
ICIR weight,145,0.03267857943528152,0.4519784519794903,-0.05096943825139866
ICIR weight,146,0.08759826952262717,1.1602677722930448,-0.09163327780324104
ICIR weight,147,0.04884995588716601,0.7042447057302201,-0.07377097959274892
ICIR weight,148,-0.024152713987812047,-0.33470018930181883,-0.14276896391005467
ICIR weight,149,0.10393842906907058,1.092361778313523,-0.09731570012940494
ICIR weight,150,0.19869133716705956,2.3939136694420706,-0.05096943825139877
ICIR weight,151,0.1355990347056637,1.797195667611063,-0.051709682089562614
ICIR weight,152,0.08237906126592276,0.935269321324804,-0.09030077218146071
ICIR weight,153,0.18845588309302053,2.820955890007885,-0.015803799856286327
ICIR weight,154,0.11098942793728384,1.4932747315670931,-0.057239054920429244
ICIR weight,155,0.23640158482553764,3.019173300329405,-0.024787399821903255
ICIR weight,156,0.09260317750609448,1.2568003812723496,-0.05096943825139877
ICIR weight,157,0.0835703012119291,0.9798892665755585,-0.10819309827145507
ICIR weight,158,0.12453883316588521,2.0922711362469726,-0.014266655559125208
ICIR weight,159,0.24481341533391054,2.9196740801153735,-0.026975419484110752
ICIR weight,160,0.23974893121513907,3.0910214158460807,-0.0015593915999999597
ICIR weight,161,0.15329148495934475,2.1422114037964013,-0.057239054920429466
ICIR weight,162,0.12919394357486347,1.575314002162078,-0.06756793742437006
ICIR weight,163,-0.016033148931371866,-0.2368682215849853,-0.05244003242127859
ICIR weight,164,0.1480337683691788,1.7237929475861562,-0.07377097959274892
ICIR weight,165,0.11549812752963962,1.5901687664912871,-0.06313663539277359
ICIR weight,166,0.12182426161638227,1.4792247328712238,-0.04883537342845157
ICIR weight,167,0.017807288987880865,0.2653820081996502,-0.049577281837177245
ICIR weight,168,0.1498381776798472,1.7936834024252584,-0.07449343822866683
ICIR weight,169,0.08296214762265652,1.2499714463697982,-0.040199464572446164
ICIR weight,170,0.0550876268332543,0.9551471061700183,-0.049577281837177245
ICIR weight,171,0.17783690821654963,2.298429450460598,-0.051709682089562614
ICIR weight,172,0.10145120692008436,1.2816231130859226,-0.07241227132373151
ICIR weight,173,0.03838498213253705,0.5770610548996251,-0.07722287033857744
ICIR weight,174,0.04383916748771588,0.5641753911918553,-0.13804552043755536
ICIR weight,175,0.062451669657298536,1.1584645412180723,-0.04443178047359453
ICIR weight,176,0.04716908574701728,0.5794898701280529,-0.07377097959274881
ICIR weight,177,0.07732216966639127,0.9560629752756775,-0.09945936596774563
ICIR weight,178,0.169257599682616,2.117580199430971,-0.026975419484110752
ICIR weight,179,0.052033593483095775,0.7937779720808487,-0.06386738881716747
ICIR weight,180,0.2614744581787778,3.5839637173421783,-0.024787399821903144
ICIR weight,181,0.08033721821896633,1.0608617657306312,-0.08911995869658018
ICIR weight,182,0.11964208549588107,1.6610124054882633,-0.024787399821903255
ICIR weight,183,0.1781880082096845,2.387429564464041,-0.05096943825139877
ICIR weight,184,0.06239668206583504,1.1139339104803987,-0.024787399821903255
ICIR weight,185,0.14791994830630073,2.665474675969356,-0.015035527567789142
ICIR weight,186,0.06306508284508583,1.0327469168516132,-0.039450235756336216
ICIR weight,187,0.01826633262061228,0.2862080568112008,-0.09109731131052712
ICIR weight,188,0.02990233306686485,0.4382497271945221,-0.06523861342524417
ICIR weight,189,0.11842484335125891,1.5490292580018137,-0.029844988046336063
ICIR weight,190,0.08781140142570609,1.2018532633222034,-0.07521533334684838
ICIR weight,191,0.2945772115230241,4.665798262082168,-0.0007800000000001139
ICIR weight,192,0.07404084724830895,0.9785213908504437,-0.05096943825139877
ICIR weight,193,0.02738856612753726,0.4217881462360688,-0.11161412803034354
ICIR weight,194,0.12976247053451462,1.585142433351072,-0.09661105675367265
ICIR weight,195,0.02070223410675731,0.32428110816529193,-0.048835373428451456
ICIR weight,196,0.21152558337923777,2.783902752744612,-0.015803799856286216
ICIR weight,197,0.019018426778719233,0.27812064240869816,-0.08769732156316856
ICIR weight,198,0.14053701848392408,1.7207256005589961,-0.03340354875124285
ICIR weight,199,0.18385982554323932,2.588462996995877,-0.027734378656912972
ICIR weight,200,0.15118569245941504,1.8017154613589912,-0.048835373428451456
ICIR weight,201,0.10642041085120235,1.5351924252443074,-0.03233313103198876
ICIR weight,202,0.21293063634455978,2.8409346710967696,-0.024787399821903144
ICIR weight,203,-0.0533742543850001,-0.6347296529338761,-0.16022691676641765
ICIR weight,204,0.06633776281549064,0.935083104885416,-0.07539771800498718
ICIR weight,205,0.019069848385219634,0.29877736296880125,-0.10512264690420337
ICIR weight,206,0.10205707253282115,1.4793707301269123,-0.07521533334684849
ICIR weight,207,0.07199697795052074,0.9517612888255199,-0.1052910506964928
ICIR weight,208,0.06394217202350472,0.7115221947568972,-0.0533343194875453
ICIR weight,209,0.22152483060455452,2.957298681625697,-0.015035527567789142
ICIR weight,210,0.1866081253656513,2.6326718794148,-0.024787399821903033
ICIR weight,211,0.20705395166367735,2.6648341830594426,-0.027734378656913194
ICIR weight,212,0.07668506016402188,1.4100694417178194,-0.027734378656913083
ICIR weight,213,0.19777189784092686,2.9351742282930258,-0.015803799856286216
ICIR weight,214,0.13436172023963566,1.5913058756630845,-0.05096943825139866
ICIR weight,215,0.17080232145696783,1.7586711965937527,-0.048835373428451456
ICIR weight,216,0.3332381460240941,4.720939047938964,-0.0007800000000000029
ICIR weight,217,0.17001442577471626,2.526539344486142,-0.024787399821903033
ICIR weight,218,0.2782339288968767,3.848173333213447,-0.0015593916000000707
ICIR weight,219,-0.11966662660097427,-2.2100375001018198,-0.2050191355265112
ICIR weight,220,0.030214666131464174,0.41135818502273597,-0.14209980175542392
ICIR weight,221,0.09539558603160003,1.647999988781926,-0.017338547143542327
ICIR weight,222,0.07069210749585086,1.14603818336912,-0.042352905209830705
ICIR weight,223,0.13211625161804763,1.5807355767149815,-0.07377097959274892
ICIR weight,224,0.046295352087536656,0.7978652134109441,-0.048960384453875294
ICIR weight,225,0.13412702252375897,2.309666479393524,-0.015803799856286327
ICIR weight,226,0.12439764582253998,1.666293420138274,-0.04688251291679357
ICIR weight,227,0.04741295481724306,0.7876334505590187,-0.03519350780372166
ICIR weight,228,0.22257068472021446,2.7267833920957734,-0.051709682089562614
ICIR weight,229,0.024681007520568787,0.38785347850710855,-0.053892608216855264
ICIR weight,230,0.16362842753249063,1.9715099661972795,-0.05096943825139855
ICIR weight,231,0.10305310098569254,1.7797449018364246,-0.025548065650042084
ICIR weight,232,0.04698931196640266,0.6009602153984221,-0.11900371968460599
ICIR weight,233,0.26669992730708314,3.999402179686674,-0.0007800000000000029
ICIR weight,234,0.16742990859043494,1.9613869248770208,-0.05096943825139866
ICIR weight,235,0.008270758396523359,0.1687596844936082,-0.06885102518226272
ICIR weight,236,0.1719959175186878,2.603323586582796,-0.015803799856286216
ICIR weight,237,0.034904036431105734,0.42227596346892443,-0.10888870765480319
ICIR weight,238,0.11964742717166543,1.8822115486873607,-0.03135783962267502
ICIR weight,239,0.06286500494662128,0.886654418518533,-0.039450235756336216
ICIR weight,240,0.08368805123524847,1.275102214651307,-0.048835373428451456
ICIR weight,241,0.22861835709564948,3.4749690398866435,-0.024787399821903144
ICIR weight,242,0.0882738331889783,1.3590081973539978,-0.048835373428451456
ICIR weight,243,0.1454692551473067,1.9987654402387522,-0.04809288587943761
ICIR weight,244,0.03616763259350719,0.5497595747703845,-0.11969089678325184
ICIR weight,245,0.26455656661858584,3.5272204769351636,-0.0015593915999999597
ICIR weight,246,0.121725686556591,1.6768416859053847,-0.0682952344331792
ICIR weight,247,0.14286417277656782,1.650351845930571,-0.05545829032438654
ICIR weight,248,0.13470708324442526,1.645573210419433,-0.048835373428451456
ICIR weight,249,0.03097705976822618,0.4403590987998262,-0.06523861342524417
ICIR weight,250,0.22403997411939636,3.3793721640611816,-0.0007800000000001139
ICIR weight,251,0.0768295310505187,0.940053567119521,-0.057239054920429355
ICIR weight,252,0.07678459303600293,0.9733677048267473,-0.0719782796891133
ICIR weight,253,0.010323406004041802,0.1751726836890661,-0.10888870765480319
ICIR weight,254,0.13896871400792588,1.777441517700963,-0.07377097959274892
ICIR weight,255,0.16630831247201527,2.0545127557460847,-0.025548065650042195
ICIR weight,256,0.1450004350454781,1.925323773900315,-0.02697541948411064
ICIR weight,257,0.175441435404335,2.21797408442088,-0.04957728183717747
ICIR weight,258,0.047835012933825194,0.5949563537478829,-0.0517096820895625
ICIR weight,259,0.10680586644325474,1.6919290296398792,-0.015803799856286216
ICIR weight,260,0.10216015356496921,1.3964992497739628,-0.04160535738859372
ICIR weight,261,0.18949821731530414,2.4724219508261043,-0.015035527567789142
ICIR weight,262,0.21810656628546976,2.9217068313880525,-0.026975419484110752
ICIR weight,263,0.06667896811203722,0.9742149058469248,-0.07093387130645212
ICIR weight,264,0.15869277579048835,1.8629780208881022,-0.09599153019354278
ICIR weight,265,0.030185430273261815,0.3659958712145138,-0.12098035245504968
ICIR weight,266,0.108468135975754,1.4930150629750525,-0.027734378656913194
ICIR weight,267,0.09117337345182452,1.0457023662655722,-0.051709682089562614
ICIR weight,268,0.14331247931356406,2.3603236888139,-0.029844988046336396
ICIR weight,269,0.08965570839235282,1.0423078952882883,-0.051709682089562725
ICIR weight,270,0.2413655328822919,3.2768563371746127,-0.015035527567789253
ICIR weight,271,0.29191690258818026,3.6466638112370426,-0.015035527567789142
ICIR weight,272,-0.010247988569311195,-0.08512501795674857,-0.13419687659834012
ICIR weight,273,-0.06970902898761355,-1.5212467183145246,-0.10731893152471295
ICIR weight,274,0.03191641652350441,0.45927873181750717,-0.07449343822866672
ICIR weight,275,0.15286320997923997,2.439221945593048,-0.015035527567789031
ICIR weight,276,0.11391184508753271,1.3946254981133102,-0.07377097959274881
ICIR weight,277,0.15232141389071252,2.512989486193124,-0.015803799856286327
ICIR weight,278,0.11591327305322174,1.4230566153661544,-0.051709682089562836
ICIR weight,279,0.10492479629797691,1.3098064231704822,-0.07449343822866683
ICIR weight,280,0.08837365599548863,1.1454948387562558,-0.07377097959274892
ICIR weight,281,-0.019924707726270863,-0.302322691115939,-0.12100052039613973
ICIR weight,282,0.2315998800011425,3.2611044405298757,-0.02697541948411064
ICIR weight,283,0.1545059370642945,2.104766952305773,-0.03060170895566039
ICIR weight,284,0.05487798304728697,1.0863741025473925,-0.028492745841560696
ICIR weight,285,0.2250362736916689,2.6762132830255796,-0.026975419484110752
ICIR weight,286,0.20212826405641748,2.463620270127243,-0.029844988046336507
ICIR weight,287,0.05348910364080939,0.7502877772039134,-0.07449343822866661
ICIR weight,288,0.0601333494550671,0.9201160604727506,-0.07866184124324394
ICIR weight,289,0.15275443614963957,2.1450157758909176,-0.025548065650042084
ICIR weight,290,0.15457493762669983,2.009091250874097,-0.04160535738859372
ICIR weight,291,0.09875121344010451,1.3238409394627737,-0.07241227132373174
ICIR weight,292,0.14646791949783067,2.0628422809566676,-0.04883537342845157
ICIR weight,293,0.012998454482848087,0.1934353418358958,-0.07929324402239368
ICIR weight,294,0.04605912226809217,0.7337762370898879,-0.06523861342524406
ICIR weight,295,0.15638044173109145,1.9158488004004943,-0.026975419484110752
ICIR weight,296,0.2141416599441579,2.994096080225348,-0.0015593916000000707
ICIR weight,297,0.1681315143133708,2.655693264696919,-0.027734378656913194
ICIR weight,298,0.31341189732110597,5.176806816813529,-0.0007800000000000029
ICIR weight,299,0.027559635875135546,0.46142150441561514,-0.03340354875124274
ICIR weight,300,0.053840013936840014,0.7415275331426131,-0.07377097959274892
ICIR weight,301,0.05836483422626704,0.7981974096946696,-0.07449343822866639
ICIR weight,302,0.06167339986938969,0.9144330378039353,-0.0479368363409205
ICIR weight,303,0.02026929816185863,0.354641481726718,-0.049577281837177245
ICIR weight,304,0.020794924227127476,0.3391782169766833,-0.11484029045623734
ICIR weight,305,0.09978189865299791,1.1897534540667272,-0.07449343822866661
ICIR weight,306,0.269001001000708,4.336328914410477,-0.0007800000000000029
ICIR weight,307,0.1171026617293982,1.7154576464274656,-0.048835373428451456
ICIR weight,308,0.1333632415242587,2.0939293835689177,-0.042352905209830594
ICIR weight,309,0.12361199129197775,2.122237529159736,-0.024787399821903144
ICIR weight,310,0.018851820794230978,0.36390638215966137,-0.046666066457639266
ICIR weight,311,0.01265166864739875,0.22411820228730606,-0.07722287033857755
ICIR weight,312,0.35937762039786336,5.083299738897103,-0.0007800000000000029
ICIR weight,313,0.1205034872962869,1.8904351033048994,-0.051709682089562614
ICIR weight,314,0.18346342383359726,2.146187783447768,-0.05407271871834485
ICIR weight,315,0.12659169714404417,2.1243396550355307,-0.015803799856286216
ICIR weight,316,0.2416885204948469,2.6636560869001014,-0.07449343822866672
ICIR weight,317,0.04395831748530421,0.6329493737962866,-0.08284182681907781
ICIR weight,318,0.11139849932784829,1.3020981586080846,-0.07377097959274892
ICIR weight,319,0.1903701735747867,2.5452570820050044,-0.0480928858794375
ICIR weight,320,0.023267944687549003,0.33546308334510566,-0.07729021120791746
ICIR weight,321,0.26981268201794295,3.353728267301126,-0.015035527567789142
ICIR weight,322,-0.005007294011633356,-0.05238896031697293,-0.08837654177624832
ICIR weight,323,0.0043875971136868586,0.1102421099837687,-0.06386738881716747
ICIR weight,324,0.08625151358947347,1.1686661739960573,-0.0480928858794375
ICIR weight,325,0.13380170899232513,1.5110605150448644,-0.049577281837177245
ICIR weight,326,0.08806083952603982,1.0709854833628818,-0.07449343822866639
ICIR weight,327,0.2383755971734023,3.4898604860930753,-0.027734378656913083
ICIR weight,328,0.1216836343421206,1.3772074931644487,-0.07377097959274881
ICIR weight,329,0.14338596312723784,1.9095984705997306,-0.049577281837177245
ICIR weight,330,0.06210167260619759,0.8357545900371762,-0.07377097959274881
ICIR weight,331,0.21816122953841743,2.99025886874772,-0.024787399821903144
ICIR weight,332,0.10886282301937888,1.6750290555889993,-0.042352905209830816
ICIR weight,333,0.13313758580391744,1.775626548978171,-0.06386738881716747
ICIR weight,334,0.10605374331132666,1.2258668751811668,-0.07449343822866661
ICIR weight,335,0.09436894407693175,1.2673926365764558,-0.06325976681147849
ICIR weight,336,0.13324897797497615,1.4860019871478243,-0.07377097959274892
ICIR weight,337,0.23814159838759497,3.531031449805084,-0.015035527567789031
ICIR weight,338,0.17439061719192406,2.2868619924285314,-0.015803799856286216
ICIR weight,339,0.05548955109926568,0.737353569167942,-0.07887102333057983
ICIR weight,340,0.05477729226825456,0.7456234394827159,-0.05096943825139877
ICIR weight,341,0.07302009778770491,0.963386121194146,-0.05096943825139866
ICIR weight,342,0.05072758094928154,0.6948801993810826,-0.05096943825139866
ICIR weight,343,0.13147183343834445,1.9650909458711467,-0.016571472892398242
ICIR weight,344,0.047630856875963135,0.591752978299969,-0.09934099286713416
ICIR weight,345,0.07661918130480827,1.3060913825985678,-0.050318611557344295
ICIR weight,346,0.08331537530351008,1.0847618743997127,-0.06240531153577178
ICIR weight,347,0.15415873620520215,1.977827862773288,-0.0480928858794375
ICIR weight,348,0.24038891933455564,3.7798591419816274,-0.015803799856286327
ICIR weight,349,0.14202243605637843,1.5134805818070063,-0.07377097959274892
ICIR weight,350,0.14890750401574815,2.1316118353369164,-0.03060170895566028
ICIR weight,351,0.13777642638208998,1.9763283247899894,-0.039450235756336105
ICIR weight,352,0.19351692168326884,2.4423445952233758,-0.048835373428451456
ICIR weight,353,0.16770225076488776,1.928046541126939,-0.05096943825139877
ICIR weight,354,0.06876581245118185,0.9386761457241938,-0.10958377446283263
ICIR weight,355,0.18106821281743413,2.4551194374667276,-0.024787399821903144
ICIR weight,356,0.14651001151764165,2.278926172603881,-0.015803799856286216
ICIR weight,357,0.1397590350814879,1.522071135392101,-0.05096943825139866
ICIR weight,358,0.1299429757174959,2.182913594419216,-0.015803799856286216
ICIR weight,359,0.1873727566879806,2.3157568961839536,-0.05109416879789752
ICIR weight,360,0.09226999936851388,1.3939539063536985,-0.06386738881716758
ICIR weight,361,0.027440160427691707,0.44366580872455375,-0.07521533334684827
ICIR weight,362,0.09992366827178945,1.117577032293427,-0.05096943825139866
ICIR weight,363,0.12261461552871711,1.5869604452645163,-0.05096943825139866
ICIR weight,364,0.10457199934801609,1.5672627160001527,-0.051709682089562614
ICIR weight,365,0.03651995020588328,0.5265368480813762,-0.0579744084575915
ICIR weight,366,0.10117381335101094,1.5466454358673758,-0.027734378656913194
ICIR weight,367,0.34227908993356815,4.432598541672474,-0.0007800000000001139
ICIR weight,368,0.06047629432721502,0.7222619806082354,-0.11561217552037573
ICIR weight,369,0.14671511428015815,2.023920506891881,-0.024787399821903255
ICIR weight,370,0.11120749442824795,1.392938817966651,-0.08840891765234915
ICIR weight,371,0.04762702633632987,0.5820085100390369,-0.12515872914234294
ICIR weight,372,0.22198419732344732,2.583873321447101,-0.024787399821903033
ICIR weight,373,0.17054270337530952,1.8085354385698893,-0.051709682089562725
ICIR weight,374,0.060250131306420096,0.8602364470073278,-0.07141396310000825
ICIR weight,375,0.13069254050980095,1.4994999677851173,-0.0744934382286665
ICIR weight,376,0.10673342767964367,1.2832764354300896,-0.026975419484110752
ICIR weight,377,0.014519077585050999,0.24086697139972577,-0.09620296857294541
ICIR weight,378,0.13410725903265353,1.6255779746085712,-0.05096943825139866
ICIR weight,379,0.16035290296336058,2.0702384069801854,-0.0480928858794375
ICIR weight,380,0.1217640780184428,1.4940546251110263,-0.07722287033857744
ICIR weight,381,0.23211882888642665,3.1299499023413024,-0.0007800000000001139
ICIR weight,382,0.05398644655743157,0.9464975306237101,-0.04666606645763893
ICIR weight,383,0.163292064534307,2.085233228091815,-0.048835373428451456
ICIR weight,384,0.15487979093958848,1.7291431283668777,-0.07377097959274903
ICIR weight,385,0.06682544788195588,1.138036157972928,-0.04517712368482496
ICIR weight,386,0.1444107253988911,1.8790023179031259,-0.015803799856286327
ICIR weight,387,0.06763951914282362,1.3994166458326938,-0.017338547143542216
ICIR weight,388,0.13073509571994868,1.590171091790888,-0.06313663539277392
ICIR weight,389,0.070831290090134,0.9594443372464476,-0.1141493269312438
ICIR weight,390,0.14174769972200618,1.7784330995872546,-0.051709682089562614
ICIR weight,391,0.1927819552250274,2.407743508598177,-0.024787399821903033
ICIR weight,392,-0.0025062597256508834,-0.0007908145525437195,-0.05096943825139866
ICIR weight,393,0.1418308120389269,1.637194986952099,-0.09731570012940483
ICIR weight,394,0.24106592334636723,3.1994278573424877,-0.027734378656913194
ICIR weight,395,0.17938930675735554,2.550358897218387,-0.015803799856285994
ICIR weight,396,0.06277489859643759,0.7447837151923137,-0.12098035245504979
ICIR weight,397,0.06077632109951847,0.9247113748206021,-0.03340354875124285
ICIR weight,398,0.1684144693434788,2.095184436267285,-0.026975419484110863
ICIR weight,399,0.13976488912098062,1.8296714122018924,-0.015803799856286216
ICIR weight,400,0.23591597655197183,2.8853335248903194,-0.042352905209830594
ICIR weight,401,0.021217502140101763,0.3706276935075909,-0.06313663539277392
ICIR weight,402,0.22554610266758957,2.8479820961478626,-0.015035527567789142
ICIR weight,403,0.0938357615374048,1.058677097876685,-0.07449343822866672
ICIR weight,404,0.03970769195207402,0.5189395847331919,-0.1427689639100549
ICIR weight,405,0.2551939246704322,3.119221073398858,-0.024787399821903144
ICIR weight,406,0.0830832399571988,1.4310958503221396,-0.016571472892398353
ICIR weight,407,0.09720807724806124,1.3831238257012086,-0.049577281837177245
ICIR weight,408,0.047681396551065625,0.6578919424048887,-0.09661105675367265
ICIR weight,409,0.11168477631461937,1.7390628608311434,-0.015803799856286105
ICIR weight,410,0.20819410255441873,3.2422956707735158,-0.0015593915999999597
ICIR weight,411,0.09195680631262948,1.5228840645579136,-0.0306017089556605
ICIR weight,412,0.007364045058133151,0.12691770218885265,-0.13924527599354397
ICIR weight,413,0.11215866744724967,1.7298104367927167,-0.03060170895566039
ICIR weight,414,0.09323869486285297,1.3911382047947018,-0.05096943825139855
ICIR weight,415,0.15333521046068932,1.9574046478881253,-0.05096943825139877
ICIR weight,416,0.13018918591012207,1.8743159219822614,-0.05096943825139866
ICIR weight,417,0.03140429337721229,0.4472144351099808,-0.06313663539277348
ICIR weight,418,0.1382786972133092,1.5018754586837022,-0.07377097959274903
ICIR weight,419,0.201517393707336,2.7625890499838053,-0.025548065650041973
ICIR weight,420,0.17810347449185393,2.03521694669109,-0.05650312735976992
ICIR weight,421,0.07765183062988879,1.2076316258429578,-0.05312044041032804
ICIR weight,422,0.18252614375212128,2.099017600516497,-0.0967297886482329
ICIR weight,423,0.09782370453690481,1.184284257169224,-0.05836763388836763
ICIR weight,424,0.2066556961980235,2.8767778569201985,-0.015803799856286105
ICIR weight,425,0.1378296256506908,1.830977300677515,-0.0524493485375328
ICIR weight,426,0.04239132199969475,0.6414522991167139,-0.07377097959274892
ICIR weight,427,0.06107750469256579,0.732006695254089,-0.0744934382286665
ICIR weight,428,0.13356038521008928,1.516998449786396,-0.029844988046336396
ICIR weight,429,0.015288358786270884,0.2593406034379804,-0.13947198972661823
ICIR weight,430,0.16746532098214129,2.1809576023669472,-0.039450235756336105
ICIR weight,431,0.07666300440776586,1.0342645141022588,-0.05096943825139866
ICIR weight,432,0.27153102076649405,4.364648360520251,-0.0007800000000000029
ICIR weight,433,0.04899860383266974,0.6389494829930705,-0.1088887076548033
ICIR weight,434,0.10151247441514055,1.1871940857225705,-0.09599153019354267
ICIR weight,435,0.15967597500556074,2.077044012847703,-0.015035527567789253
ICIR weight,436,0.1526653109836018,1.8141167433307062,-0.05096943825139877
ICIR weight,437,0.09066066081625679,1.412805061708698,-0.057974408457591275
ICIR weight,438,0.20294532885183503,2.6007554022089177,-0.048835373428451456
ICIR weight,439,0.17854944406739737,2.540397553064551,-0.026975419484110752
ICIR weight,440,0.13103802439741785,2.0270142675276164,-0.015803799856286216
ICIR weight,441,0.16369092763284887,2.7822485375915234,-0.0015593915999999597
ICIR weight,442,0.110968641609694,1.262114622748513,-0.07449343822866639
ICIR weight,443,0.04268516687521906,0.603549557693952,-0.06523861342524406
ICIR weight,444,0.19960660353219706,2.7109065786850888,-0.015803799856286216
ICIR weight,445,0.1675280703295703,2.358330099177125,-0.015035527567789031
ICIR weight,446,0.1609781068946945,1.9298651846352908,-0.026975419484110863
ICIR weight,447,0.1953729780209792,2.424239628769198,-0.026975419484110752
ICIR weight,448,0.12515872888841528,1.593316799337957,-0.05619503285793337
ICIR weight,449,-0.08917341753536823,-1.5997717047064168,-0.2136830192781417
ICIR weight,450,0.026380896027732526,0.4022689953325236,-0.0703030510719419
ICIR weight,451,-0.002776910227863305,0.003050405241933955,-0.12250953915304474
ICIR weight,452,0.09694805075411783,1.68081609077121,-0.03060170895566028
ICIR weight,453,0.20782613890603163,2.7507727498040935,-0.025548065650042084
ICIR weight,454,0.08543484762229148,1.0495790100927151,-0.06649955044874667
ICIR weight,455,0.10492509233341885,1.1237629713686115,-0.13405083332955026
ICIR weight,456,0.1593804762056492,2.1484392205790903,-0.05109416879789774
ICIR weight,457,0.10301223154918127,1.3118067831993707,-0.07241227132373174
ICIR weight,458,0.04760203718804035,0.7464897834717334,-0.07449343822866661
ICIR weight,459,0.008740710046662992,0.14926942264789186,-0.05096943825139866
ICIR weight,460,0.166678985687565,2.0315683799144595,-0.07449343822866661
ICIR weight,461,0.02963886366644175,0.47573930982061724,-0.055919317051876916
ICIR weight,462,0.0717873449211317,1.1486072890667853,-0.03060170895566028
ICIR weight,463,0.19391820376770408,2.5348238278686033,-0.025548065650042084
ICIR weight,464,0.057123899676646994,0.8232722495648028,-0.05675163450376142
ICIR weight,465,0.09212471313904902,1.0615712822324168,-0.09104367799329027
ICIR weight,466,0.12397914880715266,1.630569940136458,-0.051709682089562614
ICIR weight,467,0.05804180067154374,0.8817863076769177,-0.0744934382286665
ICIR weight,468,0.18044512603184693,2.049253897879158,-0.07377097959274892
ICIR weight,469,-0.00214191802852004,0.00020610488598877841,-0.10397857999972271
ICIR weight,470,0.0168958731794302,0.24776521401797494,-0.1427689639100551
ICIR weight,471,0.08232792950277856,1.1784753917706297,-0.06313663539277381
ICIR weight,472,0.14017151653349136,1.8405509256478814,-0.0480928858794375
ICIR weight,473,0.11952455883934965,1.739687519228692,-0.049577281837177245
ICIR weight,474,0.09437888629407842,1.3931399125067025,-0.04160535738859383
ICIR weight,475,0.2133607239803963,2.5999442334145857,-0.07377097959274881
ICIR weight,476,-0.003048684958112502,-0.01801852824211626,-0.11031093281217508
ICIR weight,477,0.14484519741472246,1.7303207719175902,-0.05096943825139866
ICIR weight,478,0.05123132410952014,0.6601883052988544,-0.08840891765234915
ICIR weight,479,0.15268993776202522,1.707885412054479,-0.07449343822866639
ICIR weight,480,0.13368092277886467,1.6374312021340283,-0.08635904218978618
ICIR weight,481,0.14499935368789796,1.9689461151188052,-0.024787399821903144
ICIR weight,482,-0.04837796347673662,-0.8072706731882668,-0.14964828843835754
ICIR weight,483,0.1140215587043032,1.2624751354338304,-0.048835373428451456
ICIR weight,484,0.0022771336928817387,0.06596505110496935,-0.13804552043755536
ICIR weight,485,0.06147617090027313,0.9614889926111438,-0.08769732156316845
ICIR weight,486,0.10078817922335404,1.1233126708904746,-0.0744934382286665
ICIR weight,487,0.1152980793319589,1.4571148958543834,-0.0480928858794375
ICIR weight,488,0.2891775905100413,3.8158368861231646,-0.015035527567789142
ICIR weight,489,0.0962763203753767,1.2275004863640018,-0.051709682089562725
ICIR weight,490,-0.0039039754590451947,-0.00829032167230253,-0.12316379234771957
ICIR weight,491,0.23633171551560128,2.8319125081037027,-0.0007800000000000029
ICIR weight,492,0.08294089015392747,0.9962209166594174,-0.08635904218978663
ICIR weight,493,0.1532085607892566,2.455384563612312,-0.0023381752745520457
ICIR weight,494,0.1639055238062539,1.8302468061015715,-0.0744934382286665
ICIR weight,495,0.1977324470093842,2.8621987238826465,-0.026975419484110752
ICIR weight,496,0.04412601019573881,0.5820504395928436,-0.09934099286713416
ICIR weight,497,0.027586143092353854,0.4109648807343899,-0.05031861155734463
ICIR weight,498,0.157425204693608,2.1427339036833537,-0.030601708955659945
ICIR weight,499,0.12679801358252418,1.8251683245239712,-0.039450235756336216
Single: alpha005,0,-0.08139618205107824,-0.6590026477606212,-0.20251805833207026
Single: alpha005,1,-0.24461005919445433,-1.8939779266635766,-0.4362077340383762
Single: alpha005,2,0.05843328125166547,0.7068795980915507,-0.0686307569390715
Single: alpha005,3,-0.11105641760198526,-0.7855462781254408,-0.19888818995691904
Single: alpha005,4,0.00025720248478555696,0.05490851704946271,-0.11137513353062145
Single: alpha005,5,-0.1389460956732982,-1.1688301860241737,-0.2650701159023269
Single: alpha005,6,-0.10625487470564965,-0.8427878040263964,-0.2734210743445309
Single: alpha005,7,-0.15681556725964607,-1.2680079102072193,-0.3266790876056105
Single: alpha005,8,0.009350937942611548,0.1392885510910263,-0.10944153618278007
Single: alpha005,9,-0.05391081358630467,-0.6030440179899055,-0.14013651261814153
Single: alpha005,10,-0.10421634424069204,-0.9148896957592808,-0.23536676915529176
Single: alpha005,11,0.02146460002176842,0.2266333490378599,-0.08974338839072671
Single: alpha005,12,-0.10785853305115323,-1.0444526126098417,-0.23887575697827523
Single: alpha005,13,-0.208878785201986,-1.3871204176562186,-0.3460323361386376
Single: alpha005,14,-0.060571871753701934,-0.5917926365604755,-0.12029171271641759
Single: alpha005,15,-0.114481625201863,-0.9779256791457013,-0.2230143953695336
Single: alpha005,16,-0.16989098378964895,-1.3945085317872732,-0.3554426743880068
Single: alpha005,17,-0.0071153484553707624,-0.05525589213330091,-0.07275885118833281
Single: alpha005,18,0.05808738075458275,0.5945510960995668,-0.0910253712762622
Single: alpha005,19,-0.045056464960933296,-0.3495227813879229,-0.17366711567293225
Single: alpha005,20,-0.01266358326147421,-0.06288883664387623,-0.09092241191905959
Single: alpha005,21,-0.1825535235275625,-1.4402779018153764,-0.38900241822976456
Single: alpha005,22,-0.08596520590007972,-0.7603940143166426,-0.18279586041335882
Single: alpha005,23,-0.06291770286887921,-0.7464524459630509,-0.17447951497196645
Single: alpha005,24,-0.006585220994770324,-0.03483142549855969,-0.07509642880470846
Single: alpha005,25,-0.04493970463646235,-0.30071538441559015,-0.22165298386046195
Single: alpha005,26,-0.17123070849264777,-1.2374472589929153,-0.31991679113417093
Single: alpha005,27,-0.08114367243035048,-0.6884913553704117,-0.19701050686443278
Single: alpha005,28,-0.11107629948971143,-0.8293108483994526,-0.2714080149698157
Single: alpha005,29,-0.12710501316710643,-1.0063522406529128,-0.24668370163837228
Single: alpha005,30,-0.20322100692150113,-1.933570130693076,-0.3410440299966957
Single: alpha005,31,-0.057337077476716014,-0.5646324555166301,-0.11298978067069354
Single: alpha005,32,-0.10611267559521287,-0.9847781639608965,-0.22890190937669197
Single: alpha005,33,-0.06276236448982386,-0.6183744337178105,-0.1600925553733541
Single: alpha005,34,0.008460104655822143,0.12950947761660228,-0.08974338839072671
Single: alpha005,35,-0.018444674391111304,-0.15420618277900466,-0.12046849322487607
Single: alpha005,36,-0.02204192941471106,-0.13443358208468564,-0.13429833345383047
Single: alpha005,37,0.09073926123272447,1.204883413855517,-0.03880406466964881
Single: alpha005,38,-0.12034649634158712,-1.4776805335782492,-0.22085696954371725
Single: alpha005,39,-0.2169466072748546,-1.9588034958166238,-0.3927723242324678
Single: alpha005,40,-0.02659656361468188,-0.30248817110879805,-0.13653000000019633
Single: alpha005,41,-0.09024768511472903,-0.7725694726014203,-0.1678157869095256
Single: alpha005,42,-0.030935265805437817,-0.2994294416088161,-0.13347994985794565
Single: alpha005,43,-0.023233937849985176,-0.22038306342579797,-0.1613245513078464
Single: alpha005,44,-0.04321186545388034,-0.3473673208275115,-0.17160877052324675
Single: alpha005,45,0.11106405857083423,1.284570028891488,-0.052316016262362486
Single: alpha005,46,-0.03001535260028576,-0.22701937726401095,-0.14197067357579152
Single: alpha005,47,-0.09298908673618267,-0.7770700017379458,-0.23591107916905807
Single: alpha005,48,-0.05966351726365837,-0.48407666788647896,-0.18279586041335893
Single: alpha005,49,-0.08972700543460554,-0.8661102513080849,-0.2027471612266023
Single: alpha005,50,0.01657434342206998,0.20367974976080955,-0.13693722186954027
Single: alpha005,51,-0.017966836410737597,-0.2661039315182325,-0.09421181319016914
Single: alpha005,52,-0.06103208548500638,-0.4827475227502785,-0.19380094745031684
Single: alpha005,53,-0.09402155040897098,-0.7240456078236476,-0.2165924214082613
Single: alpha005,54,-0.08258218434858788,-0.6894878418548741,-0.1341301476137231
Single: alpha005,55,0.02943961975637932,0.40888883634488754,-0.0651141067493769
Single: alpha005,56,0.06668257960595758,0.8279939195344641,-0.06586823453993407
Single: alpha005,57,-0.20960945203435988,-1.9146537861393669,-0.3511333295904835
Single: alpha005,58,-0.13863964877938562,-1.1665490213827043,-0.317405339340339
Single: alpha005,59,-0.028103847284343897,-0.1780066306511897,-0.1566274337837329
Single: alpha005,60,0.03624401103983277,0.43633363847975326,-0.10611871241831417
Single: alpha005,61,-0.11699475162086781,-0.8503680622595847,-0.17738489589835738
Single: alpha005,62,0.0012068851006352688,0.06006935105327227,-0.12195015874277015
Single: alpha005,63,-0.06659705372984603,-0.6461888866160971,-0.15398136682482988
Single: alpha005,64,0.0102111759742054,0.1421926563818212,-0.10188944510552023
Single: alpha005,65,-0.06606141245810027,-0.6909482700709964,-0.1913620300545179
Single: alpha005,66,-0.1158780750233267,-1.286761586485111,-0.2529027655578129
Single: alpha005,67,-0.13776313502256254,-1.365523798077609,-0.2802572218806848
Single: alpha005,68,-0.028942764593935077,-0.19092846982322415,-0.155372424981722
Single: alpha005,69,0.046635629546913915,0.41789699293069565,-0.16892354250061414
Single: alpha005,70,-0.0009329629952469221,0.02610285183122113,-0.07707011400368136
Single: alpha005,71,-0.03122449944570438,-0.2872944540461584,-0.08236838783346823
Single: alpha005,72,0.004736415655779869,0.09543650695901551,-0.07443058655866097
Single: alpha005,73,0.02975942761170547,0.3095486207922351,-0.10188944510552023
Single: alpha005,74,-0.1347623398355059,-1.0030488410287413,-0.27598787799719093
Single: alpha005,75,-0.1978962861531396,-1.4989369876195382,-0.34031740302934277
Single: alpha005,76,-0.005599828183136313,0.010978255990176987,-0.14850662833350858
Single: alpha005,77,-0.06350377745406643,-0.8343133884830197,-0.14367879495575375
Single: alpha005,78,-0.07871369032125941,-0.8169288954320518,-0.16431669870782295
Single: alpha005,79,-0.03349410754069537,-0.30156474542228434,-0.16898137679346126
Single: alpha005,80,0.0023105628011470536,0.0740420039209025,-0.12587820023125962
Single: alpha005,81,-0.023756671739466495,-0.15953033604142203,-0.16491576798151686
Single: alpha005,82,-0.17475453245138073,-1.6106911806200361,-0.27698473860327344
Single: alpha005,83,-0.04915892237546504,-0.4249707986198602,-0.10905714326873084
Single: alpha005,84,-0.20421153686994098,-1.8283453577502888,-0.35071870878566935
Single: alpha005,85,-0.14085928171392736,-1.1208957496933731,-0.2617636240339811
Single: alpha005,86,0.0034991689525400993,0.09006424099336423,-0.09827906741721504
Single: alpha005,87,-0.1871566392499049,-1.8319096243296025,-0.31909009225427376
Single: alpha005,88,-0.07295755689941608,-0.7108389384989966,-0.16675183122110204
Single: alpha005,89,-0.10932142395473154,-0.7233216978872998,-0.25828109363139806
Single: alpha005,90,-0.10694662894887308,-0.805169635285208,-0.22382075428448767
Single: alpha005,91,-0.12136543423264201,-1.007464742202783,-0.2571245352666778
Single: alpha005,92,-0.19422024828056406,-1.364527684283585,-0.3363035051802451
Single: alpha005,93,-0.07999548786641009,-0.7633684395777105,-0.13525516420001105
Single: alpha005,94,-0.1373046594757401,-1.2793729563331067,-0.2595294867429575
Single: alpha005,95,-0.09766556999338372,-0.8187145793895846,-0.19354067719532597
Single: alpha005,96,-0.0918043381799688,-0.8115532754762129,-0.20012511273016764
Single: alpha005,97,0.00605558371248649,0.10818967522056126,-0.09894951010277997
Single: alpha005,98,-0.06441693367207757,-0.5962691700499,-0.17316466444766954
Single: alpha005,99,-0.02923681827425917,-0.17866095934219287,-0.201686144129248
Single: alpha005,100,-0.10386769407464103,-0.7889146674590515,-0.2692746543162967
Single: alpha005,101,-0.007984455922014133,-0.01778364368111966,-0.1601279050001405
Single: alpha005,102,-0.09630470319756734,-1.0678553447712078,-0.21880312956772463
Single: alpha005,103,-0.024791376502067308,-0.2245778752765962,-0.10033409231948143
Single: alpha005,104,-0.06357556999180491,-0.4553212410051164,-0.18901260389846963
Single: alpha005,105,0.01153578557054269,0.18486029311744667,-0.07694189016070163
Single: alpha005,106,0.015551904895845903,0.18347540565553394,-0.11837047938090695
Single: alpha005,107,-0.10088912406225514,-0.7897456502136283,-0.19467161971777713
Single: alpha005,108,-0.02990360535919523,-0.17163936225246532,-0.2249579750407662
Single: alpha005,109,-0.20508949030847623,-1.6422415020000098,-0.3779326724652665
Single: alpha005,110,-0.1185234156131797,-0.9423595130165493,-0.25348820611148537
Single: alpha005,111,-0.15974030830306607,-1.282509933745685,-0.33176366367287746
Single: alpha005,112,-0.011182934443341286,-0.08416819206745127,-0.13043748221416196
Single: alpha005,113,-0.16570740851686616,-1.4743493100407699,-0.3086132866461446
Single: alpha005,114,-0.09124342446330624,-0.7307959707464445,-0.19430947566567236
Single: alpha005,115,-0.046863274859624604,-0.4416586968974018,-0.14873647134335433
Single: alpha005,116,-0.1408268037768653,-1.2016407343473934,-0.3155022664262761
Single: alpha005,117,-0.033470344935387586,-0.32258494294321377,-0.11583173884997833
Single: alpha005,118,-0.027679676248656748,-0.2930842974597207,-0.1247180636691092
Single: alpha005,119,-0.10180467814880922,-0.7934652350303377,-0.1452787879982893
Single: alpha005,120,-0.03872840203617578,-0.35660309438258303,-0.11707274655028266
Single: alpha005,121,0.015119846250359892,0.2253930831753336,-0.08078776019249989
Single: alpha005,122,-0.22188987243115554,-2.0586936798524227,-0.40288752122861204
Single: alpha005,123,-0.08739957319722558,-0.8170213949560059,-0.23652533001392806
Single: alpha005,124,-0.08188098825567547,-0.780417426863427,-0.19887102873372786
Single: alpha005,125,-0.048554056851447536,-0.29135356852761324,-0.19081025085167447
Single: alpha005,126,0.006830216662679689,0.11592323372743127,-0.15124891517507233
Single: alpha005,127,0.05797548731448354,0.6737628805668899,-0.0839893902193698
Single: alpha005,128,-0.04580533182524493,-0.37364062039718465,-0.09129090503601411
Single: alpha005,129,-0.04719286005528178,-0.30801776649845297,-0.2356367864413791
Single: alpha005,130,-0.17604434297514682,-1.577906963542776,-0.30113676721564786
Single: alpha005,131,0.02791497148550315,0.3546018656015128,-0.07713284633133333
Single: alpha005,132,-0.15350402459811396,-1.2818719023307563,-0.2863508005052374
Single: alpha005,133,-0.10485557630318187,-1.0083708974468515,-0.15506190113361262
Single: alpha005,134,-0.16390168915124703,-1.319784012694532,-0.3339562412285838
Single: alpha005,135,0.026913608038793946,0.28619190711622533,-0.13905988923461465
Single: alpha005,136,0.010459417320739295,0.1557179983002994,-0.07704164239753508
Single: alpha005,137,0.0102988633921417,0.14490082905115595,-0.1403928171487181
Single: alpha005,138,-0.024282537823476447,-0.2560693257951578,-0.11688588380638432
Single: alpha005,139,-0.07036486912059303,-0.6487411667041512,-0.19465369791115128
Single: alpha005,140,0.05263396470009152,0.60671485343523,-0.08137930488467204
Single: alpha005,141,-0.16849742841686244,-1.2659777734201194,-0.32130205522731825
Single: alpha005,142,-0.08077832224003334,-0.5747807828392147,-0.26621915029385546
Single: alpha005,143,-0.039885420445728625,-0.3007990086929424,-0.1957675060007138
Single: alpha005,144,0.03308828864260982,0.40243193444299735,-0.08340479474148665
Single: alpha005,145,-0.0043092687494388215,0.007017995575137434,-0.07788941879571787
Single: alpha005,146,-0.04006952543226061,-0.3820730784091967,-0.16153394892660067
Single: alpha005,147,-0.034377748705504585,-0.38330716285711697,-0.11767056523253516
Single: alpha005,148,-0.048708524668737097,-0.4888448488759369,-0.17481231313223866
Single: alpha005,149,-0.2542945715759005,-2.0915325567332737,-0.4129651557422225
Single: alpha005,150,-0.019199898528759585,-0.0933252549348039,-0.17037502703367657
Single: alpha005,151,-0.043968232247952654,-0.3174071413141584,-0.20035354787395954
Single: alpha005,152,-0.11454805546634561,-0.8462004491694414,-0.2575385117343407
Single: alpha005,153,-0.040296138285402794,-0.32334455574562954,-0.15370142659846564
Single: alpha005,154,-0.06529039004207582,-0.5853818953227994,-0.17037502703367624
Single: alpha005,155,0.0918618203078565,0.821917070076076,-0.12587820023125962
Single: alpha005,156,-0.020357732581522847,-0.13346330594669814,-0.13741533893569724
Single: alpha005,157,-0.0782549456421705,-0.5573070496774936,-0.20004643610572226
Single: alpha005,158,-0.013773878517436944,-0.1421365245522801,-0.062053718931641466
Single: alpha005,159,-0.16178023991497958,-1.1798861285668258,-0.3863303941967787
Single: alpha005,160,-0.09383205400776784,-0.608699183051884,-0.1993426792958668
Single: alpha005,161,0.020721671252948548,0.2606365314648216,-0.133807868183209
Single: alpha005,162,-0.1421522435661584,-1.1721296857609504,-0.2796458961597078
Single: alpha005,163,-0.06194843596765465,-0.6429473834279751,-0.090646848415039
Single: alpha005,164,-0.09354734175567647,-0.6787228184362116,-0.20274716122660252
Single: alpha005,165,-0.0179678629852551,-0.1485639939206283,-0.106846284827113
Single: alpha005,166,-0.09679302697917336,-0.7199427687153693,-0.21550462814445082
Single: alpha005,167,-0.16848835085777147,-1.4909292034964894,-0.2547341496971549
Single: alpha005,168,-0.16367833922420805,-1.4150189228500922,-0.3334303843241958
Single: alpha005,169,0.023727147547859095,0.3527480387365122,-0.08693002868125188
Single: alpha005,170,-0.04591889479087763,-0.5128501732222196,-0.15822927291162137
Single: alpha005,171,0.08196699836671772,0.8603361200086178,-0.08520019482685737
Single: alpha005,172,-0.007407092671317006,-0.01400213611362405,-0.13693722186954027
Single: alpha005,173,0.03321383417104351,0.4590691665832392,-0.0878026470783071
Single: alpha005,174,-0.12630582600695317,-1.1533429796256993,-0.2873326609129473
Single: alpha005,175,0.005334802895262669,0.11733540853961456,-0.09412437699716703
Single: alpha005,176,-0.09247908898686241,-0.692278345590386,-0.24037520559848213
Single: alpha005,177,-0.004991355694586752,0.0025716558141434323,-0.07437579132006134
Single: alpha005,178,-0.02780305311917486,-0.16914799601863031,-0.0927640516212681
Single: alpha005,179,-0.06509053976304646,-0.7152218332740093,-0.12672373545966398
Single: alpha005,180,0.003636406345780996,0.08676741313154021,-0.08672469204868738
Single: alpha005,181,-0.07397283493609519,-0.6524249724785498,-0.12506324315171047
Single: alpha005,182,0.05217476961268064,0.5527117170308546,-0.08672469204868727
Single: alpha005,183,-0.0903972872903609,-0.722195582826173,-0.24233911330584956
Single: alpha005,184,0.03566748217611804,0.5252794495248994,-0.03560577836796375
Single: alpha005,185,-0.03382983421680186,-0.38870980453530346,-0.09166246689318047
Single: alpha005,186,0.0629115626570389,0.8844896694995704,-0.052316016262362486
Single: alpha005,187,-0.07834438380683362,-0.652853045380853,-0.18345505995489642
Single: alpha005,188,0.0054684736866981165,0.10516768815743878,-0.08143422979850812
Single: alpha005,189,0.015357394333796348,0.19433814026622317,-0.08672469204868738
Single: alpha005,190,-0.14773359484074444,-1.5163784741706063,-0.3111442200344773
Single: alpha005,191,-0.0036809365681153006,0.013501070590751283,-0.12516201112029712
Single: alpha005,192,-0.18384082363914056,-1.8119258673302772,-0.2988100273547224
Single: alpha005,193,0.0437928319235783,0.5301124815361427,-0.10905714326873095
Single: alpha005,194,-0.07212604874658313,-0.5217405647540599,-0.24317314153811553
Single: alpha005,195,-0.026298866273429367,-0.24617660356155038,-0.08695542214692586
Single: alpha005,196,-0.08606037713066483,-0.6705764980144047,-0.24904576025999903
Single: alpha005,197,-0.07995439768672519,-0.6843580999103284,-0.1720199958378429
Single: alpha005,198,-0.08239358557332821,-0.6186031271158211,-0.1370304905833174
Single: alpha005,199,-0.19511507918975368,-1.9088078668298303,-0.3468345669785218
Single: alpha005,200,-0.11614476883118574,-0.9172593392703462,-0.2237831844476016
Single: alpha005,201,-0.17474498880898182,-1.9074108681022677,-0.32532383426494127
Single: alpha005,202,0.038102252486175825,0.4177448408083804,-0.052316016262362486
Single: alpha005,203,-0.11262492543833114,-1.0412525831643933,-0.22139716498933837
Single: alpha005,204,-0.09018467315751322,-0.9162885737974852,-0.21708457717211205
Single: alpha005,205,-0.12117451556682557,-1.2441014281388003,-0.22940849283234066
Single: alpha005,206,-0.04514462692836374,-0.4792583987236913,-0.16848618742857868
Single: alpha005,207,-0.01699280760214983,-0.12547392033155283,-0.18855053509592679
Single: alpha005,208,-0.2551209770339653,-2.01127899306014,-0.433520459732482
Single: alpha005,209,-0.09240003631034999,-0.7114598671870097,-0.262854270397881
Single: alpha005,210,0.03550577344911132,0.3938646324279191,-0.08672469204868738
Single: alpha005,211,-0.07602459233128078,-0.6438182547699822,-0.18606332963216354
Single: alpha005,212,-0.06907407166608481,-0.9938802627817752,-0.1437030672902505
Single: alpha005,213,0.08373455803859997,1.064885999692648,-0.04086167106567773
Single: alpha005,214,-0.07494294599629725,-0.5671441104842696,-0.2446894860133273
Single: alpha005,215,-0.20772247629968066,-1.5406518422931403,-0.39703916338708123
Single: alpha005,216,-0.07804955565631988,-0.4672142987359968,-0.21790671330210665
Single: alpha005,217,-0.03466199845672446,-0.2756518844569452,-0.1661428977330921
Single: alpha005,218,-0.062064022044981404,-0.46930065950648203,-0.1927886611383024
Single: alpha005,219,-0.15460136042992512,-1.4990962087478543,-0.2332708519805633
Single: alpha005,220,-0.0004457269477531334,0.04452998265730579,-0.12767766171484407
Single: alpha005,221,-0.09364371329632215,-0.9639198303761292,-0.18603829008772643
Single: alpha005,222,-0.02201590387485919,-0.27784316024102396,-0.11216511733451406
Single: alpha005,223,-0.1598836205818096,-1.3662627837131924,-0.2871726384782797
Single: alpha005,224,0.032994841182872436,0.5511622590461521,-0.04464911782396397
Single: alpha005,225,0.011801822594083689,0.17434882629587078,-0.07946015552168695
Single: alpha005,226,-0.005589461908576232,-0.017661878259993363,-0.125617792520614
Single: alpha005,227,-0.05626168522147845,-0.6177950779714408,-0.158478023530488
Single: alpha005,228,-0.03966676912257028,-0.27648077767767415,-0.09814740008047695
Single: alpha005,229,-0.04089701982290905,-0.45975064097928114,-0.13455197208620806
Single: alpha005,230,-0.06488671333882379,-0.4232981418575299,-0.20014434145846205
Single: alpha005,231,-0.028004345952932108,-0.27593702595946806,-0.15240264885196564
Single: alpha005,232,-0.14603863169410192,-1.1873622861341873,-0.34653407437744743
Single: alpha005,233,-0.07347744708823112,-0.5235222227291286,-0.23504880658057203
Single: alpha005,234,-0.06997665573861367,-0.5614003284363833,-0.14532520527868775
Single: alpha005,235,-0.09109959746718677,-1.1074791651180462,-0.19880068545216178
Single: alpha005,236,-0.06748248433025095,-0.5988744638792806,-0.19558082767388352
Single: alpha005,237,-0.17638488239099437,-1.4098458374691123,-0.3164513244540511
Single: alpha005,238,1.9827103543867963e-05,0.033015536206738125,-0.07632502952898446
Single: alpha005,239,0.03285242477291117,0.37675363664755224,-0.12587820023125962
Single: alpha005,240,-0.07339730472346218,-0.6260761666064744,-0.1562854947518364
Single: alpha005,241,-0.017395574467403585,-0.15521322060639917,-0.11402361234412983
Single: alpha005,242,-0.056584667982488734,-0.6840256312902405,-0.15752954158843546
Single: alpha005,243,-0.04142847664473226,-0.4409956273801573,-0.1287350723124554
Single: alpha005,244,-0.08379467476475455,-0.8101571728661198,-0.1954125436644345
Single: alpha005,245,-0.06607092942724524,-0.3970046181862446,-0.23154213107964916
Single: alpha005,246,-0.01324322161489222,-0.09507954083818218,-0.11485790322287293
Single: alpha005,247,-0.1357704596574033,-1.0854407772369392,-0.28724634888668577
Single: alpha005,248,-0.06866973963236311,-0.5376672616755671,-0.13304469490740722
Single: alpha005,249,-0.0752155728145214,-0.6557181529893935,-0.19775174120270145
Single: alpha005,250,-0.005694211894353929,0.008886448389847713,-0.08974338839072682
Single: alpha005,251,-0.07056975687954459,-0.5545901620375823,-0.1229129601245772
Single: alpha005,252,-0.1919123849369665,-1.7354590090445512,-0.3484841211315458
Single: alpha005,253,-0.09850235381997097,-0.9671135404786817,-0.194380821823103
Single: alpha005,254,0.005250623786358544,0.10041869187059667,-0.10033409231948132
Single: alpha005,255,-0.03202332938709884,-0.19837689336657396,-0.20726560018761786
Single: alpha005,256,-0.15666330107769788,-1.4733951554504194,-0.2537257779262513
Single: alpha005,257,-0.18408832773520012,-1.5578054087084958,-0.31415517948298466
Single: alpha005,258,-0.0818713667003177,-0.6734418000667612,-0.160946226805458
Single: alpha005,259,-0.03568247369057587,-0.2887898889228412,-0.15474701330248553
Single: alpha005,260,-0.1375164492301727,-1.4637986051691232,-0.3045948145637952
Single: alpha005,261,-0.07621473779174803,-0.6221943631077418,-0.22723034749265525
Single: alpha005,262,-0.0646288601999081,-0.5444864221430336,-0.19634770878580232
Single: alpha005,263,-0.027491704040364384,-0.2533393315806821,-0.152159106802774
Single: alpha005,264,-0.10337011507775384,-0.8331187835703777,-0.24903174768540315
Single: alpha005,265,-0.16898856986023036,-1.3194222215387335,-0.2706782100588139
Single: alpha005,266,-0.024593609620399248,-0.18632985928738352,-0.15160328484921504
Single: alpha005,267,-0.10852095047409815,-0.8487337311091138,-0.21475589139547457
Single: alpha005,268,0.0680508664248951,0.9291483163603926,-0.05489450330250101
Single: alpha005,269,-0.09359722578507423,-0.6546081782973665,-0.28558032273363054
Single: alpha005,270,0.09622200493105915,0.9335474285861863,-0.025142116492094635
Single: alpha005,271,-0.11586869355048024,-0.8074430391323845,-0.263986495176342
Single: alpha005,272,-0.15051706643654472,-1.3102164256714586,-0.2935080865240991
Single: alpha005,273,-0.06186632794531066,-0.7415969853558841,-0.09258252597790739
Single: alpha005,274,-0.05491202135476769,-0.4821211696454158,-0.13708208807747346
Single: alpha005,275,0.015667473642026364,0.20270256449783094,-0.09065168346707808
Single: alpha005,276,-0.19294197985421535,-1.7685914285406181,-0.3403440260069376
Single: alpha005,277,-0.009242977845965505,-0.09044822723632229,-0.08306390107462391
Single: alpha005,278,0.003635606925408208,0.08494228931315076,-0.09677385749352618
Single: alpha005,279,-0.04312839667539459,-0.3539864363376279,-0.1929933670069992
Single: alpha005,280,-0.12356558375738602,-1.158088773119843,-0.22332702186868658
Single: alpha005,281,-0.00970676754356381,-0.07850523893942073,-0.07848330777774681
Single: alpha005,282,0.03811085107848711,0.4073226613592948,-0.06641405621694985
Single: alpha005,283,-0.10348443677370678,-1.01115622225079,-0.25942743068897944
Single: alpha005,284,-0.025639690728853193,-0.3455833465688088,-0.08095776961531354
Single: alpha005,285,-0.06115754075315982,-0.37152121076363676,-0.13082270084639014
Single: alpha005,286,-0.10941820526945356,-0.776691202483838,-0.28861784642562693
Single: alpha005,287,-0.03518244251291469,-0.3700339007339866,-0.12046849322487618
Single: alpha005,288,-0.03198169268109785,-0.3652947769838412,-0.1398942405542941
Single: alpha005,289,-0.02391072760715851,-0.16907985678161852,-0.1403928171487181
Single: alpha005,290,-0.09847297310940073,-0.8006269197228117,-0.22799767683940997
Single: alpha005,291,-0.043345275174528464,-0.3525003298774341,-0.10424954439541978
Single: alpha005,292,-0.04896277355891454,-0.36077927038856894,-0.12598359921284352
Single: alpha005,293,-0.15697990902495196,-1.3253247964258494,-0.28423349945174214
Single: alpha005,294,-0.1094873673612522,-1.113312790813966,-0.18893935484686852
Single: alpha005,295,-0.14478273347139292,-1.156609837982888,-0.2137712181912711
Single: alpha005,296,-0.11936094138698383,-0.9677954115478283,-0.22133961398919766
Single: alpha005,297,-0.0282641863641776,-0.29541748521814454,-0.1497424414644205
Single: alpha005,298,0.07180331479109059,0.8368974200980493,-0.03560577836796375
Single: alpha005,299,-0.06989871528695801,-0.8310450087973926,-0.0742474631403548
Single: alpha005,300,-0.1146180864999603,-0.9954558959039644,-0.22778197246468768
Single: alpha005,301,-0.028934939615773092,-0.24249277112180928,-0.12211610671693851
Single: alpha005,302,-0.05283489944667363,-0.43453488555447084,-0.12999450276775182
Single: alpha005,303,-0.14583373521652598,-1.6206097801341255,-0.2732164854466341
Single: alpha005,304,-0.08057721434140164,-0.8045706600264588,-0.17836015690796914
Single: alpha005,305,-0.08624123142760165,-0.718703559159546,-0.1818471369440373
Single: alpha005,306,-0.0020041219583912806,0.042720061921170185,-0.11418276831299001
Single: alpha005,307,0.0056879982294950615,0.10540585378191887,-0.09057961439229179
Single: alpha005,308,-0.008757871532404593,-0.07310937041642368,-0.08151464743847758
Single: alpha005,309,-0.037234876081653545,-0.40265735751449555,-0.0971990886680737
Single: alpha005,310,-0.012342233754503829,-0.13437255815944776,-0.048474223114168935
Single: alpha005,311,-0.0549156635805792,-0.6007651543002492,-0.11297968415926385
Single: alpha005,312,-0.10005155298475765,-0.6467777797095451,-0.26326236409830095
Single: alpha005,313,-0.03638914880143407,-0.31644284259047484,-0.14460396914761742
Single: alpha005,314,-0.1269662825010811,-0.955044600478832,-0.289748063239361
Single: alpha005,315,0.012967347467342627,0.1896295380004056,-0.08300416674168687
Single: alpha005,316,-0.05089997082376252,-0.3206865618839436,-0.20132032948452283
Single: alpha005,317,0.06525621827914851,0.8415065576742439,-0.06586823453993407
Single: alpha005,318,-0.06597055482040881,-0.44507550950992664,-0.13214356285364282
Single: alpha005,319,-0.038986276783770646,-0.2988738205727831,-0.13450361791148246
Single: alpha005,320,-0.0774185654708398,-0.601314095529274,-0.15312940278639453
Single: alpha005,321,-0.09848517185274996,-0.6725424568580345,-0.23053200901152215
Single: alpha005,322,0.007006697480892887,0.1258385501753813,-0.09955994367625409
Single: alpha005,323,-0.017778751855427877,-0.2080478379140654,-0.09526266972374897
Single: alpha005,324,-0.10031881480837157,-0.9487034915955191,-0.21692338306861136
Single: alpha005,325,-0.1951030603031776,-1.4294647985301552,-0.38353245425555904
Single: alpha005,326,-0.041897761184435445,-0.38113134951629746,-0.11280376777221057
Single: alpha005,327,0.028020321915705804,0.3320811197661304,-0.0979887786255369
Single: alpha005,328,-0.01457680299633135,-0.1053082608697068,-0.10020601495598358
Single: alpha005,329,-0.0609138876015185,-0.4910750549062658,-0.19328365425722283
Single: alpha005,330,-0.028092880308360435,-0.2103488120277263,-0.14289536530670555
Single: alpha005,331,0.11948763371095983,1.518910309843858,-0.025337664698245277
Single: alpha005,332,-0.11177590931832926,-1.064136458957493,-0.2457627460800651
Single: alpha005,333,-0.009974780337172362,-0.034000242846044214,-0.12412469212625288
Single: alpha005,334,0.010853024359284591,0.15590389340283564,-0.0815811795381075
Single: alpha005,335,0.001923326785980839,0.06862066560957907,-0.16556126081786215
Single: alpha005,336,-0.07269407616592205,-0.564400136429541,-0.19839820339402825
Single: alpha005,337,0.0208183901634591,0.23398495210482864,-0.1118145208028527
Single: alpha005,338,-0.12428657906050244,-1.0905459012838274,-0.25603592185414403
Single: alpha005,339,-0.007315175011050057,-0.026520908360738504,-0.15360311125763293
Single: alpha005,340,-0.16471123918863506,-1.6171158316178018,-0.2453340393263167
Single: alpha005,341,-0.06278610207481738,-0.5929660469849917,-0.12312122225888833
Single: alpha005,342,-0.006755355783854333,-0.037084427073815145,-0.0919189748362279
Single: alpha005,343,0.010666321140868185,0.15488845995883924,-0.0910253712762622
Single: alpha005,344,-0.05496368518724981,-0.46533970386780976,-0.13046362294751457
Single: alpha005,345,-0.05578523613033859,-0.6578283836320608,-0.1100388875892162
Single: alpha005,346,-0.0969795784218559,-0.9261246761517976,-0.25167375259712166
Single: alpha005,347,-0.01607338537264702,-0.08081906457967661,-0.12888908257466203
Single: alpha005,348,0.035710716010123766,0.43656373101679125,-0.0639693790995769
Single: alpha005,349,-0.178110157856749,-1.4613364271583107,-0.30449126077377664
Single: alpha005,350,-0.0029665060758294892,0.022220811792005635,-0.09671512149152606
Single: alpha005,351,-0.017449996392508105,-0.13379159126204831,-0.047360800832249694
Single: alpha005,352,-0.08526866240430486,-0.6783255227892909,-0.23314383492745527
Single: alpha005,353,-0.07291211547374155,-0.5657164190887839,-0.15795657747574698
Single: alpha005,354,-0.01770666801508325,-0.1426990490944361,-0.13533713087382837
Single: alpha005,355,-0.04940881652209539,-0.3238645021056965,-0.24815290001412116
Single: alpha005,356,-0.09197923558571974,-0.9311046968504624,-0.2146661921836155
Single: alpha005,357,-0.14847231948839335,-1.128592447717042,-0.28980145201862717
Single: alpha005,358,0.01407235555620967,0.224132193700139,-0.06511410674937701
Single: alpha005,359,0.036518274678978724,0.3897283347785267,-0.07077300059247849
Single: alpha005,360,-0.05413725764383992,-0.6223766929314979,-0.16728979476127592
Single: alpha005,361,-0.09123194760477338,-1.2089390071008725,-0.18217275205016048
Single: alpha005,362,-0.08865036872958454,-0.6080594554714734,-0.2094491864000506
Single: alpha005,363,-0.07202285352557891,-0.6559446627071605,-0.12478179597715522
Single: alpha005,364,0.027487726187777728,0.3355968735471036,-0.0918745673674054
Single: alpha005,365,-0.11809395421201785,-1.0633419462040004,-0.23927898463400255
Single: alpha005,366,-0.12269382896080827,-1.3230368795197383,-0.24851211248713256
Single: alpha005,367,-0.23491776067996473,-1.7872976063641104,-0.3770391989555413
Single: alpha005,368,-0.012461208372551824,-0.0423597552932714,-0.12179793513483783
Single: alpha005,369,0.09117141967178899,1.0743245442812983,-0.052316016262362486
Single: alpha005,370,-0.08257614577425842,-0.7375489833814685,-0.22620934984287877
Single: alpha005,371,-0.14896454511415036,-1.2695661722512694,-0.3059440476056823
Single: alpha005,372,-0.05759971167517386,-0.3456821467232685,-0.2463194472563356
Single: alpha005,373,-0.18619180290913873,-1.286915153187896,-0.3579700566988784
Single: alpha005,374,-0.05847092576896218,-0.5146972660594503,-0.17369674152851344
Single: alpha005,375,-0.16024791035429065,-1.3630919959037673,-0.25242857392985063
Single: alpha005,376,-0.08530725355961266,-0.6136889561992407,-0.1662005875823005
Single: alpha005,377,-0.17817936353610742,-1.9287158241285318,-0.31607383684455037
Single: alpha005,378,-0.14522270742125976,-1.2134022298116742,-0.2735094241231072
Single: alpha005,379,-0.09689623300533001,-0.8734285809111366,-0.18056019558982483
Single: alpha005,380,-0.13168518553163933,-1.1118634414511839,-0.28000526220273847
Single: alpha005,381,-0.14230276568400824,-1.0537099824341842,-0.3048556281851612
Single: alpha005,382,-0.04712532545684511,-0.48977638670121415,-0.07712611957020477
Single: alpha005,383,-0.16093955049218,-1.3105621440765725,-0.3308452311212333
Single: alpha005,384,-0.15293587015456356,-1.0836528290685827,-0.3066133795888424
Single: alpha005,385,-0.029716556635629665,-0.3001924082752012,-0.08974338839072671
Single: alpha005,386,-0.09260384733938087,-0.7617625579118158,-0.20829887729394947
Single: alpha005,387,-0.037498670341233886,-0.6005292143792492,-0.10161942116439959
Single: alpha005,388,-0.1197975153303964,-0.9784903169472202,-0.20684183805430167
Single: alpha005,389,-0.015220687181880188,-0.10124860854115625,-0.15185164457972256
Single: alpha005,390,0.0106426960449153,0.14953893606677654,-0.09738697736221646
Single: alpha005,391,-0.12332452409854433,-0.8828014279859572,-0.2568406709568902
Single: alpha005,392,0.018803776780667247,0.2249683954738455,-0.08269033636199186
Single: alpha005,393,-0.16418820626346498,-1.2898199110436477,-0.26018996101301417
Single: alpha005,394,-0.0665755560557939,-0.4703271158666913,-0.1403928171487181
Single: alpha005,395,-0.05722911375166573,-0.48094792157518884,-0.1720112217137577
Single: alpha005,396,-0.032576337262028576,-0.2266965007818377,-0.14490209984175373
Single: alpha005,397,-0.13369079667633077,-1.4576712377284569,-0.23633913312126875
Single: alpha005,398,-0.04454530615190344,-0.32945912428465984,-0.12587820023125962
Single: alpha005,399,-0.10133743451305888,-0.8679051307288924,-0.2686568757514185
Single: alpha005,400,-0.08853257996109332,-0.6844801644990023,-0.2311642958315645
Single: alpha005,401,0.026600792999991407,0.3801713379127202,-0.07418256171627802
Single: alpha005,402,-0.14399935031323308,-1.0683834514339636,-0.3191158865329313
Single: alpha005,403,-0.14691751853495638,-1.1332185423434544,-0.31469506091846566
Single: alpha005,404,-0.04607664101052755,-0.44053238094908626,-0.1514967143718695
Single: alpha005,405,-0.11731069531201743,-0.8189999127283362,-0.2638319974813167
Single: alpha005,406,-0.12026580986516122,-1.3433458370649178,-0.19398963547213466
Single: alpha005,407,-0.05840263625725084,-0.4510342632743123,-0.16813929177120956
Single: alpha005,408,-0.2163339503407441,-2.438521741354535,-0.3756362239279938
Single: alpha005,409,-0.032153300581026945,-0.35301066109664464,-0.07448172600482084
Single: alpha005,410,-0.09074734282300445,-0.7920615540998482,-0.19140659096468438
Single: alpha005,411,-0.06929436624020546,-0.724533081752453,-0.1306919087613535
Single: alpha005,412,-0.08693700475618871,-0.7080471335228995,-0.1919959034056502
Single: alpha005,413,-0.006699658898278282,-0.05674099867323022,-0.11410912783925853
Single: alpha005,414,0.008407955086922714,0.1374474674778932,-0.10756832777385483
Single: alpha005,415,-0.14025702016174424,-1.1248820869131027,-0.2643788477438169
Single: alpha005,416,0.017476986891491464,0.2283860272295082,-0.07347823079775229
Single: alpha005,417,-0.05884738268290757,-0.490146603129216,-0.14399954939460846
Single: alpha005,418,-0.1914037017235225,-1.5197328402705708,-0.3631839117823994
Single: alpha005,419,-0.06059203504201738,-0.526558375080044,-0.18217761747188344
Single: alpha005,420,-0.1640344966843691,-1.178283268980149,-0.3251236768129463
Single: alpha005,421,0.035752133913049766,0.46956844958576277,-0.05508284095348803
Single: alpha005,422,0.07285000856430157,0.6473217731558244,-0.10188944510552012
Single: alpha005,423,-0.14953710047376545,-1.2156119184638259,-0.25824325639957746
Single: alpha005,424,-0.030154392728997337,-0.18991608652758968,-0.09957182516512153
Single: alpha005,425,-0.05508775293124746,-0.4540066020552303,-0.1069203043187108
Single: alpha005,426,-0.06635273299173172,-0.7051050749016444,-0.1273774378830037
Single: alpha005,427,-0.02903001610481526,-0.18886426386389832,-0.08672469204868738
Single: alpha005,428,-0.08524284491492018,-0.6251335897884638,-0.19772138712058462
Single: alpha005,429,-0.010400725539544187,-0.09189335275536988,-0.10910730106994515
Single: alpha005,430,-0.025673397637939965,-0.22140655566517004,-0.1370304905833173
Single: alpha005,431,0.015511191174906402,0.18798375674452478,-0.11608603750243163
Single: alpha005,432,0.05420497637494304,0.5177910739780311,-0.08672469204868738
Single: alpha005,433,-0.1598095987751489,-1.3326910913301877,-0.2908185268813017
Single: alpha005,434,-0.1679208948912213,-1.399453979757439,-0.287870984949791
Single: alpha005,435,0.020123658644045417,0.22795335904945954,-0.09102537127626209
Single: alpha005,436,-0.15170204317868874,-1.255904963220632,-0.32839432364146837
Single: alpha005,437,-0.0640378930598372,-0.6564673588373134,-0.14526839156737648
Single: alpha005,438,0.01766878442511688,0.20647127461334372,-0.10188944510552023
Single: alpha005,439,-0.04526313509257285,-0.4802248274011183,-0.14715497725492677
Single: alpha005,440,-0.05636752050561622,-0.5321487768990144,-0.15676082408156167
Single: alpha005,441,-0.04091487693424578,-0.4509712025832549,-0.10308265798984184
Single: alpha005,442,-0.1964952001684035,-1.683518868596186,-0.35426831565757577
Single: alpha005,443,-0.013313058220011387,-0.08883746880168765,-0.09439362955791264
Single: alpha005,444,-0.13044238794257323,-1.0904610092205937,-0.28314249967525296
Single: alpha005,445,-0.11067779249524556,-0.8689899930057189,-0.21510601957939235
Single: alpha005,446,-0.048789252623756996,-0.34810090192240134,-0.1387340475422747
Single: alpha005,447,-0.02655915968604028,-0.16543244919297556,-0.12587820023125962
Single: alpha005,448,-0.10124948048344196,-0.8754694584263563,-0.18054099622905362
Single: alpha005,449,-0.05576314822419115,-0.584345421648094,-0.14408103667429772
Single: alpha005,450,-0.11736378282744764,-1.3462503048727472,-0.23387343026703744
Single: alpha005,451,-0.19584090280362687,-1.7643798417200842,-0.3357066164489415
Single: alpha005,452,0.03152356218461394,0.40601594663207524,-0.05363777662872771
Single: alpha005,453,-0.017062750091998424,-0.06607050156008107,-0.22042879567549156
Single: alpha005,454,-0.06901480445782571,-0.5153991316529822,-0.14767116021945603
Single: alpha005,455,-0.11210102792068166,-0.8887519811407432,-0.1934957812468001
Single: alpha005,456,-0.05561752231377204,-0.44997549457713876,-0.19865213415040905
Single: alpha005,457,0.08149438973527379,0.9183805415974169,-0.08695542214692575
Single: alpha005,458,-0.05664052172715195,-0.5971370097101436,-0.1631215105439846
Single: alpha005,459,-0.15652331572086564,-1.3659542393381296,-0.2834902794884562
Single: alpha005,460,-0.12521856673349552,-1.1927987619298488,-0.24712026842939294
Single: alpha005,461,-0.07672260671176345,-0.7876513026962211,-0.18012516718025662
Single: alpha005,462,-0.05460922974386573,-0.5505080007711172,-0.16754748272466147
Single: alpha005,463,0.013599859004021164,0.17530985671492436,-0.18279586041335893
Single: alpha005,464,-0.10870374277853279,-1.024857234267459,-0.18539986446130663
Single: alpha005,465,-0.08762302743626338,-0.7110480752452187,-0.18433423748858224
Single: alpha005,466,-0.06464916609533977,-0.5698100377981534,-0.20043996336765946
Single: alpha005,467,-0.013251190066672414,-0.10951404486117265,-0.1299254117453288
Single: alpha005,468,0.01753432058407256,0.20723227736251465,-0.14289536530670566
Single: alpha005,469,-0.03764951763983737,-0.39204276962608864,-0.14868329275517234
Single: alpha005,470,-0.12962357567587446,-1.1402055781898117,-0.2489223930498441
Single: alpha005,471,-0.036111666473830906,-0.2834081406702593,-0.10639650904885545
Single: alpha005,472,-0.07613006441634351,-0.6260048142286322,-0.17901809787456469
Single: alpha005,473,-0.031116391847018976,-0.3386268222653682,-0.11366909695144634
Single: alpha005,474,-0.010646838939407766,-0.09575705916280118,-0.08214773114243579
Single: alpha005,475,-0.024835309035571185,-0.158895866739498,-0.14289536530670566
Single: alpha005,476,-0.017980771985876,-0.1600748419226678,-0.12048726188015324
Single: alpha005,477,-0.06842290803213047,-0.519398567672502,-0.14255468840818109
Single: alpha005,478,-0.07504385276031489,-0.7349811497019241,-0.17094284864911746
Single: alpha005,479,-0.1569554844037787,-1.3204399431179465,-0.3050548076590467
Single: alpha005,480,0.0005159861751260486,0.060604949638050486,-0.13683090348689475
Single: alpha005,481,-0.15175224430932943,-1.3235270848368834,-0.23786546202969416
Single: alpha005,482,-0.0857058262977991,-0.8968282826533674,-0.19532232092773782
Single: alpha005,483,-0.20351743226847918,-1.5358754000299686,-0.3111007168587163
Single: alpha005,484,-0.08428751169630144,-0.905375609984493,-0.2104623603948943
Single: alpha005,485,-0.04790823781318909,-0.4815707496342091,-0.14822171778529258
Single: alpha005,486,-0.08660051672315316,-0.7001925206869064,-0.16431626752674
Single: alpha005,487,0.051301188674189424,0.6393027119246578,-0.07707011400368136
Single: alpha005,488,-0.05383903673963031,-0.36918572460887256,-0.2210744349281517
Single: alpha005,489,-0.09207269643816651,-0.7308599838823368,-0.1567108702260529
Single: alpha005,490,-0.06526052378257252,-0.5586519462166348,-0.14234289275259837
Single: alpha005,491,-0.25881196826382025,-2.1282403541622563,-0.47610193101089093
Single: alpha005,492,-0.06769588593891374,-0.5347405444711116,-0.1979967646024774
Single: alpha005,493,-0.09639501221983471,-1.0601564794509553,-0.2021407548044185
Single: alpha005,494,-0.155644920164701,-1.2899665825120339,-0.26759778756698827
Single: alpha005,495,-0.005014710551053625,0.0033652130469408056,-0.14300726530794905
Single: alpha005,496,-0.07719301306130133,-0.770711623162667,-0.15009262753979402
Single: alpha005,497,-0.12179674726797629,-1.299470270423642,-0.1922945309963764
Single: alpha005,498,-0.06571481955827574,-0.4761468548027242,-0.2098858664009795
Single: alpha005,499,-0.016027036785962512,-0.1108918560971626,-0.15135992595942172
