date,ticker,open,high,low,close,volume,amount,market_cap
2021-01-04,000166,4.88,4.91,4.76,4.85,116348595.0,611323129.0,109297210482.59999
2021-01-05,000166,4.82,4.85,4.75,4.83,94176209.0,492118857.0,108846500336.28
2021-01-06,000166,4.82,4.86,4.75,4.78,78355128.0,408752302.0,107719724970.48001
2021-01-07,000166,4.78,4.82,4.7,4.8,94765641.0,491156664.0,108170435116.8
2021-01-08,000166,4.81,4.85,4.76,4.83,89729900.0,469589741.0,108846500336.28
2021-01-11,000166,4.84,4.85,4.69,4.69,83464171.0,432879042.0,105691529312.04001
2021-01-12,000166,4.69,4.9,4.63,4.87,173308588.0,899709530.0,109747920628.92
2021-01-13,000166,4.85,4.88,4.73,4.76,123121518.0,641505879.0,107269014824.15999
2021-01-14,000166,4.74,4.77,4.7,4.72,86223774.0,443225660.0,106367594531.51999
2021-01-15,000166,4.72,4.76,4.68,4.71,80199383.0,412203011.0,106142239458.36
2021-01-18,000166,4.69,4.75,4.67,4.7,67096098.0,343611180.0,105916884385.2
2021-01-19,000166,4.7,4.79,4.68,4.73,98110785.0,504896418.0,106592949604.68001
2021-01-20,000166,4.71,4.75,4.67,4.69,97549881.0,499356658.0,105691529312.04001
2021-01-21,000166,4.69,4.74,4.63,4.68,115178115.0,587127832.0,105466174238.87999
2021-01-22,000166,4.66,4.68,4.58,4.58,114412379.0,573960525.0,103212623507.28
2021-01-25,000166,4.58,4.58,4.39,4.42,138184750.0,672949290.0,99606942336.72
2021-01-26,000166,4.39,4.44,4.34,4.35,70178555.0,334802904.0,98029456824.59999
2021-01-27,000166,4.36,4.41,4.36,4.39,43142703.0,205707751.0,98930877117.23999
2021-01-28,000166,4.37,4.38,4.28,4.32,68045778.0,320097667.0,97353391605.12001
2021-01-29,000166,4.34,4.36,4.28,4.3,56305477.0,264716274.0,96902681458.8
2021-02-01,000166,4.31,4.34,4.28,4.31,37617191.0,176406572.0,97128036531.95999
2021-02-02,000166,4.3,4.34,4.29,4.33,40195832.0,188911338.0,97578746678.28
2021-02-03,000166,4.31,4.36,4.3,4.35,54470511.0,256923043.0,98029456824.59999
2021-02-04,000166,4.32,4.35,4.16,4.24,70069476.0,323740800.0,95550551019.84001
2021-02-05,000166,4.22,4.28,4.2,4.25,42450203.0,196011419.0,95775906093.0
2021-02-08,000166,4.24,4.28,4.21,4.26,32509298.0,150072226.0,96001261166.15999
2021-02-09,000166,4.24,4.33,4.21,4.32,53073759.0,247068022.0,97353391605.12001
2021-02-10,000166,4.31,4.33,4.28,4.3,33854407.0,158637887.0,96902681458.8
2021-02-18,000166,4.34,4.4,4.33,4.35,63183517.0,299324578.0,98029456824.59999
2021-02-19,000166,4.34,4.45,4.32,4.44,70661417.0,337712992.0,100057652483.04001
2021-02-22,000166,4.45,4.52,4.41,4.41,85471311.0,415240639.0,99381587263.56
2021-02-23,000166,4.4,4.44,4.39,4.4,48545714.0,233142490.0,99156232190.40001
2021-02-24,000166,4.4,4.47,4.4,4.43,59765430.0,288073036.0,99832297409.87999
2021-02-25,000166,4.44,4.49,4.41,4.46,61850860.0,299588179.0,100508362629.36
2021-02-26,000166,4.41,4.46,4.39,4.41,59510023.0,286582270.0,99381587263.56
2021-03-01,000166,4.42,4.43,4.37,4.4,75355725.0,360570566.0,99156232190.40001
2021-03-02,000166,4.41,4.43,4.34,4.36,46493505.0,221756144.0,98254811897.76001
2021-03-03,000166,4.36,4.41,4.35,4.4,42226688.0,201483364.0,99156232190.40001
2021-03-04,000166,4.39,4.4,4.35,4.36,39338823.0,187351648.0,98254811897.76001
2021-03-05,000166,4.34,4.44,4.34,4.43,66552058.0,319409141.0,99832297409.87999
2021-03-08,000166,4.44,4.48,4.4,4.4,62572127.0,302285087.0,99156232190.40001
2021-03-09,000166,4.38,4.42,4.31,4.33,69086836.0,327529704.0,97578746678.28
2021-03-10,000166,4.34,4.36,4.28,4.28,53308110.0,250613223.0,96451971312.48001
2021-03-11,000166,4.29,4.34,4.28,4.32,43025661.0,201533168.0,97353391605.12001
2021-03-12,000166,4.31,4.38,4.28,4.33,59602470.0,280125943.0,97578746678.28
2021-03-15,000166,4.31,4.34,4.29,4.3,39446377.0,185297080.0,96902681458.8
2021-03-16,000166,4.31,4.34,4.3,4.33,34397718.0,161777779.0,97578746678.28
2021-03-17,000166,4.34,4.35,4.3,4.32,34153242.0,160662230.0,97353391605.12001
2021-03-18,000166,4.32,4.33,4.28,4.28,48808651.0,227997771.0,96451971312.48001
2021-03-19,000166,4.27,4.28,4.23,4.23,46334525.0,213957253.0,95325195946.68001
2021-03-22,000166,4.25,4.3,4.22,4.28,45217522.0,210091568.0,96451971312.48001
2021-03-23,000166,4.28,4.34,4.28,4.31,49275482.0,230724287.0,97128036531.95999
2021-03-24,000166,4.31,4.41,4.29,4.33,73254142.0,347237524.0,97578746678.28
2021-03-25,000166,4.31,4.38,4.31,4.34,49079734.0,232170498.0,97804101751.44
2021-03-26,000166,4.33,4.36,4.32,4.34,30697341.0,145022498.0,97804101751.44
2021-03-29,000166,4.34,4.37,4.31,4.32,44111231.0,208020831.0,97353391605.12001
2021-03-30,000166,4.32,4.34,4.3,4.33,27893637.0,131112370.0,97578746678.28
2021-03-31,000166,4.32,4.33,4.26,4.27,43421629.0,202001332.0,96226616239.31999
2021-04-01,000166,4.28,4.28,4.25,4.28,28786213.0,133553852.0,96451971312.48001
2021-04-02,000166,4.28,4.28,4.26,4.27,27175588.0,126075892.0,96226616239.31999
2021-04-06,000166,4.28,4.28,4.26,4.26,28680856.0,133075489.0,96001261166.15999
2021-04-07,000166,4.26,4.28,4.24,4.28,41413062.0,191917123.0,96451971312.48001
2021-04-08,000166,4.26,4.33,4.26,4.28,53661118.0,250572420.0,96451971312.48001
2021-04-09,000166,4.28,4.28,4.25,4.27,31601883.0,146480295.0,96226616239.31999
2021-04-12,000166,4.26,4.27,4.22,4.24,34330741.0,158601379.0,95550551019.84001
2021-04-13,000166,4.23,4.24,4.18,4.2,40383435.0,184870699.0,94649130727.2
2021-04-14,000166,4.2,4.22,4.19,4.21,29686495.0,135911454.0,94874485800.36
2021-04-15,000166,4.2,4.2,4.17,4.18,24476270.0,111372895.0,94198420580.87999
2021-04-16,000166,4.19,4.22,4.18,4.2,34606889.0,157994569.0,94649130727.2
2021-04-19,000166,4.2,4.27,4.18,4.26,48980341.0,225516666.0,96001261166.15999
2021-04-20,000166,4.26,4.27,4.21,4.23,41357123.0,190645340.0,95325195946.68001
2021-04-21,000166,4.21,4.24,4.2,4.2,23210005.0,106438744.0,94649130727.2
2021-04-22,000166,4.21,4.24,4.2,4.21,24803233.0,113780983.0,94874485800.36
2021-04-23,000166,4.21,4.21,4.17,4.19,22093511.0,100715143.0,94423775654.04001
2021-04-26,000166,4.18,4.21,4.15,4.16,40181413.0,182881763.0,93747710434.56
2021-04-27,000166,4.15,4.17,4.13,4.15,31837941.0,143606943.0,93522355361.40001
2021-04-28,000166,4.15,4.15,4.1,4.11,27842586.0,124831275.0,92620935068.76001
2021-04-29,000166,4.11,4.21,4.11,4.19,54037717.0,245553970.0,94423775654.04001
2021-04-30,000166,4.18,4.19,4.12,4.16,43072229.0,194616674.0,93747710434.56
2021-05-06,000166,4.17,4.19,4.15,4.17,37572557.0,170430173.0,93973065507.72
2021-05-07,000166,4.16,4.17,4.15,4.15,40523570.0,183440966.0,93522355361.40001
2021-05-10,000166,4.16,4.18,4.15,4.17,33055118.0,149698970.0,93973065507.72
2021-05-11,000166,4.16,4.25,4.15,4.23,56011696.0,256294202.0,95325195946.68001
2021-05-12,000166,4.21,4.25,4.21,4.25,31850559.0,146502724.0,95775906093.0
2021-05-13,000166,4.23,4.26,4.22,4.25,40185328.0,185627760.0,95775906093.0
2021-05-14,000166,4.26,4.44,4.25,4.43,166281503.0,789641111.0,99832297409.87999
2021-05-17,000166,4.32,4.36,4.28,4.29,104816406.0,491996959.0,96677326385.64
2021-05-18,000166,4.28,4.33,4.25,4.28,62107755.0,289431474.0,96451971312.48001
2021-05-19,000166,4.28,4.29,4.24,4.25,38213319.0,177237690.0,95775906093.0
2021-05-20,000166,4.25,4.32,4.24,4.28,61897146.0,287781794.0,96451971312.48001
2021-05-21,000166,4.28,4.3,4.24,4.25,38798122.0,180012941.0,95775906093.0
2021-05-24,000166,4.25,4.33,4.25,4.3,64541878.0,301896167.0,96902681458.8
2021-05-25,000166,4.29,4.43,4.29,4.4,135976106.0,648549131.0,99156232190.40001
2021-05-26,000166,4.39,4.45,4.38,4.39,112978306.0,542159934.0,98930877117.23999
2021-05-27,000166,4.37,4.4,4.34,4.4,85499133.0,406136873.0,99156232190.40001
2021-05-28,000166,4.37,4.46,4.35,4.41,97355737.0,465634929.0,99381587263.56
2021-05-31,000166,4.41,4.41,4.37,4.4,60464342.0,289124250.0,99156232190.40001
2021-06-01,000166,4.39,4.4,4.32,4.36,68828310.0,326073496.0,98254811897.76001
2021-06-02,000166,4.36,4.39,4.3,4.32,54421908.0,257055682.0,97353391605.12001
2021-06-03,000166,4.32,4.36,4.28,4.28,64017126.0,301215783.0,96451971312.48001
2021-06-04,000166,4.28,4.4,4.28,4.35,78152599.0,368502159.0,98029456824.59999
2021-06-07,000166,4.35,4.38,4.31,4.32,44971240.0,212173822.0,97353391605.12001
2021-06-08,000166,4.3,4.37,4.3,4.33,48825608.0,230437560.0,97578746678.28
2021-06-09,000166,4.35,4.37,4.31,4.32,38474603.0,181517485.0,97353391605.12001
2021-06-10,000166,4.32,4.36,4.31,4.31,47789724.0,225217830.0,97128036531.95999
2021-06-11,000166,4.31,4.34,4.25,4.28,61666249.0,287961954.0,96451971312.48001
2021-06-15,000166,4.28,4.28,4.21,4.21,42636048.0,196540366.0,94874485800.36
2021-06-16,000166,4.21,4.26,4.2,4.24,35899170.0,165231625.0,95550551019.84001
2021-06-17,000166,4.23,4.27,4.22,4.25,46800901.0,216231841.0,95775906093.0
2021-06-18,000166,4.25,4.28,4.23,4.26,41463631.0,192008958.0,96001261166.15999
2021-06-21,000166,4.26,4.29,4.24,4.25,42436698.0,196577137.0,95775906093.0
2021-06-22,000166,4.25,4.28,4.24,4.26,37203088.0,172224966.0,96001261166.15999
2021-06-23,000166,4.26,4.28,4.22,4.27,42628733.0,197102094.0,96226616239.31999
2021-06-24,000166,4.27,4.32,4.26,4.29,52556915.0,245116398.0,96677326385.64
2021-06-25,000166,4.29,4.4,4.28,4.37,101197936.0,479594390.0,98480166970.92
2021-06-28,000166,4.37,4.38,4.32,4.33,41406251.0,195389593.0,97578746678.28
2021-06-29,000166,4.34,4.35,4.27,4.29,45641930.0,214105841.0,96677326385.64
2021-06-30,000166,4.28,4.32,4.28,4.3,36677394.0,171470124.0,96902681458.8
2021-07-01,000166,4.33,4.36,4.25,4.26,49980015.0,233697758.0,96001261166.15999
2021-07-02,000166,4.24,4.25,4.17,4.18,55021295.0,251921555.0,94198420580.87999
2021-07-05,000166,4.18,4.19,4.13,4.15,43501608.0,196560790.0,93522355361.40001
2021-07-06,000166,4.15,4.17,4.13,4.16,39214432.0,176961357.0,93747710434.56
2021-07-07,000166,4.15,4.17,4.13,4.15,42441411.0,191560491.0,93522355361.40001
2021-07-08,000166,4.16,4.17,4.11,4.13,38537740.0,173424116.0,93071645215.08
2021-07-09,000166,4.12,4.16,4.11,4.14,34272776.0,153948201.0,93297000288.23999
2021-07-12,000166,4.18,4.19,4.14,4.14,68134902.0,308324908.0,93297000288.23999
2021-07-13,000166,4.14,4.15,4.12,4.14,36321603.0,163345275.0,93297000288.23999
2021-07-14,000166,4.15,4.15,4.09,4.09,44145531.0,197396632.0,92170224922.44
2021-07-15,000166,4.09,4.12,4.06,4.1,33926379.0,151120231.0,92395579995.59999
2021-07-16,000166,4.11,4.15,4.1,4.11,44615796.0,199840007.0,92620935068.76001
2021-07-19,000166,4.11,4.12,4.08,4.1,34186831.0,152303225.0,92395579995.59999
2021-07-20,000166,4.08,4.1,4.07,4.09,28284831.0,125684778.0,92170224922.44
2021-07-21,000166,4.09,4.14,4.09,4.13,40735736.0,182419827.0,93071645215.08
2021-07-22,000166,4.12,4.17,4.11,4.15,48464272.0,218516240.0,93522355361.40001
2021-07-23,000166,4.18,4.26,4.15,4.22,99253735.0,444166534.0,95099840873.51999
2021-07-26,000166,4.2,4.24,4.16,4.17,56925614.0,253724764.0,93973065507.72
2021-07-27,000166,4.17,4.18,4.09,4.11,54811152.0,241313935.0,92620935068.76001
2021-07-28,000166,4.09,4.12,4.02,4.02,67103594.0,290066458.0,90592739410.31999
2021-07-29,000166,4.04,4.07,4.01,4.04,49384307.0,211767654.0,91043449556.64
2021-07-30,000166,4.02,4.04,3.99,4.03,44624166.0,190680739.0,90818094483.48001
2021-08-02,000166,4.02,4.18,3.99,4.12,71676203.0,311911369.0,92846290141.92
2021-08-03,000166,4.12,4.2,4.08,4.15,60453345.0,266499777.0,93522355361.40001
2021-08-04,000166,4.14,4.17,4.11,4.14,30335449.0,133190351.0,93297000288.23999
2021-08-05,000166,4.12,4.17,4.09,4.09,38381418.0,168358653.0,92170224922.44
2021-08-06,000166,4.09,4.11,4.05,4.07,34495573.0,149813443.0,91719514776.12001
2021-08-09,000166,4.05,4.17,4.05,4.14,46120202.0,202491561.0,93297000288.23999
2021-08-10,000166,4.14,4.17,4.1,4.16,45106276.0,198492147.0,93747710434.56
2021-08-11,000166,4.15,4.18,4.13,4.14,42018243.0,185579224.0,93297000288.23999
2021-08-12,000166,4.13,4.15,4.12,4.13,28508808.0,125298202.0,93071645215.08
2021-08-13,000166,4.13,4.15,4.11,4.14,36923718.0,161967323.0,93297000288.23999
2021-08-16,000166,4.14,4.19,4.13,4.17,49793986.0,220753861.0,93973065507.72
2021-08-17,000166,4.16,4.25,4.15,4.18,101938536.0,455952397.0,94198420580.87999
2021-08-18,000166,4.16,4.41,4.16,4.39,224744295.0,1031606407.0,98930877117.23999
2021-08-19,000166,4.37,4.46,4.33,4.36,153665092.0,716565861.0,98254811897.76001
2021-08-20,000166,4.35,4.39,4.31,4.37,84265658.0,390367672.0,98480166970.92
2021-08-23,000166,4.38,4.41,4.34,4.35,58610206.0,272342873.0,98029456824.59999
2021-08-24,000166,4.35,4.47,4.3,4.44,130945514.0,612629233.0,100057652483.04001
2021-08-25,000166,4.44,4.45,4.38,4.39,77484366.0,363196414.0,98930877117.23999
2021-08-26,000166,4.4,4.46,4.37,4.38,69250172.0,325022259.0,98705522044.08
2021-08-27,000166,4.36,4.43,4.36,4.36,53980641.0,251771881.0,98254811897.76001
2021-08-30,000166,4.37,4.4,4.31,4.34,62258463.0,288037038.0,97804101751.44
2021-08-31,000166,4.33,4.42,4.31,4.42,90736433.0,421536773.0,99606942336.72
2021-09-01,000166,4.39,4.6,4.38,4.51,167179253.0,799764184.0,101635137995.15999
2021-09-02,000166,4.49,4.61,4.46,4.58,144926436.0,700174156.0,103212623507.28
2021-09-03,000166,5.04,5.04,4.88,5.02,734191124.0,3918089145.0,113128246726.31999
2021-09-06,000166,5.04,5.52,5.01,5.52,798710540.0,4597643618.0,124396000384.31999
2021-09-07,000166,5.41,5.91,5.19,5.71,948043800.0,5456662586.0,128677746774.36
2021-09-08,000166,5.55,5.89,5.44,5.48,566632043.0,3375026451.0,123494580091.68001
2021-09-09,000166,5.38,5.88,5.34,5.78,580218680.0,3469254079.0,130255232286.48001
2021-09-10,000166,5.81,6.36,5.71,6.06,767108379.0,4964446281.0,136565174334.95999
2021-09-13,000166,5.92,6.23,5.89,6.16,489814154.0,3155838400.0,138818725066.56
2021-09-14,000166,6.09,6.11,5.75,5.78,485164005.0,3054282623.0,130255232286.48001
2021-09-15,000166,5.75,5.86,5.61,5.63,404583471.0,2459122922.0,126874906189.08
2021-09-16,000166,5.63,5.77,5.53,5.71,425797062.0,2554178212.0,128677746774.36
2021-09-17,000166,5.65,5.74,5.52,5.6,335529749.0,2001988647.0,126198840969.59999
2021-09-22,000166,5.52,5.69,5.47,5.58,233380978.0,1385303680.0,125748130823.28
2021-09-23,000166,5.65,5.74,5.58,5.68,321579488.0,1938283955.0,128001681554.87999
2021-09-24,000166,5.68,5.7,5.39,5.43,296246218.0,1742932861.0,122367804725.87999
2021-09-27,000166,5.4,5.53,5.19,5.27,271481671.0,1551711923.0,118762123555.31999
2021-09-28,000166,5.25,5.34,5.24,5.26,188420221.0,1057056824.0,118536768482.15999
2021-09-29,000166,5.2,5.23,5.08,5.16,183062616.0,1003162381.0,116283217750.56
2021-09-30,000166,5.19,5.22,5.04,5.17,166444259.0,908077766.0,116508572823.72
2021-10-08,000166,5.23,5.26,5.14,5.18,147129620.0,813135144.0,116733927896.87999
2021-10-11,000166,5.18,5.21,5.04,5.05,151449086.0,822454896.0,113804311945.8
2021-10-12,000166,5.02,5.11,4.93,5.06,161766847.0,864747981.0,114029667018.95999
2021-10-13,000166,5.04,5.12,4.97,5.08,108443390.0,581361686.0,114480377165.28
2021-10-14,000166,5.07,5.08,5.0,5.02,76647409.0,410916001.0,113128246726.31999
2021-10-15,000166,4.99,5.05,4.94,4.96,112897782.0,598282209.0,111776116287.36
2021-10-18,000166,4.97,5.1,4.95,5.07,112508809.0,602034451.0,114255022092.12001
2021-10-19,000166,5.04,5.14,5.03,5.07,120962115.0,653704674.0,114255022092.12001
2021-10-20,000166,5.07,5.12,5.04,5.09,100314514.0,542697841.0,114705732238.44
2021-10-21,000166,5.08,5.23,5.05,5.16,192425060.0,1052320051.0,116283217750.56
2021-10-22,000166,5.14,5.18,5.08,5.11,116945849.0,636266285.0,115156442384.76001
2021-10-25,000166,5.1,5.2,4.99,5.2,177222363.0,959488949.0,117184638043.2
2021-10-26,000166,5.13,5.21,5.06,5.07,102543252.0,559821935.0,114255022092.12001
2021-10-27,000166,5.05,5.06,4.9,4.9,131953610.0,695836694.0,110423985848.40001
2021-10-28,000166,4.91,4.94,4.84,4.86,97091127.0,504408447.0,109522565555.76001
2021-10-29,000166,4.85,4.87,4.65,4.82,148988947.0,755368559.0,108621145263.12001
2021-11-01,000166,4.9,5.22,4.89,5.03,247816649.0,1341798141.0,113353601799.48001
2021-11-02,000166,5.02,5.19,4.94,5.03,178916939.0,960156094.0,113353601799.48001
2021-11-03,000166,5.04,5.07,4.96,5.0,97571249.0,519913105.0,112677536580.0
2021-11-04,000166,5.05,5.13,4.97,5.01,113389897.0,607828363.0,112902891653.15999
2021-11-05,000166,4.98,5.1,4.94,5.03,127043127.0,679624883.0,113353601799.48001
2021-11-08,000166,4.99,5.11,4.97,5.07,104127805.0,557663866.0,114255022092.12001
2021-11-09,000166,5.12,5.36,5.09,5.28,271232443.0,1508902671.0,118987478628.48001
2021-11-10,000166,5.23,5.35,5.23,5.31,184811656.0,1039581736.0,119663543847.95999
2021-11-11,000166,5.28,5.46,5.28,5.42,265514126.0,1518186143.0,122142449652.72
2021-11-12,000166,5.4,5.41,5.24,5.29,205487556.0,1158681121.0,119212833701.64
2021-11-15,000166,5.33,5.36,5.04,5.06,218667330.0,1196058450.0,114029667018.95999
2021-11-16,000166,5.03,5.04,4.85,4.87,178306434.0,936292372.0,109747920628.92
2021-11-17,000166,4.84,4.91,4.82,4.85,90893548.0,469696093.0,109297210482.59999
2021-11-18,000166,4.85,4.86,4.79,4.79,92138206.0,471461806.0,107945080043.64
2021-11-19,000166,4.79,4.91,4.78,4.87,121123981.0,624250462.0,109747920628.92
2021-11-22,000166,4.84,4.9,4.81,4.83,103300020.0,533320027.0,108846500336.28
2021-11-23,000166,4.84,4.93,4.81,4.85,104971322.0,545273736.0,109297210482.59999
2021-11-24,000166,4.84,4.88,4.83,4.85,70753875.0,365203722.0,109297210482.59999
2021-11-25,000166,4.85,4.86,4.77,4.78,84250553.0,430297212.0,107719724970.48001
2021-11-26,000166,4.78,4.81,4.75,4.77,58012645.0,294732119.0,107494369897.31999
2021-11-29,000166,4.7,4.74,4.68,4.72,68942420.0,345822293.0,106367594531.51999
2021-11-30,000166,4.72,4.84,4.72,4.75,92578761.0,471159741.0,107043659751.0
2021-12-01,000166,4.75,4.84,4.74,4.81,74039364.0,377879713.0,108395790189.95999
2021-12-02,000166,4.8,4.85,4.78,4.83,90005951.0,462007116.0,108846500336.28
2021-12-03,000166,4.82,4.85,4.77,4.82,77586378.0,396876945.0,108621145263.12001
2021-12-06,000166,4.84,4.98,4.82,4.86,172097502.0,899649676.0,109522565555.76001
2021-12-07,000166,4.91,4.93,4.82,4.85,90088237.0,465755245.0,109297210482.59999
2021-12-08,000166,4.86,4.9,4.81,4.9,94539312.0,489607416.0,110423985848.40001
2021-12-09,000166,4.9,5.04,4.87,4.97,179528901.0,948685921.0,112001471360.51999
2021-12-10,000166,4.94,5.03,4.91,5.0,163997869.0,867251993.0,112677536580.0
2021-12-13,000166,5.08,5.13,4.97,4.97,169918874.0,913153719.0,112001471360.51999
2021-12-14,000166,4.92,4.97,4.85,4.87,93853427.0,489388111.0,109747920628.92
2021-12-15,000166,4.88,4.93,4.85,4.87,72742404.0,377632304.0,109747920628.92
2021-12-16,000166,4.88,4.91,4.85,4.89,80240243.0,416089514.0,110198630775.23999
2021-12-17,000166,4.88,4.93,4.86,4.87,82305464.0,427899454.0,109747920628.92
2021-12-20,000166,4.86,4.86,4.78,4.79,75320952.0,386125888.0,107945080043.64
2021-12-21,000166,4.79,4.86,4.78,4.84,64756553.0,332179661.0,109071855409.44
2021-12-22,000166,4.84,4.86,4.81,4.81,42108673.0,216032466.0,108395790189.95999
2021-12-23,000166,4.81,4.83,4.79,4.8,52266949.0,267182399.0,108170435116.8
2021-12-24,000166,4.81,4.81,4.76,4.76,46829927.0,238038278.0,107269014824.15999
2021-12-27,000166,4.77,4.8,4.76,4.78,39357445.0,199912036.0,107719724970.48001
2021-12-28,000166,4.79,4.81,4.76,4.81,46204273.0,235072520.0,108395790189.95999
2021-12-29,000166,4.81,4.81,4.76,4.78,41394733.0,210904724.0,107719724970.48001
2021-12-30,000166,4.77,4.83,4.76,4.81,58881078.0,300667784.0,108395790189.95999
2021-12-31,000166,4.81,4.83,4.8,4.81,49853308.0,255130341.0,108395790189.95999
2022-01-04,000166,4.82,4.87,4.79,4.82,71476881.0,366351249.0,108621145263.12001
2022-01-05,000166,4.81,4.85,4.81,4.81,55790778.0,286217603.0,108395790189.95999
2022-01-06,000166,4.81,4.81,4.76,4.78,64853686.0,329779334.0,107719724970.48001
2022-01-07,000166,4.78,4.81,4.78,4.78,47055120.0,239750094.0,107719724970.48001
2022-01-10,000166,4.79,4.81,4.78,4.81,38829531.0,198029537.0,108395790189.95999
2022-01-11,000166,4.79,4.83,4.79,4.81,54121164.0,276937751.0,108395790189.95999
2022-01-12,000166,4.81,4.84,4.79,4.82,53869484.0,276080254.0,108621145263.12001
2022-01-13,000166,4.83,4.91,4.82,4.83,66641490.0,344025250.0,108846500336.28
2022-01-14,000166,4.81,4.82,4.73,4.73,74753284.0,379479331.0,106592949604.68001
2022-01-17,000166,4.71,4.76,4.7,4.73,42597189.0,214344775.0,106592949604.68001
2022-01-18,000166,4.73,4.77,4.71,4.77,52065677.0,262832882.0,107494369897.31999
2022-01-19,000166,4.76,4.8,4.72,4.74,49229191.0,248897497.0,106818304677.84001
2022-01-20,000166,4.73,4.82,4.72,4.78,91297144.0,463929196.0,107719724970.48001
2022-01-21,000166,4.77,4.78,4.71,4.73,60318315.0,303752087.0,106592949604.68001
2022-01-24,000166,4.71,4.74,4.69,4.7,40453828.0,202724576.0,105916884385.2
2022-01-25,000166,4.68,4.69,4.49,4.49,81813846.0,400064417.0,101184427848.84001
2022-01-26,000166,4.5,4.57,4.49,4.55,54516020.0,262495649.0,102536558287.8
2022-01-27,000166,4.54,4.54,4.41,4.43,58260121.0,277667820.0,99832297409.87999
2022-01-28,000166,4.44,4.5,4.39,4.39,51505214.0,243635426.0,98930877117.23999
2022-02-07,000166,4.45,4.52,4.42,4.49,66988540.0,318844645.0,101184427848.84001
2022-02-08,000166,4.49,4.58,4.47,4.58,69602890.0,335918460.0,103212623507.28
2022-02-09,000166,4.56,4.61,4.55,4.57,44352649.0,215891616.0,102987268434.12001
2022-02-10,000166,4.58,4.59,4.54,4.57,39037487.0,189593308.0,102987268434.12001
2022-02-11,000166,4.56,4.63,4.55,4.58,59992704.0,292462037.0,103212623507.28
2022-02-14,000166,4.55,4.55,4.43,4.46,70469395.0,336474251.0,100508362629.36
2022-02-15,000166,4.46,4.49,4.45,4.48,37581869.0,178655133.0,100959072775.68001
2022-02-16,000166,4.49,4.53,4.45,4.47,41543833.0,198221888.0,100733717702.51999
2022-02-17,000166,4.46,4.48,4.44,4.45,39435675.0,186932786.0,100283007556.2
2022-02-18,000166,4.44,4.49,4.42,4.47,33912907.0,160600736.0,100733717702.51999
2022-02-21,000166,4.48,4.52,4.46,4.51,42698525.0,203604342.0,101635137995.15999
2022-02-22,000166,4.49,4.5,4.43,4.45,46199816.0,219184686.0,100283007556.2
2022-02-23,000166,4.44,4.47,4.43,4.46,40895237.0,193521741.0,100508362629.36
2022-02-24,000166,4.44,4.45,4.29,4.32,87157908.0,404351995.0,97353391605.12001
2022-02-25,000166,4.34,4.37,4.32,4.34,40369778.0,186442959.0,97804101751.44
2022-02-28,000166,4.34,4.35,4.3,4.31,37178773.0,170638825.0,97128036531.95999
2022-03-01,000166,4.33,4.35,4.31,4.34,37779256.0,173951403.0,97804101751.44
2022-03-02,000166,4.33,4.4,4.33,4.38,48497198.0,225071225.0,98705522044.08
2022-03-03,000166,4.38,4.42,4.37,4.38,43218167.0,201939358.0,98705522044.08
2022-03-04,000166,4.37,4.38,4.33,4.33,38337685.0,177193461.0,97578746678.28
2022-03-07,000166,4.33,4.34,4.26,4.27,48261080.0,221195285.0,96226616239.31999
2022-03-08,000166,4.27,4.31,4.18,4.18,55515798.0,250639562.0,94198420580.87999
2022-03-09,000166,4.19,4.22,3.97,4.08,88849083.0,387285835.0,91944869849.28
2022-03-10,000166,4.15,4.17,4.07,4.07,51098970.0,223434116.0,91719514776.12001
2022-03-11,000166,4.02,4.17,3.97,4.16,85583092.0,370239332.0,93747710434.56
2022-03-14,000166,4.11,4.18,4.09,4.11,61895449.0,272316370.0,92620935068.76001
2022-03-15,000166,4.09,4.14,3.98,3.99,77780852.0,336067164.0,89916674190.84001
2022-03-16,000166,4.02,4.19,3.97,4.18,114156705.0,497695308.0,94198420580.87999
2022-03-17,000166,4.19,4.21,4.11,4.12,114649939.0,505606799.0,92846290141.92
2022-03-18,000166,4.1,4.16,4.09,4.13,64328165.0,281993360.0,93071645215.08
2022-03-21,000166,4.11,4.13,4.06,4.08,64819709.0,282351758.0,91944869849.28
2022-03-22,000166,4.06,4.14,4.05,4.1,57947225.0,252214304.0,92395579995.59999
2022-03-23,000166,4.09,4.11,4.07,4.09,37662520.0,163836585.0,92170224922.44
2022-03-24,000166,4.07,4.08,4.02,4.04,48549229.0,209225115.0,91043449556.64
2022-03-25,000166,4.02,4.08,4.02,4.02,45526753.0,195689753.0,90592739410.31999
2022-03-28,000166,4.01,4.06,3.98,4.05,41385482.0,177137940.0,91268804629.8
2022-03-29,000166,4.06,4.08,4.04,4.06,34500774.0,149122024.0,91494159702.95999
2022-03-30,000166,4.08,4.18,4.07,4.15,81548130.0,357969892.0,93522355361.40001
2022-03-31,000166,4.14,4.18,4.12,4.12,61773585.0,271982950.0,92846290141.92
2022-04-01,000166,4.11,4.18,4.1,4.18,71959460.0,318054414.0,94198420580.87999
2022-04-06,000166,4.17,4.23,4.15,4.21,80172124.0,358368863.0,94874485800.36
2022-04-07,000166,4.2,4.24,4.11,4.12,71449880.0,316815813.0,92846290141.92
2022-04-08,000166,4.12,4.18,4.07,4.18,59300060.0,260545819.0,94198420580.87999
2022-04-11,000166,4.17,4.18,4.08,4.1,57935073.0,254648354.0,92395579995.59999
2022-04-12,000166,4.1,4.22,4.07,4.2,79313871.0,351137138.0,94649130727.2
2022-04-13,000166,4.19,4.22,4.15,4.16,60824811.0,270287688.0,93747710434.56
2022-04-14,000166,4.18,4.22,4.17,4.18,64076206.0,285462469.0,94198420580.87999
2022-04-15,000166,4.16,4.19,4.12,4.13,56039044.0,247403325.0,93071645215.08
2022-04-18,000166,4.1,4.1,4.05,4.07,52033444.0,225824811.0,91719514776.12001
2022-04-19,000166,4.07,4.12,4.06,4.08,38640600.0,167853891.0,91944869849.28
2022-04-20,000166,4.08,4.09,4.03,4.04,42890036.0,185286860.0,91043449556.64
2022-04-21,000166,4.03,4.09,4.01,4.02,66583728.0,286103868.0,90592739410.31999
2022-04-22,000166,4.01,4.06,4.0,4.05,47880975.0,205374300.0,91268804629.8
2022-04-25,000166,4.0,4.07,3.9,3.9,99867673.0,425505082.0,87888478532.4
2022-04-26,000166,3.91,3.93,3.72,3.73,90011116.0,365082388.0,84057442288.68
2022-04-27,000166,3.7,3.81,3.67,3.79,64798618.0,258121915.0,85409572727.64
2022-04-28,000166,3.76,3.78,3.68,3.72,57390136.0,228004496.0,83832087215.52
2022-04-29,000166,3.8,3.88,3.77,3.85,79241960.0,322582487.0,86761703166.6
2022-05-05,000166,3.82,3.83,3.76,3.79,69144151.0,278240217.0,85409572727.64
2022-05-06,000166,3.74,3.74,3.69,3.7,46810037.0,185112296.0,83381377069.2
2022-05-09,000166,3.7,3.73,3.69,3.72,29246172.0,115623335.0,83832087215.52
2022-05-10,000166,3.69,3.77,3.68,3.75,46540903.0,185042640.0,84508152435.0
2022-05-11,000166,3.75,3.84,3.73,3.74,65072660.0,261503375.0,84282797361.84001
2022-05-12,000166,3.73,3.78,3.71,3.74,41342328.0,164306727.0,84282797361.84001
2022-05-13,000166,3.74,3.78,3.73,3.76,38743146.0,154676905.0,84733507508.15999
2022-05-16,000166,3.78,3.8,3.74,3.75,39422880.0,157548502.0,84508152435.0
2022-05-17,000166,3.75,3.77,3.72,3.75,30499762.0,121613413.0,84508152435.0
2022-05-18,000166,3.76,3.79,3.74,3.77,35545223.0,142312065.0,84958862581.32
2022-05-19,000166,3.74,3.76,3.72,3.76,30461141.0,121261350.0,84733507508.15999
2022-05-20,000166,3.76,3.81,3.75,3.8,53199780.0,214482209.0,85634927800.8
2022-05-23,000166,3.8,3.83,3.77,3.81,44737334.0,180727770.0,85860282873.96
2022-05-24,000166,3.82,3.85,3.73,3.73,56896451.0,229297762.0,84057442288.68
2022-05-25,000166,3.73,3.76,3.73,3.76,32415847.0,129295949.0,84733507508.15999
2022-05-26,000166,3.76,3.85,3.74,3.82,58458739.0,236229180.0,86085637947.12
2022-05-27,000166,3.83,3.84,3.78,3.8,41619709.0,168678557.0,85634927800.8
2022-05-30,000166,3.8,3.81,3.77,3.78,33456383.0,134807918.0,85184217654.48
2022-05-31,000166,3.78,3.83,3.77,3.81,49213911.0,198981806.0,85860282873.96
2022-06-01,000166,3.81,3.82,3.78,3.79,30802978.0,124419955.0,85409572727.64
2022-06-02,000166,3.79,3.82,3.77,3.81,41044357.0,165903010.0,85860282873.96
2022-06-06,000166,3.81,3.87,3.79,3.86,70811819.0,289113341.0,86987058239.76
2022-06-07,000166,3.86,3.91,3.83,3.84,82498455.0,338683014.0,86536348093.44
2022-06-08,000166,3.84,3.9,3.83,3.89,105805804.0,434721297.0,87663123459.24
2022-06-09,000166,3.89,3.95,3.86,3.86,139621592.0,579357583.0,86987058239.76
2022-06-10,000166,3.84,3.98,3.82,3.93,201975891.0,834853706.0,88564543751.88
2022-06-13,000166,3.89,3.94,3.87,3.91,122534500.0,509026484.0,88113833605.56
2022-06-14,000166,3.87,4.12,3.85,4.1,183807366.0,776422148.0,92395579995.59999
2022-06-15,000166,4.12,4.37,4.1,4.19,331913746.0,1499086846.0,94423775654.04001
2022-06-16,000166,4.21,4.22,4.05,4.06,172547360.0,758099442.0,91494159702.95999
2022-06-17,000166,4.03,4.11,3.98,4.05,106763046.0,458834238.0,91268804629.8
2022-06-20,000166,4.03,4.08,4.01,4.02,66752640.0,286247957.0,90592739410.31999
2022-06-21,000166,4.02,4.05,4.0,4.02,66738742.0,285760603.0,90592739410.31999
2022-06-22,000166,4.02,4.03,3.93,3.94,88161166.0,373309421.0,88789898825.04
2022-06-23,000166,3.94,4.06,3.92,4.03,91413585.0,389048773.0,90818094483.48001
2022-06-24,000166,4.04,4.04,4.0,4.01,63860747.0,273016402.0,90367384337.15999
2022-06-27,000166,4.01,4.03,3.98,3.99,64644149.0,275770668.0,89916674190.84001
2022-06-28,000166,3.98,4.07,3.96,4.05,67277248.0,286902009.0,91268804629.8
2022-06-29,000166,4.03,4.08,4.0,4.01,78479813.0,337599363.0,90367384337.15999
2022-06-30,000166,4.01,4.06,4.0,4.03,54786926.0,235230779.0,90818094483.48001
2022-07-01,000166,4.03,4.04,3.98,3.99,50813678.0,216304233.0,89916674190.84001
2022-07-04,000166,3.98,4.01,3.95,3.99,52715672.0,222631385.0,89916674190.84001
2022-07-05,000166,3.98,4.0,3.92,3.95,53009833.0,222999025.0,89015253898.2
2022-07-06,000166,3.95,3.95,3.91,3.92,43930069.0,183481250.0,88339188678.72
2022-07-07,000166,3.92,3.95,3.91,3.91,31133772.0,130077167.0,88113833605.56
2022-07-08,000166,3.93,3.95,3.91,3.92,32223589.0,134589715.0,88339188678.72
2022-07-11,000166,3.91,3.93,3.88,3.89,35165073.0,146135637.0,87663123459.24
2022-07-12,000166,3.9,3.97,3.89,3.92,44653957.0,186570754.0,88339188678.72
2022-07-13,000166,3.91,3.95,3.91,3.92,33726291.0,140974862.0,88339188678.72
2022-07-14,000166,3.92,3.93,3.89,3.92,26531978.0,110462934.0,88339188678.72
2022-07-15,000166,3.91,3.92,3.79,3.8,56940643.0,233725131.0,85634927800.8
2022-07-18,000166,3.8,3.88,3.8,3.86,39540249.0,161935529.0,86987058239.76
2022-07-19,000166,3.86,3.9,3.84,3.88,38605850.0,158823386.0,87437768386.08
2022-07-20,000166,3.89,3.91,3.88,3.9,25658749.0,106340656.0,87888478532.4
2022-07-21,000166,3.89,3.94,3.88,3.89,37274119.0,155103389.0,87663123459.24
2022-07-22,000166,3.9,3.95,3.88,3.9,34394019.0,143151013.0,87888478532.4
2022-07-25,000166,3.91,3.92,3.87,3.87,19903441.0,82358847.0,87212413312.92
2022-07-26,000166,3.88,3.92,3.87,3.9,21888770.0,90801676.0,87888478532.4
2022-07-27,000166,3.9,3.91,3.86,3.88,26264492.0,108720893.0,87437768386.08
2022-07-28,000166,3.89,3.94,3.89,3.91,38380405.0,160019701.0,88113833605.56
2022-07-29,000166,3.92,3.93,3.87,3.88,36610314.0,151905168.0,87437768386.08
2022-08-01,000166,3.87,3.89,3.84,3.86,31475809.0,129249546.0,86987058239.76
2022-08-02,000166,3.84,3.84,3.72,3.78,74023430.0,297145214.0,85184217654.48
2022-08-03,000166,3.77,3.82,3.77,3.78,35652466.0,143865508.0,85184217654.48
2022-08-04,000166,3.79,3.82,3.77,3.8,28618604.0,115570319.0,85634927800.8
2022-08-05,000166,3.84,3.89,3.82,3.88,48757086.0,194911537.0,87437768386.08
2022-08-08,000166,3.89,3.93,3.87,3.92,35001640.0,141913483.0,88339188678.72
2022-08-09,000166,3.92,3.92,3.9,3.9,27235411.0,110352708.0,87888478532.4
2022-08-10,000166,3.9,3.95,3.88,3.9,31998658.0,129851369.0,87888478532.4
2022-08-11,000166,3.92,4.05,3.91,4.03,111013068.0,460046752.0,90818094483.48001
2022-08-12,000166,4.0,4.06,3.99,4.04,79669065.0,333645236.0,91043449556.64
2022-08-15,000166,4.03,4.05,4.0,4.01,43337678.0,180833816.0,90367384337.15999
2022-08-16,000166,4.03,4.06,4.01,4.03,35122939.0,146879694.0,90818094483.48001
2022-08-17,000166,4.04,4.1,4.01,4.09,64232949.0,270941181.0,92170224922.44
2022-08-18,000166,4.08,4.08,4.02,4.03,38901640.0,163124205.0,90818094483.48001
2022-08-19,000166,4.03,4.07,4.02,4.04,40510295.0,170207662.0,91043449556.64
2022-08-22,000166,4.02,4.06,4.01,4.02,36939347.0,154502022.0,90592739410.31999
2022-08-23,000166,4.02,4.09,4.01,4.03,49381906.0,206971150.0,90818094483.48001
2022-08-24,000166,4.03,4.1,3.98,3.99,63110620.0,264142690.0,89916674190.84001
2022-08-25,000166,4.01,4.07,3.98,4.05,53036387.0,221275886.0,91268804629.8
2022-08-26,000166,4.06,4.07,4.01,4.02,37683164.0,157661778.0,90592739410.31999
2022-08-29,000166,3.99,4.02,3.98,3.99,37884535.0,156821858.0,89916674190.84001
2022-08-30,000166,3.99,4.03,3.96,4.0,42174274.0,174783301.0,90142029264.0
2022-08-31,000166,4.0,4.05,3.98,4.03,76696806.0,320231803.0,90818094483.48001
2022-09-01,000166,4.03,4.07,4.0,4.05,61429350.0,258112463.0,91268804629.8
2022-09-02,000166,4.05,4.07,3.99,4.01,48718705.0,203318006.0,90367384337.15999
2022-09-05,000166,4.0,4.1,3.99,4.09,57443189.0,241117605.0,92170224922.44
2022-09-06,000166,4.1,4.12,4.08,4.11,64595873.0,274652990.0,92620935068.76001
2022-09-07,000166,4.1,4.1,4.07,4.09,37896895.0,160426331.0,92170224922.44
2022-09-08,000166,4.09,4.1,4.06,4.08,34292192.0,144995973.0,91944869849.28
2022-09-09,000166,4.08,4.15,4.07,4.12,63218840.0,269789466.0,92846290141.92
2022-09-13,000166,4.13,4.14,4.09,4.1,49419416.0,210960488.0,92395579995.59999
2022-09-14,000166,4.05,4.07,4.03,4.05,49280048.0,206953509.0,91268804629.8
2022-09-15,000166,4.05,4.08,4.0,4.03,54440181.0,228547229.0,90818094483.48001
2022-09-16,000166,4.02,4.02,3.86,3.87,100255737.0,407404899.0,87212413312.92
2022-09-19,000166,3.89,3.91,3.85,3.86,40158866.0,161222626.0,86987058239.76
2022-09-20,000166,3.87,3.91,3.86,3.87,29744220.0,119544705.0,87212413312.92
2022-09-21,000166,3.86,3.89,3.82,3.86,43033228.0,171766864.0,86987058239.76
2022-09-22,000166,3.84,3.88,3.84,3.87,28426101.0,113681828.0,87212413312.92
2022-09-23,000166,3.86,3.91,3.85,3.88,39882998.0,160224730.0,87437768386.08
2022-09-26,000166,3.86,3.88,3.78,3.78,45757069.0,181706244.0,85184217654.48
2022-09-27,000166,3.79,3.82,3.77,3.81,29010902.0,114093288.0,85860282873.96
2022-09-28,000166,3.81,3.81,3.76,3.77,30188921.0,118350052.0,84958862581.32
2022-09-29,000166,3.8,3.81,3.67,3.71,53305969.0,206436660.0,83606732142.36
2022-09-30,000166,3.7,3.74,3.69,3.72,33277723.0,128537017.0,83832087215.52
2022-10-10,000166,3.72,3.75,3.68,3.68,35164479.0,135537136.0,82930666922.88
2022-10-11,000166,3.69,3.77,3.68,3.74,33990784.0,131291423.0,84282797361.84001
2022-10-12,000166,3.72,3.81,3.72,3.8,43080467.0,168151726.0,85634927800.8
2022-10-13,000166,3.79,3.83,3.77,3.82,33746141.0,132980125.0,86085637947.12
2022-10-14,000166,3.83,3.86,3.82,3.83,37758528.0,150251180.0,86310993020.28
2022-10-17,000166,3.81,3.84,3.79,3.83,30925002.0,122600186.0,86310993020.28
2022-10-18,000166,3.84,3.85,3.8,3.81,31214633.0,123554468.0,85860282873.96
2022-10-19,000166,3.8,3.82,3.77,3.78,22275316.0,87575950.0,85184217654.48
2022-10-20,000166,3.77,3.84,3.76,3.81,30474518.0,120062064.0,85860282873.96
2022-10-21,000166,3.9,3.91,3.81,3.82,46183558.0,184683794.0,86085637947.12
2022-10-24,000166,3.83,3.89,3.75,3.77,51874096.0,205749477.0,84958862581.32
2022-10-25,000166,3.77,3.83,3.72,3.79,40081238.0,156696338.0,85409572727.64
2022-10-26,000166,3.79,3.85,3.78,3.8,40276462.0,159127369.0,85634927800.8
2022-10-27,000166,3.8,3.83,3.78,3.8,32157637.0,126937856.0,85634927800.8
2022-10-28,000166,3.79,3.81,3.73,3.74,48432348.0,189631520.0,84282797361.84001
2022-10-31,000166,3.75,3.8,3.73,3.75,40540243.0,158155961.0,84508152435.0
2022-11-01,000166,3.76,3.85,3.75,3.84,48841637.0,192887469.0,86536348093.44
2022-11-02,000166,3.84,3.87,3.83,3.85,38359110.0,152870130.0,86761703166.6
2022-11-03,000166,3.82,3.84,3.81,3.83,24315735.0,96373876.0,86310993020.28
2022-11-04,000166,3.83,3.91,3.82,3.89,57786967.0,232057178.0,87663123459.24
2022-11-07,000166,3.88,3.93,3.86,3.91,48138801.0,194483362.0,88113833605.56
2022-11-08,000166,3.9,3.91,3.86,3.88,30893735.0,124283883.0,87437768386.08
2022-11-09,000166,3.88,3.89,3.85,3.86,23804716.0,95410949.0,86987058239.76
2022-11-10,000166,3.85,3.89,3.83,3.87,27712285.0,110980651.0,87212413312.92
2022-11-11,000166,3.92,3.96,3.89,3.92,76063797.0,309497416.0,88339188678.72
2022-11-14,000166,3.93,3.99,3.92,3.93,74296995.0,304428256.0,88564543751.88
2022-11-15,000166,3.92,4.07,3.91,4.03,122262042.0,508080661.0,90818094483.48001
2022-11-16,000166,4.01,4.02,3.97,3.97,56698019.0,234803934.0,89465964044.52
2022-11-17,000166,3.96,3.99,3.94,3.99,49635339.0,204562448.0,89916674190.84001
2022-11-18,000166,3.99,3.99,3.93,3.93,43200471.0,177727897.0,88564543751.88
2022-11-21,000166,3.92,3.94,3.9,3.91,34595399.0,140254691.0,88113833605.56
2022-11-22,000166,3.91,3.96,3.9,3.93,44603711.0,181773140.0,88564543751.88
2022-11-23,000166,3.92,3.97,3.92,3.95,40813774.0,167011774.0,89015253898.2
2022-11-24,000166,3.95,3.97,3.91,3.92,35498540.0,145115574.0,88339188678.72
2022-11-25,000166,3.91,3.97,3.91,3.95,45772208.0,187341483.0,89015253898.2
2022-11-28,000166,3.91,3.92,3.87,3.91,45025674.0,182013071.0,88113833605.56
2022-11-29,000166,3.91,4.03,3.91,4.0,85778631.0,353814376.0,90142029264.0
2022-11-30,000166,4.0,4.03,3.98,3.98,55502275.0,230275796.0,89691319117.68
2022-12-01,000166,4.02,4.07,3.97,3.98,89781459.0,374044517.0,89691319117.68
2022-12-02,000166,3.98,4.0,3.96,3.97,46681492.0,192606378.0,89465964044.52
2022-12-05,000166,4.0,4.07,3.99,4.06,92544570.0,387830534.0,91494159702.95999
2022-12-06,000166,4.05,4.08,4.03,4.04,57925441.0,243382701.0,91043449556.64
2022-12-07,000166,4.04,4.06,3.99,4.02,57986022.0,241957665.0,90592739410.31999
2022-12-08,000166,4.01,4.03,3.99,4.0,36712374.0,152553842.0,90142029264.0
2022-12-09,000166,4.02,4.03,3.97,4.03,63393596.0,263365719.0,90818094483.48001
2022-12-12,000166,4.02,4.02,3.93,3.94,60185951.0,247975011.0,88789898825.04
2022-12-13,000166,3.94,3.97,3.93,3.95,31874546.0,130564322.0,89015253898.2
2022-12-14,000166,3.94,3.98,3.93,3.95,35403216.0,145178890.0,89015253898.2
2022-12-15,000166,3.94,3.97,3.92,3.93,27683357.0,113099855.0,88564543751.88
2022-12-16,000166,3.91,3.95,3.91,3.95,32279320.0,131673862.0,89015253898.2
2022-12-19,000166,3.94,3.96,3.84,3.86,53765865.0,216814819.0,86987058239.76
2022-12-20,000166,3.85,3.87,3.83,3.84,33783415.0,134625373.0,86536348093.44
2022-12-21,000166,3.84,3.86,3.82,3.82,20067422.0,79818565.0,86085637947.12
2022-12-22,000166,3.84,3.86,3.79,3.81,24871805.0,98709860.0,85860282873.96
2022-12-23,000166,3.8,3.84,3.79,3.82,19094982.0,75517483.0,86085637947.12
2022-12-26,000166,3.83,3.84,3.81,3.82,24079934.0,95577843.0,86085637947.12
2022-12-27,000166,3.84,3.86,3.83,3.85,20717128.0,82653072.0,86761703166.6
2022-12-28,000166,3.84,3.86,3.83,3.85,19890252.0,79199081.0,86761703166.6
2022-12-29,000166,3.83,3.85,3.81,3.83,28723533.0,114034980.0,86310993020.28
2022-12-30,000166,3.85,3.86,3.83,3.84,30837013.0,122887983.0,86536348093.44
2023-01-03,000166,3.83,3.86,3.79,3.84,46493185.0,184020303.0,86536348093.44
2023-01-04,000166,3.84,3.86,3.83,3.85,33025765.0,131632789.0,86761703166.6
2023-01-05,000166,3.86,3.89,3.85,3.88,40737018.0,163437190.0,87437768386.08
2023-01-06,000166,3.87,3.89,3.86,3.87,32766266.0,131511990.0,87212413312.92
2023-01-09,000166,3.87,3.92,3.87,3.89,44562874.0,180014947.0,87663123459.24
2023-01-10,000166,3.9,3.91,3.87,3.88,37176014.0,150036578.0,87437768386.08
2023-01-11,000166,3.88,3.9,3.86,3.87,25748771.0,103502718.0,87212413312.92
2023-01-12,000166,3.86,3.89,3.84,3.88,33368400.0,133573020.0,87437768386.08
2023-01-13,000166,3.89,3.92,3.87,3.92,55778442.0,225287906.0,88339188678.72
2023-01-16,000166,3.92,4.06,3.91,4.0,151051113.0,627366366.0,90142029264.0
2023-01-17,000166,4.0,4.04,3.98,4.03,79210149.0,329701195.0,90818094483.48001
2023-01-18,000166,4.03,4.05,4.02,4.03,52815457.0,221271428.0,90818094483.48001
2023-01-19,000166,4.03,4.09,4.01,4.09,72527793.0,305546237.0,92170224922.44
2023-01-20,000166,4.08,4.09,4.04,4.06,73749055.0,310207561.0,91494159702.95999
2023-01-30,000166,4.1,4.12,4.02,4.03,70872426.0,298159184.0,90818094483.48001
2023-01-31,000166,4.03,4.05,3.99,4.0,55812024.0,232353059.0,90142029264.0
2023-02-01,000166,4.02,4.1,4.0,4.08,67415303.0,282882769.0,91944869849.28
2023-02-02,000166,4.2,4.23,4.08,4.09,160264074.0,687263310.0,92170224922.44
2023-02-03,000166,4.07,4.1,4.02,4.05,76216646.0,320639527.0,91268804629.8
2023-02-06,000166,4.05,4.05,4.01,4.03,39475452.0,165175015.0,90818094483.48001
2023-02-07,000166,4.03,4.05,4.0,4.03,45171747.0,188656400.0,90818094483.48001
2023-02-08,000166,4.04,4.05,3.98,3.99,40564405.0,168711275.0,89916674190.84001
2023-02-09,000166,3.98,4.04,3.97,4.04,39347474.0,163982063.0,91043449556.64
2023-02-10,000166,4.03,4.06,4.01,4.02,31315628.0,130921865.0,90592739410.31999
2023-02-13,000166,4.02,4.06,4.01,4.05,37727927.0,158241236.0,91268804629.8
2023-02-14,000166,4.05,4.07,4.03,4.05,33093376.0,138955834.0,91268804629.8
2023-02-15,000166,4.06,4.06,4.02,4.03,29660059.0,124216169.0,90818094483.48001
2023-02-16,000166,4.04,4.1,3.97,4.0,79112003.0,332305105.0,90142029264.0
2023-02-17,000166,4.0,4.02,3.95,3.96,46529990.0,192480118.0,89240608971.36
2023-02-20,000166,4.0,4.09,3.98,4.08,89723399.0,376455412.0,91944869849.28
2023-02-21,000166,4.08,4.09,4.05,4.09,55701950.0,235313111.0,92170224922.44
2023-02-22,000166,4.07,4.1,4.06,4.07,42409612.0,179394276.0,91719514776.12001
2023-02-23,000166,4.08,4.13,4.07,4.09,53747098.0,228380148.0,92170224922.44
2023-02-24,000166,4.09,4.11,4.04,4.07,37679430.0,159046669.0,91719514776.12001
2023-02-27,000166,4.04,4.07,4.02,4.03,31686735.0,132800720.0,90818094483.48001
2023-02-28,000166,4.03,4.07,4.01,4.07,37292226.0,156283693.0,91719514776.12001
2023-03-01,000166,4.07,4.11,4.05,4.1,61530619.0,260589994.0,92395579995.59999
2023-03-02,000166,4.1,4.12,4.08,4.1,54736504.0,232971572.0,92395579995.59999
2023-03-03,000166,4.12,4.14,4.09,4.13,59756533.0,255055760.0,93071645215.08
2023-03-06,000166,4.14,4.15,4.08,4.09,49232244.0,209388424.0,92170224922.44
2023-03-07,000166,4.09,4.13,4.06,4.06,65714478.0,279112047.0,91494159702.95999
2023-03-08,000166,4.05,4.07,4.03,4.05,37023576.0,155354830.0,91268804629.8
2023-03-09,000166,4.05,4.06,4.02,4.03,30010186.0,125662705.0,90818094483.48001
2023-03-10,000166,4.02,4.03,3.98,3.99,41880248.0,173912750.0,89916674190.84001
2023-03-13,000166,3.98,4.01,3.96,4.0,43787606.0,180957478.0,90142029264.0
2023-03-14,000166,3.99,4.0,3.95,3.96,40732011.0,167862124.0,89240608971.36
2023-03-15,000166,3.98,4.01,3.97,4.0,29299959.0,121444693.0,90142029264.0
2023-03-16,000166,3.98,4.0,3.96,3.97,27638994.0,114197085.0,89465964044.52
2023-03-17,000166,3.99,4.05,3.98,4.01,53934297.0,224868761.0,90367384337.15999
2023-03-20,000166,4.01,4.05,3.98,3.98,47138912.0,196364551.0,89691319117.68
2023-03-21,000166,4.0,4.03,3.98,4.02,30048270.0,124894475.0,90592739410.31999
2023-03-22,000166,4.03,4.04,4.0,4.03,35685845.0,148846450.0,90818094483.48001
2023-03-23,000166,4.02,4.08,4.01,4.08,46736631.0,196271485.0,91944869849.28
2023-03-24,000166,4.08,4.09,4.04,4.07,39367635.0,166054739.0,91719514776.12001
2023-03-27,000166,4.07,4.09,4.03,4.06,37360533.0,157319885.0,91494159702.95999
2023-03-28,000166,4.06,4.07,4.04,4.05,29333400.0,123340630.0,91268804629.8
2023-03-29,000166,4.06,4.07,4.01,4.03,28591992.0,119549111.0,90818094483.48001
2023-03-30,000166,4.04,4.07,3.99,4.05,41430909.0,173155492.0,91268804629.8
2023-03-31,000166,4.04,4.05,4.02,4.02,32866611.0,137408790.0,90592739410.31999
2023-04-03,000166,4.02,4.1,4.01,4.09,87926240.0,370799188.0,92170224922.44
2023-04-04,000166,4.1,4.12,4.07,4.1,62489765.0,265538533.0,92395579995.59999
2023-04-06,000166,4.1,4.11,4.07,4.08,39254091.0,166354095.0,91944869849.28
2023-04-07,000166,4.09,4.11,4.07,4.09,45478887.0,192794268.0,92170224922.44
2023-04-10,000166,4.11,4.12,4.06,4.07,47834267.0,203076586.0,91719514776.12001
2023-04-11,000166,4.08,4.14,4.07,4.1,71253874.0,303759840.0,92395579995.59999
2023-04-12,000166,4.1,4.14,4.09,4.12,47731321.0,203435063.0,92846290141.92
2023-04-13,000166,4.11,4.11,4.08,4.08,40976462.0,173922803.0,91944869849.28
2023-04-14,000166,4.1,4.11,4.06,4.09,37186494.0,157646744.0,92170224922.44
2023-04-17,000166,4.14,4.44,4.14,4.34,287086299.0,1280427594.0,97804101751.44
2023-04-18,000166,4.33,4.41,4.3,4.33,135193610.0,607904667.0,97578746678.28
2023-04-19,000166,4.31,4.39,4.3,4.34,119547954.0,537888580.0,97804101751.44
2023-04-20,000166,4.32,4.38,4.29,4.36,95184243.0,427614004.0,98254811897.76001
2023-04-21,000166,4.38,4.38,4.23,4.24,113727710.0,505185684.0,95550551019.84001
2023-04-24,000166,4.24,4.27,4.17,4.18,79299475.0,346914979.0,94198420580.87999
2023-04-25,000166,4.18,4.27,4.18,4.23,79081207.0,345807412.0,95325195946.68001
2023-04-26,000166,4.22,4.23,4.16,4.22,75281861.0,327991819.0,95099840873.51999
2023-04-27,000166,4.2,4.32,4.19,4.3,103536581.0,457368524.0,96902681458.8
2023-04-28,000166,4.3,4.4,4.28,4.36,107412517.0,484609049.0,98254811897.76001
2023-05-04,000166,4.36,4.52,4.33,4.5,152352202.0,704769618.0,101409782922.0
2023-05-05,000166,4.52,4.79,4.52,4.64,230382097.0,1114649237.0,104564753946.23999
2023-05-08,000166,4.65,4.77,4.6,4.71,224177096.0,1093218547.0,106142239458.36
2023-05-09,000166,4.73,4.97,4.68,4.71,387553347.0,1942844997.0,106142239458.36
2023-05-10,000166,4.67,4.76,4.54,4.59,234152134.0,1120987114.0,103437978580.44
2023-05-11,000166,4.62,4.67,4.55,4.62,123951257.0,593064653.0,104114043799.92
2023-05-12,000166,4.63,4.64,4.56,4.59,85749987.0,408240981.0,103437978580.44
2023-05-15,000166,4.59,4.64,4.43,4.59,159342115.0,745876580.0,103437978580.44
2023-05-16,000166,4.6,4.67,4.54,4.57,80816270.0,385749658.0,102987268434.12001
2023-05-17,000166,4.56,4.63,4.51,4.59,66977010.0,318230042.0,103437978580.44
2023-05-18,000166,4.59,4.63,4.53,4.55,58398093.0,277028679.0,102536558287.8
2023-05-19,000166,4.55,4.57,4.5,4.53,55019604.0,258629067.0,102085848141.48001
2023-05-22,000166,4.52,4.56,4.5,4.53,44521005.0,209110661.0,102085848141.48001
2023-05-23,000166,4.54,4.56,4.43,4.44,60401646.0,280669007.0,100057652483.04001
2023-05-24,000166,4.43,4.52,4.41,4.45,91561589.0,424267177.0,100283007556.2
2023-05-25,000166,4.47,4.52,4.42,4.51,65741327.0,303998231.0,101635137995.15999
2023-05-26,000166,4.5,4.58,4.45,4.57,59612454.0,280653145.0,102987268434.12001
2023-05-29,000166,4.57,4.59,4.51,4.55,53400825.0,251976845.0,102536558287.8
2023-05-30,000166,4.53,4.6,4.5,4.55,43865297.0,207010704.0,102536558287.8
2023-05-31,000166,4.55,4.58,4.51,4.55,45377288.0,213838437.0,102536558287.8
2023-06-01,000166,4.55,4.61,4.49,4.5,51580040.0,243186655.0,101409782922.0
2023-06-02,000166,4.5,4.54,4.47,4.52,41053372.0,192173146.0,101860493068.31999
2023-06-05,000166,4.53,4.54,4.45,4.46,38901836.0,181261289.0,100508362629.36
2023-06-06,000166,4.45,4.48,4.37,4.38,51542025.0,236619844.0,98705522044.08
2023-06-07,000166,4.38,4.44,4.37,4.39,34232609.0,156092160.0,98930877117.23999
2023-06-08,000166,4.39,4.46,4.37,4.45,37304196.0,171167612.0,100283007556.2
2023-06-09,000166,4.45,4.46,4.4,4.42,35229184.0,161533603.0,99606942336.72
2023-06-12,000166,4.41,4.42,4.32,4.33,45290378.0,204818637.0,97578746678.28
2023-06-13,000166,4.33,4.36,4.32,4.34,27262390.0,122651346.0,97804101751.44
2023-06-14,000166,4.36,4.41,4.34,4.35,35017627.0,158616472.0,98029456824.59999
2023-06-15,000166,4.35,4.45,4.34,4.42,48859107.0,222638297.0,99606942336.72
2023-06-16,000166,4.42,4.5,4.41,4.47,53467796.0,246958708.0,100733717702.51999
2023-06-19,000166,4.47,4.48,4.42,4.45,31220712.0,143794913.0,100283007556.2
2023-06-20,000166,4.44,4.48,4.41,4.44,33734701.0,155750913.0,100057652483.04001
2023-06-21,000166,4.44,4.45,4.37,4.38,33880970.0,155080770.0,98705522044.08
2023-06-26,000166,4.35,4.37,4.26,4.27,56165889.0,251039567.0,96226616239.31999
2023-06-27,000166,4.27,4.32,4.27,4.31,25574786.0,114086187.0,97128036531.95999
2023-06-28,000166,4.32,4.34,4.27,4.33,36634588.0,163413091.0,97578746678.28
2023-06-29,000166,4.33,4.39,4.3,4.38,33648918.0,151744582.0,98705522044.08
2023-06-30,000166,4.37,4.46,4.35,4.45,42548630.0,195115243.0,100283007556.2
2023-07-03,000166,4.47,4.49,4.44,4.48,37070541.0,171822187.0,100959072775.68001
2023-07-04,000166,4.46,4.48,4.43,4.45,26824729.0,123869928.0,100283007556.2
2023-07-05,000166,4.44,4.45,4.39,4.4,26838855.0,122691388.0,99156232190.40001
2023-07-06,000166,4.4,4.45,4.38,4.39,25559923.0,116881411.0,98930877117.23999
2023-07-07,000166,4.39,4.45,4.37,4.45,23969544.0,109922619.0,100283007556.2
2023-07-10,000166,4.45,4.53,4.45,4.52,49756388.0,232480337.0,101860493068.31999
2023-07-11,000166,4.51,4.54,4.49,4.49,26708858.0,124845262.0,101184427848.84001
2023-07-12,000166,4.5,4.53,4.45,4.47,27381440.0,127680877.0,100733717702.51999
2023-07-13,000166,4.49,4.54,4.44,4.53,41940826.0,196764089.0,102085848141.48001
2023-07-14,000166,4.53,4.55,4.51,4.53,27317021.0,128269643.0,102085848141.48001
2023-07-17,000166,4.52,4.54,4.48,4.52,25527130.0,119515822.0,101860493068.31999
2023-07-18,000166,4.51,4.54,4.49,4.5,23637716.0,110678309.0,101409782922.0
2023-07-19,000166,4.49,4.53,4.49,4.51,43328098.0,202702466.0,101635137995.15999
2023-07-20,000166,4.53,4.54,4.47,4.48,28890630.0,135331912.0,100959072775.68001
2023-07-21,000166,4.48,4.52,4.46,4.49,24698513.0,115099103.0,101184427848.84001
2023-07-24,000166,4.48,4.52,4.45,4.48,41086819.0,191218864.0,100959072775.68001
2023-07-25,000166,4.65,4.72,4.55,4.69,152979555.0,737486860.0,105691529312.04001
2023-07-26,000166,4.69,4.73,4.63,4.66,64864752.0,314629048.0,105015464092.56
2023-07-27,000166,4.67,4.69,4.62,4.63,43066643.0,207906049.0,104339398873.08
2023-07-28,000166,4.63,4.95,4.61,4.91,236420428.0,1181821789.0,110649340921.56
2023-07-31,000166,4.94,5.04,4.85,4.86,220846174.0,1129763906.0,109522565555.76001
2023-08-01,000166,4.84,4.92,4.79,4.82,165928560.0,833439970.0,108621145263.12001
2023-08-02,000166,4.81,4.9,4.79,4.81,97884861.0,490019003.0,108395790189.95999
2023-08-03,000166,4.83,4.94,4.75,4.92,147057424.0,742571162.0,110874695994.72
2023-08-04,000166,4.98,5.13,4.92,4.98,315663899.0,1642935844.0,112226826433.68001
2023-08-07,000166,4.92,4.96,4.83,4.93,142606586.0,726560992.0,111100051067.87999
2023-08-08,000166,4.88,5.02,4.78,4.93,167265750.0,852770227.0,111100051067.87999
2023-08-09,000166,4.93,4.97,4.88,4.9,90940641.0,463187949.0,110423985848.40001
2023-08-10,000166,4.91,4.96,4.88,4.95,98865997.0,504334479.0,111550761214.2
2023-08-11,000166,4.95,4.95,4.77,4.78,129712267.0,646566744.0,107719724970.48001
2023-08-14,000166,4.7,4.73,4.65,4.68,111208490.0,537567631.0,105466174238.87999
2023-08-15,000166,4.67,4.73,4.66,4.73,87105461.0,422384763.0,106592949604.68001
2023-08-16,000166,4.72,4.85,4.67,4.78,91747469.0,451576224.0,107719724970.48001
2023-08-17,000166,4.78,4.79,4.67,4.75,99690522.0,486578069.0,107043659751.0
2023-08-18,000166,4.75,4.82,4.66,4.67,73308734.0,358352217.0,105240819165.72
2023-08-21,000166,4.65,4.69,4.5,4.5,105916577.0,500086205.0,101409782922.0
2023-08-22,000166,4.54,4.57,4.48,4.55,104439121.0,486839300.0,102536558287.8
2023-08-23,000166,4.52,4.55,4.44,4.45,91575643.0,424217905.0,100283007556.2
2023-08-24,000166,4.51,4.55,4.45,4.47,71010760.0,328964417.0,100733717702.51999
2023-08-25,000166,4.46,4.55,4.44,4.51,76794168.0,356957839.0,101635137995.15999
2023-08-28,000166,4.97,4.97,4.52,4.53,357620238.0,1736944046.0,102085848141.48001
2023-08-29,000166,4.48,4.53,4.35,4.42,225724008.0,1031336993.0,99606942336.72
2023-08-30,000166,4.4,4.4,4.31,4.31,131646964.0,590855267.0,97128036531.95999
2023-08-31,000166,4.33,4.35,4.23,4.23,91537099.0,403937596.0,95325195946.68001
2023-09-01,000166,4.25,4.28,4.22,4.24,73761836.0,322308704.0,95550551019.84001
2023-09-04,000166,4.26,4.31,4.22,4.3,90923842.0,400582088.0,96902681458.8
2023-09-05,000166,4.29,4.3,4.21,4.23,89265035.0,390017634.0,95325195946.68001
2023-09-06,000166,4.21,4.25,4.19,4.23,57286297.0,249216018.0,95325195946.68001
2023-09-07,000166,4.23,4.26,4.19,4.19,59357537.0,258297688.0,94423775654.04001
2023-09-08,000166,4.19,4.22,4.17,4.2,46046856.0,199077912.0,94649130727.2
2023-09-11,000166,4.2,4.28,4.19,4.25,82298663.0,358930480.0,95775906093.0
2023-09-12,000166,4.25,4.27,4.23,4.23,40636370.0,177746285.0,95325195946.68001
2023-09-13,000166,4.24,4.24,4.17,4.19,59530107.0,257455543.0,94423775654.04001
2023-09-14,000166,4.2,4.23,4.18,4.22,57871002.0,251097784.0,95099840873.51999
2023-09-15,000166,4.23,4.26,4.21,4.22,72861496.0,317783110.0,95099840873.51999
2023-09-18,000166,4.21,4.24,4.19,4.23,43790290.0,190561806.0,95325195946.68001
2023-09-19,000166,4.24,4.25,4.21,4.22,59994303.0,261338361.0,95099840873.51999
2023-09-20,000166,4.22,4.24,4.19,4.22,39122917.0,170153033.0,95099840873.51999
2023-09-21,000166,4.22,4.24,4.17,4.17,57848371.0,250589227.0,93973065507.72
2023-09-22,000166,4.16,4.3,4.16,4.28,116851901.0,511728427.0,96451971312.48001
2023-09-25,000166,4.27,4.27,4.22,4.23,54977951.0,240146007.0,95325195946.68001
2023-09-26,000166,4.23,4.25,4.21,4.22,37936990.0,165401267.0,95099840873.51999
2023-09-27,000166,4.22,4.24,4.2,4.21,45814666.0,199265681.0,94874485800.36
2023-09-28,000166,4.22,4.24,4.19,4.2,56005034.0,243024986.0,94649130727.2
2023-10-09,000166,4.19,4.26,4.15,4.24,91419832.0,397528295.0,95550551019.84001
2023-10-10,000166,4.24,4.26,4.17,4.18,64898351.0,281766028.0,94198420580.87999
2023-10-11,000166,4.19,4.24,4.17,4.18,53361529.0,231134645.0,94198420580.87999
2023-10-12,000166,4.25,4.32,4.22,4.26,75823997.0,332865763.0,96001261166.15999
2023-10-13,000166,4.22,4.27,4.2,4.25,52659551.0,229811236.0,95775906093.0
2023-10-16,000166,4.24,4.3,4.2,4.26,67076297.0,294294464.0,96001261166.15999
2023-10-17,000166,4.28,4.33,4.25,4.3,87370917.0,386795515.0,96902681458.8
2023-10-18,000166,4.29,4.31,4.24,4.25,64984558.0,286129153.0,95775906093.0
2023-10-19,000166,4.23,4.28,4.21,4.21,64341467.0,281358873.0,94874485800.36
2023-10-20,000166,4.19,4.24,4.18,4.2,48584231.0,210816327.0,94649130727.2
2023-10-23,000166,4.18,4.19,4.06,4.07,70351680.0,298061994.0,91719514776.12001
2023-10-24,000166,4.09,4.23,4.08,4.22,76667230.0,328946735.0,95099840873.51999
2023-10-25,000166,4.26,4.28,4.23,4.24,69839566.0,306142265.0,95550551019.84001
2023-10-26,000166,4.22,4.28,4.21,4.26,44519246.0,194739424.0,96001261166.15999
2023-10-27,000166,4.25,4.32,4.24,4.3,59728918.0,263775959.0,96902681458.8
2023-10-30,000166,4.3,4.3,4.25,4.26,50963145.0,224189962.0,96001261166.15999
2023-10-31,000166,4.25,4.29,4.24,4.26,37884397.0,166241680.0,96001261166.15999
2023-11-01,000166,4.29,4.31,4.24,4.24,53531002.0,235195193.0,95550551019.84001
2023-11-02,000166,4.25,4.28,4.22,4.22,42193328.0,184743081.0,95099840873.51999
2023-11-03,000166,4.22,4.27,4.22,4.25,40044217.0,175277364.0,95775906093.0
2023-11-06,000166,4.36,4.42,4.33,4.4,149183384.0,673829044.0,99156232190.40001
2023-11-07,000166,4.38,4.47,4.36,4.45,107298953.0,491223117.0,100283007556.2
2023-11-08,000166,4.45,4.48,4.36,4.39,99659478.0,454665781.0,98930877117.23999
2023-11-09,000166,4.38,4.4,4.35,4.37,51215745.0,231116026.0,98480166970.92
2023-11-10,000166,4.37,4.4,4.36,4.39,51219554.0,231624559.0,98930877117.23999
2023-11-13,000166,4.37,4.38,4.34,4.36,55036835.0,247474069.0,98254811897.76001
2023-11-14,000166,4.36,4.58,4.35,4.47,183860696.0,850941034.0,100733717702.51999
2023-11-15,000166,4.51,4.57,4.47,4.49,129847499.0,604384869.0,101184427848.84001
2023-11-16,000166,4.48,4.52,4.45,4.46,66441716.0,307718153.0,100508362629.36
2023-11-17,000166,4.45,4.49,4.44,4.48,53007361.0,244056520.0,100959072775.68001
2023-11-20,000166,4.48,4.5,4.39,4.43,62639603.0,286347934.0,99832297409.87999
2023-11-21,000166,4.44,4.5,4.4,4.43,58093644.0,266610822.0,99832297409.87999
2023-11-22,000166,4.41,4.45,4.39,4.39,38641867.0,176103164.0,98930877117.23999
2023-11-23,000166,4.4,4.42,4.37,4.4,38609956.0,175109290.0,99156232190.40001
2023-11-24,000166,4.41,4.48,4.38,4.42,63895431.0,292182596.0,99606942336.72
2023-11-27,000166,4.4,4.44,4.35,4.42,73048534.0,330651715.0,99606942336.72
2023-11-28,000166,4.41,4.44,4.38,4.41,45775669.0,208304176.0,99381587263.56
2023-11-29,000166,4.41,4.43,4.35,4.35,54029897.0,244189111.0,98029456824.59999
2023-11-30,000166,4.36,4.39,4.35,4.37,45021289.0,203138322.0,98480166970.92
2023-12-01,000166,4.38,4.45,4.37,4.44,62656161.0,285332219.0,100057652483.04001
2023-12-04,000166,4.43,4.49,4.42,4.46,59583243.0,273868860.0,100508362629.36
2023-12-05,000166,4.45,4.45,4.35,4.36,71267215.0,324277144.0,98254811897.76001
2023-12-06,000166,4.36,4.38,4.33,4.34,47707914.0,213926853.0,97804101751.44
2023-12-07,000166,4.34,4.43,4.32,4.41,67301382.0,304699506.0,99381587263.56
2023-12-08,000166,4.41,4.44,4.37,4.38,57488829.0,261262316.0,98705522044.08
2023-12-11,000166,4.38,4.45,4.3,4.44,78826468.0,354815686.0,100057652483.04001
2023-12-12,000166,4.43,4.45,4.41,4.44,43982158.0,201055822.0,100057652483.04001
2023-12-13,000166,4.44,4.46,4.4,4.4,41955004.0,191493822.0,99156232190.40001
2023-12-14,000166,4.42,4.44,4.37,4.38,34264940.0,155564480.0,98705522044.08
2023-12-15,000166,4.39,4.41,4.35,4.35,44359649.0,200075462.0,98029456824.59999
2023-12-18,000166,4.35,4.38,4.32,4.34,49457128.0,221819873.0,97804101751.44
2023-12-19,000166,4.34,4.35,4.3,4.33,41191985.0,183838844.0,97578746678.28
2023-12-20,000166,4.33,4.34,4.23,4.23,53453811.0,235559193.0,95325195946.68001
2023-12-21,000166,4.22,4.24,4.19,4.21,51876972.0,225425516.0,94874485800.36
2023-12-22,000166,4.21,4.31,4.19,4.26,78516093.0,344735676.0,96001261166.15999
2023-12-25,000166,4.24,4.29,4.23,4.28,33647787.0,147917470.0,96451971312.48001
2023-12-26,000166,4.27,4.28,4.22,4.23,30555748.0,133782691.0,95325195946.68001
2023-12-27,000166,4.23,4.29,4.2,4.27,36641208.0,160539817.0,96226616239.31999
2023-12-28,000166,4.27,4.35,4.26,4.33,63995217.0,284128518.0,97578746678.28
2023-12-29,000166,4.32,4.34,4.3,4.31,50953137.0,226706150.0,97128036531.95999
2024-01-02,000166,4.31,4.32,4.24,4.24,56673262.0,249410593.0,95550551019.84001
2024-01-03,000166,4.24,4.28,4.23,4.25,39034279.0,171087463.0,95775906093.0
2024-01-04,000166,4.24,4.25,4.19,4.21,41428300.0,179980099.0,94874485800.36
2024-01-05,000166,4.22,4.32,4.2,4.24,71990524.0,316500289.0,95550551019.84001
2024-01-08,000166,4.23,4.23,4.12,4.13,61364895.0,263262114.0,93071645215.08
2024-01-09,000166,4.13,4.16,4.07,4.11,44229411.0,187877083.0,92620935068.76001
2024-01-10,000166,4.11,4.15,4.08,4.1,35675624.0,151418869.0,92395579995.59999
2024-01-11,000166,4.09,4.14,4.08,4.11,47130804.0,199778544.0,92620935068.76001
2024-01-12,000166,4.11,4.17,4.1,4.11,44578732.0,189765342.0,92620935068.76001
2024-01-15,000166,4.1,4.12,4.06,4.07,45894171.0,193655940.0,91719514776.12001
2024-01-16,000166,4.07,4.12,4.05,4.11,52159636.0,219799366.0,92620935068.76001
2024-01-17,000166,4.1,4.13,4.06,4.06,39896869.0,168902430.0,91494159702.95999
2024-01-18,000166,4.05,4.08,3.94,4.07,77249439.0,319104128.0,91719514776.12001
2024-01-19,000166,4.05,4.07,4.02,4.04,47867061.0,199740033.0,91043449556.64
2024-01-22,000166,4.05,4.13,3.97,4.01,95273798.0,400750125.0,90367384337.15999
2024-01-23,000166,4.01,4.08,3.96,4.05,63115326.0,262025549.0,91268804629.8
2024-01-24,000166,4.07,4.23,4.03,4.19,98735371.0,420174328.0,94423775654.04001
2024-01-25,000166,4.17,4.3,4.16,4.3,116408611.0,509220631.0,96902681458.8
2024-01-26,000166,4.28,4.34,4.24,4.31,103242355.0,456506415.0,97128036531.95999
2024-01-29,000166,4.31,4.38,4.3,4.34,95636468.0,427827639.0,97804101751.44
2024-01-30,000166,4.3,4.36,4.27,4.28,64634081.0,287787289.0,96451971312.48001
2024-01-31,000166,4.28,4.32,4.22,4.24,72367887.0,318595726.0,95550551019.84001
2024-02-01,000166,4.23,4.3,4.21,4.22,74820904.0,327699818.0,95099840873.51999
2024-02-02,000166,4.23,4.28,4.08,4.2,95433838.0,414381506.0,94649130727.2
2024-02-05,000166,4.21,4.27,4.08,4.16,114645808.0,493743856.0,93747710434.56
2024-02-06,000166,4.13,4.4,4.1,4.36,135935727.0,600847221.0,98254811897.76001
2024-02-07,000166,4.36,4.43,4.33,4.39,150927098.0,681325480.0,98930877117.23999
2024-02-08,000166,4.4,4.44,4.3,4.35,159931399.0,717662997.0,98029456824.59999
2024-02-19,000166,4.32,4.32,4.23,4.27,121509015.0,533460272.0,96226616239.31999
2024-02-20,000166,4.26,4.34,4.24,4.33,89270930.0,395128850.0,97578746678.28
2024-02-21,000166,4.33,4.42,4.28,4.36,102040885.0,459458523.0,98254811897.76001
2024-02-22,000166,4.35,4.41,4.35,4.41,75040166.0,339016175.0,99381587263.56
2024-02-23,000166,4.4,4.42,4.36,4.4,70443800.0,319225133.0,99156232190.40001
2024-02-26,000166,4.39,4.44,4.37,4.37,78132844.0,354454974.0,98480166970.92
2024-02-27,000166,4.35,4.43,4.35,4.43,81793630.0,370843910.0,99832297409.87999
2024-02-28,000166,4.44,4.53,4.37,4.38,126187356.0,580364167.0,98705522044.08
2024-02-29,000166,4.35,4.44,4.35,4.44,89354085.0,405278938.0,100057652483.04001
2024-03-01,000166,4.43,4.45,4.38,4.42,81800545.0,372034239.0,99606942336.72
2024-03-04,000166,4.44,4.45,4.36,4.38,75427360.0,341765930.0,98705522044.08
2024-03-05,000166,4.37,4.39,4.35,4.37,64801204.0,292066611.0,98480166970.92
2024-03-06,000166,4.37,4.43,4.35,4.38,62425077.0,282355334.0,98705522044.08
2024-03-07,000166,4.38,4.41,4.35,4.35,65307735.0,294704565.0,98029456824.59999
2024-03-08,000166,4.35,4.36,4.32,4.35,42248798.0,189120107.0,98029456824.59999
2024-03-11,000166,4.36,4.43,4.36,4.43,89639522.0,407703324.0,99832297409.87999
2024-03-12,000166,4.44,4.48,4.41,4.44,67587079.0,309445442.0,100057652483.04001
2024-03-13,000166,4.44,4.45,4.37,4.38,48046581.0,217885629.0,98705522044.08
2024-03-14,000166,4.38,4.41,4.34,4.35,55046252.0,248094585.0,98029456824.59999
2024-03-15,000166,4.35,4.4,4.31,4.37,64653252.0,289858599.0,98480166970.92
2024-03-18,000166,4.4,4.48,4.39,4.46,100241641.0,458988084.0,100508362629.36
2024-03-19,000166,4.47,4.47,4.42,4.43,61995838.0,284083573.0,99832297409.87999
2024-03-20,000166,4.45,4.45,4.39,4.42,48890635.0,222898937.0,99606942336.72
2024-03-21,000166,4.45,4.47,4.41,4.43,61246603.0,280524464.0,99832297409.87999
2024-03-22,000166,4.42,4.43,4.34,4.36,60005950.0,270979178.0,98254811897.76001
2024-03-25,000166,4.35,4.37,4.31,4.32,66608403.0,297890838.0,97353391605.12001
2024-03-26,000166,4.32,4.35,4.29,4.34,49217126.0,218999423.0,97804101751.44
2024-03-27,000166,4.33,4.36,4.3,4.32,50393346.0,224950065.0,97353391605.12001
2024-03-28,000166,4.3,4.34,4.25,4.29,71591266.0,316175570.0,96677326385.64
2024-03-29,000166,4.27,4.33,4.27,4.33,60025786.0,265717413.0,97578746678.28
2024-04-01,000166,4.35,4.4,4.35,4.39,70502425.0,318775707.0,98930877117.23999
2024-04-02,000166,4.39,4.44,4.36,4.37,73287731.0,332236524.0,98480166970.92
2024-04-03,000166,4.36,4.4,4.36,4.39,45314426.0,205053280.0,98930877117.23999
2024-04-08,000166,4.37,4.4,4.32,4.35,66620232.0,299775566.0,98029456824.59999
2024-04-09,000166,4.35,4.37,4.32,4.33,52986610.0,237361552.0,97578746678.28
2024-04-10,000166,4.33,4.35,4.27,4.31,56321550.0,250270774.0,97128036531.95999
2024-04-11,000166,4.29,4.35,4.28,4.3,53602278.0,238312858.0,96902681458.8
2024-04-12,000166,4.3,4.31,4.21,4.22,52952445.0,232184693.0,95099840873.51999
2024-04-15,000166,4.2,4.35,4.2,4.34,81658935.0,361876587.0,97804101751.44
2024-04-16,000166,4.33,4.36,4.29,4.31,79322920.0,353695891.0,97128036531.95999
2024-04-17,000166,4.31,4.34,4.25,4.33,85176916.0,376764538.0,97578746678.28
2024-04-18,000166,4.32,4.44,4.31,4.4,101857328.0,460527745.0,99156232190.40001
2024-04-19,000166,4.38,4.48,4.37,4.42,88289623.0,403457931.0,99606942336.72
2024-04-22,000166,4.41,4.49,4.41,4.43,62655884.0,287695192.0,99832297409.87999
2024-04-23,000166,4.44,4.45,4.41,4.42,47459212.0,216737228.0,99606942336.72
2024-04-24,000166,4.42,4.44,4.38,4.41,47863707.0,217549931.0,99381587263.56
2024-04-25,000166,4.39,4.46,4.37,4.44,50606759.0,230993753.0,100057652483.04001
2024-04-26,000166,4.57,4.67,4.47,4.66,207783244.0,978579570.0,105015464092.56
2024-04-29,000166,4.67,4.71,4.61,4.64,175861469.0,844366275.0,104564753946.23999
2024-04-30,000166,4.61,4.63,4.53,4.56,96707121.0,455619160.0,102761913360.95999
2024-05-06,000166,4.61,4.64,4.53,4.54,105286232.0,496527206.0,102311203214.64
2024-05-07,000166,4.54,4.55,4.5,4.53,76818152.0,358158704.0,102085848141.48001
2024-05-08,000166,4.52,4.54,4.46,4.47,68412453.0,316648487.0,100733717702.51999
2024-05-09,000166,4.48,4.52,4.48,4.5,60478518.0,280573949.0,101409782922.0
2024-05-10,000166,4.5,4.56,4.5,4.55,67710017.0,316499660.0,102536558287.8
2024-05-13,000166,4.54,4.59,4.48,4.56,71437835.0,334268938.0,102761913360.95999
2024-05-14,000166,4.57,4.58,4.52,4.57,61658890.0,289165841.0,102987268434.12001
2024-05-15,000166,4.59,4.6,4.47,4.47,68982042.0,321093280.0,100733717702.51999
2024-05-16,000166,4.48,4.51,4.44,4.46,52884760.0,244045495.0,100508362629.36
2024-05-17,000166,4.46,4.54,4.44,4.52,57163241.0,264600322.0,101860493068.31999
2024-05-20,000166,4.53,4.57,4.51,4.51,69488137.0,325085491.0,101635137995.15999
2024-05-21,000166,4.51,4.52,4.48,4.5,51703021.0,239818980.0,101409782922.0
2024-05-22,000166,4.51,4.52,4.48,4.5,46453961.0,215558470.0,101409782922.0
2024-05-23,000166,4.5,4.5,4.43,4.45,59632418.0,274291512.0,100283007556.2
2024-05-24,000166,4.44,4.47,4.39,4.4,45065147.0,206345068.0,99156232190.40001
2024-05-27,000166,4.4,4.47,4.39,4.46,55802493.0,255174183.0,100508362629.36
2024-05-28,000166,4.46,4.47,4.39,4.41,41525461.0,189643498.0,99381587263.56
2024-05-29,000166,4.39,4.45,4.39,4.42,38216161.0,174502607.0,99606942336.72
2024-05-30,000166,4.42,4.44,4.38,4.41,38387481.0,174697931.0,99381587263.56
2024-05-31,000166,4.42,4.47,4.4,4.41,48682014.0,222585940.0,99381587263.56
2024-06-03,000166,4.41,4.45,4.38,4.42,56994448.0,259772438.0,99606942336.72
2024-06-04,000166,4.41,4.43,4.33,4.35,77124355.0,347520066.0,98029456824.59999
2024-06-05,000166,4.35,4.4,4.32,4.35,65185831.0,293719496.0,98029456824.59999
2024-06-06,000166,4.35,4.38,4.32,4.34,57362111.0,256725114.0,97804101751.44
2024-06-07,000166,4.34,4.35,4.27,4.35,59019445.0,263217216.0,98029456824.59999
2024-06-11,000166,4.34,4.37,4.32,4.32,45917570.0,205482925.0,97353391605.12001
2024-06-12,000166,4.32,4.33,4.28,4.3,41921910.0,185695718.0,96902681458.8
2024-06-13,000166,4.3,4.35,4.29,4.32,46572400.0,207337219.0,97353391605.12001
2024-06-14,000166,4.31,4.37,4.22,4.36,116937179.0,518574990.0,98254811897.76001
2024-06-17,000166,4.33,4.41,4.31,4.41,88195765.0,398247495.0,99381587263.56
2024-06-18,000166,4.4,4.44,4.38,4.4,53349190.0,242741136.0,99156232190.40001
2024-06-19,000166,4.41,4.43,4.39,4.4,44406893.0,201976681.0,99156232190.40001
2024-06-20,000166,4.39,4.41,4.35,4.36,40238081.0,181354911.0,98254811897.76001
2024-06-21,000166,4.36,4.38,4.32,4.34,58326679.0,261078221.0,97804101751.44
2024-06-24,000166,4.33,4.35,4.27,4.27,48802674.0,216355085.0,96226616239.31999
2024-06-25,000166,4.28,4.29,4.2,4.2,58235344.0,254322710.0,94649130727.2
2024-06-26,000166,4.2,4.29,4.2,4.28,55708731.0,244119139.0,96451971312.48001
2024-06-27,000166,4.28,4.31,4.25,4.27,46328284.0,204267191.0,96226616239.31999
2024-06-28,000166,4.26,4.3,4.16,4.18,86032488.0,375462550.0,94198420580.87999
2024-07-01,000166,4.18,4.21,4.11,4.19,55757538.0,240039117.0,94423775654.04001
2024-07-02,000166,4.19,4.28,4.19,4.22,60691847.0,265463003.0,95099840873.51999
2024-07-03,000166,4.24,4.26,4.19,4.2,34237042.0,148742955.0,94649130727.2
2024-07-04,000166,4.2,4.22,4.14,4.15,43352968.0,186505102.0,93522355361.40001
2024-07-05,000166,4.15,4.18,4.11,4.13,56507163.0,241054294.0,93071645215.08
2024-07-08,000166,4.12,4.15,4.05,4.06,50644165.0,214106174.0,91494159702.95999
2024-07-09,000166,4.08,4.12,4.03,4.09,60426274.0,254589721.0,92170224922.44
2024-07-10,000166,4.08,4.16,4.07,4.13,53278726.0,226848234.0,93071645215.08
2024-07-11,000166,4.17,4.2,4.13,4.16,56366821.0,242407147.0,93747710434.56
2024-07-12,000166,4.16,4.17,4.12,4.15,37556284.0,160740642.0,93522355361.40001
2024-07-15,000166,4.15,4.19,4.14,4.16,32087406.0,137873917.0,93747710434.56
2024-07-16,000166,4.16,4.22,4.15,4.18,47693293.0,206134634.0,94198420580.87999
2024-07-17,000166,4.18,4.22,4.18,4.19,45142805.0,195412677.0,94423775654.04001
2024-07-18,000166,4.19,4.22,4.14,4.21,53404707.0,230764268.0,94874485800.36
2024-07-19,000166,4.21,4.26,4.19,4.25,56206429.0,245409053.0,95775906093.0
2024-07-22,000166,4.27,4.3,4.2,4.23,54039638.0,236454247.0,95325195946.68001
2024-07-23,000166,4.23,4.27,4.19,4.2,52817520.0,230484490.0,94649130727.2
2024-07-24,000166,4.17,4.21,4.15,4.17,42230593.0,181943445.0,93973065507.72
2024-07-25,000166,4.17,4.22,4.16,4.18,46674629.0,201764333.0,94198420580.87999
2024-07-26,000166,4.2,4.26,4.19,4.23,54891152.0,239265621.0,95325195946.68001
2024-07-29,000166,4.23,4.3,4.23,4.27,51232896.0,225681303.0,96226616239.31999
2024-07-30,000166,4.28,4.29,4.24,4.29,46677786.0,205266428.0,96677326385.64
2024-07-31,000166,4.28,4.48,4.27,4.44,127734735.0,578945943.0,100057652483.04001
2024-08-01,000166,4.41,4.5,4.39,4.49,115721832.0,532199788.0,101184427848.84001
2024-08-02,000166,4.47,4.51,4.42,4.43,61860005.0,284269632.0,99832297409.87999
2024-08-05,000166,4.42,4.47,4.39,4.4,62377844.0,284853016.0,99156232190.40001
2024-08-06,000166,4.41,4.45,4.35,4.38,45342788.0,205365900.0,98705522044.08
2024-08-07,000166,4.4,4.44,4.37,4.41,39925857.0,181356628.0,99381587263.56
2024-08-08,000166,4.41,4.48,4.4,4.45,51053273.0,233992252.0,100283007556.2
2024-08-09,000166,4.46,4.48,4.42,4.44,36902234.0,169319267.0,100057652483.04001
2024-08-12,000166,4.43,4.45,4.41,4.44,29653261.0,135537986.0,100057652483.04001
2024-08-13,000166,4.45,4.5,4.42,4.49,40094659.0,184417788.0,101184427848.84001
2024-08-14,000166,4.49,4.52,4.47,4.48,41546755.0,192389648.0,100959072775.68001
2024-08-15,000166,4.46,4.53,4.42,4.46,67582969.0,312232997.0,100508362629.36
2024-08-16,000166,4.46,4.5,4.44,4.48,51390967.0,237206378.0,100959072775.68001
2024-08-19,000166,4.48,4.51,4.47,4.49,44112328.0,204180015.0,101184427848.84001
2024-08-20,000166,4.51,4.52,4.44,4.45,50002770.0,227997809.0,100283007556.2
2024-08-21,000166,4.48,4.52,4.44,4.47,48379767.0,220710215.0,100733717702.51999
2024-08-22,000166,4.48,4.5,4.42,4.42,44393573.0,201390271.0,99606942336.72
2024-08-23,000166,4.44,4.49,4.42,4.47,42317705.0,191901054.0,100733717702.51999
2024-08-26,000166,4.47,4.5,4.42,4.45,45467679.0,206605129.0,100283007556.2
2024-08-27,000166,4.45,4.46,4.39,4.42,31600367.0,142199419.0,99606942336.72
2024-08-28,000166,4.42,4.43,4.37,4.39,34686024.0,155393436.0,98930877117.23999
2024-08-29,000166,4.38,4.46,4.38,4.39,48090900.0,216290736.0,98930877117.23999
2024-08-30,000166,4.39,4.49,4.38,4.44,79405598.0,359779007.0,100057652483.04001
2024-09-02,000166,4.42,4.42,4.12,4.12,138202739.0,590317081.0,92846290141.92
2024-09-03,000166,4.15,4.22,4.14,4.19,86761073.0,369686200.0,94423775654.04001
2024-09-04,000166,4.17,4.24,4.17,4.22,61222978.0,263010458.0,95099840873.51999
2024-09-05,000166,4.22,4.25,4.18,4.23,42349797.0,181862044.0,95325195946.68001
2024-09-06,000166,4.29,4.39,4.24,4.33,102903979.0,453524847.0,97578746678.28
2024-09-09,000166,4.26,4.35,4.25,4.27,60976675.0,266591873.0,96226616239.31999
2024-09-10,000166,4.28,4.29,4.19,4.23,49618847.0,213876346.0,95325195946.68001
2024-09-11,000166,4.21,4.23,4.14,4.17,40219059.0,171326815.0,93973065507.72
2024-09-12,000166,4.17,4.19,4.13,4.15,34790120.0,147533097.0,93522355361.40001
2024-09-13,000166,4.16,4.2,4.14,4.15,38854394.0,165064402.0,93522355361.40001
2024-09-18,000166,4.15,4.15,4.08,4.12,42717154.0,179144271.0,92846290141.92
2024-09-19,000166,4.14,4.2,4.11,4.15,55704399.0,235971805.0,93522355361.40001
2024-09-20,000166,4.15,4.18,4.09,4.16,58374713.0,246283436.0,93747710434.56
2024-09-23,000166,4.16,4.18,4.13,4.16,44651903.0,189292583.0,93747710434.56
2024-09-24,000166,4.2,4.45,4.18,4.44,143253588.0,632003388.0,100057652483.04001
2024-09-25,000166,4.51,4.68,4.51,4.57,170943544.0,800688365.0,102987268434.12001
2024-09-26,000166,4.55,4.76,4.53,4.75,168494779.0,795750757.0,107043659751.0
2024-09-27,000166,4.85,5.11,4.74,5.11,281506188.0,1408962866.0,115156442384.76001
2024-09-30,000166,5.53,5.62,5.25,5.62,494083452.0,2773797738.0,126649551115.92
2024-10-08,000166,6.18,6.18,6.18,6.18,134810911.0,847960630.0,139269435212.88
2024-10-09,000166,6.16,6.32,5.56,5.57,784854694.0,4791308639.0,125522775750.12001
2024-10-10,000166,5.65,5.73,5.3,5.4,400098966.0,2232578226.0,121691739506.40001
2024-10-11,000166,5.31,5.39,5.18,5.25,259778082.0,1396884899.0,118311413409.0
2024-10-14,000166,5.24,5.26,5.02,5.22,255806274.0,1344887997.0,117635348189.51999
2024-10-15,000166,5.19,5.21,5.04,5.05,167163063.0,875568172.0,113804311945.8
2024-10-16,000166,4.98,5.12,4.97,5.04,160251740.0,824254343.0,113578956872.64
2024-10-17,000166,5.11,5.22,5.0,5.01,187366044.0,974587225.0,112902891653.15999
2024-10-18,000166,4.98,5.5,4.94,5.25,353992502.0,1869028646.0,118311413409.0
2024-10-21,000166,5.22,5.22,5.11,5.15,218337394.0,1147991251.0,116057862677.40001
2024-10-22,000166,5.14,5.21,5.13,5.18,141967017.0,746876838.0,116733927896.87999
2024-10-23,000166,5.19,5.3,5.13,5.19,199182822.0,1059064439.0,116959282970.04001
2024-10-24,000166,5.16,5.22,5.11,5.16,119840169.0,631102393.0,116283217750.56
2024-10-25,000166,5.16,5.27,5.15,5.2,142113597.0,753717623.0,117184638043.2
2024-10-28,000166,5.19,5.22,5.16,5.22,115107707.0,609325234.0,117635348189.51999
2024-10-29,000166,5.24,5.3,5.11,5.13,155200166.0,821707639.0,115607152531.08
2024-10-30,000166,5.14,5.17,5.08,5.13,109647036.0,572239968.0,115607152531.08
2024-10-31,000166,5.13,5.31,5.12,5.23,227698694.0,1214916462.0,117860703262.68001
2024-11-01,000166,5.24,5.31,5.18,5.19,173964771.0,929593307.0,116959282970.04001
2024-11-04,000166,5.24,5.42,5.21,5.41,211931583.0,1151202422.0,121917094579.56
2024-11-05,000166,5.42,5.64,5.33,5.59,291617788.0,1644102519.0,125973485896.44
2024-11-06,000166,5.63,5.71,5.51,5.56,288998492.0,1650535861.0,125297420676.95999
2024-11-07,000166,5.5,5.93,5.49,5.88,332872755.0,1936954878.0,132508783018.08
2024-11-08,000166,6.0,6.01,5.72,5.74,264843075.0,1572259526.0,129353811993.84001
2024-11-11,000166,5.66,5.72,5.59,5.69,189619323.0,1092760265.0,128227036628.04001
2024-11-12,000166,5.66,5.76,5.53,5.58,162618791.0,935889769.0,125748130823.28
2024-11-13,000166,5.55,5.64,5.48,5.59,131319139.0,743357817.0,125973485896.44
2024-11-14,000166,5.56,5.67,5.52,5.56,133594178.0,761869983.0,125297420676.95999
2024-11-15,000166,5.53,5.62,5.34,5.34,155332090.0,866071090.0,120339609067.44
2024-11-18,000166,5.35,5.46,5.27,5.34,135345183.0,740126802.0,120339609067.44
2024-11-19,000166,5.35,5.41,5.28,5.41,101046294.0,551126514.0,121917094579.56
2024-11-20,000166,5.37,5.43,5.33,5.39,80239680.0,440177353.0,121466384433.23999
2024-11-21,000166,5.39,5.44,5.35,5.42,85259010.0,468768714.0,122142449652.72
2024-11-22,000166,5.41,5.42,5.16,5.18,111338901.0,601128917.0,116733927896.87999
2024-11-25,000166,5.18,5.2,5.1,5.17,87365005.0,459467752.0,116508572823.72
2024-11-26,000166,5.16,5.26,5.15,5.17,64615097.0,342333992.0,116508572823.72
2024-11-27,000166,5.16,5.25,5.12,5.25,81678538.0,431764723.0,118311413409.0
2024-11-28,000166,5.25,5.28,5.2,5.21,68590220.0,366080700.0,117409993116.36
2024-11-29,000166,5.2,5.41,5.18,5.26,143576771.0,773779949.0,118536768482.15999
2024-12-02,000166,5.22,5.36,5.21,5.34,110869833.0,600203173.0,120339609067.44
2024-12-03,000166,5.33,5.37,5.27,5.34,88422930.0,478497467.0,120339609067.44
2024-12-04,000166,5.32,5.36,5.25,5.28,74927211.0,404953023.0,118987478628.48001
2024-12-05,000166,5.26,5.35,5.25,5.33,77257460.0,418519857.0,120114253994.28
2024-12-06,000166,5.33,5.45,5.3,5.42,113692568.0,624852687.0,122142449652.72
2024-12-09,000166,5.4,5.43,5.3,5.35,86354808.0,472193955.0,120564964140.59999
2024-12-10,000166,5.6,5.62,5.36,5.38,151084449.0,841455144.0,121241029360.08
2024-12-11,000166,5.37,5.44,5.36,5.41,85558068.0,471722158.0,121917094579.56
2024-12-12,000166,5.42,5.52,5.39,5.48,107737002.0,597864164.0,123494580091.68001
2024-12-13,000166,5.43,5.43,5.31,5.34,127280477.0,695936316.0,120339609067.44
2024-12-16,000166,5.32,5.34,5.25,5.28,76263097.0,410829784.0,118987478628.48001
2024-12-17,000166,5.26,5.31,5.23,5.27,73621443.0,395701789.0,118762123555.31999
2024-12-18,000166,5.29,5.38,5.28,5.3,82913618.0,448861781.0,119438188774.8
2024-12-19,000166,5.27,5.3,5.22,5.29,71808198.0,383809643.0,119212833701.64
2024-12-20,000166,5.29,5.37,5.27,5.33,67651253.0,365336906.0,120114253994.28
2024-12-23,000166,5.33,5.38,5.27,5.28,70808173.0,382933436.0,118987478628.48001
2024-12-24,000166,5.28,5.43,5.28,5.41,116215931.0,633714300.0,121917094579.56
2024-12-25,000166,5.41,5.43,5.34,5.41,72648809.0,396767370.0,121917094579.56
2024-12-26,000166,5.4,5.4,5.34,5.35,70065145.0,381392376.0,120564964140.59999
2024-12-27,000166,5.36,5.54,5.35,5.45,177107943.0,980038521.0,122818514872.2
2024-12-30,000166,5.45,5.53,5.43,5.51,110161683.0,614385630.0,124170645311.15999
2024-12-31,000166,5.51,5.53,5.27,5.27,121871276.0,666714783.0,118762123555.31999
2025-01-02,000166,5.26,5.27,4.93,4.98,170593498.0,881074737.0,112226826433.68001
2025-01-03,000166,4.99,5.0,4.88,4.89,96188824.0,481981882.0,110198630775.23999
2025-01-06,000166,4.88,4.94,4.86,4.9,77574491.0,385686170.0,110423985848.40001
2025-01-07,000166,4.9,4.97,4.88,4.95,63602553.0,317768330.0,111550761214.2
2025-01-08,000166,4.94,4.95,4.82,4.93,85710907.0,425665566.0,111100051067.87999
2025-01-09,000166,4.89,4.92,4.83,4.85,62168986.0,307549492.0,109297210482.59999
2025-01-10,000166,4.84,4.88,4.8,4.8,57605631.0,283261984.0,108170435116.8
2025-01-13,000166,4.75,4.87,4.73,4.85,60152916.0,294673938.0,109297210482.59999
2025-01-14,000166,4.85,4.98,4.84,4.96,98824853.0,494921116.0,111776116287.36
2025-01-15,000166,4.96,5.05,4.93,5.02,90432706.0,460344078.0,113128246726.31999
2025-01-16,000166,5.05,5.07,4.94,4.98,64792948.0,328838409.0,112226826433.68001
2025-01-17,000166,4.96,5.03,4.95,4.99,48161110.0,244558754.0,112452181506.84001
2025-01-20,000166,5.03,5.07,4.98,4.99,54336645.0,276887848.0,112452181506.84001
2025-01-21,000166,5.03,5.03,4.97,5.0,46863983.0,238019116.0,112677536580.0
2025-01-22,000166,4.97,5.0,4.92,4.99,54448429.0,274613674.0,112452181506.84001
2025-01-23,000166,5.07,5.14,5.02,5.03,92115310.0,474717444.0,113353601799.48001
2025-01-24,000166,5.01,5.08,5.0,5.01,80329394.0,411278627.0,112902891653.15999
2025-01-27,000166,5.01,5.03,4.93,4.93,67400339.0,340463376.0,111100051067.87999
2025-02-05,000166,4.96,5.0,4.93,4.95,61281045.0,309246656.0,111550761214.2
2025-02-06,000166,4.94,4.98,4.88,4.98,101397992.0,508058755.0,112226826433.68001
2025-02-07,000166,4.96,5.15,4.95,5.07,130375744.0,669150645.0,114255022092.12001
2025-02-10,000166,5.07,5.14,5.06,5.1,67660392.0,350122614.0,114931087311.59999
2025-02-11,000166,5.09,5.1,5.01,5.05,57683233.0,295528214.0,113804311945.8
2025-02-12,000166,5.05,5.13,5.02,5.11,68764158.0,353665391.0,115156442384.76001
2025-02-13,000166,5.11,5.15,5.07,5.08,80450219.0,417151595.0,114480377165.28
2025-02-14,000166,5.07,5.1,5.04,5.09,51730366.0,266771924.0,114705732238.44
2025-02-17,000166,5.19,5.25,5.12,5.15,125203953.0,659679801.0,116057862677.40001
2025-02-18,000166,5.14,5.15,5.02,5.04,76185324.0,393661389.0,113578956872.64
2025-02-19,000166,5.03,5.11,5.01,5.09,76018323.0,391444585.0,114705732238.44
2025-02-20,000166,5.08,5.09,5.03,5.05,59237900.0,304112889.0,113804311945.8
2025-02-21,000166,5.06,5.16,5.02,5.14,112036577.0,580577989.0,115832507604.23999
2025-02-24,000166,5.11,5.17,5.07,5.1,73176606.0,380704095.0,114931087311.59999
2025-02-25,000166,5.07,5.12,5.04,5.07,58606815.0,302457224.0,114255022092.12001
2025-02-26,000166,5.07,5.18,5.05,5.16,98794840.0,512219963.0,116283217750.56
2025-02-27,000166,5.13,5.24,5.08,5.19,140134861.0,733923919.0,116959282970.04001
2025-02-28,000166,5.15,5.24,4.99,5.02,127604148.0,660993159.0,113128246726.31999
2025-03-03,000166,5.02,5.08,4.98,4.99,91161680.0,465766610.0,112452181506.84001
2025-03-04,000166,4.98,5.05,4.97,5.03,68178824.0,346937015.0,113353601799.48001
2025-03-05,000166,5.03,5.05,4.98,5.04,62173363.0,316858350.0,113578956872.64
2025-03-06,000166,5.05,5.14,5.03,5.12,114806864.0,593812979.0,115381797457.92
2025-03-07,000166,5.09,5.09,4.99,5.0,90345887.0,462392308.0,112677536580.0
2025-03-10,000166,5.01,5.01,4.94,4.96,62236283.0,313985077.0,111776116287.36
2025-03-11,000166,4.92,4.97,4.91,4.97,71476275.0,358761363.0,112001471360.51999
2025-03-12,000166,4.97,5.05,4.95,4.98,81672320.0,414142921.0,112226826433.68001
2025-03-13,000166,4.97,5.02,4.93,4.96,60731593.0,306778705.0,111776116287.36
2025-03-14,000166,4.97,5.12,4.96,5.09,140052074.0,720068232.0,114705732238.44
2025-03-17,000166,5.1,5.1,5.05,5.06,72472223.0,372986877.0,114029667018.95999
2025-03-18,000166,5.08,5.09,5.04,5.06,56739268.0,291464583.0,114029667018.95999
2025-03-19,000166,5.06,5.08,5.03,5.06,51598563.0,264884478.0,114029667018.95999
2025-03-20,000166,5.06,5.07,5.01,5.03,47167965.0,241240475.0,113353601799.48001
2025-03-21,000166,5.02,5.05,4.94,4.95,72032594.0,364904940.0,111550761214.2
2025-03-24,000166,4.96,4.97,4.88,4.93,71247939.0,356409173.0,111100051067.87999
2025-03-25,000166,4.93,4.95,4.89,4.93,49908086.0,249805937.0,111100051067.87999
2025-03-26,000166,4.94,4.97,4.92,4.97,49743419.0,250243137.0,112001471360.51999
2025-03-27,000166,4.95,5.0,4.93,4.99,59319983.0,299906497.0,112452181506.84001
2025-03-28,000166,4.99,5.04,4.98,5.01,71032212.0,361452032.0,112902891653.15999
2025-03-31,000166,5.01,5.03,4.86,4.86,95731460.0,477942263.0,109522565555.76001
2025-04-01,000166,4.88,4.89,4.84,4.86,68565780.0,338404728.0,109522565555.76001
2025-04-02,000166,4.85,4.89,4.85,4.88,55519412.0,274514469.0,109973275702.08
2025-04-03,000166,4.85,4.91,4.84,4.88,69865769.0,346264520.0,109973275702.08
2025-04-07,000166,4.73,4.73,4.39,4.4,174430068.0,794767679.0,99156232190.40001
2025-04-08,000166,4.43,4.53,4.4,4.51,135356807.0,614991515.0,101635137995.15999
2025-04-09,000166,4.49,4.59,4.45,4.56,117806940.0,541302472.0,102761913360.95999
2025-04-10,000166,4.63,4.67,4.58,4.65,91468852.0,430466538.0,104790109019.40001
2025-04-11,000166,4.62,4.67,4.6,4.62,61346038.0,288093380.0,104114043799.92
2025-04-14,000166,4.64,4.66,4.62,4.64,52567293.0,247632936.0,104564753946.23999
2025-04-15,000166,4.63,4.64,4.58,4.62,44779121.0,209412468.0,104114043799.92
2025-04-16,000166,4.61,4.63,4.53,4.61,60514972.0,281303653.0,103888688726.76001
2025-04-17,000166,4.59,4.63,4.58,4.62,47184851.0,220874565.0,104114043799.92
2025-04-18,000166,4.61,4.68,4.59,4.66,46041533.0,216950213.0,105015464092.56
2025-04-21,000166,4.66,4.69,4.64,4.66,37369520.0,176887707.0,105015464092.56
2025-04-22,000166,4.65,4.69,4.65,4.66,42452686.0,201085932.0,105015464092.56
2025-04-23,000166,4.67,4.69,4.62,4.64,50971504.0,240622402.0,104564753946.23999
2025-04-24,000166,4.65,4.67,4.62,4.65,43170800.0,203754579.0,104790109019.40001
2025-04-25,000166,4.65,4.7,4.65,4.67,49104798.0,233193095.0,105240819165.72
2025-04-28,000166,4.67,4.67,4.6,4.65,47837783.0,225574375.0,104790109019.40001
2025-04-29,000166,4.65,4.68,4.61,4.62,45260479.0,212982010.0,104114043799.92
2025-04-30,000166,4.64,4.7,4.63,4.65,42673151.0,201881622.0,104790109019.40001
2025-05-06,000166,4.68,4.71,4.67,4.69,68014941.0,323807609.0,105691529312.04001
2025-05-07,000166,4.76,4.82,4.69,4.7,82994979.0,399109274.0,105916884385.2
2025-05-08,000166,4.69,4.74,4.68,4.71,51211805.0,245228224.0,106142239458.36
2025-05-09,000166,4.71,4.71,4.66,4.67,44561320.0,211527235.0,105240819165.72
2025-05-12,000166,4.69,4.75,4.67,4.74,63699672.0,304636839.0,106818304677.84001
2025-05-13,000166,4.76,4.76,4.71,4.73,46156483.0,221724256.0,106592949604.68001
2025-05-14,000166,4.72,4.89,4.7,4.85,125007797.0,609558184.0,109297210482.59999
2025-05-15,000166,4.82,4.85,4.76,4.77,67104888.0,326393953.0,107494369897.31999
2025-05-16,000166,4.76,4.77,4.67,4.68,71853220.0,342838331.0,105466174238.87999
2025-05-19,000166,4.67,4.71,4.67,4.69,42708550.0,203319799.0,105691529312.04001
2025-05-20,000166,4.69,4.73,4.68,4.7,44465813.0,212207961.0,105916884385.2
2025-05-21,000166,4.7,4.73,4.69,4.71,40746186.0,195006643.0,106142239458.36
2025-05-22,000166,4.7,4.71,4.66,4.67,39634776.0,188100372.0,105240819165.72
2025-05-23,000166,4.67,4.7,4.61,4.62,53187110.0,251535166.0,104114043799.92
2025-05-26,000166,4.61,4.63,4.58,4.6,35830433.0,167423572.0,103663333653.59999
2025-05-27,000166,4.6,4.63,4.58,4.62,35616253.0,166636214.0,104114043799.92
2025-05-28,000166,4.61,4.63,4.58,4.6,32400865.0,151417732.0,103663333653.59999
2025-05-29,000166,4.6,4.65,4.58,4.64,45898250.0,215672900.0,104564753946.23999
2025-05-30,000166,4.63,4.68,4.6,4.66,58855528.0,277455984.0,105015464092.56
2025-06-03,000166,4.65,4.73,4.63,4.72,74194117.0,353443049.0,106367594531.51999
2025-06-04,000166,4.72,4.78,4.71,4.76,71500944.0,344598192.0,107269014824.15999
2025-06-05,000166,4.76,4.8,4.75,4.79,67436262.0,326754273.0,107945080043.64
2025-06-06,000166,4.79,4.81,4.72,4.73,47081422.0,227240430.0,106592949604.68001
2025-06-09,000166,4.77,4.86,4.76,4.81,91062368.0,444762267.0,108395790189.95999
2025-06-10,000166,4.81,4.81,4.72,4.76,67129249.0,324642914.0,107269014824.15999
2025-06-11,000166,4.77,4.88,4.76,4.83,103284588.0,507117182.0,108846500336.28
2025-06-12,000166,4.82,4.85,4.8,4.81,56502975.0,276260595.0,108395790189.95999
2025-06-13,000166,4.8,4.81,4.75,4.78,67792005.0,328272967.0,107719724970.48001
2025-06-16,000166,4.76,4.82,4.75,4.81,53338007.0,259009041.0,108395790189.95999
2025-06-17,000166,4.8,4.83,4.78,4.83,56680746.0,276566451.0,108846500336.28
2025-06-18,000166,4.83,4.84,4.73,4.76,64560913.0,312066605.0,107269014824.15999
2025-06-19,000166,4.75,4.75,4.68,4.71,68444859.0,326979349.0,106142239458.36
2025-06-20,000166,4.71,4.76,4.7,4.71,59864318.0,287420288.0,106142239458.36
2025-06-23,000166,4.69,4.81,4.68,4.79,76788451.0,370817537.0,107945080043.64
2025-06-24,000166,4.81,4.89,4.79,4.86,122194542.0,602009535.0,109522565555.76001
2025-06-25,000166,4.87,5.03,4.85,5.01,216612427.0,1089418659.0,112902891653.15999
2025-06-26,000166,5.04,5.06,4.96,4.98,134743305.0,684425366.0,112226826433.68001
2025-06-27,000166,5.0,5.17,4.98,4.99,161213578.0,829966101.0,112452181506.84001
2025-06-30,000166,5.01,5.01,4.92,4.94,83619271.0,420785226.0,111325406141.04001
2025-07-01,000166,4.95,4.96,4.89,4.91,61961393.0,309281677.0,110649340921.56
2025-07-02,000166,4.92,4.94,4.9,4.91,54960219.0,274650450.0,110649340921.56
2025-07-03,000166,4.92,4.96,4.91,4.94,61236521.0,307177487.0,111325406141.04001
2025-07-04,000166,4.94,5.0,4.89,4.95,79476010.0,399537784.0,111550761214.2
2025-07-07,000166,4.93,4.96,4.92,4.94,45575461.0,228696519.0,111325406141.04001
2025-07-08,000166,4.94,5.0,4.93,4.98,74372752.0,375313301.0,112226826433.68001
2025-07-09,000166,4.99,5.03,4.97,4.98,73485296.0,373377505.0,112226826433.68001
2025-07-10,000166,4.97,5.06,4.96,5.04,84633652.0,432362615.0,113578956872.64
2025-07-11,000166,5.07,5.3,5.05,5.2,215872583.0,1136399324.0,117184638043.2
2025-07-14,000166,5.2,5.21,5.12,5.14,95409001.0,498947769.0,115832507604.23999
2025-07-15,000166,5.18,5.2,5.08,5.13,96561847.0,503072120.0,115607152531.08
2025-07-16,000166,5.11,5.16,5.06,5.1,90629740.0,469411030.0,114931087311.59999
2025-07-17,000166,5.1,5.16,5.08,5.15,63241720.0,328521109.0,116057862677.40001
2025-07-18,000166,5.15,5.17,5.13,5.17,63764725.0,333710937.0,116508572823.72
2025-07-21,000166,5.17,5.29,5.16,5.27,98989108.0,527039849.0,118762123555.31999
2025-07-22,000166,5.27,5.3,5.2,5.3,84101498.0,449134443.0,119438188774.8
2025-07-23,000166,5.3,5.37,5.27,5.28,122281809.0,660426503.0,118987478628.48001
2025-07-24,000166,5.28,5.42,5.26,5.4,140161014.0,763233450.0,121691739506.40001
2025-07-25,000166,5.41,5.43,5.34,5.36,93627857.0,510520263.0,120790319213.76001
2025-07-28,000166,5.35,5.44,5.31,5.38,94973016.0,518860538.0,121241029360.08
2025-07-29,000166,5.35,5.39,5.27,5.38,97714403.0,527874837.0,121241029360.08
2025-07-30,000166,5.36,5.4,5.29,5.34,76909259.0,417841286.0,120339609067.44
2025-07-31,000166,5.32,5.33,5.18,5.22,94115693.0,501930441.0,117635348189.51999
2025-08-01,000166,5.2,5.25,5.16,5.19,73501287.0,388033012.0,116959282970.04001
2025-08-04,000166,5.17,5.21,5.14,5.19,69433086.0,364366847.0,116959282970.04001
2025-08-05,000166,5.21,5.28,5.2,5.26,71868029.0,382096001.0,118536768482.15999
2025-08-06,000166,5.24,5.28,5.22,5.26,53938020.0,287591648.0,118536768482.15999
2025-08-07,000166,5.28,5.32,5.24,5.3,72925066.0,391754346.0,119438188774.8
2025-08-08,000166,5.29,5.31,5.24,5.28,54346602.0,291050140.0,118987478628.48001
2025-08-11,000166,5.27,5.34,5.26,5.31,84966926.0,457881176.0,119663543847.95999
2025-08-12,000166,5.31,5.34,5.29,5.33,67475461.0,364218881.0,120114253994.28
2025-08-13,000166,5.34,5.44,5.32,5.37,126982387.0,688541588.0,121015674286.92
2025-08-14,000166,5.37,5.45,5.34,5.36,133769239.0,727640367.0,120790319213.76001
2025-08-15,000166,5.35,5.54,5.33,5.5,199607095.0,1100238823.0,123945290238.0
2025-08-18,000166,5.54,5.61,5.47,5.54,195340238.0,1091789493.0,124846710530.64
2025-08-19,000166,5.52,5.55,5.46,5.47,118901767.0,657987587.0,123269225018.51999
2025-08-20,000166,5.45,5.53,5.41,5.53,136220626.0,751060248.0,124621355457.48001
2025-08-21,000166,5.59,5.6,5.48,5.51,107934254.0,602120597.0,124170645311.15999
2025-08-22,000166,5.49,5.66,5.48,5.65,176005120.0,988684876.0,127325616335.40001
2025-08-25,000166,5.68,5.74,5.61,5.69,180364475.0,1029492010.0,128227036628.04001
2025-08-26,000166,5.65,5.69,5.61,5.64,104496701.0,594149579.0,127100261262.23999
2025-08-27,000166,5.62,5.66,5.44,5.44,184097822.0,1032024369.0,122593159799.04001
2025-08-28,000166,5.44,5.51,5.37,5.5,154486753.0,848590380.0,123945290238.0
2025-08-29,000166,5.51,5.57,5.39,5.42,285729564.0,1575247462.0,122142449652.72
2025-09-01,000166,5.45,5.49,5.33,5.38,192235726.0,1043186910.0,121241029360.08
2025-09-02,000166,5.39,5.39,5.27,5.34,162658497.0,873438721.0,120339609067.44
2025-09-03,000166,5.36,5.4,5.19,5.2,136714397.0,726437764.0,117184638043.2
2025-09-04,000166,5.2,5.25,5.17,5.22,129717594.0,681071793.0,117635348189.51999
2025-09-05,000166,5.22,5.26,5.18,5.24,110143935.0,577703531.0,118086058335.84001
2025-09-08,000166,5.22,5.27,5.2,5.23,109940011.0,578866021.0,117860703262.68001
2025-09-09,000166,5.21,5.26,5.2,5.21,110129842.0,579439189.0,117409993116.36
2025-09-10,000166,5.21,5.24,5.18,5.2,80268990.0,421227827.0,117184638043.2
2025-09-11,000166,5.2,5.35,5.19,5.34,137493102.0,731047254.0,120339609067.44
2025-09-12,000166,5.33,5.35,5.23,5.26,104231006.0,555539555.0,118536768482.15999
2025-09-15,000166,5.26,5.29,5.23,5.26,77220736.0,409714024.0,118536768482.15999
2025-09-16,000166,5.25,5.29,5.2,5.27,90830257.0,479906143.0,118762123555.31999
2025-09-17,000166,5.26,5.33,5.24,5.32,96637287.0,515032207.0,119888898921.12001
2025-09-18,000166,5.29,5.31,5.14,5.17,144634951.0,761931285.0,116508572823.72
2025-09-19,000166,5.17,5.18,5.11,5.12,81815040.0,422641711.0,115381797457.92
2025-09-22,000166,5.12,5.17,5.1,5.16,72881000.0,376200285.0,116283217750.56
2025-09-23,000166,5.14,5.14,5.05,5.12,93817186.0,480765910.0,115381797457.92
2025-09-24,000166,5.1,5.19,5.09,5.17,77948809.0,403420852.0,116508572823.72
2025-09-25,000166,5.16,5.2,5.13,5.14,63967586.0,331755012.0,115832507604.23999
2025-09-26,000166,5.13,5.19,5.11,5.14,64332552.0,333513285.0,115832507604.23999
2025-09-29,000166,5.14,5.39,5.12,5.31,213002011.0,1130586071.0,119663543847.95999
2025-09-30,000166,5.28,5.32,5.26,5.29,112998415.0,601922488.0,119212833701.64
2025-10-09,000166,5.31,5.39,5.26,5.37,129464996.0,696230117.0,121015674286.92
2025-10-10,000166,5.33,5.44,5.32,5.38,149272049.0,810276886.0,121241029360.08
2025-10-13,000166,5.26,5.34,5.24,5.32,130571895.0,695826112.0,119888898921.12001
2025-10-14,000166,5.33,5.42,5.32,5.34,129500614.0,700058347.0,120339609067.44
2025-10-15,000166,5.35,5.41,5.31,5.4,118022246.0,637938100.0,121691739506.40001
2025-10-16,000166,5.38,5.44,5.36,5.41,106816687.0,581229538.0,121917094579.56
2025-10-17,000166,5.4,5.44,5.28,5.3,114272357.0,617032055.0,119438188774.8
2025-10-20,000166,5.34,5.35,5.27,5.28,84739877.0,452299493.0,118987478628.48001
2025-10-21,000166,5.29,5.41,5.28,5.33,101201500.0,544490520.0,120114253994.28
2025-10-22,000166,5.33,5.35,5.29,5.33,59959785.0,321584225.0,120114253994.28
2025-10-23,000166,5.33,5.4,5.28,5.39,82961013.0,446272666.0,121466384433.23999
2025-10-24,000166,5.39,5.44,5.37,5.42,90518616.0,492645085.0,122142449652.72
2025-10-27,000166,5.46,5.51,5.44,5.48,136691020.0,753439142.0,123494580091.68001
2025-10-28,000166,5.47,5.49,5.4,5.42,88844652.0,486738161.0,122142449652.72
2025-10-29,000166,5.41,5.51,5.4,5.51,120551500.0,665023186.0,124170645311.15999
2025-10-30,000166,5.5,5.5,5.41,5.41,113825032.0,625347994.0,121917094579.56
2025-10-31,000166,5.51,5.55,5.43,5.43,159141650.0,878495540.0,122367804725.87999
2025-11-03,000166,5.41,5.43,5.36,5.43,93265243.0,507456789.0,122367804725.87999
2025-11-04,000166,5.42,5.44,5.38,5.42,71633926.0,390313389.0,122142449652.72
2025-11-05,000166,5.39,5.44,5.38,5.41,58761132.0,320574263.0,121917094579.56
2025-11-06,000166,5.42,5.51,5.41,5.47,103579193.0,570932806.0,123269225018.51999
2025-11-07,000166,5.45,5.47,5.42,5.43,65784628.0,360739892.0,122367804725.87999
2025-11-10,000166,5.43,5.51,5.42,5.49,89035997.0,490312801.0,123719935164.84001
2025-11-11,000166,5.49,5.5,5.41,5.43,80267066.0,440134768.0,122367804725.87999
2025-11-12,000166,5.42,5.44,5.35,5.38,92784886.0,503687114.0,121241029360.08
2025-11-13,000166,5.38,5.44,5.37,5.42,87364086.0,475698631.0,122142449652.72
2025-11-14,000166,5.4,5.45,5.37,5.38,65801587.0,358782814.0,121241029360.08
2025-11-17,000166,5.37,5.38,5.29,5.31,86786966.0,464796311.0,119663543847.95999
2025-11-18,000166,5.29,5.31,5.26,5.28,67168406.0,357606655.0,118987478628.48001
2025-11-19,000166,5.26,5.3,5.25,5.28,60387820.0,321232447.0,118987478628.48001
2025-11-20,000166,5.44,5.5,5.31,5.31,170592343.0,930462714.0,119663543847.95999
2025-11-21,000166,5.27,5.32,5.13,5.14,128986411.0,677076692.0,115832507604.23999
2025-11-24,000166,5.15,5.17,5.09,5.11,103170764.0,532166398.0,115156442384.76001
2025-11-25,000166,5.12,5.15,5.09,5.11,65708361.0,338664742.0,115156442384.76001
2025-11-26,000166,5.12,5.16,5.1,5.11,64865708.0,334239993.0,115156442384.76001
2025-11-27,000166,5.11,5.14,5.09,5.11,55532215.0,285770938.0,115156442384.76001
2025-11-28,000166,5.1,5.13,5.08,5.12,54984910.0,282283224.0,115381797457.92
2025-12-01,000166,5.11,5.16,5.1,5.15,61976182.0,320299351.0,116057862677.40001
2025-12-02,000166,5.14,5.15,5.08,5.09,64911765.0,333123443.0,114705732238.44
2025-12-03,000166,5.09,5.11,5.02,5.03,73167590.0,372128694.0,113353601799.48001
2025-12-04,000166,5.03,5.08,5.02,5.06,56728456.0,288129914.0,114029667018.95999
2025-12-05,000166,5.05,5.18,5.04,5.16,116022334.0,597077887.0,116283217750.56
2025-12-08,000166,5.21,5.31,5.2,5.23,166413950.0,883110405.0,117860703262.68001
2025-12-09,000166,5.21,5.24,5.18,5.2,100590589.0,527314074.0,117184638043.2
2025-12-10,000166,5.19,5.21,5.14,5.2,73499515.0,382717915.0,117184638043.2
2025-12-11,000166,5.2,5.21,5.15,5.16,69941991.0,364674834.0,116283217750.56
2025-12-12,000166,5.16,5.2,5.15,5.2,83267715.0,433999955.0,117184638043.2
2025-12-15,000166,5.17,5.26,5.15,5.21,81389450.0,427315994.0,117409993116.36
2025-12-16,000166,5.2,5.23,5.17,5.18,67403692.0,352233252.0,116733927896.87999
2025-12-17,000166,5.19,5.3,5.14,5.26,111548464.0,585159908.0,118536768482.15999
2025-12-18,000166,5.29,5.3,5.2,5.24,84940149.0,447803702.0,118086058335.84001
2025-12-19,000166,5.23,5.28,5.2,5.24,73861759.0,390832229.0,118086058335.84001
2025-12-22,000166,5.23,5.27,5.21,5.23,60181576.0,317822946.0,117860703262.68001
2025-12-23,000166,5.23,5.25,5.2,5.2,58485756.0,307670289.0,117184638043.2
2025-12-24,000166,5.22,5.28,5.21,5.27,64866437.0,340563485.0,118762123555.31999
2025-12-25,000166,5.26,5.33,5.26,5.3,71524847.0,379482401.0,119438188774.8
2025-12-26,000166,5.29,5.36,5.27,5.32,90994325.0,483909711.0,119888898921.12001
2025-12-29,000166,5.33,5.33,5.27,5.3,70257466.0,372387030.0,119438188774.8
2025-12-30,000166,5.28,5.32,5.27,5.28,63064661.0,333688225.0,118987478628.48001
2025-12-31,000166,5.29,5.32,5.26,5.27,69436706.0,367033713.0,118762123555.31999
2026-01-05,000166,5.26,5.32,5.25,5.29,121977271.0,644805453.0,119212833701.64
2026-01-06,000166,5.29,5.49,5.28,5.49,232572529.0,1262267651.0,123719935164.84001
2026-01-07,000166,5.49,5.49,5.39,5.43,118653951.0,644792753.0,122367804725.87999
2026-01-08,000166,5.4,5.41,5.3,5.32,157275968.0,840193171.0,119888898921.12001
2026-01-09,000166,5.33,5.38,5.31,5.35,116899553.0,624704830.0,120564964140.59999
2026-01-12,000166,5.36,5.46,5.33,5.43,156356465.0,843980070.0,122367804725.87999
2026-01-13,000166,5.44,5.48,5.35,5.37,121008425.0,655107291.0,121015674286.92
2026-01-14,000166,5.35,5.46,5.31,5.34,155037722.0,835436653.0,120339609067.44
2026-01-15,000166,5.32,5.34,5.23,5.25,132607353.0,700632810.0,118311413409.0
2026-01-16,000166,5.27,5.29,5.18,5.18,110788317.0,579696879.0,116733927896.87999
2026-01-19,000166,5.18,5.21,5.1,5.14,157232059.0,807839619.0,115832507604.23999
2026-01-20,000166,5.14,5.18,5.13,5.17,110189714.0,568605012.0,116508572823.72
2026-01-21,000166,5.15,5.17,5.1,5.12,102557865.0,526999372.0,115381797457.92
2026-01-22,000166,5.13,5.16,5.11,5.12,83660232.0,429337363.0,115381797457.92
2026-01-23,000166,5.13,5.14,5.09,5.1,124059753.0,634709376.0,114931087311.59999
2026-01-26,000166,5.1,5.19,5.1,5.13,158001024.0,811928261.0,115607152531.08
2026-01-27,000166,5.14,5.14,5.06,5.07,132305562.0,673286042.0,114255022092.12001
2026-01-28,000166,5.09,5.15,5.07,5.11,172687505.0,883214791.0,115156442384.76001
2026-01-29,000166,5.11,5.18,5.04,5.17,210289653.0,1072877651.0,116508572823.72
2026-01-30,000166,5.14,5.16,5.07,5.07,145934075.0,744680515.0,114255022092.12001
2026-02-02,000166,5.09,5.13,5.02,5.03,141215403.0,716447355.0,113353601799.48001
2026-02-03,000166,5.05,5.07,4.98,5.02,129239915.0,648105328.0,113128246726.31999
2026-02-04,000166,5.01,5.09,5.0,5.08,112498365.0,568064974.0,114480377165.28
2026-02-05,000166,5.08,5.12,5.05,5.1,96180739.0,489487329.0,114931087311.59999
2026-02-06,000166,5.07,5.12,5.05,5.07,74232340.0,377423897.0,114255022092.12001
2026-02-09,000166,5.1,5.13,5.09,5.11,72515298.0,370443065.0,115156442384.76001
2026-02-10,000166,5.11,5.12,5.09,5.1,62753908.0,320628967.0,114931087311.59999
2026-02-11,000166,5.1,5.12,5.09,5.09,52088235.0,265964208.0,114705732238.44
2026-02-12,000166,5.1,5.1,5.05,5.06,65393298.0,331614231.0,114029667018.95999
2026-02-13,000166,5.06,5.09,5.01,5.02,76552485.0,387107123.0,113128246726.31999
2026-02-24,000166,5.05,5.06,5.01,5.01,77059325.0,387282618.0,112902891653.15999
2026-02-25,000166,5.02,5.09,5.01,5.04,109227389.0,552005015.0,113578956872.64
2026-02-26,000166,5.05,5.05,4.99,5.0,88779500.0,444769043.0,112677536580.0
2026-02-27,000166,4.99,5.02,4.98,5.01,84037640.0,420391999.0,112902891653.15999
2026-03-02,000166,4.98,4.99,4.92,4.97,106294273.0,527283034.0,112001471360.51999
2026-03-03,000166,4.98,5.03,4.93,4.95,123424861.0,614728590.0,111550761214.2
2026-03-04,000166,4.92,4.93,4.81,4.81,137040169.0,665134263.0,108395790189.95999
2026-03-05,000166,4.85,4.87,4.83,4.84,62072736.0,300892527.0,109071855409.44
2026-03-06,000166,4.84,4.9,4.83,4.9,67560966.0,329066666.0,110423985848.40001
2026-03-09,000166,4.85,4.88,4.83,4.85,82137621.0,399016114.0,109297210482.59999
2026-03-10,000166,4.87,4.9,4.86,4.88,57951334.0,282740345.0,109973275702.08
2026-03-11,000166,4.89,4.92,4.86,4.9,65467129.0,320185092.0,110423985848.40001
2026-03-12,000166,4.89,4.97,4.89,4.96,95938536.0,474088977.0,111776116287.36
2026-03-13,000166,4.94,4.99,4.91,4.93,77574224.0,383808476.0,111100051067.87999
2026-03-16,000166,4.94,4.96,4.91,4.95,65828030.0,325041158.0,111550761214.2
2026-03-17,000166,4.95,5.04,4.94,4.98,104686820.0,523260221.0,112226826433.68001
2026-03-18,000166,4.96,4.97,4.92,4.95,72111464.0,356600617.0,111550761214.2
2026-03-19,000166,4.93,4.99,4.92,4.93,100271535.0,495627180.0,111100051067.87999
2026-03-20,000166,4.94,4.96,4.88,4.89,76162284.0,374812746.0,110198630775.23999
2026-03-23,000166,4.84,4.85,4.63,4.67,132990433.0,628565296.0,105240819165.72
2026-03-24,000166,4.71,4.76,4.65,4.73,76101519.0,358668301.0,106592949604.68001
2026-03-25,000166,4.73,4.81,4.72,4.77,75494001.0,359786225.0,107494369897.31999
2026-03-26,000166,4.77,4.78,4.68,4.69,61718253.0,291691508.0,105691529312.04001
2026-03-27,000166,4.66,4.75,4.66,4.73,59617134.0,281173302.0,106592949604.68001
2026-03-30,000166,4.67,4.72,4.65,4.7,77194417.0,362165933.0,105916884385.2
2026-03-31,000166,4.7,4.77,4.67,4.68,74225704.0,350657982.0,105466174238.87999
2026-04-01,000166,4.74,4.77,4.71,4.74,66167667.0,313457827.0,106818304677.84001
2026-04-02,000166,4.73,4.73,4.66,4.67,71664371.0,335722640.0,105240819165.72
2026-04-03,000166,4.68,4.69,4.63,4.64,50171600.0,233730924.0,104564753946.23999
2026-04-07,000166,4.65,4.66,4.59,4.62,54987975.0,254152956.0,104114043799.92
2026-04-08,000166,4.69,4.75,4.67,4.74,98771818.0,465089736.0,106818304677.84001
2026-04-09,000166,4.71,4.71,4.63,4.64,75115197.0,350286148.0,104564753946.23999
2026-04-10,000166,4.67,4.8,4.67,4.72,145305129.0,690444825.0,106367594531.51999
2026-04-13,000166,4.69,4.78,4.67,4.75,82709228.0,392032925.0,107043659751.0
2026-04-14,000166,4.77,4.79,4.72,4.77,56272550.0,267546728.0,107494369897.31999
2026-04-15,000166,4.78,4.79,4.74,4.75,54121574.0,257496521.0,107043659751.0
2026-04-16,000166,4.77,4.79,4.74,4.75,70175423.0,334304691.0,107043659751.0
2026-04-17,000166,4.75,4.76,4.71,4.74,58809149.0,278471639.0,106818304677.84001
2026-04-20,000166,4.74,4.75,4.72,4.74,52069327.0,246620711.0,106818304677.84001
2026-04-21,000166,4.73,4.73,4.68,4.7,56358284.0,264814489.0,105916884385.2
2026-04-22,000166,4.68,4.75,4.67,4.69,80967473.0,381111074.0,105691529312.04001
2026-04-23,000166,4.69,4.7,4.63,4.65,81265532.0,379072461.0,104790109019.40001
2026-04-24,000166,4.64,4.65,4.6,4.63,58436768.0,270380459.0,104339398873.08
2026-04-27,000166,4.63,4.66,4.61,4.62,59115150.0,273914558.0,104114043799.92
2026-04-28,000166,4.63,4.72,4.61,4.68,96070131.0,449374690.0,105466174238.87999
2026-04-29,000166,4.68,4.75,4.67,4.74,76473218.0,360362545.0,106818304677.84001
2026-04-30,000166,4.72,4.8,4.71,4.74,105158300.0,500192852.0,106818304677.84001
2026-05-06,000166,4.75,4.8,4.74,4.78,87355687.0,417176523.0,107719724970.48001
2026-05-07,000166,4.8,4.8,4.73,4.75,75303211.0,357918355.0,107043659751.0
2026-05-08,000166,4.74,4.78,4.72,4.74,69020095.0,327469152.0,106818304677.84001
2026-05-11,000166,4.74,4.79,4.71,4.77,99136522.0,470704882.0,107494369897.31999
2026-05-12,000166,4.77,4.82,4.75,4.78,110420224.0,528178884.0,107719724970.48001
2026-05-13,000166,4.78,4.78,4.7,4.75,99049091.0,468597258.0,107043659751.0
2026-05-14,000166,4.75,4.77,4.66,4.67,87691699.0,413614839.0,105240819165.72
2026-05-15,000166,4.66,4.67,4.52,4.54,131127566.0,602172957.0,102311203214.64
2026-05-18,000166,4.52,4.53,4.43,4.47,102479083.0,458727953.0,100733717702.51999
2026-05-19,000166,4.46,4.52,4.45,4.52,94659657.0,425051364.0,101860493068.31999
2026-05-20,000166,4.49,4.51,4.45,4.47,65256333.0,292424600.0,100733717702.51999
2026-05-21,000166,4.49,4.62,4.46,4.47,137649002.0,627367052.0,100733717702.51999
2026-05-22,000166,4.49,4.5,4.4,4.42,97620717.0,432468456.0,99606942336.72
2026-05-25,000166,4.44,4.47,4.41,4.45,73147050.0,324787403.0,100283007556.2
2026-05-26,000166,4.45,4.55,4.43,4.5,106360217.0,478496045.0,101409782922.0
2026-05-27,000166,4.49,4.56,4.42,4.45,83306327.0,373110084.0,100283007556.2
2026-05-28,000166,4.46,4.47,4.34,4.36,97185839.0,426413701.0,98254811897.76001
2026-05-29,000166,4.36,4.46,4.34,4.41,118937061.0,524810023.0,99381587263.56
2026-06-01,000166,4.41,4.45,4.36,4.43,98722245.0,435509732.0,99832297409.87999
2026-06-02,000166,4.43,4.48,4.41,4.46,91041083.0,405088496.0,100508362629.36
2026-06-03,000166,4.46,4.46,4.38,4.41,96888512.0,428153192.0,99381587263.56
2026-06-04,000166,4.39,4.43,4.28,4.32,89850623.0,390975275.0,97353391605.12001
2026-06-05,000166,4.31,4.4,4.31,4.33,86675162.0,377500349.0,97578746678.28
2026-06-08,000166,4.3,4.32,4.24,4.26,100865486.0,430989761.0,96001261166.15999
2026-06-09,000166,4.29,4.31,4.23,4.3,78075622.0,333896832.0,96902681458.8
2026-06-10,000166,4.28,4.39,4.27,4.38,105491344.0,459057572.0,98705522044.08
2026-06-11,000166,4.36,4.46,4.35,4.42,107774590.0,475503177.0,99606942336.72
2026-06-12,000166,4.43,4.54,4.41,4.53,148805617.0,669178545.0,102085848141.48001
2026-06-15,000166,4.55,4.69,4.53,4.59,158488748.0,730443998.0,103437978580.44
2026-06-16,000166,4.57,4.61,4.54,4.6,101645828.0,465152410.0,103663333653.59999
2026-06-17,000166,4.59,4.61,4.55,4.57,108536450.0,496856657.0,102987268434.12001
2026-06-18,000166,4.56,4.57,4.4,4.41,108974585.0,486980916.0,99381587263.56
2026-06-22,000166,4.4,4.66,4.39,4.63,189642539.0,859800616.0,104339398873.08
2026-06-23,000166,4.61,4.72,4.58,4.61,189587558.0,883171793.0,103888688726.76001
2026-06-24,000166,4.57,4.67,4.47,4.5,164246526.0,746830329.0,101409782922.0
2026-06-25,000166,4.48,4.65,4.44,4.6,198118954.0,903705333.0,103663333653.59999
2026-06-26,000166,4.57,4.63,4.39,4.4,162733129.0,730554223.0,99156232190.40001
2026-06-29,000166,4.4,4.48,4.36,4.46,127580944.0,565641246.0,100508362629.36
2026-06-30,000166,4.45,4.53,4.36,4.4,148133371.0,656197789.0,99156232190.40001
2026-07-01,000166,4.39,4.64,4.38,4.59,190496103.0,866989538.0,103437978580.44
2026-07-02,000166,4.6,4.63,4.5,4.52,147724329.0,670934147.0,101860493068.31999
2026-07-03,000166,4.54,4.59,4.48,4.56,147092134.0,667056566.0,102761913360.95999
2026-07-06,000166,4.61,4.66,4.56,4.66,157422702.0,727758015.0,105015464092.56
2026-07-07,000166,4.63,4.66,4.53,4.55,117447132.0,536900573.0,102536558287.8
2026-07-08,000166,4.53,4.59,4.51,4.57,89272676.0,406268916.0,102987268434.12001
2026-07-09,000166,4.54,4.59,4.51,4.59,100113043.0,455397729.0,103437978580.44
2026-07-10,000166,4.57,4.57,4.46,4.51,121321219.0,546138465.0,101635137995.15999
2026-07-13,000166,4.49,4.53,4.47,4.51,90531966.0,406874098.0,101635137995.15999
2026-07-14,000166,4.49,4.57,4.46,4.57,100616159.0,454777193.0,102987268434.12001
2026-07-15,000166,4.55,4.68,4.55,4.66,128874078.0,596455367.0,105015464092.56
2026-07-16,000166,4.63,4.66,4.58,4.64,92730600.0,428355507.0,104564753946.23999
2026-07-17,000166,4.63,4.67,4.57,4.58,115455953.0,533989666.0,103212623507.28
2026-07-20,000166,4.59,4.71,4.59,4.71,153464028.0,716817588.0,106142239458.36
2026-07-21,000166,4.71,4.78,4.66,4.68,122248740.0,575586269.0,105466174238.87999
2026-07-22,000166,4.66,4.68,4.59,4.67,70645537.0,328198788.0,105240819165.72
2026-07-23,000166,4.67,4.75,4.65,4.73,86894111.0,408540670.0,106592949604.68001
2026-07-24,000166,4.71,4.73,4.63,4.64,67984905.0,317459036.0,104564753946.23999
2026-07-27,000166,4.63,4.68,4.6,4.66,63462224.0,294925827.0,105015464092.56
2026-07-28,000166,4.64,4.65,4.6,4.61,58959009.0,272290953.0,103888688726.76001
2026-07-29,000166,4.62,4.7,4.61,4.67,75758683.0,353456117.0,105240819165.72
