date,ticker,open,high,low,close,volume,amount,market_cap
2021-01-04,000408,6.52,6.69,6.42,6.44,7520600.0,59964965.0,3049250870.4
2021-01-05,000408,6.52,6.6,6.39,6.51,6352952.0,50534293.0,3082394901.6
2021-01-06,000408,6.49,6.53,6.39,6.42,4239452.0,33612357.0,3039781147.2
2021-01-07,000408,6.52,6.57,6.39,6.48,8040000.0,64112043.0,3068190316.8
2021-01-08,000408,6.52,6.57,6.3,6.32,6161600.0,48495604.0,2992432531.2000003
2021-01-11,000408,6.32,6.37,6.16,6.17,5088600.0,39112027.0,2921409607.2
2021-01-12,000408,6.17,6.26,6.09,6.19,2497628.0,18869809.0,2930879330.4
2021-01-13,000408,6.26,6.5,6.14,6.45,9586183.0,75909464.0,3053985732.0
2021-01-14,000408,6.47,6.47,6.28,6.28,4062600.0,31686470.0,2973493084.8
2021-01-15,000408,6.2,6.44,6.2,6.35,3192500.0,24824410.0,3006637116.0
2021-01-18,000408,6.35,6.39,6.22,6.23,4673700.0,36051651.0,2949818776.8
2021-01-19,000408,6.24,6.31,6.17,6.19,2416400.0,18410084.0,2930879330.4
2021-01-20,000408,6.26,6.35,6.2,6.26,3478933.0,26843925.0,2964023361.6
2021-01-21,000408,6.23,6.57,6.2,6.45,10032334.0,79471642.0,3053985732.0
2021-01-22,000408,6.45,6.78,6.35,6.73,13858492.0,113476659.0,3186561856.8
2021-01-25,000408,6.92,7.06,6.84,7.06,26238323.0,226868816.0,3342812289.6
2021-01-26,000408,7.41,7.41,7.41,7.41,1109062.0,10092464.0,3508532445.6
2021-01-27,000408,7.79,7.79,7.51,7.79,47315505.0,451267307.0,3688457186.4
2021-01-28,000408,7.79,8.18,7.6,7.88,56784416.0,558947499.0,3731070940.7999997
2021-01-29,000408,7.76,7.86,7.49,7.49,19363787.0,179742571.0,3546411338.4
2021-02-01,000408,7.17,7.62,7.11,7.14,22183328.0,198052342.0,3380691182.3999996
2021-02-02,000408,7.22,7.37,6.83,7.35,20971943.0,182631258.0,3480123276.0
2021-02-03,000408,7.27,7.56,7.13,7.27,23738797.0,212422236.0,3442244383.2
2021-02-04,000408,7.25,7.27,6.94,7.23,14632797.0,127668433.0,3423304936.8
2021-02-05,000408,7.33,7.45,6.88,6.9,15447456.0,135099064.0,3267054504.0
2021-02-08,000408,6.78,6.8,6.57,6.67,12426472.0,101610884.0,3158152687.2
2021-02-09,000408,6.56,6.72,6.44,6.57,11312201.0,91520465.0,3110804071.2000003
2021-02-10,000408,6.6,6.86,6.58,6.75,11141655.0,92162429.0,3196031580.0
2021-02-18,000408,6.97,7.08,6.95,7.08,16554277.0,143463393.0,3352282012.8
2021-02-19,000408,7.09,7.43,7.03,7.43,21359153.0,191702111.0,3518002168.7999997
2021-02-22,000408,7.64,7.8,7.53,7.62,35436634.0,335410162.0,3607964539.2000003
2021-02-23,000408,7.24,7.3,7.24,7.24,14194630.0,126257046.0,3428039798.4
2021-02-24,000408,6.92,7.12,6.88,6.88,35528899.0,302842005.0,3257584780.7999997
2021-02-25,000408,6.94,7.23,6.79,7.23,20331629.0,178311924.0,3423304936.8
2021-02-26,000408,7.01,7.01,6.87,6.87,34856400.0,294149282.0,3252849919.2000003
2021-03-01,000408,6.64,7.21,6.64,7.19,21533700.0,185091976.0,3404365490.4
2021-03-02,000408,7.33,7.55,7.27,7.55,11349031.0,104155329.0,3574820508.0
2021-03-03,000408,7.67,7.86,7.52,7.64,12950827.0,121640934.0,3617434262.3999996
2021-03-04,000408,7.62,7.85,7.58,7.67,10428600.0,98353306.0,3631638847.2
2021-03-05,000408,7.29,7.29,7.29,7.29,8009200.0,71682340.0,3451714106.4
2021-03-08,000408,7.45,7.66,7.23,7.23,11385872.0,103409943.0,3423304936.8
2021-03-09,000408,7.35,7.35,6.95,7.13,8460500.0,73990892.0,3375956320.7999997
2021-03-10,000408,7.19,7.19,6.96,7.02,5401174.0,46750792.0,3323872843.2
2021-03-11,000408,7.09,7.27,6.98,7.22,4848909.0,42347606.0,3418570075.2
2021-03-12,000408,7.25,7.27,7.05,7.1,5540700.0,48504982.0,3361751736.0
2021-03-15,000408,7.1,7.27,6.99,7.23,4457211.0,39224503.0,3423304936.8
2021-03-16,000408,7.22,7.28,7.15,7.21,2594700.0,23009498.0,3413835213.6
2021-03-17,000408,7.24,7.55,7.17,7.41,5985185.0,54246212.0,3508532445.6
2021-03-18,000408,7.4,7.78,7.4,7.75,7051652.0,66179795.0,3669517740.0
2021-03-19,000408,7.71,7.75,7.36,7.39,11317068.0,104033192.0,3499062722.3999996
2021-03-22,000408,7.45,7.62,7.4,7.5,4053300.0,37377073.0,3551146200.0
2021-03-23,000408,7.46,7.71,7.46,7.54,3764304.0,34933780.0,3570085646.4
2021-03-24,000408,7.58,7.66,7.29,7.44,4336500.0,39794857.0,3522737030.4
2021-03-25,000408,7.4,7.55,7.37,7.45,2546400.0,23336243.0,3527471892.0
2021-03-26,000408,7.45,7.62,7.4,7.6,5719953.0,53005694.0,3598494816.0
2021-03-29,000408,7.66,7.98,7.66,7.88,13654605.0,132816077.0,3731070940.7999997
2021-03-30,000408,7.8,7.87,7.65,7.65,9075500.0,86331226.0,3622169124.0
2021-03-31,000408,7.75,7.93,7.65,7.92,6188102.0,59156207.0,3750010387.2
2021-04-01,000408,8.0,8.32,7.93,8.11,15952532.0,160047886.0,3839972757.6
2021-04-02,000408,8.37,8.49,8.24,8.26,11381499.0,116802375.0,3910995681.6
2021-04-06,000408,8.28,8.68,8.25,8.68,7425234.0,77967388.0,4109859868.7999997
2021-04-07,000408,8.77,9.11,8.63,8.96,17158309.0,187443811.0,4242435993.6000004
2021-04-08,000408,8.98,9.29,8.88,9.24,9661414.0,107862213.0,4375012118.400001
2021-04-09,000408,9.29,9.55,9.05,9.09,11256110.0,128955407.0,4303989194.4
2021-04-12,000408,9.11,9.49,8.63,8.8,17173655.0,188744947.0,4166678208.0000005
2021-04-13,000408,8.97,9.12,8.49,8.65,11452606.0,123520961.0,4095655284.0
2021-04-14,000408,8.69,8.84,8.57,8.76,6398502.0,68503636.0,4147738761.6
2021-04-15,000408,8.79,8.91,8.65,8.89,4744351.0,51042701.0,4209291962.4
2021-04-16,000408,8.88,9.0,8.63,8.77,6748650.0,72879515.0,4152473623.2
2021-04-19,000408,8.76,9.21,8.65,9.21,11007487.0,122205466.0,4360807533.6
2021-04-20,000408,9.21,9.67,9.08,9.48,12012185.0,138136140.0,4488648796.8
2021-04-21,000408,9.38,9.76,9.36,9.58,8423741.0,98987113.0,4535997412.8
2021-04-22,000408,9.58,9.7,9.47,9.55,5998705.0,70381194.0,4521792828.0
2021-04-23,000408,9.49,9.71,9.41,9.61,5197050.0,61041525.0,4550201997.599999
2021-04-26,000408,9.66,9.74,9.13,9.13,13687782.0,155761499.0,4322928640.8
2021-04-27,000408,8.99,9.2,8.68,8.77,14989100.0,163920785.0,4152473623.2
2021-04-28,000408,8.72,9.21,8.63,9.21,17769910.0,198688763.0,4360807533.6
2021-04-29,000408,9.23,9.66,9.22,9.47,10087017.0,117241813.0,4483913935.200001
2021-04-30,000408,9.37,9.95,9.13,9.95,18339290.0,219245182.0,4711187292.0
2021-05-06,000408,10.39,10.44,10.0,10.44,15472006.0,196772993.0,4943195510.4
2021-05-07,000408,10.96,10.96,10.96,10.96,3731582.0,50227094.0,5189408313.6
2021-05-10,000408,11.51,11.51,11.51,11.51,3774483.0,53333445.0,5449825701.599999
2021-05-12,000408,11.51,12.02,10.68,11.84,47066845.0,663697723.0,5606076134.4
2021-05-13,000408,11.57,13.02,11.32,12.0,77001003.0,1179067748.0,5681833920.0
2021-05-14,000408,11.95,13.1,11.4,12.11,61309491.0,916078402.0,5733917397.599999
2021-05-17,000408,12.32,12.63,11.75,11.79,36991768.0,550962096.0,5582401826.4
2021-05-18,000408,11.88,12.97,11.81,12.55,54320784.0,826581380.0,5942251308.0
2021-05-19,000408,12.63,13.8,12.56,13.8,37473702.0,624530481.0,6534109008.0
2021-05-20,000408,14.22,15.05,13.44,14.69,67540556.0,1184104504.0,6955511690.4
2021-05-21,000408,14.32,15.94,14.06,15.14,59263115.0,1081893614.0,7168580462.400001
2021-05-24,000408,15.07,15.42,14.28,14.75,46715162.0,848803119.0,6983920860.0
2021-05-25,000408,14.66,15.89,14.18,15.48,57260405.0,1058362204.0,7329565756.8
2021-05-26,000408,15.19,16.13,15.07,15.13,41575395.0,794829937.0,7163845600.8
2021-05-27,000408,14.84,15.4,14.07,14.74,37502894.0,680285028.0,6979185998.400001
2021-05-28,000408,14.84,15.42,14.69,15.39,37687265.0,700692544.0,7286952002.400001
2021-05-31,000408,15.49,16.93,15.26,16.93,63787604.0,1286066204.0,8016120688.8
2021-06-01,000408,16.38,16.98,15.81,16.29,45665161.0,916755529.0,7713089546.4
2021-06-02,000408,16.09,16.5,14.66,14.66,54921851.0,1027092349.0,6941307105.6
2021-06-03,000408,14.2,15.46,13.89,14.93,37214310.0,670194456.0,7069148368.8
2021-06-04,000408,14.78,16.42,14.78,16.42,49832913.0,990929852.0,7774642747.200001
2021-06-07,000408,17.1,17.96,16.68,17.82,54466422.0,1165127419.0,8437523371.2
2021-06-08,000408,17.43,19.06,17.4,17.88,48825511.0,1097557032.0,8465932540.799999
2021-06-09,000408,17.93,19.36,17.5,18.9,43452710.0,988625471.0,8948888424.0
2021-06-10,000408,19.56,20.02,18.09,18.62,55491372.0,1297110734.0,8816312299.2
2021-06-11,000408,16.83,18.25,16.83,17.24,46448417.0,999099721.0,8162901398.4
2021-06-15,000408,17.3,17.92,17.11,17.11,24949252.0,533151033.0,8101348197.599999
2021-06-16,000408,16.87,17.02,16.19,16.34,26171167.0,531535512.0,7736763854.4
2021-06-17,000408,16.34,17.69,16.29,17.28,29122472.0,610924070.0,8181840844.8
2021-06-18,000408,17.12,17.91,16.72,17.64,27795668.0,591138322.0,8352295862.400001
2021-06-21,000408,17.38,17.51,16.71,16.88,25550478.0,533916837.0,7992446380.799999
2021-06-22,000408,16.82,17.03,15.68,16.29,25805634.0,515947424.0,7713089546.4
2021-06-23,000408,16.11,17.31,16.11,16.98,25806449.0,532577522.0,8039794996.8
2021-06-24,000408,16.85,17.27,15.89,16.79,26193034.0,534616047.0,7949832626.4
2021-06-25,000408,16.79,17.57,16.79,16.87,19524233.0,410859027.0,7987711519.200001
2021-06-28,000408,16.78,17.39,16.54,16.76,20774500.0,432941168.0,7935628041.6
2021-06-29,000408,16.66,18.44,16.5,18.19,38466681.0,829942406.0,8612713250.400002
2021-06-30,000408,17.84,18.48,17.51,18.19,27510278.0,607681113.0,8613013385.400002
2021-07-01,000408,18.18,19.71,18.01,19.11,38858542.0,906769314.0,9048635832.6
2021-07-02,000408,18.79,19.98,18.64,19.56,36997704.0,882971746.0,9261712029.6
2021-07-05,000408,19.8,21.25,19.8,21.07,36549985.0,932691070.0,9976701046.2
2021-07-06,000408,20.61,21.51,18.98,19.81,46275172.0,1144840824.0,9380087694.6
2021-07-07,000408,19.62,20.63,19.59,20.01,37884959.0,934855152.0,9474788226.600002
2021-07-08,000408,19.65,20.26,19.09,19.4,35002164.0,843244512.0,9185951604.0
2021-07-09,000408,19.17,20.12,18.4,19.88,37647839.0,893480838.0,9413232880.800001
2021-07-12,000408,19.96,21.18,19.53,20.8,48167634.0,1208926187.0,9848855328.000002
2021-07-13,000408,20.81,21.16,19.75,20.65,41683445.0,1047710136.0,9777829929.0
2021-07-14,000408,20.24,20.51,19.55,19.55,35168400.0,860512369.0,9256977003.000002
2021-07-15,000408,19.23,21.51,18.8,21.27,58171485.0,1468278354.0,10071401578.2
2021-07-16,000408,21.35,22.84,20.94,21.95,59735996.0,1605352379.0,10393383387.000002
2021-07-19,000408,21.75,22.48,21.12,21.16,44228202.0,1184984783.0,10019316285.6
2021-07-20,000408,20.43,21.55,20.37,21.25,24015524.0,618676385.0,10061931525.000002
2021-07-21,000408,21.42,22.69,21.33,21.99,43451195.0,1182085199.0,10412323493.4
2021-07-22,000408,22.65,22.65,21.55,22.16,37919786.0,1026937176.0,10492818945.600002
2021-07-23,000408,22.16,22.63,21.23,21.79,36234917.0,978085130.0,10317622961.400002
2021-07-26,000408,21.75,22.79,21.33,22.79,33312348.0,901719574.0,10791125621.400002
2021-07-27,000408,22.81,25.07,21.99,22.25,55717125.0,1619439228.0,10535434185.000002
2021-07-28,000408,21.34,22.1,20.1,20.67,38592100.0,992129889.0,9787299982.200003
2021-07-29,000408,21.21,22.08,20.77,21.77,29983257.0,792340427.0,10308152908.2
2021-07-30,000408,21.86,23.28,21.36,22.83,41700289.0,1136189892.0,10810065727.800001
2021-08-02,000408,24.34,25.09,22.61,23.43,47916115.0,1403590875.0,11094167323.800001
2021-08-03,000408,23.16,24.25,22.17,22.2,32133363.0,907081838.0,10511759052.000002
2021-08-04,000408,22.2,23.87,21.73,23.71,33068712.0,942234399.0,11226748068.600002
2021-08-05,000408,23.42,24.53,23.07,24.45,34713210.0,1009444438.0,11577140037.000002
2021-08-06,000408,24.71,25.63,24.61,24.87,35711540.0,1099115748.0,11776011154.200003
2021-08-09,000408,24.35,25.67,22.82,25.64,36429465.0,1082017401.0,12140608202.400002
2021-08-10,000408,24.85,25.82,23.08,23.6,48147993.0,1417665784.0,11174662776.000002
2021-08-11,000408,22.82,23.68,22.08,22.52,33495728.0,932899044.0,10663279903.2
2021-08-12,000408,22.15,22.89,20.37,22.21,52563795.0,1389426776.0,10516494078.600002
2021-08-13,000408,21.68,23.3,21.51,22.0,38115708.0,1052644980.0,10417058520.000002
2021-08-16,000408,21.51,21.51,20.38,20.57,23211801.0,594334584.0,9739949716.2
2021-08-17,000408,20.37,21.08,19.77,19.77,23096645.0,580013183.0,9361147588.2
2021-08-18,000408,20.46,21.75,20.46,21.75,17894467.0,474879767.0,10298682855.000002
2021-08-19,000408,22.24,23.92,21.84,23.76,67930121.0,1915007650.0,11250423201.600002
2021-08-20,000408,23.05,24.23,23.05,23.84,52156836.0,1508154720.0,11288303414.400002
2021-08-23,000408,23.85,24.9,23.85,23.99,52710768.0,1579490360.0,11359328813.400002
2021-08-24,000408,23.7,25.14,23.69,23.9,42757006.0,1272084018.0,11316713574.0
2021-08-25,000408,23.68,25.82,23.08,25.07,56560519.0,1707674991.0,11870711686.2
2021-08-26,000408,24.85,25.95,24.28,24.51,41272842.0,1268326281.0,11605550196.600002
2021-08-27,000408,24.45,25.13,23.53,24.84,39054587.0,1176949613.0,11761806074.400002
2021-08-30,000408,25.03,25.64,24.28,24.28,41499225.0,1272130080.0,11496644584.800001
2021-08-31,000408,23.92,24.94,23.31,24.89,38121994.0,1131725155.0,11785481207.400002
2021-09-01,000408,24.71,25.39,22.48,22.69,46094451.0,1340452155.0,10743775355.400002
2021-09-02,000408,22.53,23.47,22.25,23.46,31012079.0,869592000.0,11108372403.600002
2021-09-03,000408,23.34,23.7,21.99,22.77,28374725.0,793686858.0,10781655568.2
2021-09-06,000408,22.9,25.05,22.63,25.05,42292199.0,1246540282.0,11861241633.000002
2021-09-07,000408,26.07,26.88,25.44,25.95,59619263.0,1925233131.0,12287394027.000002
2021-09-08,000408,26.22,26.72,25.01,25.25,48013567.0,1523101618.0,11955942165.000002
2021-09-09,000408,25.64,26.04,24.72,25.24,31818049.0,986196213.0,11951207138.400002
2021-09-10,000408,25.66,27.7,25.05,27.28,52898069.0,1724525072.0,12917152564.800003
2021-09-13,000408,27.19,28.35,27.12,27.87,39350901.0,1339060139.0,13196519134.200003
2021-09-14,000408,28.15,28.96,26.52,27.53,38420683.0,1317286311.0,13035528229.800003
2021-09-15,000408,27.7,28.49,26.83,27.49,33926043.0,1143044919.0,13016588123.400002
2021-09-16,000408,27.53,27.53,24.74,24.93,42716153.0,1355122866.0,11804421313.800001
2021-09-17,000408,25.08,25.97,23.68,25.33,26853333.0,829218516.0,11993822377.800001
2021-09-22,000408,25.25,26.37,24.98,25.42,22286587.0,704320575.0,12036437617.200003
2021-09-23,000408,25.79,25.87,24.18,24.93,24188575.0,737145107.0,11804421313.800001
2021-09-24,000408,24.67,24.8,23.26,23.46,21767246.0,639266511.0,11108372403.600002
2021-09-27,000408,23.45,23.62,21.11,21.63,30845202.0,833778785.0,10241862535.800001
2021-09-28,000408,21.53,21.99,21.31,21.35,12312173.0,325857882.0,10109281791.000002
2021-09-29,000408,21.25,21.35,19.75,19.83,21271164.0,533101303.0,9389557747.800001
2021-09-30,000408,20.15,21.81,20.15,21.81,16085494.0,421062660.0,10327093014.6
2021-10-08,000408,22.81,23.41,22.09,22.78,28901092.0,804689249.0,10786390594.800001
2021-10-11,000408,24.44,24.61,23.05,23.33,33180637.0,965118595.0,11046817057.800001
2021-10-12,000408,23.22,25.58,23.03,24.93,35718282.0,1074473265.0,11804421313.800001
2021-10-13,000408,24.41,25.01,23.89,24.59,24348401.0,732233864.0,11643430409.400002
2021-10-14,000408,24.37,25.08,23.55,23.63,21520045.0,640824436.0,11188867855.800001
2021-10-15,000408,23.46,24.43,23.1,24.18,18825200.0,552567157.0,11449294318.800001
2021-10-18,000408,24.03,24.76,23.46,24.51,19873558.0,590010385.0,11605550196.600002
2021-10-19,000408,24.64,24.76,24.27,24.63,16924400.0,509963805.0,11662370515.800001
2021-10-20,000408,24.76,27.09,24.45,26.29,50868996.0,1650367467.0,12448384931.400002
2021-10-21,000408,26.29,26.34,24.93,25.11,32134293.0,1005839546.0,11889651792.6
2021-10-22,000408,25.35,25.84,24.28,24.39,20937979.0,642407406.0,11548729877.400002
2021-10-25,000408,24.03,25.12,23.83,25.08,17993200.0,542456208.0,11875446712.800001
2021-10-26,000408,25.66,27.07,25.15,25.64,27034651.0,864648939.0,12140608202.400002
2021-10-27,000408,25.58,26.07,24.6,25.16,20769350.0,645414925.0,11913326925.600002
2021-10-28,000408,25.42,25.42,23.05,23.3,21872301.0,644764108.0,11032611978.000002
2021-10-29,000408,23.53,23.97,22.95,23.58,13969120.0,403249867.0,11165192722.800001
2021-11-01,000408,23.58,23.87,22.71,22.96,13027247.0,369354800.0,10871621073.600002
2021-11-02,000408,23.3,23.3,21.91,22.49,14163800.0,392216177.0,10649074823.400002
2021-11-03,000408,22.49,22.67,21.95,22.56,10641272.0,290470803.0,10682220009.6
2021-11-04,000408,22.48,23.46,22.08,23.09,20704155.0,579104150.0,10933176419.400002
2021-11-05,000408,23.05,24.14,22.7,22.78,17303100.0,497496467.0,10786390594.800001
2021-11-08,000408,22.4,23.97,22.38,23.68,18295185.0,527969980.0,11212542988.800001
2021-11-09,000408,23.53,23.79,23.14,23.35,11294217.0,324958325.0,11056287111.000002
2021-11-10,000408,23.27,23.27,22.17,22.6,11985917.0,332219020.0,10701160116.000002
2021-11-11,000408,22.56,22.74,22.14,22.34,7729701.0,212882286.0,10578049424.400002
2021-11-12,000408,22.56,22.68,21.97,22.17,10368213.0,283882420.0,10497553972.200003
2021-11-15,000408,21.49,21.67,20.67,21.34,15883942.0,412808215.0,10104546764.400002
2021-11-16,000408,21.18,21.42,20.41,20.49,15796900.0,404099743.0,9702069503.4
2021-11-17,000408,20.84,21.4,20.61,21.27,16857252.0,437578344.0,10071401578.2
2021-11-18,000408,21.14,22.9,20.9,22.26,26075613.0,702430362.0,10540169211.600002
2021-11-19,000408,22.02,22.63,21.5,21.79,18429800.0,496238426.0,10317622961.400002
2021-11-22,000408,21.75,22.61,21.59,22.41,15323801.0,420158983.0,10611194610.600002
2021-11-23,000408,22.28,22.52,21.75,21.96,12416901.0,336635301.0,10398118413.600002
2021-11-24,000408,21.82,22.08,21.42,21.49,10461501.0,277807423.0,10175572163.4
2021-11-25,000408,21.52,22.13,21.32,21.53,13074706.0,347192883.0,10194512269.800001
2021-11-26,000408,21.83,22.8,21.53,22.48,21892320.0,600687624.0,10644339796.800001
2021-11-29,000408,21.95,23.56,21.84,23.27,24895100.0,702706999.0,11018406898.2
2021-11-30,000408,23.27,23.58,22.31,22.4,17546499.0,487708109.0,10606459584.0
2021-12-01,000408,22.42,22.52,21.7,21.94,12744485.0,343136965.0,10388648360.400002
2021-12-02,000408,21.78,21.91,21.32,21.43,14333885.0,379050150.0,10147162003.800001
2021-12-03,000408,21.5,23.58,21.38,23.58,39484632.0,1110921575.0,11165192722.800001
2021-12-06,000408,23.87,24.72,23.58,24.08,52304713.0,1554630813.0,11401944052.800001
2021-12-07,000408,24.44,25.16,23.87,24.18,33105817.0,993817071.0,11449294318.800001
2021-12-08,000408,24.15,24.16,22.87,23.71,21349928.0,621012191.0,11226748068.600002
2021-12-09,000408,23.62,24.53,23.51,23.75,20595449.0,607715689.0,11245296300.0
2021-12-10,000408,24.17,26.07,23.85,25.55,50479500.0,1574750608.0,12097571388.0
2021-12-13,000408,25.18,28.01,24.98,27.54,48676398.0,1588620861.0,13039808846.4
2021-12-14,000408,27.75,29.16,27.47,28.78,44189198.0,1547181267.0,13626931684.800001
2021-12-15,000408,28.88,28.92,27.05,27.88,34416592.0,1186180925.0,13200794140.8
2021-12-16,000408,27.93,28.09,26.34,26.68,24327205.0,802364819.0,12632610748.8
2021-12-17,000408,26.72,28.09,26.56,27.74,22045817.0,738950862.0,13134506078.4
2021-12-20,000408,27.71,27.94,26.52,27.29,18244611.0,609759281.0,12921437306.4
2021-12-21,000408,27.13,28.5,27.13,27.94,15754175.0,536561608.0,13229203310.400002
2021-12-22,000408,27.96,30.07,27.53,28.16,27797012.0,982392893.0,13333370265.6
2021-12-23,000408,28.03,28.92,27.93,28.46,15485199.0,542168086.0,13475416113.6
2021-12-24,000408,28.48,28.72,26.3,26.73,22034935.0,727337792.0,12656285056.800001
2021-12-27,000408,27.11,28.98,27.11,27.86,18998616.0,657740240.0,13191324417.6
2021-12-28,000408,28.28,30.65,27.7,30.65,21637687.0,792286353.0,14512350804.0
2021-12-29,000408,31.13,32.45,30.96,31.78,47005376.0,1826853859.0,15047390164.800001
2021-12-30,000408,31.44,31.9,29.98,30.83,32835900.0,1239814308.0,14597578312.8
2021-12-31,000408,30.77,33.81,30.51,33.4,43892324.0,1744250559.0,15814437744.0
2022-01-04,000408,33.89,34.03,30.13,31.18,40155296.0,1545578772.0,14763298468.8
2022-01-05,000408,30.37,31.08,28.85,29.61,23349125.0,854618376.0,14019925197.6
2022-01-06,000408,29.61,32.34,29.61,31.6,24447930.0,932049498.0,14962162656.0
2022-01-07,000408,31.61,31.64,28.96,29.04,27453002.0,1005054557.0,13750038086.4
2022-01-10,000408,29.04,29.71,28.19,28.4,21912715.0,778029854.0,13447006944.0
2022-01-11,000408,27.7,28.38,26.07,27.9,24507001.0,824735251.0,13210263864.0
2022-01-12,000408,29.0,29.31,26.57,27.31,22669384.0,768685312.0,12930907029.599998
2022-01-13,000408,27.29,27.47,25.74,25.78,23371915.0,752074422.0,39324678717.4
2022-01-14,000408,25.73,26.57,25.66,26.03,14144600.0,452723544.0,39706027424.9
2022-01-17,000408,26.04,26.26,25.16,25.59,13956588.0,440639006.0,39034853699.7
2022-01-18,000408,25.57,25.57,24.32,24.85,20716607.0,629124619.0,37906061525.5
2022-01-19,000408,24.83,24.85,23.49,23.65,18412847.0,540281550.0,36075587729.5
2022-01-20,000408,23.66,24.16,23.42,23.53,14210109.0,414459551.0,35892540349.9
2022-01-21,000408,23.53,24.67,23.23,23.5,16341407.0,479537852.0,35846778505.0
2022-01-24,000408,23.62,25.86,23.25,25.86,34568327.0,1064766569.0,39446710303.799995
2022-01-25,000408,25.46,26.74,25.19,25.85,29507221.0,941999247.0,39431456355.5
2022-01-26,000408,26.29,26.78,25.48,26.43,20199921.0,648969380.0,40316185356.9
2022-01-27,000408,26.35,26.78,25.58,25.66,19675051.0,636482308.0,39141631337.8
2022-01-28,000408,25.88,26.52,24.54,26.43,21717279.0,680702636.0,40316185356.9
2022-02-07,000408,27.18,27.34,26.06,26.92,19108281.0,626798765.0,41063628823.600006
2022-02-08,000408,26.71,26.72,25.51,26.27,13655808.0,436187460.0,40072122184.1
2022-02-09,000408,26.07,27.9,25.88,27.27,18139598.0,602677921.0,41597517014.1
2022-02-10,000408,28.27,28.62,27.4,28.03,22442492.0,771933510.0,42756817084.9
2022-02-11,000408,27.43,30.06,27.37,28.51,26792963.0,951207438.0,43489006603.3
2022-02-14,000408,27.94,29.73,27.87,28.71,16882492.0,599833357.0,43794085569.3
2022-02-15,000408,28.92,29.22,27.99,28.88,12136018.0,425939688.0,44053402690.4
2022-02-16,000408,29.51,30.1,29.08,29.44,22404145.0,816888251.0,44907623795.200005
2022-02-17,000408,28.99,31.2,28.92,30.75,28664011.0,1071226865.0,46905891022.5
2022-02-18,000408,30.14,30.61,29.86,30.33,16775991.0,622341721.0,46265225193.899994
2022-02-21,000408,30.19,30.87,29.99,30.39,19895199.0,742580540.0,46356748883.700005
2022-02-22,000408,30.72,31.25,30.34,31.07,27289771.0,1034898266.0,47394017368.1
2022-02-23,000408,30.92,31.27,29.92,30.39,27257171.0,1020550069.0,46356748883.700005
2022-02-24,000408,29.98,31.06,28.92,29.82,29562194.0,1092387258.0,45487273830.6
2022-02-25,000408,30.55,31.0,30.11,30.53,23056584.0,867487022.0,46570304159.9
2022-02-28,000408,30.83,31.35,30.3,31.31,24977400.0,951680875.0,47760112127.299995
2022-03-01,000408,30.95,31.12,29.25,29.38,32649310.0,1206541814.0,44816100105.4
2022-03-02,000408,29.31,30.34,29.31,30.02,16378877.0,600576294.0,45792352796.6
2022-03-03,000408,30.16,31.54,29.79,30.74,26298122.0,993699706.0,46890637074.2
2022-03-04,000408,30.47,31.08,29.81,30.25,14564271.0,542461974.0,46143193607.5
2022-03-07,000408,30.6,31.44,30.59,30.9,21159177.0,806508356.0,47134700247.0
2022-03-08,000408,30.47,31.09,27.99,29.09,25451283.0,918395546.0,44373735604.7
2022-03-09,000408,29.16,29.47,26.54,28.19,16615961.0,570554283.0,43000880257.700005
2022-03-10,000408,28.92,29.95,28.27,29.82,17465836.0,625326016.0,45487273830.6
2022-03-11,000408,28.51,29.29,27.62,28.3,21564494.0,751442806.0,43168673689.0
2022-03-14,000408,28.02,28.09,26.82,27.11,17839801.0,599646849.0,41353453841.299995
2022-03-15,000408,26.64,27.93,26.38,26.53,17254074.0,571903799.0,40468724839.9
2022-03-16,000408,27.09,27.35,25.97,27.29,18971501.0,626689324.0,41628024910.7
2022-03-17,000408,27.33,28.02,26.91,26.98,16019803.0,540705872.0,41155152513.4
2022-03-18,000408,26.88,27.33,26.5,27.08,9726410.0,321215349.0,41307691996.399994
2022-03-21,000408,26.68,27.37,26.43,26.89,16504843.0,545565083.0,41017866978.700005
2022-03-22,000408,26.74,27.48,26.3,26.6,15033600.0,493541775.0,40575502478.0
2022-03-23,000408,26.69,26.84,26.0,26.14,12614121.0,407595491.0,39873820856.200005
2022-03-24,000408,26.26,26.91,25.38,26.56,16919176.0,541810578.0,40514486684.799995
2022-03-25,000408,26.69,27.28,26.32,26.81,18941794.0,625926051.0,40895835392.299995
2022-03-28,000408,26.69,26.69,25.52,25.89,12915416.0,411310536.0,39492472148.700005
2022-03-29,000408,26.06,26.71,25.6,26.35,14067021.0,454830288.0,40194153770.5
2022-03-30,000408,26.1,26.52,25.8,26.14,11639701.0,373786664.0,39873820856.200005
2022-03-31,000408,26.08,26.21,24.39,24.59,20083843.0,613511003.0,37509458869.7
2022-04-01,000408,24.37,25.42,24.23,25.09,12332426.0,378867009.0,38272156284.7
2022-04-06,000408,24.84,25.16,24.19,24.39,10272814.0,307591483.0,37204379903.700005
2022-04-07,000408,24.37,25.82,24.11,25.43,17968431.0,553282609.0,38790790526.9
2022-04-08,000408,25.24,26.15,24.76,25.25,19610727.0,611953122.0,38516219457.5
2022-04-11,000408,25.01,25.05,23.71,23.72,16815845.0,497787831.0,36182365367.6
2022-04-12,000408,24.03,24.6,23.24,23.68,12618545.0,368412838.0,36121349574.4
2022-04-13,000408,23.68,24.23,23.22,23.63,11479100.0,334357692.0,36045079832.9
2022-04-14,000408,23.65,24.11,22.99,23.69,13379639.0,386936506.0,36136603522.700005
2022-04-15,000408,23.53,23.58,22.61,22.61,11542836.0,325605673.0,34489177106.299995
2022-04-18,000408,22.78,22.79,22.08,22.28,10728894.0,293705617.0,33985796812.4
2022-04-19,000408,22.62,23.54,22.24,23.22,15215200.0,429609294.0,35419667952.6
2022-04-20,000408,23.09,23.27,22.39,22.41,10953203.0,306987658.0,34184098140.3
2022-04-21,000408,22.42,22.56,20.77,20.91,14816266.0,389013046.0,31896005895.3
2022-04-22,000408,20.75,21.18,20.41,20.63,10230800.0,260642667.0,31468895342.899998
2022-04-25,000408,20.28,20.28,18.57,18.57,21564309.0,510412881.0,28326581993.100002
2022-04-26,000408,18.57,18.76,17.86,18.03,15674672.0,352846934.0,27502868784.9
2022-04-27,000408,17.77,19.63,17.76,19.61,20635624.0,474840979.0,29912992616.3
2022-04-28,000408,19.31,20.56,19.17,20.06,20794665.0,509271539.0,30599420289.8
2022-04-29,000408,20.26,21.41,19.94,21.07,20016138.0,505122797.0,32140069068.100002
2022-05-05,000408,20.96,21.59,20.72,21.25,14775245.0,386556767.0,32414640137.5
2022-05-06,000408,20.6,21.34,20.53,20.88,12187511.0,313355145.0,31850244050.399998
2022-05-09,000408,20.9,21.49,20.77,20.93,9808500.0,253228698.0,31926513791.899998
2022-05-10,000408,20.62,21.26,20.38,21.22,10758196.0,276182767.0,32368878292.6
2022-05-11,000408,21.06,22.13,20.98,21.36,15827800.0,419560824.0,32582433568.8
2022-05-12,000408,21.18,21.59,20.66,21.03,11150137.0,288899162.0,32079053274.9
2022-05-13,000408,21.12,21.39,20.88,20.91,6785116.0,175485991.0,31896005895.3
2022-05-16,000408,21.14,21.6,20.99,21.14,9633882.0,251498383.0,32246846706.2
2022-05-17,000408,21.59,23.26,21.35,23.26,14105610.0,390887983.0,35480683745.8
2022-05-18,000408,23.93,24.47,23.52,23.98,38834403.0,1145772384.0,36578968023.4
2022-05-19,000408,23.62,24.41,23.47,24.17,21731346.0,637409448.0,36868793041.100006
2022-05-20,000408,24.03,24.67,23.88,24.43,20086426.0,599264954.0,37265395696.9
2022-05-23,000408,24.61,26.43,24.61,26.05,29507139.0,934600293.0,39736535321.5
2022-05-24,000408,25.66,26.78,25.15,25.21,32350929.0,1030262526.0,38455203664.3
2022-05-25,000408,24.4,25.2,23.79,24.31,26788339.0,798604565.0,37082348317.299995
2022-05-26,000408,24.32,25.13,23.84,24.54,17312400.0,521028667.0,37433189128.2
2022-05-27,000408,24.98,25.51,24.36,24.63,13836389.0,423280063.0,37570474662.9
2022-05-30,000408,25.13,25.16,24.06,24.67,14108736.0,424010789.0,37631490456.100006
2022-05-31,000408,24.38,24.58,24.0,24.39,9684460.0,288293678.0,37204379903.700005
2022-06-01,000408,24.14,24.43,23.8,24.17,8632311.0,255337506.0,36868793041.100006
2022-06-02,000408,24.03,24.67,23.92,24.59,12413200.0,372101826.0,37509458869.7
2022-06-06,000408,24.45,26.19,24.36,25.73,19974983.0,627670720.0,39248408975.9
2022-06-07,000408,25.82,26.04,25.3,25.71,14967258.0,472881147.0,39217901079.3
2022-06-08,000408,25.99,27.09,25.75,26.57,23262834.0,759405776.0,40529740633.1
2022-06-09,000408,26.32,27.06,26.19,26.75,17136806.0,561003935.0,40804311702.5
2022-06-10,000408,26.57,27.26,26.42,27.03,19796397.0,656193284.0,41231422254.9
2022-06-13,000408,26.75,27.96,26.74,27.38,19205739.0,646678902.0,41765310445.4
2022-06-14,000408,26.91,27.36,26.23,27.31,15548171.0,513491381.0,41658532807.299995
2022-06-15,000408,27.45,27.75,26.77,26.8,13322013.0,443208396.0,40880581444.0
2022-06-16,000408,26.73,27.32,26.39,26.88,11661103.0,383137725.0,41002613030.4
2022-06-17,000408,26.89,28.1,26.76,27.99,22767293.0,775560036.0,42695801291.7
2022-06-20,000408,28.01,28.42,27.41,27.7,15045552.0,512363145.0,42253436791.0
2022-06-21,000408,27.54,27.7,26.13,26.26,17533664.0,575243585.0,40056868235.8
2022-06-22,000408,26.26,26.87,26.17,26.32,11159656.0,363479871.0,40148391925.6
2022-06-23,000408,26.23,26.66,25.29,26.56,14199977.0,452481422.0,40514486684.799995
2022-06-24,000408,26.64,26.87,25.99,26.74,9545025.0,310981737.0,40789057754.2
2022-06-27,000408,26.72,27.94,25.9,27.11,16865671.0,563626459.0,41353453841.299995
2022-06-28,000408,27.06,28.01,26.78,27.38,13999244.0,469417923.0,43271860528.74
2022-06-29,000408,27.13,27.18,25.81,25.9,16090858.0,519923352.0,40932841040.7
2022-06-30,000408,25.9,27.26,25.9,26.83,16724541.0,552900376.0,42402630313.59
2022-07-01,000408,27.3,29.29,26.68,28.82,31817575.0,1101045464.0,45547663273.86
2022-07-04,000408,28.76,30.26,28.37,29.86,22945867.0,838167345.0,47191298589.78
2022-07-05,000408,29.86,30.71,29.36,30.43,18457917.0,679445244.0,48092137176.39
2022-07-06,000408,30.06,30.42,29.49,30.06,16926987.0,621854912.0,47507382304.38
2022-07-07,000408,30.09,31.36,29.65,30.66,16460851.0,620354615.0,48455633448.18
2022-07-08,000408,30.69,31.44,30.06,30.78,14524912.0,545411166.0,48645283676.94
2022-07-11,000408,30.69,31.1,29.28,30.03,15181771.0,555911045.0,47459969747.19
2022-07-12,000408,30.6,30.98,28.72,29.15,22773469.0,825005403.0,46069201402.95
2022-07-13,000408,28.76,30.55,28.24,29.71,18817047.0,682140937.0,46954235803.83
2022-07-14,000408,29.16,29.72,28.82,29.31,11335381.0,407233186.0,46322068374.63
2022-07-15,000408,29.31,30.27,29.16,29.29,10595745.0,386976183.0,46290460003.17
2022-07-18,000408,29.23,29.49,28.34,29.25,13277586.0,472489297.0,46227243260.25
2022-07-19,000408,29.11,29.53,28.6,29.07,8658142.0,309330624.0,45942767917.11
2022-07-20,000408,29.29,30.08,29.04,29.51,9678262.0,351703821.0,46638152089.23
2022-07-21,000408,29.46,29.46,28.34,28.35,11012180.0,388818897.0,44804866544.55
2022-07-22,000408,28.39,29.31,28.15,28.99,11508722.0,404858268.0,45816334431.27
2022-07-25,000408,29.45,29.73,28.25,28.3,10416979.0,370140025.0,44725845615.9
2022-07-26,000408,28.89,30.51,28.89,29.9,28165351.0,1030594749.0,47254515332.7
2022-07-27,000408,29.69,29.76,28.24,28.55,25784101.0,905290462.0,45120950259.15
2022-07-28,000408,28.54,28.67,27.25,27.31,22411181.0,759694437.0,43161231228.63
2022-07-29,000408,27.09,27.56,26.8,27.3,10889049.0,362611891.0,43145427042.9
2022-08-01,000408,27.21,27.75,26.59,27.64,14588990.0,488454644.0,43682769357.72
2022-08-02,000408,27.27,27.39,26.36,26.74,15551158.0,511843335.0,42260392642.02
2022-08-03,000408,26.74,27.65,26.56,26.74,10533518.0,350719641.0,42260392642.02
2022-08-04,000408,27.0,27.71,26.74,26.96,10270424.0,341536597.0,42608084728.08
2022-08-05,000408,26.97,27.43,26.56,27.22,9768879.0,324014867.0,43018993557.06
2022-08-08,000408,27.27,27.78,27.09,27.78,10761455.0,364473380.0,43904027957.94
2022-08-09,000408,27.64,28.04,27.43,27.8,9044410.0,308252526.0,43935636329.4
2022-08-10,000408,27.84,28.18,27.49,27.74,10585455.0,360916876.0,43840811215.02
2022-08-11,000408,27.7,27.76,26.92,27.52,12956645.0,434753535.0,43493119128.96
2022-08-12,000408,27.39,27.93,27.31,27.61,8962585.0,304650304.0,43635356800.53
2022-08-15,000408,28.01,29.1,27.98,28.5,21193583.0,743103760.0,45041929330.5
2022-08-16,000408,28.56,28.82,28.21,28.37,12453627.0,434249703.0,44836474916.01
2022-08-17,000408,28.37,28.89,27.76,28.55,13373259.0,464488060.0,45120950259.15
2022-08-18,000408,28.76,28.76,28.27,28.54,12487871.0,436073575.0,45105146073.42
2022-08-19,000408,28.39,28.39,26.79,27.26,15788539.0,502902214.0,43082210299.98
2022-08-22,000408,26.96,28.4,26.55,28.29,17352219.0,557546454.0,44710041430.17
2022-08-23,000408,28.16,28.65,27.6,27.72,11095895.0,359948285.0,43809202843.56
2022-08-24,000408,27.84,28.17,27.04,27.31,9702245.0,310919069.0,43161231228.63
2022-08-25,000408,27.26,27.42,26.37,26.66,9569332.0,297000893.0,42133959156.18
2022-08-26,000408,26.83,27.69,26.7,27.0,11526040.0,365839429.0,42671301471.0
2022-08-29,000408,26.38,27.15,26.18,26.91,7706019.0,239311034.0,42529063799.43
2022-08-30,000408,26.98,27.46,26.63,26.91,7772362.0,243672628.0,42529063799.43
2022-08-31,000408,27.03,27.35,26.08,26.96,19227055.0,595399782.0,42608084728.08
2022-09-01,000408,26.7,26.78,25.21,25.38,17762484.0,530569250.0,40111023382.74
2022-09-02,000408,25.44,25.67,24.88,25.21,9586999.0,280344846.0,39842352225.33
2022-09-05,000408,24.99,25.22,24.82,25.04,5286929.0,153609073.0,39573681067.92
2022-09-06,000408,25.22,27.13,25.05,27.02,20562425.0,632026357.0,42702909842.46
2022-09-07,000408,26.64,27.22,26.42,26.79,8501530.0,264821564.0,42339413570.67
2022-09-08,000408,26.79,27.03,26.38,26.46,6798907.0,210566114.0,41817875441.58
2022-09-09,000408,26.48,27.1,26.28,27.05,10310036.0,320645047.0,42750322399.65
2022-09-13,000408,27.56,28.33,27.31,27.78,15454917.0,500720103.0,43904027957.94
2022-09-14,000408,27.17,27.99,27.01,27.47,10912418.0,349032586.0,43414098200.31
2022-09-15,000408,27.73,28.02,26.62,27.3,11951567.0,378017189.0,43145427042.9
2022-09-16,000408,26.86,27.13,25.98,27.13,12705489.0,394437603.0,42876755885.49
2022-09-19,000408,26.85,27.35,26.41,26.83,13005078.0,405392246.0,42402630313.59
2022-09-20,000408,26.88,27.73,26.88,27.35,11768027.0,374046197.0,43224447971.55
2022-09-21,000408,27.18,27.41,26.76,27.16,7567496.0,237911008.0,42924168442.68
2022-09-22,000408,26.82,27.15,26.32,26.52,8870042.0,274579266.0,41912700555.96
2022-09-23,000408,26.44,26.66,25.45,25.78,8373699.0,251988986.0,40743190811.94
2022-09-26,000408,25.57,25.84,25.25,25.31,6373236.0,189188369.0,40000394082.63
2022-09-27,000408,25.25,25.58,24.55,25.15,6686516.0,193368372.0,39747527110.95
2022-09-28,000408,25.15,25.16,23.87,23.91,8262617.0,232616646.0,37787808080.43
2022-09-29,000408,24.21,25.15,24.17,24.79,10582204.0,304612346.0,39178576424.67
2022-09-30,000408,24.81,25.02,24.47,24.55,5125488.0,146762556.0,38799275967.15
2022-10-10,000408,24.64,24.74,23.68,23.76,6317011.0,176498874.0,37550745294.48
2022-10-11,000408,23.63,24.5,23.63,24.12,5438182.0,151830394.0,38119695980.76
2022-10-12,000408,23.98,24.31,23.19,24.31,7559545.0,208120324.0,38419975509.63
2022-10-13,000408,24.04,24.19,23.55,23.62,6509032.0,180104898.0,37329486694.26
2022-10-14,000408,24.36,25.16,24.36,25.05,14326829.0,412489099.0,39589485253.65
2022-10-17,000408,24.75,25.16,24.56,25.09,9976291.0,287943644.0,39652701996.57
2022-10-18,000408,25.16,25.53,24.86,24.99,6370064.0,185921121.0,39494660139.27
2022-10-19,000408,24.96,25.49,24.63,24.84,6403507.0,186102878.0,39257597353.32
2022-10-20,000408,24.78,24.8,23.93,24.12,9377203.0,263384246.0,38119695980.76
2022-10-21,000408,24.37,24.53,23.86,24.07,6535142.0,183682316.0,38040675052.11
2022-10-24,000408,24.18,24.62,23.61,23.65,7650498.0,214206634.0,37376899251.45
2022-10-25,000408,23.68,23.86,22.84,23.68,7903282.0,213813417.0,37424311808.64
2022-10-26,000408,23.68,24.3,23.58,24.05,6981871.0,194221520.0,38009066680.65
2022-10-27,000408,24.1,24.46,23.87,23.93,6122200.0,172033145.0,37819416451.89
2022-10-28,000408,23.51,23.77,22.73,22.83,7462818.0,200290290.0,36080956021.59
2022-10-31,000408,22.35,23.56,22.35,23.38,7603386.0,204792154.0,36950186236.74
2022-11-01,000408,23.44,25.14,23.44,24.77,12725228.0,363185666.0,39146968053.21
2022-11-02,000408,24.61,24.89,24.48,24.68,9684086.0,277163383.0,39004730381.64
2022-11-03,000408,24.12,25.45,23.76,24.94,9728961.0,282257880.0,39415639210.62
2022-11-04,000408,25.21,27.13,24.94,26.79,21557544.0,658839730.0,42339413570.67
2022-11-07,000408,26.93,27.72,26.79,27.17,19319060.0,610400576.0,42939972628.41
2022-11-08,000408,26.97,27.46,26.82,27.16,9373571.0,295480798.0,42924168442.68
2022-11-09,000408,27.53,27.56,26.93,27.19,8229503.0,260294343.0,42971580999.87
2022-11-10,000408,27.16,27.33,26.42,26.71,11001885.0,341444729.0,42212980084.83
2022-11-11,000408,27.33,27.48,26.4,26.42,10458492.0,326147381.0,41754658698.66
2022-11-14,000408,26.57,26.74,25.78,25.85,9495200.0,288313645.0,40853820112.05
2022-11-15,000408,26.04,26.26,25.36,26.2,8509163.0,255644428.0,41406966612.6
2022-11-16,000408,25.93,26.2,25.52,25.57,7168837.0,214305973.0,40411302911.61
2022-11-17,000408,25.54,25.73,25.26,25.67,6848227.0,202780128.0,40569344768.91
2022-11-18,000408,25.79,26.25,25.42,25.71,10074902.0,301849533.0,40632561511.83
2022-11-21,000408,25.24,26.17,24.89,26.02,9902801.0,296706502.0,41122491269.46
2022-11-22,000408,26.03,26.19,25.68,25.86,6594803.0,198590851.0,40869624297.78
2022-11-23,000408,25.84,25.96,25.42,25.66,5828445.0,174050523.0,40553540583.18
2022-11-24,000408,25.82,27.13,25.63,26.79,14383608.0,441858272.0,42339413570.67
2022-11-25,000408,26.8,26.83,26.17,26.35,7419805.0,227791495.0,41644029398.55
2022-11-28,000408,25.93,26.17,25.37,26.11,6297438.0,189308372.0,41264728941.03
2022-11-29,000408,26.12,26.39,25.69,26.04,5313223.0,160411793.0,41154099640.92
2022-11-30,000408,26.04,26.51,25.55,26.51,8978816.0,271653453.0,41896896370.23
2022-12-01,000408,26.35,26.51,25.98,26.01,8506453.0,258704270.0,41106687083.73
2022-12-02,000408,25.78,25.99,25.46,25.51,9115581.0,271360280.0,40316477797.23
2022-12-05,000408,25.52,25.81,25.11,25.28,9249726.0,272391855.0,39952981525.44
2022-12-06,000408,24.99,25.17,24.22,24.78,13294892.0,381144939.0,39162772238.94
2022-12-07,000408,24.74,25.18,24.11,24.24,16170461.0,460087977.0,38309346209.52
2022-12-08,000408,24.12,24.42,23.81,24.31,9302418.0,261419101.0,38419975509.63
2022-12-09,000408,24.2,24.79,24.04,24.28,12873872.0,363633635.0,38372562952.44
2022-12-12,000408,24.27,24.36,23.63,23.68,11323101.0,312660658.0,37424311808.64
2022-12-13,000408,23.68,23.9,23.13,23.25,9128286.0,248608812.0,36744731822.25
2022-12-14,000408,23.15,23.46,23.08,23.16,7711578.0,208303096.0,36602494150.68
2022-12-15,000408,23.13,23.27,22.73,22.99,8883466.0,236305107.0,36333822993.27
2022-12-16,000408,22.99,23.05,22.59,22.89,8915701.0,236002405.0,36175781135.97
2022-12-19,000408,22.77,23.41,22.38,22.55,12268560.0,325188664.0,35638438821.15
2022-12-20,000408,22.45,22.69,22.15,22.59,6802517.0,177299639.0,35701655564.07
2022-12-21,000408,22.57,22.72,22.18,22.27,5816823.0,151147114.0,35195921620.71
2022-12-22,000408,22.39,22.47,21.45,21.51,10397989.0,263273560.0,33994803505.230003
2022-12-23,000408,21.5,21.76,21.41,21.64,6151016.0,154271924.0,34200257919.72
2022-12-26,000408,21.64,22.45,21.64,22.38,7058679.0,181930057.0,35369767663.74
2022-12-27,000408,22.39,22.95,22.31,22.85,9040215.0,239073771.0,36112564393.05
2022-12-28,000408,22.71,22.95,22.5,22.64,7992287.0,210919043.0,35780676492.72
2022-12-29,000408,22.56,22.89,22.4,22.48,7368727.0,193768968.0,35527809521.04
2022-12-30,000408,22.69,22.82,22.34,22.37,7540450.0,197177561.0,35353963478.01
2023-01-03,000408,22.48,22.93,22.22,22.85,8522607.0,224186375.0,36112338178.05001
2023-01-04,000408,22.74,22.88,22.23,22.31,6643504.0,173342248.0,35258917494.630005
2023-01-05,000408,22.32,22.93,22.19,22.54,8494103.0,222724950.0,35622411489.420006
2023-01-06,000408,22.48,23.03,22.44,22.82,8659267.0,229689888.0,36064925917.86001
2023-01-09,000408,22.96,23.29,22.86,23.06,7451385.0,199596907.0,36444223999.380005
2023-01-10,000408,22.96,23.2,22.76,23.06,6274438.0,167664022.0,36444223999.380005
2023-01-11,000408,23.06,23.27,22.88,22.88,5226347.0,139746453.0,36159750438.240005
2023-01-12,000408,23.08,23.48,22.82,22.91,7431731.0,199041386.0,36207162698.43001
2023-01-13,000408,22.91,23.23,22.79,23.16,7310765.0,195792418.0,36602264866.68001
2023-01-16,000408,23.09,23.56,22.95,23.22,8094537.0,218602377.0,36697089387.060005
2023-01-17,000408,23.35,23.56,23.2,23.37,7080540.0,192262576.0,36934150688.01001
2023-01-18,000408,23.25,23.57,23.18,23.37,6897595.0,187456980.0,36934150688.01001
2023-01-19,000408,23.38,23.47,23.18,23.4,7635624.0,206761007.0,36981562948.200005
2023-01-20,000408,23.4,24.22,23.38,24.12,12406738.0,343697550.0,38119457192.76001
2023-01-30,000408,24.45,24.89,24.06,24.19,16485529.0,467194350.0,38230085799.87001
2023-01-31,000408,24.18,24.21,23.84,24.0,9816487.0,273487401.0,37929808152.00001
2023-02-01,000408,24.03,24.27,24.01,24.22,8850238.0,248139583.0,38277498060.060005
2023-02-02,000408,24.28,24.43,24.13,24.33,9697036.0,273393904.0,38451343014.090004
2023-02-03,000408,24.27,24.32,23.8,24.12,7547548.0,210649556.0,38119457192.76001
2023-02-06,000408,24.05,24.11,23.86,24.1,6681937.0,186087165.0,38087849019.30001
2023-02-07,000408,24.03,24.34,24.03,24.34,8008504.0,225063495.0,38467147100.82001
2023-02-08,000408,24.44,24.8,24.33,24.63,12840405.0,367193986.0,38925465615.990005
2023-02-09,000408,24.44,24.68,24.25,24.67,10968079.0,311218323.0,38988681962.91001
2023-02-10,000408,24.56,24.61,24.15,24.21,10494030.0,296781517.0,38261693973.33001
2023-02-13,000408,24.22,24.44,24.12,24.28,7688839.0,216353442.0,38372322580.44001
2023-02-14,000408,24.28,24.5,24.16,24.5,7262420.0,205326187.0,38720012488.50001
2023-02-15,000408,24.41,24.49,24.04,24.11,6858779.0,192792514.0,38103653106.03001
2023-02-16,000408,24.05,24.26,23.46,23.59,8075608.0,224374717.0,37281840596.07001
2023-02-17,000408,23.6,24.12,23.6,23.67,8197974.0,227120632.0,37408273289.91001
2023-02-20,000408,23.6,23.74,22.76,23.67,11311322.0,305582775.0,37408273289.91001
2023-02-21,000408,23.67,24.07,23.59,23.77,8943353.0,247321047.0,37566314157.21001
2023-02-22,000408,23.6,23.79,23.47,23.71,4496785.0,123560887.0,37471489636.83001
2023-02-23,000408,23.72,24.31,23.72,24.12,11952895.0,334144879.0,38119457192.76001
2023-02-24,000408,24.16,24.24,23.82,24.04,5041746.0,140402923.0,37993024498.920006
2023-02-27,000408,24.04,24.22,23.85,23.94,6319047.0,176202213.0,37834983631.62001
2023-02-28,000408,23.96,24.1,23.85,24.04,5778888.0,160817476.0,37993024498.920006
2023-03-01,000408,24.0,24.02,23.6,23.83,6011722.0,165921569.0,37661138677.590004
2023-03-02,000408,23.83,23.93,23.37,23.37,6700116.0,183274061.0,36934150688.01001
2023-03-03,000408,23.37,23.58,23.25,23.5,4609899.0,125483390.0,37139603815.50001
2023-03-06,000408,23.5,23.67,23.13,23.64,5037190.0,137073338.0,37360861029.72001
2023-03-07,000408,23.6,23.84,23.51,23.76,6551230.0,180311588.0,37550510070.48001
2023-03-08,000408,23.78,24.24,23.65,24.11,10582848.0,294862964.0,38103653106.03001
2023-03-09,000408,24.16,24.77,23.97,24.48,17564004.0,499195690.0,38688404315.04001
2023-03-10,000408,24.39,24.39,23.74,23.82,11941246.0,332209150.0,37645334590.86001
2023-03-13,000408,23.58,23.81,22.71,22.79,14622645.0,391724916.0,36017513657.670006
2023-03-14,000408,22.65,23.21,22.57,22.66,11496016.0,304956349.0,35812060530.18001
2023-03-15,000408,22.69,22.91,22.57,22.8,8749379.0,231238578.0,36033317744.40001
2023-03-16,000408,22.39,22.55,22.04,22.13,7456915.0,192833214.0,34974443933.490005
2023-03-17,000408,22.09,22.26,21.76,22.01,7829631.0,200141749.0,34784794892.73001
2023-03-20,000408,22.01,22.38,21.49,22.35,9099585.0,230759193.0,35322133841.55001
2023-03-21,000408,22.21,22.46,22.15,22.39,5502876.0,142871300.0,35385350188.47001
2023-03-22,000408,22.41,22.54,22.18,22.43,5481761.0,142364183.0,35448566535.39001
2023-03-23,000408,22.39,22.39,21.87,21.96,8032411.0,205460890.0,34705774459.08001
2023-03-24,000408,22.05,22.09,21.46,21.6,12096413.0,304626542.0,34136827336.800007
2023-03-27,000408,21.57,21.57,21.09,21.34,10208449.0,252164454.0,33725921081.820004
2023-03-28,000408,21.33,21.39,20.65,20.7,12643880.0,306558105.0,32714459531.100002
2023-03-29,000408,20.75,21.07,20.68,20.8,9392813.0,227393200.0,32872500398.400005
2023-03-30,000408,20.84,20.92,20.66,20.91,5712101.0,137993221.0,33046345352.430004
2023-03-31,000408,20.83,21.01,20.78,20.81,5033044.0,122045023.0,32888304485.13
2023-04-03,000408,20.79,21.14,20.65,20.98,9436943.0,229288532.0,33156973959.540005
2023-04-04,000408,20.93,20.93,20.7,20.7,5794765.0,139631294.0,32714459531.100002
2023-04-06,000408,21.08,21.08,20.67,20.72,5602401.0,135127610.0,32746067704.56
2023-04-07,000408,20.7,20.81,20.59,20.6,5977946.0,143512745.0,32556418663.800007
2023-04-10,000408,20.58,20.78,20.52,20.72,6112461.0,146769854.0,32746067704.56
2023-04-11,000408,20.72,20.98,20.46,20.88,8698964.0,210106282.0,32998933092.24
2023-04-12,000408,20.89,20.93,20.59,20.77,6366508.0,153319312.0,32825088138.210003
2023-04-13,000408,20.64,20.8,20.26,20.77,7747782.0,178136532.0,32825088138.210003
2023-04-14,000408,20.7,21.71,20.55,21.38,11832221.0,281058379.0,33789137428.74
2023-04-17,000408,21.43,21.44,21.08,21.35,6421966.0,152278774.0,33741725168.550007
2023-04-18,000408,21.66,22.32,21.54,21.67,14261720.0,348456293.0,34247455943.910007
2023-04-19,000408,21.68,21.75,21.2,21.23,8271507.0,196592262.0,33552076127.790005
2023-04-20,000408,21.26,21.26,20.5,20.62,8689053.0,200137701.0,32588026837.260006
2023-04-21,000408,20.52,20.74,20.02,20.14,6202908.0,140870182.0,31829430674.220005
2023-04-24,000408,20.16,21.44,19.74,20.65,10531746.0,243165760.0,32635439097.450005
2023-04-25,000408,20.62,20.62,19.55,19.7,9316010.0,206515611.0,31134050858.100002
2023-04-26,000408,19.56,20.61,19.44,20.26,7989222.0,180167470.0,32019079714.980007
2023-04-27,000408,20.29,20.5,20.03,20.4,5579281.0,126075704.0,32240336929.2
2023-04-28,000408,20.38,20.78,20.25,20.52,7001204.0,160020638.0,32429985969.960003
2023-05-04,000408,20.59,21.05,20.27,20.44,7466760.0,171198244.0,32303553276.120007
2023-05-05,000408,20.36,20.37,20.09,20.25,4225036.0,95153489.0,32003275628.250004
2023-05-08,000408,20.33,20.59,20.16,20.39,5561143.0,126333190.0,32224532842.470005
2023-05-09,000408,20.49,20.81,20.07,20.34,6527565.0,148283786.0,32145512408.820004
2023-05-10,000408,20.41,21.03,20.28,20.76,9808546.0,226416435.0,32809284051.480007
2023-05-11,000408,20.85,20.92,20.55,20.76,5209591.0,120523537.0,32809284051.480007
2023-05-12,000408,20.97,21.08,20.51,20.54,6624456.0,152729545.0,32461594143.420002
2023-05-15,000408,20.61,22.1,20.6,21.99,20872971.0,500260975.0,34753186719.270004
2023-05-16,000408,21.78,21.8,21.26,21.38,10395583.0,248816417.0,33789137428.74
2023-05-17,000408,21.35,21.36,21.02,21.15,6538278.0,154137440.0,33425643433.950005
2023-05-18,000408,21.19,21.32,20.84,21.02,5787359.0,135523531.0,33220190306.460003
2023-05-19,000408,21.03,21.18,20.77,21.08,7278396.0,170880727.0,33315014826.840004
2023-05-22,000408,20.97,21.12,20.74,21.02,5795525.0,135159521.0,33220190306.460003
2023-05-23,000408,21.0,21.5,20.93,21.08,6173074.0,146112684.0,33315014826.840004
2023-05-24,000408,21.03,21.33,21.03,21.08,5060600.0,119482362.0,33315014826.840004
2023-05-25,000408,20.93,21.0,20.45,20.48,8161592.0,188227830.0,32366769623.040005
2023-05-26,000408,20.46,20.55,20.06,20.54,5380983.0,121418429.0,32461594143.420002
2023-05-29,000408,20.51,20.69,20.2,20.33,4254443.0,96496745.0,32129708322.090004
2023-05-30,000408,20.29,20.46,20.09,20.36,3534136.0,79890557.0,32177120582.280003
2023-05-31,000408,20.37,20.61,20.12,20.61,5392428.0,122439187.0,32572222750.530003
2023-06-01,000408,20.43,21.3,20.42,20.65,6115557.0,142333808.0,32635439097.450005
2023-06-02,000408,20.05,21.41,20.05,21.37,13736209.0,323946908.0,33773333342.010006
2023-06-05,000408,21.58,21.74,21.1,21.35,9982955.0,238073412.0,33741725168.550007
2023-06-06,000408,21.38,21.43,21.02,21.2,5981893.0,141150535.0,33504663867.600002
2023-06-07,000408,21.17,21.3,20.97,21.17,5390038.0,126760441.0,33457251607.410007
2023-06-08,000408,21.14,21.64,21.08,21.29,6581688.0,156617642.0,33646900648.170002
2023-06-09,000408,21.21,21.56,21.12,21.51,7028062.0,167292284.0,33994590556.230007
2023-06-12,000408,21.42,21.57,21.21,21.41,5664900.0,135400234.0,33836549688.930004
2023-06-13,000408,21.4,21.44,20.95,21.06,7113054.0,167164892.0,33283406653.380005
2023-06-14,000408,21.26,21.32,20.77,20.84,6049181.0,141601276.0,32935716745.320004
2023-06-15,000408,20.81,21.2,20.6,21.11,6997241.0,163265036.0,33362427087.030003
2023-06-16,000408,21.11,21.25,20.91,21.05,6730196.0,158033226.0,33267602566.650005
2023-06-19,000408,21.08,21.22,20.63,20.68,6645259.0,154673352.0,32682851357.640003
2023-06-20,000408,20.76,20.85,20.42,20.47,4851700.0,111367133.0,32350965536.31
2023-06-21,000408,20.36,20.79,20.36,20.46,5562384.0,127386379.0,32335161449.580006
2023-06-26,000408,20.33,20.47,19.98,20.03,7150682.0,161003408.0,31655585720.190006
2023-06-27,000408,20.06,20.4,19.85,20.23,5990583.0,134534694.0,31971667454.790005
2023-06-28,000408,20.18,20.2,19.84,20.06,6473324.0,144196735.0,31702997980.38
2023-06-29,000408,20.0,20.0,19.71,19.73,8115945.0,178713808.0,31181463118.290005
2023-06-30,000408,19.73,20.54,19.7,20.25,8895208.0,199835663.0,32003476103.25
2023-07-03,000408,20.26,20.68,20.25,20.64,7143941.0,163487225.0,32619839346.72
2023-07-04,000408,20.77,20.77,20.5,20.55,4355332.0,99895375.0,32477601675.15
2023-07-05,000408,20.55,20.79,20.46,20.74,5388901.0,124169462.0,32777881204.019997
2023-07-06,000408,20.77,20.77,20.45,20.53,4186603.0,95981668.0,32445993303.690002
2023-07-07,000408,20.46,20.57,20.16,20.46,5587866.0,126842320.0,32335364003.58
2023-07-10,000408,20.52,21.03,20.51,20.69,6078817.0,140949010.0,32698860275.370003
2023-07-11,000408,20.67,20.71,20.43,20.64,3243829.0,74473944.0,32619839346.72
2023-07-12,000408,20.58,20.85,20.49,20.66,5228019.0,120642782.0,32651447718.18
2023-07-13,000408,20.79,21.02,20.67,20.72,4891652.0,113374792.0,32746272832.559998
2023-07-14,000408,20.72,20.79,20.56,20.57,4098911.0,94346834.0,32509210046.61
2023-07-17,000408,20.54,20.65,20.43,20.62,3968492.0,90952503.0,32588230975.260002
2023-07-18,000408,20.69,20.94,20.54,20.84,4869749.0,113029996.0,32935923061.32
2023-07-19,000408,20.84,21.01,20.76,20.98,5423300.0,126461424.0,33157181661.54
2023-07-20,000408,20.98,21.67,20.94,21.36,11834356.0,282645392.0,33757740719.28
2023-07-21,000408,21.19,21.36,20.84,21.21,7917150.0,186432967.0,33520677933.33
2023-07-24,000408,21.2,21.2,20.33,20.38,9517835.0,218295519.0,32208930517.739998
2023-07-25,000408,22.42,22.42,21.17,21.17,27109966.0,658197022.0,33457461190.410004
2023-07-26,000408,21.68,21.81,21.31,21.35,14618385.0,350404320.0,33741936533.550003
2023-07-27,000408,21.31,21.39,20.96,20.97,8599410.0,202751693.0,33141377475.809998
2023-07-28,000408,20.88,21.89,20.77,21.79,17063896.0,409419913.0,34437320705.67
2023-07-31,000408,21.8,22.11,21.51,21.58,13071247.0,316186234.0,34105432805.339996
2023-08-01,000408,21.62,21.64,21.29,21.33,9654560.0,230695077.0,33710328162.089996
2023-08-02,000408,21.34,21.38,21.1,21.18,5727948.0,135497293.0,33473265376.14
2023-08-03,000408,21.18,21.37,21.01,21.28,4893667.0,115724814.0,33631307233.440002
2023-08-04,000408,21.39,22.12,21.34,21.99,18510454.0,450435757.0,34753404420.27
2023-08-07,000408,22.02,22.19,21.71,21.86,9049937.0,221043523.0,34547950005.78
2023-08-08,000408,21.9,22.02,21.71,21.86,6148128.0,149710959.0,34547950005.78
2023-08-09,000408,21.8,21.91,21.72,21.8,4055781.0,98661671.0,34453124891.4
2023-08-10,000408,21.84,21.92,21.7,21.75,4634878.0,112576396.0,34374103962.75
2023-08-11,000408,21.79,21.83,21.52,21.53,6200056.0,149676012.0,34026411876.690002
2023-08-14,000408,21.1,21.59,20.95,21.53,7929405.0,189007062.0,34026411876.690002
2023-08-15,000408,21.46,21.63,21.12,21.53,6862403.0,164098187.0,34026411876.690002
2023-08-16,000408,21.39,21.64,21.3,21.53,4791555.0,115007873.0,34026411876.690002
2023-08-17,000408,21.37,21.56,21.31,21.55,9224452.0,220728833.0,34058020248.15
2023-08-18,000408,21.42,21.58,21.12,21.12,5513561.0,131284563.0,33378440261.760002
2023-08-21,000408,21.08,21.25,20.91,20.91,3670860.0,86132184.0,33046552361.43
2023-08-22,000408,20.95,21.12,20.7,20.94,4721594.0,110121648.0,33093964918.620003
2023-08-23,000408,20.93,20.98,20.51,20.59,5278034.0,121720807.0,32540818418.07
2023-08-24,000408,20.61,21.11,20.36,20.92,6348537.0,141690940.0,33062356547.160004
2023-08-25,000408,20.92,21.27,20.53,20.65,5113400.0,115275862.0,32635643532.449997
2023-08-28,000408,21.55,21.56,20.72,20.79,9195725.0,209637987.0,32856902132.67
2023-08-29,000408,20.77,21.2,20.59,21.03,5308585.0,119808038.0,33236202590.190002
2023-08-30,000408,21.05,21.28,20.97,21.01,3187385.0,72430296.0,33204594218.730003
2023-08-31,000408,20.96,21.06,20.73,20.88,4274880.0,95907244.0,32999139804.239998
2023-09-01,000408,20.94,21.09,20.76,21.02,2838054.0,64057593.0,33220398404.46
2023-09-04,000408,21.06,22.69,21.02,22.49,17296125.0,411366913.0,35543613706.77
2023-09-05,000408,22.39,22.7,22.31,22.57,8028825.0,194981641.0,35670047192.61
2023-09-06,000408,22.75,22.78,22.19,22.27,5112100.0,123069360.0,35195921620.71
2023-09-07,000408,22.24,22.3,21.99,22.01,4013870.0,95526366.0,34785012791.73
2023-09-08,000408,21.89,22.06,21.78,21.84,3538183.0,83291900.0,34516341634.32
2023-09-11,000408,22.03,22.06,21.77,21.77,4978164.0,117190869.0,34405712334.21
2023-09-12,000408,21.82,22.47,21.72,22.0,8420782.0,200712791.0,34769208606.0
2023-09-13,000408,22.09,22.25,21.94,22.06,4006682.0,95218274.0,34864033720.38
2023-09-14,000408,21.96,22.21,21.96,22.11,3600641.0,85520983.0,34943054649.03
2023-09-15,000408,22.17,22.23,21.84,21.93,4429500.0,104967537.0,34658579305.89
2023-09-18,000408,21.86,22.21,21.68,21.88,4315800.0,102128396.0,34579558377.24
2023-09-19,000408,21.88,21.95,21.7,21.91,4424663.0,103877339.0,34626970934.43
2023-09-20,000408,21.84,21.88,21.74,21.81,2294458.0,53839448.0,34468929077.13
2023-09-21,000408,21.73,21.8,21.49,21.61,4035814.0,93991485.0,34152845362.53
2023-09-22,000408,21.57,21.83,21.39,21.69,3932383.0,91349022.0,34279278848.370003
2023-09-25,000408,21.64,22.04,21.54,21.85,6189223.0,145292835.0,34532145820.05
2023-09-26,000408,21.88,21.96,20.91,20.93,10069900.0,230086630.0,33078160732.89
2023-09-27,000408,20.85,21.39,20.79,21.29,6124143.0,139287925.0,33647111419.17
2023-09-28,000408,21.27,21.55,21.18,21.2,3253898.0,74559569.0,33504873747.6
2023-10-09,000408,21.12,21.12,20.81,20.97,4292937.0,96784143.0,33141377475.809998
2023-10-10,000408,20.97,21.42,20.86,20.97,5436939.0,123347696.0,33141377475.809998
2023-10-11,000408,21.06,21.09,20.61,20.66,6251683.0,139888661.0,32651447718.18
2023-10-12,000408,20.75,21.31,20.75,21.2,10242168.0,232170478.0,33504873747.6
2023-10-13,000408,21.09,21.09,20.7,20.83,5684354.0,127524988.0,32920118875.589996
2023-10-16,000408,20.84,20.95,20.51,20.61,6694951.0,148526568.0,32572426789.53
2023-10-17,000408,20.61,20.81,20.41,20.52,5467860.0,121117123.0,32430189117.96
2023-10-18,000408,20.52,20.52,20.14,20.29,3932667.0,85807435.0,32066692846.17
2023-10-19,000408,20.1,20.13,19.42,19.44,7381400.0,156632141.0,30723337059.120003
2023-10-20,000408,19.48,20.5,19.45,20.05,9353993.0,201317683.0,31687392388.65
2023-10-23,000408,20.05,20.15,19.62,20.05,6179220.0,131854760.0,31687392388.65
2023-10-24,000408,20.05,20.47,19.92,20.27,5530850.0,120563995.0,32035084474.71
2023-10-25,000408,20.45,20.53,20.07,20.17,7139970.0,155650106.0,31877042617.410004
2023-10-26,000408,20.03,20.51,19.86,20.42,4873523.0,105879112.0,32272147260.660004
2023-10-27,000408,20.3,20.93,20.25,20.67,7710065.0,172105479.0,32667251903.910004
2023-10-30,000408,20.53,20.92,20.5,20.83,4689312.0,104965342.0,32920118875.589996
2023-10-31,000408,20.72,20.89,20.65,20.8,3633477.0,81284508.0,32872706318.4
2023-11-01,000408,20.82,20.89,20.67,20.72,3649482.0,81574260.0,32746272832.559998
2023-11-02,000408,20.75,20.86,20.49,20.59,3735518.0,82955415.0,32540818418.07
2023-11-03,000408,20.61,20.81,20.58,20.62,3944739.0,87719391.0,32588230975.260002
2023-11-06,000408,20.73,20.98,20.64,20.91,5436648.0,121851782.0,33046552361.43
2023-11-07,000408,20.83,21.13,20.68,21.01,5478031.0,123309663.0,33204594218.730003
2023-11-08,000408,20.94,21.23,20.79,20.9,5376666.0,121417773.0,33030748175.699997
2023-11-09,000408,20.92,21.17,20.84,21.11,5162838.0,116635727.0,33362636076.03
2023-11-10,000408,21.17,21.79,20.97,21.63,10631531.0,245651094.0,34184453733.989998
2023-11-13,000408,21.63,22.51,21.52,22.31,12329955.0,293352126.0,35259138363.63
2023-11-14,000408,22.29,22.76,22.2,22.42,9635444.0,232504339.0,35432984406.66
2023-11-15,000408,22.83,23.31,22.57,22.76,15694813.0,387244150.0,35970326721.48
2023-11-16,000408,22.87,23.02,22.64,22.91,7094559.0,174359403.0,36207389507.43
2023-11-17,000408,22.87,23.18,22.74,22.94,6141191.0,151630306.0,36254802064.62
2023-11-20,000408,22.94,23.21,22.76,22.76,7125448.0,175829800.0,35970326721.48
2023-11-21,000408,22.91,22.91,22.64,22.76,7630591.0,186990617.0,35970326721.48
2023-11-22,000408,22.78,22.78,22.36,22.37,6446121.0,156548943.0,35353963478.01
2023-11-23,000408,22.3,22.7,22.16,22.68,7604031.0,183887857.0,35843893235.64
2023-11-24,000408,22.6,22.84,22.46,22.59,5199597.0,126430061.0,35701655564.07
2023-11-27,000408,22.66,22.66,22.3,22.37,5629800.0,135798012.0,35353963478.01
2023-11-28,000408,22.26,22.5,22.07,22.45,6179003.0,148157252.0,35480396963.85
2023-11-29,000408,22.31,22.62,22.06,22.28,8590033.0,206504655.0,35211725806.44
2023-11-30,000408,22.11,22.43,22.11,22.23,5172918.0,123979629.0,35132704877.79
2023-12-01,000408,22.2,22.51,21.98,22.2,7788110.0,186018329.0,35085292320.6
2023-12-04,000408,22.22,22.56,22.19,22.36,7824880.0,188710437.0,35338159292.28
2023-12-05,000408,22.19,22.5,21.93,21.93,9577428.0,229060960.0,34658579305.89
2023-12-06,000408,21.86,22.82,21.86,22.24,17970281.0,434284404.0,35148509063.52
2023-12-07,000408,22.11,22.45,21.84,22.31,9386718.0,223904888.0,35259138363.63
2023-12-08,000408,22.49,22.58,22.07,22.35,10472014.0,251892724.0,35322355106.55
2023-12-11,000408,22.27,22.64,22.05,22.58,8668978.0,209060338.0,35685851378.34
2023-12-12,000408,22.56,22.63,22.3,22.38,6954062.0,168030176.0,35369767663.74
2023-12-13,000408,22.33,22.46,22.11,22.24,5676008.0,136183672.0,35148509063.52
2023-12-14,000408,22.37,22.63,22.27,22.39,6242527.0,150912479.0,35385571849.47
2023-12-15,000408,22.49,22.84,22.26,22.32,9072803.0,219998600.0,35274942549.36
2023-12-18,000408,22.19,22.46,22.09,22.32,5043063.0,120961427.0,35274942549.36
2023-12-19,000408,22.28,22.6,22.2,22.57,5179719.0,124980194.0,35670047192.61
2023-12-20,000408,22.63,22.78,22.41,22.44,7265417.0,176888888.0,35464592778.12
2023-12-21,000408,22.31,22.73,22.29,22.63,6555201.0,158947113.0,35764872306.99
2023-12-22,000408,22.63,23.09,22.3,22.81,9459923.0,231198798.0,36049347650.13
2023-12-25,000408,22.76,23.0,22.68,22.99,4353300.0,107053368.0,36333822993.27
2023-12-26,000408,22.98,23.29,22.92,23.16,6426983.0,159928898.0,36602494150.68
2023-12-27,000408,23.18,23.22,22.76,22.91,6422338.0,158142173.0,36207389507.43
2023-12-28,000408,23.22,23.54,23.0,23.5,9833281.0,247219062.0,37139836465.5
2023-12-29,000408,23.42,23.68,23.34,23.55,7709804.0,195201313.0,37218857394.15
2024-01-02,000408,23.6,24.4,23.56,24.11,11185250.0,290458059.0,38103891795.03
2024-01-03,000408,24.03,24.36,23.88,24.32,6582670.0,171581010.0,38435779695.36
2024-01-04,000408,24.41,25.09,24.34,25.04,15819863.0,422943635.0,39573681067.92
2024-01-05,000408,25.09,25.46,24.68,24.8,13419192.0,362310245.0,39194380610.4
2024-01-08,000408,24.89,25.32,24.77,24.87,12009253.0,322915081.0,39305009910.51
2024-01-09,000408,24.86,25.13,24.53,24.99,16616694.0,444590460.0,39494660139.27
2024-01-10,000408,24.9,25.2,24.85,25.0,8047628.0,216677175.0,39510464325.0
2024-01-11,000408,25.0,25.38,24.82,25.1,11269498.0,304210660.0,39668506182.3
2024-01-12,000408,25.12,25.53,25.04,25.46,11042519.0,301890944.0,40237456868.58
2024-01-15,000408,25.46,25.63,24.75,24.78,12515075.0,338027852.0,39162772238.94
2024-01-16,000408,24.98,24.99,24.4,24.86,10805950.0,287238284.0,39289205724.78
2024-01-17,000408,24.95,24.98,24.28,24.35,6417217.0,170137854.0,38483192252.55
2024-01-18,000408,24.23,24.47,23.6,24.41,16255440.0,418661393.0,38578017366.93
2024-01-19,000408,24.41,24.86,24.16,24.26,10220023.0,268500362.0,38340954580.98
2024-01-22,000408,24.15,24.3,23.22,23.42,10417883.0,266860194.0,37013402979.66
2024-01-23,000408,23.42,23.88,23.03,23.78,9222006.0,234154526.0,37582353665.94
2024-01-24,000408,23.88,24.11,23.24,23.88,8287180.0,211962109.0,37740395523.24
2024-01-25,000408,24.01,24.64,23.72,24.38,12961973.0,339451116.0,38530604809.74
2024-01-26,000408,24.23,24.96,24.19,24.77,12794570.0,338796845.0,39146968053.21
2024-01-29,000408,24.69,24.79,23.71,23.78,11042538.0,286888502.0,37582353665.94
2024-01-30,000408,23.55,23.95,23.39,23.51,6731479.0,171670634.0,37155640651.23
2024-01-31,000408,23.37,23.55,22.96,23.02,8913489.0,222154974.0,36381235550.46
2024-02-01,000408,22.73,23.16,22.5,22.82,7846727.0,193026929.0,36065151835.86
2024-02-02,000408,22.82,23.14,21.74,22.35,11444305.0,277395142.0,35322355106.55
2024-02-05,000408,22.17,22.74,21.43,22.19,13059726.0,311204638.0,35069488134.87
2024-02-06,000408,21.99,23.77,21.88,23.57,14196416.0,354711648.0,37250465765.61
2024-02-07,000408,23.57,24.53,23.48,24.5,12738546.0,332946316.0,38720255038.5
2024-02-08,000408,24.58,24.83,23.99,24.25,13522052.0,355053893.0,38325150395.25
2024-02-19,000408,24.39,24.71,24.0,24.54,12061600.0,316996507.0,38783471781.42
2024-02-20,000408,24.39,24.73,24.3,24.6,8414965.0,222168742.0,38878296895.8
2024-02-21,000408,24.62,24.93,24.39,24.55,9225991.0,245054940.0,38799275967.15
2024-02-22,000408,24.46,25.07,24.39,25.03,9813187.0,260921798.0,39557876882.19
2024-02-23,000408,25.04,25.91,24.99,25.74,15163189.0,416929271.0,40679974069.02
2024-02-26,000408,25.93,26.95,25.78,25.86,15031904.0,425429079.0,40869624297.78
2024-02-27,000408,25.84,26.02,25.47,25.81,9359749.0,258712984.0,40790603369.13
2024-02-28,000408,25.92,26.19,25.44,25.52,9673959.0,268729058.0,40332281982.96
2024-02-29,000408,25.55,27.22,25.52,27.22,21517673.0,613089752.0,43018993557.06
2024-03-01,000408,27.21,28.32,27.09,27.35,20070098.0,597803831.0,43224447971.55
2024-03-04,000408,27.36,28.23,27.36,27.57,16643158.0,498033606.0,43572140057.61
2024-03-05,000408,27.68,27.69,26.93,27.16,14010917.0,408883168.0,42924168442.68
2024-03-06,000408,26.98,27.76,26.7,27.34,10684808.0,313263746.0,43208643785.82
2024-03-07,000408,27.51,28.07,27.38,27.5,12933009.0,386577799.0,43461510757.5
2024-03-08,000408,27.58,28.14,27.5,27.78,11369010.0,339453340.0,43904027957.94
2024-03-11,000408,27.59,27.78,27.09,27.59,15422676.0,456268853.0,43603748429.07
2024-03-12,000408,27.41,27.63,26.8,26.95,14370946.0,418888472.0,42592280542.35
2024-03-13,000408,26.96,27.16,26.69,26.85,9808381.0,283450977.0,42434238685.05
2024-03-14,000408,27.88,28.88,27.44,27.55,24777948.0,752210454.0,43540531686.15
2024-03-15,000408,27.55,29.24,27.38,29.23,29444444.0,903470356.0,46195634888.79
2024-03-18,000408,29.09,29.42,28.67,29.25,18240144.0,571771303.0,46227243260.25
2024-03-19,000408,29.25,29.84,29.01,29.2,13508367.0,427980658.0,46148222331.6
2024-03-20,000408,28.9,29.25,28.53,28.95,10758925.0,335888516.0,45753117688.35
2024-03-21,000408,28.67,29.1,27.66,28.47,18458717.0,562276199.0,44994516773.31
2024-03-22,000408,28.24,28.51,26.81,26.96,19011228.0,559785371.0,42608084728.08
2024-03-25,000408,26.86,28.01,26.86,27.61,16068393.0,477465224.0,43635356800.53
2024-03-26,000408,27.61,27.77,27.15,27.55,8113725.0,239613650.0,43540531686.15
2024-03-27,000408,27.6,28.2,27.38,27.75,11933955.0,357989632.0,43856615400.75
2024-03-28,000408,27.81,28.23,27.44,27.64,11273207.0,337172475.0,43682769357.72
2024-03-29,000408,27.69,29.5,27.69,29.3,21935124.0,681933240.0,46306264188.9
2024-04-01,000408,28.99,29.67,28.9,29.45,16354860.0,515484172.0,46543326974.85
2024-04-02,000408,29.45,29.98,29.33,29.58,11233833.0,358653973.0,46748781389.34
2024-04-03,000408,29.71,31.29,29.58,31.0,24687701.0,813511753.0,48992975763.0
2024-04-08,000408,31.13,31.67,30.74,30.92,18594294.0,626057143.0,48866542277.16
2024-04-09,000408,30.69,30.84,30.03,30.11,12272898.0,400888132.0,47586403233.03
2024-04-10,000408,30.16,30.72,29.74,30.21,12158178.0,395195412.0,47744445090.33
2024-04-11,000408,28.89,30.33,28.89,29.47,19322419.0,616259301.0,46574935346.31
2024-04-12,000408,29.54,30.19,29.3,29.81,9338369.0,299115349.0,47112277661.13
2024-04-15,000408,29.62,30.25,29.45,30.06,9408445.0,302558694.0,47507382304.38
2024-04-16,000408,28.8,29.21,27.06,27.06,53192665.0,1591721634.0,42766126585.38
2024-04-17,000408,26.88,27.5,26.46,26.85,27322984.0,791899401.0,42434238685.05
2024-04-18,000408,27.1,28.38,26.91,28.25,22620085.0,677617477.0,44646824687.25
2024-04-19,000408,28.72,29.68,28.53,29.37,18817691.0,578530193.0,46416893489.01
2024-04-22,000408,29.27,29.52,28.16,28.32,14644435.0,441871616.0,44757453987.36
2024-04-23,000408,28.19,28.26,26.77,26.85,16764398.0,476960175.0,42434238685.05
2024-04-24,000408,26.75,26.96,26.6,26.83,9842119.0,275692701.0,42402630313.59
2024-04-25,000408,26.81,27.58,26.69,27.09,8876745.0,252879381.0,42813539142.57
2024-04-26,000408,27.1,27.38,26.91,27.23,9893815.0,281482409.0,43034797742.79
2024-04-29,000408,27.28,27.62,26.81,27.31,12272027.0,349738103.0,43161231228.63
2024-04-30,000408,27.34,28.05,26.93,27.52,12993233.0,376702780.0,43493119128.96
2024-05-06,000408,27.66,27.79,26.62,27.52,15359798.0,436790223.0,43493119128.96
2024-05-07,000408,27.5,27.91,27.28,27.43,11574774.0,334553895.0,43350881457.39
2024-05-08,000408,27.41,27.41,26.93,26.95,6736394.0,191268513.0,42592280542.35
2024-05-09,000408,26.91,27.66,26.91,27.33,9394400.0,268396495.0,43192839600.09
2024-05-10,000408,27.31,27.67,26.74,26.9,12098115.0,341602672.0,42513259613.7
2024-05-13,000408,26.76,26.91,26.28,26.82,9821661.0,274584273.0,42386826127.86
2024-05-14,000408,27.05,27.65,26.97,27.35,12188495.0,349727086.0,43224447971.55
2024-05-15,000408,27.3,27.47,26.8,27.23,7946784.0,226057924.0,43034797742.79
2024-05-16,000408,27.76,28.04,27.19,27.22,12360801.0,358509360.0,43018993557.06
2024-05-17,000408,27.19,27.34,26.67,27.06,8476158.0,239009055.0,42766126585.38
2024-05-20,000408,27.84,28.42,27.58,27.92,18172607.0,533131502.0,44125286558.16
2024-05-21,000408,27.92,27.97,27.2,27.4,10952932.0,315119851.0,43303468900.2
2024-05-22,000408,27.27,27.39,25.76,25.86,26008439.0,717086183.0,40869624297.78
2024-05-23,000408,25.51,25.51,25.04,25.15,17080521.0,452439293.0,39747527110.95
2024-05-24,000408,25.31,25.81,25.2,25.59,8764111.0,234903816.0,40442911283.07
2024-05-27,000408,25.62,25.92,25.4,25.62,8673169.0,232870067.0,40490323840.26
2024-05-28,000408,25.83,25.9,25.38,25.44,7069600.0,190352064.0,40205848497.12
2024-05-29,000408,25.37,26.07,25.36,25.84,8957262.0,241979590.0,40838015926.32
2024-05-30,000408,25.69,26.0,25.24,25.27,7018295.0,187754844.0,39937177339.71
2024-05-31,000408,25.19,25.24,24.85,24.89,11898206.0,312014399.0,39336618281.97
2024-06-03,000408,24.89,24.98,24.52,24.79,8867966.0,230207039.0,39178576424.67
2024-06-04,000408,24.84,25.1,24.64,24.9,7130903.0,185974571.0,39352422467.7
2024-06-05,000408,24.68,24.68,24.23,24.28,10857680.0,277484579.0,38372562952.44
2024-06-06,000408,24.43,24.85,24.33,24.44,10106051.0,259980875.0,38625429924.12
2024-06-07,000408,24.7,24.88,24.36,24.48,7527297.0,193831951.0,38688646667.04
2024-06-11,000408,24.36,24.43,24.03,24.16,6357195.0,161124424.0,38182912723.68
2024-06-12,000408,24.05,24.36,23.95,24.16,7285280.0,184176295.0,38182912723.68
2024-06-13,000408,24.19,24.21,23.71,23.8,5856733.0,146660325.0,37613962037.4
2024-06-14,000408,23.81,24.42,23.81,24.15,9182966.0,233033962.0,38167108537.95
2024-06-17,000408,24.09,24.22,23.74,24.03,6001800.0,150724020.0,37977458309.19
2024-06-18,000408,24.0,24.22,23.85,23.95,4246399.0,106781832.0,37851024823.35
2024-06-19,000408,24.03,24.26,23.83,23.87,5377230.0,135368910.0,37724591337.51
2024-06-20,000408,23.99,24.3,23.78,23.8,7851605.0,198060301.0,37613962037.4
2024-06-21,000408,23.78,24.02,23.41,23.6,9715582.0,240674562.0,37297878322.8
2024-06-24,000408,23.4,23.64,23.23,23.4,6607300.0,162075324.0,36981794608.2
2024-06-25,000408,23.29,23.57,22.97,23.08,8237273.0,199434522.0,36476060664.84
2024-06-26,000408,23.08,23.5,22.57,23.47,9618585.0,232484597.0,37092423908.31
2024-06-27,000408,23.36,23.49,22.84,22.95,7430399.0,179277176.0,36270606250.35
2024-06-28,000408,22.92,23.05,22.69,22.97,8205649.0,197208055.0,36302214621.81
2024-07-01,000408,23.52,25.07,23.5,25.03,24224686.0,616534666.0,39557876882.19
2024-07-02,000408,24.81,24.9,23.68,23.91,19890609.0,502199710.0,37787808080.43
2024-07-03,000408,23.81,24.02,23.05,23.38,15036266.0,367735612.0,36950186236.74
2024-07-04,000408,23.84,24.38,23.83,23.96,15334866.0,386127996.0,37866829009.08
2024-07-05,000408,24.0,24.44,23.66,24.38,10999146.0,277906619.0,38530604809.74
2024-07-08,000408,24.4,24.83,23.99,24.13,13238076.0,339431989.0,38135500166.49
2024-07-09,000408,24.16,24.17,23.37,23.96,13195286.0,328660933.0,37866829009.08
2024-07-10,000408,23.85,24.29,23.35,23.35,13576937.0,339813271.0,36902773679.55
2024-07-11,000408,23.57,24.33,23.28,24.19,14822902.0,371348060.0,38230325280.87
2024-07-12,000408,24.02,24.18,23.42,23.52,13593012.0,336496349.0,37171444836.96
2024-07-15,000408,23.47,23.74,23.31,23.61,7554400.0,186753450.0,37313682508.53
2024-07-16,000408,23.44,23.66,23.19,23.39,7709617.0,188774560.0,36965990422.47
2024-07-17,000408,23.47,23.51,22.57,22.58,11798952.0,281686006.0,35685851378.34
2024-07-18,000408,22.52,22.91,22.21,22.89,8041435.0,190140156.0,36175781135.97
2024-07-19,000408,22.47,22.72,21.98,22.64,9033589.0,211802576.0,35780676492.72
2024-07-22,000408,22.57,22.82,22.09,22.22,9105344.0,212771590.0,35116900692.06
2024-07-23,000408,22.28,22.28,21.3,21.3,10103902.0,229228101.0,33662915604.9
2024-07-24,000408,21.31,21.41,20.7,20.92,9145366.0,200994388.0,33062356547.160004
2024-07-25,000408,20.66,21.03,20.42,20.92,10054757.0,217772479.0,33062356547.160004
2024-07-26,000408,20.99,21.84,20.99,21.57,11875991.0,268015792.0,34089628619.61
2024-07-29,000408,21.88,22.06,21.38,21.53,9016060.0,204256557.0,34026411876.690002
2024-07-30,000408,21.39,21.6,21.13,21.52,6130417.0,137105828.0,34010607690.96
2024-07-31,000408,21.56,21.94,21.35,21.94,9771692.0,222562427.0,34674383491.62
2024-08-01,000408,22.13,22.59,21.78,21.83,11314666.0,262204101.0,34500537448.59
2024-08-02,000408,21.56,21.97,21.5,21.76,6822619.0,155331060.0,34389908148.48
2024-08-05,000408,21.55,21.91,20.9,21.09,10826613.0,241410568.0,33331027704.57
2024-08-06,000408,21.2,21.25,20.96,21.12,7136426.0,157675569.0,33378440261.760002
2024-08-07,000408,21.11,21.12,20.82,21.07,3879276.0,85425059.0,33299419333.11
2024-08-08,000408,20.97,21.25,20.89,21.08,5549194.0,122424965.0,33315223518.839996
2024-08-09,000408,21.25,21.39,21.01,21.12,6402702.0,141991355.0,33378440261.760002
2024-08-12,000408,21.47,21.64,21.06,21.45,8663340.0,194277062.0,33899978390.85
2024-08-13,000408,21.55,22.0,21.5,21.73,7471883.0,170350052.0,34342495591.29
2024-08-14,000408,21.75,21.89,21.41,21.41,4737819.0,107155416.0,33836761647.93
2024-08-15,000408,21.43,21.62,21.24,21.56,4490208.0,101047242.0,34073824433.879997
2024-08-16,000408,21.65,22.06,21.57,21.69,7589457.0,173461000.0,34279278848.370003
2024-08-19,000408,21.72,22.18,21.67,21.96,8216400.0,189431172.0,34705991863.08
2024-08-20,000408,22.02,22.05,21.31,21.48,6568400.0,149149674.0,33947390948.04
2024-08-21,000408,21.37,21.8,21.27,21.64,5441376.0,123203890.0,34200257919.72
2024-08-22,000408,21.94,21.94,21.48,21.59,5283200.0,120010650.0,34121236991.07
2024-08-23,000408,21.5,21.71,21.44,21.67,3731155.0,84375536.0,34247670476.910004
2024-08-26,000408,21.73,22.61,21.73,22.47,10385079.0,242090044.0,35512005335.31
2024-08-27,000408,22.36,22.95,22.33,22.6,6575702.0,156013571.0,35717459749.8
2024-08-28,000408,22.5,22.86,22.35,22.77,6819471.0,161860079.0,35986130907.21
2024-08-29,000408,22.68,22.85,22.44,22.7,5850500.0,138833799.0,35875501607.1
2024-08-30,000408,22.9,23.23,22.37,22.96,8511487.0,204371045.0,36286410436.08
2024-09-02,000408,22.9,23.42,22.86,22.89,8444520.0,204357194.0,36175781135.97
2024-09-03,000408,22.8,23.4,22.8,22.98,6548900.0,158179093.0,36318018807.54
2024-09-04,000408,22.74,22.88,22.4,22.62,8179514.0,194163758.0,35749068121.26
2024-09-05,000408,22.77,23.0,22.48,22.59,5510043.0,129398234.0,35701655564.07
2024-09-06,000408,22.73,22.73,22.41,22.5,3840600.0,89749272.0,35559417892.5
2024-09-09,000408,22.43,22.81,22.05,22.22,7241300.0,167489874.0,35116900692.06
2024-09-10,000408,22.4,22.4,21.85,22.16,4638048.0,105901783.0,35022075577.68
2024-09-11,000408,22.17,22.63,22.04,22.61,6774959.0,157517634.0,35733263935.53
2024-09-12,000408,22.54,23.09,22.43,22.94,9934800.0,236114868.0,36254802064.62
2024-09-13,000408,23.05,23.11,22.36,22.57,5647299.0,132741587.0,35670047192.61
2024-09-18,000408,22.59,23.37,22.57,23.26,7799185.0,186149066.0,36760536007.98
2024-09-19,000408,23.25,23.81,23.03,23.56,8015726.0,195303728.0,37234661579.88
2024-09-20,000408,23.56,23.8,23.18,23.5,6786303.0,165073016.0,37139836465.5
2024-09-23,000408,23.4,23.55,22.99,23.06,6577527.0,158159571.0,36444452293.38
2024-09-24,000408,23.24,23.97,23.1,23.87,10277378.0,251686580.0,37724591337.51
2024-09-25,000408,24.31,24.6,24.05,24.09,11039794.0,278451762.0,38072283423.57
2024-09-26,000408,24.1,24.94,24.02,24.94,9736314.0,247332543.0,39415639210.62
2024-09-27,000408,25.41,26.55,25.41,26.12,20409393.0,552094387.0,41280533126.76
2024-09-30,000408,27.01,28.24,26.37,27.73,27777455.0,788494797.0,43825007029.29
2024-10-08,000408,30.39,30.39,26.41,27.35,35007457.0,1019020641.0,43224447971.55
2024-10-09,000408,26.84,26.84,24.71,24.94,27949032.0,746118554.0,39415639210.62
2024-10-10,000408,25.45,26.14,24.77,25.2,21459673.0,564958675.0,39826548039.6
2024-10-11,000408,25.2,25.46,24.63,24.87,15938600.0,413638445.0,39305009910.51
2024-10-14,000408,24.96,26.53,24.83,26.53,18888438.0,503444808.0,41928504741.69
2024-10-15,000408,26.58,27.59,26.2,26.62,23331774.0,651969130.0,42070742413.26
2024-10-16,000408,26.43,26.9,26.17,26.26,11130453.0,305781633.0,41501791726.98
2024-10-17,000408,26.6,27.02,26.02,26.07,8258271.0,226555002.0,41201512198.11
2024-10-18,000408,26.1,26.56,25.72,26.14,15253740.0,411720765.0,41312141498.22
2024-10-21,000408,26.24,27.01,26.06,26.51,12848601.0,353222074.0,41896896370.23
2024-10-22,000408,26.26,27.07,26.19,26.98,9962451.0,276550889.0,42639693099.54
2024-10-23,000408,26.99,27.7,26.68,27.13,14873066.0,419023417.0,42876755885.49
2024-10-24,000408,27.01,27.64,26.79,26.99,13841469.0,388762129.0,42655497285.27
2024-10-25,000408,26.87,27.71,26.77,27.32,12473931.0,352359832.0,43177035414.36
2024-10-28,000408,27.4,27.58,26.67,27.47,15075121.0,423916530.0,43414098200.31
2024-10-29,000408,27.45,28.58,27.37,28.3,18157186.0,529233440.0,44725845615.9
2024-10-30,000408,28.15,28.46,27.55,27.84,9496919.0,274611169.0,43998853072.32
2024-10-31,000408,27.79,27.93,27.37,27.71,9768237.0,279283568.0,43793398657.83
2024-11-01,000408,27.71,28.9,27.49,28.27,13958547.0,410259813.0,44678433058.71
2024-11-04,000408,28.54,28.64,27.99,28.47,8120119.0,237583554.0,44994516773.31
2024-11-05,000408,28.45,29.34,28.26,29.22,15364786.0,460930673.0,46179830703.06
2024-11-06,000408,29.32,30.51,28.82,29.0,17278725.0,531145586.0,45832138617.0
2024-11-07,000408,28.14,29.42,27.97,29.26,12008996.0,359709493.0,46243047445.98
2024-11-08,000408,29.91,30.39,29.13,29.39,13358789.0,411039002.0,46448501860.47
2024-11-11,000408,29.13,29.77,28.73,29.29,10253614.0,309555315.0,46290460003.17
2024-11-12,000408,29.25,30.63,29.05,29.19,20876695.0,646018308.0,46132418145.87
2024-11-13,000408,28.94,29.87,28.88,29.4,11887477.0,358881130.0,46464306046.2
2024-11-14,000408,29.4,29.6,28.23,28.28,16997440.0,506983956.0,44694237244.44
2024-11-15,000408,28.12,28.5,27.85,27.93,8994733.0,262518438.0,44141090743.89
2024-11-18,000408,28.04,28.11,27.06,27.22,11672055.0,334230808.0,43018993557.06
2024-11-19,000408,27.51,28.72,27.2,28.55,13112301.0,380026616.0,45120950259.15
2024-11-20,000408,28.54,28.87,28.28,28.31,7807308.0,230598563.0,44741649801.63
2024-11-21,000408,28.27,28.62,28.07,28.35,5755610.0,168821098.0,44804866544.55
2024-11-22,000408,28.23,28.48,27.14,27.16,9881685.0,283453476.0,42924168442.68
2024-11-25,000408,27.38,27.93,27.11,27.28,9056965.0,258189035.0,43113818671.44
2024-11-26,000408,27.34,27.49,27.01,27.03,4729873.0,133372590.0,42718714028.19
2024-11-27,000408,27.01,27.43,26.67,27.38,6701400.0,188874129.0,43271860528.74
2024-11-28,000408,27.48,27.51,26.94,27.08,4419064.0,124655031.0,42797734956.84
2024-11-29,000408,27.04,27.96,27.01,27.74,8692211.0,248474033.0,43840811215.02
2024-12-02,000408,27.69,27.8,27.31,27.41,9209653.0,262773956.0,43319273085.93
2024-12-03,000408,27.59,27.83,27.32,27.47,7191116.0,204685917.0,43414098200.31
2024-12-04,000408,27.64,27.64,27.09,27.21,6160900.0,174121363.0,43003189371.33
2024-12-05,000408,27.15,27.25,26.42,26.65,10303226.0,286072481.0,42118154970.45
2024-12-06,000408,26.61,27.07,26.52,26.87,8106780.0,225038246.0,42465847056.51
2024-12-09,000408,26.87,27.1,26.65,26.93,5331600.0,148624818.0,42560672170.89
2024-12-10,000408,27.5,27.66,26.77,26.83,11822510.0,332535026.0,42402630313.59
2024-12-11,000408,26.76,27.76,26.73,27.14,10954749.0,309623506.0,42892560071.22
2024-12-12,000408,27.15,27.83,27.05,27.73,7387100.0,210550641.0,43825007029.29
2024-12-13,000408,27.64,27.68,26.65,26.7,9347703.0,262434802.0,42197175899.1
2024-12-16,000408,26.74,26.82,26.05,26.16,8118055.0,221090468.0,41343749869.68
2024-12-17,000408,26.16,26.56,26.05,26.15,5794854.0,157959235.0,41327945683.95
2024-12-18,000408,26.32,26.51,26.16,26.21,3445085.0,93984144.0,41422770798.33
2024-12-19,000408,26.05,26.36,25.8,26.11,5133734.0,139013552.0,41264728941.03
2024-12-20,000408,26.11,26.41,26.0,26.12,4608500.0,125144845.0,41280533126.76
2024-12-23,000408,26.29,26.54,25.96,26.04,6512890.0,176840385.0,41154099640.92
2024-12-24,000408,26.11,26.79,26.09,26.77,7998702.0,220537664.0,42307805199.21
2024-12-25,000408,26.85,27.38,26.75,27.14,7446660.0,209192421.0,42892560071.22
2024-12-26,000408,27.29,27.44,26.71,27.0,6498728.0,182089325.0,42671301471.0
2024-12-27,000408,27.0,27.1,26.58,26.75,7592402.0,210955815.0,42276196827.75
2024-12-30,000408,26.75,27.08,26.64,26.91,6297760.0,175578686.0,42529063799.43
2024-12-31,000408,26.87,27.02,26.65,26.75,5063100.0,140800765.0,42276196827.75
2025-01-02,000408,26.75,26.91,26.14,26.32,7450290.0,205079025.0,41596616841.36
2025-01-03,000408,26.33,27.04,26.15,26.21,11073809.0,305958296.0,41422770798.33
2025-01-06,000408,26.31,27.38,26.31,26.91,13028888.0,363340277.0,42529063799.43
2025-01-07,000408,26.97,27.38,26.47,26.98,9386849.0,262643983.0,42639693099.54
2025-01-08,000408,27.01,27.01,26.24,26.75,9601137.0,264985389.0,42276196827.75
2025-01-09,000408,26.75,28.65,26.56,28.46,27106881.0,787158128.0,44978712587.58
2025-01-17,000408,31.3,31.3,31.3,31.3,6979243.0,226476435.0,49467101334.9
2025-01-20,000408,30.99,32.22,30.75,31.25,41710281.0,1356844707.0,49388080406.25
2025-01-21,000408,31.25,31.35,29.61,30.13,28719561.0,900262101.0,47618011604.49
2025-01-22,000408,30.19,30.19,29.01,29.05,21523124.0,655420345.0,45911159545.65
2025-01-23,000408,29.6,29.9,28.85,28.93,15379650.0,465602166.0,45721509316.89
2025-01-24,000408,29.18,29.48,28.84,29.08,13890765.0,418098524.0,45958572102.84
2025-01-27,000408,29.3,30.2,29.08,29.67,13037550.0,402293675.0,46891019060.91
2025-02-05,000408,29.94,29.96,28.94,29.32,12499620.0,379253969.0,46337872560.36
2025-02-06,000408,29.32,30.19,29.07,30.11,13298186.0,410269370.0,47586403233.03
2025-02-07,000408,30.25,31.26,29.82,31.16,16865936.0,537933027.0,49245842734.68
2025-02-10,000408,31.16,31.52,30.58,30.84,12027303.0,386112105.0,48740108791.32
2025-02-11,000408,30.87,31.27,30.69,30.73,8861512.0,283934163.0,48566262748.29
2025-02-12,000408,30.58,31.71,30.5,31.43,12822622.0,413895300.0,49672555749.39
2025-02-13,000408,31.43,32.06,31.27,31.64,14481334.0,475574895.0,50004443649.72
2025-02-14,000408,31.64,31.93,31.35,31.64,10855335.0,355691900.0,50004443649.72
2025-02-17,000408,31.51,31.56,30.48,31.1,11316132.0,362211543.0,49151017620.3
2025-02-18,000408,31.09,31.75,30.95,31.35,9946668.0,324585194.0,49546122263.55
2025-02-19,000408,31.35,31.98,31.27,31.79,13316092.0,438073352.0,50241506435.67
2025-02-20,000408,31.96,32.87,31.74,32.21,12735282.0,427648248.0,50905282236.33
2025-02-21,000408,32.42,32.45,31.78,31.88,10417690.0,345274113.0,50383744107.24
2025-02-24,000408,32.17,32.76,31.79,31.92,8814981.0,293833295.0,50446960850.16
2025-02-25,000408,31.84,32.22,31.48,31.51,7599100.0,250688108.0,49798989235.23
2025-02-26,000408,31.54,32.32,31.34,31.55,9668084.0,317875046.0,49862205978.15
2025-02-27,000408,31.51,31.63,30.96,31.47,7518804.0,243569797.0,49735772492.31
2025-02-28,000408,31.25,31.7,30.77,30.82,8173822.0,263984656.0,48393848930.9
2025-03-03,000408,31.0,31.84,30.99,31.44,8792140.0,286987856.0,49367378662.8
2025-03-04,000408,31.47,31.58,31.21,31.45,6507135.0,211987615.0,49383080755.25
2025-03-05,000408,31.35,31.52,31.14,31.42,5048041.0,164077449.0,49335974477.9
2025-03-06,000408,31.73,31.96,31.42,31.8,8814799.0,289889690.0,49932653991.0
2025-03-07,000408,31.85,32.54,31.74,31.86,7451135.0,247614792.0,50026866545.7
2025-03-10,000408,31.88,32.41,31.72,32.38,9416839.0,313666909.0,50843375353.100006
2025-03-11,000408,32.12,33.77,32.0,33.77,12130935.0,412556877.0,53025966203.65
2025-03-12,000408,33.88,36.55,33.49,35.99,28639493.0,1044671986.0,56511830727.55
2025-03-13,000408,36.03,36.27,35.6,35.88,17270951.0,642595157.0,56339107710.600006
2025-03-14,000408,36.35,36.45,35.37,35.5,14020690.0,518896310.0,55742428197.5
2025-03-17,000408,35.5,35.74,35.09,35.49,9336900.0,342902932.0,55726726105.05
2025-03-18,000408,35.5,36.14,35.5,35.88,12036160.0,447586279.0,56339107710.600006
2025-03-19,000408,35.69,35.83,35.16,35.33,7813713.0,286290538.0,55475492625.85
2025-03-20,000408,35.58,36.42,35.43,35.56,10712855.0,399201315.0,55836640752.200005
2025-03-21,000408,35.33,35.74,34.65,34.88,9111740.0,330648187.0,54768898465.600006
2025-03-24,000408,34.9,35.48,34.23,34.59,11729809.0,422273730.0,54313537784.55
2025-03-25,000408,34.67,35.2,34.23,34.39,8517127.0,305248861.0,53999495935.55
2025-03-26,000408,34.92,35.53,34.32,34.44,13031385.0,471834243.0,54078006397.799995
2025-03-27,000408,34.34,35.2,34.32,34.76,7744381.0,279490578.0,54580473356.2
2025-03-28,000408,34.78,34.97,34.45,34.54,5152428.0,185146319.0,54235027322.299995
2025-03-31,000408,34.34,35.07,34.21,34.57,9720686.0,348625525.0,54282133599.65
2025-04-01,000408,34.73,35.91,34.57,35.72,12439786.0,456282369.0,56087874231.4
2025-04-02,000408,35.7,36.35,34.92,35.08,11871306.0,438866247.0,55082940314.6
2025-04-03,000408,34.82,35.13,34.57,34.87,9226188.0,333485653.0,54753196373.149994
2025-04-07,000408,31.39,31.8,31.39,31.39,18129300.0,590743002.0,49288868200.55
2025-04-08,000408,31.35,31.53,30.1,31.07,21637470.0,692966543.0,48786401242.15
2025-04-09,000408,30.57,32.02,29.9,31.85,19847575.0,637705216.0,50011164453.25
2025-04-10,000408,32.41,33.63,32.05,32.35,19149414.0,649944501.0,50796269075.75
2025-04-11,000408,32.51,32.99,32.32,32.74,9678917.0,327941786.0,51408650681.3
2025-04-14,000408,33.22,33.76,32.79,33.21,9430238.0,326488957.0,52146649026.450005
2025-04-15,000408,33.45,33.64,32.83,33.16,6592772.0,226895829.0,52068138564.2
2025-04-16,000408,33.18,33.48,32.28,32.78,7682109.0,259848882.0,51471459051.1
2025-04-17,000408,32.78,33.84,32.68,33.5,11783441.0,408343197.0,52602009707.5
2025-04-18,000408,33.56,33.67,33.12,33.38,6124900.0,211979954.0,52413584598.100006
2025-04-21,000408,33.66,34.49,33.33,34.2,8301436.0,291621790.0,53701156179.00001
2025-04-22,000408,34.4,34.61,33.97,34.16,6455692.0,229574075.0,53638347809.2
2025-04-23,000408,34.21,34.5,33.96,34.44,6201344.0,220455664.0,54078006397.799995
2025-04-24,000408,34.33,35.0,34.33,34.97,6608360.0,238115857.0,54910217297.65
2025-04-25,000408,34.83,35.31,34.67,34.73,6356906.0,230364238.0,54533367078.85
2025-04-28,000408,34.71,35.3,34.63,35.09,7129336.0,258749364.0,55098642407.05
2025-04-29,000408,35.09,35.19,34.24,34.57,6370000.0,229130288.0,54282133599.65
2025-04-30,000408,34.53,35.11,34.41,34.86,4998049.0,180656416.0,54737494280.7
2025-05-06,000408,35.01,35.68,34.81,35.59,8212700.0,300699545.0,55883747029.55
2025-05-07,000408,35.88,36.03,35.14,35.3,8860104.0,325170191.0,55428386348.49999
2025-05-08,000408,35.13,35.16,34.35,34.54,7873409.0,282787910.0,54235027322.299995
2025-05-09,000408,34.57,35.45,34.5,35.29,7413506.0,269411409.0,55412684256.049995
2025-05-12,000408,35.29,35.54,34.57,35.05,8513851.0,309250814.0,55035834037.24999
2025-05-13,000408,35.1,35.62,34.88,35.11,9334706.0,341248618.0,55130046591.95
2025-05-14,000408,35.19,36.0,35.08,35.54,8488074.0,313123947.0,55805236567.299995
2025-05-15,000408,35.54,35.72,34.73,35.11,6256267.0,228565831.0,55130046591.95
2025-05-16,000408,35.14,35.33,34.65,34.82,5841775.0,211091651.0,54674685910.9
2025-05-19,000408,34.61,34.89,34.44,34.51,8284509.0,297009652.0,54187921044.95
2025-05-20,000408,34.58,34.94,34.4,34.44,7829000.0,281298788.0,54078006397.799995
2025-05-21,000408,34.66,35.23,34.58,35.07,7571197.0,274752254.0,55067238222.15
2025-05-22,000408,35.1,35.33,34.89,35.17,4506023.0,164262370.0,55224259146.65
2025-05-23,000408,35.52,35.89,35.35,35.5,8049602.0,296914727.0,55742428197.5
2025-05-26,000408,35.6,37.19,35.58,36.22,13901844.0,526637271.0,56872978853.9
2025-05-27,000408,36.39,36.78,35.99,36.34,6937088.0,261183876.0,57061403963.3
2025-05-28,000408,36.32,36.38,35.48,35.59,7456981.0,276846895.0,55883747029.55
2025-05-29,000408,35.5,35.59,35.26,35.32,4604300.0,168776912.0,55459790533.4
2025-05-30,000408,35.33,35.48,34.98,34.98,5697103.0,207398731.0,54925919390.1
2025-06-03,000408,35.31,35.36,34.74,35.0,5963399.0,216320864.0,54957323575.0
2025-06-04,000408,35.11,35.69,34.94,35.46,5792000.0,212910335.0,55679619827.700005
2025-06-05,000408,35.45,35.86,35.27,35.31,4321400.0,158974335.0,55444088440.950005
2025-06-06,000408,35.4,36.54,35.4,36.25,8824700.0,330558429.0,56920085131.25
2025-06-09,000408,36.27,36.43,35.62,36.27,7203505.0,268146849.0,56951489316.15
2025-06-10,000408,36.14,37.09,36.09,36.94,9932385.0,378674519.0,58003529510.299995
2025-06-11,000408,37.12,38.78,36.88,38.36,13568850.0,536530324.0,60233226638.2
2025-06-12,000408,38.55,39.53,38.21,39.25,12342110.0,498357335.0,61630712866.25
2025-06-13,000408,39.42,39.63,38.94,39.03,11295799.0,459786413.0,61285266832.35
2025-06-16,000408,39.11,40.1,38.89,39.38,8582440.0,350066649.0,61834840068.100006
2025-06-17,000408,39.39,39.96,39.26,39.33,5390481.0,220833954.0,61756329605.85
2025-06-18,000408,39.34,39.63,39.07,39.45,4531533.0,185032187.0,61944754715.25001
2025-06-19,000408,39.31,39.83,39.21,39.44,4792100.0,196058939.0,61929052622.799995
2025-06-20,000408,39.32,39.6,39.12,39.36,4384974.0,178774738.0,61803435883.2
2025-06-23,000408,39.36,39.74,39.05,39.56,5850512.0,239035005.0,62117477732.200005
2025-06-24,000408,39.96,41.36,39.96,40.76,11498856.0,486376576.0,64001728826.2
2025-06-25,000408,40.55,40.99,40.23,40.73,6205475.0,260854408.0,63954622548.85
2025-06-26,000408,40.65,40.88,40.25,40.56,5152926.0,216412411.0,63687686977.200005
2025-06-27,000408,40.98,42.55,40.73,42.19,11711622.0,508015365.0,66247128046.549995
2025-06-30,000408,42.33,42.87,40.9,41.16,9777033.0,421181238.0,64629812524.2
2025-07-01,000408,41.16,42.34,40.62,42.03,6288520.0,270143002.0,65995894567.35
2025-07-02,000408,41.77,42.64,41.64,42.25,6677395.0,292402765.0,66341340601.25
2025-07-03,000408,42.77,42.91,41.67,41.9,8146412.0,354848140.0,65791767365.5
2025-07-04,000408,41.48,41.86,40.8,41.37,9489115.0,406807674.0,64959556465.649994
2025-07-07,000408,41.01,41.28,40.51,40.82,6824800.0,288790741.0,64095941380.9
2025-07-08,000408,40.82,41.33,40.34,40.77,8578598.0,362744678.0,64017430918.65
2025-07-09,000408,40.95,41.08,39.88,40.09,11406728.0,475097071.0,62949688632.05
2025-07-10,000408,39.85,40.35,39.85,39.96,5043521.0,209561148.0,62745561430.200005
2025-07-11,000408,40.14,40.68,39.96,40.28,6028735.0,252401545.0,63248028388.6
2025-07-14,000408,41.1,42.12,41.08,41.47,11981173.0,517065471.0,65116577390.15
2025-07-15,000408,41.48,41.81,41.15,41.34,6178342.0,265260030.0,64912450188.3
2025-07-16,000408,41.33,41.48,40.66,40.88,5755448.0,244088106.0,64190153935.600006
2025-07-17,000408,41.32,41.96,40.24,41.4,11843597.0,508046849.0,65006662743.0
2025-07-18,000408,41.38,42.63,41.34,42.2,8358250.0,364715033.0,66262830139.00001
2025-07-21,000408,42.69,43.29,42.15,43.01,10207400.0,453182281.0,67534699627.45
2025-07-22,000408,43.12,45.32,42.96,45.13,14363440.0,659864985.0,70863543226.85
2025-07-23,000408,45.29,45.62,44.72,45.11,8998900.0,421675170.0,70832139041.95
2025-07-24,000408,44.86,46.4,44.76,45.99,12545810.0,594104618.0,72213923177.55
2025-07-25,000408,46.25,46.27,45.13,45.42,9910710.0,468194301.0,71318903907.90001
2025-07-28,000408,45.05,45.9,44.47,45.76,9211448.0,432739604.0,71852775051.2
2025-07-29,000408,45.54,46.93,45.54,45.99,10752069.0,514182139.0,72213923177.55
2025-07-30,000408,46.24,46.93,45.77,46.45,8908779.0,429092161.0,72936219430.25
2025-07-31,000408,45.84,46.11,44.13,44.33,17347164.0,806032107.0,69607375830.84999
2025-08-01,000408,44.27,44.89,44.2,44.43,8706473.0,402260745.0,69764396755.35
2025-08-04,000408,45.35,46.46,45.15,46.13,13087590.0,620699353.0,72433752471.85
2025-08-05,000408,46.4,47.12,46.03,47.07,11032996.0,535375132.0,73909749162.15
2025-08-06,000408,46.96,48.28,46.88,48.23,9121008.0,451480545.0,75731191886.34999
2025-08-07,000408,48.38,49.33,48.07,48.64,9919505.0,499354353.0,76374977676.8
2025-08-08,000408,48.42,49.16,48.0,48.79,7098286.0,357547998.0,76610509063.55
2025-08-11,000408,50.07,50.21,47.86,48.68,12873919.0,648682125.0,76437786046.6
2025-08-12,000408,48.42,48.96,48.01,48.72,7778656.0,391160815.0,76500594416.4
2025-08-13,000408,48.91,49.79,48.73,49.2,10188424.0,521145997.0,77254294854.0
2025-08-14,000408,49.21,49.35,48.33,48.53,9252448.0,468103205.0,76202254659.85
2025-08-15,000408,48.53,48.97,48.1,48.74,9882893.0,496807123.0,76531998601.3
2025-08-18,000408,48.79,48.81,47.76,48.03,12222500.0,609893372.0,75417150037.35
2025-08-19,000408,47.93,48.65,47.93,48.08,8867050.0,443625083.0,75495660499.59999
2025-08-20,000408,48.08,48.58,47.83,48.44,7762488.0,388329799.0,76060935827.8
2025-08-21,000408,48.52,48.9,48.01,48.09,8633296.0,433635657.0,75511362592.05
2025-08-22,000408,48.23,48.28,47.62,47.81,10173421.0,504835210.0,75071704003.45
2025-08-25,000408,48.38,49.24,48.14,48.95,16824925.0,849663875.0,76861742542.75
2025-08-26,000408,48.71,50.06,48.47,49.71,10508769.0,540065662.0,78055101568.95
2025-08-27,000408,49.74,49.82,47.87,47.87,17843022.0,895164129.0,75165916558.15
2025-08-28,000408,47.85,48.92,47.8,48.9,11016295.0,552732329.0,76783232080.5
2025-08-29,000408,48.91,52.33,48.83,52.0,19487876.0,1033214886.0,81650880740.0
2025-09-01,000408,52.09,53.56,51.44,52.85,16544449.0,902726034.0,82985558598.25
2025-09-02,000408,53.07,54.17,53.06,53.48,14052783.0,780404766.0,83974790422.59999
2025-09-03,000408,54.5,54.98,52.7,53.36,13876464.0,771155445.0,83786365313.2
2025-09-04,000408,53.4,53.44,50.75,51.64,16094130.0,863572876.0,81085605411.8
2025-09-05,000408,52.11,54.62,52.05,54.61,12929737.0,701218888.0,85749126869.45
2025-09-08,000408,55.14,56.52,54.14,54.73,16007224.0,899035031.0,85937551978.84999
2025-09-09,000408,55.05,55.61,53.68,54.87,13156215.0,732113853.0,86157381273.15
2025-09-10,000408,54.3,54.55,52.75,53.86,15033765.0,817656807.0,84571469935.7
2025-09-11,000408,53.86,54.94,53.73,54.8,11850549.0,655214220.0,86047466626.0
2025-09-12,000408,55.3,56.01,54.86,55.35,9413032.0,530175100.0,86911081710.75
2025-09-15,000408,55.62,56.64,54.85,55.8,10031167.0,569064925.0,87617675871.0
2025-09-16,000408,56.39,56.57,53.87,54.6,10656738.0,592742336.0,85733424777.0
2025-09-17,000408,54.54,54.6,53.56,54.46,9667803.0,529902419.0,85513595482.7
2025-09-18,000408,53.87,54.06,52.28,52.86,10579002.0,573563538.0,83001260690.7
2025-09-19,000408,52.72,54.34,52.72,53.38,9282254.0,506266785.0,83817769498.1
2025-09-22,000408,53.97,54.12,52.52,53.32,8399849.0,453452277.0,83723556943.4
2025-09-23,000408,53.28,53.62,51.77,52.64,9935158.0,530708328.0,82655814656.8
2025-09-24,000408,52.1,53.38,51.81,53.18,10566218.0,565615917.0,83503727649.1
2025-09-25,000408,54.63,55.44,53.1,54.2,15473524.0,854137891.0,85105341079.0
2025-09-26,000408,53.66,54.55,53.38,53.45,8682821.0,475901060.0,83927684145.25
2025-09-29,000408,53.72,55.02,53.38,54.94,13278578.0,732635797.0,86267295920.3
2025-09-30,000408,56.03,57.5,55.17,57.34,14629344.0,844733829.0,90035798108.3
2025-10-09,000408,59.06,60.83,58.03,60.18,20828592.0,1260020962.0,94495192364.1
2025-10-10,000408,60.24,61.73,58.42,59.67,20176215.0,1241309986.0,93694385649.15001
2025-10-13,000408,57.72,59.86,57.62,59.41,14334886.0,857700327.0,93286131245.45
2025-10-14,000408,61.02,61.19,56.03,56.16,20212926.0,1199430227.0,88182951199.2
2025-10-15,000408,57.28,57.72,55.92,57.48,15370063.0,891604997.0,90255627402.59999
2025-10-16,000408,57.48,58.0,55.83,56.41,12394948.0,716239433.0,88575503510.45
2025-10-17,000408,56.37,56.79,53.44,53.76,21319414.0,1186473079.0,84414449011.2
2025-10-20,000408,54.16,56.2,53.52,54.42,15835893.0,885661479.0,85450787112.90001
2025-10-21,000408,55.33,56.11,54.44,55.74,11774440.0,666545494.0,87523463316.3
2025-10-22,000408,54.65,56.9,54.65,56.39,10370749.0,591919221.0,88544099325.55
2025-10-23,000408,56.08,57.59,55.93,57.56,9052090.0,522945709.0,90381244142.2
2025-10-24,000408,58.35,58.95,57.27,58.14,9921599.0,584702303.0,91291965504.3
2025-10-27,000408,58.87,60.13,58.72,59.55,11267148.0,681745858.0,93505960539.75
2025-10-28,000408,59.32,59.56,56.82,57.1,14092100.0,831045099.0,89658947889.5
2025-10-29,000408,57.78,60.12,57.78,60.12,12238906.0,735907433.0,94400979809.4
2025-10-30,000408,59.96,60.8,58.98,59.17,13471964.0,820411506.0,92909281026.65001
2025-10-31,000408,59.22,60.14,57.76,57.86,11401099.0,678727331.0,90852306915.7
2025-11-03,000408,57.62,57.7,54.73,56.58,20621996.0,1172360166.0,88842439082.09999
2025-11-04,000408,56.13,56.87,53.38,53.76,16710900.0,930772727.0,84414449011.2
2025-11-05,000408,53.05,54.25,52.2,53.71,15041278.0,812660259.0,84335938548.95
2025-11-06,000408,54.17,56.36,54.06,56.05,13402468.0,757849948.0,88010228182.25
2025-11-07,000408,55.88,57.28,55.66,56.64,11693758.0,673031794.0,88936651636.8
2025-11-10,000408,56.91,58.32,56.36,56.59,11963918.0,698384549.0,88858141174.55
2025-11-11,000408,57.41,58.06,55.79,56.26,8865368.0,511277418.0,88339972123.7
2025-11-12,000408,55.93,56.52,55.05,55.58,7535750.0,426498538.0,87272229837.09999
2025-11-13,000408,56.06,59.74,56.06,59.18,20812218.0,1239768772.0,92924983119.1
2025-11-14,000408,58.59,60.14,58.07,59.35,12174687.0,732662266.0,93191918690.75
2025-11-17,000408,59.86,61.7,59.47,59.89,18281406.0,1123271275.0,94039831683.05
2025-11-18,000408,60.0,60.82,57.5,57.99,15206498.0,909927366.0,91056434117.55
2025-11-19,000408,58.38,60.55,58.38,59.8,14180082.0,860456421.0,93898512851.0
2025-11-20,000408,60.15,62.91,59.96,61.44,23938364.0,1503106956.0,96473656012.8
2025-11-21,000408,59.86,60.47,57.63,57.8,20840588.0,1239948455.0,90758094361.0
2025-11-24,000408,58.74,58.74,55.84,56.59,15556460.0,897948746.0,88858141174.55
2025-11-25,000408,57.37,59.17,57.03,58.36,13037036.0,772429156.0,91637411538.2
2025-11-26,000408,58.79,59.75,57.7,57.88,11204719.0,666308942.0,90883711100.6
2025-11-27,000408,58.75,60.45,58.22,59.21,13170078.0,797852388.0,92972089396.45
2025-11-28,000408,59.23,60.6,59.03,59.75,12025727.0,732294894.0,93820002388.75
2025-12-01,000408,62.43,64.08,61.08,61.85,30878012.0,1960341050.0,97117441803.25
2025-12-02,000408,61.86,62.29,60.71,62.0,14374570.0,901243712.0,97352973190.0
2025-12-03,000408,62.36,64.73,62.0,63.61,20299602.0,1316441799.0,99881010074.45
2025-12-04,000408,65.54,67.66,65.17,65.77,25345746.0,1707316428.0,103272662043.65
2025-12-05,000408,65.86,67.09,65.37,66.84,15733724.0,1063272149.0,104952785935.8
2025-12-08,000408,67.42,68.81,65.81,68.68,20052752.0,1378430486.0,107841970946.6
2025-12-09,000408,67.83,68.13,66.33,66.84,16941444.0,1156654400.0,104952785935.8
2025-12-10,000408,66.84,68.99,66.63,68.82,14666051.0,1014865026.0,108061800240.9
2025-12-11,000408,69.6,72.07,69.3,70.77,19417530.0,1400764549.0,111123708268.65
2025-12-12,000408,71.56,72.62,70.59,71.35,17840956.0,1297025452.0,112034429630.74998
2025-12-15,000408,70.28,73.67,70.19,71.48,14624420.0,1071676626.0,112238556832.6
2025-12-16,000408,71.48,73.06,70.73,71.45,13241824.0,966914750.0,112191450555.25
2025-12-17,000408,71.54,74.39,71.07,73.91,16325242.0,1220106910.0,116054165297.95
2025-12-18,000408,73.33,74.64,72.75,73.62,12320981.0,926583159.0,115598804616.90001
2025-12-19,000408,73.72,78.44,72.94,78.44,19996660.0,1552647884.0,123167213177.8
2025-12-22,000408,78.44,79.23,77.19,78.53,17578347.0,1398592197.0,123308532009.85
2025-12-23,000408,78.57,80.08,76.63,78.41,14842138.0,1184311242.0,123120106900.45
2025-12-24,000408,79.13,79.4,75.46,78.08,17762008.0,1398709447.0,122601937849.59999
2025-12-25,000408,77.7,78.97,76.18,78.26,12301048.0,970384433.0,122884575513.70001
2025-12-26,000408,79.65,84.35,78.94,83.88,17675285.0,1475644916.0,131709151470.59999
2025-12-29,000408,86.01,86.19,80.56,81.17,18486719.0,1552975383.0,127453884416.65001
2025-12-30,000408,79.99,82.93,79.29,82.46,13710592.0,1136748884.0,129479454342.7
2025-12-31,000408,82.37,84.89,81.6,82.96,13425450.0,1136552575.0,130264527855.19997
2026-01-05,000408,83.56,89.04,83.34,88.46,20363370.0,1802183963.0,138900676640.19998
2026-01-06,000408,89.61,91.99,87.92,90.45,18050514.0,1652457941.0,142025392291.49997
2026-01-07,000408,90.25,91.9,88.67,89.6,13962156.0,1278425305.0,140690714751.99997
2026-01-08,000408,88.97,89.45,85.23,86.5,19431125.0,1715781738.0,135823067254.99998
2026-01-09,000408,84.54,87.44,84.54,85.73,17693352.0,1548030659.0,134614006425.09999
2026-01-12,000408,88.37,88.47,82.83,83.96,22058459.0,1895993326.0,131834736725.19997
2026-01-13,000408,84.03,88.96,84.03,88.37,23719572.0,2098338271.0,138759357841.9
2026-01-14,000408,87.98,89.63,86.7,88.2,17043563.0,1527861149.0,138492422333.99997
2026-01-15,000408,87.5,91.61,87.29,89.06,15888226.0,1449253957.0,139842801962.19998
2026-01-16,000408,89.16,92.11,87.36,87.99,17158374.0,1566472233.0,138162678471.29996
2026-01-19,000408,87.37,89.64,85.94,88.47,13376748.0,1199967980.0,138916378728.89996
2026-01-20,000408,89.44,91.54,86.21,89.89,16160165.0,1465608883.0,141146075324.3
2026-01-21,000408,90.32,90.6,88.03,89.9,12169709.0,1110612085.0,141161777413.0
2026-01-22,000408,89.89,91.89,89.27,90.35,13292435.0,1226714280.0,141868371404.49997
2026-01-23,000408,91.42,92.87,89.57,91.9,14565535.0,1354116075.0,144302195153.0
2026-01-26,000408,92.4,95.62,91.98,93.26,18917897.0,1802324798.0,146437679216.19998
2026-01-27,000408,92.64,94.41,87.96,88.47,27642805.0,2524945259.0,138916378728.89996
2026-01-28,000408,88.47,89.35,85.52,87.98,25720472.0,2295382257.0,138146976382.59998
2026-01-29,000408,87.98,92.79,87.59,89.76,26997342.0,2464018451.0,140941948171.19998
2026-01-30,000408,87.49,87.97,81.39,84.83,28572077.0,2463024322.0,133200786630.84999
2026-02-02,000408,80.2,84.57,80.2,80.38,26649666.0,2232300784.0,126213358828.09999
2026-02-03,000408,83.06,85.9,81.45,85.81,18209100.0,1546445402.0,134739590955.95
2026-02-04,000408,85.83,86.67,84.2,85.29,14577517.0,1264916530.0,133923082538.55
2026-02-05,000408,83.58,84.2,80.21,81.16,18676595.0,1551724579.0,127438121454.2
2026-02-06,000408,77.34,82.57,77.34,81.59,15313212.0,1259188638.0,128113311107.05
2026-02-09,000408,84.0,84.86,82.98,83.43,10842614.0,923481437.0,131002494737.85
2026-02-10,000408,83.73,84.02,82.72,83.59,8466021.0,718530711.0,131253728097.05
2026-02-11,000408,83.12,84.73,83.06,83.4,10479936.0,892654887.0,130955388483.00002
2026-02-12,000408,83.44,85.62,82.98,83.88,14107963.0,1213761328.0,131709088560.59999
2026-02-13,000408,82.92,83.9,81.08,81.41,15356336.0,1284688390.0,127830673577.95
2026-02-24,000408,83.14,83.14,81.72,82.18,12466698.0,1045440138.0,129039734119.1
2026-02-25,000408,82.55,84.34,81.71,83.36,16360403.0,1389475628.0,130892580143.2
2026-02-26,000408,85.65,87.75,84.78,85.52,22551820.0,1972033238.0,134284230492.4
2026-02-27,000408,84.5,86.67,83.67,84.69,15611692.0,1346716388.0,132980957441.55
2026-03-02,000408,85.01,85.22,81.64,84.55,21221787.0,1793465698.0,132761128252.25
2026-03-03,000408,83.66,83.87,78.59,78.69,25653372.0,2103874820.0,123559706471.55
2026-03-04,000408,78.69,81.31,78.4,79.59,18133205.0,1472045698.0,124972894117.05
2026-03-05,000408,80.42,81.08,78.98,79.55,13524028.0,1099794009.0,124910085777.25
2026-03-06,000408,78.84,80.38,78.52,79.03,14872042.0,1200293643.0,124093577359.85
2026-03-09,000408,77.36,80.46,75.2,79.79,24633959.0,1946242541.0,125286935816.05
2026-03-10,000408,80.7,81.86,79.83,81.55,12250299.0,1011140337.0,128050502767.25
2026-03-11,000408,81.47,81.97,80.12,81.03,9992187.0,823447384.0,127233994349.85
2026-03-12,000408,80.7,81.78,78.62,79.24,11929987.0,969733195.0,124423321143.79999
2026-03-13,000408,79.62,81.94,78.15,78.38,18963488.0,1538020861.0,123072941838.09999
2026-03-16,000408,80.11,81.17,76.88,79.27,24674180.0,1980077052.0,124470427398.65
2026-03-17,000408,79.32,82.87,78.86,79.13,24394878.0,2007775882.0,124250598209.34999
2026-03-18,000408,79.62,79.91,76.34,76.65,18701907.0,1467346454.0,120356481141.75002
2026-03-19,000408,73.53,74.69,71.18,71.21,37792487.0,2781811394.0,111814546928.95
2026-03-20,000408,72.63,73.31,71.42,71.64,21411271.0,1571619169.0,112489736581.8
2026-03-23,000408,69.99,72.65,68.81,69.35,29001890.0,2074406334.0,108893959128.24998
2026-03-24,000408,71.81,74.55,70.85,74.55,27080476.0,2009582462.0,117059043302.25
2026-03-25,000408,77.1,77.98,76.0,76.8,26350159.0,2066939775.0,120592012416.0
2026-03-26,000408,76.72,78.52,75.59,76.49,13926405.0,1089279380.0,120105247782.54999
2026-03-27,000408,75.45,80.43,75.45,79.13,19089076.0,1523510191.0,124250598209.34999
2026-03-30,000408,79.13,80.11,77.76,79.65,18457745.0,1486825317.0,125067106626.75002
2026-03-31,000408,79.62,79.87,77.48,77.92,13977026.0,1114470932.0,122350645930.40001
2026-04-01,000408,80.41,81.44,79.62,80.78,17922927.0,1469689493.0,126841442226.1
2026-04-02,000408,80.7,81.79,79.5,80.85,12409747.0,1019192014.0,126951356820.74998
2026-04-03,000408,80.61,81.1,79.43,80.01,7988300.0,650917317.0,125632381684.95001
2026-04-07,000408,79.89,80.48,78.65,79.62,10776204.0,870165527.0,125020000371.90001
2026-04-08,000408,81.24,83.48,80.82,83.06,17903981.0,1506719414.0,130421517594.7
2026-04-09,000408,82.57,83.8,82.08,82.65,9069042.0,765362767.0,129777732111.75002
2026-04-10,000408,82.99,83.54,81.47,81.69,9953551.0,832860428.0,128270331956.55
2026-04-13,000408,81.87,82.26,80.57,80.94,12620260.0,1042231093.0,127092675585.3
2026-04-14,000408,82.57,84.08,82.57,83.37,13987972.0,1185298620.0,130908282228.15001
2026-04-15,000408,84.04,86.5,82.67,83.04,14631362.0,1258342939.0,130390113424.8
2026-04-16,000408,83.22,86.67,82.87,86.44,19283146.0,1672317182.0,135728822307.8
2026-04-17,000408,86.4,86.4,84.1,84.85,13669179.0,1160714566.0,133232190800.74998
2026-04-20,000408,87.0,88.5,86.2,86.54,19082924.0,1661183806.0,135885843157.3
2026-04-21,000408,86.97,86.99,84.38,86.46,12488506.0,1071222734.0,135760226477.7
2026-04-22,000408,86.12,88.76,85.71,88.29,13140156.0,1153823303.0,138633708023.55002
2026-04-23,000408,88.87,90.85,86.73,87.29,14363365.0,1271330100.0,137063499528.55
2026-04-24,000408,87.0,90.77,86.81,90.25,15294619.0,1357252907.0,141711316673.75
2026-04-27,000408,90.24,90.97,88.11,89.93,12604078.0,1128761239.0,141208849955.35
2026-04-28,000408,89.09,89.99,87.51,88.73,9267969.0,823719721.0,139324599761.35
2026-04-29,000408,88.1,91.29,87.23,91.01,13694438.0,1228242613.0,142904675129.95
2026-04-30,000408,90.79,92.4,88.66,89.26,14210040.0,1280912600.0,140156810263.7
2026-05-06,000408,89.89,90.5,87.33,90.18,15785172.0,1407604963.0,141601402079.1
2026-05-07,000408,91.0,91.2,87.18,88.63,16608415.0,1469811175.0,139167578911.85
2026-05-08,000408,88.05,89.58,85.6,87.7,17996002.0,1567634968.0,137707285011.5
2026-05-11,000408,87.54,88.8,86.39,86.61,16047792.0,1398985996.0,135995757751.95
2026-05-12,000408,88.37,89.99,87.66,88.02,18048905.0,1600925639.0,138209751729.9
2026-05-13,000408,90.02,92.88,90.02,91.11,20908848.0,1914330787.0,143061764311.95
2026-05-14,000408,90.84,92.14,87.68,87.68,13372035.0,1196524122.0,137560998910.72
2026-05-15,000408,87.01,87.65,83.49,83.71,21036406.0,1788886631.0,131332472842.34
2026-05-18,000408,81.66,82.46,79.22,80.14,22492234.0,1813542188.0,125731506075.56
2026-05-19,000408,80.7,80.76,79.0,80.16,12774017.0,1021303946.0,125762884040.64
2026-05-20,000408,78.5,80.63,77.48,79.91,13717170.0,1083035635.0,125370659477.14
2026-05-21,000408,81.43,82.65,78.0,78.19,12142645.0,979102757.0,122672154480.26
2026-05-22,000408,79.15,81.39,78.02,80.96,12426314.0,991876360.0,127018002643.84
2026-05-25,000408,82.16,83.18,79.08,79.2,14717680.0,1184290673.0,124256741716.8
2026-05-26,000408,79.2,84.58,78.31,84.24,21152517.0,1729034585.0,132163988916.95999
2026-05-27,000408,83.8,84.59,80.33,80.79,14073379.0,1151366641.0,126751289940.66
2026-05-28,000408,80.26,80.87,77.0,77.68,15900072.0,1240337894.0,121872016370.72002
2026-05-29,000408,79.3,79.78,76.98,77.18,13006197.0,1014966603.0,121087567243.72002
2026-06-01,000408,77.0,78.16,75.79,76.05,12102164.0,929427181.0,119314712216.7
2026-06-02,000408,78.01,79.75,75.75,79.24,14395948.0,1124023885.0,124319497646.95999
2026-06-03,000408,78.56,81.2,78.5,79.9,12058447.0,966541718.0,125354970494.6
2026-06-04,000408,79.0,79.39,77.02,77.65,8956088.0,697976904.0,121824949423.1
2026-06-05,000408,77.65,78.98,75.82,76.08,9513503.0,734129887.0,119361779164.31999
2026-06-08,000408,73.0,74.15,71.5,73.05,14836784.0,1084530507.0,114608017454.7
2026-06-09,000408,73.65,75.68,72.3,75.3,10208033.0,752521414.0,118138038526.2
2026-06-10,000408,73.12,75.5,72.85,74.59,9149273.0,679285432.0,117024120765.86
2026-06-11,000408,74.0,77.29,73.5,76.01,12739781.0,961810609.0,119251956286.54001
2026-06-12,000408,78.0,81.15,76.73,79.47,19099178.0,1515731840.0,124680344245.38
2026-06-15,000408,81.99,83.6,80.0,81.86,23591247.0,1932349195.0,128430011072.44
2026-06-16,000408,81.48,81.54,76.23,76.34,17759776.0,1392353655.0,119769692710.36
2026-06-17,000408,77.15,77.94,75.68,77.18,11468288.0,882494842.0,121087567243.72002
2026-06-18,000408,76.26,79.44,75.11,76.42,15143161.0,1166106283.0,119895204570.68001
2026-06-22,000408,75.5,79.42,73.5,78.96,22105606.0,1688872310.0,123880206135.84
2026-06-23,000408,78.89,78.89,72.08,72.5,22939508.0,1701131585.0,113745123415.0
2026-06-24,000408,72.0,74.18,71.37,73.2,14804812.0,1076671517.0,114843352192.8
2026-06-25,000408,71.0,71.67,69.6,70.1,20524640.0,1445761582.0,109979767605.4
2026-06-26,000408,70.78,70.95,67.89,68.05,17194722.0,1184772751.0,106763526184.7
2026-06-29,000408,68.06,70.93,67.65,70.16,13241639.0,917401697.0,110073901500.64
2026-06-30,000408,69.4,70.09,68.21,69.32,12627950.0,870713519.0,108756026967.27998
2026-07-01,000408,68.8,70.23,67.44,68.32,14787587.0,1011825789.0,107187128713.27998
2026-07-02,000408,69.0,71.07,67.9,69.8,18376769.0,1281530017.0,109509098129.2
2026-07-03,000408,71.6,75.19,71.5,73.35,22468716.0,1658323987.0,115078686930.9
2026-07-06,000408,73.58,77.58,73.06,74.72,16759768.0,1268424433.0,117228077538.88
2026-07-07,000408,75.68,75.89,72.78,73.05,11332425.0,841831115.0,114608017454.7
2026-07-08,000408,73.3,73.39,70.48,70.56,12068279.0,865634085.0,110701460802.24
2026-07-09,000408,70.58,70.88,66.74,68.84,17865936.0,1222527235.0,108002955805.36
2026-07-10,000408,69.41,72.05,68.26,69.3,18445198.0,1291695539.0,108724649002.2
2026-07-13,000408,68.77,68.9,66.87,67.35,11674194.0,789552288.0,105665297406.9
2026-07-14,000408,67.09,71.8,66.5,70.98,16522289.0,1146332601.0,111360398068.92001
2026-07-15,000408,73.02,74.0,71.03,71.5,15488128.0,1117248036.0,112176225161.0
2026-07-16,000408,70.71,73.15,70.03,70.68,11551327.0,824237186.0,110889728592.72002
2026-07-17,000408,69.62,70.45,67.79,68.6,13001410.0,895765532.0,107626420224.4
2026-07-20,000408,68.72,70.42,67.38,69.84,15098726.0,1045597323.0,109571854059.36
2026-07-21,000408,70.75,72.63,70.6,72.31,18299208.0,1308581407.0,113447032746.74
2026-07-22,000408,74.0,77.88,74.0,76.56,24078636.0,1844666437.0,120114850326.24
2026-07-23,000408,77.7,80.59,76.62,79.46,20870723.0,1652514169.0,124664655262.84
2026-07-24,000408,77.8,79.36,77.0,77.27,12246434.0,953073150.0,121228768086.57999
2026-07-27,000408,78.19,80.0,78.13,79.73,11296022.0,895078491.0,125088257791.42001
2026-07-28,000408,79.0,81.35,78.06,79.41,12555173.0,1004896699.0,124586210350.14
2026-07-29,000408,79.01,80.55,77.66,79.6,10153502.0,805741535.0,124884301018.4
