date,ticker,open,high,low,close,volume,amount,market_cap
2021-01-04,000895,34.24,35.93,34.06,35.02,24369117.0,1172056329.0,47055375684.86
2021-01-05,000895,35.06,38.52,35.03,38.52,47393462.0,2429782137.0,51758225910.36
2021-01-06,000895,39.73,40.11,37.85,38.46,36251730.0,1922779494.0,51677605620.78
2021-01-07,000895,38.27,38.52,37.28,37.95,24834673.0,1286592583.0,50992333159.350006
2021-01-08,000895,37.93,39.07,36.97,37.79,24285100.0,1265104697.0,50777345720.47
2021-01-11,000895,37.49,38.63,36.47,36.66,25471502.0,1307313519.0,49258996933.38
2021-01-12,000895,36.66,37.33,35.95,37.28,20717489.0,1046012434.0,50092073259.04
2021-01-13,000895,37.29,39.06,36.95,38.68,31899277.0,1674512444.0,51973213349.24
2021-01-14,000895,38.66,39.67,37.94,39.02,25967020.0,1385411093.0,52430061656.86
2021-01-15,000895,38.52,39.33,36.75,37.57,22162004.0,1142985426.0,50481737992.01
2021-01-18,000895,36.98,37.3,35.82,36.41,29833092.0,1485807951.0,48923079060.13
2021-01-19,000895,36.47,36.84,35.61,35.71,19224530.0,946085724.0,47982509015.03
2021-01-20,000895,35.71,35.74,34.65,35.29,19894187.0,954124874.0,47418166987.97
2021-01-21,000895,35.09,36.33,35.02,35.96,17685149.0,865486822.0,48318426888.28
2021-01-22,000895,36.06,36.2,35.03,35.61,16460907.0,801470106.0,47848141865.729996
2021-01-25,000895,35.74,37.09,35.74,36.73,27844558.0,1395498292.0,49353053937.89
2021-01-26,000895,36.74,37.38,35.33,35.7,22770121.0,1133809055.0,47969072300.100006
2021-01-27,000895,35.38,35.38,34.36,34.76,19689839.0,938631879.0,46706021096.68
2021-01-28,000895,34.33,34.65,33.57,34.04,12307621.0,577317709.0,45738577621.72
2021-01-29,000895,34.27,34.64,33.23,34.28,19749629.0,910909025.0,46061058780.04
2021-02-01,000895,34.28,34.65,33.77,34.45,11258148.0,529817774.0,46289482933.850006
2021-02-02,000895,34.72,36.25,34.72,35.92,21651963.0,1057793816.0,48264680028.560005
2021-02-03,000895,35.91,36.23,35.15,35.25,15780782.0,770976776.0,47364420128.25
2021-02-04,000895,35.01,35.15,33.96,34.67,14856036.0,701824520.0,46585090662.310005
2021-02-05,000895,34.91,35.57,34.25,34.42,14401094.0,688214224.0,46249172789.060005
2021-02-08,000895,34.72,35.45,33.9,35.23,17248735.0,821989097.0,47337546698.39
2021-02-09,000895,35.25,36.82,34.94,36.68,29382532.0,1457152812.0,49285870363.24
2021-02-10,000895,36.93,38.02,36.76,37.41,28881642.0,1484030703.0,50266750553.13
2021-02-18,000895,38.09,38.65,35.03,35.39,44084039.0,2174792173.0,47552534137.270004
2021-02-19,000895,35.01,36.0,34.46,35.74,22190329.0,1069733733.0,48022819159.82
2021-02-22,000895,35.73,35.74,34.82,34.94,19481373.0,942153834.0,46947881965.42
2021-02-23,000895,34.51,34.91,34.36,34.52,11758560.0,557761043.0,46383539938.36
2021-02-24,000895,34.58,35.13,34.43,34.94,14284160.0,682279628.0,46947881965.42
2021-02-25,000895,34.94,35.15,34.28,34.47,13263152.0,629189918.0,46316356363.71
2021-02-26,000895,33.96,34.07,33.28,33.58,13537427.0,625641621.0,45120488734.939995
2021-03-01,000895,33.77,34.12,33.53,34.02,7829576.0,363336447.0,45711704191.86
2021-03-02,000895,34.12,34.18,33.34,33.59,10285617.0,474712005.0,45133925449.87
2021-03-03,000895,33.6,34.27,33.41,34.18,8615249.0,400263525.0,45926691630.74
2021-03-04,000895,33.91,33.99,33.04,33.26,10981373.0,502520491.0,44690513857.18
2021-03-05,000895,32.85,33.15,32.46,32.9,10131758.0,456296650.0,44206792119.7
2021-03-08,000895,32.91,33.18,31.66,31.77,15647400.0,694765984.0,42688443332.61
2021-03-09,000895,31.73,31.73,29.99,30.42,19159353.0,802611643.0,40874486817.060005
2021-03-10,000895,30.46,30.75,29.54,29.82,11654449.0,479171747.0,40068283921.26
2021-03-11,000895,29.8,30.34,29.69,30.33,10788275.0,444741769.0,40753556382.689995
2021-03-12,000895,30.33,30.33,29.83,30.03,7848278.0,322666530.0,40350454934.79
2021-03-15,000895,30.03,30.03,28.97,29.03,15004454.0,604394737.0,39006783441.79
2021-03-16,000895,29.4,29.69,29.14,29.67,8216679.0,331076844.0,39866733197.310005
2021-03-17,000895,29.67,30.54,29.32,30.35,12218597.0,505931216.0,40780429812.55
2021-03-18,000895,30.4,30.68,29.96,29.97,8614273.0,357330882.0,40269834645.21
2021-03-19,000895,29.55,29.83,29.33,29.52,7851091.0,317904435.0,39665182473.36
2021-03-22,000895,29.59,29.98,29.47,29.77,6860733.0,279350786.0,40001100346.61
2021-03-23,000895,29.77,30.21,29.7,29.92,5983695.0,245834499.0,40202651070.560005
2021-03-24,000895,29.78,30.19,29.66,29.92,5353207.0,219768989.0,40202651070.560005
2021-03-25,000895,29.87,31.01,29.73,30.78,9086625.0,378744251.0,41358208554.54
2021-03-26,000895,30.76,31.22,30.35,31.02,9289075.0,392194693.0,41680689712.86
2021-03-29,000895,31.02,31.69,31.02,31.57,8006421.0,344835487.0,42419709034.01
2021-03-30,000895,31.37,32.23,31.28,32.01,9985556.0,437415724.0,43010924490.93
2021-03-31,000895,31.99,31.99,29.55,29.91,30592566.0,1253494719.0,40189214355.63
2021-04-01,000895,29.85,30.02,29.69,29.86,9097544.0,371925393.0,40122030780.979996
2021-04-02,000895,29.86,29.91,29.03,29.28,24993940.0,1003528762.0,39342701315.04
2021-04-06,000895,29.33,29.51,29.03,29.4,11496675.0,461969446.0,39503941894.2
2021-04-07,000895,29.39,29.39,28.74,29.1,13893873.0,552739694.0,39100840446.3
2021-04-08,000895,28.99,29.15,28.74,28.79,12063719.0,477049855.0,38684302283.47
2021-04-09,000895,28.8,29.08,28.65,28.97,8380763.0,332412215.0,38926163152.21
2021-04-12,000895,28.97,29.16,28.08,28.39,13451028.0,528701399.0,38146833686.270004
2021-04-13,000895,28.15,29.03,28.0,28.85,10622410.0,418248651.0,38764922573.05
2021-04-14,000895,28.91,29.44,28.91,29.38,10339240.0,415154837.0,39477068464.34
2021-04-15,000895,29.25,29.47,28.7,29.36,10605716.0,425353677.0,39450195034.479996
2021-04-16,000895,29.18,29.51,28.82,28.89,8181181.0,325254521.0,38818669432.770004
2021-04-19,000895,28.89,28.89,28.13,28.49,21328930.0,830747007.0,42423049200.84
2021-04-20,000895,28.5,28.85,28.42,28.47,14221768.0,558321705.0,42393268190.52
2021-04-21,000895,28.42,29.23,28.23,28.95,15258598.0,602460621.0,43108012438.2
2021-04-22,000895,29.09,29.14,28.78,29.02,9959779.0,395794722.0,43212245974.32
2021-04-23,000895,29.16,29.38,28.95,29.3,13061725.0,523099517.0,43629180118.8
2021-04-26,000895,29.3,29.31,28.63,28.68,15296964.0,606462682.0,42705968798.88
2021-04-27,000895,28.68,29.13,28.41,29.08,10121466.0,399773271.0,43301589005.28
2021-04-28,000895,28.45,28.45,26.99,27.24,40136843.0,1505853526.0,40561736055.84
2021-04-29,000895,27.11,27.34,26.73,26.91,19866560.0,734765469.0,40070349385.56
2021-04-30,000895,26.91,27.06,26.65,26.73,11223561.0,412654405.0,39802320292.68
2021-05-06,000895,26.75,26.98,26.38,26.43,12606726.0,459730766.0,39355605137.88
2021-05-07,000895,26.41,26.49,26.07,26.11,11940860.0,429525334.0,38879108972.76
2021-05-10,000895,26.1,26.1,24.93,25.25,19764136.0,685845445.0,37598525529.0
2021-05-11,000895,25.14,25.92,24.95,25.84,11054845.0,388311824.0,38477065333.44
2021-05-12,000895,25.84,26.54,25.84,26.49,11809487.0,425096300.0,39444948168.84
2021-05-13,000895,26.49,26.82,26.19,26.67,13575393.0,494763719.0,39712977261.72
2021-05-14,000895,26.67,27.21,26.67,27.12,10680440.0,395960054.0,40383049993.92
2021-05-17,000895,27.19,27.33,26.9,27.17,11147171.0,414448751.0,40457502519.72
2021-05-18,000895,27.24,27.43,27.17,27.39,6948418.0,260148190.0,40785093633.24
2021-05-19,000895,27.39,27.72,26.98,27.71,9062230.0,341054722.0,41261589798.36
2021-05-20,000895,27.58,27.79,27.44,27.69,9319835.0,353032125.0,41231808788.04
2021-05-21,000895,27.66,27.66,26.81,26.96,14580009.0,516851276.0,40144801911.36
2021-05-24,000895,26.94,27.32,26.57,27.26,8349831.0,294673804.0,40591517066.16
2021-05-25,000895,27.26,27.99,27.14,27.86,11502327.0,418163498.0,41484947375.76
2021-05-26,000895,27.93,28.13,27.51,27.74,9087548.0,330212489.0,41306261313.84
2021-05-27,000895,27.7,27.92,27.51,27.51,12112074.0,438207267.0,40963779695.16
2021-05-28,000895,27.51,27.59,26.96,27.16,12099254.0,430468208.0,40442612014.56
2021-05-31,000895,27.1,27.11,26.56,26.88,15011608.0,525265890.0,40025677870.08
2021-06-01,000895,27.0,27.42,26.93,27.13,13326493.0,473660385.0,40397940499.08
2021-06-02,000895,27.22,27.25,26.69,26.81,13593551.0,476916681.0,39921444333.96
2021-06-03,000895,26.82,27.13,26.71,26.87,11458168.0,403639743.0,40010787364.92
2021-06-04,000895,26.88,26.94,26.71,26.83,11158441.0,391508610.0,39951225344.28
2021-06-07,000895,26.93,26.93,26.42,26.54,11024071.0,383619460.0,39519400694.64
2021-06-08,000895,26.7,26.71,25.95,26.22,13905710.0,478405716.0,39042904529.52
2021-06-09,000895,26.22,26.25,25.89,25.99,10806582.0,367988446.0,38700422910.84
2021-06-10,000895,25.99,26.14,25.8,25.84,11716626.0,398038104.0,38477065333.44
2021-06-11,000895,25.84,26.37,25.45,26.02,19369494.0,659821040.0,38745094426.32
2021-06-15,000895,26.02,26.18,25.48,25.66,11139294.0,376321879.0,38209036240.56
2021-06-16,000895,25.67,25.93,25.55,25.59,6795030.0,228683804.0,38104802704.44
2021-06-17,000895,25.59,25.64,25.06,25.19,11000495.0,364199429.0,37509182498.04
2021-06-18,000895,25.19,25.19,23.3,23.9,34294327.0,1078811680.0,35588307332.4
2021-06-21,000895,23.89,23.89,23.51,23.54,13266551.0,410882183.0,35052249146.64
2021-06-22,000895,23.62,24.22,23.58,23.97,12373389.0,387422762.0,35692540868.52
2021-06-23,000895,23.97,24.26,23.71,24.23,10641119.0,335243382.0,36079694002.68
2021-06-24,000895,24.27,24.41,23.97,24.34,7710468.0,244664605.0,36243489559.44
2021-06-25,000895,24.34,24.71,24.3,24.65,8242012.0,265377067.0,36705095219.4
2021-06-28,000895,24.76,25.16,24.76,25.0,11625376.0,379612981.0,37226262900.0
2021-06-29,000895,25.0,25.05,24.5,24.59,7768247.0,251272180.0,36615752188.44
2021-06-30,000895,24.58,24.59,24.17,24.27,6627595.0,211146089.0,36133763673.78
2021-07-01,000895,24.27,25.03,24.27,24.77,8695332.0,281049760.0,36878175780.78
2021-07-02,000895,24.59,25.42,24.33,24.4,13715703.0,447199395.0,36327310821.6
2021-07-05,000895,24.48,24.54,23.58,23.75,11076019.0,344903271.0,35359575082.5
2021-07-06,000895,23.73,24.04,23.48,23.97,7675498.0,237904256.0,35687116409.58
2021-07-07,000895,23.81,24.11,23.57,23.62,10839623.0,336331474.0,35166027934.68
2021-07-08,000895,23.55,23.58,23.3,23.32,7732229.0,236509363.0,34719380670.48
2021-07-09,000895,23.3,23.56,22.93,23.13,9768648.0,295484459.0,34436504069.82
2021-07-12,000895,23.15,23.45,22.99,23.05,10208140.0,309708766.0,34317398132.7
2021-07-13,000895,23.07,23.4,22.94,23.4,10081129.0,306202981.0,34838486607.6
2021-07-14,000895,23.4,23.71,23.24,23.44,11836697.0,364623857.0,34898039576.16
2021-07-15,000895,23.44,23.44,23.03,23.19,10652849.0,323365609.0,34525833522.66
2021-07-16,000895,23.16,23.19,22.71,22.81,15922076.0,476790521.0,33960080321.339996
2021-07-19,000895,22.64,22.65,21.56,21.8,25367380.0,723930592.0,32456367865.2
2021-07-20,000895,21.8,22.29,21.64,22.21,13953196.0,401838292.0,33066785792.940002
2021-07-21,000895,22.32,22.36,21.37,21.38,29711967.0,841588161.0,31831061695.32
2021-07-22,000895,21.45,21.65,21.05,21.54,17144969.0,480417737.0,32069273569.559998
2021-07-23,000895,21.54,21.57,21.21,21.24,15024612.0,419331561.0,31622626305.359997
2021-07-26,000895,21.24,21.31,20.56,20.7,19725841.0,536508142.0,30818661229.8
2021-07-27,000895,20.77,20.83,19.69,19.84,24826976.0,657982147.0,29538272405.76
2021-07-28,000895,19.88,20.08,19.46,20.0,24873580.0,643956143.0,29776484280.0
2021-07-29,000895,20.22,20.29,19.45,19.49,28494415.0,735267340.0,29017183930.859997
2021-07-30,000895,19.5,19.75,19.1,19.6,25514448.0,652363798.0,29180954594.4
2021-08-02,000895,19.6,20.4,19.17,20.16,40361142.0,1053809630.0,30014696154.24
2021-08-03,000895,20.07,20.72,19.94,20.72,30457208.0,815168017.0,30848437714.079998
2021-08-04,000895,20.72,20.76,20.13,20.32,25458406.0,677734486.0,30252908028.48
2021-08-05,000895,20.23,20.65,20.06,20.26,18222890.0,486034105.0,30163578575.640003
2021-08-06,000895,20.16,20.26,19.86,19.98,12335863.0,323090760.0,29746707795.72
2021-08-09,000895,19.75,21.81,19.51,21.35,42877965.0,1179396880.0,31786396968.9
2021-08-10,000895,21.34,21.7,20.91,21.58,28581258.0,798378988.0,32128826538.12
2021-08-11,000895,21.52,22.25,21.34,21.43,29082904.0,828045924.0,31905502906.02
2021-08-12,000895,21.39,21.63,20.72,20.79,24080799.0,662257360.0,30952655409.059998
2021-08-13,000895,20.37,20.97,20.11,20.61,23107285.0,621722276.0,30684667050.54
2021-08-16,000895,20.65,21.39,20.45,21.31,23670031.0,652319747.0,31726844000.339996
2021-08-17,000895,21.31,21.65,21.06,21.24,21751245.0,607324560.0,31622626305.359997
2021-08-18,000895,21.0,21.0,19.68,20.07,61519136.0,1611666176.0,29880701974.98
2021-08-19,000895,19.54,19.65,18.85,19.07,52630383.0,1322334053.0,28391877760.98
2021-08-20,000895,18.89,19.33,18.11,19.24,45413039.0,1098923947.0,28644977877.359997
2021-08-23,000895,19.02,19.26,18.84,19.16,21707126.0,542488900.0,28525871940.24
2021-08-24,000895,19.16,19.52,18.97,19.33,16384667.0,413731335.0,28778972056.62
2021-08-25,000895,19.33,19.54,19.13,19.17,15379076.0,388366770.0,28540760182.38
2021-08-26,000895,19.14,19.17,18.78,18.79,15886514.0,393927521.0,27975006981.059998
2021-08-27,000895,18.68,19.04,18.64,18.75,10646548.0,262955966.0,27915454012.5
2021-08-30,000895,18.75,18.76,18.2,18.28,22173483.0,533513498.0,27215706631.920002
2021-08-31,000895,18.28,18.55,18.01,18.39,15114378.0,362035543.0,27379477295.46
2021-09-01,000895,18.45,19.39,18.4,19.26,28206252.0,702611319.0,28674754361.640003
2021-09-02,000895,19.33,19.37,18.71,18.97,20935804.0,519466627.0,28242995339.579998
2021-09-03,000895,18.93,19.23,18.59,19.14,19509424.0,485948069.0,28496095455.96
2021-09-06,000895,19.13,19.75,19.0,19.51,23742637.0,605430003.0,29046960415.140003
2021-09-07,000895,19.51,19.82,19.36,19.63,15633035.0,402420547.0,29225619320.82
2021-09-08,000895,19.62,19.78,19.34,19.48,16428270.0,419755988.0,29002295688.72
2021-09-09,000895,19.54,19.68,19.36,19.57,13567080.0,346763692.0,29136289867.98
2021-09-10,000895,19.59,19.94,19.51,19.71,19160010.0,496351220.0,29344725257.940002
2021-09-13,000895,19.73,19.88,19.33,19.42,16392463.0,419204853.0,28912966235.88
2021-09-14,000895,19.39,19.55,19.14,19.16,12826946.0,324424227.0,28525871940.24
2021-09-15,000895,19.09,19.1,18.84,18.91,10557165.0,261701618.0,28153665886.74
2021-09-16,000895,18.91,20.04,18.91,19.56,29718069.0,762745669.0,29121401625.839996
2021-09-17,000895,19.6,19.88,19.27,19.81,19532738.0,501932911.0,29493607679.339996
2021-09-22,000895,19.55,19.55,19.25,19.41,11619703.0,295354311.0,28898077993.74
2021-09-23,000895,19.41,19.76,19.28,19.67,12140449.0,311551468.0,29285172289.38
2021-09-24,000895,19.68,20.43,19.56,20.26,29772807.0,787846815.0,30163578575.640003
2021-09-27,000895,20.29,21.52,20.05,21.11,41467443.0,1138019007.0,31429079157.54
2021-09-28,000895,21.1,21.1,20.44,20.76,20092310.0,544905027.0,30907990682.640003
2021-09-29,000895,20.61,21.13,20.24,20.91,23349305.0,633464742.0,31131314314.74
2021-09-30,000895,20.91,21.2,20.55,20.72,17571948.0,478662846.0,30848437714.079998
2021-10-08,000895,20.75,21.49,20.42,21.41,28017759.0,778564903.0,31875726421.74
2021-10-11,000895,21.09,21.37,20.7,21.03,30500106.0,837768220.0,31309973220.420002
2021-10-12,000895,20.99,20.99,20.52,20.87,17625817.0,479369178.0,31071761346.18
2021-10-13,000895,20.95,21.34,20.6,21.16,20433433.0,561981426.0,31503520368.24
2021-10-14,000895,21.04,21.15,20.63,20.74,13650983.0,372493982.0,30878214198.359997
2021-10-15,000895,20.5,20.78,20.25,20.27,18856973.0,504217992.0,30178466817.78
2021-10-18,000895,20.22,20.22,19.62,19.86,15750207.0,409245029.0,29568048890.04
2021-10-19,000895,19.86,21.84,19.82,21.84,69675462.0,1953990982.0,32515920833.76
2021-10-20,000895,21.84,21.96,21.26,21.45,49199959.0,1387910170.0,31935279390.3
2021-10-21,000895,21.37,21.62,21.09,21.29,23794327.0,664500289.0,31697067516.059998
2021-10-22,000895,21.29,21.75,21.14,21.43,25599993.0,719586001.0,31905502906.02
2021-10-25,000895,21.91,22.04,21.14,21.29,26754595.0,751541720.0,31697067516.059998
2021-10-26,000895,21.14,21.41,20.61,20.64,28846879.0,788544815.0,30729331776.96
2021-10-27,000895,20.27,21.36,20.24,21.26,42844153.0,1179277879.0,31652402789.640003
2021-10-28,000895,21.07,22.39,20.48,22.09,57301376.0,1632447053.0,32888126887.26
2021-10-29,000895,22.04,22.61,21.88,22.52,42853838.0,1253108548.0,33528321299.28
2021-11-01,000895,22.4,22.88,21.85,22.55,31720571.0,931829817.0,33572986025.7
2021-11-02,000895,22.45,24.03,22.06,23.68,52269229.0,1582088942.0,35255357387.52
2021-11-03,000895,23.45,24.53,23.29,24.36,49768052.0,1563094371.0,36267757853.04
2021-11-04,000895,24.19,24.99,23.65,23.7,57045967.0,1813411894.0,35285133871.799995
2021-11-05,000895,23.7,24.03,23.15,23.5,38506085.0,1187836021.0,34987369029.0
2021-11-08,000895,23.47,24.04,23.16,23.55,26293937.0,811804377.0,35061810239.700005
2021-11-09,000895,23.48,23.74,23.28,23.49,17864458.0,549052454.0,34972480786.86
2021-11-10,000895,23.48,23.51,22.49,23.03,25347546.0,759789018.0,34287621648.420002
2021-11-11,000895,22.97,23.16,22.77,22.9,16959974.0,509341821.0,34094074500.6
2021-11-12,000895,22.89,23.15,22.72,22.9,15687159.0,471272308.0,34094074500.6
2021-11-15,000895,22.96,24.04,22.67,23.88,36119202.0,1109546770.0,35553122230.32
2021-11-16,000895,23.81,24.04,23.58,23.66,18019360.0,561067398.0,35225580903.24
2021-11-17,000895,23.55,23.87,23.39,23.61,13359266.0,412248859.0,35151139692.54
2021-11-18,000895,23.55,23.55,22.94,22.96,18244316.0,552051462.0,34183403953.440002
2021-11-19,000895,22.94,23.16,22.68,23.05,14066905.0,422542794.0,34317398132.7
2021-11-22,000895,23.06,23.13,22.71,22.8,14539543.0,435354908.0,33945192079.2
2021-11-23,000895,22.73,23.55,22.58,23.36,20256188.0,613949950.0,34778933639.04
2021-11-24,000895,23.2,23.65,22.95,23.01,13558706.0,411910791.0,34257845164.140003
2021-11-25,000895,22.93,22.96,22.68,22.73,10218792.0,304838463.0,33840974384.22
2021-11-26,000895,22.67,22.71,22.13,22.13,17858899.0,521619794.0,32947679855.82
2021-11-29,000895,21.98,22.28,21.87,22.13,11290508.0,326616079.0,32947679855.82
2021-11-30,000895,22.06,22.34,21.66,21.72,15115236.0,434806308.0,32337261928.079998
2021-12-01,000895,21.78,22.49,21.72,22.29,18364759.0,533201744.0,33185891730.059998
2021-12-02,000895,22.29,23.05,22.18,22.92,22680214.0,677773551.0,34123850984.88
2021-12-03,000895,22.92,23.13,22.67,23.06,17193413.0,517658679.0,34332286374.839996
2021-12-06,000895,22.98,23.1,22.58,22.63,11665051.0,348372272.0,33692091962.82
2021-12-07,000895,22.63,23.66,22.59,23.65,29648662.0,910433180.0,35210692661.1
2021-12-08,000895,23.86,24.1,23.46,23.81,27362114.0,852944352.0,35448904535.34
2021-12-09,000895,23.8,24.35,23.7,24.15,24754753.0,782695342.0,35955104768.1
2021-12-10,000895,24.0,24.31,23.9,23.91,19836920.0,626304847.0,35597786956.74
2021-12-13,000895,23.91,24.4,23.74,24.16,19541691.0,619510702.0,35969993010.24
2021-12-14,000895,24.1,24.33,23.62,23.79,18608922.0,582115323.0,35419128051.06
2021-12-15,000895,23.88,23.89,23.08,23.1,16735591.0,510232523.0,34391839343.4
2021-12-16,000895,23.03,23.29,22.71,23.16,15263084.0,459761966.0,34481168796.24
2021-12-17,000895,23.13,23.32,22.9,22.98,11991776.0,362409135.0,34213180437.72
2021-12-20,000895,22.98,23.6,22.74,23.35,15005095.0,458291302.0,34764045396.9
2021-12-21,000895,23.35,23.79,23.27,23.45,13100054.0,404087857.0,34912927818.299995
2021-12-22,000895,23.45,23.6,23.25,23.55,9411656.0,289387368.0,35061810239.700005
2021-12-23,000895,23.55,23.97,23.45,23.91,15270131.0,476871701.0,35597786956.74
2021-12-24,000895,23.9,24.31,23.6,24.27,18777416.0,593476336.0,36133763673.78
2021-12-27,000895,24.32,24.65,24.0,24.56,18686731.0,596552085.0,36565522695.84
2021-12-28,000895,24.36,24.73,24.19,24.42,14982685.0,479354399.0,36357087305.880005
2021-12-29,000895,24.38,24.49,23.86,23.97,14800673.0,466998488.0,35687116409.58
2021-12-30,000895,23.95,24.11,23.79,23.98,10024924.0,314661007.0,35702004651.72
2021-12-31,000895,23.97,24.08,23.71,24.08,10846815.0,340175462.0,35850876237.119995
2022-01-04,000895,24.16,25.03,24.15,24.8,24952894.0,802874673.0,36922829347.200005
2022-01-05,000895,24.66,25.87,24.64,25.48,34863674.0,1161861019.0,37935229506.72
2022-01-06,000895,25.11,25.64,24.93,25.49,22787554.0,755588678.0,37950117744.36
2022-01-07,000895,25.29,25.58,24.81,24.87,19928035.0,657025201.0,37027047010.68
2022-01-10,000895,24.7,25.49,24.53,25.35,19673059.0,649078101.0,37741682417.4
2022-01-11,000895,25.29,25.3,23.82,23.98,30920925.0,987088098.0,35701993860.72
2022-01-12,000895,23.97,24.42,23.5,24.34,15685732.0,494560867.0,36237970415.76
2022-01-13,000895,24.27,24.63,23.74,23.76,13407061.0,424125507.0,35374452632.64
2022-01-14,000895,23.85,24.06,22.86,22.99,20755355.0,633951853.0,34228058334.359997
2022-01-17,000895,23.13,23.3,22.48,23.19,13744979.0,413515169.0,34525823087.16
2022-01-18,000895,23.18,23.64,22.98,23.58,10775077.0,329122752.0,35106464355.119995
2022-01-19,000895,23.48,24.6,23.37,24.12,18285891.0,577151420.0,35910429187.68
2022-01-20,000895,24.04,24.53,24.03,24.16,11792635.0,375299898.0,35969982138.24
2022-01-21,000895,24.09,24.27,23.8,23.97,9229786.0,290735681.0,35687105623.08
2022-01-24,000895,23.92,24.23,23.68,24.03,8205897.0,258121145.0,35776435048.92
2022-01-25,000895,23.92,24.02,23.36,23.39,9417972.0,292265726.0,34823587839.96
2022-01-26,000895,23.39,23.82,23.19,23.57,10105094.0,311856501.0,35091576117.48
2022-01-27,000895,23.36,23.75,22.9,22.9,11628340.0,352710630.0,34094064195.6
2022-01-28,000895,22.9,23.21,22.55,22.74,11019426.0,330458162.0,33855852393.359997
2022-02-07,000895,22.91,23.57,22.25,23.38,13608883.0,410816616.0,34808699602.32
2022-02-08,000895,23.39,23.63,23.13,23.61,9026286.0,276195691.0,35151129068.04
2022-02-09,000895,23.61,24.13,23.5,23.87,11535496.0,360918815.0,35538223246.68
2022-02-10,000895,23.81,24.57,23.74,24.2,12355478.0,392486973.0,36029535088.799995
2022-02-11,000895,24.16,24.17,23.47,23.48,12775641.0,396323506.0,34957581978.72
2022-02-14,000895,23.39,23.73,23.05,23.57,7707770.0,236997836.0,35091576117.48
2022-02-15,000895,23.57,23.72,23.09,23.29,8137050.0,249028128.0,34674705463.56
2022-02-16,000895,23.39,23.42,22.76,22.97,11090295.0,334935907.0,34198281859.079998
2022-02-17,000895,22.97,23.3,22.79,23.12,9061977.0,274042531.0,34421605423.68
2022-02-18,000895,23.06,23.06,22.42,22.82,16225699.0,482021718.0,33974958294.48
2022-02-21,000895,22.82,23.08,22.71,22.93,7528351.0,225840673.0,34138728908.52
2022-02-22,000895,22.84,22.84,22.36,22.62,8857718.0,261715341.0,33677193541.68
2022-02-23,000895,22.62,22.86,22.41,22.45,10275837.0,302648220.0,33424093501.8
2022-02-24,000895,22.36,22.41,21.38,21.61,18634790.0,532931334.0,32173481540.04
2022-02-25,000895,21.68,22.01,21.65,21.74,8092884.0,231499347.0,32367028629.359997
2022-02-28,000895,21.74,22.06,21.22,21.98,12261172.0,349273530.0,32724346332.72
2022-03-01,000895,21.98,22.48,21.89,22.41,14146102.0,411643372.0,33364540551.24
2022-03-02,000895,22.31,22.39,22.07,22.34,8944309.0,260378204.0,33260322887.76
2022-03-03,000895,22.34,22.55,22.24,22.47,8508742.0,250163295.0,33453869977.079998
2022-03-04,000895,22.36,22.82,22.23,22.59,9524608.0,282042565.0,33632528828.76
2022-03-07,000895,22.57,22.57,21.71,21.75,9796249.0,281905572.0,32381916867.0
2022-03-08,000895,21.75,22.01,21.0,21.03,11732282.0,329268553.0,31309963756.920002
2022-03-09,000895,21.04,21.26,19.84,20.81,14233107.0,385238213.0,30982422528.839996
2022-03-10,000895,21.09,21.29,20.91,21.04,8736427.0,241426145.0,31324851994.559998
2022-03-11,000895,20.81,21.61,20.61,21.6,10348500.0,287195578.0,32158593302.4
2022-03-14,000895,21.48,21.65,21.24,21.31,6667298.0,186625106.0,31726834410.839996
2022-03-15,000895,20.76,20.78,19.18,19.18,28547447.0,733840327.0,28555639793.52
2022-03-16,000895,17.94,19.6,17.94,19.26,30109658.0,735377538.0,28674745694.640003
2022-03-17,000895,19.34,20.11,19.34,19.83,15851184.0,410690885.0,29523375240.12
2022-03-18,000895,19.62,20.0,19.42,19.77,9421207.0,244140256.0,29434045814.28
2022-03-21,000895,19.77,20.48,19.76,20.17,10168986.0,267839318.0,30029575319.88
2022-03-22,000895,20.0,20.64,19.98,20.51,7801667.0,208290300.0,30535775399.640003
2022-03-23,000895,20.51,20.59,20.16,20.34,6810413.0,181594076.0,30282675359.76
2022-03-24,000895,20.3,20.32,20.02,20.08,5482529.0,144607520.0,29895581181.12
2022-03-25,000895,20.36,20.69,19.9,20.23,8710290.0,232678057.0,30118904745.72
2022-03-28,000895,20.07,20.42,19.88,20.38,9424557.0,249053712.0,30342228310.32
2022-03-29,000895,20.87,22.25,20.63,21.76,28765336.0,815780046.0,32396805104.640003
2022-03-30,000895,21.64,22.2,21.57,22.08,15143791.0,434382370.0,32873228709.12
2022-03-31,000895,22.09,22.56,21.98,22.18,12563342.0,366980455.0,33022111085.52
2022-04-01,000895,22.06,22.55,21.88,22.3,10244707.0,299856798.0,33200769937.2
2022-04-06,000895,22.52,22.52,21.91,22.06,11819117.0,342299095.0,32843452233.839996
2022-04-07,000895,21.99,22.02,21.3,21.6,16709301.0,472779309.0,32158593302.4
2022-04-08,000895,21.62,21.65,21.1,21.37,13211202.0,369393025.0,31816163836.68
2022-04-11,000895,21.54,22.1,21.15,21.97,17816301.0,508177187.0,32709458095.079998
2022-04-12,000895,21.84,22.25,21.67,22.22,11326145.0,326052213.0,33081664036.079998
2022-04-13,000895,22.13,22.38,21.99,22.06,8383700.0,243310094.0,32843452233.839996
2022-04-14,000895,21.98,22.87,21.91,22.7,17722315.0,524193568.0,33796299442.8
2022-04-15,000895,22.55,24.04,22.4,23.64,26859067.0,821773337.0,35195793780.96
2022-04-18,000895,23.41,24.72,23.26,24.32,30859219.0,980934753.0,36208193940.48
2022-04-19,000895,24.35,24.58,23.71,23.85,18169939.0,573367899.0,35508446771.4
2022-04-20,000895,23.81,24.69,23.61,24.35,24884420.0,794486909.0,36252858653.4
2022-04-21,000895,24.35,24.87,23.89,24.11,21942616.0,699480937.0,35895540950.04
2022-04-22,000895,23.72,24.24,23.58,24.03,18012633.0,562566320.0,35776435048.92
2022-04-25,000895,24.02,24.81,23.78,23.94,31175277.0,997520544.0,35642440910.16
2022-04-26,000895,23.94,24.42,23.37,23.74,19701371.0,615805914.0,35344676157.36
2022-04-27,000895,23.16,24.39,22.97,24.39,20571924.0,644457746.0,36312411603.96
2022-04-28,000895,24.0,24.39,23.41,24.26,17571610.0,552154762.0,36118864514.64
2022-04-29,000895,24.51,24.51,23.08,23.67,28012117.0,828448734.0,35240458493.880005
2022-05-05,000895,23.45,23.91,23.17,23.68,19614084.0,582036654.0,35255346731.52
2022-05-06,000895,23.43,24.47,23.0,24.37,18556094.0,558277143.0,36282635128.68
2022-05-09,000895,23.79,25.59,23.74,25.5,24609686.0,780890399.0,37965005982.0
2022-05-10,000895,25.1,25.56,24.58,25.07,18018427.0,564948857.0,37324811763.48
2022-05-11,000895,25.02,25.15,24.27,24.41,20046743.0,620103123.0,36342188079.24
2022-05-12,000895,24.39,24.39,23.55,24.03,14982383.0,450341143.0,35776435048.92
2022-05-13,000895,23.95,24.51,23.75,24.01,16510908.0,500060672.0,35746658573.64
2022-05-16,000895,23.9,24.07,23.47,23.71,13512786.0,403252146.0,35300011444.44
2022-05-17,000895,23.52,23.87,23.28,23.55,9729114.0,287646534.0,35061799642.200005
2022-05-18,000895,23.47,23.5,23.0,23.24,14919492.0,435341682.0,34600264275.36
2022-05-19,000895,23.07,23.47,22.84,23.32,13723916.0,400805599.0,34719370176.48
2022-05-20,000895,23.29,23.5,22.98,23.14,15571352.0,453351639.0,34451381898.96
2022-05-23,000895,23.08,23.12,22.56,23.04,15662422.0,449282601.0,34302499522.559998
2022-05-24,000895,23.06,23.35,22.68,23.1,16494602.0,477896853.0,34391828948.4
2022-05-25,000895,22.92,23.84,22.72,23.47,18160756.0,536069524.0,34942693741.08
2022-05-26,000895,23.47,23.67,22.99,23.24,13793466.0,403687653.0,34600264275.36
2022-05-27,000895,23.24,23.65,22.86,23.0,13213598.0,384716859.0,34242946572.0
2022-05-30,000895,22.99,23.03,22.37,22.43,18898526.0,536204688.0,33394317026.52
2022-05-31,000895,22.45,22.8,22.05,22.55,23945943.0,676627054.0,33572975878.2
2022-06-01,000895,22.59,22.68,21.55,21.77,29472854.0,812351783.0,32411693342.28
2022-06-02,000895,21.67,21.67,21.18,21.33,21576060.0,578729980.0,31756610886.12
2022-06-06,000895,21.33,21.33,20.77,21.22,21815178.0,575360565.0,31592840272.079998
2022-06-07,000895,21.21,21.74,21.01,21.44,25456703.0,685851542.0,31920381500.160004
2022-06-08,000895,21.44,21.96,21.33,21.73,23243386.0,633330957.0,32352140391.72
2022-06-09,000895,21.73,22.35,21.71,21.78,25166344.0,696283548.0,32426581579.920002
2022-06-10,000895,21.64,22.21,21.59,22.12,18004377.0,494999511.0,32932781659.68
2022-06-13,000895,21.88,22.57,21.87,22.54,22475007.0,629345563.0,33558087640.559998
2022-06-14,000895,22.43,22.98,22.2,22.92,20018701.0,569708693.0,34123840670.88
2022-06-15,000895,22.9,23.12,22.76,22.86,21247576.0,612863482.0,34034511245.04
2022-06-16,000895,22.86,23.85,22.85,23.59,25602961.0,755133388.0,35121352592.76
2022-06-17,000895,23.47,23.85,23.31,23.79,19517762.0,579201979.0,35419117345.56
2022-06-20,000895,23.71,24.0,23.35,23.41,20478181.0,606927141.0,34853364315.24
2022-06-21,000895,23.42,23.63,22.96,23.19,19227174.0,560179487.0,34525823087.16
2022-06-22,000895,23.19,23.47,22.93,23.07,13058196.0,379813780.0,34347164235.48
2022-06-23,000895,23.1,23.2,22.76,23.05,12011045.0,346741250.0,34317387760.2
2022-06-24,000895,22.99,23.52,22.96,23.24,15168580.0,442714122.0,34600264275.36
2022-06-27,000895,23.24,23.7,23.24,23.46,16976788.0,500200782.0,34927805503.44
2022-06-28,000895,23.34,23.46,22.9,23.19,15488975.0,450074743.0,34525823087.16
2022-06-29,000895,23.08,23.35,22.73,22.79,15696960.0,452320572.0,33930293581.559998
2022-06-30,000895,22.84,23.54,22.79,23.31,18761051.0,548546475.0,34704492428.34
2022-07-01,000895,23.23,23.57,23.0,23.31,11786815.0,344440286.0,34704492428.34
2022-07-04,000895,23.55,24.16,23.43,24.16,29600576.0,890170676.0,35969993010.24
2022-07-05,000895,24.18,24.3,23.41,23.73,22088171.0,659810492.0,35329798598.22
2022-07-06,000895,23.59,23.59,22.79,23.04,16152426.0,469299518.0,34302509890.559998
2022-07-07,000895,23.0,23.15,22.57,22.73,13576920.0,388703035.0,33840974384.22
2022-07-08,000895,22.76,22.99,22.52,22.6,10956162.0,312824480.0,33647427236.4
2022-07-11,000895,22.6,22.76,22.18,22.42,12948653.0,365256065.0,33379438877.88
2022-07-12,000895,22.42,22.76,22.28,22.35,10514550.0,296736439.0,33275221182.9
2022-07-13,000895,22.38,22.45,22.12,22.18,11041416.0,308776755.0,33022121066.52
2022-07-14,000895,22.18,22.22,21.69,21.74,16980713.0,465780563.0,32367038412.359997
2022-07-15,000895,21.7,22.0,21.55,21.57,11537873.0,315523164.0,32113938295.98
2022-07-18,000895,21.64,21.72,21.33,21.61,14881703.0,403042841.0,32173491264.54
2022-07-19,000895,21.61,21.87,21.37,21.48,25655608.0,694400200.0,31979944116.72
2022-07-20,000895,21.6,21.75,21.41,21.65,19104976.0,518755894.0,32233044233.1
2022-07-21,000895,21.66,21.78,21.33,21.37,16691897.0,450593952.0,31816173453.18
2022-07-22,000895,21.41,21.44,20.97,21.02,16788263.0,445663423.0,31295084978.28
2022-07-25,000895,21.02,21.14,20.81,21.06,11798955.0,310775160.0,31354637946.839996
2022-07-26,000895,21.06,21.23,20.94,21.05,11610328.0,307260621.0,31339749704.7
2022-07-27,000895,21.01,21.07,20.85,20.94,8286285.0,217833751.0,31175979041.160004
2022-07-28,000895,20.99,21.19,20.95,21.14,11200199.0,297128381.0,31473743883.96
2022-07-29,000895,21.14,21.38,20.94,21.35,15099650.0,403463156.0,31786396968.9
2022-08-01,000895,21.36,21.4,21.01,21.09,11546946.0,306622391.0,31399302673.26
2022-08-02,000895,20.98,21.01,20.17,20.4,16652727.0,428352779.0,30372013965.6
2022-08-03,000895,20.37,20.62,20.13,20.16,11278304.0,288778569.0,30014696154.24
2022-08-04,000895,20.2,20.57,20.09,20.57,8118570.0,207733599.0,30625114081.98
2022-08-05,000895,20.57,21.29,20.46,21.25,14577893.0,385156406.0,31637514547.5
2022-08-08,000895,21.24,21.6,21.14,21.33,8958920.0,240675862.0,31756620484.62
2022-08-09,000895,21.33,21.33,20.93,20.98,7669495.0,202549174.0,31235532009.72
2022-08-10,000895,20.96,21.06,20.51,20.67,8689337.0,226259809.0,30773996503.38
2022-08-11,000895,20.78,21.22,20.7,21.11,9021501.0,238155456.0,31429079157.54
2022-08-12,000895,21.12,21.43,21.08,21.33,8981009.0,240285676.0,31756620484.62
2022-08-15,000895,21.29,21.44,21.13,21.35,8273947.0,221710304.0,31786396968.9
2022-08-16,000895,21.35,21.48,21.26,21.4,7609034.0,204551829.0,31860838179.6
2022-08-17,000895,21.73,21.77,21.2,21.21,17065747.0,458964663.0,31577961578.940002
2022-08-18,000895,21.14,21.17,20.77,20.85,11658487.0,305539651.0,31041984861.9
2022-08-19,000895,20.85,21.1,20.77,20.86,9163450.0,240936502.0,31056873104.04
2022-08-22,000895,20.86,21.08,20.85,20.9,7486766.0,196936579.0,31116426072.6
2022-08-23,000895,20.9,20.9,20.65,20.69,9020920.0,234854275.0,30803772987.660004
2022-08-24,000895,20.7,21.17,20.68,20.99,15872826.0,418672198.0,31250420251.859997
2022-08-25,000895,21.0,21.29,21.0,21.22,10482348.0,278761532.0,31592849821.079998
2022-08-26,000895,21.25,21.58,21.23,21.33,14637238.0,394167533.0,31756620484.62
2022-08-29,000895,21.18,21.38,20.9,21.05,12478206.0,330542763.0,31339749704.7
2022-08-30,000895,21.01,21.24,20.77,21.24,8936460.0,235956746.0,31622626305.359997
2022-08-31,000895,21.09,21.42,20.94,21.33,11341273.0,302536654.0,31756620484.62
2022-09-01,000895,21.33,21.33,21.09,21.12,10019822.0,266515583.0,31443967399.68
2022-09-02,000895,21.03,21.27,20.83,20.99,9763533.0,257596011.0,31250420251.859997
2022-09-05,000895,20.99,21.07,20.22,20.63,13911332.0,359447687.0,30714443534.82
2022-09-06,000895,20.63,20.9,20.49,20.81,10477293.0,273005912.0,30982431893.339996
2022-09-07,000895,20.81,20.85,20.38,20.44,11825933.0,304873645.0,30431566934.160004
2022-09-08,000895,20.51,20.57,20.33,20.35,6202121.0,159027566.0,30297572754.9
2022-09-09,000895,20.35,20.67,20.25,20.59,9545761.0,246196631.0,30654890566.26
2022-09-13,000895,20.63,20.93,20.62,20.73,10242512.0,267431686.0,30863325956.22
2022-09-14,000895,20.57,20.75,20.33,20.7,7735639.0,200241115.0,30818661229.8
2022-09-15,000895,20.81,20.84,20.53,20.7,9785044.0,248534487.0,30818661229.8
2022-09-16,000895,20.62,20.73,20.04,20.13,11123567.0,277427200.0,29970031427.82
2022-09-19,000895,20.12,20.39,19.71,20.27,7444972.0,184202086.0,30178466817.78
2022-09-20,000895,20.27,20.4,20.06,20.16,6587386.0,163150838.0,30014696154.24
2022-09-21,000895,20.15,20.15,19.66,19.74,9826018.0,238517465.0,29389389984.359997
2022-09-22,000895,19.64,19.64,19.39,19.39,7958595.0,190498852.0,28868301509.46
2022-09-23,000895,19.38,19.53,19.06,19.3,9963622.0,236033322.0,28734307330.2
2022-09-26,000895,19.28,19.5,19.03,19.22,6681444.0,158545338.0,28615201393.079998
2022-09-27,000895,19.23,19.92,19.23,19.87,8690782.0,209234771.0,29582937132.18
2022-09-28,000895,19.88,19.99,19.59,19.65,6673600.0,161899932.0,29255395805.1
2022-09-29,000895,19.87,20.05,19.61,19.7,7565961.0,183960240.0,68247695906.2
2022-09-30,000895,19.63,19.97,19.48,19.92,9038897.0,219770047.0,69009852916.32
2022-10-10,000895,19.92,20.29,19.71,19.87,10424404.0,255972697.0,68836635414.02
2022-10-11,000895,19.87,19.87,19.52,19.69,6331963.0,152639414.0,68213052405.740005
2022-10-12,000895,19.69,19.95,19.34,19.82,6858415.0,165467910.0,68663417911.72
2022-10-13,000895,19.74,20.42,19.64,20.19,10742324.0,264982830.0,69945227428.74
2022-10-14,000895,20.22,20.59,20.2,20.52,11171973.0,280358817.0,71088462943.92
2022-10-17,000895,20.45,20.57,20.3,20.38,7198777.0,180023066.0,70603453937.48
2022-10-18,000895,20.46,20.63,20.31,20.38,8733849.0,219206640.0,70603453937.48
2022-10-19,000895,20.38,20.41,19.96,19.99,8913025.0,219710138.0,69252357419.54
2022-10-20,000895,19.94,20.36,19.9,20.21,8589016.0,212645344.0,70014514429.66
2022-10-21,000895,20.23,20.42,20.07,20.14,6095890.0,151354340.0,69772009926.44
2022-10-24,000895,20.14,20.27,19.26,19.38,12361131.0,297485068.0,67139103891.479996
2022-10-25,000895,19.2,20.16,19.08,20.0,16240001.0,395353314.0,69287000920.0
2022-10-26,000895,19.87,20.18,19.75,19.89,10901599.0,266861535.0,68905922414.94
2022-10-27,000895,19.79,20.07,19.59,19.61,8128818.0,197440213.0,67935904402.06
2022-10-28,000895,19.61,19.66,18.73,18.83,14021735.0,328988687.0,65233711366.17999
2022-10-31,000895,18.86,19.05,18.45,18.55,9270442.0,212166105.0,64263693353.3
2022-11-01,000895,18.56,19.47,18.56,19.45,11051781.0,258989280.0,67381608394.7
2022-11-02,000895,19.45,19.83,19.34,19.7,7853893.0,189531662.0,68247695906.2
2022-11-03,000895,19.59,19.66,19.34,19.47,6530095.0,155926412.0,67450895395.619995
2022-11-04,000895,19.46,20.1,19.39,19.9,9885274.0,240837061.0,68940565915.4
2022-11-07,000895,19.79,20.07,19.71,19.96,6053740.0,148210432.0,69148426918.16
2022-11-08,000895,19.94,20.13,19.6,19.76,7077356.0,171757910.0,68455556908.96001
2022-11-09,000895,19.76,19.84,19.61,19.62,4494614.0,108553969.0,67970547902.520004
2022-11-10,000895,19.58,19.84,19.47,19.79,5831056.0,140981732.0,68559487410.34
2022-11-11,000895,20.12,20.33,19.91,20.16,13568491.0,335287550.0,69841296927.36
2022-11-14,000895,20.27,20.61,20.2,20.22,10485446.0,262041311.0,70049157930.12
2022-11-15,000895,20.22,20.54,20.2,20.46,9236021.0,231479943.0,70880601941.16
2022-11-16,000895,20.36,20.57,20.3,20.35,6710186.0,168369958.0,70499523436.1
2022-11-17,000895,20.35,20.8,20.29,20.68,11138329.0,281946414.0,71642758951.28
2022-11-18,000895,20.7,20.86,20.44,20.44,7263555.0,183469751.0,70811314940.24
2022-11-21,000895,20.35,20.57,20.0,20.57,8500734.0,212151525.0,71261680446.22
2022-11-22,000895,20.39,20.61,20.31,20.31,5209046.0,130602179.0,70360949434.26
2022-11-23,000895,20.31,20.56,20.14,20.46,7015401.0,175678330.0,70880601941.16
2022-11-24,000895,20.49,20.65,20.37,20.61,6547999.0,165126616.0,71400254448.06
2022-11-25,000895,20.53,20.81,20.4,20.74,8008019.0,203263813.0,71850619954.04
2022-11-28,000895,20.49,20.53,20.22,20.36,7843874.0,195682217.0,70534166936.56
2022-11-29,000895,20.53,20.78,20.4,20.69,8529798.0,216114565.0,71677402451.74
2022-11-30,000895,20.68,20.96,20.42,20.57,9985514.0,253278223.0,71261680446.22
2022-12-01,000895,20.73,21.03,20.73,20.99,14506422.0,373207292.0,72716707465.54
2022-12-02,000895,20.96,21.1,20.84,20.93,11669940.0,299914273.0,72508846462.78
2022-12-05,000895,21.09,21.18,20.89,20.93,11900844.0,307129342.0,72508846462.78
2022-12-06,000895,20.93,21.52,20.84,21.26,14154782.0,369739276.0,73652081977.96
2022-12-07,000895,21.26,21.46,21.11,21.3,10645495.0,278100625.0,73790655979.8
2022-12-08,000895,21.23,21.25,20.88,20.89,12863614.0,331263089.0,72370272460.94
2022-12-09,000895,20.91,20.93,20.44,20.9,25599681.0,650348275.0,72404915961.4
2022-12-12,000895,20.77,21.04,20.69,20.75,12315320.0,314865941.0,71885263454.5
2022-12-13,000895,20.73,21.19,20.55,20.97,12405411.0,318835886.0,72647420464.62
2022-12-14,000895,20.95,21.13,20.82,21.12,8470640.0,218504682.0,73167072971.52
2022-12-15,000895,21.14,21.17,20.67,20.71,9441523.0,241594351.0,71746689452.66
2022-12-16,000895,20.62,20.89,20.57,20.84,7073234.0,180105341.0,72197054958.64
2022-12-19,000895,20.84,21.14,20.43,20.47,10446380.0,265853438.0,70915245441.62
2022-12-20,000895,20.53,20.53,20.02,20.16,9191652.0,228321042.0,69841296927.36
2022-12-21,000895,20.2,20.56,20.08,20.31,5875909.0,146792050.0,70360949434.26
2022-12-22,000895,20.37,20.88,20.37,20.61,9020864.0,228725637.0,71400254448.06
2022-12-23,000895,20.49,20.72,20.37,20.54,5808907.0,146537425.0,71157749944.84
2022-12-26,000895,20.61,20.79,20.54,20.7,7824395.0,198927182.0,71712045952.2
2022-12-27,000895,20.74,21.1,20.6,20.91,9357672.0,240011859.0,72439559461.86
2022-12-28,000895,20.87,20.97,20.64,20.75,8410074.0,214462267.0,71885263454.5
2022-12-29,000895,20.64,20.88,20.58,20.73,6909790.0,175875861.0,71815976453.58
2022-12-30,000895,20.83,21.16,20.71,21.12,15109981.0,390022921.0,73167072971.52
2023-01-03,000895,21.11,21.24,20.84,20.94,12973917.0,333589175.0,72538751199.36
2023-01-04,000895,20.87,21.0,20.76,20.89,6632805.0,170087731.0,72365545012.15999
2023-01-05,000895,20.89,21.14,20.84,21.04,9673694.0,249662115.0,72885163573.76
2023-01-06,000895,21.01,21.04,20.77,20.9,7694174.0,197046151.0,72400186249.59999
2023-01-09,000895,20.9,21.01,20.75,20.93,7812779.0,200154014.0,72504109961.91998
2023-01-10,000895,20.93,21.05,20.78,20.88,8402739.0,215391516.0,72330903774.71999
2023-01-11,000895,20.84,20.88,20.6,20.62,8141273.0,206818655.0,71430231601.28
2023-01-12,000895,20.57,20.68,20.43,20.5,6380795.0,160778794.0,71014536751.99998
2023-01-13,000895,20.49,21.03,20.45,21.02,12892408.0,330315409.0,72815881098.87999
2023-01-16,000895,21.14,21.54,21.1,21.36,14538546.0,380968918.0,73993683171.83998
2023-01-17,000895,21.45,21.45,20.81,21.08,14013798.0,362382559.0,73023728523.51999
2023-01-18,000895,21.17,21.23,20.7,20.85,11817415.0,302750104.0,72226980062.4
2023-01-19,000895,20.75,20.93,20.58,20.91,9598880.0,244620247.0,72434827487.04
2023-01-20,000895,20.93,20.99,20.73,20.85,10810797.0,276215212.0,72226980062.4
2023-01-30,000895,21.01,21.1,20.84,20.92,13343258.0,343458698.0,72469468724.48
2023-01-31,000895,20.81,21.14,20.77,20.77,11117154.0,285288971.0,71949850162.87999
2023-02-01,000895,20.77,21.03,20.69,21.03,12245118.0,313318469.0,72850522336.31999
2023-02-02,000895,21.07,21.23,20.88,21.12,15788475.0,408664741.0,73162293473.28
2023-02-03,000895,21.02,21.09,20.61,20.77,14658227.0,373834183.0,71949850162.87999
2023-02-06,000895,20.67,20.68,20.42,20.49,12564774.0,316085719.0,70979895514.55998
2023-02-07,000895,20.53,20.57,20.44,20.53,6669770.0,167817067.0,71118460464.31999
2023-02-08,000895,20.53,20.56,20.4,20.43,6469379.0,162425494.0,70772048089.91998
2023-02-09,000895,20.39,20.54,20.38,20.52,5604946.0,141043840.0,71083819226.87999
2023-02-10,000895,20.53,20.66,20.49,20.6,6641872.0,167885415.0,71360949126.4
2023-02-13,000895,20.64,20.96,20.57,20.96,15213266.0,387888407.0,72608033674.23999
2023-02-14,000895,20.97,21.72,20.96,21.32,28461782.0,745865287.0,73855118222.07999
2023-02-15,000895,21.41,21.43,21.11,21.32,13280247.0,347016644.0,73855118222.07999
2023-02-16,000895,21.36,21.55,20.95,21.08,14841138.0,388124638.0,73023728523.51999
2023-02-17,000895,21.1,21.54,21.06,21.17,14401609.0,377266408.0,73335499660.48
2023-02-20,000895,21.18,21.59,21.06,21.52,18602892.0,489219774.0,74547942970.87999
2023-02-21,000895,21.56,21.98,21.52,21.76,28251942.0,755301512.0,75379332669.44
2023-02-22,000895,21.68,21.89,21.63,21.77,11101873.0,297038054.0,75413973906.87999
2023-02-23,000895,21.8,22.21,21.69,21.8,17502355.0,471485545.0,75517897619.2
2023-02-24,000895,21.75,21.81,21.54,21.63,10310320.0,274146883.0,74928996582.71999
2023-02-27,000895,21.58,21.8,21.42,21.58,9135590.0,241929079.0,74755790395.51999
2023-02-28,000895,21.58,21.7,21.46,21.57,9388824.0,248866070.0,74721149158.07999
2023-03-01,000895,21.66,21.87,21.54,21.86,10892997.0,290759565.0,75725745043.83998
2023-03-02,000895,21.79,21.86,21.65,21.72,8482853.0,226243560.0,75240767719.68
2023-03-03,000895,21.67,21.79,21.46,21.65,10674877.0,283157643.0,74998279057.59999
2023-03-06,000895,21.67,21.89,21.62,21.66,9625545.0,257033481.0,75032920295.04
2023-03-07,000895,21.59,21.68,21.08,21.11,13581541.0,355597354.0,73127652235.83998
2023-03-08,000895,21.11,21.18,20.93,21.01,8473493.0,218692140.0,72781239861.44
2023-03-09,000895,21.1,21.14,20.83,20.86,7191051.0,184864054.0,72261621299.83998
2023-03-10,000895,20.77,20.93,20.61,20.65,9595497.0,243903761.0,71534155313.59999
2023-03-13,000895,20.62,20.9,20.61,20.85,7902490.0,201655121.0,72226980062.4
2023-03-14,000895,20.77,21.18,20.66,20.78,9568860.0,245241506.0,71984491400.31999
2023-03-15,000895,20.99,21.06,20.77,20.84,7169303.0,183871873.0,72192338824.95999
2023-03-16,000895,20.84,20.89,20.56,20.61,8458713.0,214845412.0,71395590363.83998
2023-03-17,000895,20.72,20.75,20.46,20.52,9495609.0,240157242.0,71083819226.87999
2023-03-20,000895,20.52,20.52,20.12,20.2,12378639.0,307732724.0,69975299628.79999
2023-03-21,000895,20.27,20.57,20.17,20.53,7576888.0,190275800.0,71118460464.31999
2023-03-22,000895,20.57,20.71,20.45,20.52,6115373.0,154375130.0,71083819226.87999
2023-03-23,000895,20.49,20.62,20.39,20.61,4817370.0,121576029.0,71395590363.83998
2023-03-24,000895,20.63,20.79,20.56,20.67,7274526.0,184868942.0,71603437788.48
2023-03-27,000895,20.69,20.79,20.54,20.65,7445354.0,188971105.0,71534155313.59999
2023-03-28,000895,20.65,20.85,20.62,20.76,6745550.0,171863665.0,71915208925.44
2023-03-29,000895,20.98,21.09,20.68,20.93,10653547.0,273136787.0,72504109961.91998
2023-03-30,000895,20.93,21.01,20.75,20.93,8136027.0,208599251.0,72504109961.91998
2023-03-31,000895,20.93,21.26,20.92,21.13,12330875.0,320082136.0,73196934710.71999
2023-04-03,000895,21.1,21.23,20.97,21.16,11256682.0,292140996.0,73300858423.04
2023-04-04,000895,21.19,21.44,21.12,21.27,11135025.0,290862467.0,73681912034.87999
2023-04-06,000895,21.27,21.45,21.18,21.38,10467828.0,274307919.0,74062965646.71999
2023-04-07,000895,21.39,21.54,21.23,21.24,7372616.0,193096638.0,73577988322.55998
2023-04-10,000895,21.26,21.26,21.06,21.14,8065118.0,209195581.0,73231575948.15999
2023-04-11,000895,21.18,21.38,21.06,21.14,7388383.0,192076865.0,73231575948.15999
2023-04-12,000895,21.14,21.18,20.93,20.93,8095392.0,208792603.0,72504109961.91998
2023-04-13,000895,20.93,21.17,20.85,21.0,7031580.0,181545703.0,72746598623.99998
2023-04-14,000895,21.01,21.1,20.92,20.93,6255856.0,161114545.0,72504109961.91998
2023-04-17,000895,20.93,21.25,20.9,21.19,8576580.0,222312625.0,73404782135.36
2023-04-18,000895,21.23,21.76,21.18,21.71,19261108.0,508881590.0,75206126482.23999
2023-04-19,000895,21.71,21.71,21.39,21.45,9263402.0,244253620.0,74305454308.79999
2023-04-20,000895,21.5,21.63,21.4,21.5,8381755.0,221435519.0,74478660495.99998
2023-04-21,000895,21.43,21.75,21.26,21.32,9373137.0,247168639.0,73855118222.07999
2023-04-24,000895,21.32,21.36,20.89,21.04,9068720.0,234764473.0,72885163573.76
2023-04-25,000895,21.06,21.28,20.94,21.27,9391933.0,243565607.0,73681912034.87999
2023-04-26,000895,21.18,21.18,20.49,20.62,17255328.0,436894899.0,71430231601.28
2023-04-27,000895,20.84,21.01,20.53,20.9,10663757.0,261731917.0,72400186249.59999
2023-04-28,000895,20.9,21.24,20.89,21.16,9002046.0,223772243.0,73300858423.04
2023-05-04,000895,21.16,21.36,21.03,21.28,10134503.0,254065378.0,73716553272.31999
2023-05-05,000895,21.28,21.4,21.03,21.11,8453758.0,210865439.0,73127652235.83998
2023-05-08,000895,21.37,21.79,21.34,21.51,13809974.0,350363816.0,74513301733.44
2023-05-09,000895,21.51,22.09,21.33,21.59,15062735.0,386136070.0,74790431632.95999
2023-05-10,000895,21.74,21.81,21.46,21.71,10025448.0,255613498.0,75206126482.23999
2023-05-11,000895,21.64,21.81,21.37,21.49,7100896.0,180327722.0,74444019258.55998
2023-05-12,000895,21.39,21.72,21.34,21.45,5775684.0,146216018.0,74305454308.79999
2023-05-15,000895,21.44,21.5,21.12,21.45,7459145.0,187251788.0,74305454308.79999
2023-05-16,000895,21.43,21.87,21.34,21.87,13133270.0,336259780.0,75760386281.28
2023-05-17,000895,21.87,21.87,21.14,21.31,13043804.0,329282480.0,73820476984.63998
2023-05-18,000895,21.29,21.33,20.97,21.08,8650204.0,215624387.0,73023728523.51999
2023-05-19,000895,21.01,21.24,20.92,21.2,5264424.0,131160884.0,73439423372.79999
2023-05-22,000895,21.21,21.66,21.15,21.62,10388679.0,263481295.0,74894355345.28
2023-05-23,000895,21.62,21.74,21.47,21.49,5967264.0,151734540.0,74444019258.55998
2023-05-24,000895,21.5,21.54,21.14,21.23,6520007.0,163550348.0,73543347085.12
2023-05-25,000895,21.17,21.26,21.03,21.18,6199772.0,154527822.0,73370140897.91998
2023-05-26,000895,21.18,21.2,21.04,21.18,3503806.0,87283803.0,73370140897.91998
2023-05-29,000895,21.18,21.24,20.85,21.03,7030158.0,174030214.0,72850522336.31999
2023-05-30,000895,20.97,21.05,20.67,20.96,6444914.0,158369023.0,72608033674.23999
2023-05-31,000895,20.86,20.92,20.69,20.84,6343923.0,155541671.0,72192338824.95999
2023-06-01,000895,20.69,20.9,20.56,20.63,9217104.0,224599164.0,71464872838.71999
2023-06-02,000895,20.63,20.95,20.63,20.92,6650071.0,163258818.0,72469468724.48
2023-06-05,000895,20.91,20.91,20.73,20.79,4157359.0,101954927.0,72019132637.76
2023-06-06,000895,20.79,20.88,20.61,20.62,5842674.0,142730247.0,71430231601.28
2023-06-07,000895,20.65,20.73,20.56,20.67,3387207.0,82508913.0,71603437788.48
2023-06-08,000895,20.67,20.97,20.65,20.93,6224611.0,152981944.0,72504109961.91998
2023-06-09,000895,20.9,21.06,20.77,20.98,6012653.0,148387473.0,72677316149.12
2023-06-12,000895,20.96,21.16,20.84,21.09,4980305.0,123618899.0,73058369760.95999
2023-06-13,000895,21.03,21.18,20.98,21.12,4276613.0,106251325.0,73162293473.28
2023-06-14,000895,21.12,21.24,21.06,21.12,6146152.0,153387685.0,73162293473.28
2023-06-15,000895,21.2,21.36,21.09,21.26,5873796.0,146957472.0,73647270797.44
2023-06-16,000895,21.26,21.37,21.07,21.15,6252387.0,156009578.0,73266217185.59999
2023-06-19,000895,21.16,21.21,20.86,20.89,6626483.0,163951235.0,72365545012.15999
2023-06-20,000895,20.9,20.95,20.77,20.79,4282053.0,105105631.0,72019132637.76
2023-06-21,000895,20.77,20.89,20.75,20.76,4141397.0,101643466.0,71915208925.44
2023-06-26,000895,20.69,20.73,20.4,20.62,7113323.0,172338260.0,71430231601.28
2023-06-27,000895,20.62,20.73,20.52,20.65,4874443.0,118665632.0,71534155313.59999
2023-06-28,000895,20.61,20.79,20.57,20.78,4175588.0,102000097.0,71984491400.31999
2023-06-29,000895,20.73,20.86,20.67,20.7,4751020.0,116123896.0,71707361500.79999
2023-06-30,000895,20.7,20.83,20.67,20.77,4506789.0,110341454.0,71949237987.90001
2023-07-03,000895,20.78,21.0,20.7,20.91,6794997.0,167344265.0,72434211185.70001
2023-07-04,000895,20.91,20.93,20.79,20.91,3734003.0,91879756.0,72434211185.70001
2023-07-05,000895,20.88,20.91,20.61,20.69,4468317.0,109211826.0,71672110446.30002
2023-07-06,000895,20.65,20.75,20.48,20.55,5286485.0,128350044.0,71187137248.50002
2023-07-07,000895,20.55,20.67,20.5,20.62,3533596.0,85800699.0,71429623847.40001
2023-07-10,000895,20.62,20.8,20.62,20.78,5478690.0,133954178.0,71983878930.60002
2023-07-11,000895,20.78,20.82,20.56,20.73,4557620.0,111130337.0,71810674217.1
2023-07-12,000895,20.75,20.8,20.56,20.6,5387135.0,131329381.0,71360341962.00002
2023-07-13,000895,20.73,20.82,20.6,20.81,6562600.0,160452779.0,72087801758.70001
2023-07-14,000895,20.8,20.8,20.66,20.78,5333796.0,130237497.0,71983878930.60002
2023-07-17,000895,20.67,20.71,20.56,20.67,4349474.0,105833617.0,71602828560.90001
2023-07-18,000895,20.7,20.71,20.56,20.59,5470890.0,132918048.0,71325701019.3
2023-07-19,000895,20.56,20.64,20.39,20.63,5559926.0,134799301.0,71464264790.1
2023-07-20,000895,20.63,20.69,20.56,20.58,4036466.0,98214058.0,71291060076.6
2023-07-21,000895,20.56,20.79,20.53,20.73,6007224.0,146632496.0,71810674217.1
2023-07-24,000895,20.73,20.73,20.56,20.62,4717700.0,114674177.0,71429623847.40001
2023-07-25,000895,20.72,20.83,20.67,20.81,8082519.0,197880230.0,72087801758.70001
2023-07-26,000895,20.79,20.95,20.78,20.95,6504935.0,160161797.0,72572774956.5
2023-07-27,000895,20.95,21.07,20.86,20.91,7418307.0,183393879.0,72434211185.70001
2023-07-28,000895,20.9,21.24,20.88,21.23,12366640.0,307842422.0,73542721352.1
2023-07-31,000895,21.31,21.58,21.29,21.4,12152109.0,306986363.0,74131617378.0
2023-08-01,000895,21.4,21.61,21.34,21.39,9534081.0,241231366.0,74096976435.30002
2023-08-02,000895,21.38,21.57,21.25,21.35,7426214.0,187028271.0,73958412664.50002
2023-08-03,000895,21.33,21.5,21.2,21.48,8087214.0,203887297.0,74408744919.6
2023-08-04,000895,21.58,21.67,21.4,21.45,8728657.0,221518272.0,74304822091.50002
2023-08-07,000895,21.46,21.56,21.37,21.42,6961813.0,175931352.0,74200899263.40001
2023-08-08,000895,21.42,21.53,21.33,21.53,7063400.0,178755151.0,74581949633.10002
2023-08-09,000895,21.53,21.58,21.39,21.57,7642246.0,193811775.0,74720513403.90001
2023-08-10,000895,21.57,21.64,21.37,21.57,5524194.0,140048253.0,74720513403.90001
2023-08-11,000895,21.61,21.61,21.23,21.27,6924860.0,174460804.0,73681285122.90001
2023-08-14,000895,21.17,21.23,21.0,21.18,6144430.0,153042817.0,73369516638.6
2023-08-15,000895,21.25,21.29,20.97,21.15,5661883.0,140910743.0,73265593810.5
2023-08-16,000895,21.61,21.83,21.33,21.76,22024153.0,562683940.0,75378691315.20001
2023-08-17,000895,21.61,21.68,21.4,21.6,11928878.0,302700550.0,74824436232.00002
2023-08-18,000895,21.51,21.6,21.42,21.44,8071599.0,204551785.0,74270181148.80002
2023-08-21,000895,21.42,21.65,21.34,21.4,9990903.0,253202284.0,74131617378.0
2023-08-22,000895,21.42,21.62,21.1,21.28,10385026.0,260879604.0,73715926065.60002
2023-08-23,000895,21.27,21.46,21.23,21.28,6936053.0,174686016.0,73715926065.60002
2023-08-24,000895,21.28,21.79,21.23,21.73,13140501.0,335148061.0,75274768487.1
2023-08-25,000895,21.74,22.03,21.71,21.9,13467304.0,347591634.0,75863664513.0
2023-08-28,000895,22.56,22.81,21.93,22.18,20312540.0,532122344.0,76833610908.6
2023-08-29,000895,22.07,22.66,21.86,22.38,19261097.0,506254877.0,77526429762.6
2023-08-30,000895,22.3,22.94,22.23,22.75,26568294.0,711689968.0,78808144642.50002
2023-08-31,000895,22.6,22.94,22.57,22.78,14069052.0,377607213.0,78912067470.60002
2023-09-01,000895,22.78,22.9,22.47,22.8,14334192.0,382823078.0,78981349356.00002
2023-09-04,000895,22.8,22.96,22.55,22.58,16724759.0,448634940.0,78219248616.6
2023-09-05,000895,22.56,22.92,22.46,22.72,14176534.0,379144246.0,78704221814.40001
2023-09-06,000895,22.63,22.72,22.53,22.61,6080453.0,162181632.0,78323171444.70001
2023-09-07,000895,22.56,22.73,22.54,22.58,7637547.0,203797829.0,78219248616.6
2023-09-08,000895,22.51,22.68,22.35,22.63,8730326.0,231562208.0,78392453330.1
2023-09-11,000895,22.68,22.68,22.35,22.55,12602528.0,324651870.0,78115325788.50002
2023-09-12,000895,22.51,23.25,22.46,23.1,16569418.0,436665009.0,80020577637.00002
2023-09-13,000895,23.08,23.14,22.97,23.08,8555211.0,225929420.0,79951295751.6
2023-09-14,000895,23.08,23.23,22.98,23.13,8115600.0,214986921.0,80124500465.1
2023-09-15,000895,23.24,23.51,22.99,23.14,12942210.0,344237249.0,80159141407.80002
2023-09-18,000895,23.04,23.23,22.86,23.2,10452885.0,276108222.0,80366987064.00002
2023-09-19,000895,23.15,23.65,23.04,23.65,21525536.0,579348889.0,81925829485.5
2023-09-20,000895,23.65,23.99,23.45,23.75,12952829.0,352965888.0,82272238912.50002
2023-09-21,000895,23.86,23.9,23.25,23.28,11789818.0,316834748.0,80644114605.60002
2023-09-22,000895,23.54,23.55,23.07,23.31,8861203.0,236382222.0,80748037433.70001
2023-09-25,000895,23.47,23.5,23.15,23.21,9038066.0,241388490.0,80401628006.70001
2023-09-26,000895,23.21,23.26,23.05,23.11,6079765.0,161273294.0,80055218579.70001
2023-09-27,000895,23.2,23.37,23.08,23.24,7693590.0,204764951.0,80505550834.8
2023-09-28,000895,23.28,23.33,22.69,23.03,7354066.0,193981473.0,79778091038.10002
2023-10-09,000895,23.0,23.27,22.69,23.12,10947728.0,289440405.0,80089859522.40001
2023-10-10,000895,23.1,23.37,23.0,23.03,7740500.0,205008987.0,79778091038.10002
2023-10-11,000895,23.03,23.24,22.9,22.98,5508475.0,145406536.0,79604886324.6
2023-10-12,000895,23.12,23.22,22.92,23.01,5849614.0,154494154.0,79708809152.70001
2023-10-13,000895,22.97,22.97,22.77,22.81,5782174.0,151338801.0,79015990298.70001
2023-10-16,000895,22.77,22.9,22.63,22.73,6966808.0,181598448.0,78738862757.1
2023-10-17,000895,22.81,22.83,22.64,22.77,4547877.0,118597311.0,78877426527.90001
2023-10-18,000895,22.69,22.83,22.54,22.6,5545120.0,143942528.0,78288530502.00002
2023-10-19,000895,22.49,22.51,22.06,22.08,8010248.0,203929069.0,76487201481.6
2023-10-20,000895,22.08,22.13,21.83,21.9,5251012.0,132091445.0,75863664513.0
2023-10-23,000895,21.81,22.2,21.81,22.06,6877428.0,173658128.0,76417919596.20001
2023-10-24,000895,22.08,22.18,21.83,22.08,6923300.0,174924120.0,76487201481.6
2023-10-25,000895,22.6,22.65,21.96,22.42,10809256.0,276034044.0,77664993533.40001
2023-10-26,000895,22.3,22.87,22.26,22.64,9416063.0,243637205.0,78427094272.80002
2023-10-27,000895,22.6,23.04,22.53,22.9,7845910.0,205559349.0,79327758783.0
2023-10-30,000895,22.9,23.16,22.72,22.78,6345800.0,166273892.0,78912067470.60002
2023-10-31,000895,22.87,22.91,22.69,22.87,4518800.0,118058285.0,79223835954.90001
2023-11-01,000895,23.0,23.04,22.8,22.99,5887779.0,154875631.0,79639527267.3
2023-11-02,000895,22.99,23.16,22.86,22.99,4211270.0,110968446.0,79639527267.3
2023-11-03,000895,22.99,23.14,22.88,22.96,6799515.0,179320019.0,79535604439.20001
2023-11-06,000895,22.91,22.99,22.51,22.53,10132993.0,262522335.0,78046043903.10002
2023-11-07,000895,22.5,22.72,22.49,22.66,6584904.0,170749410.0,78496376158.20001
2023-11-08,000895,22.64,22.67,22.41,22.58,6299962.0,162567440.0,78219248616.6
2023-11-09,000895,22.5,22.63,22.39,22.51,4213351.0,108551057.0,77976762017.70001
2023-11-10,000895,22.5,22.56,22.3,22.43,4731400.0,121401948.0,77699634476.1
2023-11-13,000895,22.42,22.47,22.04,22.29,7397632.0,188230619.0,77214661278.3
2023-11-14,000895,22.32,22.65,22.28,22.38,6727024.0,172952735.0,77526429762.6
2023-11-15,000895,22.48,22.52,22.34,22.49,4543800.0,116826819.0,77907480132.3
2023-11-16,000895,22.46,22.51,22.22,22.35,4562800.0,116854193.0,77422506934.50002
2023-11-17,000895,22.35,22.42,22.11,22.17,4247900.0,107963846.0,76798969965.90001
2023-11-20,000895,22.17,22.6,22.12,22.51,6865461.0,176201126.0,77976762017.70001
2023-11-21,000895,22.58,22.67,22.49,22.51,4683232.0,121085826.0,77976762017.70001
2023-11-22,000895,22.41,22.63,22.41,22.54,3647950.0,94287237.0,78080684845.8
2023-11-23,000895,22.52,22.59,22.36,22.54,4180900.0,107605496.0,78080684845.8
2023-11-24,000895,22.57,22.73,22.5,22.7,6599259.0,171317863.0,78634939929.00002
2023-11-27,000895,22.69,22.69,22.36,22.62,6685679.0,172628350.0,78357812387.40001
2023-11-28,000895,22.56,22.71,22.49,22.7,5722182.0,148338703.0,78634939929.00002
2023-11-29,000895,22.8,22.8,22.54,22.63,4527109.0,117406916.0,78392453330.1
2023-11-30,000895,22.63,22.81,22.52,22.77,7628699.0,198349299.0,78877426527.90001
2023-12-01,000895,22.77,22.83,22.51,22.63,8631091.0,224328827.0,78392453330.1
2023-12-04,000895,22.51,22.77,22.38,22.63,7421600.0,192416804.0,78392453330.1
2023-12-05,000895,22.57,22.81,22.53,22.54,8510883.0,221279766.0,78080684845.8
2023-12-06,000895,22.54,22.69,22.28,22.62,7817270.0,201810558.0,78357812387.40001
2023-12-07,000895,22.55,22.9,22.38,22.8,8101013.0,210325014.0,78981349356.00002
2023-12-08,000895,22.76,23.0,22.67,22.84,12892950.0,337212837.0,79119913126.8
2023-12-11,000895,22.66,22.68,22.01,22.5,13519390.0,345708444.0,77942121075.00002
2023-12-12,000895,22.48,22.73,22.42,22.58,7911088.0,204651124.0,78219248616.6
2023-12-13,000895,22.58,22.67,22.48,22.51,8848900.0,228905372.0,77976762017.70001
2023-12-14,000895,22.56,22.63,22.34,22.38,6069984.0,156004044.0,77526429762.6
2023-12-15,000895,22.38,22.45,22.13,22.13,7431407.0,189497305.0,76660406195.1
2023-12-18,000895,22.07,22.21,21.97,22.17,5937370.0,150621718.0,76798969965.90001
2023-12-19,000895,22.15,22.28,21.95,22.22,5127300.0,129977042.0,76972174679.40001
2023-12-20,000895,22.22,22.41,22.04,22.04,6400129.0,162982373.0,76348637710.8
2023-12-21,000895,22.05,22.21,21.92,22.19,7068200.0,178623616.0,76868251851.30002
2023-12-22,000895,22.19,22.33,22.06,22.25,6054309.0,154252924.0,77076097507.50002
2023-12-25,000895,22.17,22.69,22.16,22.67,7662114.0,197192874.0,78531017100.90001
2023-12-26,000895,22.68,22.87,22.64,22.81,8961300.0,234080215.0,79015990298.70001
2023-12-27,000895,22.8,23.14,22.71,23.09,9375150.0,246612432.0,79985936694.3
2023-12-28,000895,23.09,23.39,22.98,23.3,13422918.0,356872569.0,80713396491.00002
2023-12-29,000895,23.28,23.38,23.11,23.31,9584445.0,255257965.0,80748037433.70001
2024-01-02,000895,23.26,23.41,23.17,23.17,9834266.0,261887208.0,80263747148.48
2024-01-03,000895,23.1,23.31,23.04,23.19,9463401.0,251551210.0,80333029623.36
2024-01-04,000895,23.21,23.28,23.09,23.24,8192603.0,217454589.0,80506235810.55998
2024-01-05,000895,23.24,23.52,23.1,23.3,12643134.0,338169248.0,80714083235.2
2024-01-08,000895,23.29,23.56,23.22,23.24,11279959.0,301721230.0,80506235810.55998
2024-01-09,000895,23.24,23.27,22.9,23.17,7928889.0,210437592.0,80263747148.48
2024-01-10,000895,23.13,23.63,23.08,23.45,16063376.0,431425667.0,81233701796.79999
2024-01-11,000895,23.39,23.69,23.11,23.2,9679457.0,258818974.0,80367670860.79999
2024-01-12,000895,23.19,23.55,23.13,23.47,9856588.0,264950474.0,81302984271.67998
2024-01-15,000895,23.31,23.82,23.31,23.77,14028585.0,379838423.0,82342221394.87999
2024-01-16,000895,23.72,24.02,23.59,23.83,10861903.0,296063267.0,82550068819.51999
2024-01-17,000895,23.82,23.94,23.65,23.65,11901839.0,324982174.0,81926526545.59999
2024-01-18,000895,23.65,23.89,23.12,23.76,16274201.0,437150338.0,82307580157.43999
2024-01-19,000895,23.79,23.96,23.6,23.66,10682559.0,291096833.0,81961167783.04
2024-01-22,000895,23.65,23.82,23.17,23.31,14951689.0,404121838.0,80748724472.63998
2024-01-23,000895,23.27,23.75,23.2,23.73,12449749.0,335033449.0,82203656445.12
2024-01-24,000895,23.74,23.93,23.5,23.93,14029832.0,382099131.0,82896481193.91998
2024-01-25,000895,23.93,24.39,23.81,24.39,16506583.0,457992892.0,84489978116.15999
2024-01-26,000895,24.28,24.72,24.1,24.61,16655069.0,465780275.0,85252085339.83998
2024-01-29,000895,24.56,24.81,24.37,24.62,14106489.0,397186390.0,85286726577.28
2024-01-30,000895,24.54,24.76,24.42,24.6,12663015.0,357335302.0,85217444102.4
2024-01-31,000895,24.44,24.94,24.34,24.82,19475736.0,552525576.0,85979551326.07999
2024-02-01,000895,24.76,25.11,24.7,24.82,14673592.0,417582096.0,85979551326.07999
2024-02-02,000895,24.73,25.09,24.0,24.59,18315288.0,516976753.0,85182802864.95999
2024-02-05,000895,24.43,25.57,24.43,25.39,27045361.0,777687271.0,87954101860.15999
2024-02-06,000895,25.29,26.14,25.02,25.64,31014865.0,912555618.0,88820132796.15999
2024-02-07,000895,25.43,25.76,25.16,25.65,24776466.0,723526055.0,88854774033.59998
2024-02-08,000895,25.48,25.48,24.15,24.93,31232880.0,885122002.0,86360604937.91998
2024-02-19,000895,24.73,25.65,24.22,25.57,23069626.0,666805565.0,88577644134.07999
2024-02-20,000895,25.27,26.06,25.27,25.98,15259612.0,452455842.0,89997934869.12
2024-02-21,000895,25.98,26.23,25.72,25.99,14996408.0,448719309.0,90032576106.55998
2024-02-22,000895,26.0,26.18,25.79,26.15,9300905.0,277423512.0,90586835905.59998
2024-02-23,000895,26.18,26.19,25.8,25.91,14450622.0,429546615.0,89755446207.04
2024-02-26,000895,25.79,26.1,25.66,25.69,9723101.0,287670314.0,88993338983.35999
2024-02-27,000895,25.69,25.94,25.43,25.64,9131452.0,268352103.0,88820132796.15999
2024-02-28,000895,25.62,25.8,25.3,25.62,9858668.0,289141337.0,88750850321.28
2024-02-29,000895,25.52,25.68,25.35,25.5,13815006.0,403886887.0,88335155471.99998
2024-03-01,000895,25.46,25.63,25.18,25.43,12513819.0,364044885.0,88092666809.91998
2024-03-04,000895,25.31,25.92,25.1,25.79,15121078.0,440950823.0,89339751357.75998
2024-03-05,000895,25.6,26.12,25.58,26.09,13743415.0,406774190.0,90378988480.95999
2024-03-06,000895,26.0,26.21,25.64,25.67,11194846.0,331929937.0,88924056508.48
2024-03-07,000895,25.75,26.05,25.52,26.02,12391259.0,367029096.0,90136499818.87999
2024-03-08,000895,25.92,26.26,25.4,25.56,13994999.0,412327312.0,88543002896.63998
2024-03-11,000895,25.55,25.66,25.15,25.42,15136052.0,440282189.0,88058025572.48
2024-03-12,000895,25.31,25.39,24.75,24.92,17521315.0,500593742.0,86325963700.48
2024-03-13,000895,24.89,24.99,24.57,24.72,12192095.0,345557783.0,85633138951.67998
2024-03-14,000895,24.69,24.98,24.44,24.86,10347120.0,294525957.0,86118116275.83998
2024-03-15,000895,24.85,25.09,24.69,24.96,9928800.0,283056158.0,86464528650.23999
2024-03-18,000895,24.82,25.19,24.7,25.14,10428513.0,298847570.0,87088070924.15999
2024-03-19,000895,25.07,25.16,24.93,24.94,7013022.0,201219155.0,86395246175.35999
2024-03-20,000895,24.94,25.16,24.71,25.09,7408212.0,212441711.0,86914864736.95999
2024-03-21,000895,25.1,25.13,24.63,24.97,10233643.0,291546920.0,86499169887.67998
2024-03-22,000895,24.97,25.08,24.7,24.83,7684804.0,218865786.0,86014192563.51999
2024-03-25,000895,24.75,25.0,24.69,24.69,8098850.0,230485146.0,85529215239.35999
2024-03-26,000895,24.7,25.18,24.67,24.93,10551985.0,301380461.0,86360604937.91998
2024-03-27,000895,23.56,23.88,22.51,22.57,59056605.0,1552275782.0,78185272902.07999
2024-03-28,000895,22.56,22.66,22.08,22.49,33412164.0,857767068.0,77908143002.55998
2024-03-29,000895,22.42,22.95,22.34,22.9,21760840.0,565753133.0,79328433737.59999
2024-04-01,000895,22.89,23.39,22.57,23.31,24203853.0,637034980.0,80748724472.63998
2024-04-02,000895,23.17,23.54,22.97,23.43,16552556.0,441663413.0,81164419321.91998
2024-04-03,000895,23.37,23.5,23.23,23.25,8797650.0,235192043.0,80540877047.99998
2024-04-08,000895,23.17,23.56,23.0,23.33,11538259.0,308525312.0,80818006947.51999
2024-04-09,000895,23.33,23.34,22.8,23.17,10109964.0,267220197.0,80263747148.48
2024-04-10,000895,23.09,23.63,23.04,23.3,13185005.0,353164440.0,80714083235.2
2024-04-11,000895,23.21,23.61,23.15,23.45,8974554.0,241473309.0,81233701796.79999
2024-04-12,000895,23.44,23.68,23.36,23.45,9185168.0,247584512.0,81233701796.79999
2024-04-15,000895,23.42,23.65,23.25,23.5,12319857.0,331767039.0,81406907983.99998
2024-04-16,000895,23.44,23.89,23.38,23.57,14521231.0,393875906.0,81649396646.07999
2024-04-17,000895,23.58,23.72,23.17,23.55,13766817.0,370155262.0,81580114171.2
2024-04-18,000895,23.47,24.46,23.39,24.08,19417025.0,536433772.0,83416099755.51999
2024-04-19,000895,24.02,24.24,23.91,24.06,8341674.0,230192827.0,83346817280.63998
2024-04-22,000895,24.05,24.28,23.91,24.02,10185086.0,281185550.0,83208252330.87999
2024-04-23,000895,23.47,24.06,22.9,23.72,20725329.0,558929956.0,82169015207.67998
2024-04-24,000895,23.88,23.97,23.5,23.93,10189283.0,277653656.0,82896481193.91998
2024-04-25,000895,23.91,24.06,23.79,23.91,7511592.0,205990550.0,82827198719.04
2024-04-26,000895,24.07,24.27,23.93,24.18,9138270.0,246400147.0,83762512129.91998
2024-04-29,000895,24.12,24.29,23.91,24.09,10424510.0,280629921.0,83450740992.95999
2024-04-30,000895,23.93,24.28,23.93,24.12,7808148.0,210738308.0,83554664705.28
2024-05-06,000895,24.11,24.22,23.53,23.75,18686196.0,494938371.0,82272938919.99998
2024-05-07,000895,23.68,23.73,23.39,23.59,11446188.0,301269993.0,81718679120.95999
2024-05-08,000895,23.56,23.98,23.42,23.85,12992812.0,344936700.0,82619351294.4
2024-05-09,000895,23.8,23.82,23.47,23.73,10072199.0,265840916.0,82203656445.12
2024-05-10,000895,23.72,24.05,23.66,23.91,9539250.0,254652542.0,82827198719.04
2024-05-13,000895,23.9,23.91,23.52,23.73,9511091.0,251614836.0,82203656445.12
2024-05-14,000895,23.7,23.72,23.48,23.51,9698098.0,255104072.0,81441549221.43999
2024-05-15,000895,23.49,23.54,23.1,23.11,11392500.0,295198805.0,80055899723.83998
2024-05-16,000895,23.09,23.15,22.74,22.79,17663946.0,451899608.0,78947380125.75998
2024-05-17,000895,22.82,23.0,22.75,22.99,10148504.0,259361534.0,79640204874.55998
2024-05-20,000895,23.1,23.49,23.08,23.27,15052218.0,391630423.0,80610159522.87999
2024-05-21,000895,23.27,23.38,23.12,23.26,7069000.0,183652690.0,80575518285.43999
2024-05-22,000895,23.28,23.33,23.07,23.16,7215448.0,186493913.0,80229105911.04
2024-05-23,000895,23.12,23.25,22.78,22.85,8526780.0,218147538.0,79155227550.4
2024-05-24,000895,22.78,23.03,22.7,22.87,5704180.0,145832837.0,79224510025.28
2024-05-27,000895,22.91,23.22,22.65,23.2,10740198.0,275065122.0,80367670860.79999
2024-05-28,000895,23.1,23.26,23.0,23.01,8028542.0,207106626.0,79709487349.43999
2024-05-29,000895,22.97,23.15,22.85,23.1,5690644.0,146273548.0,80021258486.4
2024-05-30,000895,23.06,23.18,22.79,22.84,6131852.0,157196267.0,79120586312.95999
2024-05-31,000895,22.87,22.92,22.55,22.69,13561866.0,343331687.0,78600967751.36
2024-06-03,000895,22.69,22.99,22.56,22.7,9392727.0,238804958.0,78635608988.79999
2024-06-04,000895,22.66,22.79,22.61,22.76,5490091.0,139332119.0,78843456413.43999
2024-06-05,000895,22.82,22.82,22.49,22.49,8117917.0,205121323.0,77908143002.55998
2024-06-06,000895,22.5,22.57,22.23,22.31,9159866.0,229063871.0,77284600728.63998
2024-06-07,000895,22.32,22.38,22.16,22.29,6282158.0,156116028.0,77215318253.75998
2024-06-11,000895,22.26,22.39,22.0,22.3,7334930.0,181606612.0,77249959491.2
2024-06-12,000895,22.34,22.78,22.25,22.68,10480455.0,264430043.0,78566326513.91998
2024-06-13,000895,22.68,22.88,22.52,22.77,11201072.0,284164572.0,78878097650.87999
2024-06-14,000895,22.74,23.05,22.62,23.01,10289745.0,262817860.0,79709487349.43999
2024-06-17,000895,22.83,22.97,22.48,22.62,9641782.0,243444797.0,78358479089.28
2024-06-18,000895,22.62,22.79,22.28,22.33,7495398.0,188080596.0,77353883203.51999
2024-06-19,000895,22.33,22.34,22.12,22.28,4230578.0,104963624.0,77180677016.31999
2024-06-20,000895,22.21,22.22,21.67,21.72,10921509.0,266892898.0,75240767719.68
2024-06-21,000895,21.73,21.8,21.47,21.69,7672577.0,185094347.0,75136844007.36
2024-06-24,000895,21.62,21.67,21.38,21.4,6564370.0,157444271.0,74132248121.59999
2024-06-25,000895,21.4,21.53,21.32,21.4,6381629.0,152692402.0,74132248121.59999
2024-06-26,000895,21.36,21.54,21.28,21.5,4819732.0,115338978.0,74478660495.99998
2024-06-27,000895,21.45,21.57,21.33,21.41,4515200.0,108098866.0,74166889359.04
2024-06-28,000895,21.47,21.47,21.2,21.28,7217829.0,172183732.0,73716553272.31999
2024-07-01,000895,21.28,21.57,21.22,21.55,5646700.0,135327619.0,74651866683.2
2024-07-02,000895,21.49,21.64,21.34,21.4,5795835.0,138705944.0,74132248121.59999
2024-07-03,000895,21.4,21.56,21.23,21.32,3688500.0,87896036.0,73855118222.07999
2024-07-04,000895,21.31,21.36,20.85,20.93,6785086.0,159160143.0,72504109961.91998
2024-07-05,000895,20.93,21.05,20.71,20.95,5344601.0,124521681.0,72573392436.79999
2024-07-08,000895,20.94,20.97,20.51,20.63,5972017.0,137888114.0,71464872838.71999
2024-07-09,000895,20.59,20.84,20.51,20.79,4819296.0,111345866.0,72019132637.76
2024-07-10,000895,20.79,21.32,20.73,21.31,9377679.0,221439052.0,73820476984.63998
2024-07-11,000895,21.33,21.75,21.33,21.59,8090735.0,194845815.0,74790431632.95999
2024-07-12,000895,21.6,21.68,21.19,21.19,6469398.0,154213866.0,73404782135.36
2024-07-15,000895,21.16,21.4,21.11,21.36,4554035.0,108313145.0,73993683171.83998
2024-07-16,000895,21.29,21.53,21.18,21.29,5607989.0,133734399.0,73751194509.76
2024-07-17,000895,21.25,21.67,21.09,21.62,7375150.0,176700084.0,74894355345.28
2024-07-18,000895,21.55,21.62,21.36,21.55,6549868.0,157127492.0,74651866683.2
2024-07-19,000895,21.49,21.73,21.4,21.66,6333724.0,152995712.0,75032920295.04
2024-07-22,000895,21.67,21.83,21.54,21.63,5979790.0,144901269.0,74928996582.71999
2024-07-23,000895,21.62,21.62,20.91,20.91,8131116.0,192712288.0,72434827487.04
2024-07-24,000895,20.94,21.02,20.64,20.74,6616600.0,153421797.0,71845926450.55998
2024-07-25,000895,20.65,20.95,20.63,20.94,4085623.0,95084421.0,72538751199.36
2024-07-26,000895,20.97,21.0,20.77,20.97,3747980.0,87434287.0,72642674911.68
2024-07-29,000895,20.97,21.03,20.28,20.3,11450163.0,262101104.0,70321712003.2
2024-07-30,000895,20.31,20.5,20.08,20.42,5779408.0,131221551.0,70737406852.48
2024-07-31,000895,20.42,20.81,20.38,20.66,11383218.0,262375336.0,71568796551.04
2024-08-01,000895,20.62,20.72,20.38,20.46,7148822.0,163650515.0,70875971802.23999
2024-08-02,000895,20.35,20.79,20.32,20.51,8507660.0,195839257.0,71049177989.44
2024-08-05,000895,20.51,20.79,20.19,20.25,11197808.0,255553585.0,70148505815.99998
2024-08-06,000895,20.35,20.69,20.13,20.67,10818055.0,246517558.0,71603437788.48
2024-08-07,000895,20.62,20.88,20.6,20.74,6534649.0,151498705.0,71845926450.55998
2024-08-08,000895,20.7,21.34,20.7,21.24,10745750.0,253505350.0,73577988322.55998
2024-08-09,000895,21.35,21.36,20.99,20.99,5222989.0,123050464.0,72711957386.55998
2024-08-12,000895,20.91,21.45,20.91,21.23,8034480.0,190895743.0,73543347085.12
2024-08-13,000895,21.25,21.37,20.95,21.08,5775499.0,136154201.0,73023728523.51999
2024-08-14,000895,20.41,20.55,20.06,20.07,21557569.0,485847519.0,69524963542.07999
2024-08-15,000895,20.07,20.72,19.96,20.65,16305899.0,373181155.0,71534155313.59999
2024-08-16,000895,20.6,20.68,20.36,20.42,6745960.0,154181658.0,70737406852.48
2024-08-19,000895,20.38,20.7,20.38,20.51,5020439.0,115214064.0,71049177989.44
2024-08-20,000895,20.47,20.58,20.22,20.22,6087760.0,138130378.0,70044582103.68
2024-08-21,000895,20.28,20.54,20.16,20.48,7184712.0,163985911.0,70945254277.12
2024-08-22,000895,20.53,20.67,20.45,20.58,6287450.0,144480491.0,71291666651.51999
2024-08-23,000895,20.58,20.77,20.51,20.76,6064500.0,139977631.0,71915208925.44
2024-08-26,000895,20.84,20.88,20.49,20.87,7110050.0,164468442.0,72296262537.28
2024-08-27,000895,20.77,20.99,20.73,20.85,5454504.0,127209170.0,72226980062.4
2024-08-28,000895,20.82,20.9,20.51,20.61,5398993.0,124250149.0,71395590363.83998
2024-08-29,000895,20.52,20.73,20.46,20.57,5133051.0,118163326.0,71257025414.07999
2024-08-30,000895,20.51,21.0,20.34,20.79,8224174.0,190845113.0,72019132637.76
2024-09-02,000895,20.77,20.98,20.64,20.83,7895195.0,183947265.0,72157697587.51999
2024-09-03,000895,20.92,21.46,20.91,21.34,10814957.0,257199151.0,73924400696.95999
2024-09-04,000895,21.26,21.38,20.92,21.01,7183000.0,169309153.0,72781239861.44
2024-09-05,000895,20.97,21.24,20.91,21.22,5436320.0,128320096.0,73508705847.68
2024-09-06,000895,21.22,21.3,21.08,21.08,3311000.0,78347998.0,73023728523.51999
2024-09-09,000895,21.03,21.07,20.79,21.02,6555392.0,153385710.0,72815881098.87999
2024-09-10,000895,20.99,21.25,20.96,21.15,6828304.0,161388572.0,73266217185.59999
2024-09-11,000895,21.19,21.66,20.94,21.32,9099478.0,210651565.0,73855118222.07999
2024-09-12,000895,21.35,21.38,20.77,20.81,8141600.0,185066664.0,72088415112.63998
2024-09-13,000895,20.75,21.25,20.72,21.13,7834164.0,179368230.0,73196934710.71999
2024-09-18,000895,21.1,21.15,20.77,21.12,5864889.0,133682707.0,73162293473.28
2024-09-19,000895,21.13,22.03,21.13,21.82,11951566.0,281803893.0,75587180094.07999
2024-09-20,000895,21.74,21.92,21.57,21.69,6570624.0,155080880.0,75136844007.36
2024-09-23,000895,21.74,22.06,21.44,21.54,7253000.0,170647240.0,74617225445.75998
2024-09-24,000895,21.65,22.17,21.34,22.03,12497070.0,296245062.0,76314646080.31999
2024-09-25,000895,22.15,22.65,21.9,21.97,17627851.0,425159761.0,76106798655.68
2024-09-26,000895,21.92,22.97,21.87,22.97,19089876.0,465107239.0,79570922399.68
2024-09-27,000895,23.11,23.76,23.11,23.65,29539328.0,753422137.0,81926526545.59999
2024-09-30,000895,23.95,25.24,23.64,24.95,51605686.0,1371752352.0,86429887412.79999
2024-10-08,000895,27.28,27.28,23.95,24.69,64665837.0,1780660481.0,85529215239.35999
2024-10-09,000895,24.36,24.36,22.91,22.98,37481674.0,953232558.0,79605563637.12
2024-10-10,000895,23.07,23.63,22.96,23.35,27867057.0,706888771.0,80887289422.4
2024-10-11,000895,23.3,23.37,22.57,22.84,19187903.0,477186420.0,79120586312.95999
2024-10-14,000895,22.87,23.12,22.7,23.06,15340410.0,381982190.0,79882693536.63998
2024-10-15,000895,23.08,23.27,22.63,22.68,12570084.0,313004825.0,78566326513.91998
2024-10-16,000895,22.55,23.08,22.48,22.92,14758554.0,366491734.0,79397716212.48
2024-10-17,000895,23.0,23.32,22.67,22.69,11392652.0,283907629.0,78600967751.36
2024-10-18,000895,22.64,23.21,22.52,22.87,21920883.0,542480419.0,79224510025.28
2024-10-21,000895,22.89,22.92,22.48,22.61,17464810.0,429121077.0,78323837851.83998
2024-10-22,000895,22.61,22.94,22.6,22.94,16560888.0,409713532.0,79466998687.36
2024-10-23,000895,23.02,23.35,22.89,23.08,16863804.0,422640889.0,79951976011.51999
2024-10-24,000895,22.98,23.28,22.65,22.77,14165269.0,352329890.0,78878097650.87999
2024-10-25,000895,22.75,22.93,22.58,22.62,15257130.0,376098558.0,78358479089.28
2024-10-28,000895,22.58,22.61,22.39,22.52,17378824.0,423952572.0,78012066714.87999
2024-10-29,000895,22.48,22.67,22.29,22.38,16784330.0,408612234.0,77527089390.71999
2024-10-30,000895,22.48,23.58,22.48,23.27,44752231.0,1128593224.0,80610159522.87999
2024-10-31,000895,23.27,23.41,22.83,22.92,25970652.0,649359625.0,79397716212.48
2024-11-01,000895,22.92,23.49,22.82,22.89,23698945.0,593496425.0,79293792500.15999
2024-11-04,000895,22.98,23.12,22.74,22.94,21817192.0,541597682.0,79466998687.36
2024-11-05,000895,22.92,23.11,22.73,23.1,25934766.0,646725670.0,80021258486.4
2024-11-06,000895,23.12,23.26,22.89,22.97,22837709.0,571594850.0,79570922399.68
2024-11-07,000895,22.89,23.66,22.86,23.66,39406376.0,1000011038.0,81961167783.04
2024-11-08,000895,23.75,23.84,23.27,23.43,28573894.0,727832556.0,81164419321.91998
2024-11-11,000895,23.21,23.35,23.03,23.27,18730469.0,470765795.0,80610159522.87999
2024-11-12,000895,23.28,23.78,23.26,23.39,27478323.0,702175663.0,81025854372.15999
2024-11-13,000895,23.4,23.48,23.16,23.37,18468168.0,467506996.0,80956571897.28
2024-11-14,000895,23.35,23.44,22.91,22.96,17770291.0,446869045.0,79536281162.23999
2024-11-15,000895,22.9,23.24,22.9,22.96,13677737.0,342408466.0,79536281162.23999
2024-11-18,000895,22.96,23.19,22.63,22.69,17165800.0,427333567.0,78600967751.36
2024-11-19,000895,22.69,22.89,22.45,22.79,13286811.0,326789343.0,78947380125.75998
2024-11-20,000895,22.65,22.92,22.61,22.86,9339109.0,231318067.0,79189868787.83998
2024-11-21,000895,22.84,23.03,22.78,22.99,9915663.0,246581893.0,79640204874.55998
2024-11-22,000895,22.97,23.01,22.31,22.32,15837364.0,389217322.0,77319241966.07999
2024-11-25,000895,22.33,22.58,22.14,22.26,12284656.0,297831784.0,77111394541.43999
2024-11-26,000895,22.29,22.56,22.25,22.33,7892893.0,191879922.0,77353883203.51999
2024-11-27,000895,22.27,22.44,22.2,22.44,9752215.0,236213750.0,77734936815.36
2024-11-28,000895,22.39,22.5,22.3,22.38,9746408.0,236844317.0,77527089390.71999
2024-11-29,000895,22.38,22.69,22.36,22.58,13130577.0,321776340.0,78219914139.51999
2024-12-02,000895,22.58,23.06,22.58,22.99,16693302.0,414783576.0,79640204874.55998
2024-12-03,000895,22.96,23.32,22.94,23.23,17308464.0,435079985.0,80471594573.12
2024-12-04,000895,23.13,23.58,23.06,23.49,22621830.0,576120427.0,81372266746.55998
2024-12-05,000895,23.33,23.54,23.18,23.4,10687197.0,271174087.0,81060495609.59999
2024-12-06,000895,23.4,23.65,23.33,23.48,11808184.0,301608904.0,81337625509.12
2024-12-09,000895,23.49,23.76,23.34,23.68,14456360.0,371155352.0,82030450257.91998
2024-12-10,000895,24.21,24.35,23.31,23.4,23579482.0,605946493.0,81060495609.59999
2024-12-11,000895,23.31,23.77,23.31,23.72,16611211.0,426778494.0,82169015207.67998
2024-12-12,000895,23.72,24.03,23.61,23.94,16270394.0,422225181.0,82931122431.36
2024-12-13,000895,23.9,23.98,23.5,23.52,19347693.0,498064240.0,81476190458.87999
2024-12-16,000895,23.66,24.25,23.59,24.06,27220399.0,710600114.0,83346817280.63998
2024-12-17,000895,24.02,24.23,23.89,23.95,13101120.0,341960015.0,82965763668.79999
2024-12-18,000895,23.9,24.31,23.9,24.13,14620195.0,382320684.0,83589305942.71999
2024-12-19,000895,23.97,24.26,23.86,24.16,11989500.0,313766378.0,83693229655.04
2024-12-20,000895,24.15,24.46,23.91,23.98,14312809.0,375143306.0,83069687381.12
2024-12-23,000895,23.98,24.18,23.77,23.79,11320932.0,294737821.0,82411503869.75998
2024-12-24,000895,23.75,24.13,23.65,24.04,14771300.0,382788818.0,83277534805.75998
2024-12-25,000895,24.03,24.31,23.77,24.2,13221136.0,345280086.0,83831794604.79999
2024-12-26,000895,24.13,24.33,24.0,24.03,8893700.0,232845973.0,83242893568.31999
2024-12-27,000895,24.09,24.23,23.86,24.16,9165900.0,239480719.0,83693229655.04
2024-12-30,000895,24.15,24.36,23.89,24.09,15413164.0,403333050.0,83450740992.95999
2024-12-31,000895,24.09,24.24,23.89,23.91,14264661.0,372361494.0,82827198719.04
2025-01-02,000895,23.9,24.36,23.72,23.78,18277357.0,477590659.0,82376862632.31999
2025-01-03,000895,23.79,24.16,23.57,23.91,17872029.0,463680987.0,82827198719.04
2025-01-06,000895,23.84,24.0,23.47,23.65,14277646.0,367644086.0,81926526545.59999
2025-01-07,000895,23.49,23.89,23.49,23.73,8570915.0,220844688.0,82203656445.12
2025-01-08,000895,23.66,24.17,23.54,24.06,14040157.0,365393365.0,83346817280.63998
2025-01-09,000895,23.99,24.13,23.49,23.62,13839400.0,355856694.0,81822602833.28
2025-01-10,000895,23.62,23.68,23.27,23.31,8221194.0,209087691.0,80748724472.63998
2025-01-13,000895,23.19,23.47,22.8,22.94,10939208.0,273203959.0,79466998687.36
2025-01-14,000895,22.94,23.17,22.76,23.13,9628044.0,240473733.0,80125182198.71999
2025-01-15,000895,23.14,23.37,23.0,23.04,7039848.0,176927177.0,79813411061.75998
2025-01-16,000895,23.05,23.23,22.79,22.87,8620890.0,214915480.0,79224510025.28
2025-01-17,000895,22.83,23.26,22.73,23.25,7976951.0,199918706.0,80540877047.99998
2025-01-20,000895,23.31,23.65,23.25,23.31,10063760.0,256457102.0,80748724472.63998
2025-01-21,000895,23.31,23.56,23.22,23.42,7765800.0,197636215.0,81129778084.48
2025-01-22,000895,23.34,23.41,22.79,23.17,10112982.0,253291070.0,80263747148.48
2025-01-23,000895,23.26,23.35,23.01,23.04,6935800.0,174046628.0,79813411061.75998
2025-01-24,000895,23.01,23.44,22.96,23.43,9367388.0,236236380.0,81164419321.91998
2025-01-27,000895,23.49,24.39,23.43,24.28,19488207.0,509525877.0,84108924504.31999
2025-02-05,000895,24.13,24.2,23.44,23.78,14113452.0,364701767.0,82376862632.31999
2025-02-06,000895,23.69,24.05,23.08,23.14,18939800.0,479654790.0,80159823436.15999
2025-02-07,000895,23.12,23.49,22.92,23.32,15453392.0,390824412.0,80783365710.07999
2025-02-10,000895,23.31,23.33,23.04,23.08,11018867.0,276721261.0,79951976011.51999
2025-02-11,000895,23.08,23.16,22.77,22.84,13344826.0,331453876.0,79120586312.95999
2025-02-12,000895,22.84,23.06,22.74,23.04,9537187.0,237188738.0,79813411061.75998
2025-02-13,000895,23.03,23.47,22.96,23.45,16113883.0,407480087.0,81233701796.79999
2025-02-14,000895,23.44,23.78,23.26,23.75,13320893.0,341201045.0,82272938919.99998
2025-02-17,000895,23.79,23.81,23.32,23.64,11179271.0,286048329.0,81891885308.15999
2025-02-18,000895,23.56,24.14,23.5,23.89,14663505.0,380948940.0,82757916244.15999
2025-02-19,000895,23.81,24.0,23.71,23.9,10642327.0,275510624.0,82792557481.59999
2025-02-20,000895,23.91,24.26,23.81,24.06,13921505.0,364724309.0,83346817280.63998
2025-02-21,000895,24.06,24.27,23.75,23.91,10168350.0,264180636.0,82827198719.04
2025-02-24,000895,23.83,24.55,23.81,24.27,17602394.0,465070578.0,84074283266.87999
2025-02-25,000895,24.24,24.49,24.09,24.28,9342331.0,246790183.0,84108924504.31999
2025-02-26,000895,24.34,24.69,24.28,24.68,11689579.0,311676083.0,85494574001.91998
2025-02-27,000895,24.7,24.83,24.5,24.82,9699222.0,260654768.0,85979551326.07999
2025-02-28,000895,24.8,25.05,24.69,24.76,10960490.0,295539776.0,85771703901.43999
2025-03-03,000895,24.73,25.33,24.67,25.1,15850820.0,432201216.0,86949505974.4
2025-03-04,000895,25.1,25.33,24.69,24.93,15900755.0,431558532.0,86360604937.91998
2025-03-05,000895,24.94,25.21,24.71,24.74,10013335.0,270460841.0,85702421426.55998
2025-03-06,000895,24.83,24.83,24.37,24.53,9410295.0,250501421.0,84974955440.31999
2025-03-07,000895,24.47,24.61,24.27,24.31,7234334.0,191859207.0,84212848216.63998
2025-03-10,000895,24.41,24.87,24.4,24.64,9312390.0,249027140.0,85356009052.15999
2025-03-11,000895,24.53,24.9,24.41,24.82,9525249.0,255110328.0,85979551326.07999
2025-03-12,000895,24.82,24.9,24.36,24.42,10749192.0,286165183.0,84593901828.48
2025-03-13,000895,24.48,24.56,24.17,24.29,8514901.0,225067675.0,84143565741.75998
2025-03-14,000895,24.36,24.52,24.23,24.43,9876482.0,261480237.0,84628543065.91998
2025-03-17,000895,24.51,24.85,24.25,24.25,11396811.0,301891498.0,84005000791.99998
2025-03-18,000895,24.28,24.31,23.91,23.92,11646639.0,303534578.0,82861839956.48
2025-03-19,000895,23.9,24.01,23.78,23.99,8774957.0,227736056.0,83104328618.55998
2025-03-20,000895,24.02,24.17,23.85,23.88,8322950.0,216930900.0,82723275006.71999
2025-03-21,000895,23.85,24.14,23.82,23.93,10437715.0,271969262.0,82896481193.91998
2025-03-24,000895,23.93,24.26,23.8,23.93,9424750.0,245778290.0,82896481193.91998
2025-03-25,000895,23.91,24.25,23.69,24.2,14018771.0,365134832.0,83831794604.79999
2025-03-26,000895,24.31,24.36,23.72,24.13,17050990.0,444731875.0,83589305942.71999
2025-03-27,000895,24.13,24.64,24.05,24.54,13090136.0,347327620.0,85009596677.75998
2025-03-28,000895,24.49,24.77,24.39,24.71,8984394.0,240529141.0,85598497714.23999
2025-03-31,000895,24.62,24.98,24.59,24.84,10442540.0,281577017.0,86048833800.95999
2025-04-01,000895,24.83,25.24,24.73,25.24,12020235.0,327506248.0,87434483298.55998
2025-04-02,000895,25.18,25.38,24.82,24.93,9740383.0,264670048.0,86360604937.91998
2025-04-03,000895,24.95,25.31,24.73,25.24,8999312.0,245419258.0,87434483298.55998
2025-04-07,000895,24.61,25.35,23.87,24.58,28273383.0,758776385.0,85148161627.51999
2025-04-08,000895,24.47,25.26,24.25,25.1,21863220.0,588258269.0,86949505974.4
2025-04-09,000895,25.09,25.6,24.84,25.49,23246558.0,638247640.0,88300514234.55998
2025-04-10,000895,25.49,25.6,24.99,25.38,17785024.0,490652750.0,87919460622.71999
2025-04-11,000895,25.28,25.41,24.97,25.31,9386616.0,257221502.0,87676971960.63998
2025-04-14,000895,25.3,25.69,25.16,25.32,8752150.0,241400927.0,87711613198.07999
2025-04-15,000895,25.42,25.7,25.15,25.52,9088375.0,251432679.0,88404437946.87999
2025-04-16,000895,25.45,25.79,25.26,25.76,9624245.0,267453547.0,89235827645.43999
2025-04-17,000895,25.64,25.64,25.14,25.33,12435190.0,342308707.0,87746254435.51999
2025-04-18,000895,25.33,25.33,24.99,25.07,8848203.0,241540455.0,86845582262.07999
2025-04-21,000895,25.07,25.19,24.9,25.05,6687370.0,181805172.0,86776299787.2
2025-04-22,000895,25.06,25.24,24.87,25.02,7275397.0,198090169.0,86672376074.87999
2025-04-23,000895,25.02,25.06,24.73,24.75,9336618.0,251600167.0,85737062663.99998
2025-04-24,000895,24.82,25.25,24.77,24.95,9016599.0,245322649.0,86429887412.79999
2025-04-25,000895,24.95,25.19,24.63,24.65,11944267.0,321818966.0,85390650289.59999
2025-04-28,000895,24.66,24.96,24.66,24.74,8966844.0,241444757.0,85702421426.55998
2025-04-29,000895,24.73,24.85,24.56,24.7,9094145.0,244094591.0,85563856476.79999
2025-04-30,000895,24.5,24.51,23.66,23.67,29421318.0,739731322.0,81995809020.48
2025-05-06,000895,23.69,23.71,23.33,23.46,26716946.0,661595538.0,81268343034.23999
2025-05-07,000895,23.53,23.67,23.43,23.49,17456680.0,432699916.0,81372266746.55998
2025-05-08,000895,23.46,23.55,23.34,23.43,17358622.0,429304667.0,81164419321.91998
2025-05-09,000895,23.43,23.58,23.39,23.46,15508297.0,384254926.0,81268343034.23999
2025-05-12,000895,23.52,23.57,23.31,23.51,19912848.0,492407017.0,81441549221.43999
2025-05-13,000895,23.54,23.73,23.48,23.69,18863155.0,469633634.0,82065091495.36
2025-05-14,000895,23.67,23.67,23.31,23.47,19540712.0,483677109.0,81302984271.67998
2025-05-15,000895,23.47,23.57,23.36,23.37,11970570.0,296239280.0,80956571897.28
2025-05-16,000895,23.37,23.37,23.01,23.26,15510052.0,379006102.0,80575518285.43999
2025-05-19,000895,23.26,23.42,23.2,23.37,9340900.0,230156742.0,80956571897.28
2025-05-20,000895,23.38,23.53,23.29,23.4,11231050.0,277377738.0,81060495609.59999
2025-05-21,000895,23.41,23.55,23.39,23.5,10888080.0,269786715.0,81406907983.99998
2025-05-22,000895,23.45,23.56,23.44,23.45,8814000.0,218338008.0,81233701796.79999
2025-05-23,000895,23.45,23.52,23.27,23.29,8290900.0,204678950.0,80679441997.75998
2025-05-26,000895,23.23,23.33,23.05,23.12,11786442.0,287970392.0,80090540961.28
2025-05-27,000895,23.07,23.2,23.0,23.01,10147185.0,247056806.0,79709487349.43999
2025-05-28,000895,23.01,23.15,22.95,23.14,10417046.0,253711897.0,80159823436.15999
2025-05-29,000895,23.08,23.1,22.97,23.08,11771547.0,286290554.0,79951976011.51999
2025-05-30,000895,23.09,23.2,23.03,23.08,14413823.0,351791879.0,79951976011.51999
2025-06-03,000895,23.03,23.25,22.96,23.25,11604752.0,282966596.0,80540877047.99998
2025-06-04,000895,23.25,23.45,23.17,23.43,9505151.0,234152073.0,81164419321.91998
2025-06-05,000895,23.43,23.45,23.25,23.32,7869838.0,193679592.0,80783365710.07999
2025-06-06,000895,23.39,23.44,23.24,23.38,7054599.0,173934652.0,80991213134.71999
2025-06-09,000895,23.39,23.44,23.29,23.4,8142436.0,200956164.0,81060495609.59999
2025-06-10,000895,23.41,23.6,23.35,23.45,12526542.0,310365276.0,81233701796.79999
2025-06-11,000895,23.47,23.65,23.45,23.6,10759526.0,267707947.0,81753320358.4
2025-06-12,000895,23.64,23.64,23.49,23.56,7317457.0,181908229.0,81614755408.63998
2025-06-13,000895,23.56,23.62,23.32,23.35,11177208.0,276130880.0,80887289422.4
2025-06-16,000895,23.36,23.52,23.2,23.22,8648637.0,212982859.0,80436953335.67998
2025-06-17,000895,23.22,23.29,23.09,23.22,6679416.0,163450929.0,80436953335.67998
2025-06-18,000895,23.27,23.31,23.16,23.23,5907202.0,144923243.0,80471594573.12
2025-06-19,000895,23.2,23.32,23.15,23.17,5925101.0,145222403.0,80263747148.48
2025-06-20,000895,23.17,23.34,23.17,23.31,5828624.0,143080729.0,80748724472.63998
2025-06-23,000895,23.22,23.29,22.8,22.87,13943315.0,337520982.0,79224510025.28
2025-06-24,000895,22.9,23.28,22.88,23.26,9920865.0,242355888.0,80575518285.43999
2025-06-25,000895,23.29,23.31,23.12,23.25,6566707.0,160881350.0,80540877047.99998
2025-06-26,000895,23.26,23.27,23.15,23.2,6058203.0,148310168.0,80367670860.79999
2025-06-27,000895,23.2,23.25,23.09,23.18,5421752.0,132673142.0,80298388385.91998
2025-06-30,000895,23.17,23.18,23.03,23.13,6281375.0,153150581.0,80127227422.70999
2025-07-01,000895,23.13,23.26,23.08,23.21,7000370.0,171417183.0,80404364396.07
2025-07-02,000895,23.21,23.31,23.18,23.31,7114500.0,174553126.0,80750785612.76999
2025-07-03,000895,23.33,23.34,23.22,23.25,5699070.0,139944225.0,80542932882.75
2025-07-04,000895,23.25,23.36,23.2,23.32,6761800.0,166284285.0,80785427734.44
2025-07-07,000895,23.34,23.38,23.24,23.3,5678965.0,139641394.0,80716143491.1
2025-07-08,000895,23.27,23.32,23.2,23.31,7845273.0,192715586.0,80750785612.76999
2025-07-09,000895,23.34,23.5,23.28,23.33,9895977.0,244488778.0,80820069856.11
2025-07-10,000895,23.34,23.42,23.31,23.41,5588707.0,137767085.0,81097206829.47
2025-07-11,000895,23.41,23.59,23.39,23.56,9855064.0,244784294.0,81616838654.51999
2025-07-14,000895,23.58,23.73,23.51,23.64,8801048.0,219359407.0,81893975627.88
2025-07-15,000895,23.66,23.75,23.45,23.56,7660217.0,190542122.0,81616838654.51999
2025-07-16,000895,23.58,23.67,23.55,23.59,5361963.0,133460952.0,81720765019.53
2025-07-17,000895,23.59,23.91,23.56,23.64,8063038.0,201540789.0,81893975627.88
2025-07-18,000895,23.67,23.81,23.61,23.78,8581512.0,214960400.0,82378965331.26001
2025-07-21,000895,23.78,24.05,23.7,24.0,9687516.0,244032206.0,83141092008.0
2025-07-22,000895,24.0,24.31,23.97,24.26,10675046.0,271950172.0,84041787171.42
2025-07-23,000895,24.36,24.45,24.06,24.1,10334031.0,263744145.0,83487513224.70001
2025-07-24,000895,24.12,24.18,23.8,24.04,13990587.0,353150797.0,83279660494.68
2025-07-25,000895,24.02,24.13,23.73,23.75,12299127.0,309964055.0,82275038966.25
2025-07-28,000895,23.72,23.86,23.66,23.77,7880982.0,197515027.0,82344323209.59
2025-07-29,000895,23.81,23.84,23.63,23.68,7089955.0,177217916.0,82032544114.56
2025-07-30,000895,23.68,23.93,23.65,23.73,10761069.0,270178445.0,82205754722.91
2025-07-31,000895,23.74,23.74,23.36,23.39,14002394.0,346496540.0,81027922586.13
2025-08-01,000895,23.44,23.59,23.32,23.45,8859932.0,219275496.0,81235775316.15
2025-08-04,000895,23.4,23.52,23.32,23.45,6893505.0,170470718.0,81235775316.15
2025-08-05,000895,23.49,23.67,23.42,23.67,9837328.0,244887912.0,81997901992.89
2025-08-06,000895,23.63,23.68,23.5,23.64,7060586.0,175838747.0,81893975627.88
2025-08-07,000895,23.65,23.74,23.57,23.7,7136341.0,178164321.0,82101828357.9
2025-08-08,000895,23.7,23.84,23.63,23.73,6683420.0,167519303.0,82205754722.91
2025-08-11,000895,23.78,23.79,23.53,23.63,8869239.0,220899041.0,81859333506.20999
2025-08-12,000895,23.62,23.76,23.55,23.58,9270426.0,231418300.0,81686122897.86
2025-08-13,000895,23.91,24.0,23.74,23.86,13771022.0,346579899.0,82656102304.62
2025-08-14,000895,23.96,24.17,23.86,23.89,14014633.0,355158867.0,82760028669.63
2025-08-15,000895,23.86,23.95,23.75,23.91,11447546.0,288027099.0,82829312912.97
2025-08-18,000895,23.91,23.98,23.79,23.81,13346069.0,336314756.0,82482891696.26999
2025-08-19,000895,23.83,23.91,23.7,23.9,13336680.0,335095298.0,82794670791.29999
2025-08-20,000895,23.89,24.07,23.79,24.07,12889641.0,326018602.0,83383586859.69
2025-08-21,000895,24.12,24.22,24.01,24.12,14588978.0,371330939.0,83556797468.04001
2025-08-22,000895,24.24,24.25,23.91,24.05,19691055.0,485501165.0,83314302616.35
2025-08-25,000895,24.09,24.5,24.01,24.48,23254032.0,579524246.0,84803913848.16
2025-08-26,000895,24.41,24.6,24.34,24.42,13832654.0,348262489.0,84596061118.14
2025-08-27,000895,24.44,24.52,24.12,24.14,12616583.0,315532350.0,83626081711.38
2025-08-28,000895,24.16,24.28,23.83,24.07,13901930.0,343653486.0,83383586859.69
2025-08-29,000895,24.11,24.67,24.1,24.53,19955663.0,501992184.0,84977124456.51001
2025-09-01,000895,24.53,24.96,24.33,24.91,21786005.0,555343190.0,86293525079.97
2025-09-02,000895,24.94,25.04,24.67,24.79,11894334.0,303712355.0,85877819619.93
2025-09-03,000895,24.76,24.93,24.36,24.4,8547057.0,215555596.0,84526776874.79999
2025-09-04,000895,24.4,24.63,24.27,24.59,11323530.0,284698814.0,85184977186.53
2025-09-05,000895,24.63,24.85,24.48,24.81,11344429.0,287912215.0,85947103863.26999
2025-09-08,000895,24.85,25.03,24.68,24.88,10933800.0,279288849.0,86189598714.95999
2025-09-09,000895,24.9,25.1,24.73,25.08,11555169.0,296272358.0,86882441148.36
2025-09-10,000895,25.04,25.05,24.85,24.94,5924440.0,151830456.0,86397451444.98001
2025-09-11,000895,24.94,25.24,24.84,25.17,10191413.0,263062437.0,87194220243.39
2025-09-12,000895,25.18,25.24,24.92,25.0,6634960.0,171005287.0,86605304175.0
2025-09-15,000895,25.07,25.08,24.8,24.88,8166068.0,208818928.0,86189598714.95999
2025-09-16,000895,24.88,24.88,24.59,24.65,7359778.0,186933700.0,85392829916.54999
2025-09-17,000895,24.69,24.82,24.48,24.52,7331439.0,185523953.0,84942482334.84
2025-09-18,000895,24.53,24.59,24.27,24.36,10893103.0,273403128.0,84388208388.12
2025-09-19,000895,24.37,24.45,24.21,24.38,7590175.0,189951079.0,84457492631.45999
2025-09-22,000895,24.33,24.36,24.02,24.14,8138348.0,201904762.0,83626081711.38
2025-09-23,000895,24.13,24.32,24.02,24.31,9730245.0,241836706.0,84214997779.76999
2025-09-24,000895,24.21,24.55,24.17,24.27,8123863.0,203140625.0,84076429293.09
2025-09-25,000895,24.28,24.29,23.99,24.01,9042706.0,223916891.0,83175734129.67
2025-09-26,000895,23.98,24.16,23.81,24.02,6721917.0,165785703.0,83210376251.34
2025-09-29,000895,24.02,24.22,23.79,24.09,9589696.0,236043915.0,83452871103.03
2025-09-30,000895,24.1,24.11,23.92,24.06,5625602.0,139098971.0,83348944738.01999
2025-10-09,000895,24.06,24.06,23.73,24.04,13765280.0,337768110.0,83279660494.68
2025-10-10,000895,23.92,24.18,23.89,24.15,8690725.0,215319123.0,83660723833.04999
2025-10-13,000895,23.96,24.09,23.85,24.02,8478746.0,208810669.0,83210376251.34
2025-10-14,000895,24.03,24.38,23.95,24.3,12981057.0,323573795.0,84180355658.1
2025-10-15,000895,24.25,24.54,24.14,24.46,11262000.0,283136478.0,84734629604.82
2025-10-16,000895,24.52,24.78,24.49,24.7,10802226.0,274128709.0,85566040524.9
2025-10-17,000895,24.65,24.87,24.53,24.66,10716998.0,272711656.0,85427472038.22
2025-10-20,000895,24.66,24.79,24.41,24.59,8517638.0,215024575.0,85184977186.53
2025-10-21,000895,24.6,24.72,24.46,24.65,6223248.0,157495698.0,85392829916.54999
2025-10-22,000895,24.61,24.94,24.6,24.72,6964300.0,177706153.0,85635324768.23999
2025-10-23,000895,24.73,24.94,24.72,24.85,6751346.0,172514149.0,86085672349.95001
2025-10-24,000895,24.85,24.85,24.57,24.61,6481170.0,164228250.0,85254261429.87
2025-10-27,000895,24.6,24.8,24.47,24.69,6588687.0,167046370.0,85531398403.23001
2025-10-28,000895,24.69,24.79,24.46,24.46,5013054.0,126598137.0,84734629604.82
2025-10-29,000895,24.65,24.76,24.47,24.71,6440655.0,163236835.0,85600682646.57
2025-10-30,000895,24.72,25.12,24.68,24.75,7904321.0,201795003.0,85739251133.25
2025-10-31,000895,24.78,25.17,24.66,25.03,15779874.0,405278732.0,86709230540.01001
2025-11-03,000895,25.04,25.52,25.03,25.3,12465914.0,324453719.0,87644567825.1
2025-11-04,000895,25.31,25.52,25.2,25.4,9784332.0,255834193.0,87990989041.79999
2025-11-05,000895,25.39,25.4,25.04,25.16,8693492.0,225284385.0,87159578121.72
2025-11-06,000895,25.17,25.44,25.11,25.38,8013271.0,208759503.0,87921704798.45999
2025-11-07,000895,25.37,25.62,25.24,25.47,6066975.0,159274956.0,88233483893.48999
2025-11-10,000895,25.46,26.26,25.42,26.08,13899333.0,370443362.0,90346653315.36
2025-11-11,000895,26.08,26.23,25.93,26.1,9660282.0,258787231.0,90415937558.70001
2025-11-12,000895,26.11,26.2,25.94,26.06,7429553.0,199259392.0,90277369072.01999
2025-11-13,000895,26.04,26.24,25.59,26.18,11513362.0,306445825.0,90693074532.06
2025-11-14,000895,26.04,26.45,26.01,26.15,10572117.0,285493375.0,90589148167.04999
2025-11-17,000895,26.15,26.43,25.84,26.31,10467314.0,281700664.0,91143422113.76999
2025-11-18,000895,26.31,26.79,26.26,26.4,11792497.0,320908144.0,91455201208.79999
2025-11-19,000895,26.4,26.9,26.39,26.65,11486574.0,315276443.0,92321254250.54999
2025-11-20,000895,26.74,26.77,26.45,26.55,9835799.0,269138232.0,91974833033.85
2025-11-21,000895,26.42,26.77,26.31,26.48,14205420.0,387382551.0,91732338182.16
2025-11-24,000895,26.42,26.72,26.35,26.43,11896272.0,323899578.0,91559127573.81
2025-11-25,000895,26.4,26.63,26.12,26.45,13285833.0,360151240.0,91628411817.15
2025-11-26,000895,26.47,26.74,26.04,26.19,10816134.0,291814060.0,90727716653.73001
2025-11-27,000895,26.22,26.55,26.03,26.35,9024286.0,244519260.0,91281990600.45001
2025-11-28,000895,26.34,26.44,26.14,26.25,8556941.0,230887506.0,90935569383.75
2025-12-01,000895,26.25,26.55,26.15,26.48,8198647.0,222833480.0,91732338182.16
2025-12-02,000895,26.49,26.84,26.4,26.82,11603293.0,318718021.0,92910170318.94
2025-12-03,000895,26.74,26.77,26.47,26.55,6613521.0,180794622.0,91974833033.85
2025-12-04,000895,26.55,26.63,25.94,26.01,11652650.0,313676049.0,90104158463.67
2025-12-05,000895,26.01,26.26,25.97,26.07,6662391.0,178944631.0,90312011193.69
2025-12-08,000895,26.07,26.16,25.8,25.89,8774316.0,233777353.0,89688453003.63
2025-12-09,000895,25.87,26.08,25.7,25.73,7162997.0,190495020.0,89134179056.91
2025-12-10,000895,25.69,25.99,25.65,25.92,7228543.0,192339136.0,89792379368.64
2025-12-11,000895,25.82,25.99,25.78,25.83,5909250.0,157164423.0,89480600273.61
2025-12-12,000895,25.97,26.03,25.64,25.82,10958900.0,290935933.0,89445958151.94
2025-12-15,000895,26.06,26.17,25.83,26.01,7526554.0,201550398.0,90104158463.67
2025-12-16,000895,26.02,26.36,26.02,26.11,10236635.0,275653379.0,90450579680.37
2025-12-17,000895,26.29,26.59,26.04,26.45,8995910.0,244568537.0,91628411817.15
2025-12-18,000895,26.45,26.48,26.27,26.32,7221334.0,195802713.0,91178064235.44
2025-12-19,000895,26.34,26.44,26.1,26.38,7110493.0,192181344.0,91385916965.45999
2025-12-22,000895,26.36,26.49,25.94,26.04,8828255.0,236639917.0,90208084828.68
2025-12-23,000895,26.07,26.22,25.93,26.15,7389029.0,198311911.0,90589148167.04999
2025-12-24,000895,26.15,26.24,25.94,25.99,5549034.0,148420047.0,90034874220.33
2025-12-25,000895,26.03,26.25,25.87,26.08,5992834.0,160849441.0,90346653315.36
2025-12-26,000895,26.14,26.21,25.78,25.89,7811300.0,207981040.0,89688453003.63
2025-12-29,000895,25.85,25.94,25.63,25.85,8827287.0,234309902.0,89549884516.95001
2025-12-30,000895,25.85,26.04,25.72,26.0,7628681.0,203216765.0,90069516342.0
2025-12-31,000895,25.97,26.04,25.67,25.74,9029823.0,239800620.0,89168751680.57999
2026-01-05,000895,25.77,26.01,25.68,25.84,11399816.0,303233225.0,89515172627.27998
2026-01-06,000895,25.84,25.84,25.43,25.67,14383456.0,378261035.0,88926257017.89
2026-01-07,000895,25.67,25.67,25.23,25.28,16632869.0,433327017.0,87575215325.76
2026-01-08,000895,25.24,25.3,25.12,25.17,8255317.0,213696195.0,87194152284.39
2026-01-09,000895,25.12,25.21,25.06,25.19,9550864.0,246837822.0,87263436473.73
2026-01-12,000895,25.09,25.22,25.02,25.1,8292060.0,213885196.0,86951657621.7
2026-01-13,000895,25.14,25.34,24.98,25.0,15168932.0,392617947.0,86605236674.99998
2026-01-14,000895,24.98,25.04,24.82,24.95,12360761.0,316827431.0,86432026201.64998
2026-01-15,000895,24.88,25.13,24.85,24.99,10122264.0,260534547.0,86570594580.32999
2026-01-16,000895,25.05,25.15,24.85,24.92,9956968.0,255637178.0,86328099917.64
2026-01-19,000895,24.82,24.92,24.72,24.86,9926385.0,253485934.0,86120247349.61998
2026-01-20,000895,24.89,25.34,24.8,25.18,16466969.0,425391154.0,87228794379.05998
2026-01-21,000895,25.24,25.28,24.91,24.98,11315785.0,291651095.0,86535952485.65999
2026-01-22,000895,24.99,25.14,24.91,25.02,9373701.0,241307585.0,86674520864.33998
2026-01-23,000895,25.06,25.09,24.81,24.82,10365814.0,265629741.0,85981678970.93999
2026-01-26,000895,24.81,25.12,24.52,25.0,17531270.0,448534543.0,86605236674.99998
2026-01-27,000895,25.0,25.18,24.9,24.91,13778970.0,354734985.0,86293457822.96999
2026-01-28,000895,24.92,25.16,24.87,24.87,13215690.0,340045876.0,86154889444.29
2026-01-29,000895,24.89,25.26,24.59,25.24,18193796.0,466148668.0,87436646947.07999
2026-01-30,000895,25.14,25.34,24.96,24.97,12960927.0,334874213.0,86501310390.98999
2026-02-02,000895,24.97,25.31,24.81,24.86,15394002.0,396977335.0,86120247349.61998
2026-02-03,000895,24.86,25.2,24.73,25.19,12578147.0,323340693.0,87263436473.73
2026-02-04,000895,25.21,25.71,25.12,25.59,14995815.0,393793531.0,88649120260.52998
2026-02-05,000895,25.62,26.01,25.59,25.96,12867560.0,341744577.0,89930877763.31999
2026-02-06,000895,25.85,26.04,25.72,25.81,9109244.0,241856127.0,89411246343.26999
2026-02-09,000895,25.81,25.95,25.68,25.89,8683923.0,230513928.0,89688383100.62999
2026-02-10,000895,25.89,26.11,25.82,25.98,7400503.0,197779796.0,90000161952.65999
2026-02-11,000895,25.99,26.06,25.82,25.96,5899041.0,157304374.0,89930877763.31999
2026-02-12,000895,25.89,25.96,25.74,25.79,7687200.0,204125328.0,89341962153.92998
2026-02-13,000895,25.79,25.87,25.65,25.68,4760600.0,126145785.0,88960899112.55998
2026-02-24,000895,25.65,25.82,25.58,25.65,7846479.0,207043051.0,88856972828.54999
2026-02-25,000895,25.65,25.87,25.46,25.47,8429973.0,222177262.0,88233415124.48999
2026-02-26,000895,25.58,25.75,25.45,25.55,6159359.0,161955624.0,88510551881.84999
2026-02-27,000895,25.54,25.73,25.48,25.56,7027182.0,184860612.0,88545193976.51999
2026-03-02,000895,25.46,25.7,25.39,25.67,8243810.0,217148467.0,88926257017.89
2026-03-03,000895,25.67,26.24,25.6,26.03,14231738.0,380836411.0,90173372426.01
2026-03-04,000895,25.97,25.98,25.66,25.87,10619209.0,281648713.0,89619098911.29
2026-03-05,000895,25.87,25.95,25.74,25.81,9119983.0,242051567.0,89411246343.26999
2026-03-06,000895,25.81,26.5,25.76,26.48,11158204.0,301113122.0,91732266686.15999
2026-03-09,000895,26.43,26.82,26.28,26.57,13235657.0,362562118.0,92044045538.18999
2026-03-10,000895,26.57,26.64,26.35,26.51,8508985.0,231964718.0,91836192970.17
2026-03-11,000895,26.52,26.82,26.43,26.75,9280081.0,254549012.0,92667603242.24998
2026-03-12,000895,26.8,27.09,26.7,27.02,8849335.0,245211673.0,93602939798.33998
2026-03-13,000895,27.02,27.41,26.88,27.16,11469585.0,320688544.0,94087929123.71999
2026-03-16,000895,27.16,27.8,27.08,27.72,16598592.0,471749383.0,96027886425.23999
2026-03-17,000895,27.72,27.89,27.53,27.64,10307667.0,293860630.0,95750749667.87999
2026-03-18,000895,27.62,27.79,27.41,27.73,9874415.0,280451480.0,96062528519.90999
2026-03-19,000895,27.62,28.0,27.57,27.65,11362404.0,324370786.0,95785391762.54999
2026-03-20,000895,27.65,28.0,27.39,27.52,10893776.0,309969720.0,95335044531.83998
2026-03-23,000895,27.14,27.26,26.35,26.49,22499498.0,616485378.0,91766908780.82999
2026-03-24,000895,26.82,26.96,26.49,26.86,12483588.0,343550628.0,93048666283.61998
2026-03-25,000895,26.54,26.8,25.78,26.52,20534482.0,554112920.0,91870835064.83998
2026-03-26,000895,26.83,27.1,26.55,26.79,12756973.0,352489842.0,92806171620.92998
2026-03-27,000895,26.79,27.51,26.74,27.17,12828734.0,358199313.0,94122571218.39
2026-03-30,000895,27.12,27.79,26.96,27.64,15069672.0,426843136.0,95750749667.87999
2026-03-31,000895,27.75,27.86,27.43,27.62,11259494.0,320391039.0,95681465478.54
2026-04-01,000895,27.62,27.84,27.23,27.33,11327912.0,320364671.0,94676844733.10999
2026-04-02,000895,27.29,28.06,27.28,27.86,10672313.0,304614072.0,96512875750.61998
2026-04-03,000895,27.74,27.9,26.74,27.14,10767906.0,302069207.0,94018644934.37999
2026-04-07,000895,27.1,27.13,26.65,26.76,9543878.0,262981472.0,92702245336.92
2026-04-08,000895,26.76,27.06,26.51,27.01,11101360.0,306164176.0,93568297703.67
2026-04-09,000895,26.9,27.2,26.8,26.95,8659503.0,240290349.0,93360445135.64998
2026-04-10,000895,27.05,27.23,26.75,27.17,8975663.0,249784075.0,94122571218.39
2026-04-13,000895,27.35,27.9,27.2,27.73,14459537.0,410092837.0,96062528519.90999
2026-04-14,000895,27.7,28.18,27.35,27.63,11127039.0,317753955.0,95716107573.20998
2026-04-15,000895,27.64,28.2,27.49,27.98,13075530.0,376337971.0,96928580886.65999
2026-04-16,000895,27.99,28.19,27.67,27.92,9307739.0,266944279.0,96720728318.64
2026-04-17,000895,27.82,27.99,27.5,27.62,7767225.0,221331821.0,95681465478.54
2026-04-20,000895,27.61,27.8,27.43,27.54,7555476.0,214103750.0,95404328721.17998
2026-04-21,000895,27.72,28.8,27.65,28.14,13922939.0,405414771.0,97482854401.37999
2026-04-22,000895,28.15,28.37,28.06,28.13,9804913.0,283947888.0,97448212306.70998
2026-04-23,000895,28.13,28.48,28.01,28.22,8749774.0,254001557.0,97759991158.73999
2026-04-24,000895,28.11,28.48,27.92,28.4,12378438.0,360012531.0,98383548862.79999
2026-04-27,000895,28.3,28.39,27.95,28.0,9878181.0,285124096.0,96997865075.99998
2026-04-28,000895,27.99,28.38,27.81,28.3,12389770.0,358045354.0,98037127916.09999
2026-04-29,000895,28.35,28.65,27.58,27.62,17259796.0,481648731.0,95681465478.54
2026-04-30,000895,27.62,28.03,27.55,27.73,11200617.0,310879192.0,96062528519.90999
2026-05-06,000895,27.81,27.84,27.0,27.71,15099207.0,414574999.0,95993244330.56999
2026-05-07,000895,27.5,27.63,27.05,27.22,12066494.0,328376088.0,94295781691.73999
2026-05-08,000895,27.3,27.48,26.85,26.89,10965642.0,296468489.0,93152592567.62999
2026-05-11,000895,26.86,27.43,26.58,27.15,18926473.0,510350183.0,94053287029.04999
2026-05-12,000895,27.16,27.3,26.74,26.85,11306205.0,304483295.0,93014024188.95
2026-05-13,000895,26.8,26.89,26.46,26.58,10792219.0,287844960.0,92078687632.85999
2026-05-14,000895,26.58,26.98,26.5,26.81,11554551.0,309565575.0,92875455810.26999
2026-05-15,000895,26.61,26.88,26.41,26.58,9267705.0,246512495.0,92078687632.85999
2026-05-18,000895,26.56,26.56,26.18,26.32,10744661.0,282511385.0,91177993171.43999
2026-05-19,000895,26.3,26.5,26.16,26.28,7620387.0,200476392.0,91039424792.76
2026-05-20,000895,26.3,26.82,26.2,26.28,8737847.0,231172752.0,91039424792.76
2026-05-21,000895,26.24,26.39,25.88,25.88,9682330.0,252480455.0,89653741005.95999
2026-05-22,000895,25.9,25.98,25.6,25.73,8947156.0,230176062.0,89134109585.90999
2026-05-25,000895,25.66,25.85,25.5,25.81,9288289.0,238447062.0,89411246343.26999
2026-05-26,000895,25.2,25.2,24.35,24.52,25386071.0,627120603.0,84942416130.83998
2026-05-27,000895,24.2,24.73,23.89,24.68,17903826.0,436939955.0,85496689645.55998
2026-05-28,000895,24.57,25.09,24.44,24.72,13238893.0,329074152.0,85635258024.23999
2026-05-29,000895,24.72,25.11,24.65,25.02,14009883.0,349501246.0,86674520864.33998
2026-06-01,000895,25.0,25.14,24.68,25.03,13986705.0,348292506.0,86709162959.01
2026-06-02,000895,24.99,25.23,24.84,24.93,8053262.0,201227311.0,86362742012.30998
2026-06-03,000895,24.89,24.89,24.42,24.63,9422339.0,231784311.0,85323479172.20999
2026-06-04,000895,24.63,24.78,24.28,24.33,8536710.0,208764574.0,84284216332.10999
2026-06-05,000895,24.35,25.2,24.35,24.76,12980426.0,322827164.0,85773826402.92
2026-06-08,000895,24.29,24.76,23.94,24.15,14936082.0,361668511.0,83660658628.04999
2026-06-09,000895,24.22,24.64,24.06,24.08,12914289.0,313708522.0,83418163965.35999
2026-06-10,000895,24.1,24.58,24.05,24.32,9960784.0,243115207.0,84249574237.43999
2026-06-11,000895,24.38,24.5,24.1,24.17,9561900.0,231722280.0,83729942817.39
2026-06-12,000895,24.2,24.4,24.08,24.17,12066532.0,291864507.0,83729942817.39
2026-06-15,000895,24.2,24.21,23.9,24.15,13477736.0,324214382.0,83660658628.04999
2026-06-16,000895,24.2,24.26,23.47,23.54,15549057.0,368247642.0,81547490853.18
2026-06-17,000895,23.6,23.62,23.01,23.05,12315118.0,285650734.0,79850028214.34999
2026-06-18,000895,23.03,23.15,22.72,22.79,10291025.0,235669734.0,78949333752.93
2026-06-22,000895,22.73,23.07,22.44,22.86,13506586.0,307189600.0,79191828415.61998
2026-06-23,000895,22.89,23.22,22.76,22.78,13644283.0,313465405.0,78914691658.26
2026-06-24,000895,22.79,23.02,22.57,22.57,8907860.0,202364578.0,78187207670.18999
2026-06-25,000895,22.57,22.92,22.33,22.67,14550896.0,328223618.0,78533628616.89
2026-06-26,000895,22.57,23.08,22.47,22.8,12990895.0,296273891.0,78983975847.59999
2026-06-29,000895,22.81,23.12,22.13,22.79,16467390.0,373768579.0,78949333752.93
2026-06-30,000895,22.7,22.74,22.25,22.4,12164632.0,273004589.0,77598292060.79999
2026-07-01,000895,22.39,23.32,22.32,23.22,15457878.0,355155833.0,80438943823.73999
2026-07-02,000895,23.34,23.58,22.89,23.28,12921825.0,300067957.0,80646796391.76
2026-07-03,000895,23.28,23.6,23.03,23.3,12014167.0,279838599.0,80716080581.09999
2026-07-06,000895,23.31,23.62,23.06,23.42,17973599.0,419742272.0,81131785717.14
2026-07-07,000895,23.4,23.44,22.99,23.2,11196593.0,258719375.0,80369659634.4
2026-07-08,000895,23.09,23.25,22.61,23.1,15761258.0,361508886.0,80023238687.7
2026-07-09,000895,23.03,23.2,22.92,23.06,8170259.0,188419054.0,79884670309.01999
2026-07-10,000895,23.03,23.43,22.83,23.37,13700032.0,317681132.0,80958575243.79
2026-07-13,000895,23.38,23.7,23.18,23.64,13849656.0,325746831.0,81893911799.87999
2026-07-14,000895,23.52,23.77,23.26,23.48,17051467.0,401220200.0,81339638285.15999
2026-07-15,000895,23.36,24.17,23.28,24.1,18236653.0,435483536.0,83487448154.7
2026-07-16,000895,24.01,24.45,23.93,24.4,16011089.0,388346772.0,84526710994.79999
2026-07-17,000895,24.41,24.79,24.32,24.6,17572458.0,432279340.0,85219552888.2
2026-07-20,000895,24.45,25.35,24.38,25.32,20682048.0,516435993.0,87713783704.43999
2026-07-21,000895,25.2,25.85,24.73,24.79,25191958.0,635199009.0,85877752686.93
2026-07-22,000895,24.68,25.03,24.45,25.0,18550532.0,460036091.0,86605236674.99998
2026-07-23,000895,24.84,25.26,24.8,25.06,14147012.0,355185200.0,86813089243.01999
2026-07-24,000895,25.15,25.35,24.91,24.93,10637369.0,267321758.0,86362742012.30998
2026-07-27,000895,24.88,25.3,24.85,25.06,12206206.0,306844901.0,86813089243.01999
2026-07-28,000895,25.05,25.78,24.98,25.7,13417928.0,342381089.0,89030183301.89998
2026-07-29,000895,25.66,26.17,25.65,26.07,14384154.0,373970613.0,90311940804.68999
