date,ticker,open,high,low,close,volume,amount,market_cap
2021-01-04,000858,242.18,248.82,242.18,247.2,23427822.0,6977115208.0,938318365944.0
2021-01-05,000858,246.5,265.39,244.26,265.39,31460633.0,9802665756.0,1007363718195.2999
2021-01-06,000858,265.53,278.4,263.57,272.29,31343033.0,10211616774.0,1033554643458.3
2021-01-07,000858,272.3,274.26,262.98,273.7,24255948.0,7882443069.0,1038906702099.0
2021-01-08,000858,273.75,275.03,256.23,262.92,37870249.0,12096818570.0,997988126108.4
2021-01-11,000858,262.45,262.5,248.4,249.81,38195291.0,11637052716.0,948225368108.7
2021-01-12,000858,247.95,258.19,247.16,257.11,23025505.0,7067492692.0,975934607879.7001
2021-01-13,000858,258.38,260.0,250.58,253.24,23365302.0,7164303594.0,961244915014.8
2021-01-14,000858,252.14,252.87,239.7,240.03,35489554.0,10426526439.0,911102578388.1
2021-01-15,000858,238.87,242.42,230.63,238.62,41713251.0,11843762787.0,905750519747.4
2021-01-18,000858,236.38,238.15,231.68,236.0,27255864.0,7724438137.0,895805559720.0
2021-01-19,000858,238.04,240.52,232.23,233.47,29388857.0,8340023175.0,886202220456.9
2021-01-20,000858,232.23,236.88,228.03,236.25,26404034.0,7448387725.0,896754506287.5
2021-01-21,000858,237.04,247.98,236.79,246.29,29402390.0,8608576888.0,934864200438.2999
2021-01-22,000858,244.74,248.74,242.66,245.14,24946675.0,7369528934.0,930499046227.7999
2021-01-25,000858,245.14,262.36,243.18,261.83,41290940.0,12821666909.0,993850719074.1
2021-01-26,000858,261.83,261.85,253.05,253.61,24143501.0,7458358974.0,962649355934.7001
2021-01-27,000858,251.22,251.22,238.04,242.66,30793847.0,9033475507.0,921085496278.2
2021-01-28,000858,239.06,242.18,234.72,237.21,27607757.0,7911157527.0,900398461106.7001
2021-01-29,000858,240.52,244.79,239.51,241.47,22010914.0,6431745130.0,916568510616.9
2021-02-01,000858,243.02,248.71,242.42,242.42,19575992.0,5790219683.0,920174507573.3999
2021-02-02,000858,242.18,252.41,242.1,252.24,29749240.0,8931329219.0,957449128744.8
2021-02-03,000858,251.97,256.28,249.75,256.08,22454665.0,6862660164.0,972024948021.6
2021-02-04,000858,253.8,262.75,252.97,260.1,28057460.0,8823190962.0,987284008827.0001
2021-02-05,000858,260.44,273.7,260.43,265.21,32891319.0,10624157468.0,1006680476666.7
2021-02-08,000858,268.72,274.12,260.26,265.41,26652998.0,8556525645.0,1007439633920.7001
2021-02-09,000858,267.07,273.7,263.63,273.29,22477980.0,7323491251.0,1037350429728.3
2021-02-10,000858,276.19,286.71,275.77,284.19,33193163.0,11318193474.0,1078724500071.3
2021-02-18,000858,294.01,296.25,274.44,276.6,34381508.0,11828646632.0,1049914482282.0001
2021-02-19,000858,276.69,287.14,270.34,285.64,27475002.0,9295089532.0,1084228390162.7999
2021-02-22,000858,283.65,283.9,257.93,259.65,41458220.0,13367286789.0,985575905005.4999
2021-02-23,000858,253.8,267.78,252.28,261.26,27866832.0,8795804296.0,991687120900.2
2021-02-24,000858,261.26,261.27,239.41,243.08,41724817.0,12424962072.0,922679726511.6001
2021-02-25,000858,245.92,248.8,236.86,239.61,24904649.0,7274333598.0,909508348154.7001
2021-02-26,000858,232.7,238.34,224.77,232.23,28897086.0,8100247691.0,881495445482.1
2021-03-01,000858,237.21,243.84,233.07,239.71,25506327.0,7352003877.0,909887926781.7001
2021-03-02,000858,243.18,245.4,228.33,232.81,24412465.0,6955462355.0,883697001518.7
2021-03-03,000858,228.91,237.87,225.27,236.63,21171711.0,5951313500.0,898196905070.1
2021-03-04,000858,232.23,232.23,219.79,220.88,32935886.0,8896042111.0,838413271317.6
2021-03-05,000858,213.98,225.75,210.67,221.03,29165040.0,7727068296.0,838982639258.1
2021-03-08,000858,222.28,223.96,202.74,202.79,38365377.0,9779570335.0,769747497693.2999
2021-03-09,000858,200.71,206.69,190.76,201.13,43874577.0,10599045848.0,763446492485.1
2021-03-10,000858,205.69,211.5,204.94,209.51,30958230.0,7776577822.0,795255181427.7
2021-03-11,000858,211.5,223.52,207.42,219.82,30153094.0,7909417124.0,834389737871.4
2021-03-12,000858,223.19,223.51,212.13,219.33,25143785.0,6596290241.0,832529802599.1001
2021-03-15,000858,217.68,221.03,204.03,208.19,24899734.0,6320778553.0,790244743551.3
2021-03-16,000858,208.68,217.76,207.81,217.64,23165605.0,5953026225.0,826114923802.7999
2021-03-17,000858,216.89,222.3,211.5,219.22,19887801.0,5234840657.0,832112266109.4
2021-03-18,000858,219.79,228.08,219.79,224.26,20130334.0,5462748512.0,851243028910.2
2021-03-19,000858,218.13,219.79,213.71,216.3,19784981.0,5158274509.0,821028570201.0
2021-03-22,000858,216.43,218.62,211.26,215.23,14278219.0,3700614995.0,816967078892.1
2021-03-23,000858,215.23,218.94,213.14,217.51,12695157.0,3309793204.0,825621471587.7
2021-03-24,000858,214.89,223.11,214.5,216.31,17942151.0,4728182217.0,821066528063.7
2021-03-25,000858,213.11,213.89,209.01,212.31,18625855.0,4750886354.0,805883382983.7
2021-03-26,000858,213.98,221.6,212.18,220.58,23020269.0,6054732218.0,837274535436.6001
2021-03-29,000858,221.45,232.19,220.61,225.67,28199481.0,7712653716.0,856595087550.8999
2021-03-30,000858,224.35,231.0,224.35,226.81,16870779.0,4624076064.0,860922283898.7
2021-03-31,000858,224.52,224.52,219.8,222.26,13411104.0,3583946108.0,843651456370.2
2021-04-01,000858,223.94,227.16,221.46,226.49,12114212.0,3280567358.0,859707632292.3
2021-04-02,000858,229.75,236.38,228.08,236.01,22962623.0,6443304988.0,895843517582.7
2021-04-06,000858,237.17,238.87,233.89,236.18,15550845.0,4431624296.0,896488801248.6
2021-04-07,000858,234.73,235.26,222.94,224.64,24493627.0,6674234724.0,852685427692.7999
2021-04-08,000858,219.79,227.96,219.01,226.49,16211426.0,4396674335.0,859707632292.3
2021-04-09,000858,224.77,226.01,219.79,220.04,14611556.0,3895892302.0,835224810850.7999
2021-04-12,000858,219.96,221.75,215.64,216.46,13323255.0,3495254788.0,821635896004.2001
2021-04-13,000858,216.69,222.46,216.69,218.05,13875729.0,3670699723.0,827671196173.5
2021-04-14,000858,218.06,221.95,216.68,218.78,14817752.0,3916715200.0,830442120150.6
2021-04-15,000858,216.73,218.12,206.79,212.16,28595938.0,7267459255.0,805314015043.2
2021-04-16,000858,212.16,218.65,212.16,217.14,18754302.0,4877110716.0,824217030667.7999
2021-04-19,000858,215.64,222.45,210.25,220.35,18815579.0,4960854542.0,836401504594.5
2021-04-20,000858,219.79,227.08,218.14,222.07,19914658.0,5367602760.0,842930256978.9
2021-04-21,000858,219.79,226.4,218.61,224.64,15923160.0,4295280589.0,852685427692.7999
2021-04-22,000858,224.68,227.25,223.11,224.92,11627423.0,3157592142.0,853748247848.3999
2021-04-23,000858,225.8,233.06,225.8,232.23,20783326.0,5769545850.0,881495445482.1
2021-04-26,000858,234.72,237.12,227.97,228.08,20390370.0,5710005243.0,865742932461.6001
2021-04-27,000858,229.74,233.74,225.88,233.74,14231452.0,3950995457.0,887227082749.8
2021-04-28,000858,228.08,236.88,227.09,236.88,22027859.0,6211307911.0,899145851637.6
2021-04-29,000858,238.09,241.35,233.32,240.11,20693602.0,5941444369.0,911406241289.7001
2021-04-30,000858,238.04,239.94,235.28,236.38,15803059.0,4521364969.0,897247958502.6
2021-05-06,000858,233.89,237.04,228.75,229.28,16866057.0,4713100400.0,870297875985.6
2021-05-07,000858,232.24,232.42,225.0,225.68,12500753.0,3441009132.0,856633045413.6
2021-05-10,000858,224.42,227.25,216.8,218.96,19524824.0,5183389746.0,831125361679.2001
2021-05-11,000858,217.48,228.47,217.29,228.46,19232636.0,5208651090.0,867185331244.2001
2021-05-12,000858,227.42,231.88,227.25,230.17,12106344.0,3356761371.0,873676125765.8999
2021-05-13,000858,227.41,231.03,226.01,228.91,9707922.0,2670400820.0,868893435065.7
2021-05-14,000858,230.54,239.2,228.23,238.04,21808451.0,6208023603.0,903548963710.7999
2021-05-17,000858,239.05,252.69,239.05,246.49,28061495.0,8373250452.0,935623357692.3
2021-05-18,000858,247.17,248.82,244.09,248.4,14728692.0,4370179796.0,942873309468.0
2021-05-19,000858,247.16,256.37,245.53,251.13,16700066.0,5082549122.0,953235805985.1
2021-05-20,000858,252.72,255.44,250.11,251.73,14023985.0,4268328787.0,955513277747.1
2021-05-21,000858,252.97,253.54,244.72,246.0,17262089.0,5161569643.0,933763422420.0
2021-05-24,000858,248.82,253.13,244.96,252.97,15708894.0,4729942081.0,960220052721.9
2021-05-25,000858,253.8,267.94,252.9,267.92,32305889.0,10261281424.0,1016967057458.4
2021-05-26,000858,265.82,268.73,262.09,264.58,19075117.0,6100319124.0,1004289131316.6
2021-05-27,000858,263.89,270.57,260.61,263.9,16436312.0,5251052173.0,1001707996652.9999
2021-05-28,000858,265.51,266.3,260.75,262.84,13024503.0,4116488946.0,997684463206.7999
2021-05-31,000858,261.51,261.77,256.55,261.36,17768388.0,5542253080.0,992066699527.2001
2021-06-01,000858,262.34,263.17,257.43,261.84,16387574.0,5152812416.0,993888676936.7999
2021-06-02,000858,261.84,264.05,255.87,258.64,15653208.0,4890684590.0,981742160872.7999
2021-06-03,000858,258.64,265.41,257.26,260.11,17917736.0,5652744412.0,987348970269.4601
2021-06-04,000858,258.77,264.16,256.71,261.51,17528770.0,5497026750.0,1015059268830.21
2021-06-07,000858,262.39,263.28,256.18,259.53,18737019.0,5843427389.0,1007373836715.6299
2021-06-08,000858,259.6,260.02,242.18,247.12,31165284.0,9408595822.0,959204032401.52
2021-06-09,000858,246.33,248.82,241.81,245.92,17157668.0,5075838988.0,954546194756.32
2021-06-10,000858,246.34,253.38,245.09,251.35,15077251.0,4565221138.0,975622910100.85
2021-06-11,000858,251.36,252.14,245.5,250.12,15912782.0,4783871683.0,970848626514.52
2021-06-15,000858,250.08,252.18,242.82,248.21,14516108.0,4323376155.0,963434901595.91
2021-06-16,000858,248.21,248.21,239.88,242.45,14062999.0,4120477427.0,941077280898.95
2021-06-17,000858,241.45,247.16,241.45,244.02,10904554.0,3213936359.0,947171285151.42
2021-06-18,000858,244.93,246.33,237.21,241.35,19071578.0,5539524450.0,936807596390.85
2021-06-21,000858,243.01,246.58,241.35,246.22,20602803.0,6063841833.0,955710654167.62
2021-06-22,000858,247.16,250.89,246.58,248.73,16166358.0,4846385285.0,965453297908.83
2021-06-23,000858,248.24,248.4,240.52,241.3,23056410.0,6749757121.0,936613519822.3
2021-06-24,000858,239.28,244.67,235.7,242.76,16551834.0,4788276582.0,942280555623.96
2021-06-25,000858,241.4,249.96,241.25,248.75,20522327.0,6107081700.0,965530928536.25
2021-06-28,000858,248.83,254.23,248.83,254.05,16125387.0,4908850411.0,986103044802.55
2021-06-29,000858,254.19,254.33,246.07,247.62,15672026.0,4707055412.0,961144798087.02
2021-06-30,000858,245.5,250.81,245.08,247.07,10339509.0,3090106555.0,959004227515.02
2021-07-01,000858,246.12,247.99,242.18,247.33,13631042.0,4012429334.0,960013419643.38
2021-07-02,000858,243.84,244.41,236.54,237.23,21169160.0,6104707042.0,920810186964.7799
2021-07-05,000858,235.69,239.28,232.25,233.14,18054256.0,5106360245.0,904934818484.0399
2021-07-06,000858,232.11,233.09,224.12,229.95,23895451.0,6571285948.0,892552807370.7
2021-07-07,000858,232.23,236.38,231.3,236.04,17454367.0,4936536497.0,916191192223.44
2021-07-08,000858,236.38,237.03,221.96,223.8,43957567.0,12010041261.0,868681532026.8
2021-07-09,000858,225.64,226.58,219.4,223.82,21367447.0,5702882116.0,868759162190.52
2021-07-12,000858,226.1,228.58,219.98,226.89,26424669.0,7111433622.0,880675392321.5399
2021-07-13,000858,226.91,233.92,226.91,231.12,21899748.0,6044746555.0,897094171948.3201
2021-07-14,000858,229.36,231.96,224.42,230.54,20921830.0,5710321393.0,894842897200.44
2021-07-15,000858,230.29,235.48,228.37,235.17,19549471.0,5443652588.0,912814280101.62
2021-07-16,000858,235.18,237.29,231.96,232.4,15151398.0,4230603079.0,902062502426.4
2021-07-19,000858,230.96,236.57,229.86,235.22,14331986.0,3994088405.0,913008355510.92
2021-07-20,000858,233.64,238.0,232.61,236.4,13009223.0,3669251201.0,917588535170.4
2021-07-21,000858,236.39,239.47,234.48,235.49,14960510.0,4226787177.0,914056362721.14
2021-07-22,000858,236.57,238.38,233.34,234.56,14310378.0,4028250662.0,910446560108.16
2021-07-23,000858,233.52,233.64,224.52,227.11,21230352.0,5760869080.0,881529324122.4601
2021-07-26,000858,224.98,224.98,204.4,208.97,46213123.0,11693393538.0,811118765628.42
2021-07-27,000858,206.84,208.35,193.44,193.57,42331305.0,10158683399.0,751343539564.02
2021-07-28,000858,193.59,199.22,188.32,198.2,36114290.0,8397862029.0,769314922465.2
2021-07-29,000858,205.53,205.83,195.68,196.83,31322153.0,7483908399.0,763997256250.38
2021-07-30,000858,196.84,196.84,181.58,184.86,42797929.0,9495555500.0,717535603263.9601
2021-08-02,000858,180.35,196.71,177.65,196.33,46844440.0,10454507733.0,762056502157.38
2021-08-03,000858,191.85,201.53,190.68,201.02,34171933.0,8061076933.0,780260775549.7201
2021-08-04,000858,198.46,200.05,195.11,196.37,23028951.0,5412225849.0,762211762484.8201
2021-08-05,000858,191.77,197.63,188.83,190.23,28551069.0,6538505734.0,738379302222.7799
2021-08-06,000858,188.42,190.84,185.28,189.25,19152922.0,4306125513.0,734575424200.5
2021-08-09,000858,187.58,198.2,185.9,192.61,26492924.0,6099681511.0,747617291705.4601
2021-08-10,000858,193.66,209.35,190.41,208.43,46083746.0,11083250875.0,809022751207.98
2021-08-11,000858,205.98,210.29,202.63,206.17,25307547.0,6234986634.0,800250542707.62
2021-08-12,000858,205.16,208.18,198.59,199.23,23714946.0,5718032984.0,773312875896.7799
2021-08-13,000858,198.46,203.49,197.63,201.65,16003140.0,3832138024.0,782706125706.9
2021-08-16,000858,200.98,204.64,199.64,201.56,13317313.0,3210893056.0,782356789970.16
2021-08-17,000858,200.48,202.65,192.42,192.56,21873039.0,5137552315.0,747423216296.16
2021-08-18,000858,190.93,194.7,187.49,191.77,21264488.0,4858678333.0,744356824829.2201
2021-08-19,000858,191.68,193.68,185.9,186.45,28968942.0,6520859198.0,723707201279.7
2021-08-20,000858,177.13,181.45,171.99,172.82,53400435.0,11218172732.0,670802244704.52
2021-08-23,000858,172.83,177.34,171.58,172.54,41836373.0,8684039375.0,669715422412.44
2021-08-24,000858,174.18,178.07,170.83,175.85,41190375.0,8606900863.0,682563214508.1
2021-08-25,000858,176.59,183.33,176.41,182.14,38179885.0,8242448408.0,706977900998.0399
2021-08-26,000858,182.03,182.03,172.5,173.48,33228274.0,6953022888.0,673364040107.2799
2021-08-27,000858,173.48,175.85,171.25,172.24,27190967.0,5618956602.0,668550969956.64
2021-08-30,000858,174.6,175.85,167.03,173.34,34732935.0,7094644686.0,672820628961.24
2021-08-31,000858,172.92,174.18,166.98,168.9,31855168.0,6427633947.0,655586732615.4
2021-09-01,000858,168.9,176.74,164.97,173.94,50364302.0,10338242748.0,675149533872.84
2021-09-02,000858,174.13,174.26,167.65,168.51,37460164.0,7590159049.0,654072944422.86
2021-09-03,000858,167.31,172.97,164.78,172.41,34479528.0,6994069662.0,669210826348.26
2021-09-06,000858,171.25,180.29,169.62,177.08,44070983.0,9315590568.0,687337469576.88
2021-09-07,000858,176.27,179.3,175.07,177.5,25937444.0,5483883908.0,688967703015.0
2021-09-08,000858,177.53,178.12,172.5,173.95,21553677.0,4498947534.0,675188348954.7
2021-09-09,000858,173.95,175.19,171.67,173.62,17757531.0,3672149965.0,673907451253.3201
2021-09-10,000858,173.62,179.54,172.92,178.95,31883473.0,6744385342.0,694595889884.7
2021-09-13,000858,177.53,179.79,173.33,174.0,26342826.0,5526541971.0,675382424364.0
2021-09-14,000858,173.95,175.7,171.87,172.28,23596742.0,4881373812.0,668706230284.08
2021-09-15,000858,169.99,171.29,164.72,166.22,38203577.0,7625717390.0,645184290676.92
2021-09-16,000858,164.13,167.13,161.14,164.97,33538704.0,6590288015.0,640332405444.42
2021-09-17,000858,164.13,171.67,162.51,169.11,29439702.0,5901688646.0,656401849334.4601
2021-09-22,000858,164.97,166.22,162.0,162.4,24908981.0,4852441664.0,630356929406.4
2021-09-23,000858,163.14,164.87,161.32,162.81,18811296.0,3661752984.0,631948347762.66
2021-09-24,000858,162.37,170.83,161.67,167.92,35053997.0,7023121319.0,651782854593.12
2021-09-27,000858,173.86,184.71,173.86,184.71,76006557.0,16521941311.0,716953377036.06
2021-09-28,000858,184.5,186.41,179.2,181.67,41145863.0,8943981562.0,705153592150.62
2021-09-29,000858,181.62,185.26,178.12,183.12,31136680.0,6769523773.0,710781779020.3201
2021-09-30,000858,181.72,186.98,181.72,183.72,33190568.0,7321693531.0,713110683931.92
2021-10-08,000858,184.73,197.61,182.22,191.11,41627865.0,9498183647.0,741795029426.4601
2021-10-11,000858,192.13,196.98,188.83,190.76,26146575.0,5990773979.0,740436501561.36
2021-10-12,000858,190.09,192.6,186.75,192.05,20342373.0,4632611153.0,745443647121.3
2021-10-13,000858,191.24,204.83,190.26,200.55,34777422.0,8246438709.0,778436466702.3
2021-10-14,000858,199.3,204.9,197.76,200.98,24058960.0,5770465386.0,780105515222.2799
2021-10-15,000858,197.46,199.2,192.61,196.22,30215786.0,7060878521.0,761629536256.92
2021-10-18,000858,188.37,188.37,177.95,180.31,52228655.0,11335046053.0,699874741017.66
2021-10-19,000858,178.37,184.97,178.37,183.37,27151971.0,5912575917.0,711752156066.8201
2021-10-20,000858,184.65,186.07,181.62,184.18,17171231.0,3767655125.0,714896177697.48
2021-10-21,000858,185.07,186.7,183.39,185.06,15781385.0,3483824011.0,718311904901.16
2021-10-22,000858,186.49,191.7,185.07,188.44,22614868.0,5094183380.0,731431402569.84
2021-10-25,000858,186.74,188.32,182.55,184.53,24815964.0,5460700049.0,716254705562.58
2021-10-26,000858,184.53,186.74,182.55,184.78,17197532.0,3792558316.0,717225082609.08
2021-10-27,000858,183.4,184.78,179.2,180.88,20048493.0,4335703423.0,702087200683.6799
2021-10-28,000858,181.72,184.21,179.02,180.28,21925324.0,4755135735.0,699758295772.08
2021-10-29,000858,180.27,185.51,180.11,181.31,23633532.0,5148687290.0,703756249203.66
2021-11-01,000858,167.48,175.45,164.88,171.62,58003653.0,11775758003.0,666144434881.3201
2021-11-02,000858,170.81,172.42,167.19,168.59,34933447.0,7067034632.0,654383465077.74
2021-11-03,000858,168.75,169.57,166.38,166.75,21891968.0,4378799393.0,647241490015.5
2021-11-04,000858,168.39,174.06,167.73,173.19,29864162.0,6104737433.0,672238402733.34
2021-11-05,000858,173.19,179.79,173.18,176.11,30142997.0,6372245156.0,683572406636.4601
2021-11-08,000858,175.85,177.87,173.98,176.68,15637386.0,3290544446.0,685784866302.48
2021-11-09,000858,175.59,178.1,173.8,174.82,15503934.0,3250092171.0,678565261076.52
2021-11-10,000858,174.82,175.75,170.16,172.25,17200267.0,3532443273.0,668589785038.5
2021-11-11,000858,172.22,173.34,170.48,172.93,16652085.0,3416388386.0,671229210604.98
2021-11-12,000858,173.65,173.9,170.08,170.7,15788512.0,3227721076.0,662573447350.2
2021-11-15,000858,171.66,173.76,170.08,171.42,20724480.0,4251527056.0,665368133244.12
2021-11-16,000858,172.41,178.74,171.76,177.53,31435675.0,6618521492.0,689084148260.58
2021-11-17,000858,176.73,178.37,175.02,177.12,17421460.0,3668952608.0,687492729904.3201
2021-11-18,000858,175.85,176.68,173.8,174.7,13220262.0,2759820062.0,678099480094.2
2021-11-19,000858,174.08,181.3,173.68,178.03,24292959.0,5188161635.0,691024902353.58
2021-11-22,000858,179.2,185.9,178.37,180.85,31978276.0,6972004751.0,701970755438.1
2021-11-23,000858,180.03,182.97,178.67,179.87,19386637.0,4190535757.0,698166877415.8201
2021-11-24,000858,182.55,190.91,182.55,187.93,47627847.0,10627879572.0,729451833394.98
2021-11-25,000858,190.93,191.89,186.05,186.7,28462827.0,6397889417.0,724677578326.2
2021-11-26,000858,186.62,187.23,183.46,186.62,16247295.0,3602490661.0,724367057671.3201
2021-11-29,000858,184.65,188.42,184.44,188.19,19236411.0,4292901367.0,730461025523.34
2021-11-30,000858,188.4,188.83,182.55,182.55,23014598.0,5063790459.0,708569319354.3
2021-12-01,000858,186.76,188.28,182.65,184.7,19248621.0,4256218970.0,716914561954.2
2021-12-02,000858,184.73,187.49,183.65,186.53,17530974.0,3898019542.0,724017721934.58
2021-12-03,000858,187.16,194.95,186.99,192.14,34030029.0,7800955260.0,745792982858.0399
2021-12-06,000858,193.44,196.79,191.77,194.53,28878669.0,6720204454.0,755069787422.58
2021-12-07,000858,196.79,200.68,195.24,195.95,30890437.0,7293861940.0,760581529046.7
2021-12-08,000858,195.96,204.75,193.67,204.33,39786891.0,9593919616.0,793108567645.38
2021-12-09,000858,205.16,213.5,203.22,210.19,47297011.0,11826016126.0,815854205615.34
2021-12-10,000858,208.28,210.1,204.74,206.84,33227496.0,8208024536.0,802851153192.24
2021-12-13,000858,211.03,215.39,208.51,209.33,35535037.0,9000318796.0,812516108575.38
2021-12-14,000858,208.51,211.86,206.18,209.35,22557352.0,5643907698.0,812593738739.1
2021-12-15,000858,207.76,208.44,203.49,204.16,26356782.0,6461313842.0,792448711253.76
2021-12-16,000858,204.58,205.25,198.51,203.91,28971230.0,6971022372.0,791478334207.26
2021-12-17,000858,202.65,202.65,196.67,196.92,25483452.0,6040427057.0,764346591987.12
2021-12-20,000858,196.92,200.53,196.92,197.63,18882740.0,4471963228.0,767102462799.1799
2021-12-21,000858,197.63,198.88,191.77,193.98,23454247.0,5446651925.0,752934957920.2799
2021-12-22,000858,194.7,195.53,193.01,194.38,15199808.0,3524368527.0,754487561194.6799
2021-12-23,000858,195.39,200.52,191.77,198.47,28205116.0,6610688704.0,770362929675.42
2021-12-24,000858,198.56,205.42,198.56,202.6,28942925.0,7012988263.0,786393558483.6
2021-12-27,000858,200.06,200.56,195.11,197.8,18405368.0,4343284679.0,767762319190.8
2021-12-28,000858,197.88,200.62,197.21,198.95,14368216.0,3406736940.0,772226053604.7
2021-12-29,000858,198.95,198.95,187.66,189.0,34975896.0,7998864967.0,733605047154.0
2021-12-30,000858,188.47,190.51,187.17,188.83,26476873.0,5963128773.0,732945190762.38
2021-12-31,000858,188.84,189.09,184.74,186.46,24043667.0,5340438229.0,723744072516.06
2022-01-04,000858,186.46,187.48,182.62,187.21,20178673.0,4460248125.0,726655195836.81
2022-01-05,000858,186.59,190.32,185.09,187.37,20562209.0,4608528413.0,727276235478.5701
2022-01-06,000858,187.01,189.25,182.67,183.79,19764347.0,4366330606.0,713380473494.19
2022-01-07,000858,183.78,184.65,181.31,182.27,16868239.0,3671458254.0,707480596897.4701
2022-01-10,000858,180.66,182.24,175.96,180.01,20842313.0,4477043193.0,698708411957.61
2022-01-11,000858,179.62,181.17,178.41,178.67,13162334.0,2819944193.0,693507204957.87
2022-01-12,000858,180.05,182.63,179.39,182.49,17894272.0,3865370482.0,708334526404.89
2022-01-13,000858,183.39,183.42,174.18,174.93,26762334.0,5678771184.0,678990403331.73
2022-01-14,000858,173.35,176.14,172.92,173.51,13646759.0,2844403652.0,673478676511.11
2022-01-17,000858,173.16,175.02,170.41,174.88,16936224.0,3497443782.0,678796328443.6799
2022-01-18,000858,174.85,179.19,172.76,177.1,18474875.0,3904185742.0,687413253473.1
2022-01-19,000858,179.48,179.48,174.41,176.52,14401864.0,3039014333.0,685161984771.7201
2022-01-20,000858,176.52,179.2,174.47,178.55,19468561.0,4146262234.0,693041425226.55
2022-01-21,000858,178.37,183.16,176.88,181.93,23974661.0,5195067275.0,706160887658.73
2022-01-24,000858,180.88,182.5,178.53,180.1,13800857.0,2968569093.0,699057746756.1
2022-01-25,000858,178.83,180.04,174.18,174.48,15558209.0,3284058720.0,677243729339.2799
2022-01-26,000858,174.26,177.33,169.35,172.55,21509539.0,4439752204.0,669752438660.55
2022-01-27,000858,173.34,176.91,170.14,170.33,20992325.0,4339832717.0,661135513631.13
2022-01-28,000858,170.82,171.92,165.81,166.12,25781484.0,5160817186.0,644794408057.3201
2022-02-07,000858,167.48,169.88,163.03,163.81,24808023.0,4899710426.0,635828148229.41
2022-02-08,000858,163.84,164.41,154.84,159.11,30451687.0,5740104552.0,617585108752.7101
2022-02-09,000858,158.27,164.38,158.27,164.11,23742057.0,4585366337.0,636992597557.7101
2022-02-10,000858,164.11,164.55,160.04,161.65,16874256.0,3254038393.0,627444113065.65
2022-02-11,000858,161.2,166.33,160.24,162.68,27374928.0,5365712652.0,631442055759.48
2022-02-14,000858,160.78,166.81,160.36,165.81,19031649.0,3747901335.0,643591143751.41
2022-02-15,000858,166.48,167.78,164.8,167.31,17739048.0,3537513876.0,649413390392.91
2022-02-16,000858,167.33,168.01,165.77,166.99,11908541.0,2375601897.0,648171311109.39
2022-02-17,000858,167.38,167.61,164.82,165.34,13054643.0,2583633352.0,641766839803.74
2022-02-18,000858,164.97,166.96,163.67,166.64,11614365.0,2297554259.0,646812786893.0399
2022-02-21,000858,167.24,170.8,165.64,166.81,15192567.0,3044972483.0,647472641512.41
2022-02-22,000858,165.65,165.75,160.66,161.95,19367733.0,3749346934.0,628608562393.95
2022-02-23,000858,161.84,164.62,160.81,164.3,14797343.0,2875772247.0,637730082132.3
2022-02-24,000858,162.46,163.29,156.85,158.01,25960987.0,4940978924.0,613315461215.61
2022-02-25,000858,159.1,161.59,159.1,159.51,13666374.0,2611874595.0,619137707857.11
2022-02-28,000858,159.94,160.36,156.59,159.11,14309281.0,2700046289.0,617585108752.7101
2022-03-01,000858,159.19,162.36,159.16,161.78,20028521.0,3853590511.0,627948707774.58
2022-03-02,000858,160.2,160.29,157.77,158.44,15016488.0,2841554762.0,614984505252.84
2022-03-03,000858,158.91,159.27,152.41,152.47,31288930.0,5775912552.0,591811963619.67
2022-03-04,000858,150.72,151.9,147.28,147.69,31292974.0,5577557114.0,573258404322.09
2022-03-07,000858,145.92,145.92,138.38,139.01,47738912.0,8036888481.0,539567003756.61
2022-03-08,000858,142.35,143.61,138.4,139.22,33350717.0,5611790680.0,540382118286.42
2022-03-09,000858,139.85,140.46,131.3,136.4,39921892.0,6488949487.0,529436294600.4
2022-03-10,000858,140.68,144.23,139.0,144.16,41773972.0,7087219598.0,559556717225.76
2022-03-11,000858,141.52,144.49,140.04,143.84,25797110.0,4378229004.0,558314637942.24
2022-03-14,000858,141.51,142.02,139.23,139.23,18140303.0,3043660701.0,540420933264.02997
2022-03-15,000858,136.5,137.99,131.22,131.6,31294532.0,5020399486.0,510805105347.6
2022-03-16,000858,136.5,138.63,129.91,138.0,34899969.0,5622615397.0,535646691018.0
2022-03-17,000858,141.1,143.92,139.01,140.88,34829153.0,5869489576.0,546825404569.68
2022-03-18,000858,139.85,141.59,138.17,140.6,18585704.0,3107945065.0,545738585196.6
2022-03-21,000858,142.15,142.17,138.18,138.77,17105436.0,2842223351.0,538635444293.97003
2022-03-22,000858,138.76,140.1,137.33,137.59,12290508.0,2029492693.0,534055276935.99
2022-03-23,000858,137.6,140.09,136.28,138.96,18463877.0,3049956331.0,539372928868.56006
2022-03-24,000858,137.67,137.67,134.55,135.12,19808605.0,3207819881.0,524467977466.32
2022-03-25,000858,136.96,136.98,131.2,131.63,21364110.0,3393360050.0,510921550280.43
2022-03-28,000858,129.21,129.21,126.03,126.62,27446634.0,4167231496.0,491475246497.82
2022-03-29,000858,126.44,128.77,124.87,124.92,23521130.0,3552871390.0,484876700304.12
2022-03-30,000858,128.1,131.43,126.58,131.43,32367269.0,4993851923.0,510145250728.23004
2022-03-31,000858,130.63,131.14,129.38,129.85,20136648.0,3126382334.0,504012484265.85
2022-04-01,000858,129.8,135.85,129.34,133.9,28749478.0,4581621784.0,519732550197.9
2022-04-06,000858,132.31,135.88,131.89,133.99,17944305.0,2866077986.0,520081884996.39
2022-04-07,000858,133.15,137.24,132.75,134.36,18557169.0,2996915190.0,521518039167.9601
2022-04-08,000858,134.82,136.3,133.57,134.48,16544628.0,2661592737.0,521983818899.27997
2022-04-11,000858,132.32,132.88,128.0,128.68,24257721.0,3752027960.0,499471131885.48004
2022-04-12,000858,129.18,137.91,129.18,137.23,33416391.0,5333900919.0,532657937742.02997
2022-04-13,000858,136.33,138.17,134.51,135.93,23885459.0,3897075048.0,527611990652.73004
2022-04-14,000858,137.25,144.87,136.44,143.67,43119146.0,7300575091.0,557654783322.87
2022-04-15,000858,142.36,145.71,141.19,142.27,22643958.0,3871918113.0,552220686457.4701
2022-04-18,000858,141.44,141.44,137.51,140.0,18411135.0,3062759960.0,543409686540.0
2022-04-19,000858,140.68,142.36,137.37,138.17,16499269.0,2740121570.0,536306545637.36993
2022-04-20,000858,138.58,141.52,135.36,138.93,20634107.0,3422120976.0,539256483935.73004
2022-04-21,000858,137.33,139.45,135.39,136.14,17122910.0,2807078120.0,528427105182.5399
2022-04-22,000858,136.14,139.16,133.13,138.53,20014422.0,3268498122.0,537703884831.33
2022-04-25,000858,135.66,136.18,129.38,129.8,28635086.0,4556272568.0,503818409377.80005
2022-04-26,000858,129.8,135.5,129.41,132.73,25453892.0,4045539333.0,515191197817.52997
2022-04-27,000858,132.73,136.84,132.73,135.15,23927789.0,3849331178.0,524584422399.15
2022-04-28,000858,135.16,139.56,134.45,138.88,25711994.0,4235742307.0,539062409047.68
2022-04-29,000858,139.26,140.1,133.03,135.77,44874280.0,7241581133.0,526990951010.97003
2022-05-05,000858,133.98,137.72,133.27,135.27,24480158.0,3973322638.0,525050202130.47003
2022-05-06,000858,132.33,133.7,131.06,131.52,19086139.0,3007833167.0,510494585526.72003
2022-05-09,000858,129.81,131.05,127.56,129.61,18623627.0,2874663797.0,503080924803.2101
2022-05-10,000858,126.45,131.05,125.28,130.07,20108042.0,3092729204.0,504866413773.26996
2022-05-11,000858,130.07,133.69,129.8,131.9,24390245.0,3846228734.0,511969554675.9
2022-05-12,000858,130.8,133.72,130.72,132.38,17068607.0,2699983161.0,513832673601.18
2022-05-13,000858,133.65,133.88,130.68,131.42,15255576.0,2401106195.0,510106435750.61993
2022-05-16,000858,133.12,133.13,129.13,129.95,17765146.0,2767778351.0,504400634041.94995
2022-05-17,000858,129.94,131.05,129.5,130.76,13341235.0,2078095646.0,507544647228.36
2022-05-18,000858,130.93,131.05,128.5,129.45,16560504.0,2560375192.0,502459885161.44995
2022-05-19,000858,128.01,128.63,127.47,128.56,14878282.0,2273068154.0,499005352154.16003
2022-05-20,000858,129.21,136.48,128.7,136.05,45229675.0,7222107585.0,528077770384.05005
2022-05-23,000858,135.33,135.81,132.31,133.51,27645321.0,4410754725.0,518218766071.11
2022-05-24,000858,134.34,134.82,130.87,131.11,18855234.0,2974172509.0,508903171444.7101
2022-05-25,000858,131.01,132.78,129.8,131.85,16395707.0,2565767960.0,511775479787.85
2022-05-26,000858,131.47,133.73,129.8,131.66,19431756.0,3043721248.0,511037995213.26
2022-05-27,000858,133.69,135.24,131.72,132.27,21068308.0,3356383642.0,513405708847.47003
2022-05-30,000858,133.99,140.47,133.98,139.16,51093206.0,8416468104.0,540149228420.76
2022-05-31,000858,139.01,144.72,138.19,143.53,48654483.0,8293724659.0,557111373636.33
2022-06-01,000858,144.86,145.12,141.55,142.7,21930245.0,3739434438.0,553889730494.7
2022-06-02,000858,141.55,143.2,141.25,142.15,16522354.0,2801365549.0,551754906726.15
2022-06-06,000858,142.78,145.28,139.49,144.82,27814175.0,4762415124.0,562118505748.02
2022-06-07,000858,144.95,149.39,144.03,145.81,29507703.0,5177758449.0,565961188531.41
2022-06-08,000858,145.96,150.72,144.89,149.17,32527871.0,5770812837.0,579003021008.37
2022-06-09,000858,149.36,150.65,147.21,147.39,20783889.0,3688662162.0,572093954993.7899
2022-06-10,000858,146.57,149.48,145.29,148.57,21563045.0,3804237561.0,576674122351.77
2022-06-13,000858,146.7,147.72,143.28,144.46,26434591.0,4580799636.0,560721166554.06
2022-06-14,000858,142.53,145.71,142.07,145.54,19733328.0,3385240808.0,564913184135.94
2022-06-15,000858,145.56,150.65,143.86,148.45,32544108.0,5743255077.0,576208342620.45
2022-06-16,000858,149.06,151.57,148.22,148.72,20500586.0,3668452194.0,577256347015.92
2022-06-17,000858,147.8,151.72,147.8,151.72,28620361.0,5145018832.0,588900840298.92
2022-06-20,000858,153.04,156.59,149.9,153.66,31195435.0,5705313089.0,596430945955.26
2022-06-21,000858,152.96,155.34,151.11,152.12,21811575.0,3990195909.0,590453439403.3201
2022-06-22,000858,152.41,153.14,148.85,149.12,22352764.0,4006768455.0,578808946120.3201
2022-06-23,000858,149.14,151.49,148.88,151.07,15972518.0,2867621353.0,586377866754.27
2022-06-24,000858,151.99,155.35,150.66,154.92,24518674.0,4504178661.0,601321633134.12
2022-06-27,000858,156.59,163.86,156.59,161.62,36637471.0,7058190240.0,627327668132.8201
2022-06-28,000858,161.62,167.37,160.11,167.19,31678590.0,6232395066.0,648947610661.59
2022-06-29,000858,167.5,167.62,161.98,163.25,28997090.0,5625269619.0,633654509483.25
2022-06-30,000858,163.41,174.31,163.41,171.7,42521450.0,8521483468.0,666444147707.9999
2022-07-01,000858,171.82,174.31,168.35,172.61,21936590.0,4418343886.0,669976262876.4
2022-07-04,000858,170.9,172.44,168.52,170.94,22587623.0,4525333761.0,663494249325.5999
2022-07-05,000858,171.46,172.32,166.88,168.87,26296492.0,5224558250.0,655459657678.7999
2022-07-06,000858,168.46,169.73,164.4,165.58,22763312.0,4459016820.0,642689702839.2
2022-07-07,000858,165.58,165.58,160.25,162.9,26677066.0,5095578644.0,632287429596.0
2022-07-08,000858,164.4,165.63,162.37,163.85,16409671.0,3167643747.0,635974802573.9999
2022-07-11,000858,161.57,162.23,158.15,161.03,19257469.0,3621672903.0,625029126997.2
2022-07-12,000858,160.52,163.88,159.46,161.55,16993479.0,3229606651.0,627047478522.0
2022-07-13,000858,161.19,165.62,159.52,164.19,18991870.0,3656106377.0,637294493955.5999
2022-07-14,000858,162.55,164.58,160.74,161.66,15107930.0,2880607578.0,627474437498.3999
2022-07-15,000858,161.68,166.24,159.85,161.47,20720892.0,3979169055.0,626736962902.7999
2022-07-18,000858,161.24,161.38,156.62,159.28,17803426.0,3320023855.0,618236597827.2
2022-07-19,000858,159.0,161.26,158.58,160.62,12021415.0,2259044880.0,623437734448.7999
2022-07-20,000858,162.23,162.83,159.85,160.8,11249772.0,2134516123.0,624136394592.0
2022-07-21,000858,160.69,161.47,158.64,158.75,11072844.0,2082697378.0,616179431849.9999
2022-07-22,000858,159.43,160.28,157.3,158.08,11698563.0,2180797972.0,613578863539.2
2022-07-25,000858,158.87,160.28,157.09,159.92,12479902.0,2336297100.0,620720722780.7999
2022-07-26,000858,160.58,163.25,160.43,162.39,13747445.0,2627310531.0,630307892523.5999
2022-07-27,000858,161.6,162.41,159.48,159.94,9749124.0,1844277553.0,620798351685.6
2022-07-28,000858,160.23,161.98,158.87,159.1,9260926.0,1744687639.0,617537937683.9999
2022-07-29,000858,158.57,158.57,151.18,151.69,34031091.0,6166191233.0,588776428455.6
2022-08-01,000858,151.77,153.04,150.35,151.84,15608201.0,2791638728.0,589358645241.6
2022-08-02,000858,150.41,151.91,147.17,149.36,17673794.0,3114640799.0,579732661046.4
2022-08-03,000858,149.55,152.62,148.2,148.45,15403054.0,2710918104.0,576200545877.9999
2022-08-04,000858,148.46,150.92,148.33,150.31,13368553.0,2350151180.0,583420034024.3999
2022-08-05,000858,150.88,152.62,149.83,152.35,12701711.0,2260873414.0,591338182313.9999
2022-08-08,000858,151.6,154.35,150.92,151.27,13025113.0,2331931588.0,587146221454.7999
2022-08-09,000858,150.54,151.35,149.84,150.48,8538631.0,1511033063.0,584079879715.1998
2022-08-10,000858,149.29,150.92,147.1,147.95,14354932.0,2503385133.0,574259823257.9999
2022-08-11,000858,148.79,151.27,148.42,151.27,13967051.0,2468539674.0,587146221454.7999
2022-08-12,000858,151.6,152.76,150.25,151.94,10861895.0,1936659422.0,589746789765.6
2022-08-15,000858,151.03,152.71,149.39,149.65,13844011.0,2446911673.0,580858280166.0
2022-08-16,000858,149.62,150.75,148.54,148.99,10997543.0,1929236389.0,578296526307.6
2022-08-17,000858,149.06,150.47,147.97,149.82,12211628.0,2144649842.0,581518125856.7999
2022-08-18,000858,148.8,148.97,146.26,147.46,17955216.0,3110937648.0,572357915090.3999
2022-08-19,000858,146.67,148.93,146.25,147.66,12603780.0,2189742325.0,573134204138.3999
2022-08-22,000858,146.5,147.48,144.77,145.82,15513018.0,2663565072.0,565992344896.7999
2022-08-23,000858,145.99,146.49,142.42,142.85,22924845.0,3868689013.0,554464452533.9999
2022-08-24,000858,142.81,144.12,141.15,142.2,18025460.0,3021329673.0,551941513127.9999
2022-08-25,000858,142.75,144.53,142.19,144.05,17485390.0,2949656306.0,559122186822.0
2022-08-26,000858,146.15,147.78,144.17,144.63,24378683.0,4181288062.0,561373425061.2
2022-08-29,000858,142.37,144.16,140.3,140.59,25430564.0,4218793350.0,545692386291.6
2022-08-30,000858,139.45,140.09,137.91,139.47,18643252.0,3046737234.0,541345167622.7999
2022-08-31,000858,138.51,142.83,138.17,142.16,26733348.0,4444754516.0,551786255318.3999
2022-09-01,000858,141.15,141.15,138.85,139.07,15844189.0,2607493588.0,539792589526.7999
2022-09-02,000858,139.86,139.86,136.9,137.61,15592424.0,2524463032.0,534125679476.39996
2022-09-05,000858,136.04,136.34,133.55,135.21,22432012.0,3551118312.0,524810210900.39996
2022-09-06,000858,135.21,137.19,134.57,136.49,14693767.0,2346001119.0,529778460807.6
2022-09-07,000858,136.04,136.05,134.34,135.14,14150787.0,2245681618.0,524538509733.59985
2022-09-08,000858,136.05,137.19,135.09,135.25,14867178.0,2377952564.0,524965468709.99994
2022-09-09,000858,135.29,137.45,134.65,137.29,20318847.0,3269738015.0,532883616999.5999
2022-09-13,000858,139.34,140.27,137.49,139.13,22455447.0,3676000837.0,540025476241.1999
2022-09-14,000858,137.74,138.79,136.88,138.09,14343803.0,2325532850.0,535988773191.6
2022-09-15,000858,138.31,141.57,137.83,139.79,24493222.0,4041538789.0,542587230099.5999
2022-09-16,000858,139.45,140.12,136.71,136.96,17805222.0,2882822678.0,531602740070.39996
2022-09-19,000858,136.68,140.41,135.64,138.61,17237096.0,2810086975.0,538007124716.39996
2022-09-20,000858,139.45,141.11,137.89,140.97,18488126.0,3048376406.0,547167335482.7999
2022-09-21,000858,140.46,140.95,138.85,138.98,12764774.0,2093973068.0,539443259455.1999
2022-09-22,000858,137.74,137.99,134.81,135.11,18211404.0,2916788948.0,524422066376.39996
2022-09-23,000858,134.34,136.57,134.26,135.3,12025892.0,1916778416.0,525159540972.0
2022-09-26,000858,134.34,139.44,134.15,137.84,21041611.0,3411760443.0,535018411881.6
2022-09-27,000858,139.39,145.74,137.74,145.25,35443991.0,5929460447.0,563779921109.9999
2022-09-28,000858,145.01,146.71,144.12,144.21,24431050.0,4176068020.0,559743218060.3999
2022-09-29,000858,146.66,146.69,142.46,143.28,17564712.0,2971843109.0,556133473987.2
2022-09-30,000858,144.45,146.25,143.58,143.89,16701001.0,2843915545.0,558501155583.5999
2022-10-10,000858,144.12,144.63,134.93,135.11,25650912.0,4179453268.0,524422066376.39996
2022-10-11,000858,135.12,136.05,131.71,134.85,16389813.0,2587296299.0,523412890613.99994
2022-10-12,000858,134.6,134.6,129.24,133.15,24238545.0,3740666460.0,516814433705.99994
2022-10-13,000858,131.78,132.37,129.68,130.58,19140141.0,2950015936.0,506839119439.2
2022-10-14,000858,131.44,136.3,131.43,135.3,22872293.0,3619001261.0,525159540972.0
2022-10-17,000858,134.07,134.77,132.04,134.05,14670055.0,2301214745.0,520307734422.0
2022-10-18,000858,134.92,136.88,134.36,134.94,13968916.0,2225727909.0,523762220685.5999
2022-10-19,000858,134.78,134.78,130.94,131.37,17392932.0,2703461176.0,509905461178.7999
2022-10-20,000858,129.67,133.32,129.24,131.07,16120045.0,2484510764.0,508741027606.7999
2022-10-21,000858,130.94,131.05,128.82,129.37,16321002.0,2488390106.0,502142570698.7999
2022-10-24,000858,127.55,127.89,120.95,121.79,34403887.0,5003671163.0,472721215779.6
2022-10-25,000858,119.68,123.52,119.47,120.84,20962963.0,2986369243.0,469033842801.6
2022-10-26,000858,121.5,124.06,120.74,121.93,17959323.0,2580590731.0,473264618113.19995
2022-10-27,000858,123.27,123.35,116.13,116.57,36965491.0,5154612980.0,452460071626.7999
2022-10-28,000858,116.96,119.01,115.78,116.91,25586220.0,3534562740.0,453779763008.3999
2022-10-31,000858,114.96,115.98,112.52,113.51,22591665.0,3030064410.0,440582849192.39996
2022-11-01,000858,115.26,121.23,113.44,121.23,39155069.0,5440179980.0,470547606445.19995
2022-11-02,000858,120.74,124.46,119.09,122.12,31867439.0,4565035334.0,474002092708.8
2022-11-03,000858,119.9,120.31,118.79,119.82,19281931.0,2710951378.0,465074768656.7999
2022-11-04,000858,119.46,129.24,119.34,127.54,47898344.0,7099560990.0,495039525909.6
2022-11-07,000858,126.69,129.84,125.57,128.51,22869078.0,3435765568.0,498804527792.3999
2022-11-08,000858,128.4,129.47,124.23,125.41,23567786.0,3491479586.0,486772047548.3999
2022-11-09,000858,125.16,126.73,123.36,123.63,15124223.0,2208052554.0,479863075021.19995
2022-11-10,000858,122.86,124.62,122.19,123.94,17674813.0,2568169859.0,481066323045.5999
2022-11-11,000858,128.81,128.82,124.6,127.56,36853384.0,5514689559.0,495117154814.39996
2022-11-14,000858,128.39,132.14,127.46,127.8,28195258.0,4287401009.0,496048701671.99994
2022-11-15,000858,127.8,131.79,126.2,131.07,27656711.0,4223081945.0,508741027606.7999
2022-11-16,000858,131.07,133.07,130.16,131.12,18259366.0,2827414143.0,508935099868.7999
2022-11-17,000858,130.52,132.46,128.39,129.75,16558118.0,2529048877.0,503617519889.99994
2022-11-18,000858,130.09,132.05,129.85,130.61,14585598.0,2246335618.0,506955562796.39996
2022-11-21,000858,127.97,128.37,125.84,126.63,21762482.0,3243860975.0,491507410741.19995
2022-11-22,000858,126.62,130.01,126.53,127.74,14376998.0,2162414726.0,495815814957.5999
2022-11-23,000858,127.74,128.82,126.61,127.35,11346208.0,1702094213.0,494302051313.99994
2022-11-24,000858,128.39,128.81,124.99,125.68,15085804.0,2238041526.0,487820037763.19995
2022-11-25,000858,125.78,126.63,124.48,125.31,10676624.0,1575517167.0,486383903024.39996
2022-11-28,000858,123.15,125.85,120.78,125.54,19013147.0,2750115838.0,487276635429.6
2022-11-29,000858,127.47,131.92,127.46,131.84,41040650.0,6284033998.0,511729740441.6
2022-11-30,000858,131.62,136.02,130.94,133.37,25228605.0,3961994532.0,517668351658.7999
2022-12-01,000858,140.3,144.54,139.33,139.95,44092117.0,7325021108.0,543208261337.9999
2022-12-02,000858,140.13,141.89,137.97,138.65,21047820.0,3461949872.0,538162382525.99994
2022-12-05,000858,143.59,144.53,140.87,143.28,29795799.0,5007534615.0,556133473987.2
2022-12-06,000858,142.82,151.54,142.08,149.14,43369522.0,7576837371.0,578878743093.5999
2022-12-07,000858,149.15,151.18,147.11,147.68,31128834.0,5443269231.0,573211833043.2
2022-12-08,000858,147.1,149.27,146.26,148.59,15644818.0,2723693946.0,576743948211.6
2022-12-09,000858,148.48,156.0,148.05,155.83,41957765.0,7550074236.0,604845611749.2
2022-12-12,000858,154.75,155.92,151.27,151.65,29905954.0,5387580973.0,588621170646.0
2022-12-13,000858,151.35,153.82,149.67,152.6,19276219.0,3447321253.0,592308543623.9999
2022-12-14,000858,152.58,157.53,151.66,156.52,28698912.0,5255273237.0,607523808964.7999
2022-12-15,000858,156.62,157.98,153.7,154.72,19934421.0,3643457579.0,600537207532.7999
2022-12-16,000858,153.24,155.67,151.91,155.19,18642633.0,3377432022.0,602361486795.6
2022-12-19,000858,156.03,157.05,152.2,153.01,19418435.0,3512784488.0,593899936172.3999
2022-12-20,000858,153.0,153.48,144.45,146.68,34345756.0,5965655880.0,569330387803.2
2022-12-21,000858,148.8,149.37,147.57,148.36,15385319.0,2687724560.0,575851215806.4
2022-12-22,000858,149.67,154.37,148.52,152.62,24442393.0,4381920906.0,592386172528.7999
2022-12-23,000858,150.5,155.6,149.99,153.3,19861964.0,3587724307.0,595025555292.0
2022-12-26,000858,153.3,154.07,150.98,151.86,17829834.0,3198529055.0,589436274146.4
2022-12-27,000858,153.05,155.18,152.33,153.94,15227535.0,2758777142.0,597509680245.6
2022-12-28,000858,153.89,153.89,151.25,153.2,13937786.0,2503523214.0,594637410767.9999
2022-12-29,000858,152.2,153.05,150.28,151.99,16850491.0,3003533017.0,589940862027.6
2022-12-30,000858,152.86,154.06,152.2,153.64,14976495.0,2702577295.0,596345246673.5999
2023-01-03,000858,153.9,154.59,150.08,151.52,18206204.0,3240728572.0,588128805428.64
2023-01-04,000858,151.35,153.48,149.9,151.88,12883584.0,2299619966.0,589526154755.16
2023-01-05,000858,154.33,161.14,153.39,160.7,40279056.0,7535626606.0,623761213254.8999
2023-01-06,000858,162.5,162.5,159.67,161.94,23338295.0,4428033739.0,628574305379.58
2023-01-09,000858,163.64,167.41,161.69,166.55,27557314.0,5362756421.0,646468139810.8501
2023-01-10,000858,166.48,167.26,165.47,166.01,20275236.0,3965377701.0,644372115821.07
2023-01-11,000858,165.84,166.65,163.76,165.04,16999458.0,3304975110.0,640607035691.28
2023-01-12,000858,165.8,166.46,163.26,164.44,13822699.0,2675310869.0,638278120147.08
2023-01-13,000858,164.44,169.55,164.39,168.85,24506446.0,4833945958.0,655395649396.95
2023-01-16,000858,170.06,177.94,170.06,175.6,36352479.0,7493040737.0,681595949269.2
2023-01-17,000858,176.01,176.67,171.42,172.49,21507890.0,4383014177.0,669524403698.43
2023-01-18,000858,174.25,180.08,173.73,174.99,27241217.0,5639270862.0,679228218465.93
2023-01-19,000858,175.54,175.58,172.05,174.56,18119892.0,3710296048.0,677559162325.92
2023-01-20,000858,176.76,180.26,176.09,177.47,27348025.0,5738958670.0,688854402715.29
2023-01-30,000858,185.86,186.97,182.2,185.02,32180876.0,7001555735.0,718159923313.14
2023-01-31,000858,184.5,185.16,177.62,177.71,25724708.0,5456751654.0,689785968932.97
2023-02-01,000858,177.28,179.07,173.25,178.61,25655223.0,5334911717.0,693279342249.27
2023-02-02,000858,180.0,182.38,178.69,180.69,18327161.0,3899833436.0,701352916135.83
2023-02-03,000858,178.56,180.26,175.16,178.56,19935209.0,4156921814.0,693085265953.92
2023-02-06,000858,169.66,173.91,167.74,171.5,33407544.0,6710340318.0,665681693050.5
2023-02-07,000858,171.5,174.56,171.33,172.75,15811588.0,3216023678.0,670533600434.25
2023-02-08,000858,172.75,173.46,168.54,169.67,16905733.0,3384827004.0,658578500640.69
2023-02-09,000858,169.77,176.64,169.67,176.34,24493992.0,5026717804.0,684468278440.38
2023-02-10,000858,176.34,176.42,172.71,174.05,14032129.0,2872338309.0,675579584113.3501
2023-02-13,000858,172.61,182.72,172.6,180.6,28908783.0,6110099289.0,701003578804.2
2023-02-14,000858,180.6,181.75,177.37,177.91,18490190.0,3886700986.0,690562274114.37
2023-02-15,000858,179.91,181.87,178.13,179.41,16925791.0,3584495859.0,696384562974.87
2023-02-16,000858,178.01,182.54,176.69,179.23,21337960.0,4522470620.0,695685888311.61
2023-02-17,000858,178.09,182.34,176.86,176.99,18446776.0,3901124993.0,686991270279.93
2023-02-20,000858,177.03,181.79,174.73,181.07,19166754.0,4024080432.0,702827895980.49
2023-02-21,000858,180.68,180.79,177.28,178.63,13939573.0,2922693859.0,693356972767.41
2023-02-22,000858,177.24,179.02,175.58,176.43,14100545.0,2931801636.0,684817615772.01
2023-02-23,000858,175.58,177.04,173.2,174.39,14580801.0,2993988118.0,676899302921.73
2023-02-24,000858,174.37,174.37,169.9,170.99,20395718.0,4104764614.0,663702114837.93
2023-02-27,000858,169.26,175.35,169.07,174.15,17299557.0,3517673755.0,675967736704.05
2023-02-28,000858,176.01,176.91,171.82,173.81,11480142.0,2342737529.0,674648017895.67
2023-03-01,000858,173.6,177.58,172.52,176.33,15446575.0,3196937763.0,684429463181.31
2023-03-02,000858,175.24,176.53,174.61,175.36,7447671.0,1537653714.0,680664383051.52
2023-03-03,000858,176.86,178.1,173.03,174.95,9283668.0,1912804916.0,679072957429.6499
2023-03-06,000858,174.32,175.58,172.25,173.95,11140226.0,2277420061.0,675191431522.6499
2023-03-07,000858,173.75,173.75,170.15,170.44,12527207.0,2532351683.0,661567275589.08
2023-03-08,000858,169.21,171.33,168.35,169.46,10219130.0,2035672770.0,657763380200.22
2023-03-09,000858,169.21,169.8,164.87,168.35,16850486.0,3323035487.0,653454886443.45
2023-03-10,000858,166.83,169.7,165.95,166.01,11095657.0,2181297329.0,644372115821.07
2023-03-13,000858,165.8,170.29,165.8,168.87,12647223.0,2510450830.0,655473279915.09
2023-03-14,000858,168.95,168.97,164.7,166.04,10284259.0,2013558949.0,644488561598.28
2023-03-15,000858,168.35,169.49,163.51,163.53,12988009.0,2527648821.0,634745931571.71
2023-03-16,000858,162.4,165.12,160.98,162.57,12054371.0,2309099790.0,631019666700.99
2023-03-17,000858,164.83,165.16,159.85,160.28,15607045.0,2970579105.0,622130972373.96
2023-03-20,000858,161.55,162.05,157.3,158.07,15464264.0,2889012995.0,613552800119.49
2023-03-21,000858,159.34,164.2,157.49,163.46,18789280.0,3583069187.0,634474224758.22
2023-03-22,000858,163.47,166.72,162.76,163.06,10853212.0,2097093753.0,632921614395.42
2023-03-23,000858,162.32,166.65,161.6,165.45,13284214.0,2578838699.0,642198461313.1499
2023-03-24,000858,164.95,166.61,162.83,164.12,10253022.0,1984030938.0,637036031856.84
2023-03-27,000858,163.94,163.97,160.7,161.9,11879852.0,2258153855.0,628419044343.3
2023-03-28,000858,161.88,164.88,161.73,163.68,10918609.0,2099319286.0,635328160457.76
2023-03-29,000858,164.95,166.65,162.91,166.04,15953932.0,3103306614.0,644488561598.28
2023-03-30,000858,166.04,169.17,165.11,168.69,15148689.0,2983220918.0,654774605251.83
2023-03-31,000858,170.91,171.76,167.5,167.5,12758987.0,2541477089.0,650155589422.5
2023-04-03,000858,167.49,167.5,164.17,165.97,13366024.0,2604697434.0,644216854784.79
2023-04-04,000858,166.23,167.22,164.06,166.78,14247340.0,2772976031.0,647360890769.46
2023-04-06,000858,165.8,165.8,160.76,162.01,15107492.0,2889971045.0,628846012193.07
2023-04-07,000858,161.38,163.11,159.46,160.75,11303817.0,2139054072.0,623955289550.25
2023-04-10,000858,157.3,157.32,151.52,157.0,33973209.0,6169351676.0,609399567399.0
2023-04-11,000858,156.43,156.58,153.06,153.5,19119446.0,3472021583.0,595814226724.5
2023-04-12,000858,153.9,153.99,149.27,149.5,27283391.0,4827573322.0,580288123096.5
2023-04-13,000858,149.65,152.96,149.27,151.25,21080214.0,3748131434.0,587080793433.75
2023-04-14,000858,151.54,151.77,148.82,149.3,14465308.0,2549260307.0,579511817915.1001
2023-04-17,000858,150.32,152.98,150.07,151.5,18555289.0,3301205327.0,588051174910.5
2023-04-18,000858,152.2,153.19,150.99,151.62,14406696.0,2574306113.0,588516958019.34
2023-04-19,000858,151.92,152.17,149.22,149.9,12617246.0,2225609751.0,581840733459.3
2023-04-20,000858,149.94,150.48,146.67,147.52,14800856.0,2578285584.0,572602701800.64
2023-04-21,000858,147.95,149.05,146.08,146.25,12091951.0,2096658342.0,567673163898.75
2023-04-24,000858,146.33,147.01,142.42,142.85,17609069.0,2970098989.0,554475975814.95
2023-04-25,000858,142.85,144.45,140.85,144.38,15489726.0,2602607466.0,560414710452.66
2023-04-26,000858,143.78,145.55,142.49,143.37,14812682.0,2500348755.0,556494369286.59
2023-04-27,000858,143.36,144.8,141.49,143.84,15039314.0,2530897181.0,558318686462.88
2023-04-28,000858,145.62,146.21,142.74,143.7,17938564.0,3038219040.0,557775272835.8999
2023-05-04,000858,146.67,147.06,142.38,143.65,26587793.0,4516684022.0,557581196540.55
2023-05-05,000858,143.65,148.03,143.06,147.7,25172690.0,4324694285.0,573301376463.8999
2023-05-08,000858,148.37,149.22,145.22,145.74,17753373.0,3055844963.0,565693585686.18
2023-05-09,000858,145.25,150.92,144.55,148.6,22292312.0,3891367974.0,576794749780.2
2023-05-10,000858,146.93,148.37,145.9,147.37,11890994.0,2057577183.0,572020472914.59
2023-05-11,000858,147.93,150.07,146.43,146.73,12289631.0,2138045981.0,569536296334.11
2023-05-12,000858,146.42,148.37,144.0,144.01,12959157.0,2218100021.0,558978545867.07
2023-05-15,000858,143.06,146.66,142.87,146.62,13079986.0,2232478635.0,569109328484.34
2023-05-16,000858,146.5,146.55,144.38,144.96,9936468.0,1694257812.0,562665995478.72
2023-05-17,000858,144.55,145.31,143.48,143.99,8602150.0,1458848098.0,558900915348.93
2023-05-18,000858,144.11,145.15,142.85,143.41,8780386.0,1484050324.0,556649630322.87
2023-05-19,000858,142.92,145.62,141.78,145.23,12074586.0,2048104075.0,563714007473.61
2023-05-22,000858,145.3,152.25,143.76,151.02,30244522.0,5326580958.0,586188042475.14
2023-05-23,000858,151.18,151.77,147.95,147.95,13672431.0,2402618291.0,574271757940.6499
2023-05-24,000858,147.54,147.93,144.84,144.84,13355066.0,2297763605.0,562200212369.88
2023-05-25,000858,144.05,144.28,142.38,143.02,14392525.0,2421836659.0,555135835219.14
2023-05-26,000858,143.02,146.15,142.85,144.63,12287480.0,2088300565.0,561385091929.41
2023-05-29,000858,145.35,146.12,142.49,143.07,12976880.0,2191774954.0,555329911514.49
2023-05-30,000858,142.85,144.08,139.02,140.44,18360334.0,3039522846.0,545121498379.08
2023-05-31,000858,140.3,140.41,136.06,137.05,21344841.0,3448000885.0,531963125554.35004
2023-06-01,000858,138.16,141.66,137.06,138.87,16901644.0,2774057591.0,539027502705.09
2023-06-02,000858,140.3,143.19,138.88,142.76,19208397.0,3199284099.0,554126638483.32
2023-06-05,000858,142.23,142.57,139.98,140.47,11344697.0,1879812886.0,545237944156.29
2023-06-06,000858,141.4,143.21,139.9,140.82,13536764.0,2256103842.0,546596478223.74
2023-06-07,000858,141.27,142.04,139.45,139.45,9532561.0,1574392183.0,541278787731.14996
2023-06-08,000858,139.62,141.21,138.61,140.14,9157282.0,1504742545.0,543957040606.9799
2023-06-09,000858,140.24,141.13,139.28,139.95,11963517.0,1970427702.0,543219550684.64996
2023-06-12,000858,139.46,146.25,138.54,144.9,24183801.0,4073838204.0,562433103924.3
2023-06-13,000858,144.55,147.86,144.05,147.17,18293646.0,3156768739.0,571244167733.19
2023-06-14,000858,148.63,152.5,146.81,151.08,24101542.0,4279986457.0,586420934029.56
2023-06-15,000858,152.38,155.45,151.35,154.75,24045009.0,4346343723.0,600666134108.25
2023-06-16,000858,155.26,157.81,154.33,156.52,21631380.0,3975777954.0,607536434963.64
2023-06-19,000858,155.6,156.2,150.07,150.96,24234172.0,4330534593.0,585955150920.72
2023-06-20,000858,150.5,151.69,147.61,147.96,17868934.0,3129124755.0,574310573199.72
2023-06-21,000858,147.94,148.7,145.57,145.74,13948450.0,2409049470.0,565693585686.18
2023-06-26,000858,144.12,144.45,140.3,141.71,21934031.0,3652673794.0,550051036280.97
2023-06-27,000858,142.83,144.86,141.12,144.53,20067906.0,3307807251.0,560996939338.71
2023-06-28,000858,143.75,146.69,143.01,145.01,11942640.0,1990481708.0,562860071774.07
2023-06-29,000858,144.42,144.86,142.05,142.52,11772352.0,1934965472.0,553195072265.64
2023-06-30,000858,143.29,143.64,141.64,142.31,10337054.0,1695951752.0,552379951825.17
2023-07-03,000858,142.05,145.72,141.68,145.61,17337306.0,2875749982.0,565188987318.27
2023-07-04,000858,145.29,146.6,144.03,146.35,12595742.0,2107039768.0,568061316489.45
2023-07-05,000858,145.75,145.82,143.55,143.88,11541608.0,1911856439.0,558473947499.16
2023-07-06,000858,143.81,145.13,142.55,142.94,10144977.0,1672166188.0,554825313146.58
2023-07-07,000858,142.85,143.55,142.09,142.39,7896985.0,1294178678.0,552690473897.73
2023-07-10,000858,143.54,144.86,142.87,143.21,9671525.0,1597774605.0,555873325141.47
2023-07-11,000858,143.94,144.21,142.58,143.68,7020562.0,1156564822.0,557697642317.76
2023-07-12,000858,143.73,145.0,143.55,143.95,11884029.0,1970009880.0,558745654312.6499
2023-07-13,000858,146.06,150.51,144.99,150.21,32351360.0,5531880616.0,583044006490.47
2023-07-14,000858,151.04,151.67,148.59,149.63,15072288.0,2594877559.0,580792721464.41
2023-07-17,000858,148.34,148.76,146.3,147.61,9325675.0,1575729874.0,572952039132.27
2023-07-18,000858,147.64,148.1,146.16,146.51,8195902.0,1381227321.0,568682360634.57
2023-07-19,000858,146.01,146.82,145.13,146.44,7685551.0,1288284983.0,568410653821.08
2023-07-20,000858,147.03,149.02,146.23,146.65,12750198.0,2163844782.0,569225774261.55
2023-07-21,000858,147.8,151.38,146.06,149.01,19538688.0,3356305157.0,578386175402.07
2023-07-24,000858,147.15,147.9,146.08,147.35,13171639.0,2222174196.0,571942842396.45
2023-07-25,000858,153.12,157.19,152.4,156.17,44063194.0,7867658288.0,606177900896.19
2023-07-26,000858,156.17,157.2,153.86,154.69,17402543.0,3104017698.0,600433242553.83
2023-07-27,000858,155.71,157.34,153.86,155.26,18798706.0,3367125650.0,602645712320.82
2023-07-28,000858,154.25,158.48,153.67,157.63,31969316.0,5753479230.0,611844928720.41
2023-07-31,000858,162.35,164.06,157.46,157.47,31559353.0,5816020903.0,611223884575.29
2023-08-01,000858,158.07,160.21,155.3,156.5,19571803.0,3543719056.0,607458804445.5
2023-08-02,000858,155.73,157.47,154.17,154.85,15508019.0,2770075424.0,601054286698.95
2023-08-03,000858,154.03,156.57,152.37,155.39,15264598.0,2712382851.0,603150310688.73
2023-08-04,000858,157.81,158.78,155.47,155.98,14347761.0,2585669217.0,605440410973.86
2023-08-07,000858,155.12,155.98,153.47,154.26,15692962.0,2784302714.0,598764186413.82
2023-08-08,000858,153.28,154.92,152.41,153.89,11614322.0,2050696313.0,597328021828.23
2023-08-09,000858,154.39,154.76,153.21,154.15,8679551.0,1536212479.0,598337218564.05
2023-08-10,000858,153.89,153.99,151.96,153.39,10423785.0,1833070604.0,595387258874.73
2023-08-11,000858,154.39,154.47,149.88,149.96,14888627.0,2590746331.0,582073625013.72
2023-08-14,000858,147.9,148.19,144.42,146.7,21094514.0,3548868735.0,569419850556.8999
2023-08-15,000858,146.69,146.95,144.15,144.86,16814467.0,2803400143.0,562277842888.02
2023-08-16,000858,144.67,145.64,143.73,145.03,11627666.0,1937166439.0,562937702292.21
2023-08-17,000858,144.34,146.69,143.12,146.55,16693182.0,2790070935.0,568837621670.8501
2023-08-18,000858,146.53,146.76,142.25,142.27,27947953.0,4605753431.0,552224690788.89
2023-08-21,000858,141.1,143.0,140.4,140.92,16450664.0,2676283338.0,546984630814.43994
2023-08-22,000858,141.48,142.25,139.62,141.07,15692086.0,2538910286.0,547566859700.49
2023-08-23,000858,140.99,141.07,139.2,139.21,14683900.0,2360128006.0,540347221513.47003
2023-08-24,000858,139.27,142.25,138.52,141.17,17589545.0,2842412944.0,547955012291.18994
2023-08-25,000858,140.09,141.61,139.68,140.55,11630171.0,1877818205.0,545548466228.85004
2023-08-28,000858,146.17,147.02,136.6,137.02,54577070.0,8739965733.0,531846679777.14
2023-08-29,000858,135.72,139.29,135.14,138.68,23873176.0,3780207169.0,538290012782.76
2023-08-30,000858,138.68,139.31,137.12,137.31,22598663.0,3580879500.0,532972322290.17
2023-08-31,000858,137.31,137.32,135.58,135.64,22001837.0,3443917303.0,526490174025.4799
2023-09-01,000858,136.59,139.17,136.59,138.98,23238672.0,3701951294.0,539454470554.86
2023-09-04,000858,140.6,146.16,140.6,146.1,46496459.0,7710567732.0,567090935012.7
2023-09-05,000858,145.99,146.36,143.76,144.18,19055024.0,3170571173.0,559638405271.26
2023-09-06,000858,143.61,144.81,142.68,144.15,13049265.0,2155900998.0,559521959494.05
2023-09-07,000858,143.55,143.7,141.73,141.9,11886106.0,1947052986.0,550788526203.3
2023-09-08,000858,141.17,141.55,139.64,140.87,10497211.0,1695834401.0,546790554519.09
2023-09-11,000858,140.07,143.82,139.33,142.99,16068274.0,2625927003.0,555019389441.93
2023-09-12,000858,142.16,142.74,141.47,141.8,8942828.0,1459902261.0,550400373612.6001
2023-09-13,000858,142.68,143.89,141.33,142.38,13114721.0,2150208870.0,552651658638.66
2023-09-14,000858,142.38,142.88,140.1,140.94,13047323.0,2115828262.0,547062261332.58
2023-09-15,000858,141.0,141.85,138.59,138.95,17755546.0,2846912333.0,539338024777.64996
2023-09-18,000858,138.33,141.82,137.47,141.64,16298317.0,2634257628.0,549779329467.48
2023-09-19,000858,140.95,141.12,138.77,139.99,11367416.0,1824120706.0,543374811720.93005
2023-09-20,000858,139.38,140.07,138.94,139.06,8712360.0,1394723511.0,539764992627.42
2023-09-21,000858,138.33,138.77,137.05,137.17,12945475.0,2046008259.0,532428908663.18994
2023-09-22,000858,136.59,139.47,136.33,139.13,15431992.0,2451918127.0,540036699440.91
2023-09-25,000858,138.99,139.1,137.99,138.25,10536495.0,1676603466.0,536620956642.75
2023-09-26,000858,138.23,138.74,136.29,136.29,12501574.0,1969171205.0,529013165865.02997
2023-09-27,000858,136.3,138.03,135.72,136.24,13281201.0,2083949327.0,528819089569.68005
2023-09-28,000858,136.24,136.92,135.44,135.81,12385723.0,1933102453.0,527150033429.67
2023-10-09,000858,135.8,135.8,132.07,134.22,15357335.0,2365643872.0,520978407237.54
2023-10-10,000858,135.28,136.23,133.17,133.47,12717530.0,1965311404.0,518067262807.29
2023-10-11,000858,134.48,135.05,133.43,133.72,9912197.0,1526531427.0,519037644284.04
2023-10-12,000858,135.07,135.72,134.17,135.49,13797215.0,2144168262.0,525907945139.43005
2023-10-13,000858,134.42,134.42,132.25,133.66,14293386.0,2189951711.0,518804752729.62
2023-10-16,000858,133.18,133.46,130.25,130.62,15236613.0,2299307440.0,507004913972.34
2023-10-17,000858,130.62,131.58,129.25,130.86,10720176.0,1610282340.0,507936480190.0201
2023-10-18,000858,130.49,131.65,129.79,129.84,10110520.0,1516335019.0,503977323764.88
2023-10-19,000858,128.76,128.76,125.25,125.5,21738492.0,3161472147.0,487131501328.5
2023-10-20,000858,124.41,126.96,124.04,125.02,13316438.0,1920618082.0,485268368893.14
2023-10-23,000858,124.97,126.86,123.89,125.07,12029229.0,1727517066.0,485462445188.49
2023-10-24,000858,125.07,126.14,123.28,125.33,16707389.0,2395874813.0,486471641924.31
2023-10-25,000858,127.85,131.37,127.85,129.93,25442154.0,3792234580.0,504326661096.51
2023-10-26,000858,128.76,131.55,128.59,131.42,14617728.0,2187779863.0,510110134697.93994
2023-10-27,000858,131.0,133.59,130.64,133.1,17065390.0,2603681374.0,516631098221.69995
2023-10-30,000858,135.68,137.78,134.85,136.25,27403019.0,4289723343.0,528857904828.75
2023-10-31,000858,137.03,137.16,134.87,135.72,14497863.0,2261223857.0,526800696098.04
2023-11-01,000858,144.42,145.54,139.2,139.2,46934602.0,7622902568.0,540308406254.39996
2023-11-02,000858,139.27,140.04,137.23,137.38,16513168.0,2623333602.0,533244029103.66
2023-11-03,000858,137.38,139.2,137.17,138.92,13814386.0,2200311516.0,539221579000.43994
2023-11-06,000858,139.79,139.96,137.9,139.06,13751203.0,2192590029.0,539764992627.42
2023-11-07,000858,138.59,139.12,137.46,138.6,10730364.0,1705482356.0,537979490710.19995
2023-11-08,000858,137.9,139.01,137.09,138.01,12646303.0,2003995988.0,535689390425.06995
2023-11-09,000858,137.46,138.77,137.46,137.94,9198879.0,1458982552.0,535417683611.58
2023-11-10,000858,137.03,137.71,136.16,136.51,8963080.0,1407108917.0,529867101564.56995
2023-11-13,000858,136.5,136.74,134.04,134.75,12557539.0,1948615157.0,523035615968.25
2023-11-14,000858,135.62,137.37,134.85,135.64,11299159.0,1764357473.0,526490174025.4799
2023-11-15,000858,137.3,137.59,136.33,136.81,10175715.0,1601063926.0,531031559336.67
2023-11-16,000858,136.59,137.2,135.84,136.05,7036398.0,1102563043.0,528081599647.35004
2023-11-17,000858,135.29,136.14,134.3,134.85,8452069.0,1309342331.0,523423768558.94995
2023-11-20,000858,134.84,135.67,133.64,134.33,11485928.0,1773729316.0,521405375087.31006
2023-11-21,000858,134.85,136.28,133.33,135.11,16697698.0,2595787144.0,524432965294.7701
2023-11-22,000858,134.16,134.78,133.56,133.56,8691277.0,1338320986.0,518416600138.92
2023-11-23,000858,133.11,133.5,132.11,133.17,9457601.0,1442390954.0,516902805035.18994
2023-11-24,000858,133.03,133.88,132.51,133.31,9309548.0,1425448392.0,517446218662.17
2023-11-27,000858,132.93,132.94,129.54,129.85,18526959.0,2774364092.0,504016139023.94995
2023-11-28,000858,129.89,130.57,128.46,129.42,13910316.0,2066506936.0,502347082883.93994
2023-11-29,000858,129.27,129.29,127.81,129.02,8648476.0,1279519709.0,500794472521.14
2023-11-30,000858,128.91,129.97,128.77,129.76,10683306.0,1591108412.0,503666801692.31995
2023-12-01,000858,129.63,129.63,127.03,128.08,13430375.0,1977001207.0,497145838168.56006
2023-12-04,000858,127.45,128.48,126.67,126.89,10695582.0,1565168595.0,492526822339.23
2023-12-05,000858,126.59,126.88,123.75,124.13,15041103.0,2167619335.0,481813810835.91
2023-12-06,000858,124.06,126.33,123.25,125.37,14474212.0,2081995217.0,486626902960.59
2023-12-07,000858,125.37,125.52,123.11,124.0,15107094.0,2152755582.0,481309212468.0
2023-12-08,000858,124.0,125.54,123.73,124.35,14475928.0,2075536415.0,482667746535.44995
2023-12-11,000858,121.45,121.8,118.81,121.11,32312072.0,4465383123.0,470091602596.77
2023-12-12,000858,120.06,121.52,119.83,121.19,14402267.0,2002700042.0,470402124669.33
2023-12-13,000858,120.58,120.65,116.22,116.39,31864580.0,4313281476.0,451770800315.73
2023-12-14,000858,117.45,118.31,115.41,115.41,21441794.0,2872608826.0,447966904926.87
2023-12-15,000858,116.3,118.15,115.54,116.32,20013278.0,2685090416.0,451499093502.24
2023-12-18,000858,114.89,117.28,114.73,116.58,12930013.0,1727901875.0,452508290238.06
2023-12-19,000858,116.57,116.57,115.33,116.0,13016041.0,1732968200.0,450257005212.0
2023-12-20,000858,116.45,116.52,114.93,114.96,10629969.0,1411911255.0,446220218268.72
2023-12-21,000858,114.74,116.97,114.39,116.67,17664844.0,2355445616.0,452857627569.69
2023-12-22,000858,116.63,117.28,115.34,116.08,16402338.0,2191023169.0,450567527284.56
2023-12-25,000858,115.99,117.08,115.67,117.06,9862125.0,1322860817.0,454371422673.42
2023-12-26,000858,117.06,117.06,116.24,116.86,7367832.0,986855945.0,453595117492.02
2023-12-27,000858,116.86,117.26,115.74,116.43,10430850.0,1395667157.0,451926061352.01
2023-12-28,000858,116.43,122.79,116.19,121.89,33610901.0,4647651265.0,473119192804.23
2023-12-29,000858,121.8,123.23,121.19,122.07,19454076.0,2730826835.0,473817867467.49
2024-01-02,000858,122.06,122.06,118.15,118.32,21526999.0,2947170557.0,459262145316.24
2024-01-03,000858,118.31,118.91,116.37,117.35,16417109.0,2211980500.0,455497065186.44995
2024-01-04,000858,117.35,117.37,114.85,115.12,17876323.0,2371204452.0,446841262413.84
2024-01-05,000858,114.84,115.97,113.78,114.18,15630369.0,2062827516.0,443192628061.26
2024-01-08,000858,113.98,114.09,111.36,111.45,21020047.0,2706248456.0,432596062335.15
2024-01-09,000858,111.45,112.56,110.85,111.2,17483816.0,2241449420.0,431625680858.4
2024-01-10,000858,111.2,112.74,109.63,112.06,16530411.0,2118536476.0,434963793138.42
2024-01-11,000858,111.97,113.54,110.68,112.77,15646396.0,2021717964.0,437719676532.39
2024-01-12,000858,112.13,113.21,111.45,112.02,11920766.0,1539729131.0,434808532102.14
2024-01-15,000858,111.36,112.57,110.56,111.95,11582558.0,1485609939.0,434536825288.65
2024-01-16,000858,111.29,112.48,110.43,111.72,12528653.0,1604334708.0,433644074330.04
2024-01-17,000858,111.01,111.19,108.87,108.87,17675746.0,2232551975.0,422581725495.09
2024-01-18,000858,108.58,111.48,107.18,111.28,23594821.0,2961463082.0,431936202930.96
2024-01-19,000858,110.49,112.68,109.73,112.14,22502046.0,2891090564.0,435274315210.98
2024-01-22,000858,111.71,112.36,109.45,110.49,21340958.0,2733754456.0,428869797464.43
2024-01-23,000858,110.32,111.47,109.17,110.82,16198659.0,2053575260.0,430150701013.74
2024-01-24,000858,111.52,111.78,108.98,111.41,16682387.0,2118643963.0,432440801298.87
2024-01-25,000858,111.36,114.07,110.98,114.07,27342127.0,3546308960.0,442765660211.49
2024-01-26,000858,113.2,114.83,112.67,113.97,19317416.0,2522565252.0,442377507620.79
2024-01-29,000858,114.05,116.3,114.05,114.65,21614965.0,2860907562.0,445016945237.55005
2024-01-30,000858,113.8,113.89,111.0,111.11,17071977.0,2196117733.0,431276343526.77
2024-01-31,000858,110.93,111.95,109.87,109.88,13521837.0,1717132839.0,426502066661.16
2024-02-01,000858,109.4,111.12,108.87,110.06,13787549.0,1745356476.0,427200741324.42
2024-02-02,000858,110.06,111.93,106.63,107.73,21086217.0,2658388905.0,418156785961.11
2024-02-05,000858,107.73,111.26,106.93,110.12,30804209.0,3864410349.0,427433632878.84
2024-02-06,000858,109.62,115.71,109.36,115.7,32384190.0,4239033653.0,449092547439.9
2024-02-07,000858,115.81,117.19,114.93,116.47,29067328.0,3882655957.0,452081322388.29
2024-02-08,000858,117.28,118.43,115.45,116.23,24374798.0,3267001019.0,451149756170.61
2024-02-19,000858,120.85,120.89,117.26,118.45,28857883.0,3951748630.0,459766743684.15
2024-02-20,000858,118.32,119.19,115.71,116.91,21181874.0,2841706724.0,453789193787.37
2024-02-21,000858,116.06,124.13,115.57,122.69,46656281.0,6492866977.0,476224413529.83
2024-02-22,000858,121.9,123.25,121.31,122.76,18840109.0,2646660001.0,476496120343.32
2024-02-23,000858,122.71,124.74,121.85,123.29,18439323.0,2613714172.0,478553329074.03
2024-02-26,000858,123.11,123.79,120.98,121.59,13994707.0,1961062780.0,471954735032.13
2024-02-27,000858,120.94,121.63,120.11,121.59,15061741.0,2092382021.0,471954735032.13
2024-02-28,000858,121.59,123.02,120.73,121.39,19619411.0,2753522611.0,471178429850.73
2024-02-29,000858,120.93,123.83,120.67,123.76,17660377.0,2496984973.0,480377646250.32
2024-03-01,000858,123.59,125.09,122.57,124.06,15881306.0,2261267887.0,481542104022.42
2024-03-04,000858,123.12,123.72,121.84,122.09,15430682.0,2170817658.0,473895497985.63
2024-03-05,000858,121.79,123.44,121.22,123.19,16001586.0,2251931873.0,478165176483.33
2024-03-06,000858,122.67,122.93,120.51,120.99,17652769.0,2459134906.0,469625819487.93
2024-03-07,000858,120.99,121.79,120.28,120.28,11219842.0,1559868152.0,466869936093.96
2024-03-08,000858,120.12,121.05,118.9,120.43,12245203.0,1687886719.0,467452164980.01
2024-03-11,000858,120.37,122.93,120.08,122.81,19356925.0,2713055197.0,476690196638.67
2024-03-12,000858,122.82,129.89,122.82,129.03,45079147.0,6608708733.0,500833287780.21
2024-03-13,000858,128.33,129.79,128.01,128.55,17912970.0,2649479635.0,498970155344.85004
2024-03-14,000858,128.07,131.37,127.95,130.12,22227356.0,3320434207.0,505064151018.84
2024-03-15,000858,129.63,134.66,129.46,132.67,23887367.0,3639737823.0,514962042081.68994
2024-03-18,000858,132.59,134.56,131.12,133.55,18987361.0,2908432466.0,518377784879.85004
2024-03-19,000858,133.88,138.31,133.58,136.92,33882634.0,5328394237.0,531458527186.43994
2024-03-20,000858,136.49,137.69,135.28,136.55,16160021.0,2535854998.0,530022362600.85004
2024-03-21,000858,136.51,137.93,135.42,136.25,13643008.0,2139591363.0,528857904828.75
2024-03-22,000858,136.07,136.38,132.56,133.49,20156403.0,3098381511.0,518144893325.43005
2024-03-25,000858,132.69,133.03,130.5,132.0,16167547.0,2447539788.0,512361419724.0
2024-03-26,000858,132.04,135.18,132.04,135.04,18088963.0,2787590494.0,524161258481.27997
2024-03-27,000858,134.85,135.11,132.77,132.82,12363048.0,1899180647.0,515544270967.74
2024-03-28,000858,132.82,135.15,132.29,133.2,14419203.0,2217801275.0,517019250812.39996
2024-03-29,000858,133.2,134.87,132.73,133.56,8834848.0,1358438657.0,518416600138.92
2024-04-01,000858,134.42,137.95,134.42,136.84,17726202.0,2788229516.0,531148005113.88
2024-04-02,000858,136.59,136.75,134.73,135.29,11410098.0,1779060167.0,525131639958.02997
2024-04-03,000858,135.64,136.57,133.37,134.51,9826116.0,1522506390.0,522104049750.56995
2024-04-08,000858,132.24,132.24,127.94,128.15,27000663.0,4002147876.0,497417544982.05005
2024-04-09,000858,127.46,128.95,126.74,127.44,13039729.0,1909631397.0,494661661588.08
2024-04-10,000858,127.2,127.46,123.66,124.52,17167574.0,2464329867.0,483327605939.64
2024-04-11,000858,124.06,124.12,122.32,123.84,15994283.0,2264027609.0,480688168322.88
2024-04-12,000858,123.54,124.8,121.89,122.23,13407310.0,1895837989.0,474438911612.61
2024-04-15,000858,122.32,128.75,121.86,128.17,25429182.0,3701903875.0,497495175500.18994
2024-04-16,000858,127.54,128.03,125.55,126.13,13567789.0,1976125483.0,489576862649.91
2024-04-17,000858,125.74,126.62,125.11,126.41,13702335.0,1982007044.0,490663689903.87
2024-04-18,000858,125.34,127.7,124.67,126.14,15245280.0,2213439017.0,489615677908.98
2024-04-19,000858,125.27,125.72,123.53,124.33,12726175.0,1818608488.0,482590116017.31
2024-04-22,000858,124.33,127.44,124.33,125.77,14036604.0,2035476601.0,488179513323.39
2024-04-23,000858,125.28,128.32,125.26,127.92,17171181.0,2507417591.0,496524794023.44
2024-04-24,000858,128.7,129.81,127.02,129.62,14225100.0,2103883224.0,503123388065.34
2024-04-25,000858,129.2,129.94,127.91,129.62,10077553.0,1496358808.0,503123388065.34
2024-04-26,000858,129.81,132.85,129.81,132.46,17946172.0,2719514006.0,514146921641.22003
2024-04-29,000858,131.37,136.21,130.51,132.03,27538469.0,4217464059.0,512477865501.21
2024-04-30,000858,132.5,133.54,130.88,130.88,15529607.0,2359135140.0,508014110708.16
2024-05-06,000858,133.5,137.75,133.46,134.86,31679595.0,4940155161.0,523462583818.0201
2024-05-07,000858,134.85,136.09,133.59,135.67,14549977.0,2265634112.0,526606619802.68994
2024-05-08,000858,135.71,136.0,134.29,134.85,10107370.0,1567926317.0,523423768558.94995
2024-05-09,000858,134.27,135.45,133.75,134.71,11327468.0,1750315447.0,522880354931.97003
2024-05-10,000858,134.85,135.63,132.94,134.36,10251379.0,1579216046.0,521521820864.5201
2024-05-13,000858,132.94,133.1,130.74,131.46,17262826.0,2608851173.0,510265395734.22003
2024-05-14,000858,131.46,132.11,130.53,131.67,11345529.0,1713073765.0,511080516174.68994
2024-05-15,000858,131.66,132.1,130.94,131.69,7842841.0,1186554217.0,511158146692.83
2024-05-16,000858,131.98,134.92,131.12,134.03,14937612.0,2289335629.0,520240917315.21
2024-05-17,000858,133.98,136.1,133.3,136.08,16184342.0,2509981114.0,528198045424.56006
2024-05-20,000858,136.07,139.03,136.07,136.85,19373643.0,3066112976.0,531186820372.94995
2024-05-21,000858,136.42,136.75,134.93,136.19,8803686.0,1374785553.0,528625013274.33
2024-05-22,000858,135.73,136.08,134.22,134.96,10847769.0,1682580309.0,523850736408.72003
2024-05-23,000858,134.85,135.7,133.39,133.64,8988893.0,1383814570.0,518727122211.4799
2024-05-24,000858,132.99,133.23,131.37,131.5,11203941.0,1700150955.0,510420656770.5
2024-05-27,000858,131.49,132.5,131.01,131.88,10156716.0,1535721670.0,511895636615.16
2024-05-28,000858,131.9,132.19,130.5,130.53,10387436.0,1566391578.0,506655576640.71
2024-05-29,000858,130.55,131.36,129.51,129.82,9102373.0,1363621240.0,503899693246.74
2024-05-30,000858,129.59,129.59,126.94,127.25,16111129.0,2363289778.0,493924171665.75
2024-05-31,000858,127.81,128.75,127.54,127.63,13141188.0,1934209403.0,495399151510.41
2024-06-03,000858,127.8,128.11,125.85,127.01,14092998.0,2051213338.0,492992605448.07
2024-06-04,000858,127.01,128.85,126.59,128.57,10302099.0,1514138601.0,499047785862.99
2024-06-05,000858,128.52,128.76,126.72,126.81,11114765.0,1629419454.0,492216300266.67
2024-06-06,000858,127.03,127.56,125.34,126.07,12730851.0,1844855886.0,489343971095.49
2024-06-07,000858,126.59,126.63,123.46,123.84,15869270.0,2266797198.0,480688168322.88
2024-06-11,000858,123.02,123.02,120.06,120.48,20665469.0,2873140132.0,467646241275.36
2024-06-12,000858,120.15,121.65,119.67,119.98,15452411.0,2136862849.0,465705478321.86
2024-06-13,000858,119.97,120.15,116.97,117.07,24362284.0,3301287598.0,454410237932.49
2024-06-14,000858,116.76,118.06,114.92,118.04,28721911.0,3851661909.0,458175318062.28
2024-06-17,000858,116.93,118.46,114.23,118.09,24627240.0,3299559711.0,458369394357.63
2024-06-18,000858,117.45,119.49,116.08,116.49,20298120.0,2740736863.0,452158952906.43
2024-06-19,000858,116.74,117.71,115.56,116.77,13704527.0,1839596880.0,453245780160.39
2024-06-20,000858,116.67,117.51,115.0,115.02,12619163.0,1679993029.0,446453109823.14
2024-06-21,000858,114.85,115.59,112.06,113.28,21388642.0,2781028409.0,439699254744.96
2024-06-24,000858,109.64,115.43,109.27,114.0,23923514.0,3102546743.0,442493953398.0
2024-06-25,000858,114.67,115.97,113.62,114.42,17715159.0,2341480948.0,444124194278.94
2024-06-26,000858,113.45,115.0,113.41,114.23,10221249.0,1341298503.0,443386704356.61
2024-06-27,000858,114.26,114.29,111.99,112.8,12264610.0,1587676455.0,437836122309.6
2024-06-28,000858,112.22,113.53,110.98,111.4,15689886.0,2019328026.0,432401986039.80005
2024-07-01,000858,111.54,112.37,109.62,111.62,15433459.0,1964232829.0,433255921739.34
2024-07-02,000858,111.1,115.43,110.93,114.46,24747909.0,3244049457.0,444279455315.22
2024-07-03,000858,114.46,115.45,113.19,113.97,12427733.0,1631928152.0,442377507620.79
2024-07-04,000858,113.97,115.19,113.13,113.62,10049528.0,1315554604.0,441018973553.34
2024-07-05,000858,113.62,114.82,111.48,112.19,13941250.0,1803448225.0,435468391506.33
2024-07-08,000858,112.22,112.41,108.94,109.54,20745544.0,2630909852.0,425182347852.78
2024-07-09,000858,109.54,111.54,108.91,110.55,19540437.0,2475816884.0,429102689018.85
2024-07-10,000858,110.06,111.76,109.78,110.09,15457159.0,1964272870.0,427317187101.63
2024-07-11,000858,110.93,114.41,110.64,113.52,25779636.0,3349449291.0,440630820962.64
2024-07-12,000858,114.31,115.31,113.38,114.95,18938660.0,2401467289.0,446181403009.65
2024-07-15,000858,114.59,116.72,114.22,115.05,11973781.0,1532479885.0,446569555600.35
2024-07-16,000858,114.35,115.59,113.51,115.03,15468916.0,1967032428.0,446491925082.21
2024-07-17,000858,114.59,118.19,114.03,117.99,22884217.0,2960415564.0,457981241766.93
2024-07-18,000858,117.34,120.01,117.33,118.29,18591713.0,2444968667.0,459145699539.03
2024-07-19,000858,117.91,120.45,117.1,120.39,19024378.0,2517623683.0,467296903943.73
2024-07-22,000858,120.37,120.87,118.2,118.4,15642939.0,2065619592.0,459572667388.80005
2024-07-23,000858,118.21,118.66,114.41,114.41,19756404.0,2540829813.0,444085379019.87
2024-07-24,000858,114.22,115.23,113.24,113.75,14364962.0,1813586525.0,441523571921.25
2024-07-25,000858,112.88,114.29,112.88,113.49,11814145.0,1485089890.0,440514375185.43
2024-07-26,000858,113.69,114.94,112.88,113.87,11421502.0,1439101532.0,441989355030.09
2024-07-29,000858,113.69,114.32,111.98,111.98,13936430.0,1745197564.0,434653271065.86
2024-07-30,000858,110.98,112.16,109.61,111.25,20725348.0,2538151161.0,431819757153.75
2024-07-31,000858,110.7,115.66,110.68,114.47,26057917.0,3286415867.0,444318270574.29
2024-08-01,000858,114.48,114.55,111.78,111.89,17473861.0,2180765965.0,434303933734.23
2024-08-02,000858,110.98,112.36,110.88,111.62,9950169.0,1231884912.0,433255921739.34
2024-08-05,000858,111.62,115.5,111.53,113.69,24189241.0,3060405977.0,441290680366.83
2024-08-06,000858,114.16,115.5,113.13,113.6,15347283.0,1940983189.0,440941343035.19995
2024-08-07,000858,113.69,115.12,113.06,114.59,13259071.0,1678186223.0,444784053683.13
2024-08-08,000858,114.12,117.0,113.65,115.81,20013087.0,2559755534.0,449519515289.67
2024-08-09,000858,116.85,117.3,115.26,115.57,15846790.0,2041741166.0,448587949071.99
2024-08-12,000858,115.05,115.94,114.7,115.23,7310797.0,934639851.0,447268230263.61
2024-08-13,000858,115.13,115.46,112.9,113.33,12451739.0,1567828597.0,439893331040.31
2024-08-14,000858,113.24,113.32,111.79,112.18,9494697.0,1181885782.0,435429576247.26
2024-08-15,000858,111.91,113.83,111.76,112.74,11162349.0,1395432332.0,437603230755.18
2024-08-16,000858,112.34,113.12,111.51,112.8,9726670.0,1211693479.0,437836122309.6
2024-08-19,000858,112.79,114.59,111.8,111.84,13875921.0,1732841551.0,434109857438.88
2024-08-20,000858,111.84,111.89,110.68,111.12,10985221.0,1352259415.0,431315158785.84
2024-08-21,000858,110.8,111.11,110.17,110.26,9710809.0,1189648677.0,427977046505.82
2024-08-22,000858,110.27,110.43,108.24,109.17,18528513.0,2234186008.0,423746183267.19
2024-08-23,000858,108.82,110.17,108.75,109.28,8898800.0,1078393647.0,424173151116.96
2024-08-26,000858,109.16,109.97,106.51,106.58,20401007.0,2429417311.0,413693031168.06
2024-08-27,000858,106.2,106.65,104.26,106.2,15660884.0,1831272407.0,412218051323.4
2024-08-28,000858,105.57,105.57,101.89,102.86,24729242.0,2821002956.0,399253754794.02
2024-08-29,000858,104.22,108.54,103.88,107.18,30025609.0,3546177236.0,416021946712.26
2024-08-30,000858,106.47,112.48,105.37,111.01,33779842.0,4114623948.0,430888190936.07
2024-09-02,000858,110.08,110.36,107.38,107.38,17755490.0,2134586804.0,416798251893.66
2024-09-03,000858,107.45,109.6,107.38,108.57,12798410.0,1538909786.0,421417267722.99
2024-09-04,000858,107.67,109.0,107.4,107.47,8469238.0,1011886744.0,417147589225.29
2024-09-05,000858,107.47,108.17,106.92,107.87,8279466.0,987295999.0,418700199588.09
2024-09-06,000858,107.83,107.83,106.02,106.05,7772198.0,920196138.0,411635822437.35
2024-09-09,000858,105.48,106.01,104.24,104.87,11158667.0,1296332675.0,407055621867.09
2024-09-10,000858,104.87,106.71,104.58,105.06,10605023.0,1237792376.0,407793111789.42
2024-09-11,000858,104.49,105.63,103.77,104.68,7659099.0,888345207.0,406318131944.76
2024-09-12,000858,104.67,105.01,102.29,102.29,16984847.0,1945710694.0,397041285027.03
2024-09-13,000858,102.23,102.23,98.53,98.53,31153086.0,3444726618.0,382446747616.71
2024-09-18,000858,97.68,98.87,96.74,97.17,17763923.0,1916365125.0,377167872383.19
2024-09-19,000858,97.21,101.84,95.94,100.07,31818095.0,3511889908.0,388424297513.49
2024-09-20,000858,99.37,100.02,97.99,99.51,19668110.0,2158043125.0,386250643005.57
2024-09-23,000858,100.08,102.67,99.62,101.32,20371180.0,2298355085.0,393276204897.24
2024-09-24,000858,103.68,108.64,102.42,108.6,47346927.0,5559354901.0,421533713500.19995
2024-09-25,000858,111.53,113.35,109.97,110.17,41718945.0,5168860913.0,427627709174.19
2024-09-26,000858,110.17,121.19,110.0,121.19,66453364.0,8594482228.0,470402124669.33
2024-09-27,000858,127.95,133.31,125.0,133.31,86457718.0,12438562567.0,517446218662.17
2024-09-30,000858,140.78,146.64,137.78,146.64,98620119.0,15752197756.0,569186959002.48
2024-10-08,000858,161.3,161.3,140.36,148.02,130680565.0,22218231045.0,574543464754.14
2024-10-09,000858,144.37,144.37,133.24,133.25,81546859.0,12409184179.0,517213327107.75
2024-10-10,000858,133.24,140.34,133.24,137.13,60060115.0,9164464307.0,532273647626.91
2024-10-11,000858,135.35,138.34,133.54,135.03,28515763.0,4283807928.0,524122443222.21
2024-10-14,000858,136.25,136.25,131.75,135.13,33496575.0,4986283993.0,524510595812.91
2024-10-15,000858,135.35,135.44,129.93,129.93,32970192.0,4840842560.0,504326661096.51
2024-10-16,000858,128.13,130.2,126.4,127.81,31227224.0,4430542144.0,496097826173.67
2024-10-17,000858,128.58,128.96,124.42,124.47,28250755.0,3957974226.0,483133529644.29
2024-10-18,000858,123.63,131.34,123.04,129.03,44144323.0,6206988496.0,500833287780.21
2024-10-21,000858,129.92,131.29,127.32,129.04,29576515.0,4223086215.0,500872103039.27997
2024-10-22,000858,128.85,132.14,128.32,131.23,30466330.0,4419839158.0,509372644775.61
2024-10-23,000858,131.26,134.92,129.93,134.02,35813825.0,5277833036.0,520202102056.14
2024-10-24,000858,132.46,133.99,131.84,132.15,18642006.0,2743177644.0,512943648610.05005
2024-10-25,000858,131.25,135.23,131.25,133.64,19805485.0,2926843949.0,518727122211.4799
2024-10-28,000858,134.45,138.96,132.34,138.93,43810985.0,6649586215.0,539260394259.51
2024-10-29,000858,138.93,141.56,135.71,136.07,30315753.0,4641639292.0,528159230165.49
2024-10-30,000858,134.44,136.53,132.91,134.26,21187042.0,3158474275.0,521133668273.81995
2024-10-31,000858,132.64,134.63,131.21,132.49,26944088.0,3957475707.0,514263367418.43005
2024-11-01,000858,131.49,136.07,131.49,133.47,22719198.0,3379402018.0,518067262807.29
2024-11-04,000858,133.99,134.63,131.81,134.08,20505185.0,3030626417.0,520434993610.56006
2024-11-05,000858,133.54,138.05,132.46,137.87,32031809.0,4839032609.0,535145976798.09
2024-11-06,000858,137.84,138.05,134.58,136.48,30206560.0,4568777903.0,529750655787.36
2024-11-07,000858,135.38,147.1,135.19,146.39,67187150.0,10602928042.0,568216577525.73
2024-11-08,000858,147.98,148.52,140.76,141.19,56747365.0,9025428028.0,548032642809.33
2024-11-11,000858,138.37,139.72,136.43,139.7,36601207.0,5603393228.0,542249169207.89996
2024-11-12,000858,139.7,143.47,138.64,139.23,35134682.0,5496005682.0,540424852031.61
2024-11-13,000858,138.05,140.16,137.75,138.9,19433400.0,2990077535.0,539143948482.30005
2024-11-14,000858,138.15,140.65,137.29,138.5,21792782.0,3357496178.0,537591338119.5
2024-11-15,000858,138.49,139.07,135.84,136.51,25544269.0,3894476943.0,529867101564.56995
2024-11-18,000858,136.5,138.38,134.44,134.74,20986101.0,3164795003.0,522996800709.18005
2024-11-19,000858,134.95,135.92,131.11,133.95,23341346.0,3447738671.0,519930395242.64996
2024-11-20,000858,133.95,135.7,132.82,134.99,14981538.0,2233265261.0,523967182185.93005
2024-11-21,000858,134.44,135.44,133.69,134.9,11446054.0,1706377342.0,523617844854.30005
2024-11-22,000858,134.81,135.36,130.52,130.74,18942474.0,2785311385.0,507470697081.18005
2024-11-25,000858,131.64,132.8,128.76,129.75,19168995.0,2771219117.0,503627986433.25
2024-11-26,000858,129.48,132.28,128.58,130.66,17535782.0,2539251070.0,507160175008.62
2024-11-27,000858,130.63,133.44,129.55,132.69,20024978.0,2921829640.0,515039672599.83
2024-11-28,000858,130.84,132.6,129.75,129.93,19045387.0,2760020464.0,504326661096.51
2024-11-29,000858,130.85,135.07,130.29,132.43,28727796.0,4234632626.0,514030475864.01
2024-12-02,000858,132.76,133.93,131.34,133.0,17976352.0,2645657931.0,516242945631.0
2024-12-03,000858,133.27,133.34,131.92,132.63,14014314.0,2059980757.0,514806781045.41
2024-12-04,000858,132.55,132.59,130.63,131.49,14843403.0,2161996959.0,510381841511.43005
2024-12-05,000858,130.84,131.43,130.39,130.86,10321021.0,1496758491.0,507936480190.0201
2024-12-06,000858,130.53,133.54,130.53,132.14,18754575.0,2745488834.0,512904833350.9799
2024-12-09,000858,132.14,133.01,130.97,131.52,14542425.0,2124782351.0,510498287288.64
2024-12-10,000858,138.05,139.75,134.35,134.54,46326278.0,7021977460.0,522220495527.77997
2024-12-11,000858,133.56,136.7,133.56,134.81,19999335.0,2993662413.0,523268507522.67
2024-12-12,000858,134.84,137.15,133.97,136.99,25365291.0,3819524049.0,531730233999.93005
2024-12-13,000858,135.66,135.96,133.54,133.58,28422742.0,4230330396.0,518494230657.06006
2024-12-16,000858,133.57,133.58,129.95,130.47,26477262.0,3846200008.0,506422685086.29
2024-12-17,000858,130.46,132.41,129.57,130.74,15949283.0,2318651654.0,507470697081.18005
2024-12-18,000858,130.84,131.99,130.44,131.02,12067558.0,1755251345.0,508557524335.14
2024-12-19,000858,130.02,130.3,129.31,129.53,15198227.0,2184469848.0,502774050733.71
2024-12-20,000858,129.66,130.36,128.78,129.22,17283558.0,2479372352.0,501570777702.54
2024-12-23,000858,128.42,129.88,128.35,128.53,14260102.0,2039345026.0,498892524826.71
2024-12-24,000858,128.44,129.48,127.87,129.46,14333019.0,2045707408.0,502502343920.22003
2024-12-25,000858,129.46,129.83,128.65,129.1,9613952.0,1376290843.0,501104994593.69995
2024-12-26,000858,129.14,129.24,127.99,128.57,10476825.0,1493951272.0,499047785862.99
2024-12-27,000858,128.67,128.99,127.74,128.6,13445059.0,1912027993.0,499164231640.19995
2024-12-30,000858,128.15,129.18,127.23,127.42,16367180.0,2320655237.0,494584031069.94
2024-12-31,000858,127.42,129.57,126.33,126.36,24521867.0,3472955734.0,490461217112.88
2025-01-02,000858,126.32,126.32,122.99,123.61,25564735.0,3517884976.0,479787203603.38
2025-01-03,000858,123.69,124.48,121.59,122.17,16823014.0,2295817772.0,474197901983.86
2025-01-06,000858,119.02,120.87,117.64,118.05,27943013.0,3679523520.0,458206289016.89996
2025-01-07,000858,118.38,118.8,116.94,118.07,19018740.0,2478571210.0,458283918206.06
2025-01-08,000858,118.08,118.87,115.51,117.03,19287619.0,2504007320.0,454247200369.74
2025-01-09,000858,117.22,119.42,115.63,117.82,15918343.0,2080588918.0,457313553341.56
2025-01-10,000858,117.75,118.05,116.04,116.04,13537786.0,1753729759.0,450404555506.32
2025-01-13,000858,114.88,116.85,114.56,116.58,12149103.0,1562285331.0,452500543613.64
2025-01-14,000858,116.67,120.28,116.31,120.03,22862469.0,3014664381.0,465891578743.74
2025-01-15,000858,120.28,120.62,119.3,119.8,12812277.0,1701391090.0,464998843068.39996
2025-01-16,000858,120.37,121.18,118.26,118.64,16309620.0,2160311225.0,460496350097.12
2025-01-17,000858,119.11,120.8,118.7,119.38,15245016.0,2021963287.0,463368630096.04
2025-01-20,000858,119.9,122.25,119.76,121.18,19417359.0,2611169665.0,470355257120.44
2025-01-21,000858,121.68,121.81,119.83,120.36,13279686.0,1774069695.0,467172460364.88
2025-01-22,000858,119.96,120.01,117.42,117.62,17418217.0,2277963646.0,456537261449.96
2025-01-23,000858,118.75,120.58,118.26,118.42,18448933.0,2387735894.0,459642429016.36
2025-01-24,000858,117.64,118.36,116.43,117.57,18943572.0,2418169298.0,456343188477.06
2025-01-27,000858,117.82,118.33,117.0,117.09,12653510.0,1616070923.0,454480087937.22003
2025-02-05,000858,117.41,117.71,114.61,115.07,18691574.0,2343981886.0,446639539832.06
2025-02-06,000858,114.88,116.34,114.78,115.89,13819081.0,1734038682.0,449822336587.62
2025-02-07,000858,115.98,118.63,115.17,117.48,23247330.0,2960433850.0,455993857125.84
2025-02-10,000858,117.53,118.01,116.81,117.39,13654558.0,1740615096.0,455644525774.62
2025-02-11,000858,117.46,117.89,115.73,116.22,17600170.0,2221320156.0,451103218208.76
2025-02-12,000858,116.22,117.56,115.62,117.55,17735327.0,2240677199.0,456265559287.89996
2025-02-13,000858,117.57,121.51,117.13,121.06,46762606.0,6110655129.0,469889481985.48
2025-02-14,000858,120.17,121.69,119.76,120.8,21810735.0,2857398901.0,468880302526.39996
2025-02-17,000858,121.41,122.92,120.67,121.09,20507840.0,2710093082.0,470005925769.22003
2025-02-18,000858,121.03,121.87,119.08,119.85,18596134.0,2435399273.0,465192916041.3
2025-02-19,000858,119.85,121.05,119.06,120.69,15364181.0,2003027066.0,468453341986.02
2025-02-20,000858,120.02,122.23,119.94,120.13,13253049.0,1737767288.0,466279724689.54
2025-02-21,000858,120.22,122.11,119.6,120.7,21001653.0,2756687286.0,468492156580.60004
2025-02-24,000858,120.49,122.88,120.0,121.41,24439219.0,3229422469.0,471247992795.77997
2025-02-25,000858,120.48,120.51,118.36,118.52,22190136.0,2872796622.0,460030574962.16
2025-02-26,000858,118.48,119.48,117.92,119.48,17924348.0,2311292300.0,463756776041.84
2025-02-27,000858,119.66,122.51,119.48,122.2,37079506.0,4909364775.0,474314345767.60004
2025-02-28,000858,122.06,124.91,121.05,121.12,33720213.0,4510232386.0,470122369552.96
2025-03-03,000858,121.12,124.82,119.99,120.44,21035512.0,2780161096.0,467482977121.52
2025-03-04,000858,119.72,120.0,118.48,119.44,14934839.0,1933207044.0,463601517663.52
2025-03-05,000858,119.44,119.67,117.48,118.39,19936646.0,2558423708.0,459525985232.62
2025-03-06,000858,119.05,121.32,118.42,121.21,23585718.0,3075149470.0,470471700904.18
2025-03-07,000858,120.77,124.08,120.5,124.08,34007291.0,4536723523.0,481611489548.64
2025-03-10,000858,123.81,123.81,121.19,122.14,20635305.0,2735377366.0,474081458200.12
2025-03-11,000858,121.06,124.46,121.01,124.45,32103562.0,4304327283.0,483047629548.10004
2025-03-12,000858,124.54,125.38,122.08,122.4,28801774.0,3844719012.0,475090637659.2
2025-03-13,000858,122.4,123.64,121.74,121.87,16792264.0,2233018515.0,473033464146.46
2025-03-14,000858,122.43,130.69,122.43,129.61,76551575.0,10604804482.0,503075960351.38007
2025-03-17,000858,131.08,131.6,128.3,128.72,38773048.0,5457575155.0,499621461433.76
2025-03-18,000858,129.07,129.38,127.69,128.46,18673497.0,2608207825.0,498612281974.68005
2025-03-19,000858,128.46,129.6,127.36,127.88,16815724.0,2339543020.0,496361035489.04
2025-03-20,000858,127.84,127.95,125.06,125.18,22872209.0,3130766821.0,485881094952.44
2025-03-21,000858,124.91,126.57,123.52,123.9,19713023.0,2669031188.0,480912826846.2
2025-03-24,000858,123.4,124.2,122.45,123.63,18048886.0,2417592736.0,479864832792.54
2025-03-25,000858,123.9,123.99,122.06,122.94,17567115.0,2342967013.0,477186625766.52
2025-03-26,000858,122.92,123.24,122.33,122.75,10882580.0,1452491544.0,476449148469.5
2025-03-27,000858,122.5,124.06,121.97,123.26,14086564.0,1882916851.0,478428692793.08
2025-03-28,000858,123.42,123.58,121.88,122.64,12099601.0,1610808297.0,476022187929.12
2025-03-31,000858,122.62,122.78,120.91,120.91,14485487.0,1912983577.0,469307263066.77997
2025-04-01,000858,120.98,121.74,120.72,121.31,12170463.0,1602816957.0,470859846849.98
2025-04-02,000858,121.39,122.01,120.64,120.72,10102473.0,1328718377.0,468569785769.76
2025-04-03,000858,119.25,122.87,119.1,121.51,16562264.0,2187566525.0,471636138741.58
2025-04-07,000858,118.29,120.08,113.96,116.7,46309272.0,5889478918.0,452966318748.60004
2025-04-08,000858,116.7,120.81,116.7,120.37,33185668.0,4295611990.0,467211274959.46
2025-04-09,000858,119.21,122.28,119.07,121.74,29699887.0,3910869675.0,472528874416.92
2025-04-10,000858,121.78,122.88,120.13,122.57,23310636.0,3091985055.0,475750485767.06
2025-04-11,000858,121.69,122.86,120.2,121.14,17429334.0,2296050286.0,470199998742.12
2025-04-14,000858,121.05,122.12,120.6,120.62,12578106.0,1655429086.0,468181639823.96
2025-04-15,000858,120.59,121.0,119.74,120.91,11482502.0,1502439501.0,469307263066.77997
2025-04-16,000858,120.4,122.01,119.37,121.78,16668022.0,2177739510.0,472684132795.24
2025-04-17,000858,120.89,122.42,120.59,121.99,15292281.0,2022126158.0,473499239281.42
2025-04-18,000858,121.52,122.03,120.78,121.28,8947834.0,1179998316.0,470743403066.24
2025-04-21,000858,121.13,121.51,119.79,119.98,14436366.0,1887006445.0,465697505770.84
2025-04-22,000858,119.85,120.35,119.21,119.76,11585468.0,1507639704.0,464843584690.08
2025-04-23,000858,120.11,120.31,119.25,119.64,9594427.0,1246940579.0,464377809555.12
2025-04-24,000858,119.48,119.85,118.75,118.8,13152369.0,1703623364.0,461117383610.39996
2025-04-25,000858,118.93,119.87,118.71,118.79,10718307.0,1388082600.0,461078569015.82
2025-04-28,000858,119.77,121.19,119.57,120.45,18504541.0,2422404105.0,467521791716.10004
2025-04-29,000858,119.8,120.22,119.01,119.25,12479570.0,1619377345.0,462864040366.5
2025-04-30,000858,119.31,119.94,118.44,118.47,14662657.0,1893634511.0,459836501989.26
2025-05-06,000858,118.75,119.25,117.89,119.2,14634943.0,1889145118.0,462669967393.60004
2025-05-07,000858,120.49,121.33,119.48,119.66,15247040.0,1990960978.0,464455438744.27997
2025-05-08,000858,119.4,122.43,119.0,121.32,20802315.0,2735442055.0,470898661444.56
2025-05-09,000858,121.32,121.6,120.6,121.12,11054836.0,1454604448.0,470122369552.96
2025-05-12,000858,121.51,122.66,121.05,122.4,16456000.0,2182417151.0,475090637659.2
2025-05-13,000858,123.03,123.03,121.9,122.42,12039542.0,1599600056.0,475168266848.36
2025-05-14,000858,122.16,126.28,121.66,124.51,29148950.0,3932377808.0,483280517115.58
2025-05-15,000858,124.28,124.81,122.99,123.04,14494424.0,1947912221.0,477574771712.32
2025-05-16,000858,122.78,122.97,120.63,120.66,17354288.0,2288769532.0,468336898202.27997
2025-05-19,000858,118.93,119.76,118.63,119.02,23700824.0,3062514441.0,461971304691.16
2025-05-20,000858,118.75,119.33,118.63,118.86,15936916.0,2058475919.0,461350271177.88
2025-05-21,000858,118.86,119.56,118.75,118.98,14169298.0,1832618627.0,461816046312.84
2025-05-22,000858,118.99,119.18,118.6,118.83,9605451.0,1239750922.0,461233827394.14
2025-05-23,000858,118.79,119.35,117.96,117.96,15037984.0,1937195760.0,457856957665.68
2025-05-26,000858,117.8,117.96,115.88,116.36,27361547.0,3460707609.0,451646622532.88
2025-05-27,000858,116.24,116.86,115.88,116.13,15126840.0,1908812014.0,450753886857.54
2025-05-28,000858,116.26,117.02,115.52,116.83,18138470.0,2291200545.0,453470908478.14
2025-05-29,000858,116.54,117.36,115.89,117.2,16034701.0,2036182268.0,454907048477.60004
2025-05-30,000858,116.9,117.41,115.98,116.39,14682788.0,1858195533.0,451763066316.62
2025-06-03,000858,115.23,115.57,114.67,114.77,23748287.0,2965933456.0,445475101994.66
2025-06-04,000858,114.77,115.27,114.23,114.65,19350308.0,2410315627.0,445009326859.7
2025-06-05,000858,114.65,115.52,114.32,115.09,20231200.0,2525601313.0,446717169021.22003
2025-06-06,000858,115.04,115.85,114.79,115.15,11888498.0,1488927363.0,446950056588.7
2025-06-09,000858,115.15,115.25,114.7,115.03,19842902.0,2477799331.0,446484281453.74
2025-06-10,000858,114.88,115.16,114.4,114.5,17105298.0,2132365672.0,444427107941.0
2025-06-11,000858,114.51,115.25,114.33,114.79,14547273.0,1816144262.0,445552731183.82
2025-06-12,000858,114.6,114.65,112.65,112.76,38065992.0,4680660152.0,437673368484.08
2025-06-13,000858,112.2,112.21,109.56,109.65,36696171.0,4395342694.0,425602029569.7
2025-06-16,000858,108.46,109.02,107.7,108.87,27148875.0,3192006585.0,422574491192.46
2025-06-17,000858,108.81,109.39,108.1,108.35,19650205.0,2316678380.0,420556132274.3
2025-06-18,000858,109.25,109.95,108.5,108.92,20049069.0,2378709214.0,422768564165.36
2025-06-19,000858,108.21,109.03,107.79,107.96,16357242.0,1926506404.0,419042363085.68
2025-06-20,000858,108.16,110.46,108.05,110.06,29681382.0,3536127315.0,427193427947.48
2025-06-23,000858,109.45,109.62,108.43,108.88,17338663.0,2053039386.0,422613305787.04
2025-06-24,000858,109.14,110.45,108.99,110.23,17895787.0,2138966777.0,427853276055.34
2025-06-25,000858,110.46,110.66,109.43,110.63,17864721.0,2135738739.0,429405859838.54
2025-06-26,000858,110.56,111.05,110.12,110.21,16637264.0,1997480065.0,427775646866.18
2025-06-27,000858,110.19,110.4,109.58,109.71,16021567.0,1913691952.0,425834917137.18
2025-06-30,000858,109.71,110.07,108.88,109.45,22368008.0,2660701232.0,424824101838.4
2025-07-01,000858,109.53,109.53,108.88,109.2,12218321.0,1449250746.0,423853740710.4
2025-07-02,000858,109.2,110.37,109.09,109.71,15447681.0,1840968960.0,425833277411.51996
2025-07-03,000858,109.71,110.3,109.45,110.11,12243011.0,1463537870.0,427385855216.32
2025-07-04,000858,109.81,111.15,109.72,110.82,17067930.0,2049279008.0,430141680819.83997
2025-07-07,000858,110.65,110.94,110.29,110.38,8581080.0,1030097661.0,428433845234.56
2025-07-08,000858,110.32,111.26,110.3,111.18,11663123.0,1404970363.0,431539000844.16003
2025-07-09,000858,111.22,113.08,110.91,111.93,20349574.0,2482658941.0,434450084228.16003
2025-07-10,000858,111.41,113.11,111.29,112.84,16271646.0,1983620004.0,437982198734.08
2025-07-11,000858,112.83,115.04,112.5,114.42,28718907.0,3562808114.0,444114881063.04
2025-07-14,000858,114.47,115.56,113.59,115.44,21913998.0,2734366851.0,448073954465.27997
2025-07-15,000858,114.9,115.54,114.44,115.06,19332839.0,2415360200.0,446599005550.72003
2025-07-16,000858,114.7,115.87,114.7,115.32,17869945.0,2237883046.0,447608181123.83997
2025-07-17,000858,115.32,116.09,114.94,115.82,17299880.0,2171582212.0,449548903379.83997
2025-07-18,000858,116.03,117.71,115.07,116.88,21020856.0,2597764485.0,453663234562.56
2025-07-21,000858,116.88,116.89,115.44,115.73,18778433.0,2304021397.0,449199573373.76
2025-07-22,000858,115.73,118.88,115.73,118.54,30377165.0,3784887030.0,460106432452.48004
2025-07-23,000858,118.7,119.81,118.16,118.23,22906716.0,2887980079.0,458903184653.76
2025-07-24,000858,118.18,118.75,117.56,118.56,15601222.0,1955643592.0,460184061342.72003
2025-07-25,000858,118.56,118.6,116.59,116.66,18400674.0,2284994445.0,452809316769.92
2025-07-28,000858,116.64,117.25,115.2,117.15,17851106.0,2196293738.0,454711224580.80005
2025-07-29,000858,116.62,117.08,115.39,116.64,18515092.0,2276717869.0,452731687879.68
2025-07-30,000858,116.68,118.18,116.41,117.58,22412427.0,2789922636.0,456380245720.96
2025-07-31,000858,117.11,117.19,114.12,114.4,30468735.0,3717607979.0,444037252172.80005
2025-08-01,000858,114.39,114.84,113.68,114.26,12322595.0,1491109255.0,443493849941.12
2025-08-04,000858,113.91,114.48,113.74,114.18,8593314.0,1038364798.0,443183334380.16003
2025-08-05,000858,114.21,115.41,114.21,115.16,13944554.0,1698256512.0,446987150001.92
2025-08-06,000858,115.18,115.68,114.72,115.35,11968359.0,1460865583.0,447724624459.19995
2025-08-07,000858,115.33,116.28,115.16,115.72,11570286.0,1419842885.0,449160758928.64
2025-08-08,000858,115.72,116.03,115.17,115.41,8242559.0,1008572356.0,447957511129.92
2025-08-11,000858,115.35,117.42,115.31,117.04,18266039.0,2257903784.0,454284265684.48004
2025-08-12,000858,117.0,118.35,116.16,116.33,21137375.0,2625229654.0,451528440080.96
2025-08-13,000858,116.16,116.59,115.69,116.33,15582285.0,1916294686.0,451528440080.96
2025-08-14,000858,116.32,117.89,115.93,116.0,19906336.0,2461442362.0,450247563392.0
2025-08-15,000858,115.71,116.43,115.11,116.24,19394317.0,2376497642.0,451179110074.88
2025-08-18,000858,116.24,117.72,115.97,116.86,25530142.0,3163846038.0,453585605672.32
2025-08-19,000858,116.87,118.74,116.87,117.48,32724162.0,4087820978.0,455992101269.76
2025-08-20,000858,117.49,119.45,116.48,118.77,40431044.0,5083056591.0,460999164690.24
2025-08-21,000858,118.79,119.1,117.9,118.46,23189477.0,2908492491.0,459795916891.51996
2025-08-22,000858,118.46,118.81,117.99,118.78,20484997.0,2567683361.0,461037979135.36
2025-08-25,000858,119.15,122.84,119.15,122.69,47980003.0,6165955081.0,476214427177.27997
2025-08-26,000858,122.69,124.5,121.48,122.51,34979445.0,4552425053.0,475515767165.12
2025-08-27,000858,122.29,122.29,119.55,119.57,34684706.0,4441325744.0,464104320299.83997
2025-08-28,000858,119.56,120.11,117.09,118.48,34583488.0,4340085829.0,459873545781.76
2025-08-29,000858,119.15,122.57,119.09,122.31,43525090.0,5610236643.0,474739478262.72003
2025-09-01,000858,122.76,122.85,120.42,121.69,31694195.0,4074402941.0,472332982665.27997
2025-09-02,000858,121.26,123.82,120.97,121.4,34916169.0,4522779365.0,471207363756.80005
2025-09-03,000858,121.81,124.17,119.35,119.57,30286319.0,3883434402.0,464104320299.83997
2025-09-04,000858,119.26,119.45,117.78,118.52,26187312.0,3286629625.0,460028803562.24
2025-09-05,000858,118.41,119.94,117.85,119.75,20173355.0,2537085185.0,464802980312.0
2025-09-08,000858,119.64,121.96,119.23,121.9,30536352.0,3923785754.0,473148086012.80005
2025-09-09,000858,121.89,122.17,120.47,121.62,18440608.0,2368186108.0,472061281549.44
2025-09-10,000858,121.62,122.27,120.55,120.93,19964491.0,2565580225.0,469383084836.16003
2025-09-11,000858,120.32,121.38,119.74,121.36,22997326.0,2932816233.0,471052105976.32
2025-09-12,000858,121.34,122.45,120.04,120.1,26270390.0,3359522974.0,466161485891.19995
2025-09-15,000858,119.55,120.02,119.03,119.59,16656948.0,2109473460.0,464181949190.08
2025-09-16,000858,119.59,119.78,118.41,118.79,19108652.0,2405374663.0,461076793580.48004
2025-09-17,000858,118.8,119.29,117.87,118.94,18133640.0,2276167360.0,461659010257.27997
2025-09-18,000858,118.93,118.94,116.65,117.04,27547752.0,3434002463.0,454284265684.48004
2025-09-19,000858,117.03,117.66,115.96,117.17,19668801.0,2431126956.0,454788853471.04
2025-09-22,000858,116.71,116.81,115.37,115.68,19643327.0,2412049779.0,449005501148.16003
2025-09-23,000858,115.21,116.39,114.79,115.38,17207909.0,2101237749.0,447841067794.56
2025-09-24,000858,115.38,116.01,115.01,115.55,13056429.0,1597546879.0,448500913361.6
2025-09-25,000858,115.58,115.83,114.74,114.75,19455497.0,2371492767.0,445395757752.0
2025-09-26,000858,114.75,114.89,113.33,113.48,26192542.0,3154953964.0,440466323221.76
2025-09-29,000858,113.56,115.74,113.12,115.13,25635752.0,3105049104.0,446870706666.56
2025-09-30,000858,114.67,115.04,114.14,114.71,15457057.0,1875945187.0,445240499971.51996
2025-10-09,000858,114.67,114.67,113.21,114.41,20375652.0,2455273213.0,444076066617.92
2025-10-10,000858,114.39,115.32,113.93,114.0,17535995.0,2126979085.0,442484674368.0
2025-10-13,000858,112.98,113.69,112.6,113.17,19583470.0,2345294276.0,439263075423.04
2025-10-14,000858,113.85,115.74,113.33,115.27,29165582.0,3543893434.0,447414108898.24
2025-10-15,000858,114.58,115.82,114.32,115.27,19459557.0,2371853783.0,447414108898.24
2025-10-16,000858,114.97,115.91,114.73,115.9,19847810.0,2427170002.0,449859418940.80005
2025-10-17,000858,115.2,116.11,114.32,114.33,18040798.0,2197211376.0,443765551056.96
2025-10-20,000858,114.59,114.78,113.41,113.75,13164496.0,1589202775.0,441514313240.0
2025-10-21,000858,114.05,114.73,113.65,113.81,14729356.0,1780274211.0,441747199910.72003
2025-10-22,000858,113.31,114.04,113.22,113.41,12782668.0,1536553800.0,440194622105.92
2025-10-23,000858,113.31,114.68,113.28,114.57,15571808.0,1879432996.0,444697097739.83997
2025-10-24,000858,114.23,114.52,113.41,113.59,17432200.0,2099912711.0,440893282118.08
2025-10-27,000858,113.36,113.83,113.2,113.59,14394337.0,1729967257.0,440893282118.08
2025-10-28,000858,113.59,113.97,113.32,113.41,14019459.0,1686492048.0,440194622105.92
2025-10-29,000858,113.18,113.27,111.62,112.21,24508270.0,2910549080.0,435536888691.51996
2025-10-30,000858,111.44,112.89,111.43,111.87,20432985.0,2423170734.0,434217197557.44
2025-10-31,000858,108.97,112.97,108.97,112.36,42107702.0,4986642237.0,436119105368.32
2025-11-03,000858,111.9,112.94,110.95,112.35,22327034.0,2646147018.0,436080290923.19995
2025-11-04,000858,112.16,112.36,110.49,110.63,17273363.0,2034069113.0,429404206362.56
2025-11-05,000858,109.87,110.48,109.54,109.71,16463035.0,1915561293.0,425833277411.51996
2025-11-06,000858,110.02,110.77,109.59,109.7,15467307.0,1803321902.0,425794462966.4
2025-11-07,000858,109.7,110.47,109.49,110.25,14543557.0,1694831993.0,427929257448.0
2025-11-10,000858,110.25,114.81,110.05,114.07,42906459.0,5132402569.0,442756375483.83997
2025-11-11,000858,113.55,114.23,112.56,114.05,22926794.0,2754670110.0,442678746593.6
2025-11-12,000858,114.06,115.68,113.65,113.67,22254439.0,2700551157.0,441203797679.04
2025-11-13,000858,113.31,114.51,112.97,114.45,16002293.0,1928439961.0,444231324398.4
2025-11-14,000858,113.96,115.19,113.49,113.51,13924365.0,1683294872.0,440582766557.12
2025-11-17,000858,113.33,113.82,112.38,113.46,11738778.0,1406740312.0,440388694331.51996
2025-11-18,000858,113.31,114.97,113.09,113.65,14766867.0,1784778982.0,441126168788.80005
2025-11-19,000858,113.62,113.78,113.03,113.21,9514962.0,1142098879.0,439418333203.51996
2025-11-20,000858,113.2,114.86,112.94,113.55,15825845.0,1909518433.0,440738024337.6
2025-11-21,000858,113.42,114.65,112.76,113.01,20507164.0,2468277644.0,438642044301.12
2025-11-24,000858,113.08,113.75,111.9,111.92,17301096.0,2066246186.0,434411269783.04
2025-11-25,000858,111.92,112.29,111.27,111.91,14660888.0,1735233690.0,434372455337.92
2025-11-26,000858,111.92,112.64,111.43,111.67,9169759.0,1085069921.0,433440908655.04
2025-11-27,000858,111.71,111.89,111.14,111.37,9215651.0,1087246956.0,432276475301.44
2025-11-28,000858,111.33,111.37,110.81,111.28,8029619.0,945107391.0,431927145295.36
2025-12-01,000858,111.24,112.01,110.58,111.1,12091201.0,1422932700.0,431228485283.19995
2025-12-02,000858,111.05,111.21,110.01,110.08,12492841.0,1461213467.0,427269411880.96
2025-12-03,000858,110.22,110.53,109.07,109.16,16587100.0,1923087546.0,423698482929.92
2025-12-04,000858,109.17,109.3,107.76,108.07,16929153.0,1940544885.0,419467708411.83997
2025-12-05,000858,108.09,108.94,107.85,108.56,11768183.0,1351054927.0,421369616222.72003
2025-12-08,000858,108.45,108.72,106.8,106.96,27697874.0,3157374147.0,415159305003.51996
2025-12-09,000858,106.7,106.78,104.34,104.7,30431037.0,3390789037.0,406387240406.4
2025-12-10,000858,104.34,105.52,103.41,105.4,17869587.0,1984146058.0,409104251564.80005
2025-12-11,000858,105.76,106.45,105.55,105.67,15788422.0,1772255902.0,410152241583.04
2025-12-12,000858,106.04,107.37,105.38,105.38,25702210.0,2889348467.0,409026622674.56
2025-12-15,000858,106.04,106.95,105.81,106.19,21568629.0,2429077630.0,412170592729.27997
2025-12-16,000858,105.76,106.79,105.44,106.7,14506767.0,1631458612.0,414150129430.4
2025-12-17,000858,106.7,107.41,105.85,107.08,15314001.0,1732389486.0,415625078344.96
2025-12-18,000858,107.08,107.41,106.61,106.7,12462850.0,1379153250.0,414150129430.4
2025-12-19,000858,106.92,107.14,106.33,106.8,13818718.0,1526045351.0,414538273881.6
2025-12-22,000858,106.78,107.06,106.4,106.61,10846497.0,1197376767.0,413800799424.32
2025-12-23,000858,106.41,106.7,105.64,106.02,11354023.0,1248444948.0,411510747162.24
2025-12-24,000858,105.81,105.89,105.11,105.59,11790469.0,1286401444.0,409841726022.08
2025-12-25,000858,105.59,106.96,105.52,106.87,12570809.0,1385101983.0,414809974997.44
2025-12-26,000858,106.38,106.76,105.75,106.08,11475889.0,1261539560.0,411743633832.96
2025-12-29,000858,105.75,105.9,104.36,104.41,19545251.0,2119598416.0,405261621497.92
2025-12-30,000858,104.26,104.35,103.41,103.74,15847027.0,1700875914.0,402661053674.88
2025-12-31,000858,103.57,103.63,102.05,102.37,20867682.0,2214652658.0,397350525836.67004
2026-01-05,000858,102.33,104.54,102.13,104.26,22266864.0,2390973424.0,404686586145.66003
2026-01-06,000858,104.28,104.77,103.31,104.52,18623239.0,2006335250.0,405695779627.32
2026-01-07,000858,104.53,104.68,103.78,103.89,12309189.0,1326159416.0,403250426190.99
2026-01-08,000858,103.76,103.76,103.06,103.29,12912133.0,1379204589.0,400921518156.39
2026-01-09,000858,103.44,104.89,103.27,103.52,16074962.0,1727812911.0,401814266236.32
2026-01-12,000858,103.53,105.18,103.52,104.89,23335607.0,2526732764.0,407131939581.99
2026-01-13,000858,105.31,105.53,104.18,104.36,19737379.0,2140822643.0,405074737484.76
2026-01-14,000858,104.24,105.17,103.08,103.43,22560863.0,2430589610.0,401464930031.13
2026-01-15,000858,103.1,103.6,102.44,102.51,16292886.0,1733698629.0,397893937711.41003
2026-01-16,000858,102.66,102.82,101.51,101.61,19870993.0,2096582184.0,394400575659.51
2026-01-19,000858,101.45,101.82,100.82,101.02,18229885.0,1908481791.0,392110482758.82
2026-01-20,000858,100.97,101.91,100.78,101.37,17281662.0,1813980705.0,393469012445.67004
2026-01-21,000858,101.09,101.17,99.52,99.57,26228280.0,2711884886.0,386482288341.87
2026-01-22,000858,99.59,100.22,99.15,99.29,18691474.0,1926511774.0,385395464592.39
2026-01-23,000858,99.33,100.21,99.23,99.51,21455918.0,2214166357.0,386249397538.41003
2026-01-26,000858,99.49,100.01,97.65,98.89,31296115.0,3203042467.0,383842859235.99
2026-01-27,000858,98.67,98.88,97.61,97.61,22528720.0,2283721968.0,378874522095.51
2026-01-28,000858,97.62,98.41,97.23,97.3,26676739.0,2696600351.0,377671252944.3
2026-01-29,000858,97.3,107.03,97.11,107.03,98660393.0,10450873886.0,415438378238.73
2026-01-30,000858,107.03,107.04,101.46,101.46,66817118.0,7156298339.0,393818348650.86
2026-02-02,000858,101.53,107.02,101.53,103.67,53197704.0,5754087577.0,402396493244.97003
2026-02-03,000858,103.47,105.11,103.0,103.66,33164323.0,3556634123.0,402357678111.06
2026-02-04,000858,102.91,105.72,102.69,104.86,37891682.0,4088740226.0,407015494180.26
2026-02-05,000858,104.26,106.82,104.03,105.22,37284641.0,4071834696.0,408412839001.02
2026-02-06,000858,105.23,106.03,103.21,103.39,27652192.0,2975510012.0,401309669495.49
2026-02-09,000858,103.2,104.06,102.88,103.74,20889162.0,2237802124.0,402668199182.33997
2026-02-10,000858,103.56,103.56,102.22,102.91,18504047.0,1967153218.0,399446543067.81
2026-02-11,000858,102.72,103.05,102.28,102.46,11499591.0,1219688888.0,397699862041.86
2026-02-12,000858,102.33,102.53,100.88,101.09,18172982.0,1906604083.0,392382188696.19
2026-02-13,000858,101.17,103.27,100.65,102.48,24123984.0,2557578441.0,397777492309.68
2026-02-24,000858,104.53,105.51,101.46,101.61,21014361.0,2233159175.0,394400575659.51
2026-02-25,000858,101.46,102.53,101.33,101.62,16152900.0,1703140853.0,394439390793.42004
2026-02-26,000858,101.46,101.78,100.1,100.37,19232479.0,2004360013.0,389587499054.67004
2026-02-27,000858,100.37,101.02,100.37,100.54,11918816.0,1242973439.0,390247356331.14
2026-03-02,000858,99.52,101.07,98.89,99.74,20406363.0,2106133136.0,387142145618.33997
2026-03-03,000858,99.53,100.86,98.46,99.09,23059451.0,2370559087.0,384619161914.19
2026-03-04,000858,98.56,98.57,97.35,97.61,18301822.0,1850959672.0,378874522095.51
2026-03-05,000858,98.19,98.53,97.74,98.03,10052078.0,1020367656.0,380504757719.73
2026-03-06,000858,97.92,99.03,97.64,98.94,11291640.0,1150357292.0,384036934905.54
2026-03-09,000858,97.9,99.14,97.85,98.09,17778084.0,1811068891.0,380737648523.19
2026-03-10,000858,98.44,98.94,98.33,98.61,11169430.0,1139370872.0,382756035486.51
2026-03-11,000858,98.61,98.9,98.16,98.73,10780126.0,1099529974.0,383221817093.43
2026-03-12,000858,98.56,99.26,98.17,98.82,11661418.0,1189182247.0,383571153298.62
2026-03-13,000858,98.62,100.16,98.41,99.48,15318710.0,1577733443.0,386132952136.68
2026-03-16,000858,99.33,101.76,99.23,101.01,20304875.0,2119088706.0,392071667624.91003
2026-03-17,000858,101.01,102.25,100.49,101.25,17770249.0,1867733132.0,393003230838.75
2026-03-18,000858,101.25,101.45,99.91,100.22,11720905.0,1217253900.0,389005272046.02
2026-03-19,000858,99.53,99.92,99.05,99.07,11437347.0,1176973860.0,384541531646.37
2026-03-20,000858,99.07,99.7,98.46,98.94,10286504.0,1053023022.0,384036934905.54
2026-03-23,000858,97.98,98.35,96.66,96.85,20518979.0,2064661956.0,375924571918.35
2026-03-24,000858,97.48,98.04,96.66,97.92,11750754.0,1184095484.0,380077791246.72003
2026-03-25,000858,97.93,99.12,97.48,98.99,10858964.0,1107451813.0,384231010575.08997
2026-03-26,000858,98.75,99.42,97.86,97.86,9592448.0,977853749.0,379844900443.26
2026-03-27,000858,97.11,99.41,97.02,99.19,10295755.0,1052956368.0,385007313253.29
2026-03-30,000858,98.55,100.39,98.36,99.97,12490697.0,1286843153.0,388034893698.27
2026-03-31,000858,101.46,102.23,99.79,99.79,17834771.0,1865043694.0,387336221287.89
2026-04-01,000858,100.46,101.63,99.9,100.87,12266665.0,1279526789.0,391528255750.17004
2026-04-02,000858,100.49,101.71,100.37,101.46,15178337.0,1589237202.0,393818348650.86
2026-04-03,000858,101.43,101.43,99.8,100.0,8308861.0,864181133.0,388151339100.0
2026-04-07,000858,99.91,100.39,98.9,99.63,8154794.0,839975543.0,386715179145.32996
2026-04-08,000858,100.39,100.68,100.02,100.67,9774007.0,1016515698.0,390751953071.97003
2026-04-09,000858,99.89,100.19,99.04,99.14,9846158.0,1012935760.0,384813237583.74
2026-04-10,000858,99.15,99.48,98.56,98.63,12242404.0,1253630005.0,382833665754.32996
2026-04-13,000858,98.21,98.99,97.67,98.96,12263434.0,1247104401.0,384114565173.36
2026-04-14,000858,98.96,99.91,98.44,99.62,12069637.0,1238173621.0,386676364011.42004
2026-04-15,000858,99.43,100.48,99.22,100.06,11571256.0,1196292314.0,388384229903.46
2026-04-16,000858,100.01,100.49,99.74,99.95,9016632.0,934168918.0,387957263430.45
2026-04-17,000858,98.08,98.8,97.79,98.42,16743174.0,1704502562.0,382018547942.22003
2026-04-20,000858,98.38,98.51,97.64,97.93,11696080.0,1186004538.0,380116606380.63
2026-04-21,000858,97.88,98.38,97.59,97.77,10828096.0,1095969167.0,379495564238.07
2026-04-22,000858,97.59,97.67,97.07,97.24,14438261.0,1452833705.0,377438362140.83997
2026-04-23,000858,97.24,98.85,97.17,97.77,17402318.0,1764308585.0,379495564238.07
2026-04-24,000858,97.25,98.48,96.92,97.85,13453338.0,1361341945.0,379806085309.35
2026-04-27,000858,97.11,97.14,96.67,96.82,19104782.0,1913778919.0,375808126516.62
2026-04-28,000858,96.7,96.91,96.53,96.82,12341464.0,1234366126.0,375808126516.62
2026-04-29,000858,94.58,95.25,93.77,95.02,33863533.0,3316572049.0,368821402412.82
2026-04-30,000858,94.44,94.64,93.73,93.8,24820895.0,2413614789.0,364085956075.8
2026-05-06,000858,87.72,91.31,87.06,89.15,87159923.0,7989429629.0,346036918807.65
2026-05-07,000858,89.31,90.68,89.31,89.48,53627788.0,4986385438.0,347317818226.68
2026-05-08,000858,89.48,89.67,88.57,89.02,25964091.0,2396026818.0,345532322066.82
2026-05-11,000858,88.92,89.18,88.29,88.71,26932456.0,2469941064.0,344329052915.61
2026-05-12,000858,88.7,88.83,87.45,87.5,37297423.0,3387693472.0,339632421712.5
2026-05-13,000858,87.51,87.77,85.75,86.14,46720129.0,4173652013.0,334353563500.74
2026-05-14,000858,85.81,88.2,84.82,85.99,50314824.0,4478188841.0,333771336492.08997
2026-05-15,000858,85.03,85.11,83.7,83.94,36117869.0,3145651221.0,325814234040.54
2026-05-18,000858,83.73,83.73,82.33,82.68,39363075.0,3374154020.0,320923527167.88
2026-05-19,000858,82.9,84.31,82.53,82.89,30494149.0,2630415264.0,321738644979.99
2026-05-20,000858,82.33,83.16,81.69,82.59,30461662.0,2599236031.0,320574190962.69
2026-05-21,000858,82.62,84.26,82.35,82.47,32663033.0,2812401965.0,320108409355.77
2026-05-22,000858,82.69,82.71,81.19,81.19,26037090.0,2196206566.0,315140072215.29
2026-05-25,000858,80.81,82.12,80.22,81.3,29202467.0,2456799767.0,315567038688.3
2026-05-26,000858,80.91,81.74,80.08,80.55,27730383.0,2315776877.0,312655903645.05
2026-05-27,000858,80.2,83.34,78.94,81.06,60380066.0,5045124429.0,314635475474.46
2026-05-28,000858,79.77,80.04,78.56,78.74,36237862.0,2969342510.0,305630364407.33997
2026-05-29,000858,78.26,82.7,78.15,82.03,60110125.0,5028433895.0,318400543463.73
2026-06-01,000858,81.12,81.12,80.04,80.6,27998720.0,2332216892.0,312849979314.6
2026-06-02,000858,80.57,81.15,79.64,79.92,23817861.0,1977315316.0,310210550208.72003
2026-06-03,000858,79.81,80.17,78.87,79.57,21154363.0,1737250497.0,308852020521.87
2026-06-04,000858,79.57,80.0,78.36,78.36,20421067.0,1668519854.0,304155389318.76
2026-06-05,000858,78.75,79.64,78.3,78.34,21936442.0,1789684297.0,304077759050.94
2026-06-08,000858,78.28,78.93,76.88,77.26,27525203.0,2207910676.0,299885724588.66003
2026-06-09,000858,77.2,77.3,76.22,76.44,21841173.0,1731012017.0,296702883608.04
2026-06-10,000858,76.36,77.06,75.95,76.47,23072564.0,1830058908.0,296819329009.77
2026-06-11,000858,76.12,77.28,75.03,77.1,37819589.0,2978558093.0,299264682446.1
2026-06-12,000858,76.71,78.19,76.54,77.22,35834421.0,2870646295.0,299730464053.02
2026-06-15,000858,77.26,77.57,76.43,76.94,24061117.0,1916505152.0,298643640303.54
2026-06-16,000858,76.71,76.82,75.51,75.69,21756586.0,1708709322.0,293791748564.79
2026-06-17,000858,75.66,76.04,74.64,74.88,22258774.0,1727945965.0,290647722718.07996
2026-06-18,000858,74.67,74.75,73.29,73.29,32684306.0,2499475187.0,284476116426.39
2026-06-22,000858,72.95,74.83,72.27,73.97,35627629.0,2704470458.0,287115545532.27
2026-06-23,000858,73.58,75.68,71.86,72.24,46610269.0,3550233244.0,280400527365.83997
2026-06-24,000858,72.02,72.9,70.81,70.83,30007758.0,2218704130.0,274927593484.52997
2026-06-25,000858,70.59,73.13,70.44,72.47,49143223.0,3656493222.0,281293275445.77
2026-06-26,000858,72.37,73.16,70.66,70.7,32352113.0,2397332873.0,274422996743.7
2026-06-29,000858,70.57,72.76,69.33,71.5,42712167.0,3149108201.0,277528207456.5
2026-06-30,000858,71.02,72.39,70.0,71.5,36265269.0,2662167645.0,277528207456.5
2026-07-01,000858,71.38,72.35,70.13,72.01,38076059.0,2817061598.0,279507779285.91003
2026-07-02,000858,72.41,72.89,70.87,71.02,35020556.0,2591988292.0,275665081028.82
2026-07-03,000858,71.16,72.19,70.15,70.74,33825035.0,2488093357.0,274578257279.33997
2026-07-06,000858,70.45,72.05,70.19,71.27,34584259.0,2548673275.0,276635459376.57
2026-07-07,000858,71.11,71.12,69.26,69.3,35673127.0,2580655043.0,268988877996.3
2026-07-08,000858,69.28,69.83,68.82,69.07,23207769.0,1663105717.0,268096129916.36996
2026-07-09,000858,68.6,69.09,68.14,68.51,24192142.0,1713141689.0,265922482417.41003
2026-07-10,000858,68.71,71.8,68.3,71.2,55965462.0,4085872493.0,276363753439.2
2026-07-13,000858,70.59,70.97,69.72,70.36,30602266.0,2224717873.0,273103282190.76
2026-07-14,000858,70.06,71.01,69.94,70.92,28356827.0,2068769750.0,275276929689.72003
2026-07-15,000858,70.0,73.89,69.58,73.82,63734909.0,4805702854.0,286533318523.62
2026-07-16,000858,73.33,74.59,72.6,73.9,48892065.0,3599045959.0,286843839594.9
2026-07-17,000858,74.6,75.06,72.35,72.76,42739876.0,3130971198.0,282418914329.16003
2026-07-20,000858,72.8,76.3,72.8,76.24,64758611.0,4885488078.0,295926580929.83997
2026-07-21,000858,76.0,76.76,74.14,74.38,63378265.0,4759421669.0,288706966022.57996
2026-07-22,000858,73.62,74.8,73.13,74.75,40782282.0,3020174420.0,290143125977.25
2026-07-23,000858,74.0,74.95,73.32,74.84,37032085.0,2746776997.0,290492462182.44
2026-07-24,000858,74.6,75.3,73.47,73.57,31139902.0,2315849377.0,285562940175.87
2026-07-27,000858,73.66,74.46,73.51,73.9,20333141.0,1502725286.0,286843839594.9
2026-07-28,000858,73.9,75.16,73.42,74.8,31481451.0,2342923236.0,290337201646.8
2026-07-29,000858,74.92,75.86,74.69,75.17,40741683.0,3070589176.0,291773361601.47003
