date,ticker,open,high,low,close,volume,amount,market_cap
2021-01-04,001979,10.99,11.02,10.75,10.81,16449383.0,213082328.0,85633197882.49
2021-01-05,001979,10.78,10.81,10.53,10.81,15951784.0,203133636.0,85633197882.49
2021-01-06,001979,10.71,10.94,10.69,10.82,13157637.0,170451414.0,85712414531.78
2021-01-07,001979,10.83,11.0,10.74,10.87,12847569.0,166462619.0,86108497778.23
2021-01-08,001979,10.76,11.21,10.76,11.09,18003488.0,237568501.0,87851264062.61
2021-01-11,001979,11.09,11.27,10.93,11.07,16624142.0,220835980.0,87692830764.03
2021-01-12,001979,11.07,11.15,10.81,10.96,13440009.0,175388084.0,86821447621.84001
2021-01-13,001979,10.94,10.96,10.73,10.82,16522888.0,214028204.0,85712414531.78
2021-01-14,001979,10.78,11.16,10.78,11.03,14365046.0,189232122.0,87375964166.87
2021-01-15,001979,11.03,11.22,10.95,11.05,14070870.0,186959192.0,87534397465.45001
2021-01-18,001979,11.06,11.19,10.96,11.12,14227134.0,188325564.0,88088914010.48
2021-01-19,001979,11.07,11.57,10.99,11.41,29137308.0,394808325.0,90386196839.89
2021-01-20,001979,11.36,11.41,11.06,11.11,18161164.0,242543145.0,88009697361.19
2021-01-21,001979,11.08,11.14,10.94,10.99,13992519.0,184235108.0,87059097569.71
2021-01-22,001979,11.01,11.01,10.7,10.71,14968245.0,193323641.0,84841031389.59001
2021-01-25,001979,10.66,10.67,10.5,10.55,13499778.0,170598713.0,83573565000.95001
2021-01-26,001979,10.55,10.66,10.24,10.35,13548472.0,169737733.0,81989232015.15
2021-01-27,001979,10.29,10.47,10.17,10.25,14056198.0,173373152.0,81197065522.25
2021-01-28,001979,10.17,10.25,9.94,9.97,15707943.0,188641987.0,78978999342.13
2021-01-29,001979,9.97,10.05,9.88,9.88,10182964.0,121343732.0,78266049498.52
2021-02-01,001979,9.89,10.0,9.74,9.93,11016301.0,130006180.0,78662132744.97
2021-02-02,001979,9.99,10.16,9.82,9.88,13805321.0,164932956.0,78266049498.52
2021-02-03,001979,9.9,9.91,9.61,9.73,12145730.0,141527697.0,77077799759.17
2021-02-04,001979,9.69,9.84,9.54,9.78,11998688.0,139443627.0,77473883005.62
2021-02-05,001979,9.79,10.0,9.79,9.9,10122188.0,119971565.0,78424482797.1
2021-02-08,001979,9.89,10.01,9.79,9.83,9986101.0,118223957.0,77869966252.07
2021-02-09,001979,9.84,9.89,9.62,9.89,8961661.0,104562156.0,78345266147.81
2021-02-10,001979,9.84,9.95,9.71,9.84,10783972.0,126507240.0,77949182901.36
2021-02-18,001979,9.95,10.24,9.95,10.15,14270917.0,172641310.0,80404899029.35
2021-02-19,001979,10.1,10.45,10.07,10.42,16960309.0,209579603.0,82543748560.18
2021-02-22,001979,10.48,10.8,10.45,10.65,19126841.0,243608947.0,84365731493.85
2021-02-23,001979,10.6,10.66,10.41,10.45,13169089.0,165917497.0,82781398508.04999
2021-02-24,001979,10.5,10.67,10.45,10.54,15164114.0,191266858.0,83494348351.65999
2021-02-25,001979,10.49,11.59,10.48,11.28,70533997.0,954136264.0,89356380399.12
2021-02-26,001979,11.12,11.16,10.74,10.75,35927360.0,467834811.0,85157897986.75
2021-03-01,001979,10.74,11.08,10.63,10.91,20330860.0,264390227.0,86425364375.39
2021-03-02,001979,10.89,11.1,10.74,10.81,14625977.0,190394193.0,85633197882.49
2021-03-03,001979,10.7,10.93,10.7,10.79,11600124.0,149806641.0,85474764583.90999
2021-03-04,001979,10.75,10.94,10.68,10.71,10682844.0,137713867.0,84841031389.59001
2021-03-05,001979,10.63,10.77,10.5,10.63,10676532.0,135545144.0,84207298195.27
2021-03-08,001979,10.66,10.74,10.51,10.51,9267087.0,117684179.0,83256698403.79
2021-03-09,001979,10.51,10.72,10.41,10.47,12223931.0,154323104.0,82939831806.63
2021-03-10,001979,10.54,10.65,10.44,10.47,8016914.0,100926084.0,82939831806.63
2021-03-11,001979,10.57,10.6,10.45,10.49,9050093.0,113770442.0,83098265105.21
2021-03-12,001979,10.46,10.72,10.38,10.56,12721172.0,160225252.0,83652781650.24
2021-03-15,001979,10.55,10.6,10.4,10.46,11159123.0,140133204.0,82860615157.34001
2021-03-16,001979,10.46,10.82,10.41,10.78,18886827.0,240846100.0,85395547934.62
2021-03-17,001979,10.71,10.82,10.57,10.62,13536972.0,172682486.0,84128081545.98
2021-03-18,001979,10.58,10.66,10.47,10.48,10944719.0,138219551.0,83019048455.92
2021-03-19,001979,10.45,10.48,10.17,10.31,16464261.0,203112264.0,81672365417.99
2021-03-22,001979,10.2,10.67,10.19,10.61,16383762.0,205677833.0,84048864896.69
2021-03-23,001979,10.7,10.8,10.55,10.61,16191412.0,206848931.0,84048864896.69
2021-03-24,001979,10.57,10.7,10.51,10.54,11516861.0,145870865.0,83494348351.65999
2021-03-25,001979,10.61,10.63,10.46,10.5,10326499.0,130116638.0,83177481754.5
2021-03-26,001979,10.53,10.57,10.44,10.47,10402222.0,130634567.0,82939831806.63
2021-03-29,001979,10.45,10.49,10.3,10.45,9695579.0,120733303.0,82781398508.04999
2021-03-30,001979,10.37,10.45,10.24,10.25,12486760.0,153792697.0,81197065522.25
2021-03-31,001979,10.24,10.29,10.17,10.25,10477581.0,128139173.0,81197065522.25
2021-04-01,001979,10.31,10.34,10.21,10.25,7058574.0,86641943.0,81197065522.25
2021-04-02,001979,10.24,10.42,10.23,10.29,8685031.0,107246527.0,81513932119.40999
2021-04-06,001979,10.32,10.35,10.24,10.25,6896381.0,84685685.0,81197065522.25
2021-04-07,001979,10.25,10.35,10.2,10.28,10015157.0,123152457.0,81434715470.12
2021-04-08,001979,10.26,10.29,10.08,10.08,13092425.0,159278195.0,79850382484.32
2021-04-09,001979,10.12,10.15,10.07,10.11,5963099.0,72071716.0,80088032432.19
2021-04-12,001979,10.11,10.16,10.06,10.1,8059989.0,97577675.0,80008815782.9
2021-04-13,001979,10.17,10.17,9.93,9.99,10110134.0,121201005.0,79137432640.71
2021-04-14,001979,9.96,10.07,9.95,10.02,6781197.0,81301404.0,79375082588.58
2021-04-15,001979,9.97,10.05,9.93,10.04,7642437.0,91376384.0,79533515887.15999
2021-04-16,001979,10.04,10.2,10.0,10.18,8292246.0,100546822.0,80642548977.22
2021-04-19,001979,10.19,10.25,10.1,10.23,8506420.0,103782355.0,81038632223.67
2021-04-20,001979,10.16,10.18,10.02,10.07,11964700.0,144449990.0,79771165835.03
2021-04-21,001979,10.07,10.13,9.98,10.05,7368308.0,88738103.0,79612732536.45001
2021-04-22,001979,10.1,10.21,10.04,10.05,9627795.0,116230154.0,79612732536.45001
2021-04-23,001979,10.05,10.05,9.91,9.93,9897650.0,117962149.0,78662132744.97
2021-04-26,001979,9.93,9.97,9.79,9.79,8290001.0,97890402.0,77553099654.90999
2021-04-27,001979,9.77,9.85,9.74,9.75,6879675.0,80620965.0,77236233057.75
2021-04-28,001979,9.79,9.81,9.74,9.79,6158619.0,71969611.0,77553099654.90999
2021-04-29,001979,9.79,9.88,9.76,9.81,5772748.0,67823200.0,77711532953.49
2021-04-30,001979,9.79,9.84,9.62,9.71,11437564.0,133023544.0,76919366460.59001
2021-05-06,001979,9.69,9.86,9.66,9.7,9110622.0,106603056.0,76840149811.29999
2021-05-07,001979,9.7,9.77,9.67,9.69,10526598.0,122349319.0,76760933162.01
2021-05-10,001979,9.72,9.73,9.57,9.69,8505210.0,98290343.0,76760933162.01
2021-05-11,001979,9.68,9.81,9.62,9.72,8276652.0,96166671.0,76998583109.88
2021-05-12,001979,9.73,9.75,9.62,9.64,10123235.0,116968165.0,76364849915.56
2021-05-13,001979,9.63,9.74,9.6,9.65,10627278.0,123018079.0,76444066564.85
2021-05-14,001979,9.65,9.81,9.65,9.79,10038651.0,116903325.0,77553099654.90999
2021-05-17,001979,9.79,9.98,9.76,9.9,12123228.0,143578099.0,78424482797.1
2021-05-18,001979,9.87,9.93,9.82,9.86,8443446.0,99694341.0,78107616199.94
2021-05-19,001979,9.85,9.86,9.7,9.76,7395537.0,86380003.0,77315449707.04
2021-05-20,001979,9.7,9.74,9.58,9.6,17341184.0,199792354.0,76047983318.4
2021-05-21,001979,9.62,9.65,9.54,9.54,9859522.0,113059009.0,75572683422.65999
2021-05-24,001979,9.54,9.6,9.44,9.55,11704214.0,133330485.0,75651900071.95001
2021-05-25,001979,9.57,9.79,9.51,9.76,17134686.0,199008531.0,77315449707.04
2021-05-26,001979,9.79,10.01,9.78,9.93,19356012.0,229837348.0,78662132744.97
2021-05-27,001979,9.94,9.95,9.84,9.95,17743156.0,210040198.0,78820566043.54999
2021-05-28,001979,9.88,9.94,9.74,9.76,14031525.0,164417434.0,77315449707.04
2021-05-31,001979,9.76,9.78,9.64,9.69,9046584.0,104745417.0,76760933162.01
2021-06-01,001979,9.68,9.75,9.64,9.68,10493648.0,121366382.0,76681716512.72
2021-06-02,001979,9.68,9.71,9.59,9.66,14118821.0,162940425.0,76523283214.14
2021-06-03,001979,9.66,9.76,9.58,9.58,15968493.0,184352659.0,75889550019.82
2021-06-04,001979,9.61,9.64,9.53,9.55,12730408.0,145694239.0,75651900071.95001
2021-06-07,001979,9.54,9.54,9.45,9.45,14076369.0,159755836.0,74859733579.04999
2021-06-08,001979,9.47,9.51,9.44,9.46,14119070.0,159725786.0,74938950228.34001
2021-06-09,001979,9.47,9.51,9.43,9.45,12067930.0,136607103.0,74859733579.04999
2021-06-10,001979,9.44,9.45,9.37,9.37,15068274.0,169440489.0,74226000384.73
2021-06-11,001979,9.38,9.41,9.31,9.37,18157066.0,203337493.0,74226000384.73
2021-06-15,001979,9.38,9.38,9.12,9.16,20253430.0,222843483.0,72562450749.64
2021-06-16,001979,9.17,9.29,9.15,9.23,15593521.0,172165847.0,73116967294.67
2021-06-17,001979,9.19,9.3,9.14,9.28,16714971.0,185218189.0,73513050541.12
2021-06-18,001979,9.28,9.28,9.08,9.09,16262813.0,177714228.0,72007934204.61
2021-06-21,001979,9.08,9.24,9.03,9.23,17684057.0,193007927.0,73116967294.67
2021-06-22,001979,9.22,9.3,9.17,9.22,10573099.0,116437699.0,73037750645.38
2021-06-23,001979,9.2,9.24,9.14,9.16,9290719.0,101883879.0,72562450749.64
2021-06-24,001979,9.16,9.2,9.11,9.14,8648952.0,94774179.0,72404017451.06
2021-06-25,001979,9.15,9.21,9.13,9.21,8859944.0,97375558.0,72958533996.09001
2021-06-28,001979,9.21,9.23,9.14,9.18,10265642.0,112712443.0,72720884048.22
2021-06-29,001979,9.21,9.29,9.13,9.14,17133720.0,188891129.0,72404017451.06
2021-06-30,001979,9.15,9.22,9.1,9.15,10363965.0,113467412.0,72483739335.90001
2021-07-01,001979,9.34,9.69,9.3,9.58,40732226.0,464672716.0,75890078998.68001
2021-07-02,001979,9.58,9.72,9.41,9.46,31387718.0,358407370.0,74939472581.16
2021-07-05,001979,9.49,9.53,9.28,9.36,20418173.0,229170579.0,74147300566.56
2021-07-06,001979,9.38,9.81,9.33,9.74,46262394.0,533812388.0,77157554222.04001
2021-07-07,001979,9.75,9.83,9.52,9.58,29294430.0,337265232.0,75890078998.68001
2021-07-08,001979,9.56,9.6,9.33,9.4,31085985.0,349523117.0,74464169372.40001
2021-07-09,001979,9.37,9.49,9.33,9.44,20683722.0,232977075.0,74781038178.23999
2021-07-12,001979,9.49,9.54,9.23,9.27,31319092.0,349919430.0,73434345753.42
2021-07-13,001979,9.28,9.37,9.24,9.28,17308166.0,192458722.0,73513562954.87999
2021-07-14,001979,9.28,9.31,9.17,9.2,20109654.0,221882224.0,72879825343.2
2021-07-15,001979,9.2,9.28,9.16,9.25,16207321.0,179087137.0,73275911350.5
2021-07-16,001979,9.22,9.33,9.18,9.32,22116389.0,244880253.0,73830431760.72
2021-07-19,001979,9.3,9.32,9.2,9.25,18366533.0,203120499.0,73275911350.5
2021-07-20,001979,9.21,9.25,9.11,9.21,14146355.0,155107559.0,72959042544.66
2021-07-21,001979,9.23,9.29,9.21,9.23,13318481.0,147214326.0,73117476947.58
2021-07-22,001979,9.23,9.36,9.17,9.36,20496825.0,227731106.0,74147300566.56
2021-07-23,001979,9.36,9.36,9.21,9.23,16353196.0,180909418.0,73117476947.58
2021-07-26,001979,9.2,9.2,9.03,9.09,21095161.0,228960278.0,72008436127.14
2021-07-27,001979,9.07,9.13,8.7,8.74,32900771.0,346823158.0,69235834076.04001
2021-07-28,001979,8.72,8.75,8.56,8.59,26344053.0,255947960.0,68047576054.14
2021-07-29,001979,8.62,8.67,8.44,8.46,19770700.0,189445419.0,67017752435.16
2021-07-30,001979,8.43,8.44,8.25,8.32,15933468.0,149476607.0,65908711614.72
2021-08-02,001979,8.27,8.43,8.02,8.36,25880249.0,239113513.0,66225580420.56
2021-08-03,001979,8.28,8.42,8.26,8.29,19018129.0,178239568.0,65671060010.34
2021-08-04,001979,8.3,8.3,8.14,8.16,16814769.0,154813489.0,64641236391.36
2021-08-05,001979,8.28,8.52,8.23,8.35,23124495.0,217962586.0,66146363219.1
2021-08-06,001979,8.23,8.29,8.15,8.24,21833148.0,202204853.0,65274974003.04
2021-08-09,001979,8.26,8.75,8.21,8.55,35755009.0,344263505.0,67730707248.3
2021-08-10,001979,8.54,8.64,8.43,8.58,16714412.0,160205160.0,67968358852.68
2021-08-11,001979,8.72,9.23,8.72,9.07,58796514.0,601277092.0,71850001724.22
2021-08-12,001979,9.07,9.12,8.84,8.89,24966393.0,250807699.0,70424092097.94
2021-08-13,001979,8.84,8.92,8.76,8.87,13414199.0,133471306.0,70265657695.01999
2021-08-16,001979,8.87,9.17,8.84,9.09,26438490.0,270095012.0,72008436127.14
2021-08-17,001979,9.05,9.28,8.99,9.08,25168746.0,258993885.0,71929218925.68001
2021-08-18,001979,9.04,9.23,8.91,9.16,21085575.0,214961192.0,72562956537.36
2021-08-19,001979,9.09,9.13,8.82,8.88,20002936.0,200953540.0,70344874896.48001
2021-08-20,001979,8.88,8.99,8.82,8.92,18318233.0,183485168.0,70661743702.31999
2021-08-23,001979,8.95,9.05,8.91,8.96,12202721.0,123124420.0,70978612508.16
2021-08-24,001979,8.98,9.28,8.96,9.24,35209136.0,363853891.0,73196694149.04001
2021-08-25,001979,9.25,9.3,9.03,9.09,22099260.0,227351662.0,72008436127.14
2021-08-26,001979,9.05,9.13,8.91,8.97,20229437.0,204635047.0,71057829709.62001
2021-08-27,001979,8.91,8.94,8.85,8.92,13826135.0,138256203.0,70661743702.31999
2021-08-30,001979,8.91,8.91,8.54,8.7,28873666.0,282562862.0,68918965270.2
2021-08-31,001979,8.66,8.95,8.64,8.85,40348868.0,399883863.0,70107223292.09999
2021-09-01,001979,8.77,9.33,8.75,9.24,51387279.0,532371470.0,73196694149.04001
2021-09-02,001979,9.22,9.36,9.18,9.27,28133838.0,293413880.0,73434345753.42
2021-09-03,001979,9.2,9.35,9.09,9.31,25680496.0,267448787.0,73751214559.26001
2021-09-06,001979,9.39,9.46,9.17,9.21,29391126.0,305762819.0,72959042544.66
2021-09-07,001979,9.6,9.76,9.3,9.46,64770945.0,690048837.0,74939472581.16
2021-09-08,001979,9.42,9.42,9.23,9.3,29509412.0,309540307.0,73671997357.8
2021-09-09,001979,9.27,9.31,9.15,9.28,23016421.0,239078697.0,73513562954.87999
2021-09-10,001979,9.24,9.51,9.24,9.26,29244576.0,308075699.0,73355128551.95999
2021-09-13,001979,9.26,9.68,9.16,9.55,43350568.0,464789029.0,75652427394.3
2021-09-14,001979,9.58,9.64,9.19,9.21,36113771.0,380442681.0,72959042544.66
2021-09-15,001979,9.17,9.52,9.07,9.52,50160866.0,530908934.0,75414775789.92
2021-09-16,001979,9.47,9.59,9.31,9.35,30357100.0,322052260.0,74068083365.09999
2021-09-17,001979,9.29,9.69,9.29,9.52,42929282.0,460950785.0,75414775789.92
2021-09-22,001979,9.34,10.47,9.31,10.47,116907166.0,1349120109.0,82940409928.62001
2021-09-23,001979,10.67,11.43,10.67,10.99,156945355.0,1946299468.0,87059704404.54001
2021-09-24,001979,10.97,11.25,10.72,10.91,79824582.0,985260203.0,86425966792.86
2021-09-27,001979,10.8,11.13,10.25,10.74,74389673.0,894769326.0,85079274368.04001
2021-09-28,001979,10.93,11.69,10.93,11.44,74957118.0,959912438.0,90624478470.23999
2021-09-29,001979,11.44,11.71,11.2,11.45,72671968.0,938027947.0,90703695671.7
2021-09-30,001979,11.57,12.09,11.28,11.5,76016837.0,999255179.0,91099781679.0
2021-10-08,001979,11.74,11.82,11.29,11.49,53538230.0,694156188.0,91020564477.54001
2021-10-11,001979,11.47,11.92,11.37,11.4,53402565.0,695579167.0,90307609664.40001
2021-10-12,001979,11.43,11.9,11.29,11.39,66672451.0,871228880.0,90228392462.94
2021-10-13,001979,11.38,11.63,10.99,11.36,64254284.0,818171794.0,89990740858.56
2021-10-14,001979,11.4,11.47,10.63,10.77,56599982.0,694557872.0,85316925972.42
2021-10-15,001979,10.82,11.02,10.62,10.7,41282949.0,500130797.0,84762405562.2
2021-10-18,001979,10.59,10.72,10.34,10.64,49034623.0,581354363.0,84287102353.44
2021-10-19,001979,10.6,10.78,10.29,10.57,35879669.0,424227166.0,83732581943.22
2021-10-20,001979,10.5,10.67,10.35,10.42,30909768.0,363060394.0,82544323921.31999
2021-10-21,001979,10.57,10.76,10.33,10.61,47460847.0,566210242.0,84049450749.06
2021-10-22,001979,10.75,11.12,10.36,10.44,65809063.0,789534507.0,82702758324.23999
2021-10-25,001979,9.99,10.58,9.91,10.2,55952373.0,643171665.0,80801545489.2
2021-10-26,001979,10.36,10.36,9.98,10.03,31903201.0,362134652.0,79454853064.37999
2021-10-27,001979,10.09,10.12,9.82,9.95,28828292.0,322617104.0,78821115452.7
2021-10-28,001979,9.87,9.95,9.68,9.74,36220760.0,398676944.0,77157554222.04001
2021-10-29,001979,9.74,9.78,9.18,9.27,74563456.0,783012698.0,73434345753.42
2021-11-01,001979,9.26,9.26,8.88,8.92,60026516.0,607727793.0,70661743702.31999
2021-11-02,001979,9.02,9.02,8.49,8.58,70806066.0,694065848.0,67968358852.68
2021-11-03,001979,8.59,8.86,8.43,8.75,48981073.0,480653038.0,69315051277.5
2021-11-04,001979,8.74,8.74,8.53,8.6,34827337.0,336944731.0,68126793255.6
2021-11-05,001979,8.62,8.64,8.42,8.45,38332668.0,365214663.0,66938535233.7
2021-11-08,001979,8.48,8.53,8.35,8.37,32029256.0,303839854.0,66304797622.02
2021-11-09,001979,8.37,8.46,8.32,8.37,31244525.0,294605657.0,66304797622.02
2021-11-10,001979,8.42,8.83,8.31,8.78,92233073.0,892531284.0,69552702881.87999
2021-11-11,001979,8.85,9.66,8.82,9.66,95698667.0,1014427777.0,76523816610.36
2021-11-12,001979,9.86,10.16,9.48,9.91,154173954.0,1711920560.0,78504246646.86
2021-11-15,001979,9.84,9.89,9.47,9.72,59684702.0,647630409.0,76999119819.12001
2021-11-16,001979,9.58,9.9,9.57,9.75,42211972.0,464454385.0,77236771423.5
2021-11-17,001979,9.72,9.85,9.62,9.75,28676865.0,313818612.0,77236771423.5
2021-11-18,001979,9.79,9.91,9.55,9.62,32306614.0,352232445.0,76206947804.51999
2021-11-19,001979,9.59,10.58,9.55,10.23,111346419.0,1275147698.0,81039197093.58
2021-11-22,001979,10.13,10.13,9.78,9.87,44238328.0,492351132.0,78187377841.01999
2021-11-23,001979,9.87,10.35,9.8,10.14,41878026.0,476122109.0,80326242280.44
2021-11-24,001979,10.11,10.84,10.06,10.74,78989340.0,949051881.0,85079274368.04001
2021-11-25,001979,10.72,10.84,10.51,10.59,23416018.0,279398196.0,83891016346.14
2021-11-26,001979,10.55,10.8,10.27,10.58,36737879.0,434037177.0,83811799144.68001
2021-11-29,001979,10.35,10.54,10.29,10.35,25729139.0,301171161.0,81989803511.09999
2021-11-30,001979,10.31,10.43,10.04,10.18,41733670.0,478054803.0,80643111086.28
2021-12-01,001979,10.13,10.77,10.13,10.71,54135349.0,645507159.0,84841622763.66
2021-12-02,001979,10.56,10.99,10.51,10.84,46977751.0,569104872.0,85871446382.64
2021-12-03,001979,10.73,11.15,10.71,11.01,39284395.0,485628635.0,87218138807.45999
2021-12-06,001979,11.42,11.91,11.12,11.14,82836489.0,1061010037.0,88247962426.44
2021-12-07,001979,11.55,11.79,11.07,11.14,59194158.0,761125338.0,88247962426.44
2021-12-08,001979,11.21,11.39,10.75,11.36,50602708.0,630710743.0,89990740858.56
2021-12-09,001979,11.38,11.8,11.33,11.62,54512285.0,709954670.0,92050388096.51999
2021-12-10,001979,11.47,11.56,11.15,11.22,37368524.0,475793741.0,88881700038.12001
2021-12-13,001979,11.21,11.36,11.04,11.15,42000321.0,529199211.0,88327179627.90001
2021-12-14,001979,10.96,11.11,10.72,11.04,43155260.0,529680639.0,87455790411.84
2021-12-15,001979,10.98,11.41,10.93,11.13,27508080.0,346833650.0,88168745224.98001
2021-12-16,001979,11.05,11.21,10.88,11.15,24332846.0,304085197.0,88327179627.90001
2021-12-17,001979,11.23,11.35,10.97,11.12,26857535.0,337412046.0,88089528023.51999
2021-12-20,001979,11.2,11.53,11.09,11.27,39447319.0,503455246.0,89277786045.42
2021-12-21,001979,11.31,11.78,11.31,11.66,53035051.0,694199984.0,92367256902.36
2021-12-22,001979,11.6,11.73,11.38,11.55,40375473.0,525261715.0,91495867686.3
2021-12-23,001979,11.6,11.69,11.29,11.39,25794702.0,331465003.0,90228392462.94
2021-12-24,001979,11.34,11.69,11.13,11.55,29054638.0,373959819.0,91495867686.3
2021-12-27,001979,11.51,12.04,11.51,11.71,37523643.0,499211326.0,92763342909.66
2021-12-28,001979,11.62,11.78,11.33,11.71,36750644.0,478478593.0,92763342909.66
2021-12-29,001979,11.71,11.77,11.48,11.55,19923172.0,260089685.0,91495867686.3
2021-12-30,001979,11.52,11.63,11.38,11.51,20586195.0,266508243.0,91178998880.45999
2021-12-31,001979,11.33,12.04,11.33,11.86,38698017.0,514872625.0,93950469784.06
2022-01-04,001979,11.78,12.01,11.65,11.87,27837458.0,370676221.0,94029686031.76999
2022-01-05,001979,11.87,12.52,11.83,11.98,52640590.0,718920292.0,94901064756.58
2022-01-06,001979,11.86,12.07,11.68,11.9,35096826.0,467726930.0,94267334774.90001
2022-01-07,001979,11.82,12.67,11.82,12.55,54012285.0,757829363.0,99416390876.05
2022-01-10,001979,12.44,12.68,12.12,12.51,54917684.0,767366626.0,99099525885.20999
2022-01-11,001979,12.48,13.36,12.44,12.75,71082841.0,1030552175.0,101000715830.25
2022-01-12,001979,12.6,12.6,12.08,12.46,39120183.0,543319247.0,98703444646.66
2022-01-13,001979,12.44,12.68,11.69,11.74,57742786.0,782270053.0,92999874811.54001
2022-01-14,001979,11.74,11.75,11.23,11.41,63877404.0,823417027.0,90385738637.11
2022-01-17,001979,11.42,11.81,11.39,11.64,34237185.0,449084865.0,92207712334.44
2022-01-18,001979,11.6,12.53,11.59,12.23,43157115.0,587572732.0,96881470949.33
2022-01-19,001979,12.58,12.82,12.18,12.32,41719959.0,584431598.0,97594417178.72
2022-01-20,001979,12.54,12.78,12.18,12.27,50023260.0,699282568.0,97198335940.17
2022-01-21,001979,12.27,12.41,11.9,12.15,30776329.0,417801601.0,96247740967.65001
2022-01-24,001979,12.21,12.47,11.81,12.4,29084584.0,400283092.0,98228147160.40001
2022-01-25,001979,12.27,12.39,11.91,11.97,21728519.0,297108937.0,94821848508.87001
2022-01-26,001979,12.25,12.25,11.71,11.91,22668181.0,303701896.0,94346551022.61
2022-01-27,001979,11.82,12.31,11.76,12.06,32211654.0,438979124.0,95534794738.26001
2022-01-28,001979,12.1,12.3,11.88,12.04,26805616.0,365133577.0,95376362242.84
2022-02-07,001979,12.04,12.54,12.0,12.47,37777781.0,522842021.0,98782660894.37001
2022-02-08,001979,12.44,12.61,12.3,12.39,23526232.0,328487711.0,98148930912.69
2022-02-09,001979,12.43,12.81,12.34,12.6,35473523.0,506127171.0,99812472114.59999
2022-02-10,001979,12.47,12.81,12.09,12.67,32431820.0,457595057.0,100366985848.56999
2022-02-11,001979,12.68,12.91,12.44,12.59,26059673.0,373673849.0,99733255866.89
2022-02-14,001979,12.43,12.54,11.79,12.3,49692964.0,674607069.0,97435984683.3
2022-02-15,001979,12.23,12.59,12.1,12.19,30882513.0,425747866.0,96564605958.48999
2022-02-16,001979,12.23,12.49,11.95,12.27,21023973.0,290577299.0,97198335940.17
2022-02-17,001979,12.27,12.29,11.94,11.98,16670738.0,226022821.0,94901064756.58
2022-02-18,001979,11.98,12.69,11.93,12.67,42767968.0,601161091.0,100366985848.56999
2022-02-21,001979,12.62,12.71,12.32,12.54,27168543.0,382120714.0,99337174628.34
2022-02-22,001979,12.47,12.75,12.24,12.6,26777466.0,377297767.0,99812472114.59999
2022-02-23,001979,12.49,12.58,12.14,12.31,35854449.0,494776701.0,97515200931.01001
2022-02-24,001979,12.18,12.44,11.95,12.28,43841819.0,603087435.0,97277552187.87999
2022-02-25,001979,12.27,12.71,11.95,12.12,35129908.0,481822145.0,96010092224.51999
2022-02-28,001979,11.97,12.14,11.8,12.04,31875117.0,428866591.0,95376362242.84
2022-03-01,001979,11.95,12.43,11.95,12.37,34660163.0,476723507.0,97990498417.26999
2022-03-02,001979,12.42,12.71,12.25,12.49,31191841.0,438561014.0,98941093389.79001
2022-03-03,001979,12.43,13.13,12.4,12.97,56858441.0,825702072.0,102743473279.87001
2022-03-04,001979,12.97,13.11,12.73,12.96,26418428.0,384049054.0,102664257032.16
2022-03-07,001979,13.05,13.41,12.94,13.1,41375419.0,614840969.0,103773284500.09999
2022-03-08,001979,12.99,13.25,12.89,12.98,29894843.0,439766740.0,102822689527.58
2022-03-09,001979,13.07,13.08,12.09,12.53,37673810.0,534923873.0,99257958380.62999
2022-03-10,001979,12.79,12.8,12.38,12.41,33463115.0,472563608.0,98307363408.11
2022-03-11,001979,12.25,12.71,11.95,12.63,33889546.0,475160547.0,100050120857.73001
2022-03-14,001979,12.63,13.33,12.44,12.61,35262482.0,513128353.0,99891688362.31
2022-03-15,001979,12.52,12.61,11.35,11.35,78306518.0,1039428245.0,89910441150.84999
2022-03-16,001979,11.11,12.0,10.66,11.74,73087367.0,933961195.0,92999874811.54001
2022-03-17,001979,12.07,12.25,11.72,11.9,50844508.0,683792774.0,94267334774.90001
2022-03-18,001979,11.71,12.62,11.64,12.42,44711842.0,609196673.0,98386579655.81999
2022-03-21,001979,12.15,12.29,11.69,12.01,40111871.0,541782755.0,95138713499.70999
2022-03-22,001979,11.95,12.69,11.79,12.49,59320950.0,831764153.0,98941093389.79001
2022-03-23,001979,12.39,13.33,12.32,12.93,56768158.0,821327541.0,102426608289.03
2022-03-24,001979,12.69,13.03,12.67,12.82,32368134.0,467482322.0,101555229564.22
2022-03-25,001979,12.82,13.05,12.54,12.69,22922298.0,328462374.0,100525418343.98999
2022-03-28,001979,12.67,13.33,12.62,13.03,28067101.0,410794757.0,103218770766.12999
2022-03-29,001979,12.97,13.12,12.69,12.9,23192458.0,337102526.0,102188959545.90001
2022-03-30,001979,12.94,13.65,12.91,13.37,53445106.0,801028061.0,105912123188.26999
2022-03-31,001979,13.31,13.78,13.24,13.47,47369921.0,721033791.0,106704285665.37001
2022-04-01,001979,13.35,13.87,13.11,13.77,61029670.0,928517134.0,109080773096.67
2022-04-06,001979,14.21,14.74,13.72,14.47,82381231.0,1328091200.0,114625910436.37001
2022-04-07,001979,14.04,14.44,13.82,13.93,47743598.0,756882635.0,110348233060.03
2022-04-08,001979,14.03,14.75,13.49,14.47,53656114.0,855224519.0,114625910436.37001
2022-04-11,001979,14.22,14.67,13.87,14.46,55233055.0,894816621.0,114546694188.66
2022-04-12,001979,14.31,14.62,13.63,13.91,46550839.0,736249589.0,110189800564.61
2022-04-13,001979,13.84,14.42,13.33,14.01,41365961.0,649992767.0,110981963041.70999
2022-04-14,001979,14.01,15.08,13.87,14.82,66457985.0,1089326880.0,117398479106.22
2022-04-15,001979,14.6,15.73,14.6,15.12,67514126.0,1163074652.0,119774966537.51999
2022-04-18,001979,15.0,15.25,14.4,14.47,33748340.0,561227723.0,114625910436.37001
2022-04-19,001979,14.46,14.84,14.09,14.47,35359273.0,572858466.0,114634126111.68001
2022-04-20,001979,14.36,14.53,13.42,13.63,56278704.0,875010678.0,107979484374.72
2022-04-21,001979,13.54,14.13,13.51,13.67,40750132.0,631674375.0,108296372076.48
2022-04-22,001979,13.51,14.51,13.29,14.47,58382438.0,930885357.0,114634126111.68001
2022-04-25,001979,14.23,14.67,13.83,13.92,34669068.0,556405105.0,110276920212.48
2022-04-26,001979,13.92,14.49,13.79,14.14,39966817.0,634790299.0,112019802572.16
2022-04-27,001979,14.05,14.35,13.29,13.75,49733500.0,767858459.0,108930147480.0
2022-04-28,001979,13.55,14.29,13.4,14.04,58575670.0,917561664.0,111227583317.76
2022-04-29,001979,13.95,14.61,13.33,13.93,67986183.0,1061841904.0,110356142137.92
2022-05-05,001979,13.96,14.3,12.58,13.07,87075668.0,1281650735.0,103543056550.08
2022-05-06,001979,12.64,13.02,12.07,12.25,54002948.0,756347368.0,97046858664.0
2022-05-09,001979,12.16,12.49,12.03,12.31,31113047.0,429440545.0,97522190216.64
2022-05-10,001979,12.06,12.35,11.75,12.21,63337780.0,855532510.0,96729970962.24
2022-05-11,001979,12.2,12.43,11.65,11.79,77431878.0,1030266776.0,93402650093.76
2022-05-12,001979,11.67,11.86,11.38,11.56,49682757.0,646917905.0,91580545808.64
2022-05-13,001979,11.55,12.12,11.49,12.02,63857944.0,852363393.0,95224754378.87999
2022-05-16,001979,12.32,12.5,11.8,12.21,65441602.0,897069459.0,96729970962.24
2022-05-17,001979,12.08,12.5,11.94,12.09,44516062.0,609009739.0,95779307856.95999
2022-05-18,001979,12.09,12.29,11.8,12.06,34511349.0,465873300.0,95541642080.64
2022-05-19,001979,11.82,12.23,11.79,12.12,31426155.0,427076933.0,96016973633.28
2022-05-20,001979,12.25,12.3,11.43,11.84,90703620.0,1202519281.0,93798759720.95999
2022-05-23,001979,11.71,11.82,11.12,11.24,79148388.0,1011575769.0,89045444194.56
2022-05-24,001979,11.28,11.76,11.17,11.51,66494754.0,859286855.0,91184436181.44
2022-05-25,001979,11.4,11.68,11.24,11.53,28848001.0,371355846.0,91342880032.31999
2022-05-26,001979,11.54,11.87,11.46,11.67,49649594.0,652399768.0,92451986988.48
2022-05-27,001979,11.67,11.67,11.34,11.48,35582634.0,459403543.0,90946770405.12001
2022-05-30,001979,11.42,11.55,11.11,11.2,42142572.0,534161575.0,88728556492.79999
2022-05-31,001979,11.15,11.33,10.92,11.11,66150254.0,823901110.0,88015559163.84
2022-06-01,001979,11.07,11.39,11.0,11.3,44993396.0,569348257.0,89520775747.20001
2022-06-02,001979,11.29,11.36,11.04,11.13,34526833.0,433987992.0,88174003014.72
2022-06-06,001979,11.02,11.02,10.58,10.82,85400787.0,1028283824.0,85718123326.08
2022-06-07,001979,10.75,10.98,10.72,10.95,42384762.0,518871527.0,86748008356.79999
2022-06-08,001979,10.84,10.93,10.66,10.9,38293731.0,465717487.0,86351898729.6
2022-06-09,001979,10.9,11.25,10.83,11.15,41526014.0,520232195.0,88332446865.6
2022-06-10,001979,11.15,11.18,10.84,10.99,45760772.0,564542593.0,87064896058.56
2022-06-13,001979,10.88,10.92,10.29,10.4,69077636.0,814703792.0,82390802457.6
2022-06-14,001979,10.27,10.59,10.21,10.55,48574409.0,572809367.0,83579131339.20001
2022-06-15,001979,10.56,11.25,10.46,10.98,80258464.0,992527158.0,86985674133.12001
2022-06-16,001979,10.97,11.15,10.83,10.93,53608869.0,661089629.0,86589564505.92
2022-06-17,001979,10.86,11.06,10.79,10.85,47804511.0,586154945.0,85955789102.4
2022-06-20,001979,10.98,11.29,10.77,11.07,68694600.0,855199605.0,85660192843.38
2022-06-21,001979,11.02,11.54,11.0,11.15,69860546.0,888895713.0,86279236694.1
2022-06-22,001979,11.19,11.32,10.91,10.93,31535897.0,392701002.0,84576866104.62
2022-06-23,001979,10.98,11.38,10.81,11.29,48733637.0,614316123.0,87362563432.86
2022-06-24,001979,11.29,11.4,11.05,11.15,36084321.0,452208691.0,86279236694.1
2022-06-27,001979,11.11,11.15,10.91,11.03,54907278.0,679868596.0,85350670918.01999
2022-06-28,001979,10.98,11.19,10.77,10.88,51584638.0,630930609.0,84189963697.92001
2022-06-29,001979,10.9,11.68,10.89,11.52,108301895.0,1388972424.0,89142314503.68
2022-06-30,001979,11.52,12.08,11.4,11.94,71851473.0,949627303.0,92392294719.95999
2022-07-01,001979,11.93,12.13,11.8,11.95,45920835.0,619099196.0,92469675201.29999
2022-07-04,001979,11.94,11.98,11.65,11.86,62010459.0,822036202.0,91773250869.23999
2022-07-05,001979,11.9,11.95,11.55,11.65,42756348.0,561016517.0,90148260761.1
2022-07-06,001979,11.61,11.78,11.28,11.38,35774749.0,460961651.0,88058987764.92001
2022-07-07,001979,11.38,11.55,11.2,11.26,31079027.0,395673652.0,87130421988.84
2022-07-08,001979,11.26,11.56,11.15,11.38,36459433.0,468046243.0,88058987764.92001
2022-07-11,001979,11.31,11.66,11.2,11.27,36088566.0,463791310.0,87207802470.18
2022-07-12,001979,11.27,11.6,11.24,11.48,29825910.0,384320286.0,88832792578.32
2022-07-13,001979,11.49,11.94,11.47,11.56,60532263.0,799628791.0,89451836429.04001
2022-07-14,001979,11.45,11.64,11.07,11.49,53227685.0,681797133.0,88910173059.66
2022-07-15,001979,11.26,11.64,10.88,10.88,63042618.0,790568368.0,84189963697.92001
2022-07-18,001979,10.87,11.47,10.6,11.31,67875400.0,843876988.0,87517324395.54001
2022-07-19,001979,11.32,11.42,11.09,11.32,30945434.0,392018941.0,87594704876.88
2022-07-20,001979,11.31,11.42,11.14,11.31,25515825.0,324659960.0,87517324395.54001
2022-07-21,001979,11.23,11.35,10.87,10.91,40327658.0,498805160.0,84422105141.94
2022-07-22,001979,10.86,10.98,10.76,10.85,22827146.0,279014389.0,83957822253.9
2022-07-25,001979,10.86,11.39,10.84,11.14,40260046.0,507111632.0,86201856212.76001
2022-07-26,001979,11.11,12.11,11.07,12.07,88162731.0,1170719685.0,93398240977.38
2022-07-27,001979,12.15,12.18,11.66,12.07,67134958.0,904963863.0,93398240977.38
2022-07-28,001979,12.09,12.2,11.82,12.07,47536505.0,642958583.0,93398240977.38
2022-07-29,001979,12.04,12.53,11.91,12.18,57841603.0,793161718.0,94249426272.12
2022-08-01,001979,12.09,12.18,11.68,11.79,41222457.0,548704544.0,91231587499.86
2022-08-02,001979,11.73,11.93,11.56,11.71,35768608.0,471201429.0,90612543649.14
2022-08-03,001979,11.8,11.91,11.27,11.41,41817472.0,541112830.0,88291129208.94
2022-08-04,001979,11.41,11.57,11.15,11.35,25707243.0,327911718.0,87826846320.9
2022-08-05,001979,11.38,11.6,11.23,11.46,20368332.0,261632424.0,88678031615.64
2022-08-08,001979,11.52,11.78,11.27,11.29,22770816.0,292854434.0,87362563432.86
2022-08-09,001979,11.24,11.55,10.93,11.32,22517219.0,287441221.0,87594704876.88
2022-08-10,001979,11.33,11.57,11.18,11.45,23120335.0,296464105.0,88600651134.29999
2022-08-11,001979,11.47,11.87,11.46,11.76,30605848.0,404071345.0,90999446055.84
2022-08-12,001979,11.71,12.21,11.55,12.08,33863927.0,456066269.0,93475621458.72
2022-08-15,001979,12.02,12.3,11.8,11.84,24207888.0,326639084.0,91618489906.56
2022-08-16,001979,11.87,12.03,11.73,11.92,18660718.0,250148379.0,92237533757.28
2022-08-17,001979,11.92,13.0,11.78,12.86,58057878.0,819516094.0,99511299003.23999
2022-08-18,001979,12.85,12.85,12.49,12.71,30052237.0,428627776.0,98350591783.14
2022-08-19,001979,12.62,13.78,12.59,13.25,51589319.0,773526535.0,102529137775.5
2022-08-22,001979,13.15,13.5,12.92,13.29,43606306.0,649271489.0,102838659700.86
2022-08-23,001979,13.28,13.53,12.94,13.15,33518891.0,477508967.0,101755332962.1
2022-08-24,001979,13.05,13.3,12.94,13.08,27504802.0,391160380.0,101213669592.72
2022-08-25,001979,13.14,13.64,13.14,13.53,35093549.0,512332051.0,104695791253.01999
2022-08-26,001979,13.4,13.67,13.29,13.47,22181642.0,324058255.0,104231508364.98001
2022-08-29,001979,13.29,13.47,12.96,13.4,24969861.0,356244263.0,103689844995.6
2022-08-30,001979,13.29,13.75,13.23,13.6,26275236.0,386031765.0,105237454622.4
2022-08-31,001979,13.74,13.94,13.38,13.48,32069517.0,473463892.0,104308888846.32
2022-09-01,001979,13.37,14.12,13.33,13.52,47829181.0,713323707.0,104618410771.68
2022-09-02,001979,13.53,13.59,13.17,13.37,23864205.0,345163880.0,103457703551.57999
2022-09-05,001979,13.39,13.83,13.1,13.68,31068515.0,455352132.0,105856498473.12
2022-09-06,001979,13.61,14.22,13.51,13.76,55217370.0,829923937.0,106475542323.84
2022-09-07,001979,13.63,13.91,13.47,13.84,28826898.0,429192410.0,107094586174.56
2022-09-08,001979,13.91,14.03,13.56,13.68,18664989.0,277630447.0,105856498473.12
2022-09-09,001979,13.77,14.43,13.65,14.4,72480592.0,1118984223.0,111427893129.6
2022-09-13,001979,14.25,14.44,13.94,14.14,38512480.0,591597934.0,109416000614.76001
2022-09-14,001979,14.01,14.92,14.01,14.55,51734695.0,821332629.0,112588600349.70001
2022-09-15,001979,14.58,15.49,14.46,14.95,75119531.0,1219825192.0,115683819603.29999
2022-09-16,001979,14.84,15.22,14.39,14.64,71510494.0,1143698225.0,113285024681.76001
2022-09-19,001979,14.56,15.39,14.29,15.23,61969225.0,1005398131.0,117850473080.82
2022-09-20,001979,15.13,15.36,14.48,14.9,53002166.0,854148209.0,115296917196.6
2022-09-21,001979,14.66,15.27,14.64,14.94,50262963.0,816715971.0,115606439121.95999
2022-09-22,001979,14.76,14.91,14.13,14.39,61103920.0,952772324.0,111350512648.26001
2022-09-23,001979,14.41,14.91,14.36,14.55,45928550.0,730414720.0,112588600349.70001
2022-09-26,001979,14.57,15.33,14.57,14.88,46389840.0,756970765.0,115142156233.92001
2022-09-27,001979,15.01,15.29,14.58,14.92,49788302.0,803263323.0,115451678159.28
2022-09-28,001979,14.83,15.08,14.52,14.64,22708051.0,362741269.0,113285024681.76001
2022-09-29,001979,14.64,14.76,14.16,14.53,22921666.0,360598251.0,112433839387.01999
2022-09-30,001979,14.77,15.42,14.39,15.07,46618046.0,757913432.0,116612385379.38
2022-10-10,001979,15.19,16.05,15.19,15.65,66240844.0,1131430919.0,121100453297.1
2022-10-11,001979,15.43,16.07,15.28,15.57,43695698.0,743558540.0,120481409446.38
2022-10-12,001979,15.68,16.05,15.45,15.75,40806470.0,694664561.0,121874258110.5
2022-10-13,001979,15.49,15.61,14.61,15.3,50953942.0,829351236.0,118392136450.20001
2022-10-14,001979,15.15,15.66,14.29,14.45,58524298.0,936735980.0,111814795536.29999
2022-10-17,001979,14.08,14.48,13.58,14.34,73590750.0,1128180383.0,110963610241.56
2022-10-18,001979,14.29,14.59,13.76,14.04,49745249.0,759111277.0,108642195801.36
2022-10-19,001979,14.0,14.37,13.9,14.24,21421212.0,330626330.0,110189805428.16
2022-10-20,001979,14.09,14.38,13.87,13.96,27230450.0,414943734.0,108023151950.64
2022-10-21,001979,13.97,14.5,13.95,14.1,42232884.0,650971953.0,109106478689.4
2022-10-24,001979,13.94,13.94,13.47,13.54,34968351.0,517666836.0,104773171734.36
2022-10-25,001979,13.52,13.65,13.29,13.37,25413455.0,370601599.0,103457703551.57999
2022-10-26,001979,13.46,13.51,12.63,12.89,73844202.0,1028098269.0,99743440447.26001
2022-10-27,001979,12.82,13.35,12.82,13.15,35182969.0,500466720.0,101755332962.1
2022-10-28,001979,13.09,13.36,12.84,12.95,36866644.0,521008013.0,100207723335.29999
2022-10-31,001979,12.73,12.93,11.88,12.09,85267812.0,1125459173.0,93553001940.06
2022-11-01,001979,12.1,12.26,11.53,11.86,78621557.0,1002998893.0,91773250869.23999
2022-11-02,001979,11.82,12.53,11.72,12.36,56708918.0,752607520.0,95642274936.23999
2022-11-03,001979,12.34,12.49,11.95,12.0,37905385.0,499427152.0,92856577608.0
2022-11-04,001979,12.01,12.86,12.01,12.73,43945524.0,598322356.0,98505352745.82
2022-11-07,001979,12.64,12.88,12.43,12.66,29421668.0,404069256.0,97963689376.44
2022-11-08,001979,12.56,13.32,12.51,12.93,42900819.0,605749152.0,100052962372.62
2022-11-09,001979,13.17,13.86,12.73,12.83,60319159.0,861820870.0,99279157559.22
2022-11-10,001979,12.73,13.14,12.45,12.85,35806435.0,498705015.0,99433918521.9
2022-11-11,001979,13.19,14.13,13.01,13.65,107028278.0,1576464804.0,105624357029.1
2022-11-14,001979,14.02,14.36,13.18,13.54,121185242.0,1808741708.0,104773171734.36
2022-11-15,001979,13.44,13.97,13.13,13.76,69196417.0,1026255947.0,106475542323.84
2022-11-16,001979,13.74,13.8,13.19,13.3,48476494.0,702048469.0,102916040182.20001
2022-11-17,001979,13.14,13.42,12.99,13.26,45419006.0,649556623.0,102606518256.84
2022-11-18,001979,13.26,13.4,12.97,13.14,38169721.0,545241700.0,101677952480.76001
2022-11-21,001979,13.02,13.32,12.76,13.24,44043124.0,622018121.0,102451757294.16
2022-11-22,001979,13.33,13.59,13.02,13.17,48703358.0,698438088.0,101910093924.78
2022-11-23,001979,13.16,13.26,13.04,13.2,34049122.0,485904041.0,102142235368.79999
2022-11-24,001979,13.39,13.62,12.94,13.19,48988773.0,701511082.0,102064854887.45999
2022-11-25,001979,13.22,14.25,13.19,13.96,118441451.0,1762664092.0,108023151950.64
2022-11-28,001979,13.67,14.01,13.56,13.77,52682093.0,787163731.0,106552922805.18
2022-11-29,001979,14.86,15.12,13.83,14.68,127556358.0,2004224382.0,113594546607.12
2022-11-30,001979,14.31,14.62,13.91,14.11,111215234.0,1709708579.0,109183859170.73999
2022-12-01,001979,14.16,14.52,13.68,13.82,114139377.0,1736325990.0,106939825211.88
2022-12-02,001979,13.68,13.76,13.19,13.48,65805233.0,954272094.0,104308888846.32
2022-12-19,001979,13.83,13.83,12.61,12.86,128264366.0,1814039124.0,99511299003.23999
2022-12-20,001979,12.72,13.0,12.45,12.66,54635528.0,750424746.0,97963689376.44
2022-12-21,001979,12.56,12.73,12.26,12.32,45926643.0,619968191.0,95332753010.88
2022-12-22,001979,12.41,12.49,11.97,12.09,54086821.0,713250024.0,93553001940.06
2022-12-23,001979,11.98,12.15,11.95,12.04,37984184.0,495844911.0,93166099533.36
2022-12-26,001979,12.04,12.21,11.68,11.73,62325522.0,801018533.0,90767304611.82
2022-12-27,001979,11.74,11.98,11.68,11.76,55427303.0,709091856.0,90999446055.84
2022-12-28,001979,11.71,12.11,11.58,12.02,67289089.0,868418087.0,93011338570.68
2022-12-29,001979,11.91,11.96,11.56,11.71,54605913.0,691803877.0,90612543649.14
2022-12-30,001979,11.66,11.8,11.43,11.65,53990613.0,680496326.0,90148260761.1
2023-01-03,001979,11.67,12.0,11.63,11.82,70742609.0,906825541.0,91462719314.94
2023-01-04,001979,11.8,12.67,11.66,12.49,99122697.0,1331385633.0,96647154335.33
2023-01-05,001979,12.51,12.73,12.3,12.59,59436898.0,806731599.0,97420950607.03
2023-01-06,001979,12.73,12.81,12.37,12.47,56350957.0,769688419.0,96492395080.99
2023-01-09,001979,12.55,13.09,12.53,12.63,84501514.0,1172637802.0,97730469115.71
2023-01-10,001979,12.7,12.98,12.55,12.8,44032282.0,612052948.0,99045922777.6
2023-01-11,001979,12.84,13.65,12.74,13.45,91345562.0,1323837286.0,104075598543.65
2023-01-12,001979,13.37,13.54,12.89,13.12,54498073.0,775130331.0,101522070847.04
2023-01-13,001979,13.0,13.32,12.93,13.1,31109240.0,442274535.0,101367311592.7
2023-01-16,001979,13.17,13.31,12.83,13.25,45178359.0,644116029.0,102528006000.25
2023-01-17,001979,13.25,13.44,12.98,13.18,30872608.0,442424767.0,101986348610.06
2023-01-18,001979,13.19,13.32,13.01,13.21,26641853.0,380017956.0,102218487491.57
2023-01-19,001979,13.11,13.56,13.04,13.53,36566797.0,528904782.0,104694635561.01
2023-01-20,001979,13.51,13.56,13.26,13.32,25218843.0,365131316.0,103069663390.44
2023-01-30,001979,13.53,13.55,13.2,13.28,63996145.0,925059674.0,102760144881.76
2023-01-31,001979,13.21,13.84,13.07,13.69,67874004.0,990761741.0,105932709595.73
2023-02-01,001979,13.69,13.69,13.1,13.3,68058471.0,978836523.0,102914904136.1
2023-02-02,001979,13.24,13.38,13.09,13.13,42558045.0,609530641.0,101599450474.21
2023-02-03,001979,13.04,13.09,12.85,12.86,30746822.0,431701817.0,99510200540.62
2023-02-06,001979,12.81,12.81,12.46,12.6,45681285.0,623880557.0,97498330234.2
2023-02-07,001979,12.62,13.0,12.62,12.87,46690764.0,651018499.0,99587580167.79
2023-02-08,001979,12.82,13.25,12.8,13.12,40999799.0,582241155.0,101522070847.04
2023-02-09,001979,13.12,13.7,13.09,13.6,57954768.0,850471296.0,105236292951.2
2023-02-10,001979,13.56,13.91,13.44,13.66,39267490.0,582171567.0,105700570714.22
2023-02-13,001979,13.67,13.83,13.42,13.63,45391288.0,671951677.0,105468431832.71
2023-02-14,001979,13.79,13.91,13.68,13.73,35821472.0,535192516.0,106242228104.41
2023-02-15,001979,13.74,13.76,13.37,13.46,35802817.0,525699515.0,104152978170.82
2023-02-16,001979,13.46,13.8,13.24,13.32,22196850.0,325810166.0,103069663390.44
2023-02-17,001979,13.33,13.6,13.2,13.37,21344576.0,311410058.0,103456561526.29
2023-02-20,001979,13.32,13.86,13.31,13.81,41894298.0,621617011.0,106861265121.77
2023-02-21,001979,14.0,14.19,13.53,13.64,32709561.0,488140054.0,105545811459.88
2023-02-22,001979,13.49,13.67,13.37,13.44,18445261.0,269344265.0,103998218916.48
2023-02-23,001979,13.4,13.53,13.3,13.39,24799142.0,360721169.0,103611320780.63
2023-02-24,001979,13.43,13.48,13.2,13.32,15936614.0,229931668.0,103069663390.44
2023-02-27,001979,13.29,13.91,13.29,13.51,37166220.0,548905190.0,104539876306.67
2023-02-28,001979,13.56,13.81,13.39,13.68,34023497.0,501770277.0,105855329968.56
2023-03-01,001979,13.73,14.09,13.62,13.99,54477453.0,820656401.0,108254098410.83
2023-03-02,001979,13.97,14.13,13.82,13.91,29950049.0,452529201.0,107635061393.47
2023-03-03,001979,13.91,13.96,13.68,13.71,23921831.0,356581495.0,106087468850.07
2023-03-06,001979,13.68,13.68,13.44,13.56,26787250.0,394194884.0,104926774442.52
2023-03-07,001979,13.59,13.65,13.19,13.25,35800779.0,520192401.0,102528006000.25
2023-03-08,001979,13.28,13.4,13.13,13.25,22446147.0,322745780.0,102528006000.25
2023-03-09,001979,13.25,13.46,13.15,13.4,20198987.0,292558831.0,103688700407.8
2023-03-10,001979,13.35,13.38,13.02,13.07,23706797.0,337396855.0,101135172711.19
2023-03-13,001979,13.0,13.16,12.84,12.91,34305356.0,481356358.0,99897098676.47
2023-03-14,001979,12.89,13.03,12.68,12.75,27533004.0,383068992.0,98659024641.75
2023-03-15,001979,12.85,12.87,12.7,12.76,22633967.0,313633705.0,98736404268.92
2023-03-16,001979,12.71,12.82,12.5,12.54,24813492.0,340695703.0,97034052471.18
2023-03-17,001979,12.62,12.96,12.57,12.77,40859190.0,568342676.0,98813783896.09
2023-03-20,001979,12.85,12.98,12.52,12.56,27826363.0,382705130.0,97188811725.52
2023-03-21,001979,12.56,12.59,12.28,12.44,32559289.0,438367519.0,96260256199.48
2023-03-22,001979,12.46,12.95,12.45,12.84,37780114.0,524330651.0,99355441286.28
2023-03-23,001979,12.77,12.97,12.65,12.74,30360827.0,421174732.0,98581645014.58
2023-03-24,001979,12.82,12.82,12.22,12.43,45904659.0,620007863.0,96182876572.31
2023-03-27,001979,12.4,12.41,12.12,12.2,33767850.0,446912440.0,94403145147.4
2023-03-28,001979,12.25,12.27,11.94,12.08,39187652.0,512229867.0,93474589621.36
2023-03-29,001979,12.08,12.36,12.08,12.21,31329119.0,414930570.0,94480524774.57
2023-03-30,001979,12.21,12.6,12.1,12.49,28933852.0,388181299.0,96647154335.33
2023-03-31,001979,12.48,12.89,12.45,12.56,36993740.0,510218382.0,97188811725.52
2023-04-03,001979,12.61,13.28,12.57,12.96,46084365.0,651540150.0,100283996812.32
2023-04-04,001979,12.96,13.1,12.84,12.9,30664856.0,431173582.0,99819719049.3
2023-04-06,001979,12.86,13.15,12.82,12.91,23748496.0,333401289.0,99897098676.47
2023-04-07,001979,12.95,14.08,12.95,13.71,79101381.0,1174086300.0,106087468850.07
2023-04-10,001979,13.66,13.91,13.6,13.83,43021807.0,643604446.0,107016024376.11
2023-04-11,001979,13.66,14.1,13.54,13.98,53941616.0,814873776.0,108176718783.66
2023-04-12,001979,13.95,14.29,13.82,14.02,33772852.0,512668878.0,108486237292.34
2023-04-13,001979,13.97,14.11,13.81,14.03,24234876.0,367275350.0,108563616919.51
2023-04-14,001979,13.97,14.06,13.74,13.82,22956465.0,345138024.0,106938644748.94
2023-04-17,001979,13.81,13.96,13.63,13.92,31342670.0,469672408.0,107712441020.64
2023-04-18,001979,13.94,14.25,13.76,13.98,24414538.0,369516698.0,108176718783.66
2023-04-19,001979,13.98,13.99,13.52,13.6,39948031.0,591914820.0,105236292951.2
2023-04-20,001979,13.6,13.69,13.09,13.53,54483655.0,787978281.0,104694635561.01
2023-04-21,001979,13.62,13.83,13.39,13.43,28317463.0,416829927.0,103920839289.31
2023-04-24,001979,13.37,13.37,12.82,12.91,45982341.0,648309091.0,99897098676.47
2023-04-25,001979,12.98,13.01,12.54,12.7,32946123.0,453055622.0,98272126505.9
2023-04-26,001979,12.55,12.63,12.27,12.44,34842659.0,469964693.0,96260256199.48
2023-04-27,001979,12.44,12.89,12.33,12.75,29270835.0,402177168.0,98659024641.75
2023-04-28,001979,12.78,12.87,12.45,12.6,32447414.0,442465137.0,97498330234.2
2023-05-04,001979,12.45,12.56,12.15,12.33,35307674.0,472237261.0,95409080300.61
2023-05-05,001979,12.29,12.98,12.24,12.89,53315000.0,735701420.0,99742339422.13
2023-05-08,001979,12.7,13.16,12.31,13.07,55965124.0,776396356.0,101135172711.19
2023-05-09,001979,12.97,13.74,12.91,13.25,59357795.0,861581532.0,102528006000.25
2023-05-10,001979,13.27,13.44,12.73,12.88,41665131.0,585098024.0,99664959794.96
2023-05-11,001979,12.86,12.98,12.66,12.7,27497707.0,380753750.0,98272126505.9
2023-05-12,001979,12.72,13.02,12.62,12.73,27436682.0,374396030.0,98504265387.41
2023-05-15,001979,12.71,12.74,12.39,12.69,25975338.0,347734503.0,98194746878.73
2023-05-16,001979,12.69,12.78,12.5,12.55,19314403.0,260024882.0,97111432098.35
2023-05-17,001979,12.53,12.77,12.45,12.52,21783704.0,291750599.0,96879293216.84
2023-05-18,001979,12.59,12.68,12.21,12.3,43199815.0,570144560.0,95176941419.1
2023-05-19,001979,12.26,12.32,11.99,12.07,28088824.0,362276556.0,93397209994.19
2023-05-22,001979,12.0,12.1,11.84,12.06,31752077.0,405219846.0,93319830367.02
2023-05-23,001979,11.99,12.21,11.89,12.07,30155999.0,388385871.0,93397209994.19
2023-05-24,001979,11.98,12.01,11.51,11.55,46489241.0,577549948.0,89373469381.35
2023-05-25,001979,11.45,11.72,11.36,11.58,34552689.0,425153236.0,89605608262.86
2023-05-26,001979,11.57,11.84,11.5,11.75,27504148.0,343202725.0,90921061924.75
2023-05-29,001979,11.72,12.02,11.68,11.84,22714461.0,287014279.0,91617478569.28
2023-05-30,001979,11.82,12.07,11.38,12.03,45631695.0,569295973.0,93087691485.51
2023-05-31,001979,12.05,12.15,11.78,11.89,23092453.0,293497550.0,92004376705.13
2023-06-01,001979,11.84,11.93,11.64,11.69,24732497.0,309809873.0,90456784161.73
2023-06-02,001979,11.7,12.33,11.7,12.25,45369955.0,585361072.0,94790043283.25
2023-06-05,001979,12.12,12.16,11.87,11.95,29693308.0,379162362.0,92468654468.15
2023-06-06,001979,11.94,12.54,11.89,12.14,47119372.0,616693898.0,93938867384.38
2023-06-07,001979,12.2,12.59,12.17,12.26,36179428.0,476704992.0,94867422910.42
2023-06-08,001979,12.24,12.85,12.08,12.67,53075718.0,710945159.0,98039987624.39
2023-06-09,001979,12.66,12.66,12.38,12.5,24611873.0,327920821.0,96724533962.5
2023-06-12,001979,12.43,12.8,12.33,12.6,35126156.0,472068051.0,97498330234.2
2023-06-13,001979,12.59,13.04,12.59,12.83,29441202.0,403381403.0,99278061659.11
2023-06-14,001979,12.84,12.99,12.66,12.71,31539879.0,429629431.0,98349506133.07
2023-06-15,001979,12.68,12.95,12.65,12.8,25726476.0,350646890.0,99045922777.6
2023-06-16,001979,12.78,12.94,12.5,12.6,41864012.0,565095659.0,97498330234.2
2023-06-19,001979,12.77,12.85,12.39,12.51,42420579.0,567354339.0,96801913589.67
2023-06-20,001979,12.41,12.53,12.25,12.35,34666490.0,458114891.0,95563839554.95
2023-06-21,001979,12.25,12.37,12.07,12.09,18951893.0,246372038.0,93551969248.53
2023-06-26,001979,11.96,11.99,11.77,11.88,30846414.0,389892807.0,91926997077.96
2023-06-27,001979,11.96,12.75,11.82,12.71,46204884.0,612151066.0,98349506133.07
2023-06-28,001979,12.82,12.84,12.41,12.58,21744278.0,290936177.0,97343570979.86
2023-06-29,001979,12.52,12.59,12.22,12.34,14824083.0,195497097.0,95486459927.78
2023-06-30,001979,12.37,12.56,12.21,12.22,19467289.0,255969948.0,94558105286.31999
2023-07-03,001979,12.24,12.31,12.09,12.13,33484130.0,434552283.0,93861687162.28
2023-07-04,001979,12.05,12.13,11.68,11.91,44579772.0,561531290.0,92159331747.95999
2023-07-05,001979,11.86,11.99,11.82,11.93,19331541.0,245615558.0,92314091331.07999
2023-07-06,001979,11.86,12.02,11.8,11.92,21631809.0,275001513.0,92236711539.51999
2023-07-07,001979,11.88,11.99,11.75,11.84,17887564.0,226212613.0,91617673207.04
2023-07-10,001979,11.84,11.89,11.63,11.74,19264538.0,241259014.0,90843875291.43999
2023-07-11,001979,11.92,11.99,11.51,11.57,34454949.0,427716443.0,89528418834.92
2023-07-12,001979,11.51,11.53,11.08,11.21,52601972.0,631541457.0,86742746338.76
2023-07-13,001979,11.22,11.3,11.12,11.27,29481487.0,352845970.0,87207025088.11998
2023-07-14,001979,11.27,11.36,11.05,11.23,32882415.0,392969346.0,86897505921.87999
2023-07-17,001979,11.18,11.33,11.14,11.28,15296105.0,183479193.0,87284404879.67998
2023-07-18,001979,11.28,11.52,11.23,11.42,27450505.0,333309797.0,88367721961.51999
2023-07-19,001979,11.4,11.91,11.36,11.68,51508811.0,643014755.0,90379596542.07999
2023-07-20,001979,11.67,11.9,11.61,11.79,38136287.0,478546597.0,91231212259.53
2023-07-21,001979,11.76,11.85,11.68,11.75,21498458.0,269618686.0,90921691607.25
2023-07-24,001979,11.79,11.88,11.49,11.66,25532712.0,317006466.0,90225270139.62
2023-07-25,001979,12.09,12.55,12.09,12.52,89102140.0,1174647226.0,96879964163.64
2023-07-26,001979,12.46,12.7,12.3,12.58,43787198.0,585449161.0,97344245142.06
2023-07-27,001979,12.39,12.79,12.29,12.59,48432230.0,652200810.0,97421625305.13
2023-07-28,001979,12.75,13.18,12.59,13.12,57646709.0,796166553.0,101522773947.84
2023-07-31,001979,13.25,14.01,13.19,13.36,81452599.0,1173444144.0,103379897861.51999
2023-08-01,001979,13.25,13.55,13.07,13.17,61914513.0,877447836.0,101909674763.19
2023-08-02,001979,13.18,13.41,13.11,13.23,36684370.0,518594808.0,102373955741.61
2023-08-03,001979,13.28,13.65,13.04,13.5,57956330.0,829978748.0,104463220144.5
2023-08-04,001979,13.71,14.12,13.54,13.57,47771897.0,699974395.0,105004881285.99
2023-08-07,001979,13.43,13.52,12.94,13.09,68216609.0,952732860.0,101290633458.63
2023-08-08,001979,13.13,13.17,12.69,12.78,56792771.0,777932813.0,98891848403.45999
2023-08-09,001979,12.85,13.13,12.68,12.87,52833379.0,727295955.0,99588269871.09
2023-08-10,001979,12.81,12.98,12.72,12.77,38508899.0,525055787.0,98814468240.39
2023-08-11,001979,12.87,13.04,12.5,12.66,36393968.0,492573644.0,97963286446.62
2023-08-14,001979,12.46,13.04,12.26,12.87,52873527.0,716262643.0,99588269871.09
2023-08-15,001979,12.88,13.0,12.73,12.96,35021400.0,481063850.0,100284691338.72
2023-08-16,001979,12.89,13.44,12.82,13.11,40405166.0,567381213.0,101445393784.76999
2023-08-17,001979,13.05,13.17,12.92,13.08,23096906.0,321115989.0,101213253295.56
2023-08-18,001979,13.13,13.34,13.0,13.04,25630787.0,359428709.0,100903732643.28
2023-08-21,001979,12.94,12.94,12.61,12.63,24457608.0,332378029.0,97731145957.41
2023-08-22,001979,12.75,12.81,12.52,12.72,20520555.0,277113010.0,98427567425.04001
2023-08-23,001979,12.78,12.92,12.62,12.67,19673097.0,267887415.0,98040666609.69
2023-08-24,001979,12.74,12.74,12.29,12.49,34100269.0,452978226.0,96647823674.43001
2023-08-25,001979,12.52,13.13,12.39,12.92,35119550.0,478487021.0,99975170686.44
2023-08-28,001979,13.75,14.16,13.19,13.41,80969467.0,1162472754.0,103766798676.87
2023-08-29,001979,13.31,13.86,13.22,13.77,66134875.0,958723289.0,106552484547.39
2023-08-30,001979,13.63,14.22,13.63,13.89,62864761.0,937556345.0,107481046504.23001
2023-08-31,001979,13.84,13.88,12.73,12.81,97075941.0,1358187301.0,99123988892.67
2023-09-01,001979,13.16,13.56,12.86,13.24,61957519.0,873487403.0,102451335904.68001
2023-09-04,001979,13.44,13.64,13.04,13.08,57848360.0,819011984.0,101213253295.56
2023-09-05,001979,13.02,13.02,12.62,12.73,46212491.0,626950249.0,98504947588.11
2023-09-06,001979,12.73,13.04,12.54,12.99,34486216.0,472612719.0,100516831827.93001
2023-09-07,001979,12.9,13.12,12.81,12.87,32104380.0,443906208.0,99588269871.09
2023-09-08,001979,12.81,12.93,12.66,12.92,14637854.0,199861034.0,99975170686.44
2023-09-11,001979,12.87,12.92,12.29,12.55,69396293.0,924083222.0,97112104652.85
2023-09-12,001979,12.43,12.43,12.0,12.18,101774898.0,1312779257.0,94249038619.26
2023-09-13,001979,12.1,12.28,12.04,12.2,50271364.0,652527500.0,94403798945.4
2023-09-14,001979,12.19,12.38,12.14,12.16,75397016.0,982148624.0,94094278293.12
2023-09-15,001979,12.22,12.24,11.99,12.0,42757107.0,550332597.0,92856195684.0
2023-09-18,001979,12.01,12.02,11.77,11.92,39127648.0,494778999.0,92237154379.44
2023-09-19,001979,11.9,12.07,11.84,12.03,24853319.0,317337136.0,93088336173.20999
2023-09-20,001979,11.97,12.11,11.92,11.97,19436961.0,249161349.0,92624055194.79001
2023-09-21,001979,11.98,12.16,11.94,11.96,25699384.0,329551898.0,92546675031.72
2023-09-22,001979,11.88,11.99,11.87,11.97,26303157.0,334812366.0,92624055194.79001
2023-09-25,001979,11.9,11.91,11.64,11.8,39295176.0,494194892.0,91308592422.6
2023-09-26,001979,11.79,11.82,11.6,11.66,23773856.0,296173011.0,90225270139.62
2023-09-27,001979,11.68,11.72,11.53,11.56,21046974.0,260325106.0,89451468508.92
2023-09-28,001979,11.6,11.68,11.49,11.62,22637900.0,279982720.0,89915749487.34
2023-10-09,001979,11.59,11.59,11.3,11.4,28478755.0,345999421.0,88213385899.8
2023-10-10,001979,11.39,11.47,11.25,11.27,18730855.0,226742451.0,87207443779.89
2023-10-11,001979,11.28,11.36,11.11,11.21,32317478.0,385463989.0,86743162801.47
2023-10-12,001979,11.25,11.52,11.2,11.38,29700401.0,360628036.0,88058625573.66
2023-10-13,001979,11.29,11.54,11.25,11.47,23907479.0,291966237.0,88755047041.29001
2023-10-16,001979,11.47,11.73,11.22,11.28,22159182.0,269231841.0,87284823942.95999
2023-10-17,001979,11.23,11.36,11.08,11.27,24870831.0,297880659.0,87207443779.89
2023-10-18,001979,11.22,11.36,11.17,11.23,16245531.0,195199314.0,86897923127.61
2023-10-19,001979,11.15,11.17,10.94,10.94,25831527.0,303478786.0,84652915253.59999
2023-10-20,001979,10.91,11.2,10.73,11.05,29501082.0,346456726.0,85504087162.0
2023-10-23,001979,10.98,11.15,10.83,10.92,24002487.0,280777167.0,84498156724.8
2023-10-24,001979,10.93,11.23,10.93,11.23,21915234.0,260220790.0,86896913921.2
2023-10-25,001979,11.28,11.42,10.78,10.87,39433530.0,461322539.0,84111260402.79999
2023-10-26,001979,10.78,10.85,10.61,10.71,25196394.0,286980467.0,82873192172.40001
2023-10-27,001979,10.63,10.7,10.3,10.53,52867258.0,592177278.0,81480365413.2
2023-10-30,001979,10.41,10.47,9.91,10.2,78872565.0,850214792.0,78926849688.0
2023-10-31,001979,10.2,10.49,10.18,10.35,52441466.0,576873505.0,80087538654.0
2023-11-01,001979,10.33,10.43,10.25,10.32,31901795.0,351410012.0,79855400860.8
2023-11-02,001979,10.27,10.41,10.17,10.18,36662828.0,400845221.0,78772091159.2
2023-11-03,001979,10.2,10.28,10.04,10.1,33887797.0,366031856.0,78153057044.0
2023-11-06,001979,10.12,10.49,10.08,10.36,52867526.0,583648551.0,80164917918.4
2023-11-07,001979,10.41,10.55,10.21,10.3,39908361.0,440223267.0,79700642332.0
2023-11-08,001979,10.25,10.51,10.22,10.39,33472746.0,370295863.0,80397055711.6
2023-11-09,001979,10.42,10.54,10.33,10.39,35652711.0,396127075.0,80397055711.6
2023-11-10,001979,10.34,10.37,10.13,10.2,27269622.0,296531244.0,78926849688.0
2023-11-13,001979,10.18,10.25,10.04,10.2,27169161.0,293716460.0,78926849688.0
2023-11-14,001979,10.19,10.41,10.18,10.3,34139010.0,374951135.0,79700642332.0
2023-11-15,001979,10.41,10.44,10.09,10.14,53547669.0,583849659.0,78462574101.6
2023-11-16,001979,10.1,10.18,9.83,10.11,44877761.0,480108264.0,78230436308.4
2023-11-17,001979,10.05,10.18,9.99,10.13,24065159.0,258714339.0,78385194837.20001
2023-11-20,001979,10.15,10.19,9.96,9.99,40587990.0,433535630.0,77301885135.6
2023-11-21,001979,10.06,10.35,10.03,10.18,58375552.0,635871193.0,78772091159.2
2023-11-22,001979,10.13,10.27,10.01,10.01,32110088.0,347262034.0,77456643664.4
2023-11-23,001979,10.16,10.42,9.98,10.41,73322581.0,804939936.0,80551814240.4
2023-11-24,001979,10.63,10.75,10.34,10.44,56186569.0,625877009.0,80783952033.59999
2023-11-27,001979,10.41,10.41,10.13,10.35,40557900.0,444716101.0,80087538654.0
2023-11-28,001979,10.32,10.34,10.16,10.2,19038875.0,207856926.0,78926849688.0
2023-11-29,001979,10.15,10.31,9.8,9.83,42624538.0,451575823.0,76063816905.2
2023-11-30,001979,9.8,9.85,9.63,9.77,53838425.0,558003765.0,75599541318.8
2023-12-01,001979,9.66,9.74,9.52,9.62,42427068.0,434039633.0,74438852352.79999
2023-12-04,001979,9.57,9.66,9.29,9.35,52727524.0,528269066.0,72349612214.0
2023-12-05,001979,9.32,9.34,9.0,9.02,55268545.0,539811799.0,69796096488.8
2023-12-06,001979,9.03,9.26,8.85,9.17,43484817.0,421533901.0,70956785454.8
2023-12-07,001979,9.12,9.25,9.09,9.12,29642397.0,289228930.0,70569889132.79999
2023-12-08,001979,9.12,9.12,8.94,8.98,36833350.0,353661212.0,69486579431.2
2023-12-11,001979,8.92,8.92,8.62,8.79,64358912.0,599039680.0,68016373407.59999
2023-12-12,001979,8.93,9.29,8.81,9.19,90751244.0,880131581.0,71111543983.59999
2023-12-13,001979,9.02,9.13,8.82,8.86,51685332.0,491098627.0,68558028258.399994
2023-12-14,001979,8.86,9.0,8.82,8.83,26570093.0,252082400.0,68325890465.2
2023-12-15,001979,8.98,9.29,8.92,9.03,79075480.0,769530161.0,69873475753.2
2023-12-18,001979,9.0,9.28,8.87,9.02,51445798.0,499000737.0,69796096488.8
2023-12-19,001979,8.97,9.05,8.76,8.83,33896861.0,320273091.0,68325890465.2
2023-12-20,001979,8.83,8.91,8.7,8.7,22719197.0,212950311.0,67319960027.99999
2023-12-21,001979,8.65,8.86,8.62,8.82,31577483.0,295053299.0,68248511200.8
2023-12-22,001979,8.79,8.86,8.7,8.81,25044573.0,234634433.0,68171131936.4
2023-12-25,001979,8.8,8.89,8.74,8.78,22972363.0,215542060.0,67938994143.2
2023-12-26,001979,8.75,8.87,8.53,8.55,28955711.0,266287113.0,66159271062.00001
2023-12-27,001979,8.52,8.73,8.47,8.68,31415319.0,287926571.0,67165201499.2
2023-12-28,001979,8.63,8.94,8.57,8.91,33089466.0,310993167.0,68944924580.4
2023-12-29,001979,8.9,8.97,8.78,8.94,34241770.0,324396710.0,69177062373.59999
2024-01-02,001979,8.94,8.94,8.37,8.39,103869484.0,941295782.0,64921227271.670006
2024-01-03,001979,8.37,8.48,8.31,8.37,50753733.0,453726699.0,64766468684.60999
2024-01-04,001979,8.33,8.35,8.12,8.22,65050674.0,568574082.0,63605779281.66
2024-01-05,001979,8.19,8.32,8.09,8.13,63175509.0,552245806.0,62909365639.89001
2024-01-08,001979,8.17,8.2,7.93,7.98,52282675.0,447500561.0,61748676236.94
2024-01-09,001979,7.98,8.2,7.91,8.1,48816850.0,420657547.0,62677227759.299995
2024-01-10,001979,8.06,8.22,8.01,8.1,40746097.0,352628063.0,62677227759.299995
2024-01-11,001979,8.08,8.11,7.93,8.04,48672814.0,415444408.0,62212951998.119995
2024-01-12,001979,7.98,8.14,7.96,8.01,40373456.0,346792135.0,61980814117.53
2024-01-15,001979,8.0,8.13,7.88,8.09,43483764.0,372094100.0,62599848465.77
2024-01-16,001979,8.05,8.15,7.94,8.06,32580068.0,278899465.0,62367710585.18
2024-01-17,001979,8.03,8.04,7.79,7.79,39463200.0,331828478.0,60278469659.87
2024-01-18,001979,7.75,7.92,7.61,7.88,48641871.0,402114464.0,60974883301.64
2024-01-19,001979,7.85,8.03,7.83,7.91,41514446.0,351031410.0,61207021182.23
2024-01-22,001979,7.88,7.95,7.59,7.64,49300336.0,410055852.0,59117780256.92
2024-01-23,001979,7.64,7.72,7.53,7.64,45143850.0,367673835.0,59117780256.92
2024-01-24,001979,7.68,7.86,7.61,7.86,48008927.0,396060703.0,60820124714.58
2024-01-25,001979,7.9,8.42,7.87,8.38,91086052.0,796512637.0,64843847978.14001
2024-01-26,001979,8.37,8.7,8.36,8.59,115138244.0,1055216207.0,66468813142.27
2024-01-29,001979,8.82,8.96,8.64,8.7,102286303.0,962100378.0,67319985371.09999
2024-01-30,001979,8.7,8.74,8.42,8.45,59822789.0,546737461.0,65385503032.84999
2024-01-31,001979,8.4,8.55,8.18,8.22,58452373.0,517017594.0,63605779281.66
2024-02-01,001979,8.11,8.32,8.08,8.11,49970868.0,436235676.0,62754607052.829994
2024-02-02,001979,8.12,8.48,7.93,8.25,64704781.0,570740740.0,63837917162.25
2024-02-05,001979,8.15,8.19,7.75,7.82,70708732.0,597887604.0,60510607540.46
2024-02-06,001979,7.76,8.33,7.68,8.24,70305481.0,602027324.0,63760537868.72
2024-02-07,001979,8.21,8.22,7.9,8.04,74052354.0,635288116.0,62212951998.119995
2024-02-08,001979,8.13,8.55,8.13,8.55,87043822.0,775711520.0,66159295968.15001
2024-02-19,001979,8.59,8.59,8.14,8.4,94738062.0,836369660.0,64998606565.200005
2024-02-20,001979,8.42,8.8,8.38,8.49,73652424.0,670270448.0,65695020206.97
2024-02-21,001979,8.35,8.91,8.17,8.79,86481933.0,798402366.0,68016399012.869995
2024-02-22,001979,8.67,8.77,8.59,8.71,45515596.0,420725399.0,67397364664.630005
2024-02-23,001979,8.69,8.87,8.67,8.81,54048571.0,506880367.0,68171157599.93
2024-02-26,001979,8.72,8.77,8.56,8.61,44141988.0,407000715.0,66623571729.329994
2024-02-27,001979,8.54,8.78,8.52,8.78,37350656.0,346276659.0,67939019719.34
2024-02-28,001979,8.79,8.96,8.63,8.63,56255667.0,528101512.0,66778330316.39001
2024-02-29,001979,8.59,8.86,8.58,8.83,48729666.0,455086742.0,68325916186.99
2024-03-01,001979,8.82,8.83,8.59,8.7,51825737.0,479551847.0,67319985371.09999
2024-03-04,001979,8.63,8.64,8.28,8.37,81927389.0,731135876.0,64766468684.60999
2024-03-05,001979,8.28,8.42,8.15,8.38,67362256.0,595213698.0,64843847978.14001
2024-03-06,001979,8.32,8.37,8.16,8.19,48242402.0,423315805.0,63373641401.07
2024-03-07,001979,8.2,8.25,8.05,8.05,51377715.0,445953942.0,62290331291.65001
2024-03-08,001979,8.03,8.08,7.88,7.93,47839696.0,405426147.0,61361779769.29
2024-03-11,001979,7.93,8.19,7.92,8.19,56273444.0,484477857.0,63373641401.07
2024-03-12,001979,8.32,8.82,8.2,8.7,122838135.0,1111016864.0,67319985371.09999
2024-03-13,001979,8.67,8.7,8.5,8.55,62630755.0,572828094.0,66159295968.15001
2024-03-14,001979,8.56,8.94,8.54,8.82,69446342.0,648455730.0,68248536893.46
2024-03-15,001979,8.81,9.07,8.71,8.82,54067593.0,510505308.0,68248536893.46
2024-03-18,001979,8.82,9.0,8.65,8.93,68646843.0,646092920.0,69099709122.29
2024-03-19,001979,9.07,9.13,8.89,8.9,72395815.0,695380661.0,68867571241.7
2024-03-20,001979,8.9,8.99,8.72,8.82,48635662.0,457350449.0,68248536893.46
2024-03-21,001979,8.8,9.05,8.78,8.89,45911227.0,436947820.0,68790191948.17
2024-03-22,001979,8.85,8.86,8.7,8.75,39510085.0,369796953.0,67706881838.75
2024-03-25,001979,8.74,9.23,8.66,9.02,75119451.0,719283133.0,69796122764.06
2024-03-26,001979,9.0,9.4,8.95,9.3,86507900.0,846409264.0,71962742982.90001
2024-03-27,001979,9.29,9.29,8.97,9.05,56987662.0,552256161.0,70028260644.65001
2024-03-28,001979,9.01,9.16,8.96,9.06,49394004.0,477081344.0,70105639938.18001
2024-03-29,001979,8.97,9.05,8.79,8.86,42185410.0,400032864.0,68558054067.579994
2024-04-01,001979,8.82,9.03,8.8,8.89,48849302.0,462781296.0,68790191948.17
2024-04-02,001979,8.87,8.87,8.44,8.48,88258145.0,805827275.0,65617640913.44
2024-04-03,001979,8.42,8.64,8.4,8.49,50803194.0,462466624.0,65695020206.97
2024-04-08,001979,8.45,8.73,8.42,8.45,57916684.0,527724902.0,65385503032.84999
2024-04-09,001979,8.47,8.48,8.2,8.25,47292634.0,417458894.0,63837917162.25
2024-04-10,001979,8.23,8.24,7.8,7.87,73670605.0,625365608.0,60897504008.11
2024-04-11,001979,7.77,8.02,7.7,7.91,48691227.0,408316802.0,61207021182.23
2024-04-12,001979,7.86,7.96,7.64,7.67,43400297.0,358832370.0,59349918137.51
2024-04-15,001979,7.62,7.84,7.55,7.76,51021085.0,420693030.0,60046331779.28
2024-04-16,001979,7.67,8.0,7.57,7.94,70824124.0,588528922.0,61439159062.82
2024-04-17,001979,7.85,8.02,7.82,7.95,56260007.0,474575664.0,61516538356.35
2024-04-18,001979,7.88,7.96,7.76,7.83,48202588.0,404544229.0,60589255669.83
2024-04-19,001979,7.76,7.81,7.66,7.73,43271745.0,356282314.0,59815446529.73
2024-04-22,001979,7.71,7.77,7.13,7.31,175399939.0,1377522197.0,60837911414.31
2024-04-23,001979,7.29,7.36,7.19,7.22,87762116.0,679319080.0,60088881041.22
2024-04-24,001979,7.22,7.24,6.99,7.14,86375213.0,651647007.0,59423076265.14
2024-04-25,001979,7.09,7.31,7.06,7.23,71897879.0,554329338.0,60172106638.23
2024-04-26,001979,7.21,7.79,7.16,7.76,154045532.0,1235501101.0,64583063279.759995
2024-04-29,001979,7.67,8.41,7.64,8.28,155453997.0,1349309590.0,68910794324.28
2024-04-30,001979,8.25,8.25,7.86,7.94,126464692.0,1079327175.0,66081124025.94
2024-05-06,001979,8.17,8.37,8.11,8.17,140678226.0,1234917337.0,67995312757.17
2024-05-07,001979,8.1,8.51,8.06,8.4,112651147.0,999124023.0,69909501488.40001
2024-05-08,001979,8.33,8.36,8.08,8.11,64413843.0,562346350.0,67495959175.10999
2024-05-09,001979,8.18,8.51,8.17,8.37,98078658.0,874089106.0,69659824697.37
2024-05-10,001979,8.41,9.21,8.41,9.21,217217379.0,2059223478.0,76650774846.21
2024-05-13,001979,9.1,9.21,8.88,9.0,141302386.0,1363003900.0,74903037309.0
2024-05-14,001979,9.03,9.45,8.97,9.31,126528677.0,1246640908.0,77483030816.31
2024-05-15,001979,9.27,10.2,9.24,9.52,190399585.0,1973248127.0,79230768353.51999
2024-05-16,001979,9.47,10.08,9.31,9.78,228321888.0,2377074730.0,81394633875.78
2024-05-17,001979,9.88,10.71,9.33,10.69,335339741.0,3558009493.0,88968163203.69
2024-05-20,001979,10.3,10.84,9.92,10.12,264215509.0,2886204904.0,84224304174.12
2024-05-21,001979,10.02,10.23,9.81,9.91,144616388.0,1540105182.0,82476566636.91
2024-05-22,001979,9.86,10.48,9.77,9.84,190148993.0,2041090062.0,81893987457.84
2024-05-23,001979,9.68,9.8,9.56,9.72,125747911.0,1295005047.0,80895280293.72
2024-05-24,001979,9.6,9.61,9.39,9.42,77478398.0,783963439.0,78398512383.42
2024-05-27,001979,9.42,9.58,9.16,9.55,87874467.0,878346471.0,79480445144.55
2024-05-28,001979,9.68,9.82,9.33,9.36,85210612.0,868414210.0,77899158801.36
2024-05-29,001979,9.45,9.57,9.33,9.47,82307156.0,828413834.0,78814640368.47
2024-05-30,001979,9.35,9.41,9.0,9.05,106718153.0,1042001606.0,75319165294.05
2024-05-31,001979,9.05,9.27,9.01,9.05,71391296.0,694992455.0,75319165294.05
2024-06-03,001979,9.06,9.42,8.96,9.27,86739310.0,852279244.0,77150128428.26999
2024-06-04,001979,9.28,9.54,9.14,9.46,93983089.0,941834079.0,78731414771.46
2024-06-05,001979,9.43,9.43,9.16,9.17,47923589.0,473846689.0,76317872458.17
2024-06-06,001979,9.17,9.4,9.1,9.28,58789239.0,578422319.0,77233354025.28
2024-06-07,001979,9.25,9.54,9.24,9.37,58329062.0,584176759.0,77982384398.37
2024-06-11,001979,9.31,9.6,9.16,9.42,74155041.0,746709184.0,78398512383.42
2024-06-12,001979,9.37,9.42,9.22,9.26,38271729.0,379034809.0,77066902831.26
2024-06-13,001979,9.29,9.35,9.02,9.11,47932312.0,465716990.0,75818518876.11
2024-06-14,001979,9.02,9.47,8.98,9.38,60242828.0,596738148.0,78065609995.38
2024-06-17,001979,9.28,9.31,8.97,9.12,56494621.0,548211067.0,75901744473.12
2024-06-18,001979,9.08,9.26,8.96,9.03,45375315.0,439107181.0,75152714100.03
2024-06-19,001979,8.99,9.03,8.73,8.82,66806574.0,630246151.0,73404976562.82
2024-06-20,001979,8.77,8.79,8.5,8.54,64267799.0,588927560.0,71074659846.54
2024-06-21,001979,8.58,8.63,8.5,8.58,56289859.0,514482405.0,71407562234.58
2024-06-24,001979,8.49,8.5,8.29,8.32,53650000.0,479532213.0,69243696712.32
2024-06-25,001979,8.32,8.77,8.2,8.59,81783077.0,743293408.0,71490787831.59
2024-06-26,001979,8.49,8.58,8.42,8.5,39318648.0,356149311.0,70741757458.5
2024-06-27,001979,8.51,8.62,8.25,8.25,54777702.0,491325512.0,68661117533.25
2024-06-28,001979,8.24,8.5,8.21,8.24,53734686.0,476851116.0,68577891936.240005
2024-07-01,001979,8.22,8.97,8.22,8.88,101668800.0,944351162.0,73904132564.88
2024-07-02,001979,8.79,9.06,8.66,8.68,60978602.0,576459422.0,72239625074.68
2024-07-03,001979,8.7,9.06,8.56,8.84,79165333.0,748211941.0,73571231066.84
2024-07-04,001979,8.83,8.86,8.56,8.58,46381008.0,428384212.0,71407371329.57999
2024-07-05,001979,8.55,8.65,8.36,8.45,42075672.0,380578222.0,70325441460.94998
2024-07-08,001979,8.43,8.52,8.15,8.19,50095036.0,441174432.0,68161581723.68999
2024-07-09,001979,8.17,8.26,8.09,8.2,42155939.0,368081751.0,68244807098.19999
2024-07-10,001979,8.07,8.24,7.92,8.14,48102095.0,415970694.0,67745454851.14
2024-07-11,001979,8.22,8.3,8.14,8.26,45502339.0,399178481.0,68744159345.26
2024-07-12,001979,8.26,8.96,8.26,8.71,122905120.0,1145070159.0,72489301198.20999
2024-07-15,001979,8.76,8.92,8.65,8.68,56013804.0,522921825.0,72239625074.68
2024-07-16,001979,8.64,9.02,8.53,8.86,71399337.0,672240931.0,73737681815.85999
2024-07-17,001979,8.85,9.27,8.84,8.98,69473129.0,674345466.0,74736386309.98
2024-07-18,001979,8.99,9.27,8.91,9.22,62335541.0,604221394.0,76733795298.22
2024-07-19,001979,9.15,9.17,8.83,8.92,60670230.0,577297772.0,74237034062.92
2024-07-22,001979,8.94,8.97,8.7,8.77,59754085.0,561057189.0,72988653445.26999
2024-07-23,001979,8.82,8.89,8.66,8.66,48040129.0,434941345.0,72073174325.65999
2024-07-24,001979,8.63,8.76,8.27,8.32,71669183.0,622130703.0,69243511592.31999
2024-07-25,001979,8.31,8.68,8.3,8.49,47773133.0,417028904.0,70658342958.98999
2024-07-26,001979,8.42,8.64,8.31,8.45,54526252.0,473524636.0,70325441460.94998
2024-07-29,001979,8.33,8.36,7.88,7.96,99755177.0,821977832.0,66247398109.95999
2024-07-30,001979,7.89,8.08,7.88,7.98,53973145.0,443275948.0,66413848858.979996
2024-07-31,001979,7.95,8.57,7.88,8.54,105684561.0,902468675.0,71074469831.53998
2024-08-01,001979,8.5,8.55,8.19,8.21,63200860.0,541345408.0,68328032472.71
2024-08-02,001979,8.14,8.33,8.12,8.18,51083636.0,432581197.0,68078356349.17999
2024-08-05,001979,8.11,8.69,8.09,8.33,107598627.0,938523494.0,69326736966.82999
2024-08-06,001979,8.38,8.64,8.38,8.57,68670778.0,602634820.0,71324145955.06999
2024-08-07,001979,8.51,8.74,8.33,8.63,77446092.0,681651058.0,71823498202.13
2024-08-08,001979,8.71,8.93,8.48,8.66,87878420.0,786116718.0,72073174325.65999
2024-08-09,001979,8.56,9.02,8.53,8.81,83362994.0,761739834.0,73321554943.31
2024-08-12,001979,8.74,8.81,8.49,8.52,43689324.0,385668857.0,70908019082.51999
2024-08-13,001979,8.48,8.61,8.42,8.55,35940843.0,315241153.0,71157695206.05
2024-08-14,001979,8.55,8.59,8.4,8.46,28659273.0,249997074.0,70408666835.45999
2024-08-15,001979,8.44,8.67,8.36,8.6,40467556.0,356736915.0,71573822078.59999
2024-08-16,001979,8.6,8.71,8.5,8.59,30532935.0,270692275.0,71490596704.09
2024-08-19,001979,8.55,8.78,8.52,8.63,38210310.0,341114703.0,71823498202.13
2024-08-20,001979,8.62,8.68,8.52,8.58,27158920.0,239841897.0,71407371329.57999
2024-08-21,001979,8.55,8.78,8.43,8.73,39746089.0,353501681.0,72655751947.23
2024-08-22,001979,8.76,8.93,8.75,8.84,45234974.0,411943820.0,73571231066.84
2024-08-23,001979,8.82,9.06,8.75,8.98,44937140.0,413475088.0,74736386309.98
2024-08-26,001979,8.98,9.2,8.88,9.14,43413270.0,406371199.0,76067992302.14
2024-08-27,001979,9.08,9.13,8.75,8.82,45515698.0,416256951.0,73404780317.81999
2024-08-28,001979,8.77,8.85,8.54,8.56,37358161.0,333953715.0,71240920580.56
2024-08-29,001979,8.5,8.69,8.45,8.63,31019417.0,275005928.0,71823498202.13
2024-08-30,001979,8.59,9.45,8.58,8.96,97410272.0,913489787.0,74569935560.95999
2024-09-02,001979,8.85,8.88,8.56,8.57,59701540.0,533303924.0,71324145955.06999
2024-09-03,001979,8.51,8.87,8.47,8.79,53918444.0,485408514.0,73155104194.28998
2024-09-04,001979,8.7,8.99,8.53,8.55,50990851.0,457424243.0,71157695206.05
2024-09-05,001979,8.64,8.87,8.57,8.77,46212458.0,415181493.0,72988653445.26999
2024-09-06,001979,8.71,8.79,8.64,8.67,25338789.0,227125397.0,72156399700.17
2024-09-09,001979,8.62,8.69,8.45,8.55,26650253.0,234995088.0,71157695206.05
2024-09-10,001979,8.56,8.63,8.16,8.31,49076402.0,421320680.0,69160286217.81
2024-09-11,001979,8.23,8.59,8.18,8.5,41956921.0,365294181.0,70741568333.49998
2024-09-12,001979,8.48,8.6,8.37,8.39,25256169.0,220113436.0,69826089213.89
2024-09-13,001979,8.44,8.6,8.37,8.55,34611041.0,304147579.0,71157695206.05
2024-09-18,001979,8.59,9.09,8.55,8.92,55619203.0,504443376.0,74237034062.92
2024-09-19,001979,8.98,9.39,8.98,9.22,79763796.0,754471809.0,76733795298.22
2024-09-20,001979,8.94,9.38,8.93,9.3,68180034.0,645275212.0,77399598294.3
2024-09-23,001979,9.21,9.49,9.17,9.37,50545860.0,488089373.0,77982175915.86998
2024-09-24,001979,9.69,9.82,9.06,9.4,114904391.0,1106234834.0,78231852039.4
2024-09-25,001979,9.32,9.81,9.25,9.32,124678960.0,1224675994.0,77566049043.31999
2024-09-26,001979,9.21,10.25,9.18,10.25,182122327.0,1844100861.0,85306008872.74998
2024-09-27,001979,10.53,11.04,10.36,10.89,209169698.0,2298050940.0,90632432841.39
2024-09-30,001979,11.75,11.94,11.0,11.9,264637646.0,3151071961.0,99038195666.9
2024-10-08,001979,13.03,13.05,10.97,11.6,391585582.0,4763324861.0,96541434431.59999
2024-10-09,001979,11.0,11.02,10.45,10.45,170807358.0,1856502798.0,86970516362.94998
2024-10-10,001979,10.21,10.57,9.8,10.16,211524237.0,2219725791.0,84556980502.15999
2024-10-11,001979,10.03,10.57,9.98,10.32,143549337.0,1519771319.0,85888586494.31999
2024-10-14,001979,10.63,10.99,10.49,10.84,204980571.0,2277061212.0,90216305968.83998
2024-10-15,001979,10.68,11.02,10.53,10.71,121877987.0,1355986838.0,89134376100.20999
2024-10-16,001979,10.88,11.21,10.69,11.11,189682334.0,2136490644.0,92463391080.60999
2024-10-17,001979,11.22,11.22,10.3,10.31,156640908.0,1723142900.0,85805361119.81
2024-10-18,001979,10.19,10.63,9.92,10.44,130717141.0,1377330137.0,86887290988.43999
2024-10-21,001979,10.83,10.92,10.58,10.78,141964623.0,1573746499.0,89716953721.77998
2024-10-22,001979,10.68,10.92,10.63,10.75,94621562.0,1047888252.0,89467277598.24998
2024-10-23,001979,10.73,10.85,10.65,10.76,99214536.0,1098743302.0,89550502972.76
2024-10-24,001979,10.73,10.85,10.55,10.56,89478854.0,984429099.0,87885995482.56
2024-10-25,001979,10.54,10.87,10.51,10.62,98640854.0,1087667185.0,88385347729.61998
2024-10-28,001979,10.63,10.93,10.55,10.84,113384591.0,1262471030.0,90216305968.83998
2024-10-29,001979,10.8,11.15,10.58,10.6,116004673.0,1289411847.0,88218896980.59999
2024-10-30,001979,10.57,10.8,10.52,10.67,89003347.0,979313319.0,88801474602.16998
2024-10-31,001979,10.61,11.42,10.49,10.96,186856300.0,2118137719.0,91215010462.95999
2024-11-01,001979,11.09,11.51,11.0,11.23,161497624.0,1872418194.0,93462095574.73
2024-11-04,001979,11.46,11.46,10.9,11.24,117930956.0,1351799104.0,93545320949.23999
2024-11-05,001979,11.24,11.74,11.12,11.52,194790609.0,2300511360.0,95875631435.51999
2024-11-06,001979,11.56,12.62,11.29,12.04,249111698.0,3017618576.0,100203350910.03998
2024-11-07,001979,11.75,12.37,11.75,12.31,242687118.0,3023467857.0,102450436021.81
2024-11-08,001979,12.45,12.5,11.62,11.66,232451061.0,2857033143.0,97040786678.65999
2024-11-11,001979,11.5,11.6,11.25,11.47,138710205.0,1629273270.0,95459504562.97
2024-11-12,001979,11.47,11.69,11.26,11.4,119532734.0,1412218597.0,94876926941.4
2024-11-13,001979,11.32,11.48,11.22,11.33,68052029.0,793929871.0,94294349319.82999
2024-11-14,001979,11.51,11.56,10.89,10.89,129615410.0,1492692773.0,90632432841.39
2024-11-15,001979,10.81,10.92,10.49,10.5,100791061.0,1109985849.0,87386643235.49998
2024-11-18,001979,10.62,10.87,10.52,10.6,99148401.0,1093598127.0,88218896980.59999
2024-11-19,001979,10.59,10.61,10.35,10.61,80910762.0,873457324.0,88302122355.10999
2024-11-20,001979,10.55,10.72,10.49,10.7,73642501.0,805041770.0,89051150725.69998
2024-11-21,001979,10.64,10.73,10.53,10.58,55161637.0,602579244.0,88052446231.57999
2024-11-22,001979,10.51,10.62,10.21,10.22,69402765.0,745881093.0,85056332749.22
2024-11-25,001979,10.24,10.51,10.08,10.35,77811618.0,824305970.0,86138262617.84999
2024-11-26,001979,10.3,10.96,10.29,10.74,125499150.0,1381621955.0,89384052223.73999
2024-11-27,001979,10.68,11.17,10.58,11.06,130805112.0,1479188040.0,92047264208.06
2024-11-28,001979,10.97,12.01,10.95,11.46,236328719.0,2798815274.0,95376279188.45999
2024-11-29,001979,11.28,11.62,11.21,11.44,153702697.0,1809099881.0,95209828439.43999
2024-12-02,001979,11.35,12.05,11.32,11.74,198364482.0,2373020247.0,97706589674.73999
2024-12-03,001979,11.65,11.83,11.46,11.51,158319499.0,1891274934.0,95792406061.01
2024-12-04,001979,11.44,11.5,11.08,11.13,125863648.0,1461372480.0,92629841829.62999
2024-12-05,001979,11.06,11.14,10.89,11.02,104246935.0,1180614870.0,91714362710.01999
2024-12-06,001979,11.01,11.14,10.95,11.04,90524021.0,1030236024.0,91880813459.03998
2024-12-09,001979,10.98,11.02,10.74,10.8,91501612.0,1022005129.0,89883404470.8
2024-12-10,001979,11.28,11.36,10.86,10.89,151686457.0,1741327006.0,90632432841.39
2024-12-11,001979,10.84,11.07,10.74,10.91,83364155.0,938206079.0,90798883590.40999
2024-12-12,001979,10.89,10.96,10.78,10.92,90155202.0,1008520286.0,90882108964.91998
2024-12-13,001979,10.83,10.85,10.56,10.57,114410361.0,1254988658.0,87969220857.06999
2024-12-16,001979,10.59,10.68,10.41,10.48,65261476.0,707431372.0,87220192486.48
2024-12-17,001979,10.45,10.52,10.31,10.32,59364474.0,636752272.0,85888586494.31999
2024-12-18,001979,10.39,10.43,10.3,10.35,53081698.0,566704223.0,86138262617.84999
2024-12-19,001979,10.2,10.34,10.19,10.34,58117577.0,613196962.0,86055037243.34
2024-12-20,001979,10.32,10.41,10.26,10.37,45814184.0,488260981.0,86304713366.86998
2024-12-23,001979,10.37,10.4,10.06,10.08,70570061.0,740911293.0,83891177506.07999
2024-12-24,001979,10.05,10.15,10.03,10.13,48676201.0,505911204.0,84307304378.62999
2024-12-25,001979,10.12,10.15,9.83,9.93,73049130.0,746935307.0,82642796888.43
2024-12-26,001979,9.89,9.94,9.84,9.86,52223813.0,531141766.0,82060219266.85999
2024-12-27,001979,9.86,10.09,9.86,10.05,70052815.0,720766393.0,83641501382.55
2024-12-30,001979,9.98,9.99,9.87,9.9,56360192.0,574741869.0,82393120764.9
2024-12-31,001979,9.92,10.27,9.91,9.94,114074196.0,1184632776.0,82725935287.93999
2025-01-02,001979,10.02,10.24,9.59,9.7,108782608.0,1112776108.0,80728528399.69998
2025-01-03,001979,9.66,9.78,9.46,9.51,72842213.0,720172777.0,79147247946.51
2025-01-06,001979,9.43,9.55,9.34,9.55,51946428.0,506266142.0,79480149094.55
2025-01-07,001979,9.52,9.58,9.36,9.57,47818228.0,467849060.0,79646599668.56999
2025-01-08,001979,9.52,9.55,9.29,9.5,55544980.0,539809859.0,79064022659.49998
2025-01-09,001979,9.45,9.75,9.44,9.65,60478656.0,600571663.0,80312401964.65
2025-01-10,001979,9.64,9.78,9.55,9.55,44085141.0,438729496.0,79480149094.55
2025-01-13,001979,9.49,9.86,9.42,9.8,69746004.0,698818430.0,81560781269.8
2025-01-14,001979,9.83,9.95,9.76,9.92,61424757.0,625340558.0,82559484713.91998
2025-01-15,001979,9.9,9.91,9.75,9.8,42811277.0,432250823.0,81560781269.8
2025-01-16,001979,9.8,9.91,9.69,9.75,44251422.0,446595133.0,81144654834.74998
2025-01-17,001979,9.56,10.09,9.52,9.91,99911131.0,1015466011.0,82476259426.90999
2025-01-20,001979,9.89,9.98,9.79,9.87,43300037.0,441155675.0,82143358278.86998
2025-01-21,001979,9.89,10.19,9.74,9.92,95967476.0,988294816.0,82559484713.91998
2025-01-22,001979,9.83,9.88,9.51,9.54,78587835.0,781717734.0,79396923807.53998
2025-01-23,001979,9.63,9.85,9.58,9.64,74819105.0,747557058.0,80229176677.64
2025-01-24,001979,9.61,9.72,9.57,9.64,41705055.0,414465110.0,80229176677.64
2025-01-27,001979,9.67,9.8,9.5,9.5,44968704.0,447059593.0,79064022659.49998
2025-02-05,001979,9.55,9.55,9.3,9.37,51177702.0,493213682.0,77982093928.36998
2025-02-06,001979,9.33,9.47,9.3,9.42,40425619.0,390673187.0,78398220363.41998
2025-02-07,001979,9.4,9.65,9.37,9.55,73810841.0,726522488.0,79480149094.55
2025-02-10,001979,9.51,9.63,9.45,9.55,72605718.0,712842898.0,79480149094.55
2025-02-11,001979,9.55,9.58,9.3,9.33,84634914.0,816679675.0,77649192780.32999
2025-02-12,001979,9.31,9.52,9.13,9.52,124807781.0,1194143674.0,79230473233.51999
2025-02-13,001979,9.42,9.62,9.37,9.43,115241288.0,1129189407.0,78481445650.43
2025-02-14,001979,9.43,9.46,9.31,9.4,55239134.0,532974753.0,78231769789.4
2025-02-17,001979,9.39,9.56,9.35,9.53,75887407.0,741283096.0,79313698520.52998
2025-02-18,001979,9.5,9.53,9.21,9.22,74953380.0,720819809.0,76733714623.22
2025-02-19,001979,9.19,9.26,9.11,9.24,54033339.0,511711513.0,76900165197.23999
2025-02-20,001979,9.21,9.22,9.08,9.09,55328793.0,519586694.0,75651785892.09
2025-02-21,001979,9.1,9.17,8.99,9.03,78824137.0,735975573.0,75152434170.02998
2025-02-24,001979,9.04,9.39,8.99,9.34,133744082.0,1276775229.0,77732418067.34
2025-02-25,001979,9.27,9.38,9.2,9.31,52098747.0,499296406.0,77482742206.31
2025-02-26,001979,9.32,9.52,9.32,9.51,83543365.0,813087992.0,79147247946.51
2025-02-27,001979,9.47,9.76,9.45,9.65,89404786.0,888945524.0,80312401964.65
2025-02-28,001979,9.61,9.76,9.51,9.54,84323350.0,837158640.0,79396923807.53998
2025-03-03,001979,9.58,9.81,9.57,9.71,73401285.0,734011929.0,80811753686.70999
2025-03-04,001979,9.65,9.69,9.46,9.63,49333534.0,486111780.0,80145951390.63
2025-03-05,001979,9.61,9.61,9.31,9.46,66388793.0,644726434.0,78731121511.45999
2025-03-06,001979,9.47,9.73,9.42,9.68,80275797.0,792169140.0,80562077825.68
2025-03-07,001979,9.61,9.61,9.44,9.46,54455869.0,532892642.0,78731121511.45999
2025-03-10,001979,9.5,9.5,9.26,9.28,58114620.0,559044654.0,77233066345.27998
2025-03-11,001979,9.22,9.22,9.13,9.21,51352612.0,484667432.0,76650489336.20999
2025-03-12,001979,9.21,9.22,9.12,9.16,40168415.0,379296965.0,76234362901.15999
2025-03-13,001979,9.16,9.19,9.09,9.16,43765874.0,411926911.0,76234362901.15999
2025-03-14,001979,9.17,9.33,9.15,9.32,75378354.0,719540712.0,77565967493.31999
2025-03-17,001979,9.34,9.49,9.33,9.42,63589347.0,616716267.0,78398220363.41998
2025-03-18,001979,9.42,9.44,9.32,9.37,48212339.0,464940491.0,77982093928.36998
2025-03-19,001979,9.37,9.37,9.26,9.29,40705154.0,389923139.0,77316291632.28998
2025-03-20,001979,9.29,9.34,9.19,9.21,43875255.0,418496837.0,76650489336.20999
2025-03-21,001979,9.19,9.22,9.13,9.19,47255380.0,446089717.0,76484038762.18999
2025-03-24,001979,9.17,9.23,9.08,9.12,51478735.0,484996329.0,75901461753.11998
2025-03-25,001979,9.13,9.21,9.06,9.17,36077777.0,339594926.0,76317588188.17
2025-03-26,001979,9.15,9.25,9.14,9.16,36589800.0,346467122.0,76234362901.15999
2025-03-27,001979,9.14,9.24,9.07,9.21,45156544.0,426489128.0,76650489336.20999
2025-03-28,001979,9.19,9.28,9.17,9.25,42699274.0,406349713.0,76983390484.24998
2025-03-31,001979,9.24,9.25,8.88,8.9,78615262.0,729835013.0,74070505438.9
2025-04-01,001979,8.89,9.11,8.89,9.08,54173914.0,503136160.0,75568560605.07999
2025-04-02,001979,9.05,9.1,8.95,9.07,30510180.0,283965367.0,75485335318.06999
2025-04-03,001979,9.03,9.4,8.99,9.35,102161900.0,978245487.0,77815643354.34999
2025-04-07,001979,9.09,9.22,8.62,8.85,101536927.0,926846367.0,73654379003.84999
2025-04-08,001979,8.85,9.25,8.8,9.22,93938374.0,880781526.0,76733714623.22
2025-04-09,001979,9.13,9.56,9.02,9.54,109216015.0,1053973737.0,79396923807.53998
2025-04-10,001979,9.44,9.71,9.29,9.57,98907539.0,972041997.0,79646599668.56999
2025-04-11,001979,9.48,9.52,9.32,9.39,52018050.0,503510305.0,78148544502.39
2025-04-14,001979,9.34,9.4,9.25,9.36,50629607.0,486483302.0,77898868641.35999
2025-04-15,001979,9.36,9.36,9.22,9.33,40971177.0,392159520.0,77649192780.32999
2025-04-16,001979,9.29,9.49,9.28,9.44,48128050.0,465094929.0,78564963577.44
2025-04-17,001979,9.38,9.81,9.37,9.58,107598139.0,1069984532.0,79730121935.58
2025-04-18,001979,9.57,9.66,9.54,9.63,55134062.0,544784809.0,80146249920.63
2025-04-21,001979,9.55,9.64,9.45,9.55,41515476.0,408253525.0,80772185240.20001
2025-04-22,001979,9.54,9.61,9.49,9.55,42386859.0,417488932.0,80772185240.20001
2025-04-23,001979,9.54,9.56,9.4,9.41,47694546.0,463845041.0,79588090378.04001
2025-04-24,001979,9.42,9.54,9.35,9.47,42760099.0,416030711.0,80095559604.68001
2025-04-25,001979,9.45,9.74,9.08,9.1,162922713.0,1571980994.0,76966166040.4
2025-04-28,001979,9.06,9.09,8.79,8.83,110284411.0,1009810615.0,74682554520.52
2025-04-29,001979,8.84,8.88,8.8,8.84,41305485.0,375842364.0,74767132724.95999
2025-04-30,001979,8.88,9.0,8.84,8.88,52637120.0,483106162.0,75105445542.72
2025-05-06,001979,8.88,8.9,8.82,8.89,55147090.0,503954983.0,75190023747.16
2025-05-07,001979,9.08,9.14,8.95,8.99,91998676.0,856906722.0,76035805791.56
2025-05-08,001979,8.94,9.0,8.9,8.92,72072007.0,663130266.0,75443758360.48
2025-05-09,001979,8.92,8.93,8.71,8.75,95249863.0,861943849.0,74005928885.0
2025-05-12,001979,8.77,8.78,8.73,8.78,48812421.0,440022292.0,74259663498.31999
2025-05-13,001979,8.8,8.82,8.76,8.79,39273596.0,355547183.0,74344241702.76
2025-05-14,001979,8.79,8.86,8.72,8.81,60238433.0,544614552.0,74513398111.64
2025-05-15,001979,8.79,8.82,8.73,8.74,37496140.0,338140848.0,73921350680.56
2025-05-16,001979,8.74,8.76,8.61,8.65,59016156.0,526009273.0,73160146840.6
2025-05-19,001979,8.63,8.79,8.62,8.72,43880149.0,393619217.0,73752194271.68001
2025-05-20,001979,8.71,8.75,8.68,8.73,36233853.0,325009925.0,73836772476.12001
2025-05-21,001979,8.72,8.73,8.62,8.63,55078073.0,490592651.0,72990990431.72
2025-05-22,001979,8.62,8.63,8.48,8.52,59858094.0,526108546.0,72060630182.87999
2025-05-23,001979,8.48,8.55,8.45,8.46,38718408.0,338740549.0,71553160956.24
2025-05-26,001979,8.45,8.49,8.37,8.44,45449211.0,394215313.0,71384004547.36
2025-05-27,001979,8.44,8.48,8.43,8.45,25191132.0,219170076.0,71468582751.79999
2025-05-28,001979,8.45,8.55,8.41,8.48,38810389.0,339289730.0,71722317365.12001
2025-05-29,001979,8.46,8.51,8.43,8.49,31221164.0,272642311.0,71806895569.56
2025-05-30,001979,8.46,8.5,8.4,8.43,36581452.0,318184886.0,71299426342.92
2025-06-03,001979,8.39,8.42,8.32,8.34,57756198.0,496946761.0,70538222502.95999
2025-06-04,001979,8.34,8.39,8.33,8.37,34128000.0,293783478.0,70791957116.28
2025-06-05,001979,8.37,8.45,8.35,8.39,37417162.0,323299042.0,70961113525.16
2025-06-06,001979,8.4,8.45,8.37,8.41,34304723.0,296942789.0,71130269934.04001
2025-06-09,001979,8.42,8.48,8.36,8.44,38908014.0,337432703.0,71384004547.36
2025-06-10,001979,8.44,8.5,8.35,8.38,46551669.0,403671085.0,70876535320.72
2025-06-11,001979,8.37,8.45,8.36,8.43,37335056.0,323845174.0,71299426342.92
2025-06-12,001979,8.42,8.42,8.36,8.38,31748776.0,273930791.0,70876535320.72
2025-06-13,001979,8.35,8.37,8.24,8.26,49144062.0,419750043.0,69861596867.44
2025-06-16,001979,8.27,8.69,8.27,8.66,162166754.0,1425815448.0,73244725045.04001
2025-06-17,001979,8.63,8.64,8.5,8.53,52748150.0,464953128.0,72145208387.31999
2025-06-18,001979,8.53,8.55,8.37,8.41,41148986.0,356718038.0,71130269934.04001
2025-06-19,001979,8.38,8.4,8.25,8.26,41996804.0,359339188.0,69861596867.44
2025-06-20,001979,8.27,8.32,8.21,8.28,41246325.0,350961199.0,70030753276.31999
2025-06-23,001979,8.22,8.34,8.19,8.31,40493344.0,345456555.0,70284487889.64
2025-06-24,001979,8.31,8.46,8.27,8.45,47057005.0,406371599.0,71468582751.79999
2025-06-25,001979,8.45,8.51,8.41,8.5,45427037.0,396266631.0,71891473774.0
2025-06-26,001979,8.5,8.56,8.46,8.49,42512148.0,371691022.0,71806895569.56
2025-06-27,001979,8.49,8.56,8.47,8.47,37365389.0,327426395.0,71637739160.68001
2025-06-30,001979,8.47,8.55,8.45,8.52,32536402.0,285179914.0,72065721700.8
2025-07-01,001979,8.52,8.54,8.38,8.38,49830211.0,431932356.0,70881543175.20001
2025-07-02,001979,8.4,8.48,8.35,8.47,50646009.0,438284158.0,71642800798.8
2025-07-03,001979,8.46,8.55,8.43,8.45,47035407.0,410937791.0,71473632438.0
2025-07-04,001979,8.47,8.5,8.43,8.45,32332061.0,281734869.0,71473632438.0
2025-07-07,001979,8.46,8.74,8.44,8.7,127833864.0,1139741974.0,73588236948.0
2025-07-08,001979,8.68,8.76,8.64,8.71,73891852.0,663064765.0,73672821128.40001
2025-07-09,001979,8.71,8.8,8.68,8.72,55183100.0,496905451.0,73757405308.8
2025-07-10,001979,8.73,9.03,8.7,8.98,108364009.0,994673016.0,75956593999.2
2025-07-11,001979,8.98,9.02,8.88,8.9,61083780.0,562133513.0,75279920556.0
2025-07-14,001979,8.9,8.93,8.76,8.77,50966681.0,462662591.0,74180326210.8
2025-07-15,001979,8.78,8.8,8.6,8.67,71916034.0,642246879.0,73334484406.8
2025-07-16,001979,8.67,8.71,8.56,8.6,60925710.0,540635496.0,72742395144.0
2025-07-17,001979,8.62,8.67,8.62,8.64,46563439.0,405221449.0,73080731865.6
2025-07-18,001979,8.65,8.8,8.64,8.75,52738419.0,463268306.0,74011157850.0
2025-07-21,001979,8.75,8.8,8.71,8.78,42147328.0,371652883.0,74264910391.2
2025-07-22,001979,8.79,8.94,8.7,8.93,74398473.0,662808537.0,75533673097.2
2025-07-23,001979,8.92,9.07,8.86,8.89,67056045.0,604658147.0,75195336375.6
2025-07-24,001979,8.86,9.19,8.84,9.1,101410413.0,925452495.0,76971604164.0
2025-07-25,001979,9.08,9.33,9.06,9.31,116822661.0,1088165399.0,78747871952.40001
2025-07-28,001979,9.26,9.36,9.09,9.32,78529597.0,731560365.0,78832456132.8
2025-07-29,001979,9.28,9.36,9.2,9.28,46457689.0,434592627.0,78494119411.2
2025-07-30,001979,9.26,9.42,9.12,9.15,84853574.0,791823344.0,77394525066.0
2025-07-31,001979,9.11,9.15,8.61,8.64,154278866.0,1362363609.0,73080731865.6
2025-08-01,001979,8.64,8.67,8.59,8.6,51747681.0,449210785.0,72742395144.0
2025-08-04,001979,8.6,8.64,8.56,8.63,39597547.0,342712304.0,72996147685.20001
2025-08-05,001979,8.63,8.74,8.62,8.72,53326422.0,467185959.0,73757405308.8
2025-08-06,001979,8.69,8.74,8.66,8.72,30608884.0,268072108.0,73757405308.8
2025-08-07,001979,8.69,8.83,8.66,8.8,51643648.0,455664215.0,74434078752.0
2025-08-08,001979,8.8,8.82,8.76,8.8,29905519.0,265032092.0,74434078752.0
2025-08-11,001979,8.87,8.93,8.81,8.82,39615998.0,353403444.0,74603247112.8
2025-08-12,001979,8.83,8.87,8.77,8.8,35651104.0,316727399.0,74434078752.0
2025-08-13,001979,8.82,8.84,8.76,8.78,34695197.0,307213489.0,74264910391.2
2025-08-14,001979,8.79,9.02,8.78,8.83,72670493.0,651801060.0,74687831293.2
2025-08-15,001979,8.83,9.12,8.82,9.1,94516514.0,862560918.0,76971604164.0
2025-08-18,001979,9.09,9.13,8.96,8.98,74418555.0,676559630.0,75956593999.2
2025-08-19,001979,9.03,9.16,9.02,9.11,76621671.0,702373572.0,77056188344.4
2025-08-20,001979,9.06,9.18,9.01,9.17,60275235.0,554510391.0,77563693426.8
2025-08-21,001979,9.14,9.2,9.09,9.11,42938088.0,395699475.0,77056188344.4
2025-08-22,001979,9.11,9.14,9.03,9.1,44697321.0,408718954.0,76971604164.0
2025-08-25,001979,9.13,9.63,9.12,9.34,185480977.0,1754115993.0,79001624493.6
2025-08-26,001979,9.27,9.32,9.21,9.27,56025191.0,522862602.0,78409535230.8
2025-08-27,001979,9.24,9.27,8.95,8.95,70226682.0,643982017.0,75702841458.0
2025-08-28,001979,9.01,9.04,8.82,8.99,55080830.0,497046261.0,76041178179.6
2025-08-29,001979,9.08,9.17,9.03,9.08,62883132.0,576581419.0,76802435803.2
2025-09-01,001979,9.23,9.38,9.05,9.28,111219283.0,1037802626.0,78494119411.2
2025-09-02,001979,9.27,9.34,9.05,9.17,60644867.0,562077465.0,77563693426.8
2025-09-03,001979,9.17,9.2,8.95,8.96,48843920.0,443541913.0,75787425638.40001
2025-09-04,001979,8.99,9.03,8.88,8.99,55943139.0,504527437.0,76041178179.6
2025-09-05,001979,8.98,9.02,8.89,9.02,46906463.0,423113349.0,76294930720.8
2025-09-08,001979,9.17,9.38,9.13,9.24,101536058.0,944984631.0,78155782689.6
2025-09-09,001979,9.25,9.55,9.21,9.5,104656022.0,993780558.0,80354971380.0
2025-09-10,001979,9.44,9.5,9.38,9.46,54478512.0,518022579.0,80016634658.40001
2025-09-11,001979,9.41,9.44,9.31,9.38,55436004.0,522132144.0,79339961215.20001
2025-09-12,001979,9.36,9.54,9.34,9.39,69835728.0,662035134.0,79424545395.6
2025-09-15,001979,9.33,9.66,9.25,9.63,97448965.0,931958578.0,81454565725.20001
2025-09-16,001979,9.56,9.67,9.43,9.6,69322863.0,666637225.0,81200813184.0
2025-09-17,001979,9.58,9.62,9.45,9.55,43134857.0,414025959.0,80777892282.0
2025-09-18,001979,9.51,9.53,9.1,9.16,86255093.0,805951326.0,77479109246.4
2025-09-19,001979,9.16,9.51,9.08,9.47,92639141.0,868539779.0,80101218838.8
2025-09-22,001979,9.36,9.51,9.22,9.43,57197161.0,540517056.0,79762882117.2
2025-09-23,001979,9.36,9.39,9.21,9.32,50745742.0,475281974.0,78832456132.8
2025-09-24,001979,9.28,9.72,9.25,9.55,83937394.0,810183130.0,80777892282.0
2025-09-25,001979,9.56,9.57,9.41,9.51,46481466.0,444489944.0,80439555560.4
2025-09-26,001979,9.46,10.09,9.44,9.88,122767269.0,1218340441.0,83569170235.20001
2025-09-29,001979,9.85,9.92,9.68,9.87,57357875.0,566671676.0,83484586054.79999
2025-09-30,001979,9.87,10.14,9.78,10.1,94734548.0,959015241.0,85434154972.5
2025-10-09,001979,10.2,10.2,9.61,10.03,117976496.0,1164686810.0,84842037066.75
2025-10-10,001979,9.92,10.13,9.89,10.11,70885030.0,717412114.0,85518743244.75
2025-10-13,001979,9.88,10.12,9.78,10.03,67846520.0,681850261.0,84842037066.75
2025-10-14,001979,10.01,10.37,9.98,10.19,92770091.0,955314425.0,86195449422.75
2025-10-15,001979,10.15,10.37,10.03,10.14,61411532.0,629422189.0,85772508061.5
2025-10-16,001979,10.12,10.2,10.05,10.19,52201697.0,532164895.0,86195449422.75
2025-10-17,001979,10.15,10.36,10.09,10.1,49615949.0,509759968.0,85434154972.5
2025-10-20,001979,10.14,10.15,9.85,9.88,55312183.0,554568326.0,83573212983.0
2025-10-21,001979,9.88,9.98,9.83,9.96,38726815.0,386980357.0,84249919161.0
2025-10-22,001979,9.94,10.11,9.8,9.81,42476005.0,424461395.0,82981095077.25
2025-10-23,001979,9.88,9.88,9.56,9.68,42244103.0,411206557.0,81881447538.0
2025-10-24,001979,9.67,9.71,9.41,9.43,57602477.0,551713544.0,79766740731.75
2025-10-27,001979,9.45,9.5,9.37,9.41,42830690.0,406452681.0,79597564187.25
2025-10-28,001979,9.43,9.44,9.19,9.33,64879320.0,609367111.0,78920858009.25
2025-10-29,001979,9.3,9.4,9.28,9.36,29315876.0,275917063.0,79174622826.0
2025-10-30,001979,9.37,9.4,9.2,9.23,43710310.0,408721610.0,78074975286.75
2025-10-31,001979,9.3,9.53,9.26,9.38,59766255.0,566644823.0,79343799370.5
2025-11-03,001979,9.38,9.45,9.24,9.29,40300818.0,377391756.0,78582504920.25
2025-11-04,001979,9.28,9.35,9.2,9.24,31059638.0,290056952.0,78159563559.0
2025-11-05,001979,9.18,9.27,9.15,9.21,27940070.0,259436618.0,77905798742.25
2025-11-06,001979,9.23,9.28,9.17,9.19,29485895.0,274056147.0,77736622197.75
2025-11-07,001979,9.18,9.38,9.14,9.25,42405808.0,395557337.0,78244151831.25
2025-11-10,001979,9.22,9.53,9.2,9.52,58609377.0,556738532.0,80101501044.87999
2025-11-11,001979,9.49,9.71,9.45,9.63,58574902.0,567918920.0,81027043598.97
2025-11-12,001979,9.65,9.8,9.63,9.67,44347270.0,433345001.0,81363604527.73
2025-11-13,001979,9.66,9.75,9.56,9.7,37879893.0,367975721.0,81616025224.29999
2025-11-14,001979,9.68,9.88,9.6,9.62,44027905.0,432101435.0,80942903366.78
2025-11-17,001979,9.61,9.71,9.59,9.67,34164255.0,332075151.0,81363604527.73
2025-11-18,001979,9.66,9.66,9.39,9.47,37646233.0,359636620.0,79680799883.93001
2025-11-19,001979,9.46,9.49,9.21,9.32,41327976.0,387890768.0,78418696401.08
2025-11-20,001979,9.32,9.83,9.27,9.59,97677216.0,945496908.0,80690482670.20999
2025-11-21,001979,9.48,9.74,9.46,9.52,66666064.0,645552778.0,80101501044.87999
2025-11-24,001979,9.51,9.76,9.35,9.38,62950858.0,607321938.0,78923537794.22
2025-11-25,001979,9.35,9.59,9.26,9.54,44397032.0,422641608.0,80269781509.26
2025-11-26,001979,9.51,9.57,9.26,9.37,43544734.0,411920427.0,78839397562.03
2025-11-27,001979,9.31,9.6,8.98,9.44,81148782.0,762186492.0,79428379187.36
2025-11-28,001979,9.41,9.44,9.13,9.19,66750196.0,619605927.0,77324873382.61
2025-12-01,001979,9.13,9.4,9.13,9.3,60886823.0,571214964.0,78250415936.70001
2025-12-02,001979,9.3,9.46,9.21,9.37,35655219.0,336143580.0,78839397562.03
2025-12-03,001979,9.36,9.47,9.3,9.32,32618048.0,307952302.0,78418696401.08
2025-12-04,001979,9.33,9.57,9.31,9.35,32005313.0,303117915.0,78671117097.65
2025-12-05,001979,9.29,9.35,8.96,9.17,77694171.0,712092811.0,77156592918.23
2025-12-08,001979,9.13,9.19,9.09,9.14,33326888.0,306750369.0,76904172221.66
2025-12-09,001979,9.12,9.12,8.75,8.78,84489158.0,754075438.0,73875123862.81999
2025-12-10,001979,8.75,9.06,8.62,8.9,86170244.0,765405975.0,74884806649.1
2025-12-11,001979,8.86,8.94,8.78,8.81,53845475.0,480887657.0,74127544559.39
2025-12-12,001979,8.89,8.95,8.8,8.85,48836659.0,436609725.0,74464105488.15
2025-12-15,001979,8.78,8.86,8.72,8.78,28807131.0,255644817.0,73875123862.81999
2025-12-16,001979,8.78,8.88,8.63,8.67,38213529.0,334953097.0,72949581308.73
2025-12-17,001979,8.64,8.72,8.54,8.7,41311734.0,359366998.0,73202002005.29999
2025-12-18,001979,8.66,8.69,8.58,8.61,34792411.0,302395097.0,72444739915.59
2025-12-19,001979,8.61,8.76,8.57,8.65,47471839.0,414293904.0,72781300844.35
2025-12-22,001979,8.64,8.68,8.53,8.65,68142165.0,591002587.0,72781300844.35
2025-12-23,001979,8.62,8.77,8.6,8.7,51229600.0,448953718.0,73202002005.29999
2025-12-24,001979,8.7,8.83,8.69,8.7,39164801.0,345382967.0,73202002005.29999
2025-12-25,001979,8.81,8.81,8.65,8.71,37181017.0,325797290.0,73286142237.49
2025-12-26,001979,8.67,8.78,8.66,8.73,34827226.0,306182222.0,73454422701.87001
2025-12-29,001979,8.73,8.74,8.54,8.56,57786642.0,501344441.0,72024038754.64
2025-12-30,001979,8.53,8.57,8.42,8.49,51500263.0,440225068.0,71435057129.31
2025-12-31,001979,8.56,8.65,8.47,8.58,56672347.0,488407206.0,72188546721.72
2026-01-05,001979,8.6,9.16,8.6,8.95,144767161.0,1303398959.0,75301572629.29999
2026-01-06,001979,8.93,9.08,8.89,8.95,70554697.0,637840302.0,75301572629.29999
2026-01-07,001979,8.97,8.97,8.78,8.81,56306881.0,501680304.0,74123670934.54001
2026-01-08,001979,8.79,9.09,8.72,9.01,79823151.0,717167373.0,75806387641.34
2026-01-09,001979,9.01,9.24,8.97,9.11,74463593.0,682956921.0,76647745994.73999
2026-01-12,001979,9.07,9.25,9.01,9.06,67058142.0,614909654.0,76227066818.04001
2026-01-13,001979,9.05,9.27,9.04,9.16,72059544.0,667117369.0,77068425171.44
2026-01-14,001979,9.16,9.22,8.95,8.96,92579157.0,846965443.0,75385708464.64001
2026-01-15,001979,9.0,9.48,8.99,9.26,95079194.0,884608567.0,77909783524.84
2026-01-16,001979,9.32,9.34,8.99,9.01,76405914.0,698580905.0,75806387641.34
2026-01-19,001979,8.97,9.34,8.9,9.18,71480467.0,661863644.0,77236696842.12
2026-01-20,001979,9.19,10.03,9.18,9.86,171103949.0,1676313075.0,82957933645.23999
2026-01-21,001979,9.76,9.93,9.63,9.69,72917407.0,715367688.0,81527624444.45999
2026-01-22,001979,9.69,10.14,9.65,9.87,111796003.0,1118519610.0,83042069480.57999
2026-01-23,001979,9.83,9.93,9.73,9.8,69150073.0,684169207.0,82453118633.20001
2026-01-26,001979,9.79,9.91,9.63,9.72,76628928.0,752840370.0,81780031950.48001
2026-01-27,001979,9.71,9.91,9.58,9.76,66957519.0,656721367.0,82116575291.84
2026-01-28,001979,9.8,10.13,9.72,10.0,81054057.0,813422009.0,84135835340.0
2026-01-29,001979,9.94,10.9,9.94,10.8,147391874.0,1570220288.0,90866702167.20001
2026-01-30,001979,10.72,10.78,10.35,10.49,82398941.0,871512298.0,88258491271.66
2026-02-02,001979,10.11,10.39,9.93,10.01,97654074.0,994979367.0,84219971175.34
2026-02-03,001979,10.13,10.37,9.96,10.06,66632970.0,678460864.0,84640650352.04001
2026-02-04,001979,10.08,10.92,9.99,10.79,111111102.0,1183842538.0,90782566331.85999
2026-02-05,001979,10.74,10.97,10.7,10.84,68043688.0,743321335.0,91203245508.56
2026-02-06,001979,10.78,10.86,10.48,10.55,59167643.0,633425959.0,88763306283.70001
2026-02-09,001979,10.56,11.02,10.53,10.62,98654776.0,1066350939.0,89352257131.07999
2026-02-10,001979,10.62,10.63,10.2,10.41,71214568.0,743568849.0,87585404588.94
2026-02-11,001979,10.33,10.42,10.19,10.32,42223584.0,438325680.0,86828182070.88
2026-02-12,001979,10.35,10.48,10.21,10.31,39646417.0,412357004.0,86744046235.54001
2026-02-13,001979,10.35,10.42,10.19,10.25,37163333.0,385013721.0,86239231223.5
2026-02-24,001979,10.27,10.4,10.05,10.07,52977188.0,541475476.0,84724786187.38
2026-02-25,001979,10.15,10.58,10.14,10.37,83733880.0,879614977.0,87248861247.57999
2026-02-26,001979,10.42,10.47,9.87,9.93,81178945.0,819427321.0,83546884492.62
2026-02-27,001979,9.96,10.01,9.74,9.84,53890866.0,533868082.0,82789661974.56
2026-03-02,001979,9.67,9.92,9.64,9.78,49150804.0,484709044.0,82284846962.51999
2026-03-03,001979,9.76,10.02,9.72,9.81,67310435.0,669890947.0,82537254468.54001
2026-03-04,001979,9.73,9.86,9.45,9.69,67829084.0,658685866.0,81527624444.45999
2026-03-05,001979,9.74,9.8,9.47,9.56,43816356.0,424632625.0,80433858585.04001
2026-03-06,001979,9.51,9.66,9.45,9.63,29493978.0,284694302.0,81022809432.42001
2026-03-09,001979,9.48,9.51,9.21,9.35,63124797.0,593682937.0,78667006042.9
2026-03-10,001979,9.4,9.43,9.25,9.3,63960309.0,600145281.0,78246326866.20001
2026-03-11,001979,9.28,9.56,9.25,9.49,54977856.0,523513445.0,79844907737.66
2026-03-12,001979,9.48,9.54,9.33,9.42,31507732.0,299295167.0,79255956890.28
2026-03-13,001979,9.45,9.86,9.44,9.53,63679833.0,620038783.0,80181451079.01999
2026-03-16,001979,9.58,9.91,9.54,9.59,66415000.0,651151632.0,80686266091.06
2026-03-17,001979,9.66,9.96,9.61,9.67,67865708.0,668750232.0,81359352773.78
2026-03-18,001979,9.67,9.71,9.33,9.41,55396613.0,526545644.0,79171821054.94
2026-03-19,001979,9.34,9.4,9.04,9.1,35367007.0,327498275.0,76563610159.4
2026-03-20,001979,9.1,9.2,8.96,8.96,34799184.0,317928575.0,75385708464.64001
2026-03-23,001979,8.84,8.91,8.65,8.7,47882269.0,423003821.0,73198176745.79999
2026-03-24,001979,8.81,8.81,8.66,8.8,35766064.0,315136224.0,74039535099.20001
2026-03-25,001979,8.81,8.9,8.75,8.86,37342142.0,332075989.0,74544350111.23999
2026-03-26,001979,8.83,8.89,8.6,8.63,42153594.0,369567699.0,72609225898.42001
2026-03-27,001979,8.55,8.64,8.52,8.58,43940229.0,379536547.0,72188546721.72
2026-03-30,001979,8.47,8.74,8.35,8.54,77238775.0,663799705.0,71852003380.35999
2026-03-31,001979,8.57,8.64,8.34,8.35,77940172.0,662583097.0,70253422508.9
2026-04-01,001979,8.44,8.47,8.28,8.35,73937494.0,622931662.0,70253422508.9
2026-04-02,001979,8.3,8.31,8.05,8.08,62203504.0,510513906.0,67981754954.72
2026-04-03,001979,8.09,8.12,7.81,7.87,58855607.0,468556514.0,66214902412.58
2026-04-07,001979,7.84,7.9,7.74,7.78,46376547.0,365268808.0,65457679894.520004
2026-04-08,001979,7.89,8.03,7.85,8.02,54674930.0,438361151.0,67476939942.67999
2026-04-09,001979,7.96,7.97,7.82,7.94,45710407.0,363222493.0,66803853259.96001
2026-04-10,001979,7.98,8.02,7.92,7.93,48833524.0,391924699.0,66719717424.619995
2026-04-13,001979,7.88,8.06,7.84,8.05,49583483.0,398940303.0,67729347448.700005
2026-04-14,001979,8.09,8.48,8.04,8.41,100359163.0,835165533.0,70758237520.94
2026-04-15,001979,8.38,8.69,8.29,8.48,82409633.0,705954028.0,71347188368.32
2026-04-16,001979,8.44,8.62,8.42,8.47,35845949.0,306652893.0,71263052532.98001
2026-04-17,001979,8.49,8.93,8.44,8.79,84847150.0,747033649.0,73955399263.85999
2026-04-20,001979,8.71,8.82,8.55,8.64,45583757.0,397331562.0,72693361733.76001
2026-04-21,001979,8.64,8.74,8.47,8.54,40705329.0,350919990.0,71852003380.35999
2026-04-22,001979,8.54,8.6,8.44,8.59,38766299.0,332775338.0,72272682557.06
2026-04-23,001979,8.57,8.64,8.5,8.56,30791415.0,265853929.0,72020275051.04001
2026-04-24,001979,8.54,8.55,8.28,8.3,51287629.0,431550200.0,69832743332.20001
2026-04-27,001979,8.3,8.49,8.25,8.41,39279970.0,332152182.0,70758237520.94
2026-04-28,001979,8.42,8.61,8.4,8.59,42328994.0,364165731.0,72272682557.06
2026-04-29,001979,8.54,8.92,8.51,8.77,57469137.0,507803468.0,73787127593.18
2026-04-30,001979,8.8,8.85,8.52,8.64,56693560.0,496318684.0,72693361733.76001
2026-05-06,001979,8.8,9.07,8.75,8.98,107709055.0,970408038.0,75553980135.32
2026-05-07,001979,8.98,9.22,8.94,9.19,79193836.0,729527309.0,77320832677.45999
2026-05-08,001979,9.2,9.54,9.16,9.36,93410843.0,882210988.0,78751141878.23999
2026-05-11,001979,9.41,9.92,9.28,9.65,99446755.0,971123077.0,81191081103.1
2026-05-12,001979,9.65,9.96,9.52,9.6,109758055.0,1070707198.0,80770401926.4
2026-05-13,001979,9.53,9.64,9.35,9.47,67600478.0,645453506.0,79676636066.98001
2026-05-14,001979,9.5,9.56,9.17,9.18,51785841.0,485000620.0,77236696842.12
2026-05-15,001979,9.18,9.22,8.92,9.0,53439575.0,487550010.0,75722251806.0
2026-05-18,001979,8.93,8.97,8.54,8.64,78005250.0,683075757.0,72693361733.76001
2026-05-19,001979,8.66,9.03,8.64,8.97,85946699.0,770274131.0,75469844299.98001
2026-05-20,001979,8.98,9.0,8.61,8.87,57829797.0,510408097.0,74628485946.57999
2026-05-21,001979,8.82,8.96,8.45,8.49,61611434.0,536982659.0,71431324203.66
2026-05-22,001979,8.49,8.57,8.32,8.42,45127538.0,382264074.0,70842373356.28
2026-05-25,001979,8.37,8.75,8.35,8.58,55691480.0,480206347.0,72188546721.72
2026-05-26,001979,8.53,8.66,8.42,8.64,41932814.0,361689253.0,72693361733.76001
2026-05-27,001979,8.62,8.62,8.18,8.28,86963609.0,727807693.0,69664471661.51999
2026-05-28,001979,8.27,8.51,8.24,8.33,51208642.0,431855470.0,70085150838.22
2026-05-29,001979,8.39,8.99,8.39,8.76,113218332.0,1001237956.0,73702991757.84
2026-06-01,001979,8.65,9.08,8.55,9.03,81935414.0,737421731.0,75974659312.01999
2026-06-02,001979,9.02,9.11,8.77,8.87,59740844.0,536970948.0,74628485946.57999
2026-06-03,001979,8.82,8.87,8.51,8.71,64125585.0,560154990.0,73282312581.14001
2026-06-04,001979,8.64,8.78,8.41,8.57,48362957.0,416952710.0,72104410886.38
2026-06-05,001979,8.6,8.98,8.37,8.39,71897337.0,625206681.0,70589965850.26001
2026-06-08,001979,8.32,8.44,8.06,8.18,54447916.0,452027947.0,68823113308.12
2026-06-09,001979,8.18,8.28,7.63,8.18,121546861.0,966897025.0,68823113308.12
2026-06-10,001979,8.06,8.28,7.98,8.12,49619653.0,406293383.0,68318298296.079994
2026-06-11,001979,8.07,8.29,7.98,8.21,35875445.0,295061175.0,69075520814.14001
2026-06-12,001979,8.2,8.31,8.05,8.1,59451452.0,488897135.0,68150026625.399994
2026-06-15,001979,8.14,8.24,7.91,7.95,52743721.0,426691914.0,66887989095.3
2026-06-16,001979,7.94,7.94,7.47,7.5,100657436.0,773542380.0,63101876505.0
2026-06-17,001979,7.51,7.56,7.38,7.47,56626715.0,425056207.0,62849468998.979996
2026-06-18,001979,7.43,7.47,7.16,7.2,61409830.0,448568797.0,60577801444.8
2026-06-22,001979,7.15,7.25,6.94,7.2,81794668.0,584414010.0,60577801444.8
2026-06-23,001979,7.16,7.3,6.9,6.95,82640821.0,589665134.0,58474405561.3
2026-06-24,001979,6.95,6.96,6.63,6.69,99681545.0,676782965.0,56286873842.46001
2026-06-25,001979,6.65,6.85,6.55,6.64,84815092.0,569555831.0,55866194665.759995
2026-06-26,001979,6.67,6.74,6.48,6.49,73725309.0,489506871.0,54604157135.66
2026-06-29,001979,6.47,6.6,6.24,6.47,85657721.0,556093708.0,54435885464.979996
2026-06-30,001979,6.45,6.49,6.27,6.38,78673084.0,504713146.0,53678662946.92
2026-07-01,001979,6.4,6.65,6.36,6.52,78618760.0,516670272.0,54856564641.67999
2026-07-02,001979,6.52,6.7,6.45,6.57,79238805.0,523850721.0,55277243818.380005
2026-07-03,001979,6.57,6.65,6.5,6.6,69500353.0,461337556.0,55529651324.399994
2026-07-06,001979,6.58,6.73,6.51,6.67,58769416.0,393507461.0,56118602171.78
2026-07-07,001979,6.65,6.67,6.36,6.4,56413750.0,367778678.0,53846934617.600006
2026-07-08,001979,6.4,6.47,6.28,6.42,47166748.0,304205407.0,54015206288.28
2026-07-09,001979,6.39,6.45,6.28,6.34,46845327.0,299325487.0,53342119605.56
2026-07-10,001979,6.45,6.66,6.27,6.57,97017401.0,639112497.0,55277243818.380005
2026-07-13,001979,6.51,6.55,6.24,6.27,73557056.0,469862453.0,52753168758.17999
2026-07-14,001979,6.28,6.31,6.17,6.28,49732850.0,313236234.0,52837304593.520004
2026-07-15,001979,6.25,6.76,6.22,6.62,105482256.0,701323187.0,55697922995.08
2026-07-16,001979,6.58,6.77,6.55,6.72,90076477.0,606130603.0,56539281348.479996
2026-07-17,001979,6.71,6.92,6.55,6.61,79737320.0,541082904.0,55613787159.740005
2026-07-20,001979,6.61,6.99,6.61,6.92,104809547.0,724631028.0,58221998055.28
2026-07-21,001979,6.9,7.09,6.85,6.92,87395961.0,607730831.0,58221998055.28
2026-07-22,001979,6.91,7.27,6.85,7.26,83210323.0,593882204.0,61082676351.84
2026-07-23,001979,7.19,7.21,6.99,7.05,63087435.0,444580299.0,59315822077.2
2026-07-24,001979,7.0,7.05,6.76,6.76,71776192.0,492559500.0,59959264443.0
2026-07-27,001979,6.76,6.95,6.74,6.85,41757540.0,286463865.0,60757538673.75
2026-07-28,001979,6.84,6.98,6.78,6.94,45775494.0,316673801.0,61555812904.5
2026-07-29,001979,6.93,7.34,6.92,7.15,123615879.0,886110619.0,63418452776.25
