date,ticker,open,high,low,close,volume,amount,market_cap
2021-01-04,002050,24.75,25.37,24.45,25.37,550312,1482285536.0,1294360608.0
2021-01-05,002050,26.07,26.4,25.37,25.93,809287,2234328032.0,1294360608.0
2021-01-06,002050,25.93,26.13,24.93,25.53,477574,1294360608.0,1294360608.0
2021-01-07,002050,25.53,25.9,25.03,25.59,359274,976035904.0,1294360608.0
2021-01-08,002050,25.35,26.0,24.52,24.83,393447,1051971536.0,1294360608.0
2021-01-11,002050,25.15,25.35,23.68,23.97,505545,1325074192.0,1309717400.0
2021-01-12,002050,23.99,24.8,23.87,24.68,358589,936197696.0,1294360608.0
2021-01-13,002050,24.75,25.31,23.5,23.95,441197,1152119968.0,1223240288.0
2021-01-14,002050,23.85,24.22,23.06,23.78,405688,1032351680.0,1152119968.0
2021-01-15,002050,23.6,24.14,22.81,23.75,341888,862188576.0,1102045752.0
2021-01-18,002050,23.3,24.27,23.07,23.94,352964,905581440.0,1051971536.0
2021-01-19,002050,24.15,24.2,22.57,22.66,503882,1247984112.0,1102045752.0
2021-01-20,002050,22.82,23.46,22.8,23.36,315323,788621408.0,1051971536.0
2021-01-21,002050,23.42,23.75,22.99,23.61,307192,773905296.0,1042161608.0
2021-01-22,002050,23.48,24.05,23.03,24.0,343098,871118576.0,1032351680.0
2021-01-25,002050,24.31,24.65,22.9,23.14,557557,1399367984.0,1042161608.0
2021-01-26,002050,23.19,23.2,22.05,22.26,318559,770129312.0,1032351680.0
2021-01-27,002050,22.35,23.03,21.85,22.64,261600,633271312.0,1004193792.0
2021-01-28,002050,22.35,22.35,21.75,21.81,222575,528015504.0,976035904.0
2021-01-29,002050,21.87,22.38,20.95,21.22,236301,552941104.0,956116800.0
2021-02-01,002050,21.25,23.05,21.0,21.96,376375,897040512.0,936197696.0
2021-02-02,002050,22.03,22.28,21.64,22.19,245042,582118704.0,920889568.0
2021-02-03,002050,23.25,23.5,22.26,22.31,443354,1081589248.0,936197696.0
2021-02-04,002050,22.26,22.69,22.1,22.54,301384,728505808.0,920889568.0
2021-02-05,002050,22.95,23.35,22.5,23.05,346003,858516112.0,905581440.0
2021-02-08,002050,23.55,23.85,23.02,23.65,297389,748997152.0,901310976.0
2021-02-09,002050,23.73,23.8,23.21,23.69,321487,812736384.0,897040512.0
2021-02-10,002050,24.04,24.04,23.28,23.74,278392,705719968.0,884079544.0
2021-02-18,002050,24.07,24.18,23.3,24.0,387746,988896128.0,897040512.0
2021-02-19,002050,24.2,25.12,23.95,24.63,460981,1210048320.0,901310976.0
2021-02-22,002050,24.63,25.33,23.39,23.44,563716,1475766832.0,905581440.0
2021-02-23,002050,23.55,23.68,22.71,23.03,416982,1030907248.0,920889568.0
2021-02-24,002050,23.35,24.0,21.93,22.51,554146,1369148352.0,936197696.0
2021-02-25,002050,22.85,22.93,21.55,22.09,475321,1140914176.0,956116800.0
2021-02-26,002050,21.75,22.7,21.45,22.43,346614,825048192.0,936197696.0
2021-03-01,002050,22.42,23.3,22.17,23.3,295160,725425344.0,920889568.0
2021-03-02,002050,23.42,23.75,22.95,23.38,366634,919030464.0,919030464.0
2021-03-03,002050,23.12,23.38,22.6,22.87,292462,718425056.0,912305952.0
2021-03-04,002050,22.75,22.75,20.85,21.48,613073,1434140368.0,919030464.0
2021-03-05,002050,21.05,21.71,20.55,21.59,255907,588399008.0,912305952.0
2021-03-08,002050,21.55,22.05,19.87,20.2,472487,1073133232.0,919030464.0
2021-03-09,002050,20.03,20.16,18.79,19.06,403521,855175552.0,912305952.0
2021-03-10,002050,19.68,19.8,18.83,19.12,298644,626314624.0,905581440.0
2021-03-11,002050,19.04,19.5,18.85,19.33,311518,653863760.0,901310976.0
2021-03-12,002050,19.43,19.68,18.65,19.25,374008,781756656.0,897040512.0
2021-03-15,002050,19.32,19.43,18.18,18.36,320182,652304048.0,884079544.0
2021-03-16,002050,18.36,18.94,18.35,18.64,189518,387042800.0,871118576.0
2021-03-17,002050,18.64,19.12,18.33,18.78,211176,433920112.0,866653576.0
2021-03-18,002050,18.81,18.99,18.52,18.87,163281,335463408.0,862188576.0
2021-03-19,002050,18.46,18.58,17.83,18.23,317204,632943056.0,860352344.0
2021-03-22,002050,18.23,18.89,18.05,18.86,263382,535779616.0,858516112.0
2021-03-23,002050,18.93,19.1,18.62,18.95,174804,359678640.0,856845832.0
2021-03-24,002050,18.75,19.02,18.45,18.65,166874,341168192.0,855175552.0
2021-03-25,002050,18.45,19.13,18.14,18.71,178917,364610752.0,840111872.0
2021-03-26,002050,18.85,19.53,18.84,19.41,253446,531993936.0,825048192.0
2021-03-29,002050,19.41,19.43,18.16,18.25,505944,1023729984.0,840111872.0
2021-03-30,002050,18.34,18.83,18.08,18.8,345358,702097280.0,825048192.0
2021-03-31,002050,18.81,18.98,18.55,18.87,190380,391112448.0,818892288.0
2021-04-01,002050,18.95,19.02,18.35,18.52,247121,501034704.0,812736384.0
2021-04-02,002050,18.56,19.34,18.56,19.32,337268,700336544.0,800678896.0
2021-04-06,002050,19.55,20.1,19.4,19.57,256409,548449184.0,785189032.0
2021-04-07,002050,19.58,19.98,19.34,19.78,263313,564678240.0,777830976.0
2021-04-08,002050,19.75,20.13,19.62,20.0,205727,447010720.0,772017304.0
2021-04-09,002050,20.0,20.11,19.66,20.0,126646,273570048.0,759563232.0
2021-04-12,002050,19.95,19.95,18.89,19.04,196473,412491520.0,738751480.0
2021-04-13,002050,18.9,19.54,18.86,19.13,127819,267944637.0,726965576.0
2021-04-14,002050,19.25,19.62,19.25,19.6,141023,299315200.0,721925200.0
2021-04-15,002050,19.56,19.92,19.39,19.9,128714,276151728.0,712072512.0
2021-04-16,002050,19.96,20.0,19.6,19.7,125094,269559264.0,703908624.0
2021-04-19,002050,20.08,20.98,19.89,20.95,432553,966383280.0,703908624.0
2021-04-20,002050,20.65,21.14,20.47,20.7,233913,526667680.0,701216912.0
2021-04-21,002050,20.52,20.91,20.47,20.75,185775,417218032.0,677100152.0
2021-04-22,002050,20.8,21.57,20.69,21.57,257820,592741776.0,653083904.0
2021-04-23,002050,21.37,21.53,20.79,20.84,289565,661315776.0,653083904.0
2021-04-26,002050,20.84,21.26,20.32,20.37,231256,519020032.0,642787680.0
2021-04-27,002050,20.36,20.41,19.83,20.18,132818,290457552.0,633107184.0
2021-04-28,002050,19.84,20.33,19.84,20.22,151583,331935280.0,629628840.0
2021-04-29,002050,19.98,20.28,19.63,19.86,201679,437134864.0,609528200.0
2021-04-30,002050,19.96,19.96,19.6,19.67,157209,337816384.0,609528200.0
2021-05-06,002050,19.57,19.83,19.08,19.35,167562,354641488.0,609528200.0
2021-05-07,002050,19.35,19.66,19.17,19.21,147467,312077152.0,590570392.0
2021-05-10,002050,19.21,19.39,18.57,18.85,172916,357625872.0,590570392.0
2021-05-11,002050,18.74,18.87,18.35,18.7,159849,325728976.0,576538624.0
2021-05-12,002050,18.7,19.08,18.53,19.0,123373,251072331.0,556563712.0
2021-05-13,002050,18.71,18.86,18.42,18.54,168977,339515936.0,542114400.0
2021-05-14,002050,18.55,18.94,18.2,18.91,171717,345215744.0,533886776.0
2021-05-17,002050,18.92,19.68,18.91,19.61,213580,446844864.0,529330808.0
2021-05-18,002050,19.58,19.84,19.15,19.43,133600,279528176.0,522843856.0
2021-05-19,002050,19.2,20.17,19.16,19.99,194183,413254800.0,510027368.0
2021-05-20,002050,19.74,20.2,19.6,19.71,142520,303816880.0,474022712.0
2021-05-21,002050,19.8,19.95,18.9,19.05,204747,424365344.0,446927792.0
2021-05-24,002050,19.0,19.14,18.8,19.11,104746,214236400.0,441989864.0
2021-05-25,002050,19.11,19.93,18.9,19.93,236756,499250176.0,441989864.0
2021-05-26,002050,19.9,20.48,19.78,20.0,178789,385696768.0,435527488.0
2021-05-27,002050,20.0,20.19,19.85,20.15,148408,319702176.0,429142728.0
2021-05-28,002050,20.26,21.19,20.26,20.56,310559,687658176.0,429142728.0
2021-05-31,002050,20.59,20.88,20.39,20.82,319351,707411984.0,429142728.0
2021-06-01,002050,20.52,20.78,19.96,20.37,255064,556924208.0,429142728.0
2021-06-02,002050,20.63,20.63,20.07,20.53,158828,346765808.0,420791688.0
2021-06-03,002050,20.47,20.57,20.06,20.28,192467,419814528.0,418516280.0
2021-06-04,002050,20.08,20.4,19.93,20.38,208837,453267920.0,418516280.0
2021-06-07,002050,20.39,20.43,19.61,19.74,194568,415385888.0,416301960.0
2021-06-08,002050,19.72,20.63,19.57,20.06,192420,415719584.0,415552736.0
2021-06-09,002050,20.06,20.24,19.88,19.96,126708,272631856.0,414320344.0
2021-06-10,002050,19.94,20.58,19.78,20.4,194115,424081184.0,414320344.0
2021-06-11,002050,20.57,20.72,20.01,20.18,231598,502858288.0,414320344.0
2021-06-15,002050,20.16,20.3,18.96,18.98,320416,667608464.0,415552736.0
2021-06-16,002050,19.0,19.05,18.4,18.5,216712,435986160.0,415552736.0
2021-06-17,002050,18.35,18.78,18.3,18.57,181508,363284816.0,415552736.0
2021-06-18,002050,18.57,18.96,17.98,18.91,317797,636471056.0,415552736.0
2021-06-21,002050,18.85,19.55,18.56,19.46,251893,522249376.0,415552736.0
2021-06-22,002050,19.5,19.65,19.2,19.57,198281,415513424.0,415616504.0
2021-06-23,002050,19.57,20.52,19.43,20.38,348534,755130336.0,416468808.0
2021-06-24,002050,20.46,21.87,20.46,21.39,618542,1410581328.0,418516280.0
2021-06-25,002050,21.38,22.09,21.08,22.0,468693,1092338288.0,418516280.0
2021-06-28,002050,21.84,22.83,21.75,22.59,334753,801858272.0,418516280.0
2021-06-29,002050,22.73,22.84,22.36,22.51,395828,952018400.0,418516280.0
2021-06-30,002050,22.6,23.0,22.25,22.48,221947,535143280.0,421947856.0
2021-07-01,002050,22.75,22.79,21.8,21.88,170060,402992896.0,418516280.0
2021-07-02,002050,22.0,22.2,21.55,21.83,173804,405352768.0,416468808.0
2021-07-05,002050,21.89,22.01,21.26,21.71,202749,467677792.0,416468808.0
2021-07-06,002050,21.8,22.33,21.0,21.5,268396,620193952.0,416468808.0
2021-07-07,002050,21.38,22.3,21.08,22.19,236237,553990112.0,416468808.0
2021-07-08,002050,22.21,22.98,22.09,22.59,259657,624246096.0,418516280.0
2021-07-09,002050,22.46,22.46,21.63,22.25,186451,438503328.0,421947856.0
2021-07-12,002050,22.45,23.46,22.39,22.45,274132,665354080.0,424223264.0
2021-07-13,002050,22.15,22.59,21.8,22.0,213920,505157408.0,430175752.0
2021-07-14,002050,21.85,21.88,21.25,21.36,208659,480779648.0,436560512.0
2021-07-15,002050,21.2,21.44,20.42,20.87,228107,508076624.0,437819096.0
2021-07-16,002050,21.02,21.04,20.11,20.13,239611,525374736.0,437819096.0
2021-07-19,002050,20.5,20.68,19.5,19.87,198981,427720560.0,436560512.0
2021-07-20,002050,19.73,20.03,19.52,19.7,203538,430685632.0,436560512.0
2021-07-21,002050,20.0,20.55,19.8,20.54,325735,709630560.0,436560512.0
2021-07-22,002050,20.6,20.81,20.16,20.35,250992,550785408.0,436560512.0
2021-07-23,002050,20.27,20.3,19.67,19.77,217589,465142736.0,436560512.0
2021-07-26,002050,19.61,20.05,19.01,19.33,219424,460615664.0,437819096.0
2021-07-27,002050,19.41,20.72,19.36,19.43,358516,769378656.0,442674096.0
2021-07-28,002050,19.42,19.78,18.7,19.24,262918,546139568.0,450056392.0
2021-07-29,002050,19.5,20.0,19.26,19.83,220580,466838672.0,456941792.0
2021-07-30,002050,19.64,20.09,19.54,19.9,193148,411601504.0,456941792.0
2021-08-02,002050,20.04,20.58,19.8,20.57,334058,726784912.0,462879200.0
2021-08-03,002050,20.75,20.87,20.31,20.4,329865,727785760.0,465990704.0
2021-08-04,002050,20.4,21.77,20.38,21.67,447108,1016305712.0,467258232.0
2021-08-05,002050,21.67,21.95,21.22,21.49,297250,684961936.0,474228720.0
2021-08-06,002050,21.8,22.07,21.04,21.22,234626,537950688.0,490014912.0
2021-08-09,002050,20.84,21.06,20.2,20.55,296256,651921312.0,501054232.0
2021-08-10,002050,20.6,21.3,20.47,21.18,303202,677509536.0,504007848.0
2021-08-11,002050,21.11,22.85,21.0,22.39,579897,1371659152.0,506617016.0
2021-08-12,002050,22.5,22.6,21.71,21.96,381405,895592992.0,515163000.0
2021-08-13,002050,22.4,23.99,22.3,23.82,848758,2103083424.0,523812056.0
2021-08-16,002050,24.14,25.02,23.53,23.68,512297,1312664032.0,530259008.0
2021-08-17,002050,23.59,24.32,22.82,23.06,339913,847270528.0,536546984.0
2021-08-18,002050,23.35,23.5,22.34,22.5,320085,772210112.0,542045128.0
2021-08-19,002050,22.58,22.91,22.34,22.63,256667,619108800.0,548462488.0
2021-08-20,002050,22.64,22.8,22.14,22.78,272684,654032064.0,552387760.0
2021-08-23,002050,22.8,23.6,22.5,23.35,323489,799103104.0,552387760.0
2021-08-24,002050,23.35,23.5,22.9,23.18,225822,554975712.0,552387760.0
2021-08-25,002050,23.33,23.35,22.43,22.58,235088,570106000.0,552387760.0
2021-08-26,002050,22.47,22.95,22.32,22.92,219195,528955904.0,552387760.0
2021-08-27,002050,22.95,24.24,22.52,24.21,382676,962592880.0,554482912.0
2021-08-30,002050,24.21,24.62,23.59,24.27,268639,685939568.0,562540856.0
2021-08-31,002050,24.15,24.26,23.15,23.75,256250,644148912.0,594607400.0
2021-09-01,002050,23.6,24.06,23.02,23.59,208720,523309712.0,594607400.0
2021-09-02,002050,23.64,24.64,23.17,24.58,332967,852460000.0,619651376.0
2021-09-03,002050,24.2,25.28,24.0,24.11,305855,795727488.0,622220024.0
2021-09-06,002050,24.03,24.83,23.75,24.7,217556,566810336.0,622220024.0
2021-09-07,002050,24.69,25.87,24.51,25.1,322633,865715712.0,622220024.0
2021-09-08,002050,25.11,25.3,24.68,25.07,191396,506074112.0,622220024.0
2021-09-09,002050,25.0,25.28,24.42,24.79,199031,522125136.0,622220024.0
2021-09-10,002050,24.77,24.96,23.11,23.18,439886,1108639984.0,622220024.0
2021-09-13,002050,23.21,23.37,22.42,22.56,282593,683408656.0,634197504.0
2021-09-14,002050,22.48,22.79,22.38,22.5,192739,464176224.0,634197504.0
2021-09-15,002050,22.25,22.3,21.45,21.53,389570,903009424.0,634197504.0
2021-09-16,002050,21.51,22.05,20.97,21.25,335021,762187392.0,634197504.0
2021-09-17,002050,21.4,21.45,20.7,20.98,161447,362861760.0,622220024.0
2021-09-22,002050,20.89,21.54,20.73,21.29,198822,453423856.0,619651376.0
2021-09-23,002050,22.1,22.9,21.86,22.45,355211,846713120.0,619651376.0
2021-09-24,002050,22.5,22.58,21.75,21.8,161181,380026912.0,619651376.0
2021-09-27,002050,21.91,22.04,21.18,21.26,161870,373133200.0,619651376.0
2021-09-28,002050,21.25,21.46,21.05,21.32,108673,247431537.0,619651376.0
2021-09-29,002050,21.35,21.54,21.11,21.18,115601,263620242.0,619651376.0
2021-09-30,002050,21.32,21.5,21.12,21.26,110589,251820801.0,594607400.0
2021-10-08,002050,21.67,21.83,21.22,21.55,136060,314239904.0,594607400.0
2021-10-11,002050,21.5,22.49,21.36,22.1,157052,369144720.0,568458168.0
2021-10-12,002050,22.19,22.4,21.68,22.14,153694,362422896.0,568458168.0
2021-10-13,002050,22.1,22.9,21.9,22.57,155596,375166768.0,560893024.0
2021-10-14,002050,22.57,23.42,22.49,22.57,200597,489557616.0,560893024.0
2021-10-15,002050,22.36,23.08,22.32,22.86,177429,431092784.0,560893024.0
2021-10-18,002050,22.93,23.18,22.2,22.63,150578,363343696.0,560893024.0
2021-10-19,002050,22.52,22.83,22.26,22.67,136477,327959136.0,560893024.0
2021-10-20,002050,22.6,22.75,22.11,22.16,158685,378105248.0,560893024.0
2021-10-21,002050,22.26,22.4,21.6,22.2,161914,380230256.0,560893024.0
2021-10-22,002050,22.08,22.43,21.55,21.65,185332,432590608.0,552880560.0
2021-10-25,002050,21.79,22.6,21.61,22.6,182880,434825056.0,550557640.0
2021-10-26,002050,22.76,23.7,22.64,23.32,328836,811399200.0,560893024.0
2021-10-27,002050,23.07,23.37,22.57,22.67,203808,496495440.0,560893024.0
2021-10-28,002050,22.67,22.88,21.62,21.72,182491,429935824.0,550557640.0
2021-10-29,002050,21.83,22.3,21.71,22.22,195475,458776032.0,546463200.0
2021-11-01,002050,22.16,22.55,21.95,22.35,152920,364273968.0,546463200.0
2021-11-02,002050,22.45,23.2,22.2,22.5,221844,536939456.0,546463200.0
2021-11-03,002050,22.54,23.2,22.05,22.29,191325,460806672.0,537445072.0
2021-11-04,002050,22.3,22.76,22.0,22.6,153154,366229408.0,532947680.0
2021-11-05,002050,22.49,23.64,22.45,23.13,281583,695967136.0,532947680.0
2021-11-08,002050,23.13,23.62,22.8,23.26,202138,499782048.0,526132808.0
2021-11-09,002050,23.4,23.46,22.74,23.03,163694,400791392.0,522717424.0
2021-11-10,002050,22.84,23.16,22.34,22.74,197819,478576224.0,514099624.0
2021-11-11,002050,22.5,22.93,22.43,22.53,223347,537449088.0,514099624.0
2021-11-12,002050,22.58,23.59,22.58,23.03,321095,786236368.0,514099624.0
2021-11-15,002050,23.29,24.18,23.05,23.49,410565,1028835920.0,514099624.0
2021-11-16,002050,23.35,23.75,23.2,23.61,232048,580193136.0,514099624.0
2021-11-17,002050,23.5,23.5,21.1,22.27,776923,1824747184.0,514099624.0
2021-11-18,002050,21.8,22.47,21.66,21.74,308841,727915472.0,514099624.0
2021-11-19,002050,21.7,22.25,21.54,21.99,223911,524120304.0,514099624.0
2021-11-22,002050,22.03,22.39,21.97,22.19,224989,532013728.0,514099624.0
2021-11-23,002050,22.2,22.6,21.78,21.98,200636,473674656.0,502928080.0
2021-11-24,002050,21.96,22.15,21.68,21.85,122040,285067600.0,498138744.0
2021-11-25,002050,21.93,22.06,21.76,21.84,109702,256745508.0,493026528.0
2021-11-26,002050,21.94,22.08,21.56,21.72,163756,380882480.0,484066920.0
2021-11-29,002050,21.5,21.61,20.89,21.1,272850,617925568.0,484066920.0
2021-11-30,002050,21.15,22.35,20.99,21.73,301794,699014528.0,484066920.0
2021-12-01,002050,21.8,22.15,21.41,21.61,199800,464676464.0,476125440.0
2021-12-02,002050,21.44,22.94,21.44,22.76,388851,932566912.0,476125440.0
2021-12-03,002050,22.64,23.0,22.25,22.55,226714,543726384.0,476125440.0
2021-12-06,002050,22.47,22.6,21.88,21.88,179699,424797856.0,469175560.0
2021-12-07,002050,21.88,22.35,21.72,22.02,177212,416308320.0,464426344.0
2021-12-08,002050,22.0,22.13,21.61,21.82,188464,440083296.0,462491448.0
2021-12-09,002050,21.8,22.1,21.46,21.83,261939,610257808.0,462491448.0
2021-12-10,002050,21.71,22.78,21.64,22.39,322082,766338320.0,462491448.0
2021-12-13,002050,22.42,22.69,22.0,22.48,172306,412380752.0,459791352.0
2021-12-14,002050,22.36,22.47,21.95,22.11,138246,326894032.0,456099944.0
2021-12-15,002050,22.09,22.22,21.87,21.97,115060,271077088.0,446753576.0
2021-12-16,002050,22.05,22.12,21.66,21.95,108604,253383068.0,437454176.0
2021-12-17,002050,21.9,21.91,21.5,21.55,160921,372204128.0,433707832.0
2021-12-20,002050,21.39,21.69,20.91,20.94,193619,439486656.0,433707832.0
2021-12-21,002050,20.9,21.4,20.72,21.18,161746,364633664.0,433707832.0
2021-12-22,002050,21.16,21.47,21.05,21.42,93607,213757728.0,431841696.0
2021-12-23,002050,21.49,21.6,21.38,21.44,71070,163346622.0,430514304.0
2021-12-24,002050,21.65,21.73,21.12,21.2,86400,197511767.0,430514304.0
2021-12-27,002050,21.15,22.27,21.05,21.76,173413,404757824.0,430514304.0
2021-12-28,002050,22.0,23.16,22.0,23.01,642766,1556059536.0,431841696.0
2021-12-29,002050,22.99,23.64,22.71,23.27,431218,1068465472.0,433707832.0
2021-12-30,002050,23.28,24.1,23.1,23.88,397899,1006576656.0,437155856.0
2021-12-31,002050,23.85,24.04,23.55,23.8,207797,525011792.0,439784976.0
2022-01-04,002050,23.87,24.9,23.48,24.18,408959,1048291552.0,449429664.0
2022-01-05,002050,24.06,24.22,23.1,23.37,296756,745146256.0,459791352.0
2022-01-06,002050,23.35,23.61,22.68,22.91,204464,499455744.0,462741568.0
2022-01-07,002050,22.99,24.0,22.7,23.41,298481,742154192.0,462741568.0
2022-01-10,002050,23.26,23.94,22.86,23.76,186466,467951376.0,466313920.0
2022-01-11,002050,23.69,23.75,23.0,23.1,127131,315624624.0,466313920.0
2022-01-12,002050,23.01,23.72,22.92,23.62,141471,351237344.0,466313920.0
2022-01-13,002050,23.65,23.76,22.92,23.0,109195,269460928.0,466313920.0
2022-01-14,002050,23.02,23.08,22.5,22.61,150092,363246064.0,466313920.0
2022-01-17,002050,22.5,23.06,22.32,22.89,155388,377178000.0,466313920.0
2022-01-18,002050,22.85,23.15,22.66,23.0,80305,196115319.0,466313920.0
2022-01-19,002050,22.9,23.21,22.68,22.9,115644,282390960.0,462741568.0
2022-01-20,002050,22.81,22.9,21.53,21.64,346907,808960896.0,462741568.0
2022-01-21,002050,21.64,21.73,20.83,21.14,398223,899630816.0,466313920.0
2022-01-24,002050,21.01,21.34,20.71,20.83,305653,686556672.0,470813016.0
2022-01-25,002050,21.09,21.32,20.2,20.33,285522,634742032.0,476125440.0
2022-01-26,002050,20.35,20.66,19.06,19.2,563705,1195289872.0,476125440.0
2022-01-27,002050,19.32,19.32,17.13,17.46,1047361,1984375856.0,489015984.0
2022-01-28,002050,17.65,18.21,17.36,17.61,493208,949892208.0,499618896.0
2022-02-07,002050,18.04,18.16,17.45,17.73,275808,530336304.0,499618896.0
2022-02-08,002050,17.78,18.0,17.42,17.95,203360,390836432.0,489015984.0
2022-02-09,002050,17.98,17.98,17.62,17.83,248168,477931344.0,489015984.0
2022-02-10,002050,17.83,18.0,17.47,17.69,265359,508094768.0,503775256.0
2022-02-11,002050,17.58,17.63,17.2,17.33,178400,337126848.0,488693544.0
2022-02-14,002050,17.2,17.44,16.57,17.44,330364,606530832.0,488693544.0
2022-02-15,002050,17.15,17.4,16.89,17.34,236401,441688864.0,475803000.0
2022-02-16,002050,17.6,17.71,17.21,17.38,276283,523288416.0,475803000.0
2022-02-17,002050,17.4,17.82,17.31,17.68,257298,492156640.0,475803000.0
2022-02-18,002050,17.59,17.73,17.23,17.73,200491,380411696.0,470813016.0
2022-02-21,002050,17.68,18.26,17.55,18.17,304955,594813472.0,470813016.0
2022-02-22,002050,17.96,18.16,17.81,18.06,173620,338208112.0,466313920.0
2022-02-23,002050,18.03,18.35,17.96,18.31,172035,338708400.0,453182664.0
2022-02-24,002050,18.27,18.98,18.07,18.45,383732,766741776.0,466313920.0
2022-02-25,002050,18.59,18.87,18.5,18.82,197735,399244176.0,466313920.0
2022-02-28,002050,18.76,18.83,18.36,18.6,245812,493628736.0,472941360.0
2022-03-01,002050,18.68,19.08,18.65,18.94,205780,418737584.0,466313920.0
2022-03-02,002050,18.84,18.9,18.56,18.69,115526,233175064.0,453182664.0
2022-03-03,002050,18.76,18.77,18.2,18.24,123976,246342012.0,440886080.0
2022-03-04,002050,18.1,18.2,17.59,17.7,231388,445593184.0,440886080.0
2022-03-07,002050,17.6,17.7,16.65,16.72,265241,490573104.0,440886080.0
2022-03-08,002050,16.58,16.8,15.58,15.93,307602,544267360.0,443641024.0
2022-03-09,002050,15.65,15.89,14.22,14.93,490340,807235392.0,456772280.0
2022-03-10,002050,15.57,15.86,15.27,15.7,288738,496463808.0,472941360.0
2022-03-11,002050,15.4,15.63,15.1,15.61,274031,462530352.0,465240864.0
2022-03-14,002050,15.45,15.48,15.08,15.08,158387,265884694.0,454061768.0
2022-03-15,002050,15.0,15.1,14.12,14.17,235088,379136432.0,454061768.0
2022-03-16,002050,14.5,15.01,13.89,14.92,262914,420699968.0,454061768.0
2022-03-17,002050,15.2,15.65,14.95,15.36,269212,453494480.0,458012416.0
2022-03-18,002050,15.4,15.57,15.2,15.39,265316,448277424.0,458012416.0
2022-03-21,002050,15.39,15.92,15.3,15.57,197403,337496688.0,458012416.0
2022-03-22,002050,15.39,15.58,15.32,15.52,104674,177220072.0,458012416.0
2022-03-23,002050,15.53,15.79,15.41,15.45,143352,244765571.0,458012416.0
2022-03-24,002050,15.32,15.64,15.18,15.47,125074,211164036.0,458012416.0
2022-03-25,002050,15.49,15.88,15.19,15.21,174172,295974624.0,458012416.0
2022-03-28,002050,15.35,15.47,14.96,15.42,141721,237378249.0,458012416.0
2022-03-29,002050,15.59,15.59,15.27,15.28,134855,227654318.0,458012416.0
2022-03-30,002050,15.33,15.67,15.23,15.58,158619,268645712.0,450885952.0
2022-03-31,002050,15.4,15.43,15.01,15.12,111597,186517209.0,446935304.0
2022-04-01,002050,14.96,15.56,14.91,15.51,144710,244151008.0,443641024.0
2022-04-06,002050,15.44,15.81,15.31,15.63,151898,259034591.0,431194416.0
2022-04-07,002050,15.67,15.92,15.3,15.3,211389,361036032.0,419718776.0
2022-04-08,002050,15.3,15.35,14.68,15.05,176437,291026384.0,408990880.0
2022-04-11,002050,15.14,15.19,13.8,13.9,273611,431144896.0,408990880.0
2022-04-12,002050,13.84,14.37,13.73,14.3,181202,282441968.0,395040304.0
2022-04-13,002050,14.09,14.21,13.63,13.65,143357,220038485.0,385624064.0
2022-04-14,002050,13.79,14.0,13.7,13.96,96961,148869493.0,385624064.0
2022-04-15,002050,13.81,14.38,13.61,14.23,139192,215575394.0,385624064.0
2022-04-18,002050,14.24,14.5,14.0,14.4,111899,176867538.0,385624064.0
2022-04-19,002050,14.45,14.49,13.92,13.97,103277,161321464.0,385624064.0
2022-04-20,002050,14.0,14.29,13.85,13.93,105410,163785333.0,385624064.0
2022-04-21,002050,13.85,14.0,13.23,13.3,147720,222622975.0,385624064.0
2022-04-22,002050,13.13,13.36,12.88,13.13,121475,177268056.0,385624064.0
2022-04-25,002050,12.8,13.01,11.83,11.83,255221,352141856.0,379774064.0
2022-04-26,002050,12.29,13.16,12.23,13.15,488857,701638944.0,379774064.0
2022-04-27,002050,13.1,13.95,12.93,13.65,453809,678796960.0,379774064.0
2022-04-28,002050,13.7,15.17,13.48,15.0,456440,730211344.0,379774064.0
2022-04-29,002050,15.29,15.56,14.81,15.26,276806,461319040.0,379774064.0
2022-05-05,002050,15.33,15.8,14.8,15.19,304081,505626512.0,379774064.0
2022-05-06,002050,14.69,15.44,14.58,15.2,158149,262269713.0,370086232.0
2022-05-09,002050,14.99,15.33,14.8,15.1,107439,177670064.0,356588944.0
2022-05-10,002050,15.0,15.49,14.62,15.3,215384,359804512.0,355973184.0
2022-05-11,002050,15.35,15.85,15.23,15.44,316347,532719600.0,355973184.0
2022-05-12,002050,15.24,15.42,14.9,15.37,159731,264515673.0,345425128.0
2022-05-13,002050,15.36,15.73,15.1,15.7,187718,317181616.0,345425128.0
2022-05-16,002050,15.81,16.15,15.32,15.42,170392,289123040.0,338458256.0
2022-05-17,002050,15.42,16.05,15.29,16.05,194741,333586480.0,337852400.0
2022-05-18,002050,16.21,16.29,15.68,16.1,216870,377513104.0,337852400.0
2022-05-19,002050,15.76,16.1,15.62,15.92,138542,237563152.0,335541584.0
2022-05-20,002050,15.8,16.42,15.8,16.22,167367,292454208.0,325384048.0
2022-05-23,002050,15.86,16.25,15.46,15.46,282377,484254224.0,325384048.0
2022-05-24,002050,15.47,15.97,14.96,15.0,257634,434296720.0,325384048.0
2022-05-25,002050,14.9,15.29,14.71,15.19,138394,226276412.0,306578120.0
2022-05-26,002050,15.31,15.49,14.93,15.21,111938,185879336.0,294214416.0
2022-05-27,002050,15.19,15.55,15.0,15.01,137753,229222939.0,291740296.0
2022-05-30,002050,15.13,15.45,14.91,15.35,106703,177071976.0,290074712.0
2022-05-31,002050,15.35,16.24,15.18,16.09,226626,391638896.0,290074712.0
2022-06-01,002050,16.12,16.8,16.06,16.57,214989,383257552.0,291740296.0
2022-06-02,002050,16.36,17.12,16.36,16.97,187581,340128928.0,294214416.0
2022-06-06,002050,16.97,17.35,16.78,17.11,207982,382325824.0,294214416.0
2022-06-07,002050,17.18,17.42,16.87,17.05,193957,357705120.0,294214416.0
2022-06-08,002050,17.06,17.79,16.95,17.71,240096,452110256.0,294214416.0
2022-06-09,002050,17.7,17.78,17.3,17.51,121459,228747771.0,291740296.0
2022-06-10,002050,17.59,19.25,17.13,18.8,379153,754245392.0,291740296.0
2022-06-13,002050,18.55,19.75,18.5,19.35,347602,719038848.0,291740296.0
2022-06-14,002050,19.05,20.23,18.52,19.87,303447,620156080.0,294214416.0
2022-06-15,002050,19.65,20.1,19.17,19.63,296375,622078160.0,294214416.0
2022-06-16,002050,19.63,20.77,19.53,20.53,373390,809818688.0,294214416.0
2022-06-17,002050,20.33,22.33,20.07,21.61,453198,1022407232.0,294214416.0
2022-06-20,002050,23.85,23.91,21.98,23.65,1073490,2650004512.0,294214416.0
2022-06-21,002050,23.85,25.34,22.69,22.95,1057845,2662673216.0,294214416.0
2022-06-22,002050,22.65,23.6,22.27,22.96,802462,1954160544.0,306578120.0
2022-06-23,002050,22.89,24.87,22.89,24.67,878707,2229919808.0,325384048.0
2022-06-24,002050,24.45,24.52,23.38,23.75,759784,1914668624.0,336857704.0
2022-06-27,002050,23.79,26.26,23.62,26.26,1063012,2846125024.0,346135392.0
2022-06-28,002050,26.95,27.5,26.26,27.01,1009275,2850074432.0,354923488.0
2022-06-29,002050,26.65,26.83,24.95,25.1,889370,2415695440.0,358754816.0
2022-06-30,002050,26.2,27.45,25.48,26.13,804856,2217639520.0,360420272.0
2022-07-01,002050,25.99,26.11,25.0,25.85,609806,1637477552.0,369274568.0
2022-07-04,002050,26.38,27.1,25.85,26.4,546160,1517394848.0,379919464.0
2022-07-05,002050,26.45,27.76,25.85,26.54,592586,1655785008.0,382791688.0
2022-07-06,002050,26.44,26.64,25.5,25.85,456221,1246286784.0,387448224.0
2022-07-07,002050,25.58,27.05,24.95,27.05,718013,1995717840.0,411391896.0
2022-07-08,002050,26.65,27.67,26.25,26.56,386988,1092002768.0,412967808.0
2022-07-11,002050,26.66,26.85,25.56,25.96,427512,1165864384.0,443203488.0
2022-07-12,002050,25.91,26.3,25.05,25.08,329323,883167236.64,456714648.0
2022-07-13,002050,25.61,27.36,25.18,26.98,507451,1415162889.95,472786632.0
2022-07-14,002050,27.06,28.97,26.51,27.91,664986,1962525802.26,494940368.0
2022-07-15,002050,27.67,28.89,27.2,27.87,549370,1624887233.93,519173056.0
2022-07-18,002050,28.25,28.25,26.51,27.61,462433,1324737247.96,576437840.0
2022-07-19,002050,27.6,29.25,27.29,28.12,495794,1472575773.6,621117120.0
2022-07-20,002050,27.89,28.44,26.72,26.98,612551,1754334403.86,650437560.0
2022-07-21,002050,26.85,27.65,26.42,26.55,356319,1005972272.18,690217952.0
2022-07-22,002050,26.72,26.89,25.95,26.51,360388,1003142323.17,710338896.0
2022-07-25,002050,26.55,26.65,25.56,26.1,242010,663676914.07,698917904.0
2022-07-26,002050,26.35,27.81,25.82,27.57,456511,1295361087.3,724625096.0
2022-07-27,002050,27.45,30.46,27.37,30.46,760751,2353096914.06,736642120.0
2022-07-28,002050,30.62,31.42,29.35,29.96,830861,2627104534.37,782032040.0
2022-07-29,002050,30.43,32.09,29.99,31.15,645951,2108816588.48,846492962.3199999
2022-08-01,002050,31.05,32.65,30.66,31.42,529600,1747252363.43,943154779.905
2022-08-02,002050,30.65,31.08,29.95,30.56,488622,1556702109.85,1004557297.675
2022-08-03,002050,30.76,30.96,27.82,28.05,828208,2518523396.42,1014189752.0899999
2022-08-04,002050,28.34,28.44,26.35,27.4,851221,2427921133.24,1057205000.0
2022-08-05,002050,28.38,28.46,25.65,26.32,869540,2421556031.25,1128933576.0
2022-08-08,002050,25.66,29.09,25.66,29.09,846974,2470579543.19,1206075584.0
2022-08-09,002050,28.79,29.23,28.28,28.3,471397,1412213093.89,1270823935.65
2022-08-10,002050,28.94,30.67,28.41,29.98,612956,1899478939.71,1310049167.63
2022-08-11,002050,30.06,30.06,28.39,28.78,531901,1614891791.57,1368475170.9250002
2022-08-12,002050,29.15,30.5,27.72,27.94,664761,2001835293.7,1413687991.92
2022-08-15,002050,27.78,30.05,27.78,29.71,634596,1941659294.25,1443869331.775
2022-08-16,002050,29.65,30.14,28.73,29.02,510843,1567948667.24,1494985310.8
2022-08-17,002050,28.45,29.25,27.28,28.69,660404,1964027034.99,1537048478.925
2022-08-18,002050,28.76,30.15,28.53,29.83,530701,1648404933.38,1562325388.545
2022-08-19,002050,29.87,30.02,28.0,28.05,626935,1872614809.22,1591420229.405
2022-08-22,002050,28.05,28.55,27.54,28.03,314075,921134634.16,1591420229.405
2022-08-23,002050,27.99,28.81,27.83,28.34,265663,790322239.31,1591420229.405
2022-08-24,002050,28.3,28.54,26.45,26.56,592824,1679554363.33,1619889512.75
2022-08-25,002050,26.65,26.95,25.85,26.35,387144,1069542425.17,1619889512.75
2022-08-26,002050,26.58,26.94,25.4,25.55,449240,1232800299.09,1619889512.75
2022-08-29,002050,25.15,26.36,24.96,26.01,491253,1328937713.43,1619889512.75
2022-08-30,002050,26.53,26.53,25.66,25.84,258053,705486164.79,1619889512.75
2022-08-31,002050,25.7,25.82,23.91,24.29,668556,1722135553.19,1631182392.9650002
2022-09-01,002050,24.3,24.87,24.03,24.12,296562,761949083.73,1631182392.9650002
2022-09-02,002050,24.61,25.12,23.46,24.6,476472,1231812402.07,1631182392.9650002
2022-09-05,002050,24.6,25.44,23.93,24.63,315864,826976747.1,1631182392.9650002
2022-09-06,002050,24.73,27.03,24.55,26.7,570401,1565830614.32,1631182392.9650002
2022-09-07,002050,26.38,28.85,26.35,28.73,573734,1698869196.19,1642941242.69
2022-09-08,002050,28.32,28.73,27.32,27.45,354616,1036638839.39,1642941242.69
2022-09-09,002050,27.75,28.09,27.02,27.61,282017,817947482.85,1642941242.69
2022-09-13,002050,27.95,28.68,26.95,28.37,331107,972105846.36,1631182392.9650002
2022-09-14,002050,28.07,28.44,27.55,27.91,341297,998102263.99,1619889512.75
2022-09-15,002050,27.67,28.05,25.55,25.87,539315,1498105134.18,1591420229.405
2022-09-16,002050,26.01,26.34,25.05,25.05,289566,778543152.11,1566889640.78
2022-09-19,002050,25.33,25.92,25.05,25.44,240770,643056581.57,1561266362.085
2022-09-20,002050,25.71,27.7,25.48,27.51,477263,1350749272.36,1537048478.925
2022-09-21,002050,27.66,28.22,27.12,27.28,427803,1242575345.42,1507749991.0900002
2022-09-22,002050,26.76,27.66,26.45,26.75,355055,997881520.89,1485340453.8899999
2022-09-23,002050,26.81,26.99,23.97,24.8,790913,2074887834.61,1485340453.8899999
2022-09-26,002050,25.1,27.09,24.81,26.72,750988,2077189410.39,1485340453.8899999
2022-09-27,002050,26.83,26.83,24.98,25.45,513481,1373985198.43,1443869331.775
2022-09-28,002050,25.26,25.55,24.27,24.35,437374,1133291656.32,1413687991.92
2022-09-29,002050,24.75,25.47,23.95,24.52,331737,853190020.34,1413687991.92
2022-09-30,002050,24.63,24.73,23.33,23.35,449216,1123790056.23,1393099146.16
2022-10-10,002050,20.9,21.1,20.89,20.89,166774,369313455.17,1393099146.16
2022-10-11,002050,19.37,20.75,19.15,20.34,1181983,2498649275.13,1413687991.92
2022-10-12,002050,20.34,21.74,19.65,21.63,795792,1739463459.71,1443869331.775
2022-10-13,002050,21.26,21.61,20.43,20.6,682275,1504857282.22,1485340453.8899999
2022-10-14,002050,20.85,21.37,20.52,21.12,459578,1024256157.74,1442394433.745
2022-10-17,002050,21.07,21.36,20.15,20.68,489813,1073512210.99,1393099146.16
2022-10-18,002050,20.92,21.63,20.59,20.82,403282,894810719.15,1393099146.16
2022-10-19,002050,20.66,21.51,20.64,20.7,297796,663458042.54,1362367235.395
2022-10-20,002050,20.33,20.69,18.65,19.35,968128,1991396810.41,1362367235.395
2022-10-21,002050,19.45,20.21,19.17,20.07,491124,1035066772.65,1362367235.395
2022-10-24,002050,20.18,20.37,19.42,19.56,363370,764607512.85,1362367235.395
2022-10-25,002050,19.56,20.57,19.36,20.13,472450,1004613137.96,1362367235.395
2022-10-26,002050,20.32,20.64,19.95,20.24,410049,881331435.75,1362367235.395
2022-10-27,002050,21.3,21.63,20.37,20.43,763683,1697431179.35,1362367235.395
2022-10-28,002050,20.22,20.6,19.25,19.4,491643,1034114759.07,1339843492.895
2022-10-31,002050,19.18,20.17,18.86,20.0,565997,1189947825.75,1285756529.4250002
2022-11-01,002050,20.0,20.65,19.87,20.63,299771,648391780.15,1237687822.255
2022-11-02,002050,20.57,22.46,20.26,21.93,641335,1466678587.45,1237687822.255
2022-11-03,002050,21.76,22.1,21.55,21.89,299982,693345305.45,1232306350.58
2022-11-04,002050,21.96,23.3,21.96,22.96,437827,1053731278.88,1210880113.9099998
2022-11-07,002050,22.93,23.24,22.36,22.75,279086,669499628.08,1161619741.0349998
2022-11-08,002050,22.74,22.75,22.03,22.46,246621,580929958.87,1128540856.275
2022-11-09,002050,22.46,23.15,22.2,22.5,207711,496843289.64,1098651133.6100001
2022-11-10,002050,22.07,22.25,21.18,21.56,368452,840797924.2,1071527318.0799999
2022-11-11,002050,22.35,22.84,21.74,22.11,301352,706661831.21,1061636852.025
2022-11-14,002050,22.09,22.43,21.49,21.61,268099,617316268.01,1045185059.135
2022-11-15,002050,21.53,22.25,21.32,22.17,289435,668918802.76,1035852806.02
2022-11-16,002050,22.05,22.2,21.27,21.35,221203,504817680.84,1034590765.86
2022-11-17,002050,21.19,21.33,20.15,20.8,389627,850458692.63,1029185458.405
2022-11-18,002050,20.88,21.27,20.3,20.99,285162,632137844.0,1014434647.85
2022-11-21,002050,20.79,21.78,20.49,21.71,252179,569899317.34,1001357700.975
2022-11-22,002050,21.52,21.63,20.81,21.0,215809,482585709.32,1001357700.975
2022-11-23,002050,21.05,21.85,20.76,21.69,211412,479846092.87,1001357700.975
2022-11-24,002050,21.75,22.15,21.42,21.5,148702,340676214.66,997991892.44
2022-11-25,002050,21.36,21.49,20.72,20.85,160607,356266963.44,984993683.625
2022-11-28,002050,20.63,20.98,20.46,20.93,157729,347035101.39,933458282.755
2022-11-29,002050,20.65,20.92,19.49,19.67,591485,1249581558.07,933458282.755
2022-11-30,002050,19.64,21.07,19.55,20.75,473068,1026415967.23,984993683.625
2022-12-01,002050,20.75,21.63,20.59,21.15,285769,642219675.63,933458282.755
2022-12-02,002050,21.15,21.17,20.4,20.55,273257,599534674.1,933458282.755
2022-12-05,002050,21.23,21.58,20.55,21.45,345908,779005969.51,888071077.45
2022-12-06,002050,21.45,21.74,21.0,21.32,236312,534180213.95,888071077.45
2022-12-07,002050,21.32,22.33,21.05,21.74,270096,623050445.77,867260728.0450001
2022-12-08,002050,21.75,21.95,21.37,21.57,223620,512829006.91,851824356.485
2022-12-09,002050,21.65,21.92,21.35,21.88,265357,609746832.73,845628308.415
2022-12-12,002050,21.88,22.63,21.53,22.11,262735,614924850.42,845628308.415
2022-12-13,002050,22.01,22.48,21.69,21.78,175834,407870536.79,809901946.855
2022-12-14,002050,21.74,22.38,21.66,21.99,160819,374630303.7,778774560.81
2022-12-15,002050,22.02,22.61,21.9,22.61,212550,500605116.93,771575332.48
2022-12-16,002050,22.31,22.54,21.67,21.84,208203,483652253.41,735634672.03
2022-12-19,002050,21.84,22.4,21.78,22.04,212603,495804426.44,735634672.03
2022-12-20,002050,21.86,22.31,21.63,21.8,163069,378089893.6,700003568.33
2022-12-21,002050,21.95,22.0,21.35,21.56,168039,384767560.05,681422466.7650001
2022-12-22,002050,21.61,21.72,21.05,21.24,127625,288298284.33,669209215.4200001
2022-12-23,002050,21.04,21.29,20.3,20.49,156923,343478328.42,666188422.65
2022-12-26,002050,20.65,21.14,20.55,21.11,120729,267764425.72,655924911.345
2022-12-27,002050,21.15,21.19,20.43,20.75,173720,381008419.7,645305727.89
2022-12-28,002050,20.81,20.87,19.45,19.81,420042,882741256.0,645305727.89
2022-12-29,002050,20.24,20.29,19.84,19.93,197450,420356978.89,637178759.815
2022-12-30,002050,20.26,20.62,19.87,19.97,217771,466335081.49,627594144.885
2023-01-03,002050,19.84,19.9,19.17,19.57,474379,984055242.02,637178759.815
2023-01-04,002050,19.54,19.7,18.75,19.35,416206,851628474.95,637178759.815
2023-01-05,002050,19.35,20.14,19.27,19.63,532039,1112857477.23,637178759.815
2023-01-06,002050,19.46,20.14,19.42,19.83,380501,805336606.06,637178759.815
2023-01-09,002050,20.33,20.77,19.98,20.38,513224,1113280036.71,637178759.815
2023-01-10,002050,20.55,21.45,20.01,21.12,455776,1005701577.79,637178759.815
2023-01-11,002050,21.14,21.95,20.95,21.77,460023,1054409544.81,637178759.815
2023-01-12,002050,21.83,22.2,21.57,21.79,266447,615645677.82,627594144.885
2023-01-13,002050,21.78,23.33,21.75,22.55,605866,1458863375.8,627594144.885
2023-01-16,002050,23.33,23.53,22.83,23.17,432838,1058641594.55,627594144.885
2023-01-17,002050,23.18,23.45,22.79,23.35,285725,698851569.41,627594144.885
2023-01-18,002050,23.55,24.06,23.45,23.65,244320,612035335.52,620183356.89
2023-01-19,002050,23.73,23.95,23.34,23.68,203190,507156395.68,616480972.915
2023-01-20,002050,23.85,23.94,23.27,23.34,185834,459699861.13,615285264.12
2023-01-30,002050,24.05,25.25,24.0,25.01,407573,1063884024.63,615285264.12
2023-01-31,002050,24.75,24.9,24.16,24.31,194286,499274161.77,613480092.97
2023-02-01,002050,24.42,24.82,24.3,24.75,238187,617152369.7,613480092.97
2023-02-02,002050,24.7,24.89,24.5,24.56,128161,332076262.66,610891084.125
2023-02-03,002050,24.59,24.59,23.57,24.05,239135,602624784.75,606185808.74
2023-02-06,002050,23.9,24.05,23.38,23.64,248407,617497446.93,606185808.74
2023-02-07,002050,23.84,26.13,23.71,26.13,582029,1554152764.34,606185808.74
2023-02-08,002050,25.71,26.04,25.09,25.6,560079,1498986237.51,610891084.125
2023-02-09,002050,25.55,26.25,25.23,25.85,511515,1382128239.56,613480092.97
2023-02-10,002050,26.03,27.18,25.53,26.71,470761,1306592170.25,613480092.97
2023-02-13,002050,26.62,26.7,25.65,25.93,438424,1197852609.19,613480092.97
2023-02-14,002050,26.13,26.52,25.45,25.79,216507,583489898.87,610891084.125
2023-02-15,002050,25.79,26.3,25.68,25.79,215772,585806339.07,606185808.74
2023-02-16,002050,25.93,25.95,25.05,25.3,191244,511926996.82,606185808.74
2023-02-17,002050,25.3,25.63,25.04,25.29,188485,503598571.12,601079729.425
2023-02-20,002050,25.15,26.02,24.94,25.73,200331,537960652.0,592670506.585
2023-02-21,002050,25.72,25.9,25.2,25.61,200212,536460091.39,592670506.585
2023-02-22,002050,25.46,25.81,25.11,25.26,143003,379899609.94,592670506.585
2023-02-23,002050,25.37,25.37,24.5,25.06,358906,937052635.61,601079729.425
2023-02-24,002050,24.98,25.0,24.11,24.32,330697,847425089.88,606185808.74
2023-02-27,002050,24.23,25.34,24.1,24.89,263994,686075083.32,610891084.125
2023-02-28,002050,24.83,24.83,24.03,24.3,271263,691413554.14,613480092.97
2023-03-01,002050,24.42,24.57,23.81,24.07,343432,869008366.6,613480092.97
2023-03-02,002050,24.77,24.94,22.51,22.6,684432,1657979733.31,613480092.97
2023-03-03,002050,22.74,23.3,22.69,22.84,332725,805104150.36,613480092.97
2023-03-06,002050,22.83,23.49,22.6,23.25,307128,749488861.78,615285264.12
2023-03-07,002050,23.3,23.34,22.66,22.73,160506,388607662.79,613480092.97
2023-03-08,002050,22.6,23.17,22.43,22.61,158395,380537051.79,613480092.97
2023-03-09,002050,22.61,23.5,22.54,22.67,225033,546624783.4,610891084.125
2023-03-10,002050,22.53,22.63,22.03,22.12,201686,472589002.36,610891084.125
2023-03-13,002050,21.85,22.75,21.74,22.6,245138,579491059.79,607330060.135
2023-03-14,002050,22.57,22.71,22.17,22.47,245189,581852050.56,594215561.9100001
2023-03-15,002050,22.64,23.64,22.56,22.62,272486,659638617.21,607330060.135
2023-03-16,002050,22.25,22.79,22.1,22.41,218755,520033295.05,607330060.135
2023-03-17,002050,22.46,22.82,21.89,22.34,259596,609990851.47,611013093.495
2023-03-20,002050,22.03,22.4,21.72,22.25,321673,749772152.93,613840506.6700001
2023-03-21,002050,22.22,23.06,22.06,23.02,228301,548526823.88,613840506.6700001
2023-03-22,002050,23.55,23.66,22.89,23.12,223884,548602305.74,613840506.6700001
2023-03-23,002050,23.1,23.1,21.56,21.73,460330,1072544577.09,616399023.76
2023-03-24,002050,21.73,22.6,21.29,22.48,438266,1020921001.11,617324908.315
2023-03-27,002050,22.43,24.72,22.38,24.31,676299,1719183928.43,638568032.0699999
2023-03-28,002050,24.18,24.88,24.1,24.5,348993,898736805.53,672856850.2650001
2023-03-29,002050,24.4,25.55,24.19,24.83,293622,766656696.22,688744318.73
2023-03-30,002050,24.83,24.9,24.41,24.78,172534,446775275.35,672856850.2650001
2023-03-31,002050,24.67,24.95,24.35,24.5,146882,379414772.64,672856850.2650001
2023-04-03,002050,24.45,24.48,23.76,23.95,232652,587305904.73,672856850.2650001
2023-04-04,002050,23.97,24.11,23.36,23.85,256130,640034080.23,649836348.72
2023-04-06,002050,23.65,24.11,23.61,24.04,141152,355023588.8,628765763.5799999
2023-04-07,002050,24.03,24.27,23.33,23.5,170930,425142751.65,617324908.315
2023-04-10,002050,23.75,24.22,22.69,23.11,258159,631626985.22,617324908.315
2023-04-11,002050,23.11,23.35,22.9,23.16,218139,531066020.27,616399023.76
2023-04-12,002050,23.25,23.48,22.6,22.98,208735,504401339.01,613840506.6700001
2023-04-13,002050,22.96,23.18,22.54,22.55,139233,334786206.35,611013093.495
2023-04-14,002050,22.55,23.15,22.5,22.84,162482,391845911.19,606307818.11
2023-04-17,002050,23.85,24.93,23.32,23.34,641117,1633494273.87,606307818.11
2023-04-18,002050,23.33,23.71,23.0,23.13,265913,651184671.49,606307818.11
2023-04-19,002050,23.11,23.46,22.86,23.25,200793,490542439.53,594965344.74
2023-04-20,002050,22.94,23.14,21.77,22.24,385317,907739820.39,594965344.74
2023-04-21,002050,21.98,22.15,21.41,21.42,278700,640099867.45,606307818.11
2023-04-24,002050,21.45,21.86,21.08,21.53,191602,436443865.42,606307818.11
2023-04-25,002050,21.53,21.6,20.71,20.91,165731,369118399.72,594965344.74
2023-04-26,002050,20.84,22.51,20.76,22.22,312297,724084142.66,606307818.11
2023-04-27,002050,22.11,22.45,21.75,22.07,145762,339505336.02,594965344.74
2023-04-28,002050,22.2,22.42,21.59,22.09,158427,367202583.36,594965344.74
2023-05-04,002050,21.88,23.41,21.88,22.58,382766,921813725.46,598648378.1
2023-05-05,002050,22.55,22.68,21.88,22.04,246175,577509948.49,586556121.9000001
2023-05-08,002050,22.07,22.51,21.71,21.71,146468,338035807.48,584648118.97
2023-05-09,002050,21.86,21.86,21.17,21.38,147016,334836244.86,582670974.7149999
2023-05-10,002050,21.16,22.13,20.93,21.83,177638,405530881.43,580671555.175
2023-05-11,002050,21.59,22.85,21.55,22.17,226691,534230484.46,578500504.14
2023-05-12,002050,22.25,22.55,21.95,21.95,103461,242166547.63,563056127.115
2023-05-15,002050,21.95,22.79,21.66,22.56,143806,341547549.46,548564564.81
2023-05-16,002050,22.83,22.95,22.45,22.66,92179,220613543.18,547575803.64
2023-05-17,002050,22.75,23.25,22.69,23.25,187547,455623309.41,547575803.64
2023-05-18,002050,23.93,24.92,23.85,24.38,550339,1414115476.51,548564564.81
2023-05-19,002050,24.6,25.01,24.15,24.3,403970,1040829900.87,563056127.115
2023-05-22,002050,24.24,24.63,23.87,24.53,268075,684549276.77,578500504.14
2023-05-23,002050,24.47,24.8,24.08,24.26,241015,615888112.31,580671555.175
2023-05-24,002050,24.1,24.27,23.77,23.81,151047,380983107.01,578500504.14
2023-05-25,002050,23.74,24.58,23.3,24.52,228006,578318503.29,577914225.89
2023-05-26,002050,24.45,25.3,23.98,24.93,205048,532775708.41,563056127.115
2023-05-29,002050,24.8,24.9,23.75,24.3,182503,464563306.52,548564564.81
2023-05-30,002050,24.31,24.97,23.89,24.15,148748,379309043.64,547575803.64
2023-05-31,002050,24.4,24.75,23.65,24.74,414256,1060082962.44,547575803.64
2023-06-01,002050,24.3,24.31,23.43,23.87,307824,772670644.54,547575803.64
2023-06-02,002050,23.9,24.47,23.65,24.1,217350,553034887.05,547575803.64
2023-06-05,002050,24.27,25.05,23.8,24.52,232229,596767780.12,548564564.81
2023-06-06,002050,24.52,24.64,23.55,23.62,186507,469115053.67,548564564.81
2023-06-07,002050,23.62,23.76,23.2,23.39,182317,448366035.68,548564564.81
2023-06-08,002050,23.3,23.48,22.89,23.15,132648,324141849.78,548564564.81
2023-06-09,002050,23.36,23.86,23.06,23.15,192102,468961094.54,541378654.17
2023-06-12,002050,23.08,25.57,23.01,25.57,832044,2181911571.96,541378654.17
2023-06-13,002050,25.85,26.86,25.6,26.31,853221,2318452512.31,541378654.17
2023-06-14,002050,26.21,26.7,25.99,26.23,418829,1143907524.32,548564564.81
2023-06-15,002050,26.27,28.63,26.24,27.95,855441,2451612736.49,548564564.81
2023-06-16,002050,27.95,28.65,27.66,28.33,475335,1385580350.28,548564564.81
2023-06-19,002050,27.95,29.96,27.95,29.26,596162,1790882410.45,550818596.395
2023-06-20,002050,28.74,31.95,28.63,30.44,679471,2126478268.74,565272417.77
2023-06-21,002050,30.37,31.07,29.5,29.89,496509,1541389917.27,565272417.77
2023-06-26,002050,29.65,30.33,28.09,28.53,864869,2595953779.53,565272417.77
2023-06-27,002050,28.7,29.08,27.66,28.75,426854,1261946717.07,565272417.77
2023-06-28,002050,28.6,29.12,27.88,28.75,359661,1065640143.44,565272417.77
2023-06-29,002050,28.73,30.07,28.61,29.65,684074,2094432068.73,565272417.77
2023-06-30,002050,29.45,29.55,28.71,29.21,403263,1219545959.35,577914225.89
2023-07-03,002050,28.86,29.6,27.95,28.15,692593,2048117240.04,582812204.01
2023-07-04,002050,28.21,29.05,27.95,28.68,529092,1571640432.09,587543141.7049999
2023-07-05,002050,28.56,28.85,27.93,28.05,504516,1480941832.03,587543141.7049999
2023-07-06,002050,27.94,28.28,27.55,27.77,405304,1171818996.04,606327946.2149999
2023-07-07,002050,27.94,28.0,26.97,27.12,434994,1233281548.6,623757548.765
2023-07-10,002050,26.95,27.17,25.95,26.05,629788,1723708275.35,627993989.88
2023-07-11,002050,26.27,27.11,25.88,27.01,625888,1735190841.94,645642269.47
2023-07-12,002050,26.95,27.49,26.64,26.74,326030,915301574.05,667866974.13
2023-07-13,002050,26.74,27.01,26.28,26.76,380390,1059120553.81,704316709.7149999
2023-07-14,002050,26.73,27.5,26.71,26.86,462817,1301336926.26,748377393.5999999
2023-07-17,002050,26.79,27.15,26.21,26.57,234988,648346175.18,704316709.7149999
2023-07-18,002050,26.35,27.31,26.19,26.88,448491,1251606994.59,748377393.5999999
2023-07-19,002050,26.88,27.35,26.7,27.02,248445,696054755.33,748377393.5999999
2023-07-20,002050,27.01,27.16,26.25,26.37,383271,1061163557.98,748377393.5999999
2023-07-21,002050,26.14,26.45,25.71,25.83,297260,802309809.11,787490226.825
2023-07-24,002050,25.95,26.41,25.59,26.01,199122,540246942.65,787490226.825
2023-07-25,002050,26.45,27.11,26.06,26.99,461104,1284752077.51,858805691.5799999
2023-07-26,002050,26.99,26.99,25.65,25.81,406072,1100492464.36,918557649.755
2023-07-27,002050,26.05,26.52,26.05,26.19,287641,785995644.06,918557649.755
2023-07-28,002050,26.19,26.19,25.42,25.78,360086,967115245.72,944464485.59
2023-07-31,002050,25.83,27.24,25.82,26.8,395517,1103865908.14,1003972573.2950001
2023-08-01,002050,26.93,27.05,26.37,26.79,207119,575259946.9,1003972573.2950001
2023-08-02,002050,26.8,27.45,26.66,26.93,376929,1061012853.29,1049975227.3399999
2023-08-03,002050,26.83,27.41,26.43,27.06,244819,685515329.86,1049975227.3399999
2023-08-04,002050,26.81,27.85,26.55,27.65,420697,1193826284.52,1059601758.125
2023-08-07,002050,27.6,28.05,27.45,27.7,306771,885710322.57,1059601758.125
2023-08-08,002050,27.51,28.35,27.46,28.08,246548,717534972.12,1059601758.125
2023-08-09,002050,27.83,27.94,27.15,27.35,184501,525163308.68,1059601758.125
2023-08-10,002050,27.23,27.3,26.93,27.25,119268,335789594.97,1059601758.125
2023-08-11,002050,27.43,27.5,26.53,26.55,113069,315397943.16,1059601758.125
2023-08-14,002050,26.25,26.75,25.63,26.66,205101,558697944.59,1049975227.3399999
2023-08-15,002050,26.84,26.9,26.0,26.26,160003,438396786.74,1013117899.765
2023-08-16,002050,26.24,26.7,25.73,25.87,184709,500917369.87,1013117899.765
2023-08-17,002050,25.8,26.54,25.26,26.12,230714,622629058.03,1013117899.765
2023-08-18,002050,26.15,26.15,25.15,25.45,216451,574339835.26,1013117899.765
2023-08-21,002050,25.37,25.73,24.83,25.45,219169,579630302.33,1013117899.765
2023-08-22,002050,25.79,26.55,25.65,26.48,306600,833041837.49,1013117899.765
2023-08-23,002050,26.65,27.09,26.2,26.31,245073,677498128.37,1013117899.765
2023-08-24,002050,26.34,27.13,26.1,26.8,204972,568025966.13,1013117899.765
2023-08-25,002050,26.77,26.84,25.83,26.63,154034,423703396.82,941208409.885
2023-08-28,002050,28.05,28.55,26.75,27.12,281837,801254860.14,941208409.885
2023-08-29,002050,26.87,29.94,26.87,29.06,618344,1847413505.08,1013117899.765
2023-08-30,002050,28.95,29.88,28.82,28.96,402501,1215557990.63,1060066703.55
2023-08-31,002050,28.81,29.25,28.38,28.65,289941,861796170.63,1060066703.55
2023-09-01,002050,28.5,28.75,27.65,28.73,327117,957682019.67,1060066703.55
2023-09-04,002050,28.6,28.64,26.97,27.48,510824,1456139513.4,1061088205.635
2023-09-05,002050,27.5,28.12,27.49,27.65,294183,849544126.84,1061088205.635
2023-09-06,002050,27.35,27.65,27.17,27.54,167140,476264672.57,1060066703.55
2023-09-07,002050,27.51,27.55,27.11,27.16,128733,364753898.05,1013117899.765
2023-09-08,002050,27.15,28.19,27.04,27.54,181703,522894821.22,962398632.6949999
2023-09-11,002050,27.53,28.02,27.2,27.67,188560,541886741.58,936491796.8599999
2023-09-12,002050,28.24,28.5,27.36,28.1,232802,676237056.63,900505948.31
2023-09-13,002050,28.0,28.11,27.25,27.39,179573,512980872.35,873753246.6
2023-09-14,002050,27.29,27.57,26.75,26.89,151615,425630129.05,855670148.735
2023-09-15,002050,26.9,26.99,26.5,26.68,150588,417701743.67,841292982.165
2023-09-18,002050,26.58,27.63,26.41,27.2,195997,554095353.32,817675823.3
2023-09-19,002050,27.1,27.42,26.57,26.92,170599,477317741.69,801782334.625
2023-09-20,002050,26.92,27.01,26.38,26.55,181053,500753285.91,793625252.0999999
2023-09-21,002050,26.55,26.55,25.96,26.46,170620,467057533.1,751765308.0899999
2023-09-22,002050,26.58,26.84,26.0,26.46,337175,924352025.91,751765308.0899999
2023-09-25,002050,27.29,28.32,26.99,27.51,575731,1652579294.43,751765308.0899999
2023-09-26,002050,27.7,28.12,27.05,27.96,249667,718011448.03,717773210.075
2023-09-27,002050,27.96,28.6,27.75,28.14,206954,603409329.79,706794863.725
2023-09-28,002050,28.34,28.82,28.1,28.65,220787,652570666.07,690785042.595
2023-10-09,002050,28.47,29.48,28.1,29.06,275115,826638030.33,690785042.595
2023-10-10,002050,28.97,29.03,28.08,28.18,257582,757002625.62,690785042.595
2023-10-11,002050,28.36,28.37,27.83,28.04,182929,532532494.66,681506729.115
2023-10-12,002050,28.16,28.22,27.57,27.65,149546,432295346.04,676867592.5
2023-10-13,002050,27.57,27.7,26.56,26.82,294246,822132987.72,676867592.5
2023-10-16,002050,26.66,27.21,26.13,26.76,213923,593285693.09,664403861.35
2023-10-17,002050,26.59,26.75,26.15,26.6,133858,368363253.05,664403861.35
2023-10-18,002050,26.52,26.92,26.4,26.73,158103,437490175.17,637599862.05
2023-10-19,002050,26.5,26.55,25.75,25.88,240366,647565240.1,635097149.065
2023-10-20,002050,25.82,25.87,25.3,25.39,139541,369946881.46,613019193.91
2023-10-23,002050,25.2,25.34,24.6,24.95,172875,448355783.45,598347511.44
2023-10-24,002050,24.78,26.4,24.77,25.54,297343,788919580.38,613019193.91
2023-10-25,002050,25.64,26.33,25.5,26.04,158798,427566828.85,598347511.44
2023-10-26,002050,25.89,26.58,25.68,26.55,189898,515594793.85,586457997.71
2023-10-27,002050,26.51,26.65,26.18,26.28,140610,385090655.58,577445124.615
2023-10-30,002050,26.27,26.49,25.8,26.25,240260,652210602.66,577445124.615
2023-10-31,002050,25.7,25.89,24.64,25.74,363834,958461001.12,577445124.615
2023-11-01,002050,25.74,26.29,25.43,25.86,151206,406216401.55,576985068.7950001
2023-11-02,002050,25.86,25.99,24.8,24.83,269329,703910106.42,576985068.7950001
2023-11-03,002050,25.43,26.02,25.03,25.5,334770,889630613.78,576985068.7950001
2023-11-06,002050,25.54,26.96,25.35,26.96,370564,1009633248.79,576985068.7950001
2023-11-07,002050,26.96,27.57,26.72,27.21,212818,600711522.1,576985068.7950001
2023-11-08,002050,27.2,27.34,26.7,26.93,156442,438076894.41,571182900.6949999
2023-11-09,002050,26.93,26.93,26.16,26.83,210772,582301284.21,576985068.7950001
2023-11-10,002050,26.66,26.83,26.44,26.7,109129,301509907.29,576985068.7950001
2023-11-13,002050,26.7,27.25,26.7,26.86,158010,442447503.93,576985068.7950001
2023-11-14,002050,26.94,27.05,26.52,26.63,122085,338215821.25,576985068.7950001
2023-11-15,002050,26.86,28.05,26.8,27.63,312693,892580747.76,580965793.27
2023-11-16,002050,27.55,27.66,27.15,27.18,103773,294560017.17,580965793.27
2023-11-17,002050,27.11,28.4,27.04,28.31,265000,765494278.09,580965793.27
2023-11-20,002050,28.4,28.69,27.78,28.4,221697,647479549.57,587793488.6500001
2023-11-21,002050,28.2,28.39,27.32,27.4,326605,935975071.33,596998607.595
2023-11-22,002050,27.3,27.3,26.68,26.71,212370,594260268.01,593772980.55
2023-11-23,002050,26.67,27.9,26.62,27.49,303323,858900578.2,593772980.55
2023-11-24,002050,27.48,27.5,26.95,27.16,102720,288827758.36,593772980.55
2023-11-27,002050,27.11,27.23,26.53,27.08,118931,331937981.57,593772980.55
2023-11-28,002050,27.07,27.96,26.98,27.9,183852,527580961.14,587793488.6500001
2023-11-29,002050,27.86,28.16,27.7,27.93,125035,361090583.48,568198318.7650001
2023-11-30,002050,27.87,28.25,27.68,27.92,149603,432577772.08,547991047.45
2023-12-01,002050,27.82,27.86,27.11,27.49,150398,427310657.62,537209618.12
2023-12-04,002050,27.34,27.91,27.22,27.75,129008,368801743.1,530056727.9
2023-12-05,002050,27.63,27.68,26.8,26.81,174915,491574760.17,525237891.18
2023-12-06,002050,26.74,27.34,26.49,26.7,152754,424399838.01,519244807.535
2023-12-07,002050,26.69,27.42,26.6,27.23,135998,382040022.84,519244807.535
2023-12-08,002050,27.38,27.88,27.08,27.25,117417,332985445.4,519244807.535
2023-12-11,002050,27.3,28.5,26.98,28.4,267848,777700907.45,521587877.495
2023-12-12,002050,28.27,28.5,27.9,27.95,112331,326597225.03,514287833.1
2023-12-13,002050,27.88,29.74,27.07,28.51,460340,1357747288.55,514287833.1
2023-12-14,002050,28.44,28.84,28.2,28.23,179055,527268157.62,521431475.735
2023-12-15,002050,28.37,28.83,27.97,28.04,198656,582547803.61,527424559.38
2023-12-18,002050,28.04,28.63,27.74,28.15,195847,571785737.22,530056727.9
2023-12-19,002050,28.15,28.66,27.86,28.44,169983,498072125.69,527424559.38
2023-12-20,002050,28.5,29.16,27.83,27.97,230409,678434746.64,530056727.9
2023-12-21,002050,27.98,28.06,27.38,27.56,219735,628416687.25,552159115.94
2023-12-22,002050,27.61,28.03,27.34,27.83,187714,539529966.47,555657851.845
2023-12-25,002050,27.69,28.35,27.61,28.08,150180,435128748.97,536031230.56500006
2023-12-26,002050,28.0,28.0,26.5,27.12,309040,864683897.64,536031230.56500006
2023-12-27,002050,27.18,27.85,27.0,27.4,201040,571823529.66,536031230.56500006
2023-12-28,002050,27.49,27.55,26.94,27.18,216353,610944533.85,536031230.56500006
2023-12-29,002050,27.19,28.45,27.11,28.4,355409,1031116203.03,536031230.56500006
2024-01-02,002050,28.4,28.4,27.36,27.36,203744,584633037.56,536031230.56500006
2024-01-03,002050,27.34,27.34,25.5,25.62,554782,1495936589.18,536031230.56500006
2024-01-04,002050,25.85,26.31,25.62,26.05,266865,720222942.78,555657851.845
2024-01-05,002050,26.14,26.88,25.82,26.0,284874,777596282.89,571804633.44
2024-01-08,002050,25.91,25.91,24.78,25.07,338839,883536868.47,571804633.44
2024-01-09,002050,25.15,25.81,24.91,25.28,176526,465613690.28,555657851.845
2024-01-10,002050,25.11,25.33,24.85,24.92,189723,493245778.67,555657851.845
2024-01-11,002050,24.9,24.92,23.83,24.81,334703,854703351.12,571804633.44
2024-01-12,002050,24.7,25.09,24.47,24.53,266256,684405257.35,571804633.44
2024-01-15,002050,24.5,24.61,23.95,24.57,242978,614317988.21,577062406.935
2024-01-16,002050,24.54,25.05,24.1,24.47,254348,650077095.69,582424543.9100001
2024-01-17,002050,24.35,24.35,23.2,23.2,389846,957845782.98,582424543.9100001
2024-01-18,002050,23.0,23.52,22.59,23.47,388594,933093027.38,583590420.585
2024-01-19,002050,23.48,23.75,22.88,23.11,217005,523753299.42,583590420.585
2024-01-22,002050,23.03,23.11,21.88,22.11,331374,780578547.7,589446652.785
2024-01-23,002050,22.06,22.56,21.82,22.26,249596,579276511.98,583590420.585
2024-01-24,002050,22.28,22.46,21.23,22.15,410135,932173885.8,583590420.585
2024-01-25,002050,22.0,22.0,20.38,21.23,727887,1611158864.3,589446652.785
2024-01-26,002050,20.79,20.79,19.97,20.32,563783,1209451468.24,589446652.785
2024-01-29,002050,20.25,20.28,19.67,19.81,352626,738485472.34,589446652.785
2024-01-30,002050,19.96,20.81,19.61,19.61,411672,869065927.63,589446652.785
2024-01-31,002050,19.61,20.7,19.6,20.0,563123,1187802497.35,589446652.785
2024-02-01,002050,19.93,21.0,19.72,20.6,421146,908147947.14,602602400.9300001
2024-02-02,002050,20.6,20.69,19.48,20.1,432001,912094132.27,612631261.03
2024-02-05,002050,19.67,19.99,18.77,19.3,573137,1169453209.76,621367337.73
2024-02-06,002050,19.29,21.08,19.09,20.95,473438,1012896757.3,637948118.4100001
2024-02-07,002050,21.0,21.92,20.61,21.69,587268,1321001866.93,648778322.6300001
2024-02-08,002050,21.6,22.42,21.39,22.4,447851,1034798706.82,648778322.6300001
2024-02-19,002050,22.45,22.5,20.58,21.1,616491,1374938486.95,664255921.165
2024-02-20,002050,20.78,21.39,19.15,21.35,1052073,2213634170.11,664255921.165
2024-02-21,002050,20.85,23.14,20.71,22.33,1128235,2625657385.21,681420001.995
2024-02-22,002050,21.99,22.4,21.75,22.4,482060,1113567414.64,681420001.995
2024-02-23,002050,22.4,24.2,22.37,23.95,773445,1887344148.57,702314100.065
2024-02-26,002050,24.89,25.17,23.9,24.15,816166,2077553825.03,702314100.065
2024-02-27,002050,24.0,24.82,23.52,24.6,535009,1346064667.43,729354207.56
2024-02-28,002050,24.58,24.63,23.25,23.25,543095,1353376727.16,758040877.615
2024-02-29,002050,22.98,23.96,22.88,23.92,362221,895324226.24,777648595.1700001
2024-03-01,002050,23.87,24.38,23.47,24.24,377650,945018592.48,779139727.575
2024-03-04,002050,24.02,25.0,23.78,25.0,452618,1145432975.54,817640949.4100001
2024-03-05,002050,24.5,24.6,23.42,23.96,514254,1284533002.09,859693624.38
2024-03-06,002050,23.67,24.35,23.52,23.93,310771,775282361.82,859693624.38
2024-03-07,002050,24.38,24.48,23.18,23.26,349845,865614365.76,865149131.7
2024-03-08,002050,23.2,23.74,22.92,23.71,261019,637138191.39,865149131.7
2024-03-11,002050,23.71,24.28,23.4,24.25,427726,1064694178.04,867340146.6949999
2024-03-12,002050,24.25,25.07,24.08,24.51,524384,1344897185.29,876301398.05
2024-03-13,002050,24.42,24.8,24.17,24.52,350053,891200680.53,887368774.5
2024-03-14,002050,24.85,25.34,23.86,24.23,526132,1345200935.69,893262453.385
2024-03-15,002050,24.26,24.6,24.0,24.59,286308,724883196.5,887368774.5
2024-03-18,002050,24.6,24.72,24.21,24.63,361384,921231098.6,893262453.385
2024-03-19,002050,24.62,24.75,24.18,24.21,289094,734154034.6,893262453.385
2024-03-20,002050,24.21,24.29,23.4,23.72,378471,936265398.75,901736086.69
2024-03-21,002050,23.7,23.71,23.28,23.53,254091,622432788.22,901736086.69
2024-03-22,002050,23.34,23.67,23.01,23.54,381474,928813087.88,910121039.7049999
2024-03-25,002050,23.4,24.32,23.21,23.42,481815,1194499900.02,916662615.435
2024-03-26,002050,23.42,23.52,22.7,23.11,389465,936500232.36,925022093.24
2024-03-27,002050,23.13,23.17,22.16,22.16,287079,678182786.52,925022093.24
2024-03-28,002050,22.13,23.35,22.1,23.01,379313,908617328.69,925022093.24
2024-03-29,002050,23.08,23.16,22.3,22.73,217328,514522978.0,925022093.24
2024-04-01,002050,22.8,23.5,22.6,23.19,218843,528640997.4,925022093.24
2024-04-02,002050,23.09,23.19,22.17,22.4,364005,853551310.91,916662615.435
2024-04-03,002050,22.25,22.25,21.08,21.31,681151,1525425345.5,925022093.24
2024-04-08,002050,21.26,21.43,20.7,20.75,364171,801954572.07,916662615.435
2024-04-09,002050,20.75,21.08,20.45,20.88,344709,750842544.15,916662615.435
2024-04-10,002050,20.89,20.98,20.32,20.44,369481,797442525.05,916662615.435
2024-04-11,002050,20.34,20.67,20.03,20.21,349299,743993681.08,916662615.435
2024-04-12,002050,20.21,20.4,19.81,19.87,323745,681635036.97,916662615.435
2024-04-15,002050,19.75,20.68,19.71,20.5,475031,1010917213.86,925022093.24
2024-04-16,002050,20.56,20.56,19.74,19.78,430470,905233599.0,925022093.24
2024-04-17,002050,19.86,20.46,19.6,19.9,727587,1522068721.9,930493486.8399999
2024-04-18,002050,19.85,21.05,19.35,20.65,868452,1860076342.1,932633456.5899999
2024-04-19,002050,20.43,20.45,19.69,19.82,502664,1056405867.59,934679213.065
2024-04-22,002050,19.53,19.88,19.21,19.39,511876,1051411496.79,934679213.065
2024-04-23,002050,19.01,20.27,19.01,20.06,567797,1181612601.49,936382815.5550001
2024-04-24,002050,20.8,21.47,20.75,20.94,857478,1895862812.91,940759412.4200001
2024-04-25,002050,20.84,21.1,20.5,20.84,358078,782844940.0,940759412.4200001
2024-04-26,002050,20.75,21.28,20.7,21.16,433707,958182751.69,951600672.085
2024-04-29,002050,21.66,22.04,21.08,21.67,749869,1695541032.66,984549982.7750001
2024-04-30,002050,21.22,21.79,20.61,20.91,713063,1580659399.71,984549982.7750001
2024-05-06,002050,21.35,21.86,21.29,21.58,666868,1506112399.22,984549982.7750001
2024-05-07,002050,21.6,21.67,21.26,21.41,381568,855451536.2,984549982.7750001
2024-05-08,002050,21.41,21.43,20.87,20.87,293278,646421546.57,984549982.7750001
2024-05-09,002050,20.8,21.33,20.75,21.13,300153,662579069.79,951600672.085
2024-05-10,002050,21.15,21.19,20.48,20.57,423475,916721337.39,951600672.085
2024-05-13,002050,20.38,20.57,19.94,20.15,391894,833803841.08,951600672.085
2024-05-14,002050,20.35,20.62,20.25,20.43,304926,653402695.64,940759412.4200001
2024-05-15,002050,20.35,21.13,20.12,20.8,398623,869767312.19,936382815.5550001
2024-05-16,002050,20.85,21.01,20.41,20.69,350927,760686527.87,932539243.315
2024-05-17,002050,20.67,21.74,20.52,21.68,695188,1547380440.0,932539243.315
2024-05-20,002050,21.59,21.9,21.18,21.4,447385,1003580370.62,932539243.315
2024-05-21,002050,21.3,21.3,20.75,20.89,374516,820165407.18,925022093.24
2024-05-22,002050,20.85,21.68,20.85,21.43,487702,1095229038.11,925022093.24
2024-05-23,002050,21.35,21.74,21.18,21.22,305162,682434349.21,918976217.995
2024-05-24,002050,21.04,21.1,20.31,20.33,434931,939679773.77,918976217.995
2024-05-27,002050,20.44,20.6,20.0,20.57,273344,580454792.04,912669333.04
2024-05-28,002050,20.45,20.89,20.24,20.64,242307,523503370.15,906925463.845
2024-05-29,002050,20.54,20.88,20.34,20.59,271365,585847023.87,900278912.62
2024-05-30,002050,20.51,21.05,20.31,20.9,362318,790477401.09,898217139.765
2024-05-31,002050,21.08,22.7,21.0,22.02,938372,2158292073.56,898217139.765
2024-06-03,002050,22.4,22.82,22.16,22.44,717818,1690540199.42,898217139.765
2024-06-04,002050,22.5,22.89,22.26,22.71,541041,1275719221.92,898217139.765
2024-06-05,002050,22.9,23.72,22.87,23.42,648125,1582244080.64,906925463.845
2024-06-06,002050,23.36,23.5,22.7,22.91,568087,1367719293.21,912669333.04
2024-06-07,002050,22.92,23.1,22.32,22.51,404621,956293235.94,918976217.995
2024-06-11,002050,22.18,22.56,22.05,22.37,291857,678812802.63,912669333.04
2024-06-12,002050,22.19,23.18,22.07,22.8,464289,1105082530.06,912669333.04
2024-06-13,002050,22.85,23.95,22.56,23.79,682692,1656588960.2,918976217.995
2024-06-14,002050,23.2,23.2,22.04,22.22,813942,1882434142.4,918976217.995
2024-06-17,002050,22.04,22.37,21.85,22.27,462319,1055891723.67,925022093.24
2024-06-18,002050,22.35,22.9,22.34,22.62,399076,932776389.18,930794738.53
2024-06-19,002050,22.65,22.65,21.65,21.76,422463,961438162.38,934520893.9649999
2024-06-20,002050,21.56,21.65,20.96,21.05,375450,824369485.49,930794738.53
2024-06-21,002050,20.92,21.09,20.42,20.95,577790,1239148017.02,934638310.77
2024-06-24,002050,20.75,20.87,20.07,20.14,439112,929943973.58,934638310.77
2024-06-25,002050,20.14,20.33,19.55,19.72,440981,908966229.0,931360181.38
2024-06-26,002050,19.65,19.92,19.3,19.85,442645,901543767.72,923332655.485
2024-06-27,002050,19.73,19.73,18.81,18.81,644863,1278165182.69,931360181.38
2024-06-28,002050,18.43,18.83,18.19,18.33,554725,1068134506.97,936228081.4749999
2024-07-01,002050,18.34,18.45,17.59,17.89,584200,1089012090.96,947986504.855
2024-07-02,002050,18.93,19.27,18.56,18.64,913022,1791438295.96,957237993.815
2024-07-03,002050,19.33,19.6,18.34,18.37,854601,1677017643.87,959810457.0350001
2024-07-04,002050,18.8,19.98,18.72,19.43,1340674,2703897380.03,959810457.0350001
2024-07-05,002050,18.8,19.05,18.13,18.43,997491,1915213163.84,982509266.5
2024-07-08,002050,18.15,18.18,17.41,17.54,626729,1159282441.7,1007248792.24
2024-07-09,002050,17.43,18.58,17.1,18.45,792546,1480382818.39,1031164355.325
2024-07-10,002050,18.31,19.27,18.25,18.65,744796,1457767070.25,1053651610.23
2024-07-11,002050,18.85,19.2,18.58,19.03,569806,1121152584.34,1056148795.63
2024-07-12,002050,18.74,18.75,18.19,18.3,545842,1042965943.21,1056148795.63
2024-07-15,002050,18.26,18.43,17.95,18.25,356566,674536641.53,1056148795.63
2024-07-16,002050,18.1,18.45,18.05,18.45,304328,578875019.25,1053651610.23
2024-07-17,002050,18.45,18.45,18.08,18.2,269891,512956313.76,1047188720.0
2024-07-18,002050,18.03,18.49,17.85,18.33,338241,639403307.18,1023273156.915
2024-07-19,002050,18.24,18.7,18.16,18.45,383409,736827146.18,982509266.5
2024-07-22,002050,18.31,18.45,18.17,18.26,308170,586292133.28,959810457.0350001
2024-07-23,002050,18.84,18.95,17.88,17.88,445279,849369458.14,957237993.815
2024-07-24,002050,17.4,17.78,16.78,16.83,604466,1082776365.37,959810457.0350001
2024-07-25,002050,16.51,16.73,16.29,16.53,407328,702125594.39,958865699.1600001
2024-07-26,002050,16.66,17.74,16.6,17.33,546223,983148741.56,958865699.1600001
2024-07-29,002050,17.26,17.32,16.62,16.82,423822,744430139.51,947986504.855
2024-07-30,002050,16.7,17.65,16.58,17.23,599427,1071856174.89,947986504.855
2024-07-31,002050,16.96,18.0,16.79,17.67,861735,1583999800.81,958865699.1600001
2024-08-01,002050,17.68,17.88,17.1,17.12,773088,1397626399.55,972293451.97
2024-08-02,002050,16.77,17.11,16.58,16.64,474053,831762962.94,972293451.97
2024-08-05,002050,16.48,17.13,16.39,16.42,503674,882140194.29,972293451.97
2024-08-06,002050,16.57,16.76,16.27,16.53,413208,709467598.92,972293451.97
2024-08-07,002050,16.45,16.68,16.27,16.63,352770,610171645.3,972293451.97
2024-08-08,002050,16.47,16.53,16.15,16.3,384743,655569888.9,972293451.97
2024-08-09,002050,16.4,16.69,16.16,16.16,309494,530385745.05,972293451.97
2024-08-12,002050,16.05,16.1,15.58,15.69,427117,704014838.65,958865699.1600001
2024-08-13,002050,15.69,15.81,15.43,15.59,413778,673951092.65,947986504.855
2024-08-14,002050,15.63,15.66,15.22,15.26,355489,572177488.2,947986504.855
2024-08-15,002050,15.23,16.04,15.18,15.83,679101,1119691601.48,947986504.855
2024-08-16,002050,15.82,15.98,15.6,15.75,250248,414055398.14,947986504.855
2024-08-19,002050,15.85,16.05,15.76,15.79,254898,424143125.07,944534812.56
2024-08-20,002050,15.75,15.79,15.39,15.48,243572,396773037.29,944534812.56
2024-08-21,002050,15.4,15.98,15.36,15.82,389051,642305434.22,944534812.56
2024-08-22,002050,15.82,15.83,15.44,15.49,252540,411942836.26,944534812.56
2024-08-23,002050,15.48,15.81,15.43,15.65,210674,344577337.6,944534812.56
2024-08-26,002050,15.68,15.89,15.45,15.57,271088,444963407.86,931360181.38
2024-08-27,002050,15.45,15.47,14.91,14.94,370822,588389505.57,919455101.29
2024-08-28,002050,14.91,15.47,14.91,15.36,352965,564071600.81,905254998.36
2024-08-29,002050,15.26,16.44,15.18,16.32,672410,1128734202.96,905254998.36
2024-08-30,002050,16.22,16.97,16.14,16.59,715770,1246487425.15,905254998.36
2024-09-02,002050,16.62,16.82,16.0,16.0,452777,775377751.9,891841981.005
2024-09-03,002050,16.11,16.67,15.9,16.63,475477,817795375.98,891841981.005
2024-09-04,002050,16.45,17.08,16.33,16.7,417769,730080003.06,865754826.2149999
2024-09-05,002050,16.73,17.5,16.73,17.19,565263,1017883132.54,865754826.2149999
2024-09-06,002050,17.15,17.42,16.87,16.93,331240,591197601.91,840566210.54
2024-09-09,002050,16.71,17.39,16.6,17.12,467874,835301657.82,833532310.3800001
2024-09-10,002050,17.19,17.25,16.86,17.0,299061,532196353.1,828066224.215
2024-09-11,002050,16.99,17.55,16.81,17.46,448098,809196186.39,821082430.735
2024-09-12,002050,17.57,17.75,16.86,16.92,388401,696031978.03,813495781.185
2024-09-13,002050,16.9,17.16,16.73,16.73,249180,440150705.41,792286969.145
2024-09-18,002050,16.65,16.92,16.48,16.75,290475,507157566.56,759903945.7049999
2024-09-19,002050,16.81,17.27,16.53,16.94,549286,973448975.91,759903945.7049999
2024-09-20,002050,16.95,17.51,16.91,17.15,586057,1052764884.74,759903945.7049999
2024-09-23,002050,17.12,17.3,16.67,16.81,364377,642932746.33,740628642.845
2024-09-24,002050,16.93,17.95,16.57,17.79,768587,1392542729.28,740628642.845
2024-09-25,002050,17.91,18.6,17.9,17.96,759468,1442204931.06,740628642.845
2024-09-26,002050,18.01,19.0,18.01,18.95,964711,1875439510.06,740628642.845
2024-09-27,002050,19.3,20.92,19.2,20.92,1116675,2342164742.96,740628642.845
2024-09-30,002050,21.85,23.08,21.15,23.08,1124436,2596112460.32,740628642.845
2024-10-08,002050,25.46,25.46,23.24,24.61,1460537,3729825406.11,740628642.845
2024-10-09,002050,23.5,25.76,22.83,23.85,1400562,3507495931.18,740628642.845
2024-10-10,002050,23.86,24.65,22.75,22.81,1259872,3062364052.92,740628642.845
2024-10-11,002050,22.66,22.75,20.93,21.27,1150419,2577952266.31,740628642.845
2024-10-14,002050,20.94,21.45,19.96,21.07,1182061,2534090225.84,740628642.845
2024-10-15,002050,21.08,21.25,20.53,20.56,668732,1438794936.09,740628642.845
2024-10-16,002050,20.05,20.35,19.66,20.07,711327,1476780799.4,759903945.7049999
2024-10-17,002050,20.1,20.89,20.08,20.33,729857,1551622467.78,792286969.145
2024-10-18,002050,20.35,22.3,20.15,21.7,1056748,2326167638.42,813495781.185
2024-10-21,002050,22.15,22.21,21.0,21.15,1031717,2289231990.98,824779169.46
2024-10-22,002050,21.15,22.95,21.08,22.52,1030574,2361379863.85,833532310.3800001
2024-10-23,002050,22.53,22.68,21.85,22.2,708995,1622572880.73,842335557.98
2024-10-24,002050,23.2,23.82,22.17,22.23,848331,1994102301.72,858720926.0550001
2024-10-25,002050,23.05,23.05,22.16,22.41,679366,1578700370.94,858720926.0550001
2024-10-28,002050,22.2,22.73,22.01,22.61,435195,1001784310.1,927794585.0999999
2024-10-29,002050,22.54,22.92,22.15,22.25,444227,1026266025.73,927794585.0999999
2024-10-30,002050,22.05,22.74,21.76,21.99,440514,1003057519.36,987616643.005
2024-10-31,002050,21.51,21.7,20.78,21.23,940787,2051893938.82,987616643.005
2024-11-01,002050,21.08,21.45,20.73,20.88,457561,992023517.93,982736246.92
2024-11-04,002050,21.35,22.64,21.35,22.15,835862,1900799534.53,982736246.92
2024-11-05,002050,22.26,22.55,21.36,22.3,879014,1987291592.31,996903914.015
2024-11-06,002050,22.34,24.6,22.34,23.95,1889427,4636978122.04,1002420914.73
2024-11-07,002050,24.45,25.12,23.78,24.43,1790663,4475957105.79,1010470325.95
2024-11-08,002050,23.93,25.86,23.9,24.43,1556922,3953335898.26,1022074579.135
2024-11-11,002050,24.47,26.94,24.16,26.83,1690741,4486971734.04,1039515455.235
2024-11-12,002050,26.95,27.78,25.84,26.26,1532723,4187794153.09,1086228243.1100001
2024-11-13,002050,25.71,25.84,24.2,24.83,1394464,3538196619.56,1124212902.22
2024-11-14,002050,24.85,25.35,24.36,24.44,812196,2068567806.98,1187610814.055
2024-11-15,002050,24.07,24.25,23.1,23.17,958827,2327335391.49,1319515077.2150002
2024-11-18,002050,23.31,23.44,22.6,22.77,664693,1569655062.77,1415668832.685
2024-11-19,002050,23.1,24.15,23.04,24.08,874867,2120409976.48,1440499933.5749998
2024-11-20,002050,24.02,24.83,23.84,24.33,784933,1965370757.37,1459492865.23
2024-11-21,002050,24.15,24.28,23.69,23.95,500777,1234000093.04,1459492865.23
2024-11-22,002050,23.95,24.13,23.08,23.14,647914,1573505177.68,1514201633.5900002
2024-11-25,002050,23.04,23.28,21.42,22.04,1216073,2781839666.63,1560638765.275
2024-11-26,002050,21.9,22.12,21.35,21.42,606443,1350176075.46,1560638765.275
2024-11-27,002050,21.4,21.86,20.91,21.85,647639,1429920979.43,1560638765.275
2024-11-28,002050,21.85,21.93,21.38,21.47,435285,969017373.36,1560638765.275
2024-11-29,002050,21.35,22.88,21.35,22.55,943624,2161866903.27,1571580120.225
2024-12-02,002050,22.82,24.32,22.55,23.84,1124019,2719836892.2,1576102774.31
2024-12-03,002050,23.84,23.94,23.26,23.5,658858,1596950772.42,1587825571.68
2024-12-04,002050,23.35,24.9,23.15,24.15,1059764,2622098841.29,1609761826.575
2024-12-05,002050,23.79,24.73,23.64,24.05,956735,2373252892.3,1749006195.395
2024-12-06,002050,24.23,24.5,23.32,24.21,818042,2012009426.99,1888119522.295
2024-12-09,002050,24.11,25.35,24.03,24.83,1130841,2892606774.85,1933085145.9499998
2024-12-10,002050,25.73,25.74,24.48,24.57,1086977,2800331260.08,1976331174.84
2024-12-11,002050,24.4,24.55,23.83,24.33,805655,2001933774.03,1990696947.0149999
2024-12-12,002050,24.31,24.95,24.15,24.47,609714,1532678644.39,1990696947.0149999
2024-12-13,002050,24.3,24.43,23.44,23.51,707991,1730594177.23,1990696947.0149999
2024-12-16,002050,23.35,23.6,22.91,23.12,497298,1180754375.03,1990696947.0149999
2024-12-17,002050,23.03,23.67,22.93,23.0,452341,1081863191.76,1990696947.0149999
2024-12-18,002050,23.05,23.22,22.76,22.91,378440,892363777.35,1990696947.0149999
2024-12-19,002050,22.65,23.74,22.58,23.49,534930,1281965532.39,1990696947.0149999
2024-12-20,002050,23.43,23.71,23.1,23.18,496784,1191322354.28,1990696947.0149999
2024-12-23,002050,23.12,23.53,22.35,22.42,571522,1335762353.05,1990696947.0149999
2024-12-24,002050,22.55,22.75,22.31,22.6,345812,801388604.56,1990696947.0149999
2024-12-25,002050,22.65,22.84,22.46,22.54,328204,764644681.21,1990696947.0149999
2024-12-26,002050,22.5,24.5,22.32,24.35,1117396,2736045196.98,1998018037.875
2024-12-27,002050,24.34,24.35,23.75,23.92,573940,1418022226.11,1990696947.0149999
2024-12-30,002050,23.85,23.99,23.35,23.54,505823,1226455088.23,1976331174.84
2024-12-31,002050,23.66,23.79,22.84,22.86,458632,1089371482.23,1933085145.9499998
2025-01-02,002050,22.81,22.86,21.98,22.19,534916,1230253153.95,1815696855.88
2025-01-03,002050,22.14,22.25,21.24,21.32,595202,1328740887.06,1676583528.98
2025-01-06,002050,21.45,21.77,21.24,21.41,355407,787264979.98,1609761826.575
2025-01-07,002050,21.45,22.22,21.15,21.91,416061,932260181.95,1587825571.68
2025-01-08,002050,21.78,22.4,21.32,22.15,466159,1049797928.3,1587825571.68
2025-01-09,002050,22.02,24.43,21.96,24.43,1318165,3171948400.57,1609761826.575
2025-01-10,002050,25.01,26.94,25.01,26.05,3390901,9039385298.57,1676583528.98
2025-01-13,002050,26.55,27.06,25.11,25.35,2612139,6970778659.65,1676583528.98
2025-01-14,002050,25.65,27.95,25.1,27.95,1814072,4948698875.98,1676583528.98
2025-01-15,002050,28.8,29.3,27.9,28.57,2937542,8577200136.41,1676583528.98
2025-01-16,002050,28.35,29.02,27.03,27.55,2422719,6936167891.48,1815696855.88
2025-01-17,002050,27.35,28.6,26.87,27.79,1741764,4929489642.04,1815696855.88
2025-01-20,002050,28.17,28.43,27.55,27.94,1491574,4274621098.55,1933085145.9499998
2025-01-21,002050,27.96,30.57,27.65,29.73,2573342,7616230314.02,1976331174.84
2025-01-22,002050,29.35,29.98,29.0,29.55,1655235,4981239381.3,1994612683.17
2025-01-23,002050,29.75,30.71,28.77,29.13,1537928,4653134871.12,2006971600.51
2025-01-24,002050,28.85,31.41,28.77,30.88,1718694,5320087836.22,2006971600.51
2025-01-27,002050,30.48,30.76,29.65,29.92,1045779,3220127513.49,2040288616.9850001
2025-02-05,002050,30.79,32.94,30.22,31.91,1673002,5402117588.44,2094488891.73
2025-02-06,002050,31.85,35.17,31.64,34.57,2014046,6911092511.57,2141138439.875
2025-02-07,002050,33.83,36.31,33.47,34.67,2195269,7726750462.66,2141138439.875
2025-02-10,002050,34.22,34.45,32.82,33.49,1875921,6362410977.07,2141138439.875
2025-02-11,002050,33.13,34.45,32.89,33.25,1417440,4848153513.19,2141138439.875
2025-02-12,002050,31.56,32.91,30.69,32.58,2038064,6658550558.63,2141138439.875
2025-02-13,002050,32.35,32.97,31.59,31.75,1442022,4730253012.68,2141138439.875
2025-02-14,002050,31.66,31.85,31.02,31.32,1173585,3753561253.6,2141138439.875
2025-02-17,002050,31.4,32.75,31.4,32.72,1815653,5962544256.77,2244601147.38
2025-02-18,002050,32.41,33.23,31.76,32.02,1396402,4612168638.87,2267559897.785
2025-02-19,002050,31.8,34.33,31.66,33.94,2022034,6879445688.82,2497675866.795
2025-02-20,002050,33.8,34.22,33.15,33.38,1423697,4874710437.05,2670967866.745
2025-02-21,002050,33.09,34.53,33.0,33.7,1523113,5220066290.08,2727941044.59
2025-02-24,002050,33.65,34.64,32.24,32.92,1693421,5731702479.3,2758942431.8050003
2025-02-25,002050,32.15,33.85,31.95,33.35,1453491,4897620461.05,2791085463.355
2025-02-26,002050,33.05,35.32,32.98,34.07,2008467,7038921363.84,2846469017.465
2025-02-27,002050,33.59,33.81,30.86,31.77,2276998,7475188516.38,3032277587.71
2025-02-28,002050,31.18,31.18,29.51,29.67,1748933,5399630094.71,3196037957.0299997
2025-03-03,002050,29.85,30.45,28.97,29.87,1211684,3683921567.14,3452024540.3149996
2025-03-04,002050,29.45,31.23,29.45,30.37,1400394,4339961939.28,3718741410.37
2025-03-05,002050,30.35,31.1,30.15,30.6,846081,2638937372.51,3718741410.37
2025-03-06,002050,30.88,31.92,30.75,31.05,1166341,3728047717.92,3740804485.76
2025-03-07,002050,30.9,31.47,30.42,31.05,1017305,3222969001.43,3740804485.76
2025-03-10,002050,31.44,31.5,30.69,30.95,739550,2340511113.17,3740804485.76
2025-03-11,002050,29.84,30.47,29.44,29.84,1222740,3730342659.41,3741951956.505
2025-03-12,002050,30.15,30.25,29.68,29.7,686646,2099641357.53,3741951956.505
2025-03-13,002050,29.8,29.9,28.54,28.82,943938,2798331870.83,3741951956.505
2025-03-14,002050,28.75,31.55,28.62,30.92,1816145,5667530896.01,4014091176.075
2025-03-17,002050,30.55,30.83,29.93,30.66,862178,2682286163.61,4014091176.075
2025-03-18,002050,30.75,30.83,30.01,30.27,750670,2322835921.75,4014091176.075
2025-03-19,002050,30.17,30.22,29.44,29.67,742940,2256890185.02,4014091176.075
2025-03-20,002050,29.85,30.68,29.41,30.08,861816,2648310407.46,4014091176.075
2025-03-21,002050,29.8,30.08,28.75,28.83,990279,2949176835.6,4014091176.075
2025-03-24,002050,29.05,29.12,28.35,29.02,673622,1980191954.53,4014091176.075
2025-03-25,002050,29.38,29.6,28.45,28.57,531211,1571886252.05,4014091176.075
2025-03-26,002050,28.35,29.58,28.35,28.83,689927,2049976851.79,4014091176.075
2025-03-27,002050,28.66,30.45,28.38,29.64,1542206,4694602678.43,4307291518.915
2025-03-28,002050,29.35,29.75,28.9,29.02,801303,2390166720.59,4307291518.915
2025-03-31,002050,28.8,28.9,27.72,28.18,963376,2770758122.48,4307291518.915
2025-04-01,002050,28.28,28.47,27.84,27.92,515303,1480517418.68,4307291518.915
2025-04-02,002050,28.02,28.51,27.82,28.19,555691,1601720378.11,4307291518.915
2025-04-03,002050,27.52,28.21,27.29,27.36,656633,1858099864.41,4307291518.915
2025-04-07,002050,24.56,25.09,24.56,24.56,454786,1151334652.02,4307291518.915
2025-04-08,002050,23.9,24.15,22.04,22.21,1886004,4360752694.83,4350357317.055
2025-04-09,002050,21.41,23.03,20.61,22.5,1604446,3645813153.24,4350357317.055
2025-04-10,002050,24.33,24.8,23.68,23.75,1441632,3572761853.2,4350357317.055
2025-04-11,002050,23.33,24.7,23.15,24.4,952186,2363266906.22,4350357317.055
2025-04-14,002050,24.79,24.93,24.1,24.16,900168,2255094290.57,4350357317.055
2025-04-15,002050,24.4,25.15,23.95,24.1,715691,1790628355.54,4307291518.915
2025-04-16,002050,23.85,23.92,22.99,23.35,757467,1821283276.99,4014091176.075
2025-04-17,002050,23.3,23.73,23.15,23.33,393434,948666392.97,3741951956.505
2025-04-18,002050,23.31,23.51,23.05,23.43,351166,840603679.62,3729195188.665
2025-04-21,002050,23.36,25.44,23.12,25.07,1113477,2801395588.42,3705984642.5299997
2025-04-22,002050,24.95,25.05,24.21,24.26,758551,1904284512.16,3664867360.1899996
2025-04-23,002050,25.0,25.51,24.86,25.18,1151048,2969291283.27,3609287503.22
2025-04-24,002050,25.18,25.34,24.48,24.56,623487,1590025558.78,3397865427.3149996
2025-04-25,002050,24.66,25.3,24.65,24.8,606359,1554081428.37,3221548257.46
2025-04-28,002050,24.93,25.35,24.69,24.91,639290,1639217085.35,3094709398.38
2025-04-29,002050,24.91,25.64,24.75,25.39,837130,2173340055.55,2959234059.435
2025-04-30,002050,25.93,26.43,25.36,26.15,1185083,3159168061.26,2959234059.435
2025-05-06,002050,26.35,26.89,26.22,26.67,982154,2673981491.56,2875286212.01
2025-05-07,002050,27.33,27.4,26.01,26.29,875583,2382803702.62,2799863729.625
2025-05-08,002050,26.24,26.68,26.14,26.4,572151,1545865040.18,2784544996.6549997
2025-05-09,002050,26.47,26.85,25.77,25.94,529228,1414172368.09,2726522143.045
2025-05-12,002050,26.74,27.45,26.7,27.25,1087591,3015663371.24,2726522143.045
2025-05-13,002050,27.54,27.55,26.85,26.92,753511,2099000951.86,2678133827.585
2025-05-14,002050,26.85,27.3,26.51,26.91,649593,1786379434.72,2661145949.51
2025-05-15,002050,26.84,26.92,26.05,26.06,560973,1509401354.26,2643623889.985
2025-05-16,002050,25.93,26.75,25.87,26.35,551254,1494755598.93,2514552046.55
2025-05-19,002050,26.25,26.31,25.48,26.01,490755,1299569563.54,2386485211.605
2025-05-20,002050,25.89,26.32,25.62,26.04,462667,1233301657.0,2373035304.42
2025-05-21,002050,26.01,26.38,25.53,26.24,517208,1376472278.56,2351889009.6949997
2025-05-22,002050,26.1,26.24,25.89,25.92,365278,964775521.87,2331673517.46
2025-05-23,002050,25.87,27.54,25.76,26.69,1390184,3791304177.54,2331673517.46
2025-05-26,002050,26.5,26.68,25.9,26.14,810364,2157065876.83,2289863053.385
2025-05-27,002050,26.0,26.08,25.08,25.23,799122,2056673796.31,2255992237.795
2025-05-28,002050,25.28,25.79,25.1,25.32,412165,1060884781.5,2214217173.0600004
2025-05-29,002050,25.25,26.32,25.2,26.17,782846,2069905951.51,2165202966.19
2025-05-30,002050,25.94,25.99,25.24,25.45,575411,1489992883.54,2128353617.1799998
2025-06-03,002050,25.18,25.51,25.06,25.36,343391,883502891.85,2099321154.695
2025-06-04,002050,25.43,26.08,25.34,25.78,420289,1097712180.84,2084453451.685
2025-06-05,002050,26.08,26.85,25.52,26.69,876765,2350056862.23,2084453451.685
2025-06-06,002050,26.14,26.2,25.48,25.75,947225,2471942090.98,2084453451.685
2025-06-09,002050,25.74,25.74,25.4,25.52,709825,1839570106.34,2063289873.9099998
2025-06-10,002050,25.62,25.7,25.15,25.53,479023,1236985671.52,2053325324.05
2025-06-11,002050,25.68,26.16,25.6,25.81,620380,1629961566.87,2015084403.1599998
2025-06-12,002050,25.72,25.79,25.43,25.48,437538,1136736729.09,1942238233.345
2025-06-13,002050,25.2,25.37,24.8,24.86,564789,1433422700.73,1881192188.285
2025-06-16,002050,24.75,25.01,24.68,24.98,291466,737703239.27,1848834985.375
2025-06-17,002050,25.0,25.26,24.78,24.82,298447,755912287.61,1830426691.665
2025-06-18,002050,24.74,25.18,24.62,25.08,369061,935150372.98,1805955816.2649999
2025-06-19,002050,25.09,26.44,24.96,25.72,1395184,3676437353.37,1805955816.2649999
2025-06-20,002050,25.4,25.45,24.34,24.55,1073630,2702371465.83,1805955816.2649999
2025-06-23,002050,23.8,24.22,23.4,24.1,757516,1843148431.19,1805955816.2649999
2025-06-24,002050,24.4,25.32,24.39,25.3,1068794,2717474770.06,1830426691.665
2025-06-25,002050,25.75,26.1,25.42,26.09,1068610,2807524690.93,1830426691.665
2025-06-26,002050,26.08,26.27,25.7,25.72,823313,2165962977.16,1830426691.665
2025-06-27,002050,25.85,25.94,25.58,25.64,562882,1470714197.0,1805955816.2649999
2025-06-30,002050,25.76,26.05,25.65,25.98,502023,1320819485.73,1788503895.13
2025-07-01,002050,25.99,26.03,25.68,25.86,378759,992745371.7,1788503895.13
2025-07-02,002050,25.63,25.71,25.3,25.36,447409,1155921563.2,1788503895.13
2025-07-03,002050,25.31,25.71,25.31,25.56,355921,921548083.28,1712798260.0349998
2025-07-04,002050,25.47,25.59,25.12,25.27,466027,1198996763.4,1712798260.0349998
2025-07-07,002050,25.12,25.12,24.71,24.77,476532,1201288252.6,1634589326.11
2025-07-08,002050,24.77,25.11,24.66,25.07,365398,927955021.57,1609993562.8249998
2025-07-09,002050,25.17,25.5,25.05,25.07,442477,1133849230.12,1572053493.5749998
2025-07-10,002050,24.96,25.22,24.85,25.02,311360,790100888.19,1549973234.275
2025-07-11,002050,25.05,25.58,24.9,25.35,582379,1497211161.54,1527633197.22
2025-07-14,002050,25.3,25.68,25.16,25.47,588119,1520124899.86,1514763127.06
2025-07-15,002050,25.58,26.3,25.38,26.3,1270750,3340933471.91,1514763127.06
2025-07-16,002050,26.2,27.77,26.17,27.13,1609092,4418392633.29,1532994970.02
2025-07-17,002050,26.9,27.53,26.83,27.5,1019389,2822501495.27,1549973234.275
2025-07-18,002050,27.5,27.51,27.07,27.28,654970,1809365250.21,1549973234.275
2025-07-21,002050,27.35,27.9,27.03,27.4,845786,2352975462.4,1549973234.275
2025-07-22,002050,27.17,27.55,26.91,27.22,714800,1972366158.3,1549973234.275
2025-07-23,002050,27.1,27.33,26.95,27.06,565876,1555298355.82,1549973234.275
2025-07-24,002050,26.88,27.51,26.88,27.39,635150,1761800605.08,1550581698.0
2025-07-25,002050,27.32,27.34,26.56,26.67,830423,2259805300.98,1550581698.0
2025-07-28,002050,27.08,27.47,26.81,26.94,652271,1794736264.66,1550581698.0
2025-07-29,002050,26.79,26.92,26.56,26.76,458180,1242389143.31,1532994970.02
2025-07-30,002050,26.7,26.71,26.09,26.22,564584,1513255639.15,1516690269.505
2025-07-31,002050,26.23,26.74,25.94,26.05,625750,1675560292.85,1516690269.505
2025-08-01,002050,26.06,26.45,25.72,25.91,500225,1321260750.25,1511328496.705
2025-08-04,002050,25.72,26.46,25.65,26.46,498133,1322826765.89,1511328496.705
2025-08-05,002050,26.5,26.6,26.24,26.52,494883,1327717173.74,1503306257.9
2025-08-06,002050,26.57,27.33,26.35,27.25,981328,2686242469.22,1503306257.9
2025-08-07,002050,27.3,27.38,26.75,26.97,619437,1696376580.74,1503306257.9
2025-08-08,002050,26.9,26.9,26.42,26.45,471184,1270577527.27,1495983380.2350001
2025-08-11,002050,26.49,26.86,26.45,26.61,468431,1266446421.95,1493602022.54
2025-08-12,002050,26.7,26.85,26.42,26.51,496161,1339332935.02,1493602022.54
2025-08-13,002050,26.53,27.28,26.4,27.23,944372,2578035466.6,1505233400.345
2025-08-14,002050,27.23,27.25,26.52,26.77,739108,2021716923.56,1516690269.505
2025-08-15,002050,26.71,28.34,26.68,28.13,1592535,4488057440.01,1537711627.84
2025-08-18,002050,28.37,28.82,27.9,28.52,1393985,4021840962.3,1537711627.84
2025-08-19,002050,28.53,31.12,28.11,30.06,2247967,6747014912.42,1537711627.84
2025-08-20,002050,29.6,30.0,29.18,29.96,1184540,3568888122.75,1537711627.84
2025-08-21,002050,30.07,30.96,29.52,30.41,1472475,4512674417.88,1592629961.3449998
2025-08-22,002050,30.09,30.72,29.91,30.48,1194526,3674401508.66,1592629961.3449998
2025-08-25,002050,30.74,31.17,30.16,30.61,1311664,4067227832.5,1652760929.86
2025-08-26,002050,30.3,30.72,30.01,30.26,975568,2995295276.11,1685968436.795
2025-08-27,002050,30.22,31.28,30.03,30.04,1383017,4307877438.41,1729088592.9099998
2025-08-28,002050,29.9,31.28,29.86,31.28,1346834,4184424460.47,1729088592.9099998
2025-08-29,002050,31.8,32.74,30.5,31.48,1899429,6081170723.57,1729088592.9099998
2025-09-01,002050,31.64,32.24,30.91,31.49,1014271,3221433557.26,1729088592.9099998
2025-09-02,002050,31.7,33.6,30.34,32.6,2557176,8301432215.0,1778268434.87
2025-09-03,002050,32.48,32.57,30.48,30.85,1825257,5789739714.4,1802050757.435
2025-09-04,002050,30.91,31.22,28.78,29.39,1456124,4404522530.6,1826256840.7
2025-09-05,002050,29.3,30.44,29.0,30.3,983197,2974872905.31,1907757294.745
2025-09-08,002050,31.08,33.37,30.92,33.37,1110602,3699593199.73,1997041540.9299998
2025-09-09,002050,33.75,34.48,33.12,33.64,3297950,11268115590.91,2093839950.36
2025-09-10,002050,33.16,34.18,32.42,33.1,2220986,7482643240.54,2212884139.0699997
2025-09-11,002050,32.93,34.51,32.4,34.36,2082406,7099437416.31,2212884139.0699997
2025-09-12,002050,34.61,35.35,34.1,34.1,1907029,6684477988.63,2212884139.0699997
2025-09-15,002050,34.4,36.48,34.05,35.26,2290510,8213318038.99,2306390381.69
2025-09-16,002050,35.78,38.83,35.56,38.83,2380193,8960440857.42,2306390381.69
2025-09-17,002050,40.59,41.78,39.91,41.5,3681606,15151664848.98,2306390381.69
2025-09-18,002050,42.61,45.69,42.33,45.15,4864579,21610523782.2,2465505464.5
2025-09-19,002050,43.0,43.5,40.6,41.25,3815908,16069807391.96,2632138967.91
2025-09-22,002050,41.47,43.06,41.31,42.57,2631978,11211059682.52,2754371982.245
2025-09-23,002050,42.4,45.31,42.1,44.63,3322881,14718508895.75,2898687200.29
2025-09-24,002050,43.6,44.38,42.37,44.15,2599258,11370714195.69,2985084090.71
2025-09-25,002050,44.59,45.0,42.42,43.65,2129901,9375430765.59,3108364416.6850004
2025-09-26,002050,42.73,44.75,42.6,42.72,2032797,8954687749.23,3281183514.585
2025-09-29,002050,43.18,46.99,43.15,46.2,2827965,12894257859.12,3454910797.33
2025-09-30,002050,45.89,48.5,45.79,48.03,2390819,11410335975.36,3621644815.705
2025-10-09,002050,46.6,50.03,45.2,48.99,2696673,13009009113.03,3686997354.1949997
2025-10-10,002050,48.1,49.19,44.6,45.14,2821653,13172376501.29,3860717081.0150003
2025-10-13,002050,42.0,43.55,41.2,42.76,2182789,9357956899.91,4044534397.4
2025-10-14,002050,43.62,43.88,39.6,39.76,2292316,9576922021.59,4125826146.4849997
2025-10-15,002050,39.99,43.78,39.3,43.78,2813528,11979556741.66,4246150949.4399996
2025-10-16,002050,41.6,43.57,41.45,42.52,2343643,10060467806.49,4246150949.4399996
2025-10-17,002050,43.28,44.49,41.61,42.92,2367882,10307481528.11,4356199984.505
2025-10-20,002050,44.6,47.04,43.65,45.7,2860962,13186362719.46,4446289985.305
2025-10-21,002050,45.6,47.04,44.9,46.53,2484082,11580092452.6,4500365928.945
2025-10-22,002050,45.68,48.3,45.52,47.7,2487342,11801051936.18,5151207066.139999
2025-10-23,002050,46.59,47.94,46.0,47.56,2013409,9551111286.63,5935455218.985
2025-10-24,002050,47.7,49.6,46.56,48.23,2598794,12570980864.79,6382824356.1
2025-10-27,002050,48.62,49.04,47.4,48.22,2368096,11494807453.17,6715746450.525
2025-10-28,002050,48.6,53.08,48.33,52.21,3543886,18084854309.38,6923226164.365
2025-10-29,002050,51.5,52.98,51.3,52.59,2420215,12713249001.03,7291040328.425
2025-10-30,002050,52.6,52.85,50.67,50.82,2146065,11131161104.39,7847980639.764999
2025-10-31,002050,50.42,52.1,49.4,49.53,2223244,11369306685.46,8257375126.995
2025-11-03,002050,49.01,49.79,47.32,48.39,2108253,10242353795.94,8628059982.115
2025-11-04,002050,48.4,48.74,45.87,46.55,1903614,8992197942.26,8957564303.325
2025-11-05,002050,45.32,46.97,44.94,46.22,1625670,7514152754.96,8957564303.325
2025-11-06,002050,46.59,50.71,46.03,49.96,2904363,14070360346.79,8976319399.84
2025-11-07,002050,48.6,49.48,47.61,48.02,2043135,9991363346.92,9175077421.085
2025-11-10,002050,47.42,47.95,44.6,45.11,2528674,11675561541.28,9366693832.75
2025-11-11,002050,45.52,45.7,43.33,43.5,2156745,9591868411.77,9463271026.11
2025-11-12,002050,43.9,44.83,43.2,43.48,1577206,6990763427.06,9463271026.11
2025-11-13,002050,42.9,44.54,42.6,43.89,1698686,7452680458.44,9463271026.11
2025-11-14,002050,42.74,43.07,41.85,42.08,1432179,6132791700.3,9463271026.11
2025-11-17,002050,41.26,42.48,41.1,41.45,1379428,5796973484.89,9463271026.11
2025-11-18,002050,41.53,42.2,41.1,41.74,1146175,4828623866.49,9463271026.11
2025-11-19,002050,41.61,42.4,41.28,41.63,1033503,4355483138.55,9463271026.11
2025-11-20,002050,41.94,42.07,40.68,40.77,1034845,4302588814.32,9463271026.11
2025-11-21,002050,40.11,42.48,39.93,41.5,2123860,8865881838.82,9463271026.11
2025-11-24,002050,41.2,41.47,39.43,40.99,1481396,6064777125.61,9463271026.11
2025-11-25,002050,41.76,42.4,41.5,41.77,1374283,5813677757.4,9463271026.11
2025-11-26,002050,41.19,43.44,40.59,42.79,2064342,8854635476.18,9463271026.11
2025-11-27,002050,42.8,43.79,42.31,42.39,1614517,7003745593.65,9463271026.11
2025-11-28,002050,41.96,43.02,41.6,42.58,1137915,4867661775.03,9463271026.11
2025-12-01,002050,42.7,43.77,42.59,43.39,1306197,5711522418.44,9463271026.11
2025-12-02,002050,42.96,42.97,41.37,41.63,1357758,5765361558.91,9463271026.11
2025-12-03,002050,41.6,42.25,41.0,41.26,762339,3186368108.57,9463271026.11
2025-12-04,002050,42.95,45.43,42.42,44.39,3263721,14481556409.13,9564016654.11
2025-12-05,002050,43.4,44.88,43.37,44.7,2193635,9786379536.3,9584395216.68
2025-12-08,002050,44.75,46.6,44.1,46.4,2568681,11770969462.2,9689123974.035
2025-12-09,002050,45.41,46.57,45.18,45.56,1695814,7835680866.32,9689123974.035
2025-12-10,002050,45.58,46.55,45.01,46.2,1508338,6996366778.1,9584395216.68
2025-12-11,002050,46.48,46.87,44.76,44.77,1536219,7067701535.24,9584395216.68
2025-12-12,002050,44.5,45.08,43.61,44.64,1335926,5983037125.61,9584395216.68
2025-12-15,002050,44.1,44.36,43.12,43.14,1044105,4594101490.93,9584395216.68
2025-12-16,002050,43.11,43.66,42.31,42.47,883805,3824940525.96,9584395216.68
2025-12-17,002050,42.73,43.76,42.67,43.62,1094050,4781633616.06,9584395216.68
2025-12-18,002050,42.88,43.83,42.39,42.48,928176,4027898457.49,9564016654.11
2025-12-19,002050,42.95,43.78,42.94,43.07,898477,3929064536.11,9463271026.11
2025-12-22,002050,43.65,45.52,43.4,45.02,1801219,8100184634.36,9366693832.75
2025-12-23,002050,45.39,45.39,44.3,44.48,1331302,6002618072.17,9175077421.085
2025-12-24,002050,44.48,44.99,44.25,44.68,889128,4010597730.41,8973442845.744999
2025-12-25,002050,45.09,47.6,44.86,47.16,2217164,10382557564.41,8973442845.744999
2025-12-26,002050,46.69,47.42,46.04,46.9,1720363,8096430504.94,8910284794.025
2025-12-29,002050,47.0,48.73,46.69,47.33,2016342,9683861719.29,8929039890.54
2025-12-30,002050,46.6,52.1,46.48,52.1,2811101,14133714654.22,8929039890.54
2025-12-31,002050,53.78,56.09,52.0,54.91,4130750,22472647843.06,8929039890.54
2026-01-05,002050,54.1,57.59,53.65,55.88,3413471,19212148092.26,8929039890.54
2026-01-06,002050,55.59,58.48,55.18,56.44,3185184,18138552017.67,8929039890.54
2026-01-07,002050,55.4,57.2,53.9,55.35,3314546,18491344799.28,8929039890.54
2026-01-08,002050,54.9,55.48,53.6,53.97,2138388,11739907062.95,8929039890.54
2026-01-09,002050,53.81,57.48,53.78,56.74,2799071,15843319380.6,8929039890.54
2026-01-12,002050,57.2,57.83,55.36,56.6,2779438,15827514843.07,8929039890.54
2026-01-13,002050,56.29,59.75,55.9,56.75,2929986,17033868714.32,8929039890.54
2026-01-14,002050,55.91,57.24,53.95,54.46,3087789,17298989992.82,8929039890.54
2026-01-15,002050,54.19,55.02,53.75,54.31,1484150,8100785562.56,8860258657.5
2026-01-16,002050,54.82,58.58,54.81,57.18,2840671,16284917315.54,8860258657.5
2026-01-19,002050,57.94,60.49,57.05,58.28,2734994,16103344491.58,8860258657.5
2026-01-20,002050,58.52,59.84,56.83,57.59,2264148,13234869333.83,8860258657.5
2026-01-21,002050,56.78,58.99,56.78,57.67,1732830,10087492319.51,8860258657.5
2026-01-22,002050,57.82,58.32,55.72,55.75,2042849,11604960717.77,8860258657.5
2026-01-23,002050,54.78,55.37,53.49,53.76,2828334,15368857612.45,8860258657.5
2026-01-26,002050,53.76,54.61,51.52,51.66,2176728,11495842188.71,8860258657.5
2026-01-27,002050,51.71,52.39,50.5,51.99,1646089,8533862641.97,8694249059.075
2026-01-28,002050,51.67,51.92,50.82,51.13,1220878,6287210455.18,8317324102.265
2026-01-29,002050,51.22,51.47,49.73,49.79,1364595,6905879588.83,8100485098.46
2026-01-30,002050,49.81,51.7,49.02,50.66,1787982,9054455986.09,8317324102.265
2026-02-02,002050,50.14,52.41,50.09,50.46,1818787,9358079003.22,8317324102.265
2026-02-03,002050,50.66,52.05,49.83,52.05,1627588,8399772966.18,8250279264.370001
2026-02-04,002050,51.62,51.71,50.78,51.38,1106918,5694679424.36,8100485098.46
2026-02-05,002050,50.23,50.61,49.58,49.81,919934,4625737850.23,8098307569.65
2026-02-06,002050,49.08,51.89,48.8,50.84,1308063,6691040678.59,8098307569.65
2026-02-09,002050,51.42,51.51,50.73,51.3,965102,4958475648.62,8098307569.65
2026-02-10,002050,51.3,53.62,50.87,53.02,1851900,9752072387.5,8100485098.46
2026-02-11,002050,52.32,52.92,51.72,51.88,972987,5102572653.93,8100485098.46
2026-02-12,002050,51.72,52.82,51.49,52.39,858744,4521258482.79,8100485098.46
2026-02-13,002050,51.87,53.62,51.63,53.2,1307070,6977349027.16,8100485098.46
2026-02-24,002050,54.74,54.74,52.08,52.45,1426444,7576283108.27,8100485098.46
2026-02-25,002050,52.46,52.52,51.02,51.87,1306546,6770428826.49,8098307569.65
2026-02-26,002050,51.52,52.22,51.09,51.66,981068,5089017297.85,8098307569.65
2026-02-27,002050,51.4,51.65,50.84,50.93,915695,4698511777.7,8098307569.65
2026-03-02,002050,49.62,50.18,49.08,49.12,1302209,6472251738.05,7966055685.629999
2026-03-03,002050,49.11,49.6,46.21,46.3,1474788,7052847059.35,7966055685.629999
2026-03-04,002050,45.67,47.69,45.52,47.22,1090411,5124019743.43,7966055685.629999
2026-03-05,002050,48.09,48.17,47.08,47.31,755433,3611104046.02,7966055685.629999
2026-03-06,002050,47.06,47.81,46.83,47.43,558878,2670556478.07,7966055685.629999
2026-03-09,002050,45.95,47.0,45.22,46.71,905069,4179996286.72,7966055685.629999
2026-03-10,002050,47.36,48.47,47.27,48.16,962014,4638541371.28,7705981987.295
2026-03-11,002050,47.88,48.4,47.63,47.93,671202,3243162212.14,7321992321.755
2026-03-12,002050,47.9,48.69,47.53,48.5,900299,4363157539.53,7060274297.295
2026-03-13,002050,47.93,48.07,46.9,47.02,709775,3382233733.26,7024606918.725
2026-03-16,002050,46.72,46.73,45.79,46.39,551784,2564808947.55,7015098043.255
2026-03-17,002050,46.72,47.12,45.59,45.61,602055,2810410570.5,6941614307.995
2026-03-18,002050,45.71,46.18,45.32,46.13,518478,2387766283.52,6941614307.995
2026-03-19,002050,45.32,45.42,44.41,44.7,728156,3287793666.32,6941614307.995
2026-03-20,002050,45.16,45.17,43.92,43.95,576537,2585564391.7,6941614307.995
2026-03-23,002050,43.52,44.67,42.44,42.72,979048,4297983577.36,6941614307.995
2026-03-24,002050,43.27,43.4,40.86,42.29,959207,4042117987.01,6941614307.995
2026-03-25,002050,42.59,43.66,42.42,43.21,834380,3621125125.89,6941614307.995
2026-03-26,002050,43.72,44.69,43.38,43.59,1064730,4717158433.53,6838154207.66
2026-03-27,002050,42.72,43.47,42.42,43.07,675599,2921087646.86,6838154207.66
2026-03-30,002050,42.35,42.97,42.1,42.75,537123,2301365852.48,6838154207.66
2026-03-31,002050,42.78,43.48,42.18,42.25,584810,2519371032.5,6730734752.54
2026-04-01,002050,43.06,43.72,42.77,43.31,779858,3393458357.7,6581646208.32
2026-04-02,002050,43.02,43.55,42.41,42.53,579386,2505347307.19,6379731096.615
2026-04-03,002050,42.72,43.14,41.6,41.62,456837,1931114287.93,5990944939.77
2026-04-07,002050,41.62,41.97,41.12,41.49,399293,1670578980.73,5409349583.895
2026-04-08,002050,42.72,44.02,42.72,44.0,1017518,4450094240.92,5113296198.68
2026-04-09,002050,43.39,43.88,42.92,43.5,643807,2815482171.06,5095794975.89
2026-04-10,002050,43.93,45.57,43.92,44.59,1043670,4704049093.76,5023746473.235001
2026-04-13,002050,43.92,44.46,43.73,44.17,605136,2686132406.84,4837817041.075
2026-04-14,002050,44.52,45.52,44.28,45.26,902246,4084161204.81,4710603763.645
2026-04-15,002050,45.9,46.2,44.54,44.83,923334,4215295418.79,4701280435.73
2026-04-16,002050,46.22,46.38,45.13,45.5,924923,4243891531.34,4668526574.49
2026-04-17,002050,45.12,45.65,44.75,45.26,718523,3263459711.4,4632139610.754999
2026-04-20,002050,45.52,46.17,45.02,45.66,820082,3770805454.37,4573498166.51
2026-04-21,002050,45.62,46.59,44.92,45.83,898007,4123020361.77,4485676361.855
2026-04-22,002050,45.52,45.88,45.2,45.81,799533,3666857106.73,4406625890.225
2026-04-23,002050,45.81,45.82,44.16,44.88,1142349,5161798231.95,4406625890.225
2026-04-24,002050,44.55,45.02,44.03,44.66,699287,3132572645.87,4330570558.445
2026-04-27,002050,44.59,45.95,44.32,45.63,965683,4422983973.58,4330570558.445
2026-04-28,002050,45.58,45.58,43.83,43.88,876432,3923957201.61,4270937554.35
2026-04-29,002050,43.62,44.8,43.5,44.54,684563,3054568789.32,4229593475.065
2026-04-30,002050,44.41,47.09,44.3,46.64,1644680,7670256265.67,4229593475.065
2026-05-06,002050,46.64,48.32,46.32,47.88,1590112,7628197752.18,4229593475.065
2026-05-07,002050,47.89,50.12,47.6,50.04,1957613,9730789944.56,4229593475.065
2026-05-08,002050,49.72,53.6,49.43,51.41,2735314,14198905866.76,4229593475.065
2026-05-11,002050,51.46,51.61,50.65,50.93,1805483,9265318212.82,4229593475.065
2026-05-12,002050,51.17,51.82,50.17,50.64,1325642,6775326451.91,4229593475.065
2026-05-13,002050,50.12,51.39,49.32,51.22,1437170,7277939385.26,4229593475.065
2026-05-14,002050,51.42,51.78,49.1,49.15,1523612,7721883484.95,4229593475.065
2026-05-15,002050,49.0,53.49,48.97,51.78,2886054,14956474240.69,4229593475.065
2026-05-18,002050,51.72,53.55,51.02,52.64,2198828,11603956142.41,4229593475.065
2026-05-19,002050,52.72,53.52,51.54,52.05,1465682,7701529532.13,4229593475.065
2026-05-20,002050,51.42,51.44,49.94,50.27,1570084,7967857256.86,4229593475.065
2026-05-21,002050,50.81,54.2,50.42,52.55,3075762,16231014146.34,4229593475.065
2026-05-22,002050,52.23,53.87,51.42,53.77,2324288,12369099250.4,4229593475.065
2026-05-25,002050,54.12,54.7,53.07,53.63,2034777,10975922831.49,4229593475.065
2026-05-26,002050,53.67,55.72,52.89,54.16,2539357,13927527757.25,4229593475.065
2026-05-27,002050,52.75,53.2,50.62,50.74,2188466,11407670100.88,4229593475.065
2026-05-28,002050,50.42,50.52,47.0,48.33,2168339,10518986921.37,4229593475.065
2026-05-29,002050,48.19,49.01,45.45,46.06,1636326,7716653560.82,4229593475.065
2026-06-01,002050,46.06,46.72,44.26,44.29,1411432,6433059086.56,4229593475.065
2026-06-02,002050,44.94,45.6,44.22,44.89,1138317,5147205754.14,4229593475.065
2026-06-03,002050,44.26,46.22,43.96,44.8,1202122,5491193589.32,4270937554.35
2026-06-04,002050,44.32,47.72,44.2,46.73,1670493,7837805835.56,4330570558.445
2026-06-05,002050,46.33,49.08,44.89,47.23,2016418,9503739217.56,4393070756.555
2026-06-08,002050,45.22,48.35,45.22,47.1,1599774,7617251449.83,4393070756.555
2026-06-09,002050,47.09,47.57,45.42,47.21,1351384,6277778658.83,4436539107.25
2026-06-10,002050,46.7,47.03,44.9,45.08,1113483,5117904883.42,4577071667.34
2026-06-11,002050,44.22,45.89,43.22,45.41,1047378,4725497666.73,4710603763.645
2026-06-12,002050,45.87,47.02,44.53,44.53,1237364,5721472447.25,4721328050.129999
2026-06-15,002050,45.03,45.53,44.45,45.47,772223,3511047252.81,4721328050.129999
2026-06-16,002050,45.48,45.66,44.62,44.84,960811,4350049780.4,4721328050.129999
2026-06-17,002050,44.42,44.87,43.83,44.32,930615,4142558079.6,4721328050.129999
2026-06-18,002050,44.02,45.95,43.9,45.46,1248589,5678369609.55,4921701275.075
2026-06-22,002050,45.4,45.72,43.4,44.95,1288798,5764347534.84,5132555318.780001
2026-06-23,002050,44.52,44.7,42.57,42.91,1063572,4676254125.59,5132555318.780001
2026-06-24,002050,42.9,44.28,42.42,43.62,880203,3855765815.92,5132555318.780001
2026-06-25,002050,43.52,45.39,43.3,43.66,1136107,5050146624.43,5132555318.780001
2026-06-26,002050,43.4,43.4,41.22,41.22,1099027,4645658257.97,5132555318.780001
2026-06-29,002050,41.2,41.82,40.07,40.99,912018,3754259245.35,5132555318.780001
2026-06-30,002050,41.73,44.01,41.41,43.55,1304645,5630490446.32,5154501993.045
2026-07-01,002050,43.55,45.12,43.05,43.93,1253678,5570153403.32,5326495910.635
2026-07-02,002050,44.5,46.22,43.6,44.64,1799867,8160538145.73,5530673496.32
2026-07-03,002050,43.72,49.13,43.71,48.71,3215301,15371202123.49,5600321924.82
2026-07-06,002050,47.46,48.08,45.72,45.87,2192330,10328847836.58,5654430027.934999
2026-07-07,002050,45.89,47.2,44.88,45.23,1401090,6477016035.7,5699921028.4
2026-07-08,002050,44.6,44.85,41.72,41.73,1425036,6102201360.66,5742909991.045
2026-07-09,002050,41.42,42.72,41.11,42.57,932733,3925939695.93,5742909991.045
2026-07-10,002050,42.72,44.41,42.57,42.92,1120096,4893732979.35,5742909991.045
2026-07-13,002050,42.16,42.63,41.25,41.32,729860,3068892572.07,5742909991.045
2026-07-14,002050,41.32,41.66,40.12,41.66,669696,2761889027.7,5742909991.045
2026-07-15,002050,42.09,42.25,41.0,41.5,530162,2212165893.11,5742909991.045
2026-07-16,002050,41.0,42.81,40.7,41.83,639451,2688865175.12,5742909991.045
2026-07-17,002050,41.7,41.99,38.48,39.75,973730,3918420911.04,5742909991.045
2026-07-20,002050,39.5,39.88,35.78,36.12,1199713,4495788179.92,5742909991.045
2026-07-21,002050,36.77,38.16,36.19,38.1,1004961,3745118195.72,5742909991.045
2026-07-22,002050,37.71,38.4,37.04,38.36,761615,2871242966.16,5742909991.045
2026-07-23,002050,37.0,37.44,36.5,37.19,721351,2669184514.7,5742909991.045
2026-07-24,002050,35.95,36.2,35.03,35.05,753893,2674415524.01,5742909991.045
2026-07-27,002050,35.0,36.05,34.91,36.03,554244,1976076444.59,5742909991.045
2026-07-28,002050,35.7,36.75,35.53,35.58,527051,1900322868.04,5742909991.045
2026-07-29,002050,35.58,36.3,35.04,36.02,578176,2065726011.65,5699921028.4
