date,ticker,open,high,low,close,volume,amount,market_cap
2021-01-04,002074,38.94,41.21,38.56,40.33,89492325.0,3622822971.0,47533241725.229996
2021-01-05,002074,39.93,41.79,39.19,40.96,77864278.0,3215103974.0,48275764469.76
2021-01-06,002074,41.22,41.69,39.07,40.63,69256538.0,2818185815.0,47886823984.53001
2021-01-07,002074,41.01,43.91,40.64,43.77,86578810.0,3698012121.0,51587651631.87
2021-01-08,002074,44.36,44.48,40.42,42.38,84899337.0,3594839674.0,49949387163.78001
2021-01-11,002074,43.43,44.04,39.12,39.17,95259278.0,3959346418.0,46166056989.270004
2021-01-12,002074,38.76,42.89,38.41,42.07,84962813.0,3527202690.0,49584018829.17
2021-01-13,002074,41.51,42.82,37.86,38.58,94649609.0,3848204406.0,45470678545.979996
2021-01-14,002074,38.45,39.23,36.29,36.81,69210645.0,2613261331.0,43384543216.11
2021-01-15,002074,36.8,38.45,36.07,37.85,54077951.0,2043552751.0,44610295048.35
2021-01-18,002074,36.87,38.25,36.19,37.27,45928904.0,1735031906.0,43926702680.37
2021-01-19,002074,37.26,37.59,36.23,36.48,39538095.0,1475504846.0,42995602730.88
2021-01-20,002074,36.43,38.04,36.43,37.17,48882656.0,1853021839.0,43808841927.270004
2021-01-21,002074,37.4,38.55,36.16,38.1,56771623.0,2167800250.0,44904946931.1
2021-01-22,002074,37.67,41.78,37.64,41.61,79455383.0,3219519634.0,49041859364.909996
2021-01-25,002074,40.89,44.8,40.79,42.55,94797756.0,4132803935.0,50149750444.049995
2021-01-26,002074,42.42,43.06,41.09,42.37,57945609.0,2471972867.0,49937601088.46999
2021-01-27,002074,42.4,42.93,39.2,41.21,65661252.0,2712964088.0,48570416352.51
2021-01-28,002074,39.48,39.89,37.76,38.29,58794348.0,2313893133.0,45128882361.99
2021-01-29,002074,38.48,39.09,35.44,36.07,60095565.0,2244997872.0,42512373643.17
2021-02-01,002074,36.26,38.41,36.26,36.89,56931075.0,2159306473.0,43478831818.590004
2021-02-02,002074,36.92,38.21,36.37,37.4,44149883.0,1675914204.0,44079921659.4
2021-02-03,002074,37.71,39.22,37.35,37.36,45557891.0,1758984022.0,44032777358.159996
2021-02-04,002074,37.76,38.14,35.08,36.38,53949266.0,1990337152.0,42877741977.78001
2021-02-05,002074,36.38,39.73,36.37,36.98,76592068.0,2954323306.0,43584906496.38
2021-02-08,002074,37.37,38.78,36.48,38.21,44798090.0,1716440313.0,45034593759.51
2021-02-09,002074,38.26,40.01,37.83,39.7,54242523.0,2151166095.0,46790718980.700005
2021-02-10,002074,39.42,40.42,38.06,39.88,58631556.0,2327316866.0,47002868336.28001
2021-02-18,002074,40.72,40.8,37.98,39.76,48793087.0,1939349427.0,46861435432.56
2021-02-19,002074,39.0,39.39,38.04,38.91,30956260.0,1214085182.0,45859619031.21
2021-02-22,002074,38.74,39.49,37.34,38.29,40089181.0,1563613962.0,45128882361.99
2021-02-23,002074,38.44,41.18,37.86,39.71,56070716.0,2259717236.0,46802505056.01
2021-02-24,002074,40.08,42.49,40.08,40.46,73480506.0,3079715068.0,47686460704.26
2021-02-25,002074,41.21,41.4,37.69,38.05,56187872.0,2207030645.0,44846016554.549995
2021-02-26,002074,36.66,37.31,35.9,36.37,30831924.0,1142927209.0,42865955902.46999
2021-03-01,002074,37.44,37.78,36.77,37.44,22965108.0,868467006.0,44127065960.64
2021-03-02,002074,37.91,38.03,36.38,36.57,26181544.0,986433450.0,43101677408.67
2021-03-03,002074,36.57,37.45,35.92,37.25,25393558.0,947268500.0,43903130529.75
2021-03-04,002074,36.61,36.62,34.04,34.25,42767845.0,1528733293.0,40367307936.75
2021-03-05,002074,33.52,34.75,32.61,34.12,27673594.0,947912163.0,40214088957.71999
2021-03-08,002074,34.7,34.7,32.04,32.23,30921939.0,1044271361.0,37986520724.13
2021-03-09,002074,32.35,33.52,31.16,32.59,33605235.0,1104955026.0,38410819435.29
2021-03-10,002074,33.52,33.98,32.73,33.24,20552034.0,694162153.0,39176914330.44
2021-03-11,002074,33.62,36.48,33.54,36.28,48336484.0,1736847913.0,42759881224.68
2021-03-12,002074,36.48,38.41,35.92,37.98,45096762.0,1705337462.0,44763514027.38
2021-03-15,002074,37.56,37.71,35.67,36.28,33077301.0,1223774637.0,42759881224.68
2021-03-16,002074,36.74,36.95,34.51,34.94,27802855.0,1000660890.0,41180547133.14
2021-03-17,002074,35.29,37.45,35.16,37.07,34266745.0,1275272849.0,43690981174.17
2021-03-18,002074,37.12,39.76,37.1,39.04,55499345.0,2190745256.0,46012838010.24
2021-03-19,002074,38.33,39.34,37.31,37.71,39521209.0,1527519539.0,44445289994.01
2021-03-22,002074,37.71,39.1,36.92,38.77,36244100.0,1407069110.0,45694613976.87
2021-03-23,002074,39.53,39.69,37.24,37.95,32289212.0,1249831629.0,44728155801.450005
2021-03-24,002074,37.17,37.58,35.63,36.25,32670471.0,1207037204.0,42724522998.75
2021-03-25,002074,35.27,37.35,34.76,36.43,33924236.0,1233078660.0,42936672354.33
2021-03-26,002074,36.37,37.4,35.93,36.98,23735066.0,885131940.0,43584906496.38
2021-03-29,002074,36.72,36.74,35.76,36.02,22268057.0,815843092.0,42453443266.62
2021-03-30,002074,35.7,36.88,35.41,36.18,21801502.0,802273234.0,42642020471.58
2021-03-31,002074,36.18,36.61,34.89,35.52,19429360.0,700569032.0,41864139501.12
2021-04-01,002074,36.07,38.55,35.73,38.55,43762028.0,1657232457.0,45435320320.049995
2021-04-02,002074,38.06,38.96,37.66,38.63,28148381.0,1096863358.0,45529608922.53001
2021-04-06,002074,38.75,39.6,38.15,38.9,25395605.0,1000252931.0,45847832955.9
2021-04-07,002074,38.74,38.74,35.41,35.79,63164489.0,2328425669.0,42182363534.49
2021-04-08,002074,35.97,36.44,35.35,35.93,24021880.0,877073179.0,42347368588.83
2021-04-09,002074,35.88,35.88,33.91,34.23,37515105.0,1311478284.0,40343735786.13
2021-04-12,002074,34.31,34.47,32.3,32.6,30911152.0,1035417716.0,38422605510.6
2021-04-13,002074,32.61,33.31,32.15,33.24,18393392.0,612951185.0,39176914330.44
2021-04-14,002074,33.05,34.6,33.05,34.41,21345960.0,735679725.0,40555885141.71
2021-04-15,002074,33.72,33.99,32.68,33.34,19197373.0,647250228.0,39294775083.54
2021-04-16,002074,33.57,34.46,32.98,34.05,19431840.0,665995029.0,40131586430.549995
2021-04-19,002074,31.05,34.09,31.05,33.74,53856636.0,1794336341.0,39766218095.94
2021-04-20,002074,33.55,35.37,33.47,34.21,32848202.0,1150662792.0,40320163635.51
2021-04-21,002074,33.78,34.47,32.76,33.82,20805889.0,708846509.0,39860506698.42
2021-04-22,002074,34.12,34.44,32.93,33.24,22228952.0,752439703.0,39176914330.44
2021-04-23,002074,33.4,34.75,33.2,33.96,26560933.0,916094337.0,40025511752.76
2021-04-26,002074,34.01,35.27,33.56,33.72,32013350.0,1120792442.0,39742645945.32
2021-04-27,002074,33.72,34.21,32.78,33.33,20105067.0,679920173.0,39282989008.229996
2021-04-28,002074,33.7,34.58,33.22,33.87,25899614.0,894577334.0,39919437074.96999
2021-04-29,002074,33.72,34.21,33.43,33.53,17456587.0,597549907.0,39518710514.43
2021-04-30,002074,33.56,35.19,33.03,34.25,32141960.0,1112587157.0,40367307936.75
2021-05-06,002074,34.51,34.6,32.16,32.98,36143390.0,1211245139.0,38870476372.38
2021-05-07,002074,32.78,32.93,31.44,31.6,26242247.0,855695995.0,37243997979.6
2021-05-10,002074,31.59,31.89,30.93,31.65,16887050.0,539181163.0,37302928356.15
2021-05-11,002074,31.1,31.7,30.77,31.38,17919813.0,566808945.0,36984704322.78
2021-05-12,002074,31.35,31.74,30.96,31.35,13156047.0,418476876.0,36949346096.85
2021-05-13,002074,30.88,31.06,30.36,30.66,19584366.0,609034303.0,36136106900.46
2021-05-14,002074,30.51,31.4,30.18,31.37,18713378.0,587403237.0,36972918247.47
2021-05-17,002074,30.63,31.7,30.61,31.66,25731043.0,817005928.0,37314714431.46
2021-05-18,002074,31.32,31.48,30.73,31.05,18212015.0,574120905.0,36595763837.55
2021-05-19,002074,30.96,33.39,30.71,33.09,45520434.0,1511703852.0,39000123200.79
2021-05-20,002074,32.53,33.7,32.43,33.21,26512341.0,896853098.0,39141556104.51
2021-05-21,002074,33.41,33.68,32.79,33.52,20568450.0,693309730.0,39506924439.12
2021-05-24,002074,33.59,33.67,32.67,33.15,20468930.0,687996569.0,39070839652.65
2021-05-25,002074,33.03,34.2,32.93,33.7,27520877.0,942108162.0,39719073794.700005
2021-05-26,002074,33.13,33.77,32.79,33.36,22321087.0,753377117.0,39318347234.159996
2021-05-27,002074,33.22,34.35,32.99,34.3,28675921.0,984114369.0,40426238313.299995
2021-05-28,002074,34.16,35.55,34.05,34.88,39460384.0,1404599731.0,41109830681.28001
2021-05-31,002074,35.2,36.0,34.78,35.38,44101759.0,1585635720.0,41699134446.78001
2021-06-01,002074,36.55,37.96,35.71,36.0,60339561.0,2246031750.0,42429871116.0
2021-06-02,002074,35.85,36.87,35.0,35.29,38837910.0,1414495236.0,41593059768.99
2021-06-03,002074,35.2,35.72,34.43,34.97,25089451.0,892457018.0,41215905359.07
2021-06-04,002074,34.96,37.27,34.69,37.22,59522283.0,2203772707.0,43867772303.82
2021-06-07,002074,37.32,38.07,37.12,37.44,43269177.0,1648627165.0,44127065960.64
2021-06-08,002074,37.28,38.28,35.8,36.24,45368217.0,1691256991.0,42712736923.44
2021-06-09,002074,36.24,36.47,35.64,36.03,21761082.0,795817825.0,42465229341.93
2021-06-10,002074,35.96,36.82,35.79,36.26,33513302.0,1236389282.0,42736309074.06
2021-06-11,002074,36.08,36.43,34.97,35.49,33093794.0,1191460812.0,41828781275.19
2021-06-15,002074,36.03,36.23,34.58,34.92,25340554.0,902497402.0,41156974982.520004
2021-06-16,002074,34.9,34.9,32.73,32.94,32444249.0,1103102910.0,38823332071.14
2021-06-17,002074,32.83,33.62,32.76,33.13,19291953.0,649623903.0,39047267502.03001
2021-06-18,002074,33.03,33.66,32.65,33.45,26814069.0,902098036.0,39424421911.950005
2021-06-21,002074,33.46,34.16,32.87,33.76,27573267.0,939111077.0,39789790246.56
2021-06-22,002074,33.76,35.8,33.25,35.51,43942658.0,1543353112.0,41852353425.81
2021-06-23,002074,35.16,37.42,35.04,36.73,53397548.0,1981953695.0,43290254613.63
2021-06-24,002074,36.97,38.05,36.16,37.18,48095258.0,1818193053.0,43820628002.58
2021-06-25,002074,37.3,37.97,36.93,37.52,38808550.0,1472659855.0,44221354563.12
2021-06-28,002074,38.45,41.28,38.45,41.28,102849878.0,4226160553.0,48652918879.68
2021-06-29,002074,42.41,42.69,40.76,41.22,73849739.0,3120113692.0,48582202427.82
2021-06-30,002074,41.31,43.77,40.29,42.94,69889376.0,2991892396.0,50605242201.14
2021-07-01,002074,42.6,43.03,41.11,41.15,50413151.0,2145781977.0,48495708350.65
2021-07-02,002074,41.97,42.82,41.22,41.72,49075365.0,2089740442.0,49167459353.32
2021-07-05,002074,42.16,43.54,41.13,42.27,52755783.0,2253061633.0,49815640145.37
2021-07-06,002074,42.47,44.9,41.39,42.39,76448674.0,3332176277.0,49957061409.090004
2021-07-07,002074,42.94,46.63,42.43,46.63,54507214.0,2501553838.0,54953946060.53001
2021-07-08,002074,48.15,48.38,46.02,46.49,88638507.0,4224997063.0,54788954586.19
2021-07-09,002074,46.14,48.79,45.15,47.96,83718923.0,4036006238.0,56521365066.76
2021-07-12,002074,48.85,49.86,47.22,48.13,78917145.0,3878492916.0,56721711857.03001
2021-07-13,002074,49.1,52.94,48.87,52.2,110278135.0,5742033279.0,61518249718.200005
2021-07-14,002074,55.07,57.43,52.25,55.31,169736656.0,9594678355.0,65183417469.61
2021-07-15,002074,54.01,56.79,51.51,55.11,121328925.0,6684374681.0,64947715363.409996
2021-07-16,002074,54.21,54.37,51.61,52.23,74481815.0,4010380887.0,61553605034.13
2021-07-19,002074,52.72,54.45,51.38,51.5,72368379.0,3877288816.0,60693292346.5
2021-07-20,002074,51.39,55.75,51.36,54.98,79799522.0,4380136629.0,64794508994.38
2021-07-21,002074,56.0,57.41,54.32,56.81,77207069.0,4382843091.0,66951183266.11
2021-07-22,002074,56.77,57.18,54.52,56.27,66397408.0,3749063162.0,66314787579.37
2021-07-23,002074,56.68,59.6,55.75,59.02,75661032.0,4466971922.0,69555691539.62001
2021-07-26,002074,58.02,58.86,53.24,55.35,82921333.0,4700802155.0,65230557890.85
2021-07-27,002074,55.49,56.41,50.67,50.78,87836964.0,4799964928.0,59844764764.18
2021-07-28,002074,49.79,51.61,47.8,49.43,81044024.0,4094983243.0,58253775547.33
2021-07-29,002074,51.47,53.59,50.82,53.11,61053284.0,3242611294.0,62590694301.409996
2021-07-30,002074,52.84,55.63,52.61,53.87,67070580.0,3667854555.0,63486362304.96999
2021-08-02,002074,55.76,56.7,52.23,54.14,72217716.0,3993249620.0,63804560148.340004
2021-08-03,002074,53.86,53.92,50.61,51.16,65325260.0,3419300866.0,60292598765.96
2021-08-04,002074,51.27,56.27,50.77,56.27,86124653.0,4756866816.0,66314787579.37
2021-08-05,002074,60.14,61.9,59.21,61.9,97919735.0,6101199541.0,72949801868.9
2021-08-06,002074,64.08,65.05,61.99,62.95,114036895.0,7347805844.0,74187237926.45
2021-08-09,002074,62.01,62.02,57.85,60.29,78281763.0,4741873087.0,71052399913.99
2021-08-10,002074,60.24,61.32,56.19,57.48,84356405.0,5003695019.0,67740785321.88
2021-08-11,002074,57.71,59.43,56.88,58.48,67015913.0,3952278222.0,68919295852.87999
2021-08-12,002074,58.09,58.41,55.79,57.55,58039770.0,3365264073.0,67823281059.049995
2021-08-13,002074,56.0,59.05,55.71,56.06,59881380.0,3459862304.0,66067300367.86
2021-08-16,002074,54.42,55.39,52.05,52.31,69278647.0,3730732121.0,61647885876.61
2021-08-17,002074,52.84,53.36,50.38,50.97,51439613.0,2703149719.0,60068681765.07
2021-08-18,002074,51.54,52.5,49.98,50.68,43061764.0,2233378456.0,59726913711.08
2021-08-19,002074,50.77,53.52,50.21,52.41,52137465.0,2748758274.0,61765736929.71
2021-08-20,002074,51.71,53.23,51.0,52.24,41712142.0,2196075326.0,61565390139.44
2021-08-23,002074,52.15,52.22,49.88,51.25,62036919.0,3227439610.0,60398664713.75
2021-08-24,002074,51.47,54.07,50.28,52.4,70268699.0,3744945533.0,61753951824.4
2021-08-25,002074,52.35,52.79,50.87,52.0,36659951.0,1924944795.0,61282547612.0
2021-08-26,002074,51.86,52.83,49.39,49.66,52775401.0,2714615598.0,58524832969.46
2021-08-27,002074,49.29,53.93,48.7,52.76,75931020.0,3978107858.0,62178215615.56
2021-08-30,002074,50.97,56.55,50.73,55.8,94088414.0,5173965902.0,65760887629.799995
2021-08-31,002074,55.21,55.7,52.8,52.99,65212333.0,3561417137.0,62449273037.69
2021-09-01,002074,52.72,53.53,48.32,49.29,65158664.0,3337671033.0,58088784072.99
2021-09-02,002074,49.28,54.15,48.86,52.8,68181108.0,3598128072.0,62225356036.799995
2021-09-03,002074,53.24,54.11,50.16,51.34,49190658.0,2586509303.0,60504730661.54
2021-09-06,002074,50.86,53.43,49.37,53.09,49236542.0,2562867856.0,62567124090.79
2021-09-07,002074,53.35,57.26,52.52,55.32,76201376.0,4272837403.0,65195202574.92
2021-09-08,002074,55.6,56.5,54.12,54.89,49209489.0,2754336865.0,64688443046.590004
2021-09-09,002074,55.21,57.64,54.22,57.08,65014559.0,3719061507.0,67269381109.479996
2021-09-10,002074,56.98,57.81,55.16,57.58,55898178.0,3208886437.0,67858636374.979996
2021-09-13,002074,58.07,58.4,55.28,55.38,50541179.0,2874591013.0,65265913206.78001
2021-09-14,002074,56.37,57.94,54.22,56.01,58855730.0,3361744959.0,66008374841.31
2021-09-15,002074,56.19,57.83,55.06,57.15,48255905.0,2782161053.0,67351876846.65
2021-09-16,002074,57.24,57.26,52.26,52.75,62382555.0,3433138696.0,62166430510.25
2021-09-17,002074,52.69,53.37,49.46,51.26,46262812.0,2402182335.0,60410449819.06
2021-09-22,002074,50.08,51.59,49.89,50.36,25080982.0,1283188744.0,59349790341.159996
2021-09-23,002074,50.48,51.83,50.48,50.77,23792346.0,1232429176.0,59832979658.87
2021-09-24,002074,51.23,52.74,49.85,51.01,29875643.0,1555812703.0,60115822186.31
2021-09-27,002074,51.01,52.2,46.83,47.81,48405622.0,2393028513.0,56344588487.11
2021-09-28,002074,47.67,48.4,46.92,47.03,23181938.0,1118785392.0,55425350272.93
2021-09-29,002074,46.54,47.28,44.36,45.05,36006206.0,1667873823.0,53091899421.549995
2021-09-30,002074,45.84,47.57,45.37,46.82,35645048.0,1689682911.0,55177863061.42
2021-10-08,002074,47.87,47.89,45.25,45.58,25131131.0,1176385026.0,53716510002.979996
2021-10-11,002074,45.58,46.92,44.71,45.6,19321676.0,899602981.0,53740080213.6
2021-10-12,002074,46.04,46.29,44.05,44.97,23765714.0,1089452231.0,52997618579.07
2021-10-13,002074,44.98,46.56,44.98,46.56,23529924.0,1101902639.0,54871450323.36
2021-10-14,002074,46.01,48.29,45.84,47.49,24288916.0,1162521508.0,55967465117.19
2021-10-15,002074,47.31,49.46,46.52,48.9,34166814.0,1679955023.0,57629164965.9
2021-10-18,002074,48.58,51.15,48.41,50.29,35666520.0,1812691735.0,59267294603.99
2021-10-19,002074,51.66,52.5,50.53,51.22,37650193.0,1964632498.0,60363309397.82
2021-10-20,002074,50.97,52.51,50.8,51.12,36743751.0,1932232013.0,60245458344.71999
2021-10-21,002074,51.15,52.99,51.08,52.05,32639516.0,1723337415.0,61341473138.549995
2021-10-22,002074,52.08,52.72,51.32,52.0,24592460.0,1297177493.0,61282547612.0
2021-10-25,002074,52.53,57.21,52.25,57.21,67677718.0,3807179915.0,67422587478.51
2021-10-26,002074,59.15,60.02,56.24,56.53,82358437.0,4849533116.0,66621200317.43
2021-10-27,002074,57.04,59.47,56.29,58.47,59957166.0,3544539764.0,68907510747.56999
2021-10-28,002074,58.66,59.6,56.36,56.87,47548657.0,2792111010.0,67021893897.96999
2021-10-29,002074,56.84,58.32,54.02,58.07,66532987.0,3816340330.0,68436106535.17
2021-11-01,002074,58.18,59.43,56.71,58.17,46363686.0,2744708630.0,68553957588.270004
2021-11-02,002074,58.05,60.43,57.8,58.91,53118017.0,3194644255.0,69426055381.20999
2021-11-03,002074,58.95,60.88,57.43,59.84,51903661.0,3114047003.0,70522070175.04001
2021-11-04,002074,59.96,60.5,58.47,59.14,37846164.0,2281068490.0,69697112803.34
2021-11-05,002074,59.01,59.7,56.58,57.77,46528592.0,2743365824.0,68082553375.87
2021-11-08,002074,56.87,59.82,56.53,59.46,41820891.0,2500973809.0,70074236173.26
2021-11-09,002074,59.63,61.07,58.86,59.0,34739898.0,2104621315.0,69532121329.0
2021-11-10,002074,58.17,59.35,56.7,58.05,34174966.0,2000956564.0,68412536324.549995
2021-11-11,002074,57.97,58.85,57.28,58.29,28664119.0,1687937179.0,68695378851.99
2021-11-12,002074,59.03,63.88,58.84,63.0,63353253.0,3978766768.0,74246163453.0
2021-11-15,002074,63.02,63.59,56.7,56.7,77315052.0,4573599489.0,66821547107.700005
2021-11-16,002074,56.19,58.05,54.07,57.42,58996070.0,3350602849.0,67670074690.020004
2021-11-17,002074,56.92,58.37,56.19,57.13,38078545.0,2222738774.0,67328306636.03001
2021-11-18,002074,57.76,58.41,56.44,57.69,27160270.0,1587932024.0,67988272533.39
2021-11-19,002074,57.67,60.93,57.19,59.74,43797706.0,2646932297.0,70404219121.94
2021-11-22,002074,59.82,62.54,59.21,61.92,51389993.0,3178675112.0,72973372079.52
2021-11-23,002074,62.29,65.1,61.48,61.48,51716525.0,3295380914.0,72454827445.87999
2021-11-24,002074,61.91,62.92,60.04,60.23,36287110.0,2252193433.0,70981689282.12999
2021-11-25,002074,60.33,61.45,59.55,60.33,29977539.0,1835114719.0,71099540335.23
2021-11-26,002074,61.02,65.07,60.58,63.03,56399559.0,3617847304.0,74281518768.93001
2021-11-29,002074,61.69,64.55,60.71,61.45,55791336.0,3520073982.0,72419472129.95
2021-11-30,002074,61.42,65.66,61.32,65.58,69841967.0,4560483073.0,77286720622.98
2021-12-01,002074,64.57,65.61,60.04,62.37,77331314.0,4883932130.0,73503701818.47
2021-12-02,002074,62.14,62.95,60.85,61.81,35389947.0,2226389979.0,72843735921.11
2021-12-03,002074,62.49,64.48,61.45,62.11,36806432.0,2343737042.0,73197289080.41
2021-12-06,002074,60.9,61.91,59.11,59.12,44275005.0,2713439570.0,69673542592.72
2021-12-07,002074,59.2,59.63,56.07,56.19,52391773.0,3034807942.0,66220506736.89
2021-12-08,002074,57.07,58.19,56.96,57.25,27250759.0,1589155603.0,67469727899.75
2021-12-09,002074,57.26,57.77,55.97,56.14,31209839.0,1794170273.0,66161581210.340004
2021-12-10,002074,55.94,59.72,55.22,59.26,57545440.0,3380074651.0,69838534067.06
2021-12-13,002074,59.13,61.3,57.73,59.76,40400805.0,2451831562.0,70427789332.56
2021-12-14,002074,59.79,61.35,58.6,58.98,28866045.0,1740125198.0,69508551118.37999
2021-12-15,002074,59.0,59.91,57.51,57.84,25574818.0,1519593752.0,68165049113.04
2021-12-16,002074,58.3,58.41,56.15,56.8,27291368.0,1573236583.0,66939398160.799995
2021-12-17,002074,56.79,56.88,55.5,55.63,20441485.0,1160452204.0,65560540839.53001
2021-12-20,002074,57.04,57.98,52.75,52.87,44291617.0,2455466391.0,62307851773.96999
2021-12-21,002074,53.91,54.59,52.9,54.07,25614991.0,1399630505.0,63722064411.17
2021-12-22,002074,54.87,57.82,54.58,57.37,42295350.0,2415742500.0,67611149163.46999
2021-12-23,002074,58.17,59.66,56.88,57.11,37756657.0,2222352254.0,67304736425.409996
2021-12-24,002074,56.86,56.88,52.58,53.45,45009559.0,2459616880.0,62991387881.950005
2021-12-27,002074,52.74,53.42,51.05,51.46,27825489.0,1468119923.0,60646151925.26
2021-12-28,002074,51.76,53.25,50.87,52.94,29006970.0,1528768760.0,62390347511.14
2021-12-29,002074,52.4,52.71,51.07,51.07,25619532.0,1340973042.0,60186532818.17
2021-12-30,002074,52.25,52.25,50.45,50.74,25304021.0,1312776058.0,59797624342.94
2021-12-31,002074,50.86,51.51,49.7,50.53,24990849.0,1277756453.0,56696827433.82
2022-01-04,002074,51.41,51.76,47.32,47.65,46229660.0,2273908094.0,53465343899.1
2022-01-05,002074,47.81,47.81,45.72,45.8,33574447.0,1576300918.0,51389564545.2
2022-01-06,002074,45.81,46.65,45.18,46.07,28844578.0,1342530024.0,51692516126.58
2022-01-07,002074,45.79,46.22,44.4,44.45,28799605.0,1313961017.0,49874806638.3
2022-01-10,002074,44.44,44.96,43.24,44.09,22474099.0,1007659371.0,49470871196.46001
2022-01-11,002074,44.32,44.61,43.07,43.24,22205545.0,986646483.0,48517134736.560005
2022-01-12,002074,44.36,44.72,43.47,44.62,29016555.0,1303113460.0,50065553930.28
2022-01-13,002074,44.66,44.86,43.33,43.59,21724311.0,970164229.0,48909849749.46001
2022-01-14,002074,43.28,45.7,43.12,44.98,40309730.0,1828565098.0,50469489372.119995
2022-01-17,002074,45.2,46.3,44.66,45.44,27821080.0,1282911967.0,50985629103.36
2022-01-18,002074,45.21,45.6,44.68,45.1,18012107.0,823031560.0,50604134519.4
2022-01-19,002074,45.05,45.05,42.89,43.19,26380606.0,1166403834.0,48461032591.86
2022-01-20,002074,42.89,43.66,42.0,42.64,21937106.0,951612108.0,47843909000.16
2022-01-21,002074,42.49,43.18,41.72,41.97,16953368.0,728050749.0,47092140261.18
2022-01-24,002074,41.52,43.41,41.44,42.94,20546447.0,888536524.0,48180521868.36
2022-01-25,002074,42.42,43.17,40.89,40.98,17645421.0,749903235.0,45981317796.119995
2022-01-26,002074,41.37,41.77,40.28,41.54,19186388.0,801513813.0,46609661816.76
2022-01-27,002074,41.5,42.0,40.22,40.28,18001141.0,747794782.0,45195887770.32
2022-01-28,002074,40.45,40.96,38.85,39.43,20272771.0,819244665.0,44242151310.42
2022-02-07,002074,40.37,41.23,39.43,39.92,18872257.0,770246340.0,44791952328.48
2022-02-08,002074,39.96,40.08,38.25,39.59,18502052.0,732620946.0,44421678173.46001
2022-02-09,002074,39.64,41.01,38.95,40.67,20571624.0,838175127.0,45633484498.98
2022-02-10,002074,40.66,40.77,38.71,39.19,22022243.0,880600958.0,43972861015.86
2022-02-11,002074,38.89,40.72,38.17,38.61,22951141.0,917090721.0,43322076137.34
2022-02-14,002074,38.45,40.02,37.96,38.86,18842383.0,747778801.0,43602586860.84
2022-02-15,002074,39.05,40.39,38.62,40.03,23857468.0,964691949.0,44915377046.82
2022-02-16,002074,40.4,41.06,39.43,39.79,23294615.0,951711896.0,44646086752.26
2022-02-17,002074,39.79,41.28,39.48,40.78,29855347.0,1231839289.0,45756909217.32
2022-02-18,002074,40.34,40.65,39.56,39.82,23052850.0,933485213.0,44679748039.08
2022-02-21,002074,39.77,40.27,39.55,40.17,13393264.0,542276941.0,45072463051.98
2022-02-22,002074,39.95,40.77,39.24,40.75,26313917.0,1070996797.0,45723247930.5
2022-02-23,002074,40.92,42.84,40.62,42.32,32624238.0,1390757193.0,47484855274.08
2022-02-24,002074,41.8,43.14,40.77,41.66,36779015.0,1569161107.0,46744306964.03999
2022-02-25,002074,42.48,42.88,42.0,42.26,23929598.0,1029517097.0,47417532700.439995
2022-02-28,002074,41.9,42.78,41.68,42.47,20670999.0,884152257.0,47653161708.18
2022-03-01,002074,42.6,42.86,41.1,41.52,23287744.0,987393852.0,46587220958.880005
2022-03-02,002074,41.17,41.48,40.59,40.64,19681878.0,815154078.0,45599823212.16
2022-03-03,002074,40.98,41.05,39.19,39.26,27420317.0,1106439795.0,44051404018.439995
2022-03-04,002074,38.83,39.48,37.27,37.42,31485638.0,1217018434.0,41986845093.48
2022-03-07,002074,36.86,37.2,35.35,35.6,28757032.0,1051766365.0,39944727026.4
2022-03-08,002074,35.31,35.96,33.52,33.99,33846675.0,1187491049.0,38138237967.060005
2022-03-09,002074,34.31,34.43,31.85,33.51,32497138.0,1097084129.0,37599657377.939995
2022-03-10,002074,34.71,35.65,34.29,35.41,36894280.0,1310496069.0,39731538876.53999
2022-03-11,002074,34.6,35.47,34.11,35.1,27229271.0,961590595.0,39383705579.4
2022-03-14,002074,34.54,34.92,34.03,34.05,20292327.0,707670779.0,38205560540.7
2022-03-15,002074,33.8,34.78,32.83,32.83,25349335.0,869296931.0,36836668210.02
2022-03-16,002074,34.02,35.29,32.42,35.15,38728496.0,1340691375.0,39439807724.1
2022-03-17,002074,36.28,36.6,35.11,35.27,42567605.0,1548973655.0,39574452871.380005
2022-03-18,002074,35.29,35.95,34.55,35.67,24874223.0,886715850.0,40023270028.98
2022-03-21,002074,36.46,37.29,35.87,36.14,40819415.0,1514552874.0,40550630189.16
2022-03-22,002074,35.9,36.8,35.61,36.21,20778437.0,764491189.0,40629173191.74
2022-03-23,002074,36.86,36.95,35.65,36.01,18679322.0,685433292.0,40404764612.939995
2022-03-24,002074,35.5,36.34,35.29,35.79,19946458.0,724173778.0,40157915176.26
2022-03-25,002074,35.98,35.98,34.8,34.98,16769442.0,600075544.0,39249060432.119995
2022-03-28,002074,34.88,34.95,33.72,34.01,19967003.0,692593251.0,38160678824.939995
2022-03-29,002074,34.11,35.34,33.72,33.95,24431188.0,853763142.0,38093356251.3
2022-03-30,002074,34.21,35.47,34.01,35.33,26355664.0,938318684.0,39641775445.02
2022-03-31,002074,35.34,35.34,33.86,33.92,24658365.0,856839517.0,38059694964.48
2022-04-01,002074,33.52,34.76,33.52,34.13,15711916.0,545191140.0,38295323972.22
2022-04-06,002074,34.37,34.39,33.19,33.44,17141049.0,580984044.0,37521114375.36
2022-04-07,002074,33.27,33.41,32.37,32.48,16008480.0,532288928.0,36443953197.119995
2022-04-08,002074,32.44,32.71,31.18,31.63,20635825.0,665401351.0,35490216737.22
2022-04-11,002074,31.09,31.11,29.13,29.16,33590850.0,1013546556.0,32718770789.04
2022-04-12,002074,29.18,29.66,29.01,29.46,17653021.0,526092825.0,33055383657.24
2022-04-13,002074,29.2,29.76,28.87,28.87,15080373.0,447704706.0,32393378349.780003
2022-04-14,002074,29.27,29.38,28.39,28.68,16338482.0,477519853.0,32180190199.92
2022-04-15,002074,28.25,28.49,27.29,28.16,22146306.0,625534548.0,31596727895.04
2022-04-18,002074,27.69,28.49,27.49,28.42,13569440.0,386140808.0,31888459047.480003
2022-04-19,002074,28.36,29.18,28.26,28.48,16291188.0,472600497.0,31955781621.12
2022-04-20,002074,28.37,28.54,27.59,27.6,13021223.0,369547608.0,30968383874.4
2022-04-21,002074,27.89,28.17,26.42,26.53,19388040.0,534457569.0,29767797977.82
2022-04-22,002074,26.6,26.76,25.99,26.0,15579470.0,415727862.0,29173115244.0
2022-04-25,002074,25.63,25.83,23.39,23.39,34196173.0,842706948.0,26244583290.66
2022-04-26,002074,23.35,23.5,22.35,22.63,33084086.0,768498604.0,25391830691.219997
2022-04-27,002074,22.67,24.89,22.36,24.89,40550224.0,974186307.0,27927647631.66
2022-04-28,002074,24.65,25.68,24.55,24.94,30925933.0,786446648.0,27983749776.36
2022-04-29,002074,25.0,26.63,24.94,26.42,31419932.0,821711814.0,29644373259.480003
2022-05-05,002074,25.84,27.78,25.84,27.19,32779399.0,900338430.0,30508346287.86
2022-05-06,002074,26.57,27.04,26.13,26.64,24918838.0,672140998.0,29891222696.16
2022-05-09,002074,26.66,27.46,26.64,27.04,13600850.0,373596652.0,30340039853.76
2022-05-10,002074,27.11,28.59,26.94,28.59,35992904.0,1020954974.0,32079206339.46
2022-05-11,002074,28.48,30.98,28.37,29.87,47715241.0,1445074413.0,33515421243.780003
2022-05-12,002074,29.51,30.34,29.28,29.74,24958839.0,754786843.0,33369555667.559998
2022-05-13,002074,30.04,30.07,29.51,29.97,16100300.0,486336287.0,33627625533.18
2022-05-16,002074,30.27,30.98,29.87,30.06,23183714.0,712630721.0,33728609393.64
2022-05-17,002074,29.97,31.7,29.97,31.43,31366856.0,987376160.0,35265808158.42
2022-05-18,002074,31.66,32.22,31.2,31.57,23624005.0,759179523.0,35422894163.58
2022-05-19,002074,30.96,32.06,30.88,32.02,23413655.0,750671694.0,35927813465.880005
2022-05-20,002074,32.32,35.22,32.31,34.02,64088896.0,2201523493.0,38171899253.880005
2022-05-23,002074,34.31,34.87,33.7,34.85,48476723.0,1689922542.0,39103194855.9
2022-05-24,002074,34.31,34.96,32.93,32.93,44639149.0,1538688409.0,36948872499.42
2022-05-25,002074,32.94,33.42,32.32,32.81,30212189.0,1003736844.0,36814227352.14
2022-05-26,002074,33.29,33.58,32.19,33.21,30869163.0,1033600824.0,37263044509.74
2022-05-27,002074,33.55,35.16,33.55,33.98,40032484.0,1394378987.0,38127017538.119995
2022-05-30,002074,34.87,35.18,34.4,34.71,30330137.0,1070465479.0,38946108850.74
2022-05-31,002074,34.8,36.88,34.32,36.36,42127361.0,1528705501.0,40797479625.84
2022-06-01,002074,36.02,39.83,35.99,39.43,67485820.0,2625317382.0,44242151310.42
2022-06-02,002074,38.8,41.41,38.54,39.83,60954731.0,2497390726.0,44690968468.02
2022-06-06,002074,39.87,43.17,39.87,42.58,55974293.0,2382426295.0,47776586426.52
2022-06-07,002074,42.59,42.93,41.69,42.75,40911703.0,1754814127.0,47967333718.5
2022-06-08,002074,42.76,43.35,41.07,42.27,49147390.0,2099487920.0,47428753129.380005
2022-06-09,002074,42.1,42.98,41.87,42.54,42026355.0,1812091358.0,47731704710.76
2022-06-10,002074,42.19,44.66,42.1,43.96,50109244.0,2230201419.0,49325005620.24
2022-06-13,002074,43.48,45.34,43.23,44.56,38891315.0,1754268912.0,49998231356.64
2022-06-14,002074,43.97,44.54,42.87,44.19,36265704.0,1605134361.0,49583075485.86
2022-06-15,002074,44.54,45.66,43.46,44.03,32599413.0,1469695065.0,49403548622.82
2022-06-16,002074,44.27,45.0,43.87,44.36,21906738.0,985016251.0,49773822777.84
2022-06-17,002074,44.11,45.59,43.91,44.88,31953266.0,1449008316.0,50357285082.72
2022-06-20,002074,45.24,46.24,44.89,45.94,34497658.0,1595882294.0,51546650550.36
2022-06-21,002074,45.87,45.92,44.27,45.07,25504016.0,1159528081.0,50570473232.58
2022-06-22,002074,44.62,45.94,44.62,45.07,24243200.0,1112507680.0,50570473232.58
2022-06-23,002074,45.1,47.06,44.64,46.87,37001512.0,1728821989.0,52590150441.78
2022-06-24,002074,46.99,47.07,45.75,45.93,31652940.0,1478157529.0,51535430121.42
2022-06-27,002074,45.96,46.73,45.65,46.44,27527316.0,1290953370.0,52107671997.36
2022-06-28,002074,46.33,46.92,45.79,46.49,23003497.0,1080327117.0,52163774142.060005
2022-06-29,002074,46.54,46.69,44.24,44.27,32828416.0,1500538010.0,49672838917.380005
2022-06-30,002074,43.88,45.45,43.87,45.06,21147263.0,961855166.0,53200082871.840004
2022-07-01,002074,45.06,45.54,42.77,43.13,42486750.0,1883232759.0,50921428634.32
2022-07-04,002074,42.79,45.96,42.64,45.93,40665133.0,1849175385.0,54227248253.52
2022-07-05,002074,45.94,46.34,44.68,45.5,25686690.0,1178584586.0,53719568812.0
2022-07-06,002074,45.34,45.8,43.81,44.63,24856883.0,1128345346.0,52692403430.32
2022-07-07,002074,44.46,49.1,44.12,49.1,64332508.0,3114407996.0,57969908322.4
2022-07-08,002074,49.5,50.39,44.19,44.19,81923818.0,3865151381.0,52172917490.159996
2022-07-11,002074,44.36,44.86,43.22,43.82,38745281.0,1722266771.0,51736077040.48
2022-07-12,002074,43.77,45.15,43.28,43.98,30135900.0,1347137230.0,51924981018.71999
2022-07-13,002074,43.77,44.09,41.21,43.3,36031209.0,1557676060.0,51122139111.2
2022-07-14,002074,43.08,46.85,42.78,46.06,41636935.0,1921317741.0,54380732735.840004
2022-07-15,002074,46.0,46.64,45.25,45.33,25407422.0,1182273065.0,53518858335.119995
2022-07-18,002074,45.44,45.75,42.89,44.02,41571612.0,1845770886.0,51972207013.28001
2022-07-19,002074,43.88,44.31,42.54,42.69,31703651.0,1387693884.0,50401942694.159996
2022-07-20,002074,42.73,43.18,41.46,41.89,36169932.0,1535614529.0,49457422802.96
2022-07-21,002074,41.7,42.78,41.13,41.7,21867746.0,931405392.0,49233099328.8
2022-07-22,002074,42.49,42.93,41.31,41.87,23449360.0,999225765.0,49433809805.68
2022-07-25,002074,41.3,42.23,41.18,41.5,26386846.0,1111144679.0,48996969356.0
2022-07-26,002074,41.52,42.73,40.25,41.5,32499969.0,1366803737.0,48996969356.0
2022-07-27,002074,41.32,41.81,40.53,41.5,18163485.0,759599875.0,48996969356.0
2022-07-28,002074,41.98,42.26,39.76,39.88,36871808.0,1503697661.0,51637296536.32
2022-07-29,002074,39.61,40.29,38.55,38.6,28004978.0,1109231928.0,49979930950.4
2022-08-01,002074,38.6,40.21,37.97,40.02,34541534.0,1375161442.0,51818570897.28001
2022-08-02,002074,39.32,39.74,37.92,38.2,33191550.0,1298404533.0,49462004204.8
2022-08-03,002074,39.03,39.62,37.08,37.25,30174501.0,1166784509.0,48231928184.0
2022-08-04,002074,37.58,38.41,37.27,37.75,20592229.0,788292406.0,48879336616.0
2022-08-05,002074,37.81,38.92,37.58,38.35,20942237.0,808954025.0,49656226734.4
2022-08-08,002074,38.24,38.64,37.46,38.62,19474206.0,753972967.0,50005827287.68
2022-08-09,002074,38.6,39.77,38.22,39.15,30904636.0,1227225697.0,50692080225.6
2022-08-10,002074,39.03,39.68,37.91,37.96,25683213.0,1000902775.0,49151248157.44
2022-08-11,002074,38.27,39.3,37.43,39.03,26579964.0,1034796689.0,50536702201.92
2022-08-12,002074,38.69,39.11,37.91,38.06,22195050.0,860458912.0,49280729843.840004
2022-08-15,002074,38.24,40.63,38.16,39.2,42270303.0,1691228397.0,50756821068.8
2022-08-16,002074,39.23,39.86,38.86,39.19,28885497.0,1150137273.0,50743872900.159996
2022-08-17,002074,39.44,40.91,38.48,40.71,49052041.0,1983598285.0,52711994533.44
2022-08-18,002074,40.51,43.67,40.31,42.62,69738115.0,2989991497.0,55185094743.68
2022-08-19,002074,42.49,42.68,40.71,40.91,41983464.0,1758393226.0,52970957906.24
2022-08-22,002074,40.63,42.05,39.68,41.95,32873057.0,1373158478.0,54317567444.8
2022-08-23,002074,41.92,43.73,41.7,42.73,39483763.0,1713993830.0,55327524598.71999
2022-08-24,002074,43.58,43.67,39.2,39.41,52314227.0,2159596382.0,51028732610.24
2022-08-25,002074,39.32,39.69,37.34,38.13,32560019.0,1257007771.0,49371367024.32
2022-08-26,002074,38.13,38.94,37.65,37.77,20659972.0,798305130.0,48905232953.28001
2022-08-29,002074,36.57,36.84,35.14,35.37,49226712.0,1785124759.0,45797672479.68
2022-08-30,002074,35.35,36.18,34.98,35.52,23878927.0,860460354.0,45991895009.28001
2022-08-31,002074,35.4,35.84,33.61,33.95,33169132.0,1154456543.0,43959032532.8
2022-09-01,002074,33.89,34.48,33.46,33.46,18330115.0,627891606.0,43324572269.44
2022-09-02,002074,33.77,33.89,32.96,33.3,20852614.0,704249107.0,43117401571.2
2022-09-05,002074,33.37,33.67,32.82,33.38,19371900.0,653224138.0,43220986920.32
2022-09-06,002074,33.59,34.34,32.44,34.27,29757724.0,1011700814.0,44373373929.28001
2022-09-07,002074,33.89,35.37,33.7,34.72,23808127.0,836757583.0,44956041518.08
2022-09-08,002074,34.53,34.8,33.74,33.88,20786644.0,718240478.0,43868395352.32
2022-09-09,002074,34.0,34.18,33.42,33.97,13217225.0,451839934.0,43984928870.08
2022-09-13,002074,34.24,34.68,33.79,34.31,13803153.0,478092023.0,44425166603.840004
2022-09-14,002074,33.51,33.99,33.23,33.68,16218256.0,551216033.0,43609431979.52
2022-09-15,002074,33.73,33.89,31.51,31.69,28809707.0,942612457.0,41032746420.16
2022-09-16,002074,31.58,32.01,30.71,30.79,22521687.0,712340171.0,39867411242.56
2022-09-19,002074,30.73,32.38,30.71,31.97,27750106.0,892510378.0,41395295142.08
2022-09-20,002074,32.61,32.88,31.99,32.11,18293029.0,600741149.0,41576569503.04
2022-09-21,002074,32.0,32.5,31.48,32.24,15294520.0,496596497.0,41744895695.36
2022-09-22,002074,31.82,32.46,31.7,31.83,14146051.0,458163476.0,41214020781.119995
2022-09-23,002074,31.92,32.8,31.37,32.24,22514275.0,730040092.0,41744895695.36
2022-09-26,002074,31.63,32.79,31.52,32.22,23691633.0,776957473.0,41718999358.08
2022-09-27,002074,32.4,32.76,31.63,32.69,19736280.0,644383158.0,42327563284.159996
2022-09-28,002074,32.7,32.8,31.32,31.35,17562290.0,564638960.0,40592508686.4
2022-09-29,002074,31.72,32.26,31.14,31.3,15243016.0,487432108.0,40527767843.200005
2022-09-30,002074,31.21,31.67,30.12,30.17,16524853.0,512175327.0,39064624786.880005
2022-10-10,002074,30.21,31.28,29.74,29.91,19865814.0,613509170.0,38727972402.24
2022-10-11,002074,30.33,31.86,30.22,30.95,23377639.0,737311803.0,40074581940.799995
2022-10-12,002074,31.07,33.48,30.63,33.44,37506979.0,1216455392.0,43298675932.159996
2022-10-13,002074,33.3,33.7,32.85,33.28,27958926.0,943537048.0,43091505233.92
2022-10-14,002074,33.79,33.94,33.19,33.78,26559329.0,902346477.0,43738913665.92
2022-10-17,002074,33.3,33.48,32.14,32.79,28294402.0,935958173.0,42457044970.56
2022-10-18,002074,33.09,34.07,32.82,33.5,29664707.0,1004220166.0,43376364944.0
2022-10-19,002074,33.59,35.13,33.35,33.89,40394462.0,1407703713.0,43881343520.96
2022-10-20,002074,33.59,33.89,32.14,33.08,33946727.0,1131361578.0,42832541861.119995
2022-10-21,002074,33.08,33.32,32.31,32.57,18578661.0,616415041.0,42172185260.48
2022-10-24,002074,32.6,32.91,31.18,31.56,25644006.0,831157761.0,40864420227.84
2022-10-25,002074,31.46,32.8,30.72,32.59,23943453.0,775828374.0,42198081597.76
2022-10-26,002074,32.62,33.1,32.24,32.51,20133142.0,664408266.0,42094496248.64
2022-10-27,002074,32.68,33.48,31.3,31.34,30845716.0,1005540567.0,40579560517.76
2022-10-28,002074,31.01,31.02,28.99,29.15,30586198.0,925634323.0,37743911585.6
2022-10-31,002074,28.66,30.28,28.66,29.69,21164772.0,635639279.0,38443112692.16
2022-11-01,002074,29.66,32.67,29.44,32.67,48505443.0,1551048807.0,42301666946.880005
2022-11-02,002074,33.58,34.66,33.29,34.18,54011403.0,1858704270.0,44256840411.52
2022-11-03,002074,33.89,34.71,33.69,34.31,29595687.0,1027939502.0,44425166603.840004
2022-11-04,002074,34.58,36.24,34.24,35.57,42775733.0,1530101520.0,46056635852.48
2022-11-07,002074,35.13,35.96,34.91,35.03,30266487.0,1079301249.0,45357434745.92
2022-11-08,002074,35.57,35.87,34.34,34.83,24311212.0,860322869.0,45098471373.119995
2022-11-09,002074,34.95,35.17,34.07,34.12,18655708.0,650494835.0,44179151399.68
2022-11-10,002074,33.94,33.94,33.04,33.23,18484515.0,624208041.0,43026764390.71999
2022-11-11,002074,34.29,34.48,33.2,33.65,24306120.0,829352085.0,43570587473.6
2022-11-14,002074,33.41,33.89,32.5,32.69,21789228.0,727896736.0,42327563284.159996
2022-11-15,002074,32.71,33.35,32.19,33.27,21867154.0,726780400.0,43078557065.28001
2022-11-16,002074,33.12,33.26,32.31,32.4,19532459.0,645060742.0,41952066393.6
2022-11-17,002074,32.29,32.36,31.5,31.8,18197353.0,583929721.0,41175176275.200005
2022-11-18,002074,31.87,32.27,31.49,32.11,17367183.0,560854704.0,41576569503.04
2022-11-21,002074,31.62,32.31,31.46,32.18,17613390.0,568715430.0,41667206683.52
2022-11-22,002074,32.01,32.01,31.13,31.34,17055450.0,542659944.0,40579560517.76
2022-11-23,002074,31.42,31.78,30.79,31.52,13627850.0,432261617.0,40812627553.28
2022-11-24,002074,31.62,32.2,31.33,31.64,15364676.0,493308310.0,40968005576.96
2022-11-25,002074,31.35,31.54,30.68,30.71,14083600.0,439694953.0,39763825893.44
2022-11-28,002074,30.17,30.82,29.9,30.76,11772217.0,362064876.0,39828566736.64
2022-11-29,002074,31.01,31.6,30.7,31.19,21146819.0,666386869.0,40385337988.16
2022-11-30,002074,31.38,31.84,30.94,31.62,20269108.0,646053937.0,40942109239.68
2022-12-01,002074,32.21,32.77,31.89,31.91,25329739.0,827744931.0,41317606130.24
2022-12-02,002074,31.91,32.31,31.7,32.21,22632685.0,735812328.0,41706051189.44
2022-12-05,002074,32.1,32.19,31.68,31.89,16530381.0,532644214.0,41291709792.96
2022-12-06,002074,31.79,32.41,31.29,31.98,17744624.0,572598974.0,41408243310.72
2022-12-07,002074,31.78,33.02,31.73,32.3,29117845.0,959641930.0,41822584707.2
2022-12-08,002074,32.17,32.84,31.92,32.34,15110248.0,495469867.0,41874377381.76
2022-12-09,002074,32.35,32.41,31.83,32.34,15909135.0,516704133.0,41874377381.76
2022-12-12,002074,32.18,32.21,31.49,31.84,14901118.0,479631479.0,41226968949.76
2022-12-13,002074,32.0,32.4,30.96,30.98,18002357.0,575133796.0,40113426446.72
2022-12-14,002074,30.93,31.29,30.23,30.59,14730322.0,457095638.0,39608447869.76
2022-12-15,002074,30.61,32.31,30.46,32.16,27097091.0,864106297.0,41641310346.24
2022-12-16,002074,31.82,32.31,30.99,31.31,16953803.0,539869811.0,40540716011.84
2022-12-19,002074,31.15,32.27,30.38,30.54,18974401.0,600513474.0,39543707026.56
2022-12-20,002074,30.62,30.74,29.91,30.11,12218060.0,373043016.0,38986935775.04
2022-12-21,002074,30.11,30.25,29.49,29.72,15290555.0,460285197.0,38481957198.08
2022-12-22,002074,29.81,29.99,28.8,28.84,14557167.0,430939781.0,37342518357.76
2022-12-23,002074,28.63,29.07,28.36,28.57,10885462.0,316375421.0,36992917804.48
2022-12-26,002074,28.73,29.81,28.55,29.81,15122824.0,449617505.0,38598490715.84
2022-12-27,002074,29.76,30.31,29.62,30.18,14700689.0,447559972.0,39077572955.52
2022-12-28,002074,29.89,29.99,29.33,29.66,11891389.0,356512371.0,38404268186.24
2022-12-29,002074,29.57,29.95,29.26,29.3,9539112.0,284882031.0,37938134115.200005
2022-12-30,002074,29.44,29.72,28.41,28.49,17482649.0,510713035.0,36889332455.36
2023-01-03,002074,28.46,29.23,27.93,29.12,19002598.0,549992369.0,36066043540.8
2023-01-04,002074,29.0,29.13,28.16,28.36,17200317.0,496002058.0,35124759437.4
2023-01-05,002074,28.55,29.67,28.32,29.29,21642737.0,636479552.0,36276593932.35
2023-01-06,002074,29.29,30.18,29.18,29.78,21499295.0,648526207.0,36883474472.700005
2023-01-09,002074,30.02,30.43,29.86,30.15,15768732.0,481492005.0,37341731207.25
2023-01-10,002074,30.14,30.93,29.96,30.67,19059475.0,587959137.0,37985767699.05
2023-01-11,002074,30.48,30.78,30.2,30.24,14274253.0,439283087.0,37453199061.6
2023-01-12,002074,30.28,30.93,30.2,30.28,19840833.0,611880546.0,37502740330.200005
2023-01-13,002074,30.32,31.04,29.84,31.04,22109736.0,679176366.0,38444024433.6
2023-01-16,002074,30.53,30.79,29.89,30.47,23389931.0,720049502.0,37738061356.049995
2023-01-17,002074,30.63,30.88,30.37,30.59,11940504.0,369890003.0,37886685161.85
2023-01-18,002074,31.03,31.22,30.73,30.77,12129723.0,379621222.0,38109620870.55
2023-01-19,002074,30.77,31.03,30.59,30.93,11302078.0,352613958.0,38307785944.95
2023-01-20,002074,30.93,31.52,30.82,31.41,16344844.0,516285785.0,38902281168.15
2023-01-30,002074,32.61,32.9,31.69,31.72,24481096.0,798646382.0,39286225999.799995
2023-01-31,002074,31.8,32.34,31.72,32.06,17412992.0,565743657.0,39707326782.9
2023-02-01,002074,32.11,33.37,32.1,32.8,24794695.0,824278572.0,40623840252.0
2023-02-02,002074,32.85,33.06,32.43,32.52,14207850.0,469585697.0,40277051371.8
2023-02-03,002074,32.43,32.61,31.58,31.96,14381607.0,465478036.0,39583473611.4
2023-02-06,002074,31.94,32.06,31.43,31.76,11800835.0,378329665.0,39335767268.4
2023-02-07,002074,31.66,31.89,31.54,31.79,10026968.0,322055647.0,39372923219.85
2023-02-08,002074,31.91,32.74,31.84,32.43,28777173.0,941543818.0,40165583517.45
2023-02-09,002074,32.41,32.47,31.99,32.32,18262465.0,595739286.0,40029345028.8
2023-02-10,002074,32.31,32.31,31.47,31.69,17738923.0,571215843.0,39249070048.35
2023-02-13,002074,31.57,32.11,31.54,31.71,12560138.0,403637884.0,39273840682.65
2023-02-14,002074,31.71,31.85,31.07,31.33,14470055.0,458342447.0,38803198630.95
2023-02-15,002074,31.49,31.79,30.98,31.07,15183012.0,480003617.0,38481180385.05
2023-02-16,002074,30.95,31.18,29.97,30.25,19392401.0,602609200.0,37465584378.75
2023-02-17,002074,30.25,30.3,29.55,29.55,16497243.0,498615439.0,36598612178.25
2023-02-20,002074,29.37,29.46,28.69,29.45,20601221.0,605912783.0,36474759006.75
2023-02-21,002074,29.44,30.05,29.3,29.8,17137068.0,515667809.0,36908245107.0
2023-02-22,002074,29.63,29.72,29.38,29.52,12314813.0,367943050.0,36561456226.8
2023-02-23,002074,29.64,29.82,29.35,29.64,12462471.0,372943750.0,36710080032.6
2023-02-24,002074,29.82,29.84,29.19,29.35,12420628.0,370299658.0,36350905835.25
2023-02-27,002074,29.21,29.42,28.91,29.04,10004574.0,294742064.0,35966961003.6
2023-02-28,002074,29.17,29.35,28.91,29.22,10881055.0,320574529.0,36189896712.299995
2023-03-01,002074,29.21,29.39,28.96,29.38,10728832.0,317372590.0,36388061786.7
2023-03-02,002074,29.38,29.42,28.87,28.94,12655820.0,372437210.0,35843107832.1
2023-03-03,002074,29.03,29.15,28.72,28.93,8574976.0,250940284.0,35830722514.95
2023-03-06,002074,28.94,29.16,28.62,29.05,12597955.0,368546479.0,35979346320.75
2023-03-07,002074,29.1,29.13,28.44,28.5,12077174.0,351218328.0,35298153877.5
2023-03-08,002074,28.51,28.75,28.41,28.67,7182411.0,207746536.0,35508704269.05
2023-03-09,002074,28.85,29.22,28.57,29.07,14382087.0,422039321.0,36004116955.05
2023-03-10,002074,28.81,29.05,28.46,28.75,11520052.0,334708664.0,35607786806.25
2023-03-13,002074,28.89,29.06,28.53,28.57,10071160.0,292600433.0,35384851097.55
2023-03-14,002074,28.6,28.6,27.64,28.1,16346652.0,463291959.0,34802741191.5
2023-03-15,002074,28.12,28.51,28.07,28.1,8714658.0,249567846.0,34802741191.5
2023-03-16,002074,27.82,27.94,26.85,26.94,20860900.0,576162095.0,33366044402.100002
2023-03-17,002074,27.06,27.42,26.88,26.96,16448966.0,450495359.0,33390815036.4
2023-03-20,002074,26.96,27.53,26.71,27.12,13271230.0,364543093.0,33588980110.800003
2023-03-21,002074,27.16,29.52,27.09,29.35,35643767.0,1031742347.0,36350905835.25
2023-03-22,002074,29.13,29.97,28.96,29.38,29117859.0,866761707.0,36388061786.7
2023-03-23,002074,29.15,29.44,28.85,29.2,16539975.0,487527718.0,36165126078.0
2023-03-24,002074,29.2,29.89,29.04,29.76,25616271.0,768005737.0,36858703838.4
2023-03-27,002074,29.6,29.89,29.15,29.81,19897960.0,595787692.0,36920630424.15
2023-03-28,002074,29.77,29.79,29.12,29.27,14859445.0,442367775.0,36251823298.05
2023-03-29,002074,29.27,29.74,29.05,29.17,11894700.0,352987267.0,36127970126.55
2023-03-30,002074,29.17,29.56,29.05,29.33,13227638.0,391749552.0,36326135200.95
2023-03-31,002074,29.32,29.7,29.17,29.45,14346392.0,427252211.0,36474759006.75
2023-04-03,002074,29.38,29.62,28.94,29.32,14770439.0,437348328.0,36313749883.8
2023-04-04,002074,29.29,29.31,28.32,28.7,22610364.0,654672849.0,35545860220.5
2023-04-06,002074,28.54,28.54,27.86,28.15,16697856.0,475251463.0,34864667777.25
2023-04-07,002074,28.08,28.46,28.06,28.17,10409082.0,297296862.0,34889438411.55
2023-04-10,002074,28.2,28.73,28.18,28.48,16185370.0,466363382.0,35273383243.2
2023-04-11,002074,28.43,28.65,27.88,28.55,13655213.0,391997226.0,35360080463.25
2023-04-12,002074,28.34,28.46,27.76,27.87,16809850.0,476964534.0,34517878897.05
2023-04-13,002074,27.7,28.4,27.58,28.03,11146550.0,315602283.0,34716043971.450005
2023-04-14,002074,28.03,28.93,27.96,28.68,19543718.0,566129089.0,35521089586.2
2023-04-17,002074,28.61,28.93,28.55,28.87,13214130.0,385272818.0,35756410612.05
2023-04-18,002074,28.9,29.26,28.54,28.8,12516836.0,365372321.0,35669713392.0
2023-04-19,002074,28.67,28.79,28.29,28.66,11851785.0,341917739.0,35496318951.9
2023-04-20,002074,28.6,28.61,27.46,27.62,18850683.0,528979702.0,34208245968.300003
2023-04-21,002074,27.77,28.13,26.98,27.1,13936104.0,387690424.0,33564209476.5
2023-04-24,002074,27.09,27.21,26.27,26.44,15167714.0,408669753.0,32746778544.600002
2023-04-25,002074,26.69,26.9,25.57,25.95,15813290.0,417226538.0,32139898004.25
2023-04-26,002074,25.83,27.66,25.7,27.37,21666696.0,590080024.0,33898613039.550003
2023-04-27,002074,27.18,27.67,26.97,27.62,13830445.0,383639599.0,34208245968.300003
2023-04-28,002074,27.28,27.56,26.82,27.17,15546859.0,426461134.0,33650906696.550003
2023-05-04,002074,27.17,27.78,26.97,27.46,12849008.0,355555140.0,34010080893.9
2023-05-05,002074,27.27,27.42,26.84,26.97,10912110.0,298340017.0,33403200353.55
2023-05-08,002074,27.21,27.45,26.95,27.34,10728889.0,295252175.0,33861457088.1
2023-05-09,002074,27.27,27.32,26.78,26.88,10701411.0,291442825.0,33291732499.199997
2023-05-10,002074,26.75,27.53,26.36,27.17,16275192.0,445106438.0,33650906696.550003
2023-05-11,002074,27.8,29.11,27.6,28.46,35632660.0,1021937786.0,35248612608.9
2023-05-12,002074,28.26,28.59,27.76,27.77,16952332.0,480194721.0,34394025725.55
2023-05-15,002074,27.85,28.74,27.85,28.66,23381919.0,675290130.0,35496318951.9
2023-05-16,002074,28.94,28.94,28.37,28.54,12347345.0,357254516.0,35347695146.1
2023-05-17,002074,28.58,28.71,28.06,28.43,10231863.0,293180248.0,35211456657.45
2023-05-18,002074,28.54,28.54,27.85,28.04,10296556.0,292442392.0,34728429288.6
2023-05-19,002074,28.03,28.05,27.77,27.96,7872072.0,222468773.0,34629346751.4
2023-05-22,002074,28.16,28.34,27.84,27.99,9243788.0,262500767.0,34666502702.85
2023-05-23,002074,27.92,28.22,27.71,27.75,7675136.0,216959479.0,34369255091.25
2023-05-24,002074,27.57,27.93,27.44,27.52,8601131.0,240868327.0,34084392796.8
2023-05-25,002074,27.37,27.98,27.25,27.72,9579383.0,269016383.0,34332099139.8
2023-05-26,002074,27.72,27.72,26.83,27.15,9722178.0,267270079.0,33626136062.25
2023-05-29,002074,27.15,27.27,26.49,26.55,10224111.0,276410783.0,32883017033.25
2023-05-30,002074,26.43,26.83,26.24,26.54,9748056.0,261310300.0,32870631716.1
2023-05-31,002074,26.56,26.6,26.17,26.29,8467737.0,225378244.0,32560998787.35
2023-06-01,002074,26.36,26.67,26.04,26.14,9776496.0,260762265.0,32375219030.100002
2023-06-02,002074,26.14,27.02,26.14,26.85,13115032.0,354957369.0,33254576547.75
2023-06-05,002074,26.95,27.02,26.42,26.46,10169367.0,273207694.0,32771549178.9
2023-06-06,002074,26.46,26.48,26.0,26.0,10275323.0,272508930.0,32201824590.0
2023-06-07,002074,26.08,26.16,25.1,25.24,16673931.0,430443444.0,31260540486.6
2023-06-08,002074,25.24,25.79,25.1,25.34,11620054.0,298638797.0,31384393658.1
2023-06-09,002074,25.15,25.65,24.95,25.3,12325019.0,315036099.0,31334852389.5
2023-06-12,002074,25.13,25.74,25.09,25.58,11325531.0,291849326.0,31681641269.699997
2023-06-13,002074,25.5,25.69,25.32,25.44,6989046.0,180149784.0,31508246829.600002
2023-06-14,002074,25.44,25.58,25.16,25.16,9537929.0,244339784.0,31161457949.4
2023-06-15,002074,25.26,26.98,25.2,26.84,34070987.0,914646908.0,33242191230.6
2023-06-16,002074,26.84,27.55,26.66,27.37,30016425.0,824714462.0,33898613039.550003
2023-06-19,002074,27.35,27.74,27.0,27.45,18033072.0,501923092.0,33997695576.75
2023-06-20,002074,27.52,27.89,27.32,27.45,14922682.0,416095726.0,33997695576.75
2023-06-21,002074,27.32,27.72,26.92,26.99,11594759.0,320129924.0,33427970987.85
2023-06-26,002074,26.69,27.32,26.53,26.8,13086309.0,356150715.0,33192649962.0
2023-06-27,002074,27.19,27.19,26.58,26.81,8004638.0,217144348.0,33205035279.149998
2023-06-28,002074,26.74,26.88,26.41,26.6,8587033.0,231491600.0,32944943619.0
2023-06-29,002074,26.58,26.76,26.37,26.56,7845806.0,210877984.0,32895402350.399998
2023-06-30,002074,26.56,27.56,26.47,27.29,20002520.0,550502403.0,35161209780.659996
2023-07-03,002074,27.3,27.82,27.3,27.66,16258834.0,454334337.0,35637928271.64
2023-07-04,002074,27.67,27.8,27.47,27.64,10554133.0,295068840.0,35612159704.56
2023-07-05,002074,27.62,27.73,27.32,27.36,9924846.0,275959278.0,35251399765.44
2023-07-06,002074,27.27,27.36,26.88,26.95,8260864.0,226368640.0,34723144140.299995
2023-07-07,002074,26.9,26.9,26.34,26.37,9335805.0,251108182.0,33975855694.98
2023-07-10,002074,26.43,27.61,26.43,27.24,13689574.0,376951653.0,35096788362.96
2023-07-11,002074,27.23,27.47,26.98,27.29,7312857.0,201296199.0,35161209780.659996
2023-07-12,002074,27.2,27.48,26.99,27.02,9009258.0,248240689.0,34813334125.08
2023-07-13,002074,27.02,27.58,26.89,27.05,9245793.0,253940046.0,34851986975.700005
2023-07-14,002074,26.97,26.99,26.5,26.63,11832701.0,319401954.0,34310847067.02
2023-07-17,002074,26.78,26.91,26.48,26.6,8091733.0,218275770.0,34272194216.4
2023-07-18,002074,26.59,26.86,26.32,26.58,7823373.0,210151998.0,34246425649.32
2023-07-19,002074,26.48,26.59,26.0,26.17,9366010.0,248621836.0,33718170024.18
2023-07-20,002074,26.18,26.64,25.91,25.96,8800333.0,233774608.0,33447600069.84
2023-07-21,002074,25.9,26.13,25.75,25.92,6258955.0,164168411.0,33396062935.68
2023-07-24,002074,25.87,25.87,25.44,25.48,8344000.0,216115511.0,32829154459.920002
2023-07-25,002074,25.7,26.06,25.64,25.9,11008278.0,288325369.0,33370294368.6
2023-07-26,002074,25.89,25.95,25.61,25.68,8539799.0,222434580.0,33086840130.72
2023-07-27,002074,26.58,27.34,26.34,26.37,33593852.0,910476379.0,33975855694.98
2023-07-28,002074,26.38,26.73,25.94,26.61,15500676.0,413724718.0,34285078499.94
2023-07-31,002074,26.53,27.37,26.53,27.21,21344582.0,586121271.0,35058135512.340004
2023-08-01,002074,27.07,27.28,26.97,27.12,8896461.0,244134842.0,34942176960.48
2023-08-02,002074,27.12,27.2,26.91,27.09,6722951.0,184015088.0,34903524109.86
2023-08-03,002074,26.97,27.35,26.88,27.34,9157240.0,252252066.0,35225631198.36
2023-08-04,002074,27.49,27.77,27.22,27.55,13449002.0,375134586.0,35496201152.700005
2023-08-07,002074,27.43,27.63,27.15,27.24,7385202.0,203938973.0,35096788362.96
2023-08-08,002074,27.17,27.3,26.97,27.04,5261108.0,144302356.0,34839102692.159996
2023-08-09,002074,26.97,27.15,26.84,26.98,5028849.0,137396465.0,34761796990.92
2023-08-10,002074,26.98,27.27,26.89,27.01,4916386.0,134604660.0,34800449841.54
2023-08-11,002074,26.97,27.03,26.31,26.32,6581458.0,177304980.0,33911434277.28
2023-08-14,002074,26.0,26.1,25.5,25.69,11350643.0,295208219.0,33099724414.260002
2023-08-15,002074,25.69,25.79,25.01,25.12,12544661.0,320583095.0,32365320252.48
2023-08-16,002074,25.13,25.34,24.95,24.96,9225413.0,234390244.0,32159171715.84
2023-08-17,002074,24.94,25.17,24.58,25.12,8695584.0,219180607.0,32365320252.48
2023-08-18,002074,25.12,25.34,24.73,24.73,8301618.0,210147924.0,31862833194.420002
2023-08-21,002074,24.69,24.69,24.04,24.07,11266568.0,277451523.0,31012470480.78
2023-08-22,002074,24.17,24.36,23.48,23.83,14972050.0,360550603.0,30703247675.82
2023-08-23,002074,23.73,23.82,23.17,23.27,9124236.0,216724396.0,29981727797.579998
2023-08-24,002074,23.38,23.71,23.25,23.31,8610647.0,204376949.0,30033264931.739998
2023-08-25,002074,23.16,23.41,22.79,22.91,8518876.0,198644628.0,29517893590.14
2023-08-28,002074,24.21,24.35,23.25,23.42,22198748.0,536771039.0,30174992050.68
2023-08-29,002074,23.41,24.11,23.27,24.08,13960923.0,337191623.0,31025354764.32
2023-08-30,002074,24.34,24.47,23.98,24.19,13152907.0,322670289.0,31167081883.260002
2023-08-31,002074,24.01,24.19,23.77,23.93,6815259.0,164932948.0,30832090511.22
2023-09-01,002074,24.01,24.19,23.93,24.06,5724633.0,139422411.0,30999586197.239998
2023-09-04,002074,24.28,24.44,24.04,24.38,8495451.0,208913764.0,31411883270.52
2023-09-05,002074,24.39,24.49,24.19,24.33,7940643.0,195698089.0,31347461852.82
2023-09-06,002074,24.22,24.3,24.07,24.2,6703311.0,163914830.0,31179966166.8
2023-09-07,002074,24.11,24.2,23.58,23.58,7598773.0,183103695.0,30381140587.32
2023-09-08,002074,23.49,23.64,23.37,23.52,5581117.0,132783414.0,30303834886.079998
2023-09-11,002074,23.92,24.21,23.58,23.83,12993086.0,313472802.0,30703247675.82
2023-09-12,002074,23.83,24.25,23.67,23.92,9683547.0,234640607.0,30819206227.68
2023-09-13,002074,23.93,24.11,23.44,23.47,8256028.0,198065997.0,30239413468.379997
2023-09-14,002074,23.37,23.55,23.01,23.23,8518994.0,200199137.0,29930190663.420002
2023-09-15,002074,23.3,23.4,22.87,22.97,8654717.0,201837048.0,29595199291.379997
2023-09-18,002074,23.07,23.77,23.04,23.44,11652227.0,276781103.0,30200760617.760002
2023-09-19,002074,23.42,23.58,23.13,23.25,6779302.0,159767537.0,29955959230.5
2023-09-20,002074,23.12,23.17,22.63,22.67,10243300.0,236398664.0,29208670785.18
2023-09-21,002074,22.67,22.83,22.57,22.69,6516924.0,149749038.0,29234439352.260002
2023-09-22,002074,22.58,23.03,22.53,23.02,8724279.0,201484901.0,29659620709.079998
2023-09-25,002074,22.87,23.12,22.39,22.76,11746741.0,269662424.0,29324629337.04
2023-09-26,002074,22.73,22.74,22.45,22.48,6901750.0,157422220.0,28963869397.920002
2023-09-27,002074,22.48,23.4,22.27,22.92,13345926.0,310004990.0,29530777873.68
2023-09-28,002074,22.97,23.11,22.8,22.92,6912698.0,160356649.0,29530777873.68
2023-10-09,002074,22.89,23.04,22.63,22.75,7538475.0,173670869.0,30004848942.25
2023-10-10,002074,22.8,23.06,22.72,22.72,8536000.0,197328442.0,29965282108.48
2023-10-11,002074,22.81,23.07,22.73,22.85,8432135.0,195260469.0,30136738388.15
2023-10-12,002074,23.02,23.97,22.96,23.93,23248149.0,555261169.0,31561144403.87
2023-10-13,002074,23.71,23.89,23.54,23.71,12182808.0,291859069.0,31270987622.89
2023-10-16,002074,23.71,23.71,23.02,23.13,10606554.0,249705907.0,30506028836.67
2023-10-17,002074,23.12,23.47,22.96,23.04,9854260.0,230934195.0,30387328335.36
2023-10-18,002074,22.97,22.97,22.64,22.76,7454778.0,172018292.0,30018037886.840004
2023-10-19,002074,22.54,22.68,22.05,22.07,13597732.0,306843437.0,29108000710.13
2023-10-20,002074,21.88,22.71,21.82,22.42,12832310.0,290753757.0,29569613770.780003
2023-10-23,002074,22.5,22.52,21.5,21.66,10948234.0,241872699.0,28567253981.94
2023-10-24,002074,21.64,21.89,21.37,21.56,11628909.0,253865061.0,28435364536.039997
2023-10-25,002074,21.64,22.06,21.61,21.63,9345429.0,206231773.0,28527687148.17
2023-10-26,002074,21.59,21.68,21.1,21.66,13028608.0,281340462.0,28567253981.94
2023-10-27,002074,21.55,23.22,21.46,23.13,28112293.0,645106425.0,30506028836.67
2023-10-30,002074,22.74,22.95,22.66,22.87,13813226.0,319109530.0,30163116277.33
2023-10-31,002074,22.76,22.85,22.3,22.49,11395030.0,259321006.0,29661936382.909996
2023-11-01,002074,22.73,22.94,22.48,22.69,10708793.0,246123495.0,29925715274.710003
2023-11-02,002074,22.7,22.85,22.33,22.36,7151464.0,163158617.0,29490480103.239998
2023-11-03,002074,22.35,22.77,22.33,22.68,8731068.0,199890118.0,29912526330.12
2023-11-06,002074,22.79,23.81,22.63,23.55,19538644.0,464217244.0,31059964509.45
2023-11-07,002074,23.47,23.53,23.22,23.3,9903394.0,233934100.0,30730240894.7
2023-11-08,002074,23.32,23.4,23.02,23.29,8573580.0,201616365.0,30717051950.11
2023-11-09,002074,23.2,23.46,23.12,23.38,10426987.0,245708523.0,30835752451.42
2023-11-10,002074,23.22,23.29,22.97,23.12,8044290.0,187860727.0,30492839892.08
2023-11-13,002074,23.12,23.58,23.0,23.49,13125043.0,309207352.0,30980830841.909996
2023-11-14,002074,23.45,23.58,23.16,23.27,7610535.0,179576650.0,30690674060.93
2023-11-15,002074,23.6,23.68,23.4,23.52,11070633.0,263436651.0,31020397675.68
2023-11-16,002074,23.52,23.53,23.04,23.06,7434423.0,174533331.0,30413706224.539997
2023-11-17,002074,23.02,23.2,22.93,23.13,7099594.0,165746270.0,30506028836.67
2023-11-20,002074,23.16,23.17,22.53,22.97,10632572.0,245817969.0,30374672757.989994
2023-11-21,002074,23.08,23.14,22.8,22.83,8069096.0,187658787.0,30189541970.609993
2023-11-22,002074,22.74,22.76,22.13,22.13,11169675.0,253004922.0,29263888033.709995
2023-11-23,002074,22.11,22.39,22.09,22.33,6489762.0,146253848.0,29528360587.109993
2023-11-24,002074,22.31,22.31,21.93,21.96,6699181.0,149288257.0,29039086363.319996
2023-11-27,002074,21.97,22.03,21.62,21.91,8305254.0,183272059.0,28972968224.969994
2023-11-28,002074,21.87,22.15,21.69,22.09,8234376.0,182368852.0,29210993523.029995
2023-11-29,002074,22.03,22.24,21.77,22.11,9317085.0,207732824.0,29237440778.369995
2023-11-30,002074,22.06,22.26,21.82,21.89,8656245.0,192975331.0,28953986576.02
2023-12-01,002074,21.91,21.93,21.26,21.42,11404382.0,247750087.0,28332315781.56
2023-12-04,002074,21.82,22.28,21.55,21.56,14473942.0,321044083.0,28517494316.079998
2023-12-05,002074,21.34,21.89,21.17,21.21,13398966.0,291427317.0,28054547979.780003
2023-12-06,002074,21.21,22.69,21.15,22.21,32005765.0,722697079.0,29377251797.780003
2023-12-07,002074,22.23,22.64,22.14,22.5,14492477.0,328145575.0,29760835905.0
2023-12-08,002074,22.63,22.77,22.17,22.23,11263917.0,254836918.0,29403705874.14
2023-12-11,002074,22.11,22.17,21.4,22.09,12358844.0,272257002.0,29218527339.62
2023-12-12,002074,22.08,22.17,21.75,21.87,5818712.0,129032231.0,28927532499.66
2023-12-13,002074,21.84,21.9,21.36,21.36,8320741.0,181346764.0,28252953552.48
2023-12-14,002074,21.7,21.79,20.47,20.51,17811427.0,378829209.0,27128655307.18
2023-12-15,002074,20.55,20.8,20.27,20.3,13136435.0,271707413.0,26850887505.4
2023-12-18,002074,20.17,20.31,19.66,19.71,12439823.0,250394498.0,26070492252.780003
2023-12-19,002074,19.7,20.0,19.55,19.88,8811680.0,176568015.0,26295351901.84
2023-12-20,002074,19.86,19.98,19.51,19.51,6929772.0,138202950.0,25805951489.18
2023-12-21,002074,19.43,20.13,19.37,19.96,11097825.0,222003163.0,26401168207.280003
2023-12-22,002074,19.96,20.53,19.62,20.16,11575040.0,235360243.0,26665708970.88
2023-12-25,002074,20.23,20.48,20.17,20.32,7031203.0,144686569.0,26877341581.760002
2023-12-26,002074,20.36,20.52,20.02,20.08,5024431.0,102425947.0,26559892665.44
2023-12-27,002074,20.08,20.16,19.76,19.89,8775382.0,176557577.0,26308578940.02
2023-12-28,002074,19.8,21.19,19.78,21.12,21587835.0,454210202.0,27935504636.16
2023-12-29,002074,21.14,21.39,21.05,21.24,13867064.0,298195361.0,28094229094.32
2024-01-02,002074,21.26,21.28,20.75,20.75,10567834.0,223612193.0,27455450666.750004
2024-01-03,002074,20.73,20.9,20.58,20.75,6398714.0,134062961.0,27455450666.750004
2024-01-04,002074,20.7,20.74,20.28,20.39,6084825.0,125856315.0,26979115137.110004
2024-01-05,002074,20.69,21.28,20.21,20.3,16795678.0,353131735.0,26860031254.700005
2024-01-08,002074,20.17,20.8,19.92,19.94,11409242.0,233199327.0,26383695725.060005
2024-01-09,002074,19.95,20.41,19.72,20.01,10255832.0,207583003.0,26476316522.490005
2024-01-10,002074,19.88,20.35,19.61,19.89,10688250.0,216198609.0,26317538012.610004
2024-01-11,002074,19.91,21.03,19.69,20.78,21839101.0,452168565.0,27495145294.220005
2024-01-12,002074,20.75,21.04,20.64,20.72,14198682.0,299158788.0,27415756039.280003
2024-01-15,002074,20.7,20.9,20.3,20.66,10336273.0,215697619.0,27336366784.340004
2024-01-16,002074,20.56,21.12,20.48,20.85,11779775.0,248044011.0,27587766091.650005
2024-01-17,002074,20.75,20.75,20.23,20.23,10068876.0,208381398.0,26767410457.270004
2024-01-18,002074,19.92,20.43,19.75,20.33,13409509.0,272626609.0,26899725882.170002
2024-01-19,002074,20.21,20.87,20.16,20.27,11333449.0,234528237.0,26820336627.230003
2024-01-22,002074,19.91,20.27,19.32,19.56,19546262.0,390904236.0,25880897110.440002
2024-01-23,002074,19.57,19.73,18.93,19.04,17029679.0,332586292.0,25192856900.960003
2024-01-24,002074,19.1,19.22,18.21,18.84,18684677.0,352941352.0,24928226051.160004
2024-01-25,002074,18.73,19.26,18.42,19.17,14971116.0,286360180.0,25364866953.330006
2024-01-26,002074,19.07,19.21,18.8,18.87,11456872.0,219816041.0,24967920678.630005
2024-01-29,002074,18.81,18.92,18.18,18.18,10584111.0,197751147.0,24054944246.820004
2024-01-30,002074,18.6,19.35,18.33,18.38,22075143.0,421955583.0,24319575096.620003
2024-01-31,002074,18.38,19.3,18.36,18.48,21192216.0,402875863.0,24453998775.36
2024-02-01,002074,18.38,18.38,17.73,17.93,16260376.0,296886584.0,23726201192.76
2024-02-02,002074,17.88,18.15,16.69,17.25,18848217.0,332421808.0,22826378727.0
2024-02-05,002074,17.11,17.25,15.91,16.53,21343562.0,361110878.0,21873625527.960003
2024-02-06,002074,16.15,17.9,16.04,17.79,20363635.0,353969979.0,23540943626.28
2024-02-07,002074,17.79,18.46,17.62,17.99,18079599.0,331150347.0,23805597292.679996
2024-02-08,002074,18.09,18.48,17.79,18.4,18708564.0,345206977.0,24348137308.8
2024-02-19,002074,18.47,18.61,18.08,18.59,14644123.0,272721842.0,24599558291.88
2024-02-20,002074,18.38,18.48,18.22,18.44,8995036.0,167103602.0,24401068042.08
2024-02-21,002074,18.28,19.03,18.2,18.57,14705603.0,277881105.0,24573092925.24
2024-02-22,002074,18.48,18.81,18.41,18.74,8657353.0,163700976.0,24798048541.679996
2024-02-23,002074,18.73,19.26,18.65,19.09,16034960.0,307752842.0,25261192457.88
2024-02-26,002074,19.1,19.34,18.82,18.94,13015264.0,250654870.0,25062702208.08
2024-02-27,002074,18.83,19.22,18.79,19.2,13446173.0,259301921.0,25406751974.399998
2024-02-28,002074,19.35,19.94,18.77,18.78,23859376.0,470185984.0,24850979274.960003
2024-02-29,002074,18.79,19.55,18.78,19.55,19580703.0,380631961.0,25869895890.600002
2024-03-01,002074,19.52,19.82,19.37,19.64,14771306.0,292780580.0,25988990040.48
2024-03-04,002074,19.64,19.92,19.45,19.48,11943542.0,236858017.0,25777267107.36
2024-03-05,002074,19.37,19.41,19.08,19.19,12796368.0,248784499.0,25393519291.08
2024-03-06,002074,18.98,19.74,18.94,19.51,12614331.0,247058349.0,25816965157.320004
2024-03-07,002074,19.45,19.62,19.1,19.12,9421113.0,184344619.0,25300890507.84
2024-03-08,002074,19.11,19.31,18.8,18.98,9790724.0,188232249.0,25115632941.36
2024-03-11,002074,19.24,20.63,19.22,20.32,37431258.0,757635739.0,26888812506.24
2024-03-12,002074,20.4,20.51,20.04,20.23,24602192.0,503386622.0,26769718356.36
2024-03-13,002074,20.33,20.79,20.16,20.5,26100046.0,540539100.0,27127000806.0
2024-03-14,002074,20.39,20.71,19.94,20.1,18608313.0,381637592.0,26597693473.2
2024-03-15,002074,19.94,20.03,19.57,19.9,18190687.0,364199014.0,26333039806.8
2024-03-18,002074,20.26,20.6,20.05,20.5,23898021.0,491545799.0,27127000806.0
2024-03-19,002074,20.65,21.05,20.4,20.42,24284549.0,508167712.0,27021139339.440002
2024-03-20,002074,20.63,21.64,20.59,20.94,33425141.0,713215862.0,27709238872.08
2024-03-21,002074,20.89,21.04,20.39,20.71,26579264.0,556595211.0,27404887155.72
2024-03-22,002074,20.65,20.67,19.92,20.01,19039169.0,388587991.0,26478599323.320004
2024-03-25,002074,19.92,19.98,19.32,19.35,17595193.0,349841595.0,25605242224.2
2024-03-26,002074,19.35,20.35,19.35,20.16,26219887.0,527000416.0,26677089573.12
2024-03-27,002074,20.16,20.26,19.34,19.34,17270299.0,344730756.0,25592009540.88
2024-03-28,002074,19.36,20.38,19.35,20.07,24208202.0,489132616.0,26557995423.24
2024-03-29,002074,20.26,20.5,19.76,20.01,19447071.0,396412124.0,26478599323.320004
2024-04-01,002074,20.14,20.54,20.14,20.34,22905832.0,471760924.0,26923546937.160004
2024-04-02,002074,20.59,21.56,20.36,21.22,48838953.0,1036434040.0,28088380826.280003
2024-04-03,002074,20.72,21.21,20.61,20.63,33345421.0,703487097.0,27307412650.620003
2024-04-08,002074,20.6,21.03,19.76,19.79,31105525.0,640337801.0,26195525756.460003
2024-04-09,002074,19.83,20.98,19.83,20.76,35192331.0,733426888.0,27479490384.240005
2024-04-10,002074,20.96,21.05,20.32,20.56,25298602.0,527276796.0,27214755409.440002
2024-04-11,002074,20.35,20.43,19.86,20.17,21654939.0,441702625.0,26698522208.580006
2024-04-12,002074,20.05,20.08,19.18,19.3,28765470.0,569201456.0,25546925068.200005
2024-04-15,002074,19.23,19.79,18.69,18.94,21894649.0,423769370.0,25070402113.560005
2024-04-16,002074,18.88,18.89,17.92,17.94,26082446.0,480980497.0,23746727239.560005
2024-04-17,002074,18.27,18.67,18.19,18.63,19417724.0,362574945.0,24660062902.620003
2024-04-18,002074,18.51,19.01,18.15,18.73,21426173.0,404737765.0,24792430390.020004
2024-04-19,002074,18.77,18.78,18.23,18.33,20096999.0,374757152.0,24262960440.420002
2024-04-22,002074,18.38,18.41,17.59,17.85,26442793.0,480125499.0,23627596500.900005
2024-04-23,002074,17.98,18.14,17.45,17.55,21440082.0,383317219.0,23230494038.700005
2024-04-24,002074,17.55,17.62,17.11,17.6,18710611.0,329751554.0,23296677782.400005
2024-04-25,002074,17.51,18.04,17.39,17.84,21916417.0,394652860.0,23614359752.160004
2024-04-26,002074,17.79,18.17,17.6,17.99,24360106.0,442451048.0,23812910983.260002
2024-04-29,002074,17.98,18.91,17.89,18.76,30225142.0,568597717.0,24832140636.240005
2024-04-30,002074,18.82,18.89,18.46,18.54,15893018.0,298883815.0,24541226968.500004
2024-05-06,002074,18.9,19.33,18.88,19.09,23315877.0,450603441.0,25269256894.750004
2024-05-07,002074,19.37,19.37,18.97,19.1,14937792.0,288604807.0,25282493802.500008
2024-05-08,002074,19.02,19.14,18.73,18.76,11760616.0,225054804.0,24832438939.000008
2024-05-09,002074,19.27,19.48,19.07,19.23,24183606.0,471754311.0,25454573603.250004
2024-05-10,002074,19.05,19.17,18.77,18.99,17742521.0,340125358.0,25136887817.250004
2024-05-13,002074,19.07,19.07,18.53,18.72,14418236.0,274085886.0,24779491308.000004
2024-05-14,002074,18.7,18.85,18.6,18.7,12126955.0,229585616.0,24753017492.500004
2024-05-15,002074,18.67,18.92,18.35,18.37,11694800.0,219333865.0,24316199536.750004
2024-05-16,002074,18.39,18.55,18.26,18.34,9169805.0,170803849.0,24276488813.500004
2024-05-17,002074,18.54,20.18,18.31,20.18,53509435.0,1057799835.0,26712079839.500004
2024-05-20,002074,21.16,21.48,20.7,20.83,84643156.0,1800557068.0,27572478843.250004
2024-05-21,002074,20.71,22.23,20.71,21.79,87259657.0,1912382961.0,28843221987.250004
2024-05-22,002074,21.54,21.91,21.24,21.62,57507247.0,1255263252.0,28618194555.500008
2024-05-23,002074,21.64,21.72,20.77,20.91,42036505.0,897466206.0,27678374105.250004
2024-05-24,002074,20.77,21.07,20.39,20.43,28349370.0,592294643.0,27043002533.250004
2024-05-27,002074,20.66,21.37,20.43,21.09,49614704.0,1055503586.0,27916638444.750004
2024-05-28,002074,20.77,20.91,20.19,20.21,36103117.0,746441202.0,26751790562.750008
2024-05-29,002074,20.1,20.9,20.01,20.58,36118580.0,748156915.0,27241556149.500004
2024-05-30,002074,20.59,20.83,20.18,20.25,29272412.0,605597296.0,26804738193.750004
2024-05-31,002074,20.34,20.57,20.06,20.06,23861903.0,489929333.0,26553236946.500004
2024-06-03,002074,20.1,20.23,19.7,20.13,25428251.0,513504952.0,26645895300.750004
2024-06-04,002074,19.99,20.59,19.77,20.44,28790084.0,590957185.0,27056239441.000008
2024-06-05,002074,20.29,20.52,19.95,19.97,21076348.0,431093449.0,26434104776.750004
2024-06-06,002074,19.86,20.11,19.4,19.46,27735780.0,550858184.0,25759022481.500008
2024-06-07,002074,19.47,19.69,18.74,19.05,29461926.0,570366318.0,25216309263.750004
2024-06-11,002074,18.97,19.22,18.56,19.22,17350220.0,333421417.0,25441336695.500004
2024-06-12,002074,19.12,19.17,18.89,19.1,13779427.0,265803155.0,25282493802.500008
2024-06-13,002074,19.05,19.15,18.79,18.82,17042251.0,325837728.0,24911860385.500004
2024-06-14,002074,18.89,19.01,18.58,18.97,16616771.0,316067203.0,25201926154.37
2024-06-17,002074,18.98,20.85,18.92,20.58,54812838.0,1119526489.0,27340835016.179996
2024-06-18,002074,20.55,20.65,20.16,20.43,25393134.0,523083518.0,27141557793.03
2024-06-19,002074,20.42,20.42,19.96,20.01,16994774.0,345712193.0,26583581568.210003
2024-06-20,002074,20.02,20.15,19.5,19.51,17994277.0,359615324.0,25919324157.710003
2024-06-21,002074,19.61,19.85,19.29,19.55,17228188.0,339503200.0,25972464750.55
2024-06-24,002074,19.32,19.66,19.17,19.23,16053729.0,313923301.0,25547340007.83
2024-06-25,002074,19.3,19.55,18.76,18.92,17664232.0,339355100.0,25135500413.320004
2024-06-26,002074,19.13,19.48,18.7,19.48,19651982.0,380088749.0,25879468713.08
2024-06-27,002074,19.36,19.37,18.95,19.04,13683669.0,263523232.0,25294922191.84
2024-06-28,002074,18.91,19.28,18.88,19.02,16509464.0,317516177.0,25268351895.42
2024-07-01,002074,18.75,18.9,18.08,18.47,21162671.0,391224825.0,24551881667.450005
2024-07-02,002074,18.37,18.6,18.21,18.28,12987624.0,239965419.0,24299317643.800007
2024-07-03,002074,18.32,18.74,18.17,18.53,14061690.0,261308816.0,24631638727.550007
2024-07-04,002074,18.52,18.61,18.15,18.18,9794010.0,180568130.0,24166389210.300003
2024-07-05,002074,18.1,18.25,17.85,18.21,11445849.0,207569434.0,24206267740.350006
2024-07-08,002074,18.16,18.16,17.66,17.75,11330820.0,203305359.0,23594796946.250004
2024-07-09,002074,17.72,18.11,17.59,18.02,11633383.0,209233922.0,23953703716.700005
2024-07-10,002074,17.94,18.45,17.89,18.19,12031983.0,220747857.0,24179682053.650005
2024-07-11,002074,18.54,18.83,18.41,18.67,15855235.0,297777336.0,24817738534.45001
2024-07-12,002074,18.72,19.01,18.6,18.7,10945475.0,206538968.0,24857617064.500004
2024-07-15,002074,18.67,18.76,18.43,18.53,8696400.0,162361468.0,24631638727.550007
2024-07-16,002074,18.53,19.2,18.47,19.1,20033437.0,381965850.0,25389330798.500008
2024-07-17,002074,18.99,19.06,18.8,18.96,11179203.0,213140651.0,25203230991.600006
2024-07-18,002074,18.87,19.14,18.63,19.03,12583011.0,239409662.0,25296280895.050007
2024-07-19,002074,18.96,19.12,18.78,19.06,10642638.0,203417371.0,25336159425.100002
2024-07-22,002074,19.04,19.21,18.87,18.98,9818328.0,187835478.0,25229816678.300007
2024-07-23,002074,18.98,19.02,18.45,18.49,12109603.0,228889088.0,24578467354.15
2024-07-24,002074,18.49,18.65,18.39,18.48,9552515.0,178033119.0,24565174510.800007
2024-07-25,002074,18.28,18.85,18.24,18.75,9243258.0,173905232.0,24924081281.250004
2024-07-26,002074,18.7,19.21,18.7,19.09,11007944.0,211168425.0,25376037955.150005
2024-07-29,002074,19.21,19.24,18.71,18.95,9323153.0,177367174.0,25189938148.250004
2024-07-30,002074,18.85,19.03,18.77,19.01,7086668.0,134985141.0,25269695208.350006
2024-07-31,002074,19.01,19.42,18.89,19.39,16148879.0,312944315.0,25774823255.650005
2024-08-01,002074,19.34,19.53,19.29,19.38,12189677.0,238127584.0,25761530412.300003
2024-08-02,002074,19.26,19.43,19.08,19.12,9990654.0,193703237.0,25415916485.200005
2024-08-05,002074,19.06,19.44,18.94,18.97,12919883.0,249668996.0,25216523834.950005
2024-08-06,002074,19.15,19.34,18.85,19.17,9862241.0,189706919.0,25482380701.95001
2024-08-07,002074,19.14,19.25,19.04,19.08,6979209.0,134591153.0,25362745111.800003
2024-08-08,002074,18.98,19.18,18.77,18.98,8020830.0,153059613.0,25229816678.300007
2024-08-09,002074,19.04,19.2,18.7,18.7,7538353.0,143470658.0,24857617064.500004
2024-08-12,002074,18.86,19.01,18.34,18.42,8175633.0,152649851.0,24485417450.70001
2024-08-13,002074,18.36,18.75,18.27,18.58,7946885.0,147923424.0,24698102944.300003
2024-08-14,002074,18.52,18.76,18.25,18.25,6652877.0,122871057.0,24259439113.750004
2024-08-15,002074,18.17,18.41,18.03,18.32,7451496.0,137046907.0,24352489017.200005
2024-08-16,002074,18.33,18.34,18.07,18.08,6614911.0,121000156.0,24033460776.800003
2024-08-19,002074,18.04,18.21,17.92,17.99,6894851.0,125208062.0,23913825186.65
2024-08-20,002074,18.13,18.2,17.86,17.92,8202096.0,148519881.0,23820775283.20001
2024-08-21,002074,17.81,18.32,17.76,18.17,12542263.0,229001420.0,24153096366.95001
2024-08-22,002074,18.4,19.07,18.19,18.59,28917530.0,545887134.0,24711395787.650005
2024-08-23,002074,18.31,18.42,17.75,17.82,19016902.0,343295558.0,23687846849.700005
2024-08-26,002074,17.85,18.87,17.84,18.44,19674435.0,366653725.0,24512003137.400005
2024-08-27,002074,18.37,18.38,17.87,17.95,12827099.0,232551652.0,23860653813.250004
2024-08-28,002074,17.82,17.99,17.48,17.97,9457104.0,169138339.0,23887239499.950005
2024-08-29,002074,17.97,18.56,17.88,18.27,15109542.0,278634693.0,24324184929.239994
2024-08-30,002074,18.17,18.74,18.16,18.53,17052495.0,318099475.0,24670341912.359997
2024-09-02,002074,18.56,18.93,18.26,18.27,13192646.0,246262793.0,24324184929.239994
2024-09-03,002074,18.17,18.73,18.12,18.6,11470232.0,213863461.0,24763538023.199997
2024-09-04,002074,18.4,19.06,18.37,18.81,17788237.0,337025856.0,25043126355.719994
2024-09-05,002074,18.75,18.97,18.6,18.72,10091300.0,190229501.0,24923302784.639996
2024-09-06,002074,18.67,18.69,18.36,18.38,7415761.0,138103072.0,24470635960.559994
2024-09-09,002074,18.23,18.47,18.13,18.2,7144200.0,131467662.0,24230988818.399994
2024-09-10,002074,18.21,18.31,17.8,18.16,8674830.0,157360186.0,24177733897.919994
2024-09-11,002074,18.17,18.99,18.13,18.81,19640594.0,369832848.0,25043126355.719994
2024-09-12,002074,18.68,18.96,18.63,18.75,11257505.0,213245480.0,24963243974.999996
2024-09-13,002074,18.75,18.8,18.14,18.15,11429300.0,210749498.0,24164420167.799995
2024-09-18,002074,18.15,18.2,17.71,17.96,10284684.0,185056828.0,23911459295.519997
2024-09-19,002074,18.02,18.28,17.73,18.04,9558797.0,173406366.0,24017969136.479996
2024-09-20,002074,18.04,18.06,17.72,17.95,10509041.0,188553123.0,23898145565.399994
2024-09-23,002074,17.94,18.09,17.79,17.92,6791236.0,122802309.0,23858204375.039997
2024-09-24,002074,17.99,18.75,17.91,18.74,20330467.0,376397716.0,24949930244.879993
2024-09-25,002074,18.77,19.35,18.77,18.86,21560683.0,415187181.0,25109695006.319996
2024-09-26,002074,18.69,19.35,18.69,19.35,17038941.0,326789348.0,25762067782.199997
2024-09-27,002074,19.56,21.23,19.56,20.85,36502076.0,750178681.0,27759127300.199997
2024-09-30,002074,21.79,22.94,21.46,22.94,53354585.0,1200013822.0,30541696895.279995
2024-10-08,002074,25.23,25.23,23.69,25.23,67292344.0,1681363741.0,33590541092.759995
2024-10-09,002074,25.01,25.01,22.92,22.93,54106592.0,1299218151.0,30528383165.159996
2024-10-10,002074,22.95,23.69,22.46,22.65,33006916.0,765032773.0,30155598721.79999
2024-10-11,002074,22.65,22.65,21.17,21.47,29252012.0,640100498.0,28584578567.63999
2024-10-14,002074,21.5,21.91,21.22,21.76,23758529.0,516753600.0,28970676741.119995
2024-10-15,002074,21.76,21.88,21.18,21.21,20360671.0,442013632.0,28238421584.519997
2024-10-16,002074,20.83,21.13,20.56,20.77,21613368.0,452309789.0,27652617459.239994
2024-10-17,002074,20.85,21.16,20.53,20.55,16770860.0,352089154.0,27359715396.599995
2024-10-18,002074,20.51,22.0,20.51,21.5,31837995.0,680501535.0,28624519757.999996
2024-10-21,002074,22.44,22.64,21.86,22.01,39461053.0,883015606.0,29303519994.119995
2024-10-22,002074,22.02,22.49,21.86,22.35,31704837.0,709513742.0,29756186818.199997
2024-10-23,002074,22.36,22.91,22.03,22.57,36616933.0,828806239.0,30049088880.839996
2024-10-24,002074,22.52,22.52,21.93,22.02,18461823.0,411147505.0,29316833724.239994
2024-10-25,002074,22.08,23.14,22.08,22.82,44462551.0,1020322619.0,30381932133.839996
2024-10-28,002074,23.31,23.35,22.62,23.0,33295184.0,768351087.0,30621579275.999996
2024-10-29,002074,23.0,23.29,22.43,22.48,28599379.0,654088375.0,29929265309.759995
2024-10-30,002074,22.35,22.72,22.2,22.49,22740195.0,515043842.0,29942579039.879993
2024-10-31,002074,22.69,22.84,22.24,22.61,29613841.0,673995536.0,30206392014.19
2024-11-01,002074,22.6,23.09,21.99,22.21,28487129.0,643588927.0,29672002062.59
2024-11-04,002074,22.4,24.09,22.39,23.21,47930643.0,1125600267.0,31007976941.59
2024-11-05,002074,22.85,23.58,22.64,23.5,47055908.0,1100854504.0,31395409656.5
2024-11-06,002074,23.53,24.46,23.47,23.67,57548932.0,1388341712.0,31622525385.930004
2024-11-07,002074,23.83,24.16,23.5,23.97,46804242.0,1125572873.0,32023317849.629997
2024-11-08,002074,24.14,25.11,23.9,23.93,56127569.0,1381776850.0,31969878854.47
2024-11-11,002074,24.33,25.59,24.06,25.1,73895585.0,1868007834.0,33532969462.9
2024-11-12,002074,25.1,25.87,24.62,24.88,63629097.0,1618537349.0,33239054989.52
2024-11-13,002074,24.66,25.32,24.13,24.75,42327553.0,1047946323.0,33065378255.25
2024-11-14,002074,25.17,25.32,24.03,24.06,44199962.0,1100268315.0,32143555588.739998
2024-11-15,002074,23.84,24.16,23.17,23.17,33739848.0,804756574.0,30954537946.430004
2024-11-18,002074,23.35,24.01,22.89,23.05,36885921.0,869636554.0,30794220960.95
2024-11-19,002074,23.1,23.82,22.64,23.8,37738314.0,884232793.0,31796202120.2
2024-11-20,002074,23.8,24.18,23.55,23.89,37384882.0,899668161.0,31999781892.169994
2024-11-21,002074,23.98,24.01,23.27,23.58,30089786.0,717432687.0,31584548221.73999
2024-11-22,002074,23.44,23.44,22.49,22.54,32555031.0,755046594.0,30191506230.619995
2024-11-25,002074,22.72,24.78,22.71,24.53,91779276.0,2227479546.0,32857038502.089996
2024-11-26,002074,24.16,24.16,22.89,22.96,59073394.0,1387610165.0,30754080880.879997
2024-11-27,002074,22.54,23.09,21.96,23.06,38559552.0,871870487.0,30888027226.179993
2024-11-28,002074,23.09,23.78,22.94,22.98,32381681.0,758429276.0,30780870149.939995
2024-11-29,002074,22.85,23.29,22.48,23.05,31929985.0,736263826.0,30882809164.25
2024-12-02,002074,23.06,23.18,22.55,23.12,29461777.0,681988631.0,30976596437.2
2024-12-03,002074,23.11,23.12,22.55,22.72,26416227.0,604342709.0,30440669163.199997
2024-12-04,002074,22.65,22.66,22.15,22.26,21702868.0,488813746.0,29824352798.100002
2024-12-05,002074,22.15,22.38,22.1,22.35,17407636.0,390303188.0,29944936434.75
2024-12-06,002074,22.35,22.73,22.07,22.55,22051897.0,497990130.0,30212900071.75
2024-12-09,002074,22.54,22.71,22.19,22.37,17373470.0,392363930.0,29972908140.620007
2024-12-10,002074,22.95,23.04,22.4,22.44,28023876.0,639608341.0,30066699091.440006
2024-12-11,002074,22.34,22.47,22.24,22.41,18109378.0,407200413.0,30026502969.660004
2024-12-12,002074,22.41,22.54,22.16,22.53,20874677.0,470252030.0,30187287456.780006
2024-12-13,002074,22.51,22.51,22.05,22.06,20621839.0,460495656.0,29557548215.560005
2024-12-16,002074,21.95,22.03,21.36,21.48,24434293.0,530728975.0,37032251866.56
2024-12-17,002074,21.45,21.91,21.43,21.53,17056438.0,371948772.0,37118453570.159996
2024-12-18,002074,21.62,21.67,21.48,21.57,9585581.0,208089530.0,37187414933.03999
2024-12-19,002074,21.35,21.6,21.16,21.58,11565000.0,249789236.0,37204655273.759995
2024-12-20,002074,21.57,22.19,21.46,21.67,26243561.0,577870446.0,37360919631.31
2024-12-23,002074,21.75,22.07,21.51,21.51,15920107.0,349223778.0,37085066048.43
2024-12-24,002074,21.63,21.95,21.58,21.87,13185102.0,289432580.0,37705736609.909996
2024-12-25,002074,21.87,21.97,21.45,21.55,10073489.0,219143351.0,37154029444.149994
2024-12-26,002074,21.65,21.74,21.5,21.56,9963631.0,216840905.0,37171270293.079994
2024-12-27,002074,21.57,21.9,21.44,21.67,14309374.0,312701229.0,37360919631.31
2024-12-30,002074,21.58,21.88,21.52,21.79,13509500.0,295595117.0,37567809818.46999
2024-12-31,002074,21.74,21.85,21.01,21.07,16312169.0,350417938.0,36326847955.51
2025-01-02,002074,21.05,21.05,20.14,20.26,20118373.0,416419836.0,34930324612.18
2025-01-03,002074,20.26,20.45,19.71,19.79,16207732.0,327145389.0,34119996252.469997
2025-01-06,002074,19.93,20.3,19.89,20.02,13561700.0,274087324.0,34516539917.86
2025-01-07,002074,20.33,20.51,20.16,20.51,12841300.0,262970486.0,35361350335.43
2025-01-08,002074,20.46,20.5,19.84,20.3,12249570.0,248958181.0,34999288727.9
2025-01-09,002074,20.16,20.47,20.07,20.29,9462834.0,193809620.0,34982047698.97
2025-01-10,002074,20.36,20.41,19.96,19.98,10436032.0,211955326.0,34447575802.14
2025-01-13,002074,19.89,20.41,19.75,20.22,11109775.0,225728701.0,34861360496.46
2025-01-14,002074,20.4,20.83,20.18,20.83,17316650.0,358650337.0,35913063261.189995
2025-01-15,002074,20.83,20.93,20.56,20.76,12591456.0,263330103.0,35792376058.68
2025-01-16,002074,20.91,21.1,20.58,20.78,10940753.0,229588487.0,35826858116.54
2025-01-17,002074,20.66,20.92,20.61,20.81,9472762.0,197912154.0,35878581203.329994
2025-01-20,002074,21.01,21.49,20.98,21.23,16145199.0,345289173.0,36602704418.39
2025-01-21,002074,21.36,21.42,20.92,21.01,10145464.0,215240396.0,36223401781.93
2025-01-22,002074,20.92,21.0,20.69,20.81,9232252.0,193747964.0,35878581203.329994
2025-01-23,002074,21.1,21.24,20.75,20.77,11024770.0,232953913.0,35809617087.61
2025-01-24,002074,20.7,20.9,20.63,20.77,10507238.0,219870095.0,35809617087.61
2025-01-27,002074,20.79,20.98,20.55,20.55,8079789.0,168517422.0,35430314451.15
2025-02-05,002074,20.73,20.92,20.57,20.76,11399785.0,238781941.0,35792376058.68
2025-02-06,002074,20.74,21.54,20.66,21.53,20096651.0,430847521.0,37119935286.29
2025-02-07,002074,21.48,21.93,21.36,21.74,22068927.0,482893236.0,37481996893.82
2025-02-10,002074,22.02,22.08,21.73,21.93,19843156.0,437227597.0,37809576443.49
2025-02-11,002074,21.85,21.86,21.58,21.63,12007760.0,261877178.0,37292345575.59
2025-02-12,002074,21.64,22.05,21.5,21.9,17318602.0,378751576.0,37757853356.7
2025-02-13,002074,21.91,22.33,21.87,21.93,25365201.0,565585773.0,37809576443.49
2025-02-14,002074,22.04,22.58,21.99,22.41,30133593.0,679621627.0,38637145832.13
2025-02-17,002074,22.66,22.7,22.09,22.23,25112383.0,562800903.0,38326807311.39
2025-02-18,002074,22.57,22.86,22.14,22.27,38058151.0,865189682.0,38395771427.11
2025-02-19,002074,22.0,22.48,21.95,22.41,26015076.0,584039257.0,38637145832.13
2025-02-20,002074,22.42,22.47,22.08,22.22,18583035.0,415939273.0,38309566282.46
2025-02-21,002074,22.28,22.83,22.26,22.77,35105701.0,800562622.0,39257822873.61
2025-02-24,002074,22.99,23.17,22.65,22.86,33160032.0,765978731.0,39412992133.979996
2025-02-25,002074,22.61,23.04,22.49,22.77,24474211.0,562063202.0,39257822873.61
2025-02-26,002074,22.79,23.32,22.79,23.08,26325393.0,611352290.0,39792294770.439995
2025-02-27,002074,23.24,23.89,23.14,23.4,50429623.0,1192512958.0,40344007696.2
2025-02-28,002074,23.42,23.96,23.07,23.13,49505930.0,1172067678.0,39878499915.09
2025-03-03,002074,23.61,24.61,23.43,24.03,65933388.0,1599115881.0,41430192518.79
2025-03-04,002074,23.79,23.79,23.04,23.49,41140974.0,964932540.0,40499176956.57
2025-03-05,002074,23.43,23.51,22.97,23.16,24911071.0,580289877.0,39930223001.88
2025-03-06,002074,23.29,23.47,23.12,23.3,27933088.0,654606936.0,40171597406.9
2025-03-07,002074,23.19,23.19,22.74,22.85,26651015.0,616309353.0,39395751105.05
2025-03-10,002074,22.93,23.22,22.78,22.95,18308540.0,423286884.0,39568161394.35
2025-03-11,002074,22.7,23.0,22.57,23.0,14348256.0,329977873.0,39654366539.0
2025-03-12,002074,23.06,23.17,22.86,22.97,18576147.0,430618525.0,39602643452.21
2025-03-13,002074,23.04,23.33,22.59,22.78,21144909.0,488062658.0,39275063902.54
2025-03-14,002074,22.8,23.09,22.64,23.06,21033468.0,486217362.0,39757812712.579994
2025-03-17,002074,23.13,23.28,22.96,23.17,24721898.0,576197919.0,39947464030.810005
2025-03-18,002074,23.32,23.62,23.19,23.24,24875571.0,585381482.0,40068151233.32
2025-03-19,002074,23.16,23.22,22.81,23.02,20317511.0,469872080.0,39688848596.86
2025-03-20,002074,23.12,23.13,22.75,22.77,13462144.0,310200050.0,39257822873.61
2025-03-21,002074,22.64,22.84,22.22,22.36,18871223.0,426880186.0,38550940687.479996
2025-03-24,002074,22.34,22.39,21.83,22.15,14154344.0,314681205.0,38188879079.95
2025-03-25,002074,22.19,22.33,21.97,22.17,10732562.0,239266255.0,38223361137.810005
2025-03-26,002074,22.14,22.25,22.07,22.08,10169317.0,226768101.0,38068191877.439995
2025-03-27,002074,22.03,22.2,21.78,22.05,11762944.0,260592928.0,38016468790.65
2025-03-28,002074,22.08,22.17,21.89,21.95,8349823.0,184866828.0,37844058501.35
2025-03-31,002074,22.06,22.21,21.45,21.63,16576218.0,363980052.0,37313922690.24
2025-04-01,002074,21.61,21.84,21.52,21.7,10061778.0,219865725.0,37434679721.6
2025-04-02,002074,21.7,21.86,21.6,21.68,8179107.0,178992845.0,37400177712.64
2025-04-03,002074,21.4,21.76,21.35,21.45,8766001.0,189989775.0,37003404609.6
2025-04-07,002074,19.74,20.43,19.3,19.3,24547327.0,484330500.0,33294438646.4
2025-04-08,002074,19.09,19.55,18.77,19.07,25906672.0,497198207.0,32897665543.36
2025-04-09,002074,18.67,19.21,18.28,19.15,23803120.0,452436001.0,33035673579.199997
2025-04-10,002074,19.66,19.79,19.39,19.51,19816014.0,391226552.0,33656709740.480003
2025-04-11,002074,19.3,20.02,19.25,19.94,17648461.0,350509762.0,34398502933.12
2025-04-14,002074,20.26,20.56,20.14,20.22,16225550.0,332044010.0,34881531058.56
2025-04-15,002074,20.25,20.5,20.07,20.16,12621559.0,257496966.0,34778025031.68
2025-04-16,002074,20.02,20.23,19.74,20.19,12296155.0,247511077.0,34829778045.12
2025-04-17,002074,19.99,20.23,19.96,20.03,9818093.0,198362810.0,34553761973.44
2025-04-18,002074,20.03,20.13,19.85,20.08,7638106.0,153890185.0,34640016995.84
2025-04-21,002074,20.09,20.22,19.95,20.16,8780670.0,177822170.0,34778025031.68
2025-04-22,002074,20.05,20.08,19.85,19.96,9339186.0,187732796.0,34433004942.08
2025-04-23,002074,20.06,20.15,19.85,20.02,11202977.0,225487564.0,34536917675.259995
2025-04-24,002074,20.02,20.18,19.84,19.89,10057761.0,202520923.0,34312651976.069996
2025-04-25,002074,20.06,20.18,19.89,20.13,10660994.0,215498920.0,34726680959.189995
2025-04-28,002074,20.25,20.31,19.96,19.97,10319361.0,208760687.0,34450661637.10999
2025-04-29,002074,19.92,20.3,19.92,20.25,11386200.0,231632388.0,34933695450.74999
2025-04-30,002074,20.24,20.63,20.2,20.52,12400069.0,255286638.0,35399478056.759995
2025-05-06,002074,20.65,20.87,20.65,20.87,14814765.0,309368357.0,36003270323.81
2025-05-07,002074,21.15,21.18,20.7,20.85,15565692.0,327057191.0,35968767908.549995
2025-05-08,002074,20.92,21.32,20.86,21.15,15551769.0,330670889.0,36486304137.44999
2025-05-09,002074,21.2,23.27,20.95,23.09,57380967.0,1299979259.0,39833038417.66999
2025-05-12,002074,23.85,24.72,23.25,23.98,117275588.0,2830241118.0,41368395896.74
2025-05-13,002074,23.72,23.85,23.29,23.76,69944062.0,1661323987.0,40988869328.88
2025-05-14,002074,23.58,24.12,23.5,23.66,55111794.0,1317725701.0,40816357252.579994
2025-05-15,002074,23.54,23.6,22.83,22.88,49966892.0,1160136990.0,39470763057.439995
2025-05-16,002074,22.74,23.56,22.72,22.94,46894716.0,1089020765.0,39595356407.119995
2025-05-19,002074,23.04,23.55,22.94,22.96,48987595.0,1141886430.0,39629877206.079994
2025-05-20,002074,23.35,24.94,23.35,24.06,103478587.0,2512458822.0,41528521148.87999
2025-05-21,002074,24.08,26.46,24.08,26.46,127905049.0,3329746385.0,45671017024.079994
2025-05-22,002074,26.81,27.4,25.62,25.72,187820729.0,5005061441.0,44393747462.55999
2025-05-23,002074,25.73,26.05,24.93,25.07,109323772.0,2794627683.0,43271821496.35999
2025-05-26,002074,24.81,25.2,24.57,24.78,66101050.0,1651462301.0,42771269911.439995
2025-05-27,002074,24.68,26.0,24.44,25.77,130417482.0,3319166486.0,44480049459.95999
2025-05-28,002074,25.28,25.3,24.73,24.74,73947567.0,1858069297.0,42702228313.51999
2025-05-29,002074,24.46,24.93,24.41,24.62,54352278.0,1349740789.0,42495103519.759995
2025-05-30,002074,24.6,24.91,24.29,24.32,47833465.0,1183850114.0,41977291535.35999
2025-06-03,002074,23.93,24.59,23.93,24.39,40270013.0,986038381.0,42098114331.71999
2025-06-04,002074,24.48,25.36,24.35,24.93,64152473.0,1613211576.0,43030175903.63999
2025-06-05,002074,24.94,25.04,24.65,24.82,39254474.0,979295744.0,42840311509.35999
2025-06-06,002074,24.86,25.81,24.78,25.08,71735792.0,1829061405.0,43289081895.83999
2025-06-09,002074,25.23,25.92,25.13,25.67,62516006.0,1612507791.0,44307445465.159996
2025-06-10,002074,25.78,26.24,25.02,25.13,80892764.0,2083989973.0,43375383893.23999
2025-06-11,002074,25.02,25.87,24.96,25.01,54754374.0,1396196978.0,43168259099.479996
2025-06-12,002074,24.92,25.2,24.64,25.01,42536097.0,1066026081.0,43168259099.479996
2025-06-13,002074,24.83,24.97,24.46,24.54,35622742.0,884649242.0,42357020323.91999
2025-06-16,002074,24.47,24.8,24.45,24.77,24659687.0,612542881.0,42754009511.95999
2025-06-17,002074,24.78,25.14,24.66,24.93,35436645.0,887925592.0,43030175903.63999
2025-06-18,002074,24.83,26.2,24.56,25.8,75425955.0,1930891096.0,44531830658.399994
2025-06-19,002074,25.81,27.06,25.7,26.32,99134225.0,2632096703.0,45429371431.35999
2025-06-20,002074,26.12,26.61,25.59,25.68,65683802.0,1725132213.0,44324705864.63999
2025-06-23,002074,25.42,27.8,25.41,27.56,112246737.0,3058274862.0,47569660966.87999
2025-06-24,002074,27.29,30.32,27.11,30.32,171152757.0,4969612079.0,52333531223.35999
2025-06-25,002074,30.98,33.35,30.85,32.79,272398810.0,8852103157.0,56596849894.91999
2025-06-26,002074,32.83,34.25,32.06,32.16,256080752.0,8500685052.0,55509444727.679985
2025-06-27,002074,32.19,33.27,31.68,32.08,155534815.0,5065571578.0,55371361531.83999
2025-06-30,002074,32.11,33.05,31.61,32.23,142165388.0,4611624480.0,55667364479.649994
2025-07-01,002074,31.82,32.18,30.63,31.51,131362556.0,4133441327.0,54423786992.05
2025-07-02,002074,31.51,31.57,30.79,30.9,61520898.0,1926502667.0,53370200509.5
2025-07-03,002074,31.16,31.21,30.49,30.96,81065745.0,2522006280.0,53473831966.8
2025-07-04,002074,30.65,30.93,29.93,30.43,79976787.0,2443933197.0,52558420760.65
2025-07-07,002074,30.43,30.67,30.09,30.22,48207212.0,1473323246.0,52195710660.1
2025-07-08,002074,30.11,30.34,29.97,30.12,62112566.0,1884716315.0,52022991564.6
2025-07-09,002074,30.19,30.86,29.73,29.83,110371314.0,3365682296.0,51522106187.649994
2025-07-10,002074,29.58,30.08,29.46,29.7,59112259.0,1766144535.0,51297571363.5
2025-07-11,002074,29.61,30.49,29.52,30.06,83309995.0,2527512238.0,51929733813.299995
2025-07-14,002074,30.07,30.42,29.69,29.86,50430293.0,1518902959.0,51584226602.299995
2025-07-15,002074,29.75,30.23,29.0,29.2,73714180.0,2186086541.0,50444052806.0
2025-07-16,002074,29.19,29.45,29.01,29.21,36765770.0,1081032123.0,50461328166.55
2025-07-17,002074,29.2,29.94,28.85,29.79,68821284.0,2052132989.0,51463299078.45
2025-07-18,002074,30.09,31.56,29.9,31.0,121120613.0,3764923841.0,53553617705.0
2025-07-21,002074,30.98,31.37,30.36,31.07,77202609.0,2389457091.0,53674545228.85
2025-07-22,002074,30.78,31.45,30.43,30.8,78570874.0,2441396741.0,53208110494.0
2025-07-23,002074,30.56,30.57,29.89,29.92,70316955.0,2125665309.0,51687878765.600006
2025-07-24,002074,29.84,30.46,29.77,30.31,54362727.0,1649504939.0,52361617827.049995
2025-07-25,002074,30.36,31.13,30.36,30.45,61931645.0,1909560842.0,52603472874.75
2025-07-28,002074,30.43,31.24,30.18,31.04,70216914.0,2177816229.0,53622719147.2
2025-07-29,002074,30.79,31.15,30.33,30.69,54208891.0,1673065963.0,53018081527.950005
2025-07-30,002074,30.84,30.85,29.24,29.48,76165021.0,2284845786.0,50927762901.4
2025-07-31,002074,29.34,30.01,28.94,29.12,47028380.0,1386674341.0,50305849921.6
2025-08-01,002074,28.99,29.22,28.64,28.67,38640775.0,1119129478.0,49528458696.850006
2025-08-04,002074,28.43,29.03,28.29,28.98,32926624.0,949714212.0,50063994873.9
2025-08-05,002074,29.07,29.35,28.91,29.04,29356681.0,856482956.0,50167647037.2
2025-08-06,002074,29.19,29.19,28.87,29.14,27960363.0,815937651.0,50340400642.700005
2025-08-07,002074,28.99,29.11,28.63,28.95,33243784.0,963527404.0,50012168792.25
2025-08-08,002074,29.05,29.47,28.9,28.96,31071674.0,906986191.0,50029444152.8
2025-08-11,002074,29.21,29.78,29.09,29.74,55470376.0,1645729221.0,51376922275.7
2025-08-12,002074,29.85,29.85,28.95,29.1,44742873.0,1311968738.0,50271299200.5
2025-08-13,002074,29.19,30.38,29.19,30.03,71253007.0,2133266285.0,51877907731.65
2025-08-14,002074,30.27,30.72,29.55,29.78,62070471.0,1879427947.0,51446023717.9
2025-08-15,002074,29.59,30.47,29.56,30.34,51547256.0,1562701287.0,52413443908.7
2025-08-18,002074,30.38,30.82,30.1,30.53,65450597.0,2002123229.0,52741675759.15
2025-08-19,002074,30.52,33.37,30.28,32.31,124648432.0,3997271852.0,55816689937.05
2025-08-20,002074,31.89,32.2,31.38,32.12,71355700.0,2278738207.0,55488458086.6
2025-08-21,002074,32.13,32.26,30.98,31.12,61086817.0,1931860706.0,53760922031.6
2025-08-22,002074,31.13,31.84,31.12,31.67,56091082.0,1778196323.0,54711066861.850006
2025-08-25,002074,31.79,32.5,31.63,32.02,74127602.0,2381818845.0,55315704481.100006
2025-08-26,002074,32.04,33.22,31.66,32.4,86022876.0,2802682381.0,55972168182.0
2025-08-27,002074,32.21,33.42,32.06,32.25,90479564.0,2975668294.0,55713037773.75
2025-08-28,002074,32.24,33.31,31.85,33.02,87394626.0,2868467255.0,57043240536.100006
2025-08-29,002074,33.04,36.33,32.88,36.33,86744851.0,3045143799.0,62761384878.149994
2025-09-01,002074,38.34,39.97,38.15,39.97,161297749.0,6338507772.0,69049616118.34999
2025-09-02,002074,41.14,42.31,39.43,40.05,265605881.0,10867738781.0,69187819002.75
2025-09-03,002074,40.18,43.03,39.66,41.88,236488979.0,9907979840.0,72349209983.40001
2025-09-04,002074,41.84,44.33,39.56,40.45,252703299.0,10672197792.0,69878833424.75
2025-09-05,002074,40.48,44.49,40.48,43.86,286119295.0,12410851257.0,75769731372.3
2025-09-08,002074,43.83,46.06,41.83,44.45,287404599.0,12504217717.0,76788977644.75
2025-09-09,002074,42.87,48.81,42.64,47.29,281443909.0,12979988933.0,81695180040.95
2025-09-10,002074,45.82,47.42,45.06,46.58,210624857.0,9763487148.0,80468629441.9
2025-09-11,002074,45.88,47.72,44.34,46.82,192919212.0,8905105657.0,80883238095.1
2025-09-12,002074,47.33,49.64,46.52,47.04,212465622.0,10251246369.0,81263296027.2
2025-09-15,002074,47.05,48.6,45.28,45.79,206041616.0,9699762762.0,79103875958.45
2025-09-16,002074,45.29,46.42,45.03,46.22,148145024.0,6805672812.0,79846716462.09999
2025-09-17,002074,45.77,46.32,44.43,45.05,142621823.0,6492995686.0,78176686372.54999
2025-09-18,002074,44.98,46.23,43.73,44.33,163201951.0,7386127990.0,76927247655.83
2025-09-19,002074,44.29,45.13,43.71,43.73,110719321.0,4919518359.0,75886048725.23
2025-09-22,002074,43.82,44.75,43.46,44.4,77246062.0,3410385657.0,77048720864.4
2025-09-23,002074,44.48,45.49,43.2,44.1,117538102.0,5228740320.0,76528121399.1
2025-09-24,002074,43.71,45.31,43.14,44.88,134507903.0,5999261857.0,77881680008.88
2025-09-25,002074,44.44,46.31,44.27,46.06,149554078.0,6826628721.0,79929371239.06
2025-09-26,002074,45.33,46.48,43.83,43.84,103705007.0,4697049400.0,76095888016.96002
2025-09-29,002074,44.23,46.29,44.23,45.62,112960309.0,5144091647.0,79185547703.78001
2025-09-30,002074,45.63,47.5,45.21,46.5,120255175.0,5609101472.0,80715319287.00002
2025-10-09,002074,47.21,49.41,46.35,49.11,130985495.0,6331034312.0,85245792046.98001
2025-10-10,002074,48.87,48.87,44.2,44.22,144920745.0,6656013886.0,76757664921.96
2025-10-13,002074,41.09,43.19,41.09,42.74,87275112.0,3711440675.0,74188661211.32
2025-10-14,002074,44.08,44.22,40.54,40.82,84099988.0,3575182006.0,70855899640.76001
2025-10-15,002074,40.83,41.81,40.15,41.72,60113884.0,2470424093.0,72418131626.96
2025-10-16,002074,41.64,43.17,41.02,41.91,56026970.0,2362829087.0,72747936157.38
2025-10-17,002074,41.89,42.48,40.25,40.37,49850227.0,2049487142.0,70074783647.66
2025-10-20,002074,41.11,43.04,40.82,41.87,59269241.0,2496572898.0,72678503624.66
2025-10-21,002074,42.24,42.28,41.48,41.99,43632862.0,1834591843.0,72886801222.82
2025-10-22,002074,41.98,41.99,41.0,41.41,31781482.0,1322458669.0,71880029498.38
2025-10-23,002074,41.11,41.6,40.22,41.51,39325541.0,1614262392.0,72053610830.18001
2025-10-24,002074,41.74,42.26,41.55,42.04,47004762.0,1977248162.0,72973591888.72
2025-10-27,002074,43.83,46.24,43.37,44.56,149486246.0,6761465395.0,77347841450.08002
2025-10-28,002074,43.83,44.6,42.85,43.93,88897338.0,3898040931.0,76254279059.74
2025-10-29,002074,43.72,46.02,43.65,45.82,114593329.0,5214299717.0,79534966230.76001
2025-10-30,002074,45.9,47.14,45.45,45.64,131927169.0,6120154548.0,79222519833.52
2025-10-31,002074,46.18,47.4,45.18,45.34,115443951.0,5362171726.0,78701775838.12001
2025-11-03,002074,44.43,44.43,41.96,43.66,105057691.0,4547230048.0,75785609463.88
2025-11-04,002074,43.39,43.66,41.74,42.03,54847388.0,2337706412.0,72956233755.54001
2025-11-05,002074,41.15,43.71,41.08,43.11,64033337.0,2727123329.0,74830912138.98001
2025-11-06,002074,43.19,44.48,42.97,43.56,55534006.0,2435635181.0,75612028132.08002
2025-11-07,002074,43.59,44.9,43.07,44.12,72689189.0,3219626954.0,76584083590.16
2025-11-10,002074,44.37,44.76,42.7,43.11,63888333.0,2801094593.0,74830912138.98001
2025-11-11,002074,43.25,44.2,42.44,42.5,53240089.0,2311983218.0,73772066015.00002
2025-11-12,002074,42.05,42.41,40.69,41.25,55910459.0,2318756032.0,71602299367.50002
2025-11-13,002074,41.23,43.93,41.14,43.23,90247975.0,3887772259.0,75039209737.14
2025-11-14,002074,42.84,43.81,42.24,42.72,55341804.0,2386647613.0,74153944944.96
2025-11-17,002074,42.34,43.46,41.93,42.84,44999830.0,1929630875.0,74362242543.12001
2025-11-18,002074,42.71,43.31,41.49,41.86,51496348.0,2177310216.0,72661145491.48001
2025-11-19,002074,41.54,42.4,40.34,40.74,49320899.0,2033057891.0,70717034575.32
2025-11-20,002074,40.78,41.57,39.44,39.44,50568878.0,2052026365.0,68460477261.920006
2025-11-21,002074,38.95,39.3,37.63,37.63,64075808.0,2454392781.0,65318655156.34001
2025-11-24,002074,38.26,38.45,37.41,37.73,38375087.0,1455971705.0,65492236488.14001
2025-11-25,002074,37.89,38.42,37.67,38.1,38402199.0,1468941523.0,66134487415.80001
2025-11-26,002074,38.0,38.71,37.61,38.19,38145143.0,1461310024.0,66290710614.420006
2025-11-27,002074,38.26,39.4,38.26,38.35,47119795.0,1833385711.0,66568440745.30001
2025-11-28,002074,38.22,39.23,38.12,38.94,42087606.0,1641732855.0,67592570602.920006
2025-12-01,002074,39.18,39.4,38.76,39.13,34567597.0,1354664904.0,67922375133.34001
2025-12-02,002074,38.85,38.9,38.31,38.47,26256489.0,1015964786.0,66776738343.46001
2025-12-03,002074,38.52,38.8,37.76,37.86,24534277.0,938949882.0,65717892219.48001
2025-12-04,002074,37.76,38.14,37.37,37.98,21156307.0,803099956.0,65926189817.64001
2025-12-05,002074,38.14,38.43,37.72,38.39,24725748.0,947015923.0,66637873278.02001
2025-12-08,002074,38.41,39.42,38.41,39.16,37040545.0,1450662218.0,67974449532.880005
2025-12-09,002074,38.81,39.28,38.61,38.94,26082159.0,1018331398.0,67592570602.920006
2025-12-10,002074,38.93,39.07,38.23,38.85,25575649.0,992816877.0,67436347404.30001
2025-12-11,002074,38.99,39.65,38.34,38.35,35618383.0,1395747576.0,66568440745.30001
2025-12-12,002074,38.41,38.79,37.76,38.55,34836928.0,1338166313.0,66915603408.9
2025-12-15,002074,38.48,38.72,37.74,37.89,25163019.0,961547277.0,65769966619.02001
2025-12-16,002074,37.79,37.88,36.73,36.96,29824813.0,1110953861.0,64155660233.280014
2025-12-17,002074,37.12,38.23,37.12,38.12,31822719.0,1204476513.0,66169203682.16
2025-12-18,002074,37.84,38.2,37.37,37.44,23684569.0,896211787.0,64988850625.920006
2025-12-19,002074,37.59,38.1,37.51,37.86,26534186.0,1007516338.0,65717892219.48001
2025-12-22,002074,38.01,38.69,38.01,38.44,31334701.0,1209232200.0,66724663943.920006
2025-12-23,002074,38.46,39.83,38.45,39.17,56289706.0,2216115119.0,67991807666.06001
2025-12-24,002074,39.05,39.44,38.86,39.19,34439964.0,1352634244.0,68026523932.420006
2025-12-25,002074,39.14,39.52,38.67,39.24,29796862.0,1166939000.0,68113314598.320015
2025-12-26,002074,39.49,40.58,39.2,39.93,58036342.0,2327236348.0,69311025787.74
2025-12-29,002074,40.16,40.16,38.97,39.33,39687310.0,1569196341.0,68269537796.94001
2025-12-30,002074,38.84,39.7,38.69,39.35,32032950.0,1261048444.0,68304254063.30001
2025-12-31,002074,39.5,39.7,38.85,38.96,26075402.0,1025327155.0,67639463973.12
2026-01-05,002074,38.84,40.27,38.84,40.14,49111941.0,1959710254.0,69688092502.08
2026-01-06,002074,40.35,41.24,40.23,40.75,53890506.0,2201143471.0,70747129284.0
2026-01-07,002074,40.85,42.13,40.61,40.97,55269898.0,2288209435.0,71129076975.84
2026-01-08,002074,40.56,41.35,40.13,40.52,41448375.0,1693364958.0,70347820333.44
2026-01-09,002074,40.54,41.44,40.16,40.87,46095351.0,1892456484.0,70955464388.64
2026-01-12,002074,40.59,40.59,39.23,39.93,74913979.0,2987545987.0,69323506068.96
2026-01-13,002074,39.85,40.54,39.26,39.45,58543489.0,2332327641.0,68490165650.4
2026-01-14,002074,39.35,41.02,39.16,39.85,74461976.0,3008124740.0,69184615999.2
2026-01-15,002074,39.75,41.34,39.57,40.8,69808545.0,2864070688.0,70833935577.59999
2026-01-16,002074,41.25,41.79,40.9,41.18,61622659.0,2553016482.0,71493663408.96
2026-01-19,002074,41.19,41.53,40.47,41.16,44874531.0,1850535436.0,71458940891.51999
2026-01-20,002074,41.13,41.34,39.36,39.82,62359121.0,2503575017.0,69132532223.04
2026-01-21,002074,39.7,40.98,39.46,40.33,43135402.0,1750513082.0,70017956417.76
2026-01-22,002074,40.34,41.31,39.55,39.68,46406091.0,1864181640.0,68889474600.96
2026-01-23,002074,39.68,41.48,39.68,41.35,81802183.0,3352618733.0,71788804807.2
2026-01-26,002074,41.84,41.94,40.01,40.21,58415965.0,2385108867.0,69809621313.12
2026-01-27,002074,39.91,40.14,37.87,38.85,71579678.0,2773929582.0,67448490127.200005
2026-01-28,002074,38.85,38.94,37.93,38.31,44256893.0,1701250315.0,66510982156.32001
2026-01-29,002074,38.1,38.43,37.52,37.54,40179267.0,1523648000.0,65174165234.88
2026-01-30,002074,37.41,37.95,36.76,37.84,41101221.0,1544636513.0,65695002996.48
2026-02-02,002074,38.11,38.19,37.23,37.4,37750558.0,1425817128.0,64931107612.799995
2026-02-03,002074,37.66,37.82,37.03,37.82,32150089.0,1209721028.0,65660280479.04
2026-02-04,002074,37.45,37.94,37.07,37.81,30950797.0,1163861226.0,65642919220.32001
2026-02-05,002074,37.47,37.66,36.91,37.0,25938629.0,966798119.0,64236657264.0
2026-02-06,002074,36.24,37.3,35.51,36.56,40925386.0,1498045028.0,63472761880.32001
2026-02-09,002074,36.78,37.22,36.75,37.02,27145539.0,1007149766.0,64271379781.44
2026-02-10,002074,36.96,37.22,36.68,36.7,21706170.0,802395432.0,63715819502.4
2026-02-11,002074,36.7,37.79,36.56,37.25,38636242.0,1441561721.0,64670688732.0
2026-02-12,002074,36.88,37.21,36.63,37.04,26385472.0,979099567.0,64306102298.88
2026-02-13,002074,36.86,37.32,36.63,36.77,23252784.0,863641549.0,63837348313.44
2026-02-24,002074,37.16,37.8,37.07,37.55,30848798.0,1160346429.0,65191526493.6
2026-02-25,002074,37.55,38.38,37.48,38.27,41955116.0,1606184963.0,66441537121.44
2026-02-26,002074,38.38,38.47,37.69,37.93,31381017.0,1191991183.0,65851254324.96
2026-02-27,002074,37.59,37.86,37.52,37.76,22894951.0,866153470.0,65556112926.71999
2026-03-02,002074,36.87,37.51,36.59,37.06,36429511.0,1352160072.0,64340824816.32001
2026-03-03,002074,37.06,37.84,36.06,36.1,43811626.0,1622593308.0,62674143979.200005
2026-03-04,002074,35.76,36.49,35.6,35.77,28479404.0,1029060121.0,62101222441.44
2026-03-05,002074,36.46,36.76,36.13,36.34,25661059.0,937756226.0,63090814188.48
2026-03-06,002074,36.27,36.43,35.84,36.16,22256212.0,806438558.0,62778311531.52
2026-03-09,002074,35.68,37.65,34.76,37.59,62937799.0,2306217460.0,65260971528.48
2026-03-10,002074,37.66,38.44,37.58,37.92,43379547.0,1654632480.0,65833893066.240005
2026-03-11,002074,37.95,39.51,37.95,38.81,75628804.0,2951378943.0,67379045092.32001
2026-03-12,002074,38.57,38.87,38.22,38.83,43925386.0,1699108620.0,67413767609.759995
2026-03-13,002074,38.55,39.35,38.31,38.58,45862659.0,1791224878.0,66979736141.759995
2026-03-16,002074,38.45,39.05,37.77,38.69,37399207.0,1448011586.0,67170709987.67999
2026-03-17,002074,38.65,39.22,37.56,37.59,36306310.0,1397907602.0,65260971528.48
2026-03-18,002074,37.77,37.93,36.23,36.87,36748534.0,1356428185.0,64010960900.63999
2026-03-19,002074,36.5,37.72,36.36,36.84,33509408.0,1243049909.0,63958877124.48
2026-03-20,002074,37.37,38.73,37.17,37.56,67508176.0,2575535707.0,65208887752.32001
2026-03-23,002074,37.13,38.14,36.77,36.9,50785310.0,1906131496.0,64063044676.799995
2026-03-24,002074,37.25,37.5,34.85,37.0,49713686.0,1804413623.0,64236657264.0
2026-03-25,002074,36.87,37.58,36.56,37.06,37196394.0,1383140951.0,64340824816.32001
2026-03-26,002074,36.98,37.96,36.39,36.78,41626462.0,1557037178.0,63854709572.16
2026-03-27,002074,36.25,37.94,36.16,37.46,46976752.0,1754089601.0,65035275165.12
2026-03-30,002074,37.39,37.89,36.17,36.86,39171887.0,1450650691.0,63993599641.92
2026-03-31,002074,36.63,36.82,35.51,35.56,38545186.0,1394396675.0,61740215122.32001
2026-04-01,002074,36.18,36.3,35.32,35.78,28354671.0,1017160039.0,62122184957.16
2026-04-02,002074,35.58,36.09,34.55,34.67,32920687.0,1162526331.0,60194973517.740005
2026-04-03,002074,34.6,34.95,33.32,33.33,30532767.0,1035473413.0,57868429978.259995
2026-04-07,002074,33.67,34.11,33.36,33.67,19946968.0,675712085.0,58458746995.740005
2026-04-08,002074,34.48,35.04,34.31,35.04,32275640.0,1122403029.0,60837377330.88
2026-04-09,002074,34.79,35.44,34.45,35.15,25812235.0,906991997.0,61028362248.299995
2026-04-10,002074,35.56,38.66,35.54,38.66,104898811.0,4036248576.0,67122517340.52
2026-04-13,002074,38.65,39.35,38.35,39.35,136987072.0,5358797923.0,68320513640.700005
2026-04-14,002074,39.14,39.84,38.77,39.77,89997406.0,3553898391.0,69049728779.94
2026-04-15,002074,39.5,39.5,38.45,38.57,70114429.0,2740326557.0,66966256953.54
2026-04-16,002074,38.99,39.81,38.46,39.63,82596263.0,3263227404.0,68806657066.86
2026-04-17,002074,39.51,40.3,39.35,40.08,73450144.0,2937610661.0,69587959001.76
2026-04-20,002074,40.09,40.19,39.24,39.79,57286876.0,2282864026.0,69084453310.38
2026-04-21,002074,40.0,40.94,39.15,40.41,76561058.0,3089986398.0,70160913754.01999
2026-04-22,002074,40.21,41.33,39.95,40.35,69129809.0,2808602506.0,70056740162.7
2026-04-23,002074,40.6,40.64,39.35,39.61,52631474.0,2099733721.0,68771932536.42
2026-04-24,002074,39.36,40.08,38.97,39.73,55364607.0,2200194396.0,68980279719.06
2026-04-27,002074,39.52,40.01,38.95,39.31,45494719.0,1794872883.0,68251324025.81999
2026-04-28,002074,39.3,39.43,38.52,38.89,40182034.0,1570099379.0,67522106114.579994
2026-04-29,002074,36.86,38.05,35.36,37.61,96621688.0,3566714688.0,65299727718.41999
2026-04-30,002074,37.36,37.82,36.55,36.6,56402831.0,2094164308.0,63546132265.2
2026-05-06,002074,37.09,39.24,36.84,38.41,65577837.0,2492619419.0,66688714216.01998
2026-05-07,002074,38.61,38.82,37.59,38.0,45789968.0,1747155207.0,65976858635.99999
2026-05-08,002074,37.99,38.39,36.97,37.09,50976435.0,1920633630.0,64396886494.979996
2026-05-11,002074,37.21,37.79,36.88,37.14,45060555.0,1684286867.0,64483698151.079994
2026-05-12,002074,37.14,37.32,36.32,36.54,37789772.0,1387411003.0,63441958277.87999
2026-05-13,002074,36.52,38.23,36.1,37.25,56705103.0,2107308177.0,64674683794.49999
2026-05-14,002074,37.65,38.05,36.55,36.56,57978958.0,2167723634.0,63476682940.31999
2026-05-15,002074,36.56,36.97,35.66,35.99,48128097.0,1749540952.0,62487030060.77999
2026-05-18,002074,36.34,36.78,35.72,35.94,36915356.0,1341274304.0,62400218404.679985
2026-05-19,002074,35.98,36.1,35.07,35.54,34288501.0,1219450986.0,61705725155.87999
2026-05-20,002074,35.36,36.22,34.96,35.98,35388451.0,1265386921.0,62469667729.55998
2026-05-21,002074,36.19,36.42,34.67,34.73,40898018.0,1465328579.0,60299376327.05999
2026-05-22,002074,34.87,35.31,34.51,35.17,26952994.0,946999764.0,61063318900.74
2026-05-25,002074,35.22,35.31,34.2,34.43,34106535.0,1180720363.0,59778506390.45999
2026-05-26,002074,34.42,34.64,33.77,34.13,29819541.0,1022271761.0,59257636453.85999
2026-05-27,002074,34.19,35.15,33.93,34.15,36283671.0,1259119478.0,59292361116.29999
2026-05-28,002074,33.99,34.36,33.22,34.25,32254965.0,1091924693.0,59465984428.49999
2026-05-29,002074,34.22,34.22,32.77,32.82,34556801.0,1156144186.0,56983171064.03999
2026-06-01,002074,32.82,33.35,32.43,32.46,24125789.0,794954864.0,56358127140.119995
2026-06-02,002074,32.48,32.57,31.19,32.05,30153295.0,961605594.0,55646271560.09999
2026-06-03,002074,31.95,32.34,31.51,31.71,25768293.0,825928793.0,55055952298.619995
2026-06-04,002074,31.43,31.47,30.41,30.54,34501987.0,1065380197.0,53024559545.87999
2026-06-05,002074,30.9,30.9,29.84,29.9,32378473.0,984561382.0,51913370347.79999
2026-06-08,002074,29.37,29.77,28.29,28.65,34473091.0,1005340245.0,49743078945.29999
2026-06-09,002074,29.01,29.74,28.59,29.57,29129935.0,850415018.0,51340413417.53999
2026-06-10,002074,29.22,29.45,28.34,28.67,22907862.0,662016809.0,49777803607.74
2026-06-11,002074,28.63,28.81,28.07,28.24,22875059.0,651483803.0,49031223365.27999
2026-06-12,002074,28.55,29.46,28.23,28.93,34609833.0,1003823609.0,50229224219.45999
2026-06-15,002074,29.33,29.51,28.89,29.24,26350837.0,771722327.0,50767456487.27999
2026-06-16,002074,29.8,30.57,29.41,30.17,49853778.0,1505535802.0,52382153290.74
2026-06-17,002074,29.91,30.34,29.71,30.01,29709108.0,892858185.0,52104355991.21999
2026-06-18,002074,29.77,30.09,29.17,29.6,30770486.0,913340435.0,51392500411.2
2026-06-22,002074,29.32,30.69,28.7,30.6,47132712.0,1408396545.0,53128733533.2
2026-06-23,002074,30.52,30.65,29.22,29.44,35796843.0,1073751906.0,51114703111.67999
2026-06-24,002074,29.29,29.62,28.69,29.1,25576247.0,748207190.0,50524383850.2
2026-06-25,002074,28.85,29.12,28.37,28.55,30830113.0,885701256.0,49569455633.09999
2026-06-26,002074,28.49,28.68,26.77,26.78,38760579.0,1068157688.0,46496323007.159996
2026-06-29,002074,26.78,27.25,25.93,26.89,30740965.0,825062585.0,46687308650.579994
2026-06-30,002074,26.94,27.76,26.6,27.41,26598002.0,725944933.0,47590149874.02
2026-07-01,002074,27.43,27.79,26.6,27.24,32759313.0,894181018.0,47294990243.27999
2026-07-02,002074,27.06,27.44,26.59,26.63,23004209.0,623800764.0,46235888038.85999
2026-07-03,002074,26.63,27.27,26.63,26.95,22274966.0,603261441.0,46791482637.899994
2026-07-06,002074,27.48,27.84,26.62,26.65,29059394.0,792566081.0,46270612701.29999
2026-07-07,002074,26.78,27.18,26.18,26.37,22247272.0,594520102.0,45784467427.13999
2026-07-08,002074,26.27,26.38,25.5,25.51,24930379.0,644728844.0,44291306942.21999
2026-07-09,002074,25.5,25.75,24.44,25.72,31768586.0,801026851.0,44655915897.83999
2026-07-10,002074,25.65,25.95,25.26,25.26,24312404.0,624700613.0,43869986976.600006
2026-07-13,002074,25.41,25.41,24.32,24.55,23798929.0,590977982.0,42636903415.5
2026-07-14,002074,24.42,24.95,24.17,24.95,20823306.0,513377665.0,43331598379.5
2026-07-15,002074,25.65,26.85,25.36,26.15,48728091.0,1282609921.0,45415683271.5
2026-07-16,002074,25.88,26.6,25.49,26.23,29432030.0,768581336.0,45554622264.3
2026-07-17,002074,26.3,27.2,26.11,26.91,50645412.0,1356871807.0,46735603703.1
2026-07-20,002074,26.91,27.0,25.6,27.0,41810896.0,1095582359.0,46891910070.0
2026-07-21,002074,26.8,29.09,26.7,28.44,68386983.0,1938901024.0,49392811940.4
2026-07-22,002074,27.82,28.14,27.41,28.02,43558865.0,1210224181.0,48663382228.2
2026-07-23,002074,27.8,28.48,27.43,28.3,38020542.0,1069955508.0,49149668703.0
2026-07-24,002074,27.68,28.0,26.82,26.85,35622144.0,975889974.0,46631399458.5
2026-07-27,002074,27.3,27.72,26.91,27.39,26095686.0,712989763.0,47569237659.9
2026-07-28,002074,26.9,27.37,26.83,27.04,17507505.0,473734950.0,46961379566.4
2026-07-29,002074,27.08,28.46,26.71,28.29,46050521.0,1285286604.0,49132301328.9
