date,ticker,open,high,low,close,volume,amount,market_cap
2021-01-04,002142,28.93,28.96,28.32,28.77,42616257.0,1483219943.0,170555966663.88
2021-01-05,002142,28.77,29.41,27.9,29.21,53873228.0,1870787264.0,173164399939.24
2021-01-06,002142,29.21,30.59,29.19,30.47,57206392.0,2094620112.0,180634004318.68
2021-01-07,002142,30.45,31.06,30.03,30.71,49035520.0,1814529504.0,182056786105.24
2021-01-08,002142,30.55,31.3,30.26,30.96,47716361.0,1792226653.0,183538850466.24
2021-01-11,002142,31.29,32.21,31.19,31.38,58982349.0,2282910887.0,186028718592.72
2021-01-12,002142,31.41,32.33,31.35,32.27,41379192.0,1602602184.0,191304867717.88
2021-01-13,002142,31.99,32.29,31.24,31.44,34334493.0,1320778207.0,186384414039.36002
2021-01-14,002142,31.29,31.91,30.97,31.27,30832035.0,1177675950.0,185376610273.88
2021-01-15,002142,31.94,33.18,31.48,31.61,60107719.0,2374409230.0,187392217804.84
2021-01-18,002142,32.05,33.56,31.71,33.34,58111472.0,2332962050.0,197648103182.96002
2021-01-19,002142,33.34,33.34,31.96,32.02,39166985.0,1537781951.0,189822803356.88
2021-01-20,002142,32.03,32.64,31.58,31.82,34639338.0,1344236867.0,188637151868.08
2021-01-21,002142,31.82,32.5,31.7,31.94,24557554.0,958126778.0,189348542761.36002
2021-01-22,002142,31.78,31.78,30.47,31.11,43672940.0,1642775386.0,184428089082.84
2021-01-25,002142,29.66,31.19,28.65,30.97,64876621.0,2380991998.0,183598133040.68
2021-01-26,002142,30.47,31.78,30.38,30.84,29501589.0,1105719557.0,182827459572.96
2021-01-27,002142,30.64,32.62,30.62,32.53,44015962.0,1707517183.0,192846214653.32
2021-01-28,002142,32.03,32.18,31.2,31.66,31477987.0,1212095559.0,187688630677.04
2021-01-29,002142,31.66,32.23,31.45,31.68,30934768.0,1196590272.0,187807195825.92
2021-02-01,002142,31.46,32.5,30.9,32.3,36547147.0,1405950092.0,191482715441.19998
2021-02-02,002142,32.02,33.08,31.62,32.64,30824174.0,1223592754.0,193498322972.16
2021-02-03,002142,32.64,33.62,32.36,33.27,36300078.0,1462865445.0,197233125161.88
2021-02-04,002142,33.1,34.1,32.69,34.02,44623812.0,1826433171.0,201679318244.88
2021-02-05,002142,34.0,35.49,33.83,35.4,36000840.0,1534050522.0,209860313517.6
2021-02-08,002142,35.0,36.05,34.13,35.54,32230829.0,1379008196.0,210690269559.76
2021-02-09,002142,35.56,35.68,34.54,35.35,19570175.0,833429924.0,209563900645.4
2021-02-10,002142,35.28,36.7,34.18,35.02,36047796.0,1545274013.0,207607575688.88
2021-02-18,002142,35.16,36.31,35.16,35.53,23561456.0,1021460532.0,210630986985.32
2021-02-19,002142,35.24,36.29,35.01,35.53,25000780.0,1085772448.0,210630986985.32
2021-02-22,002142,35.52,35.52,33.71,33.88,39355594.0,1646123471.0,200849362202.72
2021-02-23,002142,33.95,35.57,33.92,34.64,29741992.0,1255601188.0,205354837860.16
2021-02-24,002142,35.0,35.35,33.71,34.2,29913324.0,1252923171.0,202746404584.80002
2021-02-25,002142,34.37,35.49,34.34,34.79,34736792.0,1470905055.0,206244076476.76
2021-02-26,002142,34.39,34.62,32.67,33.02,36182568.0,1467906514.0,195751060800.88
2021-03-01,002142,33.35,34.06,32.93,33.68,29688542.0,1208755467.0,199663710713.92
2021-03-02,002142,33.68,34.18,32.69,33.0,29563322.0,1195481764.0,195632495652.0
2021-03-03,002142,33.01,36.3,32.9,36.3,46898012.0,2011057588.0,215195745217.19998
2021-03-04,002142,36.22,36.61,34.58,34.91,34664761.0,1496985155.0,206955467370.03998
2021-03-05,002142,34.25,34.57,32.32,33.02,62000142.0,2492873632.0,195751060800.88
2021-03-08,002142,32.93,33.73,32.26,32.26,39080026.0,1556847280.0,191245585143.44
2021-03-09,002142,32.36,32.77,30.51,30.83,39800121.0,1519998403.0,182768176998.52
2021-03-10,002142,31.08,31.24,30.17,30.64,38741112.0,1444806132.0,181641808084.16
2021-03-11,002142,30.87,33.03,30.87,31.94,51388160.0,2003416995.0,189348542761.36002
2021-03-12,002142,32.0,33.13,31.7,32.96,35682822.0,1417123123.0,195395365354.24
2021-03-15,002142,32.78,34.83,32.52,33.8,54720986.0,2254092893.0,200375101607.19998
2021-03-16,002142,34.0,35.24,33.76,34.79,31085094.0,1312956723.0,206244076476.76
2021-03-17,002142,34.17,34.66,32.93,33.53,30951834.0,1269055690.0,198774472097.32
2021-03-18,002142,33.66,34.08,33.26,33.51,20823339.0,849356706.0,198655906948.44
2021-03-19,002142,33.61,33.74,32.04,32.16,35119244.0,1393830508.0,190652759399.03998
2021-03-22,002142,32.36,33.34,32.2,33.02,23357961.0,933703214.0,195751060800.88
2021-03-23,002142,33.26,33.43,32.21,32.5,19796088.0,782613393.0,192668366930.0
2021-03-24,002142,32.58,32.61,31.82,32.19,21176050.0,825943854.0,190830607122.36
2021-03-25,002142,32.36,32.64,31.97,32.23,13827808.0,542044288.0,191067737420.12
2021-03-26,002142,32.34,32.83,32.03,32.59,21678765.0,853847774.0,193201910099.96002
2021-03-29,002142,32.59,32.64,31.61,32.44,28559041.0,1111042022.0,192312671483.36
2021-03-30,002142,32.2,32.46,31.87,32.46,18340134.0,716052222.0,192431236632.24
2021-03-31,002142,32.46,32.58,31.82,32.01,16513169.0,642537406.0,189763520782.44
2021-04-01,002142,32.11,32.84,31.83,32.76,18525929.0,732320932.0,194209713865.44
2021-04-02,002142,32.93,32.93,31.94,32.07,19408258.0,756678765.0,190119216229.08
2021-04-06,002142,31.91,32.52,31.91,32.07,13601144.0,531070198.0,190119216229.08
2021-04-07,002142,32.13,32.77,32.02,32.34,17047489.0,669590210.0,191719845738.96002
2021-04-08,002142,32.32,32.5,32.03,32.11,11128022.0,435161298.0,190356346526.84
2021-04-09,002142,32.21,32.32,31.8,31.94,12756059.0,496147896.0,189348542761.36002
2021-04-12,002142,31.94,32.03,31.24,31.52,18905666.0,722946327.0,186858674634.88
2021-04-13,002142,31.57,31.9,31.18,31.29,13961155.0,533610815.0,185495175422.76
2021-04-14,002142,31.17,31.5,31.0,31.38,15947655.0,604763049.0,186028718592.72
2021-04-15,002142,31.29,32.15,31.05,31.38,20271536.0,774385117.0,186028718592.72
2021-04-16,002142,31.21,31.38,30.71,31.09,14310370.0,538213239.0,184309523933.96
2021-04-19,002142,31.2,32.22,30.92,32.18,31845620.0,1228664927.0,190771324547.92
2021-04-20,002142,31.94,32.92,31.93,32.33,18607919.0,732184929.0,191660563164.52
2021-04-21,002142,32.52,33.82,32.25,33.81,41535833.0,1666769642.0,200434384181.64
2021-04-22,002142,33.67,34.07,32.88,33.11,21589729.0,869416919.0,196284603970.84
2021-04-23,002142,33.22,33.58,32.77,33.52,23050043.0,929948261.0,198715189522.88
2021-04-26,002142,33.84,34.83,33.41,34.34,49137339.0,2050049379.0,203576360626.96002
2021-04-27,002142,34.34,34.41,33.76,33.98,15998595.0,661834839.0,201442187947.12
2021-04-28,002142,34.16,34.79,33.78,34.7,17610158.0,735570654.0,205710533306.80002
2021-04-29,002142,34.83,35.16,34.12,34.78,24150789.0,1016133300.0,206184793902.32
2021-04-30,002142,34.78,35.02,34.18,34.77,19175698.0,807176941.0,206125511327.88
2021-05-06,002142,34.66,35.2,34.41,34.93,18395440.0,779793596.0,207074032518.92
2021-05-07,002142,34.99,36.06,34.84,35.3,18627099.0,804531973.0,209267487773.19998
2021-05-10,002142,34.93,35.11,34.26,34.9,13754407.0,579053774.0,206896184795.6
2021-05-11,002142,34.61,35.01,34.35,34.81,11740217.0,495660179.0,206362641625.64
2021-05-12,002142,34.81,35.57,34.55,35.23,10954126.0,467057491.0,208852509752.12
2021-05-13,002142,34.96,35.35,34.86,35.17,9241530.0,394394316.0,208496814305.48
2021-05-14,002142,35.14,35.3,34.29,34.97,22047408.0,929420302.0,207311162816.68
2021-05-17,002142,34.98,36.04,34.74,35.59,20688783.0,893932905.0,210986682431.96002
2021-05-18,002142,35.62,35.9,35.39,35.6,9629723.0,416226290.0,211045965006.4
2021-05-19,002142,35.67,35.73,34.54,34.62,15612091.0,663461447.0,205236272711.28
2021-05-20,002142,34.76,35.33,34.17,35.32,14147937.0,597629795.0,209386052922.08
2021-05-21,002142,35.56,35.8,34.67,34.83,11072622.0,471673951.0,206481206774.52
2021-05-24,002142,34.73,35.11,34.23,34.41,16998850.0,711164106.0,203991338648.03998
2021-05-25,002142,34.41,36.49,34.17,36.27,34648814.0,1499906706.0,215017897493.88
2021-05-26,002142,36.21,36.32,35.61,35.86,19508005.0,850400348.0,212587311941.84
2021-05-27,002142,35.66,35.74,34.6,35.42,23273296.0,994418272.0,209978878666.48
2021-05-28,002142,35.23,35.46,34.87,35.11,16752070.0,713898287.0,208141118858.84
2021-05-31,002142,35.32,35.32,34.41,34.83,22348254.0,941167318.0,206481206774.52
2021-06-01,002142,34.75,35.07,34.46,34.99,16700002.0,705612359.0,207429727965.56
2021-06-02,002142,34.91,34.92,34.18,34.79,20610178.0,866554429.0,206244076476.76
2021-06-03,002142,34.79,35.01,34.51,34.56,19379944.0,819604736.0,204880577264.64
2021-06-04,002142,34.57,35.61,34.41,35.29,17539874.0,748266046.0,209208205198.76
2021-06-07,002142,35.39,35.4,34.51,35.07,13794495.0,585503381.0,207903988561.08
2021-06-08,002142,34.99,35.15,34.03,34.22,21464499.0,897320988.0,202864969733.68
2021-06-09,002142,34.04,34.46,33.71,34.22,17581181.0,725603488.0,202864969733.68
2021-06-10,002142,34.12,34.42,33.71,33.85,19657580.0,809918575.0,200671514479.4
2021-06-11,002142,33.97,34.04,32.77,33.19,33998062.0,1367139003.0,196758864566.36
2021-06-15,002142,33.18,33.37,32.62,33.13,19290853.0,773586275.0,196403169119.72
2021-06-16,002142,33.15,33.64,33.02,33.39,16990591.0,689508911.0,197944516055.16
2021-06-17,002142,33.26,33.96,32.81,33.02,19913698.0,804371594.0,195751060800.88
2021-06-18,002142,32.95,33.2,32.34,32.49,19977536.0,792556679.0,192609084355.56
2021-06-21,002142,32.48,32.55,31.63,32.17,27824231.0,1081970408.0,190712041973.48
2021-06-22,002142,32.32,33.09,32.23,32.92,27588590.0,1101099837.0,195158235056.48
2021-06-23,002142,32.92,33.17,31.93,32.13,36525858.0,1437136222.0,190474911675.72
2021-06-24,002142,32.13,32.77,31.74,32.6,19555841.0,770228361.0,193261192674.4
2021-06-25,002142,32.6,33.33,32.53,33.06,24550951.0,986385200.0,195988191098.64
2021-06-28,002142,33.08,33.21,31.62,32.05,44466045.0,1729088291.0,190000651080.19998
2021-06-29,002142,31.85,32.22,31.54,31.78,28033560.0,1082314712.0,188400021570.32
2021-06-30,002142,31.86,32.45,31.76,32.08,28261275.0,1104001285.0,190178498803.52
2021-07-01,002142,32.27,32.92,31.68,32.81,27720026.0,1096330577.0,194506126737.64
2021-07-02,002142,32.44,32.52,30.92,31.04,41771365.0,1595732859.0,184013111061.76
2021-07-05,002142,30.87,31.11,30.35,31.06,24025270.0,896624311.0,184131676210.63998
2021-07-06,002142,31.06,31.53,30.74,31.27,22378545.0,845950653.0,185376610273.88
2021-07-07,002142,31.29,31.76,30.79,31.17,21463960.0,811665879.0,184783784529.48
2021-07-08,002142,31.46,31.47,29.23,29.52,55169617.0,1998679338.0,175002159746.88
2021-07-09,002142,29.5,30.08,29.06,29.31,40577947.0,1434093798.0,173757225683.63998
2021-07-12,002142,29.72,30.05,28.65,29.06,51308183.0,1791169907.0,172275161322.63998
2021-07-13,002142,29.1,29.67,28.66,29.41,30819703.0,1085237029.0,174350051428.04
2021-07-14,002142,29.3,29.43,28.9,29.28,21372262.0,747605012.0,173579377960.32
2021-07-15,002142,29.14,30.73,29.14,30.67,43879616.0,1587519210.0,181819655807.48
2021-07-16,002142,30.67,31.24,30.33,30.94,28582065.0,1054478838.0,183420285317.36002
2021-07-19,002142,30.94,31.36,30.23,31.29,26085454.0,965069724.0,185495175422.76
2021-07-20,002142,30.9,30.96,29.87,29.99,28449830.0,1029027367.0,177788440745.56
2021-07-21,002142,30.08,30.31,29.43,29.98,28767162.0,1023751978.0,177729158171.12
2021-07-22,002142,29.87,30.71,29.73,30.18,25430215.0,922140172.0,178914809659.92
2021-07-23,002142,30.15,30.2,29.47,29.67,20586851.0,735056046.0,175891398363.48
2021-07-26,002142,29.48,29.48,28.47,28.6,28749383.0,990744939.0,169548162898.4
2021-07-27,002142,28.56,28.88,26.85,27.14,55878506.0,1842397010.0,160892907030.16
2021-07-28,002142,27.38,28.46,27.22,28.26,37660315.0,1259100723.0,167532555367.44
2021-07-29,002142,28.49,28.49,27.55,27.75,27043578.0,901726759.0,164509144071.0
2021-07-30,002142,27.55,27.55,26.11,27.05,44249636.0,1413768941.0,160359363860.2
2021-08-02,002142,26.79,28.28,26.56,27.83,35524315.0,1175384001.0,164983404666.52
2021-08-03,002142,27.95,27.95,27.22,27.75,23567477.0,778519987.0,164509144071.0
2021-08-04,002142,27.58,27.92,26.87,27.15,30073330.0,979108608.0,160952189604.6
2021-08-05,002142,26.99,27.67,26.73,27.18,24730923.0,807158188.0,161130037327.92
2021-08-06,002142,27.01,27.05,26.47,26.55,37493432.0,1196555524.0,157395235138.2
2021-08-09,002142,26.59,28.62,26.59,28.53,56572768.0,1904009100.0,169133184877.32
2021-08-10,002142,28.39,29.91,28.33,29.8,43623190.0,1528882055.0,176662071831.2
2021-08-11,002142,29.8,30.58,29.72,30.03,39257973.0,1422953340.0,178025571043.32
2021-08-12,002142,30.05,30.23,29.23,29.56,27588233.0,978048546.0,175239290044.63998
2021-08-13,002142,29.56,30.04,29.22,30.01,27124963.0,963808199.0,177907005894.44
2021-08-16,002142,30.01,30.03,28.72,28.84,50192096.0,1751645458.0,170970944684.96
2021-08-17,002142,29.06,30.08,28.85,29.19,39360729.0,1390015254.0,173045834790.36002
2021-08-18,002142,29.38,31.54,28.81,30.48,71529175.0,2604582614.0,180693286893.12
2021-08-19,002142,30.52,30.75,29.04,29.43,38718568.0,1370655977.0,174468616576.92
2021-08-20,002142,29.42,29.56,28.56,29.34,26676592.0,928964390.0,173935073406.96
2021-08-23,002142,29.32,29.81,29.06,29.09,22209032.0,779751373.0,172453009045.96
2021-08-24,002142,29.14,29.44,28.43,28.68,34942645.0,1201994582.0,170022423493.92
2021-08-25,002142,28.53,28.72,28.12,28.3,27533990.0,935043535.0,167769685665.2
2021-08-26,002142,28.3,28.3,27.11,27.56,38622057.0,1274465531.0,163382775156.63998
2021-08-27,002142,27.21,27.83,27.05,27.39,28779719.0,944877844.0,162374971391.16
2021-08-30,002142,27.14,27.2,25.89,26.24,49038203.0,1546411371.0,155557475330.56
2021-08-31,002142,26.22,27.09,25.9,26.97,36075977.0,1152032419.0,159885103264.68
2021-09-01,002142,26.88,28.05,26.47,27.85,45435139.0,1492799920.0,165101969815.4
2021-09-02,002142,27.83,29.16,27.58,28.92,47877831.0,1636485105.0,171445205280.48
2021-09-03,002142,29.17,29.35,28.31,28.96,34343807.0,1189563074.0,171682335578.24
2021-09-06,002142,28.86,29.25,28.43,28.97,27370203.0,951086551.0,171741618152.68
2021-09-07,002142,29.06,29.43,28.77,29.31,31304570.0,1090885480.0,173757225683.63998
2021-09-08,002142,29.22,29.72,28.96,29.22,23084011.0,812927454.0,173223682513.68
2021-09-09,002142,29.15,29.77,28.89,29.61,22958445.0,809403931.0,175535702916.84
2021-09-10,002142,29.57,30.75,29.47,30.26,32105337.0,1165788407.0,179389070255.44
2021-09-13,002142,30.13,30.28,29.62,29.78,14447682.0,517200902.0,176543506682.32
2021-09-14,002142,29.72,30.23,28.83,28.96,18590101.0,652423188.0,171682335578.24
2021-09-15,002142,28.81,29.14,28.17,28.38,19429551.0,662888932.0,168243946260.72
2021-09-16,002142,28.31,28.8,27.98,28.05,19737039.0,669775362.0,166287621304.2
2021-09-17,002142,28.31,29.31,27.99,29.3,20780865.0,717327085.0,173697943109.2
2021-09-22,002142,28.22,29.21,27.87,28.85,23746385.0,808157479.0,171030227259.4
2021-09-23,002142,28.87,29.04,28.22,28.41,18209817.0,622588854.0,168421793984.04
2021-09-24,002142,28.5,28.68,27.97,28.35,14457492.0,489401813.0,168066098537.4
2021-09-27,002142,28.14,28.46,27.68,27.85,26642149.0,892734434.0,165101969815.4
2021-09-28,002142,27.85,29.03,27.74,28.81,27563567.0,941338601.0,170793096961.63998
2021-09-29,002142,28.71,30.68,28.56,30.38,43550680.0,1554283578.0,180100461148.72
2021-09-30,002142,29.91,29.96,29.23,29.35,33440883.0,1180930529.0,173994355981.4
2021-10-08,002142,29.47,30.53,29.14,30.28,34126633.0,1226541726.0,179507635404.32
2021-10-11,002142,30.64,32.1,30.64,31.39,35538586.0,1343094172.0,186088001167.16
2021-10-12,002142,31.21,32.36,30.99,31.9,36528132.0,1393303651.0,189111412463.6
2021-10-13,002142,31.6,32.45,31.51,32.02,24616245.0,941305410.0,189822803356.88
2021-10-14,002142,32.03,32.13,30.68,30.99,25309429.0,944277497.0,183716698189.56
2021-10-15,002142,31.2,31.93,30.89,31.39,23458556.0,882796399.0,186088001167.16
2021-10-18,002142,31.39,31.64,30.73,31.04,24685696.0,919070405.0,184013111061.76
2021-10-19,002142,31.02,31.63,30.9,31.3,15860576.0,594630645.0,185554457997.2
2021-10-20,002142,31.72,31.94,30.57,30.73,19800233.0,731467093.0,182175351254.12
2021-10-21,002142,31.06,31.95,31.06,31.75,25376181.0,960867766.0,188222173847.0
2021-10-22,002142,31.82,32.63,31.56,31.78,21760601.0,833948164.0,188400021570.32
2021-10-25,002142,31.68,32.34,31.38,32.26,19435970.0,745708782.0,191245585143.44
2021-10-26,002142,32.06,32.56,31.92,32.34,15124687.0,584742367.0,191719845738.96002
2021-10-27,002142,32.21,32.45,31.7,32.1,14999334.0,575736876.0,190297063952.4
2021-10-28,002142,31.88,32.31,31.19,31.63,22041557.0,834636893.0,187510782953.72
2021-10-29,002142,32.56,32.77,31.59,31.9,29415995.0,1128410311.0,189111412463.6
2021-11-01,002142,31.98,33.23,31.51,33.06,34134180.0,1342382239.0,195988191098.64
2021-11-02,002142,33.08,33.37,31.37,31.9,34167009.0,1312028627.0,189111412463.6
2021-11-03,002142,31.49,32.38,31.48,32.03,16687893.0,640328215.0,189882085931.32
2021-11-04,002142,31.97,32.32,31.22,31.61,13733560.0,520112313.0,187392217804.84
2021-11-05,002142,31.52,31.96,30.95,31.14,19747044.0,742852063.0,184605936806.16
2021-11-08,002142,31.13,31.21,30.25,31.09,19068567.0,703451859.0,184309523933.96
2021-11-09,002142,31.02,31.29,30.29,30.73,14760374.0,541892103.0,182175351254.12
2021-11-10,002142,30.64,31.13,30.19,30.99,17735243.0,652432720.0,183716698189.56
2021-11-11,002142,30.89,32.72,30.68,32.5,28315294.0,1092604092.0,192668366930.0
2021-11-12,002142,32.56,32.98,32.37,32.58,16306505.0,638248536.0,193142627525.52
2021-11-15,002142,32.64,33.31,32.48,33.11,15615050.0,618842321.0,196284603970.84
2021-11-16,002142,33.33,33.7,32.87,33.15,16520170.0,657200120.0,196521734268.6
2021-11-17,002142,32.98,33.34,32.21,32.3,16184058.0,631408966.0,191482715441.19998
2021-11-18,002142,32.3,32.31,31.66,31.83,12360570.0,472637471.0,188696434442.52
2021-11-19,002142,31.63,32.64,31.41,32.36,29755833.0,1142958297.0,191838410887.84
2021-11-22,002142,32.28,32.31,30.99,31.41,58962186.0,2221955046.0,186206566316.04
2021-11-23,002142,31.47,32.56,31.33,32.46,35492447.0,1369732567.0,192431236632.24
2021-12-02,002142,32.41,33.12,30.89,31.99,41111963.0,1503034787.0,189644955633.56
2021-12-03,002142,31.94,34.07,31.84,34.04,42203507.0,1593787047.0,201797883393.76
2021-12-06,002142,33.72,34.4,33.59,33.65,24593269.0,957478492.0,199485862990.6
2021-12-07,002142,33.98,34.65,32.72,33.41,28460607.0,1087460040.0,198063081204.03998
2021-12-08,002142,33.46,33.89,33.34,33.79,19887957.0,765141270.0,200315819032.76
2021-12-09,002142,33.65,35.19,33.64,34.69,31859334.0,1267093747.0,205651250732.36
2021-12-10,002142,34.4,35.03,34.25,34.68,23629913.0,935301618.0,205591968157.92
2021-12-13,002142,34.57,35.09,33.5,33.64,35245207.0,1373632579.0,199426580416.16
2021-12-14,002142,33.28,33.72,32.83,33.15,28035291.0,1063917154.0,196521734268.6
2021-12-15,002142,33.07,33.53,32.88,33.39,17742166.0,675816209.0,217817714189.25
2021-12-16,002142,33.21,34.33,33.2,34.03,25911883.0,1008429228.0,221992716797.25
2021-12-17,002142,34.07,34.26,33.72,34.22,21026961.0,817958641.0,223232170696.5
2021-12-20,002142,33.9,34.73,33.76,34.38,20634051.0,808546333.0,224275921348.50003
2021-12-21,002142,34.24,34.24,33.65,33.81,18341046.0,713123323.0,220557559650.75
2021-12-22,002142,33.86,33.9,33.11,33.2,16650883.0,633664624.0,216578260290.00003
2021-12-23,002142,33.27,33.61,33.03,33.41,18433050.0,703957173.0,217948183020.74997
2021-12-24,002142,33.46,33.59,33.15,33.54,13190367.0,504750191.0,218796230425.5
2021-12-27,002142,33.66,33.66,32.47,32.82,23493960.0,882448836.0,214099352491.5
2021-12-28,002142,32.9,33.46,32.68,33.07,19147456.0,723788621.0,215730212885.25
2021-12-29,002142,33.17,33.18,32.5,32.69,17563029.0,659283672.0,213251305086.75
2021-12-30,002142,32.68,33.5,32.63,33.37,24450094.0,930628770.0,217687245357.74997
2021-12-31,002142,33.59,33.59,33.02,33.44,17192522.0,655262356.0,218143886268.0
2022-01-04,002142,33.28,33.36,32.67,32.93,19710500.0,744362681.0,214816931064.75
2022-01-05,002142,32.85,34.24,32.78,33.92,34716324.0,1341034662.0,221275138224.0
2022-01-06,002142,33.72,34.13,33.62,33.95,21676216.0,840988634.0,221470841471.25003
2022-01-07,002142,33.73,34.63,33.72,34.33,23195966.0,910990821.0,223949749269.75
2022-01-10,002142,34.31,34.31,32.93,34.02,49135200.0,1888888894.0,221927482381.50003
2022-01-11,002142,33.72,33.93,33.14,33.56,35155571.0,1346582578.0,218926699257.0
2022-01-12,002142,33.46,34.18,33.33,33.72,22673712.0,875611585.0,219970449909.0
2022-01-13,002142,33.72,33.94,32.7,32.9,26561190.0,1006260610.0,214621227817.5
2022-01-14,002142,32.76,32.81,31.75,31.97,27607288.0,1012023711.0,208554427152.75
2022-01-17,002142,31.8,32.15,31.34,31.75,29826312.0,1081963350.0,207119270006.25
2022-01-18,002142,32.15,33.93,32.15,33.93,53637066.0,2034330162.0,221340372639.75
2022-01-19,002142,33.8,34.68,33.65,34.47,41194122.0,1615831233.0,224863031090.25
2022-01-20,002142,34.5,35.73,34.43,35.47,39034425.0,1579539203.0,231386472665.25
2022-01-21,002142,35.33,35.39,34.65,34.92,25957351.0,1038976272.0,227798579799.0
2022-01-24,002142,34.92,34.92,34.1,34.71,23795968.0,938732073.0,226428657068.25
2022-01-25,002142,34.51,35.47,34.26,34.86,28912538.0,1157322425.0,227407173304.5
2022-01-26,002142,34.86,35.26,34.3,34.94,28606837.0,1138042864.0,227929048630.5
2022-01-27,002142,34.77,35.48,34.51,35.03,21782695.0,872762213.0,228516158372.25
2022-01-28,002142,34.93,35.15,34.07,34.15,20653385.0,816294476.0,222775529786.25
2022-02-07,002142,34.59,35.97,34.59,35.73,41710071.0,1693858599.0,233082567474.74997
2022-02-08,002142,35.51,36.43,34.8,35.38,32855499.0,1332586068.0,230799362923.50003
2022-02-09,002142,35.38,35.64,34.51,34.73,30743867.0,1224704221.0,226559125899.74997
2022-02-10,002142,34.6,35.03,34.38,35.03,21422261.0,852905142.0,228516158372.25
2022-02-11,002142,34.93,35.94,34.86,35.75,37076499.0,1516495106.0,233213036306.25
2022-02-14,002142,35.8,35.9,34.68,34.78,22094528.0,887953658.0,226885297978.5
2022-02-15,002142,34.74,34.86,33.9,34.17,23858728.0,935594538.0,222905998617.75
2022-02-16,002142,34.23,34.76,34.16,34.46,22223946.0,877546153.0,224797796674.5
2022-02-17,002142,34.68,35.25,34.48,35.01,26584714.0,1063543069.0,228385689540.75
2022-02-18,002142,34.84,35.34,34.57,35.06,18127577.0,724434252.0,228711861619.5
2022-02-21,002142,34.77,34.99,34.33,34.72,15586718.0,618919322.0,226493891484.0
2022-02-22,002142,34.58,34.72,34.15,34.56,11279195.0,444482511.0,225450140832.0
2022-02-23,002142,34.36,34.71,33.84,34.12,24458851.0,953980683.0,222579826538.99997
2022-02-24,002142,33.89,33.97,33.15,33.42,23272287.0,892361726.0,218013417436.5
2022-02-25,002142,33.46,33.68,32.8,33.0,29986248.0,1133369693.0,215273571975.0
2022-02-28,002142,32.93,33.38,32.58,33.28,23032349.0,871795829.0,217100135616.0
2022-03-01,002142,33.29,33.83,32.75,33.58,30165840.0,1151790886.0,219057168088.5
2022-03-02,002142,33.29,33.63,33.21,33.29,17172189.0,655773823.0,217165370031.75
2022-03-03,002142,33.57,34.59,33.43,34.42,30704080.0,1201245758.0,224536859011.5
2022-03-04,002142,34.34,34.37,33.53,33.76,18237040.0,705209966.0,220231387572.0
2022-03-07,002142,33.37,33.46,32.48,32.63,23911457.0,899683252.0,212859898592.25003
2022-03-08,002142,32.42,32.79,31.66,31.86,22794147.0,841190529.0,207836848579.5
2022-03-09,002142,32.0,32.14,30.67,31.55,26800034.0,966669921.0,205814581691.25
2022-03-10,002142,32.24,32.32,31.56,31.79,18921542.0,692104690.0,207380207669.25
2022-03-11,002142,31.46,31.74,30.57,31.6,25843221.0,919273599.0,206140753770.0
2022-03-14,002142,31.02,31.21,29.88,30.02,30360928.0,1058488624.0,195833716081.5
2022-03-15,002142,29.7,29.7,27.93,27.97,54277160.0,1777391377.0,182460660852.75
2022-03-16,002142,28.35,30.04,27.69,29.48,58207892.0,1925434527.0,192311057631.0
2022-03-17,002142,29.8,30.79,29.66,30.4,40670377.0,1409781738.0,198312623880.0
2022-03-18,002142,30.31,31.04,29.61,30.12,50428818.0,1747745570.0,196486060239.0
2022-03-21,002142,30.51,30.92,29.96,30.44,25190620.0,874867395.0,198573561543.0
2022-03-22,002142,30.44,30.92,30.05,30.63,23095508.0,808082238.0,199813015442.25
2022-03-23,002142,30.7,31.34,30.47,31.18,22583863.0,802371908.0,203400908308.5
2022-03-24,002142,31.08,31.94,30.84,31.71,23283768.0,841108755.0,206858332343.25
2022-03-25,002142,31.69,32.15,31.27,31.54,19734427.0,715992393.0,205749347275.5
2022-03-28,002142,31.19,31.89,30.62,31.35,20352561.0,730132039.0,204509893376.25
2022-03-29,002142,31.36,32.41,31.3,32.16,22064214.0,810135421.0,209793881051.99997
2022-03-30,002142,32.41,32.57,31.84,32.4,20722731.0,763596626.0,211359507030.0
2022-03-31,002142,32.3,32.92,32.15,32.66,16898991.0,630114161.0,213055601839.49997
2022-04-01,002142,32.47,33.72,32.45,33.63,21262871.0,812600353.0,219383340167.25003
2022-04-06,002142,33.12,34.2,33.08,34.01,18756592.0,724574670.0,221862247965.75
2022-04-07,002142,34.01,34.25,33.61,33.85,17951402.0,697753842.0,220818497313.75
2022-04-08,002142,34.23,34.68,33.9,34.66,26823415.0,1054837377.0,226102484989.49997
2022-04-11,002142,34.48,34.69,33.5,34.68,28212779.0,1100652595.0,226232953821.0
2022-04-12,002142,34.23,34.66,33.35,33.7,28761612.0,1111715408.0,219839981077.50003
2022-04-13,002142,33.54,34.41,33.46,33.89,22800483.0,887188755.0,221079434976.75
2022-04-14,002142,33.98,34.31,32.58,32.82,35408317.0,1338867605.0,214099352491.5
2022-04-15,002142,32.76,33.7,32.43,33.47,24048996.0,914136450.0,218339589515.25
2022-04-18,002142,33.19,33.72,32.67,33.37,26698807.0,1015916423.0,217687245357.74997
2022-04-19,002142,33.21,33.41,31.62,32.92,31293169.0,1167261380.0,214751696649.0
2022-04-20,002142,32.79,33.0,32.18,32.31,23818451.0,885860172.0,210772397288.25
2022-04-21,002142,32.15,32.91,31.96,32.18,20422577.0,757420697.0,209924349883.5
2022-04-22,002142,31.95,32.9,31.76,32.33,24097959.0,891693537.0,210902866119.75
2022-04-25,002142,31.8,32.33,30.58,30.62,33681301.0,1204589318.0,199747781026.5
2022-04-26,002142,30.62,31.14,30.14,30.71,28442133.0,1000180025.0,200334890768.25
2022-04-27,002142,30.23,31.84,30.23,30.65,43035524.0,1519302688.0,199943484273.75
2022-04-28,002142,30.47,31.71,30.47,31.71,36988197.0,1321722814.0,206858332343.25
2022-04-29,002142,31.45,31.81,30.66,31.72,32232302.0,1154194365.0,206923566759.0
2022-05-05,002142,31.46,32.11,31.16,31.74,29380228.0,1063564078.0,207054035590.5
2022-05-06,002142,31.34,31.91,31.14,31.27,25812026.0,928638189.0,203988018050.25
2022-05-09,002142,31.04,31.41,30.32,30.66,16011762.0,563608446.0,200008718689.5
2022-05-10,002142,30.4,30.46,29.34,29.96,35072386.0,1197055760.0,195442309587.0
2022-05-11,002142,29.83,30.22,29.63,30.02,25990274.0,891364636.0,195833716081.5
2022-05-12,002142,29.8,30.13,29.44,29.68,20615017.0,703386679.0,193615745946.0
2022-05-13,002142,29.93,30.29,29.54,29.83,22799066.0,777882074.0,194594262182.25
2022-05-16,002142,29.77,29.81,28.74,29.31,34711402.0,1159780214.0,191202072563.25
2022-05-17,002142,29.57,30.19,29.39,29.73,30881751.0,1052957031.0,193941918024.75
2022-05-18,002142,29.83,29.95,28.65,29.03,39481674.0,1307284434.0,189375508922.25
2022-05-19,002142,28.57,28.91,28.41,28.44,30504022.0,997320786.0,185526678393.0
2022-05-20,002142,28.58,29.32,28.52,29.14,37374684.0,1242129596.0,190093087495.5
2022-05-23,002142,29.2,29.65,28.99,29.14,22894441.0,767390303.0,190093087495.5
2022-05-24,002142,29.13,29.53,28.72,28.81,22745114.0,759279519.0,187940351775.75
2022-05-25,002142,29.0,29.12,28.65,29.02,18250150.0,604303909.0,189310274506.5
2022-05-26,002142,29.13,29.15,28.26,28.32,33924167.0,1105861608.0,184743865404.0
2022-05-27,002142,28.46,28.82,28.09,28.33,22438057.0,730350313.0,184809099819.75
2022-05-30,002142,28.44,28.44,27.82,28.11,29469429.0,945987628.0,183373942673.25
2022-05-31,002142,28.11,28.61,27.9,28.61,30070395.0,979586439.0,186635663460.75
2022-06-01,002142,28.61,28.64,28.11,28.26,19471535.0,630173050.0,184352458909.5
2022-06-02,002142,27.97,28.23,27.88,28.03,21832552.0,699473390.0,182852067347.25
2022-06-06,002142,27.92,28.01,27.07,27.98,55953261.0,1763761622.0,182525895268.5
2022-06-07,002142,27.99,29.38,27.95,29.33,68220387.0,2260986163.0,191332541394.75
2022-06-08,002142,29.27,29.54,28.9,29.45,35470222.0,1185871219.0,192115354383.75
2022-06-09,002142,29.34,30.3,29.23,30.0,41475812.0,1423742899.0,195703247250.0
2022-06-10,002142,29.81,30.19,29.72,30.11,30442724.0,1044328362.0,196420825823.25
2022-06-13,002142,29.75,30.09,28.75,28.94,37471292.0,1248496353.0,188788399180.5
2022-06-14,002142,28.71,29.53,28.58,29.49,24342581.0,810266514.0,192376292046.75
2022-06-15,002142,29.54,30.84,29.4,30.23,48481901.0,1682840205.0,197203638812.25
2022-06-16,002142,30.23,30.64,29.93,30.11,29294037.0,1015404930.0,196420825823.25
2022-06-17,002142,29.88,30.12,29.44,29.77,24174977.0,823102349.0,194202855687.75
2022-06-20,002142,29.87,29.96,29.11,29.51,29302005.0,988100018.0,192506760878.25
2022-06-21,002142,29.54,30.1,29.26,29.6,27860960.0,946045389.0,193093870620.0
2022-06-22,002142,29.47,29.53,28.85,28.88,21577368.0,718976173.0,188396992686.0
2022-06-23,002142,29.06,29.23,28.77,29.17,20447669.0,679492863.0,190288790742.75
2022-06-24,002142,29.17,29.41,28.63,29.11,44888992.0,1482889957.0,189897384248.25
2022-06-27,002142,29.11,30.06,28.92,29.86,41585089.0,1414782278.0,194789965429.5
2022-06-28,002142,29.71,30.19,29.63,30.02,28641183.0,982050834.0,195833716081.5
2022-06-29,002142,29.92,31.17,29.92,30.78,46922872.0,1651308482.0,200791531678.5
2022-06-30,002142,30.66,31.62,30.47,31.28,31711159.0,1136082316.0,204036739409.92004
2022-07-01,002142,31.28,31.87,30.92,31.32,23090896.0,826576109.0,204297655956.48004
2022-07-04,002142,31.15,31.35,30.53,30.71,30404336.0,1070153597.0,200318678621.44003
2022-07-05,002142,30.71,31.1,30.47,30.71,22450620.0,788633586.0,200318678621.44003
2022-07-06,002142,30.71,30.76,29.67,29.88,27335297.0,938811395.0,194904660280.32
2022-07-07,002142,29.96,30.27,29.61,30.06,22527986.0,775014946.0,196078784739.84003
2022-07-08,002142,30.4,30.4,29.57,29.75,18887100.0,643291365.0,194056681504.00003
2022-07-11,002142,29.57,29.61,28.98,29.09,22964735.0,767181352.0,189751558485.76004
2022-07-12,002142,29.36,30.23,29.32,29.96,29353993.0,990483471.0,195426493373.44003
2022-07-13,002142,29.99,30.02,28.96,29.18,34432324.0,1137173495.0,190338620715.52002
2022-07-14,002142,28.91,29.16,27.65,28.89,65655222.0,2097975437.0,188446975752.96002
2022-07-15,002142,29.07,29.56,28.47,28.49,40155205.0,1311749469.0,185837810287.36002
2022-07-18,002142,28.56,29.05,28.41,28.95,25798889.0,836586765.0,188838350572.80002
2022-07-19,002142,28.91,29.22,28.67,29.02,17650893.0,575500585.0,189294954529.28003
2022-07-20,002142,29.18,29.26,28.8,28.95,20852286.0,682614560.0,188838350572.80002
2022-07-21,002142,28.91,29.07,28.19,28.24,27982801.0,895567965.0,184207081871.36002
2022-07-22,002142,28.24,28.47,27.88,28.08,28723219.0,909754689.0,183163415685.12003
2022-07-25,002142,27.94,28.44,27.73,28.43,25800238.0,817525424.0,185446435467.52002
2022-07-26,002142,28.33,29.09,28.25,28.87,24797832.0,804392950.0,188316517479.68002
2022-07-27,002142,28.77,29.04,28.47,28.49,16490469.0,532788860.0,185837810287.36002
2022-07-28,002142,28.6,28.69,28.1,28.17,18871005.0,602216930.0,183750477914.88004
2022-07-29,002142,28.18,28.26,27.61,27.67,26574271.0,834517792.0,180489021082.88004
2022-08-01,002142,27.68,27.72,26.12,26.27,69899257.0,2096824738.0,171356941953.28003
2022-08-02,002142,26.02,26.02,25.14,25.74,68692879.0,1979216495.0,167899797711.36002
2022-08-03,002142,25.68,25.94,25.28,25.29,31177155.0,897137596.0,164964486562.56003
2022-08-04,002142,25.38,25.81,25.25,25.69,28856605.0,832100977.0,167573652028.16003
2022-08-05,002142,25.63,26.25,25.51,26.2,25492695.0,744892903.0,170900337996.80002
2022-08-08,002142,26.15,26.67,25.96,26.07,25766277.0,761665576.0,170052359220.48004
2022-08-09,002142,26.16,26.18,25.66,25.78,23407433.0,682697412.0,168160714257.92004
2022-08-10,002142,25.76,26.0,25.19,25.33,33227365.0,952002296.0,165225403109.12003
2022-08-11,002142,25.45,25.94,25.21,25.92,31486872.0,909343670.0,169073922170.88004
2022-08-12,002142,25.79,26.74,25.63,26.47,38463028.0,1143865999.0,172661524686.08002
2022-08-15,002142,26.27,26.48,25.21,25.61,45332111.0,1309868104.0,167051818935.04
2022-08-16,002142,25.54,25.81,25.41,25.6,19149311.0,553253832.0,166986589798.40002
2022-08-17,002142,25.61,26.37,25.28,26.19,34641961.0,1015645421.0,170835108860.16003
2022-08-18,002142,26.1,26.15,25.28,25.47,40161535.0,1155173761.0,166138611022.08002
2022-08-19,002142,25.28,25.83,25.28,25.46,26007701.0,749396578.0,166073381885.44003
2022-08-22,002142,25.41,25.59,25.28,25.37,23184086.0,664192336.0,165486319655.68002
2022-08-23,002142,25.3,25.35,24.49,24.57,53710394.0,1495069119.0,160267988724.48
2022-08-24,002142,24.58,24.97,24.44,24.58,27363521.0,763224286.0,160333217861.12003
2022-08-25,002142,24.65,25.71,24.58,25.6,44537517.0,1265417142.0,166986589798.40002
2022-08-26,002142,25.6,25.68,25.15,25.52,24420888.0,700561726.0,166464756705.28003
2022-08-29,002142,25.14,25.38,24.89,25.26,24593236.0,697236255.0,164768799152.64005
2022-08-30,002142,25.24,25.63,24.66,25.07,34595024.0,973870122.0,163529445556.48
2022-08-31,002142,24.92,26.73,24.84,26.46,78723333.0,2326005846.0,172596295549.44003
2022-09-01,002142,26.51,26.96,26.25,26.47,42356544.0,1273570138.0,172661524686.08002
2022-09-02,002142,26.61,26.84,26.16,26.43,24035131.0,715171908.0,172400608139.52002
2022-09-05,002142,26.17,26.55,25.91,26.31,21288235.0,628635211.0,171617858499.84003
2022-09-06,002142,26.34,26.74,25.63,25.72,35603317.0,1037693588.0,167769339438.08002
2022-09-07,002142,25.47,25.68,25.11,25.35,34193028.0,974806348.0,165355861382.40002
2022-09-08,002142,25.5,26.66,25.23,26.47,70865906.0,2100647844.0,172661524686.08002
2022-09-09,002142,26.43,28.11,26.43,27.58,69929195.0,2177401668.0,179901958853.12003
2022-09-13,002142,27.75,28.54,27.42,28.45,58192664.0,1853383413.0,185576893740.80002
2022-09-14,002142,27.98,28.62,27.95,28.11,26792828.0,854374075.0,183359103095.04
2022-09-15,002142,28.68,29.07,28.16,28.35,39327332.0,1271918998.0,184924602374.40002
2022-09-16,002142,28.35,28.46,27.83,28.03,35369944.0,1121838652.0,182837270001.92004
2022-09-19,002142,28.03,28.48,27.78,28.13,20055873.0,636571670.0,183489561368.32
2022-09-20,002142,28.14,28.26,27.51,27.62,24724974.0,771561568.0,180162875399.68002
2022-09-21,002142,27.77,28.43,27.57,28.08,25589653.0,810241296.0,183163415685.12003
2022-09-22,002142,27.94,28.1,27.47,27.79,20563545.0,643894024.0,181271770722.56003
2022-09-23,002142,27.74,28.34,27.67,27.87,18809645.0,593719207.0,181793603815.68002
2022-09-26,002142,27.63,28.21,27.45,27.56,21031760.0,655940903.0,179771500579.84003
2022-09-27,002142,27.36,28.18,27.27,27.98,21178376.0,663783825.0,182511124318.72003
2022-09-28,002142,27.77,28.38,27.77,28.02,30796719.0,976182963.0,182772040865.28003
2022-09-29,002142,28.34,28.37,27.67,27.75,24130367.0,758878054.0,181010854176.00003
2022-09-30,002142,27.96,28.65,27.75,27.98,26067419.0,829600384.0,182511124318.72003
2022-10-10,002142,27.98,28.04,26.96,27.33,28513312.0,879235778.0,178271230437.12003
2022-10-11,002142,27.49,27.94,27.18,27.45,16463793.0,510354378.0,179053980076.80002
2022-10-12,002142,27.19,28.06,27.19,27.56,18631945.0,579011032.0,179771500579.84003
2022-10-13,002142,27.39,27.81,26.36,26.52,29793218.0,897926436.0,172987670369.28003
2022-10-14,002142,26.67,27.18,26.43,26.62,37553590.0,1131593791.0,173639961735.68002
2022-10-17,002142,26.58,26.6,26.07,26.31,26740200.0,792996742.0,171617858499.84003
2022-10-18,002142,26.51,26.69,25.93,26.42,25431706.0,752217377.0,172335379002.88004
2022-10-19,002142,26.17,26.3,25.21,25.27,38102680.0,1097519163.0,164834028289.28003
2022-10-20,002142,25.11,25.37,24.75,24.85,30857637.0,867792736.0,162094404550.40002
2022-10-21,002142,24.86,25.15,24.53,24.7,24857658.0,695554780.0,161115967500.80002
2022-10-24,002142,24.62,24.7,22.79,22.86,72179242.0,1902672564.0,149113806359.04
2022-10-25,002142,23.03,23.37,21.92,22.16,71962436.0,1813736676.0,144547766794.24002
2022-10-26,002142,22.21,22.21,21.61,21.74,60453117.0,1489512970.0,141808143055.36002
2022-10-27,002142,21.74,21.95,21.35,21.5,42958051.0,1045168509.0,140242643776.00003
2022-10-28,002142,21.58,22.31,21.29,22.05,64331627.0,1595548478.0,143830246291.2
2022-10-31,002142,21.64,21.99,20.94,21.07,51473188.0,1237308670.0,137437790900.48003
2022-11-01,002142,21.15,22.07,21.09,22.07,50622609.0,1236186631.0,143960704564.48
2022-11-02,002142,22.01,22.96,21.77,22.78,57662521.0,1465147363.0,148591973265.92004
2022-11-03,002142,22.76,22.77,21.92,22.29,42819977.0,1073574881.0,145395745570.56003
2022-11-04,002142,22.13,23.06,22.08,22.82,37644022.0,964350565.0,148852889812.48
2022-11-07,002142,22.62,23.1,22.51,22.82,39509100.0,1014402060.0,148852889812.48
2022-11-08,002142,22.79,23.12,22.62,22.91,24909747.0,641736562.0,149439952042.24002
2022-11-09,002142,22.91,23.75,22.68,22.87,36535764.0,952507850.0,149179035495.68002
2022-11-10,002142,22.66,23.24,22.38,23.09,26933387.0,693572517.0,150614076501.76
2022-11-11,002142,23.5,25.4,23.5,25.14,100331510.0,2772323031.0,163986049512.96002
2022-11-14,002142,25.54,26.79,25.51,26.22,95932482.0,2854672445.0,171030796270.08002
2022-11-15,002142,25.99,26.47,25.46,25.82,65817640.0,1922946064.0,168421630804.48004
2022-11-16,002142,25.76,25.84,25.28,25.36,37622230.0,1080267796.0,165421090519.04
2022-11-17,002142,25.38,25.56,25.08,25.21,29761746.0,847506124.0,164442653469.44003
2022-11-18,002142,25.45,25.81,24.98,25.44,32833430.0,940119013.0,165942923612.16003
2022-11-21,002142,25.28,26.03,24.89,25.55,30124728.0,866089478.0,166660444115.20004
2022-11-22,002142,25.62,26.59,25.48,26.26,49580715.0,1460810236.0,171291712816.64005
2022-11-23,002142,26.19,26.74,25.74,25.97,35991258.0,1066251564.0,169400067854.08002
2022-11-24,002142,26.33,26.62,25.63,25.76,16778175.0,491911467.0,168030255984.64005
2022-11-25,002142,25.65,27.09,25.65,27.09,52882800.0,1594151933.0,176705731157.76
2022-11-28,002142,26.43,26.43,25.79,26.28,36509703.0,1071963635.0,171422171089.92004
2022-11-29,002142,26.72,28.9,26.72,28.9,71307926.0,2280212469.0,188512204889.6
2022-11-30,002142,28.9,29.27,28.36,28.48,52547426.0,1704052729.0,185772581150.72003
2022-12-01,002142,28.81,29.26,28.29,28.35,40875726.0,1321111528.0,184924602374.40002
2022-12-02,002142,28.36,28.37,27.15,27.9,51630785.0,1608662225.0,181989291225.6
2022-12-05,002142,28.12,29.27,28.11,29.2,39939880.0,1300382834.0,190469078988.80002
2022-12-06,002142,28.94,29.32,28.39,28.82,34064013.0,1103750564.0,187990371796.48004
2022-12-07,002142,28.81,28.92,27.85,27.94,39880700.0,1263779861.0,182250207772.16003
2022-12-08,002142,27.86,28.63,27.68,28.41,27476142.0,877309641.0,185315977194.24002
2022-12-09,002142,28.71,29.37,28.4,29.27,32104491.0,1050290722.0,190925682945.28003
2022-12-12,002142,28.83,28.91,27.94,28.03,32494245.0,1035636650.0,182837270001.92004
2022-12-13,002142,27.93,28.68,27.68,28.56,32755017.0,1044378934.0,186294414243.84003
2022-12-14,002142,28.65,29.2,28.19,28.78,26255286.0,850751010.0,187729455249.92004
2022-12-15,002142,28.78,28.87,27.94,28.04,24887514.0,787549702.0,182902499138.56003
2022-12-16,002142,27.95,28.51,27.86,28.19,25932171.0,822118561.0,183880936188.16003
2022-12-19,002142,28.05,28.37,27.5,27.59,23094266.0,723942299.0,179967187989.76004
2022-12-20,002142,27.65,27.83,26.7,27.21,18841332.0,578256870.0,177488480797.44003
2022-12-21,002142,27.64,27.64,27.15,27.45,13907118.0,429333913.0,179053980076.80002
2022-12-22,002142,27.58,27.87,27.21,27.4,18833541.0,583910355.0,178727834393.6
2022-12-23,002142,27.05,27.69,26.89,27.29,18757802.0,578453337.0,178010313890.56003
2022-12-26,002142,27.19,27.89,27.05,27.21,22297662.0,689289245.0,177488480797.44003
2022-12-27,002142,27.49,28.61,27.42,28.25,29179639.0,927719242.0,184272311008.00003
2022-12-28,002142,28.2,29.21,28.11,28.97,33210349.0,1082364755.0,188968808846.08002
2022-12-29,002142,28.65,29.0,28.28,28.55,25546911.0,821794103.0,186229185107.20004
2022-12-30,002142,28.57,28.98,28.37,28.78,19744775.0,640448721.0,187729455249.92004
2023-01-03,002142,28.54,28.74,27.94,28.57,27552512.0,883241460.0,186374725826.32
2023-01-04,002142,28.78,30.02,28.59,29.69,37930714.0,1265667862.0,193680980391.44
2023-01-05,002142,29.73,30.07,29.27,29.36,25570577.0,852161622.0,191528244671.36
2023-01-06,002142,29.5,29.5,28.43,28.94,39761873.0,1288696127.0,188788399209.44
2023-01-09,002142,29.06,29.27,28.74,29.12,26419619.0,864267897.0,189962618693.12
2023-01-10,002142,29.12,29.15,28.6,28.83,21273610.0,693134784.0,188070820636.08
2023-01-11,002142,28.82,30.05,28.69,29.89,35349805.0,1182863687.0,194985668706.64
2023-01-12,002142,30.18,30.18,29.45,29.85,21726225.0,728189561.0,194724731043.6
2023-01-13,002142,29.89,30.43,29.49,30.13,21424496.0,726016314.0,196551294684.88
2023-01-16,002142,30.12,30.92,29.98,30.33,33378365.0,1146981872.0,197855983000.08
2023-01-17,002142,30.31,30.42,29.72,29.96,31131828.0,1049966566.0,195442309616.96
2023-01-18,002142,30.03,30.32,29.67,29.91,18387040.0,620489865.0,195116137538.16
2023-01-19,002142,29.8,29.93,29.09,29.5,27044979.0,896902132.0,192441526492.0
2023-01-20,002142,29.54,29.63,29.29,29.45,20936398.0,695059951.0,192115354413.19998
2023-01-30,002142,30.06,30.06,29.46,29.82,30275933.0,1019196333.0,194529027796.32
2023-01-31,002142,29.99,30.4,29.02,29.09,29314024.0,977101937.0,189766915445.84
2023-02-01,002142,29.11,29.37,28.47,28.85,24785890.0,805378514.0,188201289467.6
2023-02-02,002142,28.89,28.97,28.29,28.59,28299022.0,908287329.0,186505194657.84
2023-02-03,002142,28.34,28.41,27.87,28.23,22273429.0,706052861.0,184156755690.48
2023-02-06,002142,27.98,28.04,27.17,27.59,35674980.0,1103690016.0,179981753081.84
2023-02-07,002142,27.73,28.29,27.67,27.94,27512517.0,869536876.0,182264957633.44
2023-02-08,002142,28.1,28.6,27.9,28.03,21922299.0,697590841.0,182852067375.28
2023-02-09,002142,27.91,28.36,27.76,27.92,24340090.0,767142280.0,182134488801.92
2023-02-10,002142,27.89,27.9,27.54,27.86,15884425.0,496826421.0,181743082307.36
2023-02-13,002142,27.86,27.86,26.72,27.11,65203908.0,1988808101.0,176850501125.36
2023-02-14,002142,27.09,27.63,27.09,27.58,39046344.0,1203504430.0,179916518666.08
2023-02-15,002142,27.52,27.59,26.8,26.99,27617395.0,843043909.0,176067688136.24
2023-02-16,002142,26.99,27.32,26.88,27.06,22519856.0,688378472.0,176524329046.56
2023-02-17,002142,26.96,27.18,26.62,26.64,23891680.0,724296516.0,173784483584.64
2023-02-20,002142,26.62,28.02,26.62,27.93,52447291.0,1628248846.0,182199723217.68
2023-02-21,002142,27.87,27.87,27.33,27.56,30379115.0,942890606.0,179786049834.56
2023-02-22,002142,27.33,27.45,27.01,27.13,26666729.0,817157789.0,176980969956.88
2023-02-23,002142,27.14,27.46,26.82,26.94,27882676.0,849593190.0,175741516057.44
2023-02-24,002142,26.83,26.93,26.52,26.57,23650874.0,710834389.0,173327842674.32
2023-02-27,002142,26.39,26.55,26.21,26.25,21353323.0,633861834.0,171240341370.0
2023-02-28,002142,26.47,26.47,25.93,26.2,27284882.0,803798079.0,170914169291.19998
2023-03-01,002142,26.2,26.96,26.04,26.94,35993012.0,1083632467.0,175741516057.44
2023-03-02,002142,26.94,27.83,26.74,27.19,37516596.0,1157493784.0,177372376451.44
2023-03-03,002142,27.36,27.53,26.99,27.3,19601473.0,602164640.0,178089955024.80002
2023-03-06,002142,27.13,27.43,26.12,26.23,49051414.0,1459140395.0,171109872538.48
2023-03-07,002142,26.22,26.53,25.54,25.64,51836970.0,1516435183.0,167261042008.64
2023-03-08,002142,25.37,25.46,24.95,25.24,47177318.0,1341393987.0,164651665378.24
2023-03-09,002142,25.26,25.35,24.83,24.84,37810874.0,1065927855.0,162042288747.84
2023-03-10,002142,24.48,25.27,24.4,24.6,31546602.0,880457511.0,160476662769.6
2023-03-13,002142,24.57,25.06,24.49,24.7,21469273.0,598313004.0,161129006927.19998
2023-03-14,002142,24.48,25.01,24.08,24.51,23950362.0,665032842.0,159889553027.76
2023-03-15,002142,24.97,25.43,24.7,24.75,35291211.0,995797832.0,161455179006.0
2023-03-16,002142,24.52,25.15,24.42,24.66,27686621.0,775841326.0,160868069264.16
2023-03-17,002142,24.82,24.92,24.05,24.17,44148026.0,1215290737.0,157671582891.92
2023-03-20,002142,24.21,24.7,24.21,24.41,35275272.0,972461197.0,159237208870.16
2023-03-21,002142,24.43,24.69,24.06,24.34,25673817.0,701922614.0,158780567959.84
2023-03-22,002142,24.38,25.14,24.35,24.88,42173694.0,1181425296.0,162303226410.88
2023-03-23,002142,24.7,25.02,24.43,24.82,27402680.0,763439701.0,161911819916.32
2023-03-24,002142,24.74,24.82,24.46,24.58,16910656.0,469097437.0,160346193938.08
2023-03-27,002142,24.46,24.53,23.96,24.27,21384829.0,582755322.0,158323927049.52
2023-03-28,002142,24.39,24.68,24.21,24.5,24469189.0,674788340.0,159824318612.0
2023-03-29,002142,24.55,24.7,24.28,24.42,15900265.0,438411986.0,159302443285.92
2023-03-30,002142,24.37,24.73,23.96,24.66,33057522.0,908279440.0,160868069264.16
2023-03-31,002142,24.52,24.86,24.18,24.22,31102361.0,857937388.0,157997754970.72
2023-04-03,002142,24.21,24.27,24.0,24.14,36456172.0,990358683.0,157475879644.64
2023-04-04,002142,24.07,24.47,23.91,24.11,32187180.0,875034926.0,157280176397.36
2023-04-06,002142,23.9,24.05,23.63,23.92,35177553.0,946640522.0,156040722497.92
2023-04-07,002142,23.95,24.55,23.8,24.34,41175889.0,1127112410.0,158780567959.84
2023-04-10,002142,24.39,24.83,24.23,24.72,31134786.0,864212559.0,161259475758.72
2023-04-11,002142,24.72,24.82,24.39,24.64,22727482.0,630284435.0,160737600432.64
2023-04-12,002142,24.73,24.79,24.3,24.43,29807089.0,821131079.0,159367677701.68
2023-04-13,002142,24.35,25.35,24.22,25.21,58314944.0,1642220099.0,164455962130.96
2023-04-14,002142,25.15,25.85,25.06,25.45,47971704.0,1379175262.0,166021588109.19998
2023-04-17,002142,25.21,25.48,24.95,25.39,46571022.0,1326296881.0,165630181614.64
2023-04-18,002142,25.37,26.16,25.29,25.56,57931699.0,1681990219.0,166739166682.56
2023-04-19,002142,25.45,25.5,24.7,24.77,55083158.0,1548004013.0,161585647837.52
2023-04-20,002142,24.77,25.0,24.5,24.66,26742391.0,743584825.0,160868069264.16
2023-04-21,002142,24.55,24.61,23.99,24.0,34009072.0,928840107.0,156562597824.0
2023-04-24,002142,24.04,24.08,22.63,22.89,76968167.0,2006099562.0,149321577674.64
2023-04-25,002142,23.01,23.75,22.91,23.61,54731506.0,1445593136.0,154018455609.36
2023-04-26,002142,23.37,23.38,22.62,23.29,56604377.0,1464343851.0,151930954305.04
2023-04-27,002142,22.95,23.29,22.66,23.22,37814508.0,981837636.0,151474313394.72
2023-04-28,002142,23.19,24.39,23.19,24.28,61082778.0,1659822932.0,158389161465.28
2023-05-04,002142,24.04,24.98,23.59,24.76,61361342.0,1690798974.0,161520413421.76
2023-05-05,002142,24.7,25.63,24.48,24.55,57975154.0,1637720795.0,160150490690.80002
2023-05-08,002142,24.66,25.63,24.39,25.39,67852726.0,1933266126.0,165630181614.64
2023-05-09,002142,25.31,25.9,24.88,25.01,60775293.0,1736009003.0,163151273815.76
2023-05-10,002142,24.97,24.98,24.17,24.25,31080373.0,854984163.0,158193458218.0
2023-05-11,002142,24.34,25.06,24.19,24.47,23113098.0,642317638.0,159628615364.72
2023-05-12,002142,24.55,24.61,24.19,24.21,14472521.0,396613328.0,157932520554.96
2023-05-15,002142,24.14,24.56,23.88,24.41,17366191.0,473822377.0,159237208870.16
2023-05-16,002142,24.4,24.75,24.07,24.16,21045895.0,576142437.0,157606348476.16
2023-05-17,002142,24.17,24.24,23.58,23.72,23090926.0,620532620.0,154736034182.72
2023-05-18,002142,23.76,24.03,23.51,23.64,18752793.0,502164109.0,154214158856.64
2023-05-19,002142,23.63,23.67,23.33,23.52,18808106.0,498352208.0,153431345867.52
2023-05-22,002142,23.57,23.87,23.53,23.83,14967905.0,400981395.0,155453612756.08
2023-05-23,002142,23.83,23.93,23.37,23.37,18161736.0,482803275.0,152452829631.12
2023-05-24,002142,23.38,23.38,22.75,22.76,30752919.0,794531129.0,148473530269.76
2023-05-25,002142,22.7,23.0,22.62,22.75,18573846.0,477398828.0,148408295854.0
2023-05-26,002142,22.76,23.04,22.63,23.02,16437323.0,423528740.0,150169625079.52
2023-05-29,002142,22.96,23.02,22.0,22.19,46474239.0,1167829094.0,144755168571.44
2023-05-30,002142,22.19,22.29,21.92,22.17,21616524.0,538226497.0,144624699739.92
2023-05-31,002142,22.02,22.11,21.82,21.82,21236087.0,524825957.0,142341495188.32
2023-06-01,002142,21.87,22.12,21.73,21.84,21718633.0,536317410.0,142471964019.84
2023-06-02,002142,21.92,22.97,21.92,22.9,39146772.0,997236551.0,149386812090.4
2023-06-05,002142,22.87,23.02,22.57,22.93,23287505.0,599446081.0,149582515337.68
2023-06-06,002142,22.84,23.58,22.78,23.24,36195521.0,952537533.0,151604782226.24
2023-06-07,002142,23.33,23.72,23.32,23.46,26001322.0,691164731.0,153039939372.96
2023-06-08,002142,23.64,23.96,23.29,23.81,25375719.0,678602625.0,155323143924.56
2023-06-09,002142,23.94,23.99,23.5,23.73,23593302.0,630894526.0,154801268598.48
2023-06-12,002142,23.66,23.88,23.41,23.68,14650527.0,391375850.0,154475096519.68
2023-06-13,002142,23.58,24.02,23.56,23.72,19153766.0,512255832.0,154736034182.72
2023-06-14,002142,23.84,24.11,23.33,23.33,28305963.0,755071633.0,152191891968.08
2023-06-15,002142,23.5,23.64,23.25,23.53,17681067.0,466928813.0,153496580283.28
2023-06-16,002142,23.52,23.6,23.24,23.37,16277410.0,429245870.0,152452829631.12
2023-06-19,002142,23.24,23.38,22.77,22.92,22844054.0,590384302.0,149517280921.92
2023-06-20,002142,22.95,23.07,22.71,22.81,14250210.0,367119839.0,148799702348.56
2023-06-21,002142,22.7,23.03,22.53,22.56,16600665.0,425497805.0,147168841954.56
2023-06-26,002142,22.44,22.47,22.0,22.12,24592200.0,614297431.0,144298527661.12
2023-06-27,002142,22.19,22.34,22.0,22.23,17474539.0,437065228.0,145016106234.48
2023-06-28,002142,22.29,22.62,22.16,22.44,19103513.0,483031251.0,146386028965.44
2023-06-29,002142,22.37,22.57,22.22,22.26,13897348.0,350120876.0,145211809481.76
2023-06-30,002142,22.27,22.75,22.25,22.44,20474236.0,520562798.0,146393230724.4
2023-07-03,002142,22.54,22.78,22.35,22.69,25338165.0,644175183.0,148024171351.9
2023-07-04,002142,22.55,22.75,22.23,22.37,25358412.0,641305646.0,145936567348.7
2023-07-05,002142,22.37,22.37,22.05,22.15,24893900.0,621727210.0,144501339596.5
2023-07-06,002142,22.15,22.22,21.89,22.07,20816316.0,517179608.0,143979438595.7
2023-07-07,002142,22.0,22.16,21.89,21.94,14366408.0,356452479.0,143131349469.4
2023-07-10,002142,22.04,22.31,21.9,21.98,16256081.0,403763408.0,143392299969.8
2023-07-11,002142,22.16,22.21,21.82,21.93,26120818.0,645595871.0,143066111844.3
2023-07-12,002142,22.08,22.89,21.92,22.57,50702896.0,1262872447.0,147241319850.7
2023-07-13,002142,22.63,23.16,22.5,23.05,30156109.0,764073446.0,150372725855.5
2023-07-14,002142,23.02,23.3,22.77,22.87,24578052.0,622987637.0,149198448603.7
2023-07-17,002142,22.86,22.86,22.27,22.45,25027198.0,620036581.0,146458468349.5
2023-07-18,002142,22.56,22.58,22.18,22.22,18545433.0,456202335.0,144958002972.19998
2023-07-19,002142,22.13,22.17,21.75,22.0,31769452.0,770930271.0,143522775220.0
2023-07-20,002142,22.01,22.73,21.98,22.31,37358178.0,928061118.0,145545141598.1
2023-07-21,002142,22.36,22.58,22.18,22.36,20494676.0,506931073.0,145871329723.6
2023-07-24,002142,22.19,22.32,22.08,22.15,11822916.0,289466658.0,144501339596.5
2023-07-25,002142,22.66,24.22,22.66,24.1,96646696.0,2524847135.0,157222676491.0
2023-07-26,002142,24.1,24.31,23.94,24.16,31193036.0,832321602.0,157614102241.6
2023-07-27,002142,24.21,24.62,23.93,24.45,36843962.0,993534738.0,159505993369.5
2023-07-28,002142,24.37,25.86,24.26,25.72,75533460.0,2115033853.0,167791171757.19998
2023-07-31,002142,25.98,26.81,25.93,26.36,71301380.0,2078858153.0,171966379763.6
2023-08-01,002142,26.18,26.2,25.32,25.45,52808689.0,1497723862.0,166029755879.5
2023-08-02,002142,25.17,25.6,24.91,25.03,53896789.0,1496828792.0,163289775625.30002
2023-08-03,002142,25.07,25.57,24.85,25.45,41464194.0,1155564886.0,166029755879.5
2023-08-04,002142,25.69,26.33,25.37,25.49,43797855.0,1250403915.0,166290706379.9
2023-08-07,002142,25.16,25.35,24.98,25.21,23850879.0,661502846.0,164464052877.1
2023-08-08,002142,24.99,25.71,24.87,25.26,23161322.0,646286135.0,164790241002.6
2023-08-09,002142,25.15,25.78,25.1,25.57,25208540.0,709658440.0,166812607380.7
2023-08-10,002142,25.38,25.56,25.08,25.36,17104739.0,477866470.0,165442617253.6
2023-08-11,002142,25.44,25.73,24.98,24.98,21033940.0,585852982.0,162963587499.8
2023-08-14,002142,24.61,24.97,24.36,24.76,23317087.0,636488474.0,161528359747.6
2023-08-15,002142,24.8,25.27,24.6,24.85,20137345.0,552888887.0,162115498373.5
2023-08-16,002142,24.74,24.88,24.53,24.59,15489348.0,421507968.0,160419320120.9
2023-08-17,002142,24.45,24.51,24.17,24.34,23469444.0,629937064.0,158788379493.4
2023-08-18,002142,24.39,25.64,24.39,24.76,40261721.0,1116703017.0,161528359747.6
2023-08-21,002142,24.77,24.78,24.17,24.21,20311233.0,546574233.0,157940290367.1
2023-08-22,002142,24.38,24.69,24.1,24.54,24255312.0,654906158.0,160093131995.4
2023-08-23,002142,24.54,24.77,24.14,24.27,18081311.0,487687934.0,158331716117.7
2023-08-24,002142,24.22,24.6,24.02,24.45,26523732.0,712222561.0,159505993369.5
2023-08-25,002142,24.08,24.62,23.43,24.3,45450769.0,1203736780.0,158527428993.0
2023-08-28,002142,25.71,25.93,24.66,24.97,57217638.0,1587931892.0,162898349874.69998
2023-08-29,002142,24.87,24.88,24.14,24.52,37856212.0,1023929797.0,159962656745.2
2023-08-30,002142,24.52,24.52,23.79,23.79,53235920.0,1412097283.0,155200310112.9
2023-08-31,002142,23.86,24.4,23.69,23.69,31902461.0,844993652.0,154547933861.9
2023-09-01,002142,24.08,25.16,24.08,25.05,62838277.0,1721490014.0,163420250875.5
2023-09-04,002142,25.16,26.32,24.98,26.17,69146139.0,1984590524.0,170726864886.7
2023-09-05,002142,26.04,26.07,25.35,25.53,33821325.0,954318131.0,166551656880.30002
2023-09-06,002142,25.44,25.65,25.12,25.36,23762897.0,666002230.0,165442617253.6
2023-09-07,002142,25.35,25.41,25.09,25.16,13618401.0,379273376.0,164137864751.6
2023-09-08,002142,25.07,25.16,24.78,24.95,12348618.0,340016437.0,162767874624.5
2023-09-11,002142,24.94,25.21,24.76,25.12,23979184.0,663404692.0,163876914251.2
2023-09-12,002142,25.03,25.25,24.83,24.91,17191892.0,474473019.0,162506924124.1
2023-09-13,002142,25.19,25.21,24.83,24.92,13885499.0,382856649.0,162572161749.2
2023-09-14,002142,25.03,25.19,24.8,24.89,18152145.0,500246683.0,162376448873.9
2023-09-15,002142,24.98,25.66,24.91,24.96,28858606.0,802108462.0,162833112249.6
2023-09-18,002142,24.8,25.2,24.59,25.09,18949299.0,522929520.0,163681201375.9
2023-09-19,002142,24.91,25.42,24.9,25.26,22507826.0,627198521.0,164790241002.6
2023-09-20,002142,25.26,25.7,25.12,25.61,24753825.0,698058002.0,167073557881.1
2023-09-21,002142,25.54,25.74,25.12,25.21,23152537.0,647362333.0,164464052877.1
2023-09-22,002142,25.11,25.32,24.98,25.26,32343874.0,897892574.0,164790241002.6
2023-09-25,002142,25.25,25.31,24.79,24.89,23990457.0,662624850.0,162376448873.9
2023-09-26,002142,24.84,25.04,24.59,24.62,20053827.0,547555352.0,160615032996.2
2023-09-27,002142,24.78,24.79,24.37,24.45,20305190.0,549642250.0,159505993369.5
2023-09-28,002142,24.58,24.58,24.29,24.32,22457016.0,605032595.0,158657904243.2
2023-10-09,002142,24.21,24.66,24.0,24.56,21286281.0,573804467.0,160223607245.6
2023-10-10,002142,24.79,24.84,24.26,24.29,12535333.0,338615455.0,158462191367.9
2023-10-11,002142,24.42,24.52,23.94,24.07,18170960.0,484640058.0,157026963615.7
2023-10-12,002142,24.62,24.7,22.6,22.73,119036520.0,3022320909.0,148285121852.3
2023-10-13,002142,22.46,22.76,22.27,22.58,44016047.0,1096558478.0,147306557475.8
2023-10-16,002142,22.54,22.72,22.4,22.54,22932929.0,572333925.0,147045606975.4
2023-10-17,002142,22.53,22.85,22.4,22.81,22193021.0,556657516.0,148807022853.1
2023-10-18,002142,22.73,22.87,22.41,22.47,21601883.0,538373130.0,146588943599.69998
2023-10-19,002142,22.38,22.41,21.96,21.98,26254866.0,641488749.0,143392299969.8
2023-10-20,002142,21.92,22.07,21.78,21.83,18382696.0,445236414.0,142413735593.3
2023-10-23,002142,21.73,21.93,21.61,21.79,17582044.0,422197010.0,142152785092.9
2023-10-24,002142,21.8,21.94,21.5,21.62,22613577.0,540263420.0,141043745466.2
2023-10-25,002142,21.86,22.2,21.74,22.09,31606097.0,767048935.0,144109913845.9
2023-10-26,002142,21.95,22.63,21.91,22.25,27847637.0,686330664.0,145153715847.5
2023-10-27,002142,22.18,22.31,21.87,22.08,22107231.0,539400438.0,144044676220.8
2023-10-30,002142,21.96,22.01,21.69,21.92,30269985.0,729975555.0,143000874219.2
2023-10-31,002142,22.01,22.78,21.86,22.62,47083030.0,1168425220.0,147567507976.2
2023-11-01,002142,22.63,22.72,22.28,22.55,24781379.0,616660486.0,147110844600.5
2023-11-02,002142,22.71,22.72,22.45,22.49,16774262.0,417837439.0,146719418849.9
2023-11-03,002142,22.49,22.77,22.46,22.68,18955762.0,474571202.0,147958933726.8
2023-11-06,002142,22.77,22.82,22.46,22.81,28032758.0,702512977.0,148807022853.1
2023-11-07,002142,22.7,22.79,22.59,22.77,17359799.0,435284104.0,148546072352.7
2023-11-08,002142,22.66,22.9,22.63,22.77,17750002.0,446519531.0,148546072352.7
2023-11-09,002142,22.72,22.97,22.68,22.77,15203935.0,383099239.0,148546072352.7
2023-11-10,002142,22.63,22.78,22.39,22.49,24944069.0,619946048.0,146719418849.9
2023-11-13,002142,22.59,22.6,22.0,22.22,31896560.0,780823731.0,144958002972.19998
2023-11-14,002142,22.27,22.45,22.13,22.42,21188290.0,522272749.0,146262755474.2
2023-11-15,002142,22.61,22.72,22.44,22.49,18973396.0,472967053.0,146719418849.9
2023-11-16,002142,22.61,22.72,22.42,22.45,16651180.0,414785761.0,146458468349.5
2023-11-17,002142,22.36,22.53,22.19,22.52,19455670.0,481000019.0,146915131725.2
2023-11-20,002142,22.59,22.61,22.27,22.42,19442862.0,481169475.0,146262755474.2
2023-11-21,002142,22.53,22.86,22.5,22.6,19841140.0,496776928.0,147437032726.0
2023-11-22,002142,22.54,22.6,22.43,22.47,13795489.0,342720922.0,146588943599.69998
2023-11-23,002142,22.43,22.47,22.25,22.37,15099666.0,372767495.0,145936567348.7
2023-11-24,002142,22.32,22.45,22.21,22.31,13319383.0,328634258.0,145545141598.1
2023-11-27,002142,22.32,22.33,21.87,22.01,25376756.0,616219026.0,143588012845.1
2023-11-28,002142,22.01,22.01,21.63,21.77,29054613.0,699309094.0,142022309842.7
2023-11-29,002142,21.82,21.82,20.77,20.88,61590027.0,1428752616.0,136216161208.79999
2023-11-30,002142,20.89,20.99,20.56,20.75,39471147.0,903159915.0,135368072082.5
2023-12-01,002142,20.73,20.73,20.34,20.48,37959416.0,858611940.0,133606656204.8
2023-12-04,002142,20.45,20.48,19.62,19.87,55475708.0,1219196631.0,129627161073.70001
2023-12-05,002142,19.73,19.78,19.08,19.14,58592143.0,1254531532.0,124864814441.40001
2023-12-06,002142,19.02,19.3,19.0,19.13,33981885.0,718540274.0,124799576816.29999
2023-12-07,002142,19.13,19.13,18.69,19.04,42069545.0,877762305.0,124212438190.4
2023-12-08,002142,18.93,19.15,18.81,18.85,29757894.0,622606823.0,122972923313.50002
2023-12-11,002142,18.65,18.92,18.38,18.88,36716796.0,756887348.0,123168636188.79999
2023-12-12,002142,18.88,19.32,18.78,19.26,43046347.0,910612399.0,125647665942.6
2023-12-13,002142,19.15,19.15,18.48,18.48,52491620.0,1083921226.0,120559131184.8
2023-12-14,002142,18.63,18.72,18.34,18.36,29014716.0,592208467.0,119776279683.59999
2023-12-15,002142,18.48,18.96,18.36,18.46,43435198.0,893079792.0,120428655934.6
2023-12-18,002142,18.38,18.5,18.08,18.23,26867823.0,542733518.0,118928190557.3
2023-12-19,002142,18.24,18.27,17.9,18.02,30510560.0,607735053.0,117558200430.2
2023-12-20,002142,18.06,18.1,17.8,17.81,24699733.0,489386052.0,116188210303.09999
2023-12-21,002142,17.82,18.02,17.7,18.0,32843478.0,648999842.0,117427725180.0
2023-12-22,002142,18.03,18.1,17.64,17.72,48144626.0,945143742.0,115601071677.2
2023-12-25,002142,17.72,17.83,17.64,17.81,18993668.0,372129401.0,116188210303.09999
2023-12-26,002142,17.77,17.86,17.57,17.6,23770580.0,464277196.0,114818220176.00002
2023-12-27,002142,17.64,17.67,17.44,17.63,26100521.0,505922202.0,115013933051.29999
2023-12-28,002142,17.62,18.38,17.5,18.29,57302141.0,1147868026.0,119319616307.9
2023-12-29,002142,18.23,18.39,18.08,18.2,38951231.0,783210872.0,118732477682.0
2024-01-02,002142,18.24,18.25,17.83,17.85,39575754.0,784356323.0,116471701783.50002
2024-01-03,002142,17.81,17.96,17.53,17.65,37235409.0,726794104.0,115166696721.49998
2024-01-04,002142,17.64,17.67,17.09,17.27,50880362.0,970943808.0,112687187103.7
2024-01-05,002142,17.2,17.94,17.02,17.65,56130083.0,1094835114.0,115166696721.49998
2024-01-08,002142,17.52,17.66,17.16,17.23,38023194.0,727002327.0,112426186091.3
2024-01-09,002142,17.28,17.64,17.18,17.57,42221761.0,813765774.0,114644694696.7
2024-01-10,002142,17.49,17.72,17.44,17.6,33169881.0,645050562.0,114840445456.00002
2024-01-11,002142,17.55,17.95,17.44,17.81,36883428.0,724413083.0,116210700771.09999
2024-01-12,002142,17.74,18.1,17.68,17.81,31678165.0,626290898.0,116210700771.09999
2024-01-15,002142,17.74,18.03,17.69,17.91,23005635.0,454816698.0,116863203302.1
2024-01-16,002142,17.79,18.18,17.75,18.13,40740046.0,811521941.0,118298708870.29999
2024-01-17,002142,18.1,18.31,17.96,17.97,41538448.0,833175567.0,117254704820.7
2024-01-18,002142,17.89,18.13,17.52,18.1,41396150.0,815726738.0,118102958111.00002
2024-01-19,002142,17.98,18.06,17.81,17.91,28606479.0,566421502.0,116863203302.1
2024-01-22,002142,17.82,18.06,17.5,17.65,45229651.0,893133372.0,115166696721.49998
2024-01-23,002142,17.46,17.74,17.4,17.58,38476081.0,745491012.0,114709944949.79999
2024-01-24,002142,17.7,17.9,17.11,17.83,55549078.0,1072902907.0,116341201277.29999
2024-01-25,002142,17.92,19.21,17.9,19.15,113739225.0,2354440038.0,124954234686.49998
2024-01-26,002142,19.35,19.84,19.13,19.57,78067956.0,1679721179.0,127694745316.7
2024-01-29,002142,19.58,20.27,19.58,19.9,69458291.0,1531283732.0,129848003668.99998
2024-01-30,002142,19.69,20.05,19.26,19.62,51847575.0,1124913518.0,128020996582.20001
2024-01-31,002142,19.55,19.78,19.39,19.47,37053695.0,800446075.0,127042242785.7
2024-02-01,002142,19.42,19.63,19.2,19.28,39898265.0,852177515.0,125802487976.8
2024-02-02,002142,19.24,19.72,18.9,19.19,46439444.0,995698939.0,125215235698.90001
2024-02-05,002142,19.18,19.7,19.11,19.62,57081985.0,1228401022.0,128020996582.20001
2024-02-06,002142,19.48,19.77,19.31,19.63,52981252.0,1141816472.0,128086246835.29999
2024-02-07,002142,19.61,19.69,18.91,19.42,80613423.0,1714302182.0,126715991520.20001
2024-02-08,002142,19.01,19.1,18.38,18.82,94887222.0,1955728215.0,122800976334.2
2024-02-19,002142,18.91,19.26,18.67,19.26,56621199.0,1188505766.0,125671987470.6
2024-02-20,002142,19.18,19.83,18.99,19.69,45642669.0,979112875.0,128477748353.90001
2024-02-21,002142,19.67,21.27,19.56,20.79,86689393.0,1982071209.0,135655276194.9
2024-02-22,002142,20.59,20.67,20.11,20.49,50030048.0,1127191198.0,133697768601.9
2024-02-23,002142,20.45,21.34,20.39,20.67,56974366.0,1310367100.0,134872273157.70001
2024-02-26,002142,20.55,20.9,20.28,20.32,34777271.0,786555762.0,132588514299.2
2024-02-27,002142,20.19,20.42,20.02,20.29,38516730.0,858248738.0,132392763539.9
2024-02-28,002142,20.2,20.37,20.05,20.05,38209435.0,852597028.0,130826757465.5
2024-02-29,002142,19.97,20.18,19.93,20.17,29052902.0,642883434.0,131609760502.70001
2024-03-01,002142,20.1,20.1,19.82,19.94,40211218.0,884184831.0,130109004681.40001
2024-03-04,002142,19.82,19.86,19.39,19.49,47293153.0,1020483386.0,127172743291.9
2024-03-05,002142,19.37,19.72,19.28,19.72,50554998.0,1091477446.0,128673499113.2
2024-03-06,002142,19.62,19.77,19.52,19.54,28378646.0,614459091.0,127498994557.4
2024-03-07,002142,19.5,19.82,19.47,19.47,32587043.0,705489526.0,127042242785.7
2024-03-08,002142,19.47,19.61,19.24,19.35,21892691.0,468389013.0,126259239748.50002
2024-03-11,002142,19.33,19.48,19.24,19.44,25209071.0,538913934.0,126846492026.40001
2024-03-12,002142,19.53,19.95,19.42,19.87,44923774.0,978640693.0,129652252909.70001
2024-03-13,002142,19.89,19.95,19.48,19.62,32351811.0,701222215.0,128020996582.20001
2024-03-14,002142,19.53,19.64,19.03,19.14,40354838.0,859872969.0,124888984433.40001
2024-03-15,002142,19.3,19.43,19.05,19.15,45257554.0,960372230.0,124954234686.49998
2024-03-18,002142,19.14,19.32,19.03,19.23,29017363.0,614836656.0,125476236711.3
2024-03-19,002142,19.2,19.21,18.96,18.96,28395207.0,597982939.0,123714479877.6
2024-03-20,002142,18.92,19.07,18.77,18.96,27162110.0,567964152.0,123714479877.6
2024-03-21,002142,18.94,19.24,18.89,19.17,32553879.0,687130758.0,125084735192.70001
2024-03-22,002142,19.11,19.14,18.57,18.76,37972902.0,787572607.0,122409474815.6
2024-03-25,002142,18.7,18.81,18.48,18.61,34867763.0,717179821.0,121430721019.09999
2024-03-26,002142,18.6,18.92,18.6,18.88,34586599.0,717307533.0,123192477852.79999
2024-03-27,002142,18.88,19.24,18.83,18.95,44085668.0,928592319.0,123649229624.5
2024-03-28,002142,19.0,19.1,18.65,18.85,33193019.0,690871758.0,122996727093.50002
2024-03-29,002142,18.77,18.94,18.6,18.67,25866494.0,536164868.0,121822222537.70001
2024-04-01,002142,18.7,19.52,18.7,19.48,67564953.0,1436333042.0,127107493038.8
2024-04-02,002142,19.43,19.73,19.42,19.67,41822704.0,905650809.0,128347247847.70001
2024-04-03,002142,19.55,19.66,19.12,19.17,33475076.0,712751628.0,125084735192.70001
2024-04-08,002142,19.11,19.29,18.97,19.2,25062318.0,530434179.0,125280485952.0
2024-04-09,002142,19.15,19.24,19.05,19.12,20926077.0,441709973.0,124758483927.20001
2024-04-10,002142,18.65,19.0,18.4,18.52,46944249.0,970555425.0,120843468741.2
2024-04-11,002142,18.46,18.93,18.1,18.82,38227185.0,782431326.0,122800976334.2
2024-04-12,002142,18.7,19.35,18.68,19.15,50544679.0,1069088191.0,124954234686.49998
2024-04-15,002142,19.15,19.55,18.93,19.3,44215535.0,943004772.0,125932988483.0
2024-04-16,002142,19.31,19.37,19.02,19.17,32506390.0,689244245.0,125084735192.70001
2024-04-17,002142,19.17,20.14,19.04,20.05,62218757.0,1354490527.0,130826757465.5
2024-04-18,002142,19.94,20.46,19.87,20.21,58420953.0,1303613371.0,131870761515.1
2024-04-19,002142,20.11,20.47,20.1,20.16,34526229.0,773114307.0,131544510249.6
2024-04-22,002142,20.2,20.46,19.82,19.96,28380700.0,627898272.0,130239505187.6
2024-04-23,002142,19.92,20.23,19.73,19.85,32508502.0,718066967.0,129521752403.50002
2024-04-24,002142,19.8,19.91,19.65,19.73,18267213.0,398414713.0,128738749366.3
2024-04-25,002142,19.65,20.16,19.6,20.09,31547274.0,693709510.0,131087758477.9
2024-04-26,002142,20.01,20.23,19.75,19.85,30501759.0,669153873.0,129521752403.50002
2024-04-29,002142,19.81,20.9,19.6,20.67,67060021.0,1522230913.0,134872273157.70001
2024-04-30,002142,20.62,20.99,20.55,20.76,32481483.0,745877474.0,135459525435.6
2024-05-06,002142,21.03,21.23,20.89,20.95,34026849.0,791654810.0,136699280244.5
2024-05-07,002142,20.96,20.96,20.64,20.82,25009994.0,574463961.0,135851026954.2
2024-05-08,002142,20.81,21.0,20.73,20.77,17481850.0,402455910.0,135524775688.7
2024-05-09,002142,20.76,21.36,20.69,21.3,41613196.0,973010647.0,138983039103.0
2024-05-10,002142,21.32,22.2,21.32,22.09,49194229.0,1189656969.0,144137809097.9
2024-05-13,002142,22.0,22.21,21.69,22.16,41933142.0,1016519560.0,144594560869.6
2024-05-14,002142,22.15,22.43,21.91,22.04,24770377.0,603790817.0,143811557832.4
2024-05-15,002142,22.07,22.8,21.92,22.49,32412195.0,804264352.0,146747819221.9
2024-05-16,002142,22.59,23.52,22.39,23.4,55565311.0,1420331130.0,152685592254.0
2024-05-17,002142,23.32,23.59,22.95,23.41,32146560.0,824964124.0,152750842507.1
2024-05-20,002142,23.34,23.56,22.91,23.07,31607783.0,808230484.0,150532333901.7
2024-05-21,002142,22.91,23.48,22.86,23.28,24287776.0,622930440.0,151902589216.80002
2024-05-22,002142,23.17,23.6,23.14,23.2,29767057.0,767172455.0,151380587192.0
2024-05-23,002142,23.09,23.51,23.06,23.13,25112162.0,643329577.0,150923835420.3
2024-05-24,002142,23.11,23.3,22.81,22.86,31322786.0,797560392.0,149162078586.6
2024-05-27,002142,22.86,22.97,22.72,22.91,30205671.0,762324166.0,149488329852.1
2024-05-28,002142,22.98,23.02,22.54,22.63,26873526.0,674837000.0,147661322765.3
2024-05-29,002142,22.57,22.77,22.23,22.34,26799894.0,664370949.0,145769065425.4
2024-05-30,002142,22.24,22.63,22.2,22.41,24218437.0,599548713.0,146225817197.1
2024-05-31,002142,22.42,22.52,22.11,22.42,23323718.0,573811522.0,146291067450.2
2024-06-03,002142,22.19,22.25,21.85,22.02,30642466.0,745244643.0,143681057326.2
2024-06-04,002142,22.0,22.08,21.76,21.92,21953021.0,530968229.0,143028554795.2
2024-06-05,002142,21.95,22.08,21.69,21.74,16768344.0,405671599.0,141854050239.4
2024-06-06,002142,21.81,21.9,21.3,21.38,23967088.0,568490581.0,139505041127.8
2024-06-07,002142,21.38,21.66,21.28,21.44,17547215.0,415483637.0,139896542646.4
2024-06-11,002142,21.45,21.48,20.83,20.89,25757779.0,597407626.0,136307778725.90001
2024-06-12,002142,20.89,20.91,20.48,20.68,27544794.0,627971650.0,134937523410.8
2024-06-13,002142,20.71,20.73,20.03,20.19,36784735.0,821793860.0,131740261008.90001
2024-06-14,002142,20.17,20.9,19.91,20.69,53155912.0,1205107246.0,135002773663.90001
2024-06-17,002142,20.49,20.66,20.21,20.29,26084661.0,586494691.0,132392763539.9
2024-06-18,002142,20.29,20.43,20.1,20.25,17458096.0,390583792.0,132131762527.5
2024-06-19,002142,20.23,20.55,20.17,20.31,19266134.0,433401072.0,132523264046.09999
2024-06-20,002142,20.33,20.39,19.95,20.08,15727537.0,349374286.0,131022508224.79999
2024-06-21,002142,20.0,20.13,19.81,20.04,17447470.0,385445019.0,130761507212.4
2024-06-24,002142,19.92,20.14,19.7,20.02,25171122.0,554235206.0,130631006706.2
2024-06-25,002142,20.02,20.64,19.92,20.4,35682835.0,803092072.0,133110516323.99998
2024-06-26,002142,20.35,20.48,20.08,20.21,22879648.0,510668866.0,131870761515.1
2024-06-27,002142,20.14,20.34,19.91,20.11,24645274.0,546911874.0,131218258984.09999
2024-06-28,002142,20.03,20.25,19.84,19.97,25831239.0,571496327.0,130304755440.7
2024-07-01,002142,19.88,20.78,19.86,20.77,40660780.0,918275500.0,135495134177.83
2024-07-02,002142,20.64,21.09,20.62,20.91,27670726.0,639779657.0,136408437922.89
2024-07-03,002142,20.86,21.08,20.28,20.36,23133891.0,523917996.0,132820458924.44
2024-07-04,002142,20.29,20.53,20.28,20.29,15798896.0,355930807.0,132363807051.90999
2024-07-05,002142,20.27,20.36,19.58,19.8,33061930.0,725271810.0,129167243944.20001
2024-07-08,002142,19.73,20.06,19.43,19.47,27020061.0,586514522.0,127014456545.12999
2024-07-09,002142,19.5,19.73,19.29,19.64,28406373.0,613766277.0,128123468235.56
2024-07-10,002142,19.73,20.0,19.58,19.86,24018365.0,511378833.0,129558659834.94
2024-07-11,002142,20.02,20.16,19.56,19.74,30677929.0,651506907.0,128775828053.45999
2024-07-12,002142,19.74,20.45,19.7,20.42,37129522.0,807906381.0,133211874815.18001
2024-07-15,002142,20.29,20.7,20.27,20.65,27292720.0,601968940.0,134712302396.34999
2024-07-16,002142,20.59,20.7,20.25,20.44,23131321.0,507066402.0,133342346778.76001
2024-07-17,002142,20.44,21.27,20.38,21.13,44172312.0,993703298.0,137843629522.27
2024-07-18,002142,21.02,21.27,20.82,21.09,21239732.0,479633319.0,137582685595.11
2024-07-19,002142,21.04,21.12,20.51,20.78,28933353.0,642651824.0,135560370159.62001
2024-07-22,002142,20.74,20.76,20.21,20.29,28271217.0,617531027.0,132363807051.90999
2024-07-23,002142,20.23,20.43,20.09,20.13,24165202.0,525949907.0,131320031343.26999
2024-07-24,002142,20.03,20.18,19.89,20.05,19690341.0,424262298.0,130798143488.95001
2024-07-25,002142,19.99,20.19,19.87,20.04,18891353.0,406463589.0,130732907507.15999
2024-07-26,002142,20.06,20.1,19.59,19.75,22837387.0,484311530.0,128841064035.25
2024-07-29,002142,19.6,20.06,19.6,20.0,16559038.0,354653950.0,130471963580.0
2024-07-30,002142,19.88,19.92,19.56,19.73,16832486.0,355453110.0,128710592071.67
2024-07-31,002142,19.67,20.03,19.62,20.01,28086641.0,600972117.0,130537199561.79001
2024-08-01,002142,20.02,20.29,19.8,19.84,26001462.0,559016126.0,129428187871.36
2024-08-02,002142,19.68,19.8,19.6,19.7,15691909.0,332222248.0,128514884126.29999
2024-08-05,002142,19.64,20.12,19.6,19.8,25631441.0,548235749.0,129167243944.20001
2024-08-06,002142,19.91,20.15,19.28,19.51,26900260.0,566079751.0,127275400472.29001
2024-08-07,002142,19.46,19.57,19.27,19.34,17619858.0,366626204.0,126166388781.86
2024-08-08,002142,19.3,19.48,19.09,19.42,17340633.0,359244200.0,126688276636.18001
2024-08-09,002142,19.44,19.62,19.23,19.27,17144504.0,357744444.0,125709736909.33
2024-08-12,002142,19.18,19.25,18.86,18.95,22407802.0,456544868.0,123622185492.04999
2024-08-13,002142,19.04,19.05,18.76,18.9,23297038.0,472090212.0,123296005583.09999
2024-08-14,002142,18.91,18.95,18.65,18.68,17088048.0,343855558.0,121860813983.72
2024-08-15,002142,18.68,18.89,18.54,18.8,19856757.0,400176576.0,122643645765.20001
2024-08-16,002142,18.75,18.81,18.35,18.46,50652055.0,1004406388.0,120425622384.34001
2024-08-19,002142,18.42,18.9,18.32,18.87,39844179.0,796548274.0,123100297637.73001
2024-08-20,002142,18.87,19.53,18.87,19.41,62524686.0,1292391019.0,126623040654.39
2024-08-21,002142,19.34,19.34,18.95,19.19,25170755.0,518244283.0,125187849055.01001
2024-08-22,002142,19.08,19.64,19.08,19.41,40169232.0,840728484.0,126623040654.39
2024-08-23,002142,19.39,19.74,19.28,19.56,25017778.0,525119648.0,127601580381.23999
2024-08-26,002142,19.54,19.64,19.37,19.51,20757620.0,433870214.0,127275400472.29001
2024-08-27,002142,19.49,19.81,19.33,19.37,22307695.0,467538082.0,126362096727.23001
2024-08-28,002142,19.36,19.44,18.96,19.08,24916674.0,511483910.0,124470253255.31999
2024-08-29,002142,19.01,19.08,18.54,18.74,35920639.0,721450864.0,122252229874.45999
2024-08-30,002142,18.7,19.33,18.57,18.85,47795559.0,973905532.0,122969825674.15001
2024-09-02,002142,18.81,19.14,18.57,18.58,33422219.0,674653918.0,121208454165.81999
2024-09-03,002142,18.59,18.62,18.25,18.42,33180292.0,655032789.0,120164678457.18001
2024-09-04,002142,18.32,18.55,18.22,18.25,22920659.0,451163122.0,119055666766.75
2024-09-05,002142,18.2,18.34,18.01,18.29,23423183.0,457152074.0,119316610693.90999
2024-09-06,002142,18.3,18.66,18.11,18.14,25458784.0,502323631.0,118338070967.06
2024-09-09,002142,18.06,18.06,17.66,17.68,27087845.0,518161318.0,115337215804.72
2024-09-10,002142,17.68,17.76,17.5,17.65,17558869.0,332160286.0,115141507859.34999
2024-09-11,002142,17.67,17.68,17.3,17.37,23639861.0,441920787.0,113314900369.23001
2024-09-12,002142,17.36,17.52,17.32,17.37,13598519.0,254576731.0,113314900369.23001
2024-09-13,002142,17.37,17.49,17.16,17.16,16280404.0,302696029.0,111944944751.64
2024-09-18,002142,17.18,17.34,17.08,17.32,14768665.0,273420423.0,112988720460.28
2024-09-19,002142,17.41,17.61,17.13,17.52,25341290.0,473554025.0,114293440096.08
2024-09-20,002142,17.5,17.96,17.46,17.88,29447113.0,560420244.0,116641935440.51999
2024-09-23,002142,17.86,18.71,17.86,18.49,51762649.0,1023322262.0,120621330329.70999
2024-09-24,002142,18.63,19.64,18.55,19.59,63869556.0,1315102435.0,127797288326.61
2024-09-25,002142,19.87,20.24,19.65,19.71,46857758.0,1002724754.0,128580120108.09001
2024-09-26,002142,19.72,21.09,19.62,21.04,64736930.0,1421507755.0,137256505686.15999
2024-09-27,002142,21.48,22.3,21.05,21.88,88712305.0,2068758273.0,142736328156.52
2024-09-30,002142,22.3,23.97,22.3,23.93,83999803.0,2096332229.0,156109704423.47
2024-10-08,002142,26.31,26.32,24.4,26.04,109154754.0,3005528332.0,169874496581.16
2024-10-09,002142,25.28,25.28,23.43,23.43,87574851.0,2254175237.0,152847905333.97
2024-10-10,002142,23.27,24.39,23.06,23.66,59021485.0,1506793141.0,154348332915.14
2024-10-11,002142,23.52,23.77,22.49,22.71,47810832.0,1184603594.0,148150914645.09
2024-10-14,002142,23.26,24.33,23.18,24.05,75894713.0,1945265588.0,156892536204.95
2024-10-15,002142,24.02,24.25,23.21,23.25,40675725.0,1036298737.0,151673657661.75
2024-10-16,002142,23.09,24.58,22.91,24.29,62180960.0,1608865463.0,158458199767.91
2024-10-17,002142,24.09,24.56,23.82,23.87,45256353.0,1174594714.0,155718288532.73
2024-10-18,002142,23.87,24.82,23.61,24.38,46834230.0,1215275191.0,159045323604.02
2024-10-21,002142,24.33,24.49,24.13,24.33,27257764.0,711749360.0,158719143695.06998
2024-10-22,002142,24.4,24.86,24.22,24.33,24268793.0,637526044.0,158719143695.06998
2024-10-23,002142,24.33,25.43,24.22,25.18,44798028.0,1203141921.0,164264202147.22
2024-10-24,002142,25.05,25.12,24.53,24.62,27491332.0,731579300.0,160610987166.98
2024-10-25,002142,24.53,24.76,24.33,24.71,23481744.0,619911811.0,161198111003.09
2024-10-28,002142,24.65,24.67,23.97,24.2,33611923.0,874113761.0,157871075931.8
2024-10-29,002142,24.29,24.86,24.23,24.47,30185315.0,797502687.0,159632447440.13
2024-10-30,002142,24.38,24.58,23.79,24.03,22990841.0,595406923.0,156762064241.37
2024-10-31,002142,24.03,24.21,23.66,23.78,23843770.0,611110019.0,155131164696.62
2024-11-01,002142,23.68,24.23,23.68,23.74,26643403.0,684845188.0,154870220769.46
2024-11-04,002142,23.76,24.11,23.3,24.08,27451110.0,700306813.0,157088244150.31998
2024-11-05,002142,24.02,24.54,23.69,24.47,44040934.0,1146481212.0,159632447440.13
2024-11-06,002142,24.47,24.57,24.11,24.27,22875538.0,596875745.0,158327727804.33
2024-11-07,002142,24.16,24.92,24.12,24.91,31134821.0,825725139.0,162502830638.89
2024-11-08,002142,24.91,25.23,24.28,24.35,28738675.0,759112838.0,158849615658.65002
2024-11-11,002142,24.11,24.2,23.6,24.06,29155799.0,746072534.0,156957772186.74
2024-11-12,002142,23.97,24.44,23.6,23.67,35025243.0,899842026.0,154413568896.93002
2024-11-13,002142,23.66,23.97,23.54,23.81,26154519.0,669114316.0,155326872641.99
2024-11-14,002142,23.74,24.3,23.6,23.93,29098528.0,753166480.0,156109704423.47
2024-11-15,002142,23.93,24.03,23.5,23.5,21088453.0,537434118.0,153304557206.5
2024-11-18,002142,23.66,24.06,23.08,23.2,39935538.0,1010952628.0,151347477752.8
2024-11-19,002142,23.22,23.39,22.9,23.12,22908580.0,567655251.0,150825589898.48
2024-11-20,002142,23.09,23.26,22.98,23.11,15262095.0,378476876.0,150760353916.69
2024-11-21,002142,23.11,23.15,22.86,22.99,16841553.0,415232423.0,149977522135.21
2024-11-22,002142,22.99,23.1,22.31,22.32,25689270.0,625281741.0,145606711355.28
2024-11-25,002142,22.33,22.47,22.13,22.47,22078442.0,529395780.0,146585251082.13
2024-11-26,002142,22.26,22.5,22.07,22.21,17540535.0,419156507.0,144889115555.59
2024-11-27,002142,22.15,22.77,22.0,22.74,23759804.0,573211053.0,148346622590.46
2024-11-28,002142,22.72,22.96,22.63,22.71,18619894.0,455623234.0,148150914645.09
2024-11-29,002142,22.72,23.11,22.68,22.97,21493682.0,530362739.0,149847050171.63
2024-12-02,002142,22.98,23.03,22.73,22.82,22117988.0,542835771.0,148868510444.78
2024-12-03,002142,22.79,22.95,22.57,22.94,19351374.0,474458087.0,149651342226.26
2024-12-04,002142,22.88,22.99,22.62,22.85,14981701.0,367646593.0,149064218390.15002
2024-12-05,002142,22.76,22.87,22.48,22.84,15679231.0,383056267.0,148998982408.36
2024-12-06,002142,22.84,23.32,22.84,23.19,24072812.0,598512510.0,151282241771.01
2024-12-09,002142,23.17,23.37,23.01,23.11,16668463.0,414432611.0,150760353916.69
2024-12-10,002142,23.67,24.22,23.51,23.59,49580180.0,1268660882.0,153891681042.61
2024-12-11,002142,23.59,23.66,22.85,22.9,39837292.0,987751548.0,149390398299.09998
2024-12-12,002142,22.9,23.26,22.79,23.12,29927571.0,740197946.0,150825589898.48
2024-12-13,002142,22.97,23.01,22.63,22.65,32866212.0,804111681.0,147759498754.34998
2024-12-16,002142,22.58,22.71,22.14,22.27,36818460.0,885881947.0,145280531446.33
2024-12-17,002142,22.18,22.44,22.11,22.18,28517991.0,681700135.0,144693407610.22
2024-12-18,002142,22.26,22.58,22.21,22.25,25889305.0,622395120.0,145150059482.75
2024-12-19,002142,22.13,22.27,21.97,22.1,19077314.0,453048095.0,144171519755.90002
2024-12-20,002142,22.08,22.19,21.84,21.88,25938367.0,612274224.0,142736328156.52
2024-12-23,002142,21.93,22.71,21.91,22.42,43688132.0,1052014599.0,146259071173.18002
2024-12-24,002142,22.42,22.6,22.28,22.56,25363850.0,613374230.0,147172374918.24
2024-12-25,002142,22.62,23.01,22.56,22.83,23180659.0,568432802.0,148933746426.56998
2024-12-26,002142,22.83,22.84,22.45,22.51,23480660.0,568302116.0,146846195009.29
2024-12-27,002142,22.55,22.61,22.16,22.35,26848300.0,644533723.0,145802419300.65002
2024-12-30,002142,22.34,22.89,22.34,22.82,36873216.0,901861491.0,148868510444.78
2024-12-31,002142,22.79,23.07,22.62,22.63,31801997.0,781403058.0,147639173652.8
2025-01-02,002142,22.75,22.8,21.99,22.07,35894086.0,862013648.0,143985707579.2
2025-01-03,002142,22.08,22.32,21.86,22.04,32918060.0,781198639.0,143789986182.4
2025-01-06,002142,22.18,22.8,21.95,22.72,40227401.0,972686667.0,148226337843.19998
2025-01-07,002142,22.62,23.07,22.45,22.99,32846436.0,804601705.0,149987830414.4
2025-01-08,002142,22.9,23.88,22.9,23.74,61734312.0,1561363782.0,154880865334.4
2025-01-09,002142,23.74,23.9,23.39,23.46,28377351.0,719935514.0,153054132297.6
2025-01-10,002142,23.49,23.7,23.09,23.38,20810111.0,522654554.0,152532208572.8
2025-01-13,002142,23.22,23.42,22.82,22.93,22262616.0,550507190.0,149596387620.8
2025-01-14,002142,22.94,23.74,22.76,23.66,27203842.0,683923986.0,154358941609.6
2025-01-15,002142,23.63,24.09,23.61,23.83,21932413.0,562412258.0,155468029524.8
2025-01-16,002142,23.9,24.09,23.73,23.95,19948503.0,512581177.0,156250915112.0
2025-01-17,002142,23.85,24.06,23.72,23.87,18490836.0,474404351.0,155728991387.2
2025-01-20,002142,23.97,24.47,23.72,23.75,22700396.0,585891948.0,154946105800.0
2025-01-21,002142,23.88,23.97,23.7,23.85,11970475.0,306883374.0,155598510456.0
2025-01-22,002142,23.79,23.92,23.56,23.73,16339387.0,416292578.0,154815624868.8
2025-01-23,002142,23.93,24.25,23.76,24.11,23243419.0,601524249.0,157294762561.6
2025-01-24,002142,24.02,24.12,23.68,24.09,21216170.0,545860579.0,157164281630.4
2025-01-27,002142,24.17,24.66,24.17,24.56,31064418.0,819290933.0,160230583513.6
2025-02-05,002142,24.57,24.6,23.87,23.95,23783204.0,614595529.0,156250915112.0
2025-02-06,002142,23.87,23.96,23.2,23.66,36264994.0,917235795.0,154358941609.6
2025-02-07,002142,23.64,23.68,23.35,23.5,35353364.0,892591836.0,153315094160.0
2025-02-10,002142,23.47,23.63,23.27,23.53,22813079.0,575176199.0,153510815556.80002
2025-02-11,002142,23.55,23.64,23.37,23.52,20226199.0,510422129.0,153445575091.2
2025-02-12,002142,23.51,23.74,23.29,23.73,20594748.0,520617763.0,154815624868.8
2025-02-13,002142,23.65,24.29,23.65,23.98,40607978.0,1049474717.0,156446636508.8
2025-02-14,002142,23.91,24.06,23.65,23.77,20082869.0,513416986.0,155076586731.2
2025-02-17,002142,23.77,23.86,23.07,23.28,50617623.0,1267058905.0,151879803916.80002
2025-02-18,002142,23.28,23.76,23.2,23.48,31946972.0,807761062.0,153184613228.8
2025-02-19,002142,23.41,23.41,22.91,23.02,44236103.0,1097186942.0,150183551811.2
2025-02-20,002142,23.03,23.32,22.86,23.27,26794334.0,664925897.0,151814563451.2
2025-02-21,002142,23.18,23.36,22.91,23.02,35069859.0,868525353.0,150183551811.2
2025-02-24,002142,22.99,22.99,22.62,22.72,35739340.0,874316534.0,148226337843.19998
2025-02-25,002142,22.72,22.75,22.18,22.26,37595200.0,904064409.0,145225276425.6
2025-02-26,002142,22.3,22.47,22.11,22.37,28028843.0,671319508.0,145942921547.2
2025-02-27,002142,22.38,22.74,22.25,22.71,29848684.0,723107597.0,148161097377.6
2025-02-28,002142,22.63,22.85,22.6,22.6,29683517.0,723901675.0,147443452256.0
2025-03-03,002142,22.6,22.8,22.5,22.58,28549287.0,692663123.0,147312971324.8
2025-03-04,002142,22.51,22.88,22.49,22.82,27393469.0,669087775.0,148878742499.2
2025-03-05,002142,22.85,23.03,22.65,22.94,24947171.0,614236716.0,149661628086.4
2025-03-06,002142,22.93,23.03,22.72,22.89,26198499.0,644488912.0,149335425758.4
2025-03-07,002142,22.9,23.03,22.61,22.95,41805443.0,1025845419.0,149726868552.0
2025-03-10,002142,22.9,22.92,22.46,22.52,26962952.0,654964442.0,146921528531.2
2025-03-11,002142,22.4,22.49,22.21,22.49,36604984.0,879281451.0,146725807134.4
2025-03-12,002142,22.55,22.83,22.2,22.68,34901001.0,847531489.0,147965375980.8
2025-03-13,002142,22.64,23.22,22.63,23.13,47324878.0,1171734632.0,150901196932.8
2025-03-14,002142,23.11,24.11,23.09,24.02,68191625.0,1746776358.0,156707598371.2
2025-03-17,002142,23.93,24.15,23.84,23.91,26474741.0,681974021.0,155989953249.6
2025-03-18,002142,23.92,23.97,23.69,23.72,21487314.0,549285456.0,154750384403.19998
2025-03-19,002142,23.83,24.83,23.83,24.83,55270683.0,1452890695.0,161992076084.8
2025-03-20,002142,24.82,24.89,24.33,24.36,25382128.0,668717870.0,158925774201.6
2025-03-21,002142,24.44,24.72,24.09,24.2,35354333.0,924608943.0,157881926752.0
2025-03-24,002142,24.16,24.22,23.95,24.11,23491582.0,607945622.0,157294762561.6
2025-03-25,002142,24.21,24.65,24.21,24.58,28823147.0,757738966.0,160361064444.8
2025-03-26,002142,24.58,24.74,24.31,24.39,24308689.0,639524881.0,159121495598.4
2025-03-27,002142,24.34,24.65,24.28,24.58,17990843.0,474065406.0,160361064444.8
2025-03-28,002142,24.58,24.69,24.48,24.53,13003057.0,343408239.0,160034862116.80002
2025-03-31,002142,24.44,24.58,23.93,24.04,28723964.0,745074398.0,156838079302.4
2025-04-01,002142,24.02,24.13,23.65,23.81,22512250.0,575426152.0,155337548593.6
2025-04-02,002142,23.88,24.16,23.82,24.03,17739827.0,457342518.0,156772838836.80002
2025-04-03,002142,23.79,24.03,23.54,23.61,27576237.0,701492704.0,154032739281.6
2025-04-07,002142,22.72,22.72,21.24,21.65,86361907.0,2020245739.0,141245608024.0
2025-04-08,002142,21.58,22.02,21.5,21.94,55466528.0,1297736124.0,143137581526.4
2025-04-09,002142,21.7,21.94,21.57,21.75,37886937.0,884973420.0,141898012680.0
2025-04-10,002142,22.06,22.62,22.04,22.25,44689849.0,1073336503.0,145160035960.0
2025-04-11,002142,22.11,22.2,21.83,22.04,38064749.0,900173548.0,143789986182.4
2025-04-14,002142,22.1,22.47,22.09,22.24,30676664.0,734441947.0,145094795494.4
2025-04-15,002142,22.23,22.45,22.13,22.43,31399910.0,753514119.0,146334364340.8
2025-04-16,002142,22.34,22.9,22.32,22.83,38827800.0,941211166.0,148943982964.8
2025-04-17,002142,22.68,23.05,22.6,22.77,25060820.0,614530492.0,148552540171.2
2025-04-18,002142,22.76,22.98,22.67,22.9,19410385.0,476441299.0,149400666224.0
2025-04-21,002142,22.91,23.09,22.51,22.56,29625509.0,721817585.0,147182490393.6
2025-04-22,002142,22.59,22.95,22.55,22.69,36560842.0,891826273.0,148030616446.4
2025-04-23,002142,22.75,22.99,22.58,22.79,22861255.0,561058969.0,148683021102.4
2025-04-24,002142,22.77,23.24,22.77,23.12,22225229.0,551325792.0,150835956467.2
2025-04-25,002142,23.19,23.22,22.91,23.03,16841435.0,417091950.0,150248792276.80002
2025-04-28,002142,22.96,23.36,22.94,23.24,21637329.0,538603496.0,151618842054.4
2025-04-29,002142,23.06,23.07,22.54,22.58,51214377.0,1247987684.0,147312971324.8
2025-04-30,002142,22.65,22.67,22.21,22.25,37644538.0,901945866.0,145160035960.0
2025-05-06,002142,22.34,22.4,22.13,22.37,28945160.0,692622337.0,145942921547.2
2025-05-07,002142,22.53,22.73,22.53,22.6,30454721.0,739263819.0,147443452256.0
2025-05-08,002142,22.51,23.33,22.5,23.25,54998629.0,1362567049.0,151684082520.0
2025-05-09,002142,23.33,23.79,23.23,23.52,50216579.0,1273260456.0,153445575091.2
2025-05-12,002142,23.52,23.89,23.46,23.57,35889600.0,911774618.0,153771777419.2
2025-05-13,002142,23.65,23.85,23.47,23.72,31245839.0,795463077.0,154751078213.19998
2025-05-14,002142,23.71,24.53,23.69,24.5,53287936.0,1387934065.0,159839857345.0
2025-05-15,002142,24.52,24.67,24.39,24.4,28904678.0,761637210.0,159187449764.0
2025-05-16,002142,24.36,24.55,24.08,24.42,32353914.0,845166375.0,161169432627.72
2025-05-19,002142,24.42,24.6,24.11,24.19,28963173.0,757021141.0,159651456808.53998
2025-05-20,002142,24.26,24.65,24.25,24.55,26478342.0,698014975.0,162027418960.3
2025-05-21,002142,24.55,25.42,24.55,25.28,43064147.0,1164381106.0,166845342212.47998
2025-05-22,002142,25.28,25.46,25.14,25.24,27552879.0,747701029.0,166581346417.83997
2025-05-23,002142,25.25,25.6,25.11,25.17,27460712.0,746944776.0,166119353777.22
2025-05-26,002142,25.14,25.4,25.02,25.19,22874795.0,619383099.0,166251351674.53998
2025-05-27,002142,25.29,25.41,24.99,25.07,21425755.0,579137337.0,165459364290.61996
2025-05-28,002142,25.04,25.21,24.72,24.93,25512106.0,683326052.0,164535379009.37997
2025-05-29,002142,24.97,25.02,24.54,24.67,31461614.0,834519253.0,162819406344.22
2025-05-30,002142,24.69,25.03,24.56,24.87,30685014.0,818886557.0,164139385317.41998
2025-06-03,002142,24.87,25.49,24.79,25.34,34990821.0,947419251.0,167241335904.43997
2025-06-04,002142,25.42,25.54,24.96,24.96,28436061.0,766916261.0,164733375855.36
2025-06-05,002142,25.07,25.12,24.74,24.8,16143460.0,431694750.0,163677392676.8
2025-06-06,002142,24.87,24.95,24.69,24.78,15676675.0,417632693.0,163545394779.47998
2025-06-09,002142,24.79,24.84,24.57,24.72,17670973.0,468527819.0,163149401087.51996
2025-06-10,002142,24.7,25.21,24.67,24.76,26552034.0,711524784.0,163413396882.15997
2025-06-11,002142,24.75,25.07,24.67,25.01,29591684.0,791218324.0,165063370598.65997
2025-06-12,002142,25.0,25.23,24.93,25.19,18909729.0,510194119.0,166251351674.53998
2025-06-13,002142,25.14,25.24,24.72,24.77,24389316.0,652009685.0,163479395830.81998
2025-06-16,002142,24.76,24.89,24.57,24.89,20153669.0,535687191.0,164271383214.74
2025-06-17,002142,24.9,25.02,24.74,24.77,16374077.0,437260176.0,163479395830.81998
2025-06-18,002142,24.81,24.92,24.64,24.88,16829061.0,448549792.0,164205384266.07996
2025-06-19,002142,24.84,25.01,24.64,24.71,22016055.0,585788556.0,163083402138.86
2025-06-20,002142,24.77,25.17,24.67,24.9,38870964.0,1040456433.0,164337382163.39996
2025-06-23,002142,24.89,25.02,24.46,25.01,34123511.0,908542021.0,165063370598.65997
2025-06-24,002142,25.0,25.69,24.95,25.35,41543533.0,1132446299.0,167307334853.09998
2025-06-25,002142,25.36,26.22,25.36,26.11,51963461.0,1446601765.0,172323254951.25998
2025-06-26,002142,26.25,26.83,26.25,26.64,45720009.0,1306337395.0,175821199230.24
2025-06-27,002142,26.64,26.76,25.79,25.91,48740226.0,1376933825.0,171003275978.05997
2025-06-30,002142,25.85,25.9,25.32,25.47,41971562.0,1148921985.0,168099131212.01996
2025-07-01,002142,25.47,26.15,25.43,25.91,33303520.0,925002676.0,171003081653.05997
2025-07-02,002142,25.97,26.57,25.91,26.44,31093103.0,880272594.0,174501021957.03998
2025-07-03,002142,26.49,26.54,26.19,26.29,17706248.0,501158975.0,173511038852.13998
2025-07-04,002142,26.3,26.76,26.22,26.52,24133054.0,687462675.0,175029012946.31998
2025-07-07,002142,26.46,26.58,26.07,26.25,26344251.0,742864620.0,173247043357.49997
2025-07-08,002142,26.2,26.34,25.97,26.13,22664400.0,635889865.0,172455056873.57996
2025-07-09,002142,26.07,26.43,26.07,26.16,19650140.0,553119085.0,172653053494.55997
2025-07-10,002142,26.16,27.0,26.12,26.83,43701017.0,1250732254.0,177074978029.77997
2025-07-11,002142,26.98,27.06,26.22,26.27,40457066.0,1155286969.0,173379041104.81998
2025-07-14,002142,26.18,26.62,26.09,26.14,32439549.0,916542147.0,172521055747.24
2025-07-15,002142,26.19,26.33,25.8,25.98,26440859.0,739938012.0,171465073768.68
2025-07-16,002142,26.06,26.12,25.56,25.75,29374640.0,786223046.0,169947099674.49997
2025-07-17,002142,25.76,25.87,25.58,25.67,18516546.0,494500784.0,169419108685.22
2025-07-18,002142,25.78,26.15,25.65,25.95,25974768.0,699846488.0,171267077147.69998
2025-07-21,002142,25.96,26.33,25.88,26.29,34284339.0,933399172.0,173511038852.13998
2025-07-22,002142,26.31,26.49,25.85,26.44,35728208.0,973418899.0,174501021957.03998
2025-07-23,002142,26.22,26.8,26.22,26.51,28799431.0,797241745.0,174963014072.65997
2025-07-24,002142,26.52,26.56,26.07,26.2,25955851.0,708193809.0,172917048989.19998
2025-07-25,002142,26.8,27.99,26.8,27.84,83392687.0,2395594592.0,183740864269.43997
2025-07-28,002142,27.73,28.45,27.64,28.23,43191351.0,1263417178.0,186314820342.17996
2025-07-29,002142,28.19,28.5,27.7,27.83,27675929.0,803827356.0,183674865395.77997
2025-07-30,002142,27.9,28.16,27.37,27.5,37974039.0,1093089776.0,181496902564.99997
2025-07-31,002142,27.61,27.67,26.69,26.81,52255089.0,1464928405.0,176942980282.45996
2025-08-01,002142,26.91,27.56,26.86,27.4,40152158.0,1138498291.0,180836913828.39996
2025-08-04,002142,27.21,27.57,27.09,27.15,27467136.0,778117326.0,179186941986.89996
2025-08-05,002142,27.17,27.42,27.16,27.41,25052579.0,711112604.0,180902912702.05997
2025-08-06,002142,27.41,27.88,27.23,27.82,29729660.0,857490334.0,183608866522.11996
2025-08-07,002142,27.7,28.02,27.43,27.84,22333130.0,645502975.0,183740864269.43997
2025-08-08,002142,27.84,28.05,27.49,27.62,18466648.0,531682292.0,182288889048.91998
2025-08-11,002142,27.63,27.69,27.17,27.2,22434036.0,635948075.0,179516936355.19998
2025-08-12,002142,27.23,27.47,27.22,27.41,17672336.0,502806010.0,180902912702.05997
2025-08-13,002142,27.37,27.5,26.99,27.11,27615688.0,780129219.0,178922946492.25998
2025-08-14,002142,27.03,27.36,26.99,27.07,25322985.0,714639178.0,178658950997.61996
2025-08-15,002142,27.08,27.15,26.56,27.03,46919193.0,1306141466.0,178394955502.97998
2025-08-18,002142,26.94,27.11,26.62,26.94,55484605.0,1548555373.0,177800965640.03998
2025-08-19,002142,26.9,26.92,26.62,26.7,32406873.0,900390205.0,176216992672.19998
2025-08-20,002142,26.63,27.03,26.63,26.82,26590989.0,742305921.0,177008979156.11996
2025-08-21,002142,26.84,27.14,26.76,27.09,30001096.0,842173210.0,178790948744.93997
2025-08-22,002142,27.05,27.06,26.61,26.86,40838289.0,1135298014.0,177272974650.75998
2025-08-25,002142,26.76,27.63,26.71,27.49,55584290.0,1579545043.0,181430903691.33997
2025-08-26,002142,27.51,27.54,27.2,27.26,24833419.0,705186707.0,179912929597.15997
2025-08-27,002142,27.26,27.41,26.89,26.92,28610136.0,807341710.0,177668967892.71997
2025-08-28,002142,26.93,27.21,26.76,27.21,27268897.0,765131119.0,179582935228.86
2025-08-29,002142,27.23,27.57,26.91,27.15,41936353.0,1188156514.0,179186941986.89996
2025-09-01,002142,26.94,27.5,26.84,27.44,48931771.0,1385702835.0,181100909323.03998
2025-09-02,002142,27.22,27.92,27.22,27.88,52354237.0,1510010896.0,184004859764.07996
2025-09-03,002142,27.74,27.83,27.03,27.13,29812331.0,849159661.0,179054944239.57996
2025-09-04,002142,27.04,27.27,26.68,27.17,32701110.0,915812558.0,179318939734.21997
2025-09-05,002142,27.11,27.69,26.89,27.64,36534605.0,1039529375.0,182420886796.24
2025-09-08,002142,27.61,27.99,27.44,27.59,37976236.0,1094199251.0,182090892427.93997
2025-09-09,002142,27.53,28.32,27.46,28.2,37847373.0,1103864187.0,186116823721.19998
2025-09-10,002142,28.07,28.2,27.6,27.64,31750916.0,916804484.0,182420886796.24
2025-09-11,002142,27.47,27.74,27.27,27.61,32093891.0,915377891.0,182222890175.25998
2025-09-12,002142,27.49,27.61,27.03,27.12,42875492.0,1216238596.0,178988945365.91998
2025-09-15,002142,26.91,27.07,26.67,26.78,39875128.0,1112530922.0,176744983661.47998
2025-09-16,002142,26.78,26.82,26.21,26.27,46775073.0,1281912012.0,173379041104.81998
2025-09-17,002142,26.28,26.38,25.97,26.0,37128941.0,1008329175.0,171597071515.99997
2025-09-18,002142,26.03,26.25,25.58,25.76,48267982.0,1293691076.0,170013098548.15997
2025-09-19,002142,25.61,25.81,25.31,25.73,41834854.0,1113082051.0,169815101927.18
2025-09-22,002142,25.62,25.63,25.22,25.35,38577498.0,1017330329.0,167307144728.09998
2025-09-23,002142,25.35,25.88,25.19,25.48,50471997.0,1343295993.0,168165130085.68
2025-09-24,002142,25.4,25.72,25.35,25.54,27471897.0,728552328.0,168561123327.63998
2025-09-25,002142,25.5,25.61,25.26,25.37,29425202.0,777211874.0,167439142475.41998
2025-09-26,002142,25.34,25.41,24.92,25.37,48622785.0,1269763684.0,167439142475.41998
2025-09-29,002142,25.27,25.95,25.14,25.69,50135012.0,1334298314.0,169551106432.53998
2025-09-30,002142,25.65,25.75,25.29,25.42,29832031.0,787961389.0,167769136843.72
2025-10-09,002142,25.3,25.33,25.03,25.18,39181135.0,1023579494.0,166185163875.87997
2025-10-10,002142,25.16,25.55,25.12,25.39,40855071.0,1079210865.0,167571140222.74
2025-10-13,002142,25.18,25.71,25.06,25.57,44577756.0,1179068403.0,168759119948.61996
2025-10-14,002142,25.5,26.23,25.37,26.07,61142909.0,1648736010.0,172059063631.61996
2025-10-15,002142,25.96,26.21,25.83,26.14,34862055.0,942028348.0,172521055747.24
2025-10-16,002142,26.15,26.47,26.01,26.36,38619982.0,1054180991.0,173973030967.75998
2025-10-17,002142,26.24,26.79,26.21,26.41,45332343.0,1250890114.0,174303025336.05997
2025-10-20,002142,26.35,26.42,25.96,26.37,28446725.0,775528189.0,174039029841.41998
2025-10-21,002142,26.33,26.67,26.29,26.43,35429873.0,975341898.0,174435023083.37997
2025-10-22,002142,26.41,26.78,26.17,26.43,24323294.0,671701076.0,174435023083.37997
2025-10-23,002142,26.43,27.0,26.42,26.89,41241309.0,1146380157.0,177470971271.74
2025-10-24,002142,26.79,26.98,26.63,26.7,23984475.0,668056227.0,176216992672.19998
2025-10-27,002142,26.67,26.79,26.38,26.7,29685766.0,822457746.0,176216992672.19998
2025-10-28,002142,26.79,26.94,26.48,26.69,28612375.0,794027594.0,176150993798.53998
2025-10-29,002142,26.63,26.9,26.41,26.55,30080402.0,831003332.0,175227009567.3
2025-10-30,002142,26.56,27.21,26.56,26.67,53636789.0,1500980525.0,176018996051.21997
2025-10-31,002142,26.91,27.32,26.69,27.26,50644125.0,1427772147.0,179912929597.15997
2025-11-03,002142,27.16,27.73,27.06,27.65,36627557.0,1047854862.0,182486885669.89996
2025-11-04,002142,27.61,28.01,27.51,27.75,30956143.0,895353947.0,183146874406.49997
2025-11-05,002142,27.8,28.22,27.51,27.98,30681986.0,894172128.0,184664848500.67996
2025-11-06,002142,28.06,28.36,27.8,28.05,34353178.0,1004222876.0,185126840616.3
2025-11-07,002142,28.17,28.45,28.02,28.2,29727478.0,875349559.0,186116823721.19998
2025-11-10,002142,28.19,28.51,27.98,28.26,20986304.0,618000122.0,186512816963.15997
2025-11-11,002142,28.18,28.47,28.11,28.28,21451356.0,632311700.0,186644814710.47998
2025-11-12,002142,28.43,28.56,28.08,28.21,22135924.0,651843407.0,186182822594.86
2025-11-13,002142,28.24,28.67,28.06,28.66,26816349.0,791567174.0,189152771909.55997
2025-11-14,002142,28.62,29.07,28.47,28.49,25932643.0,776389254.0,188030791057.33997
2025-11-17,002142,28.38,28.66,27.55,27.7,34645945.0,1007031216.0,182816880038.19998
2025-11-18,002142,27.61,27.95,27.54,27.61,18960253.0,546341085.0,182222890175.25998
2025-11-19,002142,27.63,27.98,27.63,27.85,18926766.0,547821762.0,183806863143.09998
2025-11-20,002142,27.9,28.33,27.81,27.9,21750554.0,634522382.0,184136857511.39996
2025-11-21,002142,27.81,28.15,27.59,27.7,27950630.0,808009566.0,182816880038.19998
2025-11-24,002142,27.7,27.87,27.32,27.57,26000564.0,745046274.0,181958894680.61996
2025-11-25,002142,27.39,27.75,27.32,27.69,25589309.0,732741843.0,182750881164.53998
2025-11-26,002142,27.62,27.84,27.49,27.49,18610108.0,535647920.0,181430903691.33997
2025-11-27,002142,27.58,27.59,27.09,27.44,21393191.0,608408848.0,181100909323.03998
2025-11-28,002142,27.48,27.54,27.25,27.29,19557148.0,556720653.0,180110926218.13995
2025-12-01,002142,27.3,27.8,27.21,27.74,22292447.0,638464520.0,183080875532.83997
2025-12-02,002142,27.72,27.88,27.4,27.55,14114773.0,405018653.0,181826896933.3
2025-12-03,002142,27.48,27.77,27.27,27.35,17703795.0,506333126.0,180506919460.09998
2025-12-04,002142,27.42,27.47,27.19,27.39,12093425.0,343623730.0,180770914954.74
2025-12-05,002142,27.37,27.47,26.96,27.16,21480978.0,606306207.0,179252940860.55997
2025-12-08,002142,27.16,27.38,26.98,27.11,23548352.0,664922078.0,178922946492.25998
2025-12-09,002142,27.13,27.24,26.96,27.11,16723188.0,470851366.0,178922946492.25998
2025-12-10,002142,27.03,27.18,26.63,26.93,29201150.0,815894665.0,177734966766.37997
2025-12-11,002142,26.83,27.03,26.66,26.73,19406528.0,542086409.0,176414989293.17996
2025-12-12,002142,26.74,26.79,26.5,26.67,21541150.0,596364444.0,176018996051.21997
2025-12-15,002142,26.56,27.49,26.51,27.18,28636730.0,808364213.0,179384938607.87997
2025-12-16,002142,27.21,27.44,26.91,27.18,18927753.0,533254875.0,179384938607.87997
2025-12-17,002142,27.17,27.42,26.93,27.24,17219403.0,481153375.0,179780931849.83997
2025-12-18,002142,27.24,28.11,27.24,27.98,25328118.0,722524498.0,184664848500.67996
2025-12-19,002142,27.8,28.25,27.74,27.96,19809146.0,571270563.0,184532850753.36
2025-12-22,002142,27.89,27.95,27.54,27.8,16293898.0,465751564.0,183476868774.8
2025-12-23,002142,27.83,28.08,27.63,27.82,19120724.0,546814672.0,183608866522.11996
2025-12-24,002142,27.82,28.02,27.43,27.58,22495927.0,638681834.0,182024893554.27997
2025-12-25,002142,27.61,27.86,27.43,27.53,18819424.0,533860290.0,181694899185.97998
2025-12-26,002142,27.61,27.62,27.13,27.22,24431956.0,686565609.0,179648934102.51996
2025-12-29,002142,27.21,27.31,26.95,27.28,22014405.0,615367872.0,180044927344.47998
2025-12-30,002142,27.22,27.47,27.08,27.4,18224731.0,511423314.0,180836913828.39996
2025-12-31,002142,27.27,27.42,27.16,27.31,17624444.0,494581200.0,180230764870.71
2026-01-05,002142,27.4,27.51,27.19,27.37,27171969.0,763958428.0,180626731399.17
2026-01-06,002142,27.37,28.13,27.14,28.08,53748647.0,1530907097.0,185312335319.28
2026-01-07,002142,28.08,28.61,27.9,28.31,41107135.0,1196272616.0,186830207011.71
2026-01-08,002142,28.31,28.33,27.82,27.89,29447456.0,848916700.0,184058441312.49
2026-01-09,002142,27.89,27.98,27.23,27.37,42229523.0,1191273574.0,180626731399.17
2026-01-12,002142,27.34,27.42,27.13,27.29,34029730.0,954701376.0,180098776027.88998
2026-01-13,002142,27.28,28.8,27.16,28.45,65538875.0,1903846971.0,187754128911.44998
2026-01-14,002142,28.45,28.45,27.93,28.1,39458561.0,1142422274.0,185444324162.1
2026-01-15,002142,28.1,28.28,27.9,28.01,28500831.0,823820851.0,184850374369.41
2026-01-16,002142,28.0,28.77,28.0,28.49,58951668.0,1722617780.0,188018106597.09
2026-01-19,002142,28.3,28.3,27.48,27.62,43120844.0,1235589494.0,182276591934.42
2026-01-20,002142,27.62,27.91,27.49,27.76,35950501.0,1024422638.0,183200513834.16
2026-01-21,002142,27.97,28.27,27.66,28.08,43227919.0,1246183619.0,185312335319.28
2026-01-22,002142,28.16,29.12,27.9,28.68,50660537.0,1497575947.0,189272000603.88
2026-01-23,002142,28.7,28.85,28.04,28.18,46143710.0,1340963798.0,185972279533.38
2026-01-26,002142,28.18,29.93,28.04,29.45,77887188.0,2356425365.0,194353571052.44998
2026-01-27,002142,29.38,29.9,29.03,29.7,50722973.0,1544508070.0,196003431587.69998
2026-01-28,002142,29.56,29.67,29.06,29.17,45292222.0,1364378906.0,192505727252.97
2026-01-29,002142,29.32,30.33,29.14,30.2,44401236.0,1359467262.0,199303152658.19998
2026-01-30,002142,30.27,30.46,29.79,30.09,40049495.0,1242302056.0,198577214022.69
2026-02-02,002142,29.95,30.52,29.62,29.68,44331252.0,1369466400.0,195871442744.88
2026-02-03,002142,29.67,30.16,29.5,29.85,35294611.0,1079439089.0,196993347908.85
2026-02-04,002142,29.75,30.97,29.7,30.82,36535672.0,1153275026.0,203394806785.62
2026-02-05,002142,30.83,31.89,30.81,31.63,53615737.0,1737886723.0,208740354919.83
2026-02-06,002142,31.64,32.01,31.24,31.38,33006502.0,1069021679.0,207090494384.58
2026-02-09,002142,31.31,31.99,31.16,31.71,30751350.0,1001178255.0,209268310291.11002
2026-02-10,002142,31.63,31.76,31.31,31.4,20752561.0,672083638.0,207222483227.4
2026-02-11,002142,31.11,31.4,30.8,31.06,32819270.0,1047933740.0,204978672899.46
2026-02-12,002142,30.96,31.05,30.41,30.5,28410509.0,895652475.0,201282985300.5
2026-02-13,002142,30.46,30.66,30.29,30.34,15102698.0,472340061.0,200227074557.94
2026-02-24,002142,30.57,30.6,30.1,30.33,20486025.0,639293541.0,200161080136.53
2026-02-25,002142,30.37,30.47,29.92,30.1,17574800.0,545151018.0,198643208444.1
2026-02-26,002142,30.18,30.42,29.95,30.12,14060952.0,435517259.0,198775197286.92
2026-02-27,002142,30.04,30.78,30.0,30.42,28987898.0,910675415.0,200755029929.22
2026-03-02,002142,30.39,31.68,30.24,31.4,33550979.0,1078515194.0,207222483227.4
2026-03-03,002142,31.46,31.57,31.02,31.25,29274328.0,941416005.0,206232566906.25
2026-03-04,002142,31.11,31.3,30.73,31.06,24860927.0,792918103.0,204978672899.46
2026-03-05,002142,31.08,31.16,30.64,30.82,19191003.0,607549012.0,203394806785.62
2026-03-06,002142,30.76,30.94,30.35,30.82,19390837.0,611031340.0,203394806785.62
2026-03-09,002142,30.7,31.01,30.49,30.55,20297501.0,641949713.0,201612957407.55002
2026-03-10,002142,30.54,30.82,30.18,30.69,13417991.0,422140687.0,202536879307.29
2026-03-11,002142,30.66,30.7,29.99,30.29,20205909.0,627515517.0,199897102450.88998
2026-03-12,002142,30.24,30.69,30.14,30.59,15918331.0,498643506.0,201876935093.19
2026-03-13,002142,30.44,30.63,29.98,30.29,21371583.0,665844105.0,199897102450.88998
2026-03-16,002142,30.17,30.58,30.03,30.27,19190410.0,597659620.0,199765113608.07
2026-03-17,002142,30.26,30.71,30.07,30.09,18215429.0,568975805.0,198577214022.69
2026-03-18,002142,30.05,30.09,28.99,29.51,38971710.0,1180311780.0,194749537580.91
2026-03-19,002142,29.44,29.74,29.28,29.36,22994094.0,697387175.0,193759621259.76
2026-03-20,002142,29.36,29.92,29.23,29.73,25128799.0,766534468.0,196201414851.93
2026-03-23,002142,29.43,29.5,28.49,28.67,34374342.0,1021455771.0,189206006182.47
2026-03-24,002142,28.86,29.38,28.71,29.2,21426967.0,642963955.0,192703710517.19998
2026-03-25,002142,29.34,29.55,28.95,29.51,12005083.0,362131666.0,194749537580.91
2026-03-26,002142,29.5,29.85,29.46,29.58,13886225.0,423693209.0,195211498530.78
2026-03-27,002142,29.47,29.78,29.22,29.27,13668319.0,413033258.0,193165671467.07
2026-03-30,002142,29.08,29.47,28.99,29.29,13887525.0,417904005.0,193297660309.88998
2026-03-31,002142,29.27,30.12,29.23,29.61,26279720.0,804284519.0,195409481795.01
2026-04-01,002142,29.75,30.08,29.57,29.78,14502886.0,445855363.0,196531386958.98
2026-04-02,002142,29.73,29.91,29.51,29.61,15108031.0,461169263.0,195409481795.01
2026-04-03,002142,29.62,29.65,29.01,29.22,13704601.0,411809354.0,192835699360.02
2026-04-07,002142,29.18,29.51,29.12,29.45,16799970.0,506837785.0,194353571052.44998
2026-04-08,002142,29.64,29.83,29.31,29.75,17623632.0,536683635.0,196333403694.75
2026-04-09,002142,29.62,29.69,29.26,29.27,16711131.0,504846400.0,193165671467.07
2026-04-10,002142,29.47,29.53,29.28,29.41,17527442.0,529936043.0,194089593366.81
2026-04-13,002142,29.31,29.66,29.13,29.66,16775505.0,507820137.0,195739453902.06
2026-04-14,002142,29.65,30.19,29.65,30.05,17052631.0,526049996.0,198313236337.05002
2026-04-15,002142,30.13,30.72,30.0,30.65,24776802.0,775994776.0,202272901621.65
2026-04-16,002142,30.64,30.94,30.36,30.43,16142890.0,507672964.0,200821024350.63
2026-04-17,002142,30.44,30.58,30.14,30.28,14443556.0,449545594.0,199831108029.48
2026-04-20,002142,30.27,31.59,30.14,31.52,30818949.0,989932962.0,208014416284.32
2026-04-21,002142,31.5,31.98,31.28,31.51,31466435.0,1020346086.0,207948421862.91
2026-04-22,002142,31.48,31.77,30.88,31.08,22281235.0,714438615.0,205110661742.28
2026-04-23,002142,31.11,31.26,30.86,31.13,20524110.0,656099607.0,205440633849.33
2026-04-24,002142,31.18,31.42,30.89,31.4,33218489.0,1066951497.0,207222483227.4
2026-04-27,002142,32.38,32.94,31.77,31.93,65187971.0,2161985483.0,210720187562.13
2026-04-28,002142,31.93,32.58,31.7,32.33,32139322.0,1067511399.0,213359964418.53
2026-04-29,002142,32.1,32.71,32.09,32.62,27858180.0,929755574.0,215273802639.41998
2026-04-30,002142,32.47,32.65,31.96,32.28,18840620.0,625490589.0,213029992311.48
2026-05-06,002142,32.18,32.24,31.54,31.86,31515842.0,1031257683.0,210258226612.26
2026-05-07,002142,31.76,31.94,31.46,31.56,19717384.0,640964767.0,208278393969.96
2026-05-08,002142,31.6,31.77,30.97,31.16,24328741.0,780659795.0,205638617113.56
2026-05-11,002142,30.97,31.79,30.97,31.77,25276993.0,818696252.0,209664276819.57
2026-05-12,002142,31.77,31.83,30.93,31.03,25499030.0,818447852.0,204780689635.23
2026-05-13,002142,31.03,31.45,31.02,31.16,21283637.0,683016732.0,205638617113.56
2026-05-14,002142,31.16,31.37,30.91,31.04,18603920.0,595510404.0,204846684056.63998
2026-05-15,002142,30.92,31.02,30.63,30.96,21029627.0,667579570.0,204318728685.36002
2026-05-18,002142,30.73,30.89,30.06,30.22,24204834.0,755847226.0,199435141501.02
2026-05-19,002142,30.22,30.93,30.16,30.56,18590679.0,584841978.0,201678951828.96
2026-05-20,002142,30.63,30.63,30.2,30.44,16975882.0,530823206.0,200887018772.04
2026-05-21,002142,30.43,30.99,30.38,30.66,23214939.0,735197705.0,202338896043.06
2026-05-22,002142,30.58,30.66,30.21,30.23,20654417.0,644452953.0,199501135922.43
2026-05-25,002142,30.21,30.52,29.95,30.06,21351867.0,663805712.0,198379230758.46
2026-05-26,002142,30.06,30.22,29.85,30.07,23377211.0,722075154.0,198445225179.87
2026-05-27,002142,30.1,30.14,29.68,29.83,15473227.0,475580483.0,196861359066.03
2026-05-28,002142,29.75,29.94,29.44,29.69,21522964.0,657163762.0,195937437166.29
2026-05-29,002142,29.65,30.78,29.5,30.17,33270201.0,1039050313.0,199105169393.97
2026-06-01,002142,30.39,30.56,30.04,30.54,30997500.0,966421937.0,201546962986.13998
2026-06-02,002142,30.61,30.87,30.23,30.72,29446513.0,925895921.0,202734862571.52
2026-06-03,002142,30.69,30.69,29.79,30.37,33658585.0,1045062470.0,200425057822.17
2026-06-04,002142,30.36,30.46,29.47,29.61,31732275.0,971337948.0,195409481795.01
2026-06-05,002142,29.65,30.09,29.56,29.71,16545709.0,508102763.0,196069426009.11002
2026-06-08,002142,29.63,30.35,29.51,30.15,34646282.0,1069811477.0,198973180551.15
2026-06-09,002142,29.96,31.55,29.95,31.4,43361093.0,1387963057.0,207222483227.4
2026-06-10,002142,31.4,32.08,31.18,31.79,39197499.0,1278245995.0,209796265662.38998
2026-06-11,002142,31.81,32.26,31.47,31.94,39367977.0,1290813259.0,210786181983.54
2026-06-12,002142,31.89,32.03,31.15,31.79,35310428.0,1150510655.0,209796265662.38998
2026-06-15,002142,31.7,31.9,31.04,31.21,31048424.0,1000648540.0,205968589220.61002
2026-06-16,002142,31.23,31.4,30.63,30.7,23001415.0,730455100.0,202602873728.69998
2026-06-17,002142,30.71,30.86,30.25,30.57,21543371.0,675913921.0,201744946250.37
2026-06-18,002142,30.63,30.71,29.88,29.93,41605295.0,1290543853.0,197521303280.13
2026-06-22,002142,29.81,30.42,29.37,29.96,38908746.0,1197836195.0,197719286544.36002
2026-06-23,002142,29.98,30.67,29.91,30.34,29447650.0,918721205.0,200227074557.94
2026-06-24,002142,30.16,30.29,29.75,30.0,37908211.0,1168974933.0,197983264230.0
2026-06-25,002142,29.84,30.69,29.81,29.94,35069164.0,1092423804.0,197587297701.54
2026-06-26,002142,30.0,30.63,29.93,30.27,33159722.0,1031740062.0,199765113608.07
2026-06-29,002142,30.27,30.39,29.61,29.91,34910331.0,1074997540.0,197389314437.31
2026-06-30,002142,29.85,29.91,28.69,28.87,54366395.0,1626541927.0,190525894610.67
2026-07-01,002142,29.02,29.38,28.48,29.09,34577312.0,1031958722.0,191977771881.69
2026-07-02,002142,29.11,30.13,29.06,29.56,54187365.0,1643970565.0,195079509687.96
2026-07-03,002142,29.56,30.15,29.27,29.45,29583451.0,901968725.0,194353571052.44998
2026-07-06,002142,29.35,30.0,29.26,29.86,31325130.0,958735534.0,197059342330.26
2026-07-07,002142,29.8,30.2,29.69,30.1,24476954.0,755617995.0,198643208444.1
2026-07-08,002142,29.95,30.47,29.83,30.08,28135907.0,873583336.0,198511219601.28
2026-07-09,002142,29.96,30.19,29.69,29.9,21479351.0,662027168.0,197323320015.9
2026-07-10,002142,29.98,30.04,29.63,29.85,20529453.0,630045374.0,196993347908.85
2026-07-13,002142,29.82,31.47,29.65,31.37,50820184.0,1613674258.0,207024499963.17
2026-07-14,002142,31.18,31.29,30.56,31.16,40585276.0,1290117892.0,205638617113.56
2026-07-15,002142,30.96,31.69,30.58,31.58,38311971.0,1232444666.0,208410382812.78
2026-07-16,002142,31.5,31.64,30.99,31.28,40559626.0,1269358623.0,206430550170.48
2026-07-17,002142,31.2,31.92,31.19,31.64,63196229.0,2002506028.0,208806349341.24
2026-07-20,002142,31.53,32.74,31.4,32.4,54822829.0,1762916574.0,213821925368.4
2026-07-21,002142,32.28,32.5,31.05,31.37,64634303.0,2045079854.0,207024499963.17
2026-07-22,002142,31.08,31.55,30.82,31.55,38808250.0,1211574841.0,208212399548.55002
2026-07-23,002142,31.31,32.05,31.04,31.85,30900773.0,980782811.0,210192232190.85
2026-07-24,002142,31.99,32.36,31.84,32.01,36315791.0,1168088236.0,211248142933.40997
2026-07-27,002142,31.96,32.18,31.4,31.89,25859367.0,821356726.0,210456209876.49
2026-07-28,002142,31.8,32.14,31.71,31.82,23765536.0,757461511.0,209994248926.62
2026-07-29,002142,31.88,32.28,31.8,31.92,27332437.0,873763612.0,210654193140.72
