date,ticker,open,high,low,close,volume,amount,market_cap
2021-01-04,002236,17.2,18.01,16.94,17.57,50984955.0,1036080109.0,32650012526.18
2021-01-05,002236,17.46,19.33,17.36,19.33,133241108.0,2924593664.0,35920588624.42
2021-01-06,002236,19.81,20.11,19.33,19.49,105837327.0,2419696275.0,36217913724.259995
2021-01-07,002236,19.43,20.01,19.33,19.94,78689241.0,1804064078.0,37054140567.560005
2021-01-08,002236,19.96,20.68,19.67,20.45,77823805.0,1818398197.0,38001864323.299995
2021-01-11,002236,20.45,20.98,19.73,19.83,106084118.0,2494725939.0,36849729561.42
2021-01-12,002236,19.83,20.68,19.73,20.29,71225340.0,1677712049.0,37704539223.46
2021-01-13,002236,20.46,21.42,20.44,20.7,69347971.0,1677114044.0,38466434791.799995
2021-01-14,002236,20.52,21.1,19.83,20.41,59217089.0,1408603357.0,37927533048.340004
2021-01-15,002236,20.43,20.69,20.08,20.41,42546956.0,1006295905.0,37927533048.340004
2021-01-18,002236,20.36,20.82,20.08,20.5,53167302.0,1264496593.0,38094778417.0
2021-01-19,002236,20.65,21.71,19.98,20.25,75330645.0,1807684229.0,37630207948.5
2021-01-20,002236,19.91,20.94,19.86,20.83,58629388.0,1395993128.0,38708011435.42
2021-01-21,002236,20.78,21.33,20.53,20.94,75302693.0,1833053239.0,38912422441.560005
2021-01-22,002236,21.2,22.27,21.11,21.37,103766139.0,2593943752.0,39711483647.380005
2021-01-25,002236,21.41,23.51,20.7,23.02,145447481.0,3777762837.0,42777648739.479996
2021-01-26,002236,22.59,23.18,22.32,22.74,96038873.0,2528047954.0,42257329814.759995
2021-01-27,002236,22.66,22.88,21.26,22.33,85709097.0,2190514208.0,41495434246.42
2021-01-28,002236,22.0,22.68,20.57,20.64,93785578.0,2329832533.0,38354937879.36
2021-01-29,002236,20.87,21.46,20.58,21.02,65769655.0,1603675266.0,39061084991.479996
2021-02-01,002236,20.78,22.06,20.78,21.53,60750680.0,1517180406.0,40008808747.22
2021-02-02,002236,21.47,22.01,21.02,21.43,54079442.0,1347234159.0,39822980559.82
2021-02-03,002236,21.52,21.77,19.62,19.77,115455945.0,2737508425.0,36738232648.979996
2021-02-04,002236,19.91,21.28,19.91,20.34,81064539.0,1929106004.0,37797453317.159996
2021-02-05,002236,20.52,20.52,19.24,19.32,73535510.0,1674273072.0,35902005805.68
2021-02-08,002236,19.4,19.56,18.87,19.0,48659228.0,1082218412.0,35307355606.0
2021-02-09,002236,19.2,20.14,19.1,19.92,52420805.0,1197392029.0,37016974930.08
2021-02-10,002236,19.83,20.37,19.51,20.08,48583321.0,1125996827.0,37314300029.92
2021-02-18,002236,20.55,20.78,19.66,19.77,53578953.0,1245276112.0,36738232648.979996
2021-02-19,002236,19.66,20.69,19.58,20.61,53414159.0,1259363448.0,38299189423.14
2021-02-22,002236,20.67,20.7,19.49,19.49,77012643.0,1773946083.0,36217913724.259995
2021-02-23,002236,19.39,19.63,19.13,19.24,44217733.0,989265569.0,35753343255.759995
2021-02-24,002236,19.39,19.41,18.47,18.75,50757163.0,1109553511.0,34842785137.5
2021-02-25,002236,18.89,18.95,18.29,18.38,35802178.0,773269555.0,34155220844.12
2021-02-26,002236,17.98,18.32,17.82,18.07,31287489.0,656189997.0,33579153463.18
2021-03-01,002236,18.48,19.62,18.35,19.49,63432749.0,1403269014.0,36217913724.259995
2021-03-02,002236,19.73,19.9,19.34,19.66,56990230.0,1298181611.0,36533821642.840004
2021-03-03,002236,19.58,20.07,19.3,19.98,40579785.0,931309025.0,37128471842.520004
2021-03-04,002236,19.84,19.95,19.37,19.45,30729584.0,697828641.0,36143582449.299995
2021-03-05,002236,19.25,20.5,18.99,20.27,55228638.0,1281085355.0,37667373585.979996
2021-03-08,002236,20.32,20.58,19.44,19.45,59910769.0,1385147936.0,36143582449.299995
2021-03-09,002236,19.4,20.06,18.43,19.19,48702752.0,1090969610.0,35660429162.060005
2021-03-10,002236,19.58,19.7,19.07,19.14,31543353.0,706212973.0,35567515068.36
2021-03-11,002236,19.17,19.41,18.82,19.26,32521359.0,723906599.0,35790508893.240005
2021-03-12,002236,19.23,19.23,18.33,18.49,51852415.0,1117355629.0,34359631850.26
2021-03-15,002236,18.14,18.46,17.94,18.41,32686979.0,691072194.0,34210969300.34
2021-03-16,002236,18.33,18.48,17.64,18.13,37406891.0,783135951.0,33690650375.62
2021-03-17,002236,18.13,18.58,17.91,18.29,22659935.0,480533355.0,33987975475.46
2021-03-18,002236,18.25,18.36,18.07,18.22,21882614.0,461921035.0,33857895744.28
2021-03-19,002236,18.02,19.01,17.96,18.49,43135168.0,930830633.0,34359631850.26
2021-03-22,002236,18.5,19.51,18.41,19.24,47216214.0,1043513317.0,35753343255.759995
2021-03-23,002236,19.24,19.56,18.9,19.11,31099342.0,691471744.0,35511766612.14
2021-03-24,002236,18.97,20.02,18.84,19.78,63768356.0,1453799532.0,36756815467.72
2021-03-25,002236,19.81,19.95,19.42,19.82,37416746.0,856004471.0,36831146742.68
2021-03-26,002236,20.02,21.19,19.88,20.85,70400537.0,1683405298.0,38745177072.9
2021-03-29,002236,20.85,21.28,20.53,20.87,72918237.0,1769248118.0,38782342710.380005
2021-03-30,002236,20.7,21.77,20.67,21.1,61868820.0,1530893837.0,39209747541.4
2021-03-31,002236,20.9,21.51,20.89,21.27,40948417.0,1009321991.0,39525655459.979996
2021-04-01,002236,21.13,21.77,20.97,21.65,43448213.0,1074752803.0,40231802572.1
2021-04-02,002236,21.65,21.65,21.25,21.42,31099271.0,772224938.0,41219368412.04
2021-04-06,002236,21.4,22.37,20.87,22.15,52791496.0,1334506217.0,42624136803.299995
2021-04-07,002236,21.84,22.46,21.77,22.21,42637929.0,1095449154.0,42739597219.020004
2021-04-08,002236,22.07,22.33,21.7,21.96,31662872.0,808086775.0,42258512153.520004
2021-04-09,002236,21.9,22.1,21.54,21.78,35053382.0,887279954.0,41912130906.36
2021-04-12,002236,21.89,22.0,20.87,21.07,50392766.0,1243363511.0,40545849320.340004
2021-04-13,002236,21.14,21.42,20.93,21.13,26641553.0,653443449.0,40661309736.06
2021-04-14,002236,21.13,21.33,20.66,21.14,27730226.0,678869073.0,40680553138.68
2021-04-15,002236,20.97,21.03,20.26,20.62,46031483.0,1097867855.0,40268989394.840004
2021-04-16,002236,20.74,20.98,20.35,20.78,29835515.0,716545284.0,40581454879.96
2021-04-19,002236,21.07,22.86,21.04,22.33,105578278.0,2720431705.0,43608464267.06
2021-04-20,002236,22.08,22.32,21.95,22.07,48546460.0,1243962502.0,43100707853.74
2021-04-21,002236,22.02,22.32,21.82,21.96,32421605.0,828573094.0,42885887832.72
2021-04-22,002236,21.96,22.42,21.86,22.14,42833582.0,1100827052.0,43237411503.48
2021-04-23,002236,21.31,21.39,20.48,20.68,111068059.0,2690579919.0,40386163951.76
2021-04-26,002236,20.77,21.01,20.15,20.84,66513195.0,1586049409.0,40698629436.88
2021-04-27,002236,20.69,20.72,19.75,20.17,41738011.0,975793363.0,39390180217.94
2021-04-28,002236,20.18,20.74,19.84,20.61,35133457.0,827821522.0,40249460302.02
2021-04-29,002236,20.58,20.94,20.41,20.52,29770744.0,713843476.0,40073698466.64
2021-04-30,002236,20.52,20.65,20.16,20.23,20925656.0,494545323.0,39507354774.86
2021-05-06,002236,20.13,20.3,19.86,19.94,21114909.0,491104107.0,38941011083.08
2021-05-07,002236,19.96,20.08,19.36,19.39,27197477.0,622981136.0,37866910977.98
2021-05-10,002236,19.37,19.74,19.16,19.62,19252092.0,436544256.0,38316080112.840004
2021-05-11,002236,19.48,20.17,19.35,20.05,23089141.0,529790371.0,39155831104.1
2021-05-12,002236,19.98,20.38,19.76,20.32,24355017.0,561039763.0,39683116610.24
2021-05-13,002236,20.07,20.18,19.47,19.6,22988968.0,522331360.0,38277021927.200005
2021-05-14,002236,19.63,20.22,19.48,20.2,21324365.0,486737779.0,39448767496.4
2021-05-17,002236,20.28,20.38,20.07,20.15,22764127.0,527046595.0,39351122032.299995
2021-05-18,002236,20.2,20.24,19.73,19.86,22252325.0,507367015.0,38784778340.52
2021-05-19,002236,19.83,20.02,19.73,19.73,15177435.0,344842330.0,38530900133.86
2021-05-20,002236,19.79,20.13,19.73,19.93,20124227.0,460015578.0,38921481990.26
2021-05-21,002236,19.99,20.2,19.45,19.54,22872197.0,515258555.0,38159847370.28
2021-05-24,002236,19.51,19.77,19.06,19.75,22140416.0,493954568.0,38569958319.5
2021-05-25,002236,19.72,20.32,19.59,20.25,31729010.0,730995942.0,39546412960.5
2021-05-26,002236,20.41,21.02,20.26,20.64,34715215.0,824808249.0,40308047580.48
2021-05-27,002236,20.55,20.82,20.48,20.55,21189579.0,500799526.0,40132285745.1
2021-05-28,002236,20.56,20.94,20.28,20.49,21897269.0,516973658.0,40015111188.18
2021-05-31,002236,20.66,20.77,20.07,20.18,29211496.0,679505611.0,39409709310.76
2021-06-01,002236,20.2,20.27,19.63,19.71,40343605.0,916457229.0,38491841948.22
2021-06-02,002236,19.71,19.83,19.37,19.45,24787830.0,555490547.0,37984085534.9
2021-06-03,002236,19.52,19.58,19.3,19.35,22814516.0,507986714.0,37788794606.700005
2021-06-04,002236,19.17,19.54,19.14,19.36,17934319.0,397951766.0,37808323699.52
2021-06-07,002236,19.41,19.56,19.25,19.56,20325287.0,451576868.0,38198905555.92
2021-06-08,002236,19.45,19.5,18.67,18.76,48344595.0,1051161457.0,36636578130.32
2021-06-09,002236,18.76,18.88,18.54,18.59,24077244.0,515123453.0,36304583552.38
2021-06-10,002236,18.59,18.87,18.55,18.67,20183621.0,433010638.0,36460816294.94
2021-06-11,002236,18.83,18.96,18.41,18.53,24080335.0,514790998.0,36187408995.46
2021-06-15,002236,18.55,18.8,18.06,18.74,29556942.0,623481263.0,36597519944.68
2021-06-16,002236,18.74,18.92,18.36,18.43,20232532.0,433154554.0,35992118067.26
2021-06-17,002236,18.44,18.61,18.22,18.59,19020447.0,402130728.0,36304583552.38
2021-06-18,002236,18.59,19.32,18.29,19.09,30135612.0,655848487.0,37281038193.38
2021-06-21,002236,19.11,19.11,18.72,18.84,22906228.0,495513901.0,36792810872.88
2021-06-22,002236,18.95,19.51,18.64,19.44,38800192.0,852603645.0,37964556442.08
2021-06-23,002236,19.43,19.43,19.15,19.25,24160065.0,533828277.0,37593503678.5
2021-06-24,002236,19.25,19.41,18.93,19.35,25491343.0,561093998.0,37788794606.700005
2021-06-25,002236,19.35,19.35,18.93,18.97,31867404.0,695776511.0,37046689079.54
2021-06-28,002236,18.81,18.9,18.33,18.45,35917113.0,763939409.0,36031176252.9
2021-06-29,002236,18.46,18.64,18.14,18.23,28566012.0,599937771.0,35601536210.86
2021-06-30,002236,18.23,18.49,18.18,18.41,19638599.0,412885683.0,35953059881.62
2021-07-01,002236,18.41,18.49,18.09,18.13,18646873.0,389312001.0,35406245282.659996
2021-07-02,002236,18.31,18.31,17.72,17.74,19425234.0,397889107.0,34644610662.68
2021-07-05,002236,17.69,17.98,17.45,17.52,25651683.0,517590296.0,34214970620.64
2021-07-06,002236,17.6,17.69,17.34,17.66,18258972.0,367219154.0,34488377920.12
2021-07-07,002236,17.59,18.26,17.54,18.1,29315242.0,605001714.0,35347658004.200005
2021-07-08,002236,18.1,18.1,17.77,17.93,22115402.0,453048445.0,35015663426.26
2021-07-09,002236,17.88,18.01,17.63,17.9,19919194.0,406172636.0,34966046840.200005
2021-07-12,002236,18.02,18.19,17.91,18.02,24150291.0,498807659.0,35200456092.76
2021-07-13,002236,18.06,18.06,17.72,17.85,23272611.0,475620602.0,34868376318.30001
2021-07-14,002236,17.81,18.1,17.58,17.91,22450222.0,458013959.0,34985580944.58
2021-07-15,002236,17.84,18.25,17.67,18.2,29409152.0,608275809.0,35552069971.600006
2021-07-16,002236,18.24,19.97,18.15,19.46,90762276.0,2002248958.0,38013367123.48
2021-07-19,002236,19.19,19.54,19.01,19.19,35946337.0,792007895.0,37485946305.22001
2021-07-20,002236,19.05,19.87,18.87,19.76,46484748.0,1042884499.0,38599390254.880005
2021-07-21,002236,19.76,20.19,19.59,20.07,46834160.0,1073589600.0,39204947490.66
2021-07-22,002236,20.04,20.09,19.59,19.59,33512949.0,759278027.0,38267310480.420006
2021-07-23,002236,19.58,19.92,19.32,19.59,30309911.0,682804925.0,38267310480.420006
2021-07-26,002236,19.79,20.0,18.51,18.84,46834594.0,1024465555.0,36802252651.920006
2021-07-27,002236,18.86,18.91,18.02,18.09,34307469.0,725793735.0,35337194823.420006
2021-07-28,002236,17.89,18.48,17.67,18.02,32137091.0,664401818.0,35200456092.76
2021-07-29,002236,18.29,18.49,18.13,18.29,22950751.0,481845220.0,35727876911.020004
2021-07-30,002236,18.12,18.54,17.78,18.43,26755110.0,555581509.0,36001354372.340004
2021-08-02,002236,18.27,18.83,18.07,18.77,25798382.0,550860357.0,36665513921.26
2021-08-03,002236,18.63,19.04,18.52,18.68,26153788.0,560427825.0,36489706981.840004
2021-08-04,002236,18.53,18.78,18.41,18.63,22279487.0,474947927.0,36392036459.94
2021-08-05,002236,18.58,18.58,18.15,18.15,24753137.0,519773936.0,35454399449.700005
2021-08-06,002236,18.15,18.44,18.09,18.36,14502268.0,303742411.0,35864615641.68
2021-08-09,002236,18.26,18.76,18.08,18.54,22487387.0,474700897.0,36216229520.520004
2021-08-10,002236,18.36,18.51,18.29,18.44,17935759.0,378247051.0,36020888476.72001
2021-08-11,002236,18.41,18.55,18.29,18.32,17376007.0,365591333.0,35786479224.16
2021-08-12,002236,18.32,18.43,17.97,17.98,23174199.0,481519844.0,35122319675.240005
2021-08-13,002236,17.99,18.07,17.73,17.85,19187671.0,392914205.0,34868376318.30001
2021-08-16,002236,17.82,18.36,17.81,18.08,19695579.0,409271035.0,35317660719.04
2021-08-17,002236,18.01,18.19,17.74,17.8,17062453.0,351197404.0,34770705796.40001
2021-08-18,002236,17.8,17.85,17.55,17.69,19044464.0,385679125.0,34555830648.22001
2021-08-19,002236,17.71,17.97,17.52,17.88,15174695.0,309331882.0,34926978631.44
2021-08-20,002236,17.9,18.6,17.9,18.38,39247084.0,825221909.0,35903683850.44
2021-08-23,002236,18.32,19.61,18.15,19.31,66114623.0,1458843138.0,37720355557.78
2021-08-24,002236,19.51,19.61,19.17,19.34,29034344.0,643768599.0,37778957870.920006
2021-08-25,002236,19.26,20.03,19.26,19.54,34590949.0,779798886.0,38169639958.520004
2021-08-26,002236,19.67,19.74,19.19,19.3,31907382.0,711344435.0,37700821453.40001
2021-08-27,002236,19.21,19.44,18.77,18.96,29518715.0,640499026.0,37036661904.48
2021-08-30,002236,19.41,19.85,18.93,19.41,40611097.0,901234685.0,37915696601.58
2021-08-31,002236,19.34,20.55,19.28,20.08,62066458.0,1437291621.0,39224481595.04
2021-09-01,002236,20.24,20.55,19.72,20.07,57366146.0,1326035135.0,39204947490.66
2021-09-02,002236,20.06,20.22,19.11,19.22,62289996.0,1397733117.0,37544548618.36
2021-09-03,002236,19.3,19.3,18.73,18.83,41388479.0,899552635.0,36782718547.54
2021-09-06,002236,18.88,19.1,18.77,18.93,38498687.0,835186411.0,36978059591.340004
2021-09-07,002236,19.15,19.75,18.97,19.28,53972640.0,1190297252.0,37661753244.64001
2021-09-08,002236,19.2,21.07,19.17,20.54,111480852.0,2615672066.0,40123050396.520004
2021-09-09,002236,20.9,21.16,20.15,20.69,66458192.0,1563688203.0,40416061962.22001
2021-09-10,002236,20.85,21.95,20.66,21.59,81921806.0,2013130512.0,42174131356.420006
2021-09-13,002236,21.53,22.29,21.37,22.05,79873433.0,2007430630.0,43072700157.90001
2021-09-14,002236,21.82,22.1,21.06,21.16,56377609.0,1386784829.0,41334164868.08
2021-09-15,002236,21.27,21.37,20.91,21.18,33076385.0,802851931.0,41373233076.840004
2021-09-16,002236,21.47,21.47,20.62,20.74,38297813.0,917094529.0,40513732484.12
2021-09-17,002236,20.74,21.15,20.56,20.89,27150824.0,649455213.0,40806744049.82001
2021-09-22,002236,20.5,20.88,20.22,20.65,22539030.0,531255106.0,40337925544.700005
2021-09-23,002236,20.88,21.35,20.58,21.07,33864477.0,813146209.0,41158357928.66
2021-09-24,002236,20.95,21.17,20.57,21.0,30517762.0,732682493.0,41021619198.00001
2021-09-27,002236,20.99,21.49,20.64,20.79,34564353.0,833510322.0,40611403006.020004
2021-09-28,002236,20.71,20.73,19.96,20.34,29084034.0,678188773.0,39732368308.920006
2021-09-29,002236,20.41,20.63,19.9,20.26,27780575.0,644668730.0,39576095473.880005
2021-09-30,002236,20.41,21.11,20.38,20.69,24880387.0,593018794.0,40416061962.22001
2021-10-08,002236,20.94,21.44,20.89,21.02,20267448.0,489951854.0,41060687406.76
2021-10-11,002236,20.94,21.38,20.75,20.97,20716538.0,499810156.0,40963016884.86
2021-10-12,002236,20.84,20.96,20.12,20.55,25288724.0,596138546.0,40142584500.90001
2021-10-13,002236,20.55,20.62,20.07,20.38,17418027.0,405499306.0,39810504726.44
2021-10-14,002236,20.59,21.27,20.33,21.02,26961650.0,646195644.0,41060687406.76
2021-10-15,002236,21.02,21.13,20.68,20.79,22883564.0,547009072.0,40611403006.020004
2021-10-18,002236,20.74,20.82,19.93,20.24,29831883.0,693370735.0,39537027265.12
2021-10-19,002236,20.24,20.43,19.99,20.32,20010375.0,463423960.0,39693300100.16
2021-10-20,002236,20.36,20.51,19.8,19.91,27037636.0,624199706.0,38892401820.58
2021-10-21,002236,19.89,19.98,19.47,19.64,27503991.0,620581342.0,38364981002.32001
2021-10-22,002236,19.59,20.0,19.54,19.73,20603622.0,467301093.0,38540787941.740005
2021-10-25,002236,19.68,19.89,19.29,19.72,19204617.0,431252360.0,38521253837.36
2021-10-26,002236,19.69,20.13,19.61,19.75,17213891.0,391869298.0,38579856150.50001
2021-10-27,002236,19.85,19.86,19.15,19.18,24051826.0,532527700.0,37466412200.840004
2021-10-28,002236,19.36,19.59,19.17,19.27,26739436.0,594505712.0,37642219140.26
2021-10-29,002236,19.18,19.59,18.93,19.0,31065106.0,685511632.0,37114798322.00001
2021-11-01,002236,18.97,20.45,18.9,20.02,52333204.0,1193974252.0,39107276968.76
2021-11-02,002236,20.02,20.25,19.82,20.0,27003862.0,619813978.0,39068208760.00001
2021-11-03,002236,20.11,20.16,19.61,19.87,21205765.0,482647090.0,38814265403.060005
2021-11-04,002236,19.86,20.11,19.76,20.05,20652909.0,472565232.0,39165879281.90001
2021-11-05,002236,20.09,21.68,20.06,21.35,67359697.0,1631175577.0,41705312851.30001
2021-11-08,002236,21.08,21.23,20.41,20.72,42248708.0,1003914865.0,40474664275.36
2021-11-09,002236,20.81,21.57,20.6,21.41,37339996.0,910168449.0,41822517477.58
2021-11-10,002236,21.22,21.46,20.94,21.15,25619168.0,620542098.0,41314630763.700005
2021-11-11,002236,21.09,21.24,20.74,21.09,27528539.0,662138063.0,41197426137.420006
2021-11-12,002236,21.07,21.53,20.85,21.25,27658088.0,674821376.0,41509971807.50001
2021-11-15,002236,21.37,21.62,21.09,21.41,27912755.0,684298005.0,41822517477.58
2021-11-16,002236,21.3,21.62,20.89,21.02,25420497.0,619274407.0,41060687406.76
2021-11-17,002236,21.02,21.86,21.02,21.37,35232485.0,871380811.0,41744381060.060005
2021-11-18,002236,21.22,21.89,20.94,21.44,36040351.0,884415419.0,41881119790.72001
2021-11-19,002236,21.44,22.81,21.23,22.47,72543892.0,1854337170.0,43893132541.86
2021-11-22,002236,22.54,22.82,22.25,22.59,39703614.0,1028249816.0,44127541794.420006
2021-11-23,002236,22.51,22.75,22.06,22.23,34100552.0,872905548.0,43424314036.740005
2021-11-24,002236,22.18,22.19,21.64,22.01,33621284.0,843709502.0,42994563740.380005
2021-11-25,002236,21.9,22.05,21.49,21.73,23055069.0,574478118.0,42447608817.740005
2021-11-26,002236,21.75,22.04,21.37,21.55,23906041.0,591359203.0,42095994938.90001
2021-11-29,002236,21.34,21.6,20.83,21.29,34151558.0,827509970.0,41588108225.020004
2021-11-30,002236,21.39,21.87,21.15,21.42,29940230.0,736785680.0,41842051581.96001
2021-12-01,002236,21.56,22.05,21.51,21.64,31844446.0,795218398.0,42271801878.32001
2021-12-02,002236,21.64,21.7,20.9,21.29,29888639.0,728519317.0,41588108225.020004
2021-12-03,002236,21.26,22.03,21.2,21.65,31605486.0,787205760.0,42291335982.700005
2021-12-06,002236,21.68,21.78,21.13,21.18,23287262.0,573306505.0,41373233076.840004
2021-12-07,002236,21.3,21.94,21.18,21.43,35355867.0,871822398.0,41861585686.340004
2021-12-08,002236,21.4,22.46,21.04,22.32,51939351.0,1312845790.0,43600120976.16
2021-12-09,002236,22.29,22.8,22.16,22.67,38985951.0,1009431597.0,44283814629.46001
2021-12-10,002236,22.53,22.7,22.18,22.35,30271508.0,776715706.0,43658723289.30001
2021-12-13,002236,22.38,22.99,22.24,22.34,24967470.0,645567519.0,43639189184.920006
2021-12-14,002236,22.2,23.25,21.9,23.25,56214898.0,1474417406.0,45416792683.50001
2021-12-15,002236,23.07,23.08,22.65,22.82,36363808.0,952813700.0,44576826195.16
2021-12-16,002236,22.78,23.01,22.6,22.87,17164796.0,448994398.0,44674496717.060005
2021-12-17,002236,22.85,22.85,21.53,21.74,52096720.0,1307673060.0,42467142922.12
2021-12-20,002236,21.5,21.77,20.78,21.02,39783201.0,965152493.0,41060687406.76
2021-12-21,002236,21.02,21.27,20.9,21.16,18252871.0,441399806.0,40512680725.76
2021-12-22,002236,21.11,21.28,20.85,20.86,18213450.0,437633398.0,39938304344.96
2021-12-23,002236,20.75,21.0,20.68,20.93,15055565.0,359958368.0,40072325500.479996
2021-12-24,002236,20.92,20.94,20.28,20.58,24688382.0,581510874.0,39402219722.88
2021-12-27,002236,20.61,20.78,20.37,20.5,17191051.0,404325492.0,39249052688.0
2021-12-28,002236,20.55,20.89,20.41,20.83,20945794.0,496801196.0,39880866706.88
2021-12-29,002236,20.74,20.83,20.41,20.48,18306843.0,430599828.0,39210760929.28
2021-12-30,002236,20.48,20.62,20.18,20.35,26922209.0,630549886.0,38961864497.600006
2021-12-31,002236,20.34,20.51,20.07,20.48,26089186.0,607050798.0,39210760929.28
2022-01-04,002236,20.79,20.92,20.49,20.55,29048018.0,686803872.0,39344782084.8
2022-01-05,002236,20.53,20.75,20.01,20.17,33179680.0,775544616.0,38617238669.12
2022-01-06,002236,19.99,20.17,19.74,20.0,22146703.0,506026981.0,38291758720.0
2022-01-07,002236,19.99,20.2,19.99,20.0,15098295.0,347148017.0,38291758720.0
2022-01-10,002236,20.1,20.1,19.66,19.74,29611003.0,674089155.0,37793965856.64
2022-01-11,002236,19.73,19.84,19.1,19.27,36564611.0,812623420.0,36894109526.72
2022-01-12,002236,19.35,19.35,18.91,19.14,39922831.0,872491485.0,36645213095.04
2022-01-13,002236,19.18,19.24,18.48,18.55,41569804.0,893399486.0,35515606212.8
2022-01-14,002236,18.5,18.55,17.93,18.06,63846748.0,1330309026.0,34577458124.159996
2022-01-17,002236,18.08,18.36,17.8,17.98,66223648.0,1366998563.0,34424291089.28
2022-01-18,002236,18.06,18.53,17.89,18.32,65370564.0,1369960312.0,35075250987.520004
2022-01-19,002236,18.2,18.43,17.93,18.09,39652922.0,823773817.0,34634895762.24
2022-01-20,002236,18.1,18.24,17.98,18.16,25237879.0,524174821.0,34768916917.76
2022-01-21,002236,18.15,18.15,17.61,17.71,38062925.0,775976465.0,33907352346.56
2022-01-24,002236,17.65,17.78,17.37,17.54,36374535.0,730348479.0,33581872397.44
2022-01-25,002236,17.49,17.62,16.85,16.85,48367452.0,951638861.0,32260806721.600002
2022-01-26,002236,16.99,17.3,16.91,17.26,25755221.0,504692456.0,33045787775.360004
2022-01-27,002236,17.19,17.3,16.75,16.8,20575544.0,399675663.0,32165077324.800003
2022-01-28,002236,16.89,16.93,16.63,16.65,24606312.0,473658248.0,31877889134.399998
2022-02-07,002236,16.99,17.0,16.61,16.75,22899735.0,441665249.0,32069347928.0
2022-02-08,002236,16.75,16.88,16.52,16.88,21410575.0,409610178.0,32318244359.679996
2022-02-09,002236,16.88,17.19,16.77,17.15,33101788.0,645149527.0,32835183102.399998
2022-02-10,002236,17.17,17.2,16.97,17.07,20149614.0,394070452.0,32682016067.52
2022-02-11,002236,16.99,17.07,16.59,16.7,26488857.0,509298455.0,31973618531.199997
2022-02-14,002236,16.59,16.8,16.38,16.58,20030133.0,380127976.0,31743867978.879997
2022-02-15,002236,16.64,16.84,16.54,16.7,18567398.0,354505097.0,31973618531.199997
2022-02-16,002236,16.75,16.82,16.58,16.66,17204598.0,328782211.0,31897035013.760002
2022-02-17,002236,16.59,16.66,16.51,16.54,16613177.0,315492619.0,31667284461.44
2022-02-18,002236,16.41,16.72,16.23,16.72,21100451.0,398766784.0,32011910289.92
2022-02-21,002236,16.72,17.06,16.65,16.92,27518464.0,533197659.0,32394827877.120003
2022-02-22,002236,16.7,16.73,16.34,16.54,28007448.0,530020018.0,31667284461.44
2022-02-23,002236,16.65,16.95,16.64,16.93,39315209.0,757771974.0,32413973756.48
2022-02-24,002236,16.84,16.84,16.23,16.48,37643331.0,714008922.0,31552409185.280003
2022-02-25,002236,16.64,16.71,16.33,16.38,27420227.0,518506943.0,31360950391.679996
2022-02-28,002236,16.38,16.44,16.01,16.31,20270388.0,375936043.0,31226929236.159996
2022-03-01,002236,16.48,16.86,16.41,16.83,35895819.0,685873162.0,32222514962.879997
2022-03-02,002236,16.58,16.77,16.56,16.66,16658784.0,318337873.0,31897035013.760002
2022-03-03,002236,16.74,16.78,16.43,16.45,20302715.0,384850798.0,31494971547.199997
2022-03-04,002236,16.31,16.51,16.18,16.3,17198754.0,321643570.0,31207783356.800003
2022-03-07,002236,16.14,16.14,15.28,15.47,44858455.0,807331289.0,29618675369.920002
2022-03-08,002236,15.47,15.57,14.92,14.96,30832045.0,539173127.0,28642235522.56
2022-03-09,002236,15.07,15.18,14.03,14.67,45803757.0,766786265.0,28087005021.12
2022-03-10,002236,15.0,15.18,14.83,15.1,29127399.0,501954131.0,28910277833.6
2022-03-11,002236,14.89,15.15,14.62,15.13,24853680.0,424049545.0,28967715471.68
2022-03-14,002236,14.98,15.23,14.74,14.76,19270624.0,330412120.0,28259317935.36
2022-03-15,002236,14.69,14.69,13.97,13.97,31255263.0,512606709.0,26746793465.920002
2022-03-16,002236,14.22,14.44,13.47,14.39,37461480.0,601773005.0,27550920399.04
2022-03-17,002236,14.66,14.86,14.53,14.64,34694139.0,583220123.0,28029567383.04
2022-03-18,002236,14.71,14.72,14.34,14.58,18984659.0,316179606.0,27914692106.88
2022-03-21,002236,14.61,14.67,14.43,14.51,18693711.0,311446661.0,27780670951.36
2022-03-22,002236,14.54,14.67,14.45,14.51,13304431.0,221902732.0,27780670951.36
2022-03-23,002236,14.53,15.03,14.47,14.97,36777122.0,626999201.0,28661381401.920002
2022-03-24,002236,14.84,14.91,14.55,14.58,19103423.0,321753834.0,27914692106.88
2022-03-25,002236,14.59,14.64,14.39,14.41,11636566.0,193560945.0,27589212157.760002
2022-03-28,002236,14.38,14.51,14.01,14.44,16574492.0,270724024.0,27646649795.84
2022-03-29,002236,14.45,14.51,14.05,14.06,15797255.0,257634537.0,26919106380.16
2022-03-30,002236,14.19,14.63,14.19,14.53,22135494.0,365330100.0,27818962710.079998
2022-03-31,002236,14.46,14.61,14.34,14.44,13554420.0,224528144.0,27646649795.84
2022-04-01,002236,14.29,14.55,14.23,14.4,15890400.0,262379575.0,27570066278.4
2022-04-06,002236,14.71,15.0,14.41,14.73,38562553.0,650461016.0,28201880297.280003
2022-04-07,002236,14.68,14.78,14.27,14.27,17391189.0,288822456.0,27321169846.719997
2022-04-08,002236,14.27,14.27,13.9,14.15,18086631.0,291527471.0,27091419294.4
2022-04-11,002236,13.96,14.01,13.49,13.55,18652963.0,292962047.0,25942666532.800003
2022-04-12,002236,13.52,13.99,13.2,13.94,18990114.0,295568135.0,26689355827.84
2022-04-13,002236,13.77,13.91,13.61,13.68,11329692.0,178571009.0,26191562964.48
2022-04-14,002236,13.84,13.96,13.7,13.78,11023673.0,174699173.0,26383021758.079998
2022-04-15,002236,13.64,13.86,13.55,13.71,9370600.0,147111656.0,26249000602.56
2022-04-18,002236,13.75,14.31,13.58,14.26,28955805.0,468305481.0,27302023967.36
2022-04-19,002236,14.8,14.87,14.16,14.42,27891653.0,461873310.0,27608358037.12
2022-04-20,002236,14.42,15.04,13.98,14.81,39848966.0,676034857.0,28355047332.16
2022-04-21,002236,14.73,14.87,14.46,14.5,21521500.0,361617474.0,27761525072.0
2022-04-22,002236,14.42,14.86,14.18,14.82,28911675.0,482373629.0,28374193211.52
2022-04-25,002236,14.49,14.85,14.23,14.24,31145171.0,520195566.0,27263732208.64
2022-04-26,002236,14.28,14.39,13.44,13.54,26793708.0,427677703.0,25923520653.44
2022-04-27,002236,13.35,14.75,13.2,14.46,29123946.0,465255925.0,27684941554.56
2022-04-28,002236,14.3,14.43,13.9,14.06,20069932.0,325221900.0,26919106380.16
2022-04-29,002236,14.16,14.73,14.09,14.59,24080835.0,398312787.0,27933837986.239998
2022-05-05,002236,14.24,14.35,13.13,13.5,98623953.0,1516621663.0,25846937136.0
2022-05-06,002236,13.09,13.28,12.68,13.12,43626910.0,651476686.0,25119393720.32
2022-05-09,002236,13.01,13.24,12.99,13.14,18287143.0,275225871.0,25157685479.04
2022-05-10,002236,12.92,13.25,12.8,13.17,19937324.0,299485796.0,25215123117.12
2022-05-11,002236,13.26,14.09,13.18,13.57,46387728.0,725813779.0,25980958291.52
2022-05-12,002236,13.44,13.64,13.28,13.32,29791232.0,459446612.0,25502311307.52
2022-05-13,002236,13.42,13.6,12.87,13.18,47181730.0,711318167.0,25234268996.48
2022-05-16,002236,13.3,13.52,13.13,13.22,25233354.0,385585443.0,25310852513.920002
2022-05-17,002236,13.26,13.3,12.91,13.24,29071867.0,436688483.0,25349144272.64
2022-05-18,002236,13.27,13.78,13.18,13.51,38717238.0,597740167.0,25866083015.36
2022-05-19,002236,13.26,13.44,13.17,13.43,25021224.0,382205068.0,25712915980.48
2022-05-20,002236,13.5,13.81,13.44,13.68,32309481.0,505764634.0,26191562964.48
2022-05-23,002236,13.74,14.04,13.64,13.98,27166688.0,432641214.0,26765939345.280003
2022-05-24,002236,13.98,14.02,13.45,13.45,24288571.0,382312987.0,25751207739.199997
2022-05-25,002236,13.44,13.57,13.38,13.55,13508175.0,208769805.0,25942666532.800003
2022-05-26,002236,13.53,13.85,13.23,13.8,26996897.0,419796354.0,26421313516.800003
2022-05-27,002236,14.05,14.26,13.67,13.85,25656027.0,411150959.0,26517042913.6
2022-05-30,002236,13.8,13.98,13.76,13.89,14359953.0,228103781.0,26593626431.04
2022-05-31,002236,13.85,14.18,13.76,14.11,20774554.0,333163211.0,27014835776.96
2022-06-01,002236,14.14,14.23,13.91,13.96,18915227.0,299348153.0,26727647586.56
2022-06-02,002236,13.88,14.06,13.8,14.0,21051462.0,330834049.0,26804231104.0
2022-06-06,002236,13.97,14.62,13.94,14.61,52268856.0,844669622.0,27972129744.96
2022-06-07,002236,14.64,14.73,14.18,14.34,44293676.0,718849255.0,27455191002.239998
2022-06-08,002236,14.3,14.86,14.21,14.44,49564697.0,810825360.0,27646649795.84
2022-06-09,002236,14.34,14.48,13.81,13.95,37710188.0,597801978.0,26708501707.199997
2022-06-10,002236,13.81,14.06,13.8,14.01,27113490.0,426277717.0,26823376983.36
2022-06-13,002236,14.01,14.12,13.62,13.8,29924900.0,467977050.0,26421313516.800003
2022-06-14,002236,13.62,13.86,13.36,13.86,25533538.0,390430850.0,26536188792.96
2022-06-15,002236,13.82,14.52,13.82,14.33,59173430.0,951976057.0,27436045122.88
2022-06-16,002236,14.33,14.51,14.18,14.25,28329546.0,457288778.0,27282878088.0
2022-06-17,002236,14.13,14.25,13.88,14.2,28323243.0,450106257.0,27187148691.199997
2022-06-20,002236,14.24,14.46,14.2,14.28,28611303.0,461824139.0,27340315726.079998
2022-06-21,002236,14.32,14.54,14.19,14.37,31565380.0,511944856.0,27512628640.32
2022-06-22,002236,14.39,14.44,13.89,13.91,31615202.0,501827200.0,26631918189.760002
2022-06-23,002236,13.95,14.05,13.83,14.05,23155550.0,364315698.0,26899960500.800003
2022-06-24,002236,14.08,14.64,13.96,14.44,44498507.0,720568896.0,27646649795.84
2022-06-27,002236,14.46,14.82,14.28,14.7,46949486.0,769976102.0,28144442659.199997
2022-06-28,002236,14.68,14.79,14.45,14.76,41988984.0,692264720.0,28259317935.36
2022-06-29,002236,14.73,15.07,14.48,14.51,50547438.0,840594314.0,27780670951.36
2022-06-30,002236,14.53,14.76,14.53,14.57,26551171.0,437752140.0,28546389686.510002
2022-07-01,002236,14.53,14.65,14.33,14.41,24168273.0,393601591.0,28232908399.63
2022-07-04,002236,14.45,14.46,14.21,14.38,22520712.0,363650019.0,28174130658.34
2022-07-05,002236,14.36,14.5,14.06,14.33,33516969.0,539955981.0,28076167756.19
2022-07-06,002236,14.27,14.31,13.87,13.99,29974840.0,475197895.0,27410020021.57
2022-07-07,002236,13.97,14.04,13.85,13.91,22742964.0,357056366.0,27253279378.13
2022-07-08,002236,13.96,14.2,13.93,14.04,19309436.0,306225054.0,27507982923.719997
2022-07-11,002236,14.02,14.02,13.66,13.76,20594568.0,318971544.0,26959390671.68
2022-07-12,002236,13.74,13.76,13.49,13.5,19896749.0,305303482.0,26449983580.5
2022-07-13,002236,13.52,13.61,13.46,13.51,14773853.0,225195111.0,26469576160.93
2022-07-14,002236,13.49,13.55,13.35,13.37,22962012.0,347566390.0,26195280034.91
2022-07-15,002236,13.38,13.4,13.03,13.06,27404637.0,407095174.0,25587910041.58
2022-07-18,002236,13.08,13.27,12.92,13.22,21019720.0,311166463.0,25901391328.460003
2022-07-19,002236,13.18,13.37,13.14,13.37,21088662.0,315002715.0,26195280034.91
2022-07-20,002236,13.43,13.49,13.36,13.46,16741437.0,253326759.0,26371613258.780003
2022-07-21,002236,13.42,13.53,13.33,13.33,14992657.0,226561133.0,26116909713.19
2022-07-22,002236,13.38,13.44,13.13,13.25,15640471.0,233766578.0,25960169069.75
2022-07-25,002236,13.31,13.33,13.09,13.2,14343283.0,213174549.0,25862206167.6
2022-07-26,002236,13.17,13.26,13.15,13.23,10807268.0,160815775.0,25920983908.89
2022-07-27,002236,13.2,13.31,13.12,13.22,12243848.0,182581065.0,25901391328.460003
2022-07-28,002236,13.29,13.55,13.28,13.44,26259056.0,397914363.0,26332428097.92
2022-07-29,002236,13.44,13.44,13.09,13.14,22675337.0,338593843.0,25744650685.02
2022-08-01,002236,13.13,13.28,12.98,13.21,15758851.0,233787625.0,25881798748.030003
2022-08-02,002236,13.1,13.1,12.61,12.72,26784451.0,385911870.0,24921762306.960003
2022-08-03,002236,12.72,13.02,12.71,12.74,18148944.0,263057711.0,24960947467.82
2022-08-04,002236,12.88,12.96,12.76,12.93,12806924.0,185993385.0,25333206495.989998
2022-08-05,002236,12.97,13.35,12.9,13.33,23343352.0,346368266.0,26116909713.19
2022-08-08,002236,13.33,13.41,13.27,13.37,16184244.0,243506628.0,26195280034.91
2022-08-09,002236,13.35,13.44,13.2,13.41,16220828.0,243386520.0,26273650356.63
2022-08-10,002236,13.39,13.41,13.26,13.29,12259325.0,184091060.0,26038539391.469997
2022-08-11,002236,13.45,13.68,13.36,13.64,29410725.0,450683631.0,26724279706.52
2022-08-12,002236,13.61,13.71,13.52,13.53,20117440.0,308526780.0,26508761321.789997
2022-08-15,002236,13.46,13.48,13.06,13.17,38127723.0,567104193.0,25803428426.31
2022-08-16,002236,13.18,13.21,13.06,13.09,18859228.0,278864918.0,25646687782.87
2022-08-17,002236,13.1,13.19,12.97,13.18,18696692.0,275989257.0,25823021006.739998
2022-08-18,002236,13.14,13.16,12.95,13.06,18677161.0,274336297.0,25587910041.58
2022-08-19,002236,13.06,13.2,12.76,12.78,32629725.0,475481767.0,25039317789.539997
2022-08-22,002236,12.98,14.0,12.94,13.5,81571937.0,1243715202.0,26449983580.5
2022-08-23,002236,13.5,13.6,13.24,13.33,34784922.0,522642246.0,26116909713.19
2022-08-24,002236,13.3,13.32,13.0,13.05,29773207.0,440885743.0,25568317461.15
2022-08-25,002236,13.1,13.15,12.86,13.03,18588281.0,271912045.0,25529132300.289997
2022-08-26,002236,13.03,13.17,12.98,13.05,16790353.0,247330696.0,25568317461.15
2022-08-29,002236,12.92,12.97,12.83,12.94,15253102.0,221927892.0,25352799076.42
2022-08-30,002236,12.95,13.07,12.92,13.04,10616612.0,155565663.0,25548724880.719997
2022-08-31,002236,12.96,13.12,12.89,13.08,16615630.0,243581278.0,25627095202.44
2022-09-01,002236,13.07,13.22,12.95,12.97,18101709.0,267464635.0,25411576817.710003
2022-09-02,002236,12.96,13.03,12.92,12.98,11115521.0,162400851.0,25431169398.14
2022-09-05,002236,12.98,12.98,12.78,12.84,17071994.0,246841966.0,25156873272.12
2022-09-06,002236,12.84,12.94,12.8,12.94,14010730.0,203148948.0,25352799076.42
2022-09-07,002236,12.86,12.95,12.83,12.86,12576209.0,182500284.0,25196058432.98
2022-09-08,002236,12.88,12.9,12.74,12.74,14825502.0,213569983.0,24960947467.82
2022-09-09,002236,12.74,12.85,12.71,12.83,10129570.0,146218224.0,25137280691.69
2022-09-13,002236,12.86,12.95,12.84,12.86,11792709.0,171262164.0,25196058432.98
2022-09-14,002236,12.74,12.78,12.68,12.74,11947831.0,171332528.0,24960947467.82
2022-09-15,002236,12.78,12.83,12.43,12.55,19789701.0,281445787.0,24588688439.65
2022-09-16,002236,12.6,12.75,12.39,12.43,18056424.0,255685733.0,24353577474.489998
2022-09-19,002236,12.31,12.33,11.98,12.04,17420986.0,237599111.0,23589466837.719997
2022-09-20,002236,12.11,12.16,12.07,12.12,11740264.0,160273059.0,23746207481.16
2022-09-21,002236,12.14,12.15,11.84,12.02,13163828.0,178132926.0,23550281676.86
2022-09-22,002236,11.92,12.17,11.91,12.08,9082626.0,123727782.0,23667837159.44
2022-09-23,002236,12.08,12.15,11.89,11.93,10591669.0,143232159.0,23373948452.989998
2022-09-26,002236,11.92,12.01,11.59,11.6,15577583.0,206269174.0,22727393298.8
2022-09-27,002236,11.61,11.85,11.45,11.8,14429524.0,189277907.0,23119244907.4
2022-09-28,002236,11.79,11.93,11.69,11.71,14862308.0,197753781.0,22942911683.530003
2022-09-29,002236,11.83,11.87,11.45,11.52,14687941.0,192763260.0,22570652655.36
2022-09-30,002236,11.48,11.61,11.4,11.4,10082062.0,130362440.0,22335541690.2
2022-10-10,002236,11.18,11.31,10.27,10.27,72106724.0,855603780.0,20121580101.61
2022-10-11,002236,10.24,10.27,9.87,10.03,42255767.0,477554436.0,19651358171.289997
2022-10-12,002236,10.02,10.44,9.86,10.38,42510530.0,484897304.0,20337098486.34
2022-10-13,002236,10.34,10.72,10.27,10.51,32633004.0,387040798.0,20591802031.93
2022-10-14,002236,10.6,10.95,10.59,10.91,34740043.0,423591974.0,21375505249.13
2022-10-17,002236,10.83,11.07,10.81,11.04,19978232.0,246885877.0,21630208794.719997
2022-10-18,002236,11.08,11.12,10.89,11.01,18687653.0,231965541.0,21571431053.43
2022-10-19,002236,10.99,11.09,10.89,10.9,15069200.0,185884710.0,21355912668.7
2022-10-20,002236,10.87,11.1,10.74,10.97,23054387.0,284546070.0,21493060731.710003
2022-10-21,002236,10.98,11.15,10.89,10.97,16844865.0,208584152.0,21493060731.710003
2022-10-24,002236,10.97,11.08,10.66,10.71,23999244.0,293627453.0,20983653640.530003
2022-10-25,002236,10.66,10.83,10.48,10.59,19464712.0,233033304.0,20748542675.37
2022-10-26,002236,10.6,10.99,10.59,10.9,24764115.0,302789772.0,21355912668.7
2022-10-27,002236,10.91,11.12,10.9,11.0,22690670.0,281638041.0,21551838473.0
2022-10-28,002236,10.95,11.0,10.5,10.55,23985684.0,290369769.0,20670172353.65
2022-10-31,002236,9.94,10.41,9.72,10.27,48075343.0,545610915.0,20121580101.61
2022-11-01,002236,10.38,10.68,10.28,10.68,24866472.0,294501816.0,20924875899.239998
2022-11-02,002236,10.65,10.84,10.61,10.69,21063099.0,254835021.0,20944468479.67
2022-11-03,002236,10.6,10.72,10.45,10.6,18032542.0,214469698.0,20768135255.8
2022-11-04,002236,10.57,10.89,10.56,10.87,26506583.0,321798386.0,21297134927.41
2022-11-07,002236,10.82,10.92,10.75,10.79,25604629.0,312117684.0,21140394283.969997
2022-11-08,002236,10.79,10.8,10.59,10.65,22245304.0,267038221.0,20866098157.95
2022-11-09,002236,10.61,10.69,10.5,10.5,16548489.0,197147095.0,20572209451.5
2022-11-10,002236,10.42,10.49,10.29,10.34,23000439.0,269060712.0,20258728164.62
2022-11-11,002236,10.56,10.8,10.48,10.61,36666307.0,439803389.0,20787727836.23
2022-11-14,002236,10.65,10.9,10.61,10.82,31067410.0,377815596.0,21199172025.260002
2022-11-15,002236,10.74,11.21,10.74,11.2,41987529.0,524257903.0,21943690081.6
2022-11-16,002236,11.18,11.31,11.08,11.12,26949582.0,339305887.0,21786949438.16
2022-11-17,002236,11.13,11.19,10.98,11.18,17460986.0,217979966.0,21904504920.739998
2022-11-18,002236,11.18,11.57,11.09,11.12,41926186.0,534154903.0,21786949438.16
2022-11-21,002236,11.04,11.04,10.85,11.0,17586786.0,216961965.0,21551838473.0
2022-11-22,002236,10.91,11.02,10.81,10.89,16576804.0,203967371.0,21336320088.27
2022-11-23,002236,10.86,10.9,10.61,10.72,19936893.0,241048295.0,21003246220.960003
2022-11-24,002236,10.78,10.81,10.56,10.58,20440014.0,244900322.0,20728950094.94
2022-11-25,002236,10.64,10.66,10.52,10.54,15852334.0,188861281.0,20650579773.219997
2022-11-28,002236,10.12,10.34,10.12,10.28,21814182.0,251925372.0,20141172682.039997
2022-11-29,002236,10.27,10.71,10.26,10.61,24288775.0,287743224.0,20787727836.23
2022-11-30,002236,10.59,10.72,10.5,10.54,16989835.0,202964406.0,20650579773.219997
2022-12-01,002236,10.72,10.8,10.59,10.62,21586793.0,260314161.0,20807320416.66
2022-12-02,002236,10.62,10.81,10.6,10.72,18636451.0,225478359.0,21003246220.960003
2022-12-05,002236,10.84,10.97,10.73,10.97,29996046.0,367078161.0,21493060731.710003
2022-12-06,002236,10.96,11.29,10.89,11.12,39590674.0,497975380.0,21786949438.16
2022-12-07,002236,11.09,11.12,10.97,11.0,20133844.0,250093916.0,21551838473.0
2022-12-08,002236,10.97,11.05,10.88,10.96,15403404.0,190161207.0,21473468151.280003
2022-12-09,002236,10.94,11.2,10.91,11.13,23763946.0,296002175.0,21806542018.59
2022-12-12,002236,11.08,11.15,10.96,10.97,16438008.0,204706751.0,21493060731.710003
2022-12-13,002236,10.99,11.04,10.9,10.92,12604379.0,155648898.0,21395097829.56
2022-12-14,002236,10.97,11.16,10.94,10.99,20228296.0,252100521.0,21532245892.57
2022-12-15,002236,10.98,11.12,10.88,10.92,19081540.0,236395932.0,21395097829.56
2022-12-16,002236,10.87,10.94,10.68,10.76,19835313.0,241095521.0,21081616542.68
2022-12-19,002236,10.75,10.86,10.47,10.5,19592515.0,234511581.0,20572209451.5
2022-12-20,002236,10.58,10.58,10.3,10.33,19173322.0,224758272.0,20239135584.19
2022-12-21,002236,10.35,10.4,10.19,10.25,14905410.0,172745858.0,20082394940.75
2022-12-22,002236,10.31,10.65,10.3,10.4,27737008.0,327478886.0,20376283647.2
2022-12-23,002236,10.37,10.44,10.27,10.34,13689576.0,159763240.0,20258728164.62
2022-12-26,002236,10.35,10.47,10.34,10.41,14234868.0,166778327.0,20395876227.63
2022-12-27,002236,10.43,10.45,10.34,10.43,12292141.0,143938378.0,20435061388.489998
2022-12-28,002236,10.42,10.42,10.12,10.13,26693744.0,306996716.0,19847283975.59
2022-12-29,002236,10.1,10.19,10.01,10.05,15866018.0,180010975.0,19690543332.15
2022-12-30,002236,10.12,10.17,10.01,10.03,19712908.0,223785882.0,19651358171.289997
2023-01-03,002236,10.03,10.27,9.94,10.27,25668166.0,293903696.0,20109762176.399998
2023-01-04,002236,10.25,10.3,10.15,10.27,16622180.0,191738378.0,20109762176.399998
2023-01-05,002236,10.29,10.39,10.24,10.37,21732749.0,253228841.0,20305572908.399998
2023-01-06,002236,10.35,10.41,10.26,10.29,19074841.0,222146352.0,20148924322.8
2023-01-09,002236,10.31,10.42,10.29,10.37,18044045.0,210518988.0,20305572908.399998
2023-01-10,002236,10.38,10.38,10.25,10.31,16834457.0,195311303.0,20188086469.2
2023-01-11,002236,10.31,10.34,10.17,10.17,18287281.0,211042835.0,19913951444.4
2023-01-12,002236,10.17,10.23,10.12,10.18,10914876.0,125096739.0,19933532517.6
2023-01-13,002236,10.19,10.3,10.18,10.29,13686693.0,157935006.0,20148924322.8
2023-01-16,002236,10.33,10.97,10.31,10.88,70544579.0,857417167.0,21304207641.600002
2023-01-17,002236,10.83,10.99,10.8,10.9,27396437.0,336177514.0,21343369788.0
2023-01-18,002236,10.9,11.05,10.84,10.95,17766819.0,219178009.0,21441275154.0
2023-01-19,002236,10.91,11.25,10.87,11.17,41927512.0,524337104.0,21872058764.4
2023-01-20,002236,11.25,11.37,11.16,11.25,36066227.0,457299716.0,22028707350.0
2023-01-30,002236,11.47,11.58,11.36,11.39,44285487.0,572255585.0,22302842374.8
2023-01-31,002236,11.39,11.42,11.15,11.22,29561402.0,374272705.0,21969964130.4
2023-02-01,002236,11.22,11.48,11.22,11.47,25298490.0,324099306.0,22459490960.4
2023-02-02,002236,11.54,11.68,11.43,11.45,39704395.0,516704495.0,22420328814.0
2023-02-03,002236,11.45,11.6,11.38,11.58,33573538.0,435625319.0,22674882765.6
2023-02-06,002236,11.58,11.86,11.45,11.48,47602119.0,623810604.0,22479072033.600002
2023-02-07,002236,11.52,11.91,11.47,11.87,53440564.0,706972945.0,23242733888.399998
2023-02-08,002236,11.92,12.16,11.69,11.69,47858542.0,641044672.0,22890274570.8
2023-02-09,002236,11.57,12.08,11.57,12.06,45767981.0,613214891.0,23614774279.2
2023-02-10,002236,12.0,12.15,11.86,11.93,34212804.0,462317615.0,23360220327.6
2023-02-13,002236,11.93,12.05,11.82,11.98,28899628.0,388843766.0,23458125693.600002
2023-02-14,002236,11.98,12.08,11.84,11.93,24005851.0,323103673.0,23360220327.6
2023-02-15,002236,11.89,12.06,11.8,12.0,35709042.0,481292519.0,23497287840.0
2023-02-16,002236,11.89,12.58,11.89,12.08,84282212.0,1163046608.0,23653936425.6
2023-02-17,002236,12.02,12.2,11.72,11.72,49989959.0,671738407.0,22949017790.4
2023-02-20,002236,11.72,12.26,11.71,12.26,59703751.0,813875198.0,24006395743.2
2023-02-21,002236,12.2,12.36,12.05,12.15,40881806.0,561064208.0,23791003938.0
2023-02-22,002236,12.03,12.16,11.98,12.04,23729778.0,322671872.0,23575612132.8
2023-02-23,002236,12.08,12.13,11.71,11.86,33943396.0,454649737.0,23223152815.2
2023-02-24,002236,11.85,11.97,11.72,11.84,22863055.0,305630791.0,23183990668.8
2023-02-27,002236,12.01,12.51,11.93,12.42,88681818.0,1234928506.0,24319692914.4
2023-02-28,002236,12.67,13.11,12.59,12.86,100787934.0,1456281432.0,25181260135.2
2023-03-01,002236,13.26,14.15,13.13,14.08,187154655.0,2919482351.0,27570151065.6
2023-03-02,002236,14.19,14.71,14.04,14.11,205605178.0,3337159047.0,27628894285.2
2023-03-03,002236,13.97,14.21,13.68,13.88,109734719.0,1716485307.0,27178529601.600002
2023-03-06,002236,13.76,14.35,13.68,14.1,97975600.0,1554096594.0,27609313212.0
2023-03-07,002236,13.97,14.19,13.33,13.46,90006422.0,1390983586.0,26356124527.2
2023-03-08,002236,13.41,13.8,13.31,13.69,55407944.0,849684927.0,26806489210.8
2023-03-09,002236,13.64,14.09,13.57,13.92,61500318.0,959667052.0,27256853894.4
2023-03-10,002236,13.76,14.59,13.71,14.28,96096409.0,1551137283.0,27961772529.6
2023-03-13,002236,14.9,15.47,14.61,15.3,147290436.0,2483449075.0,29959041996.0
2023-03-14,002236,15.3,16.0,14.99,15.7,142501344.0,2494887469.0,30742284924.0
2023-03-15,002236,15.84,16.46,15.47,15.69,112350919.0,2021789601.0,30722703850.8
2023-03-16,002236,15.71,15.88,15.24,15.43,78193335.0,1366846092.0,30213595947.6
2023-03-17,002236,15.44,16.97,15.44,16.97,153401631.0,2851413893.0,33229081220.399998
2023-03-20,002236,17.5,18.11,16.75,16.95,184369421.0,3626957374.0,33189919074.0
2023-03-21,002236,16.95,17.18,16.54,16.92,84013815.0,1589149554.0,33131175854.4
2023-03-22,002236,17.11,18.33,17.08,18.19,130726328.0,2626907432.0,35617972150.8
2023-03-23,002236,17.71,19.46,17.64,19.17,150659837.0,3182397507.0,37536917324.4
2023-03-24,002236,18.9,19.98,18.81,19.94,132793624.0,2929673419.0,39044659960.8
2023-03-27,002236,19.81,21.02,19.43,19.94,136299293.0,3107500170.0,39044659960.8
2023-03-28,002236,19.52,19.72,18.76,18.84,120153014.0,2594622735.0,36890741908.8
2023-03-29,002236,18.85,19.64,18.21,18.95,122085808.0,2602399592.0,37106133714.0
2023-03-30,002236,18.68,18.88,17.57,18.23,121462584.0,2502244495.0,35696296443.6
2023-03-31,002236,18.64,20.06,17.49,20.06,145176533.0,3094926500.0,39278100776.759995
2023-04-03,002236,20.25,21.93,19.56,21.69,200386453.0,4669414613.0,42469691218.740005
2023-04-04,002236,21.39,23.26,21.3,22.77,136600785.0,3424142455.0,44584364640.42
2023-04-06,002236,22.8,23.8,22.07,22.38,108921546.0,2811673470.0,43820732571.479996
2023-04-07,002236,22.38,24.34,22.28,23.95,101885014.0,2677248612.0,46894841156.7
2023-04-10,002236,25.66,26.0,23.09,23.4,134151051.0,3709775151.0,45817924136.399994
2023-04-11,002236,23.72,23.78,21.67,22.27,168886221.0,4280803425.0,43605349167.42
2023-04-12,002236,21.97,24.03,21.76,23.56,132271623.0,3442091571.0,46131209087.759995
2023-04-13,002236,23.17,23.32,21.59,21.76,112972898.0,2845957649.0,42606753384.96001
2023-04-14,002236,21.95,22.15,20.85,21.75,100831844.0,2446163363.0,42587173075.5
2023-04-17,002236,21.79,21.8,20.87,21.29,86777258.0,2074090263.0,41686478840.34
2023-04-18,002236,21.29,22.32,21.13,21.99,108297428.0,2652106030.0,43057100502.53999
2023-04-19,002236,21.83,23.64,21.83,22.35,128212571.0,3303933402.0,43761991643.100006
2023-04-20,002236,22.21,23.94,21.91,23.74,128495123.0,3335007331.0,46483654658.03999
2023-04-21,002236,23.84,24.37,22.09,22.14,107750063.0,2819339648.0,43350805144.44
2023-04-24,002236,22.2,22.85,20.98,21.2,107851418.0,2646681400.0,41510256055.2
2023-04-25,002236,21.04,21.88,20.63,20.85,86442231.0,2066967791.0,40824945224.100006
2023-04-26,002236,20.76,20.81,18.76,19.19,155418541.0,3402739262.0,37574613853.740005
2023-04-27,002236,19.0,19.86,18.59,19.14,80386836.0,1742416300.0,37476712306.44
2023-04-28,002236,19.52,20.99,19.28,20.82,103053194.0,2364857620.0,40766204295.72
2023-05-04,002236,20.82,21.52,19.55,20.89,103521360.0,2395871509.0,40903266461.94
2023-05-05,002236,20.89,20.94,19.69,19.83,71910940.0,1632949729.0,38827753659.18
2023-05-08,002236,20.14,21.42,19.34,20.64,79793314.0,1866639608.0,40413758725.44
2023-05-09,002236,20.45,21.36,20.13,20.19,63826975.0,1486815144.0,39532644799.740005
2023-05-10,002236,20.14,20.64,19.39,19.74,48053781.0,1071231912.0,38651530874.03999
2023-05-11,002236,19.67,20.04,19.27,19.39,37099591.0,816772256.0,37966220042.94
2023-05-12,002236,19.32,20.05,19.15,19.47,37951175.0,837301699.0,38122862518.619995
2023-05-15,002236,19.48,19.76,18.31,18.95,84040242.0,1781807387.0,37104686426.7
2023-05-16,002236,18.93,19.33,18.36,18.73,52625236.0,1113488945.0,36673919618.58
2023-05-17,002236,18.65,19.32,18.54,18.99,35638400.0,760488533.0,37183007664.53999
2023-05-18,002236,19.11,20.42,18.84,19.84,104091665.0,2326300115.0,38847333968.64
2023-05-19,002236,19.61,20.32,19.19,19.38,55345085.0,1229056441.0,37946639733.479996
2023-05-22,002236,19.22,19.55,18.9,19.13,35163647.0,760161725.0,37457131996.979996
2023-05-23,002236,19.08,19.58,18.82,19.08,40401855.0,873945030.0,37359230449.68
2023-05-24,002236,18.83,18.88,18.12,18.36,74672809.0,1552121937.0,35949448168.56
2023-05-25,002236,18.63,18.79,17.97,18.37,51366819.0,1056407986.0,35969028478.020004
2023-05-26,002236,18.32,19.11,18.2,18.89,43105985.0,910180750.0,36987204569.94
2023-05-29,002236,19.03,19.31,17.0,17.46,181297648.0,3579315361.0,34187220317.16
2023-05-30,002236,17.47,18.09,17.08,18.06,98240979.0,1958696083.0,35362038884.759995
2023-05-31,002236,18.01,18.23,17.39,17.6,79479648.0,1577022066.0,34461344649.600006
2023-06-01,002236,17.57,18.94,17.39,18.54,96231406.0,1992035082.0,36301893738.84
2023-06-02,002236,18.53,18.72,18.27,18.33,47321005.0,983645752.0,35890707240.18
2023-06-05,002236,18.31,18.94,18.07,18.59,61623325.0,1287720406.0,36399795286.14
2023-06-06,002236,18.53,18.58,17.68,17.79,49731680.0,1003137085.0,34833370529.34
2023-06-07,002236,17.79,17.97,17.48,17.65,49090791.0,967411710.0,34559246196.899994
2023-06-08,002236,17.59,17.61,17.04,17.3,54344497.0,1044107514.0,33873935365.800003
2023-06-09,002236,17.45,17.55,16.44,16.83,152762821.0,2868565615.0,32953660821.179996
2023-06-12,002236,17.04,17.1,16.62,16.91,74657558.0,1402207144.0,33110303296.86
2023-06-13,002236,16.92,18.17,16.72,18.02,116653099.0,2288679105.0,35283717646.92
2023-06-14,002236,18.06,18.84,17.85,18.35,125411863.0,2567668432.0,35929867859.100006
2023-06-15,002236,18.09,18.25,17.31,17.45,127912444.0,2508383469.0,34167640007.699997
2023-06-16,002236,17.37,19.19,17.14,19.19,174253719.0,3531005267.0,37574613853.740005
2023-06-19,002236,19.79,21.01,19.21,20.78,293180287.0,6555198591.0,40687883057.880005
2023-06-20,002236,20.29,21.66,20.16,21.33,184663399.0,4248786738.0,41764800078.18
2023-06-21,002236,21.0,21.0,19.84,19.84,142788248.0,3220865014.0,38847333968.64
2023-06-26,002236,19.57,20.2,18.77,18.97,129912168.0,2810555540.0,37143847045.619995
2023-06-27,002236,18.88,19.1,18.59,18.89,77154259.0,1624129651.0,36987204569.94
2023-06-28,002236,18.71,18.72,17.01,17.23,167330302.0,3227864047.0,33736873199.58
2023-06-29,002236,17.56,18.09,17.5,17.71,95804671.0,1897028033.0,34676728053.66
2023-06-30,002236,17.47,17.99,17.18,17.73,84837735.0,1658294256.0,34733237264.82
2023-07-03,002236,17.77,18.13,17.56,17.91,77479424.0,1541767910.0,35085858962.94
2023-07-04,002236,17.73,19.61,17.7,19.32,133273013.0,2804214968.0,37848062264.88
2023-07-05,002236,19.73,20.04,19.12,19.24,112536334.0,2453941296.0,37691341510.159996
2023-07-06,002236,19.14,20.13,19.05,19.47,90324737.0,1974511600.0,38141913679.979996
2023-07-07,002236,19.31,19.34,18.18,18.7,79998540.0,1659153668.0,36633476415.799995
2023-07-10,002236,18.95,19.01,18.37,18.59,47002102.0,977370940.0,36417985378.06
2023-07-11,002236,18.51,19.75,18.46,19.45,100370940.0,2171463831.0,38102733491.299995
2023-07-12,002236,19.93,20.18,19.4,19.46,113538728.0,2494855257.0,38122323585.64
2023-07-13,002236,19.32,20.45,19.17,20.19,105818413.0,2342812998.0,39552400472.46
2023-07-14,002236,20.1,20.23,19.67,19.74,75884967.0,1684928156.0,38670846227.159996
2023-07-17,002236,19.62,20.46,19.4,20.09,81387818.0,1818408289.0,39356499529.06
2023-07-18,002236,19.93,19.95,19.48,19.66,54814644.0,1199063869.0,38514125472.44
2023-07-19,002236,19.66,19.92,19.47,19.76,44983653.0,988317659.0,38710026415.840004
2023-07-20,002236,19.8,19.83,18.71,18.71,71306012.0,1515293148.0,36653066510.14
2023-07-21,002236,18.74,18.83,18.27,18.45,53363824.0,1099151342.0,36143724057.299995
2023-07-24,002236,18.47,19.25,18.47,18.71,45964611.0,965316928.0,36653066510.14
2023-07-25,002236,18.92,19.3,18.57,18.98,50972645.0,1078416205.0,37181999057.32
2023-07-26,002236,18.96,18.96,18.14,18.28,52161662.0,1067016033.0,35810692453.520004
2023-07-27,002236,18.23,18.38,17.94,18.0,31185592.0,629283100.0,35262169812.0
2023-07-28,002236,17.91,18.45,17.86,18.36,46924777.0,954639815.0,35967413208.24
2023-07-31,002236,18.35,20.19,18.09,19.7,110587304.0,2404003309.0,38592485849.799995
2023-08-01,002236,19.52,19.69,19.32,19.5,45998727.0,998589853.0,38200683963.0
2023-08-02,002236,19.39,19.5,19.14,19.38,34148937.0,733938615.0,37965602830.92
2023-08-03,002236,19.21,19.43,18.53,18.83,57840424.0,1215616414.0,36888147642.21999
2023-08-04,002236,18.83,20.24,18.83,20.01,103203141.0,2269454034.0,39199778774.340004
2023-08-07,002236,20.01,20.43,19.72,20.04,70868929.0,1582892254.0,39258549057.36
2023-08-08,002236,19.91,20.06,19.6,19.66,31423278.0,692473853.0,38514125472.44
2023-08-09,002236,19.66,19.85,18.87,18.97,45801397.0,984630833.0,37162408962.979996
2023-08-10,002236,18.95,19.1,18.74,18.97,31861600.0,671635888.0,37162408962.979996
2023-08-11,002236,18.9,19.05,18.35,18.35,39426213.0,817335003.0,35947823113.9
2023-08-14,002236,18.34,18.67,18.03,18.64,34401147.0,703666230.0,36515935849.76
2023-08-15,002236,18.59,18.89,18.09,18.33,31931584.0,655402660.0,35908642925.21999
2023-08-16,002236,18.2,18.26,17.3,17.44,67321899.0,1321595817.0,34165124528.960003
2023-08-17,002236,17.38,17.84,17.24,17.77,38285117.0,751101000.0,34811597642.18
2023-08-18,002236,17.69,18.18,17.58,17.61,36705067.0,730139389.0,34498156132.74
2023-08-21,002236,17.56,18.26,17.46,17.85,39980714.0,800160907.0,34968318396.9
2023-08-22,002236,18.0,18.59,17.64,18.58,51013102.0,1029263322.0,36398395283.71999
2023-08-23,002236,18.35,18.49,17.79,17.86,41763740.0,840407702.0,34987908491.24
2023-08-24,002236,18.09,18.45,17.91,18.02,35820617.0,724565966.0,35301350000.68
2023-08-25,002236,17.77,17.77,16.77,17.41,77498608.0,1481554232.0,34106354245.94
2023-08-28,002236,18.67,18.69,18.0,18.14,66477362.0,1350548135.0,35536431132.76
2023-08-29,002236,18.12,19.4,18.01,19.22,84633823.0,1773094381.0,37652161321.479996
2023-08-30,002236,19.3,19.4,19.03,19.23,60153490.0,1288536773.0,37671751415.82
2023-08-31,002236,19.25,19.84,19.05,19.37,64738921.0,1401335681.0,37946012736.58
2023-09-01,002236,19.34,19.52,19.17,19.32,32144670.0,692589500.0,37848062264.88
2023-09-04,002236,19.43,19.64,19.21,19.49,39065487.0,846436201.0,38181093868.659996
2023-09-05,002236,19.37,19.69,19.12,19.14,40474310.0,872971149.0,37495440566.76
2023-09-06,002236,19.02,19.29,18.64,19.05,36261686.0,767244105.0,37319129717.700005
2023-09-07,002236,18.9,19.18,18.51,18.53,27669978.0,578935976.0,36300444812.020004
2023-09-08,002236,18.49,18.98,18.2,18.62,27357816.0,567611838.0,36476755661.08
2023-09-11,002236,18.53,19.32,18.4,19.0,38660319.0,811838633.0,37221179246.0
2023-09-12,002236,18.89,19.22,18.76,19.08,30559965.0,647115852.0,37377900000.71999
2023-09-13,002236,18.86,19.03,18.33,18.43,30910487.0,638118442.0,36104543868.62
2023-09-14,002236,18.41,18.53,18.15,18.31,19119103.0,390391364.0,35869462736.54
2023-09-15,002236,18.4,18.45,17.91,18.45,27715891.0,561515437.0,36143724057.299995
2023-09-18,002236,18.13,18.35,17.92,18.06,24711000.0,498280399.0,35379710378.04
2023-09-19,002236,18.0,18.1,17.73,17.77,22474150.0,447092228.0,34811597642.18
2023-09-20,002236,17.81,18.14,17.78,17.91,16592800.0,332181864.0,35085858962.94
2023-09-21,002236,17.85,18.18,17.68,17.77,22145052.0,441913601.0,34811597642.18
2023-09-22,002236,17.7,18.88,17.57,18.79,54731179.0,1127762158.0,36809787264.86
2023-09-25,002236,18.72,18.89,18.47,18.49,29254279.0,607780004.0,36222084434.659996
2023-09-26,002236,19.49,20.34,19.12,20.34,101034173.0,2238530945.0,39846251887.56
2023-09-27,002236,20.35,20.8,20.07,20.54,127197368.0,2899138065.0,40238053774.36
2023-09-28,002236,20.38,20.51,19.86,19.99,62474467.0,1397681021.0,39160598585.659996
2023-10-09,002236,20.0,20.44,19.89,20.29,60930794.0,1374735955.0,39748301415.86
2023-10-10,002236,20.27,20.78,20.24,20.45,49439335.0,1130454825.0,40061742925.299995
2023-10-11,002236,20.53,20.94,20.33,20.44,48249020.0,1108361635.0,40042152830.96
2023-10-12,002236,20.63,20.84,20.09,20.26,46963463.0,1066690305.0,39689531132.840004
2023-10-13,002236,20.09,20.18,19.69,19.87,35014822.0,776665087.0,38925517453.58
2023-10-16,002236,19.75,20.14,19.62,19.75,33955781.0,749928146.0,38690436321.5
2023-10-17,002236,19.75,20.24,19.74,19.86,28709098.0,637039483.0,38905927359.24
2023-10-18,002236,19.63,19.76,19.2,19.63,32778099.0,712025492.0,38455355189.42
2023-10-19,002236,19.64,19.84,19.34,19.35,26571013.0,578919814.0,37906832547.9
2023-10-20,002236,19.25,19.44,18.74,18.79,36959715.0,780541381.0,36809787264.86
2023-10-23,002236,19.01,19.18,18.55,18.94,43409161.0,911290416.0,37103638679.96
2023-10-24,002236,18.87,19.03,17.61,17.76,86351577.0,1721322045.0,34792007547.840004
2023-10-25,002236,17.95,18.44,17.28,17.56,69501456.0,1375664699.0,34400205661.04
2023-10-26,002236,17.56,18.02,16.79,18.01,85158428.0,1646411181.0,35281759906.340004
2023-10-27,002236,17.86,18.43,17.65,18.15,56032802.0,1128459671.0,35556021227.1
2023-10-30,002236,18.11,18.6,17.77,18.5,46533989.0,947628966.0,36241674529.0
2023-10-31,002236,18.41,18.51,18.1,18.31,27839877.0,567004891.0,35869462736.54
2023-11-01,002236,18.29,18.45,17.86,17.94,29146517.0,586549681.0,35144629245.96
2023-11-02,002236,17.88,18.18,17.73,17.75,21333889.0,425268964.0,34772417453.5
2023-11-03,002236,17.91,18.51,17.87,18.23,38378210.0,778382116.0,35712741981.82
2023-11-06,002236,18.32,19.26,18.23,19.25,57070449.0,1201508797.0,37710931604.5
2023-11-07,002236,19.08,19.49,18.97,19.34,40227183.0,860859192.0,37887242453.56
2023-11-08,002236,19.3,19.49,19.06,19.25,31614170.0,678352544.0,37710931604.5
2023-11-09,002236,19.2,19.6,19.03,19.19,26559597.0,569496386.0,37593391038.46
2023-11-10,002236,19.12,19.29,18.86,18.97,20733933.0,439658894.0,37162408962.979996
2023-11-13,002236,19.02,19.66,18.98,19.09,37543025.0,806162514.0,37397490095.06
2023-11-14,002236,19.13,19.25,18.87,18.95,29448679.0,624344859.0,37123228774.299995
2023-11-15,002236,19.12,19.48,19.04,19.22,39803948.0,853003501.0,37652161321.479996
2023-11-16,002236,19.29,19.34,19.02,19.02,25796643.0,543018947.0,37260359434.68
2023-11-17,002236,18.99,19.29,18.72,18.93,29835648.0,620010719.0,37084048585.62
2023-11-20,002236,18.94,19.01,18.53,18.6,36571494.0,750179366.0,36437575472.4
2023-11-21,002236,18.67,18.71,18.18,18.21,39332267.0,794664088.0,35673561793.14
2023-11-22,002236,18.17,18.19,17.89,17.89,27591312.0,546206840.0,35046678774.26
2023-11-23,002236,17.93,18.3,17.76,18.27,31597407.0,627236072.0,35791102359.18
2023-11-24,002236,18.23,18.23,17.8,17.87,26094561.0,513135442.0,35007498585.58
2023-11-27,002236,17.85,18.03,17.7,17.98,21304236.0,418086520.0,35222989623.32
2023-11-28,002236,17.99,18.12,17.81,18.09,19304240.0,382040437.0,35438480661.06
2023-11-29,002236,18.07,18.07,17.76,17.76,20505911.0,402186420.0,34792007547.840004
2023-11-30,002236,17.73,17.85,17.48,17.6,21694741.0,419742503.0,34478566038.4
2023-12-01,002236,17.58,18.19,17.5,18.09,30602230.0,601695336.0,35438480661.06
2023-12-04,002236,18.09,18.12,17.71,17.78,27652470.0,542042380.0,34831187736.520004
2023-12-05,002236,17.69,17.69,17.38,17.39,22013798.0,423094747.0,34067174057.260002
2023-12-06,002236,17.39,17.51,17.19,17.21,27239102.0,517732875.0,33714552359.140003
2023-12-07,002236,17.24,17.84,17.24,17.58,34703160.0,670035772.0,34439385849.71999
2023-12-08,002236,17.78,18.35,17.72,18.08,53773478.0,1070115750.0,35418890566.71999
2023-12-11,002236,17.94,18.14,17.6,18.11,34400125.0,674943529.0,35477660849.74
2023-12-12,002236,18.11,18.3,17.91,17.97,23698554.0,469889710.0,35203399528.979996
2023-12-13,002236,17.9,17.98,17.38,17.44,34160372.0,661891714.0,34165124528.960003
2023-12-14,002236,17.55,17.79,17.28,17.36,23970665.0,460488995.0,34008403774.239998
2023-12-15,002236,17.4,17.42,17.03,17.04,33486049.0,631038239.0,33381520755.359997
2023-12-18,002236,16.96,17.1,16.81,16.88,18330412.0,341269988.0,33068079245.92
2023-12-19,002236,16.92,17.12,16.77,17.09,17120205.0,319217686.0,33479471227.06
2023-12-20,002236,17.12,17.12,16.31,16.32,38256214.0,696719173.0,31971033962.88
2023-12-21,002236,16.37,16.69,16.24,16.63,25501816.0,461656078.0,32578326887.42
2023-12-22,002236,16.58,16.62,16.12,16.22,27722353.0,497397960.0,31775133019.48
2023-12-25,002236,16.19,16.56,16.19,16.4,17121081.0,308650099.0,32127754717.6
2023-12-26,002236,16.4,16.4,15.98,16.07,21596723.0,381603701.0,31481281604.38
2023-12-27,002236,16.06,16.26,16.03,16.11,20145295.0,357105996.0,31559641981.739998
2023-12-28,002236,16.11,16.68,16.0,16.58,32833731.0,593029565.0,32480376415.719997
2023-12-29,002236,16.56,16.94,16.46,16.8,25012281.0,460441754.0,32911358491.2
2024-01-02,002236,16.77,16.83,16.35,16.38,29389426.0,531515417.0,32088574528.92
2024-01-03,002236,16.36,16.57,16.12,16.21,22704767.0,406152369.0,31755542925.140003
2024-01-04,002236,16.17,16.19,15.79,15.95,25121882.0,439294954.0,31246200472.3
2024-01-05,002236,15.86,16.02,15.38,15.49,31139902.0,536538738.0,30345056132.66
2024-01-08,002236,15.53,15.57,15.33,15.36,22032582.0,373845203.0,30090384906.239998
2024-01-09,002236,15.37,15.54,14.91,15.07,39395731.0,654608231.0,29522272170.38
2024-01-10,002236,15.03,15.16,14.62,14.93,29961584.0,490416183.0,29248010849.62
2024-01-11,002236,14.93,15.42,14.89,15.33,26535644.0,444018370.0,30031614623.22
2024-01-12,002236,16.17,16.21,15.44,15.47,59871061.0,1029255517.0,30305875943.98
2024-01-15,002236,15.35,15.64,15.22,15.48,33600962.0,570155436.0,30325466038.32
2024-01-16,002236,15.47,15.57,15.29,15.5,27944800.0,472548063.0,30364646227.0
2024-01-17,002236,15.5,15.55,15.24,15.24,22762729.0,385823713.0,29855303774.16
2024-01-18,002236,15.19,15.55,14.99,15.54,34535575.0,578962408.0,30443006604.359997
2024-01-19,002236,15.48,15.65,15.4,15.59,29868107.0,509568196.0,30540957076.06
2024-01-22,002236,15.6,15.65,14.9,15.07,30322484.0,511438641.0,29522272170.38
2024-01-23,002236,15.03,15.44,14.8,15.34,34840932.0,581343062.0,30051204717.56
2024-01-24,002236,15.35,15.44,14.76,15.34,31681425.0,526890800.0,30051204717.56
2024-01-25,002236,15.3,15.75,15.22,15.74,38125982.0,651912535.0,30834808491.16
2024-01-26,002236,15.66,15.96,15.62,15.69,34350657.0,595743095.0,30736858019.46
2024-01-29,002236,15.69,15.75,15.01,15.03,32335616.0,542846411.0,29443911793.02
2024-01-30,002236,14.93,15.34,14.75,14.84,23420050.0,387357465.0,29071700000.56
2024-01-31,002236,14.8,14.84,14.15,14.15,35220922.0,556730767.0,27719983491.100002
2024-02-01,002236,14.17,15.12,14.04,14.93,45337460.0,735695018.0,29248010849.62
2024-02-02,002236,14.84,15.07,14.13,14.47,38633549.0,617716727.0,28346866509.98
2024-02-05,002236,14.37,14.82,13.69,14.34,43489760.0,680475650.0,28092195283.56
2024-02-06,002236,14.12,15.16,14.03,15.04,45587987.0,737859638.0,29463501887.359997
2024-02-07,002236,15.03,15.54,14.85,15.41,47581069.0,798987147.0,30188335377.94
2024-02-08,002236,15.42,15.94,15.42,15.94,52757477.0,912481131.0,31226610377.96
2024-02-19,002236,16.84,16.84,16.13,16.5,75766826.0,1374936721.0,32323655661.0
2024-02-20,002236,16.3,16.3,16.05,16.23,36382163.0,646493718.0,31794723113.82
2024-02-21,002236,16.21,16.57,16.07,16.25,42443469.0,761211130.0,31833903302.5
2024-02-22,002236,16.38,16.65,16.3,16.56,44958283.0,813623077.0,32441196227.039997
2024-02-23,002236,16.57,16.6,16.21,16.4,50388983.0,903943514.0,32127754717.6
2024-02-26,002236,16.42,16.62,16.33,16.45,48745571.0,882498764.0,32225705189.3
2024-02-27,002236,16.35,17.34,16.22,17.24,84490073.0,1560770883.0,33773322642.159996
2024-02-28,002236,17.23,17.35,16.28,16.28,77366170.0,1433440116.0,31892673585.52
2024-02-29,002236,16.2,16.9,16.12,16.86,55526226.0,1015850734.0,33028899057.239998
2024-03-01,002236,16.8,17.46,16.76,17.35,75387165.0,1421814831.0,33988813679.9
2024-03-04,002236,17.52,17.75,17.1,17.37,69670093.0,1327358056.0,34027993868.58
2024-03-05,002236,17.18,19.11,17.09,19.11,141801366.0,2853872051.0,37436670283.74
2024-03-06,002236,18.92,18.92,18.07,18.3,170420518.0,3438755375.0,35849872642.200005
2024-03-07,002236,18.2,18.46,17.58,17.71,110763700.0,2187511722.0,34694057076.14
2024-03-08,002236,17.78,18.3,17.57,18.3,90273854.0,1779832111.0,35849872642.200005
2024-03-11,002236,17.74,18.09,17.66,18.07,77208649.0,1514390027.0,35399300472.38
2024-03-12,002236,18.07,18.61,17.85,18.45,104624487.0,2094959630.0,36143724057.299995
2024-03-13,002236,18.4,18.46,17.98,18.05,72575818.0,1446024759.0,35360120283.700005
2024-03-14,002236,18.03,18.03,17.36,17.58,67777577.0,1314934713.0,34439385849.71999
2024-03-15,002236,17.53,17.82,17.38,17.76,46827865.0,903701332.0,34792007547.840004
2024-03-18,002236,17.79,17.99,17.6,17.96,64367700.0,1258014322.0,35183809434.64
2024-03-19,002236,17.84,17.92,17.58,17.58,56463781.0,1097399202.0,34439385849.71999
2024-03-20,002236,17.61,17.92,17.57,17.75,46014121.0,895844176.0,34772417453.5
2024-03-21,002236,17.85,18.24,17.71,17.89,79986214.0,1582433086.0,35046678774.26
2024-03-22,002236,17.79,17.86,17.25,17.37,63399984.0,1216136215.0,34027993868.58
2024-03-25,002236,17.39,18.65,17.37,17.82,122292419.0,2428736576.0,34909548113.88
2024-03-26,002236,17.85,17.93,17.17,17.27,72104691.0,1379771628.0,33832092925.18
2024-03-27,002236,17.28,17.3,16.46,16.51,52836733.0,974090995.0,32343245755.340004
2024-03-28,002236,16.46,17.19,16.46,16.96,51875498.0,963093598.0,33224800000.640003
2024-03-29,002236,16.87,17.26,16.71,17.21,37986285.0,708454219.0,33714552359.140003
2024-04-01,002236,17.28,17.5,17.22,17.39,41684156.0,794131008.0,34067174057.260002
2024-04-02,002236,17.28,17.4,16.9,17.01,39916586.0,747022049.0,33322750472.340004
2024-04-03,002236,16.99,17.0,16.61,16.65,32623251.0,599258404.0,32617507076.1
2024-04-08,002236,16.65,16.76,16.49,16.52,32927914.0,599899425.0,32362835849.68
2024-04-09,002236,16.52,16.7,16.26,16.66,36831404.0,666758339.0,32637097170.44
2024-04-10,002236,16.65,16.65,16.03,16.1,38135688.0,679504406.0,31540051887.4
2024-04-11,002236,16.0,16.4,15.96,16.16,27339975.0,487344676.0,31657592453.44
2024-04-12,002236,16.18,16.66,16.08,16.47,40459287.0,725277010.0,32264885377.98
2024-04-15,002236,16.46,17.09,16.31,16.95,63669975.0,1172212593.0,33205209906.3
2024-04-16,002236,16.58,16.62,15.98,16.01,65736031.0,1177264078.0,33333808073.160004
2024-04-17,002236,16.05,16.66,16.05,16.51,53633953.0,967060831.0,34374838931.16
2024-04-18,002236,16.39,16.83,16.01,16.36,61928588.0,1111466589.0,34062529673.76
2024-04-19,002236,16.16,16.19,15.73,15.75,53934610.0,943231773.0,32792472027.0
2024-04-22,002236,15.57,15.72,15.16,15.37,49480143.0,837141657.0,32001288574.92
2024-04-23,002236,15.42,15.53,15.21,15.29,29275992.0,492678204.0,31834723637.64
2024-04-24,002236,15.37,15.63,15.31,15.54,34699205.0,589716734.0,32355239066.64
2024-04-25,002236,15.45,15.52,15.28,15.34,29347645.0,495780650.0,31938826723.44
2024-04-26,002236,15.35,15.92,15.35,15.81,51041990.0,879764894.0,32917395729.960003
2024-04-29,002236,15.83,16.8,15.81,16.56,81062916.0,1456838558.0,34478942016.96
2024-04-30,002236,16.56,16.56,16.27,16.38,39251714.0,706848419.0,34104170908.079998
2024-05-06,002236,16.64,16.71,16.36,16.46,44530858.0,808582161.0,34270735845.36
2024-05-07,002236,16.47,16.68,16.31,16.43,40000550.0,724041703.0,34208273993.88
2024-05-08,002236,16.35,16.36,15.94,15.96,36382297.0,643063303.0,33229704987.36
2024-05-09,002236,15.96,16.24,15.95,16.13,28839659.0,510175514.0,33583655479.079998
2024-05-10,002236,16.13,16.17,15.72,15.92,35291392.0,614878915.0,33146422518.72
2024-05-13,002236,15.83,16.35,15.71,16.09,41586869.0,734384321.0,33500373010.44
2024-05-14,002236,16.11,16.43,15.96,16.03,32547380.0,577678363.0,33375449307.480003
2024-05-15,002236,16.01,16.16,15.82,15.85,23653200.0,414289990.0,33000678198.6
2024-05-16,002236,15.93,16.05,15.81,15.84,28228715.0,493420028.0,32979857581.44
2024-05-17,002236,15.83,15.95,15.62,15.95,26981750.0,468728119.0,33208884370.199997
2024-05-20,002236,15.95,16.37,15.88,16.3,46054433.0,819924368.0,33937605970.800003
2024-05-21,002236,16.34,16.46,16.16,16.21,25027110.0,446950267.0,33750220416.36
2024-05-22,002236,16.28,16.35,16.05,16.32,25266983.0,440813341.0,33979247205.12
2024-05-23,002236,16.36,16.41,15.91,15.96,29793799.0,513857795.0,33229704987.36
2024-05-24,002236,15.97,15.99,15.58,15.6,29684521.0,502410286.0,32480162769.6
2024-05-27,002236,15.73,15.73,15.26,15.56,28949655.0,479848831.0,32396880300.960003
2024-05-28,002236,15.56,15.65,15.28,15.32,22822778.0,378382823.0,31897185489.12
2024-05-29,002236,15.32,15.45,15.16,15.24,20074920.0,329914948.0,31730620551.84
2024-05-30,002236,15.17,15.23,15.03,15.14,20999244.0,341223337.0,31522414380.24
2024-05-31,002236,15.16,15.39,15.16,15.25,22861429.0,375658263.0,31751441169.0
2024-06-03,002236,15.26,15.59,15.08,15.37,30043683.0,495397561.0,32001288574.92
2024-06-04,002236,15.26,15.39,15.21,15.35,21224426.0,349050505.0,31959647340.6
2024-06-05,002236,15.38,15.66,15.33,15.45,34510562.0,575774907.0,32167853512.199997
2024-06-06,002236,15.49,15.59,15.16,15.23,29127601.0,480184705.0,31709799934.68
2024-06-07,002236,15.29,15.34,14.9,15.03,27096893.0,438849501.0,31293387591.48
2024-06-11,002236,14.94,15.15,14.77,15.14,27264087.0,438977145.0,31522414380.24
2024-06-12,002236,15.05,15.33,15.01,15.17,20680813.0,338334135.0,31584876231.72
2024-06-13,002236,15.23,15.26,15.06,15.09,17783009.0,289425617.0,31418311294.44
2024-06-14,002236,15.05,15.43,15.01,15.39,32122162.0,528140469.0,32042929809.24
2024-06-17,002236,15.35,15.46,15.27,15.29,27086988.0,447241943.0,31834723637.64
2024-06-18,002236,15.3,15.55,15.25,15.45,27234585.0,451367506.0,32167853512.199997
2024-06-19,002236,15.54,15.6,15.26,15.29,24010915.0,396927204.0,31834723637.64
2024-06-20,002236,15.18,15.2,14.7,14.7,46501701.0,743852373.0,30606307225.199997
2024-06-21,002236,14.7,14.93,14.63,14.78,21769158.0,345177287.0,30772872162.48
2024-06-24,002236,14.61,14.74,14.33,14.35,30015016.0,468396583.0,29877585624.6
2024-06-25,002236,14.41,14.57,13.94,14.03,30740045.0,469056299.0,29211325875.48
2024-06-26,002236,14.03,14.56,13.94,14.51,24560028.0,376254822.0,30210715499.16
2024-06-27,002236,14.45,14.49,14.2,14.22,19332484.0,297516215.0,29606917601.52
2024-06-28,002236,14.22,14.48,14.18,14.39,26141400.0,403421247.0,29960868093.24
2024-07-01,002236,14.28,14.4,14.05,14.33,20413390.0,312327511.0,29835944390.28
2024-07-02,002236,14.35,14.44,14.15,14.19,16134059.0,248070500.0,29544455750.039997
2024-07-03,002236,14.13,14.19,13.87,14.0,20940832.0,315433021.0,29148864024.0
2024-07-04,002236,14.01,14.16,13.79,13.82,19691809.0,295161360.0,28774092915.12
2024-07-05,002236,13.86,13.88,13.55,13.76,21938935.0,322382141.0,28649169212.16
2024-07-08,002236,13.66,13.7,13.22,13.28,24621427.0,354970210.0,27649779588.48
2024-07-09,002236,13.28,13.68,13.23,13.67,31592636.0,457696256.0,28461783657.72
2024-07-10,002236,13.59,14.0,13.57,13.77,25191064.0,374271631.0,28669989829.32
2024-07-11,002236,14.03,14.24,13.87,14.18,35908133.0,543107709.0,29523635132.88
2024-07-12,002236,14.13,14.13,13.93,13.99,20930416.0,315165586.0,29128043406.84
2024-07-15,002236,13.94,13.99,13.8,13.9,14369550.0,214762513.0,29222306324.4
2024-07-16,002236,13.85,14.12,13.83,14.1,21373214.0,322015486.0,29642771163.6
2024-07-17,002236,14.09,14.11,13.94,13.95,15969343.0,240391976.0,29327422534.199997
2024-07-18,002236,13.86,13.91,13.62,13.88,22830312.0,337907103.0,29180259840.480003
2024-07-19,002236,13.8,14.14,13.78,14.07,22943095.0,345807878.0,29579701437.72
2024-07-22,002236,14.1,14.13,13.97,14.05,16515697.0,249286977.0,29537654953.800003
2024-07-23,002236,14.04,14.05,13.49,13.5,27600279.0,407100353.0,28381376646.0
2024-07-24,002236,13.44,13.54,13.27,13.32,19651231.0,282354690.0,28002958290.72
2024-07-25,002236,13.23,13.5,13.17,13.39,14408431.0,206787624.0,28150120984.440002
2024-07-26,002236,13.39,13.63,13.38,13.52,14271990.0,207396853.0,28423423129.92
2024-07-29,002236,13.51,13.58,13.4,13.4,12033039.0,174304800.0,28171144226.4
2024-07-30,002236,13.37,13.39,13.18,13.36,15391756.0,219949927.0,28087051258.559998
2024-07-31,002236,13.35,13.96,13.34,13.96,31601541.0,467969637.0,29348445776.160004
2024-08-01,002236,13.96,14.09,13.86,13.88,18397373.0,275965095.0,29180259840.480003
2024-08-02,002236,13.76,13.98,13.67,13.69,19417812.0,288090899.0,28780818243.239998
2024-08-05,002236,13.61,13.77,13.17,13.17,30489786.0,439178333.0,27687609661.32
2024-08-06,002236,13.35,13.39,13.18,13.29,18427155.0,262660055.0,27939888564.839996
2024-08-07,002236,13.3,13.35,12.96,13.02,32809615.0,463089309.0,27372261031.92
2024-08-08,002236,12.96,13.05,12.78,12.97,22986620.0,318636901.0,27250076431.82
2024-08-09,002236,13.05,13.19,12.75,12.77,22025732.0,306116945.0,26829874790.62
2024-08-12,002236,12.75,12.79,12.67,12.72,14336160.0,196050933.0,26724824380.32
2024-08-13,002236,12.75,12.79,12.62,12.74,12993890.0,177088582.0,26766844544.44
2024-08-14,002236,12.74,12.83,12.69,12.79,14155776.0,194085654.0,26871894954.739998
2024-08-15,002236,12.73,13.06,12.67,12.93,19317291.0,268411391.0,27166036103.579998
2024-08-16,002236,12.91,13.07,12.89,12.96,14642740.0,204574428.0,27229066349.760002
2024-08-19,002236,12.93,13.05,12.77,12.78,24231933.0,335173663.0,26850884872.68
2024-08-20,002236,12.79,12.8,12.51,12.56,19759057.0,267426519.0,26388663067.36
2024-08-21,002236,12.52,12.61,12.33,12.35,20358029.0,272708618.0,25947451344.1
2024-08-22,002236,12.35,12.4,12.05,12.12,26388049.0,346066868.0,25464219456.719997
2024-08-23,002236,12.12,12.27,12.05,12.2,21301731.0,278509985.0,25632300113.199997
2024-08-26,002236,12.37,12.65,12.3,12.45,30150195.0,405034509.0,26157552164.699997
2024-08-27,002236,12.34,12.39,12.11,12.15,18701712.0,245344128.0,25527249702.9
2024-08-28,002236,12.11,12.29,12.06,12.26,16772471.0,219551070.0,25758360605.56
2024-08-29,002236,12.22,12.52,12.19,12.42,20030626.0,267060718.0,26094521918.52
2024-08-30,002236,12.39,12.93,12.39,12.77,34044547.0,467102447.0,26829874790.62
2024-09-02,002236,12.76,12.84,12.58,12.58,22774493.0,310412072.0,26430683231.48
2024-09-03,002236,12.58,12.86,12.57,12.78,19531606.0,267684132.0,26850884872.68
2024-09-04,002236,12.66,12.84,12.65,12.74,18550174.0,254619751.0,26766844544.44
2024-09-05,002236,12.73,12.92,12.72,12.79,16386431.0,225448024.0,26871894954.739998
2024-09-06,002236,12.79,12.83,12.58,12.58,14487500.0,197364541.0,26430683231.48
2024-09-09,002236,12.5,12.61,12.35,12.44,16299542.0,217814662.0,26136542082.64
2024-09-10,002236,12.48,12.72,12.36,12.65,17340129.0,233367118.0,26577753805.9
2024-09-11,002236,12.65,12.77,12.56,12.66,15333558.0,209106198.0,26598763887.96
2024-09-12,002236,12.73,12.84,12.58,12.58,12151772.0,165831704.0,26430683231.48
2024-09-13,002236,12.58,12.7,12.52,12.58,13657782.0,185230238.0,26430683231.48
2024-09-18,002236,12.57,12.68,12.42,12.64,15374869.0,207409930.0,26556743723.84
2024-09-19,002236,12.69,12.97,12.57,12.91,23195026.0,320155379.0,27124015939.46
2024-09-20,002236,12.93,13.27,12.87,13.17,32945512.0,457499253.0,27670278073.02
2024-09-23,002236,13.18,13.49,13.12,13.28,29534184.0,417242372.0,27901388975.68
2024-09-24,002236,13.32,13.67,13.15,13.57,49335790.0,702603950.0,28510681355.420002
2024-09-25,002236,13.7,13.97,13.7,13.78,50657695.0,743343161.0,28951893078.68
2024-09-26,002236,13.72,14.19,13.68,14.18,45214544.0,668742065.0,29792296361.079998
2024-09-27,002236,14.32,15.17,14.29,15.08,88175199.0,1378715455.0,31683203746.48
2024-09-30,002236,15.7,16.35,15.37,16.24,138945149.0,2345575938.0,34120373265.439995
2024-10-08,002236,17.86,17.86,16.25,17.43,154328864.0,2827899698.0,36620573030.58
2024-10-09,002236,16.93,16.93,15.76,15.79,105311957.0,1823052813.0,33174919572.739998
2024-10-10,002236,15.94,16.24,15.48,15.78,62657887.0,1056993985.0,33153909490.68
2024-10-11,002236,15.65,15.76,14.85,15.0,53950361.0,870277158.0,31515123090.0
2024-10-14,002236,14.99,15.62,14.96,15.5,64239007.0,1042678480.0,32565627193.0
2024-10-15,002236,15.42,15.66,15.2,15.2,43900944.0,719482137.0,31935324731.199997
2024-10-16,002236,14.99,15.22,14.86,15.0,40297892.0,641764034.0,31515123090.0
2024-10-17,002236,15.11,15.4,14.98,15.0,39543536.0,635926339.0,31515123090.0
2024-10-18,002236,14.91,15.77,14.87,15.48,67290100.0,1094450978.0,32523607028.88
2024-10-21,002236,15.79,16.18,15.69,15.93,75652751.0,1280346349.0,33469060721.579998
2024-10-22,002236,15.84,15.87,15.6,15.76,45868796.0,764301066.0,33111889326.56
2024-10-23,002236,15.76,15.87,15.62,15.69,39529112.0,660097741.0,32964818752.14
2024-10-24,002236,15.63,15.68,15.37,15.42,35038993.0,574637892.0,32397546536.52
2024-10-25,002236,15.45,15.63,15.29,15.51,35350539.0,579756846.0,32586637275.06
2024-10-28,002236,15.53,15.94,15.53,15.73,49816260.0,829510083.0,33048859080.38
2024-10-29,002236,15.83,15.89,15.47,15.49,48866821.0,810045040.0,32544617110.94
2024-10-30,002236,15.37,15.47,15.15,15.3,38628831.0,627359149.0,32145425551.800003
2024-10-31,002236,15.3,15.58,15.17,15.5,44374285.0,725361440.0,32565627193.0
2024-11-01,002236,15.46,15.46,15.0,15.12,46127772.0,744124946.0,31767244074.719997
2024-11-04,002236,15.15,15.42,15.14,15.36,28978836.0,470334635.0,32271486044.16
2024-11-05,002236,15.35,16.49,15.32,16.3,108592711.0,1842738593.0,34246433757.800003
2024-11-06,002236,16.33,16.4,15.94,16.16,72935264.0,1252292010.0,33952292608.96
2024-11-07,002236,15.95,16.36,15.92,16.36,62885416.0,1079310445.0,34372494250.159996
2024-11-08,002236,16.45,16.71,16.28,16.3,73722017.0,1289246237.0,34246433757.800003
2024-11-11,002236,16.27,17.26,16.06,17.15,115420373.0,2066530239.0,36032290732.899994
2024-11-12,002236,17.33,17.33,16.67,16.81,81098324.0,1461485163.0,35317947942.86
2024-11-13,002236,16.78,17.22,16.69,17.04,61005016.0,1099252164.0,35801179830.24
2024-11-14,002236,17.02,17.09,16.47,16.48,54319658.0,966563979.0,34661494376.64
2024-11-15,002236,16.4,17.37,16.4,16.69,110165741.0,1986868201.0,35103176040.420006
2024-11-18,002236,16.77,16.78,15.73,15.88,84947649.0,1450804391.0,33399546765.84
2024-11-19,002236,15.89,16.07,15.56,16.07,49860217.0,838442106.0,33799163509.260002
2024-11-20,002236,15.95,16.42,15.93,16.18,46417285.0,794791876.0,34030520571.239998
2024-11-21,002236,16.1,16.2,15.86,16.02,33367519.0,567329524.0,33694001208.36
2024-11-22,002236,16.0,16.36,15.48,15.49,56386452.0,954010785.0,32579280818.82
2024-11-25,002236,15.47,15.53,14.91,15.12,52316764.0,838440696.0,31801079792.16
2024-11-26,002236,15.07,15.23,14.99,15.0,24951391.0,399215420.0,31548690270.0
2024-11-27,002236,14.94,15.31,14.69,15.31,37828282.0,601435550.0,32200696535.58
2024-11-28,002236,15.3,15.39,15.02,15.06,33728875.0,542928553.0,31680591219.9
2024-11-29,002236,14.99,15.55,14.98,15.4,42034939.0,681721417.0,32395823691.0
2024-12-02,002236,15.43,15.6,15.29,15.52,37826786.0,620915786.0,32648324951.2
2024-12-03,002236,15.52,15.52,15.17,15.33,38954601.0,632341946.0,32248635406.05
2024-12-04,002236,15.35,15.41,15.12,15.16,28518852.0,461170185.0,31891018444.6
2024-12-05,002236,15.12,15.29,15.12,15.21,27732025.0,446859023.0,31996199903.850002
2024-12-06,002236,15.49,16.16,15.42,15.91,93862196.0,1571321118.0,33468740333.35
2024-12-09,002236,15.85,16.27,15.75,15.87,56230608.0,954261944.0,33384595165.949997
2024-12-10,002236,16.27,16.42,16.01,16.06,77327014.0,1329501528.0,33784284711.1
2024-12-11,002236,16.01,16.08,15.9,15.97,37883480.0,642007148.0,33594958084.45
2024-12-12,002236,16.0,16.06,15.76,15.95,40679607.0,684959082.0,33552885500.75
2024-12-13,002236,15.84,15.96,15.62,15.72,47565505.0,794920524.0,33069050788.2
2024-12-16,002236,15.73,15.82,15.47,15.55,32868903.0,545216130.0,32711433826.75
2024-12-17,002236,15.56,15.68,15.41,15.42,30646287.0,504861856.0,32437962032.7
2024-12-18,002236,15.53,15.8,15.39,15.67,34772786.0,576275474.0,32963869328.95
2024-12-19,002236,15.52,15.86,15.45,15.86,41651782.0,694201551.0,33363558874.1
2024-12-20,002236,15.75,16.01,15.73,15.82,35772791.0,601267316.0,33279413706.7
2024-12-23,002236,15.79,15.9,15.54,15.57,31195927.0,519646545.0,32753506410.45
2024-12-24,002236,15.55,15.72,15.43,15.62,28306916.0,467146185.0,32858687869.699997
2024-12-25,002236,15.6,15.71,15.43,15.48,27348650.0,450478892.0,32564179783.8
2024-12-26,002236,15.43,16.11,15.37,16.05,76250398.0,1288047561.0,33763248419.25
2024-12-27,002236,16.03,16.05,15.69,15.75,47807897.0,804971594.0,33132159663.75
2024-12-30,002236,15.68,15.97,15.59,15.79,33884109.0,567727698.0,33216304831.149998
2024-12-31,002236,15.83,15.88,15.07,15.09,72814328.0,1181491831.0,31752420840.51
2025-01-02,002236,15.01,15.09,14.39,14.52,49737637.0,777065579.0,30553025222.28
2025-01-03,002236,14.53,14.62,14.08,14.08,37890379.0,576258284.0,29627175973.12
2025-01-06,002236,14.1,14.23,13.9,14.01,27111781.0,403635710.0,29479881774.39
2025-01-07,002236,14.01,14.13,13.94,14.13,27289578.0,406357721.0,29732386115.070004
2025-01-08,002236,14.04,14.07,13.54,13.81,43761410.0,639765054.0,29059041206.59
2025-01-09,002236,13.78,13.91,13.68,13.78,24763643.0,362169101.0,28995915121.42
2025-01-10,002236,13.75,13.98,13.54,13.54,29220382.0,426348518.0,28491306140.859997
2025-01-13,002236,13.43,13.88,13.39,13.72,25398992.0,368828389.0,28870067965.48
2025-01-14,002236,13.78,14.24,13.69,14.23,40102958.0,596914241.0,29943226468.57
2025-01-15,002236,14.14,14.22,14.01,14.03,24501477.0,365696523.0,29522379996.77
2025-01-16,002236,14.09,14.29,13.99,14.13,26377930.0,395257057.0,29732803232.670002
2025-01-17,002236,14.06,14.31,14.03,14.2,25311050.0,380712168.0,29880099497.8
2025-01-20,002236,14.33,14.38,14.18,14.25,21829588.0,330678270.0,29985311115.75
2025-01-21,002236,14.33,14.35,14.12,14.29,22270620.0,336168265.0,30069480410.109997
2025-01-22,002236,14.18,14.41,14.18,14.3,23596090.0,357808380.0,30090522733.7
2025-01-23,002236,14.43,14.62,14.31,14.31,30246934.0,464210312.0,30111565057.29
2025-01-24,002236,14.31,14.63,14.28,14.61,30352049.0,467277538.0,30742834764.989998
2025-01-27,002236,14.48,14.55,14.29,14.29,30232513.0,461885786.0,30069480410.109997
2025-02-05,002236,14.62,14.89,14.51,14.8,53045010.0,829700616.0,31142638913.2
2025-02-06,002236,14.73,15.18,14.62,15.15,51776092.0,824275968.0,31879120238.850002
2025-02-07,002236,15.18,15.56,15.14,15.37,71815035.0,1166826839.0,32342051357.829998
2025-02-10,002236,15.41,15.5,15.31,15.46,46832155.0,765965573.0,32531432270.140003
2025-02-11,002236,15.37,15.98,15.29,15.82,78055679.0,1302494608.0,33288955919.38
2025-02-12,002236,15.83,16.22,15.77,16.11,64999112.0,1106050776.0,33899183303.489998
2025-02-13,002236,16.14,16.16,15.71,15.8,58672793.0,986705897.0,33246871272.2
2025-02-14,002236,15.69,16.65,15.62,16.28,88990457.0,1526044995.0,34256902804.520004
2025-02-17,002236,16.56,16.64,16.3,16.53,89778949.0,1570576456.0,34782960894.270004
2025-02-18,002236,16.41,17.02,16.21,16.34,89592305.0,1576434294.0,34383156746.06
2025-02-19,002236,16.42,16.63,16.27,16.49,62881246.0,1096915045.0,34698791599.909996
2025-02-20,002236,16.5,16.62,16.11,16.26,64318154.0,1109941145.0,34214818157.340004
2025-02-21,002236,16.28,16.77,16.28,16.69,86634481.0,1524943901.0,35119638071.71
2025-02-24,002236,16.82,17.14,16.44,16.9,95597495.0,1700209806.0,35561526867.1
2025-02-25,002236,16.5,17.1,16.37,16.73,78864796.0,1393162071.0,35203807366.07
2025-02-26,002236,16.69,16.96,16.46,16.59,52325032.0,919625096.0,34909214835.81
2025-02-27,002236,16.57,16.67,15.98,16.18,73192270.0,1260440054.0,34046479568.62
2025-02-28,002236,16.08,16.17,15.42,15.5,60230642.0,1008118241.0,32615601564.5
2025-03-03,002236,15.59,15.8,15.35,15.45,45423978.0,750797991.0,32510389946.55
2025-03-04,002236,15.35,15.72,15.29,15.66,37517218.0,618907500.0,32952278741.94
2025-03-05,002236,15.62,15.77,15.51,15.59,29714582.0,491412392.0,32804982476.81
2025-03-06,002236,15.87,17.14,15.87,17.14,118703962.0,2113606540.0,36066542633.26
2025-03-07,002236,17.73,18.86,17.61,18.26,465713987.0,9028331512.0,38423282875.340004
2025-03-10,002236,18.13,18.43,17.21,17.83,298056549.0,5595480807.0,37518462960.96999
2025-03-11,002236,17.68,17.8,17.26,17.59,161279490.0,2986291356.0,37013447194.81
2025-03-12,002236,17.82,18.38,17.6,17.74,214677469.0,4078740761.0,37329082048.659996
2025-03-13,002236,18.1,19.33,18.09,18.12,274841439.0,5406049242.0,38128690345.08
2025-03-14,002236,18.38,18.66,17.85,17.93,209832064.0,4036821357.0,37728886196.87
2025-03-17,002236,17.95,18.64,17.81,18.05,187304225.0,3593288252.0,37981394079.950005
2025-03-18,002236,18.04,19.27,17.94,18.73,250800062.0,4950122184.0,39412272084.07
2025-03-19,002236,18.41,18.48,17.72,17.82,185530050.0,3548097204.0,37497420637.38
2025-03-20,002236,17.73,17.82,17.32,17.33,119404171.0,2217923847.0,36466346781.46999
2025-03-21,002236,17.39,17.43,16.77,16.83,106257692.0,1918707016.0,35414230601.96999
2025-03-24,002236,16.8,16.91,16.26,16.58,87843758.0,1539311349.0,34888172512.21999
2025-03-25,002236,16.52,16.57,16.24,16.31,56864992.0,986874989.0,34375781563.27
2025-03-26,002236,16.34,16.48,16.2,16.21,55250502.0,955333965.0,34165016501.570004
2025-03-27,002236,16.18,16.43,16.03,16.23,59386155.0,1024181899.0,34207169513.91
2025-03-28,002236,16.12,16.24,16.06,16.09,38215461.0,653828161.0,33912098427.53
2025-03-31,002236,15.99,16.1,15.73,16.05,57741993.0,973920052.0,33827792402.850002
2025-04-01,002236,16.11,16.18,15.88,15.91,44541557.0,755361948.0,33532721316.47
2025-04-02,002236,15.92,16.15,15.85,15.95,38388104.0,651115117.0,33617027341.149998
2025-04-03,002236,15.72,15.84,15.48,15.53,54069598.0,896955720.0,32731814082.01
2025-04-07,002236,14.71,14.9,13.97,13.97,89977033.0,1363295644.0,29443879119.49
2025-04-08,002236,14.13,14.25,13.71,13.99,72921247.0,1080471034.0,29486032131.83
2025-04-09,002236,13.95,14.32,13.55,14.25,71650446.0,1068728984.0,30034021292.25
2025-04-10,002236,14.57,14.76,14.46,14.51,63572970.0,984871795.0,30582010452.67
2025-04-11,002236,14.33,14.7,14.29,14.56,44365046.0,683822648.0,30687392983.52
2025-04-14,002236,14.79,14.84,14.62,14.65,39920220.0,621980769.0,30877081539.05
2025-04-15,002236,14.6,14.68,14.38,14.56,30515190.0,469419883.0,30687392983.52
2025-04-16,002236,14.5,14.65,14.4,14.59,34469000.0,531083445.0,30750622502.03
2025-04-17,002236,14.45,14.64,14.44,14.6,24871539.0,385004648.0,30771699008.2
2025-04-18,002236,14.52,14.73,14.49,14.7,21939000.0,340953945.0,30982464069.899998
2025-04-21,002236,14.72,14.9,14.63,14.89,31015821.0,487076928.0,31382917687.13
2025-04-22,002236,14.85,14.93,14.77,14.85,28572414.0,450120617.0,31298611662.45
2025-04-23,002236,14.94,15.31,14.94,15.1,56369309.0,903973698.0,31825524316.7
2025-04-24,002236,15.11,15.22,15.0,15.07,31540149.0,504976927.0,31762294798.190002
2025-04-25,002236,15.05,15.2,15.01,15.17,26117134.0,418854075.0,31973059859.89
2025-04-28,002236,15.19,15.28,15.04,15.06,26866822.0,430910471.0,31741218292.02
2025-04-29,002236,15.0,15.18,14.92,15.15,23100473.0,369955932.0,31930906847.55
2025-04-30,002236,15.19,15.35,15.1,15.26,29994386.0,471781927.0,32164039487.72
2025-05-06,002236,15.41,15.61,15.36,15.61,37765957.0,603161649.0,32901746815.42
2025-05-07,002236,15.78,15.82,15.4,15.51,41938223.0,671850894.0,32690973293.22
2025-05-08,002236,15.46,15.59,15.44,15.57,31149094.0,498819335.0,32817437406.54
2025-05-09,002236,15.53,15.53,15.2,15.33,36401566.0,574921461.0,32311580953.26
2025-05-12,002236,15.48,15.52,15.4,15.52,30138017.0,480237206.0,32712050645.44
2025-05-13,002236,15.62,15.67,15.37,15.38,38633788.0,616074566.0,32416967714.36
2025-05-14,002236,15.39,15.51,15.26,15.43,26884937.0,425742955.0,32522354475.46
2025-05-15,002236,15.4,15.42,15.1,15.12,28230543.0,442419523.0,31868956556.64
2025-05-16,002236,15.06,15.19,15.04,15.12,16950699.0,264203515.0,31868956556.64
2025-05-19,002236,15.12,15.15,14.96,15.13,18932718.0,293862296.0,31890033908.86
2025-05-20,002236,15.13,15.24,15.05,15.23,20684765.0,323339594.0,32100807431.06
2025-05-21,002236,15.2,15.26,15.09,15.21,18329906.0,286630811.0,32058652726.620003
2025-05-22,002236,15.15,15.24,15.1,15.12,17016823.0,265927493.0,31868956556.64
2025-05-23,002236,15.1,15.19,14.88,14.89,25704061.0,398382496.0,31384177455.58
2025-05-26,002236,14.87,14.98,14.85,14.95,15313219.0,235481915.0,31510641568.899998
2025-05-27,002236,14.93,14.93,14.76,14.8,15123607.0,231025828.0,31194481285.600002
2025-05-28,002236,14.82,14.88,14.7,14.73,12933681.0,196820243.0,31046939820.06
2025-05-29,002236,14.8,15.04,14.77,15.03,24190157.0,372794328.0,31701876944.489998
2025-05-30,002236,14.99,14.99,14.79,14.79,18084111.0,276738594.0,31195659348.57
2025-06-03,002236,14.77,14.87,14.7,14.71,21400198.0,325407060.0,31026920149.93
2025-06-04,002236,14.75,14.91,14.72,14.87,18741425.0,286511707.0,31364398547.21
2025-06-05,002236,14.9,15.14,14.82,15.1,28694522.0,443188777.0,31849523743.3
2025-06-06,002236,15.09,15.14,15.0,15.07,18618641.0,288853943.0,31787724006.61
2025-06-09,002236,15.09,15.19,15.04,15.14,18642908.0,290616339.0,31935377668.22
2025-06-10,002236,15.14,15.17,14.8,14.89,24984310.0,384678438.0,31408043162.47
2025-06-11,002236,14.88,15.04,14.88,14.95,17545350.0,270763716.0,31534603443.85
2025-06-12,002236,14.92,15.1,14.88,14.96,19765346.0,305451538.0,31555696824.08
2025-06-13,002236,14.93,15.02,14.78,14.79,24726773.0,378784830.0,31197109360.17
2025-06-16,002236,14.76,14.96,14.73,14.93,18062722.0,277078669.0,31492416683.39
2025-06-17,002236,14.94,15.01,14.9,14.96,16450375.0,253535849.0,31555696824.08
2025-06-18,002236,14.91,15.02,14.9,15.01,17786266.0,274405576.0,31661163725.23
2025-06-19,002236,14.97,15.07,14.79,14.82,20530676.0,315700305.0,31260389500.86
2025-06-20,002236,14.78,14.88,14.74,14.75,17333081.0,264178205.0,31112735839.25
2025-06-23,002236,14.68,15.14,14.63,14.93,26014963.0,398880919.0,31492416683.39
2025-06-24,002236,14.94,15.19,14.93,15.17,33026570.0,514059069.0,31998657808.91
2025-06-25,002236,15.17,15.33,15.11,15.32,38733235.0,608440458.0,32326601397.0
2025-06-26,002236,15.3,15.45,15.26,15.35,33947071.0,537650414.0,32389904141.25
2025-06-27,002236,15.4,15.52,15.29,15.38,29985117.0,476621826.0,32453206885.5
2025-06-30,002236,15.38,15.49,15.34,15.41,25768977.0,409027715.0,32546670929.3
2025-07-01,002236,15.42,15.51,15.3,15.36,22498944.0,356889348.0,32441068492.8
2025-07-02,002236,15.36,15.41,15.15,15.21,24850791.0,390229526.0,32124261183.300003
2025-07-03,002236,15.23,15.45,15.21,15.42,23749031.0,375594070.0,32567791416.6
2025-07-04,002236,15.44,15.45,15.3,15.32,20584823.0,325762023.0,32356586543.600002
2025-07-07,002236,15.29,15.32,15.16,15.19,17774817.0,278821231.0,32082020208.7
2025-07-08,002236,15.17,15.45,15.17,15.43,28868636.0,457569862.0,32588911903.899998
2025-07-09,002236,15.45,15.49,15.29,15.36,21210650.0,336867257.0,32441068492.8
2025-07-10,002236,15.38,15.49,15.3,15.42,22996055.0,364723910.0,32567791416.6
2025-07-11,002236,15.41,15.59,15.34,15.52,36727163.0,585999186.0,32839731015.999996
2025-07-14,002236,15.55,15.55,15.45,15.45,22035940.0,351717280.0,32691613672.499996
2025-07-15,002236,15.44,15.82,15.43,15.77,54957559.0,883711153.0,33368721528.499996
2025-07-16,002236,15.72,15.8,15.57,15.61,38635702.0,623764315.0,33030167600.499996
2025-07-17,002236,15.59,15.72,15.51,15.67,34832165.0,560078045.0,33157125323.499996
2025-07-18,002236,15.67,15.9,15.65,15.73,33369193.0,541713376.0,33284083046.499996
2025-07-21,002236,15.72,15.91,15.69,15.86,30767227.0,501570194.0,33559158112.999996
2025-07-22,002236,15.86,15.87,15.63,15.84,33844290.0,549901031.0,33516838871.999996
2025-07-23,002236,15.81,15.95,15.73,15.76,33235685.0,542826467.0,33347561907.999996
2025-07-24,002236,15.79,15.98,15.77,15.98,36567851.0,598183366.0,33813073558.999996
2025-07-25,002236,15.98,16.19,15.94,16.13,39873873.0,660406597.0,34130467866.499992
2025-07-28,002236,16.28,16.34,15.97,16.11,38675773.0,641651539.0,34088148625.499996
2025-07-29,002236,16.05,16.18,15.93,16.12,30762111.0,508333883.0,34109308246.0
2025-07-30,002236,16.13,16.16,15.86,15.96,32109329.0,530284568.0,33770754317.999996
2025-07-31,002236,15.89,16.08,15.7,15.78,50914067.0,832724905.0,33389881148.999996
2025-08-01,002236,15.88,16.14,15.78,15.95,47262551.0,778098799.0,33749594697.499996
2025-08-04,002236,15.84,15.91,15.8,15.89,26809147.0,437749476.0,33622636974.499996
2025-08-05,002236,15.89,16.01,15.87,16.01,30345502.0,499049620.0,33876552420.5
2025-08-06,002236,15.96,16.16,15.95,16.13,35590729.0,589736573.0,34130467866.499992
2025-08-07,002236,16.14,16.21,15.97,16.04,27083180.0,448373764.0,33940031281.999996
2025-08-08,002236,15.99,16.03,15.9,15.9,25666660.0,421469293.0,33643796594.999996
2025-08-11,002236,15.9,16.08,15.9,16.05,26083668.0,430424989.0,33961190902.499996
2025-08-12,002236,16.09,16.17,16.05,16.11,34860775.0,578930562.0,34088148625.499996
2025-08-13,002236,16.17,16.28,16.09,16.25,43340741.0,724411682.0,34384383312.49999
2025-08-14,002236,16.26,16.33,16.06,16.11,45784296.0,764409191.0,34088148625.499996
2025-08-15,002236,16.07,16.31,16.07,16.31,44368260.0,742555494.0,34511341035.49999
2025-08-18,002236,16.66,17.94,16.65,17.65,214389564.0,3883742503.0,37346730182.49999
2025-08-19,002236,17.71,17.89,17.55,17.66,150494464.0,2747692046.0,37367889802.99999
2025-08-20,002236,17.71,17.86,17.47,17.78,101776171.0,1851370821.0,37621805249.0
2025-08-21,002236,17.93,18.11,17.59,17.7,85622140.0,1572129417.0,37452528284.99999
2025-08-22,002236,17.81,18.14,17.71,18.11,124262304.0,2296728505.0,38320072725.49999
2025-08-25,002236,18.47,18.56,17.98,18.2,136733370.0,2569710091.0,38510509309.99999
2025-08-26,002236,18.1,18.44,18.0,18.3,97505886.0,1835934935.0,38722105515.0
2025-08-27,002236,18.43,19.23,18.29,18.31,193353429.0,3741741059.0,38743265135.49999
2025-08-28,002236,18.3,18.98,18.27,18.9,141524742.0,2720574687.0,39991682744.99999
2025-08-29,002236,19.07,19.12,18.63,18.85,101683862.0,1973332798.0,39885884642.5
2025-09-01,002236,18.91,19.17,18.68,18.83,89016295.0,1730005849.0,39843565401.49999
2025-09-02,002236,18.74,18.77,18.08,18.32,121374612.0,2296699293.0,38764424756.0
2025-09-03,002236,18.39,18.54,18.08,18.13,74613729.0,1407053975.0,38362391966.49999
2025-09-04,002236,18.21,18.26,17.08,17.47,98732978.0,1791589845.0,36965857013.49999
2025-09-05,002236,17.48,17.86,17.28,17.83,66595290.0,1206520111.0,37727603351.49999
2025-09-08,002236,17.78,18.08,17.69,18.0,56320422.0,1040498336.0,38087316899.99999
2025-09-09,002236,17.92,17.93,17.53,17.61,46794721.0,853238336.0,37262091700.49999
2025-09-10,002236,17.66,17.86,17.44,17.6,41532605.0,755469432.0,37240932080.0
2025-09-11,002236,17.61,18.04,17.56,18.04,60924850.0,1120865111.0,38171955381.99999
2025-09-12,002236,17.98,18.33,17.96,18.01,62994231.0,1175769929.0,38108476520.5
2025-09-15,002236,18.03,18.08,17.78,17.84,45436299.0,837238605.0,37748762971.99999
2025-09-16,002236,17.84,18.32,17.64,18.22,66259062.0,1228290990.0,38552828550.99999
2025-09-17,002236,18.15,18.23,17.96,18.15,50661026.0,944852427.0,38404711207.49999
2025-09-18,002236,18.17,19.96,18.08,19.25,270629335.0,5397156740.0,40732269462.49999
2025-09-19,002236,19.24,19.24,18.76,18.81,128015385.0,2508502231.0,39801246160.49999
2025-09-22,002236,19.01,19.24,18.82,19.24,102338703.0,2010702709.0,40711109841.99999
2025-09-23,002236,19.58,19.67,18.7,19.08,113090336.0,2224693745.0,40372555913.99999
2025-09-24,002236,18.98,19.87,18.88,19.85,146853642.0,2963432074.0,42001846692.5
2025-09-25,002236,20.26,20.7,19.85,20.35,153047155.0,3212743843.0,43059827717.5
2025-09-26,002236,20.32,20.32,19.55,19.56,106406266.0,2177942944.0,41388217697.99999
2025-09-29,002236,19.6,19.75,19.32,19.46,88871410.0,1784526233.0,41176621493.0
2025-09-30,002236,19.55,19.94,19.46,19.55,82016988.0,1656388702.0,41367058077.5
2025-10-09,002236,19.6,21.02,19.57,20.57,151311098.0,3185393614.0,43525339368.49999
2025-10-10,002236,20.38,20.5,19.86,19.97,101306102.0,2099066688.0,42255762138.49999
2025-10-13,002236,18.93,19.55,18.92,19.49,94029878.0,1866011599.0,41240100354.49999
2025-10-14,002236,19.57,19.87,18.65,18.76,97573351.0,1927770853.0,39695448058.0
2025-10-15,002236,18.78,19.26,18.64,19.24,67270873.0,1314218121.0,40711109841.99999
2025-10-16,002236,19.1,19.5,18.87,18.94,54370625.0,1065666855.0,40076321227.0
2025-10-17,002236,18.88,18.95,18.07,18.1,77485110.0,1466261969.0,38298913105.0
2025-10-20,002236,18.34,18.49,18.1,18.21,43886283.0,827067812.0,38531668930.5
2025-10-21,002236,18.32,18.86,18.25,18.8,65008188.0,1243858973.0,39780086540.0
2025-10-22,002236,18.64,18.88,18.36,18.71,48341564.0,927341045.0,39589649955.5
2025-10-23,002236,18.58,18.87,18.4,18.83,39756489.0,762560497.0,39843565401.49999
2025-10-24,002236,19.05,19.53,19.03,19.37,78608317.0,1563075429.0,40986184908.5
2025-10-27,002236,19.8,21.31,19.75,20.86,234462219.0,5059885821.0,44138968362.99999
2025-10-28,002236,20.91,20.91,20.34,20.52,126440712.0,2686325905.0,43419541265.99999
2025-10-29,002236,20.52,20.6,20.26,20.54,80387100.0,1693332354.0,43461860506.99999
2025-10-30,002236,20.53,20.71,20.19,20.21,72260974.0,1519101840.0,42763593030.5
2025-10-31,002236,20.07,20.28,19.8,19.85,66117853.0,1363908629.0,42001846692.5
2025-11-03,002236,19.97,20.06,19.65,19.99,57553542.0,1178638083.0,42298081379.49999
2025-11-04,002236,19.93,19.95,19.44,19.62,53776626.0,1090138094.0,41515175421.0
2025-11-05,002236,19.3,19.61,19.12,19.54,48647914.0,970491481.0,41345898456.99999
2025-11-06,002236,19.6,20.12,19.53,19.99,67273446.0,1380574124.0,42298081379.49999
2025-11-07,002236,19.85,19.94,19.71,19.71,40915535.0,834561831.0,41705612005.5
2025-11-10,002236,19.76,19.88,19.38,19.47,50392800.0,1014541929.0,41197781113.49999
2025-11-11,002236,19.55,19.63,19.15,19.2,44113239.0,878148579.0,40626471359.99999
2025-11-12,002236,19.26,19.34,18.89,19.0,44929520.0,883698816.0,40203278949.99999
2025-11-13,002236,19.07,19.63,19.07,19.42,54520521.0,1090089390.0,41091983011.0
2025-11-14,002236,19.21,19.26,18.98,18.98,38022989.0,748767033.0,40160959709.0
2025-11-17,002236,18.94,18.96,18.55,18.65,40761136.0,785617825.0,39462692232.49999
2025-11-18,002236,18.78,18.9,18.55,18.63,30655564.0,591674957.0,39420372991.49999
2025-11-19,002236,18.63,18.79,18.43,18.56,28405826.0,543612668.0,39272255647.99999
2025-11-20,002236,18.68,18.73,18.41,18.42,22667154.0,433593160.0,38976020961.0
2025-11-21,002236,18.15,18.32,17.85,17.86,43902259.0,815604420.0,37791082212.99999
2025-11-24,002236,17.98,18.27,17.76,18.19,32290054.0,599530847.0,38489349689.5
2025-11-25,002236,18.26,18.54,18.23,18.26,36945233.0,699977950.0,38637467033.0
2025-11-26,002236,18.2,18.46,18.16,18.3,24285276.0,458984676.0,38722105515.0
2025-11-27,002236,18.28,18.48,18.28,18.28,23497738.0,444802482.0,38679786274.0
2025-11-28,002236,18.28,18.38,18.13,18.38,20400517.0,385112684.0,38891382478.99999
2025-12-01,002236,18.37,18.85,18.35,18.81,40367987.0,775995996.0,39801246160.49999
2025-12-02,002236,18.79,18.9,18.73,18.86,25607116.0,496923500.0,39907044262.99999
2025-12-03,002236,18.86,18.87,18.58,18.69,22158459.0,427122491.0,39547330714.5
2025-12-04,002236,18.7,18.74,18.51,18.63,18203096.0,349268683.0,39420372991.49999
2025-12-05,002236,18.62,18.75,18.53,18.67,21812240.0,418983466.0,39505011473.5
2025-12-08,002236,18.74,18.94,18.74,18.78,30471876.0,591264664.0,39737767299.0
2025-12-09,002236,18.74,18.94,18.61,18.65,26202581.0,501874850.0,39462692232.49999
2025-12-10,002236,18.56,18.61,18.27,18.56,29424344.0,552860024.0,39272255647.99999
2025-12-11,002236,18.61,18.63,18.19,18.2,28192291.0,528747955.0,38510509309.99999
2025-12-12,002236,18.24,18.5,18.09,18.47,33789982.0,633676976.0,39081819063.49999
2025-12-15,002236,18.28,18.32,17.99,18.0,29296281.0,542633152.0,38087316899.99999
2025-12-16,002236,17.98,18.02,17.73,17.8,23257700.0,423236878.0,37664124490.0
2025-12-17,002236,17.76,18.21,17.73,18.15,24035525.0,440795114.0,38404711207.49999
2025-12-18,002236,18.01,18.25,17.98,18.12,18503490.0,343340843.0,38341232346.0
2025-12-19,002236,18.21,18.55,18.19,18.3,27406702.0,514756600.0,38722105515.0
2025-12-22,002236,18.34,18.54,18.34,18.46,21956329.0,413662298.0,39060659443.0
2025-12-23,002236,18.39,18.55,18.33,18.4,23600820.0,444007335.0,38933701719.99999
2025-12-24,002236,18.4,18.72,18.37,18.71,33076560.0,629014771.0,39589649955.5
2025-12-25,002236,18.72,18.75,18.57,18.69,24212450.0,461732526.0,39547330714.5
2025-12-26,002236,18.64,18.84,18.56,18.67,25590179.0,488936363.0,39505011473.5
2025-12-29,002236,18.69,18.72,18.49,18.56,27848480.0,529239052.0,39272255647.99999
2025-12-30,002236,18.45,18.65,18.43,18.57,27217493.0,515910961.0,39293415268.49999
2025-12-31,002236,18.61,18.69,18.48,18.56,25870945.0,490645072.0,39272022720.0
2026-01-05,002236,18.65,18.86,18.63,18.85,38066653.0,730207564.0,39885648075.0
2026-01-06,002236,18.86,19.06,18.82,19.01,54107196.0,1047432077.0,40224199995.0
2026-01-07,002236,19.02,19.32,18.86,18.98,65759954.0,1280484906.0,40160721510.0
2026-01-08,002236,18.94,19.05,18.76,18.9,51309741.0,990649138.0,39991445550.0
2026-01-09,002236,18.79,19.28,18.78,19.28,61369282.0,1197200725.0,40795506360.0
2026-01-12,002236,19.48,20.25,19.47,20.19,114482817.0,2328617872.0,42721020405.0
2026-01-13,002236,20.46,20.53,19.58,19.68,99770288.0,2030666639.0,41641886160.0
2026-01-14,002236,19.69,20.39,19.68,19.99,107257510.0,2194795327.0,42297830505.0
2026-01-15,002236,19.79,20.17,19.77,19.99,56023916.0,1139985117.0,42297830505.0
2026-01-16,002236,20.1,20.25,19.67,20.06,71716919.0,1461028043.0,42445946970.0
2026-01-19,002236,20.06,20.27,19.87,19.91,48976643.0,998624293.0,42128554545.0
2026-01-20,002236,19.94,20.06,19.53,19.69,51881234.0,1043332022.0,41663045655.0
2026-01-21,002236,19.74,20.97,19.74,20.52,133084816.0,2776075285.0,43419283740.0
2026-01-22,002236,20.57,20.73,20.3,20.34,63473438.0,1323284428.0,43038412830.0
2026-01-23,002236,20.34,20.52,20.24,20.52,61030537.0,1271509660.0,43419283740.0
2026-01-26,002236,20.46,20.46,19.65,19.76,97844826.0,1985815954.0,41811162120.0
2026-01-27,002236,19.69,19.79,19.17,19.54,68116998.0,1352415877.0,41345653230.0
2026-01-28,002236,19.5,19.68,19.3,19.35,50232316.0,995866586.0,40943622825.0
2026-01-29,002236,19.25,19.42,18.87,18.99,62709809.0,1222888656.0,40181881005.0
2026-01-30,002236,18.89,18.95,18.22,18.57,60467883.0,1145630090.0,39293182215.0
2026-02-02,002236,18.47,18.59,18.04,18.05,55885191.0,1043025958.0,38192888475.0
2026-02-03,002236,18.25,18.32,17.95,18.28,55655421.0,1032055908.0,38679556860.0
2026-02-04,002236,18.2,18.34,18.09,18.33,38481833.0,714491572.0,38785354335.0
2026-02-05,002236,18.2,18.41,18.13,18.2,35649703.0,663817754.0,38510280900.0
2026-02-06,002236,18.03,18.25,17.91,18.1,37015834.0,684565523.0,38298685950.0
2026-02-09,002236,18.32,18.36,18.15,18.32,36399704.0,678460006.0,38764194840.0
2026-02-10,002236,18.32,18.64,18.29,18.53,42637974.0,806034605.0,39208544235.0
2026-02-11,002236,18.55,18.6,18.46,18.49,29354501.0,555379571.0,39123906255.0
2026-02-12,002236,18.54,18.66,18.41,18.63,30952615.0,586172282.0,39420139185.0
2026-02-13,002236,18.52,18.71,18.48,18.54,30419150.0,577438083.0,39229703730.0
2026-02-24,002236,18.71,18.82,18.59,18.7,33379861.0,636759332.0,39568255650.0
2026-02-25,002236,18.69,18.84,18.57,18.63,43678137.0,833590684.0,39420139185.0
2026-02-26,002236,18.66,18.95,18.58,18.87,44776203.0,859449775.0,39927967065.0
2026-02-27,002236,18.73,18.9,18.59,18.87,29790339.0,571581879.0,39927967065.0
2026-03-02,002236,18.57,18.67,18.28,18.43,48956908.0,922901289.0,38996949285.0
2026-03-03,002236,18.49,18.57,17.68,17.72,55429802.0,1019500991.0,37494625140.0
2026-03-04,002236,17.52,17.7,17.28,17.38,42402162.0,756001611.0,36775202310.0
2026-03-05,002236,17.71,17.96,17.7,17.78,38723878.0,704745388.0,37621582110.0
2026-03-06,002236,17.63,17.84,17.6,17.8,21486767.0,390029979.0,37663901100.0
2026-03-09,002236,17.54,17.91,17.34,17.83,36133116.0,649037925.0,37727379585.0
2026-03-10,002236,17.97,18.09,17.8,17.91,32501385.0,594295915.0,37896655545.0
2026-03-11,002236,17.93,17.97,17.81,17.88,27402253.0,499697971.0,37833177060.0
2026-03-12,002236,17.8,18.06,17.76,17.89,26273803.0,479604301.0,37854336555.0
2026-03-13,002236,17.78,17.87,17.64,17.7,24341795.0,441246338.0,37452306150.0
2026-03-16,002236,17.63,17.65,17.36,17.58,26603530.0,474840513.0,37198392210.0
2026-03-17,002236,17.61,17.7,17.36,17.39,24714282.0,442328957.0,36796361805.0
2026-03-18,002236,17.39,17.63,17.32,17.61,24045084.0,428124242.0,37261870695.0
2026-03-19,002236,17.4,17.44,17.06,17.15,34757769.0,611742195.0,36288533925.0
2026-03-20,002236,17.15,17.27,16.88,16.96,28549614.0,495595891.0,35886503520.0
2026-03-23,002236,16.68,16.8,16.02,16.08,53755950.0,897774463.0,34024467959.999996
2026-03-24,002236,16.34,16.39,16.08,16.32,23320369.0,385851349.0,34532295840.0
2026-03-25,002236,16.42,16.61,16.41,16.59,22874072.0,385838984.0,35103602205.0
2026-03-26,002236,16.53,16.61,16.36,16.41,16857216.0,283678661.0,34722731295.0
2026-03-27,002236,16.17,16.52,16.17,16.43,15323611.0,256319916.0,34765050285.0
2026-03-30,002236,16.17,16.36,16.05,16.36,18710668.0,309725378.0,34616933820.0
2026-03-31,002236,16.33,16.71,16.27,16.51,25033308.0,423195546.0,34934326245.0
2026-04-01,002236,16.79,16.82,16.57,16.67,20403767.0,346735845.0,35272878165.0
2026-04-02,002236,16.65,16.65,16.38,16.46,15926509.0,268293667.0,34828528770.0
2026-04-03,002236,16.54,16.55,16.38,16.43,11816319.0,198394721.0,34765050285.0
2026-04-07,002236,16.34,16.73,16.2,16.5,19060555.0,318993389.0,34913166750.0
2026-04-08,002236,16.69,17.11,16.68,17.07,42682357.0,735409321.0,36119257965.0
2026-04-09,002236,16.9,16.94,16.77,16.9,22178332.0,381689234.0,35759546550.0
2026-04-10,002236,16.97,17.17,16.95,17.08,35177740.0,613257054.0,36133031470.2
2026-04-13,002236,16.85,17.38,16.83,17.34,32498935.0,570630476.0,36683065907.1
2026-04-14,002236,17.43,18.07,17.37,17.87,52908670.0,961388332.0,43042047709.55
2026-04-15,002236,17.89,18.53,17.83,18.48,86026726.0,1607754745.0,44511306193.200005
2026-04-16,002236,18.34,18.99,18.32,18.78,85695977.0,1642191837.0,45233892332.700005
2026-04-17,002236,18.65,18.93,18.59,18.77,68260540.0,1308719365.0,45209806128.049995
2026-04-20,002236,18.47,18.9,18.33,18.43,63363716.0,1197886087.0,44390875169.95
2026-04-21,002236,18.4,18.43,18.03,18.14,37852614.0,701279748.0,43692375235.1
2026-04-22,002236,18.09,18.42,18.03,18.26,36494317.0,680968404.0,43981409690.9
2026-04-23,002236,18.26,18.31,17.81,17.95,36210302.0,666154814.0,42920729021.75
2026-04-24,002236,17.81,18.01,17.61,17.8,31387692.0,570784571.0,42562059977.0
2026-04-27,002236,17.86,18.16,17.76,17.8,39633959.0,724977571.0,42562059977.0
2026-04-28,002236,17.71,18.11,17.58,17.74,37187773.0,675503979.0,42418592359.1
2026-04-29,002236,17.63,17.97,17.52,17.92,34197868.0,621732658.0,42848995212.8
2026-04-30,002236,17.83,18.48,17.73,18.11,53628741.0,989634205.0,43303309336.15
2026-05-06,002236,18.23,18.28,17.89,17.95,67620283.0,1245933817.0,42920729021.75
2026-05-07,002236,17.95,18.01,17.79,17.99,40794924.0,745619081.0,43016374100.35
2026-05-08,002236,17.89,18.06,17.71,17.8,39479129.0,718894672.0,42562059977.0
2026-05-11,002236,17.85,18.16,17.85,17.88,52359832.0,960608053.0,42753350134.2
2026-05-12,002236,17.88,17.89,17.44,17.52,53298165.0,956703243.0,41892544426.799995
2026-05-13,002236,17.43,18.0,17.28,17.96,52057771.0,941013813.0,42944640291.4
2026-05-14,002236,18.08,18.12,17.32,17.33,42604870.0,765532976.0,41438230303.45
2026-05-15,002236,17.33,17.69,17.09,17.14,42314842.0,747534780.0,40983916180.1
2026-05-18,002236,17.1,17.62,17.05,17.41,34360061.0,608708174.0,41629520460.65
2026-05-19,002236,17.52,17.81,17.35,17.79,40673900.0,732856409.0,42538148707.35
2026-05-20,002236,17.75,18.12,17.61,17.65,39865772.0,724770174.0,42203390932.25
2026-05-21,002236,17.78,18.01,17.17,17.21,44118091.0,794353331.0,41151295067.65
2026-05-22,002236,17.32,17.6,17.1,17.5,33170398.0,588961522.0,41844721887.5
2026-05-25,002236,17.56,17.88,17.5,17.74,35237630.0,636958874.0,42418592359.1
2026-05-26,002236,17.78,17.9,17.5,17.79,35426751.0,627366055.0,42538148707.35
2026-05-27,002236,17.71,18.3,17.66,17.71,46066443.0,825327286.0,42346858550.15
2026-05-28,002236,17.6,17.66,16.85,17.31,57327433.0,984060078.0,41390407764.149994
2026-05-29,002236,17.38,17.49,16.65,16.69,47362837.0,800440755.0,39907909045.850006
2026-06-01,002236,16.76,17.08,16.7,16.85,34584247.0,585223198.0,40290489360.25
2026-06-02,002236,16.9,17.04,16.55,16.9,32061691.0,538409538.0,40410045708.5
2026-06-03,002236,16.83,17.35,16.78,17.0,36679594.0,627650119.0,40649158405.0
2026-06-04,002236,16.82,16.97,16.57,16.69,26247482.0,439393731.0,39907909045.850006
2026-06-05,002236,16.69,17.25,16.55,16.92,36433525.0,618281274.0,40457868247.8
2026-06-08,002236,16.62,16.77,16.37,16.46,35881852.0,594525081.0,39357949843.9
2026-06-09,002236,16.5,16.62,16.4,16.59,23301794.0,384790626.0,39668796349.35
2026-06-10,002236,16.45,16.62,16.18,16.24,30584021.0,499406614.0,38831901911.6
2026-06-11,002236,16.19,16.21,15.78,15.84,36450014.0,581326474.0,37875451125.6
2026-06-12,002236,16.01,16.07,15.82,15.95,35202352.0,561258571.0,38138475091.75
2026-06-15,002236,16.0,16.15,15.86,16.12,39583949.0,634145781.0,38544966675.8
2026-06-16,002236,16.12,16.54,15.99,16.41,42515749.0,690951130.0,39238393495.65
2026-06-17,002236,16.28,16.66,16.16,16.31,31026268.0,508170279.0,38999280799.149994
2026-06-18,002236,16.3,16.45,16.11,16.27,29778591.0,485763551.0,38903635720.549995
2026-06-22,002236,16.22,16.5,15.95,16.5,40689338.0,658554803.0,39453594922.5
2026-06-23,002236,16.42,16.55,15.9,15.93,42711973.0,690422543.0,38090652552.45
2026-06-24,002236,15.9,16.49,15.81,16.35,51484453.0,832051198.0,39094925877.75
2026-06-25,002236,16.2,17.2,16.15,16.67,58287516.0,978677423.0,39860086506.55
2026-06-26,002236,16.61,16.61,15.94,15.98,41707772.0,673438451.0,38210208900.700005
2026-06-29,002236,15.86,16.13,15.81,16.0,31675611.0,505297821.0,38258031440.0
2026-06-30,002236,15.98,16.59,15.92,16.49,43799634.0,717448829.0,39429683652.85
2026-07-01,002236,16.49,17.0,16.47,16.58,41859699.0,699786664.0,39644885079.7
2026-07-02,002236,16.42,16.81,16.18,16.51,38373748.0,634996792.0,39477506192.15
2026-07-03,002236,16.5,16.95,16.5,16.8,40243966.0,674814482.0,40170933012.0
2026-07-06,002236,16.73,16.74,16.41,16.64,32501595.0,537909139.0,39788352697.6
2026-07-07,002236,16.55,16.82,16.29,16.43,28554187.0,472049109.0,39286216034.95
2026-07-08,002236,16.76,17.37,16.75,16.96,59139117.0,1009615677.0,40553513326.4
2026-07-09,002236,16.86,17.3,16.75,17.25,51101022.0,871447576.0,41246940146.25
2026-07-10,002236,17.24,17.84,17.12,17.29,70417561.0,1230625113.0,41342585224.85
2026-07-13,002236,17.26,17.44,16.7,16.79,47106986.0,801515385.0,40147021742.35
2026-07-14,002236,16.75,16.9,16.04,16.32,53545333.0,875021360.0,39023192068.8
2026-07-15,002236,16.26,16.72,16.14,16.57,35973544.0,592927042.0,39620973810.05
2026-07-16,002236,16.27,16.8,16.18,16.5,32630264.0,540510554.0,39453594922.5
2026-07-17,002236,16.44,16.61,15.92,16.02,44856722.0,728195010.0,38305853979.299995
2026-07-20,002236,16.09,16.25,15.97,16.24,37945034.0,611774403.0,38831901911.6
2026-07-21,002236,16.13,16.51,16.12,16.51,37929586.0,619218129.0,39477506192.15
2026-07-22,002236,16.39,16.88,16.24,16.61,41342689.0,686295320.0,39716618888.65
2026-07-23,002236,16.56,17.02,16.49,16.84,34513025.0,578849598.0,40266578090.6
2026-07-24,002236,16.55,16.82,16.4,16.43,30673622.0,508285262.0,39286216034.95
2026-07-27,002236,16.59,17.13,16.58,16.73,52769829.0,886464793.0,40003554124.450005
2026-07-28,002236,16.51,16.62,16.27,16.37,37696062.0,618853957.0,39142748417.05
2026-07-29,002236,16.38,16.53,16.12,16.42,45378319.0,742231491.0,39262304765.3
