date,ticker,open,high,low,close,volume,amount,market_cap
2021-01-04,002371,133.61,142.05,132.76,141.58,13428071.0,2538027867.0,65034790555.920006
2021-01-05,002371,139.2,145.63,138.87,145.33,11875388.0,2312504619.0,66757353520.920006
2021-01-06,002371,147.64,148.0,138.83,141.12,10041356.0,1937427513.0,64823489498.880005
2021-01-07,002371,141.12,141.69,133.69,139.96,10684861.0,1997936598.0,64290643355.04
2021-01-08,002371,140.66,140.66,134.48,137.54,10353087.0,1921625406.0,63179016054.96
2021-01-11,002371,138.83,151.3,138.83,147.0,15207952.0,3027662675.0,67524468228.0
2021-01-12,002371,147.0,153.2,145.12,151.53,11480642.0,2338469557.0,69605324289.72
2021-01-13,002371,150.59,166.68,150.59,163.95,18285512.0,4066320381.0,75310452829.79999
2021-01-14,002371,166.0,167.48,156.82,160.56,15512396.0,3453421087.0,73753255909.44
2021-01-15,002371,161.61,167.48,150.73,157.82,16613251.0,3609078670.0,72494636569.68
2021-01-18,002371,155.74,173.35,152.18,171.87,13049920.0,2932259223.0,78948505811.88
2021-01-19,002371,170.41,174.81,167.24,169.69,10172248.0,2360929261.0,77947122541.56
2021-01-20,002371,166.74,170.84,163.96,167.11,8363549.0,1899253564.0,76761999221.64
2021-01-21,002371,168.21,170.19,163.12,165.35,9517262.0,2157469254.0,75953543003.4
2021-01-22,002371,166.37,167.75,154.37,162.34,13567245.0,2965001959.0,74570899130.16
2021-01-25,002371,161.47,167.48,157.6,163.94,11380570.0,2524572489.0,75305859328.56
2021-01-26,002371,163.77,166.98,157.02,160.35,7613913.0,1673286917.0,73656792383.4
2021-01-27,002371,159.84,162.19,154.25,159.16,6454805.0,1390572645.0,73110165735.84
2021-01-28,002371,156.9,157.4,146.45,147.44,9675363.0,1982693473.0,67726582282.56
2021-01-29,002371,149.85,151.74,144.34,147.2,6960682.0,1402010440.0,67616338252.799995
2021-02-01,002371,147.55,150.49,145.81,148.37,4365406.0,881914426.0,68153777897.880005
2021-02-02,002371,148.23,150.14,140.43,149.88,7763957.0,1548052553.0,68847396585.12
2021-02-03,002371,148.01,149.11,142.82,144.34,7596176.0,1505927099.0,66302596898.16
2021-02-04,002371,141.03,144.32,136.54,142.5,10676216.0,2035397394.0,65457392670.0
2021-02-05,002371,143.98,144.34,138.09,139.34,6715220.0,1287113946.0,64005846278.16
2021-02-08,002371,139.58,146.9,139.57,145.15,6535458.0,1278723938.0,66674670498.600006
2021-02-09,002371,145.15,149.26,143.24,147.64,6264147.0,1256603510.0,67818452307.35999
2021-02-10,002371,147.65,150.07,144.34,148.08,5839374.0,1173401374.0,68020566361.920006
2021-02-18,002371,151.8,160.25,149.6,154.95,10734482.0,2261424130.0,71176301713.79999
2021-02-19,002371,152.7,152.74,141.83,145.59,9518265.0,1889888796.0,66876784553.16
2021-02-22,002371,143.9,146.48,141.03,141.62,6094540.0,1189329682.0,65053164560.880005
2021-02-23,002371,138.85,144.14,137.98,141.66,4755550.0,912658593.0,65071538565.84
2021-02-24,002371,141.4,148.01,140.3,142.94,6855150.0,1349176761.0,65659506724.56
2021-02-25,002371,145.44,146.6,137.29,140.39,7715595.0,1481860208.0,64488163908.35999
2021-02-26,002371,135.89,138.31,130.31,131.78,8928866.0,1621806106.0,60533159340.72
2021-03-01,002371,133.94,136.91,132.4,136.76,5239339.0,962902647.0,62820722958.24
2021-03-02,002371,143.58,148.88,142.58,146.83,12605811.0,2503392576.0,67446378706.920006
2021-03-03,002371,144.48,144.48,136.04,139.56,9848419.0,1854348094.0,64106903305.44
2021-03-04,002371,141.77,142.07,133.69,134.72,7383759.0,1381779978.0,61883648705.28
2021-03-05,002371,130.75,133.68,130.01,133.67,5327297.0,956314657.0,61401331075.079994
2021-03-08,002371,134.41,135.15,120.79,121.21,8926688.0,1539689303.0,55677828530.04
2021-03-09,002371,118.78,119.64,113.34,113.95,8622741.0,1359960725.0,52342946629.8
2021-03-10,002371,116.54,116.79,111.56,111.87,8022659.0,1237799535.0,51387498371.880005
2021-03-11,002371,112.18,117.79,109.15,114.66,11071048.0,1726692578.0,52669085217.84
2021-03-12,002371,114.66,115.68,110.59,112.01,7237515.0,1107564245.0,51451807389.240005
2021-03-15,002371,109.85,109.85,105.99,106.92,7081029.0,1037846039.0,49113715258.08
2021-03-16,002371,109.5,109.83,102.09,102.51,8643651.0,1225459130.0,47087981211.240005
2021-03-17,002371,105.41,106.8,103.34,106.36,6461209.0,927775422.0,48856479188.64
2021-03-18,002371,106.82,107.24,105.41,106.44,3993202.0,578490127.0,48893227198.56
2021-03-19,002371,103.59,106.9,103.0,104.3,4690012.0,668390417.0,47910217933.2
2021-03-22,002371,104.51,105.4,101.29,103.39,5449193.0,763328130.0,47492209320.36
2021-03-23,002371,103.45,105.97,101.77,102.8,4366356.0,616346414.0,47221192747.2
2021-03-24,002371,101.88,102.73,98.08,98.5,5472691.0,742903596.0,45245987214.0
2021-03-25,002371,98.43,103.38,98.16,101.99,5618582.0,777219667.0,46849119146.759995
2021-03-26,002371,102.47,104.95,101.37,103.9,4932779.0,693247722.0,47726477883.600006
2021-03-29,002371,104.58,107.27,103.92,104.58,5583006.0,801652019.0,48038835967.92
2021-03-30,002371,104.6,106.91,103.94,106.05,4498554.0,646647669.0,48714080650.2
2021-03-31,002371,105.8,106.05,103.06,105.44,3314657.0,472369934.0,48433877074.56
2021-04-01,002371,105.95,111.78,105.95,111.64,7014861.0,1049067002.0,51281847843.36
2021-04-02,002371,111.8,122.67,111.8,120.65,10856264.0,1750100989.0,55420592460.600006
2021-04-06,002371,120.66,121.2,116.79,117.74,6213480.0,998557143.0,54083883599.759995
2021-04-07,002371,118.54,120.82,115.93,120.02,6221245.0,1004004519.0,55131201882.479996
2021-04-08,002371,118.28,122.52,117.89,119.15,5315080.0,868493643.0,54731567274.600006
2021-04-09,002371,118.47,121.27,116.78,117.16,4252602.0,687065821.0,53817460527.84
2021-04-12,002371,119.0,121.57,117.67,119.22,6415604.0,1043232077.0,54763721783.28
2021-04-13,002371,118.67,118.96,115.18,115.69,4594488.0,729880252.0,53142215845.56
2021-04-14,002371,116.06,117.16,113.71,114.18,4462078.0,698080585.0,52448597158.32
2021-04-15,002371,114.23,114.59,109.48,112.53,5487536.0,832959364.0,51690669453.72
2021-04-16,002371,113.11,113.79,108.18,111.0,4374904.0,659251905.0,50987863764.0
2021-04-19,002371,111.65,115.9,108.95,115.68,5085628.0,786686702.0,53137622344.32
2021-04-20,002371,113.86,116.41,113.86,115.21,3734941.0,585834386.0,52921727786.04
2021-04-21,002371,113.87,116.54,113.63,116.08,3718680.0,583495396.0,53321362393.92
2021-04-22,002371,115.32,117.53,111.58,114.54,7141554.0,1113452903.0,52614222750.600006
2021-04-23,002371,114.54,120.99,114.44,120.44,7477079.0,1212827462.0,55324401851.6
2021-04-26,002371,120.93,126.99,120.93,122.23,8158466.0,1371567073.0,56146642629.700005
2021-04-27,002371,121.27,125.39,121.21,122.06,5313658.0,889094391.0,56068552723.4
2021-04-28,002371,122.41,122.66,117.98,120.69,5530322.0,903207619.0,55439239949.1
2021-04-29,002371,121.35,126.97,120.83,124.71,7439422.0,1259527112.0,57285836556.899994
2021-04-30,002371,124.72,124.8,120.67,121.65,6001334.0,996401474.0,55880218243.5
2021-05-06,002371,119.36,123.89,118.04,123.04,5361055.0,881971608.0,56518718065.600006
2021-05-07,002371,122.39,126.91,119.22,119.22,6713219.0,1125703353.0,54763991935.8
2021-05-10,002371,117.63,118.27,110.18,111.8,7638803.0,1184655199.0,51355597202.0
2021-05-11,002371,110.09,113.12,108.81,112.38,4336114.0,655816945.0,51622021588.2
2021-05-12,002371,111.51,121.35,110.55,120.09,5803250.0,913798107.0,55163628515.1
2021-05-13,002371,117.45,119.95,116.19,116.94,3524258.0,565959844.0,53716668486.6
2021-05-14,002371,118.28,121.27,116.4,120.28,4006904.0,652420026.0,55250905469.2
2021-05-17,002371,121.86,128.33,121.42,124.83,6688774.0,1140224444.0,57340958843.7
2021-05-18,002371,125.61,132.1,125.61,129.62,7324534.0,1287868983.0,59541256791.8
2021-05-19,002371,128.91,132.95,127.17,129.34,4684050.0,830125264.0,59412638122.6
2021-05-20,002371,128.54,129.61,126.62,127.96,4350761.0,760209097.0,58778731824.399994
2021-05-21,002371,128.64,130.45,123.83,124.07,4052791.0,693040445.0,56991851027.299995
2021-05-24,002371,126.38,126.71,121.93,125.78,5436367.0,919774597.0,57777343614.2
2021-05-25,002371,125.61,129.91,123.7,129.83,9163336.0,1584168686.0,59637720793.700005
2021-05-26,002371,129.84,131.04,127.09,128.1,6555538.0,1151920797.0,58843041159.0
2021-05-27,002371,127.08,140.66,127.08,138.74,12983662.0,2396756790.0,63730550588.600006
2021-05-28,002371,136.26,140.91,136.15,137.47,11986735.0,2260957714.0,63147173053.3
2021-05-31,002371,139.67,143.69,135.67,138.24,9102542.0,1721021757.0,63500874393.600006
2021-06-01,002371,137.99,151.96,137.39,148.38,14358767.0,2885687500.0,68158707628.2
2021-06-02,002371,147.39,151.9,145.88,150.58,9639098.0,1951876564.0,69169282886.20001
2021-06-03,002371,148.38,151.73,144.6,149.8,6538278.0,1326648164.0,68810988022.0
2021-06-04,002371,148.97,156.91,145.73,153.52,8784993.0,1822358353.0,70519778912.8
2021-06-07,002371,159.4,168.21,157.19,158.37,10521465.0,2315693866.0,72747638004.3
2021-06-08,002371,159.16,161.28,154.18,159.07,6541028.0,1410798942.0,73069184677.3
2021-06-09,002371,157.62,162.44,156.84,159.42,5710030.0,1240799214.0,73229958013.79999
2021-06-10,002371,160.28,168.33,160.28,167.62,6956287.0,1568146372.0,76996647611.8
2021-06-11,002371,166.74,167.48,158.87,160.92,6895788.0,1525320766.0,73918986598.79999
2021-06-15,002371,160.02,176.29,159.41,174.84,11023147.0,2573907525.0,80313171867.6
2021-06-16,002371,174.09,178.78,166.91,168.2,8332201.0,1955645861.0,77263071998.0
2021-06-17,002371,169.69,185.02,167.25,185.02,13065645.0,3169253319.0,84989379197.8
2021-06-18,002371,185.02,192.33,182.06,191.28,12600075.0,3206504555.0,87864925159.2
2021-06-21,002371,188.04,190.21,182.24,185.08,10467080.0,2656118909.0,85016940341.20001
2021-06-22,002371,185.18,188.26,182.24,184.88,6400881.0,1607662045.0,84925069863.2
2021-06-23,002371,184.88,201.91,182.9,198.11,9880994.0,2620934154.0,91002301982.90001
2021-06-24,002371,197.98,197.98,182.61,189.46,10281363.0,2635360914.0,87028903809.40001
2021-06-25,002371,188.06,194.9,184.37,193.92,7805738.0,2029145986.0,89077615468.79999
2021-06-28,002371,195.39,204.42,195.39,197.85,7407987.0,2018678758.0,90882870361.5
2021-06-29,002371,197.85,202.35,192.88,201.18,6008836.0,1622670850.0,92412513820.2
2021-06-30,002371,201.09,217.26,200.24,203.75,8979720.0,2555915536.0,93593049462.5
2021-07-01,002371,199.07,207.14,196.12,196.86,7158988.0,1959210205.0,90428111495.40001
2021-07-02,002371,192.96,200.05,186.6,195.9,7750231.0,2048661861.0,90003326099.1
2021-07-05,002371,199.81,213.01,199.22,211.46,7840907.0,2214964952.0,97152135461.54001
2021-07-06,002371,209.34,220.3,204.2,212.28,8291830.0,2399933017.0,97528872201.72
2021-07-07,002371,206.41,229.54,202.0,226.45,9737481.0,2906041757.0,104039066846.04999
2021-07-08,002371,224.04,242.4,223.3,242.03,7947045.0,2539258350.0,111197064909.47
2021-07-09,002371,235.4,250.47,226.32,241.74,7796424.0,2506098902.0,111063828745.26001
2021-07-12,002371,241.01,252.91,231.42,245.89,8046494.0,2648230508.0,112970484198.61
2021-07-13,002371,242.48,245.35,227.78,237.58,7758587.0,2493360172.0,109152578941.42
2021-07-14,002371,235.05,241.66,230.72,232.65,5986432.0,1922810980.0,106887564149.85
2021-07-15,002371,229.99,246.15,228.33,243.95,7426785.0,2397302159.0,112079180203.54999
2021-07-16,002371,241.01,257.91,235.13,238.22,7222521.0,2421663962.0,109446617372.78
2021-07-19,002371,235.13,245.57,234.65,237.45,5589975.0,1821816021.0,109092852385.04999
2021-07-20,002371,233.77,239.78,226.45,231.29,7361426.0,2323075336.0,106262732483.20999
2021-07-21,002371,236.84,254.42,234.14,254.42,10427675.0,3536545190.0,116889465166.58
2021-07-22,002371,257.17,279.86,246.52,275.68,12041534.0,4295968775.0,126657054308.32
2021-07-23,002371,275.54,282.64,269.95,274.35,7253547.0,2726430146.0,126046005693.15001
2021-07-26,002371,271.48,279.76,259.39,270.81,7015958.0,2581807236.0,124419605619.69
2021-07-27,002371,273.33,297.6,265.99,274.07,11127465.0,4242905025.0,125917363879.43
2021-07-28,002371,267.46,274.93,247.64,273.99,10578149.0,3784456113.0,125880609075.51001
2021-07-29,002371,279.18,293.92,268.56,289.48,11603708.0,4465655781.0,132997257984.52
2021-07-30,002371,286.48,317.43,283.69,317.43,9200238.0,3764450305.0,146157932012.94
2021-08-02,002371,310.99,315.69,286.31,295.82,11910830.0,4847433559.0,136207792105.56
2021-08-03,002371,277.01,287.83,266.24,266.24,12408782.0,4605219700.0,122587933777.92
2021-08-04,002371,266.24,292.44,258.84,291.71,14114481.0,5278453451.0,134315377713.18
2021-08-05,002371,281.42,286.27,272.72,280.67,8748480.0,3325657997.0,129232104016.86
2021-08-06,002371,283.26,289.26,265.17,276.28,10167039.0,3796383257.0,127210766016.23999
2021-08-09,002371,267.09,279.5,248.65,268.84,11339102.0,3997195545.0,123785081568.71999
2021-08-10,002371,266.54,271.87,252.77,261.3,6890923.0,2449402795.0,120313352975.40001
2021-08-11,002371,260.85,275.4,257.65,266.73,7459073.0,2712304021.0,122813550092.34001
2021-08-12,002371,264.52,286.06,263.79,272.58,6726446.0,2514204479.0,125507132621.64
2021-08-13,002371,273.22,273.22,256.29,256.43,6810148.0,2440083083.0,118071003074.94
2021-08-16,002371,247.63,262.07,243.31,254.79,8142871.0,2817780671.0,117315879083.81999
2021-08-17,002371,254.25,259.04,236.52,238.51,10206495.0,3381641030.0,109819892147.58
2021-08-18,002371,242.84,255.78,241.74,250.56,7440378.0,2518132506.0,115368211716.48
2021-08-19,002371,253.96,274.16,249.83,266.34,8721923.0,3131532846.0,122633977923.71999
2021-08-20,002371,266.37,276.47,264.27,268.78,7419730.0,2731439069.0,123757455081.23999
2021-08-23,002371,273.7,293.88,264.65,291.73,9408320.0,3646635737.0,134324586542.34001
2021-08-24,002371,291.0,302.73,285.1,286.57,6412186.0,2548343346.0,131948708619.06
2021-08-25,002371,293.99,295.05,279.58,289.95,5085084.0,1985327402.0,133505000747.09999
2021-08-26,002371,286.71,294.83,280.61,281.42,5514009.0,2159400590.0,129577435110.36
2021-08-27,002371,279.22,289.76,277.76,286.57,4142186.0,1613365897.0,131948708619.06
2021-08-30,002371,287.82,292.65,257.91,257.92,11102463.0,4068452580.0,118757060847.36
2021-08-31,002371,257.92,274.73,257.13,261.47,11928340.0,4300121011.0,120391628023.26001
2021-09-01,002371,265.9,265.99,244.58,253.5,8168505.0,2801975062.0,116721909603.0
2021-09-02,002371,256.95,256.95,229.25,232.99,14065108.0,4516358914.0,107278255299.42
2021-09-03,002371,228.89,252.68,226.14,241.74,12292648.0,4011025091.0,111307118056.92
2021-09-06,002371,240.01,256.35,239.03,253.5,7635050.0,2584804690.0,116721909603.0
2021-09-07,002371,254.01,258.64,246.82,251.85,4872696.0,1677538441.0,115962181197.3
2021-09-08,002371,249.74,259.31,247.62,252.03,4080368.0,1403920154.0,116045060659.74
2021-09-09,002371,247.63,253.97,241.01,249.0,5035896.0,1685821351.0,114649923042.0
2021-09-10,002371,249.09,273.9,246.18,271.65,8992145.0,3239008918.0,125108149160.84999
2021-09-13,002371,269.67,270.4,247.62,251.64,7993976.0,2786050563.0,115892562690.36
2021-09-14,002371,251.99,276.81,248.72,276.81,8970894.0,3295417292.0,127484582253.69
2021-09-15,002371,279.88,286.76,271.3,274.74,7320600.0,2771597917.0,126531245722.26001
2021-09-16,002371,268.2,275.47,261.71,263.08,5499440.0,2000999643.0,121161243810.92
2021-09-17,002371,264.06,273.47,255.53,262.32,4471330.0,1599163569.0,120811226533.68
2021-09-22,002371,256.54,286.57,256.37,272.6,6427101.0,2416742387.0,125545670757.40001
2021-09-23,002371,279.28,287.73,264.89,282.88,7079320.0,2698424778.0,130283062024.95999
2021-09-24,002371,282.82,290.24,277.16,281.17,5594818.0,2167213952.0,129495505336.39001
2021-09-27,002371,286.57,296.12,273.35,276.36,6586359.0,2535853895.0,127280214300.12001
2021-09-28,002371,276.58,286.46,263.05,277.18,6151081.0,2318479697.0,127657873063.06
2021-09-29,002371,269.44,273.34,264.53,266.14,5402629.0,1968271950.0,122573296547.37999
2021-09-30,002371,265.99,276.0,259.42,268.7,6590861.0,2402579731.0,123752328782.9
2021-10-08,002371,276.0,276.72,249.53,259.39,8459961.0,2979651545.0,119464520145.12999
2021-10-11,002371,260.85,262.31,246.52,248.06,7621368.0,2636516183.0,114246381384.02
2021-10-12,002371,246.15,253.67,241.05,242.32,5320758.0,1783540818.0,111602770043.44
2021-10-13,002371,243.79,249.6,239.14,247.81,5100057.0,1701211038.0,114131241517.27
2021-10-14,002371,245.41,251.64,241.88,249.06,3255178.0,1098426476.0,114706940851.02
2021-10-15,002371,249.83,264.18,244.32,260.15,6796014.0,2380871886.0,119814545340.04999
2021-10-18,002371,257.05,264.53,247.89,264.01,5625927.0,1971518418.0,121592304882.67
2021-10-19,002371,259.38,265.23,252.04,252.77,5273200.0,1833716677.0,116415616473.59001
2021-10-20,002371,254.24,258.89,252.3,255.13,3816432.0,1325945584.0,117502536815.70999
2021-10-21,002371,255.26,258.28,247.45,251.61,3396802.0,1165173095.0,115881367491.87001
2021-10-22,002371,253.66,271.87,249.09,270.4,8242648.0,2973192041.0,124535279876.79999
2021-10-25,002371,269.53,276.93,268.93,275.32,5088353.0,1889919358.0,126801232454.44
2021-10-26,002371,275.54,280.32,270.03,276.21,3770704.0,1412062646.0,127211130380.06999
2021-10-27,002371,276.21,278.48,268.6,276.26,3770186.0,1408971182.0,127234158353.42
2021-10-28,002371,278.64,283.26,273.2,275.91,4066169.0,1539343439.0,127072962539.97002
2021-10-29,002371,272.87,289.02,267.9,272.79,6695597.0,2522296157.0,125636017002.93001
2021-11-01,002371,268.93,285.74,268.2,279.95,5740206.0,2174818125.0,128933622786.65
2021-11-02,002371,283.04,296.16,278.48,292.44,7097945.0,2809039725.0,134686010529.48
2021-11-03,002371,298.03,304.13,277.09,284.74,5639233.0,2204580496.0,131139702633.58
2021-11-04,002371,285.83,293.55,279.24,280.88,4613525.0,1790360172.0,129361943090.95999
2021-11-05,002371,283.69,291.17,276.84,277.75,4571392.0,1758400729.0,127920391959.25
2021-11-08,002371,272.61,283.54,268.93,280.28,4147170.0,1561035678.0,129085607410.76
2021-11-09,002371,282.16,297.34,275.59,297.0,7084705.0,2783335483.0,136786161699.0
2021-11-10,002371,293.77,302.88,290.61,302.0,6020243.0,2438694000.0,139088959034.0
2021-11-11,002371,295.34,332.2,295.34,332.05,11258924.0,4907397088.0,152928771017.35
2021-11-12,002371,327.74,332.7,320.2,324.03,6686250.0,2959960049.0,149235084092.00998
2021-11-15,002371,324.77,326.24,301.26,305.53,7001238.0,2960779805.0,140714733952.50998
2021-11-16,002371,305.54,307.13,293.18,299.1,4765460.0,1948074458.0,137753336579.7
2021-11-17,002371,302.08,302.14,288.77,300.62,4632278.0,1867940211.0,138453386969.54
2021-11-18,002371,297.6,303.46,291.6,297.78,3459558.0,1395327299.0,137145398083.26
2021-11-19,002371,296.85,298.31,283.69,290.61,5744821.0,2263214502.0,133843186704.87001
2021-11-22,002371,285.62,298.32,285.62,296.53,6976758.0,2774529326.0,136569698749.51
2021-11-23,002371,293.18,295.24,283.03,285.1,6368405.0,2482945233.0,131305504041.70001
2021-11-24,002371,282.9,289.42,282.52,284.21,3846054.0,1498364962.0,130908769018.01
2021-11-25,002371,281.79,290.09,281.42,287.74,4139199.0,1605901528.0,132534707424.94
2021-11-26,002371,285.38,285.38,272.77,273.41,6591135.0,2481411835.0,125934226583.21
2021-11-29,002371,268.93,278.12,268.11,276.52,3942609.0,1478748636.0,127366710562.12
2021-11-30,002371,278.48,287.23,276.52,284.35,5785667.0,2219355209.0,130973253827.35
2021-12-01,002371,281.42,289.41,277.56,280.47,3612819.0,1387419809.0,129186103397.07
2021-12-02,002371,278.48,283.32,274.07,277.73,3849973.0,1459314826.0,127924043557.13
2021-12-03,002371,280.69,285.74,275.91,284.36,5934498.0,2279929964.0,130977859885.16
2021-12-06,002371,282.88,285.1,278.86,282.69,3821447.0,1467935544.0,130208648230.89
2021-12-07,002371,285.1,285.1,265.05,267.29,5707270.0,2115779348.0,123115319203.49
2021-12-08,002371,267.72,278.37,267.69,278.04,5171362.0,1938850540.0,128066831349.24
2021-12-09,002371,276.28,278.45,270.93,274.96,4076717.0,1517727446.0,126648165543.76
2021-12-10,002371,272.94,274.81,268.35,270.34,4784748.0,1759247911.0,124520166835.54
2021-12-13,002371,270.36,274.66,268.23,271.14,3613022.0,1333508840.0,124888651460.34
2021-12-14,002371,270.94,271.39,265.26,270.77,4710218.0,1719857823.0,124718227321.37
2021-12-15,002371,268.93,273.0,262.83,265.3,3883966.0,1414568825.0,122198713699.3
2021-12-16,002371,266.86,275.91,265.26,271.5,5469998.0,2024888547.0,125054469541.5
2021-12-17,002371,268.93,270.4,251.43,253.87,7581814.0,2657412070.0,116933989622.47
2021-12-20,002371,252.03,262.23,250.56,252.03,6373203.0,2219043737.0,116086474985.43001
2021-12-21,002371,252.02,259.74,251.38,254.59,4461888.0,1549135729.0,117265625784.79001
2021-12-22,002371,256.45,260.85,251.59,251.88,4692601.0,1627103681.0,116017384118.28
2021-12-23,002371,252.81,255.48,248.36,250.41,3440942.0,1175915305.0,115340293620.20999
2021-12-24,002371,250.33,253.49,237.34,242.48,6607854.0,2184477081.0,111687689776.87999
2021-12-27,002371,244.68,244.85,235.87,238.33,4289065.0,1400447348.0,109776175785.73001
2021-12-28,002371,238.44,242.47,235.65,242.27,5416879.0,1763779617.0,111590962562.87001
2021-12-29,002371,242.49,246.81,237.34,242.24,4460670.0,1464215389.0,111577144389.44
2021-12-30,002371,241.16,252.6,239.79,249.91,7221312.0,2437696755.0,115109990729.70999
2021-12-31,002371,250.47,255.48,246.15,254.99,5207794.0,1789114324.0,117473870815.87001
2022-01-04,002371,254.16,256.12,229.49,231.9,11388773.0,3649037728.0,106836309824.7
2022-01-05,002371,230.73,233.59,219.61,220.44,9923996.0,3029758441.0,101556688821.72
2022-01-06,002371,218.97,224.48,213.41,218.11,6698066.0,1991971303.0,100483258024.43001
2022-01-07,002371,218.11,223.29,213.82,215.55,5428393.0,1609838596.0,99303866247.15001
2022-01-10,002371,214.64,216.81,209.19,212.24,5810185.0,1682801660.0,97778949535.12001
2022-01-11,002371,211.03,211.77,202.01,203.54,10098709.0,2821967523.0,93770860292.01999
2022-01-12,002371,210.55,220.44,206.47,216.03,11758050.0,3410534461.0,99525002205.39
2022-01-13,002371,216.76,217.47,207.38,208.27,6854422.0,1955060068.0,95949970880.51001
2022-01-14,002371,212.35,219.52,206.6,212.14,9755162.0,2854518987.0,97732879543.81999
2022-01-17,002371,217.5,230.64,217.5,226.02,11073307.0,3407411598.0,104127394336.26001
2022-01-18,002371,227.77,238.81,227.05,231.16,8644553.0,2744646163.0,106495391889.08
2022-01-19,002371,229.99,232.77,221.76,225.2,6343482.0,1945402162.0,103749620407.59999
2022-01-20,002371,223.6,227.05,220.16,224.1,3787487.0,1156565075.0,103242850503.3
2022-01-21,002371,222.64,227.05,214.69,216.24,7227027.0,2146213403.0,99621749187.12001
2022-01-24,002371,214.09,222.27,212.47,220.44,6192978.0,1835413307.0,101556688821.72
2022-01-25,002371,219.55,227.01,218.22,218.3,4586355.0,1389074345.0,100578996686.6
2022-01-26,002371,218.97,231.38,218.97,227.05,7261071.0,2227568348.0,104610449829.1
2022-01-27,002371,226.86,228.7,214.56,216.03,5861999.0,1758381390.0,99533122557.06
2022-01-28,002371,217.25,222.27,207.8,207.94,4744965.0,1379571842.0,95805756165.88
2022-02-07,002371,213.7,219.18,204.5,207.21,5242207.0,1500739023.0,95469417789.42
2022-02-08,002371,205.12,206.36,186.64,190.25,11345736.0,2949168865.0,87655309755.5
2022-02-09,002371,189.21,193.4,183.29,187.77,9485737.0,2410144747.0,86512680750.54001
2022-02-10,002371,188.84,192.68,185.25,188.55,6018219.0,1544497994.0,86872056002.1
2022-02-11,002371,185.9,190.37,182.95,183.1,4653379.0,1180344356.0,84361036616.2
2022-02-14,002371,180.01,187.74,174.97,184.8,5986635.0,1492371593.0,85144290369.6
2022-02-15,002371,185.83,196.19,183.62,195.97,7608531.0,1988685279.0,90290728266.94
2022-02-16,002371,197.16,198.39,193.69,195.45,4213875.0,1124625111.0,90051144765.9
2022-02-17,002371,195.45,200.16,193.62,198.87,5330706.0,1429495024.0,91626867022.74
2022-02-18,002371,196.25,202.98,195.23,197.66,4986146.0,1350038108.0,91069374645.31999
2022-02-21,002371,197.66,199.85,192.68,193.76,4157492.0,1102481261.0,89272498387.51999
2022-02-22,002371,193.79,198.08,187.74,196.47,4991205.0,1316254853.0,90533249276.85
2022-02-23,002371,195.46,216.12,195.46,216.12,6769666.0,1937405191.0,99588259170.6
2022-02-24,002371,216.76,222.64,210.83,215.66,11070184.0,3259562958.0,99376290823.3
2022-02-25,002371,221.91,227.05,214.56,221.57,10851699.0,3274317660.0,102099623285.34999
2022-02-28,002371,221.6,227.12,218.97,222.75,5756709.0,1743364438.0,102643368176.25
2022-03-01,002371,223.76,224.09,218.28,222.71,4213385.0,1268016404.0,102624936146.05
2022-03-02,002371,220.52,220.52,213.1,217.5,5028254.0,1477075670.0,100224164212.5
2022-03-03,002371,218.89,219.7,208.28,208.95,4982619.0,1436530690.0,96284317757.25
2022-03-04,002371,205.73,221.8,204.45,214.59,7511376.0,2195498623.0,98883234015.45
2022-03-07,002371,210.96,211.98,200.55,201.65,7006090.0,1951868437.0,93255930531.3
2022-03-08,002371,201.65,216.53,200.6,210.0,9175605.0,2616894367.0,97117507620.0
2022-03-09,002371,214.56,221.76,207.95,216.04,10759982.0,3156687179.0,99910792124.87999
2022-03-10,002371,225.21,232.19,222.39,226.94,10710679.0,3313067598.0,104951653234.68
2022-03-11,002371,219.7,227.47,212.26,220.66,10602257.0,3159466614.0,102047377292.52
2022-03-14,002371,215.28,221.11,213.46,213.82,6028033.0,1777437734.0,98884121330.04
2022-03-15,002371,208.68,228.37,208.36,218.2,9590815.0,2873980373.0,100909715060.4
2022-03-16,002371,224.84,235.13,213.09,235.12,10825271.0,3298395707.0,108734611388.64
2022-03-17,002371,235.28,245.45,227.03,227.86,11461327.0,3680199400.0,105377120410.92001
2022-03-18,002371,226.68,229.97,223.98,227.78,4660843.0,1438335484.0,105340123265.16
2022-03-21,002371,227.78,232.27,222.21,230.36,4997548.0,1556295518.0,106533281215.92001
2022-03-22,002371,231.46,231.82,222.87,224.29,3859294.0,1183969712.0,103726122781.37999
2022-03-23,002371,224.82,225.2,217.5,220.72,4269171.0,1279906662.0,102075125151.84
2022-03-24,002371,218.23,219.6,211.47,218.23,4343489.0,1271621619.0,100923588990.06
2022-03-25,002371,219.7,221.54,210.15,210.15,4259613.0,1244128995.0,97186877268.3
2022-03-28,002371,205.45,213.08,204.71,207.94,4164253.0,1183089279.0,96164831116.68
2022-03-29,002371,207.94,212.83,200.75,202.73,4828602.0,1355942592.0,93755391999.06
2022-03-30,002371,205.37,213.82,204.27,213.82,5853963.0,1668853275.0,98884121330.04
2022-03-31,002371,211.06,211.91,198.6,201.33,7037011.0,1945642289.0,93107941948.26001
2022-04-01,002371,200.6,206.1,197.89,202.36,4623225.0,1275115101.0,93584280199.92001
2022-04-06,002371,202.22,202.62,191.04,193.89,5957884.0,1573785094.0,89667207392.57999
2022-04-07,002371,193.9,196.92,190.16,190.58,4360283.0,1140606644.0,88136450486.76001
2022-04-08,002371,190.58,195.7,186.83,192.51,4853761.0,1269187661.0,89029006628.22
2022-04-11,002371,189.94,191.4,181.84,183.18,4526596.0,1144336679.0,84714214503.96
2022-04-12,002371,184.28,185.67,175.65,183.69,5723596.0,1409279061.0,84950071308.18
2022-04-13,002371,180.76,182.95,175.69,177.67,4476286.0,1093066713.0,82166036089.73999
2022-04-14,002371,181.6,195.44,174.88,192.54,8721779.0,2209312109.0,89042880557.87999
2022-04-15,002371,188.54,194.45,184.45,192.06,6713531.0,1734703181.0,88820897683.32
2022-04-18,002371,191.04,201.44,190.42,200.6,6902786.0,1857201112.0,92770342993.2
2022-04-19,002371,200.38,201.33,193.3,194.48,4675727.0,1250009438.0,89940061342.56
2022-04-20,002371,195.44,197.25,191.79,192.95,3493804.0,921096709.0,89232490929.9
2022-04-21,002371,191.09,199.12,189.57,192.5,4830095.0,1275886822.0,89024381985.0
2022-04-22,002371,192.43,195.31,180.76,187.0,7595320.0,1931356578.0,86480828214.0
2022-04-25,002371,180.05,182.95,168.3,168.3,7309014.0,1730679356.0,77832745392.6
2022-04-26,002371,163.52,170.78,163.52,165.24,5485304.0,1247179320.0,76417604567.28
2022-04-27,002371,160.92,178.32,160.18,177.52,8454727.0,1970933001.0,82096666441.44
2022-04-28,002371,175.33,179.62,170.47,174.67,6509957.0,1543188312.0,80778643123.73999
2022-04-29,002371,177.08,179.52,165.44,175.61,10509938.0,2460100813.0,81213359586.42001
2022-05-05,002371,173.41,176.47,162.26,172.68,11483456.0,2664119941.0,84927504710.76001
2022-05-06,002371,165.33,170.84,162.31,163.12,7822484.0,1755184495.0,80225704009.84001
2022-05-09,002371,160.92,161.42,153.57,154.53,9363997.0,1995937628.0,76000968861.21
2022-05-10,002371,152.81,169.98,151.37,168.12,16795718.0,3769874477.0,82684804794.84001
2022-05-11,002371,166.46,181.08,165.33,173.92,14693094.0,3505627186.0,85537361705.44
2022-05-12,002371,172.78,185.09,172.11,180.43,9182185.0,2237902106.0,88739110927.51001
2022-05-13,002371,182.23,183.98,177.16,182.81,6388866.0,1574394307.0,89909642901.17001
2022-05-16,002371,182.83,185.89,177.16,177.97,5442074.0,1338180196.0,87529233341.29001
2022-05-17,002371,178.99,191.41,177.16,190.31,8638361.0,2201783759.0,93598294078.67001
2022-05-18,002371,192.51,195.94,190.07,193.39,6647198.0,1750720698.0,95113100162.23001
2022-05-19,002371,190.31,198.78,189.57,195.4,6177763.0,1641624977.0,96101658677.80002
2022-05-20,002371,195.53,199.86,190.82,193.32,5178573.0,1362576877.0,95078672751.24
2022-05-23,002371,193.25,197.66,189.06,196.49,4955556.0,1307656001.0,96637742648.93002
2022-05-24,002371,195.01,201.24,191.19,192.15,5952557.0,1588807150.0,94503243167.55002
2022-05-25,002371,191.35,197.28,190.09,192.17,4692967.0,1229950626.0,94513079570.69
2022-05-26,002371,191.78,191.78,182.98,188.1,4530745.0,1156949156.0,92511371531.70001
2022-05-27,002371,190.31,195.59,187.15,188.25,4180551.0,1085326981.0,92585144555.25002
2022-05-30,002371,189.06,191.78,185.61,190.16,3311013.0,855056537.0,93524521055.12001
2022-05-31,002371,189.38,198.78,186.64,198.39,7089809.0,1876025075.0,97572200947.23001
2022-06-01,002371,196.19,206.53,194.72,200.2,6429548.0,1748527779.0,98462395431.40001
2022-06-02,002371,199.49,217.64,198.4,212.14,10447966.0,2997065444.0,104334728105.98001
2022-06-06,002371,210.0,215.45,207.37,214.19,8094063.0,2333489531.0,105342959427.83002
2022-06-07,002371,211.62,212.78,204.09,204.4,7281464.0,2051611547.0,100528040090.80002
2022-06-08,002371,204.27,211.08,202.65,205.52,6340084.0,1781439849.0,101078878666.64001
2022-06-09,002371,205.01,205.01,195.11,196.44,7453398.0,2010795559.0,96613151641.08002
2022-06-10,002371,196.25,201.1,191.21,199.87,9143926.0,2441725056.0,98300094779.59001
2022-06-13,002371,196.39,198.0,191.69,194.75,7211452.0,1907078137.0,95781975575.75002
2022-06-14,002371,191.78,195.07,175.28,183.77,15057479.0,3736344784.0,90381790251.89001
2022-06-15,002371,182.3,192.51,181.86,187.74,10350346.0,2641440371.0,92334316275.18002
2022-06-16,002371,186.8,196.32,186.1,192.22,8138983.0,2131138755.0,94537670578.54001
2022-06-17,002371,189.58,191.41,183.7,188.55,9937155.0,2531783553.0,92732690602.35002
2022-06-20,002371,189.57,196.58,185.39,192.88,9253307.0,2412637471.0,94862271882.16
2022-06-21,002371,192.89,200.56,189.66,195.49,9568434.0,2545223149.0,96145922491.93002
2022-06-22,002371,195.31,195.51,185.24,186.86,10853066.0,2787928276.0,91901514537.02002
2022-06-23,002371,186.3,195.08,185.9,194.57,9679752.0,2527865773.0,95693447947.49
2022-06-24,002371,194.73,199.13,191.79,197.22,8312013.0,2212514713.0,96996771363.54001
2022-06-27,002371,198.39,204.27,198.39,200.16,8304501.0,2274367154.0,98442722625.12001
2022-06-28,002371,199.57,207.28,193.54,205.49,11535158.0,3132671354.0,101064124061.93002
2022-06-29,002371,202.8,212.13,200.45,200.63,12796157.0,3599408602.0,98673878098.91
2022-06-30,002371,200.23,206.47,199.99,203.62,6228993.0,1725591152.0,100171357054.52
2022-07-01,002371,205.01,210.65,201.45,207.27,7250004.0,2043696760.0,101966983482.42
2022-07-04,002371,203.54,203.54,189.93,195.53,13270345.0,3519222338.0,96191461766.38
2022-07-05,002371,197.66,206.47,196.92,201.77,10757300.0,2948254291.0,99261910870.42
2022-07-06,002371,201.9,221.95,201.9,216.03,19533082.0,5743095616.0,106277199808.38
2022-07-07,002371,218.97,221.91,211.68,219.92,13811417.0,4107173490.0,108190907660.31999
2022-07-08,002371,220.44,227.78,218.97,224.11,10367305.0,3160332701.0,110252202236.06001
2022-07-11,002371,222.57,227.37,217.28,220.1,7413008.0,2232887755.0,108279459694.59999
2022-07-12,002371,225.43,226.62,202.87,206.47,14744882.0,4212685147.0,101574102876.62
2022-07-13,002371,205.89,209.78,202.11,206.63,6922323.0,1942521185.0,101652815795.98
2022-07-14,002371,204.81,210.21,203.21,204.06,7042054.0,1980983203.0,100388489528.76
2022-07-15,002371,204.42,213.24,204.41,206.48,6878192.0,1955404641.0,101579022434.08
2022-07-18,002371,208.1,208.83,193.15,199.38,13320508.0,3571148233.0,98086136637.48
2022-07-19,002371,197.07,200.17,191.18,194.43,8133378.0,2154282064.0,95650955694.78
2022-07-20,002371,196.24,201.85,194.54,195.71,7009803.0,1888108095.0,96280659049.66
2022-07-21,002371,195.82,213.79,194.86,206.31,14468013.0,4083460317.0,101495389957.26
2022-07-22,002371,208.83,208.83,198.1,201.04,7676625.0,2104888341.0,98902783175.84
2022-07-25,002371,198.69,202.17,194.87,200.01,5522638.0,1493397498.0,98396068757.45999
2022-07-26,002371,199.71,201.11,195.23,199.59,5411372.0,1458952838.0,98189447344.14
2022-07-27,002371,198.54,198.54,192.55,194.12,7034336.0,1864932770.0,95498449413.52
2022-07-28,002371,196.7,201.7,194.76,197.99,6892439.0,1857176829.0,97402318150.54001
2022-07-29,002371,196.4,196.44,186.18,186.46,11292985.0,2915402706.0,91730068399.16
2022-08-01,002371,183.81,190.08,177.8,188.58,9547117.0,2400616839.0,92773014580.68001
2022-08-02,002371,186.77,201.11,184.65,198.54,15589360.0,4171707049.0,97672893810.84
2022-08-03,002371,200.74,216.97,195.5,209.9,17625262.0,4955922770.0,103261511085.40001
2022-08-04,002371,211.74,217.46,208.83,212.21,10862078.0,3150892304.0,104397928858.66
2022-08-05,002371,212.21,233.44,210.54,233.44,15695751.0,4803572262.0,114842149346.24
2022-08-08,002371,240.45,248.78,235.3,238.89,16761374.0,5493332204.0,117523308161.93999
2022-08-09,002371,237.46,243.52,224.14,239.63,14029599.0,4403808866.0,117887355413.98
2022-08-10,002371,232.27,248.63,229.75,243.76,13430022.0,4408825380.0,119919132644.95999
2022-08-11,002371,242.65,248.91,238.24,245.29,8388804.0,2794264538.0,120671824936.34
2022-08-12,002371,243.24,249.27,239.16,239.79,6659123.0,2210464687.0,117966068333.34
2022-08-15,002371,241.77,247.64,238.99,240.74,6034309.0,1989450929.0,118433426292.04001
2022-08-16,002371,239.96,246.98,229.42,230.8,11696739.0,3738275179.0,113543386176.8
2022-08-17,002371,230.93,232.42,225.38,231.69,8396118.0,2615121545.0,114183917080.2
2022-08-18,002371,228.68,234.05,226.48,232.09,5970325.0,1876851154.0,114381049312.2
2022-08-19,002371,230.81,234.48,224.27,225.46,6369197.0,1974090000.0,111113582566.8
2022-08-22,002371,225.74,229.27,222.43,226.84,4566964.0,1405225052.0,111793688767.2
2022-08-23,002371,225.75,226.77,219.2,220.43,6222891.0,1874677891.0,108634644749.40001
2022-08-24,002371,220.43,220.52,211.04,211.65,6435098.0,1874979472.0,104307592257.0
2022-08-25,002371,212.5,213.75,208.1,211.83,4633666.0,1329401922.0,104396301761.40001
2022-08-26,002371,213.24,214.1,207.68,207.76,4864290.0,1390370811.0,102390481300.8
2022-08-29,002371,204.42,216.92,203.6,209.04,7197794.0,2067510529.0,103021304443.2
2022-08-30,002371,210.15,214.35,207.57,211.41,5783083.0,1662736152.0,104189312917.8
2022-08-31,002371,210.3,212.38,203.68,207.36,5909009.0,1664139647.0,102193349068.8
2022-09-01,002371,211.77,215.07,205.38,206.52,6260569.0,1788270689.0,101779371381.6
2022-09-02,002371,207.36,212.89,204.79,209.97,6111781.0,1746113578.0,103479636882.6
2022-09-05,002371,208.1,213.39,200.01,213.25,7389433.0,2103654803.0,105096121185.0
2022-09-06,002371,213.18,216.92,211.17,213.24,5529401.0,1607452103.0,105091192879.2
2022-09-07,002371,217.64,232.8,216.93,231.63,10134040.0,3105519612.0,114154347245.4
2022-09-08,002371,229.24,235.3,226.28,230.18,6082439.0,1909897020.0,113439742904.40001
2022-09-09,002371,229.43,231.63,226.48,229.79,4368822.0,1361492773.0,113247538978.2
2022-09-13,002371,230.89,236.26,228.83,230.91,3514476.0,1109111966.0,113799509227.8
2022-09-14,002371,226.33,241.76,225.02,240.02,6929006.0,2199269863.0,118289195811.6
2022-09-15,002371,237.51,238.98,222.53,228.68,8247372.0,2570529205.0,112728700596.16
2022-09-16,002371,226.48,238.16,225.01,232.19,6551925.0,2076199047.0,114458968827.28
2022-09-19,002371,230.23,238.98,229.71,232.36,6456812.0,2059924140.0,114542770992.32
2022-09-20,002371,232.36,233.76,219.02,228.21,5605989.0,1733461562.0,112497012257.52
2022-09-21,002371,225.76,227.38,217.88,218.55,5777273.0,1740821659.0,107735077467.6
2022-09-22,002371,216.93,220.6,212.81,217.57,4305216.0,1272875365.0,107251982633.84
2022-09-23,002371,217.66,219.04,207.97,209.57,5297733.0,1523220354.0,103308351337.84
2022-09-26,002371,206.71,218.02,206.66,214.02,4877415.0,1427671328.0,105501996246.24
2022-09-27,002371,214.05,221.07,212.49,216.91,4667201.0,1379034614.0,106926633051.92
2022-09-28,002371,216.89,216.91,208.12,209.73,3228496.0,927469106.0,103387223963.76
2022-09-29,002371,209.85,216.04,204.27,214.55,4846347.0,1395927629.0,105763261819.6
2022-09-30,002371,216.77,216.77,204.43,204.71,4407241.0,1250393022.0,100912595325.52
2022-10-10,002371,194.86,194.86,184.24,184.24,4378845.0,1102929085.0,90821828746.88
2022-10-11,002371,175.01,176.48,165.82,165.82,12058784.0,2745288150.0,81741617687.84
2022-10-12,002371,162.88,171.32,155.87,170.59,16605811.0,3665830014.0,84093007848.08
2022-10-13,002371,165.56,169.86,162.48,163.09,12346999.0,2780980204.0,80395853508.08
2022-10-14,002371,166.33,166.83,156.7,165.36,15470881.0,3416558936.0,81514858888.32
2022-10-17,002371,161.35,180.48,160.71,178.68,17190425.0,4018423585.0,88081004996.16
2022-10-18,002371,176.48,177.8,171.55,175.67,9929420.0,2356376944.0,86597213721.04
2022-10-19,002371,174.12,179.47,172.27,177.21,7729391.0,1855673039.0,87356362745.52
2022-10-20,002371,175.01,194.93,174.96,194.93,11212496.0,2846868264.0,96091506066.16
2022-10-21,002371,191.18,199.19,183.06,193.11,11068957.0,2845777991.0,95194329946.32
2022-10-24,002371,190.45,202.61,188.98,195.52,9340640.0,2507924008.0,96382348874.24
2022-10-25,002371,192.8,199.92,189.94,192.43,7422287.0,1966794946.0,94859121286.16
2022-10-26,002371,191.92,197.07,189.46,192.51,8427807.0,2216067130.0,94898557599.12
2022-10-27,002371,191.35,197.12,187.96,193.35,8877930.0,2326025531.0,95312638885.2
2022-10-28,002371,190.29,201.48,189.71,195.52,8845930.0,2376183015.0,96382348874.24
2022-10-31,002371,197.04,201.37,191.56,195.37,8226510.0,2200825659.0,96308405787.44
2022-11-01,002371,193.39,195.59,189.71,194.8,7251829.0,1896956778.0,96027422057.6
2022-11-02,002371,193.24,198.54,191.11,192.4,7691584.0,2022068928.0,94844332668.8
2022-11-03,002371,189.71,199.75,188.98,196.7,8013108.0,2133328000.0,96964034490.4
2022-11-04,002371,195.65,201.82,192.43,200.45,9602239.0,2574467245.0,98812611660.4
2022-11-07,002371,198.98,204.05,193.39,193.87,8325600.0,2221844450.0,95568974919.44
2022-11-08,002371,193.68,194.85,187.93,190.05,6526132.0,1687841311.0,93685890975.6
2022-11-09,002371,189.98,191.83,181.62,183.54,8921811.0,2249562483.0,90476761008.48
2022-11-10,002371,181.77,184.54,171.48,172.8,15306474.0,3664075370.0,85182435993.6
2022-11-11,002371,181.44,182.35,174.85,175.17,13404991.0,3257373375.0,86350736765.04
2022-11-14,002371,174.27,178.49,172.4,174.62,8190719.0,1950597813.0,86079612113.44
2022-11-15,002371,176.09,186.04,174.28,183.84,13656986.0,3378393489.0,90624647182.08
2022-11-16,002371,183.83,183.83,177.22,178.04,7858253.0,1921083450.0,87765514492.48
2022-11-17,002371,176.78,178.37,169.87,178.28,10645510.0,2516446317.0,87883823431.36
2022-11-18,002371,176.47,180.08,169.13,169.51,10552431.0,2484520649.0,83560617623.12
2022-11-21,002371,167.65,171.33,166.75,169.64,5166792.0,1191712113.0,83624701631.68
2022-11-22,002371,169.12,172.8,165.28,168.91,6686699.0,1542632321.0,83264845275.92
2022-11-23,002371,167.9,169.06,163.0,166.01,7883855.0,1776539901.0,81835278931.12
2022-11-24,002371,166.92,170.76,165.87,168.84,6158539.0,1409367557.0,83230338502.08
2022-11-25,002371,166.92,172.39,165.08,165.45,7938305.0,1817736158.0,81559224740.4
2022-11-28,002371,161.77,165.17,160.87,164.71,6013859.0,1335222303.0,81194438845.52
2022-11-29,002371,164.71,167.65,162.09,165.45,6951272.0,1559857484.0,81559224740.4
2022-11-30,002371,164.82,167.81,162.51,163.9,6711318.0,1500016251.0,80795146176.8
2022-12-01,002371,166.18,170.74,165.13,169.85,11450882.0,2626052473.0,83763015895.55
2022-12-02,002371,168.39,171.07,165.56,166.87,8411597.0,1919332527.0,82293402781.81001
2022-12-05,002371,166.86,167.29,162.51,164.97,7428211.0,1661617092.0,81356401132.11002
2022-12-06,002371,164.97,177.12,163.98,175.23,16907644.0,3966884800.0,92138352174.0
2022-12-07,002371,175.74,177.93,173.9,175.98,8732267.0,2084222656.0,92532712524.0
2022-12-08,002371,175.74,177.3,172.92,175.01,5537496.0,1315606879.0,92022673138.0
2022-12-09,002371,175.74,183.1,175.74,180.01,12213079.0,2993389646.0,94651742138.0
2022-12-12,002371,180.15,183.83,176.84,179.39,9483119.0,2327466284.0,94325737582.0
2022-12-13,002371,179.39,179.39,172.34,173.02,9611746.0,2277218096.0,90976303676.0
2022-12-14,002371,183.76,184.23,176.69,178.17,19798620.0,4867139080.0,93684244746.0
2022-12-15,002371,175.46,186.4,175.05,181.71,11837872.0,2937995475.0,95545625598.0
2022-12-16,002371,179.42,180.03,175.01,177.37,8077439.0,1944619791.0,93263593706.0
2022-12-19,002371,175.74,177.34,172.07,172.36,6166158.0,1456844723.0,90629266568.0
2022-12-20,002371,170.59,174.26,168.54,170.47,5214343.0,1212676082.0,89635478486.0
2022-12-21,002371,170.43,170.74,165.69,167.65,4882853.0,1114141888.0,88152683570.0
2022-12-22,002371,168.31,168.75,163.72,163.94,5239768.0,1178650847.0,86201914372.0
2022-12-23,002371,160.41,163.24,158.83,160.17,6205485.0,1354237751.0,84219596346.0
2022-12-26,002371,159.85,164.9,159.85,164.54,5582454.0,1241495850.0,86517402652.0
2022-12-27,002371,164.54,167.8,163.09,167.3,4961713.0,1117657221.0,87968648740.0
2022-12-28,002371,166.04,167.15,163.25,165.3,4379105.0,983710889.0,86917021140.0
2022-12-29,002371,165.65,170.1,164.66,167.39,6216923.0,1417571920.0,88015971982.0
2022-12-30,002371,169.27,169.7,164.9,165.67,4369320.0,989612752.0,87130216747.79999
2023-01-03,002371,164.72,169.86,163.29,169.34,6217311.0,1414147755.0,89060366415.6
2023-01-04,002371,169.38,172.79,165.56,166.4,8166793.0,1871856033.0,87514142976.0
2023-01-05,002371,166.18,169.09,164.71,167.88,6207914.0,1415237398.0,88292513959.2
2023-01-06,002371,166.88,169.93,165.52,167.89,6298644.0,1437702867.0,88297773222.59999
2023-01-09,002371,168.39,171.33,166.55,168.68,6965500.0,1598219256.0,88713255031.2
2023-01-10,002371,168.68,172.55,168.02,169.49,8716006.0,2018172896.0,89139255366.6
2023-01-11,002371,172.43,176.48,167.87,168.32,11612296.0,2725283864.0,88523921548.8
2023-01-12,002371,169.93,170.07,164.7,165.9,6019060.0,1363074618.0,87251179806.0
2023-01-13,002371,166.42,167.12,164.75,167.0,4362495.0,984158993.0,87829698780.0
2023-01-16,002371,165.45,175.65,164.83,173.54,12386263.0,2891407345.0,91269257043.59999
2023-01-17,002371,173.44,179.37,172.8,178.36,9480354.0,2286210399.0,93804222002.40001
2023-01-18,002371,178.37,179.42,175.06,175.89,4930266.0,1184125147.0,92505183942.59999
2023-01-19,002371,175.67,180.8,175.01,180.64,6496646.0,1581914020.0,95003334057.59999
2023-01-20,002371,180.15,181.85,178.07,180.66,5825476.0,1427593813.0,95013852584.4
2023-01-30,002371,182.01,182.95,179.05,179.51,8301575.0,2038398107.0,94409037293.4
2023-01-31,002371,178.68,180.13,171.84,172.28,11579380.0,2739907139.0,90606589855.2
2023-02-01,002371,172.29,175.65,172.29,175.12,7443547.0,1762062679.0,92121929586.72
2023-02-02,002371,178.41,192.05,177.94,187.94,19722630.0,4960373146.0,98865894509.64
2023-02-03,002371,186.04,188.24,183.54,185.9,8156972.0,2056408360.0,97792751885.40001
2023-02-06,002371,186.77,189.4,183.18,186.77,8146902.0,2064690347.0,98250415651.62001
2023-02-07,002371,187.21,187.36,181.75,183.57,7359676.0,1837188974.0,96567054672.42
2023-02-08,002371,182.67,185.3,179.54,180.12,6444339.0,1591941612.0,94752181116.72
2023-02-09,002371,178.68,186.4,177.49,186.18,9549178.0,2377100348.0,97940045971.08
2023-02-10,002371,184.81,186.61,180.21,182.72,7275433.0,1810714880.0,96119911912.31999
2023-02-13,002371,179.42,186.04,176.99,185.51,8116531.0,2022080553.0,97587592266.06
2023-02-14,002371,184.93,191.59,180.23,182.55,8961537.0,2256212912.0,96030483360.3
2023-02-15,002371,183.83,188.98,181.01,188.19,8512494.0,2149947231.0,98997407086.14
2023-02-16,002371,186.85,192.58,183.83,184.64,9113838.0,2330954199.0,97129928499.84
2023-02-17,002371,183.83,184.54,174.11,175.04,12483707.0,3020505367.0,92079845562.23999
2023-02-20,002371,173.89,176.35,172.07,175.79,6625577.0,1566545443.0,92474383291.73999
2023-02-21,002371,175.34,177.55,173.78,175.78,4427999.0,1056198874.0,92469122788.68001
2023-02-22,002371,174.24,179.05,173.98,177.15,5364374.0,1288695563.0,93189811707.90001
2023-02-23,002371,175.74,178.17,174.68,176.55,4022002.0,964094382.0,92874181524.3
2023-02-24,002371,177.48,178.24,174.27,174.51,4206751.0,1005706708.0,91801038900.06
2023-02-27,002371,173.34,173.78,169.24,169.69,6177000.0,1433768316.0,89265476425.14
2023-02-28,002371,170.58,173.08,168.39,171.51,5094060.0,1181551699.0,90222887982.06
2023-03-01,002371,170.42,171.82,169.34,171.81,5260938.0,1220888325.0,90380703073.86
2023-03-02,002371,175.74,177.24,172.07,172.58,7359653.0,1747287883.0,90785761809.48001
2023-03-03,002371,177.94,183.1,177.12,183.05,17084411.0,4193309086.0,96512354856.05
2023-03-06,002371,180.89,189.35,180.15,187.42,12542750.0,3163710793.0,98816419268.62
2023-03-07,002371,187.42,189.18,181.81,182.11,8740513.0,2200800243.0,96016743746.71
2023-03-08,002371,182.11,186.03,181.11,183.08,6463462.0,1611674839.0,96528172231.88
2023-03-09,002371,183.83,192.42,183.39,189.93,15449972.0,3976748330.0,100139806379.73001
2023-03-10,002371,189.06,196.08,188.61,192.04,12819016.0,3364798866.0,101252295146.44
2023-03-13,002371,191.91,195.52,190.01,193.27,8735907.0,2290622442.0,101900807555.47
2023-03-14,002371,191.18,207.36,190.75,204.42,16184491.0,4412910272.0,107779598905.62
2023-03-15,002371,207.83,208.02,198.91,200.01,12320958.0,3387643634.0,105454444658.61
2023-03-16,002371,199.06,202.07,194.09,196.33,10625603.0,2860851669.0,103514179890.13
2023-03-17,002371,200.93,201.18,194.12,198.54,10402439.0,2799452778.0,104679393242.94
2023-03-20,002371,197.94,207.52,195.85,203.9,13096843.0,3616328612.0,107505431057.90001
2023-03-21,002371,201.7,204.78,196.9,201.32,9275436.0,2523023043.0,106145136736.51999
2023-03-22,002371,201.48,202.15,194.86,196.71,8706015.0,2344292409.0,103714533317.31
2023-03-23,002371,194.81,199.79,194.06,197.32,10509707.0,2808589075.0,104156492446.28
2023-03-24,002371,196.33,196.33,188.94,190.46,12288996.0,3199845314.0,100535402145.34001
2023-03-27,002371,190.45,190.45,184.4,185.61,10368721.0,2631750073.0,97975301859.69
2023-03-28,002371,184.79,186.62,181.74,181.87,6895895.0,1725602994.0,96001121433.23
2023-03-29,002371,181.92,200.06,181.39,199.91,21521384.0,5672202482.0,105523638784.39
2023-03-30,002371,198.53,200.38,191.2,194.1,14271474.0,3794736021.0,102456796998.9
2023-03-31,002371,194.27,197.71,191.55,195.49,9443901.0,2504472148.0,103209500496.11
2023-04-03,002371,198.61,207.27,197.8,205.81,16939165.0,4681168014.0,108657973794.59
2023-04-04,002371,203.68,218.14,203.32,208.34,16720428.0,4794402801.0,109993694477.26
2023-04-06,002371,208.34,229.17,208.1,226.06,21388178.0,6457229478.0,119349018784.34
2023-04-07,002371,226.06,230.61,224.72,229.91,12614663.0,3903822129.0,121381637214.49
2023-04-10,002371,230.3,234.48,218.39,220.38,13944295.0,4285670173.0,116350246658.81999
2023-04-11,002371,221.2,224.16,214.01,217.21,11601010.0,3456831955.0,114676636159.19
2023-04-12,002371,217.74,221.23,212.1,217.8,8923152.0,2634226547.0,114988128334.20001
2023-04-13,002371,215.38,215.99,208.93,210.31,10578485.0,3042194269.0,111033761570.09
2023-04-14,002371,220.6,231.34,219.49,231.34,16553507.0,5072595237.0,122136609774.26
2023-04-17,002371,240.45,249.13,237.88,241.85,20679492.0,6821415918.0,127685394112.15
2023-04-18,002371,239.87,241.16,231.63,237.14,13414787.0,4291222684.0,125198736240.45999
2023-04-19,002371,235.3,245.26,235.23,240.89,16031421.0,5238793781.0,127178559386.70999
2023-04-20,002371,236.49,260.94,236.04,258.83,17559202.0,6043762681.0,136650033318.37
2023-04-21,002371,256.62,263.27,247.11,248.0,13417825.0,4626331464.0,130932304072.0
2023-04-24,002371,249.27,251.88,242.19,244.8,10904790.0,3651367988.0,129242854987.20001
2023-04-25,002371,248.02,251.63,239.13,243.3,13146592.0,4367615716.0,128450925728.70001
2023-04-26,002371,241.45,248.89,235.27,246.33,13377236.0,4427410909.0,130050622830.87001
2023-04-27,002371,242.27,256.98,239.85,247.29,11686321.0,3955436506.0,130557457556.31
2023-04-28,002371,247.3,253.06,241.85,245.98,11171834.0,3741028371.0,129865839337.22
2023-05-04,002371,246.17,246.17,234.65,237.01,9084441.0,2947781806.0,125130102371.39
2023-05-05,002371,235.3,242.1,234.94,236.87,7767728.0,2517994732.0,125056188973.93001
2023-05-08,002371,222.17,231.32,216.94,221.5,15475591.0,4736234634.0,116941553838.5
2023-05-09,002371,221.5,228.78,221.33,221.46,8287140.0,2525803640.0,116920435724.94
2023-05-10,002371,219.83,220.59,210.3,212.88,10935013.0,3181776476.0,112390600366.31999
2023-05-11,002371,216.78,217.82,211.04,213.02,5626809.0,1636157738.0,112464513763.78
2023-05-12,002371,213.99,219.38,208.46,210.08,7491037.0,2172704518.0,110912332417.12001
2023-05-15,002371,207.36,212.89,205.96,212.3,7149184.0,2045386589.0,112084387719.70001
2023-05-16,002371,212.3,219.77,209.81,218.35,9726035.0,2863160682.0,115278502395.65
2023-05-17,002371,217.9,224.9,216.92,221.16,7277255.0,2188349478.0,116762049873.24
2023-05-18,002371,219.86,223.91,219.22,221.51,4840090.0,1459240136.0,116946833366.89
2023-05-19,002371,222.8,224.79,218.57,221.54,5637880.0,1698735964.0,116962671952.06
2023-05-22,002371,221.69,223.46,217.66,218.62,3705460.0,1105259907.0,115421049662.18001
2023-05-23,002371,217.92,217.92,213.78,214.33,4476121.0,1309085662.0,113156131982.87001
2023-05-24,002371,214.21,222.07,212.21,218.77,7019474.0,2077325408.0,115500242588.03
2023-05-25,002371,218.04,220.52,216.19,219.98,4458670.0,1325703364.0,116139065523.22
2023-05-26,002371,220.96,224.77,219.14,221.77,4608540.0,1392932535.0,117084101105.03
2023-05-29,002371,223.17,227.49,219.93,223.94,7731209.0,2353834239.0,118229758765.66
2023-05-30,002371,221.69,225.48,217.34,224.35,7497631.0,2259873408.0,118446219429.65
2023-05-31,002371,223.55,227.49,221.33,223.13,5191221.0,1581768903.0,117802116966.06999
2023-06-01,002371,220.59,221.19,216.33,218.13,7016568.0,2086435102.0,115162352771.06999
2023-06-02,002371,218.28,221.7,216.1,219.27,5508268.0,1640642955.0,115764219007.53
2023-06-05,002371,235.23,241.19,231.76,233.1,16450134.0,5299187134.0,123104206499.4
2023-06-06,002371,230.52,233.17,226.35,227.58,9205487.0,2872852105.0,120188997490.92001
2023-06-07,002371,227.58,229.96,224.28,226.48,5916816.0,1825131385.0,119608068159.51999
2023-06-08,002371,225.91,225.99,219.86,221.99,5493073.0,1660181915.0,117236820252.26001
2023-06-09,002371,221.99,225.74,218.79,225.74,6950589.0,2098129842.0,119217261154.76001
2023-06-12,002371,224.18,233.09,223.55,232.21,7716710.0,2418046394.0,122634181858.54001
2023-06-13,002371,231.41,236.21,229.05,235.67,6641680.0,2103286708.0,124461468664.57999
2023-06-14,002371,234.19,237.42,232.58,232.8,5649236.0,1802917031.0,122945771227.20001
2023-06-15,002371,232.8,235.39,230.27,233.43,5170674.0,1634661723.0,123278485298.82
2023-06-16,002371,231.87,235.73,231.26,235.6,5112735.0,1626325352.0,124424500434.4
2023-06-19,002371,234.27,235.1,230.41,232.05,5194653.0,1640411895.0,122563143106.95001
2023-06-20,002371,230.16,231.63,227.95,228.66,5449569.0,1700070822.0,120772627894.14
2023-06-21,002371,226.41,228.66,216.57,216.85,8902727.0,2676691698.0,114534874306.15
2023-06-26,002371,216.18,221.24,214.13,219.24,5786277.0,1715907756.0,115797213939.96
2023-06-27,002371,219.24,225.01,218.39,221.32,4647421.0,1401862342.0,116895819144.28
2023-06-28,002371,221.33,238.98,221.32,230.91,10733572.0,3360763159.0,121961022946.89
2023-06-29,002371,230.6,234.27,227.95,229.27,4678357.0,1465726976.0,121094814997.33
2023-06-30,002371,227.99,235.29,225.78,233.57,5070132.0,1598958097.0,123392436738.01
2023-07-03,002371,237.49,238.96,219.78,223.48,10885916.0,3361948391.0,118062001807.64
2023-07-04,002371,222.74,228.52,221.33,225.41,5294587.0,1617079210.0,119081599371.13
2023-07-05,002371,223.55,224.49,216.18,216.92,7317508.0,2183045224.0,114596426669.56
2023-07-06,002371,215.82,216.18,210.31,213.24,5468220.0,1584723670.0,112656235857.6
2023-07-07,002371,211.85,211.85,208.57,209.67,4333891.0,1239276503.0,110770179010.79999
2023-07-10,002371,208.84,211.77,208.33,210.65,3836415.0,1096432565.0,111287920106.0
2023-07-11,002371,210.45,216.27,209.57,216.02,6319468.0,1832160984.0,114124929984.8
2023-07-12,002371,215.45,215.45,208.83,209.39,6163541.0,1767501548.0,110622252983.59999
2023-07-13,002371,210.01,214.04,209.64,213.23,5025079.0,1448842858.0,112650952785.2
2023-07-14,002371,213.87,220.28,211.93,220.13,9719972.0,2864964931.0,116296272741.2
2023-07-17,002371,220.94,222.41,211.06,212.62,10239692.0,2991245328.0,112328685368.8
2023-07-18,002371,212.1,214.23,210.26,211.04,5636857.0,1623070396.0,111493959929.59999
2023-07-19,002371,209.99,211.74,201.04,203.73,10152381.0,2822487000.0,107632034005.2
2023-07-20,002371,203.71,205.33,202.16,203.98,4505292.0,1247186818.0,107764110815.2
2023-07-21,002371,202.52,202.52,197.51,198.39,6236331.0,1687267878.0,104810873343.59999
2023-07-24,002371,197.37,198.97,196.49,196.96,3080181.0,825924880.0,104055393990.40001
2023-07-25,002371,198.84,205.28,197.29,202.17,5557319.0,1513982381.0,106807874710.79999
2023-07-26,002371,201.01,207.17,200.7,204.56,6139881.0,1709569729.0,108070529014.4
2023-07-27,002371,203.27,204.36,201.08,201.67,3317154.0,912656985.0,106543721090.79999
2023-07-28,002371,201.68,205.33,201.24,203.27,4021883.0,1110876390.0,107389012674.8
2023-07-31,002371,203.27,209.89,202.53,209.03,7014582.0,1969041481.0,110432062377.2
2023-08-01,002371,208.92,208.92,205.07,207.45,4305123.0,1210096207.0,109597336938.0
2023-08-02,002371,206.21,210.4,205.48,208.64,5233949.0,1484482229.0,110226022553.59999
2023-08-03,002371,207.18,211.54,206.8,209.01,3877003.0,1102435362.0,110421496232.4
2023-08-04,002371,209.4,210.48,204.9,207.32,4825879.0,1359505842.0,109528656996.8
2023-08-07,002371,206.56,209.12,206.23,208.5,2801004.0,791492986.0,110152059540.0
2023-08-08,002371,208.05,209.88,207.66,208.71,2574901.0,730430197.0,110263004060.40001
2023-08-09,002371,207.83,208.41,204.96,206.6,3203029.0,898559049.0,109148275784.0
2023-08-10,002371,206.57,212.75,206.54,209.64,4634259.0,1323563779.0,110754329793.59999
2023-08-11,002371,209.71,210.6,205.18,205.18,3597636.0,1009473826.0,108398079503.2
2023-08-14,002371,202.85,203.63,200.85,201.06,3268500.0,895868410.0,106221453674.4
2023-08-15,002371,201.8,203.18,195.57,199.59,3835250.0,1036326785.0,105444842031.6
2023-08-16,002371,198.87,201.2,192.55,192.62,4692406.0,1244270914.0,101762540568.8
2023-08-17,002371,192.43,197.25,191.04,194.52,3610112.0,952010407.0,102766324324.8
2023-08-18,002371,194.28,194.94,189.27,189.27,3390992.0,882439299.0,99992711314.8
2023-08-21,002371,190.44,192.65,188.23,188.29,2855057.0,735354051.0,99474970219.59999
2023-08-22,002371,189.33,190.84,184.36,189.83,4498356.0,1145840894.0,100288563369.20001
2023-08-23,002371,189.83,190.11,184.64,184.94,2611326.0,662676288.0,97705140965.6
2023-08-24,002371,186.34,193.21,185.24,191.36,5407293.0,1397436897.0,101096873446.40001
2023-08-25,002371,189.1,191.08,188.07,189.27,3358183.0,864299953.0,99992711314.8
2023-08-28,002371,200.48,201.9,185.58,187.06,6895941.0,1787344268.0,98825152314.4
2023-08-29,002371,184.33,192.98,184.21,192.52,5547948.0,1432714014.0,101709709844.8
2023-08-30,002371,196.27,202.44,194.43,197.49,8775109.0,2363453019.0,104335396827.6
2023-08-31,002371,197.37,201.09,194.43,199.78,6208535.0,1677645421.0,105545220407.2
2023-09-01,002371,201.78,208.77,200.59,201.07,7523664.0,2086894391.0,106226736746.8
2023-09-04,002371,202.57,203.27,197.45,199.58,6370643.0,1720720052.0,105439558959.20001
2023-09-05,002371,200.2,202.15,198.76,199.8,5907670.0,1607906117.0,105555786552.0
2023-09-06,002371,198.87,206.58,198.11,206.51,10449743.0,2886232298.0,109100728132.4
2023-09-07,002371,204.0,204.22,194.6,194.8,9621294.0,2592149834.0,102914250352.0
2023-09-08,002371,193.51,197.74,192.96,196.27,5057000.0,1344124088.0,103690861994.8
2023-09-11,002371,195.17,197.35,190.8,195.98,5424297.0,1436686445.0,103537652895.2
2023-09-12,002371,194.51,196.17,194.34,194.43,2688280.0,711513761.0,102718776673.2
2023-09-13,002371,193.41,195.38,190.02,191.23,3853927.0,1005299906.0,101028193505.2
2023-09-14,002371,191.24,192.22,184.85,185.56,6574204.0,1669573919.0,98032691454.4
2023-09-15,002371,185.66,188.24,182.5,183.49,6379015.0,1600969765.0,96939095467.6
2023-09-18,002371,181.91,184.21,180.44,180.79,4656765.0,1149967356.0,95512665919.59999
2023-09-19,002371,180.79,181.3,170.53,176.68,8685999.0,2064758167.0,93341323163.2
2023-09-20,002371,175.84,177.44,172.03,172.32,6621524.0,1562959726.0,91037903596.8
2023-09-21,002371,171.6,173.29,170.71,171.16,4590113.0,1069583809.0,90425067198.4
2023-09-22,002371,170.86,173.07,169.66,172.7,6877226.0,1604637168.0,91238660348.0
2023-09-25,002371,172.33,174.49,170.61,173.07,6474810.0,1514587232.0,91434134026.8
2023-09-26,002371,171.97,173.94,171.3,171.31,4261055.0,996712183.0,90504313284.4
2023-09-27,002371,171.3,174.25,170.22,171.56,4819955.0,1125318876.0,90636390094.4
2023-09-28,002371,171.6,182.56,169.9,177.71,11431417.0,2728880307.0,93885479620.40001
2023-10-09,002371,176.19,182.3,175.69,181.36,7113612.0,1734943017.0,95852696781.52
2023-10-10,002371,180.44,184.77,179.9,182.53,6312836.0,1565761292.0,96471067178.71
2023-10-11,002371,182.53,183.01,178.09,179.91,5802556.0,1421229328.0,95086340306.37
2023-10-12,002371,180.95,187.88,180.52,186.68,8421781.0,2106302553.0,98664432262.76001
2023-10-13,002371,184.03,184.07,177.89,183.16,7690330.0,1892407612.0,96804035854.12
2023-10-16,002371,182.79,183.01,178.29,179.04,4333927.0,1057533722.0,94626526421.28
2023-10-17,002371,180.19,183.64,177.86,181.67,4814087.0,1182900987.0,96016538510.68999
2023-10-18,002371,182.56,186.75,179.56,179.87,7408729.0,1847441314.0,95065199438.09
2023-10-19,002371,178.68,183.97,178.37,179.06,4705119.0,1158473967.0,94637096855.42
2023-10-20,002371,176.8,180.2,175.65,176.56,3919664.0,945924692.0,93315792587.92
2023-10-23,002371,176.55,177.12,171.6,172.78,3574623.0,841460314.0,91317980535.46
2023-10-24,002371,173.22,185.96,173.08,183.75,9457806.0,2327713538.0,97115863661.25
2023-10-25,002371,184.86,185.3,180.66,182.65,5575685.0,1378095536.0,96534489783.55
2023-10-26,002371,181.03,184.12,179.33,183.62,5308734.0,1306812374.0,97047155839.34
2023-10-27,002371,181.76,187.06,180.81,185.44,6097672.0,1525967823.0,98009065346.08
2023-10-30,002371,184.12,191.69,183.46,189.86,8063606.0,2063241706.0,100345131291.02
2023-10-31,002371,192.96,194.91,186.22,188.54,7050623.0,1802728401.0,99647482637.78
2023-11-01,002371,188.21,188.25,184.13,185.92,5137254.0,1294572592.0,98262755765.43999
2023-11-02,002371,185.59,187.04,183.51,184.27,3590473.0,899980918.0,97390694948.89
2023-11-03,002371,184.53,190.01,183.91,189.3,6201687.0,1578131021.0,100049159135.1
2023-11-06,002371,190.77,191.11,187.49,190.55,6446154.0,1658544233.0,100709811268.85
2023-11-07,002371,190.01,191.77,187.65,188.79,5455184.0,1399940160.0,99779613064.53
2023-11-08,002371,187.89,195.53,187.46,191.46,8133625.0,2116302478.0,101190766022.22
2023-11-09,002371,190.13,192.4,188.8,189.31,4424306.0,1142103027.0,100054444352.17
2023-11-10,002371,190.08,191.18,187.8,188.54,4080692.0,1050010829.0,99647482637.78
2023-11-13,002371,189.05,190.73,188.27,189.37,3423343.0,879567302.0,100086155654.59
2023-11-14,002371,188.4,190.55,187.85,189.3,3013354.0,773932097.0,100049159135.1
2023-11-15,002371,190.23,190.71,186.35,186.92,4405717.0,1126524189.0,98794304641.84001
2023-11-16,002371,186.24,186.92,181.32,182.65,5014375.0,1250253524.0,96537447800.30002
2023-11-17,002371,181.92,184.7,181.25,181.91,3544086.0,878242953.0,96146329752.82
2023-11-20,002371,181.92,182.33,178.31,178.45,5546015.0,1350127656.0,94317588611.90001
2023-11-21,002371,178.49,179.89,176.9,177.15,4346665.0,1052970860.0,93630489339.30002
2023-11-22,002371,176.02,176.94,173.4,173.51,4634604.0,1098415750.0,91708468280.04
2023-11-23,002371,173.07,175.78,171.86,175.72,3930777.0,929688821.0,92876560694.88
2023-11-24,002371,175.27,175.8,173.22,173.62,3358357.0,793844627.0,91766608626.48
2023-11-27,002371,172.67,177.1,172.22,177.09,4718327.0,1126123235.0,93600672282.36
2023-11-28,002371,176.39,178.15,175.5,176.97,3281521.0,787222500.0,93537246449.88
2023-11-29,002371,177.27,178.17,173.7,173.82,4477032.0,1067447744.0,91872318347.28
2023-11-30,002371,173.07,174.15,171.97,172.74,3634563.0,852797177.0,91301485854.96
2023-12-01,002371,172.85,173.66,165.92,171.48,7040128.0,1624835192.0,90635514613.92
2023-12-04,002371,170.85,173.51,168.88,168.95,4136994.0,958443355.0,89298286645.79999
2023-12-05,002371,168.63,168.64,164.9,164.93,4009862.0,909054882.0,87173521257.72
2023-12-06,002371,163.5,166.09,163.5,164.23,3625313.0,810072255.0,86803537234.92
2023-12-07,002371,164.07,164.14,157.18,159.46,7465829.0,1619950960.0,84282360393.84001
2023-12-08,002371,159.46,164.96,159.46,163.67,6951342.0,1534118455.0,86507550016.68
2023-12-11,002371,162.42,168.48,160.92,167.92,6237166.0,1396323706.0,88753881583.68
2023-12-12,002371,167.18,168.39,166.16,167.44,3497115.0,793349402.0,88500178253.76
2023-12-13,002371,167.3,169.98,166.23,166.97,3153289.0,718937526.0,88251760409.88
2023-12-14,002371,167.83,168.64,165.63,166.41,2856321.0,647040105.0,87955773191.64
2023-12-15,002371,167.03,167.84,164.98,165.71,2870883.0,648580315.0,87585789168.84001
2023-12-18,002371,164.6,166.03,162.47,162.8,3468472.0,771066273.0,86047712731.20001
2023-12-19,002371,162.22,172.71,162.08,168.73,8106036.0,1854350996.0,89182005952.92
2023-12-20,002371,169.43,170.9,167.37,168.87,5226741.0,1201809398.0,89256002757.48
2023-12-21,002371,168.88,174.74,168.5,173.78,7604969.0,1778874943.0,91851176403.12
2023-12-22,002371,173.41,173.77,169.39,170.13,4737174.0,1100264488.0,89921973998.52
2023-12-25,002371,169.39,171.41,168.65,169.51,2437321.0,561509883.0,89594273864.04
2023-12-26,002371,168.88,169.23,164.97,166.07,3292326.0,743768426.0,87776066666.28
2023-12-27,002371,166.07,176.74,166.07,175.72,9668287.0,2284753439.0,92876560694.88
2023-12-28,002371,175.19,182.65,174.72,180.88,7939282.0,1936391362.0,95603871491.52
2023-12-29,002371,180.89,182.27,179.24,180.96,4636183.0,1139359270.0,95646155379.84001
2024-01-02,002371,180.97,181.11,176.27,176.97,4106740.0,993607281.0,93547533539.01
2024-01-03,002371,176.39,181.61,175.59,177.11,4311800.0,1045059220.0,93621538481.63
2024-01-04,002371,175.98,179.31,173.17,173.99,3503120.0,832252917.0,91972285474.67
2024-01-05,002371,173.81,176.72,170.84,172.43,3308289.0,779153664.0,91147658971.19
2024-01-08,002371,171.97,173.07,166.48,166.58,3763106.0,858997865.0,88055309583.14
2024-01-09,002371,167.59,168.91,163.98,167.97,4553369.0,1031117166.0,88790072942.01
2024-01-10,002371,167.18,170.82,164.51,167.03,3646136.0,832571088.0,88293182612.99
2024-01-11,002371,167.02,172.99,166.49,171.3,4526037.0,1050580483.0,90550333362.90001
2024-01-12,002371,170.83,172.07,169.16,170.86,2677546.0,621535806.0,90317746400.38
2024-01-15,002371,170.49,174.99,168.36,170.85,3773813.0,881692709.0,90312460333.05
2024-01-16,002371,176.75,180.44,175.28,179.71,9728606.0,2350083478.0,94995915987.43001
2024-01-17,002371,179.52,180.96,177.27,178.45,6098407.0,1484563972.0,94329871503.84999
2024-01-18,002371,177.4,189.11,176.77,188.37,12506372.0,3116486084.0,99573650295.21
2024-01-19,002371,187.14,189.02,183.66,184.63,6463746.0,1635933627.0,97596661113.79
2024-01-22,002371,184.63,188.66,182.5,184.27,8468881.0,2140852104.0,97406362689.91
2024-01-23,002371,182.51,187.38,180.86,184.11,6512336.0,1626894133.0,97321785612.63
2024-01-24,002371,184.12,186.45,177.66,185.68,7720769.0,1902076443.0,98151698183.44
2024-01-25,002371,184.12,188.54,182.98,187.22,6126616.0,1546163516.0,98965752552.26
2024-01-26,002371,185.53,187.42,181.91,182.28,5347758.0,1338173285.0,96354435291.24
2024-01-29,002371,182.2,184.59,176.83,178.01,5023445.0,1226684602.0,94097284541.33
2024-01-30,002371,177.39,177.39,168.34,168.91,5678607.0,1326821932.0,89286963271.03
2024-01-31,002371,167.19,170.71,165.04,167.74,5544933.0,1265026512.0,88668493393.42
2024-02-01,002371,167.57,176.86,167.4,173.51,6477588.0,1523177146.0,91718554242.83
2024-02-02,002371,172.92,174.91,165.73,170.42,5841972.0,1356527574.0,90085159437.86
2024-02-05,002371,168.03,180.44,167.7,177.45,8453593.0,2002276046.0,93801264770.84999
2024-02-06,002371,175.43,185.21,175.37,184.85,7750539.0,1910678945.0,97712954595.05
2024-02-07,002371,184.31,186.19,181.66,183.46,5920684.0,1474042207.0,96978191236.18001
2024-02-08,002371,186.33,190.6,183.09,184.34,7507219.0,1904998968.0,97443365161.22
2024-02-19,002371,190.01,191.39,187.07,190.38,6827319.0,1758671590.0,100636149828.54
2024-02-20,002371,189.64,190.89,185.93,187.87,4407044.0,1126082494.0,99309346928.71
2024-02-21,002371,186.81,194.72,185.59,191.85,7052813.0,1828974176.0,101413201726.05
2024-02-22,002371,192.22,194.86,191.49,193.73,4310064.0,1131171136.0,102430791994.81999
2024-02-23,002371,193.75,195.53,191.17,192.71,4681618.0,1227248291.0,101891487768.14
2024-02-26,002371,193.18,194.22,189.86,190.4,4346255.0,1128388108.0,100670122313.6
2024-02-27,002371,189.35,197.72,188.98,197.52,5672791.0,1493853308.0,104434677307.68001
2024-02-28,002371,198.07,200.08,192.37,192.54,5235791.0,1394788149.0,101801603730.36
2024-02-29,002371,195.9,211.29,195.64,209.2,11684701.0,3263039372.0,110610239432.79999
2024-03-01,002371,210.63,217.11,209.33,215.16,9492111.0,2754205713.0,113990936191.44
2024-03-04,002371,215.48,219.16,212.1,215.18,6809363.0,1990189540.0,114001532114.12001
2024-03-05,002371,214.3,216.4,210.64,214.4,5425824.0,1576465991.0,113588291129.6
2024-03-06,002371,214.39,216.19,212.1,214.31,3989591.0,1161072735.0,113540609477.54001
2024-03-07,002371,216.35,222.11,213.5,214.51,6503983.0,1923390218.0,113646568704.34
2024-03-08,002371,216.52,222.89,215.86,222.32,8138763.0,2438931465.0,117784276510.87999
2024-03-11,002371,220.23,226.39,219.84,223.66,5728771.0,1731904607.0,118494203330.44
2024-03-12,002371,221.68,226.09,218.88,219.77,7417264.0,2230138541.0,116433296369.18001
2024-03-13,002371,220.94,222.19,214.05,215.42,6800658.0,2008385064.0,114128683186.28
2024-03-14,002371,215.04,216.37,212.15,213.41,5576457.0,1619889258.0,113063792956.94
2024-03-15,002371,213.41,213.72,208.27,212.86,5726272.0,1638065517.0,112772405083.24
2024-03-18,002371,212.14,220.04,212.1,219.51,6620791.0,1948456849.0,116295549374.34
2024-03-19,002371,218.73,221.53,217.21,217.32,4417536.0,1314865428.0,115135295840.87999
2024-03-20,002371,217.19,219.15,214.87,218.14,3143212.0,927047419.0,115569728670.76
2024-03-21,002371,221.46,225.86,220.21,221.75,5677259.0,1717937664.0,117482292714.5
2024-03-22,002371,221.75,233.45,221.18,230.16,8961474.0,2798131258.0,121937878201.44
2024-03-25,002371,229.68,240.46,226.77,233.31,7415810.0,2362021298.0,123606736023.54001
2024-03-26,002371,233.83,237.88,227.34,228.95,6314354.0,1980924848.0,121296824879.29999
2024-03-27,002371,230.1,230.88,224.31,227.24,5130441.0,1584531041.0,120390873490.16
2024-03-28,002371,227.22,228.06,222.78,225.87,4971706.0,1523019806.0,119665052786.58
2024-03-29,002371,225.43,229.41,220.15,225.07,4820657.0,1473955196.0,119241215879.37999
2024-04-01,002371,226.83,232.4,225.73,226.83,4991194.0,1547194708.0,120173657075.22
2024-04-02,002371,226.1,227.56,218.0,219.91,6660094.0,2004791424.0,116507467827.94
2024-04-03,002371,219.87,222.41,215.79,219.23,4349143.0,1293896224.0,116147206456.81999
2024-04-08,002371,222.41,225.77,220.28,221.07,4633272.0,1402569188.0,117122031343.37999
2024-04-09,002371,219.84,221.83,216.54,220.26,2881481.0,857590321.0,116692896474.84
2024-04-10,002371,219.59,220.94,212.82,214.52,4075515.0,1189437818.0,113651866665.68001
2024-04-11,002371,212.92,216.52,212.75,214.14,3227674.0,940893038.0,113450544134.76
2024-04-12,002371,213.56,215.64,211.51,213.58,3549399.0,1031652818.0,113153858299.72
2024-04-15,002371,222.41,231.99,221.81,230.53,9057790.0,2797517354.0,122133902771.02
2024-04-16,002371,228.31,231.25,226.32,227.59,5138319.0,1592624526.0,120576302137.06
2024-04-17,002371,227.8,229.39,225.36,228.86,5555684.0,1716497982.0,121249143227.24
2024-04-18,002371,226.83,231.11,224.68,224.79,5393254.0,1665047039.0,119092872961.86
2024-04-19,002371,223.89,225.01,217.63,219.82,4663145.0,1395796304.0,116459786175.87999
2024-04-22,002371,216.52,221.13,214.4,219.41,3952115.0,1173790885.0,116242569760.94
2024-04-23,002371,219.47,224.26,219.06,223.05,4078595.0,1228076332.0,118171027688.70001
2024-04-24,002371,223.89,227.42,222.76,224.62,3338809.0,1018665691.0,119002807619.08
2024-04-25,002371,223.42,226.45,221.09,225.61,3003878.0,915417174.0,119527305791.74
2024-04-26,002371,224.7,231.92,224.7,231.0,5020029.0,1562677808.0,122382906954.0
2024-04-29,002371,230.66,239.04,229.91,237.88,6190777.0,1981199647.0,126027904355.92
2024-04-30,002371,238.12,238.6,231.33,234.93,6037905.0,1920876248.0,124617065377.77
2024-05-06,002371,237.95,239.94,233.9,234.78,4134489.0,1325480340.0,124537498869.42
2024-05-07,002371,234.12,236.02,230.52,233.54,3810306.0,1206014844.0,123879749067.06
2024-05-08,002371,232.73,234.57,229.37,230.38,3040418.0,955497984.0,122203547957.81999
2024-05-09,002371,230.37,231.66,228.31,231.27,4847143.0,1512970069.0,122675642574.03
2024-05-10,002371,231.39,231.61,210.63,219.43,14817944.0,4402967420.0,116395192848.27
2024-05-13,002371,216.52,220.65,213.55,214.76,8147249.0,2403062439.0,113918022221.64
2024-05-14,002371,216.45,217.74,209.03,214.53,6754004.0,1949274673.0,113796020242.17
2024-05-15,002371,212.1,217.63,211.37,213.61,3319900.0,968807647.0,113308012324.29001
2024-05-16,002371,215.05,217.26,212.83,214.92,4054747.0,1183656814.0,114002893163.87999
2024-05-17,002371,214.31,215.37,212.24,214.31,3071312.0,891295343.0,113679322696.59
2024-05-20,002371,213.38,215.99,212.43,214.17,3419002.0,995289402.0,113605060622.12999
2024-05-21,002371,213.47,219.75,213.38,217.85,4989808.0,1470767563.0,115557092293.65
2024-05-22,002371,217.97,218.35,213.87,215.9,3335252.0,974642220.0,114522727685.1
2024-05-23,002371,215.93,219.97,214.68,215.9,3770572.0,1111440865.0,114522727685.1
2024-05-24,002371,214.87,216.12,211.37,211.37,3277760.0,949146394.0,112119819132.93001
2024-05-27,002371,211.35,223.93,210.32,223.89,7770570.0,2307324823.0,118760970363.20999
2024-05-28,002371,225.95,230.52,223.53,224.61,7135005.0,2199078297.0,119142889603.29001
2024-05-29,002371,223.59,224.89,218.31,219.98,4131153.0,1238209693.0,116686936712.22
2024-05-30,002371,218.73,222.86,218.0,220.87,3529130.0,1058852829.0,117159031328.43001
2024-05-31,002371,220.74,220.79,216.04,216.04,4236822.0,1252139962.0,114596989759.56
2024-06-03,002371,216.54,230.51,216.52,227.48,8360731.0,2563223049.0,120665262129.72
2024-06-04,002371,227.48,231.92,226.1,230.6,4544100.0,1414067159.0,122320245503.4
2024-06-05,002371,231.25,234.66,230.6,231.97,4440416.0,1404666907.0,123046952946.33
2024-06-06,002371,233.48,240.09,233.09,235.7,8024602.0,2581310656.0,125025506787.29999
2024-06-07,002371,235.7,241.45,231.3,234.49,6872865.0,2195282488.0,124383670286.61
2024-06-11,002371,237.14,243.04,237.14,240.69,7701044.0,2517237819.0,127672419298.41
2024-06-12,002371,244.73,245.1,237.88,239.38,5800441.0,1893694218.0,126977538458.81999
2024-06-13,002371,243.04,247.23,240.22,241.71,6477851.0,2140254370.0,128213471555.19
2024-06-14,002371,240.82,245.16,236.42,237.73,8260065.0,2691870542.0,126125527144.71999
2024-06-17,002371,237.9,248.77,237.9,245.5,7213985.0,2398499682.0,130247831211.99998
2024-06-18,002371,245.25,248.38,243.37,245.83,4077509.0,1359687716.0,130422909763.12
2024-06-19,002371,246.36,248.04,240.09,242.19,5004305.0,1647802720.0,128491740290.15999
2024-06-20,002371,241.56,248.71,241.0,243.44,5591640.0,1864329586.0,129154916620.15999
2024-06-21,002371,240.16,244.44,239.17,243.12,3990340.0,1309665881.0,128985143479.68
2024-06-24,002371,243.1,246.42,238.99,239.87,3780903.0,1241390307.0,127260885021.68
2024-06-25,002371,238.62,239.72,230.22,231.72,5489559.0,1741830927.0,122936975350.07999
2024-06-26,002371,232.45,237.76,229.29,235.34,4781905.0,1511432259.0,124861617150.76
2024-06-27,002371,234.21,238.54,231.57,235.42,4677558.0,1496054210.0,124904061823.87999
2024-06-28,002371,233.46,237.14,232.44,235.59,3920017.0,1252482767.0,124994256754.26
2024-07-01,002371,234.86,240.67,231.91,239.25,3675799.0,1182126419.0,126936100549.5
2024-07-02,002371,239.4,240.2,231.58,234.21,3775108.0,1205087356.0,124262086142.94
2024-07-03,002371,234.18,237.51,230.21,235.2,3056539.0,972125150.0,124787338972.79999
2024-07-04,002371,233.61,236.82,232.82,233.88,2116358.0,673494066.0,124087001866.31999
2024-07-05,002371,233.85,234.29,227.98,232.06,3238231.0,1012247844.0,123125713471.84
2024-07-08,002371,232.28,237.64,231.66,233.74,3644249.0,1159960004.0,124017082939.36
2024-07-09,002371,234.05,240.68,232.08,239.78,5125986.0,1647796716.0,127221768405.92
2024-07-10,002371,239.11,240.53,234.25,235.94,4303173.0,1381293293.0,125184352480.16
2024-07-11,002371,238.6,238.91,222.26,231.28,10753870.0,3355118373.0,122711863361.92
2024-07-12,002371,229.6,243.63,228.13,242.58,9084857.0,2927208648.0,128707384185.12001
2024-07-15,002371,243.63,248.73,242.66,247.21,6204540.0,2074185106.0,131163955991.44
2024-07-16,002371,246.58,258.4,245.65,256.6,7886162.0,2701943986.0,136146074622.40001
2024-07-17,002371,256.43,261.34,255.31,256.62,6187204.0,2161375794.0,136156686163.68001
2024-07-18,002371,254.34,263.42,251.5,262.58,7518032.0,2624649711.0,139318925465.12
2024-07-19,002371,261.72,265.11,259.28,262.09,6441661.0,2289644839.0,139058942703.75998
2024-07-22,002371,264.3,264.93,258.72,260.91,4864437.0,1720461118.0,138432861768.24002
2024-07-23,002371,259.51,260.61,247.69,247.74,6486886.0,2215961946.0,131445161835.36
2024-07-24,002371,247.32,249.71,244.0,245.47,4087186.0,1364008798.0,130240751900.08
2024-07-25,002371,243.64,246.07,240.42,242.89,3872929.0,1273456353.0,128871863074.95999
2024-07-26,002371,241.43,248.06,239.42,245.07,5491681.0,1813668900.0,130028521074.48
2024-07-29,002371,245.07,251.83,243.85,247.09,4416252.0,1486219581.0,131100286743.76
2024-07-30,002371,245.59,251.38,242.48,248.09,3831087.0,1283465968.0,131630863807.76
2024-07-31,002371,246.58,254.17,245.4,252.93,5931869.0,2015364958.0,134198856797.52
2024-08-01,002371,253.95,259.98,252.17,254.87,5062597.0,1752293135.0,135228176301.68001
2024-08-02,002371,252.12,256.41,247.82,248.75,4478924.0,1524499622.0,131981044670.0
2024-08-05,002371,245.1,249.16,238.32,238.32,5846309.0,1912849977.0,126447125892.48
2024-08-06,002371,242.38,243.36,233.89,237.44,4509360.0,1446838462.0,125980218076.16
2024-08-07,002371,238.65,241.39,234.78,235.55,3383435.0,1091530614.0,124977427425.20001
2024-08-08,002371,233.3,240.66,229.46,236.99,4440340.0,1416169688.0,125741458397.36
2024-08-09,002371,239.94,241.93,236.01,236.89,3224020.0,1039029454.0,125688400690.95999
2024-08-12,002371,235.36,237.78,233.33,234.79,2368276.0,754272795.0,124574188856.56
2024-08-13,002371,234.11,236.76,232.98,235.83,2274228.0,722950824.0,125125989003.12001
2024-08-14,002371,236.09,237.8,232.1,232.89,2315845.0,735441243.0,123566092434.95999
2024-08-15,002371,231.85,234.77,230.19,231.79,3406898.0,1072977970.0,122982457664.56
2024-08-16,002371,231.79,235.41,230.05,233.34,3087690.0,976086418.0,123804852113.76
2024-08-19,002371,233.66,236.16,231.59,233.44,2768600.0,878001814.0,123857909820.16
2024-08-20,002371,234.03,234.4,229.6,231.41,2497249.0,783100012.0,122780838380.24
2024-08-21,002371,230.34,233.21,228.94,231.05,2482583.0,778511527.0,122589830637.20001
2024-08-22,002371,230.48,231.97,221.47,226.89,5874846.0,1797014017.0,120382630050.95999
2024-08-23,002371,225.21,226.41,221.48,222.71,4664382.0,1411450374.0,118164817923.44
2024-08-26,002371,222.71,225.12,221.85,224.15,3498793.0,1060924851.0,118928848895.6
2024-08-27,002371,222.59,223.81,220.15,221.96,2598615.0,781719685.0,117766885125.44
2024-08-28,002371,221.48,225.17,219.28,224.35,4177094.0,1262523199.0,119034964308.4
2024-08-29,002371,223.42,231.48,222.22,225.31,5560049.0,1706558466.0,119544318289.84
2024-08-30,002371,225.31,239.82,225.17,234.98,7941615.0,2522682221.0,125072594997.84
2024-09-02,002371,236.25,238.02,226.66,226.95,4907429.0,1539450379.0,120798474060.59999
2024-09-03,002371,227.4,230.34,225.92,229.97,2879490.0,892971098.0,122405926766.76
2024-09-04,002371,226.65,228.9,225.54,226.35,2609484.0,802304584.0,120479112595.8
2024-09-05,002371,226.35,227.51,220.74,223.45,3922545.0,1188805360.0,118935532182.59999
2024-09-06,002371,222.96,225.14,220.01,220.08,2837359.0,853792480.0,117141785288.64
2024-09-09,002371,218.6,222.66,218.01,218.59,3190515.0,947571788.0,116348704317.72
2024-09-10,002371,218.56,225.55,218.17,220.54,5146923.0,1541680659.0,117386629078.31999
2024-09-11,002371,220.09,222.22,217.64,221.82,2663521.0,797463899.0,118067933536.56
2024-09-12,002371,222.87,223.7,219.34,220.11,2626221.0,786934426.0,117157753361.88
2024-09-13,002371,220.01,222.22,216.31,216.33,3473648.0,1032880463.0,115145776133.64
2024-09-18,002371,217.06,218.16,215.06,217.56,2214212.0,650454654.0,115800467136.48
2024-09-19,002371,217.94,219.65,212.62,215.95,3951302.0,1157695009.0,114943513872.59999
2024-09-20,002371,214.65,217.05,209.52,216.62,4888511.0,1414237079.0,115300134174.96
2024-09-23,002371,215.05,217.79,207.82,209.57,5675417.0,1628089419.0,111547636963.56
2024-09-24,002371,211.15,217.88,205.34,217.86,8272886.0,2378621237.0,115960147868.88
2024-09-25,002371,220.08,223.49,216.06,217.57,8041401.0,2398166738.0,115805789827.56
2024-09-26,002371,217.04,223.7,211.5,223.7,8666594.0,2561063229.0,119068599459.59999
2024-09-27,002371,226.65,246.07,226.56,246.07,12096574.0,3879370478.0,130975459405.56
2024-09-30,002371,259.05,270.21,252.57,270.19,12162426.0,4333309959.0,143919482944.53
2024-10-08,002371,297.21,297.21,284.97,297.21,11405044.0,4572411180.0,158311963899.27
2024-10-09,002371,295.31,324.84,286.45,299.0,23769052.0,9767142064.0,159265425813.0
2024-10-10,002371,306.75,307.86,280.57,286.67,14126030.0,5550167468.0,152697724474.29
2024-10-11,002371,280.69,284.81,266.37,270.06,10978014.0,4058563515.0,143850237107.22
2024-10-14,002371,265.78,276.85,259.9,272.43,12234619.0,4435581222.0,145112641987.41
2024-10-15,002371,279.07,287.56,274.55,277.59,13239475.0,5030614211.0,147861169068.33
2024-10-16,002371,265.85,270.67,262.88,268.14,9329894.0,3379705466.0,142827529356.18
2024-10-17,002371,270.21,274.27,267.62,269.49,6572152.0,2409282043.0,143546620743.63
2024-10-18,002371,269.49,296.44,268.39,296.17,14450824.0,5598172708.0,157757997200.79
2024-10-21,002371,302.55,307.12,288.76,291.78,17745237.0,7138086479.0,155419618540.86
2024-10-22,002371,287.97,301.87,285.71,292.76,11450255.0,4542241408.0,155941625622.12
2024-10-23,002371,292.76,296.79,289.03,290.81,7083898.0,2807555496.0,154902938062.47
2024-10-24,002371,288.67,292.06,284.62,286.37,6745492.0,2628230850.0,152537926388.19
2024-10-25,002371,286.41,290.51,282.39,286.76,6558914.0,2541815683.0,152745663900.12
2024-10-28,002371,286.76,287.54,281.4,283.87,5523804.0,2125008691.0,151206275670.69
2024-10-29,002371,283.28,292.95,282.81,286.97,7203063.0,2808136302.0,152857522560.39
2024-10-30,002371,285.71,292.36,283.72,288.06,6408935.0,2493573913.0,153438122273.22
2024-10-31,002371,286.73,295.01,281.92,289.68,9870542.0,3853452510.0,154301031938.16
2024-11-01,002371,285.64,289.63,282.02,286.08,6890354.0,2667950067.0,152383454904.96
2024-11-04,002371,286.1,300.46,285.71,295.53,9372513.0,3741398929.0,157417094617.11
2024-11-05,002371,295.52,306.38,292.8,303.07,9514899.0,3865936871.0,161433353181.09
2024-11-06,002371,303.07,306.95,296.46,298.94,8483668.0,3464966429.0,159233466195.78
2024-11-07,002371,296.79,318.26,296.07,314.5,11803038.0,4955275021.0,167521660261.5
2024-11-08,002371,324.1,345.51,315.24,330.56,15459373.0,6903079460.0,176076184470.72
2024-11-11,002371,338.13,360.13,336.44,359.31,16146468.0,7661790447.0,191390167721.97
2024-11-12,002371,356.59,361.78,341.82,345.37,14552851.0,6906686297.0,183964883321.19
2024-11-13,002371,340.99,358.05,340.99,345.51,10231120.0,4827166757.0,184039455761.37
2024-11-14,002371,342.07,345.31,329.27,331.71,10388499.0,4742497411.0,176688743800.77
2024-11-15,002371,328.87,331.49,311.2,312.05,10810846.0,4688952725.0,166216642558.35
2024-11-18,002371,311.06,322.62,309.95,312.95,8951045.0,3827070288.0,166696036816.65
2024-11-19,002371,312.95,324.4,311.46,321.18,9243846.0,3987210785.0,171079830978.66
2024-11-20,002371,321.96,327.72,316.31,320.34,7731662.0,3360381658.0,170632396337.58
2024-11-21,002371,320.16,324.61,317.48,320.35,5940770.0,2581739123.0,170637722940.45
2024-11-22,002371,320.34,329.27,311.55,311.94,7917390.0,3438594205.0,166158049926.78
2024-11-25,002371,308.61,317.85,303.36,308.68,8636446.0,3615077938.0,164421577391.16
2024-11-26,002371,308.55,311.22,301.42,302.32,6231204.0,2578107395.0,161033857965.84
2024-11-27,002371,300.26,308.86,293.82,307.06,7379195.0,3025206559.0,163558667726.22
2024-11-28,002371,307.06,309.03,299.89,304.89,5941202.0,2451645338.0,162402794903.43
2024-11-29,002371,304.17,311.7,300.15,306.89,8316439.0,3449423863.0,163468115477.43
2024-12-02,002371,304.17,315.1,302.28,311.54,7762765.0,3259921123.0,165944985811.98
2024-12-03,002371,309.34,311.46,296.86,299.3,11111702.0,4526262795.0,159425223899.1
2024-12-04,002371,304.02,308.23,295.61,297.19,9040356.0,3688031987.0,158301310693.53
2024-12-05,002371,297.53,298.68,293.84,294.57,6616955.0,2648849306.0,156905740741.59
2024-12-06,002371,294.35,301.22,293.49,299.44,6560819.0,2650585196.0,159499796339.28
2024-12-09,002371,296.87,299.64,291.54,293.69,5757537.0,2300653148.0,156436999689.03
2024-12-10,002371,303.14,304.17,292.37,294.09,8833685.0,3564798233.0,156650063803.83
2024-12-11,002371,293.1,295.07,287.93,288.56,7306783.0,2871368068.0,153704452416.72
2024-12-12,002371,287.89,296.54,285.72,293.8,8173250.0,3227195969.0,156495592320.6
2024-12-13,002371,291.62,293.46,284.97,285.33,8005348.0,3120794901.0,151983959689.71
2024-12-16,002371,283.85,286.61,277.09,279.4,6967888.0,2650193507.0,148825284187.8
2024-12-17,002371,277.97,285.62,277.97,282.7,6417184.0,2459331369.0,150583063134.9
2024-12-18,002371,283.5,293.55,282.69,292.02,10390415.0,4088931171.0,155547457009.74
2024-12-19,002371,288.67,299.92,286.83,295.24,9694519.0,3861755942.0,157262623133.88
2024-12-20,002371,293.83,306.68,292.36,305.79,11844615.0,4832382173.0,162882189161.73
2024-12-23,002371,302.69,304.9,296.79,297.89,8691221.0,3532077247.0,158674172894.43
2024-12-24,002371,297.53,302.67,295.31,301.59,6461463.0,2621124740.0,160645015956.33
2024-12-25,002371,300.73,304.47,299.0,299.89,4894709.0,1996587081.0,159739493468.43
2024-12-26,002371,298.26,301.54,296.67,299.21,5113647.0,2070008428.0,159377284473.27
2024-12-27,002371,298.26,311.33,296.8,304.39,10205794.0,4226981317.0,162136464759.93
2024-12-30,002371,302.72,307.61,298.63,300.46,5973581.0,2444889844.0,160043109832.02
2024-12-31,002371,299.87,300.4,288.67,288.67,8621539.0,3412912270.0,153903612904.79
2025-01-02,002371,288.67,288.95,274.31,277.89,8024612.0,3045922504.0,148156285689.93
2025-01-03,002371,279.07,283.03,274.64,276.93,6599604.0,2488917787.0,147644464342.41
2025-01-06,002371,277.66,283.03,275.01,277.81,4497146.0,1694741843.0,148113633910.97
2025-01-07,002371,279.07,288.52,278.32,288.42,7228676.0,2791793252.0,153770326095.54
2025-01-08,002371,285.71,287.62,278.9,285.17,5825321.0,2236047004.0,152037597575.29
2025-01-09,002371,285.12,287.56,283.87,284.75,3610112.0,1396584388.0,151813675735.75
2025-01-10,002371,284.68,291.28,282.63,283.24,5051951.0,1966411299.0,151008623407.88
2025-01-13,002371,279.03,284.24,278.9,282.36,3630531.0,1386841677.0,150539453839.32
2025-01-14,002371,284.56,290.51,275.46,288.92,7298226.0,2820051052.0,154036899714.04
2025-01-15,002371,287.09,288.54,282.12,282.24,5257796.0,2028311339.0,150475476170.88
2025-01-16,002371,285.56,296.76,285.01,289.66,8385971.0,3301351708.0,154431428669.42
2025-01-17,002371,287.93,294.57,285.45,286.88,6419971.0,2512600353.0,152949279350.56
2025-01-20,002371,287.95,290.87,286.01,286.88,5012251.0,1956228289.0,152949279350.56
2025-01-21,002371,288.67,293.04,286.08,290.59,5928228.0,2324652542.0,154927255599.83
2025-01-22,002371,290.46,291.25,283.7,284.17,5773362.0,2236161727.0,151504450338.29
2025-01-23,002371,287.19,292.94,282.91,284.76,7257710.0,2832955556.0,151819007208.12
2025-01-24,002371,284.35,285.93,279.95,280.11,8004108.0,3058725215.0,149339872556.07
2025-01-27,002371,280.11,280.68,277.1,278.33,4473916.0,1689555231.0,148453439058.21
2025-02-05,002371,282.76,283.49,275.38,279.09,6410227.0,2420655504.0,148858801806.33
2025-02-06,002371,277.22,303.65,276.95,303.65,16671663.0,6651754806.0,161958419035.05
2025-02-07,002371,302.55,304.54,296.49,300.91,10316293.0,4201797136.0,160496979653.67
2025-02-10,002371,301.95,301.95,295.43,299.73,6371410.0,2575865758.0,159867600650.01
2025-02-11,002371,298.26,300.47,293.94,296.55,5296405.0,2126877116.0,158171477572.35
2025-02-12,002371,298.99,307.25,298.74,306.13,9806052.0,4036083905.0,163281181686.81
2025-02-13,002371,305.5,310.54,301.87,302.43,5959620.0,2458875359.0,161307705149.91
2025-02-14,002371,299.78,309.19,296.94,308.53,7509590.0,3088859135.0,164561274575.61
2025-02-17,002371,310.08,316.5,308.35,315.89,9147298.0,3882028496.0,168486892767.93
2025-02-18,002371,320.58,329.75,316.76,318.94,11778744.0,5160033722.0,170113677480.78
2025-02-19,002371,318.92,338.13,317.47,337.39,10895373.0,4888295436.0,179954391563.43
2025-02-20,002371,335.92,340.77,333.25,336.65,6488387.0,2957554466.0,179559696256.05
2025-02-21,002371,335.92,349.45,334.45,343.31,8275744.0,3863434072.0,183111954022.47
2025-02-24,002371,343.3,349.94,339.61,345.51,6957624.0,3252629951.0,184285372503.87
2025-02-25,002371,340.38,343.5,331.71,336.68,7948137.0,3627728000.0,179575697417.16
2025-02-26,002371,339.61,346.72,333.7,342.71,5986967.0,2765124167.0,182791930800.27
2025-02-27,002371,341.82,343.67,335.18,339.92,4408034.0,2024992092.0,181303822817.04
2025-02-28,002371,339.53,342.24,326.97,330.22,7259275.0,3288962271.0,176130114058.14
2025-03-03,002371,329.51,330.08,319.31,321.39,5173872.0,2266926734.0,171420438971.43
2025-03-04,002371,318.94,321.15,313.77,317.84,5426404.0,2334992142.0,169526968240.08
2025-03-05,002371,317.89,325.08,317.5,319.22,4121723.0,1789846467.0,170263021651.14
2025-03-06,002371,329.18,351.14,329.18,341.36,10245248.0,4746793163.0,182071878550.32
2025-03-07,002371,337.28,347.49,337.23,343.3,5851616.0,2719685644.0,183106620302.1
2025-03-10,002371,341.45,346.08,334.76,336.62,4187864.0,1917371432.0,179543695094.94
2025-03-11,002371,337.4,342.29,325.08,327.99,6176289.0,2773136967.0,174940694415.63
2025-03-12,002371,327.99,330.38,322.91,326.91,4466487.0,1977641428.0,174364652615.67
2025-03-13,002371,325.81,327.71,317.16,319.7,4256726.0,1852518917.0,170519040228.9
2025-03-14,002371,319.7,328.12,318.34,324.18,4619950.0,2031166205.0,172930595409.0
2025-03-17,002371,328.12,328.16,321.25,321.81,3339607.0,1463735139.0,171666342490.5
2025-03-18,002371,324.1,327.57,322.1,323.86,3022126.0,1330157167.0,172759894593.0
2025-03-19,002371,321.89,323.53,319.13,321.13,2531773.0,1098560867.0,171303603256.5
2025-03-20,002371,320.4,320.4,315.98,316.69,3093868.0,1328213854.0,168935129434.5
2025-03-21,002371,317.09,318.68,305.76,309.19,5403777.0,2272787141.0,164934329059.5
2025-03-24,002371,309.19,320.29,308.7,317.02,5483390.0,2343871760.0,169111164651.0
2025-03-25,002371,317.83,318.2,314.8,316.63,2478996.0,1062845468.0,168903123031.5
2025-03-26,002371,314.88,320.26,314.64,315.72,2609170.0,1122208723.0,168417692586.0
2025-03-27,002371,314.87,321.55,313.18,317.75,3237296.0,1393854577.0,169500575887.5
2025-03-28,002371,317.82,318.64,304.17,307.05,7139204.0,2982515034.0,163792767352.5
2025-03-31,002371,304.17,309.3,303.49,307.12,5004497.0,2076430546.0,163914260264.48
2025-04-01,002371,307.86,317.21,306.39,316.87,6306684.0,2677514765.0,169117972290.98
2025-04-02,002371,316.71,317.31,310.52,316.87,3753898.0,1604366292.0,169117972290.98
2025-04-03,002371,313.84,331.12,313.64,324.83,6538796.0,2884780850.0,173366336160.82
2025-04-07,002371,321.14,333.33,309.63,319.53,12731727.0,5552454855.0,170537651674.62
2025-04-08,002371,323.36,326.91,312.29,318.2,9401152.0,4047186369.0,169827811982.80002
2025-04-09,002371,314.82,344.7,313.09,339.61,12106336.0,5489100593.0,181254629878.94003
2025-04-10,002371,339.61,342.94,332.22,333.34,7146441.0,3263565321.0,177908242760.36002
2025-04-11,002371,332.22,346.49,329.43,337.76,7236748.0,3311139274.0,180267258879.04
2025-04-14,002371,341.72,341.72,333.56,337.76,4286028.0,1955273453.0,180267258879.04
2025-04-15,002371,334.66,335.92,329.51,333.7,4143643.0,1861572038.0,178100379819.80002
2025-04-16,002371,331.85,346.21,331.85,345.51,6643567.0,3060748471.0,184403542797.54
2025-04-17,002371,343.15,344.7,340.79,342.07,3362058.0,1561417380.0,182567566451.78003
2025-04-18,002371,340.37,342.06,330.75,334.82,3883206.0,1758929755.0,178698139560.28003
2025-04-21,002371,333.52,338.05,332.62,336.93,2480359.0,1128627970.0,179824276214.22003
2025-04-22,002371,334.81,348.17,333.83,340.97,4289953.0,1987282083.0,181980480992.38004
2025-04-23,002371,340.35,340.97,332.59,336.5,4202742.0,1914315898.0,179594779171.00003
2025-04-24,002371,335.92,337.99,333.7,336.79,2371500.0,1080028181.0,179749556246.66003
2025-04-25,002371,335.18,337.3,330.38,334.65,3347499.0,1513202566.0,178607408171.1
2025-04-28,002371,335.4,340.05,334.66,335.49,4048391.0,1851219216.0,179055727976.46002
2025-04-29,002371,335.18,335.92,331.13,335.49,2215270.0,1002328857.0,179055727976.46002
2025-04-30,002371,334.44,335.1,328.47,332.93,4115240.0,1848826983.0,177689419998.22003
2025-05-06,002371,335.62,339.58,332.93,337.81,4054811.0,1848724493.0,180293944581.74002
2025-05-07,002371,341.08,341.82,330.75,330.97,4936594.0,2228681736.0,176643340452.38004
2025-05-08,002371,330.48,332.45,328.44,331.4,2827357.0,1266491133.0,176872837495.6
2025-05-09,002371,329.27,329.27,324.62,325.47,3908738.0,1727617781.0,173707913155.38004
2025-05-12,002371,327.0,327.6,321.16,322.39,3972438.0,1735382323.0,172064073869.06
2025-05-13,002371,324.1,325.78,321.15,321.15,2892090.0,1264245072.0,171402268442.1
2025-05-14,002371,321.23,324.47,319.81,322.58,3403810.0,1483392396.0,172165479539.32
2025-05-15,002371,322.48,322.48,316.19,316.65,2899840.0,1252632289.0,169000555199.1
2025-05-16,002371,316.35,320.19,315.25,316.42,2506145.0,1078553036.0,168920435713.9
2025-05-19,002371,316.46,322.12,314.66,321.15,3906248.0,1688846556.0,171445540514.25
2025-05-20,002371,321.15,323.34,318.76,320.16,2941122.0,1277456329.0,170917030207.2
2025-05-21,002371,318.79,319.35,314.7,315.24,3656855.0,1567320809.0,168290494135.80002
2025-05-22,002371,316.35,317.46,312.11,312.19,3092461.0,1317007936.0,166662255311.05
2025-05-23,002371,312.19,316.2,311.55,313.66,3646838.0,1549954982.0,167447013039.7
2025-05-26,002371,315.16,323.29,314.79,318.62,5572989.0,2412910284.0,170094903062.9
2025-05-27,002371,318.53,320.16,316.2,316.87,2561557.0,1103526828.0,169160667671.65
2025-05-28,002371,316.0,317.42,307.94,308.11,4181823.0,1756690970.0,164484152227.45
2025-05-29,002371,310.05,314.49,309.12,313.94,3611680.0,1526569527.0,167596490702.3
2025-05-30,002371,313.01,314.34,309.01,309.01,2465076.0,1040880326.0,164964616142.94998
2025-06-03,002371,310.07,318.84,309.91,313.6,2912471.0,1240448095.0,167414982112.0
2025-06-04,002371,313.6,315.91,312.67,314.01,1940975.0,825830701.0,167633860117.94998
2025-06-05,002371,315.1,318.2,313.46,317.19,2713833.0,1160630921.0,169331499286.05
2025-06-06,002371,317.46,320.32,316.48,317.82,2301567.0,992006162.0,169667824026.9
2025-06-09,002371,316.83,317.68,313.25,317.32,3387995.0,1445523858.0,169400899629.4
2025-06-10,002371,315.24,315.4,307.86,307.86,4192164.0,1761279944.0,164350690028.7
2025-06-11,002371,307.91,311.26,307.27,307.68,3015871.0,1260461177.0,164254597245.6
2025-06-12,002371,306.38,306.75,296.79,298.43,6930401.0,2810920170.0,159316495891.85
2025-06-13,002371,296.19,303.4,296.11,303.11,5342460.0,2182250741.0,161814908252.45
2025-06-16,002371,299.77,305.95,299.43,304.46,2611091.0,1075201884.0,162535604125.69998
2025-06-17,002371,304.72,309.1,304.14,307.05,3117547.0,1298876230.0,163918272504.75
2025-06-18,002371,307.05,309.54,305.08,307.11,2557513.0,1066189265.0,163950303432.45
2025-06-19,002371,306.27,319.06,305.0,312.7,5911921.0,2520451494.0,166934518196.5
2025-06-20,002371,310.51,315.98,310.44,315.07,3366071.0,1434980334.0,168199739840.65
2025-06-23,002371,315.97,326.84,315.07,323.79,6100831.0,2666860347.0,172854901333.05002
2025-06-24,002371,322.62,325.26,317.73,321.76,3920289.0,1702610375.0,171771188279.19998
2025-06-25,002371,321.76,326.54,320.31,326.01,4226180.0,1852281731.0,174108846482.34
2025-06-26,002371,326.32,327.71,322.94,323.3,3209805.0,1413259993.0,172661544332.2
2025-06-27,002371,323.37,324.7,320.0,320.79,3950610.0,1724044618.0,171321054148.86002
2025-06-30,002371,320.39,331.12,319.67,326.47,5376486.0,2386027918.0,174364993692.97998
2025-07-01,002371,326.76,329.27,324.92,327.28,2593533.0,1151139697.0,174797608159.51996
2025-07-02,002371,328.38,328.53,321.39,322.72,2966192.0,1300351171.0,172362148940.47998
2025-07-03,002371,325.31,328.69,319.93,327.87,4067132.0,1325363604.0,236402175273.57
2025-07-04,002371,326.69,341.2,325.71,334.85,7285849.0,2435754119.0,241434923568.35
2025-07-07,002371,336.99,337.67,331.5,332.38,3739294.0,1251226364.0,239653994014.18
2025-07-08,002371,333.8,334.53,329.72,333.67,3876050.0,1290041124.0,240584115117.37003
2025-07-09,002371,332.7,340.19,330.7,330.85,4388987.0,1467527246.0,238550827124.35
2025-07-10,002371,330.69,331.7,323.71,329.53,4589539.0,1503491144.0,237599075297.83
2025-07-11,002371,329.7,331.96,327.3,330.53,3733391.0,1233345451.0,238320099408.83
2025-07-14,002371,329.7,330.15,323.51,323.9,3876118.0,1262181589.0,233539709552.9
2025-07-15,002371,323.73,326.97,321.75,323.03,4122601.0,1336035967.0,232912418576.33
2025-07-16,002371,322.21,325.07,320.31,320.57,3595399.0,1158400393.0,231138699263.27
2025-07-17,002371,319.71,320.71,314.05,318.31,6291412.0,1994848541.0,229509184772.41
2025-07-18,002371,319.71,330.03,319.71,324.9,8116601.0,2640128074.0,234260733663.9
2025-07-21,002371,324.51,324.51,317.71,319.76,5991448.0,1916211404.0,230554669733.36
2025-07-22,002371,318.42,322.0,315.21,321.85,7105229.0,2264875032.0,232061610125.35
2025-07-23,002371,322.08,334.25,319.51,331.2,11913134.0,3925520266.0,238803185563.19998
2025-07-24,002371,331.14,338.77,330.2,338.34,7208560.0,2427450272.0,243951297715.74
2025-07-25,002371,337.69,341.65,333.3,341.65,6236650.0,2104629927.0,246337887523.15
2025-07-28,002371,341.65,344.05,336.87,343.34,5596520.0,1915727513.0,247556418270.74
2025-07-29,002371,341.65,345.05,334.7,344.48,7315996.0,2504453916.0,248378385757.28
2025-07-30,002371,343.68,355.28,341.85,348.88,8562739.0,2995457527.0,251550891845.68
2025-07-31,002371,348.87,349.68,333.86,334.9,9343768.0,3174856343.0,241470974773.9
2025-08-01,002371,333.7,335.58,326.9,329.5,5544362.0,1834605664.0,237577444574.5
2025-08-04,002371,327.81,331.58,325.52,327.96,4633181.0,1520892066.0,236467067443.56
2025-08-05,002371,328.94,331.4,325.21,328.2,4929485.0,1620486785.0,236640113230.19998
2025-08-06,002371,328.55,331.7,326.0,331.28,4932924.0,1622348260.0,238860867492.08
2025-08-07,002371,332.7,335.62,328.88,332.57,5711570.0,1901302494.0,239790988595.27
2025-08-08,002371,331.7,333.65,328.45,328.79,3630824.0,1200523377.0,237065517455.69
2025-08-11,002371,327.7,329.14,325.7,326.4,4722422.0,1546101254.0,235342269830.4
2025-08-12,002371,326.7,334.11,325.69,331.95,7073157.0,2340166575.0,239343953646.44998
2025-08-13,002371,332.88,333.86,328.86,331.01,5826005.0,1929394334.0,238666190982.11
2025-08-14,002371,332.06,349.18,332.06,341.35,12831505.0,4399512083.0,246121580289.85
2025-08-15,002371,340.69,343.38,334.59,341.72,7440956.0,2527229221.0,246388359210.92
2025-08-18,002371,343.36,349.18,339.08,346.91,8737856.0,3016123969.0,250130474347.01
2025-08-19,002371,346.59,346.59,339.39,339.65,6780983.0,2321505357.0,244895839301.15
2025-08-20,002371,337.41,351.54,334.86,350.17,9368012.0,3217084494.0,252481012948.87003
2025-08-21,002371,350.17,367.67,348.18,360.65,15887225.0,5722309188.0,260037345632.15
2025-08-22,002371,360.47,388.68,360.29,383.05,18899413.0,7166056652.0,276188285718.55
2025-08-25,002371,393.92,402.21,374.45,379.74,19566268.0,7528268363.0,273801695911.14
2025-08-26,002371,377.66,388.13,372.78,382.65,11687582.0,4453880074.0,275899876074.14996
2025-08-27,002371,379.66,388.76,372.78,373.16,14567860.0,5576008346.0,269057357260.76
2025-08-28,002371,372.16,397.86,371.67,396.57,17921984.0,6917787836.0,285936531699.27
2025-08-29,002371,379.66,381.24,361.67,372.16,24198561.0,8973457004.0,268336333149.76
2025-09-01,002371,376.66,379.9,366.77,377.5,15627095.0,5851831763.0,272186601902.5
2025-09-02,002371,376.66,387.51,371.66,378.17,16775193.0,6387709150.0,272669688056.87003
2025-09-03,002371,378.17,378.62,369.13,373.09,9569487.0,3579813417.0,269006885572.99
2025-09-04,002371,370.66,371.36,344.69,350.63,14436389.0,5148558944.0,252812684039.93
2025-09-05,002371,350.63,358.48,345.69,356.96,9806120.0,3445576657.0,257376766662.56
2025-09-08,002371,354.68,370.66,352.7,370.06,11025264.0,4006504304.0,266822182516.66
2025-09-09,002371,368.47,371.46,357.76,363.36,8882510.0,3234164665.0,261991320972.96002
2025-09-10,002371,363.46,369.92,363.46,367.87,7834225.0,2883617470.0,265243139713.57
2025-09-11,002371,365.77,381.25,364.47,377.1,11626855.0,4356039496.0,271898192258.1
2025-09-12,002371,377.11,383.15,374.94,376.7,7686319.0,2913922991.0,271609782613.69998
2025-09-15,002371,382.06,382.69,375.67,379.66,7117179.0,2702886089.0,274687547671.88
2025-09-16,002371,377.74,382.61,376.04,377.52,7600639.0,2883481467.0,273139237731.36
2025-09-17,002371,373.66,394.64,369.22,389.04,12825964.0,4936736952.0,281474065074.72003
2025-09-18,002371,391.43,427.51,389.56,407.33,18101808.0,7400832443.0,294707050500.94
2025-09-19,002371,407.83,412.65,400.63,401.64,10237715.0,4148206722.0,290590282481.52
2025-09-22,002371,401.18,418.42,397.89,412.33,10331046.0,4230370235.0,298324597090.94
2025-09-23,002371,417.29,421.67,404.63,418.42,9939363.0,4102849098.0,302730768837.56
2025-09-24,002371,421.62,460.26,419.41,460.26,18705396.0,8298813538.0,333002398702.68
2025-09-25,002371,468.91,468.91,441.62,453.24,17473446.0,7924529592.0,327923363290.32
2025-09-26,002371,450.59,461.58,447.99,452.39,10947510.0,4986231608.0,327308380370.02
2025-09-29,002371,450.39,458.58,438.65,458.58,12663183.0,5691643317.0,331786903048.44
2025-09-30,002371,457.55,462.97,449.59,451.95,12145404.0,5547344069.0,327120666542.25
2025-10-09,002371,456.59,473.23,452.4,457.64,17038770.0,7896071555.0,331239079182.2
2025-10-10,002371,449.56,454.03,431.61,437.5,14386195.0,6378588881.0,316661780312.5
2025-10-13,002371,423.62,442.32,421.63,435.41,10047385.0,4370946370.0,315149041750.55
2025-10-14,002371,440.75,442.32,397.64,401.64,16122071.0,6694611632.0,290706371302.2
2025-10-15,002371,405.13,413.18,395.18,412.01,10855984.0,4401461163.0,298212160243.55
2025-10-16,002371,411.63,418.4,406.97,410.32,6713530.0,2769361327.0,296988941023.6
2025-10-17,002371,407.63,409.43,397.72,399.07,7235780.0,2912106841.0,288846209529.85
2025-10-20,002371,405.63,410.63,397.87,399.8,7746022.0,3129711487.0,289374582329.0
2025-10-21,002371,402.36,410.56,400.84,408.12,7539897.0,3070526731.0,295396584642.6
2025-10-22,002371,404.63,407.31,399.64,404.02,5761278.0,2323529327.0,292429011387.1
2025-10-23,002371,400.92,404.51,396.16,403.21,4754218.0,1901674774.0,291842734719.55
2025-10-24,002371,405.65,417.22,405.63,414.42,8956096.0,3698285803.0,299956514279.10004
2025-10-27,002371,421.92,433.08,418.25,428.71,11234509.0,4785159728.0,310299592772.05
2025-10-28,002371,426.61,432.58,423.14,425.61,7291079.0,3124556589.0,308055817871.55
2025-10-29,002371,425.59,426.86,417.67,423.24,6498635.0,2741001165.0,306340415770.2
2025-10-30,002371,422.62,423.24,414.62,415.12,7301277.0,3053149211.0,300463173127.6
2025-10-31,002371,415.22,419.85,403.63,406.68,7511396.0,3074611951.0,294354315011.4
2025-11-03,002371,405.83,406.63,389.68,400.64,8342846.0,3311247295.0,289982572947.2
2025-11-04,002371,400.64,410.09,397.44,405.06,7790481.0,3161194010.0,293181761676.3
2025-11-05,002371,396.64,404.52,393.64,396.47,5477177.0,2174887197.0,286964333806.85004
2025-11-06,002371,398.64,413.2,398.64,410.63,7733088.0,3153474538.0,297213318513.65
2025-11-07,002371,407.23,419.62,406.33,413.38,7452835.0,3088394964.0,299203763989.9
2025-11-10,002371,413.38,426.61,410.27,415.31,9199144.0,3850854821.0,300600694815.05
2025-11-11,002371,417.22,424.09,414.17,415.12,6690256.0,2796597616.0,300463173127.6
2025-11-12,002371,411.69,419.62,406.15,412.78,6277138.0,2599972492.0,298769484976.89996
2025-11-13,002371,412.92,418.16,406.92,413.3,5318775.0,2187295606.0,299145860121.5
2025-11-14,002371,408.63,412.89,403.3,407.13,4845278.0,1981111494.0,294680024271.15
2025-11-17,002371,406.57,414.62,400.3,400.32,5693070.0,2310801437.0,289750957473.6
2025-11-18,002371,399.54,434.61,398.24,423.02,15445202.0,6525482351.0,306181180132.1
2025-11-19,002371,421.62,427.51,417.62,418.91,5630471.0,2375844101.0,303206368893.05
2025-11-20,002371,423.62,424.62,403.81,404.63,7313587.0,2991979621.0,292870528383.65
2025-11-21,002371,394.9,400.56,386.27,386.51,9881130.0,3882186365.0,279793277185.06
2025-11-24,002371,389.5,422.62,389.5,415.86,15576292.0,6329570543.0,301039642571.16003
2025-11-25,002371,421.62,423.91,414.82,417.62,6160456.0,2580178403.0,302313700597.72003
2025-11-26,002371,419.63,425.9,415.0,421.33,5803919.0,2452043766.0,304999357005.98
2025-11-27,002371,422.5,432.49,418.5,421.62,6414606.0,2732297241.0,305209287021.72003
2025-11-28,002371,418.61,434.11,416.62,427.51,7729096.0,3310104783.0,309473038031.06
2025-12-01,002371,427.53,446.6,423.02,446.06,8487918.0,3706256202.0,322901320072.36
2025-12-02,002371,442.18,444.58,429.61,432.89,6522444.0,2843819437.0,313367601771.33997
2025-12-03,002371,431.7,441.2,431.62,433.46,4033749.0,1757323939.0,313780222836.76
2025-12-04,002371,428.28,455.79,424.55,449.38,7998882.0,3550218706.0,325304656804.27997
2025-12-05,002371,445.59,455.29,445.58,450.09,6150632.0,2770672048.0,325818623394.54
2025-12-08,002371,449.69,467.14,443.46,462.58,8275217.0,3782846798.0,334860092003.48
2025-12-09,002371,460.58,465.58,452.94,457.05,6163766.0,2833064388.0,330856943772.3
2025-12-10,002371,456.45,459.57,449.22,458.11,4788973.0,2180510925.0,331624274174.66003
2025-12-11,002371,459.11,460.48,451.75,452.69,5348544.0,2445712728.0,327700754570.14
2025-12-12,002371,453.69,462.25,441.32,454.69,7989815.0,3616340023.0,329148547782.14
2025-12-15,002371,460.36,467.58,446.99,448.59,8321967.0,3801040046.0,324732778485.54
2025-12-16,002371,444.6,449.56,437.98,442.48,5358669.0,2373964297.0,320309770222.88
2025-12-17,002371,441.31,448.22,436.48,444.34,6097013.0,2698003801.0,321656217910.04
2025-12-18,002371,440.6,447.21,437.67,442.7,4192148.0,1856899920.0,320469027476.2
2025-12-19,002371,445.6,458.28,444.97,447.95,5148986.0,2325618972.0,324269484657.7
2025-12-22,002371,448.64,468.08,448.6,464.88,7040880.0,3263824936.0,336525054197.27997
2025-12-23,002371,465.58,488.43,463.58,480.98,8825482.0,4255347386.0,348179789553.88
2025-12-24,002371,480.56,484.57,476.57,480.66,5024766.0,2416545166.0,347948142639.96
2025-12-25,002371,479.57,482.54,469.77,472.77,4461442.0,2117177367.0,342236598418.62
2025-12-26,002371,471.67,472.72,455.98,458.59,8113725.0,3745765256.0,331971744545.54
2025-12-29,002371,459.96,462.16,449.6,452.39,8659219.0,3926760544.0,327483585588.33997
2025-12-30,002371,452.84,471.5,452.84,458.58,10155888.0,4696510396.0,331964505579.48
2025-12-31,002371,469.72,472.51,452.93,458.66,8546237.0,3950405006.0,332083000331.38
2026-01-05,002371,467.58,474.57,461.59,474.08,11292177.0,5319769982.0,343247522777.44
2026-01-06,002371,474.08,508.53,473.07,485.53,15547376.0,7644239551.0,351537651312.29
2026-01-07,002371,492.55,523.5,492.55,514.95,17675771.0,9062140592.0,372838575460.35004
2026-01-08,002371,514.95,521.53,504.07,506.21,9712937.0,4957720982.0,366510564683.52997
2026-01-09,002371,502.54,510.62,490.56,497.05,10832269.0,5401690887.0,359878461855.65
2026-01-12,002371,497.58,511.24,497.58,501.4,11178355.0,5639229615.0,363027986670.2
2026-01-13,002371,499.55,512.07,488.66,489.76,9396438.0,4685010314.0,354600292683.68
2026-01-14,002371,490.56,503.82,486.56,492.85,9830587.0,4867733768.0,356837541345.05
2026-01-15,002371,489.58,508.52,482.06,506.27,12493693.0,6176506637.0,366554006405.11
2026-01-16,002371,512.54,533.52,510.85,523.41,14311622.0,7502983112.0,378963858203.13
2026-01-19,002371,529.42,532.52,520.53,523.4,8184248.0,4310081217.0,378956617916.2
2026-01-20,002371,520.53,530.74,510.59,513.73,7165317.0,3716117416.0,371955260454.89
2026-01-21,002371,512.53,528.32,507.22,509.23,11171169.0,5743007931.0,368697131336.39
2026-01-22,002371,515.03,516.62,497.55,500.11,9427974.0,4749427406.0,362093989656.23
2026-01-23,002371,501.55,510.42,494.55,509.91,9267344.0,4662373196.0,369189470847.63
2026-01-26,002371,507.64,507.64,488.56,495.77,9035154.0,4491201620.0,358951705128.61
2026-01-27,002371,493.59,507.42,492.66,497.23,7691748.0,3854776905.0,360008787020.39
2026-01-28,002371,501.94,507.31,491.55,501.55,11882339.0,5937796274.0,363136590974.15
2026-01-29,002371,496.53,498.55,474.57,474.94,13807964.0,6653520107.0,343870187453.42
2026-01-30,002371,471.99,479.55,465.61,474.8,8792440.0,4177203559.0,343768823436.4
2026-02-02,002371,471.23,472.57,460.59,461.21,9549426.0,4440629428.0,333929273498.52997
2026-02-03,002371,466.08,475.76,461.81,472.56,9608746.0,4493199061.0,342146999164.08
2026-02-04,002371,467.61,475.57,464.08,470.17,6065710.0,2851083497.0,340416570587.81
2026-02-05,002371,462.58,472.07,455.08,469.69,7707065.0,3566880624.0,340069036815.17
2026-02-06,002371,467.57,479.56,464.58,471.8,8336437.0,3950399259.0,341596737357.4
2026-02-09,002371,478.66,488.32,475.57,483.56,6953414.0,3360691566.0,350111314787.08
2026-02-10,002371,487.51,487.51,479.87,482.46,4462013.0,2155197317.0,349423229749.44
2026-02-11,002371,478.37,480.56,470.57,474.57,4454099.0,2115590183.0,343708871496.48
2026-02-12,002371,477.1,477.57,470.96,474.62,5114860.0,2426322123.0,343745084159.68
2026-02-13,002371,479.36,496.2,474.75,485.68,11062307.0,5412244736.0,351755325259.52
2026-02-24,002371,491.35,493.55,475.6,486.89,6782773.0,3294753842.0,352631671708.95996
2026-02-25,002371,488.03,499.23,480.33,495.55,7889155.0,3883655146.0,358903704975.2
2026-02-26,002371,495.55,498.18,482.86,488.44,6789042.0,3313328019.0,353754264268.16
2026-02-27,002371,480.68,481.56,465.58,471.45,8890423.0,4187505127.0,341449201312.8
2026-03-02,002371,464.14,470.88,459.61,465.38,8285971.0,3850820274.0,337052984000.32
2026-03-03,002371,465.57,469.34,445.68,445.76,7893303.0,3596900498.0,322843134960.64
2026-03-04,002371,442.82,455.44,442.6,448.39,6347014.0,2854673206.0,324747921044.95996
2026-03-05,002371,456.39,471.83,454.56,465.86,7981772.0,3707634149.0,337400625567.04004
2026-03-06,002371,463.07,470.93,460.46,464.96,4544288.0,2122639077.0,336748797629.44
2026-03-09,002371,447.59,453.14,435.11,452.23,9509381.0,4213740206.0,327529053578.72003
2026-03-10,002371,458.58,460.18,452.15,456.59,5438901.0,2488145314.0,330686797809.76
2026-03-11,002371,456.52,462.26,449.65,461.57,6793463.0,3093329231.0,334293579064.48
2026-03-12,002371,456.59,461.58,450.43,457.58,6747761.0,3074791532.0,331403808541.12
2026-03-13,002371,449.59,464.28,448.69,457.47,6446872.0,2966622310.0,331324140682.08
2026-03-16,002371,455.14,457.39,441.63,454.3,7365464.0,3305741078.0,329028257835.2
2026-03-17,002371,455.6,463.94,448.59,449.59,5399565.0,2468580510.0,325617024961.76
2026-03-18,002371,453.29,463.58,451.09,462.03,6599782.0,3026579754.0,334626735565.92
2026-03-19,002371,457.18,464.77,453.6,461.21,5104343.0,2352971888.0,334032847889.44
2026-03-20,002371,461.06,473.59,458.08,468.3,8138508.0,3819509328.0,339167803531.2
2026-03-23,002371,461.08,461.58,442.6,443.99,7736931.0,3490316139.0,321561206683.36
2026-03-24,002371,449.18,453.04,437.39,443.6,4730933.0,2106050782.0,321278747910.4
2026-03-25,002371,449.49,467.18,447.98,463.78,8733651.0,4041525504.0,335894178777.92
2026-03-26,002371,459.14,461.18,445.3,445.71,6101129.0,2762834601.0,322806922297.44
2026-03-27,002371,439.1,457.56,434.11,452.57,5805381.0,2599078396.0,327775299688.48
2026-03-30,002371,443.71,469.58,441.72,468.42,8080625.0,3706791312.0,339254713922.88
2026-03-31,002371,464.48,466.57,446.6,446.6,6956601.0,3161360380.0,323451507702.4
2026-04-01,002371,454.79,460.82,449.61,450.12,6335503.0,2890025430.0,326000879191.68
2026-04-02,002371,450.18,451.39,434.83,437.6,7491523.0,3301989550.0,316933228326.4
2026-04-03,002371,438.7,440.2,423.68,426.06,6688506.0,2875203483.0,308575345659.84
2026-04-07,002371,424.68,430.61,421.87,423.7,4582385.0,1950908380.0,306866107956.8
2026-04-08,002371,436.6,465.55,436.6,463.56,14194804.0,6447293265.0,335734843059.84
2026-04-09,002371,460.58,477.57,457.6,472.41,9302856.0,4380051604.0,342144484446.24
2026-04-10,002371,474.57,483.97,474.57,476.46,7758320.0,3723635013.0,345077710165.44
2026-04-13,002371,475.47,480.07,466.78,472.07,6508971.0,3084163129.0,341898238336.48
2026-04-14,002371,477.57,491.55,475.68,481.16,7411360.0,3586896150.0,348481700506.24
2026-04-15,002371,482.62,484.56,473.56,474.57,6395140.0,3065523285.0,343708871496.48
2026-04-16,002371,474.57,477.45,467.22,473.13,6324788.0,2981816295.0,342665946796.32
2026-04-17,002371,469.57,476.07,464.38,469.48,9546522.0,4481463211.0,340022422382.72003
2026-04-20,002371,446.6,475.7,444.6,470.8,18683743.0,8616839068.0,340978436691.2
2026-04-21,002371,471.53,471.57,446.31,449.95,16005608.0,7231305511.0,325877756136.8
2026-04-22,002371,448.59,477.57,447.59,477.52,17438281.0,8193670758.0,345845418625.27997
2026-04-23,002371,477.57,484.51,470.15,474.57,9735285.0,4647452972.0,343708871496.48
2026-04-24,002371,474.6,484.78,463.38,472.27,12979344.0,6164129852.0,342043088989.27997
2026-04-27,002371,480.76,519.43,475.53,515.78,20432930.0,10278053349.0,373555348505.92
2026-04-28,002371,511.08,536.76,503.54,516.74,13825357.0,7207868964.0,374250631639.36
2026-04-29,002371,509.76,516.75,501.75,510.25,9302570.0,4737543676.0,369550227956.0
2026-04-30,002371,518.71,540.67,506.63,536.5,16592589.0,8805165448.0,388561876136.0
2026-05-06,002371,554.5,566.49,544.51,544.86,16027771.0,8898490131.0,394616633423.04004
2026-05-07,002371,554.5,556.21,534.52,551.64,9722165.0,5339398131.0,399527070552.95996
2026-05-08,002371,542.51,554.3,536.71,540.3,8245728.0,4475463104.0,391314038539.19995
2026-05-11,002371,549.48,584.47,547.5,572.67,14462965.0,8226442870.0,414758116694.87994
2026-05-12,002371,572.67,583.47,563.49,580.92,11213595.0,6433742980.0,420733206122.87994
2026-05-13,002371,570.47,587.47,550.0,580.47,13838768.0,7878763219.0,420407292154.08
2026-05-14,002371,580.47,592.12,562.92,563.89,10270703.0,5897833137.0,408399173036.95996
2026-05-15,002371,569.28,620.28,554.5,591.46,23299494.0,13839689388.0,428366835525.44
2026-05-18,002371,600.46,622.71,592.22,597.43,17523510.0,10601040073.0,432690627511.51996
2026-05-19,002371,589.47,626.6,580.97,619.14,14459460.0,8822267528.0,448414165872.95996
2026-05-20,002371,617.44,659.4,613.44,655.41,16405948.0,10520821530.0,474682831758.24
2026-05-21,002371,656.21,720.95,656.11,662.39,23161869.0,15989585023.0,479738119540.95996
2026-05-22,002371,662.43,672.39,636.42,668.39,19856264.0,12983362651.0,484083639124.95996
2026-05-25,002371,649.54,718.4,625.54,697.56,20412185.0,13734699753.0,505210106835.83997
2026-05-26,002371,689.38,700.37,656.07,669.64,14854783.0,9987761068.0,484988955704.95996
2026-05-27,002371,674.39,691.37,650.01,654.18,13867015.0,9316824887.0,473792000243.51996
2026-05-28,002371,649.41,668.06,646.29,658.4,11259961.0,7404040632.0,476848349017.6
2026-05-29,002371,655.53,658.4,623.22,629.3,14746088.0,9395846450.0,455772579035.19995
2026-06-01,002371,624.42,629.23,588.39,589.36,15100000.0,9081578562.0,426845903671.04004
2026-06-02,002371,585.57,615.23,583.66,602.25,12630618.0,7607842357.0,436181528244.0
2026-06-03,002371,602.26,633.09,593.46,614.28,14416128.0,8857781075.0,444894295009.92
2026-06-04,002371,609.59,637.27,605.45,626.43,12062030.0,7582080352.0,453693972167.51996
2026-06-05,002371,614.44,619.03,599.46,602.81,8084336.0,4927541316.0,436587110071.83997
2026-06-08,002371,569.52,598.26,567.71,585.21,9785902.0,5746335589.0,423840252625.44
2026-06-09,002371,600.48,619.24,594.05,616.54,10200570.0,6210398732.0,446531107386.56
2026-06-10,002371,614.44,640.43,609.45,618.64,10691287.0,6682089137.0,448052039240.95996
2026-06-11,002371,624.28,647.41,619.44,636.92,11366681.0,7233711953.0,461291388906.87994
2026-06-12,002371,665.59,680.37,654.59,666.59,15348001.0,10273824817.0,482779983249.76
2026-06-15,002371,669.19,687.04,639.42,681.6,12564025.0,8419209358.0,493651024742.4
2026-06-16,002371,679.38,681.28,659.76,671.58,8676840.0,5816489200.0,486394007037.12006
2026-06-17,002371,659.79,704.36,656.41,703.58,11347940.0,7737166594.0,509570111485.12006
2026-06-18,002371,704.34,733.22,703.06,720.39,10461144.0,7528527762.0,521744808852.95996
2026-06-22,002371,739.31,757.31,722.82,744.33,10752660.0,7964031580.0,539083431993.12006
2026-06-23,002371,748.04,761.31,720.35,746.81,9968569.0,7407390871.0,540879580087.83997
2026-06-24,002371,726.41,773.8,726.34,769.37,13108782.0,9923151131.0,557218733723.68
2026-06-25,002371,777.3,809.27,774.3,797.28,11883996.0,9454404907.0,578115579613.44
2026-06-26,002371,794.28,827.25,781.46,812.63,12403065.0,10009100573.0,589246015780.24
2026-06-29,002371,813.29,875.07,805.15,859.41,15033537.0,12540214665.0,623166654469.6799
2026-06-30,002371,889.19,904.74,872.74,883.76,12768745.0,11335700672.0,640823079268.48
2026-07-01,002371,883.76,967.12,883.76,934.51,14611680.0,13601836979.0,677622404054.48
2026-07-02,002371,869.21,883.2,841.06,841.06,12121011.0,10345919579.0,609860888758.88
2026-07-03,002371,799.01,846.38,775.0,816.0,16585395.0,13458518699.0,591689635968.0
2026-07-06,002371,832.31,834.8,767.97,803.6,15242691.0,12192666512.0,582698273852.8
2026-07-07,002371,794.23,835.01,778.69,806.39,13091777.0,10562009152.0,584721330328.72
2026-07-08,002371,806.39,830.02,768.0,802.32,14807528.0,11840891129.0,581770133247.36
2026-07-09,002371,817.42,880.98,815.0,878.43,15861474.0,13339467905.0,636958243778.64
2026-07-10,002371,886.46,905.0,800.99,801.0,19385845.0,16711117543.0,580812988248.0
2026-07-13,002371,795.61,813.7,755.0,764.3,16314186.0,12784581134.0,554201456826.4
2026-07-14,002371,763.0,782.5,728.01,774.2,16704392.0,12739965365.0,561380044321.6
2026-07-15,002371,789.0,793.0,736.5,742.66,12265898.0,9271597460.0,538510079715.68
2026-07-16,002371,732.96,745.65,693.7,702.76,13509339.0,9684632548.0,509578196780.48
2026-07-17,002371,693.3,707.78,660.01,677.0,16618562.0,11379353080.0,490899367096.0
2026-07-20,002371,704.0,716.66,659.1,676.91,17483200.0,12040705471.0,490834107209.68
2026-07-21,002371,699.0,744.6,678.43,744.6,14837581.0,10585799784.0,539916792820.8
2026-07-22,002371,788.0,809.0,751.0,764.0,22327096.0,17502385645.0,553983923872.0
2026-07-23,002371,764.77,769.0,723.0,740.0,13640544.0,10139412552.0,536581287520.0
2026-07-24,002371,720.01,778.8,716.0,757.0,15862082.0,12020960458.0,548908154936.0
2026-07-27,002371,740.3,778.0,723.14,770.0,14235615.0,10748228046.0,558334582960.0
2026-07-28,002371,745.2,771.99,710.01,715.0,13086042.0,9715725050.0,518453541320.0
2026-07-29,002371,715.58,727.36,664.02,706.39,15794280.0,10929790464.0,512210345528.72
