date,ticker,open,high,low,close,volume,amount,market_cap
2021-01-04,002352,81.11,82.75,79.82,82.46,32090184.0,2867756312.0,370271215999.57996
2021-01-05,002352,82.19,86.14,81.79,85.22,37725037.0,3483322399.0,382664480081.06
2021-01-06,002352,85.76,86.8,84.12,84.37,26438363.0,2470088196.0,378847713969.01
2021-01-07,002352,85.12,85.5,82.55,84.09,33378933.0,3064879880.0,377590426308.57
2021-01-08,002352,85.7,88.29,81.42,83.47,37315252.0,3468626248.0,374806432203.31
2021-01-11,002352,83.5,85.67,82.73,83.8,25893698.0,2398607655.0,376288235517.39996
2021-01-12,002352,83.58,84.66,81.39,84.35,24096621.0,2200600022.0,378757907707.55
2021-01-13,002352,85.51,86.56,81.84,82.3,29437218.0,2701112888.0,369552765907.89996
2021-01-14,002352,82.03,82.72,80.2,80.38,22093794.0,1966385301.0,360931364807.74
2021-01-15,002352,80.2,81.11,78.98,80.11,18387690.0,1614769482.0,359718980278.02997
2021-01-18,002352,79.83,82.94,78.93,82.23,18793724.0,1684079417.0,369238443992.79004
2021-01-19,002352,84.58,84.61,81.66,83.39,21752060.0,1983208999.0,374447207157.47003
2021-01-20,002352,83.36,87.29,82.03,85.66,22867719.0,2144082628.0,384640217833.18
2021-01-21,002352,85.58,92.81,85.48,92.23,36926183.0,3668012763.0,414141574722.79004
2021-01-22,002352,91.79,92.06,89.89,91.5,28525919.0,2850456509.0,410863646179.5
2021-01-25,002352,91.28,93.86,90.06,93.14,26148132.0,2643592588.0,418227759619.22003
2021-01-26,002352,92.05,93.01,89.32,91.05,19467945.0,1948836961.0,408843005296.64996
2021-01-27,002352,91.1,91.94,87.49,91.04,17772743.0,1752603845.0,408798102165.92004
2021-01-28,002352,90.23,90.68,88.23,88.57,14964216.0,1464026269.0,397707028875.61
2021-01-29,002352,89.49,92.26,88.47,90.22,20985130.0,2083775827.0,405116045446.06
2021-02-01,002352,92.05,95.82,90.78,94.9,25532185.0,2637360466.0,426130710627.7
2021-02-02,002352,95.24,97.96,92.93,97.52,21454594.0,2265444623.0,437895330878.95996
2021-02-03,002352,98.07,99.32,95.61,95.97,20562284.0,2198855123.0,430935345615.81
2021-02-04,002352,95.84,100.35,95.7,97.02,26972725.0,2906422952.0,435650174342.45996
2021-02-10,002352,106.72,106.72,103.09,106.72,25704462.0,2987151521.0,479206211150.56
2021-02-18,002352,112.1,113.65,103.44,106.15,46606795.0,5546753275.0,476646732698.95
2021-02-19,002352,106.12,108.0,102.08,105.63,25753159.0,2954960908.0,474311769900.99
2021-02-22,002352,105.56,105.56,98.22,98.25,34994770.0,3875764557.0,441173259422.25
2021-02-23,002352,97.43,101.47,95.71,99.7,26640524.0,2900259127.0,447684213378.10004
2021-02-24,002352,99.6,99.69,92.14,94.61,34793203.0,3633958331.0,424828519836.52997
2021-02-25,002352,95.7,97.38,93.94,96.38,21584961.0,2277830102.0,432776373975.74
2021-02-26,002352,92.69,95.7,91.33,95.66,21951091.0,2253131981.0,429543348563.18
2021-03-01,002352,95.24,96.23,92.06,95.51,21115942.0,2189574813.0,428869801602.23004
2021-03-02,002352,96.87,97.34,92.11,92.86,21786109.0,2246043672.0,416970471958.77997
2021-03-03,002352,91.14,93.46,89.5,92.93,17503502.0,1762052044.0,417284793873.89
2021-03-04,002352,92.01,92.02,87.04,89.44,24559864.0,2401296976.0,401613601249.12
2021-03-05,002352,87.52,89.77,86.86,88.5,14953205.0,1452077736.0,397392706960.5
2021-03-08,002352,88.95,89.68,82.94,82.99,32245298.0,3015131970.0,372651081928.26996
2021-03-09,002352,82.94,84.06,79.69,82.03,33408109.0,3016611141.0,368340381378.19
2021-03-10,002352,84.06,85.22,82.37,83.77,24792692.0,2279330527.0,376153526125.20996
2021-03-11,002352,83.71,86.29,82.72,84.28,23042200.0,2142882859.0,378443585792.44
2021-03-12,002352,85.29,85.4,82.16,83.68,17375172.0,1594064658.0,375749397948.64
2021-03-15,002352,83.94,84.29,80.2,81.53,19415372.0,1737346410.0,366095224841.69
2021-03-16,002352,82.47,84.04,81.94,83.85,16288902.0,1488997047.0,376512751171.05
2021-03-17,002352,83.84,85.61,81.92,85.61,18604987.0,1716420776.0,384415702179.52997
2021-03-18,002352,84.81,85.03,81.39,83.58,31557443.0,2885709037.0,375300366641.33997
2021-03-19,002352,81.92,81.92,75.65,78.12,60453619.0,5197856371.0,350783257262.76
2021-03-22,002352,77.13,77.74,76.0,77.47,35748517.0,3008712689.0,347864553765.31
2021-03-23,002352,77.61,77.82,75.02,77.01,27229388.0,2280278722.0,345799009751.73004
2021-03-24,002352,76.57,77.04,73.19,74.87,28511526.0,2333437356.0,336189739775.51
2021-03-25,002352,73.84,75.56,73.47,75.5,17192134.0,1411787813.0,339018637011.5
2021-03-26,002352,75.66,76.37,73.73,75.05,30305237.0,2498787856.0,336997996128.64996
2021-03-29,002352,75.63,75.65,73.73,74.81,22801326.0,1870372532.0,335920320991.13
2021-03-30,002352,74.73,77.09,74.17,75.87,25350214.0,2100163334.0,340680052848.51
2021-03-31,002352,76.1,76.19,72.73,73.84,29849461.0,2411945368.0,331564717310.32
2021-04-01,002352,73.92,74.6,73.54,74.42,19773237.0,1605892964.0,334169098892.66003
2021-04-02,002352,74.84,78.6,74.46,75.73,37448011.0,3128607340.0,340051409018.29004
2021-04-06,002352,76.1,76.59,73.73,75.0,23429671.0,1924729614.0,336773480475.0
2021-04-07,002352,75.01,75.33,73.27,73.78,22766312.0,1845714049.0,331295298525.94
2021-04-08,002352,73.82,74.44,73.09,73.64,17683880.0,1429983405.0,330666654695.72003
2021-04-09,002352,66.28,66.28,66.28,66.28,22059700.0,1604181384.0,297617950478.44
2021-04-12,002352,62.78,64.6,59.65,60.06,165625498.0,11114679797.0,269688203164.38
2021-04-13,002352,60.15,60.47,58.37,59.06,61047470.0,3974653422.0,265197890091.38
2021-04-14,002352,59.41,59.51,58.15,58.71,35958521.0,2318018783.0,263626280515.83002
2021-04-15,002352,58.98,59.51,58.09,58.87,31901286.0,2057213166.0,264344730607.50998
2021-04-16,002352,58.93,59.05,57.29,58.07,39615171.0,2514001402.0,260752480149.11002
2021-04-19,002352,58.02,59.39,57.11,58.99,37043193.0,2385593045.0,264883568176.27002
2021-04-20,002352,59.52,59.52,58.17,58.73,32241832.0,2067238222.0,263716086777.28998
2021-04-21,002352,58.63,58.68,57.87,58.33,19475567.0,1238730234.0,261919961548.09
2021-04-22,002352,58.45,58.62,57.72,57.88,18466437.0,1167339293.0,259899320665.24002
2021-04-23,002352,58.63,60.05,58.36,60.03,50617639.0,3276152354.0,269553493772.19
2021-04-26,002352,60.04,61.68,58.34,60.54,53050045.0,3495361027.0,271843553439.41998
2021-04-27,002352,59.73,60.74,58.64,59.43,25801801.0,1676404389.0,266859305928.38998
2021-04-28,002352,59.09,60.19,58.84,59.98,17420870.0,1134126387.0,269328978118.53998
2021-04-29,002352,60.23,60.41,58.63,58.7,22443444.0,1449936026.0,263581377385.1
2021-04-30,002352,59.04,59.27,58.08,58.95,19277250.0,1232841035.0,264703955653.35
2021-05-06,002352,58.8,58.81,57.55,57.87,20431662.0,1295225672.0,259854417534.50998
2021-05-07,002352,58.02,58.35,55.89,56.25,24467239.0,1521810342.0,252580110356.25
2021-05-10,002352,56.2,57.36,55.52,57.03,16803747.0,1041350095.0,256082554553.19
2021-05-11,002352,56.92,57.68,55.89,57.35,16678713.0,1031428045.0,257519454736.55002
2021-05-12,002352,56.86,57.32,56.44,56.94,9842081.0,611120901.0,255678426376.62
2021-05-13,002352,56.53,58.24,56.2,57.83,17109175.0,1074662682.0,259674805011.59
2021-05-14,002352,57.69,58.17,56.96,57.59,15635122.0,982429506.0,258597129874.07
2021-05-17,002352,57.57,60.41,57.46,59.73,30003936.0,1946928697.0,268206399850.28998
2021-05-18,002352,59.75,63.85,59.3,63.12,41069363.0,2796819270.0,283428561167.76
2021-05-19,002352,63.17,65.86,61.65,63.67,43168967.0,3004275214.0,285898233357.91003
2021-05-20,002352,63.58,64.67,61.93,62.91,30140871.0,2073724112.0,282485595422.43
2021-05-21,002352,62.91,63.07,61.27,61.67,23213274.0,1567809772.0,276917607211.91003
2021-05-24,002352,61.38,63.03,60.3,62.96,24451957.0,1645382354.0,282710111076.08
2021-05-25,002352,62.89,63.67,62.23,63.22,28836053.0,1989393236.0,283877592475.06
2021-05-26,002352,63.3,64.97,62.3,64.12,29676326.0,2063447101.0,287918874240.76
2021-05-27,002352,63.48,64.38,63.22,63.76,17507902.0,1219299222.0,286302361534.48
2021-05-28,002352,63.78,65.53,63.77,63.99,28559828.0,2011565365.0,287335133541.27
2021-05-31,002352,64.65,65.18,62.34,63.66,25306640.0,1749848418.0,285853330227.18
2021-06-01,002352,63.21,64.54,62.66,64.18,28145708.0,1956170321.0,288188293025.14
2021-06-02,002352,64.23,66.78,63.94,66.5,41811681.0,2992113206.0,298605819354.5
2021-06-03,002352,66.51,69.39,65.17,68.34,36971960.0,2725424202.0,306867995408.82
2021-06-04,002352,67.61,70.22,67.4,69.37,30198680.0,2288932947.0,311493017874.01
2021-06-07,002352,69.39,69.81,66.83,67.18,29844732.0,2203256300.0,301659232244.14
2021-06-08,002352,67.24,67.74,65.16,65.85,29398043.0,2121752079.0,295687115857.05
2021-06-09,002352,65.35,66.68,64.93,65.85,16038062.0,1155491846.0,295687115857.05
2021-06-10,002352,65.77,66.41,64.86,65.13,20757077.0,1487079393.0,292454090444.49
2021-06-11,002352,65.5,65.5,64.21,65.07,22554960.0,1596143639.0,292184671660.11
2021-06-15,002352,65.08,65.89,63.1,63.68,18081660.0,1260261775.0,285943136488.64
2021-06-16,002352,63.6,63.89,61.77,62.31,17378198.0,1188287211.0,279791407578.63
2021-06-17,002352,62.2,62.58,60.23,61.38,24332776.0,1623858621.0,275615416420.74
2021-06-18,002352,60.91,62.09,60.49,62.08,18328707.0,1228545627.0,278758635571.83997
2021-06-21,002352,62.36,67.51,61.43,65.28,36099565.0,2553362860.0,293127637405.44
2021-06-22,002352,65.31,66.2,63.67,64.26,22182752.0,1555449459.0,288547518070.98004
2021-06-23,002352,64.36,64.56,62.32,63.18,23414170.0,1612206104.0,283697979952.14
2021-06-24,002352,63.48,64.58,62.7,64.14,20632849.0,1437839209.0,288008680502.22003
2021-06-25,002352,64.17,64.48,63.43,64.16,16672141.0,1166960507.0,288098486763.68
2021-06-28,002352,63.99,63.99,62.87,63.25,15204543.0,1047381966.0,284012301867.25
2021-06-29,002352,62.84,62.98,61.78,61.78,17630259.0,1197622053.0,277411541649.94
2021-06-30,002352,61.78,62.95,61.47,62.02,12753816.0,868226197.0,279308152807.18
2021-07-01,002352,62.02,63.12,61.18,62.28,13624390.0,921883383.0,280479067346.52
2021-07-02,002352,61.74,62.0,60.46,61.01,15944725.0,1061465034.0,274759600173.59
2021-07-05,002352,61.0,61.19,59.44,59.98,15699761.0,1028435839.0,270120977190.81998
2021-07-06,002352,59.98,60.79,59.09,59.59,14394400.0,936426448.0,268364605381.81003
2021-07-07,002352,59.54,61.66,59.38,61.2,16758953.0,1108715688.0,275615268490.8
2021-07-08,002352,61.23,61.8,59.59,60.18,18617621.0,1232202420.0,271021680682.62
2021-07-09,002352,59.73,60.09,59.03,60.0,16320426.0,1059334314.0,270211047540.0
2021-07-12,002352,60.05,60.36,58.64,58.79,18474344.0,1195179841.0,264761791414.61
2021-07-13,002352,58.77,59.45,58.27,59.22,16972471.0,1090473172.0,266698303921.97998
2021-07-14,002352,59.54,64.47,59.27,61.65,44236774.0,3006072019.0,277641851347.35
2021-07-15,002352,60.46,60.46,57.99,59.82,34308902.0,2209189343.0,269400414397.38
2021-07-16,002352,58.72,60.18,58.52,59.82,15600875.0,1017293716.0,269400414397.38
2021-07-19,002352,59.77,59.77,57.79,57.94,19797725.0,1260532534.0,260933801574.46
2021-07-20,002352,57.95,58.26,56.81,57.16,14006269.0,875469954.0,257421057956.43997
2021-07-21,002352,57.16,57.96,56.51,56.69,17475760.0,1086489362.0,255304404750.71
2021-07-22,002352,56.71,57.25,55.95,56.82,18377439.0,1132454231.0,255889862020.38
2021-07-23,002352,56.83,56.84,55.61,56.48,20654205.0,1265740911.0,254358666084.31998
2021-07-26,002352,56.02,56.57,53.65,54.69,27622654.0,1650855445.0,246297369832.71
2021-07-27,002352,54.68,54.68,51.44,52.09,36141956.0,2079862202.0,234588224439.31003
2021-07-28,002352,51.73,52.12,49.82,51.17,28614979.0,1579659040.0,230444988377.03
2021-07-29,002352,51.52,54.35,51.33,54.03,29644029.0,1717007611.0,243325048309.77002
2021-07-30,002352,53.41,55.01,52.22,54.15,20515807.0,1196026083.0,243865470404.85
2021-08-02,002352,54.15,56.98,53.41,55.68,25067125.0,1527055968.0,250755852117.12
2021-08-03,002352,55.69,55.97,54.85,55.83,15026942.0,907189318.0,251431379735.97
2021-08-04,002352,55.86,56.87,55.19,55.97,16505519.0,1011083489.0,252061872180.22998
2021-08-05,002352,55.84,56.24,54.74,54.96,18415732.0,1112997420.0,247513319546.64
2021-08-06,002352,54.96,55.24,53.57,54.95,16797130.0,998719734.0,247468284372.05002
2021-08-09,002352,54.83,57.1,54.3,56.29,16469594.0,1012539906.0,253502997767.11
2021-08-10,002352,56.29,56.43,54.96,55.81,13107893.0,794521285.0,251341309386.79
2021-08-11,002352,56.05,56.55,54.12,54.37,18995982.0,1138717314.0,244856244245.83
2021-08-12,002352,54.23,55.12,53.75,54.5,10145507.0,601644093.0,245441701515.5
2021-08-13,002352,54.24,55.51,53.97,55.06,11366459.0,678089369.0,247963671292.54
2021-08-16,002352,55.06,55.35,54.56,54.66,9236193.0,553451220.0,246162264308.93997
2021-08-17,002352,54.68,55.41,53.31,53.58,12043149.0,713512928.0,241298465453.22
2021-08-18,002352,53.5,53.89,52.49,52.9,11813561.0,682737372.0,238236073581.1
2021-08-19,002352,52.88,53.33,52.69,52.89,8807031.0,509323010.0,238191038406.51
2021-08-20,002352,53.13,54.04,52.11,53.19,14037498.0,810464994.0,239542093644.21
2021-08-23,002352,52.4,53.32,51.58,51.95,19143656.0,1092781174.0,233957731995.05002
2021-08-24,002352,52.22,55.37,51.57,55.06,25877048.0,1528750876.0,247963671292.54
2021-08-25,002352,54.96,56.03,54.6,54.95,12783311.0,768975163.0,247468284372.05002
2021-08-26,002352,54.8,55.17,53.77,54.19,8143628.0,481611107.0,244045611103.21
2021-08-27,002352,54.05,54.05,52.27,52.42,12286412.0,708823802.0,236074385200.78
2021-08-30,002352,52.31,53.86,51.3,52.55,13078946.0,748057003.0,236659842470.44998
2021-08-31,002352,52.38,52.78,51.57,52.78,12997556.0,740146760.0,237695651486.02002
2021-09-01,002352,52.78,54.51,51.59,53.68,18424350.0,1074640774.0,241748817199.12
2021-09-02,002352,53.92,54.81,51.76,52.09,23652290.0,1363529772.0,234588224439.31003
2021-09-03,002352,52.11,52.16,50.99,51.47,22468051.0,1259326332.0,231796043614.72998
2021-09-06,002352,51.3,55.83,51.13,55.28,40366420.0,2378967321.0,248954445133.52002
2021-09-07,002352,54.96,55.42,52.88,53.94,28750480.0,1686392958.0,242919731738.46
2021-09-08,002352,53.59,56.21,53.41,56.05,32794098.0,1976366953.0,252422153576.94998
2021-09-09,002352,56.26,58.48,55.33,58.28,33753157.0,2114067043.0,262464997510.52002
2021-09-10,002352,58.29,58.54,57.02,57.45,19521825.0,1228859849.0,258727078019.55002
2021-09-13,002352,56.99,56.99,55.59,56.66,17271662.0,1059122301.0,255169299226.93997
2021-09-14,002352,56.66,59.35,55.71,58.45,26728071.0,1690031274.0,263230595478.55002
2021-09-15,002352,57.69,59.74,57.66,59.04,26937518.0,1739402019.0,265887670779.36
2021-09-16,002352,58.8,59.73,57.88,58.63,20626133.0,1320490731.0,264041228621.17
2021-09-17,002352,58.45,59.09,56.8,58.26,14458328.0,915455968.0,262374927161.34
2021-09-22,002352,57.05,62.16,56.95,61.49,28240068.0,1851386584.0,276921288553.91003
2021-09-23,002352,61.7,62.74,60.14,60.33,21013000.0,1404447252.0,271697208301.47
2021-09-24,002352,59.91,63.21,59.76,62.26,28906466.0,1970146203.0,280388996997.33997
2021-09-27,002352,62.26,64.29,61.65,63.24,26718775.0,1844768617.0,284802444107.16003
2021-09-28,002352,62.86,63.19,60.48,61.07,18922012.0,1269186478.0,275029811221.13
2021-09-29,002352,60.83,62.52,60.19,60.72,18938679.0,1271750263.0,273453580110.47998
2021-09-30,002352,61.01,61.07,59.34,59.87,13971751.0,913590650.0,269625590270.33
2021-10-08,002352,60.65,64.12,60.19,63.69,32824879.0,2262539914.0,286829026963.70996
2021-10-11,002352,63.69,65.04,62.58,62.82,19012883.0,1317586497.0,282910966774.38
2021-10-12,002352,62.98,64.48,61.94,63.22,20985628.0,1454735280.0,284712373757.98
2021-10-13,002352,62.18,64.68,60.64,62.48,18291090.0,1253090894.0,281379770838.32
2021-10-14,002352,63.12,63.74,60.28,60.66,17003110.0,1138629718.0,273183369062.93997
2021-10-15,002352,61.38,61.72,59.43,59.91,19539748.0,1281190941.0,269805730968.68997
2021-10-18,002352,59.91,59.91,57.8,59.11,16347722.0,1044551296.0,266202917001.49
2021-10-19,002352,59.11,60.55,58.47,59.64,15906960.0,1032153026.0,268589781254.76
2021-10-20,002352,59.72,60.01,57.58,58.08,22495639.0,1428402280.0,261564294018.72
2021-10-21,002352,57.94,58.86,57.07,58.19,26061225.0,1648758856.0,262059680939.21
2021-10-22,002352,58.6,58.81,57.12,57.25,27507284.0,1726641009.0,257826374527.75
2021-10-25,002352,56.88,57.9,56.05,57.61,26344474.0,1647251042.0,259447640812.99
2021-10-26,002352,57.58,58.01,57.25,57.46,13908694.0,874907193.0,258772113194.14
2021-10-27,002352,57.19,58.91,56.89,57.62,27117833.0,1717361239.0,259492675987.58
2021-10-28,002352,57.25,58.23,56.42,57.81,19706532.0,1240264324.0,260348344304.79
2021-10-29,002352,57.82,59.96,57.45,59.21,32779318.0,2103919862.0,266653268747.39
2021-11-01,002352,59.18,60.14,58.31,59.36,23009386.0,1493299224.0,267328796366.24
2021-11-02,002352,59.14,60.57,58.88,59.87,22671703.0,1478432179.0,269625590270.33
2021-11-03,002352,60.0,60.63,59.18,59.69,14050621.0,914012799.0,268814957127.71
2021-11-04,002352,59.72,60.33,59.17,59.34,15188622.0,987619309.0,267238726017.06003
2021-11-05,002352,59.19,59.29,57.51,57.6,20833137.0,1318523747.0,259402605638.4
2021-11-08,002352,57.54,57.54,55.38,55.6,33170656.0,2035070157.0,250395570720.4
2021-11-09,002352,55.58,55.85,54.7,55.22,15329526.0,922378852.0,248684234085.97998
2021-11-10,002352,55.28,55.41,53.83,55.34,14244556.0,850116879.0,249224656181.06003
2021-11-11,002352,55.24,56.41,55.01,56.32,14333820.0,877248540.0,253638103290.88
2021-11-12,002352,56.61,57.25,56.03,57.07,13446866.0,833317135.0,257015741385.13
2021-11-15,002352,57.06,58.06,56.51,57.71,11781712.0,741103907.0,259897992558.89
2021-11-16,002352,57.25,59.05,57.25,58.09,15553240.0,992633096.0,261609329193.31003
2021-11-17,002352,59.09,60.41,57.57,57.96,18395275.0,1179987282.0,261023871923.64
2021-11-18,002352,57.96,60.46,57.51,59.86,26891181.0,1746830189.0,269580555095.74
2021-11-19,002352,60.46,63.99,60.01,61.76,34626008.0,2356642552.0,278137238267.83997
2021-11-22,002352,62.39,62.71,61.05,61.05,20821737.0,1401308482.0,274939740871.95
2021-11-23,002352,61.01,61.01,58.69,60.09,24143032.0,1570476233.0,270616364111.31003
2021-11-24,002352,59.95,61.06,59.35,60.4,13594528.0,896296155.0,272012454523.6
2021-11-25,002352,60.09,60.09,58.43,58.57,15496824.0,996682450.0,263771017573.63
2021-11-26,002352,58.66,59.23,57.87,58.18,14116311.0,901506354.0,262014645764.62
2021-11-29,002352,57.46,58.17,56.05,56.69,18469867.0,1145310295.0,255304404750.71
2021-11-30,002352,56.78,57.1,55.9,56.09,15118873.0,928553339.0,252602294275.31003
2021-12-01,002352,56.42,56.8,55.91,56.23,15595259.0,957953410.0,253232786719.56998
2021-12-02,002352,56.22,56.22,54.96,55.21,19693256.0,1188973797.0,248639198911.39
2021-12-03,002352,55.21,55.57,54.72,55.42,14512272.0,873944790.0,249584937577.78
2021-12-06,002352,55.47,56.97,54.87,56.97,23636810.0,1448553107.0,256565389639.22998
2021-12-07,002352,57.39,57.82,56.61,57.62,18361542.0,1150631084.0,259492675987.58
2021-12-08,002352,57.67,58.45,57.48,57.77,16989119.0,1074314893.0,260168203606.43002
2021-12-09,002352,57.86,60.46,57.74,60.22,31017628.0,2022042645.0,271201821380.97998
2021-12-10,002352,59.54,60.55,59.37,60.01,14801929.0,967929461.0,270256082714.59
2021-12-13,002352,60.45,61.07,59.77,60.44,17990061.0,1187878192.0,272192595221.96
2021-12-14,002352,60.28,60.32,58.12,58.56,18995848.0,1219854118.0,263725982399.04
2021-12-15,002352,58.17,58.45,56.9,57.05,16775640.0,1049967085.0,256925671035.94998
2021-12-16,002352,56.89,58.11,56.81,58.05,11969868.0,750852591.0,261429188494.94998
2021-12-17,002352,57.94,58.01,56.8,57.7,11683170.0,732065219.0,259852957384.30002
2021-12-20,002352,58.63,60.46,58.01,58.39,21409802.0,1382596991.0,262960384431.01
2021-12-21,002352,57.91,59.84,57.46,59.5,16376402.0,1054545430.0,267959288810.5
2021-12-22,002352,59.18,61.91,59.17,61.15,28693940.0,1914956392.0,275390092617.85
2021-12-23,002352,60.92,61.73,60.47,61.15,15135124.0,1012481782.0,275390092617.85
2021-12-24,002352,61.15,63.76,60.26,63.07,27249793.0,1859546686.0,284036846139.13
2021-12-27,002352,63.06,63.76,62.11,62.98,13516956.0,926400278.0,283631529567.82
2021-12-28,002352,62.74,63.48,61.98,62.44,13971419.0,954873015.0,281199630139.95996
2021-12-29,002352,62.92,64.45,62.62,62.92,27334876.0,1896867315.0,283361318520.28
2021-12-30,002352,62.57,63.82,62.37,63.23,13297534.0,915909685.0,284757408932.57
2021-12-31,002352,63.1,63.47,61.83,63.14,13653695.0,937766715.0,284352092361.26
2022-01-04,002352,63.41,65.7,62.97,65.43,23473866.0,1653355607.0,294665147342.37006
2022-01-05,002352,64.73,66.57,64.73,65.32,22479239.0,1613401776.0,294169760421.87994
2022-01-06,002352,65.32,65.77,62.29,62.65,21113367.0,1458615813.0,282145368806.35
2022-01-07,002352,62.66,63.92,61.57,62.84,14644326.0,1007933149.0,283001037123.56
2022-01-10,002352,63.19,63.39,61.65,62.97,12061099.0,825352013.0,283586494393.23
2022-01-11,002352,64.11,65.5,61.95,62.0,17398256.0,1200843996.0,279218082458.0
2022-01-12,002352,62.39,63.19,61.71,62.05,11819759.0,801622880.0,279443258330.95
2022-01-13,002352,62.08,62.27,60.18,60.31,13119045.0,870639763.0,271607137952.29
2022-01-14,002352,59.54,61.19,59.21,60.45,13577194.0,893940364.0,272237630396.55002
2022-01-17,002352,60.83,61.7,59.7,61.21,10141889.0,675412960.0,275660303665.39
2022-01-18,002352,61.01,61.65,60.23,60.96,11729186.0,778189534.0,274534424300.64
2022-01-19,002352,60.65,61.44,59.87,60.19,11663056.0,768442363.0,271066715857.21
2022-01-20,002352,60.47,62.57,60.0,61.82,16799726.0,1127268491.0,278407449315.38
2022-01-21,002352,61.81,62.11,60.61,61.74,11035061.0,738693272.0,278047167918.66003
2022-01-24,002352,61.54,61.54,59.55,59.85,13015975.0,853785426.0,269535519921.15
2022-01-25,002352,59.54,60.0,57.71,57.81,13442809.0,859782535.0,260348344304.79
2022-01-26,002352,57.8,59.61,57.8,59.49,10180435.0,656205035.0,267914253635.91
2022-01-27,002352,59.09,59.53,57.8,57.83,9466432.0,603700291.0,260438414653.97
2022-01-28,002352,58.42,59.54,57.98,58.03,14854822.0,951380856.0,261339118145.77002
2022-02-07,002352,59.09,61.08,58.64,59.14,14686632.0,956579365.0,266338022525.26
2022-02-08,002352,59.18,60.16,58.66,60.05,14030257.0,912151617.0,270436223412.94998
2022-02-09,002352,60.08,60.81,58.29,58.79,15401633.0,990926696.0,264761791414.61
2022-02-10,002352,58.7,58.79,56.94,57.37,18981425.0,1189341122.0,258366796622.83
2022-02-11,002352,57.39,57.93,56.37,57.34,11731183.0,733500575.0,258231691099.06003
2022-02-14,002352,56.79,56.79,55.15,55.77,15550263.0,945055118.0,251161168688.43002
2022-02-15,002352,55.87,56.43,54.3,56.42,15066864.0,911569810.0,254088455036.78
2022-02-16,002352,56.16,56.8,55.89,56.52,9934402.0,611813942.0,254538806782.68002
2022-02-17,002352,56.63,56.83,55.64,56.48,11642992.0,715618358.0,254358666084.31998
2022-02-18,002352,56.11,56.34,55.39,56.25,8987380.0,548711761.0,253322857068.75
2022-02-21,002352,56.7,57.48,56.29,56.93,12059721.0,748139439.0,256385248940.87
2022-02-22,002352,56.15,56.19,54.51,55.16,14671617.0,883263976.0,248414023038.43997
2022-02-23,002352,55.16,55.47,54.87,55.34,12882107.0,775919072.0,249224656181.06003
2022-02-24,002352,55.06,55.15,52.98,53.49,25090540.0,1475296781.0,240893148881.91
2022-02-25,002352,54.0,55.13,53.86,54.87,15207046.0,909399061.0,247108002975.33
2022-02-28,002352,54.83,55.33,53.68,55.33,13686721.0,809619558.0,249179621006.47
2022-03-01,002352,54.9,54.92,52.31,52.71,39584741.0,2292181649.0,237380405263.89
2022-03-02,002352,52.31,53.39,51.56,53.21,17419973.0,1002868374.0,239632163993.39
2022-03-03,002352,54.2,54.64,53.37,53.61,20213772.0,1191284319.0,241996475976.99
2022-03-04,002352,53.25,54.49,52.63,53.81,14419549.0,851029588.0,242899279468.79
2022-03-07,002352,53.16,53.41,51.19,51.39,18257235.0,1033849593.0,231975357218.01
2022-03-08,002352,51.01,51.54,48.81,50.01,22855881.0,1248912410.0,225746013124.59
2022-03-09,002352,49.54,49.95,46.79,48.77,26072269.0,1385516259.0,220148631475.43002
2022-03-10,002352,50.04,50.27,48.77,49.18,15974058.0,860892200.0,221999378633.62
2022-03-11,002352,47.54,49.22,47.35,49.2,14800374.0,782697445.0,222089658982.80002
2022-03-14,002352,48.28,48.44,46.9,46.9,24673359.0,1279060606.0,211707418827.1
2022-03-15,002352,46.89,46.89,43.52,43.77,37311731.0,1822783368.0,197578544180.43002
2022-03-16,002352,44.89,45.54,42.78,45.45,25040101.0,1210652430.0,205162093511.55002
2022-03-17,002352,46.54,47.24,45.62,45.9,23488104.0,1186202365.0,207193401368.1
2022-03-18,002352,45.9,46.3,45.21,45.35,33311861.0,1652895115.0,204710691765.65
2022-03-21,002352,45.39,45.41,43.17,43.82,37222974.0,1787534582.0,197804245053.38
2022-03-22,002352,44.31,44.32,42.6,43.13,33748138.0,1588781218.0,194689573006.67
2022-03-23,002352,43.05,43.35,42.5,43.24,24325326.0,1140760488.0,195186114927.16
2022-03-24,002352,43.05,43.05,42.02,42.16,22427841.0,1036648067.0,190310976071.43997
2022-03-25,002352,42.66,42.68,40.95,41.17,24785085.0,1122853510.0,185842098787.03
2022-03-28,002352,40.3,40.98,39.86,40.22,18028378.0,792807354.0,181553782200.97998
2022-03-29,002352,40.22,40.36,39.16,39.23,21909307.0,947625393.0,177084904916.56998
2022-03-30,002352,39.56,40.69,38.94,40.65,26528779.0,1154769811.0,183494809708.35
2022-03-31,002352,40.31,42.57,40.13,41.86,39272979.0,1794381121.0,188956770833.74
2022-04-01,002352,41.86,45.35,41.48,44.89,43146544.0,2082999222.0,202634243734.51
2022-04-06,002352,44.9,46.05,43.84,44.94,30767136.0,1515695632.0,202859944607.46
2022-04-07,002352,44.86,45.17,43.6,43.63,18325053.0,883091104.0,196466183629.90002
2022-04-08,002352,44.07,45.22,43.29,44.21,16915453.0,813970834.0,199077927533.30002
2022-04-11,002352,45.11,46.03,43.93,45.35,38508695.0,1889659741.0,204211355205.5
2022-04-12,002352,45.42,49.33,44.64,47.91,56475039.0,2894391313.0,215739052434.3
2022-04-13,002352,47.94,49.47,47.64,48.09,49446312.0,2629975929.0,216549593645.7
2022-04-14,002352,47.65,48.85,46.72,47.5,27613326.0,1436209787.0,213892819675.0
2022-04-15,002352,47.09,47.09,45.76,45.9,20554946.0,1034108293.0,206688008907.0
2022-04-18,002352,45.76,47.87,45.06,47.86,23338070.0,1195263198.0,215513902097.8
2022-04-19,002352,47.57,48.1,46.91,47.24,14772311.0,764080092.0,212722037925.2
2022-04-20,002352,46.9,47.73,46.16,46.65,12141815.0,621015816.0,210065263954.5
2022-04-21,002352,46.77,46.87,44.47,44.98,25253987.0,1248107703.0,202545242715.4
2022-04-22,002352,44.57,45.21,43.4,44.5,14687115.0,711261669.0,200383799485.0
2022-04-25,002352,43.83,44.06,41.32,41.37,23231167.0,1078836142.0,186289388420.09998
2022-04-26,002352,41.65,42.95,41.33,41.61,16913546.0,776543810.0,187370110035.3
2022-04-27,002352,41.22,42.55,40.86,42.41,19258936.0,879937365.0,190972515419.3
2022-04-28,002352,43.51,44.48,42.41,43.51,23267809.0,1101492249.0,195925822822.3
2022-04-29,002352,43.71,47.31,43.54,46.99,33604500.0,1668787637.0,211596286242.7
2022-05-05,002352,45.85,47.2,45.58,46.31,23798394.0,1206456659.0,208534241666.30002
2022-05-06,002352,45.16,46.06,44.57,45.04,12936918.0,637144720.0,202815423119.19998
2022-05-09,002352,45.05,46.2,44.77,45.68,9330703.0,465084173.0,205697347426.4
2022-05-10,002352,45.06,46.08,43.79,45.49,14703070.0,723102938.0,204841776147.7
2022-05-11,002352,45.73,47.15,45.07,46.13,21848516.0,1099447551.0,207723700454.90002
2022-05-12,002352,45.53,46.71,45.12,45.35,14338535.0,714856895.0,204211355205.5
2022-05-13,002352,45.71,46.14,45.13,45.62,10987149.0,546266009.0,205427167022.59998
2022-05-16,002352,45.6,46.07,44.42,44.59,11420293.0,560244143.0,200789070090.7
2022-05-17,002352,44.56,46.03,44.15,45.16,15519849.0,765796070.0,203355783926.8
2022-05-18,002352,45.18,45.4,43.06,44.52,27377666.0,1316597131.0,200473859619.6
2022-05-19,002352,43.74,44.25,42.69,43.24,49623888.0,2343761730.0,209834180261.48
2022-05-20,002352,43.59,46.49,43.01,46.3,54346840.0,2680389417.0,224683685155.09998
2022-05-23,002352,46.3,46.65,45.35,45.96,31990434.0,1602278822.0,223033740166.92
2022-05-24,002352,45.95,46.17,44.15,44.26,29784700.0,1462935593.0,214784015226.02
2022-05-25,002352,44.59,44.8,43.74,44.43,21171481.0,1025916253.0,215608987720.11
2022-05-26,002352,44.47,46.54,44.26,46.25,33062782.0,1650191210.0,224441046186.25
2022-05-27,002352,46.54,47.45,45.68,45.88,23639868.0,1197632300.0,222645517816.76
2022-05-30,002352,46.84,47.55,46.03,47.24,28241530.0,1449904754.0,229245297769.48
2022-05-31,002352,47.13,47.78,46.56,47.54,27230291.0,1404780780.0,230701131582.58
2022-06-01,002352,47.01,48.8,47.0,47.91,30704544.0,1612973539.0,232496659952.06998
2022-06-02,002352,47.64,48.19,47.26,47.52,17218908.0,893941530.0,230604075995.04
2022-06-06,002352,47.37,47.84,45.95,47.04,26911846.0,1375351194.0,228274741894.08
2022-06-07,002352,46.81,48.73,46.65,48.49,30552377.0,1601231929.0,235311271990.73
2022-06-08,002352,48.53,49.21,48.05,48.92,25217328.0,1337905684.0,237397967122.84
2022-06-09,002352,48.9,48.91,47.3,47.46,16757726.0,875510406.0,230312909232.42
2022-06-10,002352,47.19,48.37,46.91,48.19,16056270.0,837984498.0,233855438177.62997
2022-06-13,002352,47.23,47.8,46.33,47.27,21707761.0,1113817360.0,229390881150.79
2022-06-14,002352,46.72,47.06,45.89,46.61,21389221.0,1082537601.0,226188046761.97
2022-06-15,002352,46.88,47.95,46.58,47.39,21839396.0,1124353169.0,229973214676.03
2022-06-16,002352,47.38,48.15,47.21,47.84,15560036.0,809518030.0,232156965395.68002
2022-06-17,002352,47.48,48.06,46.56,47.71,24149020.0,1238992566.0,231526104076.67
2022-06-20,002352,48.52,48.82,47.96,48.08,19193698.0,1009028199.0,233321632446.16
2022-06-21,002352,48.11,48.45,47.51,47.94,14016337.0,732015962.0,232642243333.37997
2022-06-22,002352,47.8,48.08,45.92,46.07,21415235.0,1088791199.0,223567545898.39
2022-06-23,002352,46.1,46.52,45.11,45.69,24877109.0,1231598523.0,221723489735.12997
2022-06-24,002352,45.69,48.71,45.62,48.37,43327395.0,2247852214.0,234728938465.49
2022-06-27,002352,48.37,50.1,48.28,49.79,36814364.0,1985139290.0,241619885180.83
2022-06-28,002352,49.64,51.38,49.33,50.93,29840424.0,1642507501.0,247152053670.61
2022-06-29,002352,50.92,51.39,50.08,50.25,21550892.0,1187004756.0,243852163694.25
2022-06-30,002352,50.25,52.3,50.14,51.31,24027806.0,1345616488.0,248534319833.87003
2022-07-01,002352,51.53,52.49,50.97,51.46,14635826.0,822025558.0,249260886740.42
2022-07-04,002352,51.39,51.93,50.38,51.46,12946571.0,722199867.0,249260886740.42
2022-07-05,002352,51.93,52.67,51.02,51.89,22393582.0,1259658276.0,251343711872.53
2022-07-06,002352,51.59,51.59,49.46,50.13,21384730.0,1169871112.0,242818660169.01
2022-07-07,002352,50.11,50.14,48.86,49.0,17985681.0,963751185.0,237345189473.0
2022-07-08,002352,49.55,50.42,49.07,49.99,16165427.0,876011289.0,242140531056.23
2022-07-11,002352,49.64,49.72,47.88,48.26,13716453.0,722840510.0,233760792734.02
2022-07-12,002352,48.73,49.0,47.34,47.56,15105504.0,784428603.0,230370147170.12003
2022-07-13,002352,47.44,47.99,47.1,47.58,16658516.0,861482683.0,230467022757.66
2022-07-14,002352,47.56,48.1,47.0,47.62,14321813.0,739322230.0,230660773932.74
2022-07-15,002352,48.26,48.78,46.64,46.77,36160468.0,1872892508.0,226543561462.29
2022-07-18,002352,46.91,48.1,46.77,47.72,19161579.0,988023478.0,231145151870.44
2022-07-19,002352,47.9,50.1,47.35,50.1,32856778.0,1763572856.0,242673346787.7
2022-07-20,002352,50.29,50.37,49.46,49.55,15824511.0,856352778.0,240009268130.34998
2022-07-21,002352,48.92,50.23,48.63,48.72,17317627.0,925436365.0,235988931247.44
2022-07-22,002352,48.64,49.09,48.04,48.72,14061081.0,742952246.0,235988931247.44
2022-07-25,002352,48.91,49.4,48.28,48.38,11709747.0,620454840.0,234342046259.26
2022-07-26,002352,48.33,48.7,47.62,47.9,14035778.0,731283547.0,232017032158.3
2022-07-27,002352,47.8,47.88,46.61,46.83,17185824.0,877847241.0,226834188224.91
2022-07-28,002352,46.88,47.16,46.6,46.63,15016138.0,765415752.0,225865432349.51
2022-07-29,002352,46.75,46.84,45.39,45.82,23155192.0,1152548113.0,221941971054.14
2022-08-01,002352,45.82,45.82,44.74,44.94,19734912.0,965629881.0,217679445202.37997
2022-08-02,002352,44.54,45.28,43.64,44.34,19471357.0,941368047.0,214773177576.18002
2022-08-03,002352,44.22,44.9,44.0,44.29,16937890.0,818429664.0,214530988607.33
2022-08-04,002352,44.52,45.13,44.17,44.36,15923712.0,770826732.0,214870053163.72
2022-08-05,002352,44.31,44.95,44.08,44.88,12965318.0,627944905.0,217388818439.76
2022-08-08,002352,44.85,45.35,44.5,44.71,13791411.0,671062861.0,216565375945.67
2022-08-09,002352,44.66,45.18,44.36,45.02,12622754.0,617213186.0,218066947552.54
2022-08-10,002352,44.97,45.08,43.91,44.15,18021957.0,868029719.0,213875383102.69998
2022-08-11,002352,44.16,45.65,44.15,45.5,17477440.0,859165845.0,220415173979.0
2022-08-12,002352,45.5,45.96,45.22,45.77,10727735.0,533867225.0,221723132154.26
2022-08-15,002352,45.77,46.42,45.41,45.88,11485727.0,574014307.0,222256004003.44
2022-08-16,002352,45.78,46.31,45.52,45.64,9302575.0,464032680.0,221093374514.32
2022-08-17,002352,45.66,46.62,45.28,46.51,16615565.0,834333259.0,225307906412.38
2022-08-18,002352,46.34,46.5,45.51,45.71,10377287.0,516850984.0,221432474781.98
2022-08-19,002352,45.96,46.56,45.73,45.85,9419699.0,472312153.0,222110675317.30002
2022-08-22,002352,45.62,46.87,45.51,46.59,12956660.0,655469857.0,225695449575.42
2022-08-23,002352,46.43,46.51,45.62,45.72,9772534.0,487328637.0,221480917677.36
2022-08-24,002352,45.73,46.05,44.99,45.14,8855215.0,437784683.0,218671229745.32
2022-08-25,002352,45.14,45.6,44.65,45.58,10053343.0,493200105.0,220802717142.03998
2022-08-26,002352,45.86,46.31,45.25,45.39,7560092.0,375537845.0,219882302129.82
2022-08-29,002352,44.94,45.11,44.13,44.29,13311724.0,643338509.0,214553583638.02
2022-08-30,002352,44.32,45.16,44.21,45.16,12532472.0,609707954.0,218768115536.08
2022-08-31,002352,45.51,45.78,44.84,45.44,17959413.0,885571331.0,220124516606.72
2022-09-01,002352,45.32,46.15,44.8,44.92,15908175.0,788598929.0,217605486046.96002
2022-09-02,002352,45.1,45.51,44.22,44.54,11667166.0,567145451.0,215764656022.52
2022-09-05,002352,44.29,44.68,43.67,43.89,11430695.0,545762390.0,212615867822.82
2022-09-06,002352,43.92,44.29,42.82,43.57,16702437.0,787915973.0,211065695170.66
2022-09-07,002352,43.52,44.68,43.12,43.21,22953433.0,1088010648.0,209321750936.98
2022-09-08,002352,43.4,44.75,43.23,44.16,20515252.0,983729144.0,213923825998.08
2022-09-09,002352,44.59,46.43,44.25,46.31,33174571.0,1655967000.0,224339048504.78
2022-09-13,002352,46.43,47.95,46.43,47.24,29408117.0,1520859903.0,228844237775.12
2022-09-14,002352,46.75,47.37,46.22,46.88,17430841.0,888641048.0,227100293541.44
2022-09-15,002352,47.22,47.27,46.06,46.42,19689248.0,997078326.0,224871920353.96002
2022-09-16,002352,46.38,46.39,44.6,44.77,16500861.0,811958028.0,216878842616.26
2022-09-19,002352,44.83,45.58,44.26,44.73,14620437.0,713626859.0,216685071034.74
2022-09-20,002352,44.98,45.67,44.49,45.07,13406457.0,655500641.0,218332129477.66
2022-09-21,002352,44.95,44.95,43.76,44.02,13148614.0,631822198.0,213245625462.76
2022-09-22,002352,43.59,43.97,41.12,41.66,44123140.0,2020110682.0,201813102153.08
2022-09-23,002352,42.28,43.51,42.18,42.93,35472145.0,1649807920.0,207965349866.34
2022-09-26,002352,42.31,43.21,41.86,42.09,23218914.0,1070587456.0,203896146654.42
2022-09-27,002352,41.9,44.49,41.78,44.24,27522990.0,1302367933.0,214311369161.12
2022-09-28,002352,44.13,45.56,43.78,43.94,19538591.0,946392943.0,212858082299.72
2022-09-29,002352,44.0,44.22,43.23,43.46,14724360.0,699076233.0,210532823321.48
2022-09-30,002352,43.81,43.94,43.05,43.41,16123663.0,763235679.0,210290608844.58
2022-10-10,002352,43.57,43.67,41.74,41.82,12142769.0,559791389.0,202588188479.16
2022-10-11,002352,42.1,42.16,41.01,41.39,15974383.0,718876876.0,200505143977.82
2022-10-12,002352,41.3,42.06,40.48,42.01,13670971.0,612895101.0,203508603491.38
2022-10-13,002352,41.69,42.47,41.56,42.01,11500925.0,527004904.0,203508603491.38
2022-10-14,002352,43.67,45.73,43.52,45.46,39387470.0,1935312897.0,220221402397.48
2022-10-17,002352,45.14,47.39,45.07,47.12,34593737.0,1756873624.0,228262923030.56
2022-10-18,002352,47.12,47.6,46.53,46.77,17399957.0,888145722.0,226567421692.26
2022-10-19,002352,46.77,47.73,46.02,47.09,19489408.0,999265323.0,228117594344.42
2022-10-20,002352,46.89,47.5,46.38,46.58,17295138.0,881314707.0,225647006680.03998
2022-10-21,002352,46.63,47.5,46.48,47.08,16169081.0,830667603.0,228069151449.03998
2022-10-24,002352,46.71,47.51,45.16,45.36,22024058.0,1098810887.0,219736973443.68
2022-10-25,002352,45.77,46.23,44.65,45.12,16226478.0,799362816.0,218574343954.56
2022-10-26,002352,44.94,46.76,44.94,46.12,14184254.0,712192837.0,223418633492.56
2022-10-27,002352,46.13,47.24,46.12,46.76,16735453.0,853751955.0,226518978796.88
2022-10-28,002352,46.53,47.17,45.41,45.85,13304784.0,668343022.0,222110675317.30002
2022-10-31,002352,45.51,45.6,43.99,44.37,23039380.0,1116164762.0,214941126801.06
2022-11-01,002352,44.85,45.58,43.46,45.47,18546899.0,899724509.0,220269845292.86
2022-11-02,002352,44.92,46.67,44.78,46.42,19356159.0,964799035.0,224871920353.96002
2022-11-03,002352,45.93,46.16,43.92,44.41,24289905.0,1183141922.0,215134898382.58
2022-11-04,002352,44.38,46.37,44.19,45.98,24173916.0,1198335928.0,222740432957.24
2022-11-07,002352,45.42,46.98,45.33,46.13,15320312.0,769049098.0,223467076387.94
2022-11-08,002352,46.13,46.72,45.87,46.12,13209694.0,663612239.0,223418633492.56
2022-11-09,002352,45.96,46.32,45.7,45.96,10066022.0,504211234.0,222643547166.48
2022-11-10,002352,45.67,45.87,45.05,45.33,9293071.0,458658696.0,219591644757.53998
2022-11-11,002352,46.47,48.49,46.25,48.29,37638695.0,1946352608.0,233930741790.02
2022-11-14,002352,48.33,49.27,47.51,47.64,19180256.0,1004504336.0,230781953590.32
2022-11-15,002352,47.8,49.21,47.41,49.11,19497828.0,1031335441.0,237903059211.18
2022-11-16,002352,49.0,50.7,48.82,49.63,24681444.0,1341219539.0,240422089770.94
2022-11-17,002352,49.22,49.63,48.63,49.42,11761535.0,627876645.0,239404788967.96002
2022-11-18,002352,49.62,49.9,48.22,48.25,18475707.0,977241407.0,233736970208.5
2022-11-21,002352,47.53,47.83,46.71,47.53,13508279.0,694452075.0,230249081741.14
2022-11-22,002352,47.9,48.13,47.04,47.53,8676949.0,448261443.0,230249081741.14
2022-11-23,002352,47.4,47.4,46.57,46.76,8770258.0,447233909.0,226518978796.88
2022-11-24,002352,47.12,47.56,46.35,46.48,9317237.0,472543277.0,225162577726.24
2022-11-25,002352,46.5,47.23,46.14,46.84,8961488.0,456011557.0,226906521959.92
2022-11-28,002352,45.92,46.71,45.07,46.61,11472168.0,573802722.0,225792335366.18
2022-11-29,002352,46.92,49.14,46.65,48.72,20563088.0,1078743596.0,236013786291.36
2022-11-30,002352,48.26,48.72,47.68,48.72,15370891.0,807688041.0,236013786291.36
2022-12-01,002352,50.45,51.2,50.0,50.07,30779065.0,1690359481.0,242553577167.66
2022-12-02,002352,50.04,50.31,49.14,49.26,11099504.0,598293235.0,238629702641.88
2022-12-05,002352,50.17,51.22,49.87,50.67,23165342.0,1279295374.0,245460150890.46002
2022-12-06,002352,50.56,52.53,50.05,52.45,32133909.0,1813062409.0,254082986268.1
2022-12-07,002352,52.45,54.1,52.28,53.0,32397617.0,1868892123.0,256747345514.0
2022-12-08,002352,52.82,53.31,52.06,52.68,25008741.0,1432018500.0,255197172861.84
2022-12-09,002352,52.69,53.59,52.42,53.35,27825592.0,1609784346.0,258442846852.30002
2022-12-12,002352,53.14,53.66,52.12,52.34,20178940.0,1157066700.0,253550114418.92
2022-12-13,002352,52.34,53.14,51.76,52.86,13662405.0,781676578.0,256069144978.68
2022-12-14,002352,53.21,55.16,52.42,54.65,33932432.0,2003405334.0,264740423251.69998
2022-12-15,002352,54.85,55.49,53.38,53.82,14849426.0,873107614.0,260719662935.16
2022-12-16,002352,53.65,54.21,52.91,53.6,15854010.0,919264878.0,259653919236.80002
2022-12-19,002352,53.86,54.24,52.98,53.59,14598959.0,850353953.0,259605476341.42
2022-12-20,002352,52.87,53.41,51.99,52.45,12728021.0,728198500.0,254082986268.1
2022-12-21,002352,53.38,53.96,52.29,52.77,11985238.0,692173337.0,255633158920.26
2022-12-22,002352,53.4,54.24,52.99,53.49,16768402.0,978207728.0,259121047387.62
2022-12-23,002352,53.15,53.92,52.91,53.48,10566688.0,614123855.0,259072604492.24
2022-12-26,002352,52.95,53.72,52.64,52.77,11995037.0,692714534.0,255633158920.26
2022-12-27,002352,53.03,55.99,52.88,55.1,26008605.0,1547538779.0,266920353543.80002
2022-12-28,002352,54.79,55.0,53.05,53.36,20787524.0,1213590083.0,258491289747.68
2022-12-29,002352,53.14,53.21,52.13,52.32,15172668.0,866828117.0,253453228628.16
2022-12-30,002352,52.42,53.59,52.42,53.1,15353304.0,886424361.0,257231774467.80002
2023-01-03,002352,52.86,53.52,52.32,53.12,18089044.0,1042703594.0,257167308258.56
2023-01-04,002352,53.5,53.53,52.45,52.98,15509466.0,892768524.0,256489532973.24
2023-01-05,002352,53.64,55.49,53.25,55.36,31560648.0,1887877855.0,268011712823.68
2023-01-06,002352,55.48,55.58,54.34,54.8,13326701.0,795533614.0,265300611682.4
2023-01-09,002352,55.16,55.49,54.15,54.51,17393332.0,1032360901.0,263896648591.38
2023-01-10,002352,54.51,54.86,54.15,54.33,9874464.0,585319065.0,263025223224.53998
2023-01-11,002352,54.23,54.87,53.64,53.93,11902563.0,701599983.0,261088722409.34
2023-01-12,002352,54.05,54.35,53.02,53.42,11702429.0,680733396.0,258619683869.96002
2023-01-13,002352,55.62,55.63,54.15,55.51,22251786.0,1333601594.0,268737900629.38
2023-01-16,002352,56.03,56.69,55.25,56.16,24383779.0,1490089422.0,271884714454.08
2023-01-17,002352,56.09,56.31,55.16,55.7,9326078.0,563660206.0,269657738516.6
2023-01-18,002352,55.49,56.42,54.77,55.99,14512324.0,878947514.0,271061701607.62
2023-01-19,002352,56.06,56.17,55.18,56.1,8911538.0,541364753.0,271594239331.80002
2023-01-20,002352,56.08,56.61,55.34,55.5,13445754.0,816133543.0,268689488109.0
2023-01-30,002352,56.08,56.32,53.78,54.12,27694826.0,1650045231.0,262008560296.56
2023-01-31,002352,54.38,55.38,53.05,53.91,25980519.0,1524910642.0,260991897368.58
2023-02-01,002352,54.05,54.42,52.4,53.18,33312656.0,1927236499.0,257457783380.84
2023-02-02,002352,53.36,53.87,52.86,53.73,22733333.0,1324434221.0,260120472001.74
2023-02-03,002352,53.29,53.86,52.81,53.05,16721630.0,965581001.0,256828420615.9
2023-02-06,002352,52.48,52.76,51.94,52.4,18545536.0,1054263916.0,253681606791.19998
2023-02-07,002352,52.4,53.37,52.23,52.81,13267476.0,763237754.0,255666520126.78
2023-02-08,002352,52.86,53.6,52.71,53.11,12538730.0,726363841.0,257118895738.18
2023-02-09,002352,53.09,53.62,52.6,53.27,12106003.0,702196289.0,257893496064.26
2023-02-10,002352,53.27,53.27,52.57,52.77,11277255.0,648330849.0,255472870045.26
2023-02-13,002352,52.38,53.58,52.22,53.37,19007068.0,1101478716.0,258377621268.06
2023-02-14,002352,53.43,53.93,52.32,52.68,17393280.0,997977060.0,255037157361.84
2023-02-15,002352,52.54,52.58,50.75,51.39,33370198.0,1862447593.0,248791942232.82
2023-02-16,002352,51.49,52.34,50.33,50.84,21526742.0,1205208393.0,246129253611.92
2023-02-17,002352,50.85,50.86,49.5,49.55,19772334.0,1076742599.0,239884038482.9
2023-02-20,002352,49.56,50.79,49.56,50.56,16375582.0,897122161.0,244773703041.28
2023-02-21,002352,50.54,50.68,49.67,50.05,16602332.0,903719459.0,242304664501.9
2023-02-22,002352,49.7,50.03,49.37,49.53,12863368.0,694299319.0,239787213442.14
2023-02-23,002352,49.55,50.25,49.46,49.68,12310886.0,666710348.0,240513401247.84
2023-02-24,002352,49.47,49.82,49.1,49.38,16481695.0,884905533.0,239061025636.44
2023-02-27,002352,48.92,49.44,48.81,49.12,14962773.0,798796509.0,237802300106.56
2023-02-28,002352,49.27,50.03,49.17,49.58,16687685.0,900148218.0,240029276044.03998
2023-03-01,002352,49.59,49.86,48.93,49.74,13421140.0,723315347.0,240803876370.12
2023-03-02,002352,49.62,50.31,49.33,50.01,14270975.0,774903850.0,242111014420.38
2023-03-03,002352,50.19,50.49,49.56,49.95,13055428.0,707307288.0,241820539298.1
2023-03-06,002352,49.74,49.78,49.16,49.37,12447207.0,668833397.0,239012613116.06
2023-03-07,002352,49.43,49.6,48.24,48.25,15650455.0,830736135.0,233590410833.5
2023-03-08,002352,47.97,49.15,47.83,48.87,13079942.0,693547931.0,236591987097.06
2023-03-09,002352,49.01,49.18,48.13,48.26,10725106.0,566835128.0,233638823353.88
2023-03-10,002352,47.85,48.44,47.85,47.88,8351727.0,436422143.0,231799147579.44
2023-03-13,002352,47.8,49.64,47.67,49.6,16987588.0,909478518.0,240126101084.80002
2023-03-14,002352,49.45,49.75,48.78,49.0,10081196.0,539320915.0,237221349862.0
2023-03-15,002352,49.61,49.61,48.5,48.75,9356672.0,498047151.0,236011036852.5
2023-03-16,002352,48.27,48.86,47.69,48.17,10537674.0,553434083.0,233203110670.46002
2023-03-17,002352,48.44,48.77,47.73,48.26,14629706.0,767978785.0,233638823353.88
2023-03-20,002352,49.03,49.87,47.04,47.56,24863205.0,1297267323.0,230249946927.28
2023-03-21,002352,47.56,48.86,47.16,48.81,17449104.0,918862513.0,236301511974.78
2023-03-22,002352,48.8,49.81,48.73,48.93,11940879.0,640141763.0,236882462219.34
2023-03-23,002352,48.92,50.04,48.59,49.64,17303642.0,935384469.0,240319751166.32
2023-03-24,002352,49.61,49.92,48.98,49.39,8219469.0,441026115.0,239109438156.82
2023-03-27,002352,49.61,49.83,48.34,49.77,12573163.0,672967434.0,240949113931.26
2023-03-28,002352,49.37,49.96,48.81,49.18,11597210.0,622417288.0,238092775228.84
2023-03-29,002352,49.47,50.91,49.38,50.15,24431732.0,1339181197.0,242788789705.69998
2023-03-30,002352,50.28,51.46,50.16,50.75,21826736.0,1208321180.0,245693540928.5
2023-03-31,002352,50.84,51.25,50.46,50.91,12187780.0,672966505.0,246468141254.58
2023-04-03,002352,50.56,50.88,49.48,49.76,24295761.0,1320568222.0,240900701410.88
2023-04-04,002352,49.78,50.56,48.91,49.22,25868479.0,1389925926.0,238286425310.36
2023-04-06,002352,49.22,50.37,48.58,50.27,15711249.0,850195016.0,243369739950.26
2023-04-07,002352,50.26,53.34,50.1,53.32,40657562.0,2326540296.0,258135558666.16
2023-04-10,002352,53.07,53.21,52.24,52.81,18305085.0,1049988428.0,255666520126.78
2023-04-11,002352,52.81,52.84,51.85,51.96,15618136.0,887673159.0,251551455894.48
2023-04-12,002352,52.13,52.38,51.19,52.31,21671857.0,1220978498.0,253245894107.78
2023-04-13,002352,51.83,52.47,51.35,51.99,15128064.0,853754365.0,251696693455.62
2023-04-14,002352,52.18,53.02,51.84,52.29,17129227.0,978144626.0,253149069067.02
2023-04-17,002352,51.94,52.66,51.77,52.29,14569016.0,828011634.0,253149069067.02
2023-04-18,002352,52.4,53.26,51.77,52.28,14215466.0,808601604.0,253100656546.64
2023-04-19,002352,52.39,52.49,51.11,51.48,13417606.0,750720832.0,249227654916.24
2023-04-20,002352,51.66,51.85,50.56,51.02,15183719.0,843525850.0,247000678978.76
2023-04-21,002352,51.04,51.05,49.64,50.25,16282265.0,889406699.0,243272914909.5
2023-04-24,002352,49.91,50.8,49.37,50.18,16895471.0,920153844.0,242934027266.84
2023-04-25,002352,50.25,50.57,49.51,50.38,14687186.0,798901979.0,243902277674.44
2023-04-26,002352,50.19,51.09,49.67,50.62,19668939.0,1078011092.0,245064178163.56
2023-04-27,002352,51.76,53.86,51.71,52.68,37028642.0,2131864847.0,255037157361.84
2023-04-28,002352,52.4,52.85,51.67,51.89,15315853.0,868671353.0,251212568251.82
2023-05-04,002352,51.89,52.09,50.81,50.95,15161080.0,846747474.0,246661791336.1
2023-05-05,002352,50.96,50.96,50.01,50.07,12826253.0,701604575.0,242401489542.66
2023-05-08,002352,50.04,50.04,46.53,46.96,50916510.0,2628931989.0,227345195704.48
2023-05-09,002352,46.49,47.77,46.47,47.1,19704734.0,1011960999.0,228022970989.80002
2023-05-10,002352,47.44,47.67,46.37,46.7,13287984.0,674843939.0,226086470174.6
2023-05-11,002352,46.68,46.83,46.15,46.4,10642580.0,537800657.0,224634094563.19998
2023-05-12,002352,46.61,46.67,45.72,46.39,13929653.0,695742256.0,224585682042.82
2023-05-15,002352,46.39,46.5,45.54,46.48,10684909.0,533387056.0,225021394726.24
2023-05-16,002352,46.51,46.53,45.24,45.35,23371501.0,1151496339.0,219550779923.30002
2023-05-17,002352,45.33,45.44,44.9,45.44,11204960.0,547305921.0,219986492606.72
2023-05-18,002352,45.42,45.64,45.08,45.19,11579181.0,567738027.0,218776179597.22
2023-05-19,002352,45.2,46.47,44.81,46.27,15171022.0,754337855.0,224004731798.26
2023-05-22,002352,46.46,46.88,46.15,46.58,11071104.0,557326646.0,225505519930.03998
2023-05-23,002352,46.42,46.47,45.82,45.83,6948250.0,346923332.0,221874580901.53998
2023-05-24,002352,45.87,45.87,44.96,45.08,9228654.0,452906528.0,218243641873.03998
2023-05-25,002352,45.08,45.45,44.74,45.19,8021192.0,391921288.0,218776179597.22
2023-05-26,002352,45.19,45.35,44.26,45.16,9249446.0,449146796.0,218630942036.08
2023-05-29,002352,45.17,45.31,44.09,44.36,10254165.0,493245675.0,214757940405.68
2023-05-30,002352,44.36,44.41,43.14,43.88,16994283.0,801917105.0,212434139427.44
2023-05-31,002352,43.88,44.0,42.91,43.73,17868683.0,840153674.0,211707951621.74
2023-06-01,002352,43.7,43.97,43.24,43.65,9307106.0,439342562.0,211320651458.69998
2023-06-02,002352,43.93,45.17,43.88,44.94,12603658.0,609825139.0,217565866587.72
2023-06-05,002352,45.05,45.06,44.35,44.69,5392701.0,260681943.0,216355553578.22
2023-06-06,002352,44.76,45.08,44.1,44.49,7816572.0,377695327.0,215387303170.62
2023-06-07,002352,44.7,44.85,43.73,43.84,9679333.0,461992299.0,212240489345.92
2023-06-08,002352,44.11,44.5,43.48,44.39,8325551.0,396399207.0,214903177966.82
2023-06-09,002352,44.4,44.7,44.21,44.42,5941960.0,285561316.0,215048415527.96002
2023-06-12,002352,44.41,45.37,43.8,45.06,11418984.0,553879011.0,218146816832.28
2023-06-13,002352,44.97,45.2,44.4,45.05,7126810.0,345892051.0,218098404311.9
2023-06-14,002352,45.14,46.08,45.06,45.4,13013755.0,641694420.0,219792842525.19998
2023-06-15,002352,45.79,46.04,45.42,45.87,13689414.0,677516085.0,222068230983.06
2023-06-16,002352,45.93,46.42,45.56,45.98,9582582.0,477011735.0,222600768707.24
2023-06-19,002352,45.97,45.97,45.04,45.18,10149840.0,498150944.0,218727767076.84
2023-06-20,002352,45.27,45.54,44.81,44.82,7842264.0,382746658.0,216984916343.16
2023-06-21,002352,44.63,45.0,44.08,44.13,8368145.0,402482122.0,213644452436.94
2023-06-26,002352,43.9,43.94,43.07,43.49,9340916.0,438561522.0,210546051132.62
2023-06-27,002352,43.53,44.25,43.05,43.89,8680357.0,411003978.0,212482551947.82
2023-06-28,002352,43.89,43.93,43.38,43.76,7752087.0,366559269.0,211853189182.88
2023-06-29,002352,43.76,43.76,40.09,41.35,48990285.0,2194983475.0,200185771771.30002
2023-06-30,002352,40.95,41.97,40.91,41.66,19539041.0,878726632.0,202535174103.08
2023-07-03,002352,41.71,42.92,41.66,42.82,19470547.0,897451588.0,208174655667.16
2023-07-04,002352,42.77,42.78,42.17,42.61,14667766.0,674197095.0,207153715039.18
2023-07-05,002352,42.68,42.77,41.71,42.02,13984364.0,636994015.0,204285358036.76
2023-07-06,002352,41.91,42.26,41.42,41.46,12432504.0,561210667.0,201562849695.48
2023-07-07,002352,41.49,41.69,41.21,41.66,9823354.0,440987571.0,202535174103.08
2023-07-10,002352,42.93,43.22,42.03,42.89,21635741.0,1002543075.0,208514969209.82
2023-07-11,002352,42.89,44.14,42.59,43.73,16309506.0,768494168.0,212598731721.74
2023-07-12,002352,43.73,44.3,43.14,43.37,16257747.0,767087261.0,210848547788.06
2023-07-13,002352,43.57,43.74,43.27,43.67,16294092.0,766862454.0,212307034399.46002
2023-07-14,002352,43.68,43.95,43.42,43.79,9217318.0,435764722.0,212890429044.02
2023-07-17,002352,43.6,43.63,42.97,43.43,8333998.0,390952369.0,211140245110.34
2023-07-18,002352,43.43,43.48,42.61,43.31,9583675.0,447404597.0,210556850465.78
2023-07-19,002352,43.29,43.85,42.98,43.51,6734579.0,317095132.0,211529174873.38
2023-07-20,002352,43.59,44.21,43.51,43.72,10771467.0,511812690.0,212550115501.36
2023-07-21,002352,43.6,43.97,43.08,43.25,10333048.0,485440133.0,210265153143.5
2023-07-24,002352,42.97,43.22,42.63,42.83,7815916.0,362783462.0,208223271887.53998
2023-07-25,002352,43.42,44.7,43.41,44.48,18672736.0,894832285.0,216244948250.24
2023-07-26,002352,44.48,44.82,44.32,44.62,7951539.0,383596741.0,216925575335.56
2023-07-27,002352,44.89,45.36,44.48,45.07,11232702.0,547924025.0,219113305252.66
2023-07-28,002352,44.89,46.17,44.75,45.96,18398918.0,910892461.0,223440148866.48
2023-07-31,002352,46.34,47.0,45.89,45.96,18452245.0,925576267.0,223440148866.48
2023-08-01,002352,45.96,46.65,45.54,46.0,13065307.0,651258455.0,223634613748.0
2023-08-02,002352,45.77,45.87,44.73,45.02,16407127.0,800878594.0,218870224150.76
2023-08-03,002352,45.27,45.82,44.53,45.66,17027564.0,832927355.0,221981662255.08
2023-08-04,002352,46.15,46.36,45.27,45.35,14364343.0,709281052.0,220474559423.30002
2023-08-07,002352,45.38,45.48,44.72,45.02,8391952.0,408896901.0,218870224150.76
2023-08-08,002352,44.78,45.26,44.62,44.86,7315834.0,355784368.0,218092364624.68
2023-08-09,002352,44.85,45.25,44.83,44.97,4699397.0,229314946.0,218627143048.86
2023-08-10,002352,44.82,45.27,44.66,45.17,5706642.0,278036467.0,219599467456.46002
2023-08-11,002352,45.05,45.16,44.02,44.03,10517312.0,504150662.0,214057218333.14
2023-08-14,002352,43.22,43.68,43.15,43.52,7206691.0,338805461.0,211577791093.76
2023-08-15,002352,43.48,43.63,42.88,43.38,8578308.0,400816347.0,210897164008.44
2023-08-16,002352,43.14,43.38,42.77,42.83,7686316.0,357524701.0,208223271887.53998
2023-08-17,002352,42.57,43.2,42.57,43.0,5580225.0,259320838.0,209049747634.0
2023-08-18,002352,42.88,43.11,42.36,42.56,8114910.0,373940246.0,206910633937.28
2023-08-21,002352,42.38,42.38,41.25,41.25,13865863.0,625834952.0,200541909067.5
2023-08-22,002352,41.54,41.66,40.43,40.93,16920023.0,748905262.0,198986190015.34
2023-08-23,002352,41.1,41.52,40.56,40.65,9926547.0,440282055.0,197624935844.69998
2023-08-24,002352,40.67,41.0,40.33,40.62,8650160.0,380385414.0,197479087183.56
2023-08-25,002352,40.46,40.54,39.86,40.17,10503834.0,456328566.0,195291357266.46002
2023-08-28,002352,41.57,42.15,40.51,40.65,24523137.0,1095988644.0,197624935844.69998
2023-08-29,002352,40.79,41.66,40.68,41.16,16016943.0,713815237.0,200104363084.08
2023-08-30,002352,41.39,41.46,40.46,40.51,15617437.0,689549275.0,196944308759.38
2023-08-31,002352,40.55,40.69,40.09,40.17,10988440.0,479296103.0,195291357266.46002
2023-09-01,002352,40.19,40.72,40.17,40.35,10938450.0,477894343.0,196166449233.30002
2023-09-04,002352,40.74,41.7,40.37,41.45,24410946.0,1089206116.0,201514233475.1
2023-09-05,002352,41.26,41.76,41.09,41.39,15176302.0,679961427.0,201201706635.32
2023-09-06,002352,41.16,41.3,40.6,40.94,15137003.0,669555245.0,199014203180.72
2023-09-07,002352,40.95,40.97,40.01,40.06,14182463.0,619387193.0,194736418647.28
2023-09-08,002352,39.99,40.05,39.19,39.53,15885968.0,678005342.0,192160025689.64
2023-09-11,002352,39.54,40.44,39.43,40.19,16431138.0,711318214.0,195368364089.72
2023-09-12,002352,40.07,40.31,39.77,39.93,10235847.0,442960660.0,194104473204.84
2023-09-13,002352,40.09,40.17,39.24,39.27,12809371.0,547254134.0,190896134804.76
2023-09-14,002352,39.26,39.42,38.66,38.87,15730553.0,661916563.0,188951687289.56
2023-09-15,002352,38.99,39.12,38.38,38.6,16484289.0,690567870.0,187639185216.80002
2023-09-18,002352,38.47,39.25,38.46,38.85,12346130.0,519399530.0,188854464913.80002
2023-09-19,002352,38.86,38.87,38.12,38.3,16062069.0,665997529.0,186180849580.4
2023-09-20,002352,38.19,38.2,37.74,37.92,15368325.0,630539189.0,184333624440.96002
2023-09-21,002352,37.71,37.72,37.04,37.09,18883648.0,762473290.0,180298895846.92
2023-09-22,002352,37.1,37.97,37.05,37.93,24676216.0,1003504147.0,184382235628.84
2023-09-25,002352,37.78,37.78,37.17,37.32,18921624.0,765691355.0,181416953168.16
2023-09-26,002352,37.42,37.6,37.24,37.32,9999502.0,404242823.0,181416953168.16
2023-09-27,002352,37.36,38.04,37.3,37.6,11395170.0,464536445.0,182778066428.80002
2023-09-28,002352,37.67,37.78,37.34,37.69,12611105.0,512794677.0,183215567119.72
2023-10-09,002352,37.88,37.94,37.29,37.8,13122118.0,535408881.0,183750290186.4
2023-10-10,002352,38.14,38.28,37.66,37.69,11715243.0,480724011.0,183215567119.72
2023-10-11,002352,38.11,38.15,37.72,37.79,10408430.0,427048747.0,183701678998.52
2023-10-12,002352,38.26,38.39,37.95,38.24,12733867.0,526313031.0,185889182453.12
2023-10-13,002352,37.99,38.25,37.74,38.15,13448207.0,553382674.0,185451681762.19998
2023-10-16,002352,38.25,38.37,37.55,37.69,11571150.0,475217155.0,183215567119.72
2023-10-17,002352,37.69,37.81,37.32,37.55,9572319.0,388202957.0,182535010489.4
2023-10-18,002352,37.54,37.54,36.68,36.77,12568249.0,502716780.0,178743337834.76
2023-10-19,002352,36.49,36.57,35.96,36.03,14808746.0,580882417.0,175146109931.64
2023-10-20,002352,36.03,36.04,35.57,35.83,11215627.0,434348449.0,174173886174.03998
2023-10-23,002352,35.75,36.51,35.53,36.14,14620122.0,571312377.0,175680832998.32
2023-10-24,002352,36.22,36.4,35.72,36.25,14805188.0,578490007.0,176215556065.0
2023-10-25,002352,36.78,37.0,36.31,36.49,12047156.0,477785936.0,177382224574.12
2023-10-26,002352,36.53,36.64,35.75,36.2,12644892.0,493507862.0,175972500125.6
2023-10-27,002352,36.1,37.3,35.87,37.13,17380158.0,693810816.0,180493340598.44
2023-10-30,002352,37.0,38.11,36.96,37.88,16376072.0,667949443.0,184139179689.44
2023-10-31,002352,38.11,38.15,36.06,36.31,34665503.0,1375496595.0,176507223192.28
2023-11-01,002352,36.42,36.8,35.8,36.04,21422743.0,840540396.0,175194721119.52
2023-11-02,002352,36.21,36.29,35.12,35.5,25168142.0,969351464.0,172569716974.0
2023-11-03,002352,35.44,36.12,35.43,36.05,19045441.0,739511703.0,175243332307.4
2023-11-06,002352,36.22,37.08,36.16,37.07,22116649.0,880061740.0,180201673471.16
2023-11-07,002352,36.95,36.99,36.52,36.86,11809077.0,470063043.0,179180838525.68
2023-11-08,002352,36.88,37.14,36.68,36.9,11010404.0,440133823.0,179375283277.19998
2023-11-09,002352,36.82,37.26,36.77,36.97,9580753.0,384218112.0,179715561592.36
2023-11-10,002352,36.93,37.15,36.37,37.09,11771113.0,468558549.0,180298895846.92
2023-11-13,002352,36.97,37.42,36.89,37.28,13537523.0,544631644.0,181222508416.64
2023-11-14,002352,37.36,37.79,37.18,37.66,13916446.0,566460366.0,183069733556.08
2023-11-15,002352,38.08,38.08,37.54,37.87,13148238.0,537552400.0,184090568501.56
2023-11-16,002352,37.83,38.14,37.6,37.92,12125607.0,497663336.0,184333624440.96002
2023-11-17,002352,37.71,38.02,37.52,37.83,10833440.0,442463246.0,183896123750.03998
2023-11-20,002352,37.89,38.57,37.61,38.33,17369199.0,718295853.0,186326683144.03998
2023-11-21,002352,38.51,38.99,38.26,38.57,16029762.0,671586432.0,187493351653.16
2023-11-22,002352,38.37,38.48,37.86,37.86,9798289.0,403838624.0,184041957313.68
2023-11-23,002352,37.71,37.96,37.42,37.88,9310413.0,379550656.0,184139179689.44
2023-11-24,002352,37.79,38.09,37.42,37.98,9129791.0,373603652.0,184625291568.24
2023-11-27,002352,37.94,37.95,37.48,37.74,11495352.0,468050322.0,183458623059.12
2023-11-28,002352,37.72,38.67,37.47,38.62,16203397.0,671396857.0,187736407592.56
2023-11-29,002352,38.69,38.98,38.36,38.47,12914834.0,540859741.0,187007239774.36
2023-11-30,002352,38.36,39.13,38.27,39.04,19002155.0,801268089.0,189778077483.52
2023-12-01,002352,38.97,38.97,38.03,38.51,15498226.0,644636600.0,187201684525.88
2023-12-04,002352,38.52,38.75,38.01,38.2,10029008.0,416786197.0,185694737701.6
2023-12-05,002352,38.27,38.41,37.35,37.4,11366111.0,465735874.0,181805842671.19998
2023-12-06,002352,37.4,37.83,37.18,37.28,9489902.0,385277422.0,181222508416.64
2023-12-07,002352,37.25,37.58,36.77,37.34,10095419.0,406209516.0,181514175543.92
2023-12-08,002352,37.33,38.39,37.28,38.05,16099122.0,662772090.0,184965569883.4
2023-12-11,002352,37.69,38.66,37.15,38.43,13701647.0,564355298.0,186812795022.84
2023-12-12,002352,38.34,38.75,38.12,38.27,9727975.0,403874133.0,186035016016.76
2023-12-13,002352,38.15,38.24,37.28,37.28,8752797.0,356640152.0,181222508416.64
2023-12-14,002352,37.65,37.82,37.12,37.18,6608545.0,267687274.0,180736396537.84
2023-12-15,002352,37.39,37.6,36.96,37.05,9424243.0,379490463.0,180104451095.4
2023-12-18,002352,37.02,37.47,36.82,37.2,8372013.0,337173353.0,180833618913.6
2023-12-19,002352,37.21,37.29,36.5,36.78,8647528.0,343587588.0,178791949022.64
2023-12-20,002352,36.78,37.18,36.47,36.47,7178136.0,284877614.0,177285002198.36
2023-12-21,002352,36.48,37.13,36.34,36.9,9969383.0,397524768.0,179375283277.19998
2023-12-22,002352,36.91,37.16,36.44,36.65,8430276.0,335729310.0,178160003580.19998
2023-12-25,002352,36.67,36.85,36.37,36.66,6053415.0,239869566.0,178208614768.08
2023-12-26,002352,36.55,36.69,36.08,36.33,5058279.0,198869811.0,176604445568.03998
2023-12-27,002352,36.37,36.45,35.72,36.07,8830829.0,343819684.0,175340554683.16
2023-12-28,002352,36.17,37.27,35.86,36.93,13255355.0,527570370.0,179521116840.84
2023-12-29,002352,36.94,37.37,36.77,37.32,12090216.0,485304937.0,181416953168.16
2024-01-02,002352,37.32,37.32,36.17,36.21,18035438.0,709767527.0,176021111313.48
2024-01-03,002352,36.21,36.21,35.19,35.84,19950044.0,769877469.0,174222497361.92
2024-01-04,002352,35.76,35.8,35.02,35.34,15703121.0,599298208.0,171791937967.92
2024-01-05,002352,35.25,35.79,35.06,35.33,14937160.0,573661212.0,171743326780.03998
2024-01-08,002352,35.43,35.71,35.07,35.38,13738721.0,525393820.0,171986382719.44
2024-01-09,002352,35.43,36.08,35.11,35.99,15883764.0,615900620.0,174951665180.12
2024-01-10,002352,35.82,36.5,35.61,36.07,11209869.0,438497331.0,175340554683.16
2024-01-11,002352,36.07,36.68,35.86,36.45,10691435.0,421604318.0,177187779822.6
2024-01-12,002352,36.27,36.45,35.83,35.89,7534882.0,294855279.0,174465553301.32
2024-01-15,002352,35.72,36.33,35.63,35.88,8734045.0,340792082.0,174416942113.44
2024-01-16,002352,35.68,36.38,35.49,36.31,12601978.0,491921067.0,176507223192.28
2024-01-17,002352,36.21,36.36,35.75,35.75,11461866.0,446810416.0,173784996671.0
2024-01-18,002352,35.62,36.03,34.63,35.9,18417149.0,701807140.0,174514164489.19998
2024-01-19,002352,35.67,35.83,35.14,35.43,13583396.0,521150768.0,172229438658.84
2024-01-22,002352,35.29,35.57,34.55,34.79,16582898.0,630993439.0,169118322634.52
2024-01-23,002352,34.78,34.78,33.88,34.44,20616879.0,763600875.0,167416931058.72
2024-01-24,002352,34.73,34.91,33.67,34.86,15999150.0,595851003.0,169458600949.68
2024-01-25,002352,35.15,35.52,34.8,35.49,15954601.0,608491610.0,172521105786.12
2024-01-26,002352,35.34,35.44,34.56,34.98,15547475.0,588334522.0,170041935204.24
2024-01-29,002352,34.87,35.04,34.04,34.04,11864341.0,442386362.0,165472483543.52
2024-01-30,002352,33.95,34.21,31.5,31.79,39312822.0,1375723621.0,154534966270.52
2024-01-31,002352,31.79,32.74,31.79,32.54,26303513.0,923395543.0,158398742011.52
2024-02-01,002352,32.54,32.68,31.96,32.07,17869006.0,624519452.0,156110868356.16
2024-02-02,002352,32.33,32.46,30.84,31.48,18842779.0,644293115.0,153238856746.24
2024-02-05,002352,31.85,32.14,30.42,31.76,25697515.0,872676075.0,154601845306.88
2024-02-06,002352,31.49,33.62,31.41,33.49,20745504.0,739285693.0,163023167485.12
2024-02-07,002352,33.6,34.32,33.19,34.03,22644206.0,831530921.0,165651788280.64
2024-02-08,002352,34.16,34.94,33.98,34.69,19464765.0,729706954.0,168864547030.72
2024-02-19,002352,35.26,35.29,34.75,34.96,14451728.0,548133335.0,170178857428.48
2024-02-20,002352,35.38,35.43,34.88,35.36,13050437.0,497707207.0,172125983943.68
2024-02-21,002352,35.23,36.84,35.01,36.35,21237930.0,834068250.0,176945122068.80002
2024-02-22,002352,36.57,36.57,36.03,36.33,9573273.0,375928160.0,176847765743.03998
2024-02-23,002352,36.33,36.74,36.1,36.35,11407294.0,449367374.0,176945122068.80002
2024-02-26,002352,36.67,36.93,36.2,36.2,9773526.0,385694471.0,176214949625.6
2024-02-27,002352,36.2,36.37,35.53,35.85,16726386.0,647217303.0,174511213924.80002
2024-02-28,002352,35.86,35.89,35.11,35.11,19057857.0,730868102.0,170909029871.68
2024-02-29,002352,35.09,35.43,34.95,35.43,17215143.0,656450439.0,172466731083.84
2024-03-01,002352,35.46,35.52,35.01,35.15,16337869.0,622031218.0,171103742523.19998
2024-03-04,002352,35.31,35.45,34.97,35.0,14547980.0,552690377.0,170373570080.0
2024-03-05,002352,34.84,35.18,34.63,35.11,16572821.0,624918820.0,170909029871.68
2024-03-06,002352,34.92,35.06,34.63,34.74,11804920.0,445017259.0,169107937845.12
2024-03-07,002352,34.83,35.33,34.19,34.38,14077905.0,528486471.0,167355523981.44
2024-03-08,002352,34.39,34.69,34.04,34.5,12237588.0,454971063.0,167939661936.0
2024-03-11,002352,34.5,35.24,34.37,35.17,16606649.0,628275221.0,171201098848.96002
2024-03-12,002352,35.24,36.28,35.03,36.22,23218818.0,898648650.0,176312305951.36
2024-03-13,002352,36.19,36.44,35.6,35.98,13800270.0,537788813.0,175144030042.24
2024-03-14,002352,35.84,36.58,35.6,35.74,11671611.0,455254301.0,173975754133.12
2024-03-15,002352,35.73,36.0,35.41,36.0,9428369.0,364707197.0,175241386368.0
2024-03-18,002352,36.1,36.19,35.66,35.97,12388016.0,481359865.0,175095351879.36
2024-03-19,002352,35.76,35.89,35.57,35.58,8915359.0,344252364.0,173196903527.03998
2024-03-20,002352,35.58,36.44,35.49,36.24,14908653.0,581732212.0,176409662277.12
2024-03-21,002352,36.18,36.31,35.71,35.82,9021257.0,350791727.0,174365179436.16
2024-03-22,002352,35.74,35.75,34.93,35.14,11903656.0,454042157.0,171055064360.32
2024-03-25,002352,35.48,35.53,34.86,34.89,9748954.0,370117952.0,169838110288.32
2024-03-26,002352,35.21,35.32,34.81,35.05,9955463.0,376929253.0,170616960894.4
2024-03-27,002352,35.29,35.3,32.61,33.61,52748693.0,1905469807.0,163607305439.68
2024-03-28,002352,33.36,33.89,33.05,33.57,25112256.0,913416314.0,163412592788.16
2024-03-29,002352,33.61,33.66,32.69,33.63,21025081.0,754949076.0,163704661765.44
2024-04-01,002352,33.63,34.4,33.39,33.74,24949570.0,914665003.0,164240121557.12
2024-04-02,002352,33.74,33.77,32.98,33.04,26123949.0,937020302.0,160832650155.52
2024-04-03,002352,32.98,32.98,32.53,32.65,18115661.0,641013664.0,158934201803.19998
2024-04-08,002352,32.67,32.69,32.04,32.19,18973366.0,661359320.0,156695006310.72
2024-04-09,002352,32.16,32.36,31.85,32.2,14140601.0,490612909.0,156743684473.6
2024-04-10,002352,32.21,32.24,31.55,31.81,17542237.0,602845660.0,154845236121.28
2024-04-11,002352,31.47,31.83,31.35,31.53,15610889.0,533528103.0,153482247560.64
2024-04-12,002352,31.54,31.87,31.25,31.68,16902959.0,577431992.0,154212420003.84
2024-04-15,002352,31.43,32.32,31.42,32.19,20938760.0,725649166.0,156695006310.72
2024-04-16,002352,31.87,32.07,31.56,31.57,16841680.0,579054110.0,153676960212.16
2024-04-17,002352,31.58,32.21,31.58,32.2,20848483.0,721374262.0,156743684473.6
2024-04-18,002352,32.08,32.52,31.8,32.24,20722418.0,722772877.0,156938397125.12
2024-04-19,002352,32.1,32.26,31.74,31.78,20122478.0,694980735.0,154699201632.64
2024-04-22,002352,31.86,33.24,31.81,32.9,30451835.0,1080068812.0,160151155875.19998
2024-04-23,002352,32.93,32.96,32.47,32.69,13810608.0,488429971.0,159128914454.72
2024-04-24,002352,32.76,32.85,32.24,32.42,15563082.0,545488625.0,157814604056.96002
2024-04-25,002352,32.44,33.48,32.29,33.34,26005217.0,931895175.0,162292995041.92
2024-04-26,002352,33.18,33.61,33.12,33.57,27447495.0,992898475.0,163412592788.16
2024-04-29,002352,33.56,34.32,33.31,33.65,27489842.0,1006907076.0,163802018091.19998
2024-04-30,002352,34.05,34.15,33.27,33.49,24172816.0,878481414.0,163023167485.12
2024-05-06,002352,34.27,34.63,34.02,34.31,31034459.0,1152396118.0,167014776841.28
2024-05-07,002352,34.37,34.59,34.02,34.47,22543114.0,839124335.0,167793627447.36
2024-05-08,002352,34.42,34.46,33.9,34.06,15523385.0,574045701.0,165797822769.28
2024-05-09,002352,34.14,34.9,33.98,34.78,22416842.0,839267138.0,169302650496.64
2024-05-10,002352,34.79,34.98,34.62,34.87,12512748.0,471597487.0,169740753962.56
2024-05-13,002352,34.87,34.87,34.24,34.46,18866095.0,704345240.0,167744949284.48
2024-05-14,002352,34.73,35.27,34.28,34.97,23201957.0,861606359.0,170227535591.36
2024-05-15,002352,34.97,35.05,34.32,34.41,13491225.0,497550426.0,167501558470.08
2024-05-16,002352,34.53,34.59,34.12,34.15,16383496.0,598965750.0,166235926235.19998
2024-05-17,002352,34.21,35.67,34.15,35.63,35565671.0,1337505130.0,173440294341.44
2024-05-20,002352,35.76,36.5,35.47,35.94,24689850.0,943793353.0,174949317390.72
2024-05-21,002352,35.68,36.82,35.63,36.67,29837500.0,1162009120.0,178502823280.96002
2024-05-22,002352,36.66,36.67,36.14,36.16,15568181.0,602812063.0,176020236974.08
2024-05-23,002352,36.19,36.36,35.75,36.16,15592690.0,599129516.0,176020236974.08
2024-05-24,002352,35.98,36.06,35.58,35.65,15699966.0,598498598.0,173537650667.19998
2024-05-27,002352,35.8,36.14,35.48,35.67,15714555.0,599651697.0,173635006992.96002
2024-05-28,002352,35.44,35.65,35.18,35.33,11073529.0,417813305.0,171979949455.03998
2024-05-29,002352,35.29,35.66,35.12,35.25,9627278.0,362592032.0,171590524152.0
2024-05-30,002352,35.38,35.38,34.51,34.68,16010714.0,591695828.0,168815868867.84
2024-05-31,002352,34.81,35.0,34.52,34.59,13886600.0,513381490.0,168377765401.92
2024-06-03,002352,34.68,35.03,34.28,34.97,15020813.0,555896030.0,170227535591.36
2024-06-04,002352,34.98,35.44,34.73,35.31,12207386.0,457049233.0,171882593129.28
2024-06-05,002352,35.29,35.61,35.18,35.4,9726578.0,367066272.0,172320696595.19998
2024-06-06,002352,35.4,35.74,34.91,35.04,15107264.0,567035430.0,170568282731.52
2024-06-07,002352,35.44,35.86,34.93,35.54,18285315.0,692494409.0,173002190875.52
2024-06-11,002352,35.54,35.56,34.5,34.82,13281359.0,493436326.0,169497363148.16
2024-06-12,002352,34.73,35.28,34.73,35.01,8037400.0,299870114.0,170422248242.88
2024-06-13,002352,35.01,35.17,34.04,34.26,12729765.0,466246095.0,166771386026.88
2024-06-14,002352,34.12,34.57,34.0,34.44,15452600.0,564288516.0,167647592958.72
2024-06-17,002352,34.17,34.44,33.97,34.3,11688537.0,425737768.0,166966098678.4
2024-06-18,002352,34.26,34.56,33.87,33.91,12149467.0,441197866.0,165067650326.08
2024-06-19,002352,33.98,34.22,33.79,34.15,8686014.0,314867430.0,166235926235.19998
2024-06-20,002352,34.1,34.68,33.84,33.88,10228878.0,372590007.0,162235231573.80002
2024-06-21,002352,33.72,34.12,33.21,33.7,13920671.0,497643492.0,161373297049.5
2024-06-24,002352,33.91,33.91,33.12,33.14,11616131.0,412640655.0,158691722973.9
2024-06-25,002352,33.43,33.77,33.18,33.34,14834777.0,529006521.0,159649428000.90002
2024-06-26,002352,33.29,33.63,32.97,33.56,8849049.0,314772366.0,160702903530.6
2024-06-27,002352,33.6,33.83,33.06,33.06,8784267.0,311099067.0,158308640963.1
2024-06-28,002352,33.06,33.77,32.94,33.5,9687845.0,345941394.0,160415592022.5
2024-07-01,002352,33.21,33.5,32.4,33.14,11406125.0,398649572.0,158690712203.9
2024-07-02,002352,32.99,33.15,32.67,32.76,7844100.0,274621839.0,156871084242.59998
2024-07-03,002352,32.77,32.9,32.3,32.31,10085891.0,348154829.0,154716261656.85
2024-07-04,002352,32.44,32.75,32.22,32.31,8909626.0,307445636.0,154716261656.85
2024-07-05,002352,32.31,32.54,31.85,32.31,12658402.0,433657363.0,154716261656.85
2024-07-08,002352,32.18,32.41,32.01,32.31,8620900.0,296217190.0,154716261656.85
2024-07-09,002352,32.36,32.59,31.88,32.53,11355047.0,390274549.0,155769730476.55002
2024-07-10,002352,32.44,33.03,32.38,32.71,12803805.0,447054978.0,156631659510.85
2024-07-11,002352,33.14,33.31,32.74,32.95,9285423.0,327032305.0,157780898223.25
2024-07-12,002352,33.1,33.13,32.43,32.89,10023775.0,350566369.0,157493588545.15
2024-07-15,002352,32.88,33.17,32.53,32.57,8663171.0,302862088.0,155961270261.95
2024-07-16,002352,32.41,32.73,32.21,32.59,8654450.0,300360506.0,156057040154.65002
2024-07-17,002352,32.58,33.56,32.43,33.43,18135647.0,640735943.0,160079375648.05
2024-07-18,002352,33.43,33.88,33.2,33.76,12976550.0,464762543.0,161659578877.59998
2024-07-19,002352,33.72,34.13,33.53,34.06,11311257.0,408398562.0,163096127268.1
2024-07-22,002352,34.09,34.26,33.82,34.08,10447558.0,378894521.0,163191897160.8
2024-07-23,002352,34.22,34.38,33.42,33.46,9578503.0,346114741.0,160223030487.1
2024-07-24,002352,33.46,33.63,32.95,33.11,8481105.0,300365868.0,158547057364.85
2024-07-25,002352,32.9,33.29,32.86,33.11,7586348.0,267126551.0,158547057364.85
2024-07-26,002352,33.11,33.28,32.74,32.82,9098770.0,318894398.0,157158393920.7
2024-07-29,002352,32.85,32.94,32.1,32.15,9918286.0,341938026.0,153950102515.25
2024-07-30,002352,32.1,32.1,31.41,31.7,12226841.0,412433143.0,151795279929.5
2024-07-31,002352,31.71,33.16,31.66,32.9,16477798.0,573355370.0,157541473491.5
2024-08-01,002352,32.85,32.88,32.46,32.53,8477583.0,294724989.0,155769730476.55002
2024-08-02,002352,32.41,32.71,32.26,32.3,5733282.0,198330150.0,154668376710.5
2024-08-05,002352,32.37,32.93,32.17,32.31,10288978.0,355523594.0,154716261656.85
2024-08-06,002352,32.61,32.72,32.24,32.38,7871250.0,271833104.0,155051456281.30002
2024-08-07,002352,32.38,32.76,32.25,32.53,6712012.0,232490492.0,155769730476.55002
2024-08-08,002352,32.53,33.37,32.43,33.08,10127313.0,355858894.0,158403402525.8
2024-08-09,002352,33.09,33.3,32.77,32.77,4667514.0,163923174.0,156918969188.95
2024-08-12,002352,32.67,32.81,32.39,32.4,4519205.0,156728460.0,155147226174.0
2024-08-13,002352,32.45,32.48,31.79,32.01,7790147.0,265640902.0,153279713266.34998
2024-08-14,002352,31.99,32.0,31.5,31.68,6268100.0,211651526.0,151699510036.8
2024-08-15,002352,31.69,32.29,31.59,32.26,7807322.0,266845512.0,154476836925.09998
2024-08-16,002352,32.2,32.55,32.13,32.51,6438903.0,222346589.0,155673960583.84998
2024-08-19,002352,32.42,33.09,32.19,32.23,5921517.0,205720591.0,154333182086.05
2024-08-20,002352,32.24,32.38,31.93,32.1,5366805.0,183472274.0,153710677783.5
2024-08-21,002352,32.01,32.43,31.97,32.18,4356807.0,149682031.0,154093757354.3
2024-08-22,002352,32.2,32.35,31.83,31.98,6100450.0,208082073.0,153136058427.3
2024-08-23,002352,31.98,32.48,31.91,32.45,6800386.0,233989384.0,155386650905.75
2024-08-26,002352,32.38,32.6,32.14,32.38,5520237.0,190075279.0,155051456281.30002
2024-08-27,002352,32.38,32.41,31.63,31.91,7862698.0,267391873.0,152800863802.85
2024-08-28,002352,31.8,31.92,30.94,31.19,12545891.0,417008455.0,149353147665.65
2024-08-29,002352,31.91,33.5,31.65,33.45,31677233.0,1111614568.0,160175145540.75
2024-08-30,002352,33.44,34.68,33.28,34.12,25414652.0,921822725.0,163383436946.19998
2024-09-02,002352,33.88,34.36,33.87,34.03,14503990.0,527966231.0,162952472429.05002
2024-09-03,002352,33.96,34.99,33.91,34.93,17036458.0,630496133.0,167262117600.55
2024-09-04,002352,34.95,35.32,34.5,34.73,18931996.0,701281300.0,166304418673.55
2024-09-05,002352,34.74,34.82,34.17,34.43,13305980.0,487134988.0,164867870283.05
2024-09-06,002352,34.43,34.82,34.06,34.1,8815288.0,321820666.0,163287667053.5
2024-09-09,002352,34.16,34.46,33.79,33.93,9776108.0,355123989.0,162473622965.55
2024-09-10,002352,33.95,34.1,33.7,34.01,7243402.0,261500747.0,162856702536.34998
2024-09-11,002352,33.96,34.45,33.79,34.23,7156619.0,261321729.0,163910171356.05
2024-09-12,002352,34.23,34.5,33.9,34.06,8432501.0,306862088.0,163096127268.1
2024-09-13,002352,34.06,34.19,33.81,33.91,8478950.0,307118004.0,162377853072.84998
2024-09-18,002352,33.9,34.35,33.6,34.35,8732472.0,316336310.0,164484790712.25
2024-09-19,002352,34.48,35.12,34.13,34.66,15181863.0,561693109.0,165969224049.09998
2024-09-20,002352,34.65,35.66,34.46,35.26,22236378.0,834230104.0,168842320830.09998
2024-09-23,002352,35.23,35.86,35.07,35.26,12632650.0,476509537.0,168842320830.09998
2024-09-24,002352,35.76,35.9,35.2,35.9,20985959.0,796421062.0,171906957396.5
2024-09-25,002352,36.51,36.84,36.11,36.19,19982705.0,776839000.0,173295620840.65
2024-09-26,002352,36.05,38.08,36.05,38.07,30128449.0,1195698357.0,182297990754.45
2024-09-27,002352,38.83,40.8,38.66,40.06,54516981.0,2310567356.0,191827095078.1
2024-09-30,002352,41.15,42.77,40.83,42.22,86042613.0,3827315591.0,202170243489.69998
2024-10-08,002352,46.35,46.35,40.98,41.91,141784648.0,6481488668.0,200685810152.84998
2024-10-09,002352,41.2,41.2,38.49,38.53,71399304.0,3012111849.0,184500698286.55002
2024-10-10,002352,38.96,39.95,38.58,39.1,48460769.0,2031458615.0,187230140228.5
2024-10-11,002352,39.89,40.25,38.75,39.17,42052565.0,1773806666.0,187565334852.95
2024-10-14,002352,39.49,41.28,39.49,40.81,51296033.0,2213467395.0,195418466054.35
2024-10-15,002352,40.81,40.81,39.86,39.88,35727463.0,1528045582.0,190965166043.80002
2024-10-16,002352,39.42,40.13,39.14,39.76,22687549.0,957978327.0,190390546687.59998
2024-10-17,002352,39.8,40.41,39.38,39.39,20098005.0,852559718.0,188618803672.65
2024-10-18,002352,39.5,40.46,39.14,39.91,31790129.0,1347492152.0,191108820882.84998
2024-10-21,002352,39.92,40.11,39.31,39.71,37098605.0,1565917967.0,190151121955.85
2024-10-22,002352,39.69,40.78,39.42,40.73,31194808.0,1335205575.0,195035386483.55
2024-10-23,002352,40.73,41.4,40.49,40.65,31415643.0,1367311776.0,194652306912.75
2024-10-24,002352,40.41,40.91,40.3,40.5,15838792.0,684656833.0,193934032717.5
2024-10-25,002352,40.51,41.35,40.5,40.74,23504663.0,1024503284.0,195083271429.90002
2024-10-28,002352,40.82,40.82,39.99,40.53,24251061.0,1041164694.0,194077687556.55002
2024-10-29,002352,40.53,40.71,40.18,40.41,21032438.0,905688429.0,193514211783.18
2024-10-30,002352,41.58,42.23,41.01,41.5,49328970.0,2187617854.0,198733971517.0
2024-10-31,002352,41.58,42.19,40.74,41.92,32359653.0,1431206901.0,200745255084.16
2024-11-01,002352,41.77,42.8,41.74,42.55,36841410.0,1664542119.0,203762180434.9
2024-11-04,002352,42.58,43.46,42.24,43.15,29752917.0,1363756879.0,206635442673.69998
2024-11-05,002352,43.09,43.44,42.8,43.26,32249166.0,1484587495.0,207162207417.47998
2024-11-06,002352,43.35,43.35,42.52,42.85,29926244.0,1366493917.0,205198811554.30002
2024-11-07,002352,42.6,43.34,42.35,43.32,33257547.0,1479502824.0,207449533641.36002
2024-11-08,002352,43.49,44.05,43.18,43.49,32313493.0,1452655741.0,208263624609.02002
2024-11-11,002352,43.07,43.15,42.05,42.98,29913759.0,1315860365.0,205821351706.03998
2024-11-12,002352,43.15,44.63,42.99,43.23,33867566.0,1531461720.0,207018544305.53998
2024-11-13,002352,43.07,43.73,42.64,43.61,22607160.0,1008329943.0,208838277056.78
2024-11-14,002352,43.3,43.38,42.51,42.6,21445354.0,952491131.0,204001618954.80002
2024-11-15,002352,42.36,42.6,41.51,41.56,25919148.0,1124923795.0,199021297740.88
2024-11-18,002352,41.56,41.91,40.91,40.98,19671771.0,842170007.0,196243810910.03998
2024-11-19,002352,40.96,41.61,40.48,40.98,23848629.0,1009590326.0,196243810910.03998
2024-11-20,002352,41.15,41.25,40.38,40.7,21063741.0,885781809.0,194902955198.6
2024-11-21,002352,40.87,40.92,40.28,40.77,18573730.0,778720138.0,195238169126.46002
2024-11-22,002352,40.78,41.05,39.8,39.85,20737960.0,865315910.0,190832500360.30002
2024-11-25,002352,40.38,40.96,40.08,40.67,27324717.0,1146437477.0,194757638851.16
2024-11-26,002352,40.68,41.32,40.18,40.73,20385084.0,855747630.0,195044962636.03998
2024-11-27,002352,40.33,40.72,39.73,40.53,23664862.0,985598239.0,194087216686.44
2024-11-28,002352,40.83,40.84,39.41,39.75,27467670.0,1130500919.0,190352007483.0
2024-11-29,002352,39.7,39.97,39.22,39.91,23481961.0,962111268.0,191118204242.68
2024-12-02,002352,39.68,40.25,39.32,39.88,27349540.0,1124609027.0,190974542350.24002
2024-12-03,002352,39.85,39.95,39.43,39.79,17417177.0,714178412.0,190543556672.91998
2024-12-04,002352,39.7,39.7,39.1,39.22,21526178.0,874751200.0,187813980716.56
2024-12-05,002352,39.03,39.18,38.82,38.94,12955398.0,521371770.0,186473136387.12
2024-12-06,002352,39.02,39.56,38.88,39.29,19799646.0,803275586.0,188149191798.91998
2024-12-09,002352,39.29,39.9,38.97,39.53,19787895.0,808077051.0,189298486938.44
2024-12-10,002352,40.84,41.33,39.94,40.03,32923748.0,1383890194.0,191692851812.44
2024-12-11,002352,40.03,40.32,39.64,39.74,16128042.0,664353695.0,190304120185.52002
2024-12-12,002352,39.79,40.89,39.56,40.84,28341490.0,1180615226.0,195571722908.32
2024-12-13,002352,40.38,40.81,40.07,40.22,27591083.0,1149082759.0,192602710464.56
2024-12-16,002352,40.16,40.19,38.73,38.92,24968714.0,1010244168.0,186377361792.16
2024-12-17,002352,38.73,39.17,38.58,39.11,13840045.0,556895798.0,187287220444.28
2024-12-18,002352,39.16,39.26,38.75,38.83,13254455.0,532739104.0,185946376114.84
2024-12-19,002352,38.61,39.91,38.26,39.91,16759569.0,675906582.0,191118204242.68
2024-12-20,002352,39.45,39.67,38.97,38.97,19051703.0,772512443.0,186616798279.56
2024-12-23,002352,38.92,39.97,38.92,39.36,23717521.0,969113456.0,188484402881.28
2024-12-24,002352,39.31,40.13,39.22,39.89,19417661.0,798268053.0,191022429647.72
2024-12-25,002352,39.87,39.9,39.2,39.41,16700717.0,681401934.0,188723839368.68
2024-12-26,002352,39.41,39.46,39.05,39.07,15108070.0,611291523.0,187095671254.36002
2024-12-27,002352,39.07,39.48,38.91,39.36,14282421.0,579662312.0,188484402881.28
2024-12-30,002352,39.32,40.43,39.22,39.57,24570671.0,1011480937.0,189490036128.36002
2024-12-31,002352,39.48,39.57,38.93,39.02,19460595.0,787667586.0,186857424876.96002
2025-01-02,002352,39.02,39.05,37.66,37.84,18964093.0,750209154.0,181206687784.32
2025-01-03,002352,37.84,38.67,37.63,38.2,20772247.0,822907271.0,182930641473.6
2025-01-06,002352,38.61,38.78,38.02,38.45,14633069.0,579651117.0,184127831535.6
2025-01-07,002352,38.37,39.0,38.1,38.96,16064032.0,641154346.0,186570099262.08002
2025-01-08,002352,38.82,38.86,38.07,38.61,13700094.0,544836282.0,184894033175.28
2025-01-09,002352,38.35,38.77,38.0,38.54,9315937.0,370857813.0,184558819957.91998
2025-01-10,002352,38.54,38.67,37.95,37.95,12682700.0,500169960.0,181733451411.6
2025-01-13,002352,37.57,38.15,37.52,38.14,12393725.0,485091612.0,182643315858.72
2025-01-14,002352,38.2,39.27,38.0,39.21,18189131.0,731458331.0,187767289324.08002
2025-01-15,002352,39.24,39.58,38.92,39.31,13497365.0,547864689.0,188246165348.88
2025-01-16,002352,39.43,39.52,38.14,38.16,19831696.0,791293997.0,182739091063.68
2025-01-17,002352,38.12,38.63,37.81,38.45,10891669.0,431102618.0,184127831535.6
2025-01-20,002352,38.71,38.96,38.25,38.27,14293743.0,569402679.0,183265854690.96002
2025-01-21,002352,38.34,38.54,37.75,37.82,16027804.0,629711217.0,181110912579.36002
2025-01-22,002352,37.77,37.82,37.31,37.72,15278415.0,592993812.0,180632036554.56
2025-01-23,002352,37.97,38.27,37.4,37.42,19039495.0,742183635.0,179195408480.16
2025-01-24,002352,37.52,37.67,37.21,37.31,20118761.0,777007854.0,178668644852.88
2025-01-27,002352,37.42,38.39,37.36,38.06,24497414.0,965159753.0,182260215038.88
2025-02-05,002352,38.1,38.13,37.71,38.06,15778661.0,618199500.0,182260215038.88
2025-02-06,002352,37.86,38.91,37.86,38.88,18939343.0,756636269.0,186186998442.24002
2025-02-07,002352,38.86,39.46,38.62,39.21,20058101.0,811214990.0,187767289324.08002
2025-02-10,002352,39.12,39.39,38.85,39.19,16317614.0,660175892.0,187671514119.12
2025-02-11,002352,39.19,39.39,38.9,39.14,14914831.0,603293724.0,187432076106.72
2025-02-12,002352,39.19,39.28,38.6,38.85,15721046.0,630409463.0,186043335634.80002
2025-02-13,002352,39.04,39.27,38.82,39.03,15684927.0,632260296.0,186905312479.44
2025-02-14,002352,39.07,39.39,38.92,39.29,16769888.0,679032729.0,188150390143.91998
2025-02-17,002352,39.48,39.6,38.86,39.05,15855900.0,639153630.0,187001087684.4
2025-02-18,002352,39.06,39.17,38.49,39.12,24207881.0,971905107.0,187336300901.75998
2025-02-19,002352,38.89,40.32,38.83,39.94,45372472.0,1867186935.0,191263084305.12
2025-02-20,002352,39.99,41.63,39.97,40.73,36552017.0,1543918348.0,195046204901.03998
2025-02-21,002352,40.77,41.47,40.68,40.86,32597116.0,1382842538.0,195668743733.28
2025-02-24,002352,40.81,41.19,40.13,40.22,24849731.0,1042985486.0,192603937174.56
2025-02-25,002352,39.99,40.04,39.53,39.59,18203685.0,747003784.0,189587018218.32
2025-02-26,002352,39.7,39.85,39.23,39.45,20022993.0,816476343.0,188916591783.6
2025-02-27,002352,39.5,40.54,39.24,40.33,35059082.0,1453172874.0,193130700801.84
2025-02-28,002352,40.36,40.95,40.22,40.4,33791261.0,1416497798.0,193498705446.8
2025-03-03,002352,40.4,41.32,40.39,40.78,26451164.0,1117759771.0,195318742775.26
2025-03-04,002352,40.67,40.94,40.28,40.49,15223442.0,637514865.0,193929766919.33002
2025-03-05,002352,40.55,41.15,40.33,40.86,21820338.0,921390105.0,195701908528.62
2025-03-06,002352,41.06,41.36,40.69,41.02,23900633.0,1011249154.0,196468240035.34003
2025-03-07,002352,40.91,41.23,40.63,40.8,15033058.0,635941974.0,195414534213.59998
2025-03-10,002352,40.8,41.1,40.3,40.81,19113722.0,805012382.0,195462429932.77002
2025-03-11,002352,40.66,41.09,40.48,40.99,21633410.0,912808630.0,196324552877.83002
2025-03-12,002352,40.99,41.82,40.53,41.67,33051902.0,1411127852.0,199581461781.39
2025-03-13,002352,41.44,42.26,41.35,42.26,34441669.0,1494199013.0,202407309212.41998
2025-03-14,002352,42.41,42.8,41.96,42.7,35679647.0,1570318400.0,204514720855.90002
2025-03-17,002352,42.99,43.04,42.12,42.27,21064999.0,924506529.0,202455204931.59003
2025-03-18,002352,42.27,42.38,42.06,42.12,14009897.0,610114623.0,201736769144.03998
2025-03-19,002352,42.06,42.27,41.88,42.12,12744324.0,554499445.0,201736769144.03998
2025-03-20,002352,42.02,42.06,41.56,41.67,13782547.0,595163243.0,199581461781.39
2025-03-21,002352,41.63,42.1,41.16,41.37,15627797.0,670942226.0,198144590206.28998
2025-03-24,002352,41.3,41.84,40.99,41.17,14565650.0,621123818.0,197186675822.89
2025-03-25,002352,41.28,41.39,40.79,40.96,10793857.0,456473022.0,196180865720.32
2025-03-26,002352,40.9,41.11,40.59,40.84,12099490.0,510615046.0,195606117090.28003
2025-03-27,002352,40.74,41.11,40.69,40.99,9038072.0,382292205.0,196324552877.83002
2025-03-28,002352,40.88,40.99,40.47,40.71,10455661.0,439402381.0,194983472741.07
2025-03-31,002352,40.89,42.54,40.81,41.75,33797276.0,1464472210.0,199990408410.25
2025-04-01,002352,41.75,42.65,41.54,42.37,20944019.0,913065541.0,202960325852.50998
2025-04-02,002352,42.28,42.65,41.82,41.94,15371526.0,669678863.0,200900544400.62
2025-04-03,002352,41.25,42.15,41.23,42.04,17763115.0,767560069.0,201379563342.91998
2025-04-07,002352,40.14,40.62,38.03,38.8,46120600.0,1880020212.0,185859349612.4
2025-04-08,002352,39.21,40.13,39.09,39.89,31453948.0,1283528664.0,191080656083.47
2025-04-09,002352,39.54,39.99,39.18,39.56,26111023.0,1066300501.0,189499893573.88
2025-04-10,002352,40.08,41.3,39.75,40.96,29563371.0,1247046797.0,196206158766.08002
2025-04-11,002352,40.76,40.81,40.32,40.55,15589516.0,653260673.0,194242181102.65
2025-04-14,002352,40.65,41.43,40.49,41.29,17832356.0,757944432.0,197786921275.66998
2025-04-15,002352,41.2,41.36,40.72,40.89,13823593.0,585579106.0,195870845506.47
2025-04-16,002352,40.67,41.05,40.34,40.93,16661597.0,699559526.0,196062453083.38998
2025-04-17,002352,40.67,41.16,40.39,41.02,11605900.0,489222351.0,196493570131.46002
2025-04-18,002352,41.02,41.97,40.91,41.7,17911841.0,772064757.0,199750898939.1
2025-04-21,002352,41.7,41.71,41.33,41.48,9728857.0,416853910.0,198697057266.03998
2025-04-22,002352,41.48,42.28,41.46,42.02,17622110.0,764748809.0,201283759554.46002
2025-04-23,002352,42.03,42.21,41.76,41.84,11016093.0,477198913.0,200421525458.32
2025-04-24,002352,41.75,42.26,41.64,42.02,11073171.0,480835099.0,201283759554.46002
2025-04-25,002352,42.0,42.27,41.88,41.98,9292240.0,404022308.0,201092151977.53998
2025-04-28,002352,41.93,42.26,41.78,41.85,9310132.0,403863494.0,200469427352.55002
2025-04-29,002352,41.74,42.17,40.72,41.98,15617888.0,671093913.0,201112755467.68
2025-04-30,002352,41.95,42.85,41.65,42.14,16685432.0,728581165.0,201879264302.24
2025-05-06,002352,42.31,42.59,41.73,42.41,21685451.0,947308093.0,203172747960.56
2025-05-07,002352,42.72,42.85,42.32,42.54,13684122.0,602127379.0,203795536388.63998
2025-05-08,002352,42.41,42.7,42.14,42.15,12311623.0,538654492.0,201927171104.4
2025-05-09,002352,42.15,42.36,42.07,42.28,11203402.0,488585296.0,202549959532.48
2025-05-12,002352,42.6,42.66,41.7,41.78,15428050.0,667396336.0,200154619424.48
2025-05-13,002352,42.07,42.18,41.79,41.99,10440499.0,452710169.0,201160662269.84
2025-05-14,002352,42.02,42.74,41.65,42.59,16721090.0,730820489.0,204035070399.44
2025-05-15,002352,42.51,42.78,42.37,42.39,13827325.0,608014701.0,203076934356.24
2025-05-16,002352,42.29,42.57,41.75,41.78,8918053.0,386150365.0,200154619424.48
2025-05-19,002352,41.8,41.95,41.42,41.63,9960608.0,428310669.0,199436017392.08002
2025-05-20,002352,41.59,44.63,41.55,44.39,50039866.0,2259018421.0,212658294788.24
2025-05-21,002352,44.69,45.22,44.15,45.02,27442616.0,1267338556.0,215676423324.32
2025-05-22,002352,44.9,45.2,44.39,44.78,16170325.0,748338357.0,214526660072.48
2025-05-23,002352,44.73,45.08,44.06,44.18,14567009.0,669084388.0,211652251942.88
2025-05-26,002352,44.17,44.58,43.52,44.17,20307117.0,922733845.0,211604345140.72
2025-05-27,002352,43.96,44.63,43.77,43.93,13742175.0,625489485.0,210454581888.88
2025-05-28,002352,43.92,45.7,43.92,45.2,21205425.0,987987129.0,216538745763.2
2025-05-29,002352,45.12,45.39,44.78,45.04,15116543.0,703962235.0,215772236928.63998
2025-05-30,002352,44.88,45.7,44.68,44.68,22482056.0,1050416983.0,214253122999.76
2025-06-03,002352,44.44,46.54,44.39,46.4,40038176.0,1904450523.0,222501005084.8
2025-06-04,002352,46.28,46.65,45.65,45.75,19837664.0,940524232.0,219384072901.5
2025-06-05,002352,45.77,46.67,45.77,45.88,17605696.0,838792686.0,220007459338.16
2025-06-06,002352,45.99,46.14,45.32,45.41,13160700.0,619179963.0,217753677605.62
2025-06-09,002352,45.48,45.73,44.99,45.29,14808415.0,692915054.0,217178243971.78
2025-06-10,002352,45.28,45.66,44.77,44.97,13156122.0,614093925.0,215643754281.54
2025-06-11,002352,45.12,46.07,44.98,45.41,18356724.0,865063015.0,217753677605.62
2025-06-12,002352,45.29,47.43,45.19,47.23,32524392.0,1566253939.0,226481087718.86
2025-06-13,002352,46.86,47.73,46.67,47.43,23076528.0,1125501274.0,227440143775.26
2025-06-16,002352,47.4,48.58,47.02,48.22,27052679.0,1342865400.0,231228415198.04
2025-06-17,002352,48.51,48.61,48.03,48.1,19556942.0,974445345.0,230652981564.2
2025-06-18,002352,48.31,48.9,47.93,48.56,18519905.0,926243525.0,232858810493.92
2025-06-19,002352,48.41,48.51,47.42,47.6,20056380.0,990766970.0,228255341423.2
2025-06-20,002352,47.87,49.51,47.87,49.04,30604857.0,1551994904.0,235160545029.28
2025-06-23,002352,48.65,48.97,47.89,48.32,20412936.0,1017571938.0,231707943226.24
2025-06-24,002352,48.61,49.33,48.38,49.09,18955109.0,959291983.0,235400309043.38
2025-06-25,002352,49.09,49.09,48.12,48.69,19992815.0,1000278877.0,233482196930.58
2025-06-26,002352,47.25,48.07,45.99,47.59,38455479.0,1876546170.0,228207388620.38
2025-06-27,002352,47.42,47.66,47.05,47.14,17798529.0,869603236.0,226049512493.48
2025-06-30,002352,47.15,47.65,47.06,47.21,14793169.0,722692803.0,226385182113.22
2025-07-01,002352,47.22,48.08,47.19,47.64,13050680.0,642803154.0,228447152634.48
2025-07-02,002352,47.88,47.89,46.67,46.74,16169397.0,784315694.0,224131400380.68002
2025-07-03,002352,46.71,46.73,45.69,45.94,26167729.0,1242159787.0,220295176155.08
2025-07-04,002352,45.99,46.73,45.84,46.39,17362313.0,832016399.0,222453052281.98
2025-07-07,002352,46.47,46.66,46.12,46.24,8754954.0,419316724.0,221733760239.68002
2025-07-08,002352,46.25,46.36,45.68,46.21,17626529.0,838351937.0,221589901831.22
2025-07-09,002352,46.19,46.62,46.0,46.16,12288403.0,587219734.0,221350137817.12
2025-07-10,002352,46.22,47.43,46.2,46.62,27464645.0,1326652852.0,223555966746.84
2025-07-11,002352,46.73,47.06,45.75,45.85,24148957.0,1151896758.0,219863600929.7
2025-07-14,002352,45.62,46.25,45.62,45.97,14430102.0,684631600.0,220439034563.54
2025-07-15,002352,46.07,46.12,45.3,45.47,17725544.0,833904365.0,218041394422.54
2025-07-16,002352,45.48,45.68,45.13,45.55,13591583.0,637313991.0,218425016845.09998
2025-07-17,002352,45.58,45.85,45.24,45.31,19147669.0,891745094.0,217274149577.42
2025-07-18,002352,45.32,46.78,45.3,46.63,24570655.0,1163141147.0,223603919549.66
2025-07-21,002352,46.67,47.19,46.36,46.52,14363522.0,685249622.0,223076438718.64
2025-07-22,002352,46.47,46.72,45.88,46.68,17647988.0,835916909.0,223843683563.76
2025-07-23,002352,46.77,46.88,45.94,46.55,19890032.0,945381609.0,223220297127.09998
2025-07-24,002352,46.52,46.99,46.36,46.74,15578941.0,744132005.0,224131400380.68002
2025-07-25,002352,46.74,47.76,46.23,46.86,22314130.0,1074204058.0,224706834014.52
2025-07-28,002352,46.91,47.13,46.29,46.5,14110999.0,673272350.0,222980533113.0
2025-07-29,002352,46.35,46.56,45.89,46.41,16038986.0,757940193.0,222548957887.62
2025-07-30,002352,46.58,47.44,46.42,46.6,22037502.0,1058804120.0,223460061141.2
2025-07-31,002352,46.29,46.58,44.86,44.96,25678684.0,1193297310.0,215595801478.72
2025-08-01,002352,45.09,45.92,44.76,45.12,21879886.0,1017536744.0,216363046323.84
2025-08-04,002352,45.12,45.44,44.97,45.39,12199230.0,564759955.0,217657771999.98
2025-08-05,002352,45.39,45.62,45.2,45.54,11353667.0,528075669.0,218377064042.28
2025-08-06,002352,45.56,45.62,45.17,45.37,12087000.0,560592831.0,217561866394.34
2025-08-07,002352,45.49,46.25,45.38,46.05,20166567.0,948719325.0,219751057000.19998
2025-08-08,002352,46.0,46.75,45.81,46.5,18370893.0,872466115.0,221898461466.0
2025-08-11,002352,46.42,46.5,45.75,46.03,16216942.0,763088018.0,219655616801.72
2025-08-12,002352,46.01,46.13,45.63,45.82,12775951.0,599718795.0,218653494717.68
2025-08-13,002352,45.89,46.03,45.36,45.74,19535425.0,912217989.0,218271733923.76
2025-08-14,002352,45.74,46.12,45.59,45.64,14933023.0,700495943.0,217794532931.36002
2025-08-15,002352,45.54,45.63,45.21,45.46,19712759.0,915748419.0,216935571145.04
2025-08-18,002352,45.5,46.02,44.86,45.72,27165187.0,1267463837.0,218176293725.28
2025-08-19,002352,45.68,46.19,45.33,45.57,25068301.0,1172131808.0,217460492236.68
2025-08-20,002352,45.54,47.03,45.21,46.91,33586566.0,1598311694.0,223854985534.84
2025-08-21,002352,46.91,47.45,46.53,47.1,21461724.0,1034058896.0,224761667420.4
2025-08-22,002352,47.1,47.3,46.6,46.83,21185264.0,1015469379.0,223473224740.91998
2025-08-25,002352,47.12,47.5,46.71,47.25,21809703.0,1049969992.0,225477468909.0
2025-08-26,002352,47.21,48.48,47.09,47.85,30453595.0,1490104365.0,228340674863.4
2025-08-27,002352,47.82,47.91,46.74,46.82,24023404.0,1163719725.0,223425504641.68
2025-08-28,002352,46.7,47.32,46.43,47.3,19502584.0,936492850.0,225716069405.19998
2025-08-29,002352,46.83,46.83,42.89,43.56,166895272.0,7564085359.0,207868752289.44
2025-09-01,002352,43.56,43.57,41.7,41.83,141435987.0,6114611719.0,199613175120.91998
2025-09-02,002352,41.83,41.95,40.74,40.87,79509012.0,3348933079.0,195032045593.87997
2025-09-03,002352,41.08,41.36,40.76,41.08,60981436.0,2563628215.0,196034167677.91998
2025-09-04,002352,41.21,41.28,40.65,40.78,54830802.0,2296338255.0,194602564700.72
2025-09-05,002352,40.83,41.12,40.53,41.07,45423026.0,1897784707.0,195986447578.68
2025-09-08,002352,41.07,41.76,40.91,41.62,57425338.0,2434930922.0,198611053036.87997
2025-09-09,002352,41.63,41.64,41.05,41.13,39297960.0,1657599611.0,196272768174.12003
2025-09-10,002352,41.14,41.22,40.93,41.13,26725036.0,1122813021.0,196272768174.12003
2025-09-11,002352,40.89,41.01,40.64,40.99,47685665.0,1990782340.0,195604686784.76
2025-09-12,002352,40.99,41.03,40.66,40.78,37666755.0,1572376655.0,194602564700.72
2025-09-15,002352,40.78,40.94,40.6,40.72,33068624.0,1378280855.0,194316244105.28
2025-09-16,002352,40.82,40.97,40.63,40.71,31415759.0,1296419133.0,194268524006.04
2025-09-17,002352,40.71,40.82,40.38,40.59,38780466.0,1591603909.0,193695882815.16
2025-09-18,002352,40.42,40.59,39.95,40.05,38143920.0,1555094760.0,191118997456.19998
2025-09-19,002352,40.06,40.81,40.05,40.6,39848132.0,1634592707.0,193743602914.4
2025-09-22,002352,40.4,40.5,39.7,39.85,39299727.0,1588499683.0,190164595471.4
2025-09-23,002352,39.71,39.9,39.24,39.59,38801915.0,1550985624.0,188923872891.16
2025-09-24,002352,39.59,40.1,39.43,39.92,32224801.0,1295046345.0,190498692054.08002
2025-09-25,002352,39.87,39.91,39.52,39.61,29613103.0,1187939209.0,189019368543.63998
2025-09-26,002352,39.53,39.65,39.12,39.6,38139089.0,1519179760.0,188971766240.4
2025-09-29,002352,39.52,39.7,39.17,39.52,30711747.0,1223433806.0,188590177996.48
2025-09-30,002352,39.53,40.03,39.43,39.86,33559919.0,1352183696.0,190212664345.63998
2025-10-09,002352,39.57,40.13,39.23,39.98,45898050.0,1842498847.0,190785306586.52
2025-10-10,002352,39.98,40.91,39.88,40.69,57081133.0,2346176110.0,194173439845.06
2025-10-13,002352,39.9,40.71,39.73,40.52,37914872.0,1548282794.0,193362196670.48
2025-10-14,002352,40.53,40.77,40.12,40.25,37828034.0,1548524226.0,192073751628.5
2025-10-15,002352,40.32,40.57,40.14,40.53,22807234.0,931248895.0,193409916857.22
2025-10-16,002352,40.52,40.66,40.18,40.37,25951671.0,1061228769.0,192646393869.37997
2025-10-17,002352,40.22,40.43,39.59,39.62,30564365.0,1234556433.0,189067379863.87997
2025-10-20,002352,39.86,40.07,39.75,39.86,18666692.0,753687664.0,190212664345.63998
2025-10-21,002352,39.89,39.98,39.73,39.86,22220198.0,895942123.0,190212664345.63998
2025-10-22,002352,39.73,39.93,39.65,39.71,16117112.0,648303578.0,189496861544.54
2025-10-23,002352,39.66,39.77,39.26,39.49,28438777.0,1135538392.0,188447017436.26
2025-10-24,002352,39.5,39.7,39.3,39.41,30008253.0,1197370148.0,188065255942.34
2025-10-27,002352,39.53,40.2,39.51,40.1,36842333.0,1489486314.0,191357948827.4
2025-10-28,002352,40.1,40.18,39.88,39.99,21458283.0,868743559.0,190833026773.26
2025-10-29,002352,39.99,40.3,39.73,40.27,25365279.0,1028114583.0,192169192001.98
2025-10-30,002352,40.32,40.88,40.12,40.45,40821724.0,1674370554.0,193028155363.30002
2025-10-31,002352,39.65,39.94,39.37,39.86,56476451.0,2261921782.0,190212664345.63998
2025-11-03,002352,39.75,39.89,39.34,39.54,33118777.0,1322885023.0,188685618369.96
2025-11-04,002352,39.42,39.56,39.23,39.38,31695677.0,1262674310.0,187922095382.12003
2025-11-05,002352,39.23,39.28,39.0,39.16,26766588.0,1059841965.0,186872251273.84
2025-11-06,002352,39.13,39.61,39.05,39.56,35474712.0,1415616409.0,188781058743.44
2025-11-07,002352,39.44,39.81,39.36,39.51,29677959.0,1188691488.0,188542457809.74
2025-11-10,002352,39.53,40.39,39.37,40.32,36248092.0,1469544359.0,192407792935.68
2025-11-11,002352,40.32,40.46,39.94,40.03,23064740.0,935661013.0,191023907520.22
2025-11-12,002352,40.03,40.1,39.85,39.93,17701677.0,715887429.0,190546705652.82
2025-11-13,002352,39.92,40.14,39.73,40.1,23193790.0,936683475.0,191357948827.4
2025-11-14,002352,39.93,40.28,39.73,39.82,20277711.0,821485763.0,190021783598.68
2025-11-17,002352,39.82,39.82,39.24,39.29,26566037.0,1058969944.0,187492613701.46
2025-11-18,002352,39.24,39.4,39.06,39.17,17491748.0,693049057.0,186919971460.58002
2025-11-19,002352,39.19,39.36,39.12,39.21,16847839.0,668507586.0,187110852207.54
2025-11-20,002352,39.2,39.39,39.14,39.16,16704416.0,663464196.0,186872251273.84
2025-11-21,002352,38.78,39.16,38.34,38.65,36992609.0,1448518736.0,184438521750.1
2025-11-24,002352,38.65,38.95,38.3,38.95,21141004.0,824036768.0,185870127352.30002
2025-11-25,002352,38.81,39.04,38.67,38.79,17137277.0,673953867.0,185106604364.46
2025-11-26,002352,38.76,38.92,38.6,38.79,21343949.0,836523745.0,185106604364.46
2025-11-27,002352,38.71,38.77,38.33,38.33,25672245.0,999368400.0,182911475774.41998
2025-11-28,002352,38.23,38.29,37.88,37.92,28768564.0,1105705321.0,180954948118.08002
2025-12-01,002352,37.85,37.96,37.65,37.96,26106105.0,999446011.0,181145828865.04
2025-12-02,002352,37.97,37.99,37.46,37.46,31963201.0,1217011962.0,178759819528.04
2025-12-03,002352,37.37,37.64,37.36,37.55,17930753.0,680358815.0,179189301208.69998
2025-12-04,002352,37.53,37.55,37.23,37.42,14712261.0,556559700.0,178568938781.08002
2025-12-05,002352,37.4,37.77,37.39,37.77,18283774.0,696044330.0,180239145316.98
2025-12-08,002352,37.85,37.89,37.57,37.63,19098200.0,728229284.0,179571062702.62003
2025-12-09,002352,37.63,37.65,37.06,37.07,26899617.0,1013814321.0,176898732245.18
2025-12-10,002352,36.97,37.4,36.6,37.37,22401800.0,838137236.0,178330337847.37997
2025-12-11,002352,37.26,37.36,36.61,36.64,27537227.0,1024812608.0,174846764215.36002
2025-12-12,002352,36.74,37.04,36.64,36.99,24163971.0,901612910.0,176516970751.26
2025-12-15,002352,36.76,37.35,36.74,36.97,18823420.0,706689246.0,176421530377.78
2025-12-16,002352,36.97,37.25,36.76,37.19,18469303.0,691848837.0,177471374486.06
2025-12-17,002352,37.07,37.63,37.02,37.48,27945640.0,1057142884.0,178855259901.52
2025-12-18,002352,37.37,37.84,37.32,37.74,22410524.0,854532952.0,180095984756.76
2025-12-19,002352,37.75,37.92,37.41,37.41,28798538.0,1097644462.0,178521218594.34
2025-12-22,002352,37.52,37.9,37.47,37.86,22434382.0,857544333.0,180668626997.63998
2025-12-23,002352,37.87,38.04,37.75,37.82,16697871.0,639947831.0,180477746250.68
2025-12-24,002352,37.78,37.91,37.63,37.74,11805699.0,450693013.0,180095984756.76
2025-12-25,002352,37.81,38.04,37.76,37.83,13579190.0,520410502.0,180525466437.41998
2025-12-26,002352,37.83,38.17,37.78,38.04,18400221.0,708345021.0,181527590358.96
2025-12-29,002352,37.97,38.28,37.87,38.18,22505845.0,868624943.0,182195672973.32
2025-12-30,002352,38.18,38.21,37.84,37.93,14313895.0,549688145.0,181002668304.82
2025-12-31,002352,37.95,38.04,37.73,37.87,11857204.0,454324636.0,180640353644.72998
2026-01-05,002352,37.87,37.9,37.63,37.8,22581155.0,862651238.0,180306452806.19998
2026-01-06,002352,37.88,38.68,37.87,38.63,33016423.0,1284228442.0,184265562748.77002
2026-01-07,002352,38.69,38.69,38.29,38.44,25182376.0,979766430.0,183359260472.75998
2026-01-08,002352,38.34,38.44,38.2,38.44,19391108.0,752147432.0,183359260472.75998
2026-01-09,002352,38.33,38.57,38.31,38.51,22611254.0,880115361.0,183693161311.28998
2026-01-12,002352,38.55,38.71,38.35,38.55,27938016.0,1088650344.0,183883961790.44998
2026-01-13,002352,38.59,38.91,38.3,38.47,29626896.0,1156766695.0,183502360832.13
2026-01-14,002352,38.36,38.74,37.97,38.1,31141348.0,1209057740.0,181737456399.9
2026-01-15,002352,38.44,39.46,38.42,38.73,47406310.0,1870599119.0,184742563946.66998
2026-01-16,002352,38.76,38.94,38.15,38.35,30988616.0,1204558432.0,182929959394.65
2026-01-19,002352,38.35,38.5,37.93,38.42,30762085.0,1188455270.0,183263860233.18002
2026-01-20,002352,38.42,39.61,38.26,39.33,61508306.0,2441237443.0,187604571134.06998
2026-01-21,002352,39.38,39.53,38.95,39.04,31392878.0,1244459098.0,186221267660.16
2026-01-22,002352,39.06,39.61,39.05,39.2,30415375.0,1210936064.0,186984469576.80002
2026-01-23,002352,39.25,39.33,38.56,38.69,40629477.0,1595533506.0,184551763467.50998
2026-01-26,002352,38.69,38.7,38.11,38.3,35880303.0,1393024109.0,182691458795.69998
2026-01-27,002352,38.38,38.4,37.41,37.42,39895151.0,1521596889.0,178493848254.18002
2026-01-28,002352,37.43,37.54,37.12,37.24,38981817.0,1470523508.0,177635246097.96002
2026-01-29,002352,37.21,37.81,36.87,37.67,36729370.0,1388389744.0,179686351248.93002
2026-01-30,002352,37.71,37.81,36.95,37.06,29405451.0,1108482719.0,176776643941.74002
2026-02-02,002352,37.06,37.28,36.81,36.92,23440831.0,877878655.0,176108842264.68002
2026-02-03,002352,36.98,37.26,36.83,37.23,21598108.0,809190045.0,177587545978.16998
2026-02-04,002352,37.16,38.13,37.06,38.02,37031286.0,1414447754.0,181355855441.58002
2026-02-05,002352,38.0,39.1,37.9,38.76,54393558.0,2137757102.0,184885664306.03998
2026-02-06,002352,38.55,38.96,38.31,38.4,28976339.0,1130215566.0,183168459993.6
2026-02-09,002352,38.57,38.64,38.33,38.51,22846629.0,889312387.0,183693161311.28998
2026-02-10,002352,38.52,38.59,38.3,38.36,16899415.0,657186134.0,182977659514.44
2026-02-11,002352,38.35,38.39,37.99,38.11,20255385.0,781443147.0,181785156519.69
2026-02-12,002352,38.1,38.12,37.65,37.73,21926068.0,838835848.0,179972551967.66998
2026-02-13,002352,37.68,37.68,37.35,37.4,19094678.0,724598518.0,178398448014.6
2026-02-24,002352,37.51,37.59,37.17,37.21,25384266.0,957130534.0,177492145738.59
2026-02-25,002352,37.23,37.47,37.12,37.16,32246444.0,1216186057.0,177253645139.63998
2026-02-26,002352,37.21,37.39,36.87,37.06,35190081.0,1319077719.0,176776643941.74002
2026-02-27,002352,37.06,37.69,37.01,37.43,34355776.0,1301985638.0,178541548373.97
2026-03-02,002352,36.86,36.86,36.43,36.6,45411171.0,1682048622.0,174582438431.4
2026-03-03,002352,36.65,37.03,36.57,36.6,29128448.0,1083265944.0,174582438431.4
2026-03-04,002352,36.4,36.41,35.61,35.86,37278955.0,1353478323.0,171052629566.94
2026-03-05,002352,36.17,36.36,35.96,36.29,20995137.0,768867175.0,173103734717.91
2026-03-06,002352,36.2,36.91,36.04,36.81,23422920.0,866732560.0,175584140946.99002
2026-03-09,002352,36.15,36.66,35.87,36.48,24057421.0,885114753.0,174010036993.91998
2026-03-10,002352,36.62,36.94,36.58,36.88,17173462.0,638643274.0,175918041785.52002
2026-03-11,002352,36.87,37.04,36.76,36.88,16154606.0,603032603.0,175918041785.52002
2026-03-12,002352,36.77,36.99,36.61,36.9,16283864.0,606695404.0,176013442025.1
2026-03-13,002352,36.77,37.73,36.72,37.61,42150051.0,1599400019.0,179400150530.19
2026-03-16,002352,37.55,37.65,37.18,37.26,19089548.0,721844440.0,177730646337.53998
2026-03-17,002352,37.27,37.62,36.96,37.05,17718146.0,669464880.0,176728943821.94998
2026-03-18,002352,37.05,37.14,36.47,36.68,19024868.0,706353149.0,174964039389.72
2026-03-19,002352,36.42,36.61,36.07,36.14,15914516.0,584724640.0,172388232921.06
2026-03-20,002352,36.33,36.86,36.33,36.36,23979425.0,887565500.0,173437635556.44
2026-03-23,002352,36.07,36.07,34.7,34.87,38813368.0,1381223790.0,166330317707.72998
2026-03-24,002352,35.19,35.33,34.94,35.29,15303579.0,544381815.0,168333722738.91
2026-03-25,002352,35.41,36.06,35.32,36.0,18240998.0,659254630.0,171720431244.0
2026-03-26,002352,35.97,36.63,35.84,36.25,22455896.0,826380431.0,172912934238.75
2026-03-27,002352,35.97,36.69,35.88,36.63,17250026.0,637269819.0,174725538790.77002
2026-03-30,002352,36.29,36.63,36.22,36.33,12632667.0,465104429.0,173294535197.06998
2026-03-31,002352,37.09,38.01,37.09,37.59,54754770.0,2089701579.0,179304750290.61002
2026-04-01,002352,37.97,38.21,37.47,37.64,25909214.0,987338093.0,179543250889.56
2026-04-02,002352,37.66,37.9,37.31,37.69,25925125.0,987990120.0,179781751488.50998
2026-04-03,002352,37.59,37.81,37.11,37.17,15255832.0,577200621.0,177301345259.43002
2026-04-07,002352,37.11,37.4,36.9,37.35,19643704.0,739583438.0,178159947415.65
2026-04-08,002352,37.71,37.8,37.29,37.5,27036911.0,1025471318.0,178875449212.5
2026-04-09,002352,37.36,37.49,37.03,37.09,14008238.0,526675718.0,176919744301.11002
2026-04-10,002352,37.19,37.23,36.88,36.91,15815412.0,592776156.0,176061142144.88998
2026-04-13,002352,36.75,36.79,36.23,36.54,19549657.0,720821173.0,174296237712.66
2026-04-14,002352,36.68,36.83,36.38,36.74,17356924.0,641995787.0,175250240108.46002
2026-04-15,002352,37.06,37.78,37.06,37.22,27306202.0,1032000565.0,177539845858.38
2026-04-16,002352,37.36,37.49,36.96,37.12,15821041.0,594999660.0,177062844660.47998
2026-04-17,002352,36.92,36.92,36.22,36.27,28987793.0,1066571770.0,173008334478.33002
2026-04-20,002352,36.12,36.37,36.07,36.23,16344256.0,598737136.0,172817533999.16998
2026-04-21,002352,36.21,36.7,36.17,36.44,15054055.0,555077657.0,173819236514.75998
2026-04-22,002352,36.43,36.68,36.25,36.37,15127743.0,557948785.0,173485335676.22998
2026-04-23,002352,36.45,36.64,36.23,36.27,15555154.0,573295176.0,173008334478.33002
2026-04-24,002352,36.17,36.25,35.93,36.07,12489591.0,455802268.0,172054332082.53
2026-04-27,002352,36.12,36.84,35.98,36.45,21399731.0,791202887.0,173866936634.55002
2026-04-28,002352,36.46,36.71,36.3,36.59,19360275.0,714337199.0,174534738311.61002
2026-04-29,002352,36.96,37.13,36.24,36.41,37020194.0,1369028167.0,173676136155.38998
2026-04-30,002352,36.34,36.84,36.23,36.66,30498359.0,1127988250.0,174868639150.13998
2026-05-06,002352,36.57,36.96,36.17,36.84,32166873.0,1190924959.0,175727241306.36002
2026-05-07,002352,36.87,37.37,36.77,37.13,27685599.0,1037853417.0,177110544780.27002
2026-05-08,002352,36.97,37.34,36.86,37.26,24368481.0,916644880.0,177730646337.53998
2026-05-11,002352,37.36,37.36,36.67,36.98,29702209.0,1109499644.0,176395042983.41998
2026-05-12,002352,36.92,37.04,36.53,36.53,19487383.0,723985296.0,174248537592.87
2026-05-13,002352,36.53,36.56,35.91,36.23,28103067.0,1027254742.0,172817533999.16998
2026-05-14,002352,36.17,36.29,35.79,35.8,18830474.0,685457757.0,170766428848.19998
2026-05-15,002352,35.76,35.78,35.33,35.43,21591174.0,775454933.0,169001524415.97
2026-05-18,002352,35.57,35.57,35.1,35.31,16895893.0,602317796.0,168429122978.49002
2026-05-19,002352,35.51,35.58,35.12,35.29,17339557.0,611928398.0,168333722738.91
2026-05-20,002352,35.35,35.96,35.0,35.72,23411221.0,826741251.0,170384827889.88
2026-05-21,002352,35.72,35.85,35.31,35.48,20559904.0,732404804.0,169240025014.91998
2026-05-22,002352,35.4,35.45,35.0,35.15,21743912.0,764275814.0,167665921061.85
2026-05-25,002352,35.14,35.64,35.0,35.62,18278882.0,645927221.0,169907826691.97998
2026-05-26,002352,35.49,35.95,35.14,35.93,21389821.0,760720211.0,171386530405.47
2026-05-27,002352,35.75,36.0,35.36,35.73,22052928.0,786883451.0,170432528009.66998
2026-05-28,002352,35.5,35.6,35.06,35.24,18073540.0,637438717.0,168095222139.96002
2026-05-29,002352,35.18,35.52,34.74,34.95,19671935.0,690357516.0,166711918666.05002
2026-06-01,002352,34.9,35.13,34.53,35.13,12568387.0,438859141.0,167570520822.27002
2026-06-02,002352,35.13,35.21,34.87,34.9,13136298.0,459463279.0,166473418067.1
2026-06-03,002352,35.05,35.05,34.36,34.57,18746580.0,648690846.0,164899314114.03
2026-06-04,002352,34.41,34.69,34.01,34.25,17210955.0,590582303.0,163372910280.75
2026-06-05,002352,34.25,34.88,34.25,34.86,17043479.0,592074782.0,166282617587.94
2026-06-08,002352,34.59,34.77,34.34,34.58,15897308.0,548811781.0,164947014233.81998
2026-06-09,002352,34.51,34.65,33.81,34.04,21635583.0,737509135.0,162371207765.16
2026-06-10,002352,33.96,34.9,33.66,34.83,25723197.0,889664125.0,166139517228.56998
2026-06-11,002352,34.51,34.88,34.21,34.33,15872744.0,547433870.0,163754511239.06998
2026-06-12,002352,34.38,34.7,34.15,34.36,24177507.0,832008769.0,163897611598.44
2026-06-15,002352,34.8,34.84,33.45,33.59,45708576.0,1547405801.0,160224702374.61002
2026-06-16,002352,33.5,33.5,32.3,32.46,44411547.0,1448876841.0,154834588838.34
2026-06-17,002352,32.36,32.56,32.11,32.2,17666975.0,569878451.0,153594385723.80002
2026-06-18,002352,32.14,32.14,31.36,31.55,26112541.0,824019273.0,150493877937.45
2026-06-22,002352,31.55,31.98,30.9,31.86,26690576.0,840427997.0,151972581650.94
2026-06-23,002352,31.8,32.19,31.27,31.36,22357431.0,709451191.0,149587575661.44
2026-06-24,002352,31.22,31.68,30.95,30.98,19677307.0,612687205.0,147774971109.42
2026-06-25,002352,30.98,31.74,30.84,31.28,24388303.0,763690817.0,149205974703.12
2026-06-26,002352,31.27,31.41,30.78,30.82,20790671.0,645071017.0,147011769192.78
2026-06-29,002352,30.73,31.67,30.13,31.33,31328725.0,972410238.0,149444475302.06998
2026-06-30,002352,31.21,31.44,30.85,31.26,20088869.0,624461281.0,149110574463.54
2026-07-01,002352,32.3,32.85,31.48,32.2,41409152.0,1335466736.0,153594385723.80002
2026-07-02,002352,32.12,32.58,32.0,32.42,34996175.0,1131270013.0,154643788359.18002
2026-07-03,002352,32.43,32.87,32.22,32.47,22429888.0,729889934.0,154882288958.13
2026-07-06,002352,32.48,33.17,32.41,32.93,22938070.0,755598894.0,157076494468.47
2026-07-07,002352,32.93,33.06,32.57,32.79,18972678.0,621278685.0,156408692791.41
2026-07-08,002352,32.54,32.89,32.3,32.59,15358375.0,501066488.0,155454690395.61002
2026-07-09,002352,32.43,32.45,31.65,31.91,20418804.0,653573417.0,152211082249.89
2026-07-10,002352,31.84,32.29,31.48,32.03,18864931.0,602999032.0,152783483687.37
2026-07-13,002352,31.91,32.09,31.75,31.96,13928584.0,444621755.0,152449582848.84
2026-07-14,002352,31.89,32.8,31.76,32.67,26763399.0,868961533.0,155836291353.93002
2026-07-15,002352,32.57,33.64,32.38,33.48,29189887.0,969465629.0,159700001056.91998
2026-07-16,002352,33.39,33.59,33.1,33.4,19008638.0,634210350.0,159318400098.6
2026-07-17,002352,33.42,33.83,32.91,33.08,23488776.0,782277942.0,157791996265.31998
2026-07-20,002352,33.06,33.99,33.06,33.98,31319830.0,1053976229.0,162085007046.41998
2026-07-21,002352,33.83,34.66,33.67,33.87,32504419.0,1108855890.0,162546033822.33
2026-07-22,002352,34.0,34.17,33.63,34.17,21367373.0,725392269.0,163985768400.03
2026-07-23,002352,33.97,34.0,33.71,33.9,15811656.0,535207694.0,162690007280.1
2026-07-24,002352,33.81,33.98,33.48,33.5,15551044.0,523338952.0,160770361176.5
2026-07-27,002352,33.47,33.89,33.46,33.76,15325789.0,516648484.0,162018131143.84
2026-07-28,002352,33.74,34.68,33.6,34.58,27596537.0,946326895.0,165953405656.22
2026-07-29,002352,34.5,35.06,34.47,34.74,23767627.0,828415277.0,166721264097.66
