date,ticker,open,high,low,close,volume,amount,market_cap
2021-01-04,002466,36.83,39.18,36.38,38.72,119050657.0,4875631629.0,57031468711.36
2021-01-05,002466,38.73,40.04,37.21,38.53,122039516.0,5070147426.0,56751613880.39
2021-01-06,002466,41.48,42.39,39.92,41.4,129077691.0,5779483407.0,60978894748.2
2021-01-07,002466,41.03,45.54,41.03,45.54,144190548.0,6942410562.0,67076784223.02
2021-01-08,002466,47.28,50.09,44.28,50.09,167482482.0,8557336488.0,73778570964.67
2021-01-11,002466,52.08,54.85,47.94,48.45,190462089.0,10621587088.0,71362981897.35
2021-01-12,002466,48.86,53.3,47.21,53.3,140071699.0,7752478269.0,78506644687.9
2021-01-13,002466,55.59,58.53,52.65,54.85,168391532.0,10121091046.0,80789670940.55
2021-01-14,002466,52.82,54.52,49.36,50.08,154714912.0,8640520048.0,73763841763.04
2021-01-15,002466,49.8,55.09,49.54,55.09,151760166.0,8557529502.0,81143171779.67
2021-01-18,002466,51.62,57.71,50.79,56.13,164193598.0,9572959362.0,82675008749.19
2021-01-19,002466,55.03,60.47,54.33,56.29,152614628.0,9390513232.0,82910675975.27
2021-01-20,002466,57.97,58.48,54.39,56.16,113621339.0,6948888379.0,82719196354.08
2021-01-21,002466,55.31,60.1,53.54,57.8,118329014.0,7302703044.0,85134785421.4
2021-01-22,002466,56.77,60.24,55.77,58.72,118126442.0,7456761737.0,86489871971.36
2021-01-25,002466,58.33,64.59,58.09,63.5,148866139.0,10097431813.0,93530430350.5
2021-01-26,002466,62.69,64.44,60.28,62.32,100797678.0,6839138507.0,91792384558.16
2021-01-27,002466,62.68,63.42,57.61,61.96,94297485.0,6228830655.0,91262133299.48
2021-01-28,002466,59.64,64.65,59.64,61.39,92985803.0,6277744356.0,90422568806.57
2021-01-29,002466,61.23,61.76,55.25,55.26,143482252.0,8859441975.0,81393568207.37999
2021-02-01,002466,57.15,57.15,49.79,50.79,158912427.0,9080406371.0,74809615078.77
2021-02-02,002466,50.7,53.26,49.25,52.72,132619483.0,7396075935.0,77652350993.36
2021-02-03,002466,52.14,54.94,51.71,51.9,125473623.0,7259400732.0,76444556459.7
2021-02-04,002466,51.06,51.06,46.71,46.71,163985017.0,8550138251.0,68800100813.73
2021-02-05,002466,47.01,47.53,44.03,45.25,139286302.0,6930595460.0,66649637375.75
2021-02-08,002466,45.82,47.74,44.46,47.11,117441375.0,5909239297.0,69389268878.93
2021-02-09,002466,47.67,50.05,46.71,48.91,111270935.0,5854572637.0,72040525172.33
2021-02-10,002466,48.75,48.76,45.54,47.67,106791573.0,5459237635.0,70214104170.21
2021-02-18,002466,49.76,52.43,47.87,52.42,143863535.0,7852379113.0,77210474944.46
2021-02-19,002466,50.7,50.7,47.18,48.58,120980322.0,6412420986.0,71554461518.54
2021-02-22,002466,49.96,51.51,48.49,48.49,107600188.0,5860960146.0,71421898703.87001
2021-02-23,002466,46.92,48.14,45.34,46.47,74244091.0,3771177281.0,68446599974.61
2021-02-24,002466,46.38,47.38,42.35,43.22,98216002.0,4733398591.0,63659609444.86
2021-02-25,002466,44.34,44.87,42.78,44.21,68891384.0,3283164529.0,65117800406.23
2021-02-26,002466,41.49,42.85,40.83,41.41,79359222.0,3588936023.0,60993623949.829994
2021-03-01,002466,42.46,43.34,41.53,42.63,57775636.0,2656330374.0,62790586548.69
2021-03-02,002466,43.13,43.31,38.61,39.87,99629916.0,4357119445.0,58725326898.81
2021-03-03,002466,39.94,42.19,39.21,41.02,92394121.0,4088099800.0,60419185086.26
2021-03-04,002466,39.51,39.73,37.32,37.7,82979754.0,3445403268.0,55529090145.100006
2021-03-05,002466,37.09,39.18,36.97,37.94,66303492.0,2748264369.0,55882590984.21999
2021-03-08,002466,38.07,38.26,36.01,36.06,72945202.0,2915325979.0,53113501077.78001
2021-03-09,002466,36.64,37.86,35.38,36.26,83628562.0,3333985493.0,53408085110.38
2021-03-10,002466,37.52,37.77,35.84,36.12,75609301.0,3028592646.0,53201876287.56
2021-03-11,002466,35.59,37.57,34.95,36.93,84754856.0,3350153762.0,54394941619.59
2021-03-12,002466,37.2,37.54,34.86,35.67,83889903.0,3256011422.0,52539062214.21
2021-03-15,002466,35.95,38.53,35.52,36.66,94413376.0,3785950537.0,53997253175.579994
2021-03-16,002466,37.07,37.25,35.03,36.78,61953654.0,2422685483.0,54174003595.14
2021-03-17,002466,36.85,40.27,36.61,39.36,129243598.0,5449997300.0,57974137615.68
2021-03-18,002466,38.99,40.07,38.9,40.07,87030563.0,3730379268.0,59019910931.41
2021-03-19,002466,39.16,39.8,37.53,38.72,81757078.0,3425700624.0,57031468711.36
2021-03-22,002466,38.26,39.4,37.5,38.25,54129596.0,2250078058.0,56339196234.75
2021-03-23,002466,38.33,38.4,35.03,35.58,87266694.0,3427324933.0,52406499399.54
2021-03-24,002466,34.78,35.39,33.09,33.34,74803961.0,2747237762.0,49107158234.420006
2021-03-25,002466,33.01,34.2,32.8,33.57,58028352.0,2115434190.0,49445929871.91
2021-03-26,002466,33.57,35.84,33.4,35.21,81620927.0,3072183331.0,51861518939.23
2021-03-29,002466,35.03,35.95,34.66,34.87,55471687.0,2123247179.0,51360726083.81
2021-03-30,002466,34.61,36.03,34.0,35.63,56020612.0,2141353432.0,52480145407.69
2021-03-31,002466,35.79,36.14,34.02,34.83,48881413.0,1845401131.0,51301809277.29
2021-04-01,002466,35.23,35.64,34.16,35.07,47127364.0,1782684811.0,51655310116.41
2021-04-02,002466,31.56,34.66,31.56,33.85,73584669.0,2693062563.0,49858347517.55
2021-04-06,002466,34.38,34.74,33.46,33.83,44148869.0,1632424927.0,49828889114.29
2021-04-07,002466,34.17,34.37,32.91,33.2,48103854.0,1746910852.0,48900949411.600006
2021-04-08,002466,32.83,33.17,31.79,32.93,50693427.0,1787431993.0,48503260967.59
2021-04-09,002466,33.02,34.82,32.46,33.4,62112504.0,2267852673.0,49195533444.2
2021-04-12,002466,33.2,33.64,30.41,30.9,69187339.0,2379785822.0,45513233036.7
2021-04-13,002466,30.89,31.48,30.45,31.25,35466502.0,1194577401.0,46028755093.75
2021-04-14,002466,31.56,34.38,31.56,34.38,91873689.0,3308173434.0,50638995203.94
2021-04-15,002466,35.31,36.66,34.66,36.08,122752097.0,4726761760.0,53142959481.04
2021-04-16,002466,35.85,35.94,34.66,35.35,71090111.0,2720261152.0,52067727762.05
2021-04-19,002466,35.21,38.89,35.12,38.89,97476246.0,3919621931.0,57281865139.07
2021-04-20,002466,38.34,39.96,37.8,38.33,103821464.0,4376998571.0,56457029847.79
2021-04-21,002466,37.61,38.18,36.66,37.8,76233080.0,3089291603.0,55676382161.399994
2021-04-22,002466,37.81,38.38,36.51,37.25,69764554.0,2821522957.0,54866276071.75
2021-04-23,002466,36.78,39.92,36.78,39.01,98170799.0,4141672616.0,57458615558.63
2021-04-26,002466,38.89,39.62,37.61,37.75,76251095.0,3194200031.0,55602736153.25
2021-04-27,002466,37.61,38.03,36.05,37.56,55736751.0,2236207073.0,55322881322.28001
2021-04-28,002466,37.8,41.33,36.78,40.19,129882944.0,5665122081.0,59196661350.96999
2021-04-29,002466,40.21,44.21,40.21,43.65,142422277.0,6552443935.0,64292965114.95
2021-04-30,002466,43.05,45.58,42.11,44.6,122373437.0,5849270676.0,65692239269.8
2021-05-06,002466,44.6,47.27,43.33,46.28,108149970.0,5320848716.0,68166745143.64
2021-05-07,002466,45.68,46.09,42.83,43.23,103898626.0,5023816400.0,63674338646.49
2021-05-10,002466,43.24,46.55,43.24,46.53,95118194.0,4684898843.0,68534975184.39
2021-05-11,002466,45.61,46.33,43.15,45.51,86939939.0,4227187713.0,67032596618.13
2021-05-12,002466,44.81,48.24,44.29,47.04,91238011.0,4628111173.0,69286164467.52
2021-05-13,002466,45.63,49.13,44.85,47.96,98075272.0,5011222894.0,70641251017.48
2021-05-14,002466,48.37,50.18,46.14,47.91,99306382.0,5223667103.0,70567605009.33
2021-05-17,002466,47.16,50.13,47.16,49.01,87117030.0,4639905517.0,72187817188.62999
2021-05-18,002466,47.82,49.0,45.63,46.91,128902834.0,6634856269.0,69094684846.33
2021-05-19,002466,45.72,49.14,44.45,47.55,113537743.0,5817822275.0,70037353750.65
2021-05-20,002466,45.88,46.73,44.6,44.9,102560394.0,5082154641.0,66134115318.7
2021-05-21,002466,44.95,47.55,44.95,46.27,85432218.0,4277616975.0,68152015942.01
2021-05-24,002466,47.48,50.13,47.47,49.88,112458163.0,5997610977.0,73469257730.44
2021-05-25,002466,49.82,51.66,48.96,50.68,98196730.0,5372553333.0,74647593860.84
2021-05-26,002466,50.15,51.59,49.59,50.77,62974143.0,3462940048.0,74780156675.51001
2021-05-27,002466,51.06,51.41,49.57,50.03,58215035.0,3158071273.0,73690195754.89
2021-05-28,002466,50.24,52.43,50.06,50.7,85767242.0,4773969460.0,74677052264.1
2021-05-31,002466,50.08,53.01,50.08,52.54,97498814.0,5485730476.0,77387225364.02
2021-06-01,002466,51.9,52.79,50.33,52.08,66821345.0,3742838879.0,76709682089.04
2021-06-02,002466,52.36,53.72,49.91,51.37,76114575.0,4295520245.0,75663908773.31
2021-06-03,002466,50.99,52.51,49.13,51.38,63424315.0,3498608797.0,75678637974.94
2021-06-04,002466,50.7,53.56,50.31,52.48,79615746.0,4529090585.0,77298850154.23999
2021-06-07,002466,52.59,54.32,52.04,53.81,66771153.0,3867680989.0,79257833971.03
2021-06-08,002466,53.28,54.11,49.98,50.24,89623466.0,5035826422.0,73999508989.12001
2021-06-09,002466,50.6,51.62,48.45,49.65,62320016.0,3397884436.0,73130486092.95
2021-06-10,002466,49.32,51.95,49.32,51.54,64835283.0,3583100767.0,75914305201.02
2021-06-11,002466,51.32,51.98,49.32,49.67,62959574.0,3426267625.0,73159944496.21
2021-06-15,002466,49.41,50.15,44.7,45.16,127482084.0,6319205456.0,66517074561.079994
2021-06-16,002466,44.66,45.54,42.72,43.2,83488116.0,3982665357.0,63630151041.600006
2021-06-17,002466,42.96,44.63,42.77,44.12,58610039.0,2782992299.0,64985237591.56
2021-06-18,002466,43.46,48.53,42.92,47.7,100578241.0,5018532401.0,70258291775.1
2021-06-21,002466,47.24,52.36,47.21,50.89,107967881.0,5975154465.0,74956907095.07
2021-06-22,002466,52.54,53.92,51.16,52.33,100668945.0,5734674087.0,77077912129.79
2021-06-23,002466,53.47,57.57,52.54,57.57,130831617.0,7944278830.0,84796013783.91
2021-06-24,002466,57.62,59.45,56.74,57.93,99169550.0,6241840063.0,85326265042.59
2021-06-25,002466,58.08,58.32,56.14,57.93,79468785.0,4944427433.0,85326265042.59
2021-06-28,002466,57.46,59.49,57.05,57.8,65470220.0,4125466447.0,85134785421.4
2021-06-29,002466,58.56,59.27,55.76,57.15,63122997.0,3919144527.0,84177387315.45
2021-06-30,002466,57.18,57.98,55.84,57.17,72658173.0,4501172724.0,84254987089.29001
2021-07-01,002466,58.17,61.65,56.6,58.63,115706975.0,7412810315.0,86406679955.31
2021-07-02,002466,58.54,63.21,58.11,61.2,123505299.0,8163877894.0,90194248904.40001
2021-07-05,002466,63.27,67.27,62.96,66.67,127795212.0,9116435579.0,98255728340.79001
2021-07-06,002466,66.46,67.75,60.38,64.05,139055870.0,9762135215.0,94394471279.84999
2021-07-07,002466,61.81,66.37,60.56,64.7,103244120.0,7165913129.0,95352416733.90001
2021-07-08,002466,64.25,67.48,63.24,63.74,97201696.0,6883239735.0,93937604986.38
2021-07-09,002466,63.74,70.06,63.03,69.11,125199183.0,9102488891.0,101851708199.06999
2021-07-12,002466,70.44,73.27,69.05,71.53,137075320.0,10600263118.0,105418212812.61
2021-07-13,002466,70.06,71.64,68.4,71.15,78303801.0,5966696764.0,104858183162.55
2021-07-14,002466,69.98,69.99,64.44,64.73,117791848.0,8537824776.0,95396629601.01001
2021-07-15,002466,66.37,71.13,66.19,70.89,137451928.0,10233405773.0,104475004980.93001
2021-07-16,002466,70.06,73.38,67.92,68.46,98085440.0,7489441500.0,100893762745.01999
2021-07-19,002466,68.38,71.15,65.14,66.22,96996746.0,7174345103.0,97592535334.14
2021-07-20,002466,64.53,67.81,64.53,67.37,66694244.0,4801868328.0,99287361906.69
2021-07-21,002466,69.11,74.11,68.95,74.11,130996058.0,10280424545.0,109220519384.06999
2021-07-22,002466,75.87,80.75,75.13,79.6,121577269.0,10196325854.0,117311474065.2
2021-07-23,002466,79.29,82.95,76.35,79.92,101035682.0,8723728441.0,117783077981.04001
2021-07-26,002466,79.44,87.57,78.17,87.57,123554880.0,11135763890.0,129057359094.09
2021-07-27,002466,83.79,90.51,80.99,82.96,124194511.0,11604869056.0,122263315181.51999
2021-07-28,002466,80.58,84.16,74.77,79.41,93668418.0,8137814921.0,117031459240.17
2021-07-29,002466,83.36,87.34,82.11,87.34,81031047.0,7462970831.0,128718393779.58
2021-07-30,002466,92.64,96.08,90.41,96.08,119773180.0,12180944534.0,141599075730.96
2021-08-02,002466,100.94,105.53,92.17,99.09,132357827.0,14271220080.0,146035100064.33002
2021-08-03,002466,97.03,100.48,89.23,92.18,98062717.0,10018416379.0,135851403006.66
2021-08-04,002466,94.12,101.4,91.26,101.4,73616887.0,7767417699.0,149439490831.80002
2021-08-05,002466,100.48,103.23,95.96,102.32,84124482.0,9118199279.0,150795352089.84
2021-08-06,002466,105.55,106.93,98.64,100.2,85065324.0,9408753057.0,147670976147.4
2021-08-09,002466,96.81,99.74,90.63,98.64,84981880.0,8757857024.0,145371907057.68
2021-08-10,002466,95.36,99.64,89.36,93.7,95317026.0,9729872606.0,138091521606.9
2021-08-11,002466,95.6,99.1,93.77,96.37,79303798.0,8315627869.0,142026466779.69
2021-08-12,002466,93.1,96.18,89.47,94.05,94501850.0,9494956094.0,138607338389.85
2021-08-13,002466,92.18,100.04,91.26,94.74,81827129.0,8596956340.0,139624234333.38
2021-08-16,002466,93.31,96.79,90.34,92.33,57621933.0,5781859681.0,136072467342.20999
2021-08-17,002466,90.98,93.56,87.67,88.45,70676545.0,6923874594.0,130354269862.65001
2021-08-18,002466,90.27,94.02,88.16,92.99,66998420.0,6648570506.0,137045150418.62999
2021-08-19,002466,92.16,102.3,91.31,102.3,84623971.0,8989291238.0,150765876845.1
2021-08-20,002466,102.32,110.32,100.04,108.5,107976551.0,12293620852.0,159903202714.5
2021-08-23,002466,110.62,117.07,105.82,109.88,91811875.0,11039024392.0,161936994601.56
2021-08-24,002466,107.95,114.77,107.95,111.84,72237975.0,8761915122.0,164825568586.08002
2021-08-25,002466,110.62,114.37,106.55,113.25,63931639.0,7680705185.0,166903573340.25
2021-08-26,002466,113.25,115.1,110.4,111.64,47413774.0,5800026796.0,164530816138.68
2021-08-27,002466,110.55,122.81,109.49,121.22,73838451.0,9392013257.0,178649458369.13998
2021-08-30,002466,118.92,131.98,118.46,124.45,90734133.0,12342767183.0,183409710394.65
2021-08-31,002466,122.91,127.1,118.92,125.6,56937650.0,7656225296.0,185104536967.19998
2021-09-01,002466,126.3,128.8,113.04,113.05,98668479.0,12559625365.0,166608820892.85
2021-09-02,002466,110.52,116.53,109.7,113.41,63816270.0,7858974893.0,167139375298.16998
2021-09-03,002466,110.53,114.49,102.07,104.29,97825765.0,11260317568.0,153698663696.73
2021-09-06,002466,106.01,108.41,97.7,107.74,93099921.0,10488953398.0,158783143414.38
2021-09-07,002466,106.93,112.46,104.54,108.44,72489695.0,8527313449.0,159814776980.28
2021-09-08,002466,106.19,113.4,105.49,110.65,64501084.0,7697256583.0,163071791524.05002
2021-09-09,002466,113.85,118.73,111.4,113.53,66726383.0,8298741357.0,167316226766.61002
2021-09-10,002466,114.4,119.38,111.54,118.88,68435228.0,8588753612.0,175200854734.56
2021-09-13,002466,119.39,122.19,115.14,121.41,62384565.0,8052450261.0,178929473194.16998
2021-09-14,002466,119.84,120.27,111.54,114.49,64611387.0,8161046758.0,168731038514.13
2021-09-15,002466,116.92,120.97,112.56,117.12,75813217.0,9679987914.0,172607033197.44
2021-09-16,002466,114.31,116.54,105.41,105.41,84436588.0,9981147602.0,155349277402.16998
2021-09-17,002466,102.09,104.57,94.95,100.02,105802692.0,11394987471.0,147405698944.74
2021-09-22,002466,97.71,100.25,96.42,97.17,56402082.0,6017134719.0,143205476569.29
2021-09-23,002466,99.78,101.38,96.94,97.47,52753875.0,5661972933.0,143647605240.38998
2021-09-24,002466,97.05,100.3,93.57,96.04,62926632.0,6612499773.0,141540125241.48
2021-09-27,002466,96.79,97.16,86.47,88.66,86224796.0,8416512135.0,130663759932.42
2021-09-28,002466,89.45,90.29,86.93,87.53,56012587.0,5378441133.0,128998408604.61
2021-09-29,002466,87.57,90.8,83.61,88.5,83316106.0,7951419799.0,130427957974.5
2021-09-30,002466,90.34,96.41,89.51,93.64,81342520.0,8198438840.0,138003095872.68
2021-10-08,002466,95.69,95.85,87.22,89.1,61594651.0,6039997645.0,131312215316.7
2021-10-11,002466,89.05,89.05,83.63,88.41,57442857.0,5380671014.0,130295319373.17
2021-10-12,002466,86.65,88.13,82.32,84.25,64897502.0,5959062512.0,124164468467.25
2021-10-13,002466,84.85,87.71,84.35,87.32,59649010.0,5576795080.0,128688918534.84
2021-10-14,002466,86.19,88.84,85.02,87.65,45652243.0,4314435681.0,129175260073.05
2021-10-15,002466,87.58,91.77,84.17,90.62,66781250.0,6418477032.0,133552333916.94
2021-10-18,002466,90.33,95.79,89.75,94.81,69691931.0,7004054802.0,139727397689.97
2021-10-19,002466,94.05,96.22,93.18,95.41,45955289.0,4721822447.0,140611655032.16998
2021-10-20,002466,94.47,99.42,93.57,95.41,65837246.0,6927485156.0,140611655032.16998
2021-10-21,002466,94.03,95.85,92.14,92.92,49038814.0,4970162676.0,136941987062.04001
2021-10-22,002466,93.58,94.1,88.31,88.83,63317431.0,6227433256.0,130914299512.70999
2021-10-25,002466,86.44,90.25,85.92,89.8,62584774.0,5989122277.0,132343848882.59999
2021-10-26,002466,93.1,96.33,90.92,92.0,74511163.0,7559773870.0,135586125804.0
2021-10-27,002466,90.99,92.89,88.39,90.16,53176349.0,5208937525.0,132874403287.92
2021-10-28,002466,89.71,92.17,83.75,84.65,92554120.0,8722894231.0,124753973362.05
2021-10-29,002466,85.45,87.32,84.72,86.89,51045515.0,4774861607.0,128055200772.93001
2021-11-01,002466,86.0,88.39,82.0,82.22,78450901.0,7170304579.0,121172731126.14
2021-11-02,002466,83.68,85.83,82.79,83.94,69944612.0,6401487640.0,123707602173.78
2021-11-03,002466,85.72,85.78,81.72,84.8,51965519.0,4734671282.0,124975037697.59999
2021-11-04,002466,85.28,87.94,83.48,84.52,71685515.0,6650315554.0,124562384271.23999
2021-11-05,002466,85.74,89.77,85.44,87.56,96145021.0,9170060878.0,129042621471.72
2021-11-08,002466,87.76,96.31,87.76,96.31,99840134.0,10120650676.0,141938041045.47
2021-11-09,002466,99.67,100.89,97.3,99.96,89927252.0,9681609877.0,147317273210.52
2021-11-10,002466,99.15,99.15,92.19,94.18,90166797.0,9307687206.0,138798927480.66
2021-11-11,002466,93.09,94.03,91.07,93.29,55635342.0,5578724027.0,137487279089.73
2021-11-12,002466,94.03,96.05,92.46,93.28,41472867.0,4223544163.0,137472541467.36002
2021-11-15,002466,90.34,91.81,85.73,88.22,69981434.0,6666376201.0,130015304548.14
2021-11-16,002466,88.16,88.32,84.85,85.71,42430611.0,3987078262.0,126316161333.26999
2021-11-17,002466,88.48,94.28,88.13,94.28,89163302.0,8961615251.0,138946303704.36002
2021-11-18,002466,94.3,102.98,92.99,100.26,129095878.0,13696904492.0,147759401881.62
2021-11-19,002466,99.56,101.95,97.24,100.48,71441013.0,7720904030.0,148083629573.76
2021-11-22,002466,100.94,106.94,100.6,105.0,62205022.0,7086823718.0,154745034885.0
2021-11-23,002466,105.46,106.36,103.2,104.19,46044278.0,5222623948.0,153551287473.03
2021-11-24,002466,103.09,107.29,102.32,104.17,38086747.0,4335662989.0,153521812228.29
2021-11-25,002466,105.09,108.32,103.13,105.96,43004904.0,4930940929.0,156159846632.52
2021-11-26,002466,105.92,113.84,105.56,110.04,68416298.0,8173549278.0,162172796559.48
2021-11-29,002466,107.39,113.72,107.39,112.52,51357164.0,6212159559.0,165827726907.24
2021-11-30,002466,113.48,115.14,108.53,108.83,53467755.0,6428781537.0,160389544252.71
2021-12-01,002466,108.41,110.02,104.9,108.42,46404666.0,5406841451.0,159785301735.54
2021-12-02,002466,108.32,108.32,105.55,107.02,29509906.0,3417138050.0,157722034603.74
2021-12-03,002466,107.02,108.41,102.88,107.02,38013831.0,4371284368.0,157722034603.74
2021-12-06,002466,105.39,106.84,103.52,104.68,34830870.0,3971938804.0,154273430969.16
2021-12-07,002466,105.83,105.83,94.76,97.86,75961108.0,8104166060.0,144222372512.82
2021-12-08,002466,97.86,102.37,97.84,101.42,47387294.0,5154250782.0,149468966076.54
2021-12-09,002466,100.39,105.07,99.7,101.95,36567505.0,4077915164.0,150250060062.15
2021-12-10,002466,100.2,110.61,99.1,107.69,81309054.0,9425800824.0,158709455302.53
2021-12-13,002466,108.59,111.08,106.84,110.44,42948116.0,5096394089.0,162762301454.28
2021-12-14,002466,109.24,111.47,107.56,109.22,35950133.0,4259550835.0,160964311525.13998
2021-12-15,002466,108.81,110.33,101.4,102.31,63796585.0,7194850933.0,150780614467.47
2021-12-16,002466,101.46,102.31,97.72,100.39,41574437.0,4498671342.0,147950990972.43
2021-12-17,002466,98.77,100.08,97.71,98.51,29905479.0,3194230442.0,145180317966.87
2021-12-20,002466,95.78,99.1,90.74,91.58,64190468.0,6529210544.0,134967145664.45999
2021-12-21,002466,89.89,92.64,87.6,90.81,53992480.0,5256712556.0,133832348741.97
2021-12-22,002466,91.53,92.59,89.74,90.05,36482574.0,3602692487.0,132712289441.84999
2021-12-23,002466,91.17,92.09,87.86,88.59,34036001.0,3289830301.0,130560596575.83
2021-12-24,002466,89.79,89.85,83.79,84.11,51733950.0,4789788063.0,123958141754.06999
2021-12-27,002466,85.52,88.12,83.2,86.69,49921666.0,4685376684.0,127760448325.53
2021-12-28,002466,87.44,94.94,87.39,94.2,74079796.0,7362519069.0,138828402725.4
2021-12-29,002466,94.95,99.81,94.3,95.25,70846055.0,7477351324.0,140375853074.25
2021-12-30,002466,96.43,96.92,92.66,94.96,42948923.0,4399810672.0,139948462025.52
2021-12-31,002466,96.6,99.19,94.96,98.64,56212035.0,5928945194.0,145377748617.12
2022-01-04,002466,100.48,101.3,91.19,92.79,69060513.0,7057094753.0,136755893087.82
2022-01-05,002466,91.25,92.11,87.21,88.47,47715403.0,4609648604.0,130388984389.26
2022-01-06,002466,87.5,92.18,86.28,91.47,56556177.0,5481931766.0,134810448763.26
2022-01-07,002466,89.92,90.34,84.62,84.97,63241473.0,5926743570.0,125230609286.26
2022-01-10,002466,84.81,89.3,84.14,88.02,44489283.0,4216647422.0,129725764733.15999
2022-01-11,002466,87.94,89.86,85.27,87.56,36841325.0,3479203509.0,129047806862.48
2022-01-12,002466,89.91,91.46,87.11,89.45,54493236.0,5291730459.0,131833329418.1
2022-01-13,002466,88.85,89.23,82.96,83.68,71190310.0,6548489054.0,123329379605.44
2022-01-14,002466,82.96,84.31,81.21,83.33,46499902.0,4184356317.0,122813542095.14
2022-01-17,002466,82.95,82.96,79.65,81.45,49791392.0,4371795727.0,120042757754.1
2022-01-18,002466,80.2,83.33,79.27,81.76,45918309.0,4051934396.0,120499642406.08
2022-01-19,002466,81.21,81.67,75.41,76.94,70138077.0,5913508717.0,113395822978.52
2022-01-20,002466,76.78,77.16,74.8,74.96,39319781.0,3231879461.0,110477656491.68
2022-01-21,002466,74.81,77.74,74.13,75.62,45710024.0,3788086132.0,111450378653.96
2022-01-24,002466,74.7,82.5,74.7,81.19,74338934.0,6416245192.0,119659564175.02
2022-01-25,002466,81.2,82.44,79.92,79.98,51781567.0,4562772732.0,117876240210.84001
2022-01-26,002466,81.93,82.47,77.43,78.97,44642288.0,3841146106.0,116387680538.26
2022-01-27,002466,83.43,84.35,81.44,81.71,76829150.0,6896273458.0,120425951333.18
2022-01-28,002466,82.97,83.6,79.0,81.49,52273871.0,4640672625.0,120101710612.42
2022-02-07,002466,83.4,83.4,75.13,76.59,72605901.0,6188870981.0,112879985468.22
2022-02-08,002466,77.01,77.43,72.0,74.81,59613922.0,4788251473.0,110256583272.98
2022-02-09,002466,74.48,76.37,72.63,75.29,48776650.0,3955632572.0,110964017572.82
2022-02-10,002466,75.15,75.47,72.94,74.41,43307121.0,3471339278.0,109667054689.78
2022-02-11,002466,75.1,79.54,73.95,76.83,68790270.0,5766729061.0,113233702618.14
2022-02-14,002466,76.51,81.58,76.15,80.18,63125902.0,5459143218.0,118171004502.44
2022-02-15,002466,80.72,81.31,78.36,81.14,47054606.0,4090755393.0,119585873102.12
2022-02-16,002466,82.0,83.43,79.88,80.38,52447727.0,4654951801.0,118465768794.04
2022-02-17,002466,79.29,88.42,79.29,88.42,112771136.0,10537596934.0,130315293316.36
2022-02-18,002466,86.66,88.95,86.65,88.2,58959169.0,5619253405.0,129991052595.6
2022-02-21,002466,88.5,89.99,87.21,89.6,61437124.0,5909507067.0,132054402636.79999
2022-02-22,002466,93.03,94.01,90.34,92.97,75539000.0,7588597522.0,137021180950.26
2022-02-23,002466,92.18,94.47,91.46,93.1,50170409.0,5062109338.0,137212777739.79999
2022-02-24,002466,91.26,92.17,86.47,88.86,77725407.0,7545774306.0,130963774757.88
2022-02-25,002466,92.13,92.53,89.51,90.66,44237536.0,4375364544.0,133616653382.28
2022-02-28,002466,91.95,93.46,90.85,92.53,45116360.0,4526721109.0,136372699508.74
2022-03-01,002466,92.18,92.18,87.11,88.5,66992664.0,6477275673.0,130433199033.0
2022-03-02,002466,88.32,89.13,86.63,88.13,40131633.0,3819608802.0,129887885093.54
2022-03-03,002466,88.5,88.77,86.17,86.32,34926819.0,3298375861.0,127220268254.56
2022-03-04,002466,87.67,89.42,84.63,85.45,57664012.0,5441272267.0,125938043586.1
2022-03-07,002466,84.82,86.63,82.38,83.43,47484092.0,4343497849.0,122960924240.94
2022-03-08,002466,83.44,84.05,75.08,75.09,93332776.0,7858306911.0,110669253281.22
2022-03-09,002466,75.59,75.86,70.27,75.5,74456892.0,5941122958.0,111273520079.0
2022-03-10,002466,78.36,79.54,76.12,78.44,65573007.0,5523546105.0,115606555165.52
2022-03-11,002466,76.05,78.26,74.12,77.45,51526840.0,4245688643.0,114147471922.1
2022-03-14,002466,75.59,78.72,74.99,76.0,42580420.0,3538515726.0,112010430808.0
2022-03-15,002466,74.67,79.74,74.37,76.96,63306028.0,5317189208.0,113425299407.68
2022-03-16,002466,79.28,80.94,75.59,80.64,86809775.0,7474599540.0,118848962373.12
2022-03-17,002466,81.12,82.42,77.91,78.53,85501016.0,7444780651.0,115739199096.74
2022-03-18,002466,77.41,77.71,75.42,76.98,50865026.0,4230952844.0,113454775836.84001
2022-03-21,002466,76.22,80.48,75.48,78.41,64444131.0,5478769578.0,115562340521.78
2022-03-22,002466,78.41,80.94,77.47,79.08,55446123.0,4779620814.0,116549800898.64
2022-03-23,002466,79.75,80.09,76.64,77.78,44519956.0,3772534154.0,114633833003.24
2022-03-24,002466,77.34,79.46,75.13,78.21,50913187.0,4254909009.0,115267576230.18
2022-03-25,002466,79.28,80.74,77.02,79.71,71344384.0,6138690048.0,117478308417.18
2022-03-28,002466,78.36,78.59,73.79,75.18,62229095.0,5094862175.0,110801897212.44
2022-03-29,002466,75.41,77.25,73.75,75.88,50282942.0,4121853385.0,111833572233.04
2022-03-30,002466,75.91,78.63,75.02,78.35,56934554.0,4802005819.0,115473911234.29999
2022-03-31,002466,78.45,78.95,74.39,75.03,61713429.0,5078253654.0,110580823993.74
2022-04-01,002466,74.44,77.43,74.12,76.01,41373287.0,3412539274.0,112025169022.58
2022-04-06,002466,75.87,76.59,74.21,75.24,31733973.0,2575457583.0,110890326499.92
2022-04-07,002466,74.67,76.31,73.15,74.48,38363124.0,3107480073.0,109770222191.84001
2022-04-08,002466,74.5,74.97,71.69,72.0,41583240.0,3280423880.0,106115144976.0
2022-04-11,002466,70.06,70.26,64.8,64.8,68339786.0,4911342436.0,95503630478.4
2022-04-12,002466,63.62,66.53,63.62,66.41,39916503.0,2833729422.0,97876483025.78
2022-04-13,002466,65.92,70.48,65.65,68.18,50261177.0,3721083118.0,100485147006.44
2022-04-14,002466,68.8,69.51,67.48,68.49,30020276.0,2233434551.0,100942031658.42
2022-04-15,002466,67.48,68.38,65.45,67.23,34925891.0,2534325721.0,99085016621.34001
2022-04-18,002466,67.37,68.34,64.8,68.26,29212310.0,2125517820.0,100603052723.08
2022-04-19,002466,68.22,68.71,67.22,67.75,25319467.0,1865249946.0,99851403779.5
2022-04-20,002466,68.47,68.47,65.45,65.51,22525752.0,1624080856.0,96550043713.58
2022-04-21,002466,64.8,66.35,62.68,63.29,32220363.0,2244428261.0,93278160076.81999
2022-04-22,002466,62.17,63.15,60.63,61.3,31442103.0,2111799933.0,90345255375.4
2022-04-25,002466,59.92,60.61,55.17,55.22,56354080.0,3521409453.0,81384420910.76
2022-04-26,002466,55.35,56.67,54.44,54.77,41098173.0,2476208507.0,80721201254.66
2022-04-27,002466,54.31,60.24,53.51,60.24,56989706.0,3544825211.0,88783004629.92
2022-04-28,002466,61.26,66.14,60.92,64.05,85589065.0,5907455988.0,94398264384.9
2022-04-29,002466,64.8,70.46,63.93,70.46,75365380.0,5494946625.0,103845459930.68
2022-05-05,002466,72.18,74.11,70.24,72.11,89035610.0,6955096480.0,106277265336.38
2022-05-06,002466,70.56,72.92,70.07,72.33,60967244.0,4724620061.0,106601506057.14
2022-05-09,002466,71.9,72.84,70.99,72.22,39847028.0,3105883186.0,106439385696.76
2022-05-10,002466,71.01,75.1,70.98,74.13,64029251.0,5086891349.0,109254384681.54
2022-05-11,002466,73.47,78.94,72.92,75.59,84666603.0,6979107379.0,111406164010.22
2022-05-12,002466,74.3,75.39,72.99,73.77,49685962.0,4001757990.0,108723808956.65999
2022-05-13,002466,74.8,75.31,72.94,73.88,34570123.0,2776773018.0,108885929317.04
2022-05-16,002466,74.67,76.67,74.67,74.76,39662196.0,3247843047.0,110182892200.08
2022-05-17,002466,73.47,80.46,73.47,78.5,79934154.0,6743713755.0,115694984453.0
2022-05-18,002466,78.78,81.97,78.06,80.12,56488959.0,4917265573.0,118082575214.96
2022-05-19,002466,78.43,85.09,78.13,84.35,72393353.0,6425683996.0,124316839982.29999
2022-05-20,002466,86.1,87.57,82.01,84.16,69394101.0,6350163288.0,124036813905.28
2022-05-23,002466,85.72,92.21,85.45,91.3,85587950.0,8207423948.0,134559899115.4
2022-05-24,002466,91.29,94.53,88.74,88.86,85723243.0,8491886562.0,130963774757.88
2022-05-25,002466,88.96,90.8,86.24,89.9,64722902.0,6230470253.0,132496549074.20001
2022-05-26,002466,89.91,90.87,87.17,89.42,48213954.0,4674876071.0,131789114774.36
2022-05-27,002466,91.37,92.64,87.85,89.04,50868354.0,4975414726.0,131229062620.32
2022-05-30,002466,89.43,92.04,88.74,90.91,50949823.0,5000599808.0,133985108746.78
2022-05-31,002466,90.34,90.86,87.85,90.64,47718826.0,4641875799.0,133587176953.12
2022-06-01,002466,88.86,89.61,84.82,88.1,64083778.0,6090336162.0,129843670449.79999
2022-06-02,002466,85.73,88.17,84.99,87.01,41437492.0,3911791994.0,128237205060.58
2022-06-06,002466,87.12,95.71,87.12,95.71,97010480.0,9795777202.0,141059451745.18
2022-06-07,002466,96.79,98.18,94.95,96.75,64226803.0,6722683812.0,142592226061.5
2022-06-08,002466,97.71,103.02,97.71,101.26,75046802.0,8190431096.0,149239160837.08002
2022-06-09,002466,100.46,101.95,99.63,101.39,43980449.0,4808189275.0,149430757626.62
2022-06-10,002466,100.38,104.11,99.08,102.8,51854423.0,5734775673.0,151508845882.4
2022-06-13,002466,103.13,112.15,103.03,108.65,73525454.0,8605666365.0,160130701411.7
2022-06-14,002466,105.96,108.85,103.09,106.76,60561541.0,6955230234.0,157345178856.08002
2022-06-15,002466,107.67,111.4,105.39,108.48,63529448.0,7508619260.0,159880151763.84
2022-06-16,002466,108.48,109.33,103.98,105.78,56091390.0,6481284118.0,155900833827.24
2022-06-17,002466,104.17,110.77,103.98,109.72,59489328.0,7002051076.0,161707690371.76
2022-06-20,002466,111.82,112.0,106.84,108.61,48425233.0,5734077501.0,160071748553.38
2022-06-21,002466,107.85,108.2,103.78,105.45,52290288.0,5992570629.0,155414472746.1
2022-06-22,002466,106.01,108.28,105.55,105.97,39338965.0,4563780896.0,156180859904.26
2022-06-23,002466,107.35,109.89,102.58,109.73,62040765.0,7221504016.0,161722428586.34
2022-06-24,002466,110.04,110.27,105.51,108.65,48636494.0,5675839722.0,160130701411.7
2022-06-27,002466,107.88,119.49,107.88,115.84,74689880.0,9323195813.0,170727477694.72
2022-06-28,002466,117.81,120.46,115.88,118.36,50425672.0,6464664641.0,174441507768.88
2022-06-29,002466,117.26,117.9,113.11,113.2,46134163.0,5765387368.0,166836589045.6
2022-06-30,002466,112.46,116.43,112.46,115.04,42702897.0,5323198245.0,169636445455.04
2022-07-01,002466,114.12,124.45,113.09,122.6,69240856.0,8982199697.0,180784320347.6
2022-07-04,002466,123.53,131.82,123.53,130.62,62691469.0,8782686368.0,192610505088.12
2022-07-05,002466,130.62,135.7,130.06,135.67,57340486.0,8272716185.0,200057167549.41998
2022-07-06,002466,133.67,136.96,130.46,132.59,49435065.0,7131279133.0,195515440741.34
2022-07-07,002466,132.74,134.13,130.53,133.54,35838195.0,5156151500.0,196916298036.03998
2022-07-08,002466,134.18,136.43,131.84,136.43,55485105.0,8089163197.0,201177853385.18002
2022-07-11,002466,131.82,132.74,122.79,123.94,71261680.0,9623849719.0,182760266426.44
2022-07-12,002466,122.15,123.92,113.48,117.81,95082916.0,12180904915.0,173721050409.06
2022-07-13,002466,114.32,121.68,111.54,118.55,89791961.0,11293611017.0,174812244512.3
2022-07-14,002466,118.46,120.14,112.5,115.74,71518799.0,9025821620.0,170668656093.24
2022-07-15,002466,116.15,121.22,114.31,114.31,62277610.0,7935212674.0,168559997218.06
2022-07-18,002466,114.8,116.61,106.42,110.59,75579375.0,9056159137.0,163074534969.34
2022-07-19,002466,110.6,114.56,109.57,111.22,52919589.0,6426948560.0,164003524543.72
2022-07-20,002466,114.31,117.53,112.09,114.03,55772680.0,6938632603.0,168147112962.78
2022-07-21,002466,112.92,112.92,106.01,106.01,67772777.0,7986270451.0,156320928222.26
2022-07-22,002466,107.96,108.67,105.55,107.72,48303468.0,5604661304.0,158842471352.72
2022-07-25,002466,106.93,111.44,106.33,108.5,48575284.0,5776336676.0,159992648921.0
2022-07-26,002466,109.61,115.86,109.59,112.06,71493824.0,8744876530.0,165242177309.56
2022-07-27,002466,111.17,111.44,107.52,109.47,41182013.0,4890127448.0,161422997948.22
2022-07-28,002466,110.56,110.63,106.35,106.7,42576603.0,4970113003.0,157338392994.2
2022-07-29,002466,107.64,108.27,106.02,106.47,31497513.0,3655581906.0,156999238070.22
2022-08-01,002466,104.63,109.01,101.6,108.45,62228091.0,7121292545.0,159918919589.7
2022-08-02,002466,105.91,106.55,102.78,103.11,49002481.0,5548513054.0,152044627006.86
2022-08-03,002466,106.93,107.28,100.43,101.22,47867247.0,5393337983.0,149257658283.72
2022-08-04,002466,102.3,106.19,101.49,104.54,44987771.0,5092111800.0,154153285882.04
2022-08-05,002466,103.25,108.64,101.86,107.74,58133395.0,6673275248.0,158871963085.24
2022-08-08,002466,107.49,111.71,106.65,108.95,59302313.0,7022080844.0,160656212902.7
2022-08-09,002466,108.78,112.46,107.49,110.11,44153912.0,5273835410.0,162366733388.86
2022-08-10,002466,111.4,112.37,107.51,108.57,42922702.0,5111940906.0,160095869984.81998
2022-08-11,002466,109.74,110.16,104.93,108.32,48864244.0,5684267581.0,159727223328.31998
2022-08-12,002466,107.3,110.33,105.98,106.11,38308105.0,4468054434.0,156468386884.86
2022-08-15,002466,106.12,112.36,106.11,110.7,62677675.0,7500528370.0,163236739498.2
2022-08-16,002466,111.51,111.54,106.93,107.56,57710922.0,6801761313.0,158606537492.56
2022-08-17,002466,106.92,106.93,103.6,105.98,45530623.0,5182826807.0,156276690623.48
2022-08-18,002466,105.11,106.82,104.31,105.02,31054191.0,3545427415.0,154861087462.52
2022-08-19,002466,102.78,104.17,100.55,100.66,48592802.0,5381547827.0,148431889773.16
2022-08-22,002466,100.3,110.73,97.53,110.73,98177572.0,11242027775.0,163280977096.98
2022-08-23,002466,111.08,112.61,108.22,111.61,68083378.0,8165245452.0,164578613327.86
2022-08-24,002466,113.11,114.77,109.26,109.82,61570290.0,7472427563.0,161939103267.31998
2022-08-25,002466,110.73,111.13,99.96,103.68,75229816.0,8563359709.0,152885141383.68002
2022-08-26,002466,104.17,110.62,102.49,106.48,62684326.0,7288333442.0,157013983936.48
2022-08-29,002466,104.67,107.84,104.07,106.98,33253796.0,3825002253.0,157751277249.48
2022-08-30,002466,107.53,108.32,103.85,106.59,33169109.0,3822153721.0,157176188465.34
2022-08-31,002466,106.24,110.5,101.03,105.31,75688352.0,8576521543.0,155288717584.06
2022-09-01,002466,104.35,104.49,99.1,99.48,51282657.0,5649034492.0,146691877554.48
2022-09-02,002466,100.08,100.89,95.78,97.0,47976588.0,5106764453.0,143034902722.0
2022-09-05,002466,95.84,97.84,95.41,97.25,28318046.0,2964919278.0,143403549378.5
2022-09-06,002466,98.18,102.69,97.06,102.11,58859538.0,6405893731.0,150570040380.86
2022-09-07,002466,100.48,102.21,99.8,100.95,39089642.0,4274901633.0,148859519894.7
2022-09-08,002466,101.86,102.08,99.12,99.18,30960861.0,3373978372.0,146249501566.68002
2022-09-09,002466,100.46,102.68,99.33,101.72,49016744.0,5389527437.0,149994951596.72
2022-09-13,002466,101.87,104.63,100.17,103.25,43985881.0,4893196889.0,152251069134.5
2022-09-14,002466,102.32,105.7,101.45,104.18,44515027.0,5006976459.0,153622434696.68002
2022-09-15,002466,106.01,107.12,100.28,101.33,58902009.0,6624846354.0,149419862812.58
2022-09-16,002466,99.06,99.06,92.92,95.89,47449547.0,4962565735.0,141398111567.14
2022-09-19,002466,95.86,98.53,95.5,97.29,27743123.0,2929524120.0,143462532843.54
2022-09-20,002466,98.64,106.75,98.17,105.37,69283046.0,7819665192.0,155377192781.62
2022-09-21,002466,104.17,106.47,103.63,105.82,39131796.0,4475033703.0,156040756763.31998
2022-09-22,002466,105.58,108.22,104.38,106.05,34867796.0,4014646683.0,156379911687.3
2022-09-23,002466,105.3,105.6,100.78,102.94,40023580.0,4474729255.0,151793947280.44
2022-09-26,002466,101.59,103.71,100.65,101.31,29017642.0,3209794603.0,149390371080.06
2022-09-27,002466,101.29,101.68,96.94,100.46,39576047.0,4236651305.0,148136972447.96
2022-09-28,002466,99.17,99.56,94.02,94.29,44090807.0,4583840666.0,139038772965.54
2022-09-29,002466,95.46,97.16,94.62,95.97,31817009.0,3304959804.0,141516078497.22
2022-09-30,002466,94.95,96.05,92.19,92.55,33898752.0,3451695888.0,136472992236.3
2022-10-10,002466,91.27,92.92,89.16,89.44,26775458.0,2629942817.0,131887027829.44
2022-10-11,002466,90.89,93.66,90.32,92.74,31360758.0,3143411242.0,136753163695.23999
2022-10-12,002466,93.39,94.03,87.91,94.03,47115555.0,4661452380.0,138655380442.78
2022-10-13,002466,90.34,91.87,90.03,90.23,38872199.0,3829077040.0,133051951263.98001
2022-10-14,002466,92.09,95.28,91.26,93.95,44302024.0,4475339627.0,138537413512.7
2022-10-17,002466,91.24,92.2,89.14,91.81,57170864.0,5617312439.0,135381798133.06
2022-10-18,002466,92.92,93.76,90.59,90.81,36260357.0,3606258743.0,133907211507.06
2022-10-19,002466,90.78,93.1,90.36,91.06,30224987.0,2999502552.0,134275858163.56
2022-10-20,002466,89.42,89.42,87.12,87.74,37587416.0,3582818805.0,129380230565.23999
2022-10-21,002466,87.71,88.5,84.82,85.35,34540170.0,3244308301.0,125855968529.09999
2022-10-24,002466,86.64,88.92,85.27,85.91,40070527.0,3797092124.0,126681737039.65999
2022-10-25,002466,85.93,88.29,82.96,87.84,37578879.0,3520528804.0,129527689227.84001
2022-10-26,002466,88.48,89.88,87.8,88.13,34836306.0,3353141094.0,129955319349.37999
2022-10-27,002466,89.25,90.16,88.17,88.17,26877791.0,2597499631.0,130014302814.42
2022-10-28,002466,87.7,87.76,84.84,85.21,28143685.0,2628383991.0,125649526401.45999
2022-10-31,002466,84.81,88.4,84.41,88.08,38204696.0,3613478298.0,129881590018.08
2022-11-01,002466,87.6,93.24,87.53,92.35,52759437.0,5221077380.0,136178074911.09999
2022-11-02,002466,91.17,92.39,90.16,91.58,33406297.0,3310261789.0,135042643209.08
2022-11-03,002466,89.42,91.34,88.46,89.15,38722644.0,3761051438.0,131459397707.90001
2022-11-04,002466,89.31,97.99,87.78,96.7,79513727.0,8099579118.0,142592526734.2
2022-11-07,002466,97.21,99.1,96.2,96.78,44630757.0,4716825360.0,142710493664.28
2022-11-08,002466,96.78,97.92,95.59,97.59,29626594.0,3109070227.0,143904908831.34
2022-11-09,002466,100.47,101.21,97.13,97.15,35280577.0,3784793573.0,143256090715.9
2022-11-10,002466,95.28,95.87,91.45,92.51,39261444.0,3975448529.0,136414008771.26001
2022-11-11,002466,95.85,96.24,93.12,94.12,35477095.0,3644104088.0,138788093239.12
2022-11-14,002466,94.12,95.23,89.91,90.68,37052824.0,3694066694.0,133715515245.68001
2022-11-15,002466,89.76,91.5,88.5,91.25,31852802.0,3117886308.0,134556029622.5
2022-11-16,002466,90.34,90.72,88.15,88.21,34022670.0,3280693387.0,130073286279.45999
2022-11-17,002466,88.21,89.0,86.19,87.49,29113473.0,2756854933.0,129011583908.73999
2022-11-18,002466,86.24,87.01,84.46,84.83,38789549.0,3596772815.0,125089183483.58
2022-11-21,002466,83.89,86.03,83.26,85.95,28412323.0,2625512712.0,126740720504.7
2022-11-22,002466,86.01,86.18,83.69,84.05,24657036.0,2259021383.0,123939005915.3
2022-11-23,002466,83.7,85.14,83.06,84.65,21053036.0,1922889682.0,124823757890.90001
2022-11-24,002466,84.94,86.54,83.91,85.16,24476403.0,2261073583.0,125575797070.15999
2022-11-25,002466,84.81,84.81,82.57,82.57,28783134.0,2597510573.0,121756617708.81999
2022-11-28,002466,79.74,80.83,78.91,80.29,30192622.0,2618408646.0,118394560201.54001
2022-11-29,002466,80.75,81.34,79.47,80.94,26615220.0,2326347990.0,119353041508.44
2022-11-30,002466,80.94,84.14,80.77,83.08,41703824.0,3732774074.0,122508656888.08
2022-12-01,002466,84.5,84.81,82.73,82.74,32715621.0,2960320647.0,122007297435.23999
2022-12-02,002466,82.05,82.5,81.19,81.52,23071187.0,2043482520.0,120208301751.51999
2022-12-05,002466,82.15,82.41,80.72,81.4,24986858.0,2206800699.0,120031351356.40001
2022-12-06,002466,80.67,83.31,79.54,82.25,33573726.0,2976966219.0,121284749988.5
2022-12-07,002466,81.59,84.35,81.52,82.66,35837134.0,3234692729.0,121889330505.15999
2022-12-08,002466,82.78,84.14,81.67,82.04,23902683.0,2143416161.0,120975086797.04001
2022-12-09,002466,82.47,83.43,81.21,81.95,23840406.0,2121833414.0,120842374000.7
2022-12-12,002466,81.33,81.35,79.76,80.06,26795836.0,2335146812.0,118055405277.56
2022-12-13,002466,79.84,80.84,78.95,78.98,21110718.0,1824100223.0,116462851721.48001
2022-12-14,002466,78.96,79.55,78.46,78.89,17616940.0,1508541009.0,116330138925.14
2022-12-15,002466,78.54,80.62,77.56,80.37,28899076.0,2482204764.0,118512527131.62001
2022-12-16,002466,79.28,79.54,76.25,76.95,31303690.0,2639310232.0,113469440870.7
2022-12-19,002466,76.84,82.43,76.61,80.52,56379481.0,4942368433.0,118733715125.51999
2022-12-20,002466,79.62,80.15,76.94,77.42,32649532.0,2755692080.0,114162496584.92
2022-12-21,002466,77.53,77.89,75.38,76.05,25419526.0,2106376872.0,112142312907.3
2022-12-22,002466,76.87,76.96,73.77,73.87,27402811.0,2227095669.0,108927714062.62001
2022-12-23,002466,72.92,74.71,72.92,73.97,17294046.0,1387218034.0,109075172725.22
2022-12-26,002466,73.76,75.82,73.53,75.42,20568722.0,1669292847.0,111213323332.92
2022-12-27,002466,75.42,76.18,74.36,75.53,19265133.0,1572332661.0,111375527861.78
2022-12-28,002466,74.13,74.93,72.55,74.36,24776438.0,1982677263.0,109650261509.36
2022-12-29,002466,73.77,75.68,73.77,74.51,18669033.0,1517172194.0,109871449503.26001
2022-12-30,002466,75.28,75.69,72.64,72.82,26499024.0,2117894404.0,107379398105.31999
2023-01-03,002466,72.44,75.37,71.5,75.0,30729319.0,2462784494.0,110593890075.0
2023-01-04,002466,74.48,74.94,72.64,72.87,24958157.0,1991402437.0,107453023596.87001
2023-01-05,002466,73.48,76.8,73.1,75.4,44335391.0,3619643439.0,111183724155.40001
2023-01-06,002466,74.67,78.38,74.65,77.66,47522906.0,3981931955.0,114516286709.65999
2023-01-09,002466,78.78,79.76,78.06,78.37,35507438.0,3034145917.0,115563242202.37001
2023-01-10,002466,78.23,79.82,77.25,79.21,34735583.0,2966507900.0,116801893771.20999
2023-01-11,002466,79.05,79.51,77.59,77.7,21326797.0,1816019559.0,114575270117.7
2023-01-12,002466,78.72,80.57,78.36,78.6,34272687.0,2949255962.0,115902396798.59999
2023-01-13,002466,79.24,80.55,77.99,78.95,26841344.0,2305258629.0,116418501618.95
2023-01-16,002466,79.02,80.86,78.08,80.4,31900018.0,2768686355.0,118556650160.40001
2023-01-17,002466,81.08,81.11,79.19,79.87,21334710.0,1853840993.0,117775120003.87001
2023-01-18,002466,80.18,82.49,79.83,81.11,29769281.0,2622720785.0,119603605653.11
2023-01-19,002466,82.92,83.78,81.35,82.07,42417522.0,3783131510.0,121019207446.06999
2023-01-20,002466,81.95,88.39,81.84,86.63,58341676.0,5394805443.0,127743315962.62999
2023-01-30,002466,89.6,92.09,89.05,89.39,58009763.0,5705744064.0,131813171117.39
2023-01-31,002466,88.5,90.11,88.23,88.48,25050438.0,2418918902.0,130471298584.48001
2023-02-01,002466,89.42,89.98,88.12,89.5,28917957.0,2798207671.0,131975375489.5
2023-02-02,002466,89.51,89.54,86.97,87.43,32112797.0,3057754451.0,128922984123.43001
2023-02-03,002466,86.8,87.19,84.53,85.88,30334481.0,2822034620.0,126637377061.87999
2023-02-06,002466,85.27,85.5,83.64,84.43,21780888.0,1992338235.0,124499228520.43001
2023-02-07,002466,84.16,85.14,84.16,84.57,16719573.0,1533592556.0,124705670448.56999
2023-02-08,002466,84.82,87.76,84.35,85.95,40122829.0,3750599908.0,126740598025.95
2023-02-09,002466,84.81,85.12,83.56,85.02,24611872.0,2257553874.0,125369233789.01999
2023-02-10,002466,84.67,84.67,82.56,82.83,27385467.0,2476148907.0,122139892198.83
2023-02-13,002466,82.5,83.38,82.14,82.69,16852935.0,1510895357.0,121933450270.69
2023-02-14,002466,82.72,83.12,81.58,82.21,17044438.0,1517083296.0,121225649374.20999
2023-02-15,002466,82.43,82.95,81.15,81.32,17042727.0,1511560558.0,119913268545.31999
2023-02-16,002466,81.32,81.58,78.38,79.06,34935098.0,3031283395.0,116580705991.06
2023-02-17,002466,79.06,79.26,77.0,77.02,30325243.0,2562996845.0,113572552181.01999
2023-02-20,002466,75.42,76.49,73.89,76.49,39607683.0,3223987062.0,112791022024.48999
2023-02-21,002466,76.12,77.08,75.18,76.61,31741377.0,2625929341.0,112967972248.61
2023-02-22,002466,75.61,76.4,75.18,75.62,18743865.0,1540882898.0,111508132899.62001
2023-02-23,002466,75.57,76.59,75.52,76.24,18118152.0,1496062649.0,112422375724.23999
2023-02-24,002466,76.95,77.71,75.3,75.82,21386502.0,1769673490.0,111803049939.81999
2023-02-27,002466,75.58,77.31,75.58,76.05,22979156.0,1905364528.0,112142204536.05
2023-02-28,002466,76.03,76.04,74.67,75.58,19917281.0,1625322062.0,111449149491.58
2023-03-01,002466,75.51,75.94,74.87,75.68,16338345.0,1338701148.0,111596608011.68001
2023-03-02,002466,75.87,75.93,74.24,74.25,20940692.0,1698198183.0,109487951174.25
2023-03-03,002466,74.02,74.85,73.56,73.96,20469953.0,1642387770.0,109060321465.95999
2023-03-06,002466,74.02,75.43,72.66,74.83,27973197.0,2245828794.0,110343210590.83
2023-03-07,002466,74.64,74.67,73.42,73.48,17567003.0,1409516350.0,108352520569.48001
2023-03-08,002466,72.92,73.35,72.46,73.16,13272427.0,1049278531.0,107880653305.15999
2023-03-09,002466,73.16,74.78,72.99,73.85,19189741.0,1542421387.0,108898117093.84999
2023-03-10,002466,73.01,73.05,71.9,72.21,18831246.0,1478716798.0,106479797364.20999
2023-03-13,002466,71.45,72.09,69.4,71.0,25487902.0,1954421158.0,104695549271.0
2023-03-14,002466,70.78,72.08,68.84,70.98,30091321.0,2290689291.0,104666057566.98001
2023-03-15,002466,70.99,71.91,70.15,70.15,17111798.0,1316926311.0,103442151850.15001
2023-03-16,002466,68.68,69.76,68.09,68.11,21934000.0,1636061952.0,100433998040.11
2023-03-17,002466,68.86,69.97,68.47,68.84,21768047.0,1634146063.0,101510445236.84001
2023-03-20,002466,68.81,69.77,67.72,69.17,19977318.0,1491629969.0,101997058353.17
2023-03-21,002466,69.45,70.97,68.93,70.97,28211258.0,2145214420.0,104651311714.97
2023-03-22,002466,71.15,72.11,70.33,70.97,25103913.0,1938530720.0,104651311714.97
2023-03-23,002466,70.15,70.95,70.06,70.69,15806628.0,1208020489.0,104238427858.69
2023-03-24,002466,70.76,71.16,69.95,70.19,16721400.0,1279013857.0,103501135258.19
2023-03-27,002466,69.98,70.52,69.18,70.41,18790099.0,1425345315.0,103825544002.40999
2023-03-28,002466,70.57,70.6,68.65,68.72,16914882.0,1271847149.0,101333495012.72
2023-03-29,002466,68.75,70.73,68.74,69.41,28574381.0,2167801196.0,102350958801.40999
2023-03-30,002466,69.41,70.57,68.32,70.54,21068003.0,1593585175.0,104017240078.54001
2023-03-31,002466,71.32,71.61,69.51,69.62,32949577.0,2520065691.0,102660621693.62001
2023-04-03,002466,69.25,75.1,68.6,73.83,61622820.0,4835970651.0,108868625389.83
2023-04-04,002466,72.59,72.9,70.89,71.3,38849183.0,3024259496.0,105137924831.3
2023-04-06,002466,70.61,70.62,69.24,70.28,24906060.0,1885218545.0,103633847926.28
2023-04-07,002466,69.87,70.69,69.62,69.99,16560204.0,1259811903.0,103206218217.98999
2023-04-10,002466,70.15,72.5,69.63,72.04,33839559.0,2616790491.0,106229117880.04001
2023-04-11,002466,71.72,74.01,71.29,73.72,42690602.0,3378561039.0,108706421017.72
2023-04-12,002466,73.47,73.93,71.9,72.35,27071180.0,2131771423.0,106686239292.34999
2023-04-13,002466,71.9,72.23,70.8,70.9,20052655.0,1550404995.0,104548090750.90001
2023-04-14,002466,71.17,76.18,71.13,75.03,76636485.0,6203352190.0,110638127631.03
2023-04-17,002466,75.13,77.04,74.83,75.85,45995553.0,3783619114.0,111847287495.84999
2023-04-18,002466,75.86,79.42,75.86,76.74,50143638.0,4239157499.0,113159668324.73999
2023-04-19,002466,76.99,77.89,75.23,76.99,36287700.0,3015221261.0,113528314624.98999
2023-04-20,002466,76.41,76.41,73.36,73.76,42241356.0,3402421759.0,108765404425.76001
2023-04-21,002466,72.88,75.13,72.49,73.0,28322024.0,2263953532.0,107644719673.0
2023-04-24,002466,70.06,72.18,66.51,70.08,41809745.0,3153679969.0,103338930886.08
2023-04-25,002466,69.97,70.34,64.53,64.59,53453715.0,3836594191.0,95243458132.59001
2023-04-26,002466,63.74,68.3,62.19,65.73,44000255.0,3146348706.0,96924485261.73001
2023-04-27,002466,65.54,66.68,64.79,65.32,25144961.0,1791910784.0,96319905329.31999
2023-04-28,002466,65.47,67.57,64.86,65.69,28064078.0,2007966217.0,96865501853.69
2023-05-04,002466,67.75,69.0,66.93,67.44,36614668.0,2694502661.0,99446025955.44
2023-05-05,002466,67.29,67.57,66.1,66.52,19647606.0,1420382171.0,98089407570.51999
2023-05-08,002466,66.83,67.6,65.72,66.57,22793674.0,1641707749.0,98163136830.56999
2023-05-09,002466,66.54,67.16,65.6,65.61,20916904.0,1500039669.0,96747535037.61
2023-05-10,002466,66.02,69.67,65.46,69.05,51133502.0,3771806211.0,101820108129.05
2023-05-11,002466,69.15,70.76,68.44,69.95,37501832.0,2830788130.0,103147234809.95
2023-05-12,002466,70.99,72.36,68.77,68.87,29021760.0,2204896339.0,101554682792.87001
2023-05-15,002466,69.9,75.76,69.78,75.76,80879938.0,6514422932.0,111714574827.76001
2023-05-16,002466,77.16,77.16,75.39,76.15,60334349.0,4981504486.0,112289663056.15001
2023-05-17,002466,75.47,75.95,74.01,74.52,34226949.0,2768450365.0,109886089178.51999
2023-05-18,002466,74.46,75.34,73.09,74.67,38525229.0,3090062435.0,110107276958.67
2023-05-19,002466,74.21,74.21,72.82,73.28,24303555.0,1937165994.0,108057603529.28
2023-05-22,002466,73.06,74.12,72.65,73.27,19289742.0,1533934955.0,108042857677.26999
2023-05-23,002466,73.47,74.94,72.46,72.47,26815354.0,2139159616.0,106863189516.47
2023-05-24,002466,72.15,73.29,71.59,72.07,25124742.0,1978464654.0,106273355436.06999
2023-05-25,002466,71.35,71.79,70.09,70.84,25093651.0,1927927193.0,104459615638.84001
2023-05-26,002466,70.37,70.53,67.42,68.14,33314073.0,2468138788.0,100478235596.14
2023-05-29,002466,68.2,68.63,67.04,67.55,23054018.0,1689310830.0,99608230327.55
2023-05-30,002466,67.37,67.67,66.19,67.66,25321020.0,1838131701.0,99770434699.65999
2023-05-31,002466,67.39,67.48,65.09,66.32,27173148.0,1945470853.0,97794490530.31999
2023-06-01,002466,65.99,68.47,65.27,66.68,31224175.0,2277330167.0,98325341202.68001
2023-06-02,002466,67.13,70.8,67.13,70.34,54928101.0,4129316118.0,103722323038.34001
2023-06-05,002466,70.34,70.34,68.95,70.03,30200710.0,2280681624.0,103265201626.03
2023-06-06,002466,69.99,70.33,68.49,68.66,22794088.0,1710244785.0,101245019900.65999
2023-06-07,002466,69.51,69.95,67.32,67.67,21767675.0,1609252839.0,99785180551.67
2023-06-08,002466,68.2,70.24,68.08,68.72,32100201.0,2407703363.0,101333495012.72
2023-06-09,002466,68.53,70.23,68.25,69.12,30931745.0,2324244564.0,101923329093.12001
2023-06-12,002466,68.68,68.78,67.48,68.11,21441027.0,1584655336.0,100433998040.11
2023-06-13,002466,68.05,68.58,67.6,68.1,17061010.0,1258933590.0,100419252188.09999
2023-06-14,002466,68.49,68.72,67.29,67.3,23819095.0,1750054985.0,99239584027.3
2023-06-15,002466,67.29,70.26,66.16,69.93,47773281.0,3556385351.0,103117743105.93001
2023-06-16,002466,69.94,70.33,68.91,70.08,32334799.0,2448189653.0,103338930886.08
2023-06-19,002466,69.87,70.21,67.99,68.19,30823740.0,2299318068.0,100551964856.19
2023-06-20,002466,68.21,68.68,67.4,67.49,21284405.0,1565631465.0,99519755215.48999
2023-06-21,002466,67.29,68.0,66.36,66.55,26234684.0,1906478001.0,98133645126.55
2023-06-26,002466,65.91,66.64,65.34,66.05,20739795.0,1482344177.0,97396352526.05
2023-06-27,002466,66.23,66.68,65.59,66.68,18196606.0,1308982147.0,98325341202.68001
2023-06-28,002466,66.65,66.88,65.73,66.42,14085115.0,1012528079.0,97941949050.42
2023-06-29,002466,66.18,66.32,65.68,65.74,15630581.0,1117183340.0,96939231113.73999
2023-06-30,002466,66.39,67.79,65.55,67.27,27753808.0,1933978305.0,99208382522.76
2023-07-03,002466,67.47,68.26,67.17,67.78,20730991.0,1457547926.0,99960519806.64
2023-07-04,002466,68.1,68.57,67.39,67.97,20174014.0,1423713732.0,100240727814.36
2023-07-05,002466,67.97,68.3,67.4,68.09,18317973.0,1292666322.0,100417701292.92
2023-07-06,002466,67.84,67.96,66.41,66.6,20776175.0,1445079394.0,98220280600.79999
2023-07-07,002466,66.01,66.39,65.67,65.93,13315339.0,912602792.0,97232178678.84001
2023-07-10,002466,66.4,69.11,66.4,68.16,31254613.0,2213577946.0,100520935822.08
2023-07-11,002466,68.03,68.49,67.3,68.03,15607395.0,1098501231.0,100329214553.64
2023-07-12,002466,68.03,68.98,67.56,67.71,20038059.0,1421253739.0,99857285277.48
2023-07-13,002466,68.13,68.86,67.85,68.14,16467290.0,1167505437.0,100491440242.32
2023-07-14,002466,68.53,68.55,67.23,67.55,19171967.0,1347578433.0,99621320639.4
2023-07-17,002466,67.26,67.26,66.43,66.56,12177620.0,842737434.0,98161289441.28
2023-07-18,002466,66.55,66.58,64.96,65.43,24416060.0,1661520527.0,96494789184.84001
2023-07-19,002466,65.32,65.62,64.78,65.28,11158677.0,755036033.0,96273572336.64
2023-07-20,002466,65.46,66.6,65.46,65.7,18385026.0,1259869990.0,96892979511.6
2023-07-21,002466,64.79,64.79,63.22,63.73,23586446.0,1565661533.0,93987664905.23999
2023-07-24,002466,63.12,63.12,60.46,60.66,38342164.0,2451243407.0,89460093412.08
2023-07-25,002466,61.58,63.27,61.35,63.17,35531495.0,2302757384.0,93161788671.96
2023-07-26,002466,63.27,63.69,62.44,62.63,18720038.0,1225589160.0,92365408018.44
2023-07-27,002466,62.69,63.11,61.69,61.76,15200481.0,982328172.0,91082350298.87999
2023-07-28,002466,61.28,63.08,60.88,62.7,17699250.0,1146472105.0,92468642547.6
2023-07-31,002466,62.71,65.12,62.71,64.04,26656322.0,1775876557.0,94444846391.52
2023-08-01,002466,63.68,64.15,63.33,63.78,13507971.0,893479574.0,94061403854.64
2023-08-02,002466,63.61,63.76,62.87,62.94,12646703.0,829827457.0,92822589504.72
2023-08-03,002466,62.74,63.46,62.66,63.29,11201401.0,736115569.0,93338762150.52
2023-08-04,002466,63.58,64.71,63.37,63.84,20427458.0,1359020788.0,94149890593.92
2023-08-07,002466,63.59,63.87,63.04,63.18,11687153.0,768555267.0,93176536461.84
2023-08-08,002466,63.07,63.58,62.43,63.25,11180178.0,731952622.0,93279770991.0
2023-08-09,002466,63.06,63.06,62.43,62.46,9583595.0,623753465.0,92114695590.48
2023-08-10,002466,62.82,63.66,62.59,62.82,11875220.0,778432943.0,92645616026.16
2023-08-11,002466,62.82,62.82,61.33,61.37,14569599.0,937918094.0,90507186493.56
2023-08-14,002466,60.71,60.87,59.57,59.83,20205319.0,1258107533.0,88236026852.04
2023-08-15,002466,59.83,60.14,58.98,59.34,13134646.0,810983168.0,87513385147.92
2023-08-16,002466,59.34,60.24,58.5,58.52,17034110.0,1048236638.0,86304066377.76001
2023-08-17,002466,58.26,58.7,57.61,58.57,13731697.0,830934789.0,86377805327.16
2023-08-18,002466,58.59,58.79,56.88,56.89,16584356.0,996831027.0,83900176627.32
2023-08-21,002466,56.96,57.85,56.39,56.47,13663524.0,810607903.0,83280769452.36
2023-08-22,002466,56.78,57.55,55.41,56.93,16942568.0,993565570.0,83959167786.84
2023-08-23,002466,56.45,56.58,55.22,55.24,13017176.0,756733094.0,81466791297.12001
2023-08-24,002466,55.62,56.55,55.36,56.01,15779020.0,918776677.0,82602371117.87999
2023-08-25,002466,55.43,55.8,54.68,54.85,14137309.0,810661950.0,80891627491.8
2023-08-28,002466,58.7,58.7,55.03,55.22,24875925.0,1460290516.0,81437295717.36
2023-08-29,002466,54.82,56.85,54.45,56.48,21762823.0,1264422786.0,83295517242.23999
2023-08-30,002466,56.77,57.68,56.36,57.15,19474710.0,1154048073.0,84283619164.2
2023-08-31,002466,55.59,55.77,54.76,55.4,26652258.0,1526152230.0,81702755935.2
2023-09-01,002466,55.13,55.54,54.88,55.3,11399602.0,654449395.0,81555278036.4
2023-09-04,002466,55.46,58.06,55.02,57.16,34037489.0,2009431556.0,84298366954.08
2023-09-05,002466,56.75,57.74,56.49,57.41,20659464.0,1226345905.0,84667061701.08
2023-09-06,002466,57.02,57.09,56.3,56.78,14773399.0,869502831.0,83737950938.64
2023-09-07,002466,56.42,56.54,55.1,55.14,18251080.0,1054921388.0,81319313398.32
2023-09-08,002466,54.85,55.03,53.78,53.92,16843093.0,948277846.0,79520083032.96
2023-09-11,002466,53.73,56.11,53.15,55.12,22278437.0,1265353214.0,81289817818.56
2023-09-12,002466,55.41,58.22,55.22,56.42,39575542.0,2337012485.0,83207030502.96
2023-09-13,002466,56.1,56.79,55.28,55.57,16930340.0,984040975.0,81953468363.16
2023-09-14,002466,55.62,55.84,54.56,54.71,14901450.0,850837705.0,80685158433.48
2023-09-15,002466,54.94,55.09,53.72,53.99,17949215.0,1009587922.0,79623317562.12001
2023-09-18,002466,53.81,56.37,53.47,55.49,26724605.0,1535151759.0,81835486044.12001
2023-09-19,002466,54.95,55.19,54.0,54.21,15559998.0,880857728.0,79947768939.48
2023-09-20,002466,53.89,54.14,52.71,53.22,16083282.0,892764462.0,78487737741.36
2023-09-21,002466,52.94,53.48,52.16,52.45,17252683.0,944228497.0,77352157920.6
2023-09-22,002466,52.69,54.02,52.45,53.74,23233381.0,1286594077.0,79254622815.12001
2023-09-25,002466,53.38,53.55,52.67,53.07,14251888.0,785344442.0,78266520893.16
2023-09-26,002466,52.99,53.2,51.96,51.97,17024580.0,925203929.0,76644264006.36
2023-09-27,002466,51.64,53.56,51.37,52.55,23434714.0,1280718778.0,77499635819.4
2023-09-28,002466,52.56,54.11,52.56,52.86,22365430.0,1237737961.0,77956817305.68
2023-10-09,002466,52.25,52.43,51.3,52.12,22583413.0,1215842115.0,76865480854.56
2023-10-10,002466,52.2,54.62,52.2,53.77,39062011.0,2183139533.0,79298866184.76001
2023-10-11,002466,53.8,54.16,53.17,53.32,21022412.0,1171316505.0,78635215640.16
2023-10-12,002466,54.27,57.38,53.96,57.05,70340096.0,4082732758.0,84136141265.4
2023-10-13,002466,56.63,56.8,55.39,55.86,35879737.0,2091211877.0,82381154269.68
2023-10-16,002466,56.09,56.09,53.5,53.72,26976240.0,1523549533.0,79225127235.36
2023-10-17,002466,53.72,54.31,53.29,53.79,22676456.0,1268639411.0,79328361764.52
2023-10-18,002466,53.46,53.46,52.07,52.21,20527177.0,1121808237.0,76998210963.48
2023-10-19,002466,51.48,52.46,50.7,50.71,25993350.0,1387854741.0,74786042481.48
2023-10-20,002466,50.19,53.89,50.04,52.67,43756852.0,2385020685.0,77676609297.96
2023-10-23,002466,52.17,52.35,50.23,50.6,24332644.0,1288559059.0,74623816792.8
2023-10-24,002466,50.71,52.54,50.6,51.38,26712121.0,1430953260.0,75774144403.44
2023-10-25,002466,51.88,52.28,50.83,50.91,21182856.0,1131909120.0,75080998279.08
2023-10-26,002466,50.28,50.47,49.38,50.42,25836959.0,1337132215.0,74358356574.96
2023-10-27,002466,50.03,53.98,49.4,53.5,59564672.0,3257464420.0,78900675858.0
2023-10-30,002466,52.73,54.15,52.62,53.79,28862077.0,1609571864.0,79328361764.52
2023-10-31,002466,53.12,53.44,52.39,52.93,28158620.0,1544854422.0,78060051834.84
2023-11-01,002466,52.82,52.82,51.2,51.59,22844177.0,1229711364.0,76083847990.92
2023-11-02,002466,51.59,51.85,50.43,50.47,20694351.0,1095376556.0,74432095524.36
2023-11-03,002466,50.82,51.32,50.43,51.04,19007204.0,1004783864.0,75272719547.52
2023-11-06,002466,51.29,53.41,51.2,52.89,37867079.0,2064300053.0,78001060675.32
2023-11-07,002466,52.37,52.77,51.81,52.64,21763319.0,1182698197.0,77632365928.32
2023-11-08,002466,52.45,53.23,52.2,52.73,23735567.0,1302029550.0,77765096037.23999
2023-11-09,002466,52.54,53.77,52.45,53.01,26340738.0,1454431802.0,78178034153.87999
2023-11-10,002466,52.54,53.41,52.17,52.6,22081527.0,1210029734.0,77573374768.8
2023-11-13,002466,52.54,52.99,51.96,52.12,16845086.0,915455858.0,76865480854.56
2023-11-14,002466,52.06,52.33,51.35,51.6,18476643.0,993292156.0,76098595780.8
2023-11-15,002466,52.65,54.24,52.45,53.45,54770713.0,3052688154.0,78826936908.6
2023-11-16,002466,52.96,53.34,52.11,52.11,27772095.0,1516952858.0,76850733064.68
2023-11-17,002466,51.61,52.08,51.49,52.07,15194577.0,818199422.0,76791741905.16
2023-11-20,002466,52.45,52.6,51.58,52.02,15228293.0,821346679.0,76718002955.76001
2023-11-21,002466,52.25,52.78,51.52,51.59,21717414.0,1176565682.0,76083847990.92
2023-11-22,002466,51.2,51.44,50.06,50.13,29182413.0,1532876508.0,73930670668.44
2023-11-23,002466,50.21,50.4,49.59,50.4,17147254.0,892190124.0,74328860995.2
2023-11-24,002466,50.36,50.5,49.75,49.92,15577169.0,809470086.0,73620967080.96
2023-11-27,002466,49.6,49.62,48.12,48.49,26556960.0,1342974185.0,71512033128.12001
2023-11-28,002466,48.31,48.6,47.81,48.52,19816276.0,992873595.0,71556276497.76001
2023-11-29,002466,48.51,48.78,47.9,48.42,16142727.0,808592044.0,71408798598.96
2023-11-30,002466,48.12,48.36,47.48,48.19,15433212.0,769631698.0,71069599431.72
2023-12-01,002466,47.83,48.97,47.16,48.23,24166859.0,1204849555.0,71128590591.23999
2023-12-04,002466,48.0,49.2,47.66,48.73,23020138.0,1164894148.0,71865980085.23999
2023-12-05,002466,48.02,50.5,47.93,49.2,46184060.0,2387180091.0,72559126209.6
2023-12-06,002466,48.89,54.12,48.71,53.87,119638955.0,6606741826.0,79446344083.56
2023-12-07,002466,52.64,54.95,52.38,54.11,77017178.0,4293377931.0,79800291040.68
2023-12-08,002466,54.87,55.19,53.11,53.5,46070444.0,2572240992.0,78900675858.0
2023-12-11,002466,52.94,52.94,50.07,51.43,55723876.0,2955283766.0,75847883352.84
2023-12-12,002466,51.02,51.89,50.57,50.73,26066618.0,1378788448.0,74815538061.23999
2023-12-13,002466,50.75,50.75,49.54,49.98,24600557.0,1274798529.0,73709453820.23999
2023-12-14,002466,51.1,51.43,49.96,50.02,30166485.0,1588232223.0,73768444979.76001
2023-12-15,002466,50.94,52.89,50.81,51.53,52131508.0,2818638906.0,75995361251.64
2023-12-18,002466,51.0,52.73,50.66,50.81,29696982.0,1588961887.0,74933520380.28
2023-12-19,002466,50.5,51.28,49.99,50.51,20759222.0,1090914316.0,74491086683.87999
2023-12-20,002466,50.69,50.86,49.56,49.56,17785900.0,924773363.0,73090046645.28
2023-12-21,002466,49.12,50.76,49.08,50.16,24125285.0,1253163956.0,73974914038.08
2023-12-22,002466,50.04,53.6,49.18,52.05,54026726.0,2895068620.0,76762246325.4
2023-12-25,002466,51.85,52.93,51.63,52.29,25323097.0,1372905471.0,77116193282.52
2023-12-26,002466,52.56,52.82,51.79,52.43,22856490.0,1242124081.0,77322662340.84
2023-12-27,002466,52.16,52.31,50.81,51.48,21914561.0,1169048569.0,75921622302.23999
2023-12-28,002466,51.41,55.37,51.31,54.53,68896033.0,3847803861.0,80419698215.64
2023-12-29,002466,54.18,54.8,53.67,53.69,36955672.0,2080035339.0,79180883865.72
2024-01-02,002466,53.67,54.13,53.1,53.33,23289183.0,1298113898.0,78730385710.0
2024-01-03,002466,52.96,53.76,52.78,53.23,17900835.0,988637315.0,78582757010.0
2024-01-04,002466,53.04,53.04,51.34,51.64,23606564.0,1272967940.0,76235460680.0
2024-01-05,002466,51.24,53.74,51.24,51.96,35290770.0,1933976027.0,76707872520.0
2024-01-08,002466,51.63,53.22,51.32,51.63,25969838.0,1409349755.0,76220697810.0
2024-01-09,002466,51.8,53.71,50.19,53.13,35716267.0,1930072321.0,78435128310.0
2024-01-10,002466,52.92,54.37,52.27,53.35,37306490.0,2077341606.0,78759911450.0
2024-01-11,002466,52.92,58.68,52.7,57.56,77997424.0,4555066038.0,84975079720.0
2024-01-12,002466,56.77,57.4,55.95,55.96,43003802.0,2529659271.0,82613020520.0
2024-01-15,002466,55.7,56.57,55.15,55.41,23559111.0,1364657188.0,81801062670.0
2024-01-16,002466,55.44,56.43,55.22,55.88,29172822.0,1693989884.0,82494917560.0
2024-01-17,002466,55.89,55.96,54.37,54.37,22212150.0,1267849673.0,80265724190.0
2024-01-18,002466,53.88,56.41,53.86,56.18,38862721.0,2230965418.0,82937803660.0
2024-01-19,002466,55.81,57.43,54.93,55.28,32411276.0,1882817846.0,81609145360.0
2024-01-22,002466,54.49,54.95,52.27,52.93,38717882.0,2153213116.0,78139870910.0
2024-01-23,002466,52.64,54.36,52.05,53.48,24086059.0,1337476074.0,78951828760.0
2024-01-24,002466,53.81,54.08,51.59,53.22,27245464.0,1494475997.0,78567994140.0
2024-01-25,002466,52.9,54.23,52.19,53.9,26545609.0,1473000234.0,79571869300.0
2024-01-26,002466,53.47,54.64,52.71,52.73,24373065.0,1354134684.0,77844613510.0
2024-01-29,002466,52.71,52.71,49.08,49.09,40410361.0,2109904077.0,72470928830.0
2024-01-30,002466,48.63,49.91,48.23,48.49,20377454.0,1039937895.0,71585156630.0
2024-01-31,002466,47.2,47.76,44.46,44.75,44496043.0,2114788974.0,66063843250.0
2024-02-01,002466,44.51,45.85,43.84,44.78,23292095.0,1085189434.0,66108131860.0
2024-02-02,002466,44.78,45.31,41.32,42.51,36092626.0,1618524499.0,62756960370.0
2024-02-05,002466,42.07,42.63,39.51,40.31,35492404.0,1511481610.0,59509128970.0
2024-02-06,002466,40.23,43.45,40.22,43.14,32752348.0,1434504927.0,63687021180.0
2024-02-07,002466,43.26,44.29,42.51,43.01,34298581.0,1547120850.0,63495103870.0
2024-02-08,002466,43.46,44.81,43.15,44.13,31002383.0,1417484970.0,65148545310.0
2024-02-19,002466,44.13,44.61,43.55,44.05,26101940.0,1194267031.0,65030442349.99999
2024-02-20,002466,43.59,43.93,42.5,43.87,28805164.0,1291844393.0,64764710690.0
2024-02-21,002466,43.26,46.75,43.07,45.38,47223240.0,2221157278.0,66993904060.0
2024-02-22,002466,44.51,45.44,44.37,45.42,26385427.0,1234419960.0,67052955540.0
2024-02-23,002466,45.42,46.38,44.83,46.15,34013841.0,1614665405.0,68130645050.0
2024-02-26,002466,46.45,47.15,45.98,46.39,34088148.0,1651943682.0,68484953930.0
2024-02-27,002466,46.0,47.56,45.85,47.53,29282060.0,1422372456.0,70167921110.0
2024-02-28,002466,48.12,50.93,48.12,48.27,63391008.0,3259503089.0,71260373490.0
2024-02-29,002466,48.4,52.24,48.38,51.61,66420850.0,3488235043.0,76191172070.0
2024-03-01,002466,51.96,52.41,50.83,51.77,40190543.0,2154186293.0,76427377990.0
2024-03-04,002466,52.8,53.07,50.55,50.96,39402383.0,2113099012.0,75231585520.0
2024-03-05,002466,50.0,50.02,48.93,49.28,36504429.0,1871542051.0,72751423360.0
2024-03-06,002466,48.55,49.68,47.98,48.9,30150520.0,1525067401.0,72190434300.0
2024-03-07,002466,49.35,49.85,48.19,48.19,24154807.0,1229128672.0,71142270530.0
2024-03-08,002466,48.11,48.91,47.81,48.21,17967088.0,900957664.0,71171796270.0
2024-03-11,002466,49.08,52.23,49.08,51.72,56876518.0,3001380160.0,76353563640.0
2024-03-12,002466,52.2,52.43,50.91,51.58,32771850.0,1756379743.0,76146883460.0
2024-03-13,002466,51.57,52.44,50.92,51.23,21851362.0,1166505698.0,75630183010.0
2024-03-14,002466,50.91,51.7,50.04,50.45,24624884.0,1302480887.0,74478679150.0
2024-03-15,002466,50.23,50.82,49.08,50.52,28117089.0,1457690758.0,74582019240.0
2024-03-18,002466,50.91,51.15,50.23,50.84,24950982.0,1313740051.0,75054431080.0
2024-03-19,002466,50.52,51.16,50.17,50.22,21308397.0,1119962683.0,74139133140.0
2024-03-20,002466,50.05,50.81,49.84,50.27,15985065.0,833462216.0,74212947490.0
2024-03-21,002466,50.48,50.69,49.67,49.81,15479827.0,805122386.0,73533855470.0
2024-03-22,002466,49.56,49.81,47.83,47.92,28401074.0,1427296283.0,70743673040.0
2024-03-25,002466,47.8,47.89,46.67,46.67,20004872.0,981482026.0,68898314290.0
2024-03-26,002466,46.68,47.88,46.27,47.56,21691007.0,1061181649.0,70212209720.0
2024-03-27,002466,47.15,47.23,45.71,45.71,16502156.0,797479686.0,67481078770.0
2024-03-28,002466,45.71,46.58,45.6,45.86,18366298.0,878937427.0,67702521820.0
2024-03-29,002466,45.86,46.83,45.8,46.16,16848480.0,809839072.0,68145407919.99999
2024-04-01,002466,46.16,49.27,46.16,48.41,38458550.0,1929056482.0,71467053670.0
2024-04-02,002466,48.39,49.01,47.83,48.71,28781831.0,1450214411.0,71909939770.0
2024-04-03,002466,48.62,49.99,48.12,49.09,32585830.0,1666161447.0,72470928830.0
2024-04-08,002466,47.73,49.98,47.57,48.33,30180030.0,1530626707.0,71348950710.0
2024-04-09,002466,48.6,50.52,48.37,50.23,43273311.0,2249482113.0,74153896010.0
2024-04-10,002466,50.22,50.22,48.76,48.93,24304907.0,1243144742.0,72234722910.0
2024-04-11,002466,48.16,48.84,47.75,48.17,18417007.0,923922046.0,71112744790.0
2024-04-12,002466,48.08,48.65,47.08,47.08,17711600.0,876165264.0,69503591960.0
2024-04-15,002466,47.08,48.43,46.7,47.35,16918112.0,832841530.0,69902189450.0
2024-04-16,002466,46.85,47.09,45.04,45.06,22753821.0,1084003278.0,66521492220.0
2024-04-17,002466,45.21,46.38,45.21,46.08,15917179.0,758040048.0,68027304960.0
2024-04-18,002466,45.98,47.06,45.33,46.46,20254045.0,978202655.0,68588294020.0
2024-04-19,002466,45.98,46.27,45.05,45.27,17950761.0,847414583.0,66831512490.00001
2024-04-22,002466,44.91,45.81,44.07,44.26,18352229.0,850615168.0,65340462620.0
2024-04-23,002466,44.29,44.44,43.3,43.44,17180813.0,780484713.0,64129907280.0
2024-04-24,002466,39.1,39.1,39.1,39.1,10453200.0,424713516.0,57722821700.0
2024-04-25,002466,36.37,39.04,36.04,37.71,81304558.0,3132223043.0,55670782770.0
2024-04-26,002466,36.85,37.84,36.81,37.4,45720453.0,1772017780.0,55213133800.0
2024-04-29,002466,37.37,39.69,37.25,39.25,52942599.0,2131762435.0,57944264750.0
2024-04-30,002466,39.26,40.03,37.97,38.02,33506565.0,1339465692.0,56128431740.00001
2024-05-06,002466,39.17,39.9,38.68,38.76,42292140.0,1722503840.0,57220884120.0
2024-05-07,002466,38.87,39.31,38.59,38.93,22950741.0,926198051.0,57471852910.0
2024-05-08,002466,38.84,38.84,38.19,38.2,16658242.0,664420789.0,56394163400.00001
2024-05-09,002466,38.48,39.57,38.45,39.18,35951068.0,1463859966.0,57840924660.0
2024-05-10,002466,39.18,39.34,38.2,38.43,22601369.0,904148167.0,56733709410.0
2024-05-13,002466,37.91,37.91,36.82,37.23,23270365.0,904410961.0,54962165009.99999
2024-05-14,002466,37.53,37.68,37.02,37.17,16834894.0,651726635.0,54873587790.0
2024-05-15,002466,37.18,37.42,36.76,36.79,15217050.0,584503789.0,54312598730.0
2024-05-16,002466,36.86,37.01,36.39,36.44,18643563.0,709467992.0,53795898280.0
2024-05-17,002466,36.57,36.81,35.89,36.81,23862303.0,901435290.0,54342124470.0
2024-05-20,002466,36.33,37.03,36.33,36.85,22501373.0,859802733.0,54401175950.0
2024-05-21,002466,36.9,36.91,36.1,36.3,19207982.0,726036265.0,53589218099.99999
2024-05-22,002466,36.3,37.21,36.18,37.12,26242972.0,1002590922.0,54799773440.0
2024-05-23,002466,36.76,36.86,35.92,36.02,23134202.0,871098603.0,53175857740.00001
2024-05-24,002466,35.92,36.15,35.17,35.21,20283644.0,750357323.0,51980065270.0
2024-05-27,002466,35.12,35.35,34.37,35.02,19820920.0,714543059.0,51699570740.00001
2024-05-28,002466,34.98,35.49,34.52,34.64,15877677.0,575210127.0,51138581680.0
2024-05-29,002466,34.64,35.95,34.64,35.49,25656388.0,947258857.0,52393425630.0
2024-05-30,002466,35.58,35.87,35.16,35.31,14143309.0,520018212.0,52127693970.0
2024-05-31,002466,35.33,35.4,34.72,34.72,17437004.0,633888827.0,51256684640.0
2024-06-03,002466,34.53,34.93,34.14,34.86,16665648.0,598574088.0,51463364820.0
2024-06-04,002466,34.6,35.16,34.45,34.93,15609420.0,565135695.0,51566704910.0
2024-06-05,002466,34.65,35.1,34.4,34.42,13937142.0,502215739.0,50813798540.0
2024-06-06,002466,34.71,35.77,34.39,34.45,29126731.0,1058228493.0,50858087150.00001
2024-06-07,002466,34.51,35.07,33.81,34.0,24886238.0,851784852.0,50193758000.0
2024-06-11,002466,33.6,34.05,33.36,33.54,16061874.0,539629085.0,49514665980.0
2024-06-12,002466,33.4,33.65,32.83,33.41,21870023.0,726429463.0,49322748669.99999
2024-06-13,002466,33.43,33.95,32.71,32.72,24313558.0,805257645.0,48304110640.0
2024-06-14,002466,32.7,32.72,31.91,32.56,30364108.0,978891156.0,48067904720.0
2024-06-17,002466,32.3,32.95,32.03,32.6,20443732.0,664322440.0,48126956200.0
2024-06-18,002466,32.6,33.21,32.41,33.0,19854281.0,653728355.0,48717471000.0
2024-06-19,002466,33.0,33.1,32.31,32.32,14030982.0,458574162.0,47713595840.0
2024-06-20,002466,32.33,32.4,31.25,31.25,18265940.0,577761103.0,46133968750.0
2024-06-21,002466,31.0,31.4,30.44,30.49,22161003.0,680647377.0,45011990630.0
2024-06-24,002466,30.0,30.6,29.73,30.1,20083640.0,605635740.0,44436238700.0
2024-06-25,002466,30.0,30.25,29.34,29.53,17129187.0,507855752.0,43594755110.0
2024-06-26,002466,29.5,31.7,29.15,31.55,38073541.0,1169720864.0,46576854850.0
2024-06-27,002466,31.3,31.65,30.56,30.57,21855340.0,677183432.0,45130093590.0
2024-06-28,002466,30.49,30.81,29.85,29.91,20290744.0,614031954.0,44155744170.0
2024-07-01,002466,29.4,30.12,29.27,29.99,17297861.0,511848637.0,44273847130.0
2024-07-02,002466,30.11,30.33,29.4,29.45,15567931.0,464227318.0,43476652150.0
2024-07-03,002466,29.5,30.19,29.2,29.82,19209411.0,571248545.0,44022878340.0
2024-07-04,002466,29.81,30.01,28.88,28.88,17465607.0,510850719.0,42635168560.0
2024-07-05,002466,28.68,29.05,28.38,28.73,13128156.0,376975492.0,42413725510.0
2024-07-08,002466,28.59,28.65,27.6,27.75,17249267.0,482838878.0,40966964250.0
2024-07-09,002466,27.63,27.87,27.22,27.59,16611394.0,458161123.0,40730758330.0
2024-07-10,002466,27.0,29.16,26.9,27.92,33817982.0,958682436.0,41217933040.0
2024-07-11,002466,28.28,30.3,28.28,29.6,50430205.0,1489345283.0,43698095200.0
2024-07-12,002466,29.47,29.85,29.14,29.28,23717042.0,696934518.0,43225683360.0
2024-07-15,002466,29.09,29.35,28.72,28.74,15983108.0,461331178.0,42428488380.0
2024-07-16,002466,28.64,29.35,28.64,29.06,16000092.0,464871888.0,42900900220.0
2024-07-17,002466,29.05,29.45,28.83,28.96,18377173.0,535553194.0,42753271520.0
2024-07-18,002466,28.75,29.15,28.48,29.01,14143660.0,407820570.0,42827085870.0
2024-07-19,002466,29.01,29.6,28.44,29.23,21541874.0,625116819.0,43151869010.0
2024-07-22,002466,29.04,29.46,28.73,28.99,17772546.0,515947196.0,42797560130.0
2024-07-23,002466,29.0,29.06,27.79,27.8,17520851.0,496517027.0,41040778600.0
2024-07-24,002466,27.74,27.98,27.15,27.22,14017069.0,384774801.0,40184532140.0
2024-07-25,002466,27.01,28.85,26.96,28.18,29698657.0,838344041.0,41601767660.0
2024-07-26,002466,28.18,29.55,28.15,29.12,23674722.0,687958653.0,42989477440.0
2024-07-29,002466,29.2,29.4,28.1,28.17,19783913.0,563317558.0,41587004790.0
2024-07-30,002466,28.06,28.13,27.67,28.09,13191560.0,367795811.0,41468901830.0
2024-07-31,002466,28.21,29.3,28.03,29.26,25335552.0,732503962.0,43196157620.0
2024-08-01,002466,29.25,29.37,28.56,28.65,19978500.0,575927062.0,42295622550.0
2024-08-02,002466,28.61,29.05,28.36,28.53,15417204.0,442250765.0,42118468110.0
2024-08-05,002466,28.4,29.66,28.05,28.06,26185758.0,754759459.0,41424613220.0
2024-08-06,002466,28.42,29.2,28.35,28.76,21486215.0,617481233.0,42458014120.0
2024-08-07,002466,28.65,28.66,28.21,28.26,13495738.0,382510655.0,41719870620.0
2024-08-08,002466,28.15,28.35,27.81,27.9,13385430.0,374820371.0,41188407300.0
2024-08-09,002466,28.04,28.38,27.38,27.39,14179445.0,394022659.0,40435500930.0
2024-08-12,002466,27.62,27.65,27.03,27.1,12413982.0,337552868.0,40007377700.0
2024-08-13,002466,27.12,28.07,26.7,27.67,21555408.0,590132236.0,40848861290.0
2024-08-14,002466,27.57,28.13,26.96,26.97,18460684.0,505265267.0,39815460390.0
2024-08-15,002466,26.78,27.31,26.48,27.0,16671382.0,448500545.0,39859749000.0
2024-08-16,002466,27.09,27.29,26.62,26.7,15496300.0,416171102.0,39416862900.0
2024-08-19,002466,26.54,26.89,26.31,26.32,15232168.0,403543683.0,38855873840.0
2024-08-20,002466,26.36,27.2,26.05,26.14,33248660.0,886968882.0,38590142180.0
2024-08-21,002466,26.16,27.06,25.73,26.81,33147879.0,883166113.0,39579254470.0
2024-08-22,002466,26.93,26.98,25.8,25.8,21761088.0,571263601.0,38088204600.0
2024-08-23,002466,25.6,25.79,25.05,25.11,18167695.0,459050125.0,37069566570.0
2024-08-26,002466,25.13,26.19,25.13,25.68,27533609.0,711948070.0,37911050160.0
2024-08-27,002466,25.66,25.96,24.97,25.54,20510738.0,521036139.0,37704369980.0
2024-08-28,002466,25.37,25.54,24.94,25.32,16447457.0,414054818.0,37379586840.0
2024-08-29,002466,25.15,25.88,24.89,25.57,23799663.0,603549547.0,37748658590.0
2024-08-30,002466,25.47,26.77,25.42,26.28,34970926.0,920268985.0,38796822360.0
2024-09-02,002466,26.1,26.46,24.95,24.95,30294824.0,771378272.0,36833360650.0
2024-09-03,002466,24.95,26.9,24.63,26.15,44728496.0,1158894798.0,38604905050.0
2024-09-04,002466,25.88,26.7,25.88,26.16,26030198.0,684638573.0,38619667920.0
2024-09-05,002466,26.1,27.54,26.1,26.7,36227557.0,979567960.0,39416862900.0
2024-09-06,002466,26.6,26.9,26.03,26.05,17929026.0,470989708.0,38457276350.0
2024-09-09,002466,25.72,26.17,25.37,25.61,19884097.0,510404146.0,37807710070.0
2024-09-10,002466,25.79,25.85,24.44,24.93,28372460.0,707499400.0,36803834910.0
2024-09-11,002466,25.55,27.42,25.45,27.42,62648586.0,1671404021.0,40479789540.0
2024-09-12,002466,28.0,28.63,27.58,27.7,91280275.0,2557474403.0,40893149900.0
2024-09-13,002466,27.43,28.0,25.82,25.82,65860544.0,1737856456.0,38117730340.0
2024-09-18,002466,25.7,25.89,24.85,25.32,39004972.0,983999395.0,37379586840.0
2024-09-19,002466,25.36,25.88,24.75,25.43,49270491.0,1247303128.0,37541978410.0
2024-09-20,002466,25.43,25.43,24.7,24.94,37671117.0,938974617.0,36818597780.0
2024-09-23,002466,24.77,25.2,24.6,24.93,25864794.0,645582709.0,36803834910.0
2024-09-24,002466,25.22,27.42,25.18,27.42,95314034.0,2523136812.0,40479789540.0
2024-09-25,002466,27.9,29.04,27.9,28.09,101213769.0,2884558465.0,41468901830.0
2024-09-26,002466,28.21,29.11,27.66,29.09,59608102.0,1697648649.0,42945188830.0
2024-09-27,002466,29.99,32.0,29.93,32.0,68121547.0,2120308667.0,47241184000.0
2024-09-30,002466,34.8,35.2,33.5,35.2,113940057.0,3952539604.0,51965302400.00001
2024-10-08,002466,38.72,38.72,36.25,38.72,127727642.0,4883409155.0,57161832640.0
2024-10-09,002466,38.0,39.95,35.22,35.4,116950035.0,4404608383.0,52260559800.0
2024-10-10,002466,35.42,37.47,34.73,36.28,78905121.0,2876781026.0,53559692360.0
2024-10-11,002466,35.25,35.25,33.03,33.41,61597206.0,2085143310.0,49322748669.99999
2024-10-14,002466,33.33,33.94,32.58,33.87,48006403.0,1603644803.0,50001840690.0
2024-10-15,002466,33.76,34.19,32.82,32.85,40356718.0,1349429734.0,48496027950.0
2024-10-16,002466,32.09,32.9,32.0,32.2,33841771.0,1094322099.0,47536441400.00001
2024-10-17,002466,32.65,32.84,31.73,31.78,33599917.0,1082701159.0,46916400860.0
2024-10-18,002466,31.42,34.3,31.28,33.35,61054474.0,1993414487.0,49234171450.0
2024-10-21,002466,33.4,34.6,33.06,33.92,57993240.0,1957654993.0,50075655040.0
2024-10-22,002466,33.75,35.44,33.33,35.24,51889824.0,1771404056.0,52024353880.0
2024-10-23,002466,35.6,37.05,34.46,36.09,82300786.0,2943106764.0,53279197830.00001
2024-10-24,002466,35.5,35.6,34.31,34.72,45021449.0,1569500319.0,51256684640.0
2024-10-25,002466,35.47,37.7,35.41,36.89,95253860.0,3505410523.0,54460227430.0
2024-10-28,002466,36.67,37.21,35.85,37.05,59200363.0,2165532788.0,54696433349.99999
2024-10-29,002466,37.35,37.92,35.86,35.91,49751961.0,1821463236.0,53013466169.99999
2024-10-30,002466,35.5,35.86,34.48,34.87,43686303.0,1529648753.0,51478127690.0
2024-10-31,002466,34.92,36.25,34.6,35.95,49968943.0,1781824907.0,53072517650.00001
2024-11-01,002466,35.63,37.74,35.11,36.09,76099830.0,2778227599.0,53279197830.00001
2024-11-04,002466,36.18,36.58,35.38,36.17,40218987.0,1449024578.0,53397300790.0
2024-11-05,002466,36.0,37.48,35.8,37.15,58963477.0,2171964151.0,54844062050.0
2024-11-06,002466,36.89,39.6,36.8,37.4,74153559.0,2837384029.0,55213133800.0
2024-11-07,002466,36.8,37.78,36.3,37.69,49782595.0,1846226686.0,55641257030.0
2024-11-08,002466,38.71,40.3,37.71,37.98,73449609.0,2867848490.0,56069380259.99999
2024-11-11,002466,37.64,41.44,37.59,40.83,96326510.0,3846826219.0,60276798210.0
2024-11-12,002466,41.99,43.87,41.36,41.8,115604700.0,4923950864.0,61708796599.99999
2024-11-13,002466,42.53,44.58,40.44,42.83,96331572.0,4091920884.0,63229372210.0
2024-11-14,002466,42.23,42.42,39.7,39.96,73696734.0,3014403796.0,58992428520.0
2024-11-15,002466,39.19,39.9,37.78,37.81,50457265.0,1952237980.0,55818411470.0
2024-11-18,002466,37.81,38.59,37.1,37.45,36134888.0,1364900146.0,55286948150.00001
2024-11-19,002466,37.8,41.2,37.57,41.2,55259325.0,2175932928.0,60823024400.00001
2024-11-20,002466,41.0,43.07,40.6,41.4,99334618.0,4144534518.0,61118281800.0
2024-11-21,002466,40.8,42.38,40.42,41.5,57171024.0,2352243931.0,61265910500.0
2024-11-22,002466,40.9,42.39,39.61,39.81,60465917.0,2492781831.0,58770985470.0
2024-11-25,002466,39.8,41.5,39.8,40.35,47244968.0,1914258794.0,59568180450.0
2024-11-26,002466,40.15,40.17,38.15,38.17,42156252.0,1637572741.0,56349874790.0
2024-11-27,002466,37.89,38.78,36.86,38.68,40458400.0,1528383496.0,57102781160.0
2024-11-28,002466,38.65,38.67,37.8,37.84,27929031.0,1065251413.0,55862700080.00001
2024-11-29,002466,37.85,38.83,37.39,38.18,36241110.0,1383350429.0,56364637660.0
2024-12-02,002466,37.8,38.31,37.4,38.19,32117494.0,1221780218.0,56379400530.0
2024-12-03,002466,38.36,38.5,37.36,37.67,25012762.0,945460926.0,55611731290.0
2024-12-04,002466,37.67,37.87,36.87,37.0,24008536.0,894874987.0,54622619000.0
2024-12-05,002466,36.88,37.13,36.62,37.12,18207139.0,671724727.0,54799773440.0
2024-12-06,002466,36.97,38.62,36.5,37.94,35698460.0,1341468454.0,56010328780.0
2024-12-09,002466,37.51,37.88,37.06,37.3,20408470.0,764128413.0,55065505099.99999
2024-12-10,002466,38.51,38.68,37.05,37.19,29148102.0,1100562570.0,54903113530.0
2024-12-11,002466,37.0,37.34,36.88,37.16,15184455.0,563624147.0,54858824919.99999
2024-12-12,002466,36.96,37.75,36.81,37.6,22880026.0,854703076.0,55508391200.0
2024-12-13,002466,37.25,37.26,36.37,36.4,27772560.0,1018513243.0,53736846800.0
2024-12-16,002466,36.3,36.48,35.0,35.21,26687801.0,947950505.0,51980065270.0
2024-12-17,002466,35.25,35.4,34.63,34.71,19488815.0,682166114.0,51241921770.0
2024-12-18,002466,34.77,35.03,34.61,34.66,13052986.0,454214662.0,51168107419.99999
2024-12-19,002466,34.3,34.66,34.0,34.48,18127379.0,621678630.0,50902375759.99999
2024-12-20,002466,34.7,35.15,34.48,34.84,16883742.0,587640855.0,51433839080.00001
2024-12-23,002466,34.74,35.13,34.2,34.28,15026775.0,520899994.0,50607118360.0
2024-12-24,002466,34.35,35.14,34.35,34.7,18184056.0,631854656.0,51227158900.00001
2024-12-25,002466,34.7,34.7,33.77,33.92,15054660.0,513230348.0,50075655040.0
2024-12-26,002466,33.88,34.36,33.8,34.0,12063734.0,411162125.0,50193758000.0
2024-12-27,002466,34.11,34.52,33.86,34.13,15981547.0,546788085.0,50385675310.0
2024-12-30,002466,34.0,34.45,33.73,34.38,16886388.0,574995541.0,50754747060.0
2024-12-31,002466,34.2,34.36,33.0,33.0,19612696.0,656704957.0,48717471000.0
2025-01-02,002466,33.01,33.33,32.19,32.39,19596112.0,641229992.0,47816935930.0
2025-01-03,002466,32.41,32.8,31.5,31.63,17958721.0,576487951.0,46694957810.0
2025-01-06,002466,32.42,33.2,31.93,32.33,25640739.0,834170159.0,47728358710.0
2025-01-07,002466,32.1,33.11,31.89,33.04,18729208.0,612164840.0,48776522480.0
2025-01-08,002466,32.71,32.98,31.7,32.13,18870639.0,607016505.0,47433101310.0
2025-01-09,002466,31.91,32.3,31.85,32.07,10560026.0,339084244.0,47344524090.0
2025-01-10,002466,32.07,32.24,31.0,31.0,15519415.0,489682818.0,45764897000.0
2025-01-13,002466,30.96,33.0,30.73,32.29,32891825.0,1060841316.0,47669307230.0
2025-01-14,002466,32.3,33.11,31.93,32.99,25432958.0,829471323.0,48702708130.0
2025-01-15,002466,32.69,33.56,32.32,33.03,24951516.0,824323948.0,48761759610.0
2025-01-16,002466,33.01,33.58,32.69,33.05,17838542.0,591024749.0,48791285349.99999
2025-01-17,002466,33.47,34.36,33.04,33.39,23719598.0,794958603.0,49293222930.0
2025-01-20,002466,33.27,33.56,33.0,33.06,17296194.0,574512344.0,48806048220.0
2025-01-21,002466,33.23,33.25,32.01,32.15,19456725.0,629610708.0,47462627050.0
2025-01-22,002466,32.0,32.01,31.37,31.55,14523865.0,459678478.0,46576854850.0
2025-01-23,002466,31.89,32.38,31.18,31.18,16601833.0,527163534.0,46030628660.0
2025-01-24,002466,30.59,30.99,29.85,30.99,29849002.0,907457897.0,45750134130.0
2025-01-27,002466,30.85,31.47,30.57,30.58,16756146.0,518971159.0,45144856460.0
2025-02-05,002466,30.91,30.95,30.35,30.69,13037874.0,400036519.0,45307248030.0
2025-02-06,002466,30.5,31.69,30.01,31.53,25372337.0,786225513.0,46547329110.0
2025-02-07,002466,31.4,32.53,31.38,32.1,29094364.0,933902204.0,47388812700.0
2025-02-10,002466,32.01,32.58,31.8,32.58,21352826.0,688336632.0,48097430460.0
2025-02-11,002466,32.58,32.58,31.39,31.44,23618542.0,748500952.0,46414463280.0
2025-02-12,002466,31.44,34.58,31.29,33.86,56585417.0,1880707225.0,49987077820.0
2025-02-13,002466,33.41,34.17,33.0,33.09,40416212.0,1352262348.0,48850336830.00001
2025-02-14,002466,33.52,34.2,33.18,33.29,27714004.0,930565051.0,49145594230.0
2025-02-17,002466,33.1,33.4,32.33,32.7,29567882.0,966986963.0,48274584900.00001
2025-02-18,002466,33.09,33.53,32.4,32.68,36555631.0,1206100534.0,48245059160.0
2025-02-19,002466,32.3,32.76,31.86,32.69,25786387.0,835246666.0,48259822030.0
2025-02-20,002466,32.5,32.81,32.11,32.33,20094859.0,650599988.0,47728358710.0
2025-02-21,002466,32.36,32.89,32.23,32.64,25540794.0,832419970.0,48186007680.0
2025-02-24,002466,32.64,32.95,32.25,32.53,22508019.0,733675857.0,48023616110.0
2025-02-25,002466,32.2,33.5,32.11,32.6,29742082.0,978548431.0,48126956200.0
2025-02-26,002466,32.46,33.12,32.35,33.02,29908135.0,979708856.0,48746996740.00001
2025-02-27,002466,33.02,34.2,32.71,33.43,45149687.0,1509319695.0,49352274410.0
2025-02-28,002466,33.12,33.65,32.28,32.42,34984728.0,1155106893.0,47861224540.0
2025-03-03,002466,32.52,34.39,32.5,34.12,63833161.0,2162699306.0,50370912440.0
2025-03-04,002466,33.75,33.75,32.7,33.19,36111830.0,1193065028.0,48997965530.0
2025-03-05,002466,33.2,33.24,32.5,32.82,22025071.0,720464083.0,48451739340.0
2025-03-06,002466,32.88,33.33,32.8,33.26,24860148.0,822189849.0,49101305620.0
2025-03-07,002466,33.25,33.87,32.95,33.11,32232375.0,1080011793.0,48879862570.0
2025-03-10,002466,33.18,33.85,32.75,33.07,21066307.0,698064923.0,48820811090.0
2025-03-11,002466,32.73,32.78,32.21,32.78,23146113.0,752527390.0,48392687860.0
2025-03-12,002466,32.72,32.95,32.4,32.49,15828786.0,515330677.0,47964564630.0
2025-03-13,002466,32.49,32.62,31.9,32.09,19890489.0,640264271.0,47374049830.00001
2025-03-14,002466,32.2,32.63,32.16,32.62,22915059.0,743892049.0,48156481940.0
2025-03-17,002466,32.72,33.2,32.51,32.91,23092463.0,760088711.0,48584605169.99999
2025-03-18,002466,33.18,33.29,32.7,32.81,16678742.0,549239013.0,48436976470.0
2025-03-19,002466,32.67,32.7,32.26,32.41,16427612.0,532865769.0,47846461669.99999
2025-03-20,002466,32.16,32.4,32.1,32.17,11870928.0,382538918.0,47492152790.0
2025-03-21,002466,32.06,32.23,31.4,31.47,17654420.0,560327522.0,46458751890.0
2025-03-24,002466,31.38,31.5,30.75,31.17,16274684.0,504492466.0,46015865790.0
2025-03-25,002466,31.2,31.4,31.0,31.22,10039414.0,313195116.0,46089680140.0
2025-03-26,002466,31.24,31.45,31.13,31.25,9907915.0,310024058.0,46133968750.0
2025-03-27,002466,31.0,31.24,30.55,30.99,12695191.0,392217458.0,45750134130.0
2025-03-28,002466,31.08,31.12,30.52,30.56,10971021.0,337010556.0,45115330720.0
2025-03-31,002466,30.45,30.6,29.92,30.32,12441720.0,376212959.0,44761021840.0
2025-04-01,002466,30.32,30.71,30.15,30.55,10880244.0,331816250.0,45100567850.0
2025-04-02,002466,30.55,30.85,30.33,30.63,9063214.0,277076862.0,45218670810.0
2025-04-03,002466,30.2,30.61,30.18,30.26,8549101.0,259555612.0,44659088884.84001
2025-04-07,002466,28.0,28.77,27.23,27.23,24040535.0,664144101.0,40187276613.82001
2025-04-08,002466,26.85,27.7,26.57,27.07,21686997.0,585675931.0,39951141312.380005
2025-04-09,002466,26.35,27.25,25.57,27.07,26880605.0,713360649.0,39951141312.380005
2025-04-10,002466,27.88,27.98,27.44,27.56,21307141.0,590133057.0,40674305673.04
2025-04-11,002466,27.25,27.95,27.23,27.75,15347164.0,425049133.0,40954716343.50001
2025-04-14,002466,28.15,28.4,28.02,28.06,14065195.0,396804479.0,41412228490.04001
2025-04-15,002466,28.18,28.31,27.86,27.95,9522619.0,266945277.0,41249885470.3
2025-04-16,002466,27.95,27.95,27.24,27.55,11678620.0,321565100.0,40659547216.700005
2025-04-17,002466,27.45,27.68,27.32,27.46,7780715.0,214419326.0,40526721109.64001
2025-04-18,002466,27.46,27.64,27.2,27.53,6606083.0,181034811.0,40630030304.02001
2025-04-21,002466,27.45,27.77,27.28,27.71,8282531.0,228498188.0,40895682518.14001
2025-04-22,002466,27.64,27.85,27.38,27.48,9543524.0,262869126.0,40556238022.32001
2025-04-23,002466,27.64,27.83,27.36,27.59,9592190.0,264375692.0,40718581042.060005
2025-04-24,002466,28.8,29.77,28.58,28.76,45780445.0,1333576619.0,42445320433.84001
2025-04-25,002466,28.69,29.16,28.5,28.79,21532177.0,619950008.0,42489595802.86001
2025-04-28,002466,28.5,28.6,28.08,28.12,14709546.0,415668993.0,41500779228.08001
2025-04-29,002466,28.0,28.65,27.98,28.6,14063228.0,400065950.0,42209185132.40001
2025-04-30,002466,28.6,29.25,28.56,28.81,17746425.0,513759014.0,42519112715.54001
2025-05-06,002466,28.78,29.25,28.78,29.13,16851852.0,489192939.0,42991383318.420006
2025-05-07,002466,29.45,29.5,28.82,28.98,15626257.0,454071567.0,42770006473.32001
2025-05-08,002466,28.85,29.6,28.77,29.4,18543594.0,542214907.0,43389861639.600006
2025-05-09,002466,29.34,29.4,29.05,29.15,11167678.0,325907850.0,43020900231.100006
2025-05-12,002466,29.31,29.75,29.16,29.73,18355437.0,540726484.0,43876890698.82001
2025-05-13,002466,29.76,30.2,29.6,29.81,20666225.0,616722834.0,43994958349.54001
2025-05-14,002466,29.71,30.35,29.62,30.23,25625992.0,770623726.0,44614813515.82001
2025-05-15,002466,30.03,30.08,29.33,29.39,17298391.0,513277539.0,43375103183.26001
2025-05-16,002466,29.2,29.59,29.15,29.15,11088308.0,325322502.0,43020900231.100006
2025-05-19,002466,29.0,29.34,28.84,29.29,10127422.0,294423628.0,43227518619.86001
2025-05-20,002466,29.3,29.45,29.0,29.29,9759659.0,284997133.0,43227518619.86001
2025-05-21,002466,29.23,29.92,29.15,29.53,20553200.0,609848699.0,43581721572.02001
2025-05-22,002466,29.5,30.11,29.37,29.6,23316117.0,693987406.0,43685030766.40001
2025-05-23,002466,29.59,31.2,29.54,30.17,41964524.0,1281623962.0,44526262777.78001
2025-05-26,002466,30.02,30.03,29.29,29.59,21050433.0,623134728.0,43670272310.060005
2025-05-27,002466,29.57,30.33,29.43,29.88,18112353.0,540942417.0,44098267543.920006
2025-05-28,002466,29.67,29.77,28.79,28.87,23115983.0,671655402.0,42607663453.58001
2025-05-29,002466,28.84,29.3,28.57,29.3,17461476.0,508235375.0,43242277076.200005
2025-05-30,002466,29.18,29.3,28.91,28.94,10453937.0,303555154.0,42710972647.96001
2025-06-03,002466,28.8,29.68,28.7,29.32,13282784.0,387990959.0,43271793988.880005
2025-06-04,002466,29.35,30.57,29.32,30.37,35625856.0,1076004965.0,44821431904.58001
2025-06-05,002466,30.37,30.54,30.1,30.26,16789949.0,508313032.0,44659088884.84001
2025-06-06,002466,30.37,30.69,30.16,30.34,14885308.0,452972286.0,44777156535.560005
2025-06-09,002466,30.33,30.59,30.17,30.37,14010401.0,425838747.0,44821431904.58001
2025-06-10,002466,30.38,30.97,29.9,30.15,16443908.0,499032719.0,44496745865.100006
2025-06-11,002466,30.11,31.02,30.11,30.75,24011971.0,738734027.0,45382253245.50001
2025-06-12,002466,30.61,30.81,30.47,30.62,13488625.0,412836651.0,45190393313.08001
2025-06-13,002466,30.96,30.96,30.1,30.2,17583945.0,534347370.0,44570538146.8
2025-06-16,002466,30.0,30.14,29.81,30.03,12756828.0,382212891.0,44319644389.02001
2025-06-17,002466,30.12,30.6,30.04,30.15,15441156.0,468019176.0,44496745865.100006
2025-06-18,002466,30.21,30.28,29.7,29.9,12113212.0,362178822.0,44127784456.600006
2025-06-19,002466,29.79,30.57,29.5,29.78,22638474.0,679209520.0,43950682980.52001
2025-06-20,002466,29.65,30.45,29.32,29.33,17968031.0,535973223.0,43286552445.22
2025-06-23,002466,29.21,30.36,29.21,30.24,25273156.0,758381157.0,44629571972.16
2025-06-24,002466,30.23,31.42,30.05,31.22,40005336.0,1234890181.0,46075900693.48
2025-06-25,002466,31.15,31.64,31.01,31.52,30923158.0,970173781.0,46518654383.68001
2025-06-26,002466,31.5,32.71,31.43,31.44,38535300.0,1230187746.0,46400586732.96001
2025-06-27,002466,31.75,33.16,31.75,32.27,53387810.0,1739429732.0,47625538609.180016
2025-06-30,002466,32.25,32.35,31.78,32.04,26770541.0,855873358.0,47286094113.36001
2025-07-01,002466,31.82,31.89,31.22,31.78,21590838.0,680839335.0,46902374248.52001
2025-07-02,002466,31.9,32.71,31.62,32.45,33668091.0,1084907062.0,47891190823.30001
2025-07-03,002466,32.66,33.5,32.35,33.33,45775606.0,1510687336.0,49189934981.22001
2025-07-04,002466,33.03,33.2,32.3,32.37,30576787.0,995323478.0,47773123172.58
2025-07-07,002466,32.38,32.38,32.08,32.2,13074547.0,420770582.0,47522229414.80001
2025-07-08,002466,32.22,33.75,32.22,33.4,45877842.0,1521053398.0,49293244175.600006
2025-07-09,002466,33.5,33.67,33.09,33.18,25870158.0,862114758.0,48968558136.12001
2025-07-10,002466,33.03,33.62,32.97,33.42,22881370.0,762707998.0,49322761088.280014
2025-07-11,002466,33.65,34.1,33.15,33.26,41207928.0,1386299726.0,49086625786.840004
2025-07-14,002466,34.43,35.75,34.11,34.23,60852118.0,2117810815.0,50518196051.82001
2025-07-15,002466,34.03,34.23,33.21,33.88,48085054.0,1621202191.0,50001650079.92001
2025-07-16,002466,33.62,33.86,32.91,33.04,33719372.0,1119773686.0,48761939747.36001
2025-07-17,002466,33.2,34.5,32.87,34.25,55077144.0,1865813705.0,50547712964.50001
2025-07-18,002466,34.67,36.17,34.66,36.0,81762372.0,2910998588.0,53130442824.00001
2025-07-21,002466,36.18,36.35,35.61,35.9,44457615.0,1595891955.0,52982858260.600006
2025-07-22,002466,35.99,37.16,35.66,36.86,67452865.0,2463174481.0,54399670069.240005
2025-07-23,002466,37.4,38.04,36.5,36.63,77084049.0,2870011247.0,54060225573.42001
2025-07-24,002466,36.12,40.29,36.06,40.29,116772110.0,4540828886.0,59461820593.86001
2025-07-25,002466,41.05,42.94,40.91,41.89,138585113.0,5778159466.0,61823173608.26001
2025-07-28,002466,40.81,41.84,40.04,40.74,89628760.0,3664104089.0,60125951129.16001
2025-07-29,002466,40.04,41.23,40.04,40.4,62387307.0,2527688843.0,59624163613.600006
2025-07-30,002466,40.83,41.14,39.43,39.88,66125180.0,2665179545.0,58856723883.92001
2025-07-31,002466,39.36,39.58,38.0,38.23,71228891.0,2752734946.0,56421578587.82001
2025-08-01,002466,38.28,38.75,38.0,38.25,38159914.0,1462161811.0,56451095500.50001
2025-08-04,002466,38.25,38.35,37.58,38.09,30369133.0,1152453704.0,56214960199.06001
2025-08-05,002466,38.1,38.3,37.79,38.07,29982677.0,1139791864.0,56185443286.38001
2025-08-06,002466,37.9,38.17,37.71,38.16,34755597.0,1318719863.0,56318269393.44
2025-08-07,002466,38.51,40.03,37.6,39.54,80397783.0,3123093305.0,58354936368.36001
2025-08-08,002466,39.48,41.34,39.11,40.83,82220564.0,3319537530.0,60258777236.22001
2025-08-11,002466,44.85,44.91,42.88,44.91,84014181.0,3720420988.0,66280227422.94
2025-08-12,002466,44.9,47.1,43.37,45.88,154096564.0,6913562975.0,67711797687.92001
2025-08-13,002466,44.92,45.47,44.1,44.74,99433651.0,4442587553.0,66029333665.16001
2025-08-14,002466,44.76,45.2,42.96,43.03,78752836.0,3449548829.0,63505637631.02001
2025-08-15,002466,43.05,43.99,43.01,43.77,53797606.0,2347840793.0,64597763400.180016
2025-08-18,002466,44.9,45.37,44.0,44.46,69810059.0,3112706744.0,65616096887.640015
2025-08-19,002466,43.9,44.9,43.6,43.88,55355371.0,2440269619.0,64760106419.92001
2025-08-20,002466,42.88,43.42,42.01,43.04,69970094.0,2984410465.0,63520396087.36001
2025-08-21,002466,42.86,43.41,42.5,42.64,39350905.0,1687890872.0,62930057833.76001
2025-08-22,002466,42.19,43.28,42.04,43.1,47142390.0,2021281424.0,63608946825.40001
2025-08-25,002466,43.2,44.46,43.18,43.84,69886386.0,3063350460.0,64701072594.56001
2025-08-26,002466,43.84,44.56,43.2,43.91,52790008.0,2322597146.0,64804381788.94
2025-08-27,002466,44.46,44.88,42.75,42.77,67636662.0,2964121471.0,63121917766.180016
2025-08-28,002466,41.88,42.8,41.3,42.8,58426971.0,2463497926.0,63166193135.200005
2025-08-29,002466,42.8,44.6,42.8,43.96,69905161.0,3068596146.0,64878174070.640015
2025-09-01,002466,43.99,44.19,43.08,43.86,51327169.0,2240637833.0,64730589507.24001
2025-09-02,002466,44.02,44.59,42.53,42.58,58677816.0,2552627180.0,62841507095.72001
2025-09-03,002466,42.53,44.4,41.8,42.12,52562369.0,2257543923.0,62162618104.08001
2025-09-04,002466,41.92,43.94,41.82,42.66,63897101.0,2750046036.0,62959574746.44
2025-09-05,002466,42.24,46.78,41.92,46.35,129705458.0,5836183211.0,68405445135.90002
2025-09-08,002466,46.42,49.67,44.9,47.34,133183585.0,6239371416.0,69866532313.56001
2025-09-09,002466,46.5,48.09,45.86,46.24,86618258.0,4073498686.0,68243102116.16001
2025-09-10,002466,43.74,44.72,43.16,43.93,88444462.0,3879003447.0,64833898701.62001
2025-09-11,002466,43.8,44.12,43.1,43.93,56993123.0,2485842995.0,64833898701.62001
2025-09-12,002466,43.94,44.91,43.36,44.03,58356425.0,2564018421.0,64981483265.02001
2025-09-15,002466,44.04,45.95,44.04,45.31,66421891.0,3005513540.0,66870565676.540016
2025-09-16,002466,45.42,45.8,43.81,44.49,46909565.0,2085594730.0,65660372256.66001
2025-09-17,002466,44.37,45.45,43.75,44.79,43878968.0,1953966339.0,66103125946.86001
2025-09-18,002466,44.5,44.5,42.55,43.15,50816979.0,2223079595.0,63682739107.100006
2025-09-19,002466,43.18,46.0,43.18,45.01,93355409.0,4206067309.0,66427811986.34001
2025-09-22,002466,45.21,45.22,43.3,43.87,57129833.0,2502309387.0,64745347963.58001
2025-09-23,002466,43.4,44.43,42.01,42.82,48342606.0,2085576611.0,63195710047.88001
2025-09-24,002466,42.71,44.0,42.01,43.34,45834980.0,1972599444.0,63963149777.56001
2025-09-25,002466,43.47,45.4,43.47,44.69,73834231.0,3285010456.0,65955541383.46001
2025-09-26,002466,44.1,46.76,43.79,44.77,78216604.0,3535019792.0,66073609034.180016
2025-09-29,002466,45.15,46.65,45.0,46.44,87428857.0,4013798962.0,68538271242.96001
2025-09-30,002466,46.38,48.0,45.89,47.57,85458278.0,4035947529.0,70205976809.38
2025-10-09,002466,49.68,52.2,48.6,51.33,108499393.0,5453647086.0,75755156393.22002
2025-10-10,002466,51.08,51.39,47.14,47.65,93976600.0,4609220488.0,70324044460.1
2025-10-13,002466,45.0,49.89,45.0,49.77,79966069.0,3791341090.0,73452837204.18002
2025-10-14,002466,50.41,50.48,46.69,46.98,73881083.0,3590645388.0,69335227885.32
2025-10-15,002466,47.34,48.68,46.27,47.3,52993065.0,2513790179.0,69807498488.20001
2025-10-16,002466,47.2,48.3,46.53,47.5,39505640.0,1872739600.0,70102667615.00002
2025-10-17,002466,47.99,49.15,46.3,46.55,53111151.0,2533433291.0,68700614262.700005
2025-10-20,002466,46.75,47.14,44.83,45.49,47743964.0,2195830828.0,67136217890.66001
2025-10-21,002466,45.65,45.99,44.96,45.61,31672180.0,1442532853.0,67313319366.74001
2025-10-22,002466,45.41,45.98,43.96,45.97,38816618.0,1748600838.0,67843400992.979996
2025-10-23,002466,45.64,48.32,45.15,48.01,65591705.0,3079592629.0,70854071822.34
2025-10-24,002466,48.4,50.51,48.17,48.61,77199393.0,3793862381.0,71739563242.74
2025-10-27,002466,49.1,49.5,48.21,49.21,61711693.0,3012963576.0,72625054663.14
2025-10-28,002466,49.1,50.16,48.3,48.51,58916560.0,2898318866.0,71591981339.34
2025-10-29,002466,48.9,51.0,48.73,50.77,87198412.0,4359388718.0,74927332356.18001
2025-10-30,002466,50.4,55.85,50.08,55.68,181499773.0,9773931313.0,82173603813.12
2025-10-31,002466,55.63,56.92,53.4,53.4,155442675.0,8600366855.0,78808736415.59999
2025-11-03,002466,54.41,54.41,52.1,53.83,90088140.0,4809555275.0,79443338600.22
2025-11-04,002466,53.8,55.45,51.78,52.25,74682631.0,3986216658.0,77111544526.5
2025-11-05,002466,51.62,55.4,51.0,54.27,89765264.0,4778595157.0,80092698975.18001
2025-11-06,002466,54.0,55.81,53.86,55.14,76585138.0,4214272617.0,81376661534.76
2025-11-07,002466,55.74,57.92,54.98,56.99,102142092.0,5776790826.0,84106926747.66
2025-11-10,002466,58.2,60.0,56.44,57.51,121006572.0,7058401561.0,84874352645.34
2025-11-11,002466,57.0,57.74,54.88,55.32,85264904.0,4801402881.0,81642308960.88
2025-11-12,002466,54.3,55.54,52.68,54.1,64974773.0,3509354986.0,79841809739.40001
2025-11-13,002466,53.99,59.51,53.62,59.5,142931477.0,8294317441.0,87811232523.0
2025-11-14,002466,58.0,58.86,56.0,56.61,97504760.0,5575816356.0,83546115514.74
2025-11-17,002466,58.29,62.27,58.28,62.2,156494978.0,9551131492.0,91795943914.8
2025-11-18,002466,62.0,63.67,59.18,59.94,126730060.0,7736193456.0,88460592897.95999
2025-11-19,002466,61.0,64.71,60.12,63.59,134178803.0,8427267479.0,93847332372.06
2025-11-20,002466,63.36,66.65,61.85,62.31,136087699.0,8750239008.0,91958284008.54001
2025-11-21,002466,58.32,58.99,56.08,56.08,94392629.0,5366403779.0,82763931426.72
2025-11-24,002466,54.79,55.0,50.48,51.59,121139911.0,6293238328.0,76137503964.06
2025-11-25,002466,52.45,54.45,51.12,53.7,90348389.0,4756059085.0,79251482125.8
2025-11-26,002466,54.5,55.9,53.39,54.16,79548832.0,4327278850.0,79930358881.44
2025-11-27,002466,53.54,55.15,53.34,53.75,54283877.0,2941230827.0,79325273077.5
2025-11-28,002466,53.82,55.78,53.58,55.03,63000142.0,3456303475.0,81214321441.02
2025-12-01,002466,55.45,56.21,54.19,54.62,53222619.0,2933877741.0,80609235637.08
2025-12-02,002466,53.81,53.86,52.51,52.61,50403014.0,2669079093.0,77642839378.74
2025-12-03,002466,53.05,53.2,50.9,51.2,49596972.0,2560614810.0,75561934540.8
2025-12-04,002466,51.04,52.0,50.81,51.39,40156356.0,2060109581.0,75842340157.26
2025-12-05,002466,50.91,51.39,50.2,51.05,37688753.0,1917798903.0,75340561685.7
2025-12-08,002466,51.2,53.45,51.19,53.1,63997845.0,3369181781.0,78365990705.40001
2025-12-09,002466,52.74,53.1,51.59,52.25,40793279.0,2130724462.0,77111544526.5
2025-12-10,002466,52.95,53.61,51.5,52.89,44650824.0,2352502225.0,78056068708.26
2025-12-11,002466,53.89,54.43,52.83,53.1,51839329.0,2775727353.0,78365990705.40001
2025-12-12,002466,54.3,54.46,51.13,51.64,58515041.0,3051529303.0,76211294915.76
2025-12-15,002466,51.23,51.72,49.15,50.41,59118159.0,2968986770.0,74396037503.94
2025-12-16,002466,50.49,50.88,49.08,50.13,41754617.0,2093662337.0,73982808174.42
2025-12-17,002466,51.99,53.36,51.23,53.14,82846098.0,4354183401.0,78425023466.76
2025-12-18,002466,52.96,53.95,52.05,52.1,56580639.0,2996011559.0,76890171671.40001
2025-12-19,002466,52.15,53.49,51.01,52.9,67951054.0,3557859310.0,78070826898.59999
2025-12-22,002466,53.21,54.9,53.2,53.92,69468631.0,3761287290.0,79576162313.28
2025-12-23,002466,54.18,56.32,53.68,55.78,78246491.0,4324994284.0,82321185716.52
2025-12-24,002466,56.29,57.2,55.16,56.26,73335947.0,4105838803.0,83029578852.84
2025-12-25,002466,54.81,56.18,53.81,55.53,73034961.0,3995293527.0,81952230958.02
2025-12-26,002466,57.5,58.88,57.0,57.93,94496798.0,5467246806.0,85494196639.62
2025-12-29,002466,58.1,58.13,55.11,55.3,74549376.0,4206697396.0,81612792580.2
2025-12-30,002466,54.0,57.0,53.81,56.38,56860029.0,3158526794.0,83206677136.92
2025-12-31,002466,56.3,57.54,55.01,55.38,45380936.0,2539726227.0,81718625547.0
2026-01-05,002466,55.8,57.1,54.96,57.0,62335482.0,3505111792.0,84109094550.0
2026-01-06,002466,58.5,59.97,57.7,59.28,85811266.0,5049607700.0,87473458332.0
2026-01-07,002466,59.8,60.56,57.8,59.24,72515533.0,4282979032.0,87414434406.0
2026-01-08,002466,59.58,60.98,57.77,58.62,69626523.0,4133712056.0,86499563553.0
2026-01-09,002466,57.8,59.9,57.2,58.63,55395466.0,3254514149.0,86514319534.5
2026-01-12,002466,60.8,62.18,59.91,61.3,69892523.0,4265641377.0,90454166595.0
2026-01-13,002466,61.5,66.0,61.31,62.36,104508175.0,6616775697.0,92018300634.0
2026-01-14,002466,61.46,63.33,59.23,59.82,91604207.0,5596164132.0,88270281333.0
2026-01-15,002466,59.58,62.77,59.46,61.32,68772260.0,4238508360.0,90483678558.0
2026-01-16,002466,61.4,62.66,58.61,58.73,69501144.0,4162759562.0,86661879349.5
2026-01-19,002466,58.55,59.24,57.8,58.61,36228623.0,2122212796.0,86484807571.5
2026-01-20,002466,59.61,59.99,57.81,59.49,48499680.0,2861669063.0,87783333943.5
2026-01-21,002466,59.6,61.88,59.33,61.43,63517961.0,3872778918.0,90645994354.5
2026-01-22,002466,61.82,62.65,60.29,60.65,48745395.0,2976168515.0,89495027797.5
2026-01-23,002466,61.65,63.4,61.03,62.8,71246806.0,4445804813.0,92667563820.0
2026-01-26,002466,64.0,64.55,61.48,61.71,70659099.0,4431137211.0,91059161836.5
2026-01-27,002466,61.51,62.7,59.24,61.0,54442720.0,3295814704.0,90011487150.0
2026-01-28,002466,61.5,62.22,59.73,61.11,60325176.0,3667839626.0,90173802946.5
2026-01-29,002466,59.75,60.65,58.45,59.12,58731527.0,3499807193.0,87237362628.0
2026-01-30,002466,58.25,58.25,53.21,54.55,81339123.0,4484476299.0,80493879082.5
2026-02-02,002466,53.04,54.38,52.23,52.29,52093074.0,2778328099.0,77159027263.5
2026-02-03,002466,53.5,53.8,52.24,53.47,40264760.0,2132128095.0,78900233080.5
2026-02-04,002466,53.32,53.65,52.12,52.75,33337376.0,1757713155.0,77837802412.5
2026-02-05,002466,51.79,51.79,49.18,49.44,57645353.0,2888608087.0,72953572536.0
2026-02-06,002466,48.0,51.0,47.66,50.2,43109250.0,2146093339.0,74075027130.0
2026-02-09,002466,50.92,50.94,50.06,50.35,26870605.0,1353686816.0,74296366852.5
2026-02-10,002466,50.16,50.53,49.75,50.19,19572351.0,982739891.0,74060271148.5
2026-02-11,002466,50.24,51.33,50.08,51.15,36657210.0,1866072401.0,75476845372.5
2026-02-12,002466,51.08,51.77,50.76,51.29,28536451.0,1461254974.0,75683429113.5
2026-02-13,002466,50.66,51.69,50.45,51.24,24461118.0,1254577675.0,75609649206.0
2026-02-24,002466,52.6,53.31,52.28,53.31,42465807.0,2246685558.0,78664137376.5
2026-02-25,002466,53.52,55.7,52.8,54.32,58801151.0,3204949286.0,80154491508.0
2026-02-26,002466,57.53,57.63,55.91,56.04,73137183.0,4138687152.0,82692520326.0
2026-02-27,002466,54.84,56.79,54.75,56.6,43906914.0,2464614414.0,83518855290.0
2026-03-02,002466,55.99,56.4,53.8,55.18,47017758.0,2586874172.0,81423505917.0
2026-03-03,002466,54.73,55.4,51.5,51.58,55395947.0,2930457118.0,76111352577.0
2026-03-04,002466,50.7,53.32,50.64,52.07,33251515.0,1736354249.0,76834395670.5
2026-03-05,002466,53.09,53.46,51.9,52.35,24503677.0,1292603224.0,77247563152.5
2026-03-06,002466,52.34,53.0,51.92,51.99,25490905.0,1333895710.0,76716347818.5
2026-03-09,002466,50.74,53.29,50.04,53.09,39020541.0,2020039955.0,78339505783.5
2026-03-10,002466,53.66,54.35,53.44,53.85,24549581.0,1322288959.0,79460960377.5
2026-03-11,002466,53.17,54.85,53.01,54.54,34243161.0,1859447182.0,80479123101.0
2026-03-12,002466,54.3,54.48,53.02,53.6,22424714.0,1203260084.0,79092060840.0
2026-03-13,002466,53.96,55.94,53.8,54.15,45495777.0,2500177759.0,79903639822.5
2026-03-16,002466,53.9,54.63,52.8,53.58,28053727.0,1498054727.0,79062548877.0
2026-03-17,002466,53.81,54.48,52.0,52.11,24190364.0,1284235905.0,76893419596.5
2026-03-18,002466,52.48,52.57,50.34,51.15,27551125.0,1406816097.0,75476845372.5
2026-03-19,002466,50.15,50.47,48.71,48.93,32404953.0,1602630481.0,72201017479.5
2026-03-20,002466,49.38,52.62,48.8,50.1,50068318.0,2531460597.0,73927467315.0
2026-03-23,002466,49.02,51.28,48.54,49.0,43692656.0,2174574372.0,72304309350.0
2026-03-24,002466,50.05,51.63,48.28,51.63,55795235.0,2799753758.0,76185132484.5
2026-03-25,002466,52.66,53.98,51.96,53.46,53831656.0,2849212339.0,78885477099.0
2026-03-26,002466,53.46,55.79,52.95,54.2,61779454.0,3368966020.0,79977419730.0
2026-03-27,002466,53.61,58.26,53.5,57.96,102145495.0,5776794787.0,85525668774.0
2026-03-30,002466,58.02,58.39,56.07,57.24,72221209.0,4140538174.0,84463238106.0
2026-03-31,002466,57.1,57.19,55.29,55.48,51270286.0,2872077054.0,81866185362.0
2026-04-01,002466,55.98,56.65,54.68,55.45,39225544.0,2181701412.0,81821917417.5
2026-04-02,002466,55.45,57.7,54.62,56.17,52564113.0,2970103427.0,82884348085.5
2026-04-03,002466,55.96,56.87,55.0,55.44,32426791.0,1808229386.0,81807161436.0
2026-04-07,002466,55.7,57.36,55.31,56.7,37987214.0,2134613151.0,83666415105.0
2026-04-08,002466,56.18,58.37,55.66,58.27,59098777.0,3391640575.0,85983104200.5
2026-04-09,002466,58.13,59.17,57.03,57.65,49980267.0,2900584340.0,85068233347.5
2026-04-10,002466,58.0,60.66,57.88,59.64,76297062.0,4538738843.0,88004673666.0
2026-04-13,002466,59.43,62.47,59.43,62.1,76839733.0,4718172635.0,91634645115.0
2026-04-14,002466,62.5,64.64,61.77,64.53,76042397.0,4800332267.0,95220348619.5
2026-04-15,002466,64.68,64.68,61.5,61.8,73255080.0,4577692430.0,91191965670.0
2026-04-16,002466,62.55,66.66,62.0,65.32,91747960.0,5928626877.0,96386071157.99998
2026-04-17,002466,65.78,68.4,65.74,66.65,85287765.0,5722938130.0,98348616697.50002
2026-04-20,002466,66.0,67.7,65.39,66.82,57889654.0,3858736637.0,98599468382.99998
2026-04-21,002466,70.0,73.3,68.71,70.71,136706350.0,9705112386.0,104339545186.49998
2026-04-22,002466,70.0,71.22,69.02,70.73,85374291.0,5999677304.0,104369057149.5
2026-04-23,002466,70.09,70.29,66.97,67.97,85118988.0,5812034737.0,100296406255.5
2026-04-24,002466,67.9,74.77,67.6,73.7,135100553.0,9667979616.0,108751583655.0
2026-04-27,002466,73.5,75.46,73.0,73.65,100608405.0,7459078763.0,108677803747.50002
2026-04-28,002466,74.61,75.09,72.0,72.53,76875194.0,5622954166.0,107025133819.5
2026-04-29,002466,73.0,75.8,71.07,75.52,116853023.0,8672043200.0,111437172288.0
2026-04-30,002466,75.0,81.19,74.49,80.03,130678533.0,10314776758.0,118092119944.5
2026-05-06,002466,80.03,82.49,78.4,81.71,120811667.0,9730600299.0,120571124836.49998
2026-05-07,002466,80.28,80.55,77.51,79.06,121657817.0,9584345389.0,116660789739.0
2026-05-08,002466,78.3,80.83,76.0,76.05,102073265.0,7929999299.0,112219239307.5
2026-05-11,002466,76.83,78.27,75.57,77.37,80477518.0,6190827592.0,114167028865.5
2026-05-12,002466,77.86,77.99,73.6,74.75,86837452.0,6509181533.0,110300961712.5
2026-05-13,002466,74.01,76.2,73.6,74.38,76661457.0,5724658841.0,109754990397.0
2026-05-14,002466,73.68,74.38,70.68,70.69,84746871.0,6127287947.0,104310033223.5
2026-05-15,002466,71.06,71.42,68.86,69.11,70017171.0,4901104489.0,101980860967.06999
2026-05-18,002466,68.85,71.16,68.2,69.38,57079872.0,3979932463.0,102379281347.06
2026-05-19,002466,68.5,68.5,65.61,66.58,69141157.0,4593401536.0,98253703587.09999
2026-05-20,002466,65.76,69.39,65.26,68.16,76169042.0,5131094553.0,100585347499.2
2026-05-21,002466,68.48,69.38,65.68,65.78,64438803.0,4366907105.0,97073124391.1
2026-05-22,002466,65.78,66.83,64.68,66.52,51209419.0,3379785048.0,98165160147.4
2026-05-25,002466,67.07,68.08,65.79,66.67,53371622.0,3558986436.0,98386518746.65001
2026-05-26,002466,66.0,66.85,64.2,66.4,49814208.0,3273407528.0,97988073268.00002
2026-05-27,002466,66.47,67.8,64.2,64.48,59537235.0,3931337331.0,95154683197.6
2026-05-28,002466,65.62,66.3,62.5,64.39,53758935.0,3432614831.0,95021868038.05
2026-05-29,002466,64.71,65.39,62.62,62.88,48807476.0,3116542352.0,92793524805.6
2026-06-01,002466,62.88,64.29,62.05,62.17,44910373.0,2838832018.0,91745760769.15001
2026-06-02,002466,62.07,62.33,59.28,61.29,54812522.0,3315221601.0,90447123653.55
2026-06-03,002466,60.5,61.97,60.04,60.98,43209897.0,2642313900.0,89989649215.09999
2026-06-04,002466,60.53,60.6,59.17,59.46,43092562.0,2569958094.0,87746548742.7
2026-06-05,002466,59.46,61.2,57.81,59.06,57412433.0,3416563652.0,87156259144.7
2026-06-08,002466,58.0,59.96,54.87,56.2,57354570.0,3272193367.0,82935688519.0
2026-06-09,002466,57.0,60.86,55.7,60.01,73952255.0,4301943692.0,88558196939.95
2026-06-10,002466,59.5,61.6,58.47,59.48,70803281.0,4243617397.0,87776063222.59999
2026-06-11,002466,59.26,62.6,58.66,61.0,92671036.0,5615613508.0,90019163695.0
2026-06-12,002466,61.0,63.42,60.15,62.5,99033398.0,6140893986.0,92232749687.5
2026-06-15,002466,62.99,64.27,61.85,63.72,93016786.0,5857256517.0,94033132961.4
2026-06-16,002466,63.14,65.0,62.0,63.99,79503432.0,5056334245.0,94431578440.05
2026-06-17,002466,64.49,65.82,63.6,64.04,70765374.0,4567795653.0,94505364639.8
2026-06-18,002466,62.82,64.09,61.61,62.18,74690833.0,4675288344.0,91760518009.1
2026-06-22,002466,59.05,65.0,58.58,64.97,93453023.0,5791708692.0,95877787955.15
2026-06-23,002466,64.53,65.25,61.03,61.32,69378402.0,4359734977.0,90491395373.4
2026-06-24,002466,61.32,66.5,60.71,66.13,96965047.0,6236054290.0,97589627789.34999
2026-06-25,002466,66.0,67.44,64.03,64.64,84701387.0,5545646994.0,95390799036.8
2026-06-26,002466,64.1,65.0,58.89,58.92,88082365.0,5378707025.0,86949657785.40001
2026-06-29,002466,58.2,60.79,56.79,59.87,60119550.0,3543145189.0,88351595580.65
2026-06-30,002466,59.9,62.46,59.13,61.32,58066456.0,3532542331.0,90491395373.4
2026-07-01,002466,61.8,63.45,59.42,62.29,69424298.0,4280310597.0,91922847648.55
2026-07-02,002466,62.0,62.5,59.83,60.01,54400726.0,3309576503.0,88558196939.95
2026-07-03,002466,61.0,61.42,58.63,58.66,49159456.0,2924656053.0,86565969546.7
2026-07-06,002466,58.97,61.11,58.0,58.91,51318378.0,3072193308.0,86934900545.45
2026-07-07,002466,59.5,60.65,58.54,59.19,46236870.0,2753567798.0,87348103264.05
2026-07-08,002466,58.26,58.29,53.27,53.27,66823982.0,3671353354.0,78611817213.65001
2026-07-09,002466,52.33,52.48,47.94,49.79,96079634.0,4773422801.0,73476297711.05
2026-07-10,002466,49.0,50.15,47.77,47.8,68829754.0,3356970288.0,70539606961.0
2026-07-13,002466,47.24,47.5,44.92,45.61,59903814.0,2755366064.0,67307771411.95
2026-07-14,002466,45.88,47.37,44.75,47.35,52548278.0,2424628766.0,69875531163.25
2026-07-15,002466,47.94,49.1,47.02,47.43,75479174.0,3627171203.0,69993589082.85
2026-07-16,002466,46.45,50.98,45.15,49.34,84878354.0,4062504105.0,72812221913.3
2026-07-17,002466,48.45,50.22,46.99,46.99,67213422.0,3267734348.0,69344270525.05
2026-07-20,002466,46.01,46.13,42.29,42.29,76151589.0,3297376198.0,62408367748.549995
2026-07-21,002466,40.99,43.78,40.44,43.69,75271423.0,3195881250.0,64474381341.549995
2026-07-22,002466,42.83,44.78,42.6,43.92,65392559.0,2860087071.0,64813797860.4
2026-07-23,002466,44.49,46.99,44.08,46.38,80411598.0,3680961149.0,68444078888.100006
2026-07-24,002466,45.01,45.9,43.88,43.88,54985027.0,2460788743.0,64754768900.600006
2026-07-27,002466,44.65,45.4,43.9,45.21,43960392.0,1970655366.0,66717481813.950005
2026-07-28,002466,44.5,45.85,44.09,44.44,36519624.0,1634182026.0,65581174337.799995
2026-07-29,002466,44.44,46.93,43.13,46.08,62827946.0,2847612143.0,68001361689.6
