date,ticker,open,high,low,close,volume,amount,market_cap
2021-01-04,002648,8.64,8.73,8.45,8.54,9724915.0,253276919.0,9087190303.24
2021-01-05,002648,8.49,9.1,8.33,9.03,13784951.0,368305750.0,9608586468.179998
2021-01-06,002648,9.07,9.59,9.07,9.42,16336020.0,466778086.0,10023575252.52
2021-01-07,002648,9.45,9.89,9.45,9.8,14803974.0,437529594.0,10427923298.800001
2021-01-08,002648,10.02,10.08,9.59,9.89,13097500.0,391231304.0,10523689941.34
2021-01-11,002648,9.89,10.29,9.75,9.94,15438254.0,471394129.0,10576893631.64
2021-01-12,002648,9.92,10.42,9.82,10.31,10029511.0,311496896.0,10970600939.86
2021-01-13,002648,10.36,10.48,9.97,10.07,11631246.0,360788138.0,10715223226.42
2021-01-14,002648,9.98,10.16,9.64,9.67,11214633.0,336193873.0,10289593704.02
2021-01-15,002648,9.71,9.74,9.17,9.46,16641360.0,474321892.0,10066138204.76
2021-01-18,002648,9.44,9.94,9.32,9.84,11596362.0,344771232.0,10470486251.039999
2021-01-19,002648,9.89,10.18,9.77,9.86,9548438.0,290456581.0,10491767727.16
2021-01-20,002648,9.88,10.23,9.86,10.13,7658755.0,235406832.0,10779067654.78
2021-01-21,002648,10.14,10.47,10.14,10.35,9461335.0,297247341.0,11013163892.1
2021-01-22,002648,10.31,10.56,10.29,10.47,7265815.0,230788205.0,11140852748.820002
2021-01-25,002648,10.48,11.2,10.48,11.13,12532822.0,415833435.0,11843141460.78
2021-01-26,002648,11.09,11.28,10.74,10.89,11848575.0,397975450.0,11587763747.34
2021-01-27,002648,11.01,11.22,10.73,11.08,9847334.0,329835751.0,11789937770.48
2021-01-28,002648,10.93,11.09,10.44,10.5,12430538.0,405901829.0,11172774963.0
2021-01-29,002648,11.15,11.55,11.1,11.55,24513011.0,855938318.0,12290052459.300001
2021-02-01,002648,11.73,12.71,11.61,12.71,23324455.0,872604573.0,13524378074.26
2021-02-02,002648,12.96,13.96,12.96,13.72,22782102.0,933826434.0,14599092618.320002
2021-02-03,002648,13.3,13.67,13.13,13.53,20642963.0,844602860.0,14396918595.179998
2021-02-04,002648,13.47,14.19,13.24,13.29,20454501.0,849213747.0,14141540881.74
2021-02-05,002648,13.56,14.02,13.03,13.03,18497404.0,758338021.0,13864881692.179998
2021-02-08,002648,13.19,14.34,13.02,14.34,15714334.0,658040657.0,15258818378.039999
2021-02-09,002648,14.78,15.17,14.32,14.78,23358511.0,1044511843.0,15727010852.679998
2021-02-10,002648,14.69,15.14,14.18,15.06,17114490.0,770512662.0,16024951518.36
2021-02-18,002648,15.82,16.09,15.17,15.92,18644752.0,891738537.0,16940054991.52
2021-02-19,002648,15.52,15.86,14.32,15.11,25416675.0,1152217816.0,16078155208.66
2021-02-22,002648,14.78,15.66,14.75,15.45,18758121.0,872881496.0,16439940302.699999
2021-02-23,002648,15.43,15.59,14.42,15.55,21225434.0,970487621.0,16546347683.300001
2021-02-24,002648,15.56,15.64,14.0,14.0,19791444.0,881583273.0,14897033284.0
2021-02-25,002648,14.29,15.11,14.24,14.4,19844995.0,882666857.0,15322662806.4
2021-02-26,002648,13.99,14.48,13.52,14.32,15545978.0,669785720.0,15237536901.92
2021-03-01,002648,14.62,14.87,13.82,14.67,13237080.0,584709728.0,15609962734.02
2021-03-02,002648,14.83,14.85,13.99,14.36,11759984.0,510888369.0,15280099854.16
2021-03-03,002648,14.14,14.43,14.09,14.22,9214666.0,399877634.0,15131129521.320002
2021-03-04,002648,14.09,14.25,13.4,13.63,13223934.0,551047083.0,14503325975.78
2021-03-05,002648,13.5,13.94,13.48,13.62,9927359.0,413007898.0,14492685237.72
2021-03-08,002648,13.86,14.17,13.4,13.4,11593423.0,487011778.0,14258589000.4
2021-03-09,002648,13.42,13.65,12.09,12.17,25283036.0,975943432.0,12949778219.02
2021-03-10,002648,12.48,12.71,12.16,12.17,13031029.0,490152158.0,12949778219.02
2021-03-11,002648,12.37,12.39,11.99,12.24,10727719.0,398765966.0,13024263385.44
2021-03-12,002648,12.41,13.13,12.38,13.07,13171255.0,511843898.0,13907444644.42
2021-03-15,002648,13.12,13.19,12.61,12.8,7903254.0,310009331.0,13620144716.800001
2021-03-16,002648,12.89,12.93,12.45,12.76,5830067.0,225629133.0,13577581764.56
2021-03-17,002648,12.65,12.87,12.45,12.74,5947791.0,229760178.0,13556300288.44
2021-03-18,002648,12.77,13.49,12.68,13.4,11223166.0,452640791.0,14258589000.4
2021-03-19,002648,13.04,13.17,12.35,12.43,11871564.0,458814612.0,13226437408.58
2021-03-22,002648,12.58,13.31,12.53,12.62,8891571.0,347878460.0,13428611431.72
2021-03-23,002648,12.77,12.81,11.55,11.79,17304138.0,630543976.0,12545430172.74
2021-03-24,002648,11.73,11.73,10.87,11.05,18568724.0,629589941.0,11758015556.300001
2021-03-25,002648,11.1,12.02,10.88,11.91,16880320.0,600880872.0,12673119029.460001
2021-03-26,002648,11.9,11.96,11.48,11.72,12971825.0,463069309.0,12470945006.320002
2021-03-29,002648,11.78,12.3,11.72,12.13,9371874.0,344532082.0,12907215266.78
2021-03-30,002648,12.11,12.48,12.06,12.26,9155263.0,340743567.0,13045544861.56
2021-03-31,002648,12.26,12.4,11.99,12.37,7022468.0,261741362.0,13162592980.22
2021-04-01,002648,12.37,12.56,12.26,12.54,6326727.0,239034135.0,13343485527.24
2021-04-02,002648,12.58,12.84,12.22,12.53,8017289.0,304788821.0,13332844789.179998
2021-04-06,002648,12.57,12.78,12.2,12.4,7939549.0,300084203.0,13194515194.4
2021-04-07,002648,12.42,12.56,12.09,12.42,6114427.0,229231515.0,13215796670.52
2021-04-08,002648,12.28,12.56,12.21,12.29,6209170.0,233508434.0,13077467075.74
2021-04-09,002648,12.31,12.47,12.12,12.37,7479320.0,280379943.0,13162592980.22
2021-04-12,002648,12.43,12.63,11.64,11.86,11079456.0,405498058.0,12619915339.16
2021-04-13,002648,11.67,12.02,11.55,11.89,9617475.0,346178456.0,12651837553.34
2021-04-14,002648,12.04,12.44,11.94,12.3,9695891.0,360863396.0,13088107813.800001
2021-04-15,002648,12.37,12.48,11.71,11.99,10410426.0,378690675.0,12758244933.94
2021-04-16,002648,12.01,12.22,11.83,12.18,6653084.0,244525764.0,12960418957.08
2021-04-19,002648,12.21,12.39,11.96,12.15,6679158.0,248214820.0,12928496742.9
2021-04-20,002648,12.05,12.24,11.91,12.08,7899439.0,290678231.0,12854011576.48
2021-04-21,002648,12.08,12.17,11.76,12.12,6121164.0,223596373.0,12896574528.72
2021-04-22,002648,12.23,12.37,11.99,12.28,7540409.0,280190183.0,13066826337.679998
2021-04-23,002648,12.32,12.54,12.19,12.49,7882004.0,297722637.0,13290281836.94
2021-04-26,002648,12.49,13.74,12.47,13.09,21256581.0,861446647.0,13928726120.539999
2021-04-27,002648,13.07,13.09,12.7,12.81,9515777.0,371900797.0,13630785454.86
2021-04-28,002648,12.86,13.35,12.58,13.28,10221452.0,405535965.0,14130900143.679998
2021-04-29,002648,13.4,13.56,13.07,13.32,7817032.0,315620896.0,14173463095.92
2021-04-30,002648,13.32,13.44,13.02,13.42,9410138.0,380062368.0,14279870476.52
2021-05-06,002648,13.58,13.89,13.29,13.6,12079376.0,500816424.0,14471403761.6
2021-05-07,002648,13.6,13.86,13.33,13.6,10154347.0,422252985.0,14471403761.6
2021-05-10,002648,13.58,14.08,13.47,13.77,11707596.0,492426674.0,14652296308.619999
2021-05-11,002648,13.59,13.63,12.65,13.06,11211236.0,444548447.0,13896803906.36
2021-05-12,002648,13.06,13.29,12.89,13.15,6412898.0,256188386.0,13992570548.9
2021-05-13,002648,13.09,13.25,12.91,13.03,6938461.0,275745425.0,13864881692.179998
2021-05-14,002648,13.19,13.23,12.89,13.01,6988193.0,276082095.0,13843600216.06
2021-05-17,002648,12.95,13.3,12.93,13.13,12520269.0,498726850.0,13971289072.78
2021-05-18,002648,13.13,13.76,13.11,13.43,10486569.0,429783307.0,14290511214.58
2021-05-19,002648,13.39,13.56,13.05,13.06,7700045.0,311511259.0,13896803906.36
2021-05-20,002648,13.25,13.39,12.48,13.28,15431538.0,609339631.0,16253436102.88
2021-05-21,002648,13.48,13.86,13.23,13.34,8081838.0,330793181.0,16326870302.14
2021-05-24,002648,13.37,13.43,12.99,13.17,9693971.0,387190941.0,16118806737.57
2021-05-25,002648,13.24,14.45,13.18,14.4,18237351.0,773871673.0,17624207822.4
2021-05-26,002648,14.33,14.57,14.25,14.39,9030787.0,395610176.0,17611968789.190002
2021-05-27,002648,14.39,14.63,14.28,14.63,12325912.0,543214892.0,17905705586.23
2021-05-28,002648,14.63,14.64,14.22,14.42,9153462.0,401078745.0,17648685888.82
2021-05-31,002648,14.4,14.56,14.08,14.45,6014667.0,263229012.0,17685402988.45
2021-06-01,002648,14.63,15.15,14.39,15.09,12982276.0,584972878.0,18468701113.89
2021-06-02,002648,15.11,15.34,14.91,15.14,9241498.0,424632887.0,18529896279.940002
2021-06-03,002648,15.16,15.96,15.16,15.54,16158107.0,547061518.0,26627240645.46
2021-06-04,002648,15.38,15.55,15.1,15.41,12747475.0,423709129.0,26404490241.09
2021-06-07,002648,15.33,16.64,15.33,16.47,22170840.0,783182350.0,28220762769.03
2021-06-08,002648,16.6,16.78,15.77,16.24,19447376.0,681252214.0,27826665899.76
2021-06-09,002648,16.42,16.5,15.98,16.24,11195562.0,392442748.0,27826665899.76
2021-06-10,002648,16.24,16.59,16.19,16.37,11077982.0,392518603.0,28049416304.13
2021-06-11,002648,16.34,16.7,16.25,16.33,13565651.0,483510680.0,27980877718.17
2021-06-15,002648,16.29,16.52,16.06,16.42,14025919.0,496678080.0,28135089536.58
2021-06-16,002648,16.47,16.5,15.59,15.63,19932271.0,687590867.0,26781452463.870003
2021-06-17,002648,15.68,16.47,15.59,16.34,15594423.0,546265738.0,27998012364.66
2021-06-18,002648,16.24,16.34,15.98,16.25,16354731.0,572031082.0,27843800546.25
2021-06-21,002648,16.11,16.36,15.75,16.22,12904419.0,451667068.0,27792396606.78
2021-06-22,002648,16.38,16.55,16.15,16.33,9990042.0,353678139.0,27980877718.17
2021-06-23,002648,16.56,16.56,16.11,16.34,8003834.0,281983230.0,27998012364.66
2021-06-24,002648,16.38,16.42,16.15,16.36,8091662.0,286270618.0,28032281657.64
2021-06-25,002648,16.42,17.63,16.36,17.44,22009791.0,821050065.0,29882823478.56
2021-06-28,002648,17.52,17.81,16.95,17.28,16437696.0,615072459.0,29608669134.72
2021-06-29,002648,17.27,18.04,17.14,17.52,16745903.0,640871375.0,30019900650.48
2021-06-30,002648,17.56,18.15,17.47,18.09,12765624.0,494181097.0,31004173300.41
2021-07-01,002648,18.92,19.29,17.08,17.35,29171117.0,1131520096.0,29735898660.15
2021-07-02,002648,17.5,17.8,16.86,17.72,20972911.0,787706386.0,30370035980.28
2021-07-05,002648,17.62,17.67,16.71,17.1,19878965.0,734791450.0,29307427497.9
2021-07-06,002648,17.15,17.56,16.61,16.83,16799807.0,617741737.0,28844678642.67
2021-07-07,002648,16.62,17.18,16.43,16.88,18120724.0,662604122.0,28930372875.12
2021-07-08,002648,16.88,17.14,16.4,16.68,13593885.0,492502914.0,28587595945.32
2021-07-09,002648,16.6,16.96,15.6,16.94,23300167.0,823157578.0,29033205954.06
2021-07-12,002648,17.03,17.91,16.94,17.8,18370092.0,700057564.0,30507146752.2
2021-07-13,002648,17.73,18.22,17.61,17.94,11245044.0,436719460.0,30747090603.06
2021-07-14,002648,18.0,18.22,17.77,17.86,10242253.0,399195812.0,30609979831.14
2021-07-15,002648,17.86,18.44,17.84,17.98,11485120.0,449196760.0,30815645989.02
2021-07-16,002648,18.04,18.22,17.68,17.74,8703435.0,337786581.0,30416970098.859997
2021-07-19,002648,17.81,18.1,17.57,17.64,10326602.0,397750179.0,30245510289.96
2021-07-20,002648,17.44,17.54,16.78,17.11,15327691.0,568238670.0,29336773302.79
2021-07-21,002648,17.28,17.77,17.21,17.65,14032627.0,532750132.0,30262656270.85
2021-07-22,002648,17.64,18.25,17.57,18.18,21644930.0,846147691.0,31171393258.02
2021-07-23,002648,18.12,18.51,17.5,17.58,14772997.0,575765779.0,30142634404.62
2021-07-26,002648,17.45,17.76,17.02,17.54,15833136.0,598346053.0,30074050481.059998
2021-07-27,002648,17.79,18.73,17.79,17.84,31760745.0,1263677394.0,30588429907.76
2021-07-28,002648,18.0,18.55,16.55,16.65,44461127.0,1677903933.0,28548058181.85
2021-07-29,002648,17.13,17.91,17.13,17.77,22820632.0,865587420.0,30468408041.53
2021-07-30,002648,17.77,17.89,16.66,16.78,25402398.0,935530635.0,28770955933.420002
2021-08-02,002648,16.8,18.15,16.58,18.15,32792850.0,1248239392.0,31119955315.35
2021-08-03,002648,18.15,18.71,17.69,18.44,22863922.0,908876075.0,31617188761.160004
2021-08-04,002648,18.78,19.21,18.0,19.1,29688392.0,1201273764.0,32748823499.9
2021-08-05,002648,19.01,20.37,18.83,19.46,32558566.0,1393169975.0,33366078811.940002
2021-08-06,002648,19.31,19.54,19.02,19.17,17889390.0,746115580.0,32868845366.13
2021-08-09,002648,19.13,20.15,18.62,19.77,24921301.0,1053801432.0,33899430967.53
2021-08-10,002648,19.65,19.91,19.41,19.7,16978871.0,722561639.0,33779402633.3
2021-08-11,002648,19.9,20.93,19.78,20.6,22333680.0,988246197.0,35322624073.4
2021-08-12,002648,20.63,20.63,20.1,20.15,17093342.0,752294607.0,34551013353.35
2021-08-13,002648,20.26,21.25,19.98,21.21,21784171.0,985879341.0,36368585271.69
2021-08-16,002648,21.0,22.27,20.91,21.12,22055039.0,1029209805.0,36214263127.68
2021-08-17,002648,21.2,21.91,20.05,20.2,30499090.0,1372619313.0,34636747877.799995
2021-08-18,002648,20.44,20.53,19.43,19.58,19290207.0,825814841.0,33573639774.62
2021-08-19,002648,19.82,19.82,18.93,19.32,17889245.0,748479744.0,33127820247.48
2021-08-20,002648,19.2,19.73,18.65,19.06,20276774.0,838528125.0,32682000720.339996
2021-08-23,002648,19.15,19.75,19.07,19.28,16442590.0,691314029.0,33059232627.920002
2021-08-24,002648,19.48,19.57,19.14,19.27,13644740.0,570217360.0,33042085723.03
2021-08-25,002648,19.28,19.59,18.83,19.57,15073481.0,629355716.0,33556492869.73
2021-08-26,002648,19.62,19.66,18.55,19.04,22036752.0,904240570.0,32647706910.559998
2021-08-27,002648,19.0,19.19,18.66,19.13,14018351.0,576926096.0,32802029054.57
2021-08-30,002648,19.16,20.48,19.16,19.7,24328488.0,1046762421.0,33779402633.3
2021-08-31,002648,19.79,19.96,18.89,19.34,19260852.0,805668706.0,33162114057.26
2021-09-01,002648,19.34,19.68,18.51,18.58,21403740.0,878205994.0,31858949285.62
2021-09-02,002648,18.67,19.37,18.14,19.32,21282667.0,868722503.0,33127820247.48
2021-09-03,002648,19.18,19.34,18.01,18.28,23652040.0,947748119.0,31344542138.920002
2021-09-06,002648,18.1,18.46,17.71,18.36,18984046.0,744386320.0,31481717378.04
2021-09-07,002648,18.39,18.51,18.13,18.42,15278514.0,608295611.0,31584598807.38
2021-09-08,002648,18.45,18.9,18.32,18.52,11372124.0,458391264.0,31756067856.28
2021-09-09,002648,18.53,19.16,18.49,19.1,18361485.0,752438783.0,32750588339.9
2021-09-10,002648,19.15,20.14,18.95,19.84,24735327.0,1058068952.0,34019459301.76
2021-09-13,002648,20.17,20.74,19.51,20.68,30412412.0,1341503566.0,35459799312.52
2021-09-14,002648,20.68,22.2,20.25,21.19,40159087.0,1858666567.0,36334291461.91
2021-09-15,002648,21.09,21.51,20.71,20.92,21549302.0,981490638.0,35871325029.880005
2021-09-16,002648,21.18,22.47,21.17,21.56,29143091.0,1381783839.0,36968726942.84
2021-09-17,002648,20.85,21.37,19.98,20.53,31532329.0,1409795118.0,35202595739.17
2021-09-22,002648,20.5,21.31,20.4,21.01,17786544.0,804414976.0,36025647173.89
2021-09-23,002648,21.58,21.92,19.94,20.18,23981060.0,1072635564.0,34602454068.02
2021-09-24,002648,20.19,20.24,19.44,19.61,17963308.0,769921617.0,33625080489.29
2021-09-27,002648,19.71,19.89,18.69,18.83,20476271.0,845835307.0,32287621907.87
2021-09-28,002648,18.83,19.05,18.3,18.52,17926003.0,723383982.0,31756067856.28
2021-09-29,002648,18.4,18.4,16.89,16.94,29735301.0,1119511690.0,29046856883.660004
2021-09-30,002648,17.65,18.23,17.48,18.01,21424656.0,828772099.0,30881575706.890003
2021-10-08,002648,18.6,18.69,17.44,17.67,17772888.0,689081090.0,30298580940.63
2021-10-11,002648,17.8,18.69,17.74,18.51,18500666.0,735664767.0,31738920951.390003
2021-10-12,002648,18.83,18.86,17.74,18.18,20391335.0,805182338.0,31173073090.02
2021-10-13,002648,18.35,18.35,16.98,17.63,22523877.0,854506944.0,30229993321.07
2021-10-14,002648,17.78,17.92,17.23,17.85,10518141.0,402499382.0,30607225228.65
2021-10-15,002648,17.83,18.22,17.61,18.13,14150988.0,550050346.0,31087338565.57
2021-10-18,002648,18.04,18.39,17.82,18.17,9358617.0,366606010.0,31155926185.13
2021-10-19,002648,18.17,18.73,17.98,18.64,10853862.0,433400718.0,31961830714.96
2021-10-20,002648,18.5,18.9,18.1,18.7,9967448.0,402294564.0,32064712144.3
2021-10-21,002648,18.83,19.29,18.67,19.18,12554495.0,518420641.0,32887763579.02
2021-10-22,002648,19.1,19.64,19.01,19.2,12403114.0,518513654.0,32922057388.8
2021-10-25,002648,19.12,20.07,19.02,19.61,24285980.0,1038871747.0,33625080489.29
2021-10-26,002648,19.76,20.3,19.3,19.53,19772156.0,844853407.0,33487905250.170002
2021-10-27,002648,19.53,19.91,19.11,19.26,18812057.0,790254352.0,33024938818.140003
2021-10-28,002648,19.18,19.28,18.05,18.17,17702914.0,709844480.0,31155926185.13
2021-10-29,002648,18.22,18.4,17.7,17.98,14089828.0,547649965.0,30830134992.22
2021-11-01,002648,18.01,18.38,17.55,18.22,14342304.0,559721730.0,31241660709.579998
2021-11-02,002648,18.22,18.32,17.24,17.45,19151633.0,730580919.0,29921349033.05
2021-11-03,002648,17.53,17.62,17.18,17.55,10011478.0,378473343.0,30092818081.95
2021-11-04,002648,17.54,17.61,16.49,16.61,26669932.0,972394608.0,28481009022.29
2021-11-05,002648,16.53,16.71,16.06,16.11,18286118.0,643580152.0,27623663777.79
2021-11-08,002648,16.21,17.18,16.19,16.94,17702551.0,645469924.0,29046856883.660004
2021-11-09,002648,17.16,18.64,16.78,18.64,32294642.0,1267473301.0,31961830714.96
2021-11-10,002648,18.64,19.02,18.08,18.27,24053699.0,958534540.0,31327395234.03
2021-11-11,002648,18.28,18.36,17.7,18.04,13884869.0,539522389.0,30933016421.559998
2021-11-12,002648,17.99,18.13,17.82,18.01,8974026.0,350404268.0,30881575706.890003
2021-11-15,002648,18.0,18.0,17.63,17.73,10276658.0,395166639.0,30401462369.97
2021-11-16,002648,17.81,17.98,17.62,17.72,10442654.0,402547215.0,30384315465.079998
2021-11-17,002648,17.64,17.75,17.32,17.49,11888108.0,451231798.0,29989936652.609997
2021-11-18,002648,17.62,18.31,17.38,18.0,13996167.0,544333812.0,30864428802.0
2021-11-19,002648,18.0,18.0,17.69,17.94,8014383.0,309909322.0,30761547372.660004
2021-11-22,002648,17.86,18.18,17.68,17.89,16800751.0,650360003.0,30675812848.21
2021-11-23,002648,17.8,18.5,17.8,18.08,11960085.0,470461409.0,31001604041.12
2021-11-24,002648,18.37,18.57,17.9,18.2,12879565.0,509016593.0,31207366899.8
2021-11-25,002648,18.09,18.66,18.04,18.07,13698196.0,543206130.0,30984457136.23
2021-11-26,002648,17.99,18.6,17.97,18.32,14577934.0,579848107.0,31413129758.48
2021-11-29,002648,18.0,18.06,17.59,17.79,17181914.0,661354068.0,30504343799.309998
2021-11-30,002648,17.78,18.27,17.78,18.23,15312662.0,601622960.0,31258807614.47
2021-12-01,002648,18.11,18.28,17.79,18.04,13984915.0,544314708.0,30933016421.559998
2021-12-02,002648,18.04,18.58,17.97,18.36,15762971.0,624357734.0,31481717378.04
2021-12-03,002648,18.44,18.46,17.91,17.99,13259228.0,518134050.0,30847281897.109997
2021-12-06,002648,17.99,18.34,17.82,17.91,10087065.0,395411201.0,30710106657.99
2021-12-07,002648,17.97,18.18,17.35,17.44,12773967.0,487259109.0,29904202128.160004
2021-12-08,002648,17.49,17.54,17.17,17.41,11778154.0,442881054.0,29852761413.49
2021-12-09,002648,17.32,17.52,17.19,17.4,11061167.0,415334454.0,29835614508.6
2021-12-10,002648,17.52,18.55,17.38,18.55,34803663.0,1375063010.0,31807508570.95
2021-12-13,002648,19.02,20.3,18.83,18.92,39976543.0,1682441458.0,32441944051.88
2021-12-14,002648,19.01,19.15,17.73,17.77,33251234.0,1300060154.0,30470049989.53
2021-12-15,002648,17.76,17.86,17.49,17.78,15466180.0,592601692.0,30487196894.420002
2021-12-16,002648,17.72,17.92,17.6,17.89,9355747.0,360514503.0,30675812848.21
2021-12-17,002648,17.86,17.95,17.54,17.54,7676255.0,294209844.0,30075671177.059998
2021-12-20,002648,17.5,17.61,16.85,17.05,10934988.0,408020380.0,29235472837.45
2021-12-21,002648,17.2,17.3,16.97,17.16,6029674.0,223841435.0,29424088791.24
2021-12-22,002648,17.17,18.29,17.17,18.16,19500146.0,758039715.0,31138779280.24
2021-12-23,002648,18.19,18.23,17.79,18.04,10183298.0,398070059.0,30933016421.559998
2021-12-24,002648,17.87,18.22,17.8,18.08,6635956.0,259443460.0,31001604041.12
2021-12-27,002648,18.0,18.41,17.91,18.18,8874176.0,350334318.0,31173073090.02
2021-12-28,002648,18.18,18.18,17.77,18.01,8257129.0,320771080.0,30881575706.890003
2021-12-29,002648,17.95,18.41,17.87,18.28,14998722.0,593948410.0,31344542138.920002
2021-12-30,002648,18.61,19.51,18.55,19.24,29499115.0,1222916946.0,32990645008.359997
2021-12-31,002648,19.38,19.38,18.41,18.47,20060600.0,809874685.0,31670333331.829998
2022-01-04,002648,18.52,19.22,18.17,18.28,15292628.0,612277563.0,31344542138.920002
2022-01-05,002648,18.27,19.65,18.15,19.22,25086834.0,1039269552.0,32956351198.579998
2022-01-06,002648,19.1,19.89,18.76,19.56,18928696.0,800422984.0,33539345964.839996
2022-01-07,002648,19.55,19.93,19.44,19.7,10361938.0,442216501.0,33779402633.3
2022-01-10,002648,19.84,20.44,19.46,20.12,16915306.0,733231671.0,34499572638.68
2022-01-11,002648,20.23,20.62,19.97,20.27,14908207.0,657538698.0,34756776212.03
2022-01-12,002648,20.17,21.04,20.08,20.77,12117375.0,544527652.0,35614121456.53
2022-01-13,002648,20.77,20.84,20.31,20.34,8904842.0,395144702.0,34876804546.26
2022-01-14,002648,20.27,20.38,19.28,19.5,19998586.0,848835699.0,33436464535.5
2022-01-17,002648,19.7,19.7,18.92,19.38,15048469.0,626257648.0,33230701676.82
2022-01-18,002648,19.33,19.93,19.24,19.87,8842626.0,375546611.0,34070900016.43
2022-01-19,002648,19.79,20.12,19.51,19.75,9511054.0,407800779.0,33865137157.75
2022-01-20,002648,19.81,20.62,19.66,20.22,11944638.0,525947999.0,34671041687.58
2022-01-21,002648,20.22,20.23,19.74,19.95,7023567.0,303866514.0,34208075255.55
2022-01-24,002648,19.9,20.58,19.78,20.31,8553180.0,377039503.0,34825363831.59
2022-01-25,002648,20.38,20.76,20.03,20.1,10261814.0,455012441.0,34465278828.9
2022-01-26,002648,20.13,20.58,19.78,20.08,9814804.0,427047723.0,34430985019.119995
2022-01-27,002648,20.14,20.39,19.59,19.62,8949723.0,386145243.0,33642227394.18
2022-01-28,002648,19.75,19.84,19.15,19.38,9184483.0,386963955.0,33230701676.82
2022-02-07,002648,19.69,20.08,19.24,19.79,10189369.0,432562050.0,33933724777.309998
2022-02-08,002648,19.95,20.54,19.39,20.48,12595512.0,546002034.0,35116861214.72
2022-02-09,002648,20.38,20.7,20.14,20.34,8934619.0,394168757.0,34876804546.26
2022-02-10,002648,20.21,21.31,20.18,21.04,16335065.0,740172769.0,36077087888.56
2022-02-11,002648,21.04,21.62,20.77,21.32,14289221.0,657901819.0,36557201225.48
2022-02-14,002648,21.33,21.87,20.8,21.35,15690495.0,728431261.0,36608641940.15
2022-02-15,002648,21.37,21.59,20.97,21.22,9168006.0,421190265.0,36385732176.58
2022-02-16,002648,21.51,21.51,20.61,20.81,8187130.0,370780090.0,35682709076.09
2022-02-17,002648,20.91,21.44,20.69,21.37,9016388.0,412980935.0,36642935749.93
2022-02-18,002648,21.36,21.45,21.1,21.39,5664850.0,261398972.0,36677229559.71
2022-02-21,002648,21.39,21.4,20.61,20.74,8468483.0,382804394.0,35562680741.86
2022-02-22,002648,20.54,20.77,20.12,20.57,7053920.0,312370394.0,35271183358.73
2022-02-23,002648,20.76,21.13,20.39,21.01,8227164.0,370263140.0,36025647173.89
2022-02-24,002648,20.94,20.98,19.94,20.31,8318581.0,368504138.0,34825363831.59
2022-02-25,002648,20.44,20.92,20.44,20.91,8476033.0,381615597.0,35854178124.99
2022-02-28,002648,20.89,20.97,20.35,20.8,8615459.0,386298003.0,35665562171.200005
2022-03-01,002648,20.73,20.73,19.15,19.92,25599498.0,1097022930.0,34156634540.88
2022-03-02,002648,19.91,20.22,19.75,19.97,11436785.0,495843736.0,34242369065.329998
2022-03-03,002648,19.78,20.11,18.74,18.83,23809136.0,984293510.0,32287621907.87
2022-03-04,002648,18.92,19.71,18.75,19.69,16318392.0,688848438.0,33762255728.410004
2022-03-07,002648,19.59,19.74,19.06,19.25,10709624.0,450247129.0,33007791913.25
2022-03-08,002648,19.69,19.75,19.18,19.3,13224701.0,557751957.0,33093526437.7
2022-03-09,002648,19.3,20.4,19.06,19.8,17315875.0,740785857.0,33950871682.2
2022-03-10,002648,20.11,20.27,19.49,19.61,9742519.0,415794311.0,33625080489.29
2022-03-11,002648,19.38,19.74,18.74,19.72,8337299.0,351022224.0,33813696443.079998
2022-03-14,002648,19.44,19.67,19.15,19.33,6325970.0,266082790.0,33144967152.37
2022-03-15,002648,19.33,19.33,18.36,18.54,12797245.0,519194762.0,31790361666.059998
2022-03-16,002648,18.91,19.05,17.72,18.52,13891798.0,553144161.0,31756067856.28
2022-03-17,002648,18.64,19.12,18.48,18.81,10212181.0,414835369.0,32253328098.089996
2022-03-18,002648,18.65,19.25,18.57,19.17,7973844.0,328181604.0,32870616674.13
2022-03-21,002648,19.24,19.95,19.01,19.67,8353814.0,354305895.0,33727961918.63
2022-03-22,002648,19.94,20.02,19.44,19.88,8704879.0,374140010.0,34088046921.32
2022-03-23,002648,20.08,20.26,19.69,19.84,6107419.0,263283061.0,34019459301.76
2022-03-24,002648,19.84,20.2,19.71,19.97,7539732.0,326446894.0,34242369065.329998
2022-03-25,002648,19.92,20.06,19.2,19.29,7556193.0,320838406.0,33076379532.809998
2022-03-28,002648,19.16,19.16,18.28,18.46,12456134.0,499891420.0,31653186426.940002
2022-03-29,002648,18.46,18.74,18.31,18.43,5948357.0,238335475.0,31601745712.27
2022-03-30,002648,18.45,18.71,18.42,18.58,5696677.0,229199335.0,31858949285.62
2022-03-31,002648,18.45,18.62,18.11,18.18,7148407.0,284082629.0,31173073090.02
2022-04-01,002648,18.18,18.81,17.91,18.64,7997827.0,321842988.0,31961830714.96
2022-04-06,002648,18.62,18.92,18.24,18.31,5785516.0,230696631.0,31395982853.589996
2022-04-07,002648,18.23,18.36,17.81,17.81,7118667.0,278448809.0,30538637609.089996
2022-04-08,002648,17.83,18.74,17.68,18.64,10129588.0,403681382.0,31997516994.96
2022-04-11,002648,18.76,19.42,18.55,19.04,14946054.0,618411151.0,32684158990.559998
2022-04-12,002648,18.97,19.11,18.51,18.61,8487256.0,345202523.0,31946018845.29
2022-04-13,002648,18.6,19.28,18.38,18.83,8256172.0,338962874.0,32323671942.87
2022-04-14,002648,18.9,18.94,18.58,18.83,3748090.0,152232522.0,32323671942.87
2022-04-15,002648,18.64,18.66,18.23,18.4,3305838.0,132049209.0,31585531797.6
2022-04-18,002648,18.43,18.83,18.18,18.43,3014706.0,120740634.0,31637029947.27
2022-04-19,002648,18.23,18.6,18.23,18.54,4200760.0,168287740.0,31825856496.059998
2022-04-20,002648,18.46,18.58,18.1,18.17,4343527.0,172347192.0,31190712650.13
2022-04-21,002648,18.0,18.08,16.85,17.05,9282796.0,350187391.0,29268115062.45
2022-04-22,002648,16.61,17.22,16.5,16.61,12529963.0,453646956.0,28512808867.29
2022-04-25,002648,16.29,16.44,15.52,15.53,10122602.0,351302059.0,26658875479.17
2022-04-26,002648,15.46,15.92,15.11,15.22,10385434.0,348464877.0,26126727932.58
2022-04-27,002648,15.22,16.0,14.81,15.85,12421986.0,414596399.0,27208189075.649998
2022-04-28,002648,15.89,16.13,15.54,15.86,8997823.0,308227335.0,27225355125.54
2022-04-29,002648,16.06,16.72,15.74,16.63,8480867.0,299590162.0,28547140967.07
2022-05-05,002648,16.62,17.17,16.41,16.78,10393286.0,377679997.0,28804631715.420002
2022-05-06,002648,16.38,16.77,16.25,16.34,7316297.0,260445382.0,28049325520.26
2022-05-09,002648,16.3,16.33,15.6,15.76,9069885.0,311607901.0,27053694626.64
2022-05-10,002648,15.53,15.66,15.28,15.35,12382922.0,413617838.0,26349886581.149998
2022-05-11,002648,15.38,16.33,15.38,16.12,11115923.0,385501149.0,27671672422.68
2022-05-12,002648,16.16,16.38,15.88,16.15,5314649.0,186277003.0,27723170572.35
2022-05-13,002648,16.16,16.59,16.15,16.53,6997230.0,248919313.0,28375480468.170002
2022-05-16,002648,16.57,17.01,16.53,16.61,5910191.0,213886529.0,28512808867.29
2022-05-17,002648,16.58,17.01,16.43,16.92,6049797.0,220764695.0,29044956413.88
2022-05-18,002648,16.93,17.47,16.86,17.26,7701803.0,287431506.0,29628602110.140003
2022-05-19,002648,16.84,17.21,16.81,17.14,8837909.0,326601728.0,29422609511.46
2022-05-20,002648,17.05,17.38,17.03,17.34,6119480.0,229070904.0,29765930509.26
2022-05-23,002648,17.42,17.56,17.24,17.42,4813507.0,181327089.0,29903258908.38
2022-05-24,002648,17.33,17.52,16.88,16.91,6052046.0,225001502.0,29027790363.99
2022-05-25,002648,16.83,17.02,16.72,16.88,4818127.0,175727397.0,28976292214.32
2022-05-26,002648,16.93,17.48,16.71,17.3,5970309.0,221820595.0,29697266309.7
2022-05-27,002648,17.56,17.74,17.37,17.58,6216279.0,237061880.0,30177915706.62
2022-05-30,002648,17.77,17.99,17.6,17.82,6747091.0,260408648.0,30589900903.98
2022-05-31,002648,17.69,18.22,17.68,18.16,7987826.0,311746899.0,31173546600.24
2022-06-01,002648,18.1,18.39,17.84,17.98,7392886.0,289505299.0,30864557702.22
2022-06-02,002648,18.01,18.04,17.73,17.83,5003826.0,193305058.0,30607066953.87
2022-06-06,002648,17.92,18.24,17.37,18.06,21417080.0,580825634.0,43377953739.119995
2022-06-07,002648,18.1,18.12,17.69,17.87,12462206.0,342130344.0,42921596529.240005
2022-06-08,002648,17.89,18.17,17.7,18.13,9548509.0,263862671.0,43546085342.759995
2022-06-09,002648,18.15,18.38,18.02,18.29,13825459.0,387140152.0,43930386151.079994
2022-06-10,002648,18.08,18.23,17.8,17.8,26870918.0,738779149.0,42753464925.6
2022-06-13,002648,17.76,17.95,17.47,17.79,15310427.0,416109218.0,42729446125.079994
2022-06-14,002648,17.59,18.57,17.52,18.49,20834244.0,583406177.0,44410762161.479996
2022-06-15,002648,19.39,19.47,18.14,18.2,24317357.0,700947788.0,43714216946.4
2022-06-16,002648,18.11,18.31,17.5,17.55,21832843.0,596087220.0,42152994912.6
2022-06-17,002648,17.46,18.28,17.43,17.93,23493012.0,647142450.0,43065709332.36
2022-06-20,002648,18.3,18.3,17.32,17.42,20205036.0,542707318.0,41840750505.840004
2022-06-21,002648,17.38,17.48,16.79,16.93,17894025.0,466067272.0,40663829280.36
2022-06-22,002648,16.88,17.06,16.6,16.69,12215507.0,315677172.0,40087378067.880005
2022-06-23,002648,16.62,16.88,16.4,16.8,13545864.0,345276406.0,40351584873.6
2022-06-24,002648,16.84,16.97,16.69,16.92,10504379.0,272134337.0,40639810479.840004
2022-06-27,002648,16.91,17.13,16.84,16.94,13204057.0,343957997.0,40687848080.880005
2022-06-28,002648,16.94,17.01,16.73,16.91,8995885.0,232486244.0,40615791679.32
2022-06-29,002648,16.84,16.9,16.55,16.59,10341112.0,265054918.0,39847190062.68
2022-06-30,002648,16.69,16.93,16.62,16.84,9534093.0,246119896.0,40447660075.68
2022-07-01,002648,16.84,17.0,16.56,16.94,11277315.0,290963562.0,40687848080.880005
2022-07-04,002648,16.84,17.01,16.71,16.94,9338321.0,242153295.0,40687848080.880005
2022-07-05,002648,16.99,17.31,16.85,17.03,14039407.0,367988285.0,40904017285.560005
2022-07-06,002648,16.85,17.04,16.21,16.39,15315688.0,387202099.0,39366814052.28
2022-07-07,002648,16.39,16.47,15.96,16.23,9884156.0,246611186.0,38982513243.96
2022-07-08,002648,16.29,16.47,16.18,16.33,9888149.0,247430524.0,39222701249.159996
2022-07-11,002648,16.29,16.29,15.51,15.64,11836481.0,286038516.0,37565404013.28
2022-07-12,002648,15.75,16.2,15.61,16.1,13837539.0,339568414.0,38670268837.200005
2022-07-13,002648,15.97,16.06,15.76,15.84,6563501.0,160065775.0,38045780023.68
2022-07-14,002648,15.84,16.02,15.68,16.02,7382911.0,179678367.0,38478118433.04
2022-07-15,002648,15.9,15.96,15.54,15.58,16274590.0,392155193.0,37421291210.16
2022-07-18,002648,15.48,15.83,15.18,15.69,12680277.0,301998824.0,37685498015.88
2022-07-19,002648,15.68,15.93,15.61,15.83,10846095.0,263060622.0,38021761223.16
2022-07-20,002648,15.81,16.43,15.81,16.3,13583666.0,338630241.0,39150644847.6
2022-07-21,002648,16.21,16.32,15.99,16.01,6397950.0,158154316.0,38454099632.520004
2022-07-22,002648,16.0,16.08,15.4,15.57,9777108.0,234924521.0,37397272409.64
2022-07-25,002648,15.5,15.61,14.98,15.05,9872086.0,230378446.0,36148294782.6
2022-07-26,002648,15.12,15.55,15.05,15.42,9606602.0,226190367.0,37036990401.84
2022-07-27,002648,15.42,15.49,15.06,15.15,9358469.0,217614133.0,36388482787.8
2022-07-28,002648,15.15,15.29,14.99,15.04,10978097.0,254473746.0,36124275982.079994
2022-07-29,002648,15.08,15.19,14.66,14.77,11835497.0,270065428.0,35475768368.04
2022-08-01,002648,14.69,14.73,14.32,14.43,18612538.0,412180830.0,34659129150.36
2022-08-02,002648,14.29,14.33,13.57,13.94,20170522.0,427982686.0,33482207924.879997
2022-08-03,002648,14.01,14.32,13.75,13.78,12018089.0,257297547.0,33097907116.559998
2022-08-04,002648,13.86,14.06,13.69,13.86,10145417.0,215334804.0,33290057520.719997
2022-08-05,002648,13.92,14.24,13.76,14.23,14449580.0,311138068.0,34178753139.960003
2022-08-08,002648,14.17,14.51,14.15,14.45,11727235.0,258726865.0,34708910375.1
2022-08-09,002648,14.54,14.71,14.45,14.58,10057440.0,224851199.0,35021170468.44
2022-08-10,002648,14.43,14.92,14.37,14.89,13678219.0,310133742.0,35765790691.020004
2022-08-11,002648,15.1,15.4,14.88,15.23,16970058.0,395367461.0,36582470935.14
2022-08-12,002648,15.4,16.75,15.31,16.75,44659264.0,1128709755.0,40233512026.5
2022-08-15,002648,17.2,17.92,16.92,17.6,106503480.0,2857055688.0,42275212636.8
2022-08-16,002648,18.06,18.73,17.81,18.44,91464982.0,2562628090.0,44292893239.920006
2022-08-17,002648,18.08,18.25,17.14,17.31,74796889.0,2026470465.0,41578632428.579994
2022-08-18,002648,16.94,17.18,16.16,16.47,67155690.0,1710523814.0,39560951825.46
2022-08-19,002648,16.34,16.57,15.94,16.19,54457462.0,1360827042.0,38888391624.420006
2022-08-22,002648,16.22,16.9,16.19,16.7,40510282.0,1038848261.0,40113411990.6
2022-08-23,002648,16.65,16.65,16.16,16.42,29577083.0,743373247.0,39440851789.560005
2022-08-24,002648,16.49,16.63,15.43,15.5,40935093.0,990549227.0,37231011129.0
2022-08-25,002648,15.63,16.0,15.48,15.83,18704002.0,449892283.0,38023671365.94
2022-08-26,002648,15.76,15.91,15.61,15.74,15019602.0,362811552.0,37807491301.32
2022-08-29,002648,15.51,15.7,15.27,15.43,18529159.0,437937350.0,37062871078.74
2022-08-30,002648,15.7,15.75,14.58,14.73,34282091.0,782199088.0,35381470576.14
2022-08-31,002648,14.54,14.79,14.2,14.29,21289758.0,471159564.0,34324590260.219997
2022-09-01,002648,14.32,14.53,14.08,14.26,17218361.0,378968139.0,34252530238.68
2022-09-02,002648,14.28,14.37,14.09,14.19,11181190.0,243740711.0,34084390188.42
2022-09-05,002648,14.14,14.2,13.81,13.88,16839869.0,361100769.0,33339769965.84
2022-09-06,002648,13.98,14.53,13.87,14.5,23467155.0,515537424.0,34829010411.0
2022-09-07,002648,14.51,14.68,14.19,14.27,25030974.0,553129423.0,34276550245.86
2022-09-08,002648,14.34,14.37,13.65,13.75,34142202.0,724531892.0,33027509872.5
2022-09-09,002648,13.69,13.85,13.61,13.83,18321756.0,386713198.0,33219669929.94
2022-09-13,002648,13.88,13.94,13.55,13.67,17572194.0,369872427.0,32835349815.06
2022-09-14,002648,13.36,13.49,13.13,13.16,25718507.0,524048591.0,31610329448.88
2022-09-15,002648,13.21,13.23,12.53,12.77,29624868.0,582068018.0,30673549168.86
2022-09-16,002648,12.8,12.8,12.28,12.34,21560660.0,413741105.0,29640688860.12
2022-09-19,002648,12.22,12.5,12.17,12.3,16028430.0,303834527.0,29544608831.4
2022-09-20,002648,12.45,13.39,12.41,13.05,38182286.0,762309583.0,31346109369.9
2022-09-21,002648,12.97,13.6,12.89,13.35,34850995.0,713585096.0,32066709585.3
2022-09-22,002648,13.3,13.5,13.14,13.32,18872327.0,385781841.0,31994649563.760002
2022-09-23,002648,13.31,14.05,13.24,13.98,38497009.0,818466440.0,33579970037.64
2022-09-26,002648,13.86,14.19,13.61,14.0,22730956.0,489731395.0,33628010052.0
2022-09-27,002648,14.0,14.31,13.75,14.31,32076143.0,695378592.0,34372630274.58
2022-09-28,002648,14.3,14.41,13.75,13.91,20142357.0,432821522.0,33411829987.38
2022-09-29,002648,13.98,14.09,13.68,13.83,15531564.0,330458060.0,33219669929.94
2022-09-30,002648,14.02,14.31,13.78,13.86,14760591.0,317678692.0,33291729951.48
2022-10-10,002648,13.94,14.02,13.4,13.48,12572840.0,263604126.0,32378969678.64
2022-10-11,002648,13.63,13.63,13.23,13.55,10510867.0,216484920.0,32547109728.9
2022-10-12,002648,13.46,13.46,12.78,13.1,27302073.0,544236467.0,31466209405.8
2022-10-13,002648,13.0,13.0,12.16,12.43,44561122.0,593708155.0,41799616479.72
2022-10-14,002648,12.44,12.58,12.18,12.44,38807997.0,518379310.0,41833244489.76
2022-10-17,002648,12.38,13.01,12.08,12.89,46404415.0,628112190.0,43346504941.560005
2022-10-18,002648,12.86,13.66,12.84,13.46,47983976.0,689367228.0,45263301513.840004
2022-10-19,002648,13.42,13.46,12.94,12.96,35076329.0,493260757.0,43581901011.840004
2022-10-20,002648,12.78,12.94,12.47,12.58,25047450.0,340805738.0,42304036630.32
2022-10-21,002648,12.56,12.58,12.17,12.32,20027886.0,266426698.0,41429708369.28
2022-10-24,002648,12.25,12.55,11.91,11.95,25325467.0,330967258.0,40185471997.799995
2022-10-25,002648,11.36,11.76,11.01,11.7,35893192.0,440180817.0,39344771746.799995
2022-10-26,002648,11.77,12.79,11.74,12.42,43489228.0,578988511.0,41765988469.68
2022-10-27,002648,12.52,12.75,12.2,12.33,17601657.0,234861500.0,41463336379.32
2022-10-28,002648,12.33,12.39,11.82,11.85,17996620.0,232829112.0,39849191897.4
2022-10-31,002648,11.73,11.9,11.5,11.54,16186320.0,202588090.0,38806723586.159996
2022-11-01,002648,11.7,12.22,11.58,12.2,19209245.0,246018574.0,41026172248.799995
2022-11-02,002648,12.16,12.44,11.87,12.21,22724602.0,297078407.0,41059800258.840004
2022-11-03,002648,12.04,12.61,12.01,12.54,24194357.0,324803819.0,42169524590.159996
2022-11-04,002648,12.54,12.78,12.44,12.62,27104255.0,368416698.0,42438548670.479996
2022-11-07,002648,12.59,13.39,12.55,13.3,35373875.0,497262071.0,44725253353.200005
2022-11-08,002648,13.29,13.71,13.19,13.49,32259551.0,466532519.0,45364185543.96
2022-11-09,002648,13.46,13.65,13.15,13.16,19059642.0,273892671.0,44254461212.64
2022-11-10,002648,13.16,13.25,12.79,12.97,17258657.0,239828098.0,43615529021.880005
2022-11-11,002648,13.4,13.52,12.97,13.4,30719986.0,437615675.0,45061533453.6
2022-11-14,002648,13.36,13.79,13.17,13.3,25732938.0,374136441.0,44725253353.200005
2022-11-15,002648,13.28,13.55,13.06,13.51,24214285.0,347413806.0,45431441564.04
2022-11-16,002648,13.51,14.07,13.51,13.7,29161429.0,433008389.0,46070373754.799995
2022-11-17,002648,13.53,13.64,13.1,13.19,20089726.0,286486347.0,44355345242.76
2022-11-18,002648,13.12,13.24,12.98,13.04,14269896.0,200722010.0,43850925092.159996
2022-11-21,002648,12.96,13.18,12.75,13.06,13126336.0,183231403.0,43918181112.24
2022-11-22,002648,13.06,13.08,12.77,12.92,14950676.0,207488339.0,43447388971.68
2022-11-23,002648,12.92,13.34,12.86,13.08,15103003.0,212123534.0,43985437132.32
2022-11-24,002648,13.03,13.2,13.0,13.1,7537868.0,106138661.0,44052693152.4
2022-11-25,002648,13.11,13.4,12.87,13.21,13929312.0,197344412.0,44422601262.840004
2022-11-28,002648,13.03,13.16,12.71,12.79,14261435.0,197078690.0,43010224841.159996
2022-11-29,002648,12.75,13.25,12.71,13.22,21204924.0,297288133.0,44456229272.880005
2022-11-30,002648,13.23,13.78,13.2,13.54,25739746.0,375522846.0,45532325594.159996
2022-12-01,002648,13.69,14.13,13.69,14.1,32322032.0,483752909.0,47415494156.4
2022-12-02,002648,14.05,14.19,13.8,13.98,23671215.0,355303207.0,47011958035.92
2022-12-05,002648,13.98,14.73,13.94,14.73,35748946.0,553818766.0,49534058788.92
2022-12-06,002648,14.59,14.93,14.24,14.71,29035374.0,458024069.0,49466802768.840004
2022-12-07,002648,14.7,14.78,14.25,14.31,23919334.0,370945742.0,48121682367.24
2022-12-08,002648,14.29,14.54,14.18,14.24,17827549.0,273989656.0,47892280795.840004
2022-12-09,002648,14.33,14.73,14.16,14.61,19072787.0,296221427.0,49136672923.26
2022-12-12,002648,14.59,14.72,14.15,14.21,17947506.0,277113103.0,47791384136.86001
2022-12-13,002648,14.26,14.62,14.06,14.2,16481383.0,253823404.0,47757751917.200005
2022-12-14,002648,14.15,14.27,13.94,14.17,10576783.0,160202157.0,47656855258.22001
2022-12-15,002648,14.24,14.29,13.76,13.98,17078301.0,255572135.0,47017843084.68001
2022-12-16,002648,14.01,14.57,13.89,14.37,25741416.0,395320570.0,48329499651.420006
2022-12-19,002648,14.33,14.55,13.85,13.99,15722185.0,237394728.0,47051475304.340004
2022-12-20,002648,14.0,14.22,13.6,13.83,12431927.0,185369975.0,46513359789.78001
2022-12-21,002648,13.78,14.05,13.63,13.87,13170536.0,195855500.0,46647888668.420006
2022-12-22,002648,13.87,14.11,13.8,13.95,14416197.0,215771571.0,46916946425.700005
2022-12-23,002648,13.79,13.84,13.26,13.29,18489004.0,267300628.0,44697219928.14001
2022-12-26,002648,13.27,13.64,13.18,13.58,14968532.0,217086186.0,45672554298.28001
2022-12-27,002648,13.59,14.3,13.58,14.13,18944728.0,286701711.0,47522326379.58001
2022-12-28,002648,14.15,14.23,13.78,14.07,20211056.0,305062226.0,47320533061.62001
2022-12-29,002648,13.98,14.38,13.81,14.28,19048453.0,291119849.0,48026809674.48
2022-12-30,002648,14.34,14.6,14.23,14.43,21882830.0,339630675.0,48531292969.380005
2023-01-03,002648,14.24,14.56,13.85,14.24,24514538.0,371590393.0,47892280795.840004
2023-01-04,002648,14.29,14.64,14.15,14.4,20605267.0,318932473.0,48430396310.40001
2023-01-05,002648,14.38,14.75,14.29,14.53,15129013.0,237250751.0,48867615165.98
2023-01-06,002648,14.63,15.47,14.6,15.27,40050485.0,653040000.0,51356399420.82001
2023-01-09,002648,15.31,15.61,15.01,15.47,28452588.0,469609598.0,52029043814.02001
2023-01-10,002648,15.42,15.45,14.96,14.98,20893373.0,338201824.0,50381065050.68001
2023-01-11,002648,14.93,15.07,14.73,14.85,18283434.0,292311257.0,49943846195.100006
2023-01-12,002648,14.81,14.96,14.75,14.89,16392673.0,261981931.0,50078375073.740005
2023-01-13,002648,14.93,14.98,14.61,14.74,20735582.0,328328736.0,49573891778.840004
2023-01-16,002648,14.77,15.26,14.67,15.03,22055078.0,355788521.0,50549226148.98
2023-01-17,002648,15.13,15.43,14.99,15.42,19483365.0,320397987.0,51860882715.72001
2023-01-18,002648,15.41,15.6,15.27,15.4,14830968.0,245433494.0,51793618276.40001
2023-01-19,002648,15.36,16.47,15.31,16.37,41039746.0,712252207.0,55055943583.42001
2023-01-20,002648,16.33,16.59,16.25,16.56,21796876.0,384888765.0,55694955756.96001
2023-01-30,002648,16.77,16.83,16.42,16.6,20156923.0,359244809.0,55829484635.60001
2023-01-31,002648,16.57,16.99,16.47,16.48,19795372.0,354696469.0,55425897999.68001
2023-02-01,002648,16.48,16.97,16.4,16.92,24445220.0,440197749.0,56905715664.72002
2023-02-02,002648,16.96,17.53,16.83,17.31,27763763.0,514265872.0,58217372231.46001
2023-02-03,002648,17.34,17.45,16.55,16.84,33353004.0,602803514.0,56636657907.44001
2023-02-06,002648,16.68,16.89,16.25,16.42,29174846.0,517726693.0,55224104681.72002
2023-02-07,002648,16.49,16.75,16.28,16.36,14954620.0,264865920.0,55022311363.76
2023-02-08,002648,16.46,16.66,16.36,16.42,14022279.0,248656928.0,55224104681.72002
2023-02-09,002648,16.34,16.82,16.32,16.56,18176517.0,323042522.0,55694955756.96001
2023-02-10,002648,16.44,16.63,16.32,16.5,13281514.0,234663680.0,55493162439.00001
2023-02-13,002648,16.48,16.75,16.38,16.66,16970618.0,302432295.0,56031277953.560005
2023-02-14,002648,16.62,17.08,16.48,16.75,22747598.0,409316745.0,56333967930.50001
2023-02-15,002648,16.77,16.88,16.43,16.61,17189452.0,305919419.0,55863116855.26001
2023-02-16,002648,16.54,16.67,16.08,16.18,20201702.0,355290412.0,54416931409.880005
2023-02-17,002648,16.18,16.6,16.16,16.34,20979797.0,370643403.0,54955046924.44001
2023-02-20,002648,16.47,16.79,16.1,16.68,24197881.0,428661417.0,56098542392.880005
2023-02-21,002648,16.84,17.51,16.68,17.27,33906753.0,627833133.0,58082843352.82001
2023-02-22,002648,17.1,17.66,17.04,17.43,25198498.0,472231690.0,58620958867.380005
2023-02-23,002648,17.31,17.55,16.7,16.75,22635054.0,412445506.0,56333967930.50001
2023-02-24,002648,16.8,16.88,16.38,16.57,18027195.0,320768189.0,55728587976.62001
2023-02-27,002648,16.47,16.75,16.24,16.32,17651542.0,312097533.0,54887782485.12001
2023-02-28,002648,16.55,16.56,15.97,16.21,19174439.0,333010949.0,54517828068.86001
2023-03-01,002648,16.19,16.42,16.07,16.4,13310314.0,232863946.0,55156840242.4
2023-03-02,002648,16.36,16.45,16.01,16.12,17161093.0,297906195.0,54215138091.92001
2023-03-03,002648,16.12,16.22,15.96,16.03,9212935.0,158943756.0,53912448114.98001
2023-03-06,002648,15.97,16.06,15.45,15.73,23370640.0,391988271.0,52903481525.18001
2023-03-07,002648,15.83,15.92,15.27,15.3,22607805.0,376908938.0,51457296079.80001
2023-03-08,002648,15.24,15.24,14.78,15.13,27648966.0,445588316.0,50885548345.58001
2023-03-09,002648,15.23,15.51,14.97,15.4,16339829.0,268820079.0,51793618276.40001
2023-03-10,002648,15.28,15.28,14.86,14.95,18235589.0,293689176.0,50280168391.700005
2023-03-13,002648,14.91,15.26,14.88,15.05,12787019.0,207145825.0,50616490588.30001
2023-03-14,002648,15.04,15.08,14.59,14.69,13400094.0,212563418.0,49405730680.54001
2023-03-15,002648,14.69,15.16,14.69,15.07,15433082.0,249022292.0,50683755027.62001
2023-03-16,002648,14.9,15.07,14.6,14.71,11559070.0,183993638.0,49472995119.86001
2023-03-17,002648,14.79,14.87,14.36,14.48,18695074.0,292465532.0,48699454067.68001
2023-03-20,002648,14.46,14.56,14.26,14.46,9813538.0,152264075.0,48632189628.36001
2023-03-21,002648,14.38,14.84,14.38,14.81,10665865.0,168053450.0,49809317316.46001
2023-03-22,002648,14.85,15.16,14.5,14.57,16844456.0,266871962.0,49002144044.62001
2023-03-23,002648,14.63,14.87,14.41,14.66,14915157.0,235328532.0,49304834021.560005
2023-03-24,002648,14.62,14.94,14.5,14.77,13181356.0,208901849.0,49674788437.82001
2023-03-27,002648,14.71,14.82,14.37,14.58,18049436.0,282281936.0,49035776264.28001
2023-03-28,002648,15.17,15.35,14.69,14.76,26111228.0,419141949.0,49641156218.16
2023-03-29,002648,14.82,14.96,14.38,14.44,16656969.0,260753845.0,48564925189.04001
2023-03-30,002648,14.44,14.48,14.06,14.42,20613717.0,315366462.0,48497660749.72001
2023-03-31,002648,14.45,15.23,14.45,14.89,27185769.0,436913939.0,50078375103.52
2023-04-03,002648,14.89,15.1,14.72,14.82,17429206.0,278722165.0,49842949565.759995
2023-04-04,002648,14.82,14.89,14.33,14.51,16628025.0,258784783.0,48800350755.67999
2023-04-06,002648,14.43,14.87,14.34,14.79,11845337.0,186742187.0,49742052906.71999
2023-04-07,002648,14.81,15.04,14.72,14.96,9985220.0,160081852.0,50313800641.28
2023-04-10,002648,14.99,15.11,14.59,14.79,15217959.0,241324304.0,49742052906.71999
2023-04-11,002648,14.76,15.08,14.73,15.02,13361487.0,214524373.0,50515593959.35999
2023-04-12,002648,15.01,15.06,14.58,14.61,16062304.0,253755073.0,49136672952.47999
2023-04-13,002648,14.61,14.75,14.48,14.59,12148043.0,190587558.0,49069408513.119995
2023-04-14,002648,14.64,14.94,14.59,14.64,19411402.0,306848456.0,49237569611.52
2023-04-17,002648,14.57,15.3,14.57,15.24,31700980.0,512557873.0,51255502792.31999
2023-04-18,002648,15.27,15.44,15.08,15.21,15307612.0,251087720.0,51154606133.28
2023-04-19,002648,15.18,15.18,14.64,14.7,18774179.0,297752749.0,49439362929.59999
2023-04-20,002648,14.63,14.68,13.62,13.81,34618068.0,518748665.0,46446095378.079994
2023-04-21,002648,13.89,13.92,13.54,13.57,16695848.0,245133880.0,45638922105.759995
2023-04-24,002648,13.57,13.59,12.69,13.04,42453668.0,589655846.0,43856414462.71999
2023-04-25,002648,13.24,13.38,12.92,13.01,14820637.0,208646365.0,43755517803.67999
2023-04-26,002648,13.03,13.25,12.86,12.99,12689540.0,177819574.0,43688253364.31999
2023-04-27,002648,12.9,13.11,12.77,12.94,11471928.0,159148914.0,43520092265.91999
2023-04-28,002648,12.94,13.23,12.87,13.21,12257338.0,172425204.0,44428162197.28
2023-05-04,002648,13.19,13.54,12.95,13.41,16034475.0,230266382.0,45100806590.88
2023-05-05,002648,13.37,13.6,13.26,13.52,12944377.0,186906190.0,45470761007.35999
2023-05-08,002648,13.65,13.79,13.17,13.25,14874615.0,214568075.0,44562691075.99999
2023-05-09,002648,13.25,13.31,12.95,13.06,13974469.0,196800039.0,43923678902.079994
2023-05-10,002648,13.0,13.2,12.88,12.99,10154151.0,141919751.0,43688253364.31999
2023-05-11,002648,13.04,13.1,12.8,13.0,9676530.0,134861701.0,43721885583.99999
2023-05-12,002648,13.05,13.05,12.53,12.58,14969185.0,203907661.0,42309332357.439995
2023-05-15,002648,12.58,12.8,12.46,12.67,13447250.0,181989357.0,42637200209.240005
2023-05-16,002648,12.68,12.84,12.63,12.68,10689307.0,146124446.0,42670852300.96001
2023-05-17,002648,12.64,12.69,12.44,12.58,10181508.0,137328784.0,42334331383.76001
2023-05-18,002648,12.65,12.76,12.24,12.29,14792258.0,197150641.0,41358420723.880005
2023-05-19,002648,12.29,12.33,12.09,12.22,15319266.0,200618076.0,41122856081.84001
2023-05-22,002648,12.22,12.49,12.13,12.45,11721114.0,155807680.0,41896854191.4
2023-05-23,002648,12.46,12.55,12.26,12.28,10065135.0,133456083.0,41324768632.16
2023-05-24,002648,12.28,12.43,12.12,12.18,9717891.0,127932310.0,40988247714.96001
2023-05-25,002648,12.16,12.22,11.87,11.98,13361338.0,172384379.0,40315205880.560005
2023-05-26,002648,11.98,12.09,11.74,11.78,14681102.0,186589128.0,39642164046.16
2023-05-29,002648,11.8,11.9,11.56,11.76,14615402.0,183852450.0,39574859862.72
2023-05-30,002648,11.71,11.9,11.57,11.69,10937657.0,137318138.0,39339295220.68
2023-05-31,002648,11.63,11.89,11.63,11.79,16311704.0,206448578.0,39675816137.880005
2023-06-01,002648,11.77,12.48,11.73,12.15,28661765.0,377627510.0,40887291439.80001
2023-06-02,002648,12.16,13.11,12.16,13.07,34838379.0,478267129.0,43983283878.04001
2023-06-05,002648,13.04,13.3,12.78,13.14,24812310.0,347726690.0,44218848520.08001
2023-06-06,002648,13.14,13.54,13.13,13.2,23906598.0,342751030.0,44420761070.4
2023-06-07,002648,13.3,13.34,12.94,13.12,13753215.0,193725378.0,44151544336.64001
2023-06-08,002648,13.26,13.56,13.13,13.5,20156815.0,290015660.0,45430323822.00001
2023-06-09,002648,13.5,13.59,13.31,13.35,17027873.0,245981609.0,44925542446.200005
2023-06-12,002648,13.4,13.63,13.22,13.37,16349630.0,236426445.0,44992846629.64001
2023-06-13,002648,13.3,13.41,13.03,13.21,16976877.0,240133704.0,44454413162.12001
2023-06-14,002648,13.22,13.78,13.13,13.53,16626067.0,242413237.0,45531280097.16
2023-06-15,002648,13.54,14.13,13.54,14.01,34807063.0,519828603.0,47146580499.72001
2023-06-16,002648,14.02,14.43,13.46,13.77,27483180.0,406914643.0,46338930298.44
2023-06-19,002648,14.14,14.29,13.65,13.77,32890814.0,491983095.0,46338930298.44
2023-06-20,002648,13.79,13.79,13.43,13.5,18386401.0,267462530.0,45430323822.00001
2023-06-21,002648,13.48,13.98,13.43,13.55,19737773.0,291359565.0,45598584280.600006
2023-06-26,002648,13.57,13.79,13.49,13.56,14061773.0,205896010.0,45632236372.32001
2023-06-27,002648,13.59,14.19,13.58,13.89,24673575.0,369609055.0,46742755399.08001
2023-06-28,002648,13.82,14.13,13.75,14.1,18897630.0,284440376.0,47449449325.200005
2023-06-29,002648,14.03,14.15,13.55,13.59,20748778.0,306616819.0,45733192647.48
2023-06-30,002648,13.61,14.0,13.59,13.92,16754481.0,250220258.0,46843711674.240005
2023-07-03,002648,14.22,14.32,13.92,13.95,16858715.0,254323507.0,46944667949.4
2023-07-04,002648,13.99,14.1,13.79,14.06,12085276.0,181832051.0,47314840958.32001
2023-07-05,002648,13.98,14.09,13.89,14.04,6923336.0,104065937.0,47247536774.880005
2023-07-06,002648,14.01,14.02,13.73,13.85,13037898.0,194135850.0,46608147032.200005
2023-07-07,002648,13.85,14.09,13.79,13.97,10252353.0,154002527.0,47011972132.84001
2023-07-10,002648,13.96,14.22,13.77,13.84,10859201.0,162221819.0,46574494940.48
2023-07-11,002648,13.83,14.1,13.78,14.06,14525876.0,218725822.0,47314840958.32001
2023-07-12,002648,13.99,14.75,13.98,14.66,25637052.0,398383963.0,49333966461.520004
2023-07-13,002648,14.59,14.94,14.52,14.77,25279636.0,401173139.0,49704139470.44
2023-07-14,002648,14.83,15.23,14.6,15.11,22660783.0,366453619.0,50848310588.920006
2023-07-17,002648,14.99,14.99,14.58,14.8,15106886.0,239265767.0,49805095745.600006
2023-07-18,002648,14.87,15.04,14.59,14.8,20918778.0,331425853.0,49805095745.600006
2023-07-19,002648,14.75,14.93,14.61,14.66,10808677.0,170937505.0,49333966461.520004
2023-07-20,002648,14.66,14.89,14.62,14.66,9944647.0,157588972.0,49333966461.520004
2023-07-21,002648,14.61,14.95,14.5,14.71,12324158.0,195132523.0,49502226920.12001
2023-07-24,002648,14.69,14.69,14.15,14.22,25237663.0,386917897.0,47853274425.84001
2023-07-25,002648,14.55,14.9,14.43,14.86,31407294.0,497083657.0,50007008295.920006
2023-07-26,002648,14.85,14.96,14.72,14.86,12432739.0,198130215.0,50007008295.920006
2023-07-27,002648,14.85,15.26,14.75,14.99,17851855.0,289390420.0,50444485488.28001
2023-07-28,002648,15.04,15.13,14.86,15.04,13319091.0,215009081.0,50612745946.880005
2023-07-31,002648,15.13,15.45,14.85,15.0,16332190.0,264970860.0,50478137580.00001
2023-08-01,002648,15.05,15.24,14.91,15.13,15189115.0,246804027.0,50915614772.36001
2023-08-02,002648,15.1,15.2,14.89,14.95,9487600.0,152719511.0,50309877121.4
2023-08-03,002648,14.89,14.99,14.76,14.88,8898040.0,142015032.0,50074312479.36001
2023-08-04,002648,14.97,15.16,14.88,14.94,11669911.0,187900904.0,50276225029.68001
2023-08-07,002648,14.87,15.07,14.69,14.82,9354740.0,148844705.0,49872399929.04001
2023-08-08,002648,14.75,14.95,14.69,14.87,8751892.0,139246508.0,50040660387.64001
2023-08-09,002648,14.81,14.88,14.56,14.7,9679351.0,152453028.0,49468574828.4
2023-08-10,002648,14.66,14.75,14.43,14.66,14002722.0,218957459.0,49333966461.520004
2023-08-11,002648,14.66,14.66,14.09,14.09,19173518.0,293113866.0,47415797233.48
2023-08-14,002648,13.92,13.92,13.6,13.91,20880208.0,309179081.0,46810059582.520004
2023-08-15,002648,13.93,13.93,13.66,13.91,12340959.0,183110551.0,46810059582.520004
2023-08-16,002648,13.92,14.06,13.79,13.89,11247291.0,168424683.0,46742755399.08001
2023-08-17,002648,13.79,13.88,13.64,13.86,12913390.0,190873963.0,46641799123.920006
2023-08-18,002648,13.79,13.9,13.53,13.54,8295915.0,122003118.0,45564932188.880005
2023-08-21,002648,13.54,13.67,13.38,13.4,9141531.0,132765726.0,45093802904.80001
2023-08-22,002648,13.44,13.84,13.44,13.74,15946061.0,234498460.0,46237974023.28001
2023-08-23,002648,13.69,13.78,13.36,13.38,8505394.0,123462549.0,45026498721.36001
2023-08-24,002648,13.43,14.07,13.38,13.97,21181084.0,314815497.0,47011972132.84001
2023-08-25,002648,14.06,14.06,13.65,13.71,10340166.0,153035339.0,46137017748.12001
2023-08-28,002648,14.44,14.46,13.81,13.86,13385428.0,201647992.0,46641799123.920006
2023-08-29,002648,13.91,14.15,13.71,14.01,17827880.0,267003796.0,47146580499.72001
2023-08-30,002648,14.03,14.41,14.02,14.26,13056466.0,200059163.0,47987882792.72001
2023-08-31,002648,14.24,14.42,14.15,14.24,8126232.0,124788183.0,47920578609.28001
2023-09-01,002648,14.32,14.75,14.24,14.64,14152641.0,221903337.0,49266662278.08001
2023-09-04,002648,14.69,15.08,14.69,14.87,16412797.0,262322074.0,50040660387.64001
2023-09-05,002648,14.89,14.9,14.64,14.75,10009849.0,158427253.0,49636835287.00001
2023-09-06,002648,14.77,14.83,14.55,14.72,8884618.0,140144658.0,49535879011.84001
2023-09-07,002648,14.73,14.78,14.5,14.59,10113589.0,158629229.0,49098401819.48
2023-09-08,002648,14.62,14.64,14.38,14.48,8803459.0,137161466.0,48728228810.560005
2023-09-11,002648,14.56,14.83,14.52,14.68,10084341.0,159284959.0,49401270644.96001
2023-09-12,002648,14.62,14.7,14.46,14.57,7427615.0,116102356.0,49031097636.04001
2023-09-13,002648,14.58,14.77,14.43,14.52,9402951.0,147323821.0,48862837177.44
2023-09-14,002648,14.48,14.59,14.43,14.53,7000137.0,109011253.0,48896489269.16
2023-09-15,002648,14.57,14.69,14.46,14.5,10636432.0,166382191.0,48795532994.00001
2023-09-18,002648,14.48,14.53,14.3,14.44,11262610.0,174423195.0,48593620443.68001
2023-09-19,002648,14.45,14.71,14.34,14.64,13701769.0,214477654.0,49266662278.08001
2023-09-20,002648,14.63,14.82,14.55,14.76,13023719.0,206029019.0,49670487378.72001
2023-09-21,002648,14.71,14.78,14.44,14.46,10866140.0,169762261.0,48660924627.12001
2023-09-22,002648,14.38,14.59,14.38,14.55,12162555.0,189517654.0,48963793452.600006
2023-09-25,002648,14.55,14.66,14.43,14.52,12197608.0,190256999.0,48862837177.44
2023-09-26,002648,14.53,14.56,14.3,14.33,10955218.0,169260811.0,48223447434.76001
2023-09-27,002648,14.37,14.69,14.31,14.51,13329721.0,208595464.0,48829185085.72001
2023-09-28,002648,14.5,14.67,14.25,14.27,11821512.0,183043925.0,48021534884.44
2023-10-09,002648,14.27,14.33,14.1,14.23,11870018.0,181071617.0,47886926517.560005
2023-10-10,002648,14.25,14.62,14.25,14.32,14523033.0,225593519.0,48189795343.04001
2023-10-11,002648,14.43,15.11,14.43,14.88,28430437.0,454883000.0,50074312479.36001
2023-10-12,002648,14.96,15.11,14.8,14.92,12772370.0,204494116.0,50208920846.240005
2023-10-13,002648,14.96,14.96,14.38,14.64,15203163.0,238557373.0,49266662278.08001
2023-10-16,002648,14.73,14.83,14.58,14.73,13031438.0,206117119.0,49569531103.560005
2023-10-17,002648,15.33,15.39,14.66,15.11,32114199.0,519541599.0,50848310588.920006
2023-10-18,002648,15.08,15.2,14.8,14.85,15864268.0,255485349.0,49973356204.200005
2023-10-19,002648,14.85,14.86,14.4,14.4,14951475.0,233770762.0,48459012076.80001
2023-10-20,002648,14.46,14.61,14.33,14.39,11971357.0,186203942.0,48425359985.08001
2023-10-23,002648,14.32,14.32,13.92,14.01,9615583.0,145427082.0,47146580499.72001
2023-10-24,002648,14.13,14.39,13.92,14.26,13223906.0,201460689.0,47987882792.72001
2023-10-25,002648,14.66,15.13,14.59,15.06,32715311.0,525884655.0,50680050130.32001
2023-10-26,002648,14.98,15.04,14.56,14.8,22967401.0,364143771.0,49805095745.600006
2023-10-27,002648,14.74,15.17,14.58,15.05,15838736.0,254879110.0,50646398038.600006
2023-10-30,002648,15.11,15.27,15.05,15.21,16637566.0,271452453.0,51184831506.12001
2023-10-31,002648,15.19,15.36,15.04,15.14,11239856.0,183141872.0,50949266864.08001
2023-11-01,002648,15.22,15.3,15.04,15.19,15172622.0,247589112.0,51117527322.68001
2023-11-02,002648,15.15,15.36,15.0,15.03,14092766.0,229629001.0,50579093855.16
2023-11-03,002648,15.07,15.25,15.0,15.08,12505713.0,203232692.0,50747354313.76001
2023-11-06,002648,15.21,15.27,14.94,15.03,19137423.0,309735774.0,50579093855.16
2023-11-07,002648,15.03,15.05,14.47,14.72,25578331.0,403418187.0,49535879011.84001
2023-11-08,002648,14.72,14.79,14.56,14.66,17431615.0,274872645.0,49333966461.520004
2023-11-09,002648,14.69,14.87,14.57,14.59,14684977.0,231605199.0,49098401819.48
2023-11-10,002648,14.56,14.64,14.43,14.48,9372750.0,145875339.0,48728228810.560005
2023-11-13,002648,14.52,15.06,14.38,14.94,28127516.0,445765933.0,50276225029.68001
2023-11-14,002648,14.94,15.29,14.84,14.94,20626310.0,333744722.0,50276225029.68001
2023-11-15,002648,15.03,15.18,14.89,14.97,10288625.0,165758078.0,50377181304.84001
2023-11-16,002648,14.96,15.01,14.8,14.89,11782714.0,188752638.0,50107964571.08001
2023-11-17,002648,14.86,14.91,14.7,14.74,10630304.0,168752932.0,49603183195.28001
2023-11-20,002648,14.8,14.86,14.62,14.78,12893109.0,204092758.0,49737791562.16
2023-11-21,002648,14.78,15.11,14.78,14.99,17669727.0,284807057.0,50444485488.28001
2023-11-22,002648,14.94,15.05,14.75,14.75,10364425.0,165477329.0,49636835287.00001
2023-11-23,002648,14.75,14.86,14.57,14.85,9675635.0,152982003.0,49973356204.200005
2023-11-24,002648,14.84,14.87,14.66,14.72,7266347.0,114922839.0,49535879011.84001
2023-11-27,002648,14.71,14.75,14.47,14.64,8967080.0,140650417.0,49266662278.08001
2023-11-28,002648,14.61,14.64,14.46,14.53,12343659.0,192875047.0,48896489269.16
2023-11-29,002648,14.57,14.75,14.44,14.7,15111374.0,237258463.0,49468574828.4
2023-11-30,002648,14.7,15.1,14.7,14.86,25773408.0,413374061.0,50007008295.920006
2023-12-01,002648,14.89,14.93,14.48,14.59,19778734.0,311088680.0,49098401819.48
2023-12-04,002648,14.59,14.65,14.34,14.55,17001350.0,264723903.0,48963793452.600006
2023-12-05,002648,14.47,14.56,14.25,14.27,11894918.0,184399562.0,48021534884.44
2023-12-06,002648,14.27,14.42,14.26,14.32,8304706.0,127916552.0,48189795343.04001
2023-12-07,002648,14.32,14.4,14.1,14.23,10513308.0,160308808.0,47886926517.560005
2023-12-08,002648,14.23,14.44,14.08,14.41,14229168.0,219566767.0,48492664168.520004
2023-12-11,002648,14.4,14.53,14.19,14.47,11456710.0,176492396.0,48694576718.84001
2023-12-12,002648,14.47,14.72,14.43,14.71,13886195.0,217535990.0,49502226920.12001
2023-12-13,002648,14.79,14.79,14.5,14.51,12159518.0,191146428.0,48829185085.72001
2023-12-14,002648,14.55,14.6,13.42,13.61,43960127.0,655684906.0,45800496830.920006
2023-12-15,002648,13.65,13.92,13.6,13.82,25264898.0,374575273.0,46507190757.04001
2023-12-18,002648,13.71,13.75,13.24,13.52,37048638.0,533393177.0,45497628005.44
2023-12-19,002648,13.49,13.92,13.41,13.77,21878933.0,322565242.0,46338930298.44
2023-12-20,002648,13.81,13.88,13.62,13.65,15516744.0,228704056.0,45937991053.5
2023-12-21,002648,13.56,13.85,13.51,13.76,13747753.0,202823843.0,46308187318.4
2023-12-22,002648,13.77,14.05,13.68,13.95,12875028.0,191991950.0,46947617230.5
2023-12-25,002648,13.96,14.06,13.9,14.0,8717128.0,130944109.0,47115888260.0
2023-12-26,002648,13.98,14.01,13.72,13.8,14146558.0,210545179.0,46442804142.0
2023-12-27,002648,13.82,13.88,13.6,13.72,15811069.0,232652342.0,46173570494.8
2023-12-28,002648,13.68,13.84,13.59,13.69,29784600.0,438749117.0,46072607877.1
2023-12-29,002648,13.68,13.79,13.33,13.73,36637503.0,533354776.0,46207224700.700005
2024-01-02,002648,13.74,14.04,13.65,13.94,26285961.0,391724321.0,46913963024.6
2024-01-03,002648,13.89,14.29,13.83,14.19,21879898.0,332987036.0,47755318172.1
2024-01-04,002648,14.15,14.18,13.82,14.06,20849981.0,313475148.0,47317813495.4
2024-01-05,002648,14.01,14.35,13.89,14.14,19995635.0,305193684.0,47587047142.6
2024-01-08,002648,14.04,14.09,13.79,13.82,12401148.0,185027531.0,46510112553.8
2024-01-09,002648,13.82,13.87,13.6,13.65,12209889.0,179827480.0,45937991053.5
2024-01-10,002648,13.6,13.73,13.4,13.43,9455065.0,137621375.0,45197598523.7
2024-01-11,002648,13.4,13.51,13.16,13.44,14602392.0,209724525.0,45231252729.6
2024-01-12,002648,13.4,13.59,13.25,13.49,12594183.0,182274399.0,45399523759.1
2024-01-15,002648,13.38,13.59,13.25,13.38,9673501.0,139385381.0,45029327494.200005
2024-01-16,002648,13.37,13.42,13.03,13.25,11816007.0,167721205.0,44591822817.5
2024-01-17,002648,13.24,13.32,12.96,12.96,11499038.0,162699146.0,43615850846.4
2024-01-18,002648,12.89,13.03,12.54,13.02,16057772.0,219926042.0,43817776081.799995
2024-01-19,002648,12.97,13.1,12.81,12.87,12758107.0,177017575.0,43312962993.299995
2024-01-22,002648,12.85,12.85,12.26,12.31,15896383.0,214788488.0,41428327462.9
2024-01-23,002648,12.84,13.39,12.67,13.28,36954907.0,518155919.0,44692785435.2
2024-01-24,002648,13.25,13.43,12.89,13.16,23287781.0,329976302.0,44288934964.4
2024-01-25,002648,13.17,13.54,13.13,13.48,19723467.0,283488348.0,45365869553.200005
2024-01-26,002648,13.45,13.68,13.41,13.48,18574234.0,270092968.0,45365869553.200005
2024-01-29,002648,13.52,13.59,13.18,13.2,15293754.0,219412095.0,44423551788.0
2024-01-30,002648,13.08,13.24,12.87,12.89,14914432.0,208984969.0,43380271405.1
2024-01-31,002648,12.84,12.97,12.62,12.71,17716656.0,242979497.0,42774495698.9
2024-02-01,002648,12.88,13.1,12.61,12.82,16639438.0,230091416.0,43144691963.8
2024-02-02,002648,12.82,12.98,12.12,12.58,25154722.0,340580968.0,42336991022.2
2024-02-05,002648,12.47,12.92,11.86,12.56,29236165.0,388473957.0,42269682610.4
2024-02-06,002648,12.38,13.55,12.33,13.5,29167409.0,410999761.0,45433177965.0
2024-02-07,002648,13.5,13.89,13.41,13.84,31184333.0,460233159.0,46577420965.6
2024-02-08,002648,13.86,14.06,13.71,13.92,23238651.0,347144796.0,46846654612.8
2024-02-19,002648,14.05,14.84,14.04,14.81,45669395.0,716242562.0,49841878937.9
2024-02-20,002648,14.85,14.86,14.59,14.75,19149676.0,303224955.0,49639953702.5
2024-02-21,002648,14.66,14.96,14.48,14.72,21498209.0,341162015.0,49538991084.8
2024-02-22,002648,14.67,15.23,14.66,15.04,23019681.0,372487377.0,50615925673.6
2024-02-23,002648,15.22,15.22,14.95,15.03,11648728.0,188586695.0,50582271467.7
2024-02-26,002648,15.03,15.32,14.96,15.1,17462859.0,284349650.0,50817850909.0
2024-02-27,002648,15.0,15.27,14.94,15.25,18194535.0,296321729.0,51322663997.5
2024-02-28,002648,15.15,15.31,14.9,14.9,18384954.0,298405906.0,50144766791.0
2024-02-29,002648,14.9,15.45,14.87,15.44,26863442.0,442266223.0,51962093909.6
2024-03-01,002648,15.47,15.84,15.38,15.46,21363899.0,357332522.0,52029402321.4
2024-03-04,002648,15.53,15.94,15.51,15.78,20583650.0,348636246.0,53106336910.2
2024-03-05,002648,15.73,15.91,15.51,15.64,15401627.0,259110981.0,52635178027.6
2024-03-06,002648,15.62,15.87,15.57,15.69,13571546.0,229599655.0,52803449057.1
2024-03-07,002648,15.7,15.82,15.5,15.58,17252314.0,289985375.0,52433252792.2
2024-03-08,002648,15.65,15.96,15.59,15.8,14847889.0,252493721.0,53173645322.0
2024-03-11,002648,15.82,15.88,15.52,15.81,14027856.0,236589126.0,53207299527.9
2024-03-12,002648,16.01,16.09,15.67,15.81,18622621.0,317402009.0,53207299527.9
2024-03-13,002648,15.77,16.05,15.68,15.94,16412496.0,280838439.0,53644804204.6
2024-03-14,002648,15.96,16.09,15.71,15.8,15163967.0,258557523.0,53173645322.0
2024-03-15,002648,15.82,16.05,15.64,15.99,15997569.0,272096515.0,53813075234.1
2024-03-18,002648,15.99,16.34,15.96,16.1,17391594.0,301515698.0,54183271499.00001
2024-03-19,002648,16.07,16.19,15.9,15.9,17265899.0,297168318.0,53510187381.0
2024-03-20,002648,15.9,16.16,15.84,16.07,15153909.0,261259760.0,54082308881.3
2024-03-21,002648,16.07,16.17,15.97,16.08,9557210.0,165090922.0,54115963087.2
2024-03-22,002648,16.09,16.1,15.8,15.92,11408629.0,195136038.0,53577495792.8
2024-03-25,002648,15.9,16.23,15.79,15.86,14713438.0,252922931.0,53375570557.4
2024-03-26,002648,15.78,15.81,15.28,15.53,30162079.0,500797639.0,52264981762.7
2024-03-27,002648,15.54,15.8,15.4,15.53,17854846.0,299453927.0,52264981762.7
2024-03-28,002648,15.5,15.99,15.45,15.87,20103261.0,341239169.0,53409224763.299995
2024-03-29,002648,15.87,17.24,15.85,17.22,45424129.0,821172941.0,57952542559.799995
2024-04-01,002648,17.2,17.37,16.8,17.24,32720404.0,601787529.0,58019850971.6
2024-04-02,002648,17.22,17.69,17.2,17.69,31572567.0,594871089.0,59534290237.100006
2024-04-03,002648,17.63,18.35,17.51,17.69,36608305.0,704798777.0,59557676841.66
2024-04-08,002648,17.69,18.03,17.58,17.69,21932133.0,419381716.0,59557676841.66
2024-04-09,002648,17.69,17.98,17.42,17.65,24397629.0,464125646.0,59423007137.1
2024-04-10,002648,17.65,17.82,17.44,17.77,18380659.0,348838594.0,59827016250.78
2024-04-11,002648,17.69,18.03,17.48,17.74,16970283.0,323846382.0,59726013972.35999
2024-04-12,002648,17.75,18.01,17.55,17.81,17616207.0,336460875.0,59961685955.34
2024-04-15,002648,17.83,18.45,17.71,18.15,31010868.0,604221138.0,61106378444.1
2024-04-16,002648,18.06,18.63,17.59,17.63,30511217.0,592514353.0,59355672284.82
2024-04-17,002648,17.69,18.1,17.62,18.03,24413549.0,469484955.0,60702369330.420006
2024-04-18,002648,17.98,18.16,17.62,17.94,22107381.0,425896231.0,60399362495.16
2024-04-19,002648,17.94,18.32,17.76,18.24,21821214.0,425777376.0,61409385279.35999
2024-04-22,002648,18.24,18.45,17.92,18.03,22119422.0,430714053.0,60702369330.420006
2024-04-23,002648,17.48,17.55,16.64,16.99,62186690.0,1133417962.0,57200957011.85999
2024-04-24,002648,16.98,17.05,16.62,16.98,32448100.0,586736616.0,57167289585.72
2024-04-25,002648,16.95,17.35,16.92,17.09,23922310.0,440887009.0,57537631273.26
2024-04-26,002648,17.1,17.34,16.85,17.07,20979816.0,384423361.0,57470296420.98
2024-04-29,002648,17.14,18.0,16.88,17.8,33010239.0,621439125.0,59928018529.200005
2024-04-30,002648,17.74,18.08,17.43,17.95,23635491.0,452786749.0,60433029921.299995
2024-05-06,002648,18.03,18.51,17.59,18.43,38215637.0,741318137.0,62049066376.02
2024-05-07,002648,18.34,18.48,18.14,18.32,22850134.0,449627978.0,61678724688.48
2024-05-08,002648,18.34,18.61,18.25,18.37,16584447.0,327930351.0,61847061819.18
2024-05-09,002648,18.42,18.7,18.29,18.63,16610787.0,330243579.0,62722414898.82
2024-05-10,002648,18.63,18.74,18.24,18.52,18866149.0,373520932.0,62352073211.28
2024-05-13,002648,18.46,18.49,18.11,18.23,17587881.0,344468844.0,61375717853.22
2024-05-14,002648,18.37,18.51,18.17,18.41,13865009.0,268003094.0,61981731523.74
2024-05-15,002648,18.35,18.37,17.96,18.03,16219916.0,309035817.0,60702369330.420006
2024-05-16,002648,18.02,18.26,17.76,17.84,19565068.0,369226792.0,60062688233.76
2024-05-17,002648,17.82,17.98,17.32,17.97,27615021.0,512283820.0,60500364773.579994
2024-05-20,002648,17.87,18.55,17.86,18.4,25456005.0,491347423.0,61948064097.6
2024-05-21,002648,18.38,18.39,17.58,17.72,25679763.0,482909110.0,59658679120.079994
2024-05-22,002648,17.77,18.08,17.63,17.97,24087462.0,453162945.0,60500364773.579994
2024-05-23,002648,17.83,17.95,17.46,17.63,14026594.0,260059729.0,59355672284.82
2024-05-24,002648,17.62,17.77,17.49,17.52,8489161.0,157441322.0,58985330597.28
2024-05-27,002648,17.53,17.7,17.31,17.66,17558814.0,322891490.0,59456674563.24
2024-05-28,002648,17.67,18.01,17.64,17.66,11539680.0,216204155.0,59456674563.24
2024-05-29,002648,17.66,17.74,17.48,17.54,6949624.0,128653261.0,59052665449.56
2024-05-30,002648,17.54,17.79,17.3,17.4,13015441.0,240018754.0,58581321483.6
2024-05-31,002648,17.3,17.46,17.23,17.33,11040464.0,201460883.0,58345649500.619995
2024-06-03,002648,17.21,17.32,16.92,17.03,19511188.0,349797636.0,57335626716.420006
2024-06-04,002648,16.97,17.24,16.64,17.16,17382082.0,309838060.0,57773303256.24
2024-06-05,002648,17.09,17.57,17.08,17.28,16367294.0,299291575.0,58177312369.920006
2024-06-06,002648,17.34,17.82,17.29,17.46,17650796.0,326557889.0,58783326040.44
2024-06-07,002648,17.47,17.57,17.09,17.15,13961952.0,253248342.0,57739635830.1
2024-06-11,002648,16.98,17.42,16.94,17.31,10836189.0,195865019.0,58278314648.34
2024-06-12,002648,17.16,17.46,17.15,17.37,8813391.0,160681509.0,58480319205.18
2024-06-13,002648,17.39,17.48,17.01,17.09,12295241.0,222143271.0,57537631273.26
2024-06-14,002648,17.03,17.2,16.93,17.08,12414840.0,222588233.0,57503963847.119995
2024-06-17,002648,16.92,17.27,16.8,17.0,12447442.0,222771840.0,57234624438.0
2024-06-18,002648,17.0,17.35,16.85,17.22,9337048.0,168400187.0,57975307813.079994
2024-06-19,002648,17.2,17.57,16.94,17.51,20619602.0,376692848.0,58951663171.14001
2024-06-20,002648,17.5,17.76,17.03,17.07,16534459.0,301827331.0,57470296420.98
2024-06-21,002648,16.95,17.33,16.94,17.24,11662654.0,211033449.0,58042642665.35999
2024-06-24,002648,17.08,17.34,17.05,17.22,12494831.0,226503546.0,57975307813.079994
2024-06-25,002648,17.2,17.72,17.18,17.57,21302745.0,392870210.0,59153667727.98
2024-06-26,002648,17.53,17.57,16.97,17.29,19662069.0,355071153.0,58210979796.06
2024-06-27,002648,17.2,17.47,16.74,16.75,18459511.0,329884748.0,56392938784.5
2024-06-28,002648,16.75,17.27,16.74,17.08,18980802.0,340736676.0,57503963847.119995
2024-07-01,002648,17.12,18.03,16.99,17.89,26045780.0,483635606.0,60224554569.35
2024-07-02,002648,17.88,17.91,17.11,17.33,20388586.0,373960475.0,58339525529.2
2024-07-03,002648,17.44,17.45,17.13,17.2,9301757.0,168958635.0,57901894928.0
2024-07-04,002648,17.26,17.71,17.24,17.47,17217329.0,317523074.0,58810820022.799995
2024-07-05,002648,17.34,17.49,16.95,17.26,18417267.0,332538145.0,58103878282.4
2024-07-08,002648,17.2,17.42,16.98,17.02,13996509.0,252703223.0,57295944864.799995
2024-07-09,002648,16.94,17.27,16.8,17.26,14570303.0,261627480.0,58103878282.4
2024-07-10,002648,17.16,17.51,16.72,16.83,19792526.0,355536669.0,56656330909.2
2024-07-11,002648,17.01,17.24,16.6,17.05,20184699.0,360233047.0,57396936542.0
2024-07-12,002648,16.99,17.19,16.88,16.99,7468524.0,133446897.0,57194953187.6
2024-07-15,002648,16.92,17.48,16.84,17.26,18120238.0,329528537.0,58103878282.4
2024-07-16,002648,17.26,17.43,17.08,17.29,12577439.0,227856679.0,58204869959.6
2024-07-17,002648,17.27,17.31,16.91,17.02,14054963.0,252030761.0,57295944864.799995
2024-07-18,002648,16.73,17.27,16.39,17.27,36358124.0,644023198.0,58137542174.799995
2024-07-19,002648,17.12,17.18,16.73,17.08,19510656.0,349109877.0,57497928219.2
2024-07-22,002648,17.15,17.2,16.63,16.76,23902715.0,421049626.0,56420683662.4
2024-07-23,002648,16.65,16.68,16.11,16.11,26857412.0,461704258.0,54232530656.4
2024-07-24,002648,16.08,16.36,15.85,15.9,14573986.0,245932094.0,53525588916.0
2024-07-25,002648,15.81,16.11,15.63,15.77,15271175.0,254384156.0,53087958314.799995
2024-07-26,002648,15.83,15.95,15.69,15.92,12835196.0,213700267.0,53592916700.8
2024-07-29,002648,15.96,16.26,15.7,16.12,15201774.0,256886013.0,54266194548.8
2024-07-30,002648,16.12,16.14,15.79,15.9,13272177.0,221748720.0,53525588916.0
2024-07-31,002648,15.92,16.66,15.83,16.58,21167559.0,366026057.0,55814733599.2
2024-08-01,002648,16.61,16.65,15.99,16.08,18777202.0,320442858.0,54131538979.2
2024-08-02,002648,15.93,16.11,15.74,15.94,12949211.0,217039706.0,53660244485.6
2024-08-05,002648,15.75,16.1,15.33,15.38,16588704.0,272419382.0,51775066511.200005
2024-08-06,002648,15.64,15.75,15.41,15.49,12262144.0,200256210.0,52145369327.6
2024-08-07,002648,15.46,15.92,15.4,15.8,11656239.0,193199009.0,53188949992.0
2024-08-08,002648,15.76,15.93,15.51,15.83,8248104.0,136814380.0,53289941669.2
2024-08-09,002648,15.89,16.25,15.45,15.54,11164135.0,184994306.0,52313688789.6
2024-08-12,002648,15.55,15.66,15.41,15.54,5629648.0,92156592.0,52313688789.6
2024-08-13,002648,15.56,15.62,15.31,15.48,7407722.0,120216052.0,52111705435.200005
2024-08-14,002648,15.47,15.48,14.97,15.06,11995426.0,190999508.0,50697821954.4
2024-08-15,002648,15.08,15.47,15.02,15.17,13193825.0,211178924.0,51068124770.8
2024-08-16,002648,15.21,15.39,15.1,15.28,8835600.0,141692232.0,51438427587.2
2024-08-19,002648,15.19,15.64,15.19,15.37,9775214.0,158527334.0,51741402618.799995
2024-08-20,002648,15.34,15.45,14.94,15.06,12743030.0,203044929.0,50697821954.4
2024-08-21,002648,15.06,15.1,14.82,14.98,12642580.0,198689737.0,50428510815.200005
2024-08-22,002648,14.97,15.02,14.66,14.78,17195579.0,267855025.0,49755232967.2
2024-08-23,002648,14.75,14.99,14.67,14.88,13480451.0,211027181.0,50091871891.200005
2024-08-26,002648,14.95,15.02,14.81,15.02,8300539.0,130596950.0,50563166384.799995
2024-08-27,002648,14.97,15.08,14.77,14.85,8013221.0,125512143.0,49990880214.0
2024-08-28,002648,14.73,15.05,14.73,14.86,9855310.0,154625762.0,50024544106.4
2024-08-29,002648,14.79,15.3,14.71,15.18,12754982.0,202685829.0,51101788663.2
2024-08-30,002648,15.19,15.75,14.89,15.55,19075245.0,309992399.0,52347352682.0
2024-09-02,002648,15.44,15.63,15.2,15.23,14763693.0,238666861.0,51270108125.200005
2024-09-03,002648,15.17,15.51,15.14,15.42,8803669.0,142588503.0,51909722080.8
2024-09-04,002648,15.32,15.41,15.0,15.02,10747217.0,170722953.0,50563166384.799995
2024-09-05,002648,15.11,15.17,14.4,14.45,24463979.0,376574932.0,48644324518.0
2024-09-06,002648,14.49,14.49,14.13,14.16,11529762.0,173266157.0,47668071638.4
2024-09-09,002648,14.17,14.4,13.92,14.35,14383697.0,214358920.0,48307685594.0
2024-09-10,002648,14.35,14.54,14.16,14.44,10999961.0,166220619.0,48610660625.6
2024-09-11,002648,14.33,14.45,14.12,14.31,13300844.0,199738705.0,48173030024.4
2024-09-12,002648,14.33,14.44,14.19,14.33,9093275.0,137243417.0,48240357809.2
2024-09-13,002648,14.31,14.38,13.99,14.02,12879034.0,191429573.0,47196777144.799995
2024-09-18,002648,14.13,14.34,13.98,14.31,10764493.0,160361458.0,48173030024.4
2024-09-19,002648,14.43,14.7,14.16,14.43,17777613.0,269528193.0,48576996733.2
2024-09-20,002648,14.35,14.4,14.02,14.18,15504068.0,231436056.0,47735399423.2
2024-09-23,002648,14.13,14.4,14.09,14.19,10614772.0,159598341.0,47769063315.6
2024-09-24,002648,14.27,15.35,14.26,15.28,32085920.0,503217513.0,51438427587.2
2024-09-25,002648,15.35,15.9,15.35,15.38,24793767.0,408194991.0,51775066511.200005
2024-09-26,002648,15.42,16.17,15.35,16.15,20326140.0,337485027.0,54367186225.99999
2024-09-27,002648,16.49,16.96,16.28,16.64,32886583.0,572068231.0,56016716953.6
2024-09-30,002648,16.97,17.87,16.87,17.74,58479841.0,1071984594.0,59719745117.6
2024-10-08,002648,19.52,19.52,17.87,18.3,62800669.0,1226266137.0,61604923092.0
2024-10-09,002648,18.07,18.21,16.97,17.14,46358434.0,859187669.0,57699911573.6
2024-10-10,002648,17.2,17.85,16.88,17.41,33935904.0,623616132.0,58608836668.4
2024-10-11,002648,17.34,17.5,16.95,17.08,15762235.0,284838929.0,57497928219.2
2024-10-14,002648,17.27,18.26,17.06,18.12,42911182.0,804409495.0,60998973028.8
2024-10-15,002648,18.12,18.12,17.39,17.39,24726847.0,457596342.0,58541508883.6
2024-10-16,002648,17.15,17.37,17.01,17.22,16244126.0,293831331.0,57969222712.799995
2024-10-17,002648,17.38,17.51,16.89,16.9,15589702.0,281932491.0,56891978155.99999
2024-10-18,002648,16.95,17.49,16.84,17.25,21524263.0,388340098.0,58070214390.0
2024-10-21,002648,17.51,17.57,17.05,17.38,21557777.0,392206002.0,58507844991.2
2024-10-22,002648,17.55,18.24,17.39,17.99,35008096.0,661651711.0,60561342427.6
2024-10-23,002648,18.04,18.15,17.67,17.81,22832947.0,429949753.0,59955392364.399994
2024-10-24,002648,17.67,18.38,17.67,17.94,24825295.0,471940592.0,60393022965.600006
2024-10-25,002648,17.88,18.28,17.86,18.15,16935113.0,323165487.0,61099964705.99999
2024-10-28,002648,18.2,18.32,17.78,18.05,18938098.0,360664093.0,60763325782.0
2024-10-29,002648,18.17,18.2,17.73,17.86,18139085.0,341567842.0,60123711826.4
2024-10-30,002648,17.91,18.03,17.82,17.99,15045461.0,283767503.0,60561342427.6
2024-10-31,002648,17.99,18.29,17.91,17.97,21746213.0,413849882.0,60494014642.799995
2024-11-01,002648,18.03,18.89,17.98,18.48,40661949.0,797572170.0,62210873155.200005
2024-11-04,002648,18.54,18.66,18.29,18.65,18478494.0,359911140.0,62783159325.99999
2024-11-05,002648,18.65,18.77,18.31,18.65,31623888.0,617187197.0,62783159325.99999
2024-11-06,002648,18.65,18.81,18.44,18.54,23229233.0,454277785.0,62412856509.6
2024-11-07,002648,18.38,18.7,17.98,18.3,51297205.0,985733021.0,61604923092.0
2024-11-08,002648,18.37,18.42,17.48,17.81,66256213.0,1245335526.0,59955392364.399994
2024-11-11,002648,17.77,17.92,17.48,17.91,26744438.0,498190801.0,60292031288.4
2024-11-12,002648,17.87,18.27,17.52,17.63,28430817.0,533918105.0,59349442301.2
2024-11-13,002648,17.55,17.72,17.41,17.65,17132283.0,316849919.0,59416770085.99999
2024-11-14,002648,17.65,18.43,17.58,18.0,54375732.0,1039744168.0,60595006320.0
2024-11-15,002648,17.9,18.08,17.7,17.74,19295490.0,363121521.0,59719745117.6
2024-11-18,002648,17.75,17.91,17.27,17.32,23171389.0,428501198.0,58305861636.8
2024-11-19,002648,17.27,17.6,17.19,17.55,15744748.0,287853338.0,59080131162.0
2024-11-20,002648,17.52,17.81,17.4,17.44,14347739.0,264278221.0,58709828345.600006
2024-11-21,002648,17.45,17.55,17.23,17.28,16867808.0,307434898.0,58171206067.200005
2024-11-22,002648,17.31,17.41,16.96,16.96,21484547.0,387441367.0,57093961510.4
2024-11-25,002648,16.88,17.13,16.5,16.64,17196601.0,303880823.0,56016716953.6
2024-11-26,002648,16.55,16.92,16.51,16.86,12326904.0,217911402.0,56757322586.4
2024-11-27,002648,16.79,17.03,16.67,17.0,12630131.0,224340890.0,57228617080.0
2024-11-28,002648,17.08,17.09,16.79,16.85,8104939.0,144515928.0,56723658694.00001
2024-11-29,002648,16.79,17.25,16.77,17.06,13595183.0,243944333.0,57430600434.399994
2024-12-02,002648,17.1,17.19,16.88,17.1,15922945.0,285730109.0,57565256004.00001
2024-12-03,002648,17.12,17.2,16.91,17.04,13812157.0,247863281.0,57363272649.6
2024-12-04,002648,17.04,17.14,16.91,17.06,13164512.0,235857849.0,57430600434.399994
2024-12-05,002648,16.96,17.02,16.74,16.82,10307706.0,182640742.0,56622667016.8
2024-12-06,002648,16.79,16.92,16.75,16.87,11618221.0,205923684.0,56790986478.8
2024-12-09,002648,16.85,17.18,16.8,16.96,14287591.0,255618033.0,57093961510.4
2024-12-10,002648,17.48,17.59,16.88,16.92,26916777.0,484224415.0,56959305940.8
2024-12-11,002648,16.92,17.08,16.86,17.03,14783943.0,264031057.0,57329608757.200005
2024-12-12,002648,17.03,17.24,16.94,17.16,13977864.0,252067734.0,57767239358.4
2024-12-13,002648,17.1,17.15,16.69,16.7,21613933.0,383376972.0,56218700308.0
2024-12-16,002648,16.78,16.87,16.41,16.51,12767928.0,222579151.0,55579086352.4
2024-12-17,002648,16.54,17.08,16.54,16.89,21390565.0,380584040.0,56858314263.6
2024-12-18,002648,16.92,16.96,16.7,16.75,10460648.0,184991611.0,56387019770.0
2024-12-19,002648,16.59,16.7,16.39,16.68,10011225.0,174987944.0,56151372523.2
2024-12-20,002648,16.68,16.72,16.51,16.51,10267690.0,179362735.0,55580625827.350006
2024-12-23,002648,16.55,17.27,16.55,16.88,29067042.0,520346986.0,56826224346.799995
2024-12-24,002648,17.0,17.5,16.92,17.46,27899624.0,509478259.0,58778784188.100006
2024-12-25,002648,17.55,17.83,17.18,17.47,34398886.0,634753298.0,58812449012.95
2024-12-26,002648,17.51,17.51,17.16,17.32,24225197.0,441470965.0,58307476640.200005
2024-12-27,002648,17.33,17.67,17.08,17.31,26802012.0,487793281.0,58273811815.35
2024-12-30,002648,17.57,18.26,17.56,18.03,62888346.0,1195825322.0,60697679204.55
2024-12-31,002648,18.07,18.32,17.75,17.85,37706962.0,715126860.0,60091712357.25001
2025-01-02,002648,17.85,18.19,17.56,17.7,39478131.0,739022694.0,59586739984.5
2025-01-03,002648,17.78,18.24,17.66,17.73,49637752.0,935200981.0,59687734459.05
2025-01-06,002648,17.75,17.9,17.45,17.65,33530653.0,623253475.0,59418415860.24999
2025-01-07,002648,17.63,18.05,17.35,18.05,28143937.0,528285533.0,60765008854.25
2025-01-08,002648,17.96,18.19,17.65,18.03,27258862.0,512780825.0,60697679204.55
2025-01-09,002648,18.03,18.29,17.94,18.15,22906895.0,438042678.0,61101657102.74999
2025-01-10,002648,18.15,18.38,17.87,17.92,23565594.0,447093379.0,60327366131.200005
2025-01-13,002648,17.86,18.29,17.73,18.15,25110260.0,479387870.0,61101657102.74999
2025-01-14,002648,18.2,19.01,18.02,18.93,39113803.0,768539921.0,63727513441.049995
2025-01-15,002648,18.9,19.37,18.82,19.15,29544114.0,595509517.0,64468139587.74999
2025-01-16,002648,19.22,19.37,18.98,19.18,20570735.0,415362877.0,64569134062.299995
2025-01-17,002648,19.17,19.45,19.11,19.29,16822840.0,341511060.0,64939447135.649994
2025-01-20,002648,19.43,19.47,18.81,18.89,36373610.0,729816083.0,63592854141.65
2025-01-21,002648,18.98,18.99,18.68,18.83,25312901.0,500357527.0,63390865192.549995
2025-01-22,002648,18.78,18.88,18.31,18.4,24031567.0,467198442.0,61943277723.99999
2025-01-23,002648,18.51,18.62,18.27,18.53,25177035.0,489053597.0,62380920447.05
2025-01-24,002648,18.45,18.66,18.32,18.5,15383439.0,299489798.0,62279925972.5
2025-01-27,002648,18.53,19.17,18.47,19.03,26426495.0,527870640.0,64064161689.55
2025-02-05,002648,19.08,19.27,18.82,18.9,21519663.0,429335801.0,63626518966.49999
2025-02-06,002648,18.84,19.05,18.6,18.93,23347560.0,461643425.0,63727513441.049995
2025-02-07,002648,18.9,19.28,18.81,19.14,21490608.0,432020688.0,64434474762.9
2025-02-10,002648,19.15,19.24,18.77,19.09,19022401.0,379917216.0,64266150638.65
2025-02-11,002648,19.19,20.14,19.17,19.99,37333541.0,781506158.0,67295984875.149994
2025-02-12,002648,19.95,20.04,19.73,20.02,17645270.0,369648260.0,67396979349.7
2025-02-13,002648,19.99,20.23,19.8,19.84,16302551.0,342526063.0,66791012502.4
2025-02-14,002648,19.84,19.93,19.67,19.84,11361323.0,236554430.0,66791012502.4
2025-02-17,002648,19.94,20.35,19.44,20.33,26487103.0,556000822.0,68440588920.049995
2025-02-18,002648,20.16,20.92,20.14,20.48,29292288.0,634775178.0,68945561292.8
2025-02-19,002648,20.42,20.53,20.19,20.33,16871260.0,360847926.0,68440588920.049995
2025-02-20,002648,20.33,20.6,20.19,20.51,14101940.0,302712079.0,69046555767.35
2025-02-21,002648,20.55,20.62,20.16,20.37,21333874.0,456594338.0,68575248219.450005
2025-02-24,002648,20.37,20.55,20.05,20.08,21711052.0,462832597.0,67598968298.799995
2025-02-25,002648,20.01,20.03,19.5,19.6,27272789.0,565508713.0,65983056706.00001
2025-02-26,002648,20.21,20.52,19.59,19.72,43155923.0,906327618.0,66387034604.2
2025-02-27,002648,19.73,20.23,19.59,20.09,30915336.0,649585597.0,67632633123.65
2025-02-28,002648,20.11,20.69,20.03,20.17,25958162.0,555221546.0,67901951722.450005
2025-03-03,002648,20.22,20.52,20.13,20.21,24006930.0,511626820.0,68036611021.850006
2025-03-04,002648,20.15,20.57,20.11,20.45,22436741.0,482550111.0,68844566818.25
2025-03-05,002648,20.51,20.65,20.05,20.19,25587116.0,545767422.0,67969281372.15
2025-03-06,002648,20.11,20.41,19.94,20.31,24027393.0,510304882.0,68373259270.35
2025-03-07,002648,20.29,21.0,20.16,20.79,22548365.0,491061797.0,69989170863.15
2025-03-10,002648,20.81,21.22,20.61,20.96,22090852.0,486703988.0,70561472885.6
2025-03-11,002648,20.81,21.01,20.71,21.01,21117762.0,463100936.0,70729797009.85
2025-03-12,002648,21.01,21.06,20.57,20.78,20517547.0,447641906.0,69955506038.3
2025-03-13,002648,20.78,20.78,20.08,20.13,39153089.0,837890382.0,67767292423.049995
2025-03-14,002648,20.18,20.43,20.06,20.21,21692832.0,462505051.0,68036611021.850006
2025-03-17,002648,20.32,20.7,20.21,20.25,22258935.0,478301289.0,68171270321.25
2025-03-18,002648,20.26,20.57,20.2,20.46,14066089.0,301932050.0,68878231643.1
2025-03-19,002648,20.46,20.58,20.32,20.46,11188814.0,240584583.0,68878231643.1
2025-03-20,002648,20.46,20.54,20.22,20.29,11155780.0,238921315.0,68305929620.649994
2025-03-21,002648,20.19,20.5,19.91,20.0,18935815.0,400362817.0,67329649700.0
2025-03-24,002648,20.01,20.22,19.85,20.19,19523771.0,411915850.0,67969281372.15
2025-03-25,002648,20.26,20.73,19.84,20.58,32746059.0,699798620.0,69282209541.29999
2025-03-26,002648,20.52,20.88,20.5,20.54,19943714.0,433177638.0,69147550241.9
2025-03-27,002648,20.55,21.25,20.55,21.1,29960106.0,660202561.0,71032780433.5
2025-03-28,002648,21.1,21.74,20.87,21.45,33954249.0,765832171.0,72211049303.25
2025-03-31,002648,21.39,22.04,21.39,21.85,34536294.0,790662663.0,73557642297.25
2025-04-01,002648,21.88,21.96,21.33,21.5,39216544.0,892911075.0,72379373427.5
2025-04-02,002648,21.41,21.62,21.25,21.38,18418853.0,414550679.0,71975395529.3
2025-04-03,002648,21.21,21.21,20.11,20.7,44065186.0,953405792.0,69686187439.5
2025-04-07,002648,18.62,18.62,18.62,18.62,13345500.0,261571800.0,62683903870.700005
2025-04-08,002648,16.82,17.22,16.76,16.76,70892594.0,1253646224.0,56422246448.600006
2025-04-09,002648,16.04,16.15,15.11,15.6,196490861.0,3188035261.0,52517126766.0
2025-04-10,002648,16.16,16.47,15.55,15.83,183404545.0,3083017732.0,53291417737.55
2025-04-11,002648,15.71,17.1,15.62,16.69,144165638.0,2465670109.0,56186592674.65
2025-04-14,002648,16.96,17.08,16.21,16.26,137771322.0,2400445751.0,54739005206.100006
2025-04-15,002648,16.25,16.32,15.74,15.88,80584999.0,1352387222.0,53459741861.8
2025-04-16,002648,15.75,15.85,15.01,15.2,111297298.0,1791045092.0,51170533772.0
2025-04-17,002648,15.01,15.18,14.79,14.82,111912881.0,1761828421.0,49891270427.700005
2025-04-18,002648,14.8,15.17,14.77,14.98,74253502.0,1171856420.0,50429907625.3
2025-04-21,002648,15.03,15.67,14.8,15.58,110711110.0,1785620131.0,52449797116.3
2025-04-22,002648,15.36,15.44,15.04,15.05,116669378.0,1861466774.0,50665561399.25
2025-04-23,002648,16.01,16.55,15.87,16.55,122087912.0,2106413875.0,55715285126.75
2025-04-24,002648,16.77,16.77,16.18,16.54,204962053.0,3555182457.0,55681620301.899994
2025-04-25,002648,18.02,18.2,17.47,18.2,303482365.0,5727177604.0,61269981227.0
2025-04-28,002648,17.93,18.06,17.49,17.49,135609275.0,2520585514.0,58879778662.649994
2025-04-29,002648,17.39,17.47,16.92,17.09,83984296.0,1510477169.0,57533185668.65
2025-04-30,002648,17.42,17.67,17.19,17.21,83081404.0,1520501602.0,57937163566.850006
2025-05-06,002648,17.39,17.48,17.21,17.48,83198653.0,1521616859.0,58846113837.8
2025-05-07,002648,17.87,18.16,17.29,17.41,86115169.0,1602305351.0,58610460063.85
2025-05-08,002648,17.4,17.56,17.3,17.45,51018060.0,936245553.0,58745119363.25
2025-05-09,002648,17.42,17.42,16.86,17.08,60957728.0,1093731310.0,57499520843.799995
2025-05-12,002648,17.67,17.85,17.46,17.82,97915625.0,1823459305.0,59990717882.700005
2025-05-13,002648,18.34,18.34,17.62,17.74,81091487.0,1524129735.0,59721399283.899994
2025-05-14,002648,17.67,17.84,17.48,17.68,51663113.0,959128708.0,59519410334.799995
2025-05-15,002648,17.65,17.67,17.27,17.29,40037513.0,733210660.0,58206482165.649994
2025-05-16,002648,17.24,17.32,17.18,17.29,26437573.0,480625149.0,58206482165.649994
2025-05-19,002648,17.2,17.27,17.07,17.21,30287199.0,547271104.0,57937163566.850006
2025-05-20,002648,17.21,17.26,17.01,17.16,39063299.0,703391460.0,57768839442.6
2025-05-21,002648,17.16,17.24,17.04,17.08,34861217.0,628152886.0,57499520843.799995
2025-05-22,002648,17.08,17.27,17.0,17.07,31953390.0,576368407.0,57465856018.950005
2025-05-23,002648,17.05,17.13,16.78,16.81,36591680.0,652395696.0,56590570572.85
2025-05-26,002648,16.85,16.89,16.54,16.67,32000914.0,560777759.0,56119263024.950005
2025-05-27,002648,16.66,16.67,16.25,16.34,44866336.0,773505155.0,55008323804.9
2025-05-28,002648,16.34,16.46,16.21,16.25,26941880.0,462904496.0,54705340381.25
2025-05-29,002648,16.37,16.7,16.37,16.57,44496249.0,776045881.0,55782614776.450005
2025-05-30,002648,16.4,16.4,15.86,15.9,71104340.0,1199187432.0,53527071511.5
2025-06-03,002648,15.87,16.21,15.82,16.13,41457042.0,702278345.0,54301362483.049995
2025-06-04,002648,16.17,16.26,16.12,16.24,25821854.0,440220365.0,54671675556.399994
2025-06-05,002648,16.13,16.3,15.7,16.25,43327946.0,734396578.0,54705340381.25
2025-06-06,002648,16.25,16.53,16.08,16.19,58095090.0,995318217.0,54503351432.15
2025-06-09,002648,16.36,16.87,16.29,16.75,85968054.0,1450225967.0,56388581623.75
2025-06-10,002648,16.79,17.19,16.18,16.38,94155652.0,1595137703.0,55142983104.299995
2025-06-11,002648,16.6,16.7,16.39,16.54,63383883.0,1069357624.0,55681620301.899994
2025-06-12,002648,16.64,16.83,16.4,16.43,56584432.0,955463387.0,55311307228.549995
2025-06-13,002648,16.33,16.45,16.18,16.4,49487422.0,825151523.0,55210312753.99999
2025-06-16,002648,16.3,16.31,16.0,16.04,59189162.0,974722561.0,53998379059.399994
2025-06-17,002648,16.04,16.1,15.92,16.05,38398726.0,627288176.0,54032043884.25
2025-06-18,002648,16.05,16.14,15.93,15.97,25862338.0,422830634.0,53762725285.450005
2025-06-19,002648,15.94,15.95,15.61,15.68,40587694.0,654225518.0,52786445364.799995
2025-06-20,002648,15.63,15.76,15.63,15.64,32211148.0,516300312.0,52651786065.4
2025-06-23,002648,15.56,15.83,15.43,15.71,36311210.0,581554638.0,52887439839.350006
2025-06-24,002648,15.76,15.98,15.73,15.93,39192121.0,636718113.0,53628065986.049995
2025-06-25,002648,15.94,16.05,15.85,16.05,45938199.0,748226339.0,54032043884.25
2025-06-26,002648,16.06,16.91,16.06,16.41,109654144.0,1857537073.0,55243977578.85
2025-06-27,002648,16.67,16.88,16.49,16.77,89684855.0,1533230125.0,56455911273.45
2025-06-30,002648,17.0,17.17,16.85,16.96,63425029.0,1102346993.0,57095542945.600006
2025-07-01,002648,16.84,16.96,16.66,16.86,45839319.0,786280201.0,56758894697.1
2025-07-02,002648,16.87,17.14,16.78,16.94,48512453.0,841369128.0,57028213295.9
2025-07-03,002648,17.38,17.88,17.26,17.72,127745087.0,2296659852.0,59654069634.2
2025-07-04,002648,17.79,17.86,17.42,17.44,61214811.0,1094484890.0,58711454538.4
2025-07-07,002648,17.49,17.49,17.17,17.23,36439148.0,642022107.0,58004493216.55
2025-07-08,002648,17.19,17.29,17.07,17.26,44815504.0,787314150.0,58105487691.100006
2025-07-09,002648,17.3,17.31,16.94,16.98,46334084.0,810422796.0,57162872595.3
2025-07-10,002648,16.96,17.27,16.94,17.2,37910318.0,663537398.0,57903498742.0
2025-07-11,002648,17.13,17.26,17.03,17.13,39439613.0,690767256.0,57667844968.049995
2025-07-14,002648,17.13,17.16,17.0,17.1,29301037.0,511222415.0,57566850493.50001
2025-07-15,002648,17.02,17.03,16.74,16.84,48142801.0,829502864.0,56691565047.4
2025-07-16,002648,17.25,17.31,16.98,17.02,54914055.0,957568941.0,57297531894.7
2025-07-17,002648,16.94,17.08,16.88,17.08,40857494.0,709036379.0,57499520843.799995
2025-07-18,002648,17.08,17.47,17.08,17.25,66701105.0,1179374005.0,58071822866.25
2025-07-21,002648,17.4,17.93,17.29,17.9,99578579.0,1800917897.0,60260036481.49999
2025-07-22,002648,17.86,18.08,17.58,18.01,75966445.0,1381828012.0,60630349554.850006
2025-07-23,002648,18.0,18.18,17.86,17.9,58336442.0,1072878033.0,60260036481.49999
2025-07-24,002648,17.89,18.28,17.81,18.25,57634316.0,1064627268.0,61438305351.25
2025-07-25,002648,18.33,18.54,18.18,18.21,52212593.0,975649391.0,61303646051.850006
2025-07-28,002648,18.17,18.17,17.76,17.99,61688444.0,1128041500.0,60563019905.149994
2025-07-29,002648,17.88,18.06,17.76,18.06,32744911.0,599020785.0,60798673679.1
2025-07-30,002648,18.05,19.62,17.99,19.36,149581114.0,2919329856.0,65175100909.6
2025-07-31,002648,19.07,19.33,19.0,19.11,69557455.0,1360511321.0,64333480288.35
2025-08-01,002648,19.13,19.4,18.71,18.81,64305951.0,1251125299.0,63323535542.85
2025-08-04,002648,18.6,18.73,18.18,18.53,46601613.0,877323206.0,62380920447.05
2025-08-05,002648,18.68,18.78,18.5,18.55,37000531.0,703178719.0,62448250096.75
2025-08-06,002648,18.54,18.67,18.48,18.63,31064159.0,589749497.0,62717568695.549995
2025-08-07,002648,18.63,18.7,18.31,18.45,31308302.0,591018297.0,62111601848.25
2025-08-08,002648,18.45,18.89,18.41,18.62,34350989.0,654065357.0,62683903870.700005
2025-08-11,002648,18.87,18.95,18.67,18.81,43241934.0,829710761.0,63323535542.85
2025-08-12,002648,18.59,18.79,17.96,18.68,71123655.0,1341749674.0,62885892819.799995
2025-08-13,002648,18.68,18.71,18.38,18.45,55067685.0,1039512780.0,62111601848.25
2025-08-14,002648,18.49,18.58,18.11,18.24,43943573.0,824101126.0,61404640526.399994
2025-08-15,002648,18.25,18.61,18.24,18.55,42691363.0,806271269.0,62448250096.75
2025-08-18,002648,18.59,18.68,18.41,18.5,63952034.0,1209128874.0,62279925972.5
2025-08-19,002648,18.49,18.77,18.43,18.46,45969114.0,871602906.0,62145266673.100006
2025-08-20,002648,18.49,18.8,18.4,18.8,57706543.0,1098714812.0,63289870718.0
2025-08-21,002648,19.1,20.02,19.06,19.56,137366170.0,2748597654.0,65848397406.6
2025-08-22,002648,19.5,19.7,19.34,19.47,58199827.0,1156901729.0,65545413982.95
2025-08-25,002648,19.96,20.01,19.54,19.75,79458864.0,1605528414.0,66488029078.75
2025-08-26,002648,19.79,20.57,19.63,20.13,77312258.0,1595276458.0,67767292423.049995
2025-08-27,002648,20.07,20.11,19.45,19.46,72198392.0,1461435833.0,65511749158.100006
2025-08-28,002648,19.45,19.68,19.11,19.64,59392691.0,1180660328.0,66117716005.4
2025-08-29,002648,19.72,19.96,19.5,19.66,50193060.0,1011954296.0,66185045655.1
2025-09-01,002648,19.65,19.66,19.42,19.58,40110624.0,799939759.0,65915727056.299995
2025-09-02,002648,19.58,19.81,19.01,19.23,51635193.0,1016303693.0,64737458186.55
2025-09-03,002648,19.29,19.48,19.03,19.16,38011875.0,746707221.0,64501804412.6
2025-09-04,002648,19.17,19.23,18.77,19.01,45198679.0,876896108.0,63996832039.850006
2025-09-05,002648,19.01,19.4,18.93,19.39,42676924.0,837037578.0,65276095384.15
2025-09-08,002648,19.38,20.12,19.24,20.07,67312093.0,1362033928.0,67565303473.950005
2025-09-09,002648,20.07,20.09,19.53,19.64,45652736.0,922104053.0,66117716005.4
2025-09-10,002648,19.58,19.63,19.19,19.44,37859088.0,749354115.0,65444419508.4
2025-09-11,002648,19.37,19.62,19.16,19.62,44619579.0,883937692.0,66050386355.700005
2025-09-12,002648,19.67,19.67,19.39,19.5,36027669.0,717498854.0,65646408457.5
2025-09-15,002648,19.49,19.81,19.21,19.25,32102837.0,636135213.0,64804787836.25
2025-09-16,002648,19.31,19.42,18.71,19.0,46911649.0,907534262.0,63963167215.0
2025-09-17,002648,18.9,19.02,18.81,18.94,30534663.0,589918004.0,63761178265.9
2025-09-18,002648,18.99,19.01,18.38,18.51,45474445.0,868813502.0,62313590797.350006
2025-09-19,002648,18.42,18.77,18.42,18.71,28443742.0,542314970.0,62986887294.350006
2025-09-22,002648,18.6,18.69,18.41,18.57,24696354.0,467329855.0,62515579746.450005
2025-09-23,002648,18.52,18.54,17.97,18.17,39656534.0,736145217.0,61168986752.450005
2025-09-24,002648,18.08,18.34,18.0,18.3,25860176.0,480140713.0,61606629475.5
2025-09-25,002648,18.28,18.7,18.26,18.64,40550567.0,768373216.0,62751233520.4
2025-09-26,002648,18.68,19.36,18.57,19.03,64123740.0,1248502531.0,64064161689.55
2025-09-29,002648,19.07,19.17,18.65,18.89,37264802.0,715424239.0,63592854141.65
2025-09-30,002648,18.86,18.96,18.66,18.93,40126235.0,771106009.0,63727513441.049995
2025-10-09,002648,18.94,19.34,18.32,19.33,53810186.0,1039834330.0,65074106435.049995
2025-10-10,002648,19.16,19.58,19.03,19.33,51935086.0,1026378412.0,65074106435.049995
2025-10-13,002648,17.94,18.5,17.94,18.44,67287076.0,1257180745.0,62077937023.4
2025-10-14,002648,18.48,18.82,18.01,18.15,50497933.0,946870044.0,61101657102.74999
2025-10-15,002648,18.17,18.36,18.02,18.19,30743026.0,570166889.0,61236316402.15
2025-10-16,002648,18.19,18.2,17.77,17.83,34992800.0,641445325.0,60024382707.549995
2025-10-17,002648,17.75,17.86,17.33,17.36,40268368.0,722390636.0,58442135939.6
2025-10-20,002648,17.5,17.71,17.4,17.62,29074698.0,521883696.0,59317421385.700005
2025-10-21,002648,17.62,17.87,17.48,17.79,21765438.0,394885542.0,59889723408.149994
2025-10-22,002648,17.68,17.77,17.6,17.64,17248630.0,311263923.0,59384751035.4
2025-10-23,002648,17.6,17.86,17.52,17.8,23178938.0,419353402.0,59923388233.0
2025-10-24,002648,17.84,18.05,17.69,17.85,32220360.0,587181124.0,60091712357.25001
2025-10-27,002648,17.84,17.86,17.53,17.61,57677436.0,1040874276.0,59283756560.85
2025-10-28,002648,17.55,17.56,17.33,17.35,41186845.0,733339867.0,58408471114.75001
2025-10-29,002648,17.37,17.57,17.19,17.52,44812750.0,795844696.0,58980773137.2
2025-10-30,002648,17.54,17.61,17.26,17.26,39690924.0,705749867.0,58105487691.100006
2025-10-31,002648,17.49,17.88,17.47,17.53,60773878.0,1098454372.0,59014437962.05
2025-11-03,002648,17.62,17.66,17.18,17.37,44201947.0,781356429.0,58475800764.450005
2025-11-04,002648,17.33,17.38,16.97,17.02,40641224.0,710956716.0,57297531894.7
2025-11-05,002648,16.85,17.07,16.81,16.99,28390601.0,491351094.0,57196537420.149994
2025-11-06,002648,16.99,17.21,16.96,17.18,37109222.0,649739085.0,57836169092.299995
2025-11-07,002648,17.16,17.94,17.06,17.62,86835532.0,1566823409.0,59317421385.700005
2025-11-10,002648,17.77,18.14,17.73,17.93,69540570.0,1279198154.0,60361030956.049995
2025-11-11,002648,17.81,17.93,17.68,17.79,31495660.0,573535806.0,59889723408.149994
2025-11-12,002648,17.81,18.04,17.66,17.87,34333468.0,626073257.0,60159042006.950005
2025-11-13,002648,17.79,18.03,17.69,17.89,43173203.0,788767059.0,60226371656.65
2025-11-14,002648,17.73,17.88,17.43,17.43,44856810.0,808285175.0,58677789713.549995
2025-11-17,002648,17.33,17.42,17.09,17.13,53373066.0,937694051.0,57667844968.049995
2025-11-18,002648,17.08,17.19,16.89,16.99,32966434.0,571888753.0,57196537420.149994
2025-11-19,002648,16.97,17.32,16.93,17.12,33737103.0,591087850.0,57634180143.200005
2025-11-20,002648,17.18,17.31,16.93,16.94,30216917.0,527888746.0,57028213295.9
2025-11-21,002648,16.84,16.85,16.36,16.36,44667999.0,754300732.0,55075653454.6
2025-11-24,002648,16.44,16.57,16.25,16.42,31812733.0,534187819.0,55277642403.700005
2025-11-25,002648,16.5,16.62,16.37,16.42,30763968.0,517872216.0,55277642403.700005
2025-11-26,002648,16.4,16.45,16.36,16.38,19429213.0,325594722.0,55142983104.299995
2025-11-27,002648,16.39,16.62,16.37,16.48,29459099.0,496356330.0,55479631352.8
2025-11-28,002648,16.49,16.62,16.4,16.5,22883238.0,385208634.0,55546961002.5
2025-12-01,002648,16.53,16.69,16.53,16.61,29054434.0,492995801.0,55917274075.85
2025-12-02,002648,16.61,16.63,16.28,16.31,33404198.0,559413428.0,54907329330.35
2025-12-03,002648,16.35,16.5,16.22,16.3,32960560.0,550218058.0,54873664505.5
2025-12-04,002648,16.3,16.35,16.12,16.17,25227514.0,417516742.0,54436021782.450005
2025-12-05,002648,16.12,16.49,16.09,16.43,39709035.0,662947714.0,55311307228.549995
2025-12-08,002648,16.49,16.52,16.34,16.39,27866988.0,466875455.0,55176647929.15
2025-12-09,002648,16.37,16.72,16.1,16.15,54805000.0,915481128.0,54368692132.74999
2025-12-10,002648,16.1,16.29,15.98,16.25,30680136.0,507248717.0,54705340381.25
2025-12-11,002648,16.23,16.3,15.97,15.98,29361227.0,482958006.0,53796390110.3
2025-12-12,002648,15.98,16.12,15.89,16.08,27557656.0,451529110.0,54133038358.799995
2025-12-15,002648,16.01,16.33,15.92,16.16,29612150.0,490715504.0,54402356957.6
2025-12-16,002648,16.11,16.15,15.86,15.93,30502141.0,496954200.0,53628065986.049995
2025-12-17,002648,15.93,16.31,15.93,16.3,40451920.0,667742015.0,54873664505.5
2025-12-18,002648,16.19,16.67,16.15,16.47,54685229.0,923874192.0,55445966527.95
2025-12-19,002648,16.46,16.61,16.42,16.58,28433389.0,480143653.0,55816279601.299995
2025-12-22,002648,16.58,16.7,16.49,16.59,31051639.0,526617563.0,55849944426.15
2025-12-23,002648,16.64,16.64,16.44,16.53,23602079.0,398771348.0,55647955477.05
2025-12-24,002648,16.54,16.67,16.41,16.63,32408470.0,548609393.0,55984603725.549995
2025-12-25,002648,16.63,17.22,16.58,17.06,64031230.0,1109079473.0,57432191194.1
2025-12-26,002648,17.11,17.3,16.88,17.02,36678013.0,639203756.0,57297531894.7
2025-12-29,002648,17.03,17.11,16.84,16.92,28680436.0,497293025.0,56960883646.200005
2025-12-30,002648,16.89,17.5,16.79,17.31,57395114.0,1010114422.0,58273811815.35
2025-12-31,002648,17.26,17.42,17.12,17.31,35731911.0,630463774.0,58273811815.35
2026-01-05,002648,17.31,17.5,17.15,17.38,46369159.0,819452799.0,58509465589.299995
2026-01-06,002648,17.39,18.21,17.38,18.13,92644211.0,1692611964.0,61034327453.049995
2026-01-07,002648,18.13,18.5,18.12,18.25,67705635.0,1265982184.0,61438305351.25
2026-01-08,002648,18.29,18.7,18.09,18.42,60586826.0,1135951286.0,62010607373.700005
2026-01-09,002648,18.3,18.37,18.06,18.13,51434849.0,956000728.0,61034327453.049995
2026-01-12,002648,18.09,18.1,17.76,17.83,63400674.0,1157270066.0,60024382707.549995
2026-01-13,002648,17.85,18.17,17.77,17.81,46280926.0,846824434.0,59957053057.85
2026-01-14,002648,17.9,18.68,17.87,18.58,107107851.0,2015238663.0,62549244571.299995
2026-01-15,002648,18.5,19.0,18.4,18.58,58127643.0,1110427061.0,62549244571.299995
2026-01-16,002648,18.6,18.71,18.25,18.3,44794670.0,842333956.0,61606629475.5
2026-01-19,002648,18.27,19.22,18.08,19.08,78616991.0,1513390226.0,64232485813.799995
2026-01-20,002648,19.46,20.36,19.35,20.35,138283038.0,2832919708.0,68507918569.75001
2026-01-21,002648,20.37,20.56,19.99,20.26,83062794.0,1722961492.0,68204935146.100006
2026-01-22,002648,20.37,21.42,20.22,20.83,83482832.0,1769825424.0,70123830162.54999
2026-01-23,002648,20.83,22.11,20.73,21.71,99902476.0,2193582255.0,73086334749.35
2026-01-26,002648,22.02,22.68,21.56,22.23,92410481.0,2094270208.0,74836905641.55
2026-01-27,002648,22.1,22.57,21.59,21.77,86161255.0,1936239730.0,73288323698.45
2026-01-28,002648,21.77,23.94,21.77,23.7,130298700.0,3096353260.0,79785634894.5
2026-01-29,002648,23.98,24.52,23.17,23.74,127376124.0,3086860918.0,79920294193.9
2026-01-30,002648,23.38,24.17,22.9,23.84,99145982.0,2388865117.0,80256942442.4
2026-02-02,002648,23.12,23.2,21.46,21.46,139551394.0,3147011347.0,72244714128.1
2026-02-03,002648,22.02,22.22,21.46,22.09,89825207.0,2005076014.0,74365598093.65
2026-02-04,002648,22.24,22.34,21.69,22.19,46245701.0,1042565039.0,74702246342.15001
2026-02-05,002648,22.19,22.78,21.46,21.73,57512453.0,1288833088.0,73153664399.05
2026-02-06,002648,21.33,22.73,21.15,22.26,64729027.0,1468054975.0,74937900116.1
2026-02-09,002648,22.52,22.55,21.85,22.02,55475601.0,1247701245.0,74129944319.7
2026-02-10,002648,22.02,22.09,21.63,21.94,37152819.0,829747907.0,73860625720.90001
2026-02-11,002648,21.93,23.09,21.83,22.36,68060018.0,1566426729.0,75274548364.59999
2026-02-12,002648,22.34,22.84,22.22,22.44,48429213.0,1112501110.0,75543866963.40001
2026-02-13,002648,22.03,22.2,21.71,21.77,45284138.0,1014669746.0,73288323698.45
2026-02-24,002648,22.11,22.98,21.87,22.64,60127536.0,1379034693.0,76217163460.40001
2026-02-25,002648,22.57,23.54,22.33,22.93,82211834.0,1930907003.0,77193443381.05
2026-02-26,002648,22.9,23.2,22.55,22.68,47294884.0,1101904838.0,76351822759.8
2026-02-27,002648,22.6,23.17,22.51,22.88,44287052.0,1030759357.0,77025119256.8
2026-03-02,002648,23.47,24.18,22.79,24.18,98333640.0,2364798328.0,81401546487.3
2026-03-03,002648,24.26,24.73,23.27,23.3,88214931.0,2147077733.0,78439041900.5
2026-03-04,002648,23.01,23.76,22.76,23.16,65579485.0,1549968712.0,77967734352.6
2026-03-05,002648,23.46,24.07,22.69,23.94,78154884.0,1869798686.0,80593590690.90001
2026-03-06,002648,23.88,26.34,23.79,26.34,104480573.0,2718043746.0,88673148654.9
2026-03-09,002648,28.68,28.97,26.99,27.11,199125920.0,5713661192.0,91265340168.34999
2026-03-10,002648,25.09,26.35,25.02,25.42,148361998.0,3875976742.0,85575984768.70001
2026-03-11,002648,25.17,27.85,24.88,27.34,137342267.0,3703135138.0,92039631139.9
2026-03-12,002648,27.8,29.36,27.05,28.48,129883913.0,3758711712.0,95877421172.8
2026-03-13,002648,29.05,29.29,27.43,27.65,119794193.0,3449361947.0,93083240710.25
2026-03-16,002648,28.05,28.45,26.31,26.44,88279878.0,2434707126.0,89009796903.40001
2026-03-17,002648,26.39,26.86,25.21,25.44,97478879.0,2568184951.0,85643314418.40001
2026-03-18,002648,25.34,25.53,24.94,25.51,54876029.0,1416700445.0,85878968192.35
2026-03-19,002648,26.19,26.19,25.35,25.89,77021218.0,2028705680.0,87158231536.65001
2026-03-20,002648,25.06,25.74,24.91,25.11,64527106.0,1662186924.0,84532375198.34999
2026-03-23,002648,25.32,26.0,24.78,25.13,76350782.0,1972815073.0,84599704848.05
2026-03-24,002648,24.98,25.51,23.96,25.47,73286764.0,1850528691.0,85744308892.95
2026-03-25,002648,24.97,25.22,24.38,25.19,76467899.0,1937681782.0,84801693797.15001
2026-03-26,002648,25.27,26.37,25.2,26.06,73527986.0,1951685198.0,87730533559.09999
2026-03-27,002648,25.9,27.33,25.76,27.19,73168862.0,2001671094.0,91534658767.15001
2026-03-30,002648,28.29,28.66,27.82,27.95,78744457.0,2264027078.0,94093185455.75
2026-03-31,002648,28.2,28.33,26.85,27.03,62025445.0,1737477383.0,90996021569.55
2026-04-01,002648,26.92,27.01,25.96,26.44,59958203.0,1623534548.0,89009796903.40001
2026-04-02,002648,26.9,27.15,26.32,26.54,39304984.0,1071094573.0,89346445151.9
2026-04-03,002648,26.6,26.62,25.54,26.11,40498442.0,1072655611.0,87898857683.34999
2026-04-07,002648,26.41,28.18,26.15,27.99,62488961.0,1765628390.0,94227844755.15
2026-04-08,002648,26.13,27.3,25.48,27.27,77221677.0,2104464777.0,91803977365.95
2026-04-09,002648,27.63,28.48,27.5,28.23,53136314.0,1521214851.0,95035800551.55
2026-04-10,002648,28.04,28.66,27.75,28.22,39872019.0,1151775773.0,95002135726.7
2026-04-13,002648,28.53,29.72,27.97,29.65,65413457.0,1931969582.0,99816205680.25
2026-04-14,002648,28.4,29.51,28.02,29.34,71811780.0,2110644341.0,98772596109.9
2026-04-15,002648,28.89,29.1,27.11,27.33,82124546.0,2320580011.0,92005966315.04999
2026-04-16,002648,27.15,27.73,26.98,27.6,42304885.0,1183777573.0,92914916586.0
2026-04-17,002648,27.62,27.68,26.65,26.81,49941512.0,1378686437.0,90255395422.84999
2026-04-20,002648,26.72,26.88,25.48,25.7,87771081.0,2319279415.0,86518599864.5
2026-04-21,002648,25.83,26.35,25.23,26.12,53741564.0,1420445052.0,87932522508.2
2026-04-22,002648,26.32,26.48,25.77,25.9,36371473.0,966741143.0,87191896361.5
2026-04-23,002648,25.94,27.06,25.61,26.8,60342198.0,1632226359.0,90221730598.0
2026-04-24,002648,26.82,27.6,26.38,27.14,59540685.0,1647168454.0,91366334642.90001
2026-04-27,002648,27.29,27.69,26.88,27.36,42551799.0,1189598598.0,92106960789.59999
2026-04-28,002648,27.09,28.73,27.06,28.39,57849576.0,1661983406.0,95574437749.15001
2026-04-29,002648,28.48,28.95,28.07,28.61,53042576.0,1544896506.0,96315063895.84999
2026-04-30,002648,28.94,29.56,28.68,28.97,52357650.0,1560034302.0,97526997590.45
2026-05-06,002648,28.46,28.97,27.63,28.86,53072107.0,1534859449.0,97156684517.09999
2026-05-07,002648,28.11,28.14,26.34,26.57,99325774.0,2721799072.0,89447439626.45
2026-05-08,002648,26.85,26.94,25.64,26.1,59885240.0,1595424056.0,87865192858.5
2026-05-11,002648,26.07,26.68,25.94,26.29,51958076.0,1395701578.0,88504824530.65
2026-05-12,002648,26.31,27.7,26.31,27.04,63899641.0,1761710454.0,91029686394.4
2026-05-13,002648,26.78,27.73,26.57,27.22,48008387.0,1336865450.0,91635653241.7
2026-05-14,002648,27.04,28.26,26.5,26.51,60108405.0,1684264711.0,89245450677.35
2026-05-15,002648,26.55,28.24,26.44,27.49,74329651.0,2086297623.0,92544603512.65
2026-05-18,002648,27.55,28.04,26.98,27.18,55413145.0,1546707845.0,91500993942.3
2026-05-19,002648,26.87,26.89,25.63,25.85,51093909.0,1353838372.0,87023572237.25
2026-05-20,002648,25.65,25.96,24.96,25.03,64158869.0,1658737128.0,84263056599.55
2026-05-21,002648,24.57,25.39,24.29,24.32,51985094.0,1316638295.0,81872854035.2
2026-05-22,002648,24.46,24.67,23.85,24.16,41337721.0,1016808573.0,81334216837.6
2026-05-25,002648,23.61,24.65,23.14,23.54,69304314.0,1674621760.0,79246997696.9
2026-05-26,002648,23.46,23.62,22.84,23.41,49521933.0,1174428123.0,78809354973.85
2026-05-27,002648,23.41,23.61,22.95,23.25,35769094.0,847878969.0,78270717776.25
2026-05-28,002648,23.34,23.54,22.89,23.37,36018708.0,853433457.0,78674695674.45
2026-05-29,002648,23.17,23.23,22.62,22.78,39241758.0,915381131.0,76688471008.3
2026-06-01,002648,22.79,23.81,22.79,23.31,48123258.0,1150097833.0,78472706725.34999
2026-06-02,002648,23.54,23.63,23.01,23.14,32894961.0,780750662.0,77900404702.90001
2026-06-03,002648,23.05,23.81,22.82,23.6,44096938.0,1046067711.0,79448986646.0
2026-06-04,002648,23.5,23.51,22.89,23.01,36505050.0,861550243.0,77462761979.85
2026-06-05,002648,22.58,24.15,22.2,23.46,59955587.0,1435463705.0,78977679098.1
2026-06-08,002648,23.3,24.18,23.23,23.69,50441925.0,1225124404.0,79751970069.65001
2026-06-09,002648,23.59,23.88,23.09,23.59,42134408.0,1011052798.0,79415321821.15
2026-06-10,002648,23.49,23.74,22.9,23.24,35656864.0,847530087.0,78237052951.4
2026-06-11,002648,23.4,23.93,22.77,23.06,40167626.0,949999997.0,77631086104.09999
2026-06-12,002648,23.3,24.47,22.79,24.16,79304092.0,1887107371.0,81334216837.6
2026-06-15,002648,23.99,24.0,22.72,23.27,84489485.0,1957715940.0,78338047425.95
2026-06-16,002648,23.0,23.0,22.28,22.33,66256157.0,1495605454.0,75173553890.04999
2026-06-17,002648,21.99,22.6,21.78,22.4,45742262.0,1018597557.0,75409207664.0
2026-06-18,002648,22.41,22.52,21.46,21.65,53071153.0,1156837287.0,72884345800.25
2026-06-22,002648,21.63,22.97,21.19,22.89,64683871.0,1427307084.0,77058784081.65001
2026-06-23,002648,25.18,25.18,25.18,25.18,24964283.0,628600646.0,84768028972.3
2026-06-24,002648,26.37,26.66,24.9,25.66,236125346.0,6085376307.0,86383940565.1
2026-06-25,002648,25.6,26.91,24.59,25.68,206427724.0,5257287489.0,86451270214.8
2026-06-26,002648,25.55,26.65,24.82,24.87,147983269.0,3779670461.0,83724419401.95
2026-06-29,002648,24.67,24.83,23.81,24.23,104834485.0,2538159384.0,81569870611.55
2026-06-30,002648,23.94,24.61,23.2,23.49,105763102.0,2497049765.0,79078673572.65
2026-07-01,002648,23.3,25.24,23.2,24.91,123245371.0,3018127568.0,83859078701.35
2026-07-02,002648,24.5,25.46,24.0,24.73,99616888.0,2479336550.0,83253111854.05
2026-07-03,002648,25.05,25.43,24.01,24.02,88161709.0,2148851830.0,80862909289.7
2026-07-06,002648,23.58,25.25,23.48,24.7,88116817.0,2161165390.0,83152117379.5
2026-07-07,002648,24.62,24.62,23.66,23.69,65560676.0,1571117542.0,79751970069.65001
2026-07-08,002648,24.02,24.1,22.87,22.92,58256931.0,1367017866.0,77159778556.20001
2026-07-09,002648,23.05,23.16,22.19,22.74,62369311.0,1412450289.0,76553811708.9
2026-07-10,002648,22.7,23.15,22.22,22.68,53558963.0,1219160894.0,76351822759.8
2026-07-13,002648,22.7,23.02,21.86,22.07,50185232.0,1115239336.0,74298268443.95
2026-07-14,002648,22.64,23.86,22.62,23.67,78959521.0,1836682128.0,79684640419.95001
2026-07-15,002648,23.53,23.78,23.12,23.43,46892302.0,1099179418.0,78876684623.55
2026-07-16,002648,23.2,23.36,22.84,22.9,40602813.0,935131776.0,77092448906.5
2026-07-17,002648,22.97,23.48,22.8,22.84,57805784.0,1337160362.0,76890459957.4
2026-07-20,002648,23.38,24.63,23.31,24.38,91730846.0,2210161038.0,82074842984.3
2026-07-21,002648,24.1,24.3,23.38,23.82,67783084.0,1612833104.0,80189612792.7
2026-07-22,002648,23.99,24.87,23.7,24.48,64659324.0,1580370995.0,82411491232.8
2026-07-23,002648,24.82,25.54,24.32,25.03,71028109.0,1775983628.0,84263056599.55
2026-07-24,002648,25.3,25.39,24.09,24.11,50618826.0,1249841303.0,81165892713.34999
2026-07-27,002648,23.5,24.78,23.32,24.63,44459991.0,1080696335.0,82916463605.55
2026-07-28,002648,24.24,24.84,24.15,24.64,32087038.0,786934631.0,82950128430.40001
2026-07-29,002648,24.57,25.28,24.3,25.04,49806616.0,1238858771.0,84296721424.4
