date,ticker,open,high,low,close,volume,amount,market_cap
2021-01-04,002625,24.05,24.05,24.05,24.05,7487006.0,183281907.0,35793494196.85
2021-01-05,002625,26.46,26.46,23.67,24.35,132686271.0,3426812285.0,36239982689.950005
2021-01-06,002625,23.89,26.78,23.89,26.78,109555073.0,2949132147.0,39856539484.060005
2021-01-07,002625,27.39,27.71,25.8,26.72,121535491.0,3277730748.0,39767241785.439995
2021-01-08,002625,26.14,28.49,24.57,26.9,92022437.0,2477075546.0,40035134881.299995
2021-01-11,002625,27.52,29.21,25.86,26.38,77213453.0,2167530292.0,39261221493.26
2021-01-12,002625,25.35,27.4,25.15,26.51,58719178.0,1578358054.0,39454699840.270004
2021-01-13,002625,26.1,28.98,26.01,27.71,81202324.0,2289363986.0,41240653812.67
2021-01-14,002625,27.44,28.25,25.94,26.0,65479327.0,1796002503.0,38695669402.0
2021-01-15,002625,25.55,27.26,25.55,27.13,50176359.0,1356747300.0,40377442726.01
2021-01-18,002625,27.61,27.72,25.79,26.25,58423163.0,1569258074.0,39067743146.25
2021-01-19,002625,25.64,26.09,24.02,24.17,66731330.0,1684577368.0,35972089594.090004
2021-01-20,002625,24.46,24.88,24.33,24.67,31047891.0,778465707.0,36716237082.590004
2021-01-21,002625,24.28,24.98,24.09,24.48,32792726.0,818414152.0,36433461036.96
2021-01-22,002625,24.27,24.36,23.19,23.76,43563685.0,1051154797.0,35361888653.520004
2021-01-25,002625,23.98,24.98,23.58,23.88,41554329.0,1026881689.0,35540484050.76
2021-01-26,002625,23.38,23.47,22.46,23.04,32883280.0,769023255.0,34290316270.079998
2021-01-27,002625,22.81,23.21,22.6,22.7,19896310.0,462925915.0,33784295977.899998
2021-01-28,002625,22.79,23.47,22.43,22.49,25586389.0,595686598.0,33471754032.73
2021-01-29,002625,22.74,22.77,21.87,22.48,19390931.0,440945682.0,33456871082.96
2021-02-01,002625,22.45,22.69,21.58,21.68,22104046.0,494205179.0,32266235101.36
2021-02-02,002625,21.52,23.86,21.2,23.86,39006256.0,905398215.0,35510718151.22
2021-02-03,002625,24.44,24.98,23.22,23.22,43830222.0,1068497125.0,34558209365.939995
2021-02-04,002625,23.12,25.45,22.84,24.19,49320288.0,1219104385.0,36001855493.630005
2021-02-05,002625,24.76,25.21,23.93,24.52,36966007.0,924742779.0,36492992836.04
2021-02-08,002625,25.15,25.95,24.25,24.95,55498100.0,1416049466.0,37132959676.15
2021-02-09,002625,25.23,25.23,24.32,24.72,32279953.0,813759587.0,36790651831.439995
2021-02-10,002625,24.99,25.1,23.97,24.83,25258123.0,634666994.0,36954364278.909996
2021-02-18,002625,25.2,26.04,24.82,25.65,39654102.0,1022214585.0,38174766160.049995
2021-02-19,002625,25.45,25.52,24.37,24.91,33625560.0,845668615.0,37073427877.07
2021-02-22,002625,24.69,24.69,23.48,23.48,33637455.0,824815720.0,34945166059.96
2021-02-23,002625,23.09,24.25,22.9,23.71,26739919.0,645949239.0,35287473904.67
2021-02-24,002625,23.58,23.92,23.3,23.5,18566129.0,445918187.0,34974931959.5
2021-02-25,002625,23.53,23.66,22.85,22.92,20885449.0,493157047.0,34111720872.840004
2021-02-26,002625,22.32,22.58,21.46,21.6,32166155.0,717333635.0,32147171503.2
2021-03-01,002625,21.52,21.97,21.28,21.8,24287146.0,534669948.0,32444830498.600002
2021-03-02,002625,21.8,22.36,21.69,22.12,25425599.0,569218580.0,32921084891.24
2021-03-03,002625,22.48,22.6,21.52,21.92,24821070.0,553847330.0,32623425895.840004
2021-03-04,002625,21.62,22.01,21.44,21.62,18293470.0,402386059.0,32176937402.74
2021-03-05,002625,21.32,21.91,21.22,21.68,16111760.0,354304654.0,32266235101.36
2021-03-08,002625,21.63,21.9,20.16,20.21,28270138.0,600499546.0,30078441485.170002
2021-03-09,002625,19.95,20.29,19.28,19.95,20292977.0,409852919.0,29691484791.149998
2021-03-10,002625,20.15,20.46,19.76,19.99,12177032.0,248527577.0,29751016590.23
2021-03-11,002625,20.09,20.39,19.77,20.21,18959834.0,388258658.0,30078441485.170002
2021-03-12,002625,20.2,20.21,19.65,19.86,14413165.0,291623812.0,29557538243.219997
2021-03-15,002625,19.64,19.99,19.38,19.74,13672014.0,273571802.0,29378942845.98
2021-03-16,002625,19.66,21.61,19.61,21.07,31678064.0,671898485.0,31358375165.39
2021-03-17,002625,20.85,20.99,20.5,20.79,15403101.0,324742354.0,30941652571.829998
2021-03-18,002625,20.72,21.21,20.64,20.96,13189453.0,280553958.0,31194662717.920002
2021-03-19,002625,21.79,22.87,21.53,21.81,39603896.0,894755486.0,32459713448.37
2021-03-22,002625,21.55,21.79,21.28,21.56,20307426.0,445087849.0,32087639704.12
2021-03-23,002625,21.43,21.45,20.43,20.64,19001114.0,402916931.0,30718408325.280003
2021-03-24,002625,20.98,21.41,20.52,20.58,18618507.0,395606048.0,30629110626.659996
2021-03-25,002625,20.91,21.07,20.57,20.74,15484099.0,328342116.0,30867237822.98
2021-03-26,002625,20.64,20.93,19.86,20.7,17626000.0,367376477.0,30807706023.899998
2021-03-29,002625,20.63,20.91,20.38,20.76,13597180.0,285306579.0,30897003722.52
2021-03-30,002625,20.58,21.28,20.46,20.64,18712204.0,397959171.0,30718408325.280003
2021-03-31,002625,20.41,20.41,19.72,19.87,18457880.0,374110475.0,29572421192.99
2021-04-01,002625,19.9,19.99,19.67,19.94,10467680.0,211841338.0,29676601841.38
2021-04-02,002625,19.94,20.12,19.76,20.01,9480210.0,192410282.0,29780782489.77
2021-04-06,002625,20.13,20.27,19.96,20.13,9080497.0,185830660.0,29959377887.01
2021-04-07,002625,20.14,20.22,19.81,19.86,9188428.0,185969005.0,29557538243.219997
2021-04-08,002625,19.7,20.09,19.61,19.81,11370511.0,230011474.0,29483123494.37
2021-04-09,002625,19.61,19.84,19.58,19.65,8820887.0,176499707.0,29244996298.05
2021-04-12,002625,19.55,19.6,18.68,18.76,17932876.0,347334665.0,27920413768.52
2021-04-13,002625,18.68,19.44,18.62,19.13,14150145.0,274247894.0,28471082910.01
2021-04-14,002625,19.01,19.28,18.98,19.22,8370450.0,163330551.0,28605029457.94
2021-04-15,002625,19.06,19.33,18.75,19.27,10527368.0,203942246.0,28679444206.79
2021-04-16,002625,19.17,20.06,19.15,19.7,18384040.0,367930546.0,29319411046.899998
2021-04-19,002625,19.9,20.17,19.52,20.03,16131753.0,326282941.0,29810548389.31
2021-04-20,002625,20.02,21.22,19.84,20.71,31538466.0,661473267.0,30822588973.670002
2021-04-21,002625,20.45,20.65,20.17,20.18,14825587.0,306619178.0,30033792635.86
2021-04-22,002625,20.18,20.47,19.84,19.93,11764072.0,240846180.0,29661718891.61
2021-04-23,002625,19.8,20.16,19.55,20.11,13928926.0,281131249.0,29929611987.469997
2021-04-26,002625,19.95,20.29,19.46,19.46,18151648.0,366506057.0,28962220252.420002
2021-04-27,002625,19.38,19.77,19.04,19.06,17240644.0,338906039.0,28366902261.62
2021-04-28,002625,19.22,19.36,18.77,18.97,19091336.0,367729780.0,28232955713.69
2021-04-29,002625,18.9,19.11,18.71,18.78,16196095.0,310818114.0,27950179668.06
2021-04-30,002625,18.37,18.64,17.93,18.48,23658800.0,439717766.0,27503691174.96
2021-05-06,002625,18.42,19.24,18.18,18.56,18293510.0,347071583.0,27622754773.12
2021-05-07,002625,18.47,18.56,17.92,17.94,16001670.0,294944369.0,26700011887.38
2021-05-10,002625,17.86,18.37,17.29,18.36,17993616.0,327685070.0,27325095777.719997
2021-05-11,002625,18.22,18.79,18.02,18.52,14174082.0,266426253.0,27563222974.04
2021-05-12,002625,18.39,18.44,17.88,18.01,13771257.0,252949345.0,26804192535.77
2021-05-13,002625,17.78,18.13,16.88,16.96,32690505.0,578761096.0,25241482809.920002
2021-05-14,002625,16.97,18.06,16.77,17.51,28169705.0,499717567.0,26060045047.27
2021-05-17,002625,17.69,18.0,17.31,17.35,20393269.0,365777469.0,25821917850.95
2021-05-18,002625,17.24,17.69,17.1,17.46,19565825.0,345264099.0,25985630298.420002
2021-05-19,002625,17.2,17.84,17.07,17.76,19639888.0,351637441.0,26432118791.52
2021-05-20,002625,17.69,17.93,17.6,17.63,15510985.0,280389303.0,26238640444.51
2021-05-21,002625,17.64,17.73,16.83,17.16,21659259.0,378979223.0,25539141805.32
2021-05-24,002625,16.9,17.17,16.7,16.79,25162405.0,431593720.0,24988472663.829998
2021-05-25,002625,16.7,17.67,16.57,17.4,29997969.0,527056984.0,25896332599.8
2021-05-26,002625,17.58,18.34,17.58,17.7,36256896.0,662433340.0,26342821092.899998
2021-05-27,002625,17.79,18.06,17.6,17.88,19937111.0,361526664.0,26610714188.76
2021-05-28,002625,18.01,18.12,17.6,17.71,17760131.0,322730076.0,26357704042.670002
2021-05-31,002625,17.78,18.47,17.78,18.37,33278505.0,616607957.0,27339978727.49
2021-06-01,002625,18.44,18.93,18.11,18.26,27083766.0,508682946.0,27176266280.02
2021-06-02,002625,18.26,18.49,17.81,17.86,18663916.0,342918632.0,26580948289.219997
2021-06-03,002625,17.88,17.99,17.69,17.71,14357419.0,260175623.0,26357704042.670002
2021-06-04,002625,17.69,17.91,17.5,17.8,12957273.0,234279047.0,26491650590.600002
2021-06-07,002625,17.81,17.94,17.63,17.88,13078794.0,237228842.0,26610714188.76
2021-06-08,002625,17.93,18.34,17.17,17.71,32622364.0,591222686.0,26357704042.670002
2021-06-09,002625,17.57,19.48,17.49,19.48,81085398.0,1563090049.0,28991986151.96
2021-06-10,002625,19.43,21.2,19.27,20.98,99276193.0,2061179956.0,31224428617.46
2021-06-11,002625,20.65,23.08,20.51,22.63,112528224.0,2528335160.0,33680115329.51
2021-06-15,002625,23.09,23.84,22.52,23.38,97635775.0,2303899841.0,34796336562.26
2021-06-16,002625,23.36,23.52,22.38,22.56,67012029.0,1561590942.0,33575934681.12
2021-06-17,002625,22.99,23.54,22.76,23.28,57376971.0,1351164273.0,34647507064.560005
2021-06-18,002625,23.3,23.66,22.46,22.78,52582523.0,1228710972.0,33903359576.06
2021-06-21,002625,23.19,24.49,22.79,23.42,75361632.0,1799951870.0,34855868361.340004
2021-06-22,002625,24.38,24.38,22.16,22.59,65727893.0,1527810762.0,33620583530.43
2021-06-23,002625,22.48,22.59,21.62,21.91,54206134.0,1213748438.0,32608542946.07
2021-06-24,002625,21.69,21.91,21.12,21.22,39886316.0,869411839.0,31581619411.94
2021-06-25,002625,21.42,21.96,21.04,21.54,41035414.0,900755437.0,32057873804.579998
2021-06-28,002625,21.32,22.49,21.2,21.47,42914819.0,951404929.0,31953693156.19
2021-06-29,002625,21.39,21.6,20.4,20.51,44414738.0,943339096.0,30524929978.27
2021-06-30,002625,20.42,20.71,20.09,20.45,28721040.0,594711195.0,30435632279.649998
2021-07-01,002625,20.58,20.85,19.45,19.55,36647705.0,742748724.0,29096166800.350002
2021-07-02,002625,19.44,20.02,19.36,19.8,31005861.0,621345011.0,29468240544.600002
2021-07-05,002625,19.74,20.29,19.56,19.8,24206681.0,489856022.0,29468240544.600002
2021-07-06,002625,19.85,21.23,19.77,21.23,51686530.0,1084441516.0,31596502361.71
2021-07-07,002625,21.05,21.18,20.49,21.0,36641485.0,775770459.0,31254194517.0
2021-07-08,002625,20.74,21.6,20.69,21.07,38698670.0,837972680.0,31358375165.39
2021-07-09,002625,20.78,20.98,20.24,20.52,28645462.0,600221221.0,30539812928.04
2021-07-12,002625,20.51,22.08,20.39,21.67,54579126.0,1194084207.0,32251352151.590004
2021-07-13,002625,21.9,22.58,21.66,22.05,47287843.0,1064982694.0,32816904242.850002
2021-07-14,002625,21.91,22.21,21.22,21.42,35246620.0,773563586.0,31879278407.340004
2021-07-15,002625,21.22,21.74,20.83,21.13,27366403.0,588730309.0,31447672864.01
2021-07-16,002625,21.2,22.55,21.07,21.99,55105591.0,1233167513.0,32727606544.23
2021-07-19,002625,22.15,22.55,21.54,21.67,37873620.0,844052340.0,32251352151.590004
2021-07-20,002625,21.42,22.33,21.34,21.94,32387045.0,723997168.0,32653191795.38
2021-07-21,002625,22.13,22.2,21.66,22.02,35473801.0,792205444.0,32772255393.54
2021-07-22,002625,21.76,21.77,20.63,20.74,52704665.0,1123205373.0,30867237822.98
2021-07-23,002625,20.63,21.36,20.35,21.11,36128375.0,763850395.0,31417906964.469997
2021-07-26,002625,20.86,23.19,20.82,22.7,88737850.0,2017480593.0,33784295977.899998
2021-07-27,002625,22.48,22.78,21.22,21.31,67792997.0,1531242958.0,31715565959.87
2021-07-28,002625,20.84,20.88,19.59,20.07,47221347.0,966766885.0,29870080188.39
2021-07-29,002625,20.34,20.79,20.25,20.56,28494385.0,595958173.0,30599344727.12
2021-07-30,002625,20.47,21.1,20.05,20.71,31923109.0,666912130.0,30822588973.670002
2021-08-02,002625,20.42,21.8,20.41,21.62,46856820.0,1024650517.0,32176937402.74
2021-08-03,002625,21.52,22.11,21.12,21.26,36828298.0,808462278.0,31641151211.02
2021-08-04,002625,21.26,22.39,21.26,22.05,49045769.0,1096277078.0,32816904242.850002
2021-08-05,002625,21.96,22.8,21.88,22.34,64691352.0,1474485747.0,33248509786.18
2021-08-06,002625,22.18,22.59,21.82,22.22,41738909.0,940236802.0,33069914388.94
2021-08-09,002625,22.11,22.96,22.07,22.3,47361542.0,1084585771.0,33188977987.100002
2021-08-10,002625,22.26,24.53,22.26,24.53,45483664.0,1109247286.0,36507875785.810005
2021-08-11,002625,25.55,26.85,25.05,25.64,141640250.0,3723132314.0,38159883210.28
2021-08-12,002625,25.69,27.39,25.09,25.94,127499961.0,3407105393.0,38606371703.380005
2021-08-13,002625,25.84,26.41,24.56,24.76,93597727.0,2414053086.0,36850183630.520004
2021-08-16,002625,24.79,25.02,23.3,23.5,68733472.0,1661075366.0,34974931959.5
2021-08-17,002625,23.51,23.73,22.33,22.54,61484199.0,1439107892.0,33546168781.579998
2021-08-18,002625,22.86,23.09,22.4,22.89,47209967.0,1095588359.0,34067072023.530003
2021-08-19,002625,22.65,23.18,22.55,22.92,42555392.0,995185730.0,34111720872.840004
2021-08-20,002625,22.65,23.76,21.97,23.47,54250977.0,1274165588.0,34930283110.189995
2021-08-23,002625,23.18,24.33,23.15,23.96,58164689.0,1413147203.0,35659547648.92
2021-08-24,002625,23.47,23.72,23.09,23.52,44294080.0,1057570331.0,35004697859.04
2021-08-25,002625,23.62,23.95,22.7,22.98,38805188.0,914253807.0,34201018571.46
2021-08-26,002625,22.79,23.31,22.43,22.43,35697781.0,826755061.0,33382456334.11
2021-08-27,002625,22.11,22.88,21.86,22.69,36709641.0,835258811.0,33769413028.13
2021-08-30,002625,22.7,23.4,22.56,22.93,38113633.0,892894074.0,34126603822.61
2021-08-31,002625,22.95,22.99,22.2,22.45,28774577.0,658206276.0,33412222233.649998
2021-09-01,002625,22.38,22.5,21.12,21.68,43346589.0,956008400.0,32266235101.36
2021-09-02,002625,21.68,22.34,21.54,21.98,29627860.0,660019597.0,32712723594.46
2021-09-03,002625,21.75,21.86,21.13,21.33,28362516.0,619424346.0,31745331859.409996
2021-09-06,002625,21.48,21.66,21.09,21.63,23827360.0,520757036.0,32191820352.51
2021-09-07,002625,21.62,21.96,21.52,21.91,20125582.0,446150771.0,32608542946.07
2021-09-08,002625,21.93,22.11,21.48,21.63,22693618.0,502351431.0,32191820352.51
2021-09-09,002625,21.56,22.78,21.4,22.73,41711698.0,943512019.0,33828944827.21
2021-09-10,002625,22.78,22.84,22.25,22.3,27698940.0,631969981.0,33188977987.100002
2021-09-13,002625,22.31,23.66,22.23,23.46,54658737.0,1290498697.0,34915400160.42
2021-09-14,002625,23.47,23.86,22.95,23.18,37431858.0,888157732.0,34498677566.86
2021-09-15,002625,23.58,24.38,23.33,24.07,58098165.0,1419495392.0,35823260096.39
2021-09-16,002625,23.77,23.92,22.4,22.4,51192304.0,1206162349.0,33337807484.8
2021-09-17,002625,22.24,22.7,21.5,22.11,26809208.0,602700549.0,32906201941.469997
2021-09-22,002625,22.01,22.68,21.81,22.35,20567527.0,468418857.0,33263392735.95
2021-09-23,002625,22.34,22.58,21.96,22.28,24530494.0,556671073.0,33159212087.56
2021-09-24,002625,22.12,23.21,21.76,23.09,39608227.0,910530560.0,34364731018.93
2021-09-27,002625,23.12,23.83,22.79,23.28,42565026.0,1006828367.0,34647507064.560005
2021-09-28,002625,23.3,23.55,22.25,22.48,30018790.0,701773658.0,33456871082.96
2021-09-29,002625,21.93,22.23,21.52,21.66,32925336.0,731421229.0,32236469201.82
2021-09-30,002625,21.72,22.37,21.67,22.07,18019386.0,403945108.0,32846670142.39
2021-10-08,002625,22.07,22.35,21.37,21.63,22311257.0,492297386.0,32191820352.51
2021-10-11,002625,21.63,22.45,21.52,21.79,25267306.0,566646338.0,32429947548.829998
2021-10-12,002625,21.79,21.83,20.31,20.63,32498522.0,692961586.0,30703525375.51
2021-10-13,002625,20.62,21.01,20.43,20.82,14584358.0,307299832.0,30986301421.14
2021-10-14,002625,20.63,21.09,20.63,20.68,12694019.0,269189348.0,30777940124.36
2021-10-15,002625,20.63,21.09,20.45,20.81,14497984.0,307565128.0,30971418471.37
2021-10-18,002625,20.91,21.07,20.73,20.86,11676575.0,248002025.0,31045833220.219997
2021-10-19,002625,21.1,21.1,20.77,20.98,13204173.0,280931578.0,31224428617.46
2021-10-20,002625,20.93,21.09,20.51,20.72,19492442.0,412287923.0,30837471923.44
2021-10-21,002625,20.94,20.94,19.9,19.96,25638408.0,529310322.0,29706367740.920002
2021-10-22,002625,20.07,20.51,19.92,20.2,15955030.0,327851076.0,30063558535.399998
2021-10-25,002625,19.99,20.45,19.55,20.44,20533812.0,418869363.0,30420749329.88
2021-10-26,002625,20.43,20.63,20.3,20.44,13382271.0,278669997.0,30420749329.88
2021-10-27,002625,20.76,20.96,19.99,20.07,15420651.0,320113611.0,29870080188.39
2021-10-28,002625,20.06,20.37,19.86,20.35,14598615.0,298745408.0,30286802781.95
2021-10-29,002625,20.44,20.44,19.6,20.14,20988873.0,427403275.0,29974260836.780003
2021-11-01,002625,20.12,20.49,19.96,20.26,14939174.0,308286212.0,30152856234.02
2021-11-02,002625,20.58,21.09,20.44,20.76,30565181.0,646887427.0,30897003722.52
2021-11-03,002625,20.54,21.07,20.44,20.93,19427533.0,411737805.0,31150013868.61
2021-11-04,002625,21.12,21.12,20.65,20.82,15875655.0,336113986.0,30986301421.14
2021-11-05,002625,21.04,21.99,20.95,21.52,38396411.0,837595309.0,32028107905.04
2021-11-08,002625,21.55,21.83,21.34,21.69,26584854.0,584819980.0,32281118051.13
2021-11-09,002625,22.01,22.01,21.41,21.6,25331525.0,558136122.0,32147171503.2
2021-11-10,002625,21.62,21.96,21.29,21.38,24107016.0,530046969.0,31819746608.26
2021-11-11,002625,21.22,21.46,21.07,21.43,19440241.0,421140835.0,31894161357.11
2021-11-12,002625,21.42,21.83,21.3,21.66,23197618.0,510609931.0,32236469201.82
2021-11-15,002625,21.63,22.48,21.56,22.09,31930864.0,718214845.0,32876436041.93
2021-11-16,002625,21.93,22.25,21.31,21.34,30185500.0,669250017.0,31760214809.18
2021-11-17,002625,21.26,21.57,21.22,21.32,16808880.0,365822890.0,31730448909.64
2021-11-18,002625,21.31,21.48,21.0,21.32,22517802.0,486545049.0,31730448909.64
2021-11-19,002625,21.27,21.59,21.17,21.54,18530461.0,403967484.0,32057873804.579998
2021-11-22,002625,21.5,21.74,21.32,21.71,21138198.0,464142190.0,32310883950.670002
2021-11-23,002625,21.89,22.77,21.81,22.16,43531923.0,988606614.0,32980616690.32
2021-11-24,002625,22.11,23.13,22.05,22.69,39441945.0,910797675.0,33769413028.13
2021-11-25,002625,22.53,22.97,22.22,22.74,30536766.0,701344762.0,33843827776.98
2021-11-26,002625,22.71,22.97,22.25,22.32,25892302.0,593831717.0,33218743886.64
2021-11-29,002625,21.91,22.54,21.79,22.4,21927921.0,497317699.0,33337807484.8
2021-11-30,002625,22.42,22.98,22.35,22.76,30554716.0,706759930.0,33873593676.52
2021-12-01,002625,22.69,22.87,22.25,22.3,23401633.0,534292831.0,33188977987.100002
2021-12-02,002625,22.24,22.47,21.94,22.11,18860446.0,424982985.0,32906201941.469997
2021-12-03,002625,22.01,24.22,22.01,23.63,73990672.0,1762563075.0,35168410306.51
2021-12-06,002625,23.58,23.84,23.19,23.31,40760165.0,973710745.0,34692155913.869995
2021-12-07,002625,22.88,23.02,21.44,21.44,66102409.0,1472143249.0,31909044306.88
2021-12-08,002625,21.61,23.58,21.61,23.58,40778039.0,955068298.0,35093995557.659996
2021-12-09,002625,23.92,24.45,23.2,23.37,85172038.0,2063964864.0,34781453612.49
2021-12-10,002625,23.24,23.77,22.85,23.18,46078745.0,1089582416.0,34498677566.86
2021-12-13,002625,23.26,23.38,22.4,23.22,33804174.0,787240484.0,34558209365.939995
2021-12-14,002625,23.13,23.46,22.87,22.99,29224346.0,688214814.0,34215901521.23
2021-12-15,002625,22.99,23.06,22.35,22.52,27581100.0,635116870.0,33516402882.04
2021-12-16,002625,22.53,22.79,22.32,22.54,17622323.0,404310554.0,33546168781.579998
2021-12-17,002625,22.5,22.82,22.21,22.34,23982386.0,550585364.0,33248509786.18
2021-12-20,002625,22.15,22.29,21.02,21.13,38673118.0,848899464.0,31447672864.01
2021-12-21,002625,21.03,21.41,20.88,21.09,20196463.0,433369482.0,31388141064.93
2021-12-22,002625,21.12,21.55,21.07,21.24,17366404.0,376362595.0,31611385311.48
2021-12-23,002625,21.26,21.33,20.69,20.8,21598068.0,461271203.0,30956535521.600002
2021-12-24,002625,20.83,21.06,20.34,20.95,21175019.0,448216577.0,31179779768.149998
2021-12-27,002625,20.94,21.28,20.65,21.1,15751719.0,336931165.0,31403024014.7
2021-12-28,002625,21.03,21.27,20.98,21.11,12050925.0,258894270.0,31417906964.469997
2021-12-29,002625,21.07,21.55,20.86,21.51,27021435.0,583213487.0,32013224955.27
2021-12-30,002625,21.28,22.0,21.28,21.84,26965378.0,595972451.0,32504362297.68
2021-12-31,002625,22.2,23.97,22.11,23.59,96472502.0,2304279391.0,35108878507.43
2022-01-04,002625,23.59,23.93,22.44,22.63,65755217.0,1542160365.0,33680115329.51
2022-01-05,002625,22.25,22.51,21.12,21.31,59774899.0,1311963997.0,31715565959.87
2022-01-06,002625,21.28,21.63,21.18,21.39,27926496.0,607888441.0,31834629558.030003
2022-01-07,002625,21.24,21.45,20.77,20.83,25756669.0,550990755.0,31001184370.909996
2022-01-10,002625,20.78,20.82,20.44,20.7,21150752.0,443737318.0,30807706023.899998
2022-01-11,002625,20.64,20.8,20.45,20.49,14674472.0,307423131.0,30495164078.73
2022-01-12,002625,20.52,20.71,20.49,20.69,13969712.0,293009169.0,30792823074.13
2022-01-13,002625,20.54,20.58,19.43,19.65,42971232.0,865639127.0,29244996298.05
2022-01-14,002625,19.53,19.97,18.75,19.84,19116585.0,382682871.0,29527772343.68
2022-01-17,002625,19.75,20.0,19.55,19.91,13408988.0,270222564.0,29631952992.07
2022-01-18,002625,19.9,20.22,19.75,20.01,12525584.0,255312924.0,29780782489.77
2022-01-19,002625,20.04,20.09,19.28,19.42,17256561.0,343913572.0,28902688453.340004
2022-01-20,002625,19.41,19.59,19.06,19.26,13565023.0,266427915.0,28664561257.02
2022-01-21,002625,19.19,19.21,18.67,18.68,14802276.0,284955503.0,27801350170.36
2022-01-24,002625,18.57,19.03,18.38,18.91,9270897.0,177951648.0,28143658015.07
2022-01-25,002625,19.11,19.36,18.88,18.9,17852416.0,347637962.0,28128775065.3
2022-01-26,002625,20.79,20.79,20.52,20.79,37304846.0,788978665.0,30941652571.829998
2022-01-27,002625,20.79,20.92,19.46,19.47,46977938.0,965721165.0,28977103202.19
2022-01-28,002625,19.83,20.13,19.38,19.61,22514654.0,451215225.0,29185464498.969997
2022-02-07,002625,20.09,20.58,19.53,19.95,21123283.0,431947152.0,29691484791.149998
2022-02-08,002625,19.77,20.49,19.57,20.43,21030688.0,430265741.0,30405866380.11
2022-02-09,002625,20.36,20.41,19.95,20.28,16259591.0,334224416.0,30182622133.56
2022-02-10,002625,20.15,20.46,20.07,20.3,11902096.0,245873262.0,30212388033.100002
2022-02-11,002625,20.15,20.26,19.61,19.7,15848972.0,320575410.0,29319411046.899998
2022-02-14,002625,19.5,19.98,19.4,19.6,10051107.0,201663143.0,29170581549.2
2022-02-15,002625,19.65,19.84,19.56,19.72,8091759.0,162120613.0,29349176946.44
2022-02-16,002625,19.72,19.75,19.55,19.63,9547978.0,190860400.0,29215230398.51
2022-02-17,002625,19.53,20.14,19.45,19.91,15476638.0,311021695.0,29631952992.07
2022-02-18,002625,19.74,19.79,19.57,19.78,9115063.0,182501103.0,29438474645.06
2022-02-21,002625,19.67,19.88,19.67,19.79,8847020.0,178023499.0,29453357594.829998
2022-02-22,002625,19.89,20.14,19.63,19.82,11831139.0,238265514.0,29498006444.14
2022-02-23,002625,19.7,20.09,19.69,20.01,15253132.0,309483623.0,29780782489.77
2022-02-24,002625,19.94,20.85,19.91,20.34,38538144.0,802498391.0,30271919832.18
2022-02-25,002625,20.24,20.53,20.08,20.15,17385504.0,357926239.0,29989143786.55
2022-02-28,002625,20.24,20.32,19.85,19.94,13721844.0,279293567.0,29676601841.38
2022-03-01,002625,19.91,19.94,19.71,19.83,13251068.0,266989746.0,29512889393.909996
2022-03-02,002625,19.84,19.89,19.66,19.68,9368376.0,187898459.0,29289645147.36
2022-03-03,002625,19.76,19.8,19.55,19.58,9865937.0,197238243.0,29140815649.659996
2022-03-04,002625,19.53,19.72,19.14,19.23,13920882.0,275519001.0,28619912407.71
2022-03-07,002625,19.17,19.4,18.78,18.83,11617084.0,225687463.0,28024594416.909996
2022-03-08,002625,18.83,19.02,18.12,18.21,15631909.0,294695917.0,27101851531.170002
2022-03-09,002625,18.29,18.39,16.57,17.6,22966507.0,409291726.0,26193991595.2
2022-03-10,002625,18.0,18.09,17.59,17.69,14278947.0,258299694.0,26327938143.13
2022-03-11,002625,17.48,17.82,17.14,17.82,13887330.0,247073505.0,26521416490.14
2022-03-14,002625,17.76,18.12,17.5,17.52,13665436.0,248022913.0,26074927997.04
2022-03-15,002625,17.35,17.46,16.43,16.44,18758773.0,324100362.0,24467569421.88
2022-03-16,002625,16.72,17.26,16.13,17.07,20996363.0,356532399.0,25405195257.39
2022-03-17,002625,17.25,17.75,17.22,17.38,19065699.0,339244984.0,25866566700.26
2022-03-18,002625,17.39,17.58,17.25,17.5,13326277.0,236704137.0,26045162097.5
2022-03-21,002625,17.66,17.95,17.56,17.84,15194435.0,274362583.0,26551182389.68
2022-03-22,002625,17.88,17.9,17.53,17.61,13842219.0,249005754.0,26208874544.969997
2022-03-23,002625,17.61,17.86,17.44,17.66,12146987.0,218474260.0,26283289293.82
2022-03-24,002625,17.54,17.63,17.4,17.42,10227783.0,182176291.0,25926098499.340004
2022-03-25,002625,17.48,17.71,17.16,17.17,12591120.0,223143513.0,25554024755.090004
2022-03-28,002625,16.9,17.13,16.72,16.99,10168696.0,175316640.0,25286131659.23
2022-03-29,002625,17.32,17.74,17.0,17.12,14932583.0,263904523.0,25479610006.24
2022-03-30,002625,17.31,17.47,17.09,17.32,9760515.0,171469056.0,25777269001.64
2022-03-31,002625,17.14,17.29,16.8,16.87,10953679.0,189387518.0,25107536261.99
2022-04-01,002625,16.73,16.95,16.54,16.94,8996798.0,153871788.0,25211716910.38
2022-04-06,002625,16.75,16.85,16.49,16.71,10221632.0,173215124.0,24869409065.670002
2022-04-07,002625,16.75,16.98,16.49,16.49,10791338.0,183394473.0,24541984170.73
2022-04-08,002625,16.51,16.57,15.86,16.15,14335984.0,235476409.0,24035963878.55
2022-04-11,002625,16.21,16.23,15.15,15.26,17529392.0,276891917.0,22711381349.02
2022-04-12,002625,15.19,15.55,14.85,15.49,14822375.0,228896714.0,23053689193.73
2022-04-13,002625,15.45,15.54,15.18,15.2,8658893.0,135172080.0,22622083650.399998
2022-04-14,002625,15.3,15.38,15.08,15.11,8900342.0,137732988.0,22488137102.469997
2022-04-15,002625,14.89,14.89,14.43,14.51,20166432.0,300495745.0,21595160116.27
2022-04-18,002625,14.54,14.92,14.22,14.83,13830067.0,205979659.0,22071414508.91
2022-04-19,002625,14.97,15.46,14.8,14.86,14306209.0,219564006.0,22116063358.219997
2022-04-20,002625,15.02,15.08,14.48,14.57,10347729.0,155235061.0,21684457814.89
2022-04-21,002625,14.57,14.73,13.93,13.94,16297466.0,236647883.0,20746831979.38
2022-04-22,002625,13.89,13.99,13.56,13.77,15226760.0,213493247.0,20493821833.29
2022-04-25,002625,13.41,13.42,12.4,12.4,26413463.0,344642428.0,18454857714.8
2022-04-26,002625,12.11,12.47,11.59,11.64,30707572.0,375172490.0,17323753532.280003
2022-04-27,002625,11.42,12.66,11.32,12.58,31159037.0,383251949.0,18722750810.66
2022-04-28,002625,12.48,12.98,12.42,12.71,22456177.0,289906042.0,18916229157.670002
2022-04-29,002625,12.82,13.12,12.58,13.06,21236211.0,279394986.0,19437132399.62
2022-05-05,002625,13.11,13.58,12.91,13.22,21547290.0,292318799.0,19675259595.940002
2022-05-06,002625,12.96,13.64,12.87,13.31,18239887.0,246864419.0,19809206143.87
2022-05-09,002625,13.17,14.65,13.15,14.65,39955153.0,583896912.0,21803521413.05
2022-05-10,002625,14.26,14.77,14.2,14.33,38042660.0,558086516.0,21327267020.41
2022-05-11,002625,14.33,14.66,14.15,14.18,28532923.0,419298002.0,21104022773.86
2022-05-12,002625,14.18,14.52,14.02,14.27,20033690.0,290862705.0,21237969321.79
2022-05-13,002625,14.26,14.57,14.16,14.43,15576699.0,227417912.0,21476096518.11
2022-05-16,002625,14.44,14.89,14.37,14.5,21187851.0,313918494.0,21580277166.5
2022-05-17,002625,14.47,14.57,14.15,14.44,16251966.0,238003997.0,21490979467.88
2022-05-18,002625,14.43,15.08,14.35,14.8,28819928.0,434250989.0,22026765659.600002
2022-05-19,002625,14.55,14.91,14.49,14.88,21290875.0,319039817.0,22145829257.760002
2022-05-20,002625,14.92,15.18,14.78,14.9,17555319.0,266557181.0,22175595157.3
2022-05-23,002625,14.91,15.18,14.76,15.13,16933582.0,258038398.0,22517903002.010002
2022-05-24,002625,15.19,15.69,14.7,14.7,29597376.0,458183394.0,21877936161.899998
2022-05-25,002625,14.7,14.91,14.56,14.77,15060716.0,225816424.0,21982116810.29
2022-05-26,002625,14.71,15.32,14.71,15.13,23686283.0,363830500.0,22517903002.010002
2022-05-27,002625,15.13,15.42,14.67,14.88,17218412.0,262690004.0,22145829257.760002
2022-05-30,002625,15.03,15.21,14.89,15.12,15001444.0,230303364.0,22503020052.239998
2022-05-31,002625,15.05,15.42,14.95,15.36,17708026.0,275013116.0,22860210846.719997
2022-06-01,002625,15.36,15.6,15.27,15.46,14251258.0,224163739.0,23009040344.420002
2022-06-02,002625,15.43,15.96,15.34,15.87,19935914.0,318381220.0,23619241284.989998
2022-06-06,002625,15.47,15.89,15.16,15.87,34237060.0,542331662.0,23619241284.989998
2022-06-07,002625,15.82,16.21,15.67,15.78,20967500.0,338626331.0,23485294737.059998
2022-06-08,002625,15.71,16.09,15.63,15.87,21006327.0,338767286.0,23619241284.989998
2022-06-09,002625,15.82,15.95,15.53,15.72,19298531.0,308754758.0,23395997038.440002
2022-06-10,002625,15.52,15.82,15.23,15.48,38880917.0,612664544.0,23038806243.96
2022-06-13,002625,15.24,16.06,15.22,15.84,31162839.0,500576846.0,23574592435.68
2022-06-14,002625,15.6,15.7,14.96,15.45,27808887.0,433101461.0,22994157394.649998
2022-06-15,002625,15.48,16.0,15.48,15.62,24218294.0,389430570.0,23247167540.739998
2022-06-16,002625,15.7,15.98,15.54,15.65,17587652.0,281850115.0,23291816390.05
2022-06-17,002625,15.57,15.72,15.25,15.62,15698568.0,248024179.0,23247167540.739998
2022-06-20,002625,15.64,15.82,15.55,15.62,13643454.0,217921175.0,23247167540.739998
2022-06-21,002625,15.6,15.65,15.23,15.39,15140853.0,237850974.0,22904859696.030003
2022-06-22,002625,15.38,15.53,14.84,14.86,20022171.0,308843531.0,22116063358.219997
2022-06-23,002625,14.84,16.34,14.82,16.34,44641581.0,726068188.0,24318739924.18
2022-06-24,002625,16.65,17.26,16.6,16.89,65344493.0,1127607775.0,25137302161.530003
2022-06-27,002625,16.83,17.09,16.55,17.0,40556408.0,694805113.0,25301014609.0
2022-06-28,002625,17.1,17.34,16.9,17.19,35472262.0,616015897.0,25583790654.63
2022-06-29,002625,17.19,18.03,16.83,16.93,50656806.0,896320775.0,25196833960.61
2022-06-30,002625,16.79,17.13,16.7,16.97,25352129.0,435976818.0,25256365759.69
2022-07-01,002625,16.83,17.53,16.82,17.32,33630192.0,592766340.0,25777269001.64
2022-07-04,002625,17.44,17.49,16.99,17.27,27002361.0,474194692.0,25702854252.79
2022-07-05,002625,17.19,17.44,16.84,17.24,21800272.0,379344988.0,25658205403.48
2022-07-06,002625,17.24,17.52,16.9,17.1,22961423.0,402948874.0,25449844106.7
2022-07-07,002625,17.19,17.47,17.05,17.13,18134438.0,317795157.0,25494492956.01
2022-07-08,002625,17.06,17.31,16.91,16.92,16160694.0,280451878.0,25181951010.840004
2022-07-11,002625,16.8,17.14,16.61,17.12,18603290.0,320711483.0,25479610006.24
2022-07-12,002625,17.18,17.83,16.93,16.97,31153811.0,549362813.0,25256365759.69
2022-07-13,002625,16.87,17.08,16.61,16.81,17779396.0,304322086.0,25018238563.37
2022-07-14,002625,16.82,17.25,16.74,16.98,16523959.0,286438909.0,25271248709.46
2022-07-15,002625,17.4,18.01,17.13,17.48,39362241.0,702893463.0,26015396197.96
2022-07-18,002625,17.54,17.85,17.21,17.53,24483942.0,435838650.0,26089810946.81
2022-07-19,002625,17.43,17.51,17.13,17.21,19925907.0,350509796.0,25613556554.170002
2022-07-20,002625,17.11,18.16,17.02,18.14,49895938.0,903845318.0,26997670882.780003
2022-07-21,002625,17.98,18.13,17.69,17.69,31544220.0,571539517.0,26327938143.13
2022-07-22,002625,17.66,17.76,16.88,17.21,27732530.0,487063272.0,25613556554.170002
2022-07-25,002625,17.22,17.45,16.74,16.82,15418880.0,266922893.0,25033121513.14
2022-07-26,002625,16.82,16.98,16.63,16.97,13880042.0,238011970.0,25256365759.69
2022-07-27,002625,16.93,17.12,16.86,16.94,10691293.0,184604421.0,25211716910.38
2022-07-28,002625,16.98,17.46,16.89,17.43,21663345.0,380447696.0,25940981449.11
2022-07-29,002625,17.43,17.86,17.21,17.65,25714505.0,458149209.0,26268406344.05
2022-08-01,002625,17.88,18.26,17.39,17.4,25839896.0,465872971.0,25896332599.8
2022-08-02,002625,17.49,17.76,16.56,16.85,31457324.0,544269442.0,25077770362.45
2022-08-03,002625,16.84,18.13,16.77,17.66,55560953.0,1000972808.0,26283289293.82
2022-08-04,002625,17.59,17.68,16.95,17.07,30130560.0,528581497.0,25405195257.39
2022-08-05,002625,17.14,17.24,16.82,17.1,17613978.0,304861439.0,25449844106.7
2022-08-08,002625,17.09,17.65,16.94,17.55,22116775.0,392466854.0,26119576846.350002
2022-08-09,002625,17.59,17.64,17.19,17.48,16826069.0,297731560.0,26015396197.96
2022-08-10,002625,17.41,17.63,17.1,17.24,18963971.0,336072522.0,25658205403.48
2022-08-11,002625,17.29,17.41,17.03,17.33,15177069.0,265648719.0,25792151951.409996
2022-08-12,002625,17.25,17.37,17.02,17.1,15001583.0,261353999.0,25449844106.7
2022-08-15,002625,16.98,17.19,16.95,17.09,9551057.0,165535427.0,25434961156.93
2022-08-16,002625,17.08,17.15,16.82,16.85,14710397.0,253380367.0,25077770362.45
2022-08-17,002625,16.85,17.04,16.65,17.04,14095221.0,241806166.0,25360546408.079998
2022-08-18,002625,17.0,17.38,16.85,17.32,19136714.0,334344871.0,25777269001.64
2022-08-19,002625,17.26,17.44,16.82,16.82,16005200.0,278146692.0,25033121513.14
2022-08-22,002625,16.83,17.08,16.73,17.02,9159420.0,158204591.0,25330780508.54
2022-08-23,002625,17.0,17.08,16.83,16.9,7840136.0,135063160.0,25152185111.3
2022-08-24,002625,16.91,17.04,16.15,16.15,19465980.0,325902139.0,24035963878.55
2022-08-25,002625,16.16,16.5,16.07,16.25,10397517.0,172314936.0,24184793376.25
2022-08-26,002625,16.56,17.66,16.56,17.23,45654083.0,802061795.0,25643322453.71
2022-08-29,002625,16.91,17.8,16.87,17.76,37629238.0,672698898.0,26432118791.52
2022-08-30,002625,17.86,18.53,17.83,18.23,49828183.0,925753581.0,27131617430.71
2022-08-31,002625,18.18,18.4,17.69,17.86,29302248.0,533335331.0,26580948289.219997
2022-09-01,002625,17.83,18.32,17.78,17.83,20532235.0,376866546.0,26536299439.909996
2022-09-02,002625,17.86,18.04,17.7,17.86,15058643.0,274174877.0,26580948289.219997
2022-09-05,002625,17.87,18.14,17.56,17.68,17509474.0,316972510.0,26313055193.36
2022-09-06,002625,17.77,18.18,17.6,18.07,18380952.0,336947060.0,26893490234.39
2022-09-07,002625,18.0,18.26,17.9,18.09,16008975.0,294676003.0,26923256133.93
2022-09-08,002625,18.15,18.33,18.04,18.11,16596342.0,307280459.0,26953022033.469997
2022-09-09,002625,18.1,18.35,17.88,18.05,13096424.0,240886603.0,26863724334.850002
2022-09-13,002625,18.04,18.31,17.98,18.09,11423446.0,210666656.0,26923256133.93
2022-09-14,002625,17.85,18.1,17.78,17.9,12377542.0,226029951.0,26640480088.3
2022-09-15,002625,17.98,18.06,16.9,17.04,24809865.0,437123453.0,25360546408.079998
2022-09-16,002625,17.06,17.53,16.8,16.8,17036825.0,297921638.0,25003355613.600002
2022-09-19,002625,16.86,17.05,16.11,16.21,18461545.0,309302447.0,24125261577.170002
2022-09-20,002625,16.39,16.41,16.07,16.25,13338222.0,220688544.0,24184793376.25
2022-09-21,002625,16.27,16.27,15.34,15.64,23848295.0,378430752.0,23276933440.280003
2022-09-22,002625,15.51,16.24,15.45,16.11,18253747.0,297501098.0,23976432079.469997
2022-09-23,002625,16.11,16.91,15.86,15.89,19648583.0,325579029.0,23649007184.530003
2022-09-26,002625,15.71,15.99,15.32,15.41,16350176.0,259785809.0,22934625595.57
2022-09-27,002625,15.47,15.71,15.31,15.69,11287784.0,178408073.0,23351348189.13
2022-09-28,002625,15.98,16.13,15.01,15.02,16582339.0,260926390.0,22354190554.54
2022-09-29,002625,15.25,15.31,14.89,15.04,10289695.0,158473420.0,22383956454.079998
2022-09-30,002625,15.15,15.18,14.56,14.59,11511078.0,173157337.0,21714223714.43
2022-10-10,002625,14.63,14.88,14.08,14.16,13000268.0,190771095.0,21074256874.32
2022-10-11,002625,14.16,14.38,14.01,14.29,9351702.0,135531636.0,21267735221.329998
2022-10-12,002625,14.28,14.77,13.95,14.73,13033437.0,190357243.0,21922585011.21
2022-10-13,002625,14.73,14.99,14.62,14.9,11339094.0,171618842.0,22175595157.3
2022-10-14,002625,15.03,15.33,14.89,15.26,12094619.0,186745257.0,22711381349.02
2022-10-17,002625,15.86,16.78,15.77,16.78,19850276.0,331363294.0,24973589714.06
2022-10-18,002625,17.19,18.35,16.98,17.24,71097758.0,1278429565.0,25658205403.48
2022-10-19,002625,17.29,17.49,17.0,17.12,29271646.0,512942530.0,25479610006.24
2022-10-20,002625,17.03,17.22,16.66,16.86,23617399.0,406935739.0,25092653312.219997
2022-10-21,002625,16.75,17.14,16.75,16.84,13588125.0,233632773.0,25062887412.68
2022-10-24,002625,17.09,17.59,17.0,17.14,31006904.0,545108308.0,25509375905.780003
2022-10-25,002625,17.1,17.34,16.9,17.2,20223308.0,352858102.0,25598673604.399998
2022-10-26,002625,17.1,17.69,17.07,17.62,22283699.0,395723412.0,26223757494.74
2022-10-27,002625,17.81,17.87,17.1,17.12,22485499.0,396963407.0,25479610006.24
2022-10-28,002625,17.27,17.45,16.6,16.66,26746392.0,463390801.0,24794994316.82
2022-10-31,002625,16.64,17.28,16.51,17.0,20028438.0,346155341.0,25301014609.0
2022-11-01,002625,16.51,16.92,16.38,16.83,23121966.0,392964803.0,25048004462.909996
2022-11-02,002625,16.91,17.83,16.78,17.57,25787481.0,453236425.0,26149342745.89
2022-11-03,002625,17.38,17.68,17.28,17.45,16998297.0,302315057.0,25970747348.649998
2022-11-04,002625,17.53,17.91,17.38,17.84,26044158.0,469517231.0,26551182389.68
2022-11-07,002625,17.76,18.35,17.74,17.89,30541328.0,560878954.0,26625597138.530003
2022-11-08,002625,18.07,18.67,17.67,17.78,21430352.0,392938085.0,26461884691.06
2022-11-09,002625,17.97,18.21,17.68,17.69,16894744.0,307705034.0,26327938143.13
2022-11-10,002625,17.54,17.73,17.35,17.42,14043920.0,250168397.0,25926098499.340004
2022-11-11,002625,17.86,18.11,17.57,17.92,25271549.0,460343719.0,26670245987.840004
2022-11-14,002625,17.69,19.02,17.64,18.36,41515607.0,781666092.0,27325095777.719997
2022-11-15,002625,18.18,18.56,18.16,18.34,22697980.0,424127231.0,27295329878.18
2022-11-16,002625,18.47,18.63,18.29,18.45,18149775.0,341562157.0,27459042325.649998
2022-11-17,002625,18.28,18.62,18.03,18.56,17295341.0,323327760.0,27622754773.12
2022-11-18,002625,18.6,18.68,18.25,18.3,17925971.0,336901728.0,27235798079.100002
2022-11-21,002625,18.08,18.55,18.05,18.43,14554435.0,272158396.0,27429276426.11
2022-11-22,002625,18.33,18.45,17.78,17.99,18130652.0,333678091.0,26774426636.23
2022-11-23,002625,17.88,18.04,17.39,17.79,17274095.0,311071686.0,26476767640.829998
2022-11-24,002625,17.73,17.91,17.5,17.6,9978305.0,179481590.0,26193991595.2
2022-11-25,002625,17.51,17.75,17.2,17.68,14774871.0,262930575.0,26313055193.36
2022-11-28,002625,17.81,17.81,17.01,17.24,18526292.0,325285554.0,25658205403.48
2022-11-29,002625,17.41,17.78,17.38,17.49,14494432.0,258607880.0,26030279147.73
2022-11-30,002625,17.52,17.56,17.19,17.23,11459014.0,202207690.0,25643322453.71
2022-12-01,002625,17.39,17.97,17.34,17.82,18950617.0,340938698.0,26521416490.14
2022-12-02,002625,17.78,17.95,17.51,17.58,11465539.0,206526471.0,26164225695.659996
2022-12-05,002625,17.63,17.72,17.42,17.48,10772000.0,191979709.0,26015396197.96
2022-12-06,002625,17.39,17.76,17.16,17.55,14445961.0,256984402.0,26119576846.350002
2022-12-07,002625,17.35,17.59,17.34,17.37,10192659.0,180831378.0,25851683750.49
2022-12-08,002625,17.32,17.37,17.0,17.09,11465090.0,200085807.0,25434961156.93
2022-12-09,002625,16.88,16.97,16.55,16.85,17188088.0,293896124.0,25077770362.45
2022-12-12,002625,17.16,18.23,17.12,17.51,34316191.0,618831134.0,26060045047.27
2022-12-13,002625,17.39,17.51,17.19,17.25,11597286.0,204389345.0,25673088353.25
2022-12-14,002625,17.27,17.65,17.03,17.08,10429286.0,183645963.0,30354945098.799995
2022-12-15,002625,17.17,17.24,16.96,17.14,7501987.0,130520000.0,30461578395.4
2022-12-16,002625,17.0,17.07,16.54,16.65,11894242.0,202406969.0,29590739806.499996
2022-12-19,002625,16.46,16.93,16.41,16.55,9651070.0,163387147.0,29413017645.5
2022-12-20,002625,16.47,16.72,16.41,16.45,8683458.0,146195544.0,29235295484.5
2022-12-21,002625,16.45,16.57,16.09,16.22,7248226.0,120268953.0,28826534514.199997
2022-12-22,002625,16.29,16.46,15.99,16.06,7967244.0,131476758.0,28542179056.6
2022-12-23,002625,16.15,16.3,15.97,16.11,5866592.0,95732721.0,28631040137.1
2022-12-26,002625,16.12,16.58,16.12,16.46,6465952.0,107391194.0,29253067700.600002
2022-12-27,002625,16.5,16.76,16.42,16.68,7747577.0,129970308.0,29644056454.8
2022-12-28,002625,16.66,16.71,16.32,16.45,7198915.0,119736307.0,29235295484.5
2022-12-29,002625,16.35,17.0,16.3,16.88,9990628.0,169227567.0,29999500776.8
2022-12-30,002625,16.94,17.01,16.75,16.86,7051395.0,120086697.0,29963956344.6
2023-01-03,002625,16.93,17.27,16.7,17.22,10437695.0,180009742.0,30603756124.199997
2023-01-04,002625,17.21,17.33,17.04,17.29,8793869.0,152764090.0,30728161636.899998
2023-01-05,002625,17.29,17.61,17.22,17.5,7900596.0,139346438.0,31101378175.0
2023-01-06,002625,17.51,17.69,17.36,17.45,9673218.0,171112712.0,31012517094.5
2023-01-09,002625,17.5,17.57,17.26,17.27,8567696.0,150332968.0,30692617204.7
2023-01-10,002625,17.28,17.35,17.04,17.14,9052686.0,156988867.0,30461578395.4
2023-01-11,002625,17.22,17.52,17.03,17.08,11523568.0,201089436.0,30354945098.799995
2023-01-12,002625,17.47,17.56,16.68,16.71,19905930.0,341127754.0,29697373103.100002
2023-01-13,002625,16.72,16.87,16.47,16.84,12143298.0,204763028.0,29928411912.4
2023-01-16,002625,16.88,17.42,16.84,17.28,14807762.0,257495890.0,30710389420.800003
2023-01-17,002625,17.46,17.46,17.12,17.35,10117128.0,176902441.0,30834794933.500004
2023-01-18,002625,17.25,17.71,17.22,17.6,12518469.0,221564764.0,31279100336.000004
2023-01-19,002625,17.56,17.95,17.5,17.81,12489594.0,223834561.0,31652316874.1
2023-01-20,002625,17.85,18.2,17.83,17.98,12418934.0,225363472.0,31954444547.8
2023-01-30,002625,18.33,18.43,18.09,18.09,20692828.0,381080007.0,32149938924.9
2023-01-31,002625,17.83,18.41,17.73,18.2,17334594.0,317673728.0,32345433302.0
2023-02-01,002625,18.14,18.51,18.03,18.33,15490235.0,286126451.0,32576472111.299995
2023-02-02,002625,18.41,18.48,17.88,17.91,18972815.0,345564607.0,31830039035.1
2023-02-03,002625,17.94,18.22,17.86,18.15,12604055.0,229287638.0,32256572221.499996
2023-02-06,002625,18.38,19.12,18.11,18.56,39911191.0,748469118.0,32985233081.6
2023-02-07,002625,18.35,18.48,17.91,18.09,26577083.0,487030956.0,32149938924.9
2023-02-08,002625,18.1,18.25,17.8,17.81,14113792.0,256016929.0,31652316874.1
2023-02-09,002625,17.74,18.42,17.73,18.37,23728036.0,437487601.0,32647560975.7
2023-02-10,002625,18.37,18.38,18.04,18.11,12179343.0,223484765.0,32185483357.1
2023-02-13,002625,18.31,18.41,18.14,18.17,16131449.0,297453937.0,32292116653.700005
2023-02-14,002625,18.17,18.29,17.99,18.05,13116666.0,239601586.0,32078850060.5
2023-02-15,002625,18.01,18.11,17.9,18.0,14595355.0,264845846.0,31989988980.0
2023-02-16,002625,18.01,18.17,17.5,17.65,18977024.0,342586185.0,31367961416.499996
2023-02-17,002625,17.62,17.77,17.38,17.57,15156330.0,268949251.0,31225783687.7
2023-02-20,002625,17.46,17.61,17.31,17.58,14098213.0,248709034.0,31243555903.799995
2023-02-21,002625,17.58,17.83,17.52,17.63,11065180.0,197366231.0,31332416984.3
2023-02-22,002625,17.53,17.74,17.5,17.58,8687919.0,154437111.0,31243555903.799995
2023-02-23,002625,17.58,17.61,17.28,17.38,9936604.0,174872173.0,30888111581.8
2023-02-24,002625,17.38,17.72,17.34,17.43,13088619.0,231742293.0,30976972662.3
2023-02-27,002625,17.35,17.52,17.16,17.29,11632929.0,203588951.0,30728161636.899998
2023-02-28,002625,17.3,17.37,17.22,17.35,8170147.0,142697668.0,30834794933.500004
2023-03-01,002625,17.31,17.42,17.22,17.39,8871634.0,155161007.0,30905883797.9
2023-03-02,002625,17.39,17.53,17.1,17.13,15814489.0,276167976.0,30443806179.3
2023-03-03,002625,17.13,17.44,17.07,17.29,11116041.0,194039210.0,30728161636.899998
2023-03-06,002625,17.37,17.5,17.2,17.29,13111024.0,229594534.0,30728161636.899998
2023-03-07,002625,17.25,17.34,16.86,16.88,12936011.0,222872472.0,29999500776.8
2023-03-08,002625,16.84,17.04,16.79,17.0,8144218.0,139458877.0,30212767370.0
2023-03-09,002625,17.2,17.48,16.87,16.98,13000947.0,224592669.0,30177222937.8
2023-03-10,002625,16.94,16.95,16.69,16.7,9402680.0,159352945.0,29679600887.0
2023-03-13,002625,16.54,16.97,16.51,16.92,9623893.0,163760914.0,30070589641.200005
2023-03-14,002625,16.87,17.09,16.71,16.93,8593122.0,146727382.0,30088361857.3
2023-03-15,002625,16.95,17.07,16.78,16.84,7171333.0,122515214.0,29928411912.4
2023-03-16,002625,16.7,16.91,16.52,16.53,7561666.0,127359105.0,29377473213.300003
2023-03-17,002625,16.64,16.79,16.5,16.5,12144549.0,203940724.0,29324156565.0
2023-03-20,002625,16.56,16.61,16.25,16.41,9992942.0,165442549.0,29164206620.1
2023-03-21,002625,16.57,16.86,16.5,16.76,11125762.0,188201224.0,29786234183.600002
2023-03-22,002625,16.84,16.93,16.66,16.8,9730453.0,164917074.0,29857323048.0
2023-03-23,002625,16.8,17.09,16.7,17.08,11297556.0,193164439.0,30354945098.799995
2023-03-24,002625,17.09,17.15,16.96,17.07,8737400.0,150478247.0,30337172882.7
2023-03-27,002625,17.1,17.12,16.75,16.81,10511523.0,179078393.0,29875095264.1
2023-03-28,002625,16.86,16.89,16.51,16.6,9192509.0,154571488.0,29501878726.000004
2023-03-29,002625,16.64,16.65,16.32,16.42,9661675.0,160076069.0,29181978836.200005
2023-03-30,002625,16.43,16.5,16.25,16.45,8443210.0,139559448.0,29235295484.5
2023-03-31,002625,16.47,16.56,16.35,16.41,7806348.0,129428832.0,29164206620.1
2023-04-03,002625,16.43,16.98,16.42,16.92,15319292.0,260186182.0,30070589641.200005
2023-04-04,002625,16.89,17.27,16.86,16.96,13156799.0,225972263.0,30141678505.600002
2023-04-06,002625,17.04,17.1,16.82,16.93,10144497.0,173793784.0,30088361857.3
2023-04-07,002625,16.93,17.08,16.84,16.92,7884909.0,134635106.0,30070589641.200005
2023-04-10,002625,17.04,17.04,16.69,16.73,10963133.0,186262818.0,29732917535.3
2023-04-11,002625,16.67,16.82,16.64,16.73,6721866.0,113444499.0,29732917535.3
2023-04-12,002625,16.77,16.77,16.53,16.54,9515459.0,159400501.0,29395245429.399998
2023-04-13,002625,16.54,16.68,16.3,16.5,11946531.0,198552922.0,29324156565.0
2023-04-14,002625,16.5,16.63,16.38,16.46,7962707.0,132509930.0,29253067700.600002
2023-04-17,002625,16.45,16.53,16.33,16.46,9888227.0,164054846.0,29253067700.600002
2023-04-18,002625,16.46,16.5,16.0,16.15,12485627.0,204669970.0,28702129001.499996
2023-04-19,002625,16.09,17.71,16.02,17.29,42458110.0,731070403.0,30728161636.899998
2023-04-20,002625,17.12,17.48,16.7,17.06,30805838.0,527944694.0,30319400666.6
2023-04-21,002625,16.9,17.26,16.51,16.52,23146853.0,394271588.0,29359700997.2
2023-04-24,002625,16.52,16.64,16.13,16.24,15471245.0,255259907.0,28862078946.399998
2023-04-25,002625,16.17,16.23,15.41,15.68,18798015.0,298860797.0,27866834844.8
2023-04-26,002625,15.48,16.11,15.46,15.92,11866224.0,190682101.0,28293368031.2
2023-04-27,002625,15.99,17.52,15.86,17.52,55257703.0,959806024.0,31136922607.2
2023-04-28,002625,17.52,17.73,17.21,17.41,48771215.0,857939310.0,30941428230.1
2023-05-04,002625,17.19,17.78,17.04,17.44,30636570.0,538838221.0,30994744878.4
2023-05-05,002625,17.34,17.71,17.12,17.23,24217929.0,424470056.0,30621528340.3
2023-05-08,002625,17.2,17.51,17.19,17.24,25147834.0,439697575.0,30639300556.399998
2023-05-09,002625,17.12,17.23,16.53,16.55,28745166.0,488559514.0,29413017645.5
2023-05-10,002625,16.4,16.47,16.1,16.26,17903056.0,293633716.0,28897623378.600002
2023-05-11,002625,16.32,16.34,16.07,16.13,12377327.0,202111149.0,28666584569.3
2023-05-12,002625,16.13,16.25,15.87,15.94,12231969.0,197769209.0,28328912463.399998
2023-05-15,002625,15.85,16.12,15.76,16.12,17579008.0,282634258.0,28648812353.2
2023-05-16,002625,16.15,16.2,15.81,15.92,11603722.0,186797477.0,28293368031.2
2023-05-17,002625,15.98,16.28,15.91,16.24,18208869.0,296445987.0,28862078946.399998
2023-05-18,002625,16.15,16.26,15.96,16.12,13627310.0,221197568.0,28648812353.2
2023-05-19,002625,16.1,16.26,15.89,16.19,10530744.0,171532931.0,28773217865.9
2023-05-22,002625,16.25,16.27,16.02,16.16,8801301.0,143500686.0,28719901217.6
2023-05-23,002625,16.21,16.21,15.95,15.99,9951097.0,160981696.0,28417773543.9
2023-05-24,002625,15.94,16.04,15.83,15.87,8879732.0,142815172.0,28204506950.699997
2023-05-25,002625,15.81,16.14,15.81,16.0,10056249.0,162286353.0,28435545760.0
2023-05-26,002625,16.01,16.09,15.79,15.88,9371377.0,150264452.0,28222279166.800003
2023-05-29,002625,15.99,16.03,15.57,15.65,13549148.0,215117114.0,27813518196.5
2023-05-30,002625,15.53,15.76,15.44,15.73,10694338.0,168430759.0,27955695925.3
2023-05-31,002625,15.7,15.77,15.54,15.73,10267112.0,162158670.0,27955695925.3
2023-06-01,002625,15.6,15.78,15.29,15.61,11601102.0,182407064.0,27742429332.1
2023-06-02,002625,15.65,15.83,15.61,15.63,10703030.0,169802301.0,27777973764.300003
2023-06-05,002625,15.05,15.11,14.64,14.87,25436954.0,381721153.0,26427285340.699997
2023-06-06,002625,14.89,14.93,14.67,14.73,13034070.0,194745715.0,26178474315.3
2023-06-07,002625,14.65,14.73,14.35,14.44,13554429.0,198010583.0,25663080048.399998
2023-06-08,002625,14.45,14.58,14.31,14.54,9224693.0,134827798.0,25840802209.399998
2023-06-09,002625,14.6,14.66,14.11,14.35,15734454.0,227910834.0,25503130103.5
2023-06-12,002625,14.34,14.79,14.3,14.72,13186481.0,194555590.0,26160702099.2
2023-06-13,002625,14.72,14.88,14.71,14.76,7726174.0,115205133.0,26231790963.6
2023-06-14,002625,14.76,14.82,14.59,14.63,7683643.0,113843567.0,26000752154.300003
2023-06-15,002625,14.75,14.85,14.62,14.8,8772575.0,130470006.0,26302879828.0
2023-06-16,002625,14.87,15.15,14.87,15.04,11065642.0,167968533.0,26729413014.399998
2023-06-19,002625,15.04,15.13,14.9,14.92,10362298.0,156830722.0,26516146421.2
2023-06-20,002625,14.91,15.11,14.86,14.98,11408206.0,172592074.0,26622779717.8
2023-06-21,002625,14.98,14.99,14.82,14.82,9584513.0,144124187.0,26338424260.2
2023-06-26,002625,14.62,14.9,14.58,14.62,8125375.0,120486826.0,25982979938.199997
2023-06-27,002625,14.62,14.87,14.53,14.73,6418278.0,95726309.0,26178474315.3
2023-06-28,002625,14.73,14.9,14.49,14.85,10312268.0,152874936.0,26391740908.5
2023-06-29,002625,14.81,15.04,14.76,14.98,8809917.0,133054651.0,26622779717.8
2023-06-30,002625,15.09,15.29,14.96,15.12,10335173.0,158013612.0,26871590743.199997
2023-07-03,002625,15.15,15.48,15.13,15.19,11888431.0,183592343.0,26995996255.899998
2023-07-04,002625,15.19,15.49,15.13,15.39,12184338.0,189120831.0,27351440577.9
2023-07-05,002625,15.39,15.45,15.19,15.2,8263868.0,127232404.0,27013768472.0
2023-07-06,002625,15.16,15.36,15.06,15.09,8751445.0,133742238.0,26818274094.9
2023-07-07,002625,15.06,15.2,14.92,14.93,7369649.0,111510967.0,26533918637.3
2023-07-10,002625,15.05,15.18,14.97,15.13,7527897.0,114882159.0,26889362959.300003
2023-07-11,002625,15.16,15.31,15.16,15.23,8231247.0,126449736.0,27067085120.3
2023-07-12,002625,15.2,15.34,14.97,14.97,7137281.0,109069656.0,26605007501.7
2023-07-13,002625,14.98,15.2,14.94,14.99,7202870.0,109296194.0,26640551933.9
2023-07-14,002625,14.97,15.11,14.94,14.96,8042400.0,121737301.0,26587235285.600002
2023-07-17,002625,15.37,15.65,14.94,15.05,21454076.0,329694383.0,26747185230.5
2023-07-18,002625,15.03,15.21,14.83,14.92,11815951.0,178529065.0,26516146421.2
2023-07-19,002625,14.89,14.94,14.69,14.75,9678190.0,144606075.0,26214018747.5
2023-07-20,002625,14.77,14.91,14.47,14.5,9835656.0,145558161.0,25769713345.0
2023-07-21,002625,14.45,14.59,14.44,14.49,7564797.0,110799707.0,25751941128.9
2023-07-24,002625,14.37,14.62,14.36,14.45,6306060.0,92193268.0,25680852264.5
2023-07-25,002625,14.55,14.73,14.51,14.71,8806949.0,130097860.0,26142929883.100002
2023-07-26,002625,14.68,14.77,14.63,14.67,5199676.0,77101119.0,26071841018.7
2023-07-27,002625,14.75,14.88,14.54,14.59,7747402.0,114917878.0,25929663289.9
2023-07-28,002625,14.51,14.74,14.44,14.72,8300615.0,122488699.0,26160702099.2
2023-07-31,002625,14.72,14.99,14.7,14.86,9243054.0,138511389.0,26409513124.6
2023-08-01,002625,14.92,14.93,14.77,14.8,6723954.0,100736887.0,26302879828.0
2023-08-02,002625,14.89,15.1,14.8,14.86,11408900.0,171892270.0,26409513124.6
2023-08-03,002625,14.86,14.86,14.67,14.8,9716479.0,144846709.0,26302879828.0
2023-08-04,002625,14.81,15.03,14.74,14.82,8062036.0,120647151.0,26338424260.2
2023-08-07,002625,14.84,14.88,14.72,14.79,7071657.0,105549389.0,26285107611.899998
2023-08-08,002625,14.71,14.8,14.56,14.68,7060251.0,104382716.0,26089613234.8
2023-08-09,002625,14.61,14.77,14.57,14.76,6133956.0,90939411.0,26231790963.6
2023-08-10,002625,14.54,14.76,14.52,14.64,5063530.0,74922997.0,26018524370.4
2023-08-11,002625,14.64,14.67,14.28,14.28,9918734.0,144286325.0,25378724590.8
2023-08-14,002625,14.22,14.33,13.93,14.15,10519600.0,149713498.0,25147685781.5
2023-08-15,002625,14.15,14.23,13.88,13.98,8899272.0,126017921.0,24845558107.8
2023-08-16,002625,13.9,14.28,13.88,14.0,8160940.0,115978397.0,24881102540.0
2023-08-17,002625,13.98,14.37,13.67,14.36,13480617.0,191955440.0,25520902319.6
2023-08-18,002625,14.34,14.71,14.28,14.51,19699026.0,289139715.0,25787485561.1
2023-08-21,002625,14.47,14.87,14.04,14.05,14359956.0,209588391.0,24969963620.5
2023-08-22,002625,14.2,14.61,13.94,14.16,14006373.0,200898957.0,25165457997.6
2023-08-23,002625,14.14,14.17,13.77,13.85,11244664.0,157966231.0,24614519298.5
2023-08-24,002625,13.89,14.62,13.72,14.56,22446079.0,323063921.0,25876346641.600002
2023-08-25,002625,14.63,14.64,13.99,14.09,17045348.0,244356962.0,25041052484.9
2023-08-28,002625,14.72,14.92,14.29,14.33,20820554.0,306921327.0,25467585671.3
2023-08-29,002625,14.33,14.91,14.3,14.89,22367671.0,332170473.0,26462829772.9
2023-08-30,002625,14.9,14.98,14.7,14.85,17173764.0,257197215.0,26391740908.5
2023-08-31,002625,14.84,14.91,14.74,14.76,9514376.0,142088200.0,26231790963.6
2023-09-01,002625,14.81,14.82,14.56,14.57,8839497.0,130737620.0,25894118857.7
2023-09-04,002625,14.66,14.69,14.49,14.63,9855514.0,145256528.0,26000752154.300003
2023-09-05,002625,14.64,14.71,14.38,14.4,10167789.0,148847218.0,25591991184.0
2023-09-06,002625,14.37,14.82,14.19,14.79,20871973.0,307721353.0,26285107611.899998
2023-09-07,002625,14.72,14.86,14.44,14.46,10929298.0,161151459.0,25698624480.600002
2023-09-08,002625,14.39,15.16,14.39,15.02,26131840.0,392829338.0,26693868582.2
2023-09-11,002625,15.06,15.11,14.81,14.99,16693012.0,252192065.0,26640551933.9
2023-09-12,002625,14.99,15.01,14.86,14.86,10552016.0,158766003.0,26409513124.6
2023-09-13,002625,14.94,15.0,14.63,14.74,10614320.0,158489646.0,26196246531.4
2023-09-14,002625,14.72,14.79,14.43,14.5,10999815.0,161801977.0,25769713345.0
2023-09-15,002625,14.49,14.62,14.35,14.45,9689612.0,141478056.0,25680852264.5
2023-09-18,002625,14.49,14.75,14.41,14.44,14723663.0,216243014.0,25663080048.399998
2023-09-19,002625,14.48,14.51,14.17,14.27,11364665.0,163795595.0,25360952374.7
2023-09-20,002625,14.25,14.31,14.13,14.17,7157755.0,102563834.0,25183230213.7
2023-09-21,002625,14.14,14.27,14.07,14.11,6959325.0,99361861.0,25076596917.1
2023-09-22,002625,14.07,14.29,14.07,14.27,8132920.0,116586261.0,25360952374.7
2023-09-25,002625,14.27,14.29,13.92,13.99,10709218.0,151856285.0,24863330323.9
2023-09-26,002625,14.0,14.1,13.93,14.0,5727747.0,81058417.0,24881102540.0
2023-09-27,002625,13.97,14.42,13.96,14.26,10097713.0,144717317.0,25343180158.6
2023-09-28,002625,14.25,14.39,14.19,14.31,8105672.0,116989908.0,25432041239.100002
2023-10-09,002625,14.3,14.39,14.19,14.25,7406869.0,106701915.0,25325407942.5
2023-10-10,002625,14.31,14.32,14.16,14.25,5868820.0,84377451.0,25325407942.5
2023-10-11,002625,14.27,14.34,14.02,14.08,11101636.0,158980542.0,25023280268.8
2023-10-12,002625,14.14,14.21,14.03,14.17,6286006.0,89650042.0,25183230213.7
2023-10-13,002625,14.09,14.11,13.77,13.84,11542100.0,161806222.0,24596747082.4
2023-10-16,002625,13.83,13.91,13.46,13.65,11563888.0,159222976.0,24259074976.5
2023-10-17,002625,13.57,13.86,13.52,13.82,7875532.0,108954266.0,24561202650.2
2023-10-18,002625,13.77,13.92,13.67,13.76,7143633.0,99484407.0,24454569353.6
2023-10-19,002625,13.67,13.85,13.53,13.53,7630392.0,105473064.0,24045808383.3
2023-10-20,002625,13.47,13.62,13.37,13.41,7436214.0,101212759.0,23832541790.1
2023-10-23,002625,13.39,13.49,13.05,13.12,9702460.0,129614446.0,23317147523.199997
2023-10-24,002625,13.17,13.3,12.96,13.15,9694348.0,128439050.0,23370464171.5
2023-10-25,002625,13.27,13.51,13.19,13.26,8135667.0,109523838.0,23565958548.6
2023-10-26,002625,13.18,13.47,13.06,13.46,10371393.0,138996160.0,23921402870.600002
2023-10-27,002625,13.34,13.6,13.24,13.57,11364001.0,153751202.0,24116897247.7
2023-10-30,002625,13.57,13.84,13.52,13.8,9321968.0,128945127.0,24525658218.0
2023-10-31,002625,13.87,14.1,13.77,13.86,14107752.0,198450272.0,24632291514.6
2023-11-01,002625,13.8,13.99,13.8,13.91,8333377.0,117007269.0,24721152595.1
2023-11-02,002625,13.89,14.01,13.71,13.77,8270790.0,115512248.0,24472341569.7
2023-11-03,002625,13.77,14.03,13.77,13.96,10962151.0,154509745.0,24810013675.600002
2023-11-06,002625,14.06,14.35,14.06,14.24,13478264.0,193410591.0,25307635726.4
2023-11-07,002625,14.27,14.39,14.23,14.31,9940740.0,143785565.0,25432041239.100002
2023-11-08,002625,14.27,14.46,14.26,14.31,11863860.0,171719215.0,25432041239.100002
2023-11-09,002625,14.34,14.37,14.1,14.17,7907060.0,113429785.0,25183230213.7
2023-11-10,002625,14.16,14.35,14.08,14.23,7933249.0,113736887.0,25289863510.3
2023-11-13,002625,14.27,14.48,14.24,14.45,12717459.0,184557887.0,25680852264.5
2023-11-14,002625,14.46,14.64,14.38,14.49,12490860.0,182957453.0,25751941128.9
2023-11-15,002625,14.63,14.71,14.46,14.53,10003037.0,146889414.0,25823029993.3
2023-11-16,002625,14.46,14.58,14.35,14.37,9419698.0,137257098.0,25538674535.699997
2023-11-17,002625,14.31,14.46,14.28,14.43,8373920.0,121494216.0,25645307832.3
2023-11-20,002625,14.46,14.58,14.38,14.48,7429033.0,108632080.0,25734168912.8
2023-11-21,002625,14.51,14.56,14.31,14.34,8797380.0,128103842.0,25485357887.4
2023-11-22,002625,14.3,14.39,14.18,14.19,7637840.0,110149459.0,25218774645.899998
2023-11-23,002625,14.21,14.35,14.12,14.33,7857700.0,113111365.0,25467585671.3
2023-11-24,002625,14.36,14.37,14.01,14.05,9895283.0,140986342.0,24969963620.5
2023-11-27,002625,13.96,14.11,13.95,14.04,6883550.0,97450017.0,24952191404.399998
2023-11-28,002625,14.08,14.21,14.02,14.13,6661474.0,94779762.0,25112141349.300003
2023-11-29,002625,14.05,14.1,13.96,13.96,5824594.0,82434954.0,24810013675.600002
2023-11-30,002625,13.96,14.01,13.73,13.82,7807670.0,109172339.0,24561202650.2
2023-12-01,002625,13.83,13.86,13.6,13.73,8128175.0,112308663.0,24401252705.3
2023-12-04,002625,13.74,13.84,13.62,13.71,7322028.0,101577897.0,24365708273.100002
2023-12-05,002625,13.69,13.69,13.42,13.44,8770980.0,119947964.0,23885858438.399998
2023-12-06,002625,13.42,13.54,13.32,13.46,6003303.0,81631257.0,23921402870.600002
2023-12-07,002625,13.53,13.56,13.22,13.34,8873172.0,119541120.0,23708136277.4
2023-12-08,002625,13.37,13.45,13.29,13.34,7491851.0,100956085.0,23708136277.4
2023-12-11,002625,13.87,14.68,13.68,14.68,57932916.0,830870579.0,26089613234.8
2023-12-12,002625,14.85,14.88,14.39,14.46,43247096.0,637686532.0,25698624480.600002
2023-12-13,002625,14.41,14.46,14.23,14.24,18818448.0,271666655.0,25307635726.4
2023-12-14,002625,14.34,14.49,14.22,14.38,18801010.0,272763833.0,25556446751.800003
2023-12-15,002625,14.38,14.48,14.03,14.09,16390914.0,234920969.0,25041052484.9
2023-12-18,002625,13.99,14.01,13.62,13.68,15164972.0,211401560.0,24312391624.8
2023-12-19,002625,13.76,13.85,13.63,13.72,10413050.0,144251298.0,24383480489.2
2023-12-20,002625,13.75,13.81,13.54,13.57,9901300.0,136728685.0,24116897247.7
2023-12-21,002625,13.47,13.69,13.39,13.61,11513570.0,157522142.0,24187986112.1
2023-12-22,002625,13.58,14.42,13.57,14.18,29789166.0,422303038.0,25201002429.8
2023-12-25,002625,14.3,14.49,14.13,14.23,18990480.0,273628767.0,25289863510.3
2023-12-26,002625,14.16,14.81,14.0,14.53,26175596.0,380187221.0,25823029993.3
2023-12-27,002625,14.51,14.56,14.32,14.46,17242554.0,251179876.0,25698624480.600002
2023-12-28,002625,14.48,14.67,14.42,14.53,18814180.0,276199063.0,25823029993.3
2023-12-29,002625,14.54,14.73,14.5,14.64,17598608.0,259899449.0,26018524370.4
2024-01-02,002625,14.6,14.86,14.52,14.59,18901031.0,280378158.0,25929663289.9
2024-01-03,002625,14.42,14.71,14.35,14.47,13985612.0,204445282.0,25716396696.7
2024-01-04,002625,14.44,14.51,14.13,14.24,12760569.0,183705260.0,25307635726.4
2024-01-05,002625,14.23,14.3,13.83,13.89,13174822.0,186338585.0,24685608162.9
2024-01-08,002625,13.89,13.97,13.51,13.52,13091973.0,180592135.0,24028036167.2
2024-01-09,002625,13.6,13.78,13.49,13.64,11914961.0,163989395.0,24241302760.4
2024-01-10,002625,13.64,13.83,13.39,13.63,10740632.0,147736888.0,24223530544.300003
2024-01-11,002625,13.63,13.91,13.58,13.84,12206769.0,169397558.0,24596747082.4
2024-01-12,002625,13.82,13.94,13.74,13.85,10512672.0,146852551.0,24614519298.5
2024-01-15,002625,13.78,13.78,13.54,13.56,9507617.0,130979826.0,24099125031.600002
2024-01-16,002625,13.52,13.63,13.22,13.38,11256140.0,152203478.0,23779225141.800003
2024-01-17,002625,13.45,13.45,12.96,12.96,10713773.0,142399160.0,23032792065.600002
2024-01-18,002625,12.85,12.92,12.33,12.76,19127047.0,242559985.0,22677347743.6
2024-01-19,002625,12.71,12.78,12.45,12.51,10788933.0,137361339.0,22233042341.1
2024-01-22,002625,12.53,12.54,11.78,11.79,16255284.0,198902469.0,20953442781.899998
2024-01-23,002625,11.83,12.81,11.78,12.71,24502016.0,307661891.0,22588486663.100002
2024-01-24,002625,12.71,12.8,12.18,12.65,16006377.0,201945137.0,22481853366.5
2024-01-25,002625,12.62,12.93,12.52,12.84,16455758.0,212188783.0,22819525472.4
2024-01-26,002625,12.83,12.83,12.58,12.66,11461072.0,147037128.0,22499625582.6
2024-01-29,002625,12.76,12.9,12.34,12.35,14022913.0,178564614.0,21948686883.5
2024-01-30,002625,12.24,12.54,12.16,12.16,11859034.0,147582011.0,21611014777.6
2024-01-31,002625,12.23,12.24,11.69,11.81,15206516.0,183563045.0,20988987214.100002
2024-02-01,002625,11.67,12.02,11.5,11.67,14655564.0,173673101.0,20740176188.7
2024-02-02,002625,11.69,11.89,10.76,11.07,22482482.0,255821879.0,19673843222.7
2024-02-05,002625,10.96,11.06,10.05,10.31,31806358.0,337459424.0,18323154799.100002
2024-02-06,002625,10.27,11.34,10.11,11.34,22913423.0,254827375.0,20153693057.4
2024-02-07,002625,11.82,12.48,11.57,12.48,22897191.0,283540224.0,22179725692.8
2024-02-08,002625,13.3,13.73,13.11,13.73,22821465.0,313767274.0,24401252705.3
2024-02-19,002625,14.86,14.86,13.82,14.22,81405622.0,1171959578.0,25272091294.2
2024-02-20,002625,13.87,14.36,13.53,13.69,39273915.0,546248802.0,24330163840.899998
2024-02-21,002625,13.57,13.99,13.53,13.6,28870634.0,400568894.0,24170213896.0
2024-02-22,002625,13.49,13.95,13.49,13.77,22307315.0,309399945.0,24472341569.7
2024-02-23,002625,13.86,13.91,13.65,13.77,20495351.0,284556325.0,24472341569.7
2024-02-26,002625,13.77,14.07,13.77,13.91,25090283.0,352465538.0,24721152595.1
2024-02-27,002625,13.97,14.31,13.83,14.26,29325191.0,418067663.0,25343180158.6
2024-02-28,002625,14.2,14.52,13.71,13.77,34270478.0,491538399.0,24472341569.7
2024-02-29,002625,13.68,14.69,13.64,14.69,34224392.0,492682559.0,26107385450.899998
2024-03-01,002625,14.59,15.19,14.54,15.13,43822127.0,662110923.0,26889362959.300003
2024-03-04,002625,15.13,15.41,14.91,15.01,29325565.0,446819870.0,26676096366.1
2024-03-05,002625,14.92,15.18,14.69,14.81,24987308.0,376410946.0,26320652044.100002
2024-03-06,002625,14.79,15.11,14.51,14.85,21335913.0,317851068.0,26391740908.5
2024-03-07,002625,14.87,14.93,14.24,14.27,23567630.0,345640067.0,25360952374.7
2024-03-08,002625,14.37,14.57,14.3,14.47,16747424.0,243787586.0,25716396696.7
2024-03-11,002625,14.39,14.76,14.37,14.73,22766644.0,335142921.0,26178474315.3
2024-03-12,002625,14.76,14.92,14.56,14.73,14883580.0,221325744.0,26178474315.3
2024-03-13,002625,14.83,14.87,14.58,14.7,14202097.0,211119462.0,26125157667.0
2024-03-14,002625,14.67,14.68,14.27,14.38,17016452.0,248369574.0,25556446751.800003
2024-03-15,002625,14.39,14.62,14.28,14.62,16288740.0,237567283.0,25982979938.199997
2024-03-18,002625,15.85,16.09,15.43,15.63,75538665.0,1204677711.0,27777973764.300003
2024-03-19,002625,15.52,15.72,15.38,15.4,39013841.0,610653498.0,27369212794.0
2024-03-20,002625,15.53,16.25,15.47,16.24,60781954.0,974288777.0,28862078946.399998
2024-03-21,002625,16.24,16.68,15.93,16.01,49799067.0,816310206.0,28453317976.100002
2024-03-22,002625,16.19,17.38,15.97,17.19,83887227.0,1421068786.0,30550439475.9
2024-03-25,002625,17.14,17.71,16.54,17.19,65353415.0,1126167036.0,30550439475.9
2024-03-26,002625,16.95,18.32,16.76,18.05,74227034.0,1317196367.0,32078850060.5
2024-03-27,002625,17.85,19.61,17.7,18.72,106800322.0,2018166712.0,33269588539.199997
2024-03-28,002625,18.83,20.6,18.39,20.09,149869990.0,2954898241.0,35704382144.9
2024-03-29,002625,20.8,22.1,20.6,22.1,87358037.0,1918856725.0,39276597581.0
2024-04-01,002625,23.96,24.31,21.91,22.68,224771646.0,5220546689.0,40307386114.8
2024-04-02,002625,22.22,22.44,20.41,20.41,171539268.0,3702005076.0,36273093060.1
2024-04-03,002625,19.39,20.76,19.28,19.43,128527083.0,2564220793.0,34531415882.3
2024-04-08,002625,19.22,19.76,18.49,18.58,97612261.0,1866370347.0,33020777513.799995
2024-04-09,002625,18.8,19.03,18.31,18.52,68688070.0,1294211918.0,32914144217.2
2024-04-10,002625,18.33,18.87,17.88,18.59,95511708.0,1772371663.0,33038549729.9
2024-04-11,002625,18.25,18.81,18.11,18.2,64446298.0,1195449072.0,32345433302.0
2024-04-12,002625,18.13,18.92,18.13,18.44,73913944.0,1388506904.0,32771966488.4
2024-04-15,002625,18.57,19.2,18.43,18.79,74545752.0,1415674305.0,33393994051.899998
2024-04-16,002625,18.49,18.49,17.03,17.03,111443861.0,1974391493.0,30266084018.300003
2024-04-17,002625,17.48,18.07,17.47,18.02,64343837.0,1156121432.0,32025533412.2
2024-04-18,002625,18.03,18.78,17.88,18.27,74649886.0,1385547521.0,32469838814.7
2024-04-19,002625,18.1,19.04,18.1,19.02,97733239.0,1841603616.0,33802755022.2
2024-04-22,002625,19.0,19.0,17.87,17.9,77041011.0,1419146349.0,31812266818.999996
2024-04-23,002625,17.83,18.57,17.74,17.75,48077627.0,875270612.0,31545683577.5
2024-04-24,002625,17.73,18.59,17.68,18.57,59528325.0,1098360189.0,33003005297.7
2024-04-25,002625,18.47,18.71,18.06,18.25,47397951.0,877915613.0,32434294382.5
2024-04-26,002625,18.28,19.02,18.23,18.8,72875436.0,1377439533.0,33411766268.0
2024-04-29,002625,18.76,20.69,18.63,20.25,110861768.0,2215382584.0,35988737602.5
2024-04-30,002625,20.09,20.1,19.17,19.43,74105661.0,1458207924.0,34531415882.3
2024-05-06,002625,19.88,21.12,19.69,20.59,79125712.0,1632485987.0,36592992949.9
2024-05-07,002625,20.41,20.91,20.36,20.55,56008333.0,1166207129.0,36521904085.5
2024-05-08,002625,20.39,20.45,19.53,19.57,59385930.0,1186390973.0,34780226907.7
2024-05-09,002625,19.8,20.01,19.48,19.71,39876309.0,794685839.0,35029037933.1
2024-05-10,002625,19.73,19.8,19.14,19.28,38362465.0,749668533.0,34264832640.800003
2024-05-13,002625,19.12,19.17,18.53,18.79,37605993.0,714731015.0,33393994051.899998
2024-05-14,002625,18.82,18.97,18.51,18.68,28726928.0,541045922.0,33198499674.8
2024-05-15,002625,18.68,18.79,18.4,18.63,22128989.0,416356314.0,33109638594.3
2024-05-16,002625,18.67,18.95,18.48,18.51,28601642.0,538973317.0,32896372001.100002
2024-05-17,002625,18.43,19.01,18.27,18.9,43653684.0,825496320.0,33589488428.999996
2024-05-20,002625,18.92,19.08,18.53,18.7,31333198.0,592091155.0,33234044107.0
2024-05-21,002625,18.57,18.62,18.3,18.45,24398719.0,453590611.0,32789738704.5
2024-05-22,002625,18.51,18.65,18.22,18.53,25817800.0,480325174.0,32931916433.300003
2024-05-23,002625,18.63,18.97,18.29,18.75,42582716.0,800971692.0,33322905187.5
2024-05-24,002625,18.72,18.72,17.95,17.99,36419657.0,669349310.0,31972216763.899998
2024-05-27,002625,18.11,18.79,18.11,18.39,28704740.0,533268549.0,32683105407.9
2024-05-28,002625,18.26,18.4,17.89,17.92,23036000.0,421184514.0,31847811251.200005
2024-05-29,002625,17.86,18.05,17.74,17.87,21011108.0,379550445.0,31758950170.7
2024-05-30,002625,17.78,18.04,17.59,17.81,20109353.0,362660364.0,31652316874.1
2024-05-31,002625,17.81,18.16,17.81,18.06,22812134.0,415032458.0,32096622276.6
2024-06-03,002625,18.06,18.1,17.58,17.82,22997658.0,414394343.0,31670089090.2
2024-06-04,002625,17.76,18.13,17.65,18.11,21416559.0,388468890.0,32185483357.1
2024-06-05,002625,18.06,18.34,17.93,17.93,22472745.0,411858924.0,31865583467.3
2024-06-06,002625,17.98,18.03,17.41,17.41,30610164.0,544401555.0,30941428230.1
2024-06-07,002625,17.54,17.76,17.2,17.38,17944297.0,316122249.0,30888111581.8
2024-06-11,002625,17.29,17.71,17.07,17.64,18649670.0,328368282.0,31350189200.4
2024-06-12,002625,17.62,18.2,17.57,18.06,21071761.0,382815709.0,32096622276.6
2024-06-13,002625,18.13,18.39,18.01,18.2,19060983.0,349981839.0,32345433302.0
2024-06-14,002625,18.12,18.17,17.88,18.01,17693996.0,321537202.0,32007761196.100002
2024-06-17,002625,17.98,18.42,17.93,18.18,17609359.0,323511095.0,32309888869.8
2024-06-18,002625,18.14,18.64,18.08,18.48,28660583.0,533882420.0,32843055352.8
2024-06-19,002625,18.48,18.48,18.08,18.13,21415369.0,393812114.0,32221027789.3
2024-06-20,002625,18.06,18.22,17.6,17.62,23673950.0,426375412.0,31314644768.2
2024-06-21,002625,17.59,17.79,17.52,17.58,15352770.0,273726187.0,31243555903.799995
2024-06-24,002625,17.4,17.68,17.04,17.06,23223652.0,405518547.0,30319400666.6
2024-06-25,002625,17.01,17.33,16.62,16.8,21045070.0,360276858.0,29857323048.0
2024-06-26,002625,16.8,17.33,16.62,17.32,17539760.0,301003670.0,30781478285.2
2024-06-27,002625,17.24,17.28,16.85,16.93,13876524.0,238932264.0,30088361857.3
2024-06-28,002625,17.0,17.39,16.94,17.19,19790360.0,344684326.0,30550439475.9
2024-07-01,002625,17.24,17.27,16.95,17.19,12559980.0,216740481.0,30550439475.9
2024-07-02,002625,17.23,17.25,16.76,16.88,14945617.0,255627207.0,29999500776.8
2024-07-03,002625,16.75,16.87,16.57,16.63,12769100.0,214818955.0,29555195374.3
2024-07-04,002625,16.61,16.87,16.45,16.45,13986817.0,235225803.0,29235295484.5
2024-07-05,002625,16.42,16.76,16.15,16.72,15809124.0,263390744.0,29715145319.199997
2024-07-08,002625,16.87,16.89,16.46,16.55,12600913.0,211865470.0,29413017645.5
2024-07-09,002625,16.47,17.1,16.46,17.06,20482998.0,348045063.0,30319400666.6
2024-07-10,002625,17.02,17.22,16.95,17.05,12970506.0,223625757.0,30301628450.5
2024-07-11,002625,17.37,17.42,17.09,17.25,15961203.0,278170068.0,30657072772.5
2024-07-12,002625,17.22,17.43,17.01,17.34,14873158.0,258727768.0,30817022717.4
2024-07-15,002625,17.24,17.31,16.85,16.89,13460715.0,231514462.0,30017272992.9
2024-07-16,002625,16.77,17.06,16.72,17.06,12319419.0,210439429.0,30319400666.6
2024-07-17,002625,17.05,17.08,16.75,16.76,12794022.0,217335625.0,29786234183.600002
2024-07-18,002625,16.67,17.04,16.3,16.93,20930711.0,352390160.0,30088361857.3
2024-07-19,002625,16.88,17.38,16.78,17.11,19358891.0,335186961.0,30408261747.1
2024-07-22,002625,17.05,17.33,17.01,17.08,13893146.0,240654578.0,30354945098.799995
2024-07-23,002625,17.09,17.13,16.35,16.36,19089500.0,322328203.0,29075345539.6
2024-07-24,002625,16.45,17.23,16.38,16.59,25872239.0,439267515.0,29484106509.9
2024-07-25,002625,16.48,16.77,16.25,16.46,16733920.0,278019082.0,29253067700.600002
2024-07-26,002625,16.48,17.26,16.48,17.12,33043791.0,568178229.0,30426033963.2
2024-07-29,002625,17.19,17.24,16.87,17.1,19680883.0,338604858.0,30390489531.000004
2024-07-30,002625,17.0,17.49,16.64,17.34,30979571.0,534255779.0,30817022717.4
2024-07-31,002625,17.24,17.93,17.16,17.83,36479647.0,647243343.0,31687861306.299995
2024-08-01,002625,17.83,17.93,17.69,17.76,25424687.0,456906018.0,31563455793.600002
2024-08-02,002625,17.54,18.11,17.49,17.54,28537114.0,512558878.0,31172467039.399998
2024-08-05,002625,17.35,17.72,16.63,16.63,33228010.0,573856180.0,29555195374.3
2024-08-06,002625,16.8,17.36,16.79,17.16,26083222.0,450158156.0,30497122827.6
2024-08-07,002625,17.16,17.34,16.99,17.12,15894445.0,275445927.0,30426033963.2
2024-08-08,002625,17.04,17.08,16.5,16.73,22088970.0,372600552.0,29732917535.3
2024-08-09,002625,16.82,17.08,16.7,16.7,11511100.0,195830832.0,29679600887.0
2024-08-12,002625,16.51,16.79,16.32,16.49,13391170.0,222274358.0,29306384348.899998
2024-08-13,002625,16.45,16.61,16.15,16.35,13588660.0,224113534.0,29057573323.500004
2024-08-14,002625,16.34,16.4,16.04,16.07,12675128.0,206710295.0,28559951272.7
2024-08-15,002625,16.03,16.37,16.0,16.14,13289406.0,216872156.0,28684356785.4
2024-08-16,002625,16.18,16.23,15.7,15.77,19147544.0,307376388.0,28026784789.7
2024-08-19,002625,15.7,16.03,15.7,15.83,11225300.0,179892624.0,28133418086.3
2024-08-20,002625,16.06,16.63,15.85,15.89,25710897.0,420232631.0,28240051382.9
2024-08-21,002625,15.81,16.24,15.75,16.1,15951864.0,258667346.0,28613267921.000004
2024-08-22,002625,16.15,16.22,15.7,15.75,13037816.0,208694765.0,27991240357.5
2024-08-23,002625,15.66,15.9,15.51,15.81,10418972.0,165170477.0,28097873654.100002
2024-08-26,002625,15.83,16.05,15.65,15.89,9567547.0,153597591.0,28240051382.9
2024-08-27,002625,15.88,15.89,15.48,15.52,10514750.0,165735051.0,27582479387.2
2024-08-28,002625,16.23,16.29,15.86,15.93,19650440.0,318476247.0,28311140247.3
2024-08-29,002625,15.82,16.45,15.74,16.27,21919950.0,356950990.0,28915395594.7
2024-08-30,002625,16.45,17.52,16.45,17.29,40976730.0,712409143.0,30728161636.899998
2024-09-02,002625,17.21,17.28,16.82,16.82,20334900.0,349179697.0,29892867480.2
2024-09-03,002625,16.83,17.18,16.8,17.07,14748337.0,253257199.0,30337172882.7
2024-09-04,002625,17.03,17.36,16.97,17.14,14955426.0,258999916.0,30461578395.4
2024-09-05,002625,17.12,17.26,17.07,17.12,11021300.0,190881603.0,30426033963.2
2024-09-06,002625,17.19,17.3,16.91,16.96,12479600.0,215496595.0,30141678505.600002
2024-09-09,002625,17.39,17.76,17.28,17.53,32956150.0,583472847.0,31154694823.300003
2024-09-10,002625,17.56,19.07,17.56,18.86,55687624.0,1033613061.0,33518399564.6
2024-09-11,002625,18.82,19.2,18.7,19.06,37207426.0,714175537.0,33873843886.6
2024-09-12,002625,19.05,19.38,18.74,18.75,37840312.0,726946654.0,33322905187.5
2024-09-13,002625,18.8,19.13,18.62,18.63,22656519.0,430343313.0,33109638594.3
2024-09-18,002625,19.12,20.19,18.92,19.75,53648943.0,1065311317.0,35100126797.5
2024-09-19,002625,19.57,19.64,19.02,19.11,44088051.0,856402441.0,33962704967.1
2024-09-20,002625,18.93,19.27,18.78,18.89,27991720.0,535258013.0,33571716212.9
2024-09-23,002625,18.98,19.17,18.82,18.92,18977296.0,363813425.0,33625032861.200005
2024-09-24,002625,19.01,19.56,18.87,19.44,36319652.0,706614223.0,34549188098.4
2024-09-25,002625,19.48,20.45,19.48,20.19,49811582.0,1008580490.0,35882104305.9
2024-09-26,002625,20.19,21.25,20.11,21.25,49357623.0,1031625803.0,37765959212.5
2024-09-27,002625,21.7,22.79,21.41,22.5,60962041.0,1352223977.0,39987486225.0
2024-09-30,002625,23.68,24.75,23.68,24.75,56837228.0,1399385289.0,43986234847.5
2024-10-08,002625,27.22,27.22,27.22,27.22,8598526.0,236287494.0,48375972224.2
2024-10-09,002625,28.73,29.95,27.67,27.77,226173928.0,6718417900.0,49353444109.7
2024-10-10,002625,26.55,28.23,25.11,26.43,153964765.0,4128939165.0,46971967152.3
2024-10-11,002625,26.45,27.64,25.42,26.65,89986102.0,2408140444.0,47362955906.5
2024-10-14,002625,27.87,28.21,26.49,27.81,98598971.0,2721050679.0,49424532974.1
2024-10-15,002625,27.64,30.59,27.39,30.22,162727755.0,4927202117.0,53707637054.2
2024-10-16,002625,30.22,30.88,27.54,28.38,159313569.0,4636285382.0,50437549291.799995
2024-10-17,002625,29.06,31.22,28.48,31.22,109822947.0,3378968687.0,55484858664.2
2024-10-18,002625,32.47,34.21,30.98,33.46,173637713.0,5654917388.0,59465835070.6
2024-10-21,002625,35.79,36.81,35.14,36.81,60585272.0,2200017867.0,65419527464.100006
2024-10-22,002625,38.23,39.64,35.46,36.92,219030429.0,8197135293.0,65615021841.200005
2024-10-23,002625,36.25,40.61,36.19,40.61,117426545.0,4654489435.0,72172969582.1
2024-10-24,002625,39.81,39.81,36.64,38.16,188605639.0,7160072300.0,67818776637.59999
2024-10-25,002625,38.75,41.83,37.71,38.76,157197848.0,6194629273.0,68885109603.59999
2024-10-28,002625,38.92,42.64,38.92,42.54,172792265.0,7108168402.0,75603007289.4
2024-10-29,002625,40.89,43.25,40.45,40.83,144406787.0,5992612778.0,72563958336.3
2024-10-30,002625,40.45,42.1,39.68,41.05,108571047.0,4454245641.0,72954947090.5
2024-10-31,002625,41.96,44.32,41.33,42.45,135893077.0,5832318480.0,75443057344.5
2024-11-01,002625,42.55,43.66,39.13,39.5,133301936.0,5459787512.0,70200253595.0
2024-11-04,002625,40.31,42.05,39.95,40.64,97051498.0,3995116677.0,72226286230.4
2024-11-05,002625,40.72,44.71,40.72,44.71,135485797.0,5864110172.0,79459578183.1
2024-11-06,002625,46.44,48.16,45.59,47.44,136767418.0,6439977227.0,84311393178.4
2024-11-07,002625,46.67,48.08,44.67,45.52,109099738.0,4983956885.0,80899127687.20001
2024-11-08,002625,45.61,49.84,45.61,48.81,111818263.0,5404887819.0,86746186784.1
2024-11-11,002625,49.99,50.52,47.94,49.39,91649866.0,4521006185.0,87776975317.9
2024-11-12,002625,49.39,50.22,47.31,48.43,79469739.0,3850554654.0,86070842572.3
2024-11-13,002625,48.93,49.04,45.94,47.86,72963983.0,3441685530.0,85057826254.6
2024-11-14,002625,48.46,48.94,45.93,46.19,59808570.0,2823353604.0,82089866165.9
2024-11-15,002625,45.74,45.75,41.58,41.58,125240231.0,5334739337.0,73896874543.8
2024-11-18,002625,40.76,41.3,37.42,37.81,141586870.0,5526863348.0,67196749074.100006
2024-11-19,002625,37.65,39.2,37.33,38.86,95228463.0,3649402008.0,69062831764.6
2024-11-20,002625,38.96,41.34,38.39,40.32,90413454.0,3650426406.0,71657575315.2
2024-11-21,002625,39.84,40.84,39.15,39.91,61318478.0,2463462548.0,70928914455.09999
2024-11-22,002625,40.11,41.28,39.31,39.35,73385650.0,2970518432.0,69933670353.5
2024-11-25,002625,39.75,40.39,38.17,40.0,70819004.0,2796385806.0,71138613400.0
2024-11-26,002625,39.75,40.44,38.36,38.41,54011327.0,2119005871.0,68310853517.34999
2024-11-27,002625,37.85,39.39,37.45,39.19,48756660.0,1882011763.0,69698056478.65
2024-11-28,002625,39.95,41.13,39.35,39.35,53462665.0,2150609314.0,69982610932.25
2024-11-29,002625,39.28,40.82,38.94,40.08,50792338.0,2030881778.0,71280890626.8
2024-12-02,002625,40.24,41.24,40.24,40.6,47099897.0,1919243861.0,72205692601.0
2024-12-03,002625,40.61,40.95,39.75,40.33,37737210.0,1525113120.0,71725506960.55
2024-12-04,002625,39.94,40.26,39.05,39.32,34271355.0,1361322375.0,69929256972.2
2024-12-05,002625,39.15,41.45,39.15,40.75,57184330.0,2323939616.0,72472462401.25
2024-12-06,002625,40.85,42.53,40.8,41.55,58312656.0,2438376566.0,73895234669.25
2024-12-09,002625,41.95,42.55,40.83,41.44,39143722.0,1628797886.0,73699603482.4
2024-12-10,002625,42.95,42.95,41.28,41.47,45506045.0,1916948589.0,73752957442.45
2024-12-11,002625,41.05,41.7,40.78,41.38,25112165.0,1037730000.0,73592895562.3
2024-12-12,002625,41.54,42.95,40.84,42.68,54189248.0,2274482130.0,75904900497.8
2024-12-13,002625,42.25,43.23,41.1,41.15,47767954.0,2012159649.0,73184311143.55
2024-12-16,002625,41.05,42.6,41.05,41.62,39914257.0,1674677683.0,74020195134.73999
2024-12-17,002625,41.65,41.65,40.13,40.35,35446611.0,1443898900.0,71761529881.95
2024-12-18,002625,40.87,40.88,39.75,40.25,28622080.0,1151423281.0,71583682224.25
2024-12-19,002625,39.57,42.0,39.37,41.65,53123917.0,2194656619.0,74073549432.05
2024-12-20,002625,41.96,45.65,41.57,43.93,76833989.0,3406192019.0,78128476027.61
2024-12-23,002625,44.24,45.54,43.55,43.91,52589814.0,2340935580.0,78092906496.06999
2024-12-24,002625,43.61,44.43,43.11,44.07,32740225.0,1434998206.0,78377462748.39
2024-12-25,002625,44.59,44.83,43.54,44.1,32606778.0,1437358645.0,78430817045.7
2024-12-26,002625,44.25,45.82,44.13,45.15,46433360.0,2097530050.0,80298217451.55
2024-12-27,002625,46.6,49.22,46.6,47.99,79722836.0,3817750454.0,85349090930.23001
2024-12-30,002625,48.12,48.42,46.82,48.08,45164477.0,2161538321.0,85509153822.16
2024-12-31,002625,47.93,49.02,47.62,47.74,49641319.0,2394500271.0,84904471785.98001
2025-01-02,002625,47.44,47.73,42.97,42.97,72270722.0,3218578208.0,76421138513.69
2025-01-03,002625,41.65,42.5,40.22,40.41,66222070.0,2730388560.0,71868101688.72
2025-01-06,002625,40.35,41.43,39.29,39.6,41431995.0,1662298196.0,70427538403.2
2025-01-07,002625,39.95,40.79,39.41,40.77,30706011.0,1232465312.0,72508352037.84001
2025-01-08,002625,40.55,42.19,40.25,41.74,44888552.0,1853542480.0,74233471034.08
2025-01-09,002625,41.47,41.83,40.8,41.18,31652417.0,1307672189.0,73237526046.56
2025-01-10,002625,40.8,41.54,40.15,40.25,27025410.0,1107753148.0,71583545978.0
2025-01-13,002625,39.33,40.83,38.6,40.4,32437815.0,1291608312.0,71850316956.8
2025-01-14,002625,40.94,41.88,40.32,41.66,38163877.0,1579400558.0,74091193178.72
2025-01-15,002625,41.54,42.43,41.02,41.24,29572403.0,1234779813.0,73344234438.08
2025-01-16,002625,41.47,42.65,41.2,41.64,28627720.0,1199027611.0,74055623714.88
2025-01-17,002625,41.46,42.09,40.96,41.54,24322622.0,1010930863.0,73877776395.68
2025-01-20,002625,42.35,45.15,41.95,44.2,55286569.0,2426232370.0,78608515086.40001
2025-01-21,002625,44.5,44.72,43.48,44.29,31430227.0,1386365938.0,78768577673.68
2025-01-22,002625,44.15,44.42,43.44,43.66,24654126.0,1080985449.0,77648139562.72
2025-01-23,002625,44.55,45.01,39.39,40.55,85353726.0,3563994481.0,72117087935.59999
2025-01-24,002625,40.39,41.59,40.21,41.02,39056475.0,1599347224.0,72952970335.84001
2025-01-27,002625,40.95,41.74,40.6,40.6,25589532.0,1051749566.0,72206011595.2
2025-02-05,002625,40.45,41.61,40.2,40.94,29301730.0,1204727401.0,72810692480.48
2025-02-06,002625,42.15,43.58,40.83,43.18,49460530.0,2106079879.0,76794472430.56
2025-02-07,002625,42.88,44.2,42.37,43.14,45286123.0,1966167804.0,76669032882.9
2025-02-10,002625,43.0,43.55,42.75,42.89,27373432.0,1180271146.0,76224729261.65
2025-02-11,002625,42.81,42.81,41.31,41.98,30011005.0,1260425542.0,74607464080.29999
2025-02-12,002625,41.84,42.37,41.74,42.34,21179380.0,891976732.0,75247261294.90001
2025-02-13,002625,42.22,42.85,40.83,40.84,36786147.0,1526127721.0,72581439567.40001
2025-02-14,002625,40.45,41.07,40.05,41.02,26238391.0,1067096705.0,72901338174.70001
2025-02-17,002625,40.71,42.37,40.49,41.83,34680736.0,1436736212.0,74340881907.55
2025-02-18,002625,41.83,41.9,40.22,40.35,28991766.0,1186809333.0,71710604469.75
2025-02-19,002625,39.85,41.23,39.76,41.01,23972605.0,977797254.0,72883566029.84999
2025-02-20,002625,40.95,41.31,40.63,40.95,20368549.0,835239828.0,72776933160.75
2025-02-21,002625,40.95,43.93,40.95,43.15,63145649.0,2726422101.0,76686805027.75
2025-02-24,002625,44.28,45.2,43.3,43.77,51337407.0,2274697986.0,77788678008.45001
2025-02-25,002625,43.07,44.95,43.0,43.87,38212106.0,1683461107.0,77966399456.95
2025-02-26,002625,43.87,44.15,43.05,43.35,28887698.0,1257835117.0,77042247924.75
2025-02-27,002625,43.44,43.52,41.53,42.23,33915625.0,1438460332.0,75051767701.54999
2025-02-28,002625,41.96,42.22,40.75,40.87,28883250.0,1195759120.0,72634756001.95
2025-03-03,002625,40.9,41.59,40.33,40.5,28465375.0,1163868792.0,71977186642.5
2025-03-04,002625,40.36,41.49,40.35,41.13,23211446.0,953880256.0,73096831768.05
2025-03-05,002625,40.98,41.45,40.61,41.22,19139090.0,784677909.0,73256781071.7
2025-03-06,002625,41.5,41.8,41.2,41.46,24890665.0,1034982810.0,73683312548.1
2025-03-07,002625,41.23,42.7,40.71,41.38,37668332.0,1574475463.0,73541135389.3
2025-03-10,002625,41.55,42.79,41.51,41.9,25318510.0,1062358484.0,74465286921.5
2025-03-11,002625,41.26,41.52,40.81,41.38,23263114.0,957103804.0,73541135389.3
2025-03-12,002625,41.34,42.04,40.87,41.58,25517730.0,1059095815.0,73896578286.3
2025-03-13,002625,41.65,41.65,40.49,40.89,23463514.0,959353550.0,72670300291.65
2025-03-14,002625,40.55,41.45,40.45,41.34,23561144.0,969233210.0,73470046809.90001
2025-03-17,002625,41.25,41.35,40.86,40.9,18261797.0,749820644.0,72688072436.5
2025-03-18,002625,40.9,43.23,40.9,42.74,50858451.0,2163463656.0,75958147088.90001
2025-03-19,002625,42.73,42.74,41.21,41.4,28809390.0,1204083630.0,73576679679.0
2025-03-20,002625,41.28,41.6,40.95,40.99,17905726.0,738528627.0,72848021740.15001
2025-03-21,002625,40.88,41.15,40.6,40.7,19178207.0,783462968.0,72332629539.5
2025-03-24,002625,40.5,40.72,39.79,40.63,23720500.0,955744970.0,72208224525.55
2025-03-25,002625,40.43,40.52,38.75,38.86,27659520.0,1099713337.0,69062554887.1
2025-03-26,002625,38.25,39.4,37.54,38.82,23435705.0,906944554.0,68991466307.7
2025-03-27,002625,39.05,39.63,38.54,39.02,16812254.0,657162324.0,69346909204.70001
2025-03-28,002625,39.02,39.2,38.7,38.71,13102133.0,510716584.0,68795972714.35
2025-03-31,002625,37.95,38.36,36.76,37.76,34685219.0,1300492810.0,67107618953.6
2025-04-01,002625,38.07,38.13,33.99,35.14,73455970.0,2609099428.0,62451317002.9
2025-04-02,002625,35.34,36.06,34.99,35.68,34914365.0,1242567445.0,63411012824.8
2025-04-03,002625,35.52,36.71,35.36,36.55,32184925.0,1168789453.0,64957189426.74999
2025-04-07,002625,35.16,37.11,32.89,33.81,57382590.0,1991895985.0,60087621737.850006
2025-04-08,002625,33.96,35.2,33.62,34.24,38487779.0,1317250269.0,60851823966.4
2025-04-09,002625,33.96,35.82,32.76,35.13,44359554.0,1537075763.0,62433544858.05
2025-04-10,002625,36.06,38.64,35.54,38.64,52936616.0,1984397819.0,83252999677.68001
2025-04-11,002625,38.92,39.85,38.47,39.24,48544774.0,1907052345.0,84545748119.88
2025-04-14,002625,39.65,41.15,39.45,40.46,42382674.0,1722055141.0,87174336619.02
2025-04-15,002625,40.46,40.5,39.83,40.06,23170583.0,929715611.0,86312504324.22
2025-04-16,002625,40.1,40.5,39.69,40.11,24723517.0,991774246.0,86420233361.06999
2025-04-17,002625,39.83,41.09,39.77,40.31,25512147.0,1037437158.0,86851149508.47
2025-04-18,002625,40.31,40.4,39.71,40.14,15248608.0,611216249.0,86484870783.18001
2025-04-21,002625,40.0,41.8,39.99,41.55,27150306.0,1114390985.0,89522829622.34999
2025-04-22,002625,42.25,42.28,40.95,40.97,25788398.0,1072839292.0,88273172794.89
2025-04-23,002625,41.39,41.52,40.84,41.18,17840676.0,735044553.0,88725634749.66
2025-04-24,002625,41.17,42.18,40.8,41.59,28768570.0,1195675772.0,89609012851.83
2025-04-25,002625,39.96,41.71,39.46,41.39,30860290.0,1255531051.0,89178096704.43001
2025-04-28,002625,41.39,42.55,41.03,41.1,16049110.0,665229422.0,88553268290.7
2025-04-29,002625,41.59,41.83,40.55,41.2,21088550.0,871311945.0,88768726364.40001
2025-04-30,002625,41.08,42.45,41.06,42.15,28596456.0,1201786686.0,90815578064.55
2025-05-06,002625,42.54,43.06,42.39,42.7,27022352.0,1156471113.0,92000597469.90001
2025-05-07,002625,43.13,43.84,42.92,43.27,39813211.0,1726880404.0,93228708489.99
2025-05-08,002625,43.35,43.82,42.73,43.15,33938713.0,1468697430.0,92970158801.55
2025-05-09,002625,43.18,43.43,42.57,42.7,22768463.0,977554700.0,92000597469.90001
2025-05-12,002625,42.95,44.23,42.75,42.8,43794463.0,1901313543.0,92216055543.59999
2025-05-13,002625,42.86,42.95,41.78,42.05,29720622.0,1256823220.0,90600119990.84999
2025-05-14,002625,41.95,42.22,41.29,41.9,24254829.0,1012529711.0,90276932880.3
2025-05-15,002625,41.67,42.3,41.05,41.75,18169710.0,756995237.0,89953745769.75
2025-05-16,002625,41.49,42.15,41.25,41.28,17077173.0,712718572.0,88941092823.36
2025-05-19,002625,41.25,41.45,40.37,41.26,16653330.0,683442360.0,88898001208.62
2025-05-20,002625,41.71,41.83,41.06,41.31,13292862.0,551341153.0,89005730245.47
2025-05-21,002625,41.1,41.49,41.0,41.42,11039510.0,456597288.0,89242734126.54001
2025-05-22,002625,41.33,41.81,41.22,41.63,13217388.0,550087165.0,89695196081.31001
2025-05-23,002625,41.95,42.68,41.36,41.96,28183340.0,1190557981.0,90406207724.52
2025-05-26,002625,42.15,43.02,41.89,42.36,21542836.0,916108971.0,91268040019.31999
2025-05-27,002625,42.44,42.68,41.65,41.89,15482287.0,651308178.0,90255387072.93001
2025-05-28,002625,41.85,42.2,41.65,41.88,11582660.0,485963162.0,90233841265.56001
2025-05-29,002625,41.89,45.61,41.66,44.89,60428288.0,2687892802.0,96719129283.93001
2025-05-30,002625,44.8,45.02,43.18,44.31,37676644.0,1661544662.0,95469472456.47
2025-06-03,002625,41.75,41.94,39.87,39.87,85262816.0,3437711367.0,85903133984.18999
2025-06-04,002625,39.59,40.22,39.29,39.94,35259089.0,1401452028.0,86053954635.78
2025-06-05,002625,39.9,39.95,39.36,39.69,22284206.0,883775039.0,85515309451.53
2025-06-06,002625,39.73,40.11,39.65,39.73,16113163.0,642886130.0,85601492681.01
2025-06-09,002625,39.75,40.68,39.75,40.02,22250543.0,896657299.0,86226321094.74
2025-06-10,002625,40.05,40.23,38.89,39.53,22224493.0,880516499.0,85170576533.61
2025-06-11,002625,39.46,39.8,39.31,39.33,16701718.0,660852473.0,84739660386.20999
2025-06-12,002625,39.04,39.21,38.48,38.56,25519213.0,989018051.0,83080633218.72
2025-06-13,002625,38.47,39.1,38.15,38.71,36580832.0,1418381996.0,83403820329.27
2025-06-16,002625,39.0,39.31,37.79,37.98,29026667.0,1107499323.0,81830976391.26
2025-06-17,002625,37.98,38.41,37.83,37.94,16070142.0,612301815.0,81744793161.78
2025-06-18,002625,37.95,38.7,37.9,38.35,19689482.0,756405203.0,82628171263.95
2025-06-19,002625,38.39,38.82,37.82,37.88,18197787.0,697842443.0,81615518317.56001
2025-06-20,002625,37.88,37.99,37.13,37.53,18331501.0,688603088.0,80861415059.61
2025-06-23,002625,37.25,38.05,37.17,38.03,15135942.0,571616175.0,81938705428.11
2025-06-24,002625,38.2,38.9,38.2,38.65,20617565.0,797090221.0,83274545485.05
2025-06-25,002625,38.63,38.91,38.3,38.72,20582944.0,796693475.0,83425366136.64
2025-06-26,002625,38.74,39.04,38.3,38.33,20575173.0,797048814.0,82585079649.20999
2025-06-27,002625,38.31,38.93,38.15,38.4,18712572.0,722354300.0,82735900300.8
2025-06-30,002625,38.41,40.08,38.41,39.93,38822976.0,1539762290.0,86032408828.41
2025-07-01,002625,39.95,40.02,39.19,39.36,20179163.0,796616567.0,84804297808.31999
2025-07-02,002625,39.37,39.37,38.61,38.73,17239385.0,670161962.0,83446911944.01
2025-07-03,002625,38.85,40.0,38.85,39.92,26962188.0,1066137084.0,86010863021.04001
2025-07-04,002625,39.75,39.76,39.18,39.21,17883961.0,705007781.0,84481110697.77
2025-07-07,002625,39.05,39.8,38.67,39.23,12271344.0,482807372.0,84524202312.51
2025-07-08,002625,39.23,40.05,39.23,39.95,25437473.0,1015580468.0,86075500443.15001
2025-07-09,002625,40.04,40.13,39.31,39.41,16938576.0,672533943.0,84912026845.17
2025-07-10,002625,39.25,39.44,39.01,39.31,11432570.0,449149760.0,84696568771.47
2025-07-11,002625,39.44,40.08,39.35,39.62,21768402.0,868275344.0,85364488799.93999
2025-07-14,002625,39.63,41.39,39.62,40.59,30763434.0,1250387018.0,87454432114.83
2025-07-15,002625,40.5,40.78,40.08,40.13,15647620.0,631610084.0,86463324975.81001
2025-07-16,002625,39.96,40.16,39.4,39.48,17552120.0,697249338.0,85062847496.76
2025-07-17,002625,39.49,39.8,39.16,39.76,15893199.0,629577093.0,85666130103.12
2025-07-18,002625,39.68,39.91,38.99,39.31,19793712.0,779546947.0,84696568771.47
2025-07-21,002625,38.95,39.91,38.95,39.66,18797668.0,740811820.0,85450672029.42
2025-07-22,002625,39.7,39.72,38.75,38.88,25478566.0,997168877.0,83770099054.56001
2025-07-23,002625,38.78,39.25,38.7,38.83,14028713.0,547027019.0,83662370017.70999
2025-07-24,002625,38.72,39.55,38.59,39.27,18124578.0,710095692.0,84610385541.99
2025-07-25,002625,39.19,39.98,39.15,39.74,24388374.0,968219905.0,85623038488.38
2025-07-28,002625,39.95,41.94,39.86,41.5,58285902.0,2406906567.0,89415100585.5
2025-07-29,002625,41.38,42.14,41.2,41.37,28051592.0,1165730419.0,89135005089.68999
2025-07-30,002625,41.42,41.78,40.53,41.08,27300547.0,1127030999.0,88510176675.95999
2025-07-31,002625,40.96,41.8,40.67,40.81,22145915.0,911784076.0,87928439876.97
2025-08-01,002625,40.78,40.85,39.85,40.25,20957355.0,844747781.0,86721874664.25
2025-08-04,002625,40.2,42.19,40.0,41.57,39266419.0,1629682766.0,89565921237.09
2025-08-05,002625,41.52,41.65,41.02,41.31,18358659.0,759305787.0,89005730245.47
2025-08-06,002625,41.33,42.4,41.33,42.31,36318219.0,1526144522.0,91160310982.47
2025-08-07,002625,42.31,43.34,42.0,42.98,37888633.0,1623650352.0,92603880076.26
2025-08-08,002625,42.8,44.21,42.72,43.33,34139117.0,1482257719.0,93357983334.20999
2025-08-11,002625,43.12,45.43,43.12,44.6,40159359.0,1796938851.0,96094300870.2
2025-08-12,002625,44.63,44.64,43.45,43.56,31344005.0,1374103000.0,93853536903.72
2025-08-13,002625,43.56,44.13,43.14,43.25,30835651.0,1344854468.0,93185616875.25
2025-08-14,002625,43.26,43.64,42.35,42.71,29165432.0,1254856658.0,92022143277.27
2025-08-15,002625,42.97,45.39,42.97,44.89,47974996.0,2146092212.0,96719129283.93001
2025-08-18,002625,45.94,48.5,45.93,48.08,63961532.0,3042847612.0,103592241834.95999
2025-08-19,002625,46.63,46.74,44.09,44.98,80623146.0,3639749810.0,96913041550.26
2025-08-20,002625,44.8,49.47,44.69,49.47,88621628.0,4246312060.0,106587109059.39
2025-08-21,002625,49.74,49.74,47.78,48.14,66058570.0,3226384495.0,103721516679.18001
2025-08-22,002625,48.43,49.8,47.83,49.09,48901789.0,2381618397.0,105768368379.33
2025-08-25,002625,49.75,51.94,49.74,51.62,63515793.0,3242188544.0,111219457643.93999
2025-08-26,002625,51.66,53.9,50.74,52.93,60070264.0,3169199577.0,114041958409.41
2025-08-27,002625,52.74,57.42,52.45,54.97,80770094.0,4513586823.0,118437303112.89
2025-08-28,002625,55.73,56.31,53.57,55.1,63719838.0,3496951724.0,118717398608.7
2025-08-29,002625,55.12,55.48,53.65,54.27,57310922.0,3130388501.0,116929096596.99
2025-09-01,002625,54.13,54.13,52.16,52.94,54433866.0,2878885886.0,114063504216.78
2025-09-02,002625,54.18,54.18,50.72,51.78,57434086.0,2993359308.0,111564190561.86
2025-09-03,002625,51.96,52.08,48.45,48.66,60995717.0,3039982399.0,104841898662.42
2025-09-04,002625,48.62,49.01,44.65,45.64,70253411.0,3277274204.0,98335064836.68001
2025-09-05,002625,45.95,47.18,45.45,46.61,46731133.0,2159691239.0,100425008151.56999
2025-09-08,002625,49.43,49.68,47.74,47.9,61233014.0,2981053024.0,103204417302.3
2025-09-09,002625,47.47,47.64,45.3,45.33,50759873.0,2339181104.0,97667144808.20999
2025-09-10,002625,44.36,46.13,44.35,45.71,35824435.0,1630855356.0,98485885488.27
2025-09-11,002625,46.14,47.7,45.75,47.18,38937065.0,1824111691.0,101653119171.66
2025-09-12,002625,47.26,47.55,46.62,46.76,34909511.0,1645801634.0,100748195262.12
2025-09-15,002625,46.31,47.41,46.03,46.52,30199460.0,1407890520.0,100231095885.24
2025-09-16,002625,46.43,47.21,46.04,46.83,29403956.0,1372932305.0,100899015913.70999
2025-09-17,002625,47.33,49.0,46.94,48.7,51382540.0,2486785570.0,104928081891.90001
2025-09-18,002625,48.74,49.88,47.39,48.0,56031479.0,2740973135.0,103419875376.0
2025-09-19,002625,47.45,48.07,46.44,46.47,39404455.0,1859362219.0,100123366848.39
2025-09-22,002625,46.64,47.09,46.24,47.05,26400876.0,1234309553.0,101373023675.84999
2025-09-23,002625,47.12,48.43,46.36,47.83,41154616.0,1955739883.0,103053596650.70999
2025-09-24,002625,47.93,49.57,47.35,48.95,44038500.0,2155930066.0,105466727076.15001
2025-09-25,002625,49.04,50.44,48.74,49.69,40494510.0,2010891242.0,107061116821.53
2025-09-26,002625,49.04,49.05,47.94,48.18,37166897.0,1802571301.0,103807699908.66
2025-09-29,002625,48.94,49.81,48.46,49.61,38731789.0,1908260608.0,106888750362.56999
2025-09-30,002625,49.76,50.93,49.54,50.14,40685933.0,2047107822.0,108030678153.18001
2025-10-09,002625,50.37,52.0,50.08,50.14,53689068.0,2740284318.0,108030678153.18001
2025-10-10,002625,49.93,50.04,48.59,48.94,39470290.0,1951208313.0,105445181268.78
2025-10-13,002625,47.32,49.81,47.32,49.34,43293318.0,2119896991.0,106307013563.58
2025-10-14,002625,49.84,50.37,48.04,48.69,52035824.0,2561065146.0,104906536084.53
2025-10-15,002625,48.84,49.51,46.84,49.43,41035701.0,1983838290.0,106500925829.91
2025-10-16,002625,49.6,50.12,48.07,48.24,35007108.0,1719310733.0,103936974752.88
2025-10-17,002625,48.28,49.04,46.24,46.24,38023772.0,1796022717.0,99627813278.88
2025-10-20,002625,46.55,47.06,45.52,45.84,29333127.0,1357557376.0,98765980984.08
2025-10-21,002625,45.86,46.74,45.64,46.72,18966855.0,878643941.0,100662012032.64
2025-10-22,002625,47.03,47.25,46.34,46.84,16879018.0,791097145.0,100920561721.08
2025-10-23,002625,45.74,45.75,43.97,44.86,37935700.0,1701733044.0,96654491861.81999
2025-10-24,002625,45.1,46.54,45.06,46.53,27259558.0,1255876124.0,100252641692.61
2025-10-27,002625,46.94,47.27,46.26,46.42,26203106.0,1223853670.0,100015637811.54001
2025-10-28,002625,46.34,46.34,45.49,45.74,25065602.0,1151912995.0,98550522910.38
2025-10-29,002625,45.62,46.09,45.33,45.86,20754150.0,949538735.0,98809072598.81999
2025-10-30,002625,45.87,45.94,45.01,45.12,23614323.0,1073582697.0,97214682853.43999
2025-10-31,002625,45.18,46.54,45.05,45.51,34917764.0,1597394467.0,98054969340.87
2025-11-03,002625,45.52,46.53,45.26,46.53,39439163.0,1819374630.0,100252641692.61
2025-11-04,002625,47.74,48.19,44.85,45.32,46780953.0,2159580360.0,97645599000.84
2025-11-05,002625,44.35,45.15,44.29,44.9,17155018.0,768532188.0,96740675091.3
2025-11-06,002625,44.91,45.23,44.59,44.73,18699994.0,840252212.0,96374396366.01
2025-11-07,002625,44.5,44.65,43.98,44.0,20263589.0,897012155.0,94801552428.0
2025-11-10,002625,43.47,43.63,42.46,42.86,28661055.0,1230866112.0,92345330387.81999
2025-11-11,002625,43.28,43.34,40.75,40.95,47304979.0,1965967742.0,88230081180.15001
2025-11-12,002625,40.76,41.7,40.31,41.41,28290858.0,1158668609.0,89221188319.17
2025-11-13,002625,41.42,42.05,41.29,41.55,20912469.0,871765353.0,89522829622.34999
2025-11-14,002625,41.31,42.45,41.25,41.82,24808471.0,1044950882.0,90104566421.34
2025-11-17,002625,42.21,42.65,41.65,41.8,19757333.0,833703817.0,90061474806.59999
2025-11-18,002625,41.75,42.95,41.45,42.63,25293627.0,1074206868.0,91849776818.31001
2025-11-19,002625,42.63,42.75,41.86,42.48,17397928.0,737970445.0,91526589707.76
2025-11-20,002625,42.45,42.65,41.93,41.95,13967206.0,589196019.0,90384661917.15001
2025-11-21,002625,41.45,42.37,41.15,41.83,21778882.0,914672729.0,90126112228.70999
2025-11-24,002625,41.84,44.03,41.84,43.8,41497812.0,1812508806.0,94370636280.59999
2025-11-25,002625,43.8,44.39,43.44,43.96,24086393.0,1059036316.0,94715369198.52
2025-11-26,002625,43.93,45.14,43.81,44.56,29148177.0,1302975719.0,96008117640.72
2025-11-27,002625,45.53,45.94,44.87,44.89,27425057.0,1245636102.0,96719129283.93001
2025-11-28,002625,44.84,45.29,44.48,45.11,17138247.0,770065897.0,97193137046.06999
2025-12-01,002625,48.23,49.62,47.23,49.62,80689770.0,3971863337.0,106910296169.93999
2025-12-02,002625,50.91,51.42,49.03,49.99,80560543.0,4040196580.0,107707491042.63
2025-12-03,002625,49.69,50.31,49.05,49.11,40802092.0,2029444467.0,105811459994.06999
2025-12-04,002625,49.12,49.32,48.06,48.15,31629248.0,1533892576.0,103743062486.55
2025-12-05,002625,47.99,49.0,47.97,48.64,24807124.0,1207497600.0,104798807047.68001
2025-12-08,002625,50.74,51.09,49.44,50.11,47775760.0,2407459700.0,107966040731.06999
2025-12-09,002625,49.92,50.33,49.32,49.54,26900774.0,1338649638.0,106737929710.98
2025-12-10,002625,49.26,51.22,49.04,50.71,41364306.0,2086012872.0,109258789173.27
2025-12-11,002625,51.24,53.44,50.94,52.55,59406469.0,3130416644.0,113223217729.34999
2025-12-12,002625,52.5,52.99,52.07,52.14,94459787.0,4974498752.0,112339839627.18001
2025-12-15,002625,51.73,53.94,51.44,52.88,48737052.0,2581814789.0,113934229372.56001
2025-12-16,002625,52.73,52.73,50.83,51.42,43382114.0,2241152099.0,110788541496.54001
2025-12-17,002625,51.52,52.62,50.86,52.51,31067222.0,1606910872.0,113137034499.87
2025-12-18,002625,52.13,53.04,51.82,51.82,27697816.0,1455593103.0,111650373791.34
2025-12-19,002625,51.83,52.5,51.59,51.99,21599922.0,1126375046.0,112016652516.63
2025-12-22,002625,51.97,52.18,51.36,51.61,25120096.0,1301109234.0,111197911836.56999
2025-12-23,002625,51.64,52.03,50.83,51.0,26455153.0,1355901485.0,109883617587.0
2025-12-24,002625,50.74,50.99,50.24,50.68,23709347.0,1201169339.0,109194151751.16
2025-12-25,002625,51.09,51.94,50.62,51.65,27395170.0,1408234141.0,111284095066.05
2025-12-26,002625,51.65,52.26,51.14,51.29,21523769.0,1112699336.0,110508446000.73
2025-12-29,002625,51.3,51.4,49.92,50.06,28375060.0,1432406776.0,107858311694.22
2025-12-30,002625,50.04,50.47,49.34,49.41,25144748.0,1252205424.0,106457834215.17
2025-12-31,002625,49.65,49.95,48.61,48.7,24164567.0,1186501369.0,104927966229.40001
2026-01-05,002625,49.22,50.3,49.12,49.19,29893522.0,1485346288.0,105983709626.78
2026-01-06,002625,48.97,49.63,48.77,49.48,29731155.0,1463412343.0,106608537351.76
2026-01-07,002625,50.02,50.33,49.15,49.56,31261388.0,1557090476.0,106780903620.72
2026-01-08,002625,50.1,50.75,49.74,50.31,36442549.0,1835330791.0,108396837392.22
2026-01-09,002625,50.32,55.34,50.22,55.34,75734301.0,4122745279.0,119234366553.08
2026-01-12,002625,57.91,57.91,55.93,57.5,91657781.0,5240119990.0,123888255815.0
2026-01-13,002625,57.49,57.5,53.86,54.13,73810777.0,4082820454.0,116627326735.06001
2026-01-14,002625,54.12,54.67,51.84,52.5,61520491.0,3282942635.0,113115364005.0
2026-01-15,002625,52.13,52.93,51.62,52.01,32457653.0,1694396348.0,112059620607.62
2026-01-16,002625,52.52,52.54,51.14,51.92,33431011.0,1734503490.0,111865708555.04001
2026-01-19,002625,51.6,52.81,51.12,51.99,36726156.0,1908876135.0,112016529040.38
2026-01-20,002625,52.12,52.44,49.17,49.56,53823598.0,2706997313.0,106780903620.72
2026-01-21,002625,49.22,50.41,49.12,49.54,25155184.0,1254524356.0,106737812053.48
2026-01-22,002625,49.52,50.13,49.45,49.8,27393872.0,1364301652.0,107298002427.59999
2026-01-23,002625,49.97,50.62,49.54,50.16,29530226.0,1479208003.0,108073650637.92
2026-01-26,002625,49.98,50.27,48.97,49.3,37103043.0,1838280734.0,106220713246.59999
2026-01-27,002625,49.14,49.94,48.14,49.34,32559744.0,1601009572.0,106306896381.08
2026-01-28,002625,48.96,49.44,47.99,48.18,33134041.0,1608227020.0,103807585481.16
2026-01-29,002625,47.7,48.17,46.94,47.03,30692556.0,1456822681.0,101329820364.86
2026-01-30,002625,46.84,47.94,46.7,47.41,25475662.0,1206310383.0,102148560142.42
2026-02-02,002625,46.95,47.68,46.57,46.7,21423671.0,1012590214.0,100618809505.40001
2026-02-03,002625,47.2,47.78,46.84,47.74,18480272.0,876354973.0,102859571001.88
2026-02-04,002625,46.79,47.04,45.51,46.3,36145376.0,1672612176.0,99756978160.59999
2026-02-05,002625,46.3,46.64,45.8,46.03,16260778.0,752327391.0,99175242002.86
2026-02-06,002625,45.64,46.19,45.24,45.73,18914772.0,866455101.0,98528868494.26
2026-02-09,002625,46.4,46.94,46.2,46.71,19507866.0,911571436.0,100640355289.02
2026-02-10,002625,46.75,47.36,46.5,46.95,17116060.0,805510985.0,101157454095.90001
2026-02-11,002625,46.97,47.54,46.72,46.82,14655725.0,689752721.0,100877358908.84
2026-02-12,002625,46.74,47.21,46.52,47.08,16829720.0,790312122.0,101437549282.95999
2026-02-13,002625,47.08,47.42,46.74,46.75,15172944.0,714790971.0,100726538423.5
2026-02-24,002625,47.13,48.18,47.13,48.15,23792003.0,1139416421.0,103742948130.3
2026-02-25,002625,48.15,48.98,47.95,48.71,22001141.0,1069468622.0,104949512013.02
2026-02-26,002625,48.73,48.78,48.16,48.22,18429331.0,892336803.0,103893768615.64
2026-02-27,002625,48.16,48.2,47.59,47.85,17892755.0,856752784.0,103096574621.7
2026-03-02,002625,48.24,49.62,48.04,48.56,36711741.0,1793534328.0,104626325258.72
2026-03-03,002625,48.34,48.42,45.5,45.5,37886381.0,1770331326.0,98033315471.0
2026-03-04,002625,45.27,45.87,44.95,45.23,23089310.0,1050624831.0,97451579313.26
2026-03-05,002625,45.92,46.19,45.48,45.88,19397567.0,889763656.0,98852055248.56001
2026-03-06,002625,45.64,46.24,45.23,45.9,16185603.0,742583023.0,98895146815.8
2026-03-09,002625,45.14,45.15,43.7,44.87,26310247.0,1167304781.0,96675931102.93999
2026-03-10,002625,45.4,45.69,44.97,45.34,13226545.0,600327040.0,97688582933.08
2026-03-11,002625,45.34,45.55,44.63,44.65,17394741.0,782489216.0,96201923863.3
2026-03-12,002625,44.53,44.53,43.01,43.48,26824268.0,1171602028.0,93681067179.76
2026-03-13,002625,43.24,43.95,43.15,43.31,15621586.0,681392096.0,93314788858.22
2026-03-16,002625,43.2,43.2,41.73,42.55,21422042.0,905542424.0,91677309303.09999
2026-03-17,002625,42.67,43.19,42.01,42.02,16139371.0,688558000.0,90535382771.24
2026-03-18,002625,42.04,42.92,41.77,42.83,20232731.0,858821801.0,92280591244.45999
2026-03-19,002625,42.05,42.72,41.9,42.02,15635799.0,661051069.0,90535382771.24
2026-03-20,002625,41.99,42.17,40.68,40.7,22288942.0,919272993.0,87691339333.40001
2026-03-23,002625,39.35,39.71,37.85,38.02,39086823.0,1515660551.0,81917069323.24
2026-03-24,002625,38.95,39.15,38.33,39.12,22079048.0,855005662.0,84287105521.43999
2026-03-25,002625,39.26,40.25,39.16,40.03,19050802.0,760886650.0,86247771830.86
2026-03-26,002625,40.2,40.2,38.52,38.7,18906328.0,740238912.0,83382182609.40001
2026-03-27,002625,38.33,39.2,38.2,39.02,12735037.0,494702716.0,84071647685.24
2026-03-30,002625,38.45,39.25,38.43,39.07,12611366.0,491289790.0,84179376603.34
2026-03-31,002625,38.95,39.54,38.3,38.33,14945977.0,582391229.0,82584988615.45999
2026-04-01,002625,38.96,39.51,38.55,38.97,13155626.0,512613073.0,83963918767.14
2026-04-02,002625,38.94,38.95,37.65,37.74,18067344.0,690735165.0,81313787381.88
2026-04-03,002625,37.75,38.12,37.57,37.61,13074094.0,495047222.0,81033692194.81999
2026-04-07,002625,37.59,37.84,37.08,37.31,11287467.0,423082351.0,80387318686.22
2026-04-08,002625,38.15,39.22,38.15,39.12,23823402.0,926779831.0,84287105521.43999
2026-04-09,002625,38.65,38.73,37.88,38.09,19784013.0,755440486.0,82067889808.58
2026-04-10,002625,38.25,39.65,38.25,38.9,21357027.0,835945053.0,83813098281.8
2026-04-13,002625,38.7,39.02,37.95,38.75,23074196.0,888738249.0,83489911527.5
2026-04-14,002625,39.18,40.85,39.18,40.63,41159244.0,1653709259.0,87540518848.06001
2026-04-15,002625,40.94,40.98,39.67,39.83,29466232.0,1188818417.0,85816856158.45999
2026-04-16,002625,39.73,40.01,39.33,39.91,20304977.0,806387910.0,85989222427.42
2026-04-17,002625,39.91,40.03,39.39,39.82,16873445.0,669806752.0,85795310374.84
2026-04-20,002625,39.82,40.85,39.72,40.49,22671969.0,920513394.0,87238877877.38
2026-04-21,002625,40.61,40.83,39.87,40.13,16649104.0,669205008.0,86463229667.06001
2026-04-22,002625,39.91,40.34,39.8,40.3,16240012.0,652577823.0,86829507988.59999
2026-04-23,002625,40.25,40.74,39.34,39.79,20196004.0,807050198.0,85730673023.98
2026-04-24,002625,39.47,41.0,39.1,39.99,25990539.0,1043843901.0,86161588696.38
2026-04-27,002625,39.85,40.43,38.7,40.34,33679215.0,1328989263.0,86915691123.08
2026-04-28,002625,38.7,39.15,37.77,38.78,42603021.0,1640509475.0,83554548878.36
2026-04-29,002625,38.55,39.65,38.49,38.78,26264411.0,1022280591.0,83554548878.36
2026-04-30,002625,38.63,39.5,38.35,39.13,28615531.0,1116000845.0,84308651305.06001
2026-05-06,002625,39.29,40.34,39.19,40.02,38498191.0,1535874718.0,86226226047.24
2026-05-07,002625,40.13,42.7,40.06,41.65,50038556.0,2085451413.0,89738188777.3
2026-05-08,002625,41.7,41.7,40.95,41.48,30031415.0,1240758425.0,89371910455.76
2026-05-11,002625,42.46,42.57,41.66,42.04,39418780.0,1661440375.0,90578474338.48
2026-05-12,002625,42.01,43.03,41.46,42.44,40564457.0,1720816376.0,91440305683.28
2026-05-13,002625,42.05,42.33,41.19,42.14,32609026.0,1363517910.0,90794032257.18001
2026-05-14,002625,42.11,42.45,40.65,40.65,32390666.0,1335514354.0,87583706959.05
2026-05-15,002625,41.07,41.55,39.81,40.26,28435718.0,1156587986.0,86743420471.62
2026-05-18,002625,39.95,40.28,39.55,39.81,22036658.0,879780914.0,85773859139.97
2026-05-19,002625,40.55,41.07,39.65,40.34,23559018.0,950221523.0,86915786930.58
2026-05-20,002625,39.9,39.9,38.9,39.03,26429349.0,1037087768.0,84093286165.11
2026-05-21,002625,38.93,39.37,37.95,38.03,28434452.0,1102796844.0,81938705428.11
2026-05-22,002625,38.06,38.3,37.6,38.18,22964259.0,872763404.0,82261892538.66
2026-05-25,002625,37.97,41.96,37.2,40.45,61758306.0,2418269111.0,87152790811.65001
2026-05-26,002625,40.45,41.25,39.05,39.54,46416741.0,1871180213.0,85192122340.98
2026-05-27,002625,39.75,42.35,39.55,41.29,75167135.0,3120863208.0,88962638630.73
2026-05-28,002625,41.75,43.34,41.13,42.1,56734154.0,2411869208.0,90707849027.7
2026-05-29,002625,42.15,42.43,39.97,40.16,48118808.0,1979125816.0,86527962397.92
2026-06-01,002625,39.94,40.03,38.36,38.36,37125456.0,1446949820.0,82649717071.31999
2026-06-02,002625,38.53,38.8,37.53,38.28,26595285.0,1017704522.0,82477350612.36
2026-06-03,002625,38.05,39.74,37.83,38.68,32161734.0,1253209619.0,83339182907.16
2026-06-04,002625,38.08,39.64,37.85,38.16,35767560.0,1383226199.0,82218800923.92
2026-06-05,002625,38.35,38.41,37.34,37.45,31345428.0,1185826769.0,80689048600.65001
2026-06-08,002625,36.96,36.96,34.96,35.04,39872696.0,1430172160.0,75496509024.48
2026-06-09,002625,35.26,35.51,34.07,35.36,24550892.0,858647751.0,76185974860.31999
2026-06-10,002625,35.06,37.33,34.63,37.01,36639682.0,1325740882.0,79741033076.37
2026-06-11,002625,36.52,36.96,35.97,36.41,19229410.0,699571448.0,78448284634.17
2026-06-12,002625,37.34,39.36,36.59,38.64,48533970.0,1880135900.0,83252999677.68001
2026-06-15,002625,38.49,38.85,37.89,38.25,26644888.0,1019178289.0,82412713190.25
2026-06-16,002625,38.65,38.71,37.85,37.95,24512164.0,934849082.0,81766338969.15001
2026-06-17,002625,37.97,38.6,37.75,37.86,23443852.0,892887895.0,81572426702.81999
2026-06-18,002625,34.76,36.15,34.08,34.11,86884584.0,3031489019.0,73492748939.06999
2026-06-22,002625,33.36,33.36,30.82,32.47,77711481.0,2485556422.0,69959236530.39
2026-06-23,002625,32.96,33.35,31.29,31.45,39788477.0,1286393942.0,67761564178.65
2026-06-24,002625,31.23,32.32,30.06,31.59,46201460.0,1435079625.0,68063205481.83
2026-06-25,002625,31.56,31.84,30.54,30.69,32417079.0,1004153943.0,66124082818.53001
2026-06-26,002625,30.45,30.92,29.34,29.96,42699482.0,1282289911.0,64551238880.520004
2026-06-29,002625,29.73,30.02,28.79,28.98,41371243.0,1212689851.0,62439749758.26
2026-06-30,002625,29.1,31.11,29.01,30.32,44827111.0,1359887242.0,65326887945.840004
2026-07-01,002625,31.21,32.15,30.9,31.05,45140957.0,1418251226.0,66899468735.1
2026-07-02,002625,30.93,31.36,30.4,30.47,27706886.0,856921191.0,65649816823.14
2026-07-03,002625,30.57,32.54,30.57,32.14,42375759.0,1339912120.0,69247952500.68001
2026-07-06,002625,32.14,32.8,30.85,30.89,33272814.0,1047438410.0,66554737173.18
2026-07-07,002625,30.7,31.22,29.87,30.16,20767095.0,630708717.0,64981899421.92
2026-07-08,002625,29.99,30.46,29.21,29.39,22884607.0,678124608.0,63322878780.18
2026-07-09,002625,29.3,29.62,28.33,29.56,30068290.0,871091010.0,63689156064.71999
2026-07-10,002625,29.41,31.22,28.95,29.86,44946264.0,1354406772.0,64335527743.32
2026-07-13,002625,29.9,30.13,28.01,28.08,35543711.0,1015176585.0,60500389116.96
2026-07-14,002625,27.82,27.99,26.69,27.44,40634211.0,1105440391.0,59121462869.28001
2026-07-15,002625,27.3,28.18,27.0,27.62,26696606.0,738523077.0,59509285876.44
2026-07-16,002625,27.27,28.25,26.97,27.68,21135868.0,587059492.0,59638560212.159996
2026-07-17,002625,27.65,27.65,26.25,26.4,33667513.0,906022379.0,56880707716.799995
2026-07-20,002625,26.48,27.71,26.37,27.07,36836569.0,994992900.0,58324271132.340004
2026-07-21,002625,26.96,27.47,26.67,27.31,30461078.0,827270758.0,58841368475.21999
2026-07-22,002625,27.33,29.05,26.88,28.71,50956023.0,1445829457.0,61857769642.020004
2026-07-23,002625,28.82,29.74,28.5,29.71,30866144.0,902056736.0,64012341904.020004
2026-07-24,002625,29.46,30.48,29.38,29.96,35706582.0,1072743153.0,64550984969.520004
2026-07-27,002625,29.65,31.34,29.61,31.23,33382416.0,1018572639.0,67287291742.26
2026-07-28,002625,30.8,31.33,30.05,30.48,27524105.0,837547778.0,65671362545.76
2026-07-29,002625,30.55,31.2,30.22,31.12,27867624.0,858496548.0,67050288793.44
