date,ticker,open,high,low,close,volume,amount,market_cap
2021-01-04,003816,2.41,2.41,2.39,2.41,91878084.0,257518814.0,23507997297.25
2021-01-05,003816,2.4,2.41,2.36,2.38,105879803.0,294169759.0,23215366625.5
2021-01-06,003816,2.37,2.42,2.36,2.42,127224602.0,356245655.0,23605540854.5
2021-01-07,003816,2.41,2.42,2.36,2.39,103299728.0,288536830.0,23312910182.75
2021-01-08,003816,2.39,2.41,2.37,2.4,73881435.0,206119134.0,23410453740.0
2021-01-11,003816,2.39,2.4,2.35,2.35,88507964.0,244443787.0,22922735953.75
2021-01-12,003816,2.35,2.38,2.34,2.37,73393978.0,202446876.0,23117823068.25
2021-01-13,003816,2.35,2.5,2.34,2.45,272123298.0,769743805.0,23898171526.25
2021-01-14,003816,2.41,2.55,2.41,2.47,275206985.0,797498789.0,24093258640.75
2021-01-15,003816,2.46,2.48,2.43,2.46,142588844.0,408791144.0,23995715083.5
2021-01-18,003816,2.44,2.46,2.42,2.44,114048264.0,325013743.0,23800627969.0
2021-01-19,003816,2.44,2.45,2.41,2.44,111208673.0,315159847.0,23800627969.0
2021-01-20,003816,2.43,2.44,2.41,2.42,63952945.0,181073071.0,23605540854.5
2021-01-21,003816,2.41,2.42,2.4,2.41,68946260.0,194014000.0,23507997297.25
2021-01-22,003816,2.41,2.41,2.38,2.39,73668090.0,205805244.0,23312910182.75
2021-01-25,003816,2.38,2.41,2.36,2.38,78632498.0,218928401.0,23215366625.5
2021-01-26,003816,2.37,2.38,2.35,2.35,70313150.0,194241876.0,22922735953.75
2021-01-27,003816,2.35,2.38,2.35,2.36,59066471.0,163189849.0,23020279511.0
2021-01-28,003816,2.35,2.4,2.35,2.36,90276271.0,250050567.0,23020279511.0
2021-01-29,003816,2.36,2.37,2.33,2.35,77293758.0,211706094.0,22922735953.75
2021-02-01,003816,2.35,2.35,2.33,2.34,55215614.0,150701684.0,22825192396.5
2021-02-02,003816,2.34,2.35,2.3,2.31,72368719.0,195868445.0,22532561724.75
2021-02-03,003816,2.31,2.31,2.28,2.29,57590500.0,154212310.0,22337474610.25
2021-02-04,003816,2.28,2.29,2.24,2.25,64207888.0,169563516.0,21947300381.25
2021-02-05,003816,2.24,2.28,2.23,2.24,56706411.0,148810522.0,21849756824.000004
2021-02-08,003816,2.24,2.26,2.23,2.25,60368800.0,158329028.0,21947300381.25
2021-02-09,003816,2.24,2.27,2.23,2.26,63827668.0,167192378.0,22044843938.499996
2021-02-10,003816,2.25,2.26,2.24,2.26,52015740.0,136845283.0,22044843938.499996
2021-02-18,003816,2.28,2.29,2.27,2.29,63022064.0,168007029.0,22337474610.25
2021-02-19,003816,2.29,2.34,2.28,2.34,86937894.0,235070643.0,22825192396.5
2021-02-22,003816,2.34,2.39,2.33,2.35,124994871.0,344821327.0,22922735953.75
2021-02-23,003816,2.35,2.37,2.33,2.34,73968308.0,202664607.0,22825192396.5
2021-02-24,003816,2.34,2.35,2.29,2.31,82187721.0,223185558.0,22532561724.75
2021-02-25,003816,2.32,2.35,2.31,2.34,70244577.0,191187144.0,22825192396.5
2021-02-26,003816,2.32,2.36,2.3,2.35,95467764.0,260457160.0,22922735953.75
2021-03-01,003816,2.35,2.36,2.33,2.35,63709508.0,174400239.0,22922735953.75
2021-03-02,003816,2.35,2.38,2.35,2.36,69479542.0,191566229.0,23020279511.0
2021-03-03,003816,2.36,2.37,2.35,2.37,62241047.0,171245653.0,23117823068.25
2021-03-04,003816,2.36,2.41,2.35,2.41,125140834.0,347284004.0,23507997297.25
2021-03-05,003816,2.4,2.41,2.37,2.41,96085807.0,268816212.0,23507997297.25
2021-03-08,003816,2.43,2.5,2.42,2.43,206003938.0,591409331.0,23703084411.75
2021-03-09,003816,2.43,2.47,2.35,2.44,200390982.0,564943396.0,23800627969.0
2021-03-10,003816,2.44,2.46,2.38,2.38,97382199.0,275195496.0,23215366625.5
2021-03-11,003816,2.37,2.44,2.36,2.43,116859648.0,328736765.0,23703084411.75
2021-03-12,003816,2.43,2.55,2.41,2.52,358857549.0,1048735139.0,24580976427.0
2021-03-15,003816,2.52,2.57,2.49,2.51,208592427.0,615333829.0,24483432869.749996
2021-03-16,003816,2.52,2.55,2.48,2.54,135494847.0,398489924.0,24776063541.5
2021-03-17,003816,2.53,2.53,2.48,2.49,109649073.0,319736731.0,24288345755.250004
2021-03-18,003816,2.48,2.52,2.46,2.49,121514214.0,352559973.0,24288345755.250004
2021-03-19,003816,2.47,2.51,2.45,2.47,121151114.0,350254789.0,24093258640.75
2021-03-22,003816,2.48,2.58,2.47,2.56,281840558.0,837055290.0,24971150656.0
2021-03-23,003816,2.56,2.56,2.48,2.5,178424946.0,523726551.0,24385889312.5
2021-03-24,003816,2.48,2.51,2.45,2.47,174749913.0,505116933.0,24093258640.75
2021-03-25,003816,2.46,2.46,2.39,2.4,168501700.0,474351783.0,23410453740.0
2021-03-26,003816,2.4,2.44,2.39,2.43,105524200.0,298873867.0,23703084411.75
2021-03-29,003816,2.42,2.47,2.41,2.43,98530800.0,279879252.0,23703084411.75
2021-03-30,003816,2.43,2.44,2.39,2.41,91092997.0,255588207.0,23507997297.25
2021-03-31,003816,2.41,2.44,2.39,2.43,129589858.0,366998213.0,23703084411.75
2021-04-01,003816,2.43,2.44,2.41,2.42,84779193.0,239822493.0,23605540854.5
2021-04-02,003816,2.42,2.42,2.4,2.41,68097568.0,191311971.0,23507997297.25
2021-04-06,003816,2.41,2.41,2.4,2.4,57043900.0,160083662.0,23410453740.0
2021-04-07,003816,2.41,2.42,2.4,2.41,67341230.0,189594782.0,23507997297.25
2021-04-08,003816,2.41,2.42,2.39,2.4,80169929.0,224597666.0,23410453740.0
2021-04-09,003816,2.4,2.4,2.37,2.38,62807745.0,174660415.0,23215366625.5
2021-04-12,003816,2.38,2.38,2.36,2.38,67224151.0,186141489.0,23215366625.5
2021-04-13,003816,2.37,2.37,2.32,2.34,81862300.0,224206850.0,22825192396.5
2021-04-14,003816,2.35,2.4,2.35,2.4,95343943.0,264499846.0,23410453740.0
2021-04-15,003816,2.39,2.39,2.36,2.38,49427600.0,137035253.0,23215366625.5
2021-04-16,003816,2.38,2.4,2.36,2.39,77915284.0,216177024.0,23312910182.75
2021-04-19,003816,2.38,2.4,2.37,2.39,66322120.0,184806727.0,23312910182.75
2021-04-20,003816,2.38,2.39,2.36,2.37,53911400.0,149724926.0,23117823068.25
2021-04-21,003816,2.36,2.36,2.35,2.35,47773075.0,131475909.0,22922735953.75
2021-04-22,003816,2.36,2.36,2.35,2.35,46692962.0,128480871.0,22922735953.75
2021-04-23,003816,2.35,2.36,2.33,2.34,56514815.0,154498061.0,22825192396.5
2021-04-26,003816,2.34,2.35,2.33,2.34,58206453.0,159014351.0,22825192396.5
2021-04-27,003816,2.34,2.34,2.3,2.31,57998148.0,156676896.0,22532561724.75
2021-04-28,003816,2.31,2.33,2.3,2.33,40989099.0,111040367.0,22727648839.25
2021-04-29,003816,2.32,2.36,2.31,2.35,73465778.0,200275723.0,22922735953.75
2021-04-30,003816,2.34,2.35,2.31,2.32,46214500.0,125602165.0,22630105282.0
2021-05-06,003816,2.32,2.35,2.32,2.34,42004381.0,114629349.0,22825192396.5
2021-05-07,003816,2.34,2.36,2.33,2.36,60397958.0,165857261.0,23020279511.0
2021-05-10,003816,2.36,2.36,2.35,2.36,56637131.0,155706360.0,23020279511.0
2021-05-11,003816,2.35,2.36,2.34,2.36,60213075.0,165235114.0,23020279511.0
2021-05-12,003816,2.35,2.36,2.34,2.36,57120882.0,156784103.0,23020279511.0
2021-05-13,003816,2.35,2.37,2.35,2.35,62219157.0,171312848.0,22922735953.75
2021-05-14,003816,2.35,2.37,2.35,2.36,58213718.0,160509933.0,23020279511.0
2021-05-17,003816,2.36,2.39,2.35,2.38,59078761.0,163837017.0,23215366625.5
2021-05-18,003816,2.37,2.38,2.36,2.38,38037800.0,105448034.0,23215366625.5
2021-05-19,003816,2.38,2.38,2.35,2.35,62874100.0,173391767.0,22922735953.75
2021-05-20,003816,2.36,2.39,2.36,2.36,59509407.0,164841862.0,23020279511.0
2021-05-21,003816,2.35,2.38,2.35,2.37,63384498.0,175255713.0,23117823068.25
2021-05-24,003816,2.37,2.39,2.36,2.38,53466730.0,148550429.0,23215366625.5
2021-05-25,003816,2.38,2.39,2.35,2.38,88960582.0,246656081.0,23215366625.5
2021-05-26,003816,2.37,2.38,2.36,2.38,68808000.0,190622303.0,23215366625.5
2021-05-27,003816,2.37,2.39,2.36,2.39,72530166.0,201447971.0,23312910182.75
2021-05-28,003816,2.38,2.39,2.36,2.38,61817000.0,171542052.0,23215366625.5
2021-05-31,003816,2.38,2.38,2.36,2.38,58081600.0,160671084.0,23215366625.5
2021-06-01,003816,2.37,2.37,2.35,2.35,67552334.0,186097473.0,22922735953.75
2021-06-02,003816,2.35,2.36,2.35,2.36,58188500.0,159810828.0,23020279511.0
2021-06-03,003816,2.36,2.36,2.35,2.35,45468401.0,125099454.0,22922735953.75
2021-06-04,003816,2.35,2.35,2.34,2.34,48685436.0,133345979.0,22825192396.5
2021-06-07,003816,2.34,2.35,2.33,2.34,40319883.0,110048011.0,22825192396.5
2021-06-08,003816,2.34,2.35,2.32,2.34,54551417.0,148507761.0,22825192396.5
2021-06-09,003816,2.34,2.35,2.33,2.34,36903450.0,100730952.0,22825192396.5
2021-06-10,003816,2.34,2.35,2.33,2.34,43804458.0,119661167.0,22825192396.5
2021-06-11,003816,2.34,2.35,2.33,2.34,71018065.0,194574962.0,22825192396.5
2021-06-15,003816,2.34,2.35,2.3,2.31,81685000.0,221436815.0,22532561724.75
2021-06-16,003816,2.31,2.32,2.3,2.31,43425735.0,117131878.0,22532561724.75
2021-06-17,003816,2.3,2.31,2.29,2.3,44840780.0,120725732.0,22435018167.5
2021-06-18,003816,2.3,2.31,2.28,2.29,66991300.0,178703513.0,22337474610.25
2021-06-21,003816,2.28,2.29,2.28,2.29,43397661.0,115807311.0,22337474610.25
2021-06-22,003816,2.29,2.3,2.28,2.29,64214500.0,171922897.0,22337474610.25
2021-06-23,003816,2.29,2.31,2.29,2.31,56087200.0,150596759.0,22532561724.75
2021-06-24,003816,2.31,2.32,2.29,2.31,59509900.0,160555804.0,22532561724.75
2021-06-25,003816,2.3,2.32,2.3,2.32,51646896.0,139493120.0,22630105282.0
2021-06-28,003816,2.33,2.34,2.28,2.29,116600227.0,314876648.0,22337474610.25
2021-06-29,003816,2.29,2.31,2.28,2.29,77146371.0,206954351.0,22337474610.25
2021-06-30,003816,2.29,2.29,2.28,2.29,43436348.0,116059826.0,22337474610.25
2021-07-01,003816,2.29,2.3,2.29,2.29,40004171.0,107162408.0,22337474610.25
2021-07-02,003816,2.29,2.3,2.29,2.29,55166661.0,147736421.0,22337474610.25
2021-07-05,003816,2.29,2.29,2.28,2.29,69320099.0,184886894.0,22337474610.25
2021-07-06,003816,2.29,2.29,2.27,2.29,54236570.0,144517965.0,22337474610.25
2021-07-07,003816,2.29,2.29,2.28,2.29,66171948.0,176426056.0,22337474610.25
2021-07-08,003816,2.29,2.3,2.27,2.28,83939962.0,217304243.0,22239931053.0
2021-07-09,003816,2.27,2.29,2.27,2.29,65970123.0,170369181.0,22337474610.25
2021-07-12,003816,2.29,2.3,2.28,2.29,106910285.0,277699014.0,22337474610.25
2021-07-13,003816,2.29,2.3,2.28,2.3,51955546.0,135136178.0,22435018167.5
2021-07-14,003816,2.3,2.3,2.28,2.29,59540292.0,154638034.0,22337474610.25
2021-07-15,003816,2.29,2.29,2.27,2.28,44254893.0,114290048.0,22239931053.0
2021-07-16,003816,2.28,2.29,2.28,2.28,35977358.0,92906863.0,22239931053.0
2021-07-19,003816,2.28,2.29,2.26,2.27,48377483.0,124202585.0,22142387495.75
2021-07-20,003816,2.26,2.27,2.24,2.26,58982007.0,150602905.0,22044843938.499996
2021-07-21,003816,2.26,2.26,2.24,2.25,43485175.0,110983959.0,21947300381.25
2021-07-22,003816,2.25,2.28,2.24,2.28,57245016.0,147023685.0,22239931053.0
2021-07-23,003816,2.27,2.29,2.25,2.26,50412900.0,129374335.0,22044843938.499996
2021-07-26,003816,2.26,2.26,2.23,2.24,54119140.0,137632487.0,21849756824.000004
2021-07-27,003816,2.23,2.25,2.23,2.23,51993274.0,131940926.0,21752213266.75
2021-07-28,003816,2.23,2.24,2.21,2.23,73998059.0,186342244.0,21752213266.75
2021-07-29,003816,2.23,2.23,2.21,2.22,48555542.0,122287458.0,21654669709.5
2021-07-30,003816,2.21,2.24,2.2,2.24,65429147.0,164898851.0,21849756824.000004
2021-08-02,003816,2.23,2.28,2.21,2.27,91350997.0,232574744.0,22142387495.75
2021-08-03,003816,2.26,2.29,2.24,2.28,66650404.0,171342243.0,22239931053.0
2021-08-04,003816,2.27,2.28,2.26,2.27,48433389.0,124571772.0,22142387495.75
2021-08-05,003816,2.27,2.29,2.25,2.26,63128700.0,162304630.0,22044843938.499996
2021-08-06,003816,2.26,2.26,2.23,2.23,58793740.0,149323352.0,21752213266.75
2021-08-09,003816,2.23,2.27,2.22,2.26,60350442.0,154125932.0,22044843938.499996
2021-08-10,003816,2.25,2.26,2.23,2.25,48131612.0,122421551.0,21947300381.25
2021-08-11,003816,2.25,2.27,2.24,2.25,47165010.0,120645310.0,21947300381.25
2021-08-12,003816,2.26,2.26,2.24,2.25,48375501.0,123474123.0,21947300381.25
2021-08-13,003816,2.25,2.25,2.23,2.25,50257481.0,127816438.0,21947300381.25
2021-08-16,003816,2.24,2.27,2.24,2.26,58664463.0,150004524.0,22044843938.499996
2021-08-17,003816,2.25,2.26,2.23,2.23,67317619.0,171413750.0,21752213266.75
2021-08-18,003816,2.23,2.28,2.22,2.27,92590105.0,236621544.0,22142387495.75
2021-08-19,003816,2.27,2.28,2.24,2.25,69318199.0,177329316.0,21947300381.25
2021-08-20,003816,2.25,2.27,2.24,2.27,61532673.0,157304256.0,22142387495.75
2021-08-23,003816,2.26,2.29,2.26,2.29,102346124.0,264911888.0,22337474610.25
2021-08-24,003816,2.29,2.31,2.29,2.29,82792223.0,215607793.0,22337474610.25
2021-08-25,003816,2.29,2.3,2.27,2.3,69282452.0,179524781.0,22435018167.5
2021-08-26,003816,2.29,2.32,2.28,2.29,94933618.0,247033884.0,22337474610.25
2021-08-27,003816,2.29,2.31,2.28,2.29,77500640.0,201453967.0,22337474610.25
2021-08-30,003816,2.29,2.3,2.28,2.28,64524503.0,167187335.0,22239931053.0
2021-08-31,003816,2.29,2.34,2.28,2.34,162522966.0,427594210.0,22825192396.5
2021-09-01,003816,2.34,2.44,2.33,2.39,284583413.0,773432774.0,23312910182.75
2021-09-02,003816,2.39,2.44,2.37,2.43,181399311.0,494954775.0,23703084411.75
2021-09-03,003816,2.44,2.51,2.43,2.45,297583390.0,832789245.0,23898171526.25
2021-09-06,003816,2.46,2.53,2.45,2.5,292088174.0,826840702.0,24385889312.5
2021-09-07,003816,2.49,2.51,2.46,2.5,172224253.0,484290887.0,24385889312.5
2021-09-08,003816,2.49,2.7,2.48,2.65,555981855.0,1648999868.0,25849042671.25
2021-09-09,003816,2.61,2.68,2.58,2.66,404337135.0,1202498591.0,25946586228.5
2021-09-10,003816,2.63,2.68,2.58,2.59,283629461.0,843404557.0,25263781327.75
2021-09-13,003816,2.58,2.74,2.58,2.74,434328647.0,1320125863.0,26726934686.500004
2021-09-14,003816,2.74,2.74,2.61,2.62,307767173.0,927863791.0,25556411999.5
2021-09-15,003816,2.61,2.71,2.59,2.65,220980522.0,664521441.0,25849042671.25
2021-09-16,003816,2.66,2.69,2.58,2.59,234403754.0,697338906.0,25263781327.75
2021-09-17,003816,2.58,2.66,2.57,2.61,229730760.0,681846917.0,25458868442.25
2021-09-22,003816,2.59,2.87,2.58,2.84,637878541.0,2004148650.0,27702370259.0
2021-09-23,003816,2.87,3.02,2.85,2.97,679347926.0,2258855870.0,28970436503.25
2021-09-24,003816,2.94,2.97,2.86,2.89,377787885.0,1245871301.0,28190088045.25
2021-09-27,003816,2.97,3.05,2.8,2.87,387050093.0,1272041519.0,27995000930.75
2021-09-28,003816,2.9,3.09,2.86,3.09,563262943.0,1905390520.0,30140959190.25
2021-09-29,003816,2.99,3.04,2.91,2.96,372106716.0,1250088600.0,28872892946.0
2021-09-30,003816,2.93,2.99,2.83,2.97,340432722.0,1124118850.0,28970436503.25
2021-10-08,003816,3.04,3.08,2.88,2.9,276674202.0,922258610.0,28287631602.5
2021-10-11,003816,2.93,2.96,2.75,2.82,262503893.0,839002182.0,27507283144.5
2021-10-12,003816,2.72,2.77,2.6,2.66,318787033.0,963897472.0,25946586228.5
2021-10-13,003816,2.63,2.65,2.52,2.58,228188973.0,664369905.0,25166237770.5
2021-10-14,003816,2.56,2.61,2.55,2.58,118399768.0,346593181.0,25166237770.5
2021-10-15,003816,2.61,2.63,2.56,2.59,118901683.0,349156624.0,25263781327.75
2021-10-18,003816,2.59,2.65,2.58,2.63,123879505.0,368221058.0,25653955556.75
2021-10-19,003816,2.63,2.63,2.59,2.59,122288147.0,360155244.0,25263781327.75
2021-10-20,003816,2.59,2.73,2.58,2.69,240095567.0,726636040.0,26239216900.25
2021-10-21,003816,2.66,2.7,2.64,2.65,125929403.0,380400495.0,25849042671.25
2021-10-22,003816,2.66,2.66,2.59,2.6,118016400.0,349549202.0,25361324885.0
2021-10-25,003816,2.6,2.67,2.58,2.64,94044957.0,281419990.0,25751499114.0
2021-10-26,003816,2.63,2.69,2.6,2.62,114264679.0,342601852.0,25556411999.5
2021-10-27,003816,2.62,2.66,2.59,2.62,158980399.0,473491612.0,25556411999.5
2021-10-28,003816,2.63,2.65,2.58,2.59,148085425.0,437026427.0,25263781327.75
2021-10-29,003816,2.57,2.59,2.5,2.58,135577523.0,391019080.0,25166237770.5
2021-11-01,003816,2.56,2.61,2.55,2.59,90434713.0,265180958.0,25263781327.75
2021-11-02,003816,2.58,2.64,2.53,2.57,126102271.0,369349273.0,25068694213.25
2021-11-03,003816,2.56,2.6,2.52,2.58,108671024.0,316687047.0,25166237770.5
2021-11-04,003816,2.59,2.6,2.56,2.59,97617999.0,285746465.0,25263781327.75
2021-11-05,003816,2.59,2.6,2.51,2.51,113391700.0,326745015.0,24483432869.749996
2021-11-08,003816,2.51,2.52,2.44,2.51,107798523.0,303629936.0,24483432869.749996
2021-11-09,003816,2.51,2.55,2.51,2.54,90987782.0,260516533.0,24776063541.5
2021-11-10,003816,2.53,2.53,2.47,2.49,97552580.0,275330646.0,24288345755.250004
2021-11-11,003816,2.49,2.51,2.47,2.51,74422070.0,210530707.0,24483432869.749996
2021-11-12,003816,2.5,2.5,2.46,2.49,76718718.0,215739276.0,24288345755.250004
2021-11-15,003816,2.48,2.5,2.47,2.49,59884322.0,168558141.0,24288345755.250004
2021-11-16,003816,2.48,2.49,2.44,2.44,74667609.0,208555546.0,23800627969.0
2021-11-17,003816,2.44,2.46,2.44,2.45,62632504.0,173667426.0,23898171526.25
2021-11-18,003816,2.45,2.46,2.44,2.45,58941040.0,163662966.0,23898171526.25
2021-11-19,003816,2.44,2.5,2.43,2.49,100601630.0,281000600.0,24288345755.250004
2021-11-22,003816,2.51,2.57,2.49,2.53,150960621.0,433538518.0,24678519984.25
2021-11-23,003816,2.53,2.59,2.52,2.57,125966565.0,366353059.0,25068694213.25
2021-11-24,003816,2.56,2.57,2.52,2.55,78734866.0,226842557.0,24873607098.75
2021-11-25,003816,2.56,2.58,2.55,2.57,63884046.0,185460879.0,25068694213.25
2021-11-26,003816,2.56,2.59,2.52,2.53,91888854.0,265492881.0,24678519984.25
2021-11-29,003816,2.51,2.57,2.48,2.56,105237006.0,301729698.0,24971150656.0
2021-11-30,003816,2.55,2.59,2.54,2.56,82579263.0,240244524.0,24971150656.0
2021-12-01,003816,2.56,2.62,2.55,2.61,168885463.0,495332197.0,25458868442.25
2021-12-02,003816,2.64,2.66,2.59,2.61,142794221.0,425695289.0,25458868442.25
2021-12-03,003816,2.59,2.66,2.59,2.65,156862899.0,468145848.0,25849042671.25
2021-12-06,003816,2.65,2.7,2.63,2.64,144657036.0,435386244.0,25751499114.0
2021-12-07,003816,2.65,2.65,2.6,2.64,98790346.0,294564891.0,25751499114.0
2021-12-08,003816,2.64,2.65,2.61,2.63,82207790.0,245053821.0,25653955556.75
2021-12-09,003816,2.63,2.66,2.62,2.65,108091143.0,324381657.0,25849042671.25
2021-12-10,003816,2.64,2.66,2.61,2.62,106504250.0,317493585.0,25556411999.5
2021-12-13,003816,2.62,2.66,2.61,2.65,130633235.0,392152571.0,25849042671.25
2021-12-14,003816,2.64,2.64,2.58,2.59,137754458.0,406034432.0,25263781327.75
2021-12-15,003816,2.59,2.65,2.59,2.64,126946949.0,378086564.0,25751499114.0
2021-12-16,003816,2.64,2.67,2.63,2.66,111651962.0,336338635.0,25946586228.5
2021-12-17,003816,2.67,2.72,2.65,2.67,136238471.0,414935691.0,26044129785.75
2021-12-20,003816,2.67,2.69,2.61,2.63,113821767.0,340606772.0,25653955556.75
2021-12-21,003816,2.63,2.7,2.62,2.69,148185494.0,447281615.0,26239216900.25
2021-12-22,003816,2.71,2.72,2.66,2.67,115625169.0,351682755.0,26044129785.75
2021-12-23,003816,2.66,2.74,2.65,2.73,192366650.0,590849972.0,26629391129.25
2021-12-24,003816,2.73,2.9,2.71,2.8,340353985.0,1084963009.0,27312196030.0
2021-12-27,003816,2.8,2.89,2.77,2.8,227448114.0,729197996.0,27312196030.0
2021-12-28,003816,2.79,2.79,2.71,2.74,155363589.0,481564257.0,26726934686.500004
2021-12-29,003816,2.74,2.74,2.66,2.66,134512296.0,409549706.0,25946586228.5
2021-12-30,003816,2.66,2.74,2.66,2.71,121699424.0,372472337.0,26434304014.75
2021-12-31,003816,2.71,2.8,2.71,2.76,138641099.0,433655934.0,26922021800.999996
2022-01-04,003816,2.78,2.81,2.76,2.77,137169870.0,432644476.0,27019565358.25
2022-01-05,003816,2.76,2.76,2.69,2.69,128227989.0,394487440.0,26239216900.25
2022-01-06,003816,2.69,2.72,2.67,2.69,97822914.0,298536854.0,26239216900.25
2022-01-07,003816,2.69,2.71,2.66,2.66,123810246.0,375893977.0,25946586228.5
2022-01-10,003816,2.66,2.68,2.64,2.66,93995344.0,283185321.0,25946586228.5
2022-01-11,003816,2.66,2.69,2.65,2.66,94462279.0,285630406.0,25946586228.5
2022-01-12,003816,2.66,2.67,2.64,2.66,80136950.0,240922410.0,25946586228.5
2022-01-13,003816,2.65,2.66,2.62,2.62,84458983.0,252210753.0,25556411999.5
2022-01-14,003816,2.61,2.62,2.59,2.59,89975623.0,264818138.0,25263781327.75
2022-01-17,003816,2.59,2.6,2.58,2.59,60484019.0,177681117.0,25263781327.75
2022-01-18,003816,2.59,2.64,2.58,2.63,93279522.0,276187133.0,25653955556.75
2022-01-19,003816,2.62,2.64,2.59,2.63,59181432.0,175830691.0,25653955556.75
2022-01-20,003816,2.63,2.67,2.62,2.66,81573911.0,244876176.0,25946586228.5
2022-01-21,003816,2.65,2.66,2.62,2.63,56673101.0,169603258.0,25653955556.75
2022-01-24,003816,2.62,2.63,2.59,2.61,49504500.0,146461230.0,25458868442.25
2022-01-25,003816,2.6,2.62,2.54,2.54,71368198.0,208615179.0,24776063541.5
2022-01-26,003816,2.55,2.59,2.55,2.57,60344319.0,175965355.0,25068694213.25
2022-01-27,003816,2.57,2.59,2.54,2.55,56789411.0,164731754.0,24873607098.75
2022-01-28,003816,2.54,2.57,2.51,2.54,63535957.0,183150738.0,24776063541.5
2022-02-07,003816,2.57,2.61,2.57,2.6,70353861.0,206727098.0,25361324885.0
2022-02-08,003816,2.6,2.69,2.59,2.68,113867764.0,341949970.0,26141673343.0
2022-02-09,003816,2.69,2.73,2.66,2.7,106204693.0,324985059.0,26336760457.5
2022-02-10,003816,2.7,2.74,2.69,2.73,103377411.0,318350073.0,26629391129.25
2022-02-11,003816,2.71,2.75,2.7,2.73,121070052.0,375084335.0,26629391129.25
2022-02-14,003816,2.72,2.73,2.66,2.66,88263381.0,268349638.0,25946586228.5
2022-02-15,003816,2.66,2.68,2.63,2.64,64774903.0,195092165.0,25751499114.0
2022-02-16,003816,2.66,2.68,2.64,2.65,50642258.0,152634209.0,25849042671.25
2022-02-17,003816,2.65,2.65,2.62,2.63,65580858.0,195568208.0,25653955556.75
2022-02-18,003816,2.62,2.65,2.61,2.65,47265900.0,141175242.0,25849042671.25
2022-02-21,003816,2.64,2.65,2.62,2.64,46856213.0,139904816.0,25751499114.0
2022-02-22,003816,2.63,2.64,2.59,2.6,80572800.0,237757563.0,25361324885.0
2022-02-23,003816,2.6,2.62,2.59,2.59,51118490.0,150436585.0,25263781327.75
2022-02-24,003816,2.6,2.61,2.54,2.56,87105526.0,254247884.0,24971150656.0
2022-02-25,003816,2.57,2.59,2.56,2.59,73403277.0,214488688.0,25263781327.75
2022-02-28,003816,2.59,2.63,2.58,2.59,71105729.0,209600389.0,25263781327.75
2022-03-01,003816,2.6,2.61,2.59,2.6,50373087.0,148699159.0,25361324885.0
2022-03-02,003816,2.59,2.62,2.59,2.62,57451890.0,169856134.0,25556411999.5
2022-03-03,003816,2.62,2.66,2.61,2.66,96799200.0,290525343.0,25946586228.5
2022-03-04,003816,2.65,2.65,2.61,2.64,104726771.0,312081835.0,25751499114.0
2022-03-07,003816,2.64,2.68,2.61,2.62,121568947.0,365477126.0,25556411999.5
2022-03-08,003816,2.6,2.63,2.54,2.55,96515682.0,282212011.0,24873607098.75
2022-03-09,003816,2.58,2.66,2.52,2.6,198420671.0,586059750.0,25361324885.0
2022-03-10,003816,2.61,2.67,2.58,2.65,159935915.0,478172295.0,25849042671.25
2022-03-11,003816,2.61,2.61,2.53,2.59,168784355.0,492384800.0,25263781327.75
2022-03-14,003816,2.57,2.59,2.52,2.53,105816003.0,306454083.0,24678519984.25
2022-03-15,003816,2.51,2.52,2.35,2.36,180147511.0,496932925.0,23020279511.0
2022-03-16,003816,2.38,2.43,2.31,2.43,127264979.0,343442327.0,23703084411.75
2022-03-17,003816,2.44,2.46,2.42,2.43,104920425.0,290181220.0,23703084411.75
2022-03-18,003816,2.4,2.45,2.39,2.44,114046964.0,314116845.0,23800627969.0
2022-03-21,003816,2.44,2.45,2.36,2.4,174945761.0,475873308.0,23410453740.0
2022-03-22,003816,2.38,2.42,2.36,2.4,95682754.0,259482837.0,23410453740.0
2022-03-23,003816,2.42,2.44,2.4,2.4,86847540.0,237723698.0,23410453740.0
2022-03-24,003816,2.39,2.41,2.37,2.39,65195000.0,176673278.0,23312910182.75
2022-03-25,003816,2.39,2.4,2.36,2.37,81292024.0,218857143.0,23117823068.25
2022-03-28,003816,2.36,2.39,2.33,2.38,77796114.0,207911276.0,23215366625.5
2022-03-29,003816,2.38,2.43,2.38,2.42,121169642.0,330819344.0,23605540854.5
2022-03-30,003816,2.43,2.43,2.39,2.42,66407485.0,181239284.0,23605540854.5
2022-03-31,003816,2.41,2.43,2.4,2.41,56482254.0,154338884.0,23507997297.25
2022-04-01,003816,2.4,2.43,2.39,2.42,62282102.0,170193724.0,23605540854.5
2022-04-06,003816,2.41,2.45,2.41,2.44,83019092.0,228887026.0,23800627969.0
2022-04-07,003816,2.44,2.46,2.42,2.43,82038661.0,226640880.0,23703084411.75
2022-04-08,003816,2.43,2.44,2.41,2.44,59516900.0,163539215.0,23800627969.0
2022-04-11,003816,2.44,2.45,2.41,2.43,94003169.0,258641773.0,23703084411.75
2022-04-12,003816,2.42,2.44,2.38,2.43,74899769.0,204401376.0,23703084411.75
2022-04-13,003816,2.43,2.43,2.4,2.4,50792436.0,138917925.0,23410453740.0
2022-04-14,003816,2.41,2.42,2.4,2.4,54533909.0,148773035.0,23410453740.0
2022-04-15,003816,2.4,2.42,2.38,2.4,55342078.0,150577829.0,23410453740.0
2022-04-18,003816,2.39,2.42,2.37,2.41,57141192.0,154982232.0,23507997297.25
2022-04-19,003816,2.4,2.5,2.4,2.47,159925180.0,444712633.0,24093258640.75
2022-04-20,003816,2.49,2.49,2.42,2.44,96192658.0,266340443.0,23800627969.0
2022-04-21,003816,2.47,2.48,2.41,2.42,134447745.0,371310052.0,23605540854.5
2022-04-22,003816,2.41,2.59,2.38,2.56,323440324.0,922009158.0,24971150656.0
2022-04-25,003816,2.52,2.57,2.48,2.49,232557414.0,666639529.0,24288345755.250004
2022-04-26,003816,2.48,2.51,2.41,2.42,146132764.0,407071619.0,23605540854.5
2022-04-27,003816,2.4,2.46,2.33,2.45,135425661.0,368463343.0,23898171526.25
2022-04-28,003816,2.44,2.48,2.41,2.46,101010478.0,279878010.0,23995715083.5
2022-04-29,003816,2.47,2.5,2.44,2.5,118997195.0,334243853.0,24385889312.5
2022-05-05,003816,2.47,2.51,2.47,2.51,108696312.0,307745114.0,24483432869.749996
2022-05-06,003816,2.47,2.48,2.44,2.44,90753316.0,252262741.0,23800627969.0
2022-05-09,003816,2.43,2.46,2.43,2.44,55131200.0,152865926.0,23800627969.0
2022-05-10,003816,2.43,2.51,2.41,2.51,114260107.0,320313900.0,24483432869.749996
2022-05-11,003816,2.5,2.54,2.46,2.46,128397779.0,363447345.0,23995715083.5
2022-05-12,003816,2.46,2.51,2.45,2.47,69221784.0,194824443.0,24093258640.75
2022-05-13,003816,2.48,2.51,2.47,2.48,95627687.0,269249027.0,24190802198.0
2022-05-16,003816,2.49,2.5,2.44,2.46,105309983.0,293322086.0,23995715083.5
2022-05-17,003816,2.46,2.47,2.44,2.45,69861377.0,194112176.0,23898171526.25
2022-05-18,003816,2.44,2.46,2.44,2.45,68573390.0,190182378.0,23898171526.25
2022-05-19,003816,2.43,2.45,2.42,2.45,71016235.0,195722381.0,23898171526.25
2022-05-20,003816,2.45,2.5,2.44,2.49,110439016.0,309875593.0,24288345755.250004
2022-05-23,003816,2.49,2.5,2.46,2.49,86985226.0,244407925.0,24288345755.250004
2022-05-24,003816,2.49,2.5,2.42,2.43,97289232.0,271132335.0,23703084411.75
2022-05-25,003816,2.43,2.47,2.42,2.47,71434425.0,198344992.0,24093258640.75
2022-05-26,003816,2.47,2.49,2.45,2.48,94831582.0,266023699.0,24190802198.0
2022-05-27,003816,2.48,2.5,2.45,2.47,71595100.0,200808934.0,24093258640.75
2022-05-30,003816,2.47,2.48,2.44,2.45,91846539.0,255831220.0,23898171526.25
2022-05-31,003816,2.46,2.48,2.44,2.47,78826523.0,220070457.0,24093258640.75
2022-06-01,003816,2.47,2.48,2.44,2.48,98229557.0,274540481.0,24190802198.0
2022-06-02,003816,2.47,2.48,2.45,2.46,61412499.0,171362490.0,23995715083.5
2022-06-06,003816,2.47,2.47,2.45,2.47,71294906.0,198732930.0,24093258640.75
2022-06-07,003816,2.46,2.48,2.44,2.45,91056367.0,254045353.0,23898171526.25
2022-06-08,003816,2.45,2.49,2.45,2.48,145726272.0,408469669.0,24190802198.0
2022-06-09,003816,2.48,2.51,2.47,2.48,116264651.0,328174445.0,24190802198.0
2022-06-10,003816,2.47,2.49,2.46,2.49,95911188.0,269115303.0,24288345755.250004
2022-06-13,003816,2.47,2.48,2.44,2.46,113362922.0,316075416.0,23995715083.5
2022-06-14,003816,2.45,2.48,2.44,2.48,89147635.0,247986703.0,24190802198.0
2022-06-15,003816,2.47,2.51,2.46,2.49,147421025.0,415901713.0,24288345755.250004
2022-06-16,003816,2.49,2.5,2.46,2.47,107377441.0,301002955.0,24093258640.75
2022-06-17,003816,2.46,2.47,2.44,2.46,83877363.0,233673030.0,23995715083.5
2022-06-20,003816,2.47,2.48,2.45,2.46,84235002.0,235483245.0,23995715083.5
2022-06-21,003816,2.47,2.5,2.46,2.48,102113267.0,286958452.0,24190802198.0
2022-06-22,003816,2.48,2.49,2.45,2.46,74964268.0,209806119.0,23995715083.5
2022-06-23,003816,2.45,2.47,2.45,2.46,70062523.0,195335115.0,23995715083.5
2022-06-24,003816,2.47,2.48,2.46,2.46,60511328.0,169280864.0,23995715083.5
2022-06-27,003816,2.47,2.48,2.46,2.47,62965432.0,176143077.0,24093258640.75
2022-06-28,003816,2.47,2.48,2.46,2.48,82735858.0,231764965.0,24190802198.0
2022-06-29,003816,2.48,2.48,2.46,2.47,81035272.0,226890358.0,24093258640.75
2022-06-30,003816,2.47,2.48,2.46,2.47,85458748.0,239157195.0,24093258640.75
2022-07-01,003816,2.47,2.49,2.46,2.47,94836627.0,266157070.0,24093258640.75
2022-07-04,003816,2.48,2.56,2.47,2.54,199879054.0,571613752.0,24776063541.5
2022-07-05,003816,2.54,2.58,2.53,2.56,136393356.0,394842139.0,24971150656.0
2022-07-06,003816,2.56,2.57,2.5,2.52,120286855.0,344499095.0,24580976427.0
2022-07-07,003816,2.55,2.64,2.54,2.57,179672881.0,512693475.0,25068694213.25
2022-07-08,003816,2.6,2.62,2.56,2.58,112545799.0,319670352.0,25166237770.5
2022-07-11,003816,2.59,2.64,2.58,2.6,129215862.0,370633446.0,25361324885.0
2022-07-12,003816,2.6,2.64,2.58,2.61,112628829.0,323753375.0,25458868442.25
2022-07-13,003816,2.62,2.67,2.6,2.66,147705943.0,430071972.0,25946586228.5
2022-07-14,003816,2.65,2.65,2.58,2.6,116588510.0,334384355.0,25361324885.0
2022-07-15,003816,2.59,2.6,2.55,2.55,92122255.0,260031904.0,24873607098.75
2022-07-18,003816,2.55,2.62,2.55,2.61,105542019.0,301181974.0,25458868442.25
2022-07-19,003816,2.61,2.61,2.57,2.58,62899738.0,178792534.0,25166237770.5
2022-07-20,003816,2.59,2.6,2.56,2.58,61365581.0,173781855.0,25166237770.5
2022-07-21,003816,2.57,2.57,2.53,2.54,88165128.0,247080568.0,24776063541.5
2022-07-22,003816,2.54,2.55,2.52,2.54,62930670.0,175616796.0,24776063541.5
2022-07-25,003816,2.54,2.55,2.51,2.52,57498700.0,159595659.0,24580976427.0
2022-07-26,003816,2.52,2.53,2.5,2.53,56738560.0,156914979.0,24678519984.25
2022-07-27,003816,2.52,2.53,2.51,2.51,44880021.0,124127345.0,24483432869.749996
2022-07-28,003816,2.52,2.53,2.51,2.52,58566283.0,162308574.0,24580976427.0
2022-07-29,003816,2.52,2.55,2.51,2.51,68315715.0,189745279.0,24483432869.749996
2022-08-01,003816,2.51,2.52,2.48,2.49,66444062.0,182255042.0,24288345755.250004
2022-08-02,003816,2.48,2.48,2.41,2.44,101677722.0,272096821.0,23800627969.0
2022-08-03,003816,2.44,2.46,2.42,2.42,51757891.0,138710298.0,23605540854.5
2022-08-04,003816,2.43,2.45,2.42,2.44,45342859.0,121512882.0,23800627969.0
2022-08-05,003816,2.44,2.45,2.44,2.45,39099317.0,105174800.0,23898171526.25
2022-08-08,003816,2.45,2.47,2.45,2.46,37841917.0,102306264.0,23995715083.5
2022-08-09,003816,2.45,2.46,2.44,2.45,42653002.0,114732866.0,23898171526.25
2022-08-10,003816,2.45,2.45,2.43,2.44,33986900.0,91025504.0,23800627969.0
2022-08-11,003816,2.44,2.46,2.43,2.46,52481726.0,141631492.0,23995715083.5
2022-08-12,003816,2.45,2.49,2.45,2.48,60663666.0,165208962.0,24190802198.0
2022-08-15,003816,2.48,2.5,2.47,2.5,58619881.0,160443097.0,24385889312.5
2022-08-16,003816,2.5,2.52,2.49,2.5,50603645.0,139224546.0,24385889312.5
2022-08-17,003816,2.51,2.55,2.5,2.53,83670469.0,232214149.0,24678519984.25
2022-08-18,003816,2.52,2.54,2.47,2.48,64746523.0,177831054.0,24190802198.0
2022-08-19,003816,2.48,2.56,2.48,2.55,152575617.0,424806370.0,24873607098.75
2022-08-22,003816,2.55,2.59,2.55,2.57,106789518.0,302053338.0,25068694213.25
2022-08-23,003816,2.55,2.59,2.55,2.57,71969403.0,203702084.0,25068694213.25
2022-08-24,003816,2.57,2.58,2.53,2.54,79582174.0,223223412.0,24776063541.5
2022-08-25,003816,2.54,2.56,2.52,2.56,79268525.0,222095956.0,24971150656.0
2022-08-26,003816,2.56,2.61,2.55,2.57,108418765.0,307502643.0,25068694213.25
2022-08-29,003816,2.56,2.59,2.55,2.58,70562622.0,199746798.0,101484264138.0
2022-08-30,003816,2.58,2.63,2.56,2.58,62100829.0,176705784.0,101484264138.0
2022-08-31,003816,2.57,2.59,2.55,2.55,64994141.0,183841491.0,100304214555.0
2022-09-01,003816,2.55,2.56,2.53,2.54,55734937.0,156137873.0,99910864694.0
2022-09-02,003816,2.54,2.56,2.53,2.55,52468112.0,147181756.0,100304214555.0
2022-09-05,003816,2.55,2.6,2.55,2.6,74339305.0,210976235.0,102270963860.0
2022-09-06,003816,2.6,2.61,2.58,2.6,60058756.0,171617422.0,102270963860.0
2022-09-07,003816,2.59,2.62,2.59,2.61,62240713.0,178286277.0,102664313721.0
2022-09-08,003816,2.61,2.66,2.6,2.63,100431342.0,290653029.0,103451013443.0
2022-09-09,003816,2.63,2.65,2.61,2.64,73768963.0,213795680.0,103844363304.0
2022-09-13,003816,2.64,2.64,2.58,2.59,67049820.0,191893875.0,101877613999.0
2022-09-14,003816,2.57,2.58,2.55,2.55,55156187.0,155209974.0,100304214555.0
2022-09-15,003816,2.59,2.62,2.52,2.55,93380830.0,264078226.0,100304214555.0
2022-09-16,003816,2.54,2.55,2.46,2.47,91391500.0,251450471.0,97157415667.00002
2022-09-19,003816,2.47,2.49,2.45,2.47,52026385.0,141424456.0,97157415667.00002
2022-09-20,003816,2.48,2.49,2.45,2.45,54103566.0,146863734.0,96370715945.0
2022-09-21,003816,2.45,2.48,2.44,2.47,66774470.0,180810192.0,97157415667.00002
2022-09-22,003816,2.46,2.49,2.45,2.48,53360701.0,145085961.0,97550765528.0
2022-09-23,003816,2.48,2.49,2.45,2.48,61193569.0,166563274.0,97550765528.0
2022-09-26,003816,2.46,2.47,2.41,2.42,75154273.0,201886309.0,95190666362.0
2022-09-27,003816,2.43,2.44,2.41,2.44,55049615.0,146702957.0,95977366084.0
2022-09-28,003816,2.43,2.44,2.41,2.42,48261924.0,128539055.0,95190666362.0
2022-09-29,003816,2.43,2.44,2.38,2.39,59665102.0,157968111.0,94010616779.0
2022-09-30,003816,2.39,2.41,2.38,2.4,42971789.0,113331432.0,94403966640.0
2022-10-10,003816,2.4,2.44,2.39,2.42,66706676.0,177580154.0,95190666362.0
2022-10-11,003816,2.41,2.46,2.41,2.45,83419960.0,223663916.0,96370715945.0
2022-10-12,003816,2.45,2.45,2.41,2.45,74008150.0,197907577.0,96370715945.0
2022-10-13,003816,2.44,2.48,2.44,2.46,94380979.0,255586197.0,96764065806.0
2022-10-14,003816,2.47,2.49,2.46,2.48,59625644.0,162765770.0,97550765528.0
2022-10-17,003816,2.47,2.51,2.45,2.49,64689231.0,176891044.0,97944115389.00002
2022-10-18,003816,2.49,2.51,2.48,2.48,47078738.0,129285713.0,97550765528.0
2022-10-19,003816,2.49,2.49,2.46,2.46,31810346.0,86755108.0,96764065806.0
2022-10-20,003816,2.46,2.51,2.45,2.48,52011079.0,142284195.0,97550765528.0
2022-10-21,003816,2.48,2.52,2.48,2.5,49526735.0,136533666.0,98337465250.0
2022-10-24,003816,2.51,2.52,2.47,2.5,75935390.0,208183567.0,98337465250.0
2022-10-25,003816,2.49,2.51,2.47,2.49,50513901.0,138367824.0,97944115389.00002
2022-10-26,003816,2.49,2.51,2.48,2.49,43970868.0,120735094.0,97944115389.00002
2022-10-27,003816,2.48,2.49,2.45,2.45,52623465.0,143061161.0,96370715945.0
2022-10-28,003816,2.45,2.46,2.4,2.42,87266551.0,232172493.0,95190666362.0
2022-10-31,003816,2.41,2.41,2.38,2.4,77789901.0,204942990.0,94403966640.0
2022-11-01,003816,2.39,2.42,2.39,2.42,90834554.0,239814621.0,95190666362.0
2022-11-02,003816,2.42,2.42,2.4,2.41,51656212.0,136979311.0,94797316501.0
2022-11-03,003816,2.41,2.42,2.39,2.4,68323030.0,180218731.0,94403966640.0
2022-11-04,003816,2.4,2.44,2.39,2.43,73655976.0,196057068.0,95584016223.0
2022-11-07,003816,2.43,2.44,2.42,2.43,72111107.0,192504897.0,95584016223.0
2022-11-08,003816,2.43,2.43,2.41,2.42,55685396.0,148039938.0,95190666362.0
2022-11-09,003816,2.41,2.43,2.41,2.42,39952157.0,106359940.0,95190666362.0
2022-11-10,003816,2.41,2.43,2.41,2.42,40905114.0,108942026.0,95190666362.0
2022-11-11,003816,2.44,2.45,2.43,2.45,93244283.0,250307585.0,96370715945.0
2022-11-14,003816,2.45,2.46,2.41,2.42,106720850.0,286098862.0,95190666362.0
2022-11-15,003816,2.42,2.45,2.41,2.44,68806359.0,183859227.0,95977366084.0
2022-11-16,003816,2.44,2.45,2.43,2.44,64057654.0,172201841.0,95977366084.0
2022-11-17,003816,2.44,2.44,2.42,2.44,50211282.0,134161140.0,95977366084.0
2022-11-18,003816,2.44,2.45,2.43,2.45,50524794.0,135351894.0,96370715945.0
2022-11-21,003816,2.44,2.44,2.43,2.43,31834154.0,85076002.0,95584016223.0
2022-11-22,003816,2.43,2.49,2.43,2.46,132927825.0,360067476.0,96764065806.0
2022-11-23,003816,2.46,2.51,2.45,2.5,142030750.0,388981059.0,98337465250.0
2022-11-24,003816,2.49,2.5,2.46,2.46,73068690.0,199217818.0,96764065806.0
2022-11-25,003816,2.47,2.51,2.46,2.5,99008049.0,271513737.0,98337465250.0
2022-11-28,003816,2.49,2.51,2.45,2.5,109087658.0,298280876.0,98337465250.0
2022-11-29,003816,2.5,2.53,2.48,2.51,96954655.0,266895160.0,98730815110.99998
2022-11-30,003816,2.51,2.52,2.49,2.5,63630098.0,175309898.0,98337465250.0
2022-12-01,003816,2.51,2.52,2.49,2.49,68946110.0,189776683.0,97944115389.00002
2022-12-02,003816,2.5,2.5,2.47,2.48,62266682.0,170317899.0,97550765528.0
2022-12-05,003816,2.5,2.57,2.49,2.56,198152990.0,553884370.0,100697564416.0
2022-12-06,003816,2.56,2.56,2.54,2.55,90150009.0,252867912.0,100304214555.0
2022-12-07,003816,2.54,2.55,2.51,2.52,91988534.0,255543361.0,99124164972.0
2022-12-08,003816,2.52,2.54,2.5,2.51,87971951.0,243176781.0,98730815110.99998
2022-12-09,003816,2.51,2.52,2.48,2.49,138918605.0,381415857.0,97944115389.00002
2022-12-12,003816,2.49,2.5,2.46,2.48,99666793.0,271865572.0,97550765528.0
2022-12-13,003816,2.48,2.51,2.47,2.5,76266992.0,209130618.0,98337465250.0
2022-12-14,003816,2.5,2.51,2.48,2.49,58330800.0,160092987.0,97944115389.00002
2022-12-15,003816,2.48,2.49,2.47,2.47,42851514.0,116813828.0,97157415667.00002
2022-12-16,003816,2.46,2.49,2.46,2.48,41876901.0,114098843.0,97550765528.0
2022-12-19,003816,2.48,2.49,2.43,2.44,73498300.0,198362101.0,95977366084.0
2022-12-20,003816,2.43,2.45,2.42,2.44,39820200.0,106476991.0,95977366084.0
2022-12-21,003816,2.43,2.44,2.41,2.42,46005065.0,122572587.0,95190666362.0
2022-12-22,003816,2.43,2.43,2.4,2.41,52095769.0,138274652.0,94797316501.0
2022-12-23,003816,2.4,2.41,2.39,2.41,32260000.0,85311455.0,94797316501.0
2022-12-26,003816,2.41,2.43,2.4,2.42,41368885.0,109995640.0,95190666362.0
2022-12-27,003816,2.43,2.44,2.42,2.44,41717688.0,111410828.0,95977366084.0
2022-12-28,003816,2.43,2.45,2.43,2.45,57193671.0,153815534.0,96370715945.0
2022-12-29,003816,2.45,2.45,2.43,2.43,30005054.0,80447782.0,95584016223.0
2022-12-30,003816,2.44,2.45,2.43,2.45,36723652.0,98807475.0,96370715945.0
2023-01-03,003816,2.45,2.47,2.45,2.46,69533230.0,188399721.0,96764065806.0
2023-01-04,003816,2.47,2.47,2.45,2.45,51911119.0,140825015.0,96370715945.0
2023-01-05,003816,2.46,2.47,2.45,2.45,67395562.0,182103623.0,96370715945.0
2023-01-06,003816,2.45,2.46,2.44,2.45,78831617.0,212432828.0,96370715945.0
2023-01-09,003816,2.45,2.45,2.44,2.44,49054199.0,132007296.0,95977366084.0
2023-01-10,003816,2.44,2.45,2.42,2.42,49557000.0,132396666.0,95190666362.0
2023-01-11,003816,2.42,2.44,2.42,2.42,45006551.0,120025162.0,95190666362.0
2023-01-12,003816,2.42,2.43,2.41,2.41,50489576.0,134216831.0,94797316501.0
2023-01-13,003816,2.42,2.43,2.41,2.43,38930971.0,103632538.0,95584016223.0
2023-01-16,003816,2.43,2.45,2.42,2.44,65477516.0,175390053.0,95977366084.0
2023-01-17,003816,2.44,2.45,2.42,2.43,48646455.0,129957834.0,95584016223.0
2023-01-18,003816,2.43,2.44,2.42,2.44,29563185.0,79048803.0,95977366084.0
2023-01-19,003816,2.44,2.45,2.42,2.44,44818294.0,119902097.0,95977366084.0
2023-01-20,003816,2.44,2.46,2.43,2.46,71896430.0,193863705.0,96764065806.0
2023-01-30,003816,2.47,2.48,2.45,2.45,91881900.0,248999598.0,96370715945.0
2023-01-31,003816,2.46,2.47,2.45,2.46,57831752.0,156414591.0,96764065806.0
2023-02-01,003816,2.46,2.48,2.45,2.47,76527539.0,207407267.0,97157415667.00002
2023-02-02,003816,2.47,2.48,2.45,2.46,73234279.0,198509269.0,96764065806.0
2023-02-03,003816,2.46,2.46,2.45,2.45,57826298.0,156103831.0,96370715945.0
2023-02-06,003816,2.45,2.46,2.45,2.45,48423659.0,130715625.0,96370715945.0
2023-02-07,003816,2.45,2.46,2.45,2.45,69729260.0,188258128.0,96370715945.0
2023-02-08,003816,2.45,2.46,2.45,2.45,43457948.0,117260315.0,96370715945.0
2023-02-09,003816,2.45,2.46,2.45,2.45,54991577.0,148353399.0,96370715945.0
2023-02-10,003816,2.45,2.47,2.45,2.46,76805345.0,207817718.0,96764065806.0
2023-02-13,003816,2.46,2.47,2.45,2.46,71864359.0,194793462.0,96764065806.0
2023-02-14,003816,2.47,2.47,2.45,2.46,49263519.0,133602857.0,96764065806.0
2023-02-15,003816,2.47,2.47,2.45,2.45,48806666.0,131975798.0,96370715945.0
2023-02-16,003816,2.45,2.47,2.45,2.45,96870207.0,262046212.0,96370715945.0
2023-02-17,003816,2.45,2.45,2.44,2.45,55394785.0,149022715.0,96370715945.0
2023-02-20,003816,2.45,2.47,2.44,2.46,81672014.0,220852077.0,96764065806.0
2023-02-21,003816,2.47,2.49,2.46,2.49,102675738.0,280300854.0,97944115389.00002
2023-02-22,003816,2.48,2.49,2.46,2.47,65418504.0,178340099.0,97157415667.00002
2023-02-23,003816,2.48,2.48,2.46,2.47,50043900.0,136263172.0,97157415667.00002
2023-02-24,003816,2.48,2.48,2.46,2.47,37903274.0,103089493.0,97157415667.00002
2023-02-27,003816,2.47,2.48,2.46,2.47,54049178.0,146820702.0,97157415667.00002
2023-02-28,003816,2.46,2.48,2.46,2.48,68642652.0,186650127.0,97550765528.0
2023-03-01,003816,2.48,2.52,2.47,2.51,163658880.0,449978292.0,98730815110.99998
2023-03-02,003816,2.51,2.56,2.5,2.54,185378375.0,517841936.0,99910864694.0
2023-03-03,003816,2.55,2.58,2.54,2.57,170927471.0,482219885.0,101090914277.0
2023-03-06,003816,2.59,2.62,2.56,2.57,153609527.0,436914492.0,101090914277.0
2023-03-07,003816,2.58,2.64,2.57,2.59,203378246.0,583965340.0,101877613999.0
2023-03-08,003816,2.58,2.59,2.56,2.58,91546081.0,259237617.0,101484264138.0
2023-03-09,003816,2.59,2.62,2.57,2.61,96266157.0,274948473.0,102664313721.0
2023-03-10,003816,2.59,2.6,2.56,2.56,88014534.0,249884372.0,100697564416.0
2023-03-13,003816,2.55,2.62,2.55,2.62,120918548.0,344865958.0,103057663582.0
2023-03-14,003816,2.61,2.64,2.58,2.61,100641473.0,288637038.0,102664313721.0
2023-03-15,003816,2.61,2.68,2.58,2.67,191103917.0,556553407.0,105024412887.0
2023-03-16,003816,2.65,2.65,2.62,2.63,143692367.0,416391641.0,103451013443.0
2023-03-17,003816,2.64,2.68,2.63,2.66,172551314.0,504469451.0,104631063026.0
2023-03-20,003816,2.65,2.74,2.65,2.66,249824943.0,740348693.0,104631063026.0
2023-03-21,003816,2.66,2.69,2.63,2.65,134287788.0,393327106.0,104237713165.0
2023-03-22,003816,2.66,2.73,2.65,2.7,173427397.0,514848099.0,106204462470.0
2023-03-23,003816,2.71,2.71,2.67,2.71,101193905.0,299616703.0,106597812331.0
2023-03-24,003816,2.7,2.72,2.65,2.66,140849957.0,416109906.0,104631063026.0
2023-03-27,003816,2.66,2.68,2.6,2.62,112822922.0,325545566.0,103057663582.0
2023-03-28,003816,2.62,2.64,2.59,2.6,74677738.0,214213170.0,102270963860.0
2023-03-29,003816,2.59,2.61,2.56,2.58,87407458.0,247986896.0,101484264138.0
2023-03-30,003816,2.59,2.64,2.58,2.62,96170525.0,275810005.0,103057663582.0
2023-03-31,003816,2.61,2.62,2.58,2.61,67557495.0,192924649.0,102664313721.0
2023-04-03,003816,2.6,2.62,2.58,2.6,89296391.0,255003073.0,102270963860.0
2023-04-04,003816,2.6,2.67,2.59,2.65,121406474.0,352586347.0,104237713165.0
2023-04-06,003816,2.67,2.68,2.65,2.66,76839214.0,224883698.0,104631063026.0
2023-04-07,003816,2.66,2.66,2.64,2.65,58409100.0,169961243.0,104237713165.0
2023-04-10,003816,2.65,2.67,2.62,2.65,106271490.0,309776330.0,104237713165.0
2023-04-11,003816,2.66,2.68,2.63,2.67,103447273.0,302356875.0,105024412887.0
2023-04-12,003816,2.67,2.74,2.66,2.73,149964560.0,447608377.0,107384512053.0
2023-04-13,003816,2.73,2.78,2.72,2.74,154297348.0,467060266.0,107777861914.00002
2023-04-14,003816,2.74,2.75,2.71,2.75,98975730.0,297778595.0,108171211775.0
2023-04-17,003816,2.74,2.77,2.73,2.76,123095485.0,373165781.0,108564561635.99998
2023-04-18,003816,2.76,2.76,2.73,2.75,77294024.0,233376683.0,108171211775.0
2023-04-19,003816,2.75,2.81,2.73,2.74,121042287.0,368248039.0,107777861914.00002
2023-04-20,003816,2.75,2.76,2.7,2.75,107816496.0,324576153.0,108171211775.0
2023-04-21,003816,2.75,2.79,2.73,2.73,100342443.0,304109002.0,107384512053.0
2023-04-24,003816,2.73,2.77,2.71,2.74,121912440.0,367114325.0,107777861914.00002
2023-04-25,003816,2.74,2.77,2.71,2.75,113795921.0,343337750.0,108171211775.0
2023-04-26,003816,2.77,2.8,2.71,2.77,194836497.0,589881981.0,108957911497.0
2023-04-27,003816,2.76,2.8,2.75,2.8,139613542.0,426649625.0,110137961080.0
2023-04-28,003816,2.8,2.85,2.77,2.82,182019417.0,562637257.0,110924660802.0
2023-05-04,003816,2.82,2.96,2.81,2.93,271799623.0,868694567.0,115251509273.0
2023-05-05,003816,2.95,2.97,2.85,2.9,245639239.0,782343956.0,114071459690.0
2023-05-08,003816,2.9,3.0,2.89,2.96,237814494.0,774164281.0,116431558856.0
2023-05-09,003816,2.98,2.99,2.89,2.9,215878100.0,699736585.0,114071459690.0
2023-05-10,003816,2.89,2.92,2.85,2.86,141282500.0,447115499.0,112498060246.0
2023-05-11,003816,2.86,3.04,2.85,2.94,240545765.0,779202230.0,115644859134.0
2023-05-12,003816,2.93,2.97,2.87,2.91,151158324.0,485007038.0,114464809551.0
2023-05-15,003816,2.92,2.94,2.8,2.89,214835380.0,675306355.0,113678109829.0
2023-05-16,003816,2.89,2.92,2.84,2.85,110137577.0,348576284.0,112104710385.0
2023-05-17,003816,2.85,2.89,2.82,2.88,94964300.0,299134169.0,113284759968.0
2023-05-18,003816,2.88,2.91,2.86,2.88,79279128.0,251845277.0,113284759968.0
2023-05-19,003816,2.86,2.88,2.83,2.83,88615511.0,277568121.0,111318010663.0
2023-05-22,003816,2.83,2.93,2.82,2.9,125959679.0,400271968.0,114071459690.0
2023-05-23,003816,2.9,2.9,2.82,2.83,87511792.0,274298649.0,111318010663.0
2023-05-24,003816,2.82,2.84,2.76,2.76,123103435.0,377188783.0,108564561635.99998
2023-05-25,003816,2.75,2.82,2.75,2.79,98137314.0,301171290.0,109744611219.0
2023-05-26,003816,2.79,2.85,2.78,2.82,74475454.0,230732722.0,110924660802.0
2023-05-29,003816,2.83,2.87,2.82,2.87,87780117.0,276131619.0,112891410107.0
2023-05-30,003816,2.86,2.9,2.84,2.86,67469229.0,212469437.0,112498060246.0
2023-05-31,003816,2.86,2.86,2.81,2.83,67304183.0,209667636.0,111318010663.0
2023-06-01,003816,2.84,2.88,2.82,2.83,76609523.0,239988365.0,111318010663.0
2023-06-02,003816,2.85,2.85,2.79,2.8,78755500.0,243693151.0,110137961080.0
2023-06-05,003816,2.8,2.81,2.76,2.77,92194235.0,282206793.0,108957911497.0
2023-06-06,003816,2.78,2.79,2.72,2.73,88783728.0,268738742.0,107384512053.0
2023-06-07,003816,2.73,2.75,2.72,2.74,75197103.0,225949776.0,107777861914.00002
2023-06-08,003816,2.74,2.78,2.73,2.78,73494641.0,222837256.0,109351261357.99998
2023-06-09,003816,2.76,2.84,2.75,2.83,109732974.0,338065909.0,111318010663.0
2023-06-12,003816,2.82,2.85,2.79,2.79,86139088.0,267073059.0,109744611219.0
2023-06-13,003816,2.78,2.83,2.77,2.79,55670811.0,170922043.0,109744611219.0
2023-06-14,003816,2.79,2.81,2.75,2.76,59010455.0,180325107.0,108564561635.99998
2023-06-15,003816,2.75,2.77,2.74,2.75,53041478.0,160399471.0,108171211775.0
2023-06-16,003816,2.75,2.77,2.75,2.75,70975549.0,214925533.0,108171211775.0
2023-06-19,003816,2.75,2.76,2.72,2.76,66145578.0,199488404.0,108564561635.99998
2023-06-20,003816,2.75,2.77,2.74,2.75,61204632.0,185197580.0,108171211775.0
2023-06-21,003816,2.75,2.77,2.74,2.75,62287323.0,189143566.0,108171211775.0
2023-06-26,003816,2.74,2.79,2.73,2.75,82769000.0,251127314.0,108171211775.0
2023-06-27,003816,2.76,2.81,2.71,2.81,116317749.0,353919589.0,110531310941.0
2023-06-28,003816,2.8,2.86,2.79,2.85,120155106.0,374767511.0,112104710385.0
2023-06-29,003816,2.85,2.89,2.83,2.85,99477098.0,312569275.0,112104710385.0
2023-06-30,003816,2.85,2.87,2.82,2.83,70294413.0,219317801.0,111318010663.0
2023-07-03,003816,2.83,2.86,2.83,2.85,59911457.0,187641363.0,112104710385.0
2023-07-04,003816,2.85,2.85,2.82,2.84,53314014.0,166068350.0,111711360524.0
2023-07-05,003816,2.83,2.85,2.81,2.81,47487829.0,147671631.0,110531310941.0
2023-07-06,003816,2.81,2.84,2.8,2.83,54940085.0,170489288.0,111318010663.0
2023-07-07,003816,2.84,2.88,2.82,2.86,95792159.0,292269686.0,112498060246.0
2023-07-10,003816,2.87,2.92,2.85,2.88,71281237.0,219166701.0,113284759968.0
2023-07-11,003816,2.88,2.88,2.84,2.87,61867235.0,189326989.0,112891410107.0
2023-07-12,003816,2.88,2.89,2.85,2.86,61667171.0,189017866.0,112498060246.0
2023-07-13,003816,2.86,2.87,2.83,2.85,80017120.0,244140349.0,112104710385.0
2023-07-14,003816,2.85,2.88,2.83,2.86,70520991.0,215410883.0,112498060246.0
2023-07-17,003816,2.85,2.87,2.84,2.85,53939231.0,164479739.0,112104710385.0
2023-07-18,003816,2.85,2.85,2.82,2.83,60155962.0,182472104.0,111318010663.0
2023-07-19,003816,2.83,2.87,2.83,2.86,67485262.0,205720925.0,112498060246.0
2023-07-20,003816,2.86,2.87,2.82,2.82,62506000.0,189647553.0,110924660802.0
2023-07-21,003816,2.82,2.83,2.81,2.82,48321806.0,145752642.0,110924660802.0
2023-07-24,003816,2.82,2.83,2.81,2.82,35773798.0,107818093.0,110924660802.0
2023-07-25,003816,2.83,2.83,2.82,2.82,51924702.0,156988195.0,110924660802.0
2023-07-26,003816,2.82,2.84,2.82,2.82,51789074.0,156526152.0,110924660802.0
2023-07-27,003816,2.82,2.86,2.82,2.83,74137972.0,225314691.0,111318010663.0
2023-07-28,003816,2.82,2.86,2.82,2.86,89496716.0,272299353.0,112498060246.0
2023-07-31,003816,2.86,2.93,2.85,2.91,151909316.0,469060521.0,114464809551.0
2023-08-01,003816,2.95,2.96,2.91,2.94,150499183.0,472408688.0,115644859134.0
2023-08-02,003816,2.93,2.93,2.88,2.89,101228200.0,313652640.0,113678109829.0
2023-08-03,003816,2.89,2.94,2.87,2.93,99857064.0,309973452.0,115251509273.0
2023-08-04,003816,2.93,2.96,2.91,2.92,81600695.0,255029734.0,114858159412.0
2023-08-07,003816,2.91,2.93,2.89,2.92,74716815.0,232630647.0,114858159412.0
2023-08-08,003816,2.92,2.94,2.9,2.91,68677697.0,213856138.0,114464809551.0
2023-08-09,003816,2.9,2.91,2.85,2.86,85823209.0,263184691.0,112498060246.0
2023-08-10,003816,2.87,2.89,2.84,2.87,64098167.0,196622676.0,112891410107.0
2023-08-11,003816,2.88,2.89,2.83,2.84,66551503.0,203407398.0,111711360524.0
2023-08-14,003816,2.83,2.88,2.82,2.87,85428242.0,260123685.0,112891410107.0
2023-08-15,003816,2.87,2.96,2.86,2.95,190569801.0,598183404.0,116038208995.0
2023-08-16,003816,2.95,2.96,2.92,2.96,118101150.0,372483862.0,116431558856.0
2023-08-17,003816,2.96,2.97,2.9,2.96,136910644.0,429891677.0,116431558856.0
2023-08-18,003816,2.96,2.99,2.95,2.96,93774944.0,297459879.0,116431558856.0
2023-08-21,003816,2.96,2.98,2.92,2.94,83048384.0,261893641.0,115644859134.0
2023-08-22,003816,2.95,2.97,2.92,2.96,96683227.0,304453654.0,116431558856.0
2023-08-23,003816,2.96,2.99,2.95,2.96,85531885.0,271756868.0,116431558856.0
2023-08-24,003816,2.96,2.96,2.86,2.88,142112226.0,440148583.0,113284759968.0
2023-08-25,003816,2.87,2.98,2.87,2.95,140585914.0,442923177.0,116038208995.0
2023-08-28,003816,3.05,3.09,2.95,2.96,144261625.0,461099943.0,116431558856.0
2023-08-29,003816,2.95,2.96,2.91,2.92,168196245.0,528802662.0,114858159412.0
2023-08-30,003816,2.92,2.96,2.87,2.88,102516900.0,318079138.0,113284759968.0
2023-08-31,003816,2.88,2.95,2.86,2.94,120007487.0,374872310.0,115644859134.0
2023-09-01,003816,2.94,2.96,2.93,2.96,79743109.0,251576466.0,116431558856.0
2023-09-04,003816,2.97,2.98,2.95,2.97,114578581.0,363749857.0,116824908717.00002
2023-09-05,003816,2.97,3.0,2.96,2.99,81914474.0,261521377.0,117611608439.00002
2023-09-06,003816,2.98,2.99,2.96,2.97,63760439.0,203074125.0,116824908717.00002
2023-09-07,003816,2.97,3.01,2.95,2.98,156922528.0,500546099.0,117218258578.0
2023-09-08,003816,2.99,3.01,2.96,3.0,88966711.0,284278525.0,118004958300.0
2023-09-11,003816,3.01,3.06,3.0,3.03,117703811.0,381553879.0,119185007882.99998
2023-09-12,003816,3.04,3.07,3.0,3.01,118111580.0,382898513.0,118398308160.99998
2023-09-13,003816,3.01,3.03,2.99,3.02,72163814.0,232492387.0,118791658022.0
2023-09-14,003816,3.03,3.06,3.02,3.05,98816883.0,321805707.0,119971707605.0
2023-09-15,003816,3.06,3.06,2.98,3.0,101288031.0,326968830.0,118004958300.0
2023-09-18,003816,3.0,3.01,2.96,2.99,95414672.0,303935856.0,117611608439.00002
2023-09-19,003816,2.99,3.04,2.97,3.02,97518576.0,314579088.0,118791658022.0
2023-09-20,003816,3.03,3.03,2.97,3.01,73184250.0,234776696.0,118398308160.99998
2023-09-21,003816,3.01,3.02,2.97,2.98,63144300.0,202416425.0,117218258578.0
2023-09-22,003816,2.99,3.0,2.96,2.96,86626989.0,274988033.0,116431558856.0
2023-09-25,003816,2.96,3.0,2.96,2.98,89149788.0,284607220.0,117218258578.0
2023-09-26,003816,2.99,3.01,2.97,2.98,52570448.0,168106337.0,117218258578.0
2023-09-27,003816,2.97,2.99,2.93,2.94,97317800.0,306855152.0,115644859134.0
2023-09-28,003816,2.95,2.96,2.93,2.94,51498598.0,161979400.0,115644859134.0
2023-10-09,003816,2.94,2.97,2.91,2.97,90278198.0,284404986.0,116824908717.00002
2023-10-10,003816,2.97,2.97,2.93,2.94,73617498.0,231574692.0,115644859134.0
2023-10-11,003816,2.93,2.94,2.88,2.89,85028550.0,264091586.0,113678109829.0
2023-10-12,003816,2.91,2.94,2.9,2.94,55860871.0,174590715.0,115644859134.0
2023-10-13,003816,2.92,2.93,2.88,2.89,60745500.0,188115384.0,113678109829.0
2023-10-16,003816,2.9,2.94,2.89,2.94,76614276.0,238727551.0,115644859134.0
2023-10-17,003816,2.94,2.96,2.92,2.94,70490408.0,221533510.0,115644859134.0
2023-10-18,003816,2.94,2.96,2.92,2.92,83465018.0,262411429.0,114858159412.0
2023-10-19,003816,2.93,2.93,2.86,2.87,108423400.0,334019886.0,112891410107.0
2023-10-20,003816,2.87,2.89,2.83,2.86,78264810.0,239472864.0,112498060246.0
2023-10-23,003816,2.85,2.87,2.78,2.81,75551449.0,227947919.0,110531310941.0
2023-10-24,003816,2.8,2.83,2.78,2.82,97464807.0,292885815.0,110924660802.0
2023-10-25,003816,2.82,2.86,2.82,2.82,69398976.0,210337538.0,110924660802.0
2023-10-26,003816,2.81,2.83,2.76,2.82,99815108.0,297998679.0,110924660802.0
2023-10-27,003816,2.82,2.85,2.81,2.82,84445400.0,255466313.0,110924660802.0
2023-10-30,003816,2.82,2.82,2.78,2.78,119687508.0,357105671.0,109351261357.99998
2023-10-31,003816,2.78,2.79,2.77,2.78,59512449.0,176755626.0,109351261357.99998
2023-11-01,003816,2.78,2.82,2.77,2.8,88803800.0,265395068.0,110137961080.0
2023-11-02,003816,2.8,2.86,2.79,2.83,119244057.0,360473731.0,111318010663.0
2023-11-03,003816,2.83,2.86,2.8,2.8,109935959.0,331217120.0,110137961080.0
2023-11-06,003816,2.81,2.82,2.77,2.78,108662325.0,323363495.0,109351261357.99998
2023-11-07,003816,2.78,2.79,2.76,2.77,64003700.0,189582861.0,108957911497.0
2023-11-08,003816,2.77,2.78,2.74,2.74,77692692.0,228919858.0,107777861914.00002
2023-11-09,003816,2.74,2.77,2.74,2.77,70672553.0,208307519.0,108957911497.0
2023-11-10,003816,2.76,2.77,2.72,2.74,73066375.0,214180792.0,107777861914.00002
2023-11-13,003816,2.75,2.78,2.74,2.76,63642699.0,187585259.0,108564561635.99998
2023-11-14,003816,2.76,2.81,2.75,2.8,106882500.0,318057304.0,110137961080.0
2023-11-15,003816,2.8,2.82,2.76,2.79,75935704.0,225910647.0,109744611219.0
2023-11-16,003816,2.79,2.8,2.77,2.79,61004792.0,181637004.0,109744611219.0
2023-11-17,003816,2.79,2.79,2.75,2.76,62743000.0,185583570.0,108564561635.99998
2023-11-20,003816,2.77,2.79,2.76,2.77,69407571.0,205563532.0,108957911497.0
2023-11-21,003816,2.77,2.78,2.76,2.76,67348710.0,199271718.0,108564561635.99998
2023-11-22,003816,2.76,2.77,2.73,2.73,50302804.0,147840558.0,107384512053.0
2023-11-23,003816,2.74,2.76,2.73,2.75,51634300.0,151506326.0,108171211775.0
2023-11-24,003816,2.75,2.77,2.74,2.75,55697861.0,164249125.0,108171211775.0
2023-11-27,003816,2.76,2.76,2.74,2.75,58859400.0,173048281.0,108171211775.0
2023-11-28,003816,2.75,2.76,2.72,2.75,82896275.0,242715925.0,108171211775.0
2023-11-29,003816,2.75,2.81,2.75,2.79,124460823.0,369054031.0,109744611219.0
2023-11-30,003816,2.77,2.84,2.77,2.83,202995410.0,611650655.0,111318010663.0
2023-12-01,003816,2.82,2.84,2.81,2.82,89977328.0,271750912.0,110924660802.0
2023-12-04,003816,2.82,2.86,2.82,2.84,89570109.0,272410872.0,111711360524.0
2023-12-05,003816,2.84,2.86,2.82,2.83,110543800.0,336995460.0,111318010663.0
2023-12-06,003816,2.83,2.83,2.79,2.82,95386093.0,286107612.0,110924660802.0
2023-12-07,003816,2.82,2.83,2.79,2.82,66292177.0,199351918.0,110924660802.0
2023-12-08,003816,2.82,2.86,2.82,2.83,88627694.0,268905072.0,111318010663.0
2023-12-11,003816,2.83,2.87,2.79,2.87,137004957.0,415392475.0,112891410107.0
2023-12-12,003816,2.86,2.91,2.85,2.89,81580877.0,251889713.0,113678109829.0
2023-12-13,003816,2.89,2.92,2.88,2.9,69305898.0,214667921.0,114071459690.0
2023-12-14,003816,2.91,2.92,2.89,2.9,64952676.0,201652646.0,114071459690.0
2023-12-15,003816,2.91,2.94,2.86,2.87,74021209.0,229089272.0,112891410107.0
2023-12-18,003816,2.89,2.93,2.86,2.9,103458757.0,321407038.0,114071459690.0
2023-12-19,003816,2.91,2.91,2.87,2.9,71508574.0,221189842.0,114071459690.0
2023-12-20,003816,2.91,2.95,2.9,2.92,103050703.0,322477638.0,114858159412.0
2023-12-21,003816,2.92,2.92,2.88,2.9,96905017.0,300131659.0,114071459690.0
2023-12-22,003816,2.91,2.94,2.89,2.92,84356359.0,263292321.0,114858159412.0
2023-12-25,003816,2.91,2.96,2.89,2.94,83522491.0,260754284.0,115644859134.0
2023-12-26,003816,2.93,2.96,2.92,2.92,45136304.0,141462528.0,114858159412.0
2023-12-27,003816,2.92,2.95,2.9,2.94,63560693.0,198794454.0,115644859134.0
2023-12-28,003816,2.94,2.96,2.86,2.87,140256321.0,433912117.0,112891410107.0
2023-12-29,003816,2.87,2.91,2.86,2.91,86296621.0,266945594.0,114464809551.0
2024-01-02,003816,2.91,3.01,2.9,2.99,175735580.0,558905482.0,117611608439.00002
2024-01-03,003816,2.99,3.07,2.98,3.06,146875159.0,475990030.0,120365057466.0
2024-01-04,003816,3.05,3.09,3.03,3.08,143405856.0,468918457.0,121151757188.0
2024-01-05,003816,3.08,3.11,3.05,3.07,108759576.0,357515662.0,120758407327.0
2024-01-08,003816,3.07,3.11,3.04,3.11,186359988.0,614853178.0,122331806771.0
2024-01-09,003816,3.1,3.16,3.04,3.14,172579690.0,575984791.0,123511856354.0
2024-01-10,003816,3.15,3.18,3.11,3.14,107774743.0,362335607.0,123511856354.0
2024-01-11,003816,3.13,3.16,3.11,3.13,119204043.0,400189702.0,123118506493.0
2024-01-12,003816,3.12,3.22,3.11,3.21,144120444.0,490068073.0,126265305381.0
2024-01-15,003816,3.21,3.22,3.16,3.19,120693574.0,412379916.0,125478605659.0
2024-01-16,003816,3.18,3.23,3.16,3.22,132866589.0,454328184.0,126658655242.00002
2024-01-17,003816,3.22,3.23,3.15,3.16,111014525.0,379091863.0,124298556076.0
2024-01-18,003816,3.15,3.16,3.05,3.15,176195352.0,584724129.0,123905206215.0
2024-01-19,003816,3.16,3.17,3.12,3.13,128271631.0,431621477.0,123118506493.0
2024-01-22,003816,3.14,3.15,3.03,3.05,145490379.0,481442421.0,119971707605.0
2024-01-23,003816,3.05,3.11,2.99,3.1,123908073.0,404695055.0,121938456910.0
2024-01-24,003816,3.11,3.22,3.1,3.19,174871732.0,591790936.0,125478605659.0
2024-01-25,003816,3.21,3.35,3.19,3.34,215828713.0,758219821.0,131378853574.0
2024-01-26,003816,3.34,3.36,3.27,3.34,144891915.0,513757935.0,131378853574.0
2024-01-29,003816,3.34,3.47,3.33,3.39,220558306.0,805424273.0,133345602879.0
2024-01-30,003816,3.36,3.49,3.33,3.42,192095908.0,705391982.0,134525652462.0
2024-01-31,003816,3.4,3.6,3.4,3.57,285801663.0,1076337026.0,140425900377.0
2024-02-01,003816,3.53,3.55,3.41,3.45,251111284.0,929982980.0,135705702045.0
2024-02-02,003816,3.42,3.53,3.37,3.48,216910409.0,804265528.0,136885751628.0
2024-02-05,003816,3.45,3.53,3.43,3.5,186306847.0,696030377.0,137672451350.0
2024-02-06,003816,3.48,3.66,3.46,3.54,276408887.0,1044386008.0,139245850794.0
2024-02-07,003816,3.53,3.53,3.42,3.49,243434303.0,904565337.0,137279101489.00002
2024-02-08,003816,3.49,3.56,3.39,3.51,213337612.0,788969578.0,138065801211.0
2024-02-19,003816,3.51,3.64,3.47,3.63,206061979.0,785847916.0,142785999543.0
2024-02-20,003816,3.63,3.8,3.58,3.73,191864163.0,760595823.0,146719498153.0
2024-02-21,003816,3.71,3.75,3.66,3.69,133390576.0,528717531.0,145146098709.0
2024-02-22,003816,3.68,3.73,3.67,3.71,112097438.0,442797803.0,145932798431.0
2024-02-23,003816,3.7,3.73,3.64,3.69,156792235.0,615150893.0,145146098709.0
2024-02-26,003816,3.67,3.68,3.53,3.56,195667293.0,749378529.0,140032550516.0
2024-02-27,003816,3.53,3.57,3.51,3.56,142774565.0,539924347.0,140032550516.0
2024-02-28,003816,3.55,3.62,3.52,3.56,157629324.0,601941305.0,140032550516.0
2024-02-29,003816,3.56,3.62,3.54,3.61,136472856.0,523363249.0,141999299821.0
2024-03-01,003816,3.61,3.67,3.55,3.57,125666184.0,483693594.0,140425900377.0
2024-03-04,003816,3.56,3.71,3.54,3.71,173595853.0,674844153.0,145932798431.0
2024-03-05,003816,3.7,3.84,3.69,3.82,205321238.0,830638736.0,150259646902.0
2024-03-06,003816,3.83,3.85,3.76,3.79,134313383.0,547228007.0,149079597319.0
2024-03-07,003816,3.78,3.85,3.76,3.81,97307400.0,397550441.0,149866297041.0
2024-03-08,003816,3.8,3.88,3.78,3.86,97795801.0,401424763.0,151833046346.0
2024-03-11,003816,3.89,3.9,3.72,3.77,164363511.0,662411391.0,148292897597.0
2024-03-12,003816,3.75,3.76,3.52,3.55,311912554.0,1203837632.0,139639200655.0
2024-03-13,003816,3.53,3.57,3.46,3.54,184264827.0,692075554.0,139245850794.0
2024-03-14,003816,3.53,3.58,3.51,3.56,123158093.0,467436451.0,140032550516.0
2024-03-15,003816,3.56,3.61,3.54,3.57,120045295.0,459176054.0,140425900377.0
2024-03-18,003816,3.56,3.67,3.54,3.62,121100498.0,467923654.0,142392649682.0
2024-03-19,003816,3.62,3.63,3.57,3.57,92532427.0,355682304.0,140425900377.0
2024-03-20,003816,3.58,3.66,3.57,3.61,143600564.0,556610669.0,141999299821.0
2024-03-21,003816,3.63,3.64,3.54,3.63,130309782.0,501093636.0,142785999543.0
2024-03-22,003816,3.6,3.66,3.57,3.6,112695913.0,434460708.0,141605949960.0
2024-03-25,003816,3.59,3.64,3.57,3.59,108799158.0,420162751.0,141212600099.0
2024-03-26,003816,3.59,3.72,3.57,3.71,170046439.0,661438400.0,145932798431.0
2024-03-27,003816,3.69,3.71,3.61,3.68,154387671.0,604173192.0,144752748848.0
2024-03-28,003816,3.63,3.73,3.62,3.72,137252186.0,540206526.0,146326148292.0
2024-03-29,003816,3.71,3.79,3.7,3.78,123710057.0,497831430.0,148686247458.0
2024-04-01,003816,3.78,3.83,3.7,3.72,140737765.0,566146255.0,146326148292.0
2024-04-02,003816,3.7,3.78,3.69,3.75,102603021.0,411591357.0,147506197875.0
2024-04-03,003816,3.73,3.76,3.66,3.73,113938471.0,450994438.0,146719498153.0
2024-04-08,003816,3.72,3.88,3.7,3.84,170306108.0,695332446.0,151046346624.0
2024-04-09,003816,3.85,3.86,3.78,3.78,131579167.0,535846787.0,148686247458.0
2024-04-10,003816,3.78,3.87,3.77,3.84,116731200.0,478551910.0,151046346624.0
2024-04-11,003816,3.83,3.89,3.82,3.85,107030308.0,442141622.0,151439696485.0
2024-04-12,003816,3.85,3.88,3.82,3.83,87772908.0,360469053.0,150652996763.0
2024-04-15,003816,3.83,3.99,3.81,3.98,160298974.0,672109368.0,156553244678.0
2024-04-16,003816,3.98,4.04,3.86,3.93,155077797.0,655470722.0,154586495373.0
2024-04-17,003816,3.91,4.02,3.85,4.0,134570819.0,566670897.0,157339944400.0
2024-04-18,003816,3.98,4.04,3.9,3.94,149375812.0,633074814.0,154979845234.0
2024-04-19,003816,3.91,4.02,3.9,3.97,116406525.0,494356908.0,156159894817.0
2024-04-22,003816,3.99,4.04,3.91,3.96,155205109.0,658367590.0,155766544956.0
2024-04-23,003816,3.95,3.96,3.85,3.87,102551679.0,426633955.0,152226396207.0
2024-04-24,003816,3.89,3.98,3.87,3.96,125483123.0,528167258.0,155766544956.0
2024-04-25,003816,3.96,3.98,3.88,3.91,103552772.0,433718143.0,153799795651.0
2024-04-26,003816,3.91,3.94,3.76,3.8,237357104.0,969576368.0,149472947180.0
2024-04-29,003816,3.78,3.82,3.72,3.78,153887004.0,619870815.0,148686247458.0
2024-04-30,003816,3.78,3.87,3.77,3.84,125826923.0,516554536.0,151046346624.0
2024-05-06,003816,3.86,3.87,3.75,3.83,140513281.0,570589312.0,150652996763.0
2024-05-07,003816,3.83,3.85,3.78,3.81,106979659.0,436115108.0,149866297041.0
2024-05-08,003816,3.79,3.84,3.79,3.82,78173417.0,319041395.0,150259646902.0
2024-05-09,003816,3.82,3.83,3.77,3.8,110402144.0,448500505.0,149472947180.0
2024-05-10,003816,3.81,3.83,3.79,3.82,103922500.0,423484613.0,150259646902.0
2024-05-13,003816,3.82,3.89,3.8,3.86,136453600.0,561642780.0,151833046346.0
2024-05-14,003816,3.85,3.86,3.78,3.83,123145432.0,501704466.0,150652996763.0
2024-05-15,003816,3.82,3.84,3.76,3.77,74217556.0,301096549.0,148292897597.0
2024-05-16,003816,3.77,3.78,3.71,3.71,111791885.0,446952418.0,145932798431.0
2024-05-17,003816,3.7,3.76,3.69,3.73,93088575.0,371348600.0,146719498153.0
2024-05-20,003816,3.72,3.78,3.68,3.76,132443624.0,527345916.0,147899547736.0
2024-05-21,003816,3.75,3.77,3.73,3.75,73206724.0,293271622.0,147506197875.0
2024-05-22,003816,3.75,3.81,3.74,3.75,99928600.0,403093346.0,147506197875.0
2024-05-23,003816,3.75,3.79,3.7,3.73,93578000.0,374063880.0,146719498153.0
2024-05-24,003816,3.72,3.85,3.7,3.83,198803610.0,809340921.0,150652996763.0
2024-05-27,003816,3.83,3.93,3.83,3.9,125081094.0,520785627.0,153406445790.0
2024-05-28,003816,3.89,3.98,3.88,3.96,134299508.0,566097913.0,155766544956.0
2024-05-29,003816,3.96,3.99,3.9,3.98,109997009.0,465285925.0,156553244678.0
2024-05-30,003816,3.98,4.02,3.92,3.95,91391436.0,387667414.0,155373195095.0
2024-05-31,003816,3.95,3.98,3.89,3.92,101357336.0,425517631.0,154193145512.0
2024-06-03,003816,3.91,4.02,3.91,3.98,133457282.0,566746542.0,156553244678.0
2024-06-04,003816,3.99,4.01,3.93,3.98,115374309.0,489324584.0,156553244678.0
2024-06-05,003816,3.98,4.03,3.97,3.98,116458334.0,497789865.0,156553244678.0
2024-06-06,003816,3.98,4.12,3.97,4.06,194931340.0,848769690.0,159700043565.99997
2024-06-07,003816,4.05,4.14,4.02,4.12,141737120.0,618609402.0,162060142732.0
2024-06-11,003816,4.12,4.16,3.98,4.06,172813552.0,749304124.0,159700043565.99997
2024-06-12,003816,4.04,4.15,4.0,4.12,131767176.0,577930803.0,162060142732.0
2024-06-13,003816,4.14,4.28,4.11,4.23,142368627.0,641589048.0,166386991203.00003
2024-06-14,003816,4.23,4.23,4.03,4.09,181755448.0,801553787.0,160880093149.0
2024-06-17,003816,4.05,4.11,4.01,4.06,117804432.0,510086548.0,159700043565.99997
2024-06-18,003816,4.04,4.09,3.98,4.07,110536165.0,476844082.0,160093393427.0
2024-06-19,003816,4.08,4.12,4.03,4.05,78914525.0,343401241.0,159306693705.0
2024-06-20,003816,4.06,4.12,4.03,4.1,119969267.0,524281467.0,161273443010.0
2024-06-21,003816,4.1,4.14,4.04,4.07,98012418.0,428256097.0,160093393427.0
2024-06-24,003816,4.06,4.19,4.05,4.12,145882700.0,645269959.0,162060142732.0
2024-06-25,003816,4.12,4.27,4.08,4.21,160523609.0,716438475.0,165600291481.0
2024-06-26,003816,4.19,4.25,4.12,4.22,120137270.0,536427830.0,165993641342.0
2024-06-27,003816,4.21,4.31,4.16,4.17,147307145.0,665995677.0,164026892037.0
2024-06-28,003816,4.16,4.34,4.14,4.33,177153367.0,806175805.0,170320489813.0
2024-07-01,003816,4.34,4.52,4.33,4.43,194585786.0,922619963.0,174253988423.0
2024-07-02,003816,4.44,4.52,4.39,4.48,148156472.0,705355407.0,176220737728.00003
2024-07-03,003816,4.47,4.51,4.43,4.48,102583482.0,490296050.0,176220737728.00003
2024-07-04,003816,4.47,4.55,4.46,4.48,100752600.0,483932848.0,176220737728.00003
2024-07-05,003816,4.48,4.51,4.4,4.48,101398395.0,481732791.0,176220737728.00003
2024-07-08,003816,4.48,4.72,4.47,4.64,194945582.0,963166300.0,182514335504.0
2024-07-09,003816,4.63,4.77,4.56,4.71,195566061.0,974963664.0,185267784531.0
2024-07-10,003816,4.75,4.77,4.54,4.6,192357035.0,930682891.0,180940936060.0
2024-07-11,003816,4.59,4.67,4.52,4.66,138562770.0,668444698.0,183301035226.0
2024-07-12,003816,4.65,4.74,4.55,4.57,152008803.0,736657683.0,179760886477.0
2024-07-15,003816,4.56,4.69,4.49,4.68,136845158.0,664448338.0,184087734948.0
2024-07-16,003816,4.68,4.82,4.64,4.77,153876247.0,765170475.0,187627883696.99997
2024-07-17,003816,4.76,4.78,4.62,4.68,161357635.0,796278305.0,184087734948.0
2024-07-18,003816,4.63,4.8,4.6,4.8,161189473.0,798489605.0,188807933280.0
2024-07-19,003816,4.77,4.84,4.73,4.77,135018941.0,675817494.0,187627883696.99997
2024-07-22,003816,4.77,4.77,4.61,4.72,141094497.0,693559880.0,185661134392.0
2024-07-23,003816,4.7,4.77,4.68,4.73,106196515.0,527694801.0,186054484253.00003
2024-07-24,003816,4.71,4.98,4.7,4.97,233480291.0,1197472996.0,195494880917.0
2024-07-25,003816,4.98,5.0,4.88,4.97,179105266.0,928538318.0,195494880917.0
2024-07-26,003816,4.94,4.96,4.77,4.84,206825354.0,1049253571.0,190381332724.0
2024-07-29,003816,4.8,4.87,4.77,4.84,94340870.0,477288507.0,190381332724.0
2024-07-30,003816,4.84,4.88,4.69,4.73,157454445.0,786597968.0,186054484253.00003
2024-07-31,003816,4.69,4.71,4.42,4.46,357665472.0,1689731676.0,175434038006.0
2024-08-01,003816,4.42,4.6,4.42,4.53,192152028.0,913612357.0,178187487033.0
2024-08-02,003816,4.5,4.56,4.43,4.5,126693121.0,596893477.0,177007437450.0
2024-08-05,003816,4.44,4.54,4.39,4.5,162147929.0,762463959.0,177007437450.0
2024-08-06,003816,4.48,4.55,4.42,4.5,142441604.0,671037699.0,177007437450.0
2024-08-07,003816,4.5,4.72,4.48,4.65,169573343.0,825415054.0,182907685365.0
2024-08-08,003816,4.64,4.72,4.56,4.57,131253546.0,635132374.0,179760886477.0
2024-08-09,003816,4.55,4.57,4.49,4.52,84424356.0,400741152.0,177794137171.99997
2024-08-12,003816,4.54,4.59,4.42,4.47,127756441.0,602565435.0,175827387867.0
2024-08-13,003816,4.44,4.53,4.44,4.49,86632410.0,407039374.0,176614087589.0
2024-08-14,003816,4.47,4.62,4.44,4.55,153357687.0,732068520.0,178974186755.0
2024-08-15,003816,4.56,4.63,4.52,4.6,108725006.0,522963424.0,180940936060.0
2024-08-16,003816,4.61,4.64,4.55,4.6,105330864.0,508178533.0,180940936060.0
2024-08-19,003816,4.61,4.76,4.6,4.74,140792204.0,694681976.0,186447834114.0
2024-08-20,003816,4.81,4.85,4.65,4.75,183174200.0,906805957.0,186841183975.0
2024-08-21,003816,4.73,4.73,4.6,4.66,108779438.0,530972668.0,183301035226.0
2024-08-22,003816,4.64,4.84,4.6,4.82,157572891.0,785409417.0,189594633002.0
2024-08-23,003816,4.78,4.84,4.7,4.76,135241216.0,674392513.0,187234533836.0
2024-08-26,003816,4.74,4.77,4.65,4.69,103082864.0,506690480.0,184481084809.00003
2024-08-27,003816,4.68,4.72,4.64,4.72,82931276.0,407921640.0,185661134392.0
2024-08-28,003816,4.69,4.78,4.68,4.7,124530488.0,616961344.0,184874434670.0
2024-08-29,003816,4.67,4.68,4.53,4.56,166022605.0,797723779.0,179367536615.99997
2024-08-30,003816,4.51,4.58,4.46,4.56,161414813.0,767684145.0,179367536615.99997
2024-09-02,003816,4.53,4.6,4.48,4.57,114482484.0,549151675.0,179760886477.0
2024-09-03,003816,4.57,4.6,4.25,4.28,282502601.0,1292867568.0,168353740508.0
2024-09-04,003816,4.23,4.29,4.18,4.2,163290428.0,722382580.0,165206941620.0
2024-09-05,003816,4.2,4.23,4.14,4.16,125596851.0,550522590.0,163633542176.0
2024-09-06,003816,4.15,4.2,4.0,4.04,126890924.0,545127541.0,158913343844.0
2024-09-09,003816,3.99,4.07,3.94,4.02,144602763.0,606202816.0,158126644121.99997
2024-09-10,003816,4.02,4.05,3.92,3.96,133978675.0,557918630.0,155766544956.0
2024-09-11,003816,3.96,3.96,3.74,3.76,251561840.0,1005169614.0,147899547736.0
2024-09-12,003816,3.76,3.78,3.7,3.72,175479500.0,687620160.0,146326148292.0
2024-09-13,003816,3.71,3.8,3.69,3.76,129995347.0,514000837.0,147899547736.0
2024-09-18,003816,3.76,3.84,3.72,3.77,126325432.0,500609890.0,148292897597.0
2024-09-19,003816,3.77,3.78,3.69,3.77,143666020.0,563468057.0,148292897597.0
2024-09-20,003816,3.76,3.79,3.72,3.77,123891743.0,488179760.0,148292897597.0
2024-09-23,003816,3.77,3.92,3.76,3.88,165613912.0,670655987.0,152619746068.0
2024-09-24,003816,3.9,4.05,3.83,4.03,198009594.0,823015486.0,158519993983.0
2024-09-25,003816,4.05,4.16,3.96,3.98,260393798.0,1108333158.0,156553244678.0
2024-09-26,003816,3.97,4.01,3.92,4.0,198344082.0,826044163.0,157339944400.0
2024-09-27,003816,4.0,4.06,3.92,4.0,333763371.0,1390642641.0,157339944400.0
2024-09-30,003816,4.02,4.32,4.02,4.29,569084159.0,2476589159.0,168747090369.0
2024-10-08,003816,4.69,4.69,4.17,4.29,603656372.0,2772897020.0,168747090369.0
2024-10-09,003816,4.3,4.3,3.96,3.98,359855412.0,1549796503.0,156553244678.0
2024-10-10,003816,3.99,4.28,3.99,4.15,363418423.0,1587363622.0,163240192315.0
2024-10-11,003816,4.16,4.17,3.98,4.03,216460902.0,925930165.0,158519993983.0
2024-10-14,003816,4.04,4.16,4.0,4.1,204851511.0,880878081.0,161273443010.0
2024-10-15,003816,4.11,4.11,3.98,3.99,182708270.0,774449883.0,156946594539.0
2024-10-16,003816,3.96,4.03,3.93,3.99,131145961.0,548543057.0,156946594539.0
2024-10-17,003816,4.02,4.12,4.01,4.02,201653051.0,859073176.0,158126644121.99997
2024-10-18,003816,4.03,4.08,3.96,4.05,227827784.0,959439800.0,159306693705.0
2024-10-21,003816,4.05,4.05,3.97,3.98,201087484.0,842013899.0,156553244678.0
2024-10-22,003816,3.97,4.07,3.96,4.06,217065102.0,917329823.0,159700043565.99997
2024-10-23,003816,4.06,4.11,4.01,4.02,193259192.0,819395958.0,158126644121.99997
2024-10-24,003816,4.0,4.01,3.96,3.97,150890387.0,630268953.0,156159894817.0
2024-10-25,003816,3.98,3.99,3.87,3.91,259626516.0,1064422301.0,153799795651.0
2024-10-28,003816,3.9,3.94,3.86,3.94,179475189.0,735445757.0,154979845234.0
2024-10-29,003816,3.93,3.95,3.88,3.9,127467106.0,522883948.0,153406445790.0
2024-10-30,003816,3.88,3.89,3.81,3.85,154557623.0,623065548.0,151439696485.0
2024-10-31,003816,3.86,3.9,3.84,3.85,184755780.0,749226166.0,151439696485.0
2024-11-01,003816,3.83,3.91,3.81,3.89,194230998.0,788531183.0,153013095929.0
2024-11-04,003816,3.88,3.91,3.84,3.88,132287700.0,536749701.0,152619746068.0
2024-11-05,003816,3.87,3.94,3.85,3.94,191803522.0,785083259.0,154979845234.0
2024-11-06,003816,3.93,3.95,3.89,3.91,138969800.0,570872078.0,153799795651.0
2024-11-07,003816,3.9,3.96,3.88,3.96,158750193.0,655318991.0,155766544956.0
2024-11-08,003816,3.98,4.02,3.93,3.95,185172347.0,771272002.0,155373195095.0
2024-11-11,003816,3.93,3.94,3.86,3.89,170703609.0,694534813.0,153013095929.0
2024-11-12,003816,3.87,3.89,3.82,3.83,180058560.0,727549674.0,150652996763.0
2024-11-13,003816,3.83,3.92,3.79,3.9,226464500.0,921464986.0,153406445790.0
2024-11-14,003816,3.9,3.94,3.84,3.84,132093738.0,538023580.0,151046346624.0
2024-11-15,003816,3.83,3.95,3.82,3.92,229037983.0,937637746.0,154193145512.0
2024-11-18,003816,3.92,3.99,3.89,3.96,238114726.0,987306856.0,155766544956.0
2024-11-19,003816,3.95,3.96,3.86,3.91,201914786.0,825612761.0,153799795651.0
2024-11-20,003816,3.9,3.96,3.88,3.95,179117823.0,738278715.0,155373195095.0
2024-11-21,003816,3.95,4.01,3.94,3.98,190651813.0,797466608.0,156553244678.0
2024-11-22,003816,3.99,4.02,3.86,3.86,151498849.0,625353552.0,151833046346.0
2024-11-25,003816,3.88,3.89,3.74,3.76,219215807.0,874573834.0,147899547736.0
2024-11-26,003816,3.74,3.77,3.71,3.72,125589733.0,491477425.0,146326148292.0
2024-11-27,003816,3.72,3.75,3.67,3.75,117492090.0,457779727.0,147506197875.0
2024-11-28,003816,3.75,3.76,3.7,3.72,108453292.0,424077403.0,146326148292.0
2024-11-29,003816,3.71,3.75,3.7,3.73,104968500.0,410693174.0,146719498153.0
2024-12-02,003816,3.71,3.76,3.7,3.75,130053500.0,509325267.0,147506197875.0
2024-12-03,003816,3.75,3.85,3.73,3.85,200368973.0,797818622.0,151439696485.0
2024-12-04,003816,3.83,3.89,3.8,3.87,141633639.0,571978170.0,152226396207.0
2024-12-05,003816,3.86,3.89,3.81,3.85,115173051.0,464827032.0,151439696485.0
2024-12-06,003816,3.85,3.9,3.84,3.87,108751920.0,442583659.0,152226396207.0
2024-12-09,003816,3.87,3.91,3.85,3.89,103639327.0,422550020.0,153013095929.0
2024-12-10,003816,3.93,3.94,3.86,3.87,155439693.0,634194701.0,152226396207.0
2024-12-11,003816,3.86,3.89,3.85,3.87,102077425.0,413804618.0,152226396207.0
2024-12-12,003816,3.87,3.87,3.83,3.86,132117365.0,533425773.0,151833046346.0
2024-12-13,003816,3.85,3.85,3.79,3.8,162809636.0,651310443.0,149472947180.0
2024-12-16,003816,3.8,3.91,3.8,3.91,235151064.0,955363975.0,153799795651.0
2024-12-17,003816,3.9,3.97,3.89,3.92,188526622.0,779086402.0,154193145512.0
2024-12-18,003816,3.93,4.0,3.92,3.94,176477927.0,733766069.0,154979845234.0
2024-12-19,003816,3.92,3.94,3.86,3.88,116532386.0,476357519.0,152619746068.0
2024-12-20,003816,3.88,3.9,3.81,3.82,126930588.0,511263056.0,150259646902.0
2024-12-23,003816,3.82,3.98,3.78,3.95,288228828.0,1184857382.0,155373195095.0
2024-12-24,003816,3.93,3.97,3.91,3.96,137191895.0,568208279.0,155766544956.0
2024-12-25,003816,3.96,4.0,3.94,3.98,144377295.0,602187524.0,156553244678.0
2024-12-26,003816,3.97,4.02,3.88,3.9,244994911.0,1009417056.0,153406445790.0
2024-12-27,003816,3.9,3.96,3.89,3.95,146302258.0,602685688.0,155373195095.0
2024-12-30,003816,3.95,3.98,3.92,3.94,121058191.0,500712703.0,154979845234.0
2024-12-31,003816,3.93,3.99,3.92,3.94,182928314.0,760170858.0,154979845234.0
2025-01-02,003816,3.94,3.96,3.75,3.76,269349180.0,1084138454.0,147899547736.0
2025-01-03,003816,3.77,3.78,3.69,3.71,164486641.0,644970705.0,145932798431.0
2025-01-06,003816,3.69,3.71,3.57,3.6,198602527.0,758242005.0,141605949960.0
2025-01-07,003816,3.6,3.61,3.53,3.58,169014653.0,631766513.0,140819250238.0
2025-01-08,003816,3.58,3.67,3.57,3.62,180021939.0,684838953.0,142392649682.0
2025-01-09,003816,3.63,3.64,3.51,3.52,188910900.0,703292741.0,138459151072.0
2025-01-10,003816,3.5,3.51,3.43,3.43,165930985.0,601944270.0,134919002323.0
2025-01-13,003816,3.39,3.42,3.32,3.41,183471153.0,648544372.0,134132302601.0
2025-01-14,003816,3.41,3.49,3.4,3.48,127345678.0,461484806.0,136885751628.0
2025-01-15,003816,3.48,3.52,3.46,3.47,109325410.0,400198697.0,136492401767.00002
2025-01-16,003816,3.48,3.51,3.43,3.46,120245984.0,437700893.0,136099051906.0
2025-01-17,003816,3.45,3.47,3.39,3.45,96054328.0,346986083.0,135705702045.0
2025-01-20,003816,3.47,3.48,3.41,3.42,122286898.0,440910246.0,134525652462.0
2025-01-21,003816,3.44,3.45,3.41,3.41,87740520.0,315442307.0,134132302601.0
2025-01-22,003816,3.42,3.44,3.39,3.42,102604769.0,367916497.0,134525652462.0
2025-01-23,003816,3.45,3.54,3.43,3.44,149801129.0,546800850.0,135312352184.0
2025-01-24,003816,3.44,3.47,3.38,3.45,154233780.0,554943684.0,135705702045.0
2025-01-27,003816,3.45,3.54,3.45,3.52,190071599.0,700668471.0,138459151072.0
2025-02-05,003816,3.52,3.53,3.46,3.49,133418430.0,487716412.0,137279101489.00002
2025-02-06,003816,3.49,3.54,3.47,3.53,124645076.0,457792829.0,138852500933.0
2025-02-07,003816,3.53,3.56,3.51,3.54,131252326.0,485883432.0,139245850794.0
2025-02-10,003816,3.53,3.55,3.49,3.51,155158581.0,571388122.0,138065801211.0
2025-02-11,003816,3.51,3.53,3.49,3.5,107163481.0,393915667.0,137672451350.0
2025-02-12,003816,3.5,3.52,3.49,3.51,92066500.0,338085473.0,138065801211.0
2025-02-13,003816,3.51,3.55,3.5,3.52,130569278.0,483057283.0,138459151072.0
2025-02-14,003816,3.52,3.56,3.5,3.51,134838419.0,498277207.0,138065801211.0
2025-02-17,003816,3.52,3.62,3.49,3.62,228002600.0,851777561.0,142392649682.0
2025-02-18,003816,3.61,3.66,3.57,3.58,157419350.0,596229027.0,140819250238.0
2025-02-19,003816,3.57,3.59,3.54,3.56,123493969.0,461123903.0,140032550516.0
2025-02-20,003816,3.56,3.57,3.53,3.55,94057840.0,350226633.0,139639200655.0
2025-02-21,003816,3.56,3.66,3.54,3.6,225955215.0,855627883.0,141605949960.0
2025-02-24,003816,3.6,3.71,3.59,3.66,174598226.0,672650429.0,143966049126.0
2025-02-25,003816,3.67,3.67,3.59,3.6,126334740.0,480670674.0,141605949960.0
2025-02-26,003816,3.59,3.62,3.59,3.6,99878004.0,377809697.0,141605949960.0
2025-02-27,003816,3.61,3.62,3.51,3.54,165831089.0,616860987.0,139245850794.0
2025-02-28,003816,3.53,3.54,3.42,3.45,180858700.0,661206084.0,135705702045.0
2025-03-03,003816,3.46,3.51,3.44,3.47,129415418.0,471686993.0,136492401767.00002
2025-03-04,003816,3.46,3.47,3.43,3.45,98368531.0,356035566.0,135705702045.0
2025-03-05,003816,3.45,3.52,3.44,3.51,131529626.0,481246862.0,138065801211.0
2025-03-06,003816,3.51,3.52,3.47,3.49,112438023.0,411334986.0,137279101489.00002
2025-03-07,003816,3.49,3.51,3.46,3.47,115770392.0,423321768.0,136492401767.00002
2025-03-10,003816,3.48,3.49,3.45,3.46,84062400.0,305416790.0,136099051906.0
2025-03-11,003816,3.45,3.48,3.44,3.46,101534451.0,368147393.0,136099051906.0
2025-03-12,003816,3.46,3.47,3.44,3.45,108212359.0,391776269.0,135705702045.0
2025-03-13,003816,3.45,3.49,3.45,3.48,145688675.0,530120948.0,136885751628.0
2025-03-14,003816,3.48,3.51,3.47,3.51,143459273.0,525697929.0,138065801211.0
2025-03-17,003816,3.52,3.55,3.5,3.5,123682118.0,456095362.0,137672451350.0
2025-03-18,003816,3.51,3.52,3.47,3.49,110659968.0,404964624.0,137279101489.00002
2025-03-19,003816,3.5,3.53,3.48,3.51,118742304.0,436720470.0,138065801211.0
2025-03-20,003816,3.52,3.52,3.49,3.49,102644783.0,377067847.0,137279101489.00002
2025-03-21,003816,3.49,3.54,3.48,3.48,205317288.0,755506791.0,136885751628.0
2025-03-24,003816,3.48,3.49,3.39,3.42,231221353.0,833041542.0,134525652462.0
2025-03-25,003816,3.41,3.55,3.39,3.55,298276861.0,1094086350.0,139639200655.0
2025-03-26,003816,3.54,3.59,3.5,3.56,231064901.0,861068698.0,140032550516.0
2025-03-27,003816,3.56,3.57,3.47,3.48,211066914.0,774840971.0,136885751628.0
2025-03-28,003816,3.48,3.5,3.46,3.47,102840312.0,375014874.0,136492401767.00002
2025-03-31,003816,3.46,3.5,3.44,3.46,140250619.0,511272665.0,136099051906.0
2025-04-01,003816,3.47,3.54,3.46,3.54,173863006.0,638073000.0,139245850794.0
2025-04-02,003816,3.52,3.53,3.46,3.47,174997400.0,639072278.0,136492401767.00002
2025-04-03,003816,3.45,3.53,3.44,3.52,183751143.0,674858186.0,138459151072.0
2025-04-07,003816,3.44,3.46,3.17,3.25,331225812.0,1157237238.0,127838704825.0
2025-04-08,003816,3.25,3.42,3.25,3.41,240855404.0,846111104.0,134132302601.0
2025-04-09,003816,3.39,3.42,3.32,3.39,210044348.0,744636522.0,133345602879.0
2025-04-10,003816,3.41,3.42,3.36,3.39,140682380.0,501082053.0,133345602879.0
2025-04-11,003816,3.39,3.39,3.35,3.36,102880656.0,363447022.0,132165553296.0
2025-04-14,003816,3.38,3.45,3.37,3.44,162676556.0,583478667.0,135312352184.0
2025-04-15,003816,3.44,3.46,3.41,3.46,110105203.0,397142688.0,136099051906.0
2025-04-16,003816,3.44,3.47,3.41,3.45,109442011.0,395157905.0,135705702045.0
2025-04-17,003816,3.45,3.47,3.44,3.45,80873539.0,292990262.0,135705702045.0
2025-04-18,003816,3.44,3.45,3.42,3.45,64148742.0,230982806.0,135705702045.0
2025-04-21,003816,3.43,3.46,3.43,3.44,71035900.0,256601234.0,135312352184.0
2025-04-22,003816,3.44,3.52,3.43,3.45,142043486.0,517687008.0,135705702045.0
2025-04-23,003816,3.45,3.46,3.4,3.41,145759235.0,523379948.0,134132302601.0
2025-04-24,003816,3.38,3.4,3.35,3.35,171782227.0,608449898.0,131772203435.0
2025-04-25,003816,3.36,3.38,3.35,3.36,97544480.0,344241463.0,132165553296.0
2025-04-28,003816,3.45,3.5,3.4,3.43,323920880.0,1172680033.0,134919002323.0
2025-04-29,003816,3.42,3.43,3.36,3.37,182863506.0,648708854.0,132558903157.0
2025-04-30,003816,3.37,3.38,3.35,3.35,113119633.0,398678611.0,131772203435.0
2025-05-06,003816,3.36,3.39,3.35,3.39,118539616.0,419967473.0,133345602879.0
2025-05-07,003816,3.4,3.41,3.38,3.4,107471262.0,383072327.0,133738952740.0
2025-05-08,003816,3.39,3.41,3.37,3.4,92786236.0,331101559.0,133738952740.0
2025-05-09,003816,3.4,3.42,3.39,3.4,96789636.0,346298953.0,133738952740.0
2025-05-12,003816,3.41,3.41,3.39,3.4,79817935.0,285067533.0,133738952740.0
2025-05-13,003816,3.41,3.43,3.4,3.42,107265301.0,384582607.0,134525652462.0
2025-05-14,003816,3.42,3.45,3.4,3.45,116299784.0,417921565.0,135705702045.0
2025-05-15,003816,3.44,3.5,3.43,3.45,149356590.0,543189139.0,135705702045.0
2025-05-16,003816,3.45,3.47,3.4,3.41,119491377.0,429562946.0,134132302601.0
2025-05-19,003816,3.41,3.47,3.4,3.47,129325842.0,467678015.0,136492401767.00002
2025-05-20,003816,3.47,3.51,3.46,3.51,138825667.0,508478445.0,138065801211.0
2025-05-21,003816,3.52,3.53,3.5,3.5,101902610.0,375298924.0,137672451350.0
2025-05-22,003816,3.5,3.52,3.46,3.49,95021952.0,347296152.0,137279101489.00002
2025-05-23,003816,3.49,3.53,3.47,3.47,114417502.0,420148658.0,136492401767.00002
2025-05-26,003816,3.49,3.56,3.49,3.56,225291590.0,836851568.0,140032550516.0
2025-05-27,003816,3.56,3.57,3.52,3.53,138947802.0,515870247.0,138852500933.0
2025-05-28,003816,3.53,3.55,3.51,3.52,104217655.0,385281338.0,138459151072.0
2025-05-29,003816,3.52,3.53,3.49,3.52,96044234.0,353694170.0,138459151072.0
2025-05-30,003816,3.52,3.53,3.49,3.5,110830700.0,407446992.0,137672451350.0
2025-06-03,003816,3.5,3.5,3.47,3.49,82667839.0,301870152.0,137279101489.00002
2025-06-04,003816,3.49,3.53,3.48,3.48,99097384.0,363854424.0,136885751628.0
2025-06-05,003816,3.49,3.5,3.46,3.47,86528880.0,315471001.0,136492401767.00002
2025-06-06,003816,3.47,3.49,3.46,3.49,75118917.0,274058084.0,137279101489.00002
2025-06-09,003816,3.49,3.49,3.47,3.47,78807032.0,287504851.0,136492401767.00002
2025-06-10,003816,3.47,3.5,3.45,3.46,146432402.0,533173666.0,136099051906.0
2025-06-11,003816,3.46,3.49,3.45,3.47,94719434.0,345033733.0,136492401767.00002
2025-06-12,003816,3.47,3.48,3.43,3.44,122086931.0,441336044.0,135312352184.0
2025-06-13,003816,3.44,3.5,3.43,3.49,184907731.0,673985406.0,137279101489.00002
2025-06-16,003816,3.49,3.51,3.46,3.47,108823814.0,396687613.0,136492401767.00002
2025-06-17,003816,3.47,3.55,3.46,3.53,175004103.0,643869908.0,138852500933.0
2025-06-18,003816,3.54,3.6,3.53,3.59,238593818.0,894925300.0,141212600099.0
2025-06-19,003816,3.6,3.61,3.52,3.56,144300641.0,536854457.0,140032550516.0
2025-06-20,003816,3.55,3.57,3.52,3.52,106402480.0,395289908.0,138459151072.0
2025-06-23,003816,3.52,3.53,3.49,3.51,105633767.0,388580001.0,138065801211.0
2025-06-24,003816,3.51,3.52,3.49,3.5,138588437.0,508990297.0,137672451350.0
2025-06-25,003816,3.5,3.53,3.49,3.53,144286363.0,530967238.0,138852500933.0
2025-06-26,003816,3.53,3.55,3.5,3.51,106756498.0,394240653.0,138065801211.0
2025-06-27,003816,3.52,3.54,3.47,3.48,179235406.0,657812000.0,136885751628.0
2025-06-30,003816,3.48,3.49,3.46,3.47,119097648.0,433390318.0,136492401767.00002
2025-07-01,003816,3.47,3.53,3.47,3.52,156896239.0,577354961.0,138459151072.0
2025-07-02,003816,3.53,3.56,3.51,3.55,128520693.0,476529758.0,139639200655.0
2025-07-03,003816,3.57,3.58,3.54,3.57,140751052.0,512690266.0,140425900377.0
2025-07-04,003816,3.57,3.6,3.56,3.58,113290461.0,415270686.0,140819250238.0
2025-07-07,003816,3.6,3.65,3.58,3.64,195963564.0,725042828.0,143179349404.0
2025-07-08,003816,3.65,3.65,3.59,3.64,185265662.0,684662700.0,143179349404.0
2025-07-09,003816,3.62,3.66,3.61,3.62,169503517.0,629512082.0,142392649682.0
2025-07-10,003816,3.63,3.66,3.61,3.62,120515350.0,447329971.0,142392649682.0
2025-07-11,003816,3.62,3.64,3.6,3.61,119335400.0,441699936.0,141999299821.0
2025-07-14,003816,3.63,3.7,3.62,3.66,181526379.0,680652763.0,143966049126.0
2025-07-15,003816,3.67,3.68,3.59,3.61,177293964.0,654812894.0,141999299821.0
2025-07-16,003816,3.61,3.62,3.58,3.59,100624884.0,369649882.0,141212600099.0
2025-07-17,003816,3.59,3.6,3.57,3.58,93603227.0,342094981.0,140819250238.0
2025-07-18,003816,3.58,3.62,3.57,3.61,148662392.0,546671576.0,141999299821.0
2025-07-21,003816,3.61,3.67,3.61,3.65,162491425.0,605770453.0,143572699265.0
2025-07-22,003816,3.65,3.7,3.63,3.7,205779349.0,772309350.0,145539448570.0
2025-07-23,003816,3.74,3.79,3.7,3.71,238644076.0,911564298.0,145932798431.0
2025-07-24,003816,3.72,3.73,3.67,3.72,150007184.0,567690605.0,146326148292.0
2025-07-25,003816,3.72,3.74,3.66,3.67,160299900.0,604971260.0,144359398987.0
2025-07-28,003816,3.67,3.68,3.65,3.66,105296445.0,393865748.0,143966049126.0
2025-07-29,003816,3.66,3.67,3.63,3.65,103629100.0,386223675.0,143572699265.0
2025-07-30,003816,3.66,3.74,3.65,3.7,196776145.0,744808950.0,145539448570.0
2025-07-31,003816,3.7,3.7,3.59,3.6,223015907.0,826719283.0,141605949960.0
2025-08-01,003816,3.6,3.64,3.58,3.59,125892708.0,464306356.0,141212600099.0
2025-08-04,003816,3.58,3.62,3.58,3.61,85801293.0,316099224.0,141999299821.0
2025-08-05,003816,3.61,3.63,3.6,3.62,77813380.0,287829309.0,142392649682.0
2025-08-06,003816,3.62,3.64,3.59,3.61,109956481.0,405570731.0,141999299821.0
2025-08-07,003816,3.62,3.62,3.6,3.62,78713852.0,290592412.0,142392649682.0
2025-08-08,003816,3.62,3.65,3.61,3.64,98966978.0,367721273.0,143179349404.0
2025-08-11,003816,3.64,3.65,3.59,3.61,109364832.0,403454161.0,141999299821.0
2025-08-12,003816,3.61,3.66,3.6,3.65,154049247.0,573316903.0,143572699265.0
2025-08-13,003816,3.66,3.68,3.63,3.64,107012631.0,399109108.0,143179349404.0
2025-08-14,003816,3.65,3.65,3.6,3.6,121181104.0,448463354.0,141605949960.0
2025-08-15,003816,3.6,3.61,3.58,3.61,132849984.0,488748984.0,141999299821.0
2025-08-18,003816,3.61,3.62,3.6,3.61,120017734.0,442653264.0,141999299821.0
2025-08-19,003816,3.61,3.62,3.58,3.59,127233004.0,467645108.0,141212600099.0
2025-08-20,003816,3.59,3.6,3.57,3.59,110874299.0,405918675.0,141212600099.0
2025-08-21,003816,3.59,3.63,3.58,3.62,160054599.0,591316695.0,142392649682.0
2025-08-22,003816,3.62,3.63,3.59,3.62,124299896.0,457555397.0,142392649682.0
2025-08-25,003816,3.62,3.76,3.62,3.74,362629954.0,1370145213.0,147112848014.0
2025-08-26,003816,3.75,3.75,3.7,3.73,191153052.0,726952790.0,146719498153.0
2025-08-27,003816,3.73,3.76,3.68,3.69,203168118.0,773761075.0,145146098709.0
2025-08-28,003816,3.71,3.74,3.66,3.74,210797600.0,798055698.0,147112848014.0
2025-08-29,003816,3.73,3.86,3.72,3.76,352726008.0,1367402490.0,147899547736.0
2025-09-01,003816,3.76,3.76,3.68,3.7,210972523.0,798485897.0,145539448570.0
2025-09-02,003816,3.7,3.72,3.67,3.71,150437625.0,568659310.0,145932798431.0
2025-09-03,003816,3.71,3.72,3.62,3.62,144190063.0,539748288.0,142392649682.0
2025-09-04,003816,3.63,3.64,3.55,3.59,204761157.0,749717643.0,141212600099.0
2025-09-05,003816,3.58,3.6,3.55,3.59,161144792.0,587907738.0,141212600099.0
2025-09-08,003816,3.59,3.64,3.58,3.62,144221080.0,533250132.0,142392649682.0
2025-09-09,003816,3.62,3.63,3.59,3.62,114434445.0,422261767.0,142392649682.0
2025-09-10,003816,3.62,3.66,3.6,3.65,150263518.0,557231927.0,143572699265.0
2025-09-11,003816,3.64,3.67,3.62,3.67,151320621.0,564339332.0,144359398987.0
2025-09-12,003816,3.67,3.68,3.62,3.64,131009125.0,489107388.0,143179349404.0
2025-09-15,003816,3.65,3.67,3.62,3.65,145034184.0,539848648.0,143572699265.0
2025-09-16,003816,3.65,3.66,3.61,3.63,105966449.0,392823752.0,142785999543.0
2025-09-17,003816,3.63,3.66,3.6,3.66,138246293.0,513707840.0,143966049126.0
2025-09-18,003816,3.65,3.66,3.59,3.61,151688455.0,561143957.0,141999299821.0
2025-09-19,003816,3.6,3.6,3.55,3.56,152413806.0,555881612.0,140032550516.0
2025-09-22,003816,3.56,3.57,3.5,3.52,148346755.0,534129027.0,138459151072.0
2025-09-23,003816,3.52,3.57,3.49,3.55,145771504.0,528160969.0,139639200655.0
2025-09-24,003816,3.55,3.59,3.54,3.56,111201839.0,404379934.0,140032550516.0
2025-09-25,003816,3.55,3.57,3.52,3.55,94066225.0,340141512.0,139639200655.0
2025-09-26,003816,3.54,3.56,3.53,3.55,89295844.0,323866004.0,139639200655.0
2025-09-29,003816,3.54,3.56,3.5,3.55,122608237.0,441989641.0,139639200655.0
2025-09-30,003816,3.55,3.55,3.52,3.54,75265300.0,271884716.0,139245850794.0
2025-10-09,003816,3.56,3.74,3.56,3.74,446060924.0,1672534002.0,147112848014.0
2025-10-10,003816,3.74,3.78,3.69,3.75,253609834.0,969829555.0,147506197875.0
2025-10-13,003816,3.7,3.77,3.66,3.75,259427573.0,984455040.0,147506197875.0
2025-10-14,003816,3.77,3.85,3.76,3.82,296462706.0,1157779105.0,150259646902.0
2025-10-15,003816,3.83,3.9,3.79,3.86,280262222.0,1104348054.0,151833046346.0
2025-10-16,003816,3.86,3.94,3.83,3.93,264720170.0,1058207441.0,154586495373.0
2025-10-17,003816,3.93,3.94,3.85,3.87,180671200.0,719199310.0,152226396207.0
2025-10-20,003816,3.87,3.91,3.79,3.91,225939837.0,892254263.0,153799795651.0
2025-10-21,003816,3.89,3.95,3.87,3.93,176474180.0,706971370.0,154586495373.0
2025-10-22,003816,3.92,3.98,3.91,3.96,166013573.0,672965856.0,155766544956.0
2025-10-23,003816,3.96,3.98,3.92,3.94,123855599.0,500439800.0,154979845234.0
2025-10-24,003816,3.93,3.94,3.87,3.9,151745915.0,605186529.0,153406445790.0
2025-10-27,003816,3.91,4.11,3.91,4.04,281043542.0,1159218766.0,158913343844.0
2025-10-28,003816,4.03,4.07,3.97,3.98,155773935.0,639276313.0,156553244678.0
2025-10-29,003816,3.96,4.03,3.93,4.0,137825054.0,561421468.0,157339944400.0
2025-10-30,003816,4.0,4.03,3.95,3.98,156706342.0,637732068.0,156553244678.0
2025-10-31,003816,3.97,3.98,3.84,3.85,205877914.0,816218451.0,151439696485.0
2025-11-03,003816,3.88,3.93,3.85,3.92,137040371.0,546172663.0,154193145512.0
2025-11-04,003816,3.92,3.96,3.89,3.9,119703395.0,480225031.0,153406445790.0
2025-11-05,003816,3.89,3.99,3.87,3.97,152827556.0,617074202.0,156159894817.0
2025-11-06,003816,3.99,4.06,3.98,4.02,152112300.0,626945540.0,158126644121.99997
2025-11-07,003816,4.03,4.08,4.01,4.02,129289387.0,534573793.0,158126644121.99997
2025-11-10,003816,4.03,4.06,3.99,4.02,115098700.0,473775458.0,158126644121.99997
2025-11-11,003816,4.03,4.06,4.0,4.03,111108393.0,458014658.0,158519993983.0
2025-11-12,003816,4.03,4.05,4.0,4.04,125989250.0,519312415.0,158913343844.0
2025-11-13,003816,4.03,4.04,3.93,3.95,135358978.0,548340164.0,155373195095.0
2025-11-14,003816,3.94,3.97,3.9,3.91,102152000.0,410930992.0,153799795651.0
2025-11-17,003816,3.9,3.91,3.82,3.85,124642557.0,490693064.0,151439696485.0
2025-11-18,003816,3.85,3.86,3.79,3.82,102413586.0,400342431.0,150259646902.0
2025-11-19,003816,3.81,3.83,3.79,3.82,89958732.0,350619372.0,150259646902.0
2025-11-20,003816,3.82,3.85,3.79,3.8,95474191.0,373480974.0,149472947180.0
2025-11-21,003816,3.79,3.79,3.73,3.74,139454231.0,535968490.0,147112848014.0
2025-11-24,003816,3.76,3.77,3.68,3.69,155770351.0,589575498.0,145146098709.0
2025-11-25,003816,3.69,3.71,3.68,3.7,93732316.0,353661016.0,145539448570.0
2025-11-26,003816,3.69,3.71,3.68,3.7,90837737.0,342779530.0,145539448570.0
2025-11-27,003816,3.69,3.74,3.68,3.71,92842130.0,351787656.0,145932798431.0
2025-11-28,003816,3.72,3.72,3.66,3.69,110872831.0,417465946.0,145146098709.0
2025-12-01,003816,3.69,3.73,3.66,3.71,121900593.0,460006891.0,145932798431.0
2025-12-02,003816,3.71,3.75,3.7,3.72,93890747.0,356935911.0,146326148292.0
2025-12-03,003816,3.72,3.8,3.71,3.77,155593334.0,598126568.0,148292897597.0
2025-12-04,003816,3.77,3.79,3.73,3.75,93795431.0,360242113.0,147506197875.0
2025-12-05,003816,3.75,3.78,3.74,3.77,102866000.0,394944605.0,148292897597.0
2025-12-08,003816,3.78,3.79,3.72,3.72,129511225.0,495739725.0,146326148292.0
2025-12-09,003816,3.73,3.77,3.7,3.71,127498260.0,485326321.0,145932798431.0
2025-12-10,003816,3.71,3.75,3.7,3.73,94906293.0,361336185.0,146719498153.0
2025-12-11,003816,3.73,3.76,3.71,3.71,97641120.0,372738427.0,145932798431.0
2025-12-12,003816,3.72,3.78,3.7,3.77,137142541.0,525215714.0,148292897597.0
2025-12-15,003816,3.78,3.79,3.76,3.79,122922065.0,475030280.0,149079597319.0
2025-12-16,003816,3.79,3.79,3.73,3.75,119827015.0,459135267.0,147506197875.0
2025-12-17,003816,3.75,3.77,3.71,3.75,108757274.0,414709259.0,147506197875.0
2025-12-18,003816,3.74,3.77,3.72,3.75,68805773.0,263420070.0,147506197875.0
2025-12-19,003816,3.76,3.78,3.75,3.77,71896807.0,276663117.0,148292897597.0
2025-12-22,003816,3.77,3.78,3.75,3.76,85998428.0,330697152.0,147899547736.0
2025-12-23,003816,3.76,3.79,3.73,3.74,95050315.0,364839027.0,147112848014.0
2025-12-24,003816,3.74,3.77,3.73,3.76,85805447.0,328601228.0,147899547736.0
2025-12-25,003816,3.76,3.81,3.76,3.77,134776184.0,522247861.0,148292897597.0
2025-12-26,003816,3.78,3.79,3.76,3.78,83509973.0,322192469.0,148686247458.0
2025-12-29,003816,3.78,3.79,3.73,3.74,114442770.0,438254998.0,147112848014.0
2025-12-30,003816,3.73,3.74,3.67,3.68,175325750.0,660610651.0,144752748848.0
2025-12-31,003816,3.68,3.69,3.67,3.68,75373903.0,283211372.0,144752748848.0
2026-01-05,003816,3.68,3.7,3.67,3.69,105464694.0,397106393.0,145146098709.0
2026-01-06,003816,3.7,3.74,3.69,3.74,133326426.0,506616849.0,147112848014.0
2026-01-07,003816,3.74,3.8,3.73,3.77,136386861.0,525959412.0,148292897597.0
2026-01-08,003816,3.77,3.86,3.76,3.84,170753663.0,667153390.0,151046346624.0
2026-01-09,003816,3.84,3.84,3.79,3.81,135824589.0,529660336.0,149866297041.0
2026-01-12,003816,3.81,3.86,3.79,3.83,170315225.0,666257578.0,150652996763.0
2026-01-13,003816,3.84,3.85,3.79,3.79,169281800.0,660209894.0,149079597319.0
2026-01-14,003816,3.79,3.81,3.76,3.77,152627183.0,591150605.0,148292897597.0
2026-01-15,003816,3.76,3.78,3.74,3.75,106880695.0,409840059.0,147506197875.0
2026-01-16,003816,3.76,3.82,3.75,3.77,159853169.0,617781382.0,148292897597.0
2026-01-19,003816,3.77,3.81,3.75,3.79,137043664.0,531685964.0,149079597319.0
2026-01-20,003816,3.79,3.85,3.79,3.85,201405472.0,789312769.0,151439696485.0
2026-01-21,003816,3.84,3.86,3.79,3.79,146894594.0,572760000.0,149079597319.0
2026-01-22,003816,3.81,3.88,3.8,3.82,177109103.0,695179819.0,150259646902.0
2026-01-23,003816,3.82,3.83,3.79,3.79,151819646.0,589436244.0,149079597319.0
2026-01-26,003816,3.79,3.83,3.77,3.81,169924644.0,660650283.0,149866297041.0
2026-01-27,003816,3.8,3.8,3.75,3.76,161201350.0,620760644.0,147899547736.0
2026-01-28,003816,3.76,3.79,3.74,3.78,157672913.0,607861027.0,148686247458.0
2026-01-29,003816,3.78,3.78,3.7,3.77,197913513.0,755666250.0,148292897597.0
2026-01-30,003816,3.77,3.79,3.74,3.77,141813110.0,547045888.0,148293349152.52
2026-02-02,003816,3.79,3.85,3.77,3.79,249566006.0,972841536.0,149080051270.04
2026-02-03,003816,3.79,3.79,3.73,3.76,187806010.0,720641065.0,147899998093.75998
2026-02-04,003816,3.76,3.84,3.75,3.83,283874729.0,1108815702.0,150653455505.08002
2026-02-05,003816,3.83,3.86,3.81,3.83,158610529.0,622139015.0,150653455505.08002
2026-02-06,003816,3.82,3.86,3.82,3.83,130624972.0,513057845.0,150653455505.08002
2026-02-09,003816,3.84,3.86,3.82,3.83,106771002.0,418702225.0,150653455505.08002
2026-02-10,003816,3.83,3.84,3.81,3.81,71565394.0,279906976.0,149866753387.56
2026-02-11,003816,3.82,3.83,3.79,3.8,78962472.0,307898905.0,149473402328.8
2026-02-12,003816,3.81,3.82,3.79,3.79,97874401.0,380845525.0,149080051270.04
2026-02-13,003816,3.79,3.79,3.75,3.75,152200690.0,585756392.0,147506647035.0
2026-02-24,003816,3.77,3.83,3.76,3.82,163096968.0,634342375.0,150260104446.32
2026-02-25,003816,3.82,3.85,3.81,3.82,145639408.0,570793623.0,150260104446.32
2026-02-26,003816,3.82,3.85,3.81,3.83,133950873.0,525666945.0,150653455505.08002
2026-02-27,003816,3.84,3.89,3.83,3.86,272812462.0,1078511119.0,151833548377.6
2026-03-02,003816,3.86,4.0,3.85,3.97,271664146.0,1097133361.0,156160411155.2
2026-03-03,003816,3.97,4.01,3.92,3.93,249041931.0,1009129196.0,154587006508.80002
2026-03-04,003816,3.92,3.99,3.86,3.96,238163709.0,960675861.0,155767059993.6
2026-03-05,003816,3.99,4.06,3.98,4.03,247373457.0,1017770928.0,158520518124.80002
2026-03-06,003816,4.03,4.08,4.0,4.06,178000051.0,737345928.0,159700571609.59998
2026-03-09,003816,4.08,4.16,4.07,4.08,263448143.0,1106243993.0,160487273932.8
2026-03-10,003816,4.06,4.17,4.02,4.14,230020162.0,967316377.0,162847380902.4
2026-03-11,003816,4.13,4.29,4.09,4.27,283881638.0,1221669053.0,167960946003.19998
2026-03-12,003816,4.28,4.3,4.21,4.28,257989605.0,1124134340.0,168354297164.80002
2026-03-13,003816,4.26,4.27,4.18,4.24,272211203.0,1177438282.0,166780892518.4
2026-03-16,003816,4.24,4.25,4.12,4.14,220296073.0,939086336.0,162847380902.4
2026-03-17,003816,4.14,4.17,4.05,4.07,181098162.0,759333108.0,160093922771.2
2026-03-18,003816,4.08,4.12,4.01,4.06,157117369.0,651291190.0,159700571609.59998
2026-03-19,003816,4.04,4.11,4.02,4.04,158002527.0,655826520.0,158913869286.4
2026-03-20,003816,4.03,4.1,3.98,4.02,185142971.0,764580401.0,158127166963.19998
2026-03-23,003816,4.03,4.15,4.0,4.11,418276147.0,1747433866.0,161667327417.6
2026-03-24,003816,4.11,4.3,4.09,4.27,425639295.0,1831000527.0,167960946003.19998
2026-03-25,003816,4.27,4.49,4.22,4.41,398709137.0,1777887492.0,173467862265.6
2026-03-26,003816,4.37,4.53,4.34,4.5,413558983.0,1894250864.0,177008022720.0
2026-03-27,003816,4.46,4.57,4.37,4.55,304073230.0,1398760161.0,178974778528.0
2026-03-30,003816,4.5,4.55,4.4,4.5,258193411.0,1182838285.0,177008022720.0
2026-03-31,003816,4.5,4.57,4.45,4.51,221810334.0,1027186749.0,177401467630.97
2026-04-01,003816,4.52,4.6,4.4,4.42,289459461.0,1329521248.0,173861305305.74
2026-04-02,003816,4.45,4.5,4.41,4.45,220141823.0,1003406971.0,175041359414.15
2026-04-03,003816,4.48,4.49,4.4,4.42,148890302.0,677235888.0,173861305305.74
2026-04-07,003816,4.43,4.46,4.37,4.4,132944506.0,600550381.0,173074602566.80002
2026-04-08,003816,4.39,4.45,4.33,4.44,177471458.0,798227755.0,174648008044.68002
2026-04-09,003816,4.42,4.46,4.37,4.44,149971181.0,677743308.0,174648008044.68002
2026-04-10,003816,4.44,4.45,4.32,4.38,202939641.0,910455366.0,172287899827.86
2026-04-13,003816,4.37,4.38,4.3,4.36,137860789.0,611845152.0,171501197088.92
2026-04-14,003816,4.37,4.4,4.31,4.34,115331581.0,513356015.0,170714494349.97998
2026-04-15,003816,4.35,4.38,4.25,4.35,165938663.0,733655843.0,171107845719.44998
2026-04-16,003816,4.35,4.36,4.29,4.32,120907807.0,533306919.0,169927791611.04
2026-04-17,003816,4.31,4.33,4.28,4.29,110502890.0,486057213.0,168747737502.63
2026-04-20,003816,4.28,4.4,4.26,4.39,166094981.0,740432552.0,172681251197.33
2026-04-21,003816,4.46,4.5,4.4,4.47,164799675.0,750730267.0,175828062153.09
2026-04-22,003816,4.44,4.55,4.43,4.52,120971819.0,556763405.0,177794819000.43997
2026-04-23,003816,4.52,4.59,4.49,4.56,130802484.0,609147869.0,179368224478.31998
2026-04-24,003816,4.55,4.57,4.45,4.54,151010081.0,699087492.0,178581521739.38
2026-04-27,003816,4.51,4.56,4.44,4.52,108342303.0,499843507.0,177794819000.43997
2026-04-28,003816,4.51,4.62,4.5,4.61,134609334.0,629978063.0,181334981325.67
2026-04-29,003816,4.61,4.62,4.38,4.44,231861784.0,1055945366.0,174648008044.68002
2026-04-30,003816,4.41,4.49,4.35,4.48,142408180.0,649214709.0,176221508964.48
2026-05-06,003816,4.47,4.5,4.4,4.49,168084332.0,764565216.0,176614860546.99002
2026-05-07,003816,4.48,4.57,4.47,4.54,134532861.0,622443780.0,178581618459.54
2026-05-08,003816,4.53,4.64,4.52,4.58,129747443.0,606797237.0,180155024789.58002
2026-05-11,003816,4.58,4.67,4.55,4.66,127219753.0,603152311.0,183301837449.66
2026-05-12,003816,4.66,4.72,4.63,4.67,164501423.0,787337046.0,183695189032.16998
2026-05-13,003816,4.67,4.75,4.64,4.72,159842376.0,770032494.0,185661946944.72
2026-05-14,003816,4.72,4.79,4.66,4.66,170586884.0,825543151.0,183301837449.66
2026-05-15,003816,4.65,4.71,4.58,4.68,147296972.0,699554303.0,184088540614.68
2026-05-18,003816,4.66,4.72,4.64,4.69,129944626.0,622443771.0,184481892197.19
2026-05-19,003816,4.69,4.83,4.68,4.78,143550601.0,702687904.0,188022056439.78
2026-05-20,003816,4.78,4.8,4.46,4.48,214945483.0,1005391961.0,176221508964.48
2026-05-21,003816,4.46,4.52,4.3,4.3,202618851.0,907678202.0,169141180479.3
2026-05-22,003816,4.3,4.39,4.27,4.37,140492188.0,623780726.0,171894641556.87
2026-05-25,003816,4.36,4.46,4.27,4.46,112937597.0,506214436.0,175434805799.46
2026-05-26,003816,4.43,4.56,4.41,4.51,115491000.0,532172910.0,177401563712.00998
2026-05-27,003816,4.51,4.51,4.37,4.4,105603153.0,477189596.0,173074696304.40002
2026-05-28,003816,4.4,4.49,4.36,4.4,98238809.0,443220076.0,173074696304.40002
2026-05-29,003816,4.39,4.54,4.36,4.48,152486000.0,698481812.0,176221556403.2
2026-06-01,003816,4.5,4.6,4.42,4.59,162421969.0,753095897.0,180548424975.6
2026-06-02,003816,4.56,4.65,4.53,4.56,117217799.0,547567795.0,179368369910.4
2026-06-03,003816,4.53,4.54,4.38,4.51,156329557.0,711838983.0,177401611468.4
2026-06-04,003816,4.49,4.51,4.39,4.41,102491597.0,465719969.0,173468094584.4
2026-06-05,003816,4.4,4.44,4.23,4.24,147172023.0,649351258.0,166781115881.6
2026-06-08,003816,4.21,4.24,4.14,4.18,118931603.0,509549218.0,164421005751.19998
2026-06-09,003816,4.18,4.19,4.1,4.16,108049117.0,458700998.0,163634302374.4
2026-06-10,003816,4.16,4.2,4.13,4.17,86896212.0,369543828.0,164027654062.8
2026-06-11,003816,4.17,4.19,4.08,4.15,89331327.0,376912679.0,163240950686.0
2026-06-12,003816,4.15,4.32,4.12,4.27,168773625.0,734026494.0,167961170946.8
2026-06-15,003816,4.25,4.34,4.24,4.32,121666216.0,534756346.0,169927929388.80002
2026-06-16,003816,4.32,4.41,4.15,4.17,130698423.0,568025941.0,164027654062.8
2026-06-17,003816,4.17,4.19,4.09,4.1,108088868.0,454153928.0,161274192244.0
2026-06-18,003816,4.09,4.13,3.97,3.99,140884626.0,580689557.0,156947323671.6
2026-06-22,003816,3.98,4.02,3.92,4.01,92912149.0,377278960.0,157734027048.4
2026-06-23,003816,4.0,4.1,3.96,3.98,96542222.0,396738670.0,156553971983.2
2026-06-24,003816,3.97,3.97,3.87,3.9,90274444.0,360941327.0,153407158476.0
2026-06-25,003816,3.89,3.93,3.85,3.87,88934088.0,353253659.0,152227103410.80002
2026-06-26,003816,3.89,3.94,3.83,3.85,95073588.0,376928683.0,151440400034.0
2026-06-29,003816,3.86,3.94,3.8,3.9,112200451.0,445480909.0,153407158476.0
2026-06-30,003816,3.91,3.92,3.79,3.82,121036684.0,473700209.0,150260390293.1
2026-07-01,003816,3.82,3.85,3.79,3.79,85170408.0,331708269.0,149080334871.95
2026-07-02,003816,3.78,3.81,3.73,3.77,108757649.0,418141570.0,148293631257.85
2026-07-03,003816,3.76,3.81,3.75,3.8,86894867.0,336694710.0,149473686679.0
2026-07-06,003816,3.8,3.84,3.77,3.8,94086210.0,366477617.0,149473686679.0
2026-07-07,003816,3.81,3.81,3.72,3.74,84635852.0,324433430.0,147113575836.7
2026-07-08,003816,3.74,3.81,3.71,3.79,93709600.0,361739455.0,149080334871.95
2026-07-09,003816,3.78,3.83,3.76,3.83,95303800.0,370358417.0,150653742100.15
2026-07-10,003816,3.85,3.89,3.78,3.86,107930369.0,415256256.0,151833797521.3
2026-07-13,003816,3.84,3.9,3.83,3.87,91370800.0,353115935.0,152227149328.35
2026-07-14,003816,3.87,3.95,3.84,3.9,133121709.0,520295619.0,153407204749.5
2026-07-15,003816,3.9,3.94,3.86,3.93,95726300.0,374784448.0,154587260170.65
2026-07-16,003816,3.92,3.95,3.87,3.88,96016201.0,374779185.0,152620501135.4
2026-07-17,003816,3.87,3.99,3.86,3.94,169240555.0,668610561.0,154980611977.7
2026-07-20,003816,3.95,4.07,3.93,4.07,170196304.0,684277702.0,160094185469.35
2026-07-21,003816,4.08,4.14,4.04,4.06,165613939.0,676438567.0,159700833662.3
2026-07-22,003816,4.06,4.12,4.02,4.11,135803885.0,552875999.0,161667592697.55002
2026-07-23,003816,4.11,4.2,4.09,4.16,109991040.0,457273998.0,163634351732.80002
2026-07-24,003816,4.16,4.18,4.06,4.06,102821742.0,423631256.0,159700833662.3
2026-07-27,003816,4.06,4.09,4.0,4.03,92497691.0,373451226.0,158520778241.15002
2026-07-28,003816,4.03,4.04,3.98,4.02,78963300.0,316492297.0,158127426434.09998
2026-07-29,003816,4.02,4.1,4.01,4.08,85532100.0,347458231.0,160487537276.4
