date,ticker,open,high,low,close,volume,amount,market_cap
2021-01-04,300015,30.79,31.59,29.24,29.59,160983448.0,11149761609.0,101095073255.11
2021-01-05,300015,29.28,30.52,29.28,29.95,81947678.0,5674905728.0,102359943446.4
2021-01-06,300015,29.95,31.73,29.62,31.0,54441290.0,3894830332.0,105948522432.0
2021-01-07,300015,30.84,34.04,30.79,33.57,60444711.0,4529107297.0,114731996711.04001
2021-01-08,300015,33.61,33.91,31.53,32.93,55438695.0,4157353895.0,112544672376.95999
2021-01-11,300015,32.31,32.53,30.8,31.26,45089901.0,3293127099.0,106837122942.72
2021-01-12,300015,30.99,31.65,29.93,31.45,40748944.0,2909832211.0,108014143487.95
2021-01-13,300015,31.76,32.31,30.73,31.05,26970500.0,1950812856.0,106640354699.55
2021-01-14,300015,30.66,31.59,30.63,30.96,28117614.0,2018213864.0,106331252222.16
2021-01-15,300015,30.57,31.22,30.25,31.1,23897889.0,1691559603.0,106812078298.1
2021-01-18,300015,30.97,31.57,30.61,31.14,18780818.0,1345921497.0,106949457176.94
2021-01-19,300015,31.14,31.22,30.19,30.62,29793779.0,2099678589.0,105163531752.02
2021-01-20,300015,30.66,32.7,30.47,32.7,51163078.0,3782132877.0,112307233451.70001
2021-01-21,300015,32.44,33.18,32.31,32.74,28318287.0,2141298859.0,112444612330.54001
2021-01-22,300015,32.56,35.13,32.56,35.0,41534277.0,3273554114.0,120206518985.0
2021-01-25,300015,34.75,36.28,34.73,35.46,32130564.0,2630591023.0,121786376091.66
2021-01-26,300015,35.13,35.82,34.61,34.65,26380500.0,2132833517.0,119004453795.15
2021-01-27,300015,34.72,36.21,34.23,35.72,28169117.0,2296193188.0,122679338804.12
2021-01-28,300015,34.95,35.42,34.12,34.22,25299189.0,2022688287.0,117527630847.62
2021-01-29,300015,34.78,35.13,33.85,34.14,22801555.0,1807624905.0,117252873089.94
2021-02-01,300015,34.22,34.77,33.39,34.35,25348278.0,1993908832.0,117974112203.85
2021-02-02,300015,34.7,35.52,34.47,34.83,25919467.0,2084826719.0,119622658749.93
2021-02-03,300015,34.7,35.22,33.96,34.35,25259998.0,2009913653.0,117974112203.85
2021-02-04,300015,33.85,34.53,33.65,34.06,22534067.0,1768090475.0,116978115332.26001
2021-02-05,300015,34.48,36.16,34.08,35.64,37134693.0,3020957425.0,122404581046.44
2021-02-08,300015,35.69,37.29,34.87,37.29,28632556.0,2384480998.0,128071459798.59
2021-02-09,300015,37.09,37.94,36.43,36.92,32999881.0,2817893763.0,126800705169.32
2021-02-10,300015,37.2,40.01,36.34,39.51,34550800.0,3067374458.0,135695987574.20999
2021-02-18,300015,40.16,40.2,38.11,38.18,28920345.0,2591912660.0,131128139852.78
2021-02-19,300015,38.21,38.92,36.69,38.55,25423870.0,2223686701.0,132398894482.04999
2021-02-22,300015,38.43,38.49,35.56,35.69,36839967.0,3095284533.0,122576304644.98999
2021-02-23,300015,35.13,36.37,34.62,35.29,26152169.0,2133290714.0,121202515856.59
2021-02-24,300015,34.93,35.17,31.83,32.44,54173713.0,4146122149.0,111414270739.23999
2021-02-25,300015,32.77,34.05,32.27,33.29,37620033.0,2883739112.0,114333571914.59
2021-02-26,300015,32.31,32.83,30.78,31.35,42121555.0,3068527685.0,107670696290.85
2021-03-01,300015,31.45,31.88,29.22,30.12,64701615.0,4483639371.0,103446295766.52
2021-03-02,300015,30.62,30.94,29.1,29.61,52728365.0,3639640249.0,101694715061.31
2021-03-03,300015,29.29,29.91,28.98,29.85,29637887.0,2015418763.0,102518988334.35
2021-03-04,300015,29.49,29.49,27.45,27.67,54081471.0,3511171042.0,95031839437.57
2021-03-05,300015,26.94,27.78,26.84,27.24,44491620.0,2799353339.0,93555016490.04
2021-03-08,300015,27.58,27.63,24.66,24.71,66902865.0,3974704299.0,84865802403.41
2021-03-09,300015,24.47,24.94,23.45,23.52,66718926.0,3713408998.0,80778780757.92
2021-03-10,300015,24.37,25.67,24.08,24.81,69617086.0,3991585778.0,85209249600.51
2021-03-11,300015,24.81,26.99,24.63,26.33,61008154.0,3685203101.0,90429646996.43
2021-03-12,300015,26.67,26.88,25.82,26.81,42881219.0,2616510268.0,92078193542.51
2021-03-15,300015,26.43,26.45,24.77,25.15,48243368.0,2815526217.0,86376970070.65
2021-03-16,300015,25.58,25.71,24.28,25.45,40498548.0,2342095900.0,87407311661.95
2021-03-17,300015,25.26,25.81,24.79,25.2,38752474.0,2255706014.0,86548693669.2
2021-03-18,300015,25.46,26.23,25.2,26.13,39171127.0,2333501130.0,89742752602.23
2021-03-19,300015,25.37,25.56,24.3,24.71,46433176.0,2663300170.0,84865802403.41
2021-03-22,300015,24.89,25.15,24.46,24.79,25557052.0,1458989717.0,85140560161.09
2021-03-23,300015,24.79,25.41,24.68,25.2,27143955.0,1564513185.0,86548693669.2
2021-03-24,300015,24.96,26.4,24.96,25.9,41234692.0,2468167281.0,88952824048.9
2021-03-25,300015,25.5,26.55,25.14,26.19,28158617.0,1687534216.0,89948820920.49
2021-03-26,300015,26.54,27.11,26.11,26.91,37002016.0,2283427420.0,92421640739.61
2021-03-29,300015,26.5,26.59,25.42,26.04,42620866.0,2561574327.0,89433650124.84
2021-03-30,300015,26.02,27.32,25.76,26.36,38121610.0,2336701615.0,90532681155.56
2021-03-31,300015,26.11,26.2,25.54,25.7,28488986.0,1693370475.0,88265681572.59999
2021-04-01,300015,25.8,27.39,25.77,27.32,36671881.0,2259943181.0,93829510527.76
2021-04-02,300015,27.37,28.22,27.07,27.98,33053199.0,2117060667.0,96096255657.64
2021-04-06,300015,28.19,28.45,27.07,27.31,29347803.0,1855808904.0,93795165904.58
2021-04-07,300015,27.17,27.25,26.15,26.36,34342787.0,2100331901.0,90532426702.48
2021-04-08,300015,26.07,26.79,26.02,26.59,25539069.0,1557016560.0,91322353035.62
2021-04-09,300015,26.63,27.15,26.16,26.59,22453005.0,1373916080.0,91322353035.62
2021-04-12,300015,26.41,26.59,24.81,25.17,41277654.0,2421275784.0,86445416544.06001
2021-04-13,300015,25.15,26.49,25.13,25.87,35822403.0,2143856428.0,88849540166.66
2021-04-14,300015,25.91,26.76,25.91,26.33,20568360.0,1249852120.0,90429392832.93999
2021-04-15,300015,26.08,26.43,25.53,25.91,17228125.0,1029187928.0,88986918659.38
2021-04-16,300015,26.37,26.58,25.38,25.76,18937125.0,1131482980.0,88471749311.68001
2021-04-19,300015,25.61,26.66,25.41,26.57,26037605.0,1581400732.0,91253663789.26
2021-04-20,300015,26.41,27.32,26.07,26.86,35350634.0,2177325405.0,92249657861.48
2021-04-21,300015,26.49,27.67,26.26,27.5,34269415.0,2134429215.0,94447713745.0
2021-04-22,300015,27.76,27.81,26.72,27.6,33603059.0,2111693329.0,94791159976.8
2021-04-23,300015,28.62,31.95,28.57,30.63,80718993.0,5610243901.0,105197580800.34
2021-04-26,300015,30.79,31.56,30.48,30.55,49460397.0,3531823727.0,104922823814.90001
2021-04-27,300015,30.55,32.19,30.15,32.08,44486315.0,3232616003.0,110177551161.43999
2021-04-28,300015,31.81,32.96,31.66,32.68,33689504.0,2523403547.0,112238228552.24
2021-04-29,300015,32.53,32.96,31.75,32.42,25400150.0,1897064874.0,111345268349.56001
2021-04-30,300015,32.25,32.83,32.24,32.3,18637657.0,1396402767.0,110933132871.4
2021-05-06,300015,32.1,32.34,30.9,31.4,30786806.0,2238723345.0,107842116785.2
2021-05-07,300015,31.88,31.99,30.05,30.05,27698933.0,1967985087.0,103205592655.90001
2021-05-10,300015,30.36,31.13,29.66,30.14,24490291.0,1710378112.0,103514694264.52
2021-05-11,300015,30.01,31.32,29.17,31.13,30875545.0,2175497899.0,106914811959.34
2021-05-12,300015,31.18,32.72,30.71,32.41,30445806.0,2227351331.0,111310923726.37999
2021-05-13,300015,31.88,32.61,31.31,32.52,25149281.0,1862212182.0,111688714581.36002
2021-05-14,300015,32.48,33.26,31.89,32.41,25033937.0,1881346899.0,111310923726.37999
2021-05-17,300015,32.52,34.22,32.52,33.78,24674942.0,1913083997.0,116016137102.04001
2021-05-18,300015,33.61,34.12,33.27,33.78,18253130.0,1418592677.0,116016137102.04001
2021-05-19,300015,33.61,34.12,33.23,33.92,15286640.0,1186369108.0,116496961826.56001
2021-05-20,300015,33.54,34.04,33.34,33.68,18723883.0,1453842409.0,115672690870.24
2021-05-21,300015,33.82,34.74,33.3,34.56,24586067.0,1940340857.0,118695017710.08
2021-05-24,300015,34.59,34.8,33.31,34.34,19253952.0,1513726745.0,117939436000.12001
2021-05-25,300015,34.29,35.98,34.25,35.78,27439107.0,2242390310.0,122885061738.04001
2021-05-26,300015,35.62,35.87,35.13,35.35,16273017.0,1329148736.0,121408242941.3
2021-05-27,300015,35.23,36.86,35.06,36.43,22802546.0,1912087787.0,125117462244.74
2021-05-28,300015,36.52,37.45,36.0,36.38,22921373.0,1943481661.0,124945739128.84001
2021-05-31,300015,36.21,36.73,35.63,36.37,18747024.0,1561797892.0,124911394505.65999
2021-06-01,300015,36.34,37.55,36.03,37.3,21729775.0,1850769404.0,128105444461.4
2021-06-02,300015,37.3,37.3,36.52,36.91,20233488.0,1723565325.0,126766004157.37999
2021-06-03,300015,36.67,37.58,36.04,37.08,17667756.0,1508694094.0,127349862751.43999
2021-06-04,300015,36.86,37.51,36.51,36.96,13918874.0,1187209356.0,126937727273.28
2021-06-07,300015,36.78,36.86,35.31,36.39,26563692.0,2208788896.0,124980083752.02
2021-06-08,300015,36.39,37.38,35.52,36.39,24235510.0,2043137423.0,124980083752.02
2021-06-09,300015,36.0,37.62,36.0,37.24,24748522.0,2122109254.0,127899376722.32
2021-06-10,300015,37.43,38.38,37.41,37.74,19478175.0,1703354876.0,129616607881.32
2021-06-11,300015,37.92,38.08,36.9,37.25,16919617.0,1452741975.0,127933721345.5
2021-06-15,300015,37.25,37.49,36.28,36.82,15188139.0,1289727562.0,126456902548.76
2021-06-16,300015,36.86,37.3,35.13,35.16,26463198.0,2184286100.0,120755695100.87999
2021-06-17,300015,35.09,36.54,34.73,35.77,23424102.0,1927655488.0,122850717114.86002
2021-06-18,300015,36.49,37.02,35.61,36.43,18462567.0,1544814946.0,125117462244.74
2021-06-21,300015,35.8,36.55,35.35,35.93,18003740.0,1487690400.0,123400231085.74
2021-06-22,300015,35.87,38.17,35.3,37.86,29037151.0,2484982826.0,130028743359.48
2021-06-23,300015,37.73,37.96,36.94,37.22,23823420.0,2057592297.0,127830687475.95999
2021-06-24,300015,37.45,37.45,36.05,36.54,30139093.0,1950460283.0,162714459679.38
2021-06-25,300015,36.76,38.59,36.56,38.07,34460933.0,2317786034.0,169527626710.29
2021-06-28,300015,38.46,39.81,37.9,39.37,40026502.0,2784133487.0,175316592161.38998
2021-06-29,300015,39.53,39.81,38.38,39.01,26906147.0,1857812677.0,173713494036.47
2021-06-30,300015,39.14,40.39,38.87,39.98,27553800.0,1951910058.0,178032952873.06
2021-07-01,300015,39.99,40.71,39.47,40.15,27300490.0,1948561890.0,178789971432.05
2021-07-02,300015,40.16,40.16,38.43,38.46,34378535.0,2377532672.0,171264316345.62
2021-07-05,300015,38.63,39.54,38.02,38.68,28849893.0,1998781038.0,172243987421.96
2021-07-06,300015,38.75,38.95,34.42,35.72,74128810.0,4746691964.0,159062958394.84
2021-07-07,300015,36.01,38.44,35.34,37.86,49482366.0,3297042379.0,168592486137.41998
2021-07-08,300015,38.39,38.5,36.45,36.55,37225769.0,2444515717.0,162758990182.84998
2021-07-09,300015,36.54,37.01,34.14,35.96,42358686.0,2660278773.0,160335743304.56
2021-07-12,300015,36.18,37.5,35.14,37.18,36172928.0,2366296766.0,165775387543.48
2021-07-13,300015,37.18,38.36,36.9,37.35,22743596.0,1511715324.0,166533370757.1
2021-07-14,300015,37.06,38.28,36.61,37.55,30384552.0,2032698057.0,167425115714.3
2021-07-15,300015,37.29,38.02,37.0,37.75,23877897.0,1588840374.0,168316860671.5
2021-07-16,300015,37.27,37.61,36.39,36.68,25210160.0,1645391605.0,163546025150.48
2021-07-19,300015,36.61,37.57,36.08,37.42,26621171.0,1751180330.0,166845481492.12
2021-07-20,300015,36.99,37.67,36.9,37.39,19879333.0,1315923361.0,166711719748.54
2021-07-21,300015,37.29,38.12,37.04,37.93,23316522.0,1560894083.0,169119431132.98
2021-07-22,300015,38.31,38.55,36.62,36.9,31352006.0,2069598726.0,164526944603.4
2021-07-23,300015,36.61,36.72,35.49,35.71,31865787.0,2029563687.0,159221062108.06
2021-07-26,300015,34.36,34.36,30.7,32.0,101603624.0,5829367656.0,142679193152.0
2021-07-27,300015,32.19,32.35,30.65,31.11,61441699.0,3442202570.0,138710928092.46
2021-07-28,300015,30.72,32.72,30.01,32.4,57528588.0,3224220683.0,144462683066.4
2021-07-29,300015,33.35,34.91,33.23,34.37,55747402.0,3394273173.0,153246370894.81998
2021-07-30,300015,33.85,33.85,32.34,33.07,38291913.0,2247752660.0,147450028673.02
2021-08-02,300015,32.11,32.82,30.14,32.53,62286088.0,3477115185.0,145042317288.58002
2021-08-03,300015,32.12,33.66,31.77,33.39,42995738.0,2515301897.0,148876820604.54
2021-08-04,300015,32.78,33.36,32.12,32.69,34440130.0,2003068076.0,145755713254.34
2021-08-05,300015,32.19,32.78,31.66,31.83,36314977.0,2070948637.0,141921209938.38
2021-08-06,300015,31.81,32.37,31.29,31.6,26082307.0,1467433194.0,140895703237.6
2021-08-09,300015,31.6,32.98,31.5,32.15,27897282.0,1594963145.0,143348001869.9
2021-08-10,300015,32.14,32.66,30.9,32.51,43871761.0,2473258943.0,144953142792.86
2021-08-11,300015,32.53,32.86,31.06,31.29,38604360.0,2169978955.0,139513498553.94
2021-08-12,300015,30.96,31.54,30.78,30.86,25142917.0,1385276777.0,137596246895.96
2021-08-13,300015,30.83,31.14,29.43,29.82,55585313.0,2965762544.0,132959173118.52
2021-08-16,300015,29.94,30.54,29.63,30.25,28266666.0,1513794371.0,134876424776.5
2021-08-17,300015,30.01,30.58,29.29,29.29,42743029.0,2269459497.0,130596048981.94
2021-08-18,300015,29.51,29.84,28.22,28.56,53403407.0,2730446029.0,127341179888.15999
2021-08-19,300015,29.13,29.22,27.97,28.2,43458276.0,2190270575.0,125736038965.2
2021-08-20,300015,27.88,27.88,26.07,26.33,77170650.0,3648740763.0,117398223615.37999
2021-08-23,300015,26.76,26.77,25.71,26.11,56387926.0,2616442219.0,116417304162.45999
2021-08-24,300015,26.36,28.28,26.19,27.91,74791100.0,3633692790.0,124443008777.26
2021-08-25,300015,28.1,29.02,28.03,28.71,65624570.0,3334674380.0,128009988606.06
2021-08-26,300015,28.87,28.89,27.22,27.44,45446927.0,2231505104.0,122347408127.84001
2021-08-27,300015,27.02,27.88,26.32,26.5,62942814.0,3005315535.0,118156206829.0
2021-08-30,300015,26.49,26.53,25.07,25.91,80276388.0,3631460385.0,115525559205.26
2021-08-31,300015,25.92,25.96,23.59,23.77,92293336.0,3957430317.0,105983888163.22
2021-09-01,300015,23.69,24.39,22.73,24.11,80011139.0,3361463470.0,107499854590.45999
2021-09-02,300015,23.89,24.31,22.97,23.02,60532353.0,2512042865.0,102639844573.72
2021-09-03,300015,23.13,23.64,22.46,23.16,45327917.0,1868659978.0,103264066043.76
2021-09-06,300015,23.19,25.78,22.63,25.29,100159125.0,4416174814.0,112761149837.94
2021-09-07,300015,25.34,25.54,24.6,25.35,59329914.0,2643443471.0,113028673325.1
2021-09-08,300015,25.36,25.55,24.84,25.24,38720619.0,1733608661.0,112538213598.64
2021-09-09,300015,25.29,25.91,25.14,25.45,39834417.0,1798149285.0,113474545803.7
2021-09-10,300015,25.46,25.8,24.96,25.3,33371575.0,1502020126.0,112805737085.8
2021-09-13,300015,25.44,26.54,25.36,25.8,47930114.0,2216676126.0,115035099478.8
2021-09-14,300015,25.64,26.87,25.61,26.42,49919592.0,2345947353.0,117799508846.12001
2021-09-15,300015,26.42,26.51,25.61,25.82,35234497.0,1623931910.0,115124246863.52
2021-09-16,300015,25.52,28.2,25.27,27.43,79759413.0,3807315785.0,122302792078.48
2021-09-17,300015,27.38,30.13,26.81,29.33,85726399.0,4396295603.0,130774367176.87999
2021-09-22,300015,28.73,30.91,28.61,30.15,54253835.0,2875264640.0,134430520640.4
2021-09-23,300015,30.16,30.38,29.11,29.49,49561902.0,2600764809.0,131487762974.64
2021-09-24,300015,29.16,29.97,28.99,29.22,32353542.0,1688621312.0,130283907565.92
2021-09-27,300015,29.4,31.14,29.4,30.74,68040893.0,3684618625.0,137061167644.64
2021-09-28,300015,30.42,30.95,29.86,30.24,33328986.0,1795636431.0,134831805776.64
2021-09-29,300015,29.98,30.19,28.98,29.65,37824054.0,1988981279.0,132201158772.4
2021-09-30,300015,29.62,30.35,29.5,30.08,28368978.0,1509329795.0,134118409978.87999
2021-10-08,300015,30.34,30.78,29.71,29.96,33124419.0,1777515603.0,133583363130.56
2021-10-11,300015,30.08,30.19,28.78,28.98,39879205.0,2074457732.0,129213813869.28
2021-10-12,300015,28.73,29.43,28.5,28.95,32799280.0,1689203651.0,129080052157.2
2021-10-13,300015,28.66,29.84,28.6,29.56,24505271.0,1276261739.0,131799873636.15999
2021-10-14,300015,29.51,29.73,26.98,27.04,69323869.0,3418387081.0,120563889821.44
2021-10-15,300015,26.48,27.07,26.13,26.54,53445212.0,2510748603.0,118334527953.44
2021-10-18,300015,26.62,26.96,26.05,26.63,33188989.0,1561475484.0,118735813089.68
2021-10-19,300015,26.5,26.95,26.38,26.58,27202561.0,1285540232.0,118512876902.87999
2021-10-20,300015,26.78,26.89,25.45,26.37,47320339.0,2188170652.0,117576544918.32
2021-10-21,300015,26.28,26.75,26.04,26.24,22922566.0,1072746148.0,116996910832.64
2021-10-22,300015,26.3,26.6,26.11,26.31,22353307.0,1047037334.0,117309021494.15999
2021-10-25,300015,26.19,26.86,26.09,26.66,31392591.0,1485460897.0,118869574801.76
2021-10-26,300015,25.58,27.84,25.35,27.15,62743297.0,3003638468.0,121054349432.4
2021-10-27,300015,27.15,27.15,25.57,25.95,50051318.0,2317467361.0,115703880949.2
2021-10-28,300015,25.93,26.29,25.41,25.78,26443594.0,1211680982.0,114945897914.08
2021-10-29,300015,25.72,27.66,25.57,27.34,55596671.0,2661205248.0,121901506942.24
2021-11-01,300015,27.09,27.22,25.77,25.97,51863671.0,2406339172.0,115793055423.92
2021-11-02,300015,25.69,26.39,25.58,26.19,34826324.0,1610726212.0,116773974645.84001
2021-11-03,300015,26.05,27.15,25.97,26.73,34227913.0,1621588237.0,119181685463.28
2021-11-04,300015,26.78,27.04,26.31,26.78,24039662.0,1139496422.0,119404621650.08
2021-11-05,300015,26.76,27.77,26.51,27.31,35286493.0,1707695266.0,121767745230.15999
2021-11-08,300015,27.21,27.56,26.85,26.87,23200010.0,1116281308.0,119805906786.32
2021-11-09,300015,26.87,27.52,26.04,27.17,30073749.0,1431653419.0,121143523907.12001
2021-11-10,300015,26.96,27.14,26.11,26.33,28454242.0,1336795828.0,117398195968.87999
2021-11-11,300015,26.21,27.24,25.93,27.16,31717219.0,1512864166.0,121098936669.76
2021-11-12,300015,27.16,27.31,26.64,26.81,17816916.0,850052128.0,119538383362.15999
2021-11-15,300015,26.84,27.25,26.69,27.23,20165487.0,967917927.0,121411047331.28
2021-11-16,300015,27.25,28.45,27.23,28.22,49717798.0,2485849258.0,125825183829.92
2021-11-17,300015,28.14,28.73,27.71,27.84,28033270.0,1392895233.0,124130868810.24
2021-11-18,300015,27.57,27.64,26.73,26.87,32954402.0,1576856986.0,119805906786.32
2021-11-19,300015,26.59,26.87,26.41,26.62,24100988.0,1136836588.0,118691225852.32
2021-11-22,300015,26.65,26.74,26.2,26.53,23724617.0,1114824014.0,118289940716.08
2021-11-23,300015,26.31,26.76,26.31,26.4,16838632.0,791437424.0,117710306630.4
2021-11-24,300015,26.36,26.93,25.97,26.73,27962684.0,1313837859.0,119181685463.28
2021-11-25,300015,26.75,27.07,26.47,26.58,20453245.0,971647681.0,118512876902.87999
2021-11-26,300015,26.51,26.57,25.91,25.97,28019794.0,1300093387.0,115793055423.92
2021-11-29,300015,25.64,25.97,24.15,24.49,60937471.0,2689373842.0,109194144294.64
2021-11-30,300015,24.44,24.58,23.8,24.04,39746876.0,1700031946.0,107187718613.44
2021-12-01,300015,23.94,24.06,23.52,23.74,31680701.0,1331751894.0,105850101492.64
2021-12-02,300015,23.71,24.08,23.29,23.35,38932396.0,1631668715.0,104111199235.6
2021-12-03,300015,23.38,23.77,23.28,23.74,32137874.0,1341817082.0,105850101492.64
2021-12-06,300015,23.8,24.15,23.6,23.95,29253009.0,1244680450.0,106786433477.2
2021-12-07,300015,24.11,24.22,23.69,24.22,27972685.0,1196386940.0,107990288885.92
2021-12-08,300015,24.11,24.39,23.89,24.3,25397429.0,1089871366.0,108346986784.8
2021-12-09,300015,24.33,26.0,24.28,25.75,75866486.0,3430159800.0,114812136202.0
2021-12-10,300015,25.42,25.72,24.76,24.98,56104842.0,2501048582.0,111378918925.28
2021-12-13,300015,24.85,25.8,24.83,25.18,35632208.0,1600213836.0,112270663672.48
2021-12-14,300015,24.89,25.28,24.68,24.83,25005594.0,1105039062.0,110710110364.87999
2021-12-15,300015,24.68,24.9,24.05,24.09,32011506.0,1386437096.0,107410654800.24
2021-12-16,300015,24.04,24.78,24.02,24.5,24162665.0,1050462217.0,109238731532.0
2021-12-17,300015,24.49,24.59,24.0,24.13,24941064.0,1071260699.0,107589003749.68
2021-12-20,300015,24.01,24.22,23.66,23.77,23716450.0,1003153160.0,105983863204.72
2021-12-21,300015,23.74,24.48,23.61,24.29,21911774.0,942724582.0,108302399547.44
2021-12-22,300015,24.18,24.58,24.18,24.26,13168572.0,568723614.0,108168637835.36
2021-12-23,300015,24.33,24.45,24.0,24.05,16391064.0,703790662.0,107232305850.8
2021-12-24,300015,24.15,24.48,23.83,24.32,21305853.0,914830505.0,108436161259.52
2021-12-27,300015,24.42,24.78,24.33,24.78,26043562.0,1137845308.0,110487174178.08
2021-12-28,300015,24.71,24.93,24.41,24.56,20248755.0,883892900.0,109506254956.15999
2021-12-29,300015,24.56,25.01,24.41,24.5,24331852.0,1064666610.0,109238731532.0
2021-12-30,300015,24.35,24.99,23.88,24.59,34252840.0,1484330605.0,109640016668.24
2021-12-31,300015,24.58,24.63,23.69,23.82,44295765.0,1884808590.0,106206799391.52
2022-01-04,300015,23.75,23.79,23.41,23.78,26001049.0,1089324408.0,106028450442.08
2022-01-05,300015,23.71,23.87,23.27,23.4,27147188.0,1128935970.0,104334135422.4
2022-01-06,300015,23.27,23.45,21.62,21.86,77057571.0,3027014128.0,97467700868.95999
2022-01-07,300015,21.95,22.4,21.8,21.82,41350581.0,1617924437.0,97289351919.52
2022-01-10,300015,21.17,21.52,20.5,21.01,77147004.0,2881435778.0,93677785693.36
2022-01-11,300015,20.82,21.0,20.39,20.44,58259474.0,2131550541.0,91136313163.84001
2022-01-12,300015,20.35,21.08,20.35,20.73,53574068.0,1976668296.0,92429343047.28
2022-01-13,300015,20.87,21.25,20.28,20.33,64574805.0,2370137434.0,90645853552.87999
2022-01-14,300015,20.17,20.53,19.88,19.97,58378969.0,2087784155.0,89040713007.92
2022-01-17,300015,19.87,20.14,19.77,20.01,47592528.0,1684577350.0,89219061957.36
2022-01-18,300015,20.03,20.72,19.65,20.31,55385799.0,1998226400.0,90556679078.15999
2022-01-19,300015,20.17,20.32,19.91,19.97,31437735.0,1119214567.0,89040713007.92
2022-01-20,300015,19.88,20.15,19.72,19.74,32623059.0,1153809175.0,88015206548.64
2022-01-21,300015,19.6,19.82,19.04,19.27,55902782.0,1914991296.0,85919606392.72
2022-01-24,300015,19.15,19.59,19.11,19.41,29001494.0,996499584.0,86543827715.76
2022-01-25,300015,19.26,19.52,18.94,19.01,28227556.0,962616015.0,84760338221.36
2022-01-26,300015,19.14,19.23,18.46,18.77,31743342.0,1059173158.0,83690244524.72
2022-01-27,300015,18.59,18.81,18.14,18.15,33369674.0,1091319311.0,80925835808.4
2022-01-28,300015,18.34,18.58,18.14,18.18,29158771.0,950252924.0,81059597520.48
2022-02-07,300015,18.42,18.54,18.01,18.09,27281035.0,882746463.0,80658312384.24
2022-02-08,300015,17.97,18.67,17.79,18.49,38806981.0,1254437792.0,82441801878.64
2022-02-09,300015,18.49,18.95,18.32,18.87,40991880.0,1360555816.0,84136116898.32
2022-02-10,300015,18.88,19.23,18.75,18.92,32756993.0,1102127451.0,84359053085.12001
2022-02-11,300015,18.76,18.86,18.13,18.25,31993762.0,1047659722.0,81371708182.0
2022-02-14,300015,18.08,18.92,18.04,18.81,34364502.0,1135623783.0,83868593474.15999
2022-02-15,300015,18.81,19.92,18.63,19.83,77447472.0,2697350343.0,88416491684.87999
2022-02-16,300015,19.88,20.0,19.64,19.69,33777219.0,1185540564.0,87792270361.84001
2022-02-17,300015,19.66,19.81,19.54,19.72,24930502.0,871109518.0,87926032073.92
2022-02-18,300015,19.59,19.79,19.46,19.74,18069109.0,630237881.0,88015206548.64
2022-02-21,300015,19.73,19.8,19.36,19.44,26728768.0,924657259.0,86677589427.84001
2022-02-22,300015,19.29,19.29,18.94,19.19,26535054.0,900886575.0,85562908493.84001
2022-02-23,300015,19.33,19.49,19.11,19.45,25766692.0,883597553.0,86722176665.2
2022-02-24,300015,19.37,19.4,18.59,18.84,38801338.0,1306881617.0,84002355186.24
2022-02-25,300015,18.9,20.22,18.9,19.93,66872198.0,2357215278.0,88862364058.48
2022-02-28,300015,19.77,20.56,19.74,20.43,63825066.0,2304686190.0,91091725926.48
2022-03-01,300015,20.31,20.61,20.21,20.45,30153211.0,1093338570.0,91180900401.2
2022-03-02,300015,20.31,20.36,19.95,20.03,24470338.0,872294518.0,89308236432.08
2022-03-03,300015,20.22,20.23,19.78,19.83,23080532.0,814982311.0,88416491684.87999
2022-03-04,300015,19.67,19.95,19.5,19.7,24566403.0,859324755.0,87836857599.2
2022-03-07,300015,19.49,19.51,18.06,18.39,53460674.0,1753934642.0,81995929505.04001
2022-03-08,300015,18.44,19.07,18.25,18.59,40305387.0,1336154261.0,82887674252.24
2022-03-09,300015,18.41,18.82,17.11,17.78,50682584.0,1609404141.0,79276108026.08
2022-03-10,300015,18.31,18.7,18.03,18.05,37175258.0,1209769280.0,80479963434.8
2022-03-11,300015,17.81,18.34,17.49,18.31,31648871.0,1005762527.0,81639231606.15999
2022-03-14,300015,17.95,18.14,16.96,17.13,51812060.0,1604983225.0,76377937597.68
2022-03-15,300015,16.9,17.29,14.09,15.18,181584365.0,4931295311.0,67683426312.479996
2022-03-16,300015,15.12,15.42,14.24,15.36,162629413.0,4258575563.0,68485996584.96
2022-03-17,300015,15.77,17.15,15.77,16.59,140170248.0,4117395032.0,73970226780.24
2022-03-18,300015,16.34,16.44,15.72,16.12,78251999.0,2224790588.0,71874626624.32
2022-03-21,300015,16.24,16.28,15.83,16.05,40004770.0,1139905838.0,71562515962.8
2022-03-22,300015,15.88,16.13,15.74,15.79,32775281.0,922950251.0,70403247791.44
2022-03-23,300015,15.93,16.87,15.79,16.75,71258156.0,2088380756.0,74683622578.0
2022-03-24,300015,16.54,17.46,16.43,17.19,73435171.0,2216692183.0,76645461021.84001
2022-03-25,300015,17.19,17.59,16.62,16.71,55680751.0,1679744102.0,74505273628.56
2022-03-28,300015,16.37,16.72,16.24,16.39,31922310.0,932866681.0,73053647642.8
2022-03-29,300015,16.7,16.71,16.14,16.22,27380899.0,791764513.0,72295922194.4
2022-03-30,300015,16.36,17.94,16.08,17.88,92089082.0,2827125123.0,79694888337.59999
2022-03-31,300015,17.54,18.23,17.47,17.77,79932583.0,2532047358.0,79204595400.4
2022-04-01,300015,17.57,18.45,17.14,18.08,64148362.0,2053731795.0,80586330041.59999
2022-04-06,300015,18.0,18.19,17.7,17.86,40488620.0,1288182443.0,79605744167.2
2022-04-07,300015,17.78,18.36,17.72,17.88,34043431.0,1089532669.0,79694888337.59999
2022-04-08,300015,17.91,18.37,17.61,18.1,47589621.0,1527013667.0,80675474212.0
2022-04-11,300015,17.78,18.35,17.53,17.6,45919606.0,1454092394.0,78446869952.0
2022-04-12,300015,17.46,18.65,17.41,18.54,54871074.0,1764857224.0,82636645960.8
2022-04-13,300015,18.48,19.22,18.4,18.87,59876544.0,2017914068.0,84107524772.40001
2022-04-14,300015,19.13,20.21,19.13,19.75,67350249.0,2368585012.0,88029868270.0
2022-04-15,300015,19.39,19.93,19.17,19.46,40353386.0,1400776910.0,86737277799.2
2022-04-18,300015,19.34,19.48,18.65,18.92,37003798.0,1248981664.0,84330385198.40001
2022-04-19,300015,18.77,19.19,18.36,18.63,27863056.0,918887405.0,83037794727.59999
2022-04-20,300015,18.63,19.46,18.59,18.97,40403434.0,1367162745.0,84553245624.4
2022-04-21,300015,18.76,19.21,18.03,18.23,37339465.0,1224417833.0,81254911319.6
2022-04-22,300015,17.97,19.6,17.87,19.41,45187132.0,1514756902.0,86514417373.2
2022-04-25,300015,19.04,19.63,18.85,18.92,51114561.0,1741204355.0,84330385198.40001
2022-04-26,300015,19.26,20.56,19.14,20.12,74157971.0,2634380675.0,89679035422.40001
2022-04-27,300015,19.8,20.63,19.44,20.52,62115534.0,2215458956.0,91461918830.4
2022-04-28,300015,20.28,20.31,19.7,19.89,46514582.0,1643504187.0,88653877462.8
2022-04-29,300015,19.89,20.56,19.53,20.23,50298819.0,1800885491.0,90169328359.6
2022-05-05,300015,20.11,20.6,19.82,20.22,30126164.0,1081007430.0,90124756274.4
2022-05-06,300015,19.83,20.59,19.75,20.38,43631305.0,1568010132.0,90837802642.59999
2022-05-09,300015,20.21,20.5,18.01,18.2,71973741.0,2435927945.0,81121099514.0
2022-05-10,300015,17.66,19.47,17.63,19.05,54589156.0,1825528204.0,84909722293.5
2022-05-11,300015,19.15,19.35,18.77,18.85,43932954.0,1486432487.0,84018281639.5
2022-05-12,300015,19.11,19.93,18.82,19.84,49933616.0,1736367180.0,88430912876.8
2022-05-13,300015,19.84,20.03,19.55,19.97,28104598.0,987337025.0,89010349301.9
2022-05-16,300015,19.97,20.11,19.26,19.46,28344466.0,984606386.0,86737175634.2
2022-05-17,300015,19.47,19.86,19.32,19.72,20689863.0,721690414.0,87896048484.4
2022-05-18,300015,19.71,19.88,19.33,19.34,21269963.0,738163062.0,86202311241.8
2022-05-19,300015,19.06,19.52,18.69,19.3,24860042.0,843841614.0,86024023111.0
2022-05-20,300015,19.43,20.21,19.43,19.78,30099804.0,1064072773.0,88163480680.6
2022-05-23,300015,19.78,19.93,19.44,19.56,18273913.0,635397943.0,87182895961.2
2022-05-24,300015,19.56,19.61,19.0,19.04,24189736.0,824782463.0,84865150260.8
2022-05-25,300015,19.07,19.68,19.07,19.21,19642379.0,674811200.0,85622874816.7
2022-05-26,300015,19.16,19.52,18.95,19.32,17769649.0,606986431.0,86113167176.4
2022-05-27,300015,19.48,19.68,18.7,18.95,34488529.0,1167168596.0,84464001966.5
2022-05-30,300015,18.88,19.87,18.77,19.77,39247368.0,1362701522.0,88118908647.9
2022-05-31,300015,19.72,21.01,19.53,20.93,55585875.0,2019722798.0,93289264441.1
2022-06-01,300015,20.9,20.92,20.41,20.62,30154921.0,1105051422.0,91907531427.40001
2022-06-02,300015,20.61,20.62,19.66,19.78,44025567.0,1552857232.0,88163480680.6
2022-06-06,300015,19.7,20.33,19.55,20.13,36079008.0,1282096230.0,89723501825.09999
2022-06-07,300015,20.13,20.56,19.96,20.24,28308155.0,1019300142.0,90213794184.79999
2022-06-08,300015,20.14,21.38,20.11,21.11,58164515.0,2168831091.0,94091561029.7
2022-06-09,300015,21.11,21.33,20.56,20.65,29051745.0,1074308466.0,92041247525.5
2022-06-10,300015,20.56,20.9,20.45,20.9,26832088.0,985753418.0,93155548343.0
2022-06-13,300015,20.59,21.09,20.28,20.77,29820084.0,1094466594.0,92576111917.9
2022-06-14,300015,20.5,20.94,20.32,20.75,23070459.0,844255824.0,92486967852.5
2022-06-15,300015,20.81,21.62,20.81,21.18,37440764.0,1410635389.0,94403565258.6
2022-06-16,300015,21.17,21.73,21.13,21.38,30344809.0,1156505605.0,95295005912.59999
2022-06-17,300015,21.18,22.8,21.04,22.53,61086964.0,2392646154.0,100420789673.1
2022-06-20,300015,23.03,23.66,22.7,23.07,55049783.0,2262335743.0,102827679438.9
2022-06-21,300015,22.97,23.17,22.57,22.97,32980677.0,1339710089.0,102381959111.9
2022-06-22,300015,23.06,23.6,22.76,23.15,35256771.0,1449654189.0,103184255700.5
2022-06-23,300015,23.08,23.27,22.53,23.12,29918913.0,1217545286.0,103050539602.40001
2022-06-24,300015,23.12,23.7,22.59,23.58,47738342.0,1972923510.0,105100853106.59999
2022-06-27,300015,23.57,23.91,23.29,23.47,27287673.0,1140355873.0,104610560746.9
2022-06-28,300015,23.32,23.47,22.93,23.32,26515351.0,1089626661.0,103941980256.4
2022-06-29,300015,23.31,24.09,23.2,23.38,33564714.0,1416223511.0,104170996961.64
2022-06-30,300015,23.39,25.35,23.39,25.22,59614767.0,2627242007.0,112364599188.65999
2022-07-01,300015,25.21,25.21,24.23,24.59,34161177.0,1491817034.0,109557711897.27
2022-07-04,300015,24.59,25.33,24.1,25.16,34075013.0,1508942777.0,112097276589.48
2022-07-05,300015,25.35,25.8,24.84,25.15,30866442.0,1378046503.0,112052722822.95
2022-07-06,300015,25.4,25.48,24.29,24.49,38957839.0,1714894423.0,109112174231.96999
2022-07-07,300015,24.58,24.82,23.55,23.95,30367270.0,1295898323.0,106706270839.34999
2022-07-08,300015,24.19,24.91,24.09,24.36,22831776.0,989102079.0,108532975267.08
2022-07-11,300015,24.33,24.61,23.21,23.84,39991713.0,1296807800.0,137976818507.84
2022-07-12,300015,23.78,24.03,23.21,23.32,25739802.0,823864848.0,134967257030.32
2022-07-13,300015,23.17,23.82,23.12,23.64,24616876.0,791139130.0,136819294862.64
2022-07-14,300015,23.68,25.57,23.67,24.78,54655981.0,1859597202.0,143417179640.28
2022-07-15,300015,24.79,25.21,24.24,24.75,32696122.0,1109978961.0,143243551093.5
2022-07-18,300015,24.75,25.66,24.12,25.54,44534160.0,1525062175.0,147815769492.04
2022-07-19,300015,25.44,25.66,24.8,25.05,29371110.0,1004618228.0,144979836561.30002
2022-07-20,300015,25.24,25.59,24.86,24.95,28609284.0,978961709.0,144401074738.69998
2022-07-21,300015,24.8,24.97,24.39,24.61,32105657.0,1077114067.0,142433284541.86
2022-07-22,300015,24.73,24.9,24.18,24.36,25793478.0,860437405.0,140986379985.36
2022-07-25,300015,24.1,24.43,23.59,24.33,18397417.0,606360086.0,140812751438.58
2022-07-26,300015,24.22,24.84,23.85,24.13,24047945.0,790223718.0,139655227793.38
2022-07-27,300015,24.06,24.17,23.34,23.53,36643352.0,1180307882.0,136182656857.78001
2022-07-28,300015,23.74,23.76,22.02,22.57,103039824.0,3172536415.0,130626543360.82
2022-07-29,300015,22.51,22.75,22.1,22.3,46118333.0,1405821181.0,129063886439.8
2022-08-01,300015,22.27,23.52,22.02,23.39,51122196.0,1603507637.0,135372390306.14
2022-08-02,300015,23.15,23.33,22.46,22.74,37531467.0,1169193157.0,131610438459.23999
2022-08-03,300015,22.74,23.21,22.57,22.8,26990693.0,842148974.0,131957695552.8
2022-08-04,300015,22.75,23.1,22.68,22.96,22812227.0,711258691.0,132883714468.96
2022-08-05,300015,22.95,23.14,22.46,22.85,29164582.0,905589045.0,132247076464.1
2022-08-08,300015,22.98,23.03,22.27,22.4,38769766.0,1188439328.0,129642648262.4
2022-08-09,300015,22.31,22.37,21.85,22.25,42708143.0,1285786505.0,128774505528.5
2022-08-10,300015,22.29,22.35,21.44,21.6,46234425.0,1368911636.0,125012553681.6
2022-08-11,300015,21.65,22.21,21.59,22.07,40675679.0,1216512401.0,127732734247.82
2022-08-12,300015,21.96,22.21,21.74,22.07,20145345.0,604694080.0,127732734247.82
2022-08-15,300015,21.87,22.04,21.62,21.68,30368016.0,899937814.0,125475563139.68
2022-08-16,300015,21.59,21.75,21.04,21.22,53761104.0,1557347754.0,122813258755.71999
2022-08-17,300015,21.07,21.61,21.0,21.4,35982894.0,1044316648.0,123855030036.4
2022-08-18,300015,21.32,21.44,20.97,21.05,30241223.0,872135583.0,121829363657.3
2022-08-19,300015,21.02,21.02,20.55,20.82,28789514.0,816528677.0,120498211465.32
2022-08-22,300015,20.69,21.01,20.47,20.96,24650136.0,700326301.0,121308478016.96
2022-08-23,300015,20.91,21.05,20.58,20.76,19904026.0,562931075.0,120150954371.76001
2022-08-24,300015,20.81,21.41,20.69,20.91,43911234.0,1257950088.0,121019097105.66
2022-08-25,300015,20.94,21.9,20.92,21.8,65847263.0,1942149007.0,126170077326.8
2022-08-26,300015,21.5,21.87,21.35,21.43,38806052.0,1138776155.0,124028658583.18
2022-08-29,300015,21.19,21.24,20.74,20.83,36157023.0,1029285459.0,120556087647.57999
2022-08-30,300015,20.84,21.13,20.7,21.02,19379657.0,552167475.0,121655735110.52
2022-08-31,300015,20.78,21.92,20.78,21.59,46298423.0,1356243914.0,124954677499.34
2022-09-01,300015,21.6,21.89,21.3,21.33,34209600.0,1006617373.0,123449896760.57999
2022-09-02,300015,21.33,21.47,20.94,21.08,21486199.0,617767621.0,122002992204.07999
2022-09-05,300015,21.12,21.35,19.82,20.0,60698021.0,1675305516.0,115752364520.0
2022-09-06,300015,20.0,20.25,19.55,20.2,36738217.0,999544987.0,116909888165.2
2022-09-07,300015,20.03,20.76,19.96,20.53,34556738.0,962353075.0,118819802179.78001
2022-09-08,300015,20.91,21.35,20.68,20.75,35316147.0,1007218304.0,120093078189.5
2022-09-09,300015,21.94,22.39,21.66,22.02,80664626.0,2422761300.0,127443353336.52
2022-09-13,300015,21.83,22.33,21.52,21.76,55039463.0,1642589746.0,125938572597.76001
2022-09-14,300015,21.52,21.93,21.29,21.67,33150838.0,979272412.0,125417686957.42001
2022-09-15,300015,21.75,22.14,21.07,21.13,38344851.0,1119966845.0,122292373115.37999
2022-09-16,300015,21.09,21.19,20.36,20.36,58665771.0,1645218781.0,117835907081.36
2022-09-19,300015,20.28,20.5,19.45,19.66,53516094.0,1441319355.0,113784574323.16
2022-09-20,300015,19.67,19.97,19.47,19.84,26234755.0,707128849.0,114826345603.84
2022-09-21,300015,19.62,19.83,19.46,19.46,26233184.0,701015347.0,112627050677.96
2022-09-22,300015,19.14,19.34,18.68,18.81,38976032.0,1004863612.0,108865098831.06
2022-09-23,300015,18.77,19.2,18.46,18.93,39353474.0,1010280146.0,109559613018.18
2022-09-26,300015,19.08,19.89,18.93,19.5,43777164.0,1165978443.0,112858555407.0
2022-09-27,300015,19.42,21.3,19.12,21.18,82088449.0,2303700364.0,122578687861.62
2022-09-28,300015,21.28,21.6,20.99,21.19,47718909.0,1385710099.0,122636562596.21
2022-09-29,300015,21.11,21.79,21.0,21.09,37574584.0,1093405073.0,122057815250.31
2022-09-30,300015,21.1,21.52,20.91,21.04,26403112.0,760908670.0,121768441577.36
2022-10-10,300015,21.0,21.27,20.11,20.25,31258731.0,873350196.0,117196337544.75
2022-10-11,300015,20.18,20.31,19.74,19.92,21228757.0,578005231.0,115286471303.28001
2022-10-12,300015,20.04,20.58,19.48,20.51,36087711.0,986335611.0,118701080644.09001
2022-10-13,300015,20.36,21.22,20.28,20.47,39814323.0,1124347227.0,118469581705.73
2022-10-14,300015,20.71,22.38,20.56,21.99,89348601.0,2644968305.0,127266541363.40999
2022-10-17,300015,22.02,22.2,21.45,21.76,38334488.0,1138581920.0,125935422467.84001
2022-10-18,300015,22.02,22.48,21.72,22.26,47920591.0,1452002774.0,128829159197.34001
2022-10-19,300015,22.24,22.25,21.74,21.99,29393063.0,880471045.0,127266541363.40999
2022-10-20,300015,21.78,22.85,21.75,22.57,59075451.0,1815290017.0,130623275969.63
2022-10-21,300015,22.49,22.6,22.15,22.41,25391905.0,773428888.0,129697280216.19
2022-10-24,300015,22.46,22.46,20.55,20.63,71820161.0,2063514663.0,119395577459.17
2022-10-25,300015,20.16,20.78,20.16,20.42,36911873.0,1026721435.0,118180208032.78001
2022-10-26,300015,20.91,21.71,20.91,21.66,59844413.0,1748086983.0,125356675121.94
2022-10-27,300015,20.18,20.25,18.26,18.82,164254650.0,4243671033.0,108920250498.38
2022-10-28,300015,18.51,19.09,18.49,18.58,62574944.0,1604962866.0,107531256868.21999
2022-10-31,300015,18.35,18.75,17.76,18.13,58817779.0,1464535526.0,104926893811.67
2022-11-01,300015,18.15,19.19,18.12,19.12,70634486.0,1799347544.0,110656492536.08
2022-11-02,300015,18.99,20.29,18.87,19.64,73311353.0,1972157278.0,113665978734.76001
2022-11-03,300015,19.27,19.7,19.09,19.44,31225079.0,825710107.0,112508484042.96
2022-11-04,300015,19.32,20.36,19.32,20.17,56619751.0,1543453853.0,116733339668.03001
2022-11-07,300015,20.0,20.0,19.4,19.67,63111982.0,1687099791.0,113839602938.53001
2022-11-08,300015,19.56,19.64,19.19,19.34,35052507.0,924040554.0,111929736697.06
2022-11-09,300015,19.27,19.63,19.01,19.08,43127256.0,1134083591.0,110424993597.71999
2022-11-10,300015,18.9,19.27,18.87,19.21,27153070.0,707509426.0,111177365147.39
2022-11-11,300015,19.89,20.46,19.49,19.87,82297827.0,2233390092.0,114997097630.33
2022-11-14,300015,19.76,20.24,19.59,19.86,45273325.0,1229318311.0,114939222895.73999
2022-11-15,300015,19.81,20.4,19.4,20.2,53827046.0,1459870577.0,116906963871.8
2022-11-16,300015,20.09,20.83,20.02,20.27,45539988.0,1268251555.0,117312087013.93
2022-11-17,300015,20.11,20.36,19.89,20.17,25777184.0,704746336.0,116733339668.03001
2022-11-18,300015,20.3,20.87,20.18,20.63,58139557.0,1631502372.0,119395577459.17
2022-11-21,300015,20.33,20.36,19.34,19.73,55464596.0,1491351006.0,114186851346.07
2022-11-22,300015,19.71,20.0,19.46,19.55,27301615.0,731065173.0,113145106123.45
2022-11-23,300015,19.65,19.65,19.16,19.28,26369594.0,694212518.0,111582488289.52
2022-11-24,300015,19.41,19.56,19.26,19.34,17185086.0,454159608.0,111929736697.06
2022-11-25,300015,19.28,19.4,19.17,19.39,15370955.0,404349060.0,112219110370.01001
2022-11-28,300015,19.15,19.19,18.82,19.08,30978603.0,800509181.0,110424993597.71999
2022-11-29,300015,19.19,20.22,19.18,19.92,56356955.0,1522384468.0,115286471303.28001
2022-11-30,300015,20.03,20.17,19.71,19.89,23963893.0,649755491.0,115112847099.51001
2022-12-01,300015,20.54,21.06,20.5,20.78,75762795.0,2147050908.0,120263698478.02
2022-12-02,300015,20.69,20.84,20.47,20.49,23411801.0,657642399.0,118585331174.90999
2022-12-05,300015,20.66,21.26,20.45,21.04,42243005.0,1206794611.0,121768423125.28
2022-12-06,300015,20.84,21.57,20.8,21.22,42754695.0,1240705931.0,122810168190.04
2022-12-07,300015,21.05,21.65,20.91,21.37,35148393.0,1020164816.0,123678289077.34001
2022-12-08,300015,21.28,21.59,21.13,21.32,26780041.0,778410460.0,123388915448.24
2022-12-09,300015,21.22,21.35,20.75,21.23,36795544.0,1056473199.0,122868042915.86
2022-12-12,300015,21.08,21.46,21.06,21.2,18789400.0,543660177.0,122694418738.4
2022-12-13,300015,21.13,21.19,20.75,21.02,20320431.0,581002167.0,121652673673.64
2022-12-14,300015,21.02,21.84,20.89,21.67,45217555.0,1327611925.0,125414530851.94
2022-12-15,300015,21.82,22.13,21.56,21.87,38715092.0,1155989155.0,126572025368.34001
2022-12-16,300015,21.78,21.95,21.42,21.57,25556937.0,750863377.0,125171701141.5
2022-12-19,300015,21.5,21.59,20.99,21.16,25869288.0,748934297.0,122792452302.0
2022-12-20,300015,21.04,21.19,20.66,20.72,20353620.0,577158335.0,120239112084.0
2022-12-21,300015,20.91,21.38,20.79,20.89,20163844.0,578955943.0,121225629895.5
2022-12-22,300015,21.16,22.19,20.96,21.71,40953986.0,1213217655.0,125984127574.5
2022-12-23,300015,21.58,22.38,21.51,22.12,46727520.0,1409519969.0,128363376414.0
2022-12-26,300015,22.27,22.34,21.8,21.9,29900439.0,896565380.0,127086706304.99998
2022-12-27,300015,21.98,22.71,21.69,22.54,48958519.0,1491937623.0,130800655713.0
2022-12-28,300015,22.52,22.75,22.31,22.46,35650683.0,1091192524.0,130336412037.0
2022-12-29,300015,22.34,22.73,22.02,22.52,35802010.0,1096370439.0,130684594794.0
2022-12-30,300015,22.64,23.2,22.64,22.8,39679515.0,1237941881.0,132309447660.0
2023-01-03,300015,22.82,22.97,22.1,22.38,41412299.0,1267285912.0,129872168361.0
2023-01-04,300015,22.38,22.72,22.26,22.52,23253188.0,714016829.0,130684594794.0
2023-01-05,300015,22.46,23.12,22.45,22.96,48957709.0,1523278911.0,133237935012.0
2023-01-06,300015,22.93,22.94,22.32,22.59,36783148.0,1128143878.0,131090808010.5
2023-01-09,300015,22.51,22.8,22.32,22.59,32937529.0,1012589855.0,131090808010.5
2023-01-10,300015,22.59,23.53,22.4,23.43,52007601.0,1650329580.0,135965366608.5
2023-01-11,300015,23.48,23.56,23.2,23.31,23290198.0,741793798.0,135269001094.5
2023-01-12,300015,23.25,23.48,23.19,23.35,24752973.0,787655212.0,135501122932.50002
2023-01-13,300015,23.48,24.87,23.33,24.75,64233389.0,2138921630.0,143625387262.5
2023-01-16,300015,24.79,25.38,24.49,24.64,73772533.0,2513050518.0,142987052208.0
2023-01-17,300015,24.71,25.1,24.64,24.98,43641602.0,1483327157.0,144960087831.0
2023-01-18,300015,24.99,25.32,24.8,24.99,25905440.0,882726211.0,145018118290.5
2023-01-19,300015,24.81,25.6,24.66,25.1,37864548.0,1297345455.0,145656453345.0
2023-01-20,300015,25.21,25.46,24.66,24.77,43771557.0,1486635412.0,143741448181.5
2023-01-30,300015,25.21,25.28,24.63,24.65,34394911.0,1164223191.0,143045082667.5
2023-01-31,300015,24.62,24.92,23.89,24.11,47247987.0,1557686630.0,139911437854.5
2023-02-01,300015,24.17,24.84,24.07,24.84,39056072.0,1306006242.0,144147661398.0
2023-02-02,300015,24.84,25.1,24.62,24.66,26703126.0,902401610.0,143103113127.0
2023-02-03,300015,24.58,24.83,24.12,24.33,25597593.0,848769666.0,141188107963.5
2023-02-06,300015,24.07,24.07,23.39,23.59,46366454.0,1494562567.0,136893853960.5
2023-02-07,300015,23.7,23.96,23.47,23.6,24817784.0,801237105.0,136951884420.00002
2023-02-08,300015,23.6,23.85,23.47,23.5,19276010.0,619813848.0,136371579825.0
2023-02-09,300015,23.48,23.84,23.44,23.76,28947342.0,933233703.0,137880371772.0
2023-02-10,300015,23.78,24.06,23.68,23.92,26944613.0,877310219.0,138808859124.0
2023-02-13,300015,23.9,24.56,23.85,24.27,29345003.0,971697223.0,140839925206.5
2023-02-14,300015,24.28,24.42,24.07,24.41,16966573.0,560680261.0,141652351639.5
2023-02-15,300015,24.36,24.41,23.78,23.91,21781956.0,712273001.0,138750828664.5
2023-02-16,300015,23.89,24.3,23.67,23.81,22818886.0,746592695.0,138170524069.5
2023-02-17,300015,23.81,24.11,23.58,23.59,19249308.0,624225346.0,136893853960.5
2023-02-20,300015,23.53,24.07,23.41,23.98,19508735.0,631225639.0,139157041881.0
2023-02-21,300015,24.02,24.07,23.48,23.63,22323651.0,720372383.0,137125975798.5
2023-02-22,300015,23.43,23.59,23.1,23.19,27915509.0,885414067.0,134572635580.5
2023-02-23,300015,23.23,23.7,22.93,23.14,23424581.0,740981522.0,134282483283.0
2023-02-24,300015,23.14,23.26,22.95,22.97,16144428.0,507202096.0,133295965471.5
2023-02-27,300015,22.79,22.91,22.22,22.81,29170078.0,898825850.0,132367478119.5
2023-02-28,300015,22.79,23.08,22.61,22.93,24674848.0,768319165.0,133063843633.5
2023-03-01,300015,22.97,23.05,22.53,22.72,28545458.0,882408890.0,131845203984.0
2023-03-02,300015,22.6,22.87,22.51,22.57,17307311.0,534560020.0,130974747091.5
2023-03-03,300015,22.68,22.87,22.46,22.59,24270248.0,748797781.0,131090844628.89
2023-03-06,300015,22.6,22.94,22.44,22.63,26192681.0,809232073.0,131322966531.73
2023-03-07,300015,22.65,23.3,22.42,22.47,43423535.0,1353187554.0,130394478920.37
2023-03-08,300015,22.28,22.45,22.05,22.26,21943259.0,664546273.0,129175838930.46
2023-03-09,300015,22.26,22.38,21.96,22.1,20905257.0,630826079.0,128247351319.1
2023-03-10,300015,21.95,22.76,21.85,22.37,35160740.0,1067143933.0,129814174163.27
2023-03-13,300015,22.37,22.82,22.33,22.56,22808645.0,701180497.0,130916753201.76
2023-03-14,300015,22.59,22.75,22.44,22.67,20216089.0,622923524.0,131555088434.57
2023-03-15,300015,22.81,22.86,21.57,21.8,45516643.0,1367305919.0,126506437047.8
2023-03-16,300015,21.77,22.74,21.71,22.4,46878396.0,1431863313.0,129988265590.4
2023-03-17,300015,22.36,22.51,21.93,22.51,56255111.0,1702136012.0,130626600823.21
2023-03-20,300015,22.46,22.46,21.65,22.04,42109657.0,1259436797.0,127899168464.84
2023-03-21,300015,22.02,22.65,21.89,22.62,35358690.0,1079830818.0,131264936056.02
2023-03-22,300015,22.71,22.82,22.08,22.28,32085221.0,976185649.0,129292916317.76001
2023-03-23,300015,22.28,22.66,22.18,22.53,24606482.0,752135633.0,130743689615.76001
2023-03-24,300015,22.61,22.79,22.21,22.38,22797199.0,698488930.0,129873225636.95999
2023-03-27,300015,22.29,22.71,22.02,22.45,27639599.0,844102156.0,130279442160.4
2023-03-28,300015,22.5,23.23,22.42,22.98,45749167.0,1431273512.0,133355081552.16
2023-03-29,300015,23.25,23.28,22.59,22.66,33169674.0,1033615170.0,131498091730.72
2023-03-30,300015,22.7,23.06,22.47,22.9,23699907.0,736050037.0,132890834096.79999
2023-03-31,300015,22.94,23.04,22.75,22.8,19941308.0,621705966.0,132310524777.6
2023-04-03,300015,22.73,22.73,21.87,22.05,56459492.0,1701196921.0,127958204883.6
2023-04-04,300015,22.05,22.09,21.54,22.07,39690554.0,1181324335.0,128074266747.44
2023-04-06,300015,22.02,22.21,21.72,21.78,25569846.0,760635074.0,126391369721.76001
2023-04-07,300015,21.72,22.49,21.69,22.34,36717111.0,1113609086.0,129641101909.28
2023-04-10,300015,22.34,22.88,22.3,22.82,36614612.0,1135280011.0,132426586641.44
2023-04-11,300015,23.58,24.04,22.75,22.79,49451397.0,1570809664.0,132252493845.68
2023-04-12,300015,22.58,22.86,22.39,22.71,29196162.0,898705354.0,131788246390.32
2023-04-13,300015,22.46,22.77,22.2,22.32,28201261.0,860058672.0,129525040045.44
2023-04-14,300015,22.48,23.04,22.42,22.68,31213589.0,966726291.0,131614153594.56
2023-04-17,300015,22.35,22.45,21.87,22.4,32541669.0,985618748.0,129989287500.79999
2023-04-18,300015,22.2,22.81,22.2,22.76,33723532.0,1038003411.0,135116121008.52
2023-04-19,300015,22.73,22.82,22.42,22.59,26407360.0,811835100.0,134106905693.43
2023-04-20,300015,22.73,22.73,21.32,21.55,62676599.0,1861422475.0,127932882589.35
2023-04-21,300015,21.33,21.4,20.74,20.76,57110850.0,1628019876.0,123242999654.52
2023-04-24,300015,20.91,21.02,20.44,20.63,35234602.0,992054859.0,122471246766.51
2023-04-25,300015,20.75,21.68,20.65,21.39,47351042.0,1373856829.0,126983032881.03
2023-04-26,300015,21.28,22.18,21.14,21.22,53533483.0,1565625991.0,125973817565.93999
2023-04-27,300015,21.08,22.2,21.08,22.0,57992700.0,1724871237.0,130604334894.0
2023-04-28,300015,21.91,22.0,21.49,21.62,33060874.0,975660214.0,128348441836.74
2023-05-04,300015,21.62,21.62,21.06,21.27,32908118.0,951485650.0,126270645599.79
2023-05-05,300015,21.27,21.37,20.98,21.22,17800733.0,513277743.0,125973817565.93999
2023-05-08,300015,21.23,21.34,20.89,21.29,21510967.0,619530450.0,126389376813.33
2023-05-09,300015,21.24,21.59,20.99,21.02,24823615.0,719025454.0,124786505430.54
2023-05-10,300015,21.02,21.53,21.02,21.32,25961882.0,754544049.0,126567473633.64
2023-05-11,300015,21.32,21.99,21.13,21.16,26897172.0,787508772.0,125617623925.32
2023-05-12,300015,21.2,21.32,20.85,21.06,19263727.0,552821002.0,125023967857.62
2023-05-15,300015,21.05,21.64,20.99,21.55,24881829.0,724316089.0,127932882589.35
2023-05-16,300015,21.55,22.05,21.55,21.81,34856639.0,1035873275.0,129476355650.37
2023-05-17,300015,21.72,21.88,21.35,21.45,16923736.0,495774362.0,127339194346.65
2023-05-18,300015,21.44,21.91,21.31,21.64,26554828.0,785233268.0,128467140590.28
2023-05-19,300015,21.83,21.84,21.41,21.72,17498961.0,516040734.0,128942065324.43999
2023-05-22,300015,21.85,22.2,21.65,22.03,22276051.0,667335238.0,130782398669.31001
2023-05-23,300015,22.02,22.09,21.5,21.5,22948131.0,678699464.0,127636022305.5
2023-05-24,300015,21.42,21.55,21.15,21.15,16074772.0,466337578.0,125558226593.54999
2023-05-25,300015,21.16,21.16,20.62,20.75,23632232.0,669378101.0,123183602922.75
2023-05-26,300015,20.8,20.89,20.49,20.68,20302633.0,572835888.0,122768043780.36
2023-05-29,300015,20.95,21.35,20.27,20.35,30024839.0,842610140.0,120808979251.95001
2023-05-30,300015,20.33,20.4,19.49,19.95,43305238.0,1170326735.0,118434355581.15
2023-05-31,300015,19.92,19.99,19.62,19.67,22557626.0,607642046.0,116772119011.59001
2023-06-01,300015,19.74,20.15,19.61,19.98,21302565.0,579491991.0,118612452356.46
2023-06-02,300015,20.18,20.45,20.13,20.26,23850831.0,659305500.0,120274688926.02
2023-06-05,300015,20.31,20.37,19.81,20.0,21381688.0,583433018.0,118731183540.0
2023-06-06,300015,20.09,20.11,19.03,19.08,58670852.0,1548808367.0,113269549097.15999
2023-06-07,300015,19.09,19.4,19.03,19.12,30368869.0,792955379.0,113507011464.24
2023-06-08,300015,19.22,19.25,18.72,18.96,46095391.0,908669151.0,146329605798.48
2023-06-09,300015,18.96,19.13,18.78,18.94,43979866.0,869328019.0,146175249674.22
2023-06-12,300015,18.82,19.43,18.68,19.23,41902143.0,834693480.0,148413413475.99
2023-06-13,300015,19.27,19.78,19.16,19.36,36938658.0,749171375.0,149416728283.68
2023-06-14,300015,19.42,19.55,19.25,19.33,29640212.0,601119501.0,149185194097.28998
2023-06-15,300015,19.46,19.75,19.23,19.62,42747969.0,868691644.0,151423357899.06
2023-06-16,300015,19.7,19.78,19.34,19.58,43110928.0,878362652.0,151114645650.53998
2023-06-19,300015,19.44,19.54,19.06,19.28,53690484.0,1084009358.0,148799303786.64
2023-06-20,300015,19.35,19.4,19.06,19.08,35092399.0,703489193.0,147255742544.03998
2023-06-21,300015,18.96,19.11,18.72,18.74,40330656.0,793888937.0,144631688431.62
2023-06-26,300015,18.58,18.58,17.87,18.03,66382918.0,1255103735.0,139152046020.39
2023-06-27,300015,18.2,18.66,18.15,18.37,42218808.0,812388899.0,141776100132.81
2023-06-28,300015,18.39,18.49,18.06,18.15,36118264.0,687192127.0,140078182765.94998
2023-06-29,300015,18.15,18.19,17.65,17.77,53551565.0,998023399.0,137145416405.01
2023-06-30,300015,17.76,17.96,17.54,17.77,38895035.0,722353290.0,137145416405.01
2023-07-03,300015,17.81,18.25,17.77,18.19,42917843.0,809153680.0,140386895014.47
2023-07-04,300015,18.1,18.31,17.93,18.22,34249258.0,647346025.0,140618429200.86
2023-07-05,300015,18.14,18.18,17.73,17.77,40393576.0,754714944.0,137145416405.01
2023-07-06,300015,17.71,17.77,17.33,17.38,45269936.0,826899618.0,134135471981.93999
2023-07-07,300015,17.25,17.32,16.98,17.06,53363765.0,954089973.0,131665773993.77998
2023-07-10,300015,17.14,18.06,17.11,17.75,68620597.0,1270193951.0,139844387105.00003
2023-07-11,300015,17.78,18.03,17.66,17.81,29946902.0,556947897.0,140317100526.2
2023-07-12,300015,17.8,17.9,17.62,17.65,24513769.0,454106197.0,139056531403.0
2023-07-13,300015,17.8,18.66,17.78,18.52,77859022.0,1493408100.0,145910876010.40002
2023-07-14,300015,18.55,18.61,18.27,18.29,31377877.0,602830021.0,144098807895.80002
2023-07-17,300015,18.27,18.36,18.09,18.3,21259921.0,404090364.0,144177593466.00003
2023-07-18,300015,18.27,18.29,18.12,18.29,26583014.0,505651260.0,144098807895.80002
2023-07-19,300015,18.2,18.39,18.06,18.33,27539318.0,523952706.0,144413950176.6
2023-07-20,300015,18.38,18.84,18.38,18.55,45400735.0,885925580.0,146147232721.00003
2023-07-21,300015,18.59,19.34,18.45,19.03,68435528.0,1361357620.0,149928940090.60004
2023-07-24,300015,18.96,19.29,18.72,18.8,35914169.0,709422547.0,148116871976.00003
2023-07-25,300015,19.11,19.25,18.76,19.03,46265010.0,919490831.0,149928940090.60004
2023-07-26,300015,19.0,19.19,18.95,19.09,27984705.0,557041177.0,150401653511.80002
2023-07-27,300015,19.14,19.44,18.93,19.22,43279227.0,868493152.0,151425865924.40002
2023-07-28,300015,19.09,19.44,19.06,19.41,44053629.0,888332228.0,152922791758.2
2023-07-31,300015,19.75,19.9,19.2,19.28,51996609.0,1056508548.0,151898579345.60004
2023-08-01,300015,19.07,19.47,18.91,19.18,36069677.0,723871890.0,151110723643.6
2023-08-02,300015,19.1,19.11,18.58,18.65,71420329.0,1397442294.0,146935088423.0
2023-08-03,300015,18.66,18.86,18.54,18.74,42664957.0,831804094.0,147644158554.80002
2023-08-04,300015,18.82,19.11,18.69,18.78,35368807.0,694419373.0,147959300835.60004
2023-08-07,300015,18.67,18.72,17.81,18.03,88757917.0,1673754625.0,142050383070.60004
2023-08-08,300015,17.97,18.15,17.73,17.99,55272477.0,1033751739.0,141735240789.80002
2023-08-09,300015,17.87,18.49,17.87,18.34,40695715.0,777252387.0,144492735746.80002
2023-08-10,300015,18.21,18.29,17.97,18.24,29496226.0,558315951.0,143704880044.80002
2023-08-11,300015,18.23,18.31,17.77,17.78,31303340.0,587292574.0,140080743815.60004
2023-08-14,300015,17.55,17.75,17.46,17.7,30707072.0,564303305.0,139450459254.0
2023-08-15,300015,17.71,17.76,17.28,17.5,41326949.0,752346930.0,137874747850.00003
2023-08-16,300015,17.44,17.57,17.25,17.31,30448555.0,552315219.0,136377822016.20001
2023-08-17,300015,17.24,17.77,17.11,17.6,35800318.0,654758407.0,138662603552.00003
2023-08-18,300015,17.62,17.65,17.32,17.32,28378531.0,516223341.0,136456607586.40002
2023-08-21,300015,17.22,17.55,17.02,17.18,28569742.0,515231251.0,135353609603.60002
2023-08-22,300015,17.22,17.35,16.92,17.22,34607775.0,617255492.0,135668751884.40001
2023-08-23,300015,17.21,17.24,16.77,16.77,30100992.0,533129526.0,132123401225.40001
2023-08-24,300015,16.9,17.4,16.79,17.26,45627889.0,820128219.0,135983894165.20003
2023-08-25,300015,17.53,17.71,16.22,16.66,79624967.0,1387360058.0,131256759953.20001
2023-08-28,300015,17.56,17.72,17.1,17.16,78150878.0,1417182212.0,135196038463.20001
2023-08-29,300015,17.15,17.78,17.15,17.64,64920185.0,1192476997.0,138977745832.80002
2023-08-30,300015,17.74,17.83,17.43,17.48,34935299.0,640274553.0,137717176709.6
2023-08-31,300015,17.57,17.57,17.2,17.26,34103409.0,615535754.0,135983894165.20003
2023-09-01,300015,17.43,17.77,17.34,17.53,36736748.0,673372069.0,138111104560.60004
2023-09-04,300015,17.69,18.43,17.6,18.2,71568447.0,1351690399.0,143389737764.0
2023-09-05,300015,18.15,18.3,18.02,18.09,31801857.0,603022925.0,142523096491.80002
2023-09-06,300015,18.06,18.09,17.92,18.02,22533074.0,423857268.0,141971597500.40002
2023-09-07,300015,18.0,18.06,17.75,17.79,23049318.0,430652192.0,140159529385.80002
2023-09-08,300015,17.79,17.99,17.54,17.56,26621416.0,491551249.0,138347461271.2
2023-09-11,300015,17.55,17.77,17.41,17.61,38857320.0,713697612.0,138741389122.2
2023-09-12,300015,17.55,17.6,17.34,17.36,31372752.0,571414592.0,136771749867.20001
2023-09-13,300015,17.35,17.51,17.0,17.17,37964956.0,679700502.0,135274824033.40002
2023-09-14,300015,17.21,17.32,16.87,16.95,34749636.0,616730465.0,133541541489.00002
2023-09-15,300015,17.0,17.34,16.9,17.09,42220238.0,753915165.0,134644539471.80002
2023-09-18,300015,17.0,17.66,16.96,17.55,47824012.0,870882769.0,138268675701.00003
2023-09-19,300015,17.57,17.57,17.08,17.42,38037203.0,686191868.0,137244463288.40002
2023-09-20,300015,17.33,17.38,17.0,17.09,36957169.0,661101317.0,134644539471.80002
2023-09-21,300015,17.05,17.24,16.9,16.91,31766913.0,564889097.0,133226399208.20001
2023-09-22,300015,16.9,17.24,16.68,17.23,38327641.0,681650487.0,135747537454.60002
2023-09-25,300015,17.29,17.86,17.11,17.63,75027103.0,1377282968.0,138898960262.6
2023-09-26,300015,17.7,17.74,17.41,17.45,33554777.0,615487584.0,137480819999.0
2023-09-27,300015,17.53,17.84,17.39,17.55,47004546.0,863302861.0,138268675701.00003
2023-09-28,300015,17.55,17.72,17.17,17.21,48021708.0,866474189.0,135589966314.20003
2023-10-09,300015,17.12,17.43,16.9,17.32,45821134.0,822598604.0,136456607586.40002
2023-10-10,300015,17.56,17.57,17.04,17.05,41033873.0,736748628.0,134329397191.00002
2023-10-11,300015,17.25,18.47,17.21,18.03,134824405.0,2541474239.0,142050383070.60004
2023-10-12,300015,18.33,18.34,17.77,17.94,61012852.0,1145291480.0,141341312938.80002
2023-10-13,300015,17.84,17.84,17.32,17.5,61017765.0,1117854810.0,137874747850.00003
2023-10-16,300015,17.49,17.49,16.79,16.87,69063400.0,1229932935.0,132911256927.40002
2023-10-17,300015,16.88,17.01,16.69,16.88,43720855.0,768718370.0,132990042497.6
2023-10-18,300015,16.84,16.84,16.33,16.33,53570275.0,920755516.0,128656836136.6
2023-10-19,300015,16.28,16.32,16.0,16.02,54616263.0,918030229.0,126214483460.40001
2023-10-20,300015,15.99,16.06,15.75,15.84,45694735.0,757182314.0,124796343196.80002
2023-10-23,300015,15.83,16.06,15.71,15.9,34693820.0,576164036.0,125269056618.00002
2023-10-24,300015,15.96,16.07,15.63,16.01,46028266.0,764351020.0,126135697890.20003
2023-10-25,300015,16.1,16.32,15.82,15.91,61330375.0,1024807054.0,125347842188.20001
2023-10-26,300015,16.22,17.1,16.12,16.8,128578978.0,2236900975.0,132359757936.00002
2023-10-27,300015,16.71,17.43,16.62,17.3,94764244.0,1694269588.0,136299036446.00002
2023-10-30,300015,17.29,17.57,16.95,17.49,76346239.0,1383460095.0,137795962279.80002
2023-10-31,300015,17.43,17.6,17.34,17.54,50797756.0,927859598.0,138189890130.80002
2023-11-01,300015,17.79,17.83,17.38,17.64,47832771.0,879839500.0,138977745832.80002
2023-11-02,300015,17.71,17.82,17.52,17.53,28470066.0,523015041.0,138111104560.60004
2023-11-03,300015,17.53,17.67,17.43,17.6,29664428.0,544531941.0,138662603552.00003
2023-11-06,300015,17.72,17.84,17.59,17.77,40442782.0,748327957.0,140117768462.91998
2023-11-07,300015,17.68,17.69,17.47,17.56,36405045.0,668224260.0,138461902881.75998
2023-11-08,300015,17.52,17.72,17.32,17.39,46915082.0,857791268.0,137121440268.44
2023-11-09,300015,17.31,17.55,17.24,17.27,40622682.0,735768537.0,136175231364.92
2023-11-10,300015,17.19,17.24,16.95,16.96,47130395.0,838019005.0,133730858364.16
2023-11-13,300015,17.03,17.1,16.63,16.83,46557138.0,815790882.0,132705798718.68
2023-11-14,300015,16.83,16.99,16.75,16.89,29633653.0,521752502.0,133178903170.44
2023-11-15,300015,17.19,17.33,16.84,16.88,43108301.0,763892694.0,133100052428.48
2023-11-16,300015,16.86,16.93,16.64,16.7,33486365.0,585392483.0,131680739073.2
2023-11-17,300015,16.57,16.71,16.56,16.69,24492227.0,425357234.0,131601888331.24
2023-11-20,300015,16.76,16.93,16.59,16.87,30559071.0,534894922.0,133021201686.52
2023-11-21,300015,16.87,17.09,16.79,16.87,38082835.0,673636906.0,133021201686.52
2023-11-22,300015,16.87,16.87,16.62,16.63,22888154.0,399770336.0,131128783879.48
2023-11-23,300015,16.58,16.68,16.41,16.62,30802607.0,532174970.0,131049933137.52
2023-11-24,300015,16.6,16.61,16.35,16.46,28037815.0,481514031.0,129788321266.16
2023-11-27,300015,16.46,16.5,16.17,16.23,33686436.0,571566196.0,127974754201.08
2023-11-28,300015,16.23,16.42,16.12,16.38,27035705.0,460826559.0,129157515330.48
2023-11-29,300015,16.39,16.42,16.19,16.25,30652219.0,521055793.0,128132455685.0
2023-11-30,300015,16.25,16.37,16.2,16.34,27156412.0,462099784.0,128842112362.64
2023-12-01,300015,16.34,16.51,16.12,16.28,40069569.0,681820135.0,128369007910.88
2023-12-04,300015,16.31,16.33,15.99,16.04,37185132.0,625259233.0,126476590103.84
2023-12-05,300015,15.95,15.96,15.55,15.57,52427046.0,860725511.0,122770605231.72
2023-12-06,300015,15.57,15.73,15.4,15.59,33804813.0,550358651.0,122928306715.64
2023-12-07,300015,15.55,15.58,15.14,15.33,53476955.0,853706843.0,120878187424.68001
2023-12-08,300015,15.25,15.78,15.25,15.63,48217253.0,781417628.0,123243709683.48001
2023-12-11,300015,15.5,15.64,15.2,15.53,42548015.0,683814606.0,122455202263.87999
2023-12-12,300015,15.46,15.58,15.41,15.51,28042055.0,453779061.0,122297500779.95999
2023-12-13,300015,15.48,15.5,15.04,15.04,47580039.0,753817677.0,118591515907.84
2023-12-14,300015,15.13,15.39,14.84,14.87,39864532.0,625683414.0,117251053294.51999
2023-12-15,300015,15.04,15.31,14.85,15.04,49282592.0,775324415.0,118891261799.36
2023-12-18,300015,14.94,15.68,14.86,15.28,66037029.0,1059565519.0,120788462785.51999
2023-12-19,300015,15.21,15.35,15.14,15.3,33506263.0,533660245.0,120946562867.70001
2023-12-20,300015,15.27,15.43,15.04,15.06,32051553.0,507267369.0,119049361881.54001
2023-12-21,300015,14.37,15.38,14.26,15.1,74136204.0,1158951563.0,119365562045.9
2023-12-22,300015,14.92,15.28,14.86,15.02,43534823.0,683719933.0,118733161717.18
2023-12-25,300015,14.84,14.89,14.41,14.56,74098774.0,1128625585.0,115096859827.04001
2023-12-26,300015,14.58,14.61,14.3,14.44,34168869.0,514307002.0,114148259333.95999
2023-12-27,300015,14.48,14.75,14.32,14.71,45313018.0,689279521.0,116282610443.39
2023-12-28,300015,14.64,15.51,14.61,15.51,86146083.0,1368762544.0,122606613730.59
2023-12-29,300015,15.5,15.6,15.09,15.15,66477962.0,1059427942.0,119760812251.35
2024-01-02,300015,15.16,15.24,14.58,14.6,75604776.0,1161883957.0,115413059991.4
2024-01-03,300015,14.52,14.7,14.37,14.44,50937622.0,769865156.0,114148259377.28
2024-01-04,300015,14.37,14.38,14.07,14.15,60610049.0,895855531.0,111855808184.8
2024-01-05,300015,14.03,14.15,13.76,13.82,61750656.0,897759598.0,109247156827.84
2024-01-08,300015,13.8,14.22,13.75,13.96,57861398.0,847710758.0,110353857403.52
2024-01-09,300015,13.99,14.14,13.79,13.93,39731486.0,579684970.0,110116707280.16
2024-01-10,300015,13.85,14.5,13.65,14.31,91222979.0,1356160990.0,113120608842.72
2024-01-11,300015,14.29,14.37,13.99,14.3,53929403.0,799241211.0,113041558801.6
2024-01-12,300015,14.2,14.37,14.06,14.08,42867637.0,634982484.0,111302457896.96
2024-01-15,300015,13.89,14.15,13.84,13.96,34244058.0,500152747.0,110353857403.52
2024-01-16,300015,13.91,13.97,13.6,13.84,61418375.0,882437449.0,109405256910.08
2024-01-17,300015,13.83,13.84,13.47,13.47,39753483.0,566859793.0,106480405388.64
2024-01-18,300015,13.41,13.77,13.17,13.71,66192641.0,925470886.0,108377606375.52
2024-01-19,300015,13.61,13.78,13.48,13.61,51529955.0,733370874.0,107587105964.31999
2024-01-22,300015,13.6,13.6,13.11,13.21,49999875.0,699044106.0,104425104319.52
2024-01-23,300015,13.22,13.55,13.15,13.46,46096444.0,645623561.0,106401355347.52
2024-01-24,300015,13.6,13.67,13.07,13.42,58896873.0,818262920.0,106085155183.04
2024-01-25,300015,13.4,13.5,12.75,13.36,127037252.0,1749357044.0,105610854936.31999
2024-01-26,300015,13.23,13.54,13.19,13.28,84829939.0,1184129785.0,104978454607.36
2024-01-29,300015,13.22,13.42,12.9,12.91,61275491.0,836915543.0,102053603085.92
2024-01-30,300015,12.82,12.88,12.57,12.64,53752793.0,713892147.0,99919251975.68001
2024-01-31,300015,12.47,12.66,12.21,12.25,61940018.0,800292780.0,96836300372.0
2024-02-01,300015,12.13,12.57,12.12,12.48,61456570.0,796381497.0,98654451317.76001
2024-02-02,300015,12.49,12.55,11.68,11.98,74920224.0,946090778.0,94701949261.76001
2024-02-05,300015,11.96,13.08,11.81,12.79,153245660.0,1994981553.0,101105002592.48
2024-02-06,300015,12.63,13.83,12.57,13.79,151195637.0,2135474302.0,109010006704.48
2024-02-07,300015,13.79,13.81,13.2,13.38,152564919.0,2143234707.0,105768955018.56001
2024-02-08,300015,13.39,13.54,13.23,13.52,103673390.0,1450770911.0,106875655594.23999
2024-02-19,300015,13.52,13.7,13.35,13.59,87830649.0,1242190418.0,107429005882.08
2024-02-20,300015,13.52,13.61,13.37,13.57,58863891.0,828632196.0,107270905799.84
2024-02-21,300015,13.5,14.26,13.4,13.93,118213569.0,1717866145.0,110116707280.16
2024-02-22,300015,13.89,14.0,13.76,13.96,60123534.0,871290497.0,110353857403.52
2024-02-23,300015,13.93,14.09,13.67,13.91,67431171.0,975101910.0,109958607197.92
2024-02-26,300015,13.92,13.96,13.7,13.82,63267638.0,914532647.0,109247156827.84
2024-02-27,300015,13.74,13.93,13.66,13.93,68019666.0,979527202.0,110116707280.16
2024-02-28,300015,13.92,14.4,13.77,13.77,109421251.0,1614583834.0,108851906622.23999
2024-02-29,300015,13.69,14.04,13.59,14.03,88062028.0,1275832972.0,110907207691.36
2024-03-01,300015,13.96,13.96,13.7,13.84,81473523.0,1175247478.0,109405256910.08
2024-03-04,300015,13.74,14.24,13.72,13.87,76598125.0,1113742180.0,109642407033.43999
2024-03-05,300015,13.74,13.82,13.68,13.77,70505221.0,1010994289.0,108851906622.23999
2024-03-06,300015,13.7,13.73,13.48,13.58,68612588.0,974208677.0,107349955840.96
2024-03-07,300015,13.54,13.63,13.12,13.18,80025318.0,1114823755.0,104187954196.16
2024-03-08,300015,13.12,13.34,12.9,12.99,65242098.0,886415827.0,102686003414.88
2024-03-11,300015,12.96,13.44,12.93,13.4,87252797.0,1204097453.0,105927055100.8
2024-03-12,300015,13.46,13.88,13.42,13.81,127116478.0,1820977505.0,109168106786.72
2024-03-13,300015,13.84,13.86,13.39,13.62,105723568.0,1496941080.0,107666156005.43999
2024-03-14,300015,13.7,13.81,13.46,13.5,73926184.0,1048928089.0,106717555512.0
2024-03-15,300015,13.41,13.8,13.25,13.37,115440653.0,1620275926.0,105689904977.43999
2024-03-18,300015,13.38,13.45,13.13,13.44,83301495.0,1157318110.0,106243255265.28
2024-03-19,300015,13.4,13.43,13.22,13.22,63606173.0,883140388.0,104504154360.64
2024-03-20,300015,13.18,13.33,13.1,13.2,53900142.0,742020302.0,104346054278.4
2024-03-21,300015,13.2,13.27,13.03,13.09,65361201.0,897304198.0,103476503826.08
2024-03-22,300015,13.03,13.12,12.66,12.71,78616741.0,1049839125.0,100472602263.52
2024-03-25,300015,12.67,12.83,12.48,12.48,58032400.0,764355635.0,98654451317.76001
2024-03-26,300015,12.51,12.56,12.36,12.52,47076353.0,612233426.0,98970651482.23999
2024-03-27,300015,12.52,12.64,12.27,12.27,55737035.0,724671787.0,96994400454.23999
2024-03-28,300015,12.21,12.45,12.15,12.32,57160275.0,735020042.0,97389650659.84
2024-03-29,300015,12.31,12.38,12.16,12.26,44768189.0,572449057.0,96915350413.12
2024-04-01,300015,12.28,12.64,12.27,12.57,68578223.0,897032426.0,99365901687.84
2024-04-02,300015,12.59,12.6,12.38,12.43,42967452.0,557992571.0,98259201112.16
2024-04-03,300015,12.43,12.55,12.37,12.41,44176691.0,573646358.0,98101101029.92
2024-04-08,300015,12.34,12.34,12.14,12.15,57594918.0,733888026.0,96045799960.8
2024-04-09,300015,12.16,12.48,12.13,12.46,63910859.0,824488821.0,98496351235.52
2024-04-10,300015,12.37,12.41,12.04,12.1,59481549.0,756328419.0,95650549755.2
2024-04-11,300015,11.99,12.11,11.95,11.98,49190910.0,617139663.0,94701949261.76001
2024-04-12,300015,11.98,12.21,11.75,11.78,61571773.0,765305473.0,93120948439.36
2024-04-15,300015,11.77,12.08,11.75,11.88,73567751.0,916035809.0,93911448850.56001
2024-04-16,300015,11.88,11.99,11.7,11.72,77141496.0,953992843.0,92646648192.64
2024-04-17,300015,11.79,12.06,11.73,11.98,76029857.0,948126066.0,94701949261.76001
2024-04-18,300015,11.95,12.02,11.78,11.89,73954618.0,920536696.0,93990498891.68001
2024-04-19,300015,11.84,11.85,11.51,11.63,78874134.0,958361825.0,91935197822.56001
2024-04-22,300015,11.55,11.72,11.43,11.47,84244942.0,1014273615.0,90670397164.64
2024-04-23,300015,11.47,11.65,11.3,11.57,77429725.0,928693437.0,91460897575.84
2024-04-24,300015,11.5,11.57,11.31,11.45,59724484.0,713525942.0,90512297082.4
2024-04-25,300015,11.44,11.88,11.39,11.72,98012339.0,1196791568.0,92646648192.64
2024-04-26,300015,11.72,12.17,11.66,12.1,127806378.0,1590696331.0,95650549755.2
2024-04-29,300015,12.05,12.77,12.0,12.57,157233393.0,2050856672.0,99365901687.84
2024-04-30,300015,12.57,12.58,12.34,12.35,79721638.0,1033010254.0,97626800783.2
2024-05-06,300015,12.55,12.88,12.54,12.78,122128743.0,1624317269.0,101025952551.36
2024-05-07,300015,12.78,12.78,12.6,12.66,64955554.0,858976237.0,100077352057.92
2024-05-08,300015,12.62,12.72,12.33,12.36,75344176.0,979706227.0,97705850824.31999
2024-05-09,300015,12.35,12.53,12.34,12.43,59437989.0,772444902.0,98259201112.16
2024-05-10,300015,12.46,12.53,12.17,12.29,58273460.0,747410028.0,97152500536.48
2024-05-13,300015,12.25,12.29,12.11,12.22,50074380.0,637871872.0,96599150248.64
2024-05-14,300015,12.22,12.5,12.18,12.29,64981215.0,835214650.0,97152500536.48
2024-05-15,300015,12.26,12.28,12.08,12.08,50746801.0,642922632.0,95492449672.96
2024-05-16,300015,12.08,12.21,11.93,12.05,57698263.0,727999958.0,95255299549.6
2024-05-17,300015,12.02,12.35,11.94,12.34,73153892.0,931222170.0,97547750742.08
2024-05-20,300015,12.37,12.58,12.36,12.49,80098039.0,1043671182.0,98733501358.88
2024-05-21,300015,12.46,12.47,12.26,12.3,44168244.0,568229604.0,97231550577.6
2024-05-22,300015,12.29,12.36,12.2,12.28,47121349.0,603684039.0,97073450495.36
2024-05-23,300015,12.21,12.24,11.9,11.92,59115896.0,742533409.0,94227649015.04
2024-05-24,300015,11.88,11.96,11.74,11.75,45975088.0,567464264.0,92883798316.0
2024-05-27,300015,11.75,11.83,11.59,11.82,49975547.0,610022415.0,93437148603.84
2024-05-28,300015,11.82,11.82,11.66,11.66,36081997.0,441755200.0,92172347945.92
2024-05-29,300015,11.64,11.76,11.62,11.66,25302901.0,308739159.0,92172347945.92
2024-05-30,300015,11.64,11.66,11.51,11.58,36900894.0,445669426.0,91539947616.96
2024-05-31,300015,11.62,11.8,11.57,11.61,54000247.0,658039375.0,91777097740.31999
2024-06-03,300015,11.61,11.72,11.46,11.52,50860854.0,613948055.0,91065647370.23999
2024-06-04,300015,11.48,11.61,11.46,11.56,46073895.0,554146025.0,91381847534.72
2024-06-05,300015,11.5,11.82,11.47,11.63,69005361.0,840756463.0,91935197822.56001
2024-06-06,300015,11.69,11.75,11.27,11.34,88785599.0,1047260335.0,89642746630.08
2024-06-07,300015,11.39,11.59,11.32,11.43,43948778.0,518144643.0,90354197000.16
2024-06-11,300015,11.35,11.62,11.23,11.55,53190629.0,626240862.0,91302797493.6
2024-06-12,300015,11.5,11.7,11.44,11.54,51394607.0,611642493.0,91223747452.48
2024-06-13,300015,11.54,11.54,11.36,11.37,38228983.0,449981959.0,89879896753.43999
2024-06-14,300015,11.35,11.35,11.11,11.3,64659074.0,749109295.0,89326546465.6
2024-06-17,300015,11.23,11.27,11.12,11.15,45075436.0,518930217.0,88140795848.8
2024-06-18,300015,11.15,11.3,11.12,11.17,45865823.0,529465941.0,88298895931.04
2024-06-19,300015,11.16,11.19,10.81,10.81,77187324.0,869270296.0,85453094450.72
2024-06-20,300015,10.76,10.85,10.39,10.4,101184543.0,1100099737.0,82212042764.8
2024-06-21,300015,10.38,10.48,10.25,10.47,71570160.0,765605039.0,82765393052.64
2024-06-24,300015,10.36,10.42,10.21,10.3,65516781.0,695852484.0,81421542353.6
2024-06-25,300015,10.27,10.37,10.06,10.12,62788734.0,660098243.0,79998641613.43999
2024-06-26,300015,10.12,10.41,10.08,10.38,64349660.0,680763420.0,82053942682.56001
2024-06-27,300015,10.34,10.36,10.15,10.16,49662637.0,523732967.0,80314841777.92
2024-06-28,300015,10.1,10.21,10.01,10.01,66299157.0,691391600.0,79129091161.12
2024-07-01,300015,9.98,10.11,9.88,10.07,50710311.0,522581461.0,79603391407.84
2024-07-02,300015,10.04,10.21,9.95,9.97,50102454.0,520137492.0,78812890996.64
2024-07-03,300015,9.94,10.12,9.84,9.99,50105503.0,515496144.0,78970991078.88
2024-07-04,300015,9.98,10.04,9.71,9.72,61934080.0,626227869.0,76836639968.64
2024-07-05,300015,9.7,10.01,9.63,9.97,80557522.0,817000123.0,78812890996.64
2024-07-08,300015,9.89,9.93,9.56,9.58,72132216.0,720125104.0,75729939392.96
2024-07-09,300015,9.58,9.6,9.38,9.52,76454558.0,749097280.0,75255639146.23999
2024-07-10,300015,9.46,9.69,9.4,9.56,71579852.0,707054000.0,75571839310.72
2024-07-11,300015,9.81,10.86,9.81,10.54,228895165.0,2456854768.0,83318743340.48
2024-07-12,300015,10.5,10.64,10.35,10.45,112877184.0,1217145777.0,82607292970.4
2024-07-15,300015,10.35,10.45,10.08,10.16,78585863.0,826216078.0,80314841777.92
2024-07-16,300015,10.1,10.25,10.1,10.22,55011471.0,578672165.0,80789142024.64
2024-07-17,300015,10.18,10.57,10.15,10.47,123281798.0,1321520542.0,82765393052.64
2024-07-18,300015,10.37,10.65,10.29,10.53,103548139.0,1120248094.0,83239693299.36
2024-07-19,300015,10.48,10.6,10.35,10.47,76828682.0,828407391.0,82765393052.64
2024-07-22,300015,10.47,10.57,10.36,10.45,64446461.0,695574687.0,82607292970.4
2024-07-23,300015,10.42,10.42,10.03,10.04,72794266.0,766494680.0,79366241284.48
2024-07-24,300015,9.96,10.07,9.81,9.83,53388477.0,545361425.0,77706190420.96
2024-07-25,300015,9.81,10.2,9.76,10.01,63444703.0,655680884.0,79129091161.12
2024-07-26,300015,9.98,10.09,9.91,10.01,47913311.0,494485135.0,79129091161.12
2024-07-29,300015,9.99,10.0,9.82,9.83,43142016.0,439197576.0,77706190420.96
2024-07-30,300015,9.87,10.06,9.83,9.91,56942881.0,582752820.0,78338590749.92
2024-07-31,300015,9.87,10.76,9.85,10.73,174095491.0,1883291497.0,84820694121.76001
2024-08-01,300015,10.66,10.84,10.54,10.56,92550013.0,1017683271.0,83476843422.72
2024-08-02,300015,10.5,11.05,10.47,10.74,124372458.0,1388423726.0,84899744162.88
2024-08-05,300015,10.67,10.99,10.63,10.65,96395898.0,1072814621.0,84188293792.8
2024-08-06,300015,10.76,10.85,10.65,10.77,69514375.0,770520662.0,85136894286.23999
2024-08-07,300015,10.77,10.77,10.55,10.58,65165574.0,713224702.0,83634943504.96
2024-08-08,300015,10.57,10.67,10.48,10.5,46991569.0,511661016.0,83002543176.0
2024-08-09,300015,10.54,10.64,10.33,10.36,44815309.0,482794294.0,81895842600.31999
2024-08-12,300015,10.34,10.43,10.24,10.3,37806412.0,402628028.0,81421542353.6
2024-08-13,300015,10.25,10.51,10.11,10.39,59163830.0,628993264.0,82132992723.68001
2024-08-14,300015,10.37,10.38,10.22,10.27,34997304.0,371086277.0,81184392230.23999
2024-08-15,300015,10.24,10.57,10.24,10.39,61270900.0,657227825.0,82132992723.68001
2024-08-16,300015,10.38,10.41,10.24,10.33,41280947.0,439672093.0,81658692476.96
2024-08-19,300015,10.31,10.42,9.9,10.03,87626318.0,912555305.0,79287191243.36
2024-08-20,300015,10.03,10.11,9.87,9.94,50001634.0,514913108.0,78575740873.28
2024-08-21,300015,9.89,10.05,9.87,9.95,35151716.0,361571526.0,78654790914.4
2024-08-22,300015,9.99,10.03,9.6,9.65,68591217.0,688278629.0,76283289680.8
2024-08-23,300015,9.63,9.72,9.56,9.66,42552357.0,423159971.0,76362339721.92
2024-08-26,300015,9.63,9.64,9.0,9.08,142564098.0,1345505789.0,71777437336.96
2024-08-27,300015,9.02,9.09,8.83,8.85,73840871.0,679047554.0,69959286391.2
2024-08-28,300015,8.81,9.03,8.78,8.99,53840975.0,496904883.0,71065986966.88
2024-08-29,300015,8.94,9.2,8.89,9.13,55302066.0,517974143.0,72172687542.56001
2024-08-30,300015,9.11,9.54,9.05,9.41,86047222.0,829058592.0,74386088693.92
2024-09-02,300015,9.32,9.35,8.94,8.94,76908313.0,721526926.0,70670736761.28
2024-09-03,300015,8.95,9.16,8.92,9.04,47591215.0,443673621.0,71461237172.48
2024-09-04,300015,8.99,9.19,8.98,9.06,49245483.0,461509405.0,71619337254.72
2024-09-05,300015,9.03,9.26,9.03,9.21,48687997.0,461492224.0,72805087871.52
2024-09-06,300015,9.21,9.23,9.02,9.03,37978061.0,355667218.0,71382187131.36
2024-09-09,300015,9.02,9.36,8.98,9.24,86568278.0,824038901.0,73042237994.88
2024-09-10,300015,9.2,9.24,9.02,9.12,55179825.0,517506678.0,72093637501.43999
2024-09-11,300015,9.09,9.24,9.02,9.18,46391532.0,438422241.0,72567937748.16
2024-09-12,300015,9.18,9.45,9.17,9.24,57979012.0,557428692.0,73042237994.88
2024-09-13,300015,9.2,9.27,9.05,9.05,35554299.0,334867710.0,71540287213.6
2024-09-18,300015,9.05,9.09,8.92,9.06,32659949.0,302857332.0,71619337254.72
2024-09-19,300015,9.14,9.67,9.09,9.39,87249829.0,846012588.0,74227988611.68001
2024-09-20,300015,9.36,9.46,9.32,9.44,50680372.0,490710724.0,74623238817.28
2024-09-23,300015,9.42,9.53,9.32,9.35,42135399.0,408208338.0,73911788447.2
2024-09-24,300015,9.38,9.79,9.29,9.78,119186038.0,1178571282.0,77310940215.36
2024-09-25,300015,9.94,10.38,9.91,10.05,143294651.0,1499892632.0,79445291325.6
2024-09-26,300015,10.0,11.52,9.98,11.15,229388932.0,2532692527.0,88140795848.8
2024-09-27,300015,11.59,12.97,11.51,12.86,356300714.0,4465512785.0,101658352880.31999
2024-09-30,300015,14.06,15.43,13.58,15.43,463397481.0,6966199830.0,121974213448.16
2024-10-08,300015,18.51,18.51,16.48,18.51,640461621.0,11863393181.0,146321626113.12003
2024-10-09,300015,16.97,17.32,15.1,15.16,516104216.0,8659579689.0,119839862337.92
2024-10-10,300015,15.16,16.05,14.54,14.96,303481686.0,4766837695.0,118258861515.52
2024-10-11,300015,14.69,14.89,13.58,13.84,270452459.0,3927119807.0,109405256910.08
2024-10-14,300015,13.77,14.12,13.34,14.0,230842048.0,3277834600.0,110670057568.0
2024-10-15,300015,14.0,14.12,13.46,13.49,173669087.0,2465746182.0,106638505470.88
2024-10-16,300015,13.12,13.52,13.05,13.17,150973249.0,2063742937.0,104108904155.04
2024-10-17,300015,13.44,14.06,13.44,13.58,237089526.0,3362461061.0,107349955840.96
2024-10-18,300015,13.44,15.52,13.34,14.54,348378123.0,5085754567.0,114938759788.48
2024-10-21,300015,14.47,14.75,14.14,14.37,244114458.0,3622055774.0,113594909089.43999
2024-10-22,300015,14.23,14.69,14.22,14.54,168303984.0,2517271706.0,114938759788.48
2024-10-23,300015,14.54,14.64,14.25,14.33,177555678.0,2644220107.0,113278708924.96
2024-10-24,300015,14.14,14.31,13.9,13.96,134568583.0,1952304863.0,110353857403.52
2024-10-25,300015,13.94,14.74,13.94,14.53,218849954.0,3260240421.0,114859709747.36
2024-10-28,300015,14.57,14.75,14.4,14.62,147332230.0,2217479080.0,115571160117.43999
2024-10-29,300015,14.63,14.77,14.24,14.26,143754151.0,2140427772.0,112725358637.12
2024-10-30,300015,14.14,14.24,13.72,13.9,141611966.0,2038653943.0,109879557156.8
2024-10-31,300015,13.95,14.32,13.85,14.05,140091548.0,2037397613.0,111065307773.6
2024-11-01,300015,13.91,14.05,13.69,13.75,114571276.0,1638393235.0,108693806540.0
2024-11-04,300015,13.75,14.11,13.75,14.02,97348522.0,1396586995.0,110828157650.23999
2024-11-05,300015,13.96,14.87,13.88,14.74,247446317.0,3721760952.0,116519760610.88
2024-11-06,300015,14.74,15.22,14.54,14.69,218198170.0,3335819717.0,116218777883.39
2024-11-07,300015,14.5,16.01,14.46,16.0,340864924.0,5409336914.0,126582739696.0
2024-11-08,300015,16.48,16.63,15.42,15.58,276823112.0,4503489653.0,123259942778.98
2024-11-11,300015,15.32,15.77,15.22,15.77,176080184.0,2818457557.0,124763112812.87
2024-11-12,300015,15.77,16.83,15.77,16.28,341332902.0,5781511062.0,128797937640.68001
2024-11-13,300015,16.0,16.14,15.59,15.86,183707360.0,3000240633.0,125475140723.65999
2024-11-14,300015,15.75,15.75,15.07,15.12,149569770.0,2377329473.0,119620689012.72
2024-11-15,300015,15.12,15.24,14.61,14.63,123697870.0,1907982868.0,115744092609.53
2024-11-18,300015,14.78,14.95,14.35,14.44,119394928.0,1799595887.0,114240922575.64
2024-11-19,300015,14.54,14.82,14.14,14.8,117461733.0,1756664078.0,117089034218.8
2024-11-20,300015,14.6,14.88,14.45,14.73,119925549.0,1814872727.0,116535234732.63
2024-11-21,300015,14.58,14.67,14.41,14.55,95966122.0,1436080820.0,115111178911.05
2024-11-22,300015,14.51,14.54,13.83,13.85,115082165.0,1682912266.0,109573184049.34999
2024-11-25,300015,13.83,13.96,13.51,13.7,96401786.0,1360269983.0,108386470864.7
2024-11-26,300015,13.73,14.01,13.65,13.69,66513441.0,948369027.0,108307356652.39
2024-11-27,300015,13.58,14.01,13.51,14.0,82623115.0,1174055732.0,110759897234.0
2024-11-28,300015,14.01,14.08,13.83,13.87,61764311.0,887635880.0,109731412473.97
2024-11-29,300015,13.89,14.5,13.85,14.23,109671171.0,1604360697.0,112579524117.13
2024-12-02,300015,14.22,14.5,14.16,14.37,87473056.0,1296001560.0,113687123089.47
2024-12-03,300015,14.33,14.34,14.08,14.25,68815429.0,1007386864.0,112737752541.75
2024-12-04,300015,14.19,14.22,13.9,14.04,59053682.0,856383897.0,111076354083.23999
2024-12-05,300015,13.95,14.09,13.91,13.98,48606922.0,700790943.0,110601668809.38
2024-12-06,300015,13.97,14.5,13.91,14.31,100074816.0,1469965042.0,113212437815.61
2024-12-09,300015,14.31,14.47,14.07,14.18,72022962.0,1059953831.0,112183953055.58
2024-12-10,300015,15.05,15.41,14.41,14.45,195222662.0,2996271596.0,114320036787.95
2024-12-11,300015,14.35,14.61,14.33,14.54,78851985.0,1179488515.0,115032064698.73999
2024-12-12,300015,14.54,14.74,14.32,14.69,99551872.0,1492499995.0,116218777883.39
2024-12-13,300015,14.53,14.54,13.95,13.96,139148471.0,2033973093.0,110443440384.76001
2024-12-16,300015,13.96,13.98,13.73,13.82,67611993.0,963814999.0,109612242752.96
2024-12-17,300015,13.74,13.87,13.64,13.68,62314005.0,882964959.0,108501843767.04
2024-12-18,300015,13.62,13.75,13.58,13.66,50928675.0,718114696.0,108343215340.48
2024-12-19,300015,13.52,13.58,13.29,13.56,77959309.0,1081315332.0,107550073207.68001
2024-12-20,300015,13.56,13.74,13.52,13.63,53789875.0,756251970.0,108105272700.64
2024-12-23,300015,13.63,13.68,13.34,13.36,58681681.0,816926921.0,105963788942.08
2024-12-24,300015,13.39,13.7,13.39,13.57,59423205.0,830730864.0,107629387420.96
2024-12-25,300015,13.64,13.7,13.4,13.47,46945300.0,653266280.0,106836245288.16
2024-12-26,300015,13.44,13.59,13.43,13.5,38098789.0,531104518.0,107074187928.0
2024-12-27,300015,13.48,13.56,13.31,13.35,63003636.0,873361274.0,105884474728.8
2024-12-30,300015,13.3,13.36,13.18,13.24,57510407.0,785508861.0,105012018382.72
2024-12-31,300015,13.24,13.28,12.85,12.85,68541414.0,921559124.0,101912825373.05
2025-01-02,300015,12.84,12.88,12.2,12.33,101051865.0,1304513294.0,97788726603.09
2025-01-03,300015,12.36,12.42,12.03,12.11,69743371.0,878159568.0,96043915585.03
2025-01-06,300015,12.11,12.2,11.92,12.02,63916457.0,793283517.0,95330129259.45999
2025-01-07,300015,12.06,12.15,11.88,12.15,52275964.0,647729897.0,96361153951.95
2025-01-08,300015,12.12,12.18,11.66,11.93,67032855.0,822267343.0,94616342933.89
2025-01-09,300015,11.9,12.15,11.85,11.93,44810647.0,554950233.0,94616342933.89
2025-01-10,300015,11.94,12.03,11.68,11.68,38840607.0,474605996.0,92633603140.64
2025-01-13,300015,11.64,11.98,11.58,11.93,50715498.0,620234629.0,94616342933.89
2025-01-14,300015,11.95,12.36,11.95,12.29,87319466.0,1098447238.0,97471488236.17
2025-01-15,300015,12.27,12.28,12.07,12.12,49050785.0,614378948.0,96123225176.76
2025-01-16,300015,12.17,12.34,12.0,12.08,48645393.0,610082554.0,95805986809.84
2025-01-17,300015,12.04,12.15,11.97,12.04,38277634.0,475846859.0,95488748442.92
2025-01-20,300015,12.16,12.26,12.02,12.07,53230172.0,665972408.0,95726677218.11
2025-01-21,300015,12.13,12.2,11.89,12.01,40032862.0,495130667.0,95250819667.73
2025-01-22,300015,11.93,11.98,11.81,11.93,39267632.0,481908713.0,94616342933.89
2025-01-23,300015,12.07,12.27,11.99,11.99,65394756.0,818654344.0,95092200484.27
2025-01-24,300015,12.01,12.1,11.94,12.0,48581242.0,601767675.0,95171510076.0
2025-01-27,300015,12.05,12.2,11.96,11.96,47420349.0,590214470.0,94854271709.08
2025-02-05,300015,12.03,12.17,11.97,12.11,53162517.0,663680478.0,96043915585.03
2025-02-06,300015,12.05,12.34,11.94,12.32,68290901.0,858686070.0,97709417011.36
2025-02-07,300015,12.32,12.88,12.25,12.71,122516986.0,1597705970.0,100802491088.83
2025-02-10,300015,12.72,12.95,12.62,12.94,94371074.0,1245266365.0,102626611698.62
2025-02-11,300015,12.92,12.92,12.56,12.57,81995775.0,1068783113.0,99692156804.61
2025-02-12,300015,12.54,12.7,12.5,12.7,53735619.0,698816714.0,100723181497.09999
2025-02-13,300015,12.69,13.03,12.62,12.83,96933313.0,1285043588.0,101754206189.59
2025-02-14,300015,12.84,13.26,12.79,13.13,126259599.0,1706380930.0,104133493941.49
2025-02-17,300015,13.26,13.76,13.26,13.37,148105282.0,2058914872.0,106036924143.01
2025-02-18,300015,13.25,13.25,12.79,12.79,100802550.0,1351032542.0,101436967822.67
2025-02-19,300015,12.8,13.09,12.73,13.07,84461813.0,1126220874.0,103657636391.11
2025-02-20,300015,13.05,13.77,12.99,13.54,159399236.0,2221699559.0,107385187202.42
2025-02-21,300015,13.54,13.71,13.26,13.52,109107615.0,1510719939.0,107226568018.95999
2025-02-24,300015,13.47,13.67,13.25,13.36,87528427.0,1209953049.0,105957614551.28
2025-02-25,300015,13.19,13.46,13.09,13.26,69833807.0,956620607.0,105164518633.98
2025-02-26,300015,13.26,13.57,13.26,13.44,66709324.0,921000201.0,106592091285.12
2025-02-27,300015,13.48,14.24,13.43,14.02,216281349.0,3119872402.0,111192047605.45999
2025-02-28,300015,13.91,14.18,13.42,13.48,119467080.0,1688282653.0,106909329652.04001
2025-03-03,300015,13.46,14.1,13.44,13.79,125836999.0,1797691350.0,109367926995.67
2025-03-04,300015,13.71,13.75,13.56,13.66,68496354.0,964113283.0,108336902303.18001
2025-03-05,300015,13.69,13.7,13.36,13.45,59699314.0,828362675.0,106671400876.84999
2025-03-06,300015,13.56,13.69,13.52,13.61,68164639.0,955986304.0,107940354344.53
2025-03-07,300015,13.54,13.59,13.26,13.32,73336969.0,1011158538.0,105640376184.36
2025-03-10,300015,13.44,13.63,13.26,13.48,64840469.0,897426952.0,106909329652.04001
2025-03-11,300015,13.29,13.58,13.26,13.58,50382028.0,697679329.0,107702425569.34
2025-03-12,300015,13.58,13.68,13.39,13.41,45794695.0,636008456.0,106354162509.93001
2025-03-13,300015,13.43,13.45,13.11,13.16,50334491.0,686234341.0,104371422716.68001
2025-03-14,300015,13.24,13.94,13.14,13.93,162957350.0,2300173158.0,110478261279.89
2025-03-17,300015,13.9,14.03,13.73,13.77,82328520.0,1174716545.0,109209307812.20999
2025-03-18,300015,13.85,14.01,13.73,13.9,67767654.0,971267092.0,110240332504.7
2025-03-19,300015,13.83,14.04,13.71,13.77,51581808.0,734288910.0,109209307812.20999
2025-03-20,300015,13.76,13.76,13.54,13.56,48547199.0,681965102.0,107543806385.88
2025-03-21,300015,13.5,13.6,13.24,13.32,60669700.0,838397357.0,105640376184.36
2025-03-24,300015,13.31,13.33,13.09,13.19,49491275.0,673053286.0,104609351491.87
2025-03-25,300015,13.28,13.32,13.14,13.24,35287561.0,481587951.0,105005899450.52
2025-03-26,300015,13.18,13.27,13.07,13.09,47209374.0,640498571.0,103816255574.56999
2025-03-27,300015,13.09,13.22,12.91,13.22,49481599.0,668455000.0,104847280267.06
2025-03-28,300015,13.17,13.28,13.07,13.08,46575497.0,632251561.0,103736945982.84
2025-03-31,300015,13.03,13.13,12.77,12.88,48260959.0,642391048.0,102150754148.24
2025-04-01,300015,12.93,13.26,12.91,12.94,59248573.0,798384737.0,102626611698.62
2025-04-02,300015,12.93,12.99,12.8,12.86,39348069.0,523156686.0,101992134964.78
2025-04-03,300015,12.78,13.01,12.74,12.96,38012591.0,506358585.0,102785230882.08
2025-04-07,300015,12.49,12.65,11.44,11.83,152445916.0,1893963707.0,93823247016.59
2025-04-08,300015,12.01,12.4,12.0,12.3,119970902.0,1516369533.0,97550797827.90001
2025-04-09,300015,12.17,12.6,11.98,12.53,85358117.0,1085337431.0,99374918437.69
2025-04-10,300015,12.78,12.87,12.57,12.65,64178092.0,840939869.0,100326633538.45
2025-04-11,300015,12.58,12.66,12.44,12.59,49433517.0,640659838.0,99850775988.06999
2025-04-14,300015,12.71,12.71,12.52,12.54,39758070.0,516579135.0,99454228029.42
2025-04-15,300015,12.52,12.56,12.36,12.41,32451141.0,415312250.0,98423203336.93001
2025-04-16,300015,12.33,12.5,12.23,12.46,36883977.0,469559874.0,98819751295.58
2025-04-17,300015,12.37,12.5,12.35,12.4,27841892.0,357130049.0,98343893745.2
2025-04-18,300015,12.36,12.52,12.32,12.48,22776028.0,291819114.0,98978370479.04001
2025-04-21,300015,12.45,12.54,12.37,12.48,25371037.0,326248130.0,98978370479.04001
2025-04-22,300015,12.41,12.45,12.22,12.23,49044829.0,623078656.0,96995630685.79001
2025-04-23,300015,12.27,12.33,12.12,12.16,53276654.0,669304972.0,96440463543.68001
2025-04-24,300015,12.17,12.51,12.14,12.33,64924807.0,828092209.0,97788726603.09
2025-04-25,300015,12.62,13.09,12.62,12.71,132270667.0,1757723497.0,100802491088.83
2025-04-28,300015,12.65,12.83,12.62,12.73,47692386.0,624767707.0,100961110272.29001
2025-04-29,300015,12.68,12.73,12.47,12.61,55743946.0,723129512.0,100009395171.53
2025-04-30,300015,12.61,12.76,12.47,12.59,42478033.0,553863969.0,99850775988.06999
2025-05-06,300015,12.65,12.83,12.58,12.81,52270150.0,685290484.0,101595587006.13
2025-05-07,300015,12.96,13.11,12.66,12.74,57123056.0,753059805.0,101040419864.02
2025-05-08,300015,12.69,12.76,12.64,12.66,53989512.0,706482717.0,100405943130.18001
2025-05-09,300015,12.66,12.66,12.46,12.47,47373238.0,611999059.0,98899060887.31
2025-05-12,300015,12.54,12.62,12.47,12.58,42426404.0,548777444.0,99771466396.34
2025-05-13,300015,12.68,12.81,12.58,12.71,62826371.0,822291177.0,100802491088.83
2025-05-14,300015,12.71,12.8,12.47,12.72,67790586.0,882309899.0,100881800680.56
2025-05-15,300015,12.7,12.7,12.48,12.48,44978253.0,581926207.0,98978370479.04001
2025-05-16,300015,12.43,12.48,12.36,12.36,36102021.0,461761397.0,98026655378.28
2025-05-19,300015,12.35,12.37,12.27,12.37,31183252.0,396501818.0,98105964970.01
2025-05-20,300015,12.37,12.68,12.33,12.64,63245554.0,819847386.0,100247323946.72
2025-05-21,300015,12.57,12.68,12.49,12.51,40908322.0,529965684.0,99216299254.23
2025-05-22,300015,12.47,12.5,12.3,12.3,45804381.0,584263558.0,97550797827.90001
2025-05-23,300015,12.3,12.45,12.19,12.2,58067502.0,738549020.0,96757701910.59999
2025-05-26,300015,12.22,12.26,12.09,12.17,44064240.0,552562861.0,96519773135.41
2025-05-27,300015,12.15,12.22,12.06,12.1,31106217.0,388680196.0,95964605993.3
2025-05-28,300015,12.13,12.16,12.01,12.03,30669096.0,382100802.0,95409438851.19
2025-05-29,300015,12.02,12.27,12.01,12.25,42060640.0,528997555.0,97154249869.25
2025-05-30,300015,12.22,12.26,12.03,12.03,46495789.0,579840885.0,95409438851.19
2025-06-03,300015,11.93,12.19,11.86,12.17,49191720.0,613548906.0,96519773135.41
2025-06-04,300015,12.17,12.35,12.12,12.31,51836331.0,654521646.0,97630107419.63
2025-06-05,300015,12.3,12.3,12.13,12.24,45898565.0,577079426.0,97074940277.52
2025-06-06,300015,12.24,12.3,12.14,12.15,31237144.0,392388641.0,96361153951.95
2025-06-09,300015,12.17,12.37,12.16,12.27,52939969.0,670997632.0,97312869052.70999
2025-06-10,300015,12.26,12.3,11.98,12.09,57517914.0,719339648.0,95885296401.56999
2025-06-11,300015,12.16,12.39,12.09,12.19,58312433.0,728446445.0,96678392318.87
2025-06-12,300015,12.17,12.22,12.09,12.14,42282656.0,522630802.0,96281844360.22
2025-06-13,300015,12.1,12.16,11.94,12.0,59995404.0,733439880.0,95171510076.0
2025-06-16,300015,11.91,12.0,11.89,11.92,42727334.0,519432776.0,94537033342.16
2025-06-17,300015,11.97,12.23,11.95,11.97,55271619.0,678176244.0,94933581300.81
2025-06-18,300015,11.94,11.95,11.85,11.89,36165755.0,437770550.0,94299104566.97
2025-06-19,300015,11.87,11.92,11.69,11.71,49255015.0,591046596.0,92871531915.83
2025-06-20,300015,11.69,11.78,11.62,11.65,36260972.0,431231811.0,92395674365.45
2025-06-23,300015,11.59,11.75,11.56,11.73,41448401.0,491509824.0,93030151099.29001
2025-06-24,300015,11.76,12.04,11.71,12.03,67197489.0,816551962.0,95409438851.19
2025-06-25,300015,12.05,12.25,11.96,12.22,71905337.0,886734556.0,96916321094.06
2025-06-26,300015,12.22,12.35,12.16,12.16,60295717.0,751323395.0,96440463543.68001
2025-06-27,300015,12.17,12.33,12.14,12.18,45844148.0,570394403.0,96599082727.14
2025-06-30,300015,12.26,12.31,12.2,12.26,42975778.0,536182640.0,97233559460.98
2025-07-01,300015,12.26,12.28,12.09,12.11,52979919.0,656874358.0,96043915585.03
2025-07-02,300015,12.1,12.16,12.0,12.1,40265857.0,495057393.0,95964605993.3
2025-07-03,300015,12.1,12.16,12.07,12.11,39324689.0,484764482.0,96043915585.03
2025-07-04,300015,12.1,12.12,11.97,11.97,54856330.0,671972323.0,94933581300.81
2025-07-07,300015,11.92,12.01,11.88,11.91,39326862.0,477503376.0,94457723750.43001
2025-07-08,300015,11.9,12.08,11.89,12.06,49808831.0,609906803.0,95647367626.38
2025-07-09,300015,12.06,12.23,12.03,12.09,65232603.0,806310527.0,95885296401.56999
2025-07-10,300015,12.07,12.24,12.02,12.2,53898473.0,666575828.0,96757701910.59999
2025-07-11,300015,12.22,12.38,12.13,12.29,74582027.0,931272369.0,97471488236.17
2025-07-14,300015,12.29,12.3,12.13,12.15,58891480.0,730450514.0,96361153951.95
2025-07-15,300015,12.16,12.28,11.91,11.99,86000907.0,1052289505.0,95092200484.27
2025-07-16,300015,11.99,12.21,11.96,12.07,56302146.0,692446249.0,95726677218.11
2025-07-17,300015,12.1,12.27,12.06,12.27,85617320.0,1061445554.0,97312869052.70999
2025-07-18,300015,12.26,12.31,12.2,12.29,53624968.0,668769261.0,97471488236.17
2025-07-21,300015,12.28,12.36,12.22,12.34,54683671.0,684966370.0,97868036194.81999
2025-07-22,300015,12.35,12.55,12.19,12.43,106227529.0,1335914539.0,98581822520.39
2025-07-23,300015,12.44,12.84,12.41,12.53,169126577.0,2176124669.0,99374918437.69
2025-07-24,300015,12.5,13.32,12.47,13.12,213873277.0,2814596432.0,104054184349.76
2025-07-25,300015,13.11,13.11,12.83,12.88,127493211.0,1678651899.0,102150754148.24
2025-07-28,300015,12.82,12.96,12.75,12.82,89277098.0,1166382192.0,101674896597.86
2025-07-29,300015,12.87,13.0,12.61,12.99,123119032.0,1610243313.0,103023159657.27
2025-07-30,300015,12.91,13.16,12.78,12.93,119129284.0,1573316046.0,102547302106.89
2025-07-31,300015,12.86,12.92,12.56,12.62,103917867.0,1349025033.0,100088704763.26
2025-08-01,300015,12.63,12.92,12.53,12.63,81570164.0,1053758623.0,100168014354.99
2025-08-04,300015,12.52,12.66,12.43,12.65,61344536.0,782814223.0,100326633538.45
2025-08-05,300015,12.64,12.75,12.57,12.63,55975533.0,719874218.0,100168014354.99
2025-08-06,300015,12.63,12.66,12.54,12.59,53529109.0,685916972.0,99850775988.06999
2025-08-07,300015,12.59,12.82,12.58,12.64,79767894.0,1030103586.0,100247323946.72
2025-08-08,300015,12.57,12.62,12.45,12.53,60164253.0,767872550.0,99374918437.69
2025-08-11,300015,12.53,12.79,12.49,12.75,77962705.0,1005816906.0,101119729455.75
2025-08-12,300015,12.72,12.84,12.65,12.69,65732296.0,851199256.0,100643871905.37
2025-08-13,300015,12.82,12.97,12.65,12.79,122509601.0,1596461125.0,101436967822.67
2025-08-14,300015,12.75,12.89,12.68,12.68,100357684.0,1304695641.0,100564562313.64
2025-08-15,300015,12.65,12.85,12.59,12.82,101778669.0,1321865005.0,101674896597.86
2025-08-18,300015,12.82,13.09,12.8,12.98,139930428.0,1843257443.0,102943850065.54001
2025-08-19,300015,12.98,13.03,12.83,12.85,97553525.0,1283493145.0,101912825373.05
2025-08-20,300015,12.8,13.01,12.69,13.0,105873744.0,1389470200.0,103102469249.0
2025-08-21,300015,13.02,13.21,12.92,12.98,106196583.0,1411163155.0,102943850065.54001
2025-08-22,300015,12.98,13.16,12.98,13.16,117077872.0,1557901718.0,104371422716.68001
2025-08-25,300015,13.24,13.69,13.22,13.51,187592496.0,2571153601.0,107147258427.23
2025-08-26,300015,13.41,13.7,13.35,13.58,130358087.0,1794219950.0,107702425569.34
2025-08-27,300015,13.39,13.57,12.98,12.99,211545855.0,2863761739.0,103023159657.27
2025-08-28,300015,12.99,13.09,12.65,13.03,143284209.0,1885483819.0,103340398024.19
2025-08-29,300015,13.03,13.34,12.98,13.16,156777415.0,2108824874.0,104371422716.68001
2025-09-01,300015,13.14,13.22,12.93,13.06,133962604.0,1778781708.0,103578326799.38
2025-09-02,300015,13.04,13.13,12.69,12.77,121230987.0,1586077286.0,101278348639.20999
2025-09-03,300015,12.81,12.93,12.4,12.43,123585754.0,1586926152.0,98581822520.39
2025-09-04,300015,12.45,12.8,12.29,12.42,157886500.0,2018948676.0,98502512928.66
2025-09-05,300015,12.42,12.7,12.28,12.69,112111324.0,1425054867.0,100643871905.37
2025-09-08,300015,12.64,13.04,12.6,12.87,141713463.0,1857025823.0,102071444556.51
2025-09-09,300015,12.8,12.82,12.55,12.64,89597015.0,1156203371.0,100247323946.72
2025-09-10,300015,12.64,12.71,12.5,12.52,70737053.0,906190137.0,99295608845.95999
2025-09-11,300015,12.48,12.92,12.36,12.89,160440048.0,2081221789.0,102230063739.97
2025-09-12,300015,12.85,12.92,12.62,12.66,102880005.0,1332596126.0,100405943130.18001
2025-09-15,300015,12.65,12.78,12.62,12.68,71268948.0,919595303.0,100564562313.64
2025-09-16,300015,12.69,12.71,12.49,12.57,73322995.0,938306936.0,99692156804.61
2025-09-17,300015,12.57,12.66,12.51,12.65,76326677.0,978841510.0,100326633538.45
2025-09-18,300015,12.64,12.64,12.24,12.37,140463857.0,1783563430.0,98105964970.01
2025-09-19,300015,12.31,12.4,12.2,12.26,76184876.0,952805640.0,97233559460.98
2025-09-22,300015,12.2,12.26,12.08,12.15,59337406.0,733532456.0,96361153951.95
2025-09-23,300015,12.14,12.16,11.84,12.08,87382382.0,1066446903.0,95805986809.84
2025-09-24,300015,12.13,12.27,12.03,12.26,74242113.0,919326081.0,97233559460.98
2025-09-25,300015,12.25,12.3,12.16,12.17,55914851.0,696543506.0,96519773135.41
2025-09-26,300015,12.14,12.24,12.04,12.13,55640085.0,687883377.0,96202534768.49
2025-09-29,300015,12.13,12.23,11.96,12.2,66384196.0,816394600.0,96757701910.59999
2025-09-30,300015,12.19,12.26,12.12,12.12,56914468.0,705968145.0,96123225176.76
2025-10-09,300015,12.11,12.54,12.01,12.54,129815890.0,1631317604.0,99454228029.42
2025-10-10,300015,12.54,12.56,12.36,12.43,73682922.0,934443979.0,98581822520.39
2025-10-13,300015,12.17,12.34,12.1,12.3,74072292.0,920842863.0,97550797827.90001
2025-10-14,300015,12.33,12.6,12.3,12.43,96287312.0,1219948677.0,98581822520.39
2025-10-15,300015,12.43,12.49,12.3,12.45,84959813.0,1073076433.0,98740441703.84999
2025-10-16,300015,12.42,12.46,12.25,12.3,56336861.0,707541536.0,97550797827.90001
2025-10-17,300015,12.25,12.45,12.15,12.33,87104363.0,1092205645.0,97788726603.09
2025-10-20,300015,12.35,12.4,12.06,12.12,71312638.0,884296995.0,96123225176.76
2025-10-21,300015,12.13,12.15,12.06,12.11,55165725.0,679162468.0,96043915585.03
2025-10-22,300015,12.07,12.09,11.96,11.98,50441140.0,617014988.0,95012890892.54001
2025-10-23,300015,11.98,12.06,11.92,12.05,39674364.0,484316946.0,95568058034.65001
2025-10-24,300015,12.05,12.13,11.99,12.0,43858077.0,537701485.0,95171510076.0
2025-10-27,300015,12.03,12.11,12.02,12.1,55076209.0,677375475.0,95964605993.3
2025-10-28,300015,11.96,12.07,11.86,12.02,74908712.0,912419724.0,95330129259.45999
2025-10-29,300015,12.0,12.01,11.88,11.95,59480158.0,722334125.0,94774962117.34999
2025-10-30,300015,11.95,12.07,11.87,11.89,67851698.0,826537420.0,94299104566.97
2025-10-31,300015,11.92,12.09,11.89,12.03,67859987.0,830400253.0,95409438851.19
2025-11-03,300015,12.03,12.07,11.9,11.99,51226382.0,623383896.0,95092200484.27
2025-11-04,300015,11.97,11.97,11.81,11.83,62244508.0,752370957.0,93823247016.59
2025-11-05,300015,11.79,11.9,11.76,11.84,38729537.0,466987509.0,93902556608.31999
2025-11-06,300015,11.83,11.86,11.79,11.85,38150968.0,459446721.0,94055828283.15
2025-11-07,300015,11.82,11.9,11.79,11.85,36560192.0,440988057.0,94055828283.15
2025-11-10,300015,11.85,12.32,11.83,12.25,125028392.0,1543890774.0,97230708562.75
2025-11-11,300015,12.25,12.25,12.1,12.18,57656462.0,714195932.0,96675104513.81999
2025-11-12,300015,12.23,12.23,12.03,12.06,48503454.0,598471074.0,95722640429.94
2025-11-13,300015,12.08,12.13,12.04,12.09,48236024.0,592877932.0,95960756450.91
2025-11-14,300015,12.06,12.26,12.03,12.03,56896462.0,703016877.0,95484524408.97
2025-11-17,300015,12.01,12.04,11.89,11.93,45424794.0,552585660.0,94690804339.06999
2025-11-18,300015,11.92,11.97,11.88,11.91,38875837.0,471549619.0,94532060325.09
2025-11-19,300015,11.91,11.94,11.79,11.81,46210834.0,556829073.0,93738340255.19
2025-11-20,300015,11.82,11.86,11.7,11.7,48071508.0,575884146.0,92865248178.29999
2025-11-21,300015,11.69,11.74,11.39,11.48,71588653.0,840457639.0,91119064024.52
2025-11-24,300015,11.51,11.58,11.34,11.34,68399930.0,797317184.0,90007855926.66
2025-11-25,300015,11.36,11.41,11.25,11.38,48996948.0,566604783.0,90325343954.62001
2025-11-26,300015,11.34,11.42,11.2,11.23,61794090.0,711723306.0,89134763849.77
2025-11-27,300015,11.22,11.27,11.11,11.2,38959831.0,444069892.0,88896647828.79999
2025-11-28,300015,11.21,11.32,11.15,11.3,35016136.0,400258761.0,89690367898.70001
2025-12-01,300015,11.28,11.37,11.25,11.36,44886767.0,517223150.0,90166599940.64
2025-12-02,300015,11.34,11.35,11.29,11.3,25321105.0,291443198.0,89690367898.70001
2025-12-03,300015,11.3,11.32,11.13,11.15,33741007.0,384366583.0,88499787793.85
2025-12-04,300015,11.19,11.19,11.01,11.03,35225593.0,396847162.0,87547323709.97
2025-12-05,300015,11.03,11.1,10.93,11.1,46796309.0,524800120.0,88102927758.9
2025-12-08,300015,11.11,11.32,11.11,11.2,39892955.0,455785499.0,88896647828.79999
2025-12-09,300015,11.21,11.21,11.07,11.1,32251009.0,365616309.0,88102927758.9
2025-12-10,300015,11.09,11.1,10.94,11.03,41547579.0,465617068.0,87547323709.97
2025-12-11,300015,11.03,11.03,10.81,10.81,50120465.0,555640092.0,85793212929.11
2025-12-12,300015,10.8,10.94,10.72,10.91,54652869.0,603273360.0,86586859672.21
2025-12-15,300015,10.88,10.94,10.83,10.84,38361298.0,425226530.0,86236079885.31999
2025-12-16,300015,10.81,10.92,10.74,10.77,49212908.0,542270178.0,85679204830.70999
2025-12-17,300015,10.74,11.07,10.73,11.04,69595007.0,775996364.0,87827151469.92
2025-12-18,300015,10.99,11.05,10.97,10.99,32474245.0,363992412.0,87429383573.77
2025-12-19,300015,10.99,11.23,10.99,11.16,51223431.0,580421801.0,88781794420.68001
2025-12-22,300015,11.14,11.2,11.1,11.14,31960051.0,362501793.0,88622687262.22
2025-12-23,300015,11.15,11.15,10.9,10.93,50659853.0,566806105.0,86952062098.39
2025-12-24,300015,10.93,10.97,10.86,10.92,36302219.0,403385273.0,86872508519.16
2025-12-25,300015,10.95,10.97,10.85,10.94,38858942.0,431610929.0,87031615677.62
2025-12-26,300015,10.94,10.99,10.89,10.93,31654121.0,352831924.0,86952062098.39
2025-12-29,300015,10.92,10.93,10.81,10.83,38497129.0,425714344.0,86156526306.09
2025-12-30,300015,10.79,10.91,10.74,10.83,43572466.0,479619151.0,86156526306.09
2025-12-31,300015,10.8,10.88,10.77,10.78,35180964.0,386627569.0,85758758409.94
2026-01-05,300015,10.77,11.0,10.77,10.98,63207658.0,703338608.0,87349829994.54001
2026-01-06,300015,10.99,11.28,10.99,11.2,92990995.0,1056892592.0,89100008737.59999
2026-01-07,300015,11.2,11.21,11.01,11.06,59793144.0,675019150.0,87986258628.38
2026-01-08,300015,11.05,11.17,10.99,11.11,50105783.0,565653263.0,88384026524.53
2026-01-09,300015,11.1,11.28,11.08,11.22,62389474.0,711407543.0,89259115896.06
2026-01-12,300015,11.21,11.44,11.2,11.42,92347345.0,1068969696.0,90850187480.66
2026-01-13,300015,11.45,11.93,11.33,11.63,198028995.0,2357529507.0,92520812644.49
2026-01-14,300015,11.6,11.83,11.38,11.51,147882272.0,1751361126.0,91566169693.73
2026-01-15,300015,11.49,11.82,11.43,11.54,100442754.0,1180512578.0,91804830431.42
2026-01-16,300015,11.57,11.59,11.22,11.25,93083773.0,1068134650.0,89497776633.75
2026-01-19,300015,11.19,11.32,11.15,11.2,61809722.0,701102689.0,89100008737.59999
2026-01-20,300015,11.2,11.27,11.16,11.19,56674297.0,641750641.0,89020455158.37
2026-01-21,300015,11.18,11.2,11.07,11.08,67879295.0,763606287.0,88145365786.84
2026-01-22,300015,11.11,11.14,11.03,11.06,55774770.0,624850775.0,87986258628.38
2026-01-23,300015,11.06,11.21,11.06,11.18,76134285.0,859538514.0,88940901579.14
2026-01-26,300015,11.19,11.28,11.08,11.18,87892157.0,993009643.0,88940901579.14
2026-01-27,300015,11.18,11.19,10.96,11.0,72259886.0,806452773.0,87508937153.0
2026-01-28,300015,10.99,11.03,10.9,10.91,72564273.0,803896704.0,86792954939.93001
2026-01-29,300015,10.91,11.31,10.81,11.28,128256101.0,1441292310.0,89736437371.44
2026-01-30,300015,11.19,11.26,10.9,10.95,123091873.0,1375758273.0,87111169256.84999
2026-02-02,300015,10.96,11.1,10.74,10.78,103356234.0,1139943268.0,85758758409.94
2026-02-03,300015,10.83,10.94,10.76,10.92,61842730.0,678283738.0,86872508519.16
2026-02-04,300015,10.88,11.17,10.83,11.11,85059872.0,946498991.0,88384026524.53
2026-02-05,300015,11.13,11.51,11.1,11.38,170492348.0,1957323780.0,90531973163.74
2026-02-06,300015,10.88,11.06,10.79,10.95,166622442.0,1845138942.0,87111169256.84999
2026-02-09,300015,10.84,10.84,10.44,10.62,199614515.0,2134038621.0,84485901142.26
2026-02-10,300015,10.58,10.63,10.51,10.58,77455442.0,827177895.0,84167686825.34
2026-02-11,300015,10.58,10.67,10.55,10.6,61764366.0,663238866.0,84326793983.8
2026-02-12,300015,10.58,10.6,10.48,10.49,59274868.0,630088159.0,83451704612.27
2026-02-13,300015,10.47,10.5,10.2,10.22,120439488.0,1257444727.0,81303757973.06
2026-02-24,300015,10.42,10.55,10.37,10.52,84080985.0,890505360.0,83690365349.95999
2026-02-25,300015,10.53,10.64,10.49,10.58,66932025.0,715472538.0,84167686825.34
2026-02-26,300015,10.57,10.58,10.44,10.47,44332492.0,469950189.0,83292597453.81
2026-02-27,300015,10.45,10.5,10.42,10.48,39154876.0,414480320.0,83372151033.04001
2026-03-02,300015,10.34,10.4,10.23,10.28,71435766.0,743465512.0,81781079448.44
2026-03-03,300015,10.28,10.4,10.2,10.23,81721476.0,850068529.0,81383311552.29001
2026-03-04,300015,10.15,10.19,10.02,10.04,55829499.0,569758203.0,79871793546.92
2026-03-05,300015,10.15,10.18,10.04,10.07,45062789.0,459778852.0,80110454284.61
2026-03-06,300015,10.03,10.23,10.01,10.21,45156774.0,463293988.0,81224204393.83
2026-03-09,300015,10.11,10.18,10.07,10.15,42828540.0,438393286.0,80746882918.45
2026-03-10,300015,10.22,10.26,10.19,10.23,45052685.0,465746183.0,81383311552.29001
2026-03-11,300015,10.24,10.26,10.14,10.18,44377115.0,456744877.0,80985543656.14
2026-03-12,300015,10.18,10.18,10.02,10.04,64785100.0,659399985.0,79871793546.92
2026-03-13,300015,10.04,10.12,9.96,10.05,43893870.0,446281976.0,79951347126.15001
2026-03-16,300015,10.02,10.19,10.0,10.18,53988305.0,552242259.0,80985543656.14
2026-03-17,300015,10.18,10.3,10.15,10.16,51260655.0,530086172.0,80826436497.68001
2026-03-18,300015,10.14,10.18,10.01,10.1,43050214.0,438480876.0,80349115022.3
2026-03-19,300015,10.04,10.06,9.97,10.0,42859193.0,433684575.0,79553579230.0
2026-03-20,300015,9.99,10.04,9.84,9.87,51303539.0,514764853.0,78519382700.01
2026-03-23,300015,9.76,9.77,9.45,9.49,75773525.0,735169186.0,75496346689.27
2026-03-24,300015,9.59,9.64,9.51,9.58,40755056.0,394276237.0,76212328902.34
2026-03-25,300015,9.59,9.64,9.57,9.61,42061029.0,408389168.0,76450989640.03
2026-03-26,300015,9.59,9.61,9.29,9.32,67758902.0,647563696.0,74143935842.36
2026-03-27,300015,9.28,9.51,9.22,9.49,54956305.0,522684085.0,75496346689.27
2026-03-30,300015,9.44,9.59,9.39,9.57,47827348.0,459752052.0,76132775323.11
2026-03-31,300015,9.57,9.65,9.4,9.4,50552387.0,487375357.0,74780364476.2
2026-04-01,300015,9.54,9.61,9.44,9.58,52186961.0,504097292.0,76212328902.34
2026-04-02,300015,9.56,9.67,9.49,9.53,56584277.0,547836407.0,75814561006.19
2026-04-03,300015,9.52,9.57,9.39,9.39,38579498.0,368657852.0,74700810896.97
2026-04-07,300015,9.37,9.4,9.29,9.31,31392948.0,296049397.0,74064382263.13
2026-04-08,300015,9.47,9.61,9.42,9.61,60514441.0,584396807.0,76450989640.03
2026-04-09,300015,9.53,9.56,9.38,9.39,50477020.0,482352280.0,74700810896.97
2026-04-10,300015,9.4,9.57,9.4,9.5,54738949.0,526661015.0,75575900268.5
2026-04-13,300015,9.44,9.59,9.41,9.51,53263849.0,511608390.0,75655453847.73
2026-04-14,300015,9.52,9.58,9.4,9.51,57584223.0,551564979.0,75655453847.73
2026-04-15,300015,9.55,9.58,9.49,9.51,51419590.0,495945897.0,75655453847.73
2026-04-16,300015,9.5,9.53,9.42,9.47,53310245.0,510180188.0,75337239530.81
2026-04-17,300015,9.44,9.45,9.35,9.36,52674476.0,499134668.0,74462150159.28
2026-04-20,300015,9.36,9.64,9.32,9.56,84797968.0,813588209.0,76053221743.88
2026-04-21,300015,9.58,9.61,9.47,9.58,50959830.0,491963399.0,76212328902.34
2026-04-22,300015,9.55,9.8,9.52,9.75,89927705.0,882192368.0,77564739749.25
2026-04-23,300015,9.73,10.49,9.68,10.29,194146961.0,1975546567.0,81860633027.67
2026-04-24,300015,10.14,11.17,10.1,10.87,345357243.0,3781154841.0,86474740623.01
2026-04-27,300015,10.74,10.87,10.6,10.76,150988331.0,1635840917.0,85599651251.48
2026-04-28,300015,10.77,11.06,10.69,10.96,171229411.0,1886655729.0,87190722836.08
2026-04-29,300015,10.89,10.95,10.76,10.83,99767685.0,1093451994.0,86156526306.09
2026-04-30,300015,10.82,10.91,10.65,10.66,101500908.0,1101886184.0,84804115459.18001
2026-05-06,300015,10.6,10.7,10.52,10.65,94832819.0,1016747875.0,84724561879.95
2026-05-07,300015,10.64,10.69,10.37,10.42,105209137.0,1113214425.0,82894829557.66
2026-05-08,300015,10.39,10.61,10.37,10.43,67820936.0,718260944.0,82974383136.89
2026-05-11,300015,10.42,10.64,10.31,10.59,117331497.0,1246300168.0,84247240404.56999
2026-05-12,300015,10.58,10.59,10.41,10.44,63625496.0,673644858.0,83053936716.12
2026-05-13,300015,10.42,10.87,10.33,10.77,122032013.0,1305257635.0,85679204830.70999
2026-05-14,300015,10.77,10.87,10.66,10.66,90630566.0,984053609.0,84804115459.18001
2026-05-15,300015,10.62,10.68,10.37,10.46,80795875.0,858642928.0,83213043874.58
2026-05-18,300015,10.43,10.43,9.96,10.08,97981831.0,1005017975.0,80190007863.84
2026-05-19,300015,10.11,10.17,9.68,9.77,123292691.0,1229146553.0,77723846907.70999
2026-05-20,300015,9.67,9.67,9.32,9.37,150778038.0,1433947733.0,74541703738.51
2026-05-21,300015,9.31,9.52,9.14,9.26,124596059.0,1175989216.0,73666614366.98
2026-05-22,300015,9.23,9.3,9.06,9.08,93987829.0,866732375.0,72234649940.84
2026-05-25,300015,9.08,9.25,8.89,9.24,109100631.0,1002447767.0,73507507208.52
2026-05-26,300015,9.16,9.17,8.9,8.97,105032870.0,953672497.0,71359560569.31
2026-05-27,300015,8.92,9.19,8.85,9.09,97544978.0,890764303.0,72314203520.06999
2026-05-28,300015,9.03,9.18,9.0,9.13,70562226.0,648570798.0,72632417836.99
2026-05-29,300015,9.09,9.36,9.02,9.02,123724091.0,1152067656.0,71757328465.45999
2026-06-01,300015,9.02,9.12,8.87,9.1,73522021.0,671284185.0,72393757099.3
2026-06-02,300015,9.08,9.09,8.95,8.98,64149014.0,583835770.0,71439114148.54001
2026-06-03,300015,8.95,8.95,8.67,8.7,115296242.0,1023202735.0,69211613930.09999
2026-06-04,300015,8.68,8.68,8.34,8.41,111211798.0,951805680.0,66904560132.43
2026-06-05,300015,8.5,8.59,8.42,8.45,64419977.0,553506946.0,67222774449.34999
2026-06-08,300015,8.39,8.48,8.2,8.22,76207515.0,640188915.0,65393042127.060005
2026-06-09,300015,8.31,8.35,8.06,8.16,81255515.0,667730746.0,64915720651.68
2026-06-10,300015,8.09,8.23,8.06,8.16,64277640.0,529069926.0,64915720651.68
2026-06-11,300015,8.14,8.51,8.1,8.32,118717398.0,1007981671.0,66188577919.36
2026-06-12,300015,8.31,8.46,8.16,8.37,95584037.0,805776621.0,66586345815.509995
2026-06-15,300015,8.37,8.47,8.3,8.36,67742389.0,573133323.0,66506792236.28
2026-06-16,300015,8.33,8.34,8.16,8.19,69006984.0,572373912.0,65154381389.369995
2026-06-17,300015,8.2,8.22,8.1,8.21,59577069.0,491279086.0,65313488547.83001
2026-06-18,300015,8.17,8.29,8.13,8.18,65866790.0,546071580.0,65074827810.14
2026-06-22,300015,8.11,8.41,7.86,8.4,121744910.0,1000600139.0,66825006553.200005
2026-06-23,300015,8.38,8.75,8.36,8.49,120093095.0,1036936603.0,67540988766.270004
2026-06-24,300015,8.43,8.55,8.17,8.2,97170233.0,817676074.0,65233934968.59999
2026-06-25,300015,8.16,8.33,8.01,8.19,94953032.0,783524697.0,65154381389.369995
2026-06-26,300015,8.16,8.23,7.91,7.91,82242849.0,665999165.0,62926881170.93
2026-06-29,300015,7.91,8.57,7.73,8.5,178600316.0,1494512717.0,67620542345.5
2026-06-30,300015,8.41,8.41,8.11,8.17,112658345.0,934175253.0,64995274230.909996
2026-07-01,300015,8.12,8.53,8.08,8.45,128449023.0,1085434058.0,67222774449.34999
2026-07-02,300015,8.47,8.6,8.33,8.37,99030809.0,844850112.0,66586345815.509995
2026-07-03,300015,8.41,8.54,8.32,8.46,86157662.0,733715867.0,67302328028.58001
2026-07-06,300015,8.37,8.5,8.33,8.39,106610264.0,907346639.0,66745452973.97
2026-07-07,300015,8.33,8.35,8.13,8.15,76545221.0,634348679.0,64850954595.450005
2026-07-08,300015,8.17,8.2,8.06,8.1,66005274.0,541559892.0,64453095978.299995
2026-07-09,300015,8.05,8.21,8.0,8.09,64547841.0,527968295.0,64373524254.869995
2026-07-10,300015,8.05,8.35,7.96,8.26,107404872.0,891781900.0,65726243553.18
2026-07-13,300015,8.18,8.3,8.07,8.16,89778829.0,739932349.0,64930526318.880005
2026-07-14,300015,8.16,8.31,8.13,8.31,83671650.0,698442136.0,66124102170.33
2026-07-15,300015,8.26,8.84,8.22,8.78,192722584.0,1687074511.0,69863973171.54
2026-07-16,300015,8.7,8.97,8.6,8.91,160595267.0,1429949167.0,70898405576.13
2026-07-17,300015,8.89,8.97,8.62,8.68,130072030.0,1137037366.0,69068255937.23999
2026-07-20,300015,8.59,8.95,8.55,8.93,130147904.0,1139032489.0,71057549022.98999
2026-07-21,300015,8.8,8.98,8.7,8.78,116502727.0,1028358893.0,69863973171.54
2026-07-22,300015,8.71,8.92,8.66,8.89,114277807.0,1007340938.0,70739262129.27
2026-07-23,300015,8.82,8.85,8.68,8.76,74949508.0,655561569.0,69704829724.68
2026-07-24,300015,8.7,8.76,8.42,8.46,85973157.0,736107148.0,67317678021.78001
2026-07-27,300015,8.42,8.63,8.41,8.62,63298230.0,542916928.0,68590825596.659996
2026-07-28,300015,8.57,8.72,8.55,8.62,70586770.0,610422624.0,68590825596.659996
2026-07-29,300015,8.65,8.93,8.65,8.87,115093120.0,1016218517.0,70580118682.40999
