date,ticker,open,high,low,close,volume,amount,market_cap
2021-01-04,300124,60.05,62.97,59.57,61.52,13722314.0,1306392307.0,86522755753.12003
2021-01-05,300124,60.5,62.14,59.41,61.9,14234902.0,1346942092.0,87057194101.40001
2021-01-06,300124,62.64,63.27,59.47,61.4,14890076.0,1415305380.0,86353985748.40001
2021-01-07,300124,61.39,65.65,60.38,64.4,17765618.0,1738234515.0,90573235866.40002
2021-01-08,300124,64.88,65.39,61.97,64.36,13824721.0,1369756658.0,90516979198.16002
2021-01-11,300124,64.36,64.36,59.73,61.33,17440906.0,1681210400.0,86255536578.98001
2021-01-12,300124,60.67,63.49,59.93,62.69,13143957.0,1268594201.0,88168263299.14001
2021-01-13,300124,63.07,63.13,57.13,57.86,23996949.0,2229444089.0,81375270609.16002
2021-01-14,300124,56.64,59.28,56.6,58.43,18491853.0,1671636556.0,82176928131.58002
2021-01-15,300124,58.12,59.48,55.34,57.43,14630179.0,1303148122.0,80770511425.58002
2021-01-18,300124,56.77,58.95,55.14,58.13,12780469.0,1144945851.0,81755003119.78001
2021-01-19,300124,58.13,60.76,57.93,60.12,17076842.0,1586108913.0,84553772364.72002
2021-01-20,300124,59.53,60.86,58.89,60.12,9337088.0,871075823.0,84553772364.72002
2021-01-21,300124,60.18,68.17,59.86,65.65,22229059.0,2233335890.0,92331256748.90002
2021-01-22,300124,66.29,66.67,63.13,63.59,22238337.0,2213801920.0,89434038334.54002
2021-01-25,300124,63.88,67.55,63.88,65.06,20908930.0,2144531083.0,91501470892.36002
2021-01-26,300124,65.44,65.97,61.53,64.23,13807441.0,1370372909.0,90334145026.38002
2021-01-27,300124,63.78,65.51,62.45,63.7,11606127.0,1155833978.0,89588744172.20001
2021-01-28,300124,64.27,64.3,58.89,60.76,17711546.0,1677964184.0,85453879056.56001
2021-01-29,300124,61.15,63.19,60.35,61.24,14247211.0,1370363697.0,86128959075.44002
2021-02-01,300124,61.43,63.78,61.14,63.52,13058576.0,1267063997.0,89335589165.12003
2021-02-02,300124,63.85,68.87,63.72,67.44,20009335.0,2093997646.0,94848742652.64001
2021-02-03,300124,68.23,68.66,65.0,65.27,13021296.0,1354126744.0,91796818400.62001
2021-02-04,300124,65.3,65.86,63.33,64.36,10283248.0,1031523537.0,90516979198.16002
2021-02-05,300124,65.65,65.79,63.07,63.44,10282119.0,1021831154.0,89223075828.64001
2021-02-08,300124,63.72,71.44,63.16,70.71,20797647.0,2216839007.0,99447725281.26001
2021-02-09,300124,71.44,72.08,69.19,72.08,13754104.0,1522145294.0,101374516168.48001
2021-02-10,300124,72.59,73.44,70.47,73.44,9442401.0,1058984029.0,103287242888.64001
2021-02-18,300124,75.3,75.88,72.08,73.47,13893489.0,1591258166.0,103329435389.82002
2021-02-19,300124,71.5,72.02,65.65,68.07,17742967.0,1877855949.0,95734785177.42001
2021-02-22,300124,68.35,68.75,64.49,65.43,17297362.0,1788215182.0,92021845073.58003
2021-02-23,300124,65.0,66.61,62.3,62.5,19365568.0,1919617038.0,87901044125.00002
2021-02-24,300124,63.07,63.2,57.2,57.83,27405254.0,2524491562.0,81333078107.98001
2021-02-25,300124,58.89,59.37,55.58,56.12,22450028.0,1991394206.0,78928105540.72002
2021-02-26,300124,55.03,55.7,53.42,54.89,19677457.0,1675739426.0,77198212992.34001
2021-03-01,300124,57.13,58.24,55.46,57.85,26091679.0,2315014768.0,81361206442.10002
2021-03-02,300124,58.23,59.13,55.27,57.2,17899247.0,1591858856.0,80447035583.20001
2021-03-03,300124,56.88,56.88,54.77,56.69,15672699.0,1368736041.0,79729763063.14001
2021-03-04,300124,55.3,55.97,52.89,53.77,19281742.0,1618050200.0,75623026281.62001
2021-03-05,300124,54.05,57.33,53.52,56.56,18578852.0,1615662507.0,79546928891.36002
2021-03-08,300124,55.92,57.09,54.72,55.19,14642933.0,1271855801.0,77620138004.14001
2021-03-09,300124,53.77,56.23,52.38,52.58,15763601.0,1328864868.0,73949390401.48001
2021-03-10,300124,54.67,55.67,53.43,54.48,15489255.0,1314149512.0,76621582142.88
2021-03-11,300124,54.51,57.28,54.5,56.19,11690220.0,1024430570.0,79026554710.14001
2021-03-12,300124,57.13,57.13,54.26,55.75,10964230.0,942412291.0,78407731359.50002
2021-03-15,300124,55.75,55.93,50.7,51.48,20920191.0,1696279056.0,72402332024.88
2021-03-16,300124,52.13,53.94,51.78,52.62,14032925.0,1152355540.0,74005647069.72002
2021-03-17,300124,53.62,54.38,51.81,53.21,7703318.0,637992603.0,74835432926.26001
2021-03-18,300124,54.06,57.91,54.06,56.44,12758229.0,1120025275.0,79378158886.64001
2021-03-19,300124,55.35,55.93,53.59,54.24,9640677.0,819646497.0,76284042133.44002
2021-03-22,300124,54.7,57.6,54.45,57.09,10466430.0,921101470.0,80292329745.54002
2021-03-23,300124,56.62,56.83,54.4,55.16,9189618.0,789831072.0,77577945502.96
2021-03-24,300124,55.16,55.76,51.04,51.78,14779108.0,1207466010.0,72824257036.68001
2021-03-25,300124,50.75,52.91,50.47,52.52,10211705.0,823267203.0,73865005399.12001
2021-03-26,300124,53.19,56.16,52.8,55.67,11815370.0,1015013277.0,78295218023.02002
2021-03-29,300124,56.64,57.12,53.84,54.52,13338274.0,1147617199.0,76677838811.12001
2021-03-30,300124,54.28,56.83,53.81,56.79,8257263.0,719241166.0,79870404733.74
2021-03-31,300124,56.64,56.85,53.68,55.03,10293841.0,878466370.0,77713149401.92
2021-04-01,300124,55.27,56.11,54.96,55.82,5132481.0,443015262.0,78828784292.48
2021-04-02,300124,56.35,59.73,56.35,58.74,11043255.0,1002460366.0,82952396799.36
2021-04-06,300124,60.18,61.07,57.0,58.74,14833499.0,1347474986.0,82952396799.36
2021-04-07,300124,58.25,60.09,57.65,60.06,9230364.0,845269897.0,84816495603.84
2021-04-08,300124,59.33,60.29,57.64,58.16,8808985.0,798774317.0,82133323082.23999
2021-04-09,300124,58.18,58.18,51.23,52.42,30200500.0,2490642179.0,74027317674.88
2021-04-12,300124,51.17,52.24,49.11,49.86,24242913.0,1888699660.0,70412095751.04
2021-04-13,300124,50.01,50.1,48.4,48.74,13810467.0,1053751151.0,68830436159.36
2021-04-14,300124,48.46,51.87,48.44,51.62,15552201.0,1229855725.0,72897560823.68
2021-04-15,300124,51.44,52.07,50.23,51.8,6193191.0,495592524.0,73151756115.2
2021-04-16,300124,52.6,53.09,50.64,51.3,10190347.0,816056018.0,72445658083.2
2021-04-19,300124,51.47,53.94,51.23,53.54,11537203.0,951635262.0,75608977266.56
2021-04-20,300124,52.99,53.74,51.68,52.33,10050102.0,815513451.0,73900220029.12
2021-04-21,300124,51.98,52.35,50.92,52.1,7355627.0,590968738.0,73575414934.40001
2021-04-22,300124,51.87,52.26,49.4,50.55,20600953.0,1608351155.0,71386511035.2
2021-04-23,300124,50.2,53.09,50.2,52.65,14594254.0,1183293706.0,74352122769.59999
2021-04-26,300124,52.81,53.63,50.98,51.18,13977842.0,1133624541.0,72276194555.52
2021-04-27,300124,54.44,56.29,53.7,54.37,25274379.0,2155947469.0,76781099999.68
2021-04-28,300124,55.99,58.42,55.28,58.31,26064252.0,2324026820.0,82345152491.84
2021-04-29,300124,58.76,59.07,56.19,57.28,13731036.0,1225435692.0,80890590545.92
2021-04-30,300124,57.8,58.04,55.74,57.57,12133884.0,1077698328.0,81300127404.48
2021-05-06,300124,57.91,58.32,56.68,57.91,14954272.0,1340771459.0,81780274066.23999
2021-05-07,300124,57.28,58.36,54.48,54.64,12833975.0,1119627978.0,77162392936.96
2021-05-10,300124,54.71,54.73,52.69,53.34,12675536.0,1054390465.0,75326538053.76001
2021-05-11,300124,53.16,53.16,50.97,52.17,9923274.0,800017083.0,73674268658.88
2021-05-12,300124,52.14,52.62,51.17,52.26,9145795.0,737779130.0,73801366304.64
2021-05-13,300124,51.49,51.77,50.34,51.03,9135584.0,723816959.0,72064365145.92
2021-05-14,300124,51.49,53.1,50.05,52.26,10403067.0,837274286.0,73801366304.64
2021-05-17,300124,52.72,57.89,52.58,57.55,20788927.0,1823215006.0,81271883483.2
2021-05-18,300124,57.28,57.55,56.1,57.26,9326267.0,823600733.0,80862346624.64
2021-05-19,300124,57.15,61.2,56.65,58.57,13401338.0,1236965474.0,82712323468.48
2021-05-20,300124,59.39,60.9,58.8,59.64,12489953.0,1160981874.0,84223373256.96
2021-05-21,300124,59.92,60.21,57.92,58.66,10057821.0,919964523.0,82839421114.23999
2021-05-24,300124,59.21,59.86,57.67,59.08,8106852.0,738677630.0,83432543461.12
2021-05-25,300124,58.92,61.0,58.78,60.73,13248860.0,1242048906.0,85762666966.72
2021-05-26,300124,61.66,63.3,61.07,62.47,13917609.0,1348542977.0,88219888118.08
2021-05-27,300124,62.43,63.08,61.17,62.47,10325496.0,1001190427.0,86243614934.76
2021-05-28,300124,62.29,63.56,61.15,61.73,10307818.0,996189482.0,85222000158.84
2021-05-31,300124,62.01,64.36,62.01,63.39,10391926.0,1021697888.0,87513730602.12
2021-06-01,300124,63.07,63.52,60.69,62.89,15384087.0,1492576849.0,86823450348.12
2021-06-02,300124,62.94,63.29,61.07,61.77,9169556.0,881230505.0,85277222579.16
2021-06-03,300124,62.08,62.39,59.51,59.68,8153220.0,764627256.0,82391851117.44
2021-06-04,300124,60.53,61.57,58.34,59.08,19037990.0,1170796552.0,122345272278.03998
2021-06-07,300124,59.59,59.68,56.41,57.39,28252348.0,1664128077.0,118845551388.56999
2021-06-08,300124,57.84,60.47,57.28,58.68,18715286.0,1138580409.0,121516935972.83998
2021-06-09,300124,58.68,59.68,58.06,58.93,13604132.0,827163198.0,122034646163.58998
2021-06-10,300124,59.0,61.91,58.54,60.77,21715264.0,1358072174.0,125844993167.51
2021-06-11,300124,60.77,61.02,59.08,59.12,22113720.0,1370148553.0,122428105908.55998
2021-06-15,300124,59.79,62.61,59.57,61.59,23354565.0,1474016603.0,127543082593.17
2021-06-16,300124,61.42,61.47,58.93,59.3,18285551.0,1123517105.0,122800857245.89998
2021-06-17,300124,59.12,60.28,57.0,60.01,25741853.0,1559715725.0,124271154187.62997
2021-06-18,300124,61.74,67.82,61.64,64.73,39791625.0,2676606470.0,134045522588.98999
2021-06-21,300124,64.98,67.24,63.53,65.9,31207019.0,2112578077.0,136468406281.7
2021-06-22,300124,66.87,67.06,64.51,65.43,16231263.0,1093845493.0,135495111123.09
2021-06-23,300124,65.88,66.18,64.45,64.89,18154215.0,1221355663.0,134376857111.06999
2021-06-24,300124,64.16,64.74,61.54,62.32,24218763.0,1563127725.0,129054796350.15999
2021-06-25,300124,63.33,65.28,62.51,64.03,23102704.0,1532012195.0,132595934054.88998
2021-06-28,300124,63.71,67.39,63.54,66.47,21874969.0,1490718442.0,137648785516.61
2021-06-29,300124,66.46,67.44,64.74,66.81,20775784.0,1419304039.0,138352871376.03
2021-06-30,300124,71.72,73.25,68.13,71.97,44818309.0,3285448120.0,149188003028.58
2021-07-01,300124,71.98,79.99,70.27,78.29,48906472.0,3841139984.0,162288853093.06003
2021-07-02,300124,76.47,76.5,72.6,74.13,46380196.0,3557913052.0,153665508746.81998
2021-07-05,300124,72.89,74.99,71.33,72.32,49364405.0,3705219133.0,149913524788.47998
2021-07-06,300124,72.32,74.0,70.75,73.77,33130541.0,2487347923.0,152919257793.78
2021-07-07,300124,71.73,75.25,70.83,74.34,32714980.0,2487009304.0,154295411138.82
2021-07-08,300124,75.27,76.47,73.75,75.78,33830914.0,2613394750.0,157284184235.94
2021-07-09,300124,74.14,78.36,72.93,76.76,34986452.0,2734510125.0,159318210371.48
2021-07-12,300124,75.6,81.04,75.11,77.87,38184392.0,3093022926.0,161622056300.51
2021-07-13,300124,76.64,76.84,71.95,72.89,44435765.0,3409681844.0,151285882672.97
2021-07-14,300124,71.75,74.29,70.99,72.48,26007616.0,1946828215.0,150434912555.04
2021-07-15,300124,71.7,73.63,71.15,73.56,20440798.0,1534217336.0,152750783564.28
2021-07-16,300124,73.17,73.19,69.91,69.93,30458903.0,2239675818.0,145212918633.09003
2021-07-19,300124,69.88,72.98,68.13,72.49,27011544.0,1985856718.0,150528878474.37
2021-07-20,300124,71.43,75.91,70.8,75.42,35498416.0,2689773894.0,156613160636.46
2021-07-21,300124,78.41,81.9,77.74,79.74,57846110.0,4787648491.0,165583842868.62
2021-07-22,300124,79.67,80.91,77.96,78.89,28188879.0,2301550391.0,163818778077.57
2021-07-23,300124,78.58,79.74,77.05,78.28,23038143.0,1862135487.0,162552084521.64
2021-07-26,300124,78.31,79.28,73.67,74.92,37256544.0,2914462352.0,155574887229.96
2021-07-27,300124,75.6,77.3,73.25,73.57,32145618.0,2512122768.0,152771549032.40997
2021-07-28,300124,71.77,75.19,70.9,74.03,32677888.0,2471390321.0,153726760566.39
2021-07-29,300124,76.08,78.29,74.24,77.35,30515658.0,2406552602.0,160620895985.55
2021-07-30,300124,77.51,77.51,75.13,75.46,20772837.0,1633332186.0,156696222508.97998
2021-08-02,300124,75.63,83.8,75.6,82.53,45295768.0,3729002304.0,171377408476.89
2021-08-03,300124,83.74,85.28,78.99,79.28,33218329.0,2793676349.0,164628631334.64
2021-08-04,300124,78.51,85.86,78.39,84.86,37318612.0,3204924114.0,176215762551.18
2021-08-05,300124,85.29,86.31,82.75,84.12,24795841.0,2157072275.0,174679117909.56
2021-08-06,300124,85.08,85.08,80.93,81.81,24641352.0,2094323421.0,169882294771.53
2021-08-09,300124,81.31,82.19,79.47,81.3,19469900.0,1624402498.0,168823255896.9
2021-08-10,300124,81.92,83.5,80.43,82.62,21838411.0,1849738897.0,171564297690.06
2021-08-11,300124,81.41,82.62,80.02,80.06,20710978.0,1729479880.0,166248337848.78
2021-08-12,300124,79.48,80.33,71.04,71.7,77016341.0,5927719367.0,148888406492.1
2021-08-13,300124,72.69,74.12,70.82,71.74,37140297.0,2776347097.0,148971468364.62
2021-08-16,300124,71.52,71.57,68.35,70.7,30723504.0,2218807049.0,146811859679.1
2021-08-17,300124,71.04,71.33,68.81,68.81,25352463.0,1820235851.0,142887186202.53
2021-08-18,300124,69.01,69.55,66.22,67.07,32456800.0,2258505502.0,139273994747.90997
2021-08-19,300124,67.07,69.38,66.57,69.0,22927168.0,1619931654.0,143281730097.0
2021-08-20,300124,68.42,68.9,65.71,67.24,25584432.0,1770677294.0,139627007706.12
2021-08-23,300124,68.33,72.18,67.92,71.71,35580485.0,2608286775.0,148909171960.22998
2021-08-24,300124,72.69,74.05,69.81,73.02,34228839.0,2558469915.0,151629448285.25998
2021-08-25,300124,73.66,75.37,71.91,72.38,19958740.0,1501046021.0,150300458324.94
2021-08-26,300124,72.79,74.23,71.39,71.98,21008248.0,1578223118.0,149469839599.74002
2021-08-27,300124,72.44,73.77,71.33,72.79,18925177.0,1418084579.0,151151842518.27002
2021-08-30,300124,73.74,73.75,70.56,71.37,32371973.0,2409103598.0,148203146043.81
2021-08-31,300124,71.76,71.96,67.85,68.83,39515100.0,2826150764.0,142928717138.79
2021-09-01,300124,68.52,69.41,66.38,68.42,27159108.0,1900619066.0,142077332945.46
2021-09-02,300124,68.48,69.35,67.53,68.06,19504912.0,1371809869.0,141329776092.78
2021-09-03,300124,68.05,69.3,66.01,66.87,22085923.0,1532033119.0,138858685385.31
2021-09-06,300124,66.86,71.04,66.0,69.59,25060019.0,1790931981.0,144506892716.67
2021-09-07,300124,69.78,71.42,69.01,70.64,24738849.0,1803911360.0,146687266870.32
2021-09-08,300124,71.53,71.53,67.64,67.84,30047773.0,2122351902.0,140872935793.92
2021-09-09,300124,67.84,68.7,66.31,68.02,16136184.0,1122460237.0,141246714220.25998
2021-09-10,300124,68.02,68.52,66.34,67.92,21361076.0,1485117568.0,141039059538.96
2021-09-13,300124,67.65,68.39,65.44,65.87,22399767.0,1533577165.0,136782138572.31001
2021-09-14,300124,66.32,67.64,65.42,66.05,18414417.0,1264202186.0,137155916998.65
2021-09-15,300124,65.6,66.04,62.94,63.37,35223468.0,2318621255.0,131590771539.81
2021-09-16,300124,63.97,64.67,62.67,63.14,28227021.0,1846347934.0,131113165772.82
2021-09-17,300124,63.0,64.3,62.78,63.56,18164094.0,1188804203.0,131985315434.28
2021-09-22,300124,62.51,62.51,60.29,61.24,24528271.0,1546897081.0,127167726828.12001
2021-09-23,300124,62.52,63.81,61.71,63.38,32635098.0,2126250290.0,131611537007.94
2021-09-24,300124,63.93,64.41,61.72,63.17,26648895.0,1741635804.0,131175462177.21
2021-09-27,300124,63.29,65.23,62.43,63.51,23524059.0,1547106878.0,131881488093.62999
2021-09-28,300124,63.0,64.26,61.62,62.03,22403829.0,1445880071.0,128808198810.39
2021-09-29,300124,61.07,62.61,60.77,60.87,20325078.0,1289353137.0,126399404507.31
2021-09-30,300124,61.06,61.67,60.78,61.06,17566273.0,1109117276.0,129779867885.78
2021-10-08,300124,61.64,63.36,61.63,62.18,21191717.0,1363195447.0,132160369884.34
2021-10-11,300124,62.42,64.57,61.9,62.04,27316603.0,1779503263.0,131862807134.52
2021-10-12,300124,62.5,63.15,57.38,57.68,41185326.0,2509739597.0,122595852925.84
2021-10-13,300124,57.68,58.63,57.02,58.39,16459586.0,981955459.0,124104921157.07
2021-10-14,300124,58.98,59.27,57.32,57.86,22213895.0,1325869372.0,122978433604.18
2021-10-15,300124,57.53,61.63,57.01,60.91,38008902.0,2357275190.0,129461050653.82999
2021-10-18,300124,60.91,61.04,58.1,58.65,32602738.0,1979010053.0,124657537692.45
2021-10-19,300124,58.66,60.71,58.31,58.83,28240405.0,1724762736.0,125040118370.79
2021-10-20,300124,58.8,61.05,57.98,60.24,32766491.0,2024918299.0,128037000351.12001
2021-10-21,300124,60.24,60.73,58.99,59.37,22979888.0,1414079100.0,126187860405.81
2021-10-22,300124,59.37,60.14,58.72,59.51,17612113.0,1080572259.0,126485423155.62999
2021-10-25,300124,59.27,60.42,59.13,60.09,21116777.0,1303133052.0,127718183119.17001
2021-10-26,300124,60.48,63.62,60.19,62.41,40810640.0,2634843359.0,132649222973.32999
2021-10-27,300124,62.24,63.25,61.46,62.53,28336979.0,1827045532.0,132922912574.79001
2021-10-28,300124,62.8,64.81,61.54,63.77,43552226.0,2842502405.0,135558837916.11
2021-10-29,300124,63.76,63.85,61.25,63.22,37466033.0,2414597353.0,134389677482.45999
2021-11-01,300124,62.41,63.12,60.88,63.02,34750760.0,2224888802.0,133964528233.86
2021-11-02,300124,62.88,65.92,62.37,63.82,44060645.0,2930741121.0,135665125228.26
2021-11-03,300124,64.23,65.38,63.31,64.56,24415860.0,1621123431.0,137238177448.08
2021-11-04,300124,65.03,66.08,64.57,66.03,29884613.0,2019763582.0,140363024425.29
2021-11-05,300124,66.49,66.66,65.48,66.02,23036516.0,1568232679.0,140341766962.86
2021-11-08,300124,66.62,69.18,66.08,68.4,30871475.0,2169379139.0,145401043021.2
2021-11-09,300124,67.85,68.98,67.29,68.95,22927085.0,1609041348.0,146570203454.85
2021-11-10,300124,68.79,69.07,65.81,66.7,28936709.0,1998022310.0,141787274408.1
2021-11-11,300124,66.49,68.93,65.92,67.53,24857821.0,1739208221.0,143551643789.79
2021-11-12,300124,67.84,69.08,67.12,68.34,18969322.0,1339519437.0,145273498246.62
2021-11-15,300124,68.96,69.27,67.44,68.32,16189068.0,1138600329.0,145230983321.75998
2021-11-16,300124,67.85,68.47,64.71,64.96,33409001.0,2271394008.0,138088475945.28
2021-11-17,300124,65.54,65.88,64.8,65.01,15852464.0,1067065566.0,138194763257.43002
2021-11-18,300124,65.22,65.58,63.29,63.97,24276281.0,1603565693.0,135983987164.70999
2021-11-19,300124,63.83,64.19,62.51,64.06,27707458.0,1810807332.0,136175304326.58
2021-11-22,300124,64.38,65.08,63.33,64.37,28628825.0,1892888613.0,136796526284.28001
2021-11-23,300124,64.92,68.11,64.57,66.98,44341432.0,3048934035.0,142343192955.12
2021-11-24,300124,66.86,67.36,65.93,66.77,25181341.0,1733805891.0,141896909429.88
2021-11-25,300124,67.12,68.36,66.49,67.23,25235363.0,1755418405.0,142874482866.12
2021-11-26,300124,67.2,67.2,64.93,65.29,22072392.0,1497325346.0,138751673156.76
2021-11-29,300124,63.21,65.28,63.21,64.58,18977244.0,1259418153.0,137242809809.51999
2021-11-30,300124,64.64,65.39,63.49,63.58,17061307.0,1131310139.0,140426355982.44
2021-12-01,300124,63.34,64.51,62.63,63.04,15943813.0,1036018766.0,139233681678.72
2021-12-02,300124,63.04,63.72,62.47,63.48,15056441.0,980508158.0,140205490370.63998
2021-12-03,300124,63.47,63.9,62.81,63.83,15304153.0,1000505314.0,140978520011.94
2021-12-06,300124,63.82,65.13,63.06,63.09,17479131.0,1157422881.0,139344114484.62
2021-12-07,300124,63.53,63.9,62.53,63.51,11911850.0,776507818.0,140273899867.68
2021-12-08,300124,63.77,65.12,63.75,64.23,17459573.0,1160346520.0,141864156644.64
2021-12-09,300124,64.25,69.93,63.97,68.24,55306610.0,3862938787.0,150721003416.31998
2021-12-10,300124,67.56,69.01,67.42,68.67,23547983.0,1661412674.0,151670740102.56
2021-12-13,300124,68.81,71.23,68.81,69.34,30063492.0,2172984759.0,153150562381.12
2021-12-14,300124,68.83,69.24,68.0,68.17,15822499.0,1116914492.0,151709594975.02
2021-12-15,300124,67.76,68.06,66.51,66.73,16050568.0,1112977824.0,148505813690.38
2021-12-16,300124,66.87,69.97,66.87,69.88,26046691.0,1856377013.0,155516053659.28
2021-12-17,300124,70.36,71.59,69.49,69.82,26839664.0,1953728299.0,155382525278.91998
2021-12-20,300124,69.78,70.1,67.92,68.15,24398099.0,1732367593.0,151665985358.90002
2021-12-21,300124,68.8,70.22,68.43,70.05,19069402.0,1366111816.0,155894384070.3
2021-12-22,300124,69.7,69.83,67.54,67.92,22226313.0,1567518950.0,151154126567.52
2021-12-23,300124,67.65,68.07,66.67,67.02,15801642.0,1093881678.0,149737065775.97998
2021-12-24,300124,67.84,68.04,66.69,67.52,14054387.0,979262324.0,150854173100.47998
2021-12-27,300124,67.53,68.22,66.96,67.84,8672146.0,605813955.0,151569121788.16
2021-12-28,300124,68.25,69.63,67.24,69.25,18168830.0,1287077528.0,154719364443.25
2021-12-29,300124,69.34,69.39,67.17,67.21,15064950.0,1053750894.0,150161566559.28998
2021-12-30,300124,66.89,67.75,66.56,67.22,9987819.0,692706459.0,150183908705.78
2021-12-31,300124,67.3,67.82,66.0,66.49,12499899.0,860232914.0,148561007222.50998
2022-01-04,300124,67.41,68.7,67.13,67.65,19752208.0,1385782413.0,151152837097.35
2022-01-05,300124,67.9,68.02,64.33,64.5,22821353.0,1544400561.0,144114678385.5
2022-01-06,300124,63.77,65.05,63.49,64.09,13298875.0,881414338.0,143198600584.91
2022-01-07,300124,64.43,65.23,63.58,64.34,10400911.0,689764866.0,143757184609.66
2022-01-10,300124,63.77,63.86,61.87,63.19,15549788.0,1007098813.0,141187698095.81
2022-01-11,300124,62.95,64.16,62.37,63.19,13830011.0,902534370.0,141187698095.81
2022-01-12,300124,63.48,64.14,62.8,63.84,10954512.0,718460532.0,142640016560.16
2022-01-13,300124,63.97,64.31,62.99,63.09,9675840.0,634453520.0,140964264485.91
2022-01-14,300124,62.03,63.03,60.7,62.03,19528971.0,1246988335.0,139046571749.85
2022-01-17,300124,61.54,62.94,61.54,62.09,10749997.0,689631775.0,139181067869.55002
2022-01-18,300124,62.32,65.37,61.78,64.82,19640493.0,1306705028.0,145300641315.9
2022-01-19,300124,64.62,65.18,63.51,63.97,14782025.0,979392608.0,143395279620.15
2022-01-20,300124,63.92,66.47,63.87,65.79,16600819.0,1126069934.0,147474995251.05002
2022-01-21,300124,66.09,66.34,64.45,65.34,16138997.0,1083910712.0,146466274353.30002
2022-01-24,300124,64.73,64.93,63.02,64.36,13721236.0,906251003.0,146633623608.96
2022-01-25,300124,64.15,66.67,63.77,64.44,16075409.0,1084486255.0,146815890387.84
2022-01-26,300124,64.82,65.11,62.32,63.26,15523537.0,1011320110.0,144127455399.36
2022-01-27,300124,61.06,61.06,56.41,56.7,42740997.0,2571551496.0,129181579531.20001
2022-01-28,300124,56.57,58.78,56.55,58.14,25598056.0,1528424649.0,132462381551.04001
2022-02-07,300124,59.12,59.63,57.36,58.38,12216326.0,733705288.0,133009181887.68001
2022-02-08,300124,58.54,58.92,56.58,57.86,15084753.0,897778985.0,131824447824.95999
2022-02-09,300124,58.27,59.22,57.75,58.93,12852921.0,775514823.0,134262265992.48
2022-02-10,300124,58.44,58.94,57.83,58.54,12384039.0,743599176.0,133373715445.44
2022-02-11,300124,58.15,59.77,57.57,59.23,17314520.0,1051820906.0,134945766413.28
2022-02-14,300124,58.37,58.89,57.56,58.69,11997009.0,720986698.0,133715465655.84
2022-02-15,300124,58.71,61.21,58.52,60.91,16222770.0,1015501747.0,138773368769.75998
2022-02-16,300124,61.25,63.48,61.25,63.15,17888356.0,1157324643.0,143876838578.4
2022-02-17,300124,63.09,64.69,62.08,63.48,14412595.0,946677136.0,144628689041.28
2022-02-18,300124,63.0,63.43,62.24,63.13,9279236.0,600376173.0,143831271883.68
2022-02-21,300124,63.14,63.67,61.84,62.32,10932330.0,705121998.0,141985820747.52
2022-02-22,300124,62.1,62.1,60.43,61.01,14683549.0,925202962.0,139001202243.36
2022-02-23,300124,61.01,62.6,61.01,62.54,11445167.0,732433303.0,142487054389.44
2022-02-24,300124,62.29,63.81,61.06,62.17,13583648.0,873093740.0,141644070537.12
2022-02-25,300124,62.63,62.93,61.54,61.74,8151207.0,522641586.0,140664386600.64
2022-02-28,300124,61.74,61.99,60.75,61.7,7675490.0,486331542.0,140573253211.2
2022-03-01,300124,62.03,62.33,61.35,61.78,8090638.0,515561443.0,140755519990.08002
2022-03-02,300124,61.44,61.77,60.77,61.04,6567208.0,414032606.0,139069552285.44
2022-03-03,300124,61.23,61.49,60.11,60.48,6919938.0,434042729.0,137793684833.28
2022-03-04,300124,60.07,60.77,59.36,59.74,9688102.0,599725927.0,136107717128.64
2022-03-07,300124,59.71,59.97,57.76,58.15,13919519.0,839966723.0,132485164898.4
2022-03-08,300124,58.73,59.01,57.28,57.64,12815730.0,768258155.0,131323214183.04001
2022-03-09,300124,58.16,58.81,55.24,56.83,15344130.0,905896639.0,129477763046.87999
2022-03-10,300124,58.21,58.39,55.73,56.03,17988046.0,1049456023.0,127655095258.08
2022-03-11,300124,54.77,56.64,52.14,56.39,20336983.0,1147553886.0,128475295763.04001
2022-03-14,300124,55.59,55.77,52.87,52.95,16605285.0,922935814.0,120637824271.20001
2022-03-15,300124,52.14,53.11,49.92,50.13,23560286.0,1249221025.0,114212920315.68001
2022-03-16,300124,50.73,53.67,50.17,53.55,24165506.0,1291567045.0,121956067195.2
2022-03-17,300124,54.31,55.52,53.16,53.96,18750679.0,1049913776.0,122889811127.04001
2022-03-18,300124,54.08,55.78,53.76,55.15,12958945.0,733923216.0,125599945953.59999
2022-03-21,300124,55.62,56.56,54.79,55.82,10932739.0,631555734.0,127125820183.68001
2022-03-22,300124,55.45,55.87,54.95,55.63,8553539.0,488874514.0,126693109581.12001
2022-03-23,300124,55.96,56.08,54.94,55.49,6321650.0,361504083.0,126374270189.76001
2022-03-24,300124,55.18,55.46,54.27,54.55,10485999.0,590515707.0,124233491419.2
2022-03-25,300124,54.47,54.93,53.14,53.14,10791742.0,597772298.0,121022323263.36
2022-03-28,300124,52.34,53.61,52.24,53.1,8956483.0,490935999.0,120931226294.40001
2022-03-29,300124,52.74,53.45,52.0,52.34,6432526.0,348819488.0,119200383884.16
2022-03-30,300124,53.3,54.08,52.98,53.93,9909166.0,548435146.0,122821488400.31999
2022-03-31,300124,53.79,55.64,53.4,55.24,13824889.0,784012137.0,125804914133.76001
2022-04-01,300124,54.88,55.73,54.61,55.0,8676406.0,493492439.0,125258332320.0
2022-04-06,300124,54.98,55.43,54.2,54.71,8536035.0,481221912.0,124597879295.04001
2022-04-07,300124,54.41,55.0,53.67,53.71,9874926.0,551531433.0,122320455071.04001
2022-04-08,300124,54.17,55.11,53.58,54.31,7458197.0,418419672.0,123686909605.44
2022-04-11,300124,53.62,54.26,50.88,50.94,12843250.0,685131247.0,116011989970.56
2022-04-12,300124,50.94,52.91,50.8,52.9,8537043.0,459141300.0,120475741449.59999
2022-04-13,300124,52.28,53.11,51.18,51.91,9565694.0,513798346.0,118221091467.84
2022-04-14,300124,52.81,52.98,51.95,52.36,6716474.0,364110854.0,119245932368.64
2022-04-15,300124,51.86,52.22,50.38,50.98,8520247.0,447000448.0,116103086939.51999
2022-04-18,300124,49.43,51.03,46.91,50.8,18536258.0,942455267.0,115693150579.2
2022-04-19,300124,51.25,52.9,50.57,51.46,12856720.0,688584041.0,117196250567.04001
2022-04-20,300124,51.47,52.7,51.25,51.51,9842816.0,526083877.0,117310121778.23999
2022-04-21,300124,50.89,51.92,49.44,49.64,11526667.0,601895702.0,113051338479.36
2022-04-22,300124,49.29,49.91,47.98,48.88,12094384.0,610830849.0,111320496069.12001
2022-04-25,300124,48.46,48.46,46.04,46.04,14734480.0,716325605.0,104852611272.95999
2022-04-26,300124,46.24,48.44,46.09,46.99,18339841.0,897132392.0,107016164285.76001
2022-04-27,300124,46.52,51.96,46.52,51.64,20743500.0,1063069283.0,117606186927.36
2022-04-28,300124,51.85,54.89,51.27,54.2,21066996.0,1171596214.0,123436392940.8
2022-04-29,300124,55.16,56.52,54.13,55.92,16245195.0,928358182.0,127353562606.08
2022-05-05,300124,56.12,57.95,55.88,56.53,13391927.0,788518652.0,128805353133.72
2022-05-06,300124,55.3,56.05,53.48,54.09,9083407.0,510588270.0,123245737679.16
2022-05-09,300124,54.1,54.12,52.82,53.46,5912778.0,325352281.0,121810263197.04001
2022-05-10,300124,52.98,54.53,52.72,54.03,13175778.0,731129548.0,123109025823.72
2022-05-11,300124,54.42,55.11,53.49,54.25,13883393.0,780193800.0,123610302627.0
2022-05-12,300124,54.23,54.64,53.61,54.31,6742870.0,376741916.0,123747014482.44
2022-05-13,300124,54.5,55.0,54.09,54.76,6920512.0,390215325.0,124772353398.23999
2022-05-16,300124,54.83,55.53,54.4,54.89,6641274.0,376562991.0,125068562418.36
2022-05-17,300124,55.1,56.94,54.86,56.78,9221575.0,536534210.0,129374985864.72
2022-05-18,300124,56.67,57.18,56.21,56.7,6656834.0,389088366.0,129192703390.8
2022-05-19,300124,55.73,58.21,55.58,57.76,10821194.0,640689262.0,132079673938.56
2022-05-20,300124,57.2,59.08,57.2,58.25,8734018.0,526133426.0,133200155937.0
2022-05-23,300124,58.15,59.31,57.88,58.83,9331045.0,566156901.0,134526440751.48
2022-05-24,300124,59.59,60.31,57.28,57.37,10369877.0,627220515.0,131187861735.72
2022-05-25,300124,57.37,57.71,56.48,57.17,6593002.0,387899914.0,130730522144.52
2022-05-26,300124,57.13,58.49,56.02,57.27,7152018.0,421874911.0,130959191940.12001
2022-05-27,300124,57.67,59.25,57.67,58.62,10494233.0,636717365.0,134046234180.72
2022-05-30,300124,58.06,59.63,57.68,58.19,7251507.0,434901282.0,133062954059.64
2022-05-31,300124,58.15,59.6,57.94,59.34,7890377.0,481730863.0,135692656709.04001
2022-06-01,300124,59.11,60.53,58.93,59.36,7267716.0,447128426.0,135738390668.16
2022-06-02,300124,59.56,62.61,58.72,62.12,16232491.0,1025688386.0,142049677026.72
2022-06-06,300124,62.12,63.84,61.29,63.63,17464168.0,1137291401.0,145502590940.28
2022-06-07,300124,63.57,64.81,62.45,63.37,10570621.0,692320969.0,144908049471.72
2022-06-08,300124,63.83,63.83,62.23,63.38,10799498.0,702287123.0,144930916451.28
2022-06-09,300124,63.22,64.78,61.84,62.52,11328581.0,735100447.0,142964356209.12
2022-06-10,300124,62.28,63.38,61.38,63.01,12532901.0,808595268.0,144084838207.56
2022-06-13,300124,63.01,64.62,62.12,64.55,17265163.0,1139490749.0,147606353059.8
2022-06-14,300124,63.98,64.43,61.64,64.04,10862749.0,705604783.0,146440137102.24002
2022-06-15,300124,63.51,64.05,61.89,62.27,12887957.0,835925370.0,142392681720.12
2022-06-16,300124,62.27,63.58,62.22,62.9,8412170.0,547304128.0,143833301432.4
2022-06-17,300124,62.35,63.27,61.83,62.95,9252816.0,597930946.0,143947636330.2
2022-06-20,300124,62.95,64.42,62.51,63.98,10023928.0,660591231.0,146302935224.88
2022-06-21,300124,64.82,66.24,63.39,64.21,12486123.0,833271153.0,146828875754.75998
2022-06-22,300124,64.16,64.93,62.04,62.4,14135588.0,924951942.0,142689952454.4
2022-06-23,300124,63.72,66.09,62.69,65.95,24597972.0,1649734331.0,150807730198.2
2022-06-24,300124,66.54,67.94,65.52,67.65,22768450.0,1578310259.0,154695116723.40002
2022-06-27,300124,67.73,68.31,65.34,65.61,18502860.0,1263998626.0,150030252893.16
2022-06-28,300124,65.7,67.5,64.21,67.14,18376671.0,1255164641.0,153528900765.84
2022-06-29,300124,67.05,67.62,63.38,63.59,19075889.0,1271498470.0,145411123022.04
2022-06-30,300124,63.27,65.08,63.18,64.12,13687095.0,900477792.0,146623072938.72
2022-07-01,300124,63.85,64.26,62.76,63.12,10034644.0,654192112.0,144336374982.72
2022-07-04,300124,62.65,64.11,62.39,64.0,10231086.0,667970691.0,146348669184.0
2022-07-05,300124,63.37,64.1,61.46,62.97,12375252.0,795325311.0,143993370289.32
2022-07-06,300124,62.45,62.96,61.21,61.91,9942908.0,633041218.0,141569470455.96
2022-07-07,300124,61.9,62.93,61.03,62.62,11842128.0,757888996.0,143193026004.72
2022-07-08,300124,62.36,63.51,61.21,62.72,20702921.0,1327804614.0,143421695800.32
2022-07-11,300124,62.31,62.71,60.89,61.21,10518991.0,661956827.0,139968781886.76
2022-07-12,300124,61.21,61.62,60.16,60.63,11974634.0,747568141.0,138642497072.28
2022-07-13,300124,60.2,60.82,59.47,60.15,12658361.0,783297047.0,137544882053.4
2022-07-14,300124,60.03,62.88,59.46,62.12,14196900.0,902176122.0,142049677026.72
2022-07-15,300124,61.32,62.91,61.32,61.36,11324246.0,722621517.0,140311786580.16
2022-07-18,300124,61.0,62.2,60.45,61.42,12981801.0,817942354.0,140448988457.52
2022-07-19,300124,61.75,61.76,60.25,60.72,8849578.0,552681588.0,138848299888.32
2022-07-20,300124,60.75,63.23,60.74,61.92,11570330.0,740041648.0,141592337435.52
2022-07-21,300124,61.46,62.18,61.3,61.3,7293246.0,462035812.0,140311295962.8
2022-07-22,300124,61.32,61.85,59.59,60.35,8753770.0,544601796.0,138136814214.6
2022-07-25,300124,60.35,60.84,58.94,59.33,10257862.0,626902426.0,135802107495.48
2022-07-26,300124,59.76,61.14,59.38,60.89,9504363.0,590769898.0,139372835418.84
2022-07-27,300124,61.1,63.48,60.23,63.15,14154851.0,910857060.0,144545813051.4
2022-07-28,300124,63.42,65.38,63.23,64.34,15762020.0,1042871747.0,147269637557.04
2022-07-29,300124,64.05,65.32,63.76,64.36,11695679.0,774698149.0,147315416120.16
2022-08-01,300124,64.35,65.83,62.89,65.28,14626060.0,974968399.0,149421230023.68
2022-08-02,300124,64.26,65.22,63.12,64.55,17242343.0,1139801058.0,147750312469.8
2022-08-03,300124,65.22,65.71,62.98,63.27,11226067.0,742954095.0,144820484430.12
2022-08-04,300124,64.03,64.51,62.65,63.41,9858733.0,641943712.0,145140934371.96
2022-08-05,300124,63.9,64.11,61.06,61.88,14914662.0,951020874.0,141638874293.28
2022-08-08,300124,61.62,61.66,60.21,60.71,15794804.0,987250360.0,138960828350.76
2022-08-09,300124,60.9,61.52,60.43,60.99,9990624.0,624541782.0,139601728234.44
2022-08-10,300124,60.54,61.55,60.16,61.07,10443209.0,651620094.0,139784842486.92
2022-08-11,300124,61.05,61.76,60.5,61.32,9224116.0,581191782.0,140357074525.92
2022-08-12,300124,61.54,61.89,60.23,60.84,8711432.0,545513295.0,139258389011.04
2022-08-15,300124,60.9,61.52,60.32,61.38,10500912.0,660041790.0,140494410215.28
2022-08-16,300124,61.66,63.12,61.19,63.08,14979336.0,960403034.0,144385588080.48
2022-08-17,300124,63.07,63.08,61.94,62.43,8394227.0,537671508.0,142897784779.08
2022-08-18,300124,62.28,63.36,61.72,63.29,8253378.0,530282863.0,144866262993.24
2022-08-19,300124,63.84,63.86,60.67,60.74,12777738.0,811774498.0,139029496195.44
2022-08-22,300124,60.64,61.44,59.97,61.09,6444434.0,401979233.0,139830621050.04
2022-08-23,300124,61.03,64.89,60.7,62.55,23311044.0,1516498094.0,143172456157.8
2022-08-24,300124,62.69,63.08,59.62,59.67,14753248.0,918562071.0,136580343068.52
2022-08-25,300124,59.77,60.8,59.32,60.43,9728182.0,601263529.0,138319928467.08
2022-08-26,300124,60.84,60.92,58.4,58.89,12610649.0,768414423.0,134794979106.84
2022-08-29,300124,58.01,58.9,57.04,57.41,11541704.0,682472743.0,131407365435.95999
2022-08-30,300124,57.41,57.72,56.63,56.83,7578499.0,443505513.0,130079787105.48
2022-08-31,300124,56.26,58.37,55.82,58.37,11567959.0,679667314.0,133604736465.72
2022-09-01,300124,57.21,58.21,55.48,55.71,10389538.0,603780713.0,127516187570.76
2022-09-02,300124,55.81,56.94,55.53,56.34,8171129.0,472164212.0,128958212309.04001
2022-09-05,300124,56.21,57.8,55.97,57.38,9668882.0,569256213.0,131338697591.28
2022-09-06,300124,57.38,57.77,55.61,56.59,11966196.0,693464702.0,129530444348.04001
2022-09-07,300124,56.02,58.5,56.01,57.47,12033294.0,712779482.0,131544701125.31999
2022-09-08,300124,57.48,57.66,56.36,56.49,8850618.0,515492009.0,129301551532.44
2022-09-09,300124,56.91,57.02,56.07,56.89,5787255.0,336691308.0,130217122794.84
2022-09-13,300124,57.33,57.9,56.63,57.14,6346367.0,373798287.0,130789354833.84
2022-09-14,300124,56.13,56.96,55.58,56.17,7509221.0,432318713.0,128918151753.52
2022-09-15,300124,56.75,57.23,55.39,55.93,11897416.0,686379175.0,128367317564.08
2022-09-16,300124,55.93,56.53,54.97,54.97,8752882.0,498373971.0,126163980806.31999
2022-09-19,300124,54.97,57.19,54.95,56.54,11650602.0,677445235.0,129767354462.24
2022-09-20,300124,56.94,57.04,56.27,56.57,5642739.0,328032651.0,129836208735.92
2022-09-21,300124,56.53,56.73,55.29,56.02,5225025.0,300637139.0,128585251884.92001
2022-09-22,300124,55.63,56.34,55.39,55.92,3459851.0,198654810.0,128355717340.32
2022-09-23,300124,56.02,56.33,54.52,55.34,5242069.0,297192929.0,127024416981.64001
2022-09-26,300124,55.27,57.19,54.75,56.26,7890695.0,457141807.0,129136134791.95999
2022-09-27,300124,56.3,56.81,55.49,56.41,7810263.0,449096063.0,129480436608.85999
2022-09-28,300124,56.51,56.52,54.14,54.41,8484069.0,476854728.0,124889745716.85999
2022-09-29,300124,55.0,56.83,54.41,56.07,9628897.0,553274351.0,128700019157.22
2022-09-30,300124,56.8,56.8,55.66,55.98,7231711.0,416601534.0,128493438067.07999
2022-10-10,300124,56.94,57.81,55.99,56.4,12436330.0,727674785.0,129457483154.4
2022-10-11,300124,56.36,57.26,55.41,56.98,8938192.0,520033647.0,130788783513.07999
2022-10-12,300124,57.05,59.96,56.67,59.96,27636798.0,1673496031.0,137628912942.16
2022-10-13,300124,59.89,60.46,59.07,59.85,13134068.0,807116523.0,137376424943.1
2022-10-14,300124,60.24,61.18,60.06,60.54,13345415.0,830914625.0,138960213300.84
2022-10-17,300124,59.89,64.39,59.77,64.24,29832843.0,1936097969.0,147452991451.03998
2022-10-18,300124,64.68,65.59,63.71,64.33,19406149.0,1287609970.0,147659572541.18
2022-10-19,300124,64.33,64.54,62.93,63.55,14097389.0,922595917.0,145869203093.3
2022-10-20,300124,63.17,63.27,60.47,61.32,24706431.0,1561101514.0,140750582748.72
2022-10-21,300124,60.33,62.04,59.77,61.34,19455230.0,1219242283.0,140796489657.64
2022-10-24,300124,61.27,63.9,61.03,62.7,17550281.0,1135424989.0,143918159464.2
2022-10-25,300124,61.94,65.56,61.79,64.83,22542358.0,1496688794.0,148807245264.18
2022-10-26,300124,64.46,65.2,63.86,64.38,18301358.0,1213006147.0,147796976143.37997
2022-10-27,300124,64.63,66.18,63.78,64.62,18994219.0,1276069896.0,148347943435.62003
2022-10-28,300124,63.27,64.24,62.96,63.1,11836983.0,773271928.0,144858483918.1
2022-10-31,300124,62.93,65.9,62.78,64.92,14060383.0,938283708.0,149036652550.92
2022-11-01,300124,64.42,66.09,64.42,65.73,16564461.0,1114754127.0,150903752404.23
2022-11-02,300124,65.73,69.6,65.71,69.08,26203265.0,1847754934.0,158594724115.08
2022-11-03,300124,68.62,69.31,67.7,68.01,10382872.0,728494417.0,156138204792.51
2022-11-04,300124,68.79,68.99,67.16,67.94,14607047.0,1019982049.0,155977497920.94
2022-11-07,300124,67.18,68.22,65.95,67.28,14258812.0,980457311.0,154462261703.28
2022-11-08,300124,67.26,67.93,66.37,67.42,10109682.0,697939793.0,154783675446.42
2022-11-09,300124,66.68,67.55,65.88,66.59,10760300.0,737520261.0,152878151112.09
2022-11-10,300124,65.72,67.22,65.61,66.67,13654934.0,930463583.0,153250198126.80002
2022-11-11,300124,68.64,70.06,67.65,69.31,22568751.0,1601953176.0,159318602552.4
2022-11-14,300124,69.36,70.86,67.75,68.04,14161350.0,1004612658.0,156399332241.6
2022-11-15,300124,68.99,70.55,68.03,70.0,12848650.0,917576376.0,160908932800.0
2022-11-16,300124,70.38,71.35,69.11,69.27,10145148.0,727235775.0,159230882500.8
2022-11-17,300124,68.98,69.6,67.07,67.4,11733618.0,815004585.0,154932315296.0
2022-11-18,300124,67.19,70.3,67.19,69.11,12466621.0,888232570.0,158863090654.4
2022-11-21,300124,68.68,70.86,68.32,70.35,10428368.0,753399851.0,161713477464.0
2022-11-22,300124,70.38,70.52,68.54,68.87,6763922.0,480140781.0,158311402884.80002
2022-11-23,300124,68.17,69.83,67.75,68.91,8167486.0,578054429.0,158403350846.4
2022-11-24,300124,69.12,70.07,66.68,67.29,13585237.0,943304402.0,155253722566.32
2022-11-25,300124,67.63,67.89,66.27,66.59,9274053.0,636411010.0,153638659320.72
2022-11-28,300124,65.51,66.85,64.69,66.61,7879363.0,534611393.0,153684803984.88
2022-11-29,300124,66.48,68.5,66.15,67.87,11172722.0,777105619.0,156591917826.96002
2022-11-30,300124,67.89,68.79,67.5,68.39,8008095.0,561404962.0,157791679095.12
2022-12-01,300124,68.99,70.36,67.97,68.05,15169305.0,1071807889.0,157007219804.4
2022-12-02,300124,68.34,70.06,66.38,68.73,8792761.0,624445254.0,158576138385.84
2022-12-05,300124,68.6,70.84,68.56,70.38,12585137.0,908056079.0,162383073179.03998
2022-12-06,300124,70.1,70.56,69.11,69.55,8524782.0,612378587.0,160468069616.4
2022-12-07,300124,69.12,69.88,68.52,69.02,8438538.0,598779145.0,159245236016.16
2022-12-08,300124,68.53,69.97,68.02,69.28,8554094.0,608663054.0,159845116650.24
2022-12-09,300124,69.26,69.55,66.4,67.52,16659763.0,1155958767.0,155784386204.16
2022-12-12,300124,66.84,68.26,66.31,68.04,10011968.0,695530851.0,156984147472.32
2022-12-13,300124,69.11,69.11,67.09,67.65,8113288.0,566182926.0,156084326521.2
2022-12-14,300124,67.26,67.99,66.74,66.93,10605253.0,732328930.0,154423118611.44
2022-12-15,300124,67.46,68.32,66.95,68.1,7223388.0,504356736.0,157122581464.8
2022-12-16,300124,67.66,68.57,67.35,68.14,6638617.0,463466327.0,157214870793.12
2022-12-19,300124,67.67,68.69,67.31,68.06,6308636.0,440807730.0,157030292136.48
2022-12-20,300124,67.65,68.04,65.31,65.67,11837420.0,805540842.0,151516004769.36002
2022-12-21,300124,65.25,66.63,65.18,65.79,6286876.0,424544076.0,151792872754.32
2022-12-22,300124,66.19,67.07,65.6,66.02,7224513.0,491410398.0,152323536392.16
2022-12-23,300124,65.89,66.0,64.25,64.91,5769280.0,385273761.0,149762507531.28
2022-12-26,300124,64.91,67.39,64.55,66.68,5966853.0,408641305.0,153846310309.44
2022-12-27,300124,67.29,67.41,66.04,67.07,9341041.0,643512052.0,154746131260.56
2022-12-28,300124,66.97,67.27,66.39,67.02,8548812.0,588543413.0,154630769600.16
2022-12-29,300124,67.09,68.44,66.7,68.02,8872624.0,619343821.0,156938002808.16
2022-12-30,300124,68.02,68.77,67.61,67.65,5633661.0,394037018.0,156090354136.2
2023-01-03,300124,67.74,68.64,66.68,68.15,10126470.0,707138839.0,157291502210.2
2023-01-04,300124,68.17,68.62,64.65,64.92,14753288.0,999526373.0,149836600491.36002
2023-01-05,300124,65.04,66.07,64.39,64.88,12544952.0,838395737.0,149744279727.03998
2023-01-06,300124,63.89,65.7,63.89,65.33,10066290.0,675094709.0,151055202319.36
2023-01-09,300124,65.37,67.05,64.99,66.24,9139940.0,621399781.0,153159292846.08
2023-01-10,300124,66.0,66.48,65.22,66.09,8214591.0,555756565.0,152812464737.28
2023-01-11,300124,66.48,66.48,63.6,63.93,15254106.0,1007152877.0,147818139970.56
2023-01-12,300124,64.24,65.7,64.06,65.01,16701231.0,1116279010.0,150315302353.92
2023-01-13,300124,65.01,67.17,63.97,67.17,22079694.0,1482127833.0,155309627120.64
2023-01-16,300124,66.19,67.21,65.12,65.47,22116886.0,1503968200.0,151378908554.24
2023-01-17,300124,65.48,67.03,65.22,66.71,13098933.0,894604298.0,154246020920.31998
2023-01-18,300124,67.26,67.73,64.93,65.02,13751193.0,923409609.0,150338424227.84
2023-01-19,300124,65.15,66.09,64.37,66.01,9121959.0,612064022.0,152627489745.92
2023-01-20,300124,67.36,69.87,67.25,69.22,17719576.0,1254250578.0,160049611274.24
2023-01-30,300124,71.06,71.29,69.6,70.49,16770520.0,1215057205.0,162986089262.08
2023-01-31,300124,70.86,71.0,68.98,69.29,9615228.0,688152890.0,160211464391.68002
2023-02-01,300124,69.31,70.25,68.97,69.6,7447683.0,531913099.0,160928242483.19998
2023-02-02,300124,69.62,71.04,69.62,69.82,8659037.0,623873498.0,161436923709.43997
2023-02-03,300124,69.76,71.25,68.39,69.9,14172858.0,1010849131.0,161621898700.80002
2023-02-06,300124,69.89,70.77,68.82,69.4,9348084.0,669388159.0,160465805004.80002
2023-02-07,300124,69.69,70.07,68.65,69.44,8427513.0,601191403.0,160558292500.47998
2023-02-08,300124,71.06,72.35,68.84,68.99,10091803.0,724466016.0,159517808174.08
2023-02-09,300124,68.92,71.05,68.83,71.05,11051580.0,797953490.0,164280914201.6
2023-02-10,300124,71.07,71.53,70.21,70.55,6801238.0,494097473.0,163124820505.6
2023-02-13,300124,71.05,72.95,70.16,72.52,17066220.0,1258905906.0,167679829667.84
2023-02-14,300124,72.69,73.02,71.41,72.91,10971966.0,816268179.0,168581582750.72
2023-02-15,300124,72.85,72.91,71.2,71.64,8356097.0,615981074.0,165645104762.88
2023-02-16,300124,71.41,72.87,71.01,71.72,8226603.0,609614387.0,165830079754.24
2023-02-17,300124,71.15,71.62,69.35,69.42,10269601.0,739714475.0,160512048752.64
2023-02-20,300124,69.42,71.41,69.4,71.15,8847204.0,644631283.0,164512132940.80002
2023-02-21,300124,70.84,71.3,70.64,71.15,5614586.0,409146979.0,164512132940.80002
2023-02-22,300124,70.87,71.35,70.72,71.09,6386525.0,466007805.0,164373401697.28
2023-02-23,300124,71.06,72.52,71.02,71.34,9344625.0,687896123.0,164951448545.28
2023-02-24,300124,71.5,72.27,71.07,71.41,6552962.0,481084905.0,165113301662.72
2023-02-27,300124,71.41,71.69,70.01,70.46,6691103.0,484734469.0,162916723640.31998
2023-02-28,300124,70.46,72.02,70.34,71.35,13186715.0,970632993.0,164974570419.19998
2023-03-01,300124,71.88,72.64,71.17,72.33,8206700.0,608677725.0,167240514063.36
2023-03-02,300124,72.42,75.34,72.42,74.95,16119208.0,1236060114.0,173298445030.4
2023-03-03,300124,74.83,75.29,73.33,73.98,8865330.0,675203729.0,171055623260.16
2023-03-06,300124,73.82,74.46,71.06,71.54,17527886.0,1294258118.0,165413886023.68002
2023-03-07,300124,71.4,71.72,70.16,70.41,9388838.0,682789659.0,162801114270.72
2023-03-08,300124,70.28,71.03,69.8,70.44,6513315.0,470469011.0,162870479892.47998
2023-03-09,300124,70.19,71.54,70.19,70.82,5976867.0,435714145.0,163749111101.43997
2023-03-10,300124,70.67,71.25,70.29,70.42,5871016.0,426951113.0,162824236144.64
2023-03-13,300124,70.41,71.29,69.98,70.91,7715768.0,560667260.0,163957207966.72
2023-03-14,300124,70.66,70.94,68.92,69.6,8866011.0,633622056.0,160928242483.19998
2023-03-15,300124,70.09,70.34,68.31,68.54,9939114.0,705021707.0,158477323847.68002
2023-03-16,300124,67.82,68.51,66.77,68.03,12077932.0,840689742.0,157298108277.76
2023-03-17,300124,68.81,68.81,66.19,66.19,21366944.0,1465146866.0,153043683476.47998
2023-03-20,300124,66.19,67.07,65.57,65.91,9765850.0,662178648.0,152396271006.72
2023-03-21,300124,65.91,66.96,65.66,66.92,10559721.0,721552958.0,154731580272.64
2023-03-22,300124,67.65,67.65,66.05,66.6,8568534.0,585678275.0,153991680307.19998
2023-03-23,300124,66.57,67.04,65.96,66.19,12687644.0,864591327.0,153043683476.47998
2023-03-24,300124,66.27,67.6,65.05,67.26,14575242.0,1000585400.0,155517723985.92
2023-03-27,300124,66.92,68.7,66.68,67.85,14904298.0,1038713025.0,156881914547.19998
2023-03-28,300124,68.58,69.36,67.9,68.1,9932613.0,700389138.0,157459961395.19998
2023-03-29,300124,68.14,68.9,67.65,67.91,6701889.0,468365918.0,157020645790.72
2023-03-30,300124,67.91,69.5,67.68,68.98,8578015.0,607393667.0,159494686300.16
2023-03-31,300124,69.34,69.45,68.17,68.43,8400241.0,591385328.0,158222983234.56003
2023-04-03,300124,68.74,69.24,67.85,68.72,9947794.0,700110767.0,158893517578.24
2023-04-04,300124,68.77,68.79,67.02,67.84,9446887.0,656933682.0,156858792673.28
2023-04-06,300124,67.31,68.08,66.35,67.51,7935432.0,548533765.0,156095770833.92
2023-04-07,300124,67.48,67.81,66.49,66.7,9430855.0,649720357.0,154222899046.4
2023-04-10,300124,66.77,68.09,66.25,67.26,7135749.0,492789886.0,155517723985.92
2023-04-11,300124,68.28,68.71,67.05,68.04,8838236.0,618477789.0,157321230151.68002
2023-04-12,300124,67.94,69.27,66.8,68.6,8389686.0,590593089.0,158616055091.19998
2023-04-13,300124,68.24,68.7,66.69,66.77,5857449.0,405049193.0,154384752163.84
2023-04-14,300124,66.97,67.46,66.2,66.69,7091202.0,485531421.0,154199777172.47998
2023-04-17,300124,66.69,67.65,65.54,65.92,16102561.0,1093436855.0,152419392880.64
2023-04-18,300124,65.87,65.92,63.07,63.28,30413011.0,1993603670.0,146315218165.76
2023-04-19,300124,62.2,63.26,60.07,62.36,29840315.0,1899673391.0,144188005765.12
2023-04-20,300124,61.99,62.36,60.74,60.93,13907650.0,878891780.0,140881577794.56
2023-04-21,300124,60.37,61.31,59.62,59.77,13169992.0,817943931.0,138199440419.84
2023-04-24,300124,59.67,60.35,59.18,59.46,10498956.0,645771503.0,137482662328.32
2023-04-25,300124,60.08,61.11,58.7,59.82,16107865.0,989468250.0,138315049789.44
2023-04-26,300124,59.67,60.57,59.2,59.43,14039133.0,864137318.0,137413296706.56
2023-04-27,300124,59.51,60.03,58.78,59.57,8414625.0,514323278.0,137737002941.44
2023-04-28,300124,59.71,60.16,59.35,60.16,8883320.0,546371043.0,139099839902.72
2023-05-04,300124,60.82,60.84,57.59,58.35,22474127.0,1355358299.0,134914821448.2
2023-05-05,300124,58.55,58.78,56.22,57.2,21457270.0,1260361415.0,132255831822.40001
2023-05-08,300124,56.89,57.78,56.33,56.78,15133711.0,884161425.0,131284722567.76001
2023-05-09,300124,56.32,56.98,55.77,56.24,10822939.0,626946763.0,130036153526.08
2023-05-10,300124,55.79,56.81,55.29,55.97,10371967.0,598230761.0,129411869005.23999
2023-05-11,300124,56.18,56.73,54.91,55.34,8600843.0,490876126.0,127955205123.28001
2023-05-12,300124,55.66,55.66,54.68,54.78,9041132.0,512094245.0,126660392783.76001
2023-05-15,300124,54.53,55.86,54.52,55.86,8338261.0,474020440.0,129335997366.66
2023-05-16,300124,55.87,56.79,55.78,56.35,13162281.0,761714106.0,130470523659.35
2023-05-17,300124,56.77,57.53,56.16,57.14,11611856.0,681265588.0,132299657886.34
2023-05-18,300124,57.43,58.21,56.75,57.6,12738533.0,753260091.0,133364723385.6
2023-05-19,300124,57.92,58.0,56.78,56.86,8484020.0,499126825.0,131651357147.66
2023-05-22,300124,57.27,59.05,57.2,58.7,15329268.0,920156251.0,135911619144.70001
2023-05-23,300124,59.05,60.29,58.94,58.95,15633576.0,955801401.0,136490459089.95001
2023-05-24,300124,58.29,59.75,58.11,58.6,12546677.0,759336598.0,135680083166.6
2023-05-25,300124,58.52,58.87,57.97,58.37,9778424.0,586064325.0,135147550416.97
2023-05-26,300124,58.36,58.6,57.44,58.32,6727731.0,402388162.0,135031782427.92
2023-05-29,300124,59.17,59.17,57.77,58.53,9785451.0,586772404.0,135518007981.93001
2023-05-30,300124,58.43,59.43,58.41,58.84,11499539.0,696927702.0,136235769514.04001
2023-05-31,300124,58.63,59.0,57.34,57.52,21424598.0,1269605586.0,133179494603.12001
2023-06-01,300124,57.76,58.78,56.91,57.81,10467204.0,623703559.0,133850948939.61
2023-06-02,300124,57.31,58.07,55.87,57.24,12848201.0,748574382.0,132531193864.44
2023-06-05,300124,57.27,58.21,57.13,57.44,9431399.0,559014427.0,132994265820.64
2023-06-06,300124,57.46,57.67,56.16,56.21,7603437.0,442238247.0,130146373290.01
2023-06-07,300124,56.16,56.83,55.72,56.19,8521517.0,492414592.0,130100066094.39
2023-06-08,300124,55.51,56.44,55.05,55.85,6961321.0,399929472.0,129312843768.85
2023-06-09,300124,53.83,55.97,53.4,55.52,21387339.0,1207780881.0,128548775041.12001
2023-06-12,300124,55.52,58.23,54.86,57.56,14758167.0,856969041.0,133272108994.36
2023-06-13,300124,57.7,58.18,56.95,57.83,9569659.0,561241975.0,133897256135.23
2023-06-14,300124,57.89,58.44,57.14,57.84,10677715.0,631149110.0,133920409733.04001
2023-06-15,300124,58.19,62.07,57.87,61.64,25547967.0,1582165772.0,142718776900.84
2023-06-16,300124,61.69,63.18,61.21,62.25,18499530.0,1173058366.0,144131146367.25
2023-06-19,300124,62.25,63.45,61.71,62.54,13317852.0,851004367.0,144802600703.74
2023-06-20,300124,62.1,63.82,61.91,63.13,12787733.0,824733735.0,146168662974.53
2023-06-21,300124,63.54,63.65,61.94,61.98,15344942.0,982717320.0,143505999226.38
2023-06-26,300124,62.2,63.65,61.62,62.3,18918808.0,1207368010.0,144246914356.3
2023-06-27,300124,61.89,62.76,61.13,61.97,10962274.0,691309282.0,143482845628.57
2023-06-28,300124,61.73,62.09,61.03,61.97,5858027.0,368399017.0,143482845628.57
2023-06-29,300124,61.89,63.52,61.19,62.69,12600816.0,806452882.0,145149904670.88998
2023-06-30,300124,62.2,63.67,61.43,62.9,13923201.0,891557071.0,145636130224.9
2023-07-03,300124,62.89,64.83,62.89,63.38,16515188.0,1078731533.0,146747502919.78
2023-07-04,300124,63.48,66.18,62.49,64.75,17239820.0,1139300071.0,149919545819.75
2023-07-05,300124,68.81,74.19,68.71,69.06,46243428.0,3330424766.0,159898746475.86002
2023-07-06,300124,67.76,68.57,66.33,66.5,23567803.0,1615489449.0,153971425436.5
2023-07-07,300124,65.83,67.34,65.51,65.84,13426801.0,906401232.0,152443287981.04
2023-07-10,300124,65.84,66.1,64.27,64.72,10099186.0,669986473.0,149850085026.32
2023-07-11,300124,64.72,67.45,64.56,67.14,16598796.0,1124646411.0,155453255696.34
2023-07-12,300124,67.12,67.83,66.34,66.69,8376172.0,572868658.0,154411343794.88998
2023-07-13,300124,66.82,67.18,65.61,66.27,11273896.0,762686893.0,153438892686.87
2023-07-14,300124,66.27,68.28,66.21,67.08,17710888.0,1217032512.0,155314334109.48
2023-07-17,300124,66.5,67.04,65.35,66.46,6062107.0,409385554.0,153878811045.25998
2023-07-18,300124,66.59,66.78,65.83,66.05,6902604.0,467191328.0,152929513535.05
2023-07-19,300124,65.86,66.39,65.49,65.64,5255373.0,352987211.0,151980216024.84
2023-07-20,300124,66.03,66.22,64.98,65.14,6661822.0,445810030.0,150926626597.34
2023-07-21,300124,64.54,65.71,64.53,64.78,5358404.0,355827505.0,150092521814.18
2023-07-24,300124,64.78,66.07,64.31,65.3,6157348.0,411738924.0,151297339834.3
2023-07-25,300124,66.6,68.79,66.13,66.67,13653539.0,938448937.0,154471571925.77
2023-07-26,300124,66.41,67.56,66.13,67.06,4989281.0,341455235.0,155375185440.86002
2023-07-27,300124,67.59,68.65,66.9,67.2,6660785.0,459189384.0,155699559523.2
2023-07-28,300124,66.62,68.43,66.61,68.19,6694329.0,463880014.0,157993347676.88998
2023-07-31,300124,68.05,71.02,68.05,69.56,10811941.0,772025461.0,161167579768.36002
2023-08-01,300124,69.65,70.04,68.35,68.57,6599018.0,465343934.0,158873791614.66998
2023-08-02,300124,68.23,69.92,68.13,68.84,5436830.0,384334101.0,159499370202.04
2023-08-03,300124,68.09,70.33,68.09,70.15,6694672.0,475218704.0,162534584829.65002
2023-08-04,300124,70.19,70.98,69.82,69.96,7136203.0,512790433.0,162094362860.75998
2023-08-07,300124,69.55,70.52,69.01,69.46,6406334.0,454957285.0,160935883995.25998
2023-08-08,300124,69.04,70.54,68.15,68.38,11487243.0,805238846.0,158433569645.78
2023-08-09,300124,68.54,69.05,67.49,67.7,7334323.0,507690271.0,156858038388.7
2023-08-10,300124,67.7,68.23,67.47,67.89,5544046.0,383488347.0,157298260357.59
2023-08-11,300124,67.9,68.08,66.12,66.12,7102661.0,482627548.0,153197245173.72
2023-08-14,300124,65.92,66.46,65.14,65.93,5339200.0,358114099.0,152757023204.83002
2023-08-15,300124,65.75,66.59,65.37,65.72,6327271.0,425204280.0,152270462081.32
2023-08-16,300124,65.37,66.32,65.15,65.46,5366487.0,359691587.0,151668053071.25998
2023-08-17,300124,65.63,68.39,65.21,67.05,9357737.0,641070235.0,155352015863.55
2023-08-18,300124,66.91,67.39,66.44,66.53,4260471.0,290641309.0,154147197843.43
2023-08-21,300124,65.53,66.47,64.7,64.7,9118608.0,610438048.0,149907165195.7
2023-08-22,300124,65.83,67.13,65.14,66.62,11939501.0,804670310.0,154355724039.22
2023-08-23,300124,66.9,67.1,65.22,65.29,7981615.0,539272715.0,151274170256.99002
2023-08-24,300124,65.41,66.12,64.21,64.81,6981660.0,462524621.0,150162030546.11002
2023-08-25,300124,63.85,64.63,62.91,63.52,10704177.0,692839889.0,147173155073.12
2023-08-28,300124,66.61,66.98,64.35,64.83,12929511.0,858361784.0,150208369700.73
2023-08-29,300124,64.46,67.2,63.42,65.64,18677577.0,1255313215.0,152085105462.84
2023-08-30,300124,65.65,67.36,65.63,66.52,9425019.0,641391301.0,154124028266.12
2023-08-31,300124,66.22,67.59,66.22,66.88,6517531.0,445435674.0,154958133049.28
2023-09-01,300124,67.39,67.72,66.67,66.81,3258193.0,223725549.0,154795946008.11002
2023-09-04,300124,67.15,68.08,66.37,67.57,6152114.0,423278923.0,156556833883.66998
2023-09-05,300124,67.11,68.56,67.11,68.32,6186623.0,430973069.0,158294552181.91998
2023-09-06,300124,68.08,69.12,67.99,68.6,6247632.0,437848839.0,158943300346.59998
2023-09-07,300124,68.6,68.8,67.8,67.88,4883445.0,340349600.0,157275090780.28
2023-09-08,300124,67.59,68.81,67.51,68.68,5956065.0,416071726.0,159128656965.08002
2023-09-11,300124,68.08,68.51,67.05,67.98,6859166.0,474050892.0,157506786553.38
2023-09-12,300124,67.81,68.2,67.67,68.06,3281068.0,227745022.0,157692143171.86002
2023-09-13,300124,67.59,68.24,67.37,67.88,5792282.0,400714019.0,157387040512.68
2023-09-14,300124,67.68,68.05,67.5,67.83,4568357.0,316125559.0,157271110164.63
2023-09-15,300124,68.19,68.77,67.39,68.09,7396868.0,516174524.0,157873947974.49002
2023-09-18,300124,68.08,68.81,67.16,67.16,5837659.0,403901552.0,155717643500.75998
2023-09-19,300124,67.24,67.62,66.33,67.0,6158274.0,422286418.0,155346666387.0
2023-09-20,300124,67.47,67.53,66.39,66.43,5910959.0,402235142.0,154025060419.23
2023-09-21,300124,66.12,66.61,65.83,66.04,5329306.0,360103245.0,153120803704.44
2023-09-22,300124,66.61,66.85,65.02,66.74,6143018.0,415422828.0,154743828577.13998
2023-09-25,300124,68.03,68.18,66.39,67.16,6214390.0,426467039.0,155717643500.75998
2023-09-26,300124,66.69,67.77,66.63,67.39,4799056.0,330456085.0,156250923101.79
2023-09-27,300124,67.59,67.74,66.54,67.18,6501323.0,445717241.0,155764015639.98
2023-09-28,300124,67.29,67.59,63.4,65.13,15900650.0,1053484247.0,151010871369.93
2023-10-09,300124,64.95,66.87,64.67,66.48,9085235.0,611964849.0,154190089704.24002
2023-10-10,300124,65.71,67.59,64.88,64.88,6748788.0,453193101.0,150496245869.19998
2023-10-11,300124,64.91,65.91,64.46,65.49,8781977.0,584602966.0,151911207490.34998
2023-10-12,300124,65.44,65.85,64.55,64.85,5618249.0,373080802.0,150426657592.75
2023-10-13,300124,64.65,64.83,63.7,64.37,6106508.0,401081680.0,149313245169.55002
2023-10-16,300124,64.35,65.05,64.04,64.47,5933417.0,390843396.0,149545206091.05
2023-10-17,300124,64.16,64.46,63.72,63.8,6547314.0,427245481.0,147991067917.0
2023-10-18,300124,63.97,63.97,62.48,63.42,8513282.0,547789449.0,147109616415.30002
2023-10-19,300124,63.38,63.52,61.91,62.34,6765194.0,431600615.0,144604438463.1
2023-10-20,300124,62.2,62.33,61.12,61.27,8838194.0,555386418.0,142122456603.05002
2023-10-23,300124,61.27,61.58,59.92,60.93,9251417.0,572801811.0,141333789469.95
2023-10-24,300124,60.02,61.42,59.75,60.89,12686968.0,785175688.0,141241005101.35
2023-10-25,300124,60.73,61.92,60.62,61.19,7704640.0,481179535.0,141936887865.85
2023-10-26,300124,60.6,61.61,60.55,61.35,7024385.0,438287360.0,142308025340.25
2023-10-27,300124,60.81,62.01,59.95,60.13,15304659.0,942713541.0,139478102097.95
2023-10-30,300124,59.75,60.3,58.66,59.83,15580980.0,949509103.0,138782219333.44998
2023-10-31,300124,59.91,60.19,58.68,59.2,10382091.0,626341858.0,137320865528.0
2023-11-01,300124,59.2,59.2,58.22,58.49,8695136.0,520262956.0,135673942985.35
2023-11-02,300124,58.81,59.91,58.77,58.87,8956000.0,541471390.0,136555394487.04999
2023-11-03,300124,60.07,61.7,59.13,61.19,15754510.0,981327390.0,141936887865.85
2023-11-06,300124,61.38,62.95,60.77,62.44,13956466.0,884175698.0,144836399384.6
2023-11-07,300124,62.4,63.13,62.01,62.89,7224514.0,462164969.0,145880223531.35
2023-11-08,300124,62.69,62.82,61.22,61.52,7588254.0,477789113.0,142702358906.80002
2023-11-09,300124,61.27,61.89,61.16,61.7,5728036.0,360056755.0,143119888565.5
2023-11-10,300124,61.04,61.61,60.61,60.77,5590754.0,347519686.0,140962651995.55002
2023-11-13,300124,60.64,61.09,60.05,60.6,5726693.0,353131372.0,140568318429.0
2023-11-14,300124,60.33,60.93,59.55,59.87,5956956.0,365658761.0,138875003702.05
2023-11-15,300124,60.24,60.8,59.99,60.47,6082130.0,374708835.0,140266769231.05
2023-11-16,300124,61.6,61.6,59.78,59.8,8382845.0,516758686.0,138719983467.0
2023-11-17,300124,59.46,60.19,59.37,60.15,5330444.0,326154652.0,139531889724.75
2023-11-20,300124,60.0,61.05,59.38,60.84,7337869.0,451756228.0,141132504918.6
2023-11-21,300124,61.6,61.91,60.62,60.65,8555107.0,535341312.0,140691755807.25
2023-11-22,300124,60.17,60.72,59.52,59.52,4878327.0,298978409.0,138070458460.80002
2023-11-23,300124,59.47,60.72,59.34,60.63,5098429.0,312861744.0,140645361163.95
2023-11-24,300124,61.01,61.83,60.62,61.27,9042206.0,565436534.0,142129989749.55002
2023-11-27,300124,63.67,63.67,61.83,62.5,10965574.0,699831177.0,144983260312.5
2023-11-28,300124,62.2,63.61,61.73,63.38,7506758.0,482698776.0,147024624617.7
2023-11-29,300124,63.38,64.15,63.04,63.76,7400664.0,481815007.0,147906122840.4
2023-11-30,300124,63.63,65.06,63.47,64.66,10420495.0,687310493.0,149993881788.9
2023-12-01,300124,64.22,64.6,63.18,64.35,9243527.0,603483919.0,149274764817.75
2023-12-04,300124,64.16,64.71,63.38,63.98,6484024.0,423295629.0,148416463916.69998
2023-12-05,300124,63.62,63.62,61.56,61.71,11643112.0,742841038.0,143310020328.09
2023-12-06,300124,61.61,61.61,58.32,58.82,17939120.0,1090004604.0,136598531772.78
2023-12-07,300124,58.24,58.78,56.43,57.43,22539632.0,1318384585.0,133370514785.97
2023-12-08,300124,57.43,57.9,56.93,57.9,14421999.0,847863978.0,134462002544.09999
2023-12-11,300124,57.6,59.93,56.42,59.79,11127252.0,665330531.0,138851176720.41
2023-12-12,300124,59.42,60.49,58.63,60.24,6862575.0,420756584.0,139896218190.96
2023-12-13,300124,60.34,60.5,59.51,60.0,6073386.0,372444459.0,139339018740.0
2023-12-14,300124,60.19,60.48,59.33,59.35,5508803.0,336465851.0,137829512703.65
2023-12-15,300124,59.52,60.04,58.88,59.15,5918229.0,358170018.0,137365049307.84999
2023-12-18,300124,58.74,59.17,57.84,58.09,8342239.0,497127477.0,134903393310.11
2023-12-19,300124,58.09,58.75,58.01,58.36,6147550.0,365947726.0,135530418894.44
2023-12-20,300124,58.36,58.48,57.49,57.49,5839667.0,344869119.0,133510003122.71
2023-12-21,300124,58.06,59.22,57.49,58.88,8924151.0,533379277.0,136738023723.52
2023-12-22,300124,58.87,59.13,57.99,58.48,6812046.0,407309859.0,135809096931.92
2023-12-25,300124,58.47,59.54,58.04,59.22,5872911.0,353088788.0,137527611496.38
2023-12-26,300124,59.27,59.51,58.22,58.71,3472002.0,208069646.0,136343229837.09
2023-12-27,300124,58.7,59.49,58.24,59.1,5999591.0,361452811.0,137248933458.90001
2023-12-28,300124,58.67,62.4,58.4,61.41,13314235.0,824708392.0,143111537238.27
2023-12-29,300124,61.54,62.15,60.58,61.85,10027323.0,628532067.0,144136925226.95
2024-01-02,300124,61.72,62.82,60.87,60.98,8221355.0,519111768.0,142110092287.56
2024-01-03,300124,60.86,61.11,59.28,59.8,6623692.0,404938898.0,139360175775.6
2024-01-04,300124,59.64,59.8,58.92,59.21,7042684.0,426438545.0,137985217519.62
2024-01-05,300124,58.77,59.66,58.37,58.77,7864373.0,472482179.0,136959824921.94
2024-01-08,300124,58.44,58.95,57.5,57.6,7084360.0,419238662.0,134233212787.2
2024-01-09,300124,57.69,59.05,57.33,58.57,6428950.0,383257072.0,136493737377.54
2024-01-10,300124,58.31,58.72,56.1,56.1,10165022.0,594251749.0,130737556204.2
2024-01-11,300124,56.1,56.51,55.32,55.52,11836470.0,675046735.0,129385902325.44
2024-01-12,300124,55.42,55.61,53.53,54.71,21053341.0,1171921778.0,127498247770.62
2024-01-15,300124,54.56,54.56,53.46,53.93,9125427.0,503501362.0,125680506347.46
2024-01-16,300124,53.98,54.23,52.68,53.62,15195091.0,827596644.0,124958070653.64
2024-01-17,300124,53.58,53.88,52.09,52.19,14515484.0,786668553.0,121625544711.18
2024-01-18,300124,51.92,53.0,51.15,52.75,19698569.0,1045489423.0,122930589835.5
2024-01-19,300124,52.75,52.86,51.99,52.64,12383470.0,663305774.0,122674241686.08
2024-01-22,300124,52.91,53.5,52.08,52.37,18497461.0,1002093272.0,122045023501.14
2024-01-23,300124,51.97,53.8,51.54,53.37,15236804.0,823685534.0,124375461223.14
2024-01-24,300124,53.24,54.54,52.82,54.37,14003567.0,767851766.0,126705898945.14
2024-01-25,300124,54.18,55.38,53.61,54.6,10977660.0,611544278.0,127241899621.2
2024-01-26,300124,53.75,56.48,53.45,55.71,14897663.0,835663917.0,129828685492.62
2024-01-29,300124,55.44,56.18,54.54,54.58,10889589.0,615104859.0,127195290866.76
2024-01-30,300124,53.98,54.71,53.28,53.33,10066109.0,553585960.0,124282243714.26
2024-01-31,300124,53.88,55.72,52.91,54.82,14217989.0,788441342.0,127754595920.04
2024-02-01,300124,54.76,56.42,54.38,55.35,12794928.0,723741767.0,128989727912.7
2024-02-02,300124,54.88,57.6,54.77,56.07,12812110.0,731133024.0,130667643072.54
2024-02-05,300124,55.84,59.21,55.05,58.14,23328878.0,1371706985.0,135491649157.08
2024-02-06,300124,57.16,59.26,56.88,58.87,19475791.0,1157569085.0,137192868694.14
2024-02-07,300124,58.38,61.27,57.99,60.73,20620312.0,1263868947.0,141527482857.06
2024-02-08,300124,60.73,63.65,60.45,60.78,20977798.0,1330444031.0,141644004743.16
2024-02-19,300124,60.93,63.13,60.73,61.1,14265561.0,893962830.0,142389744814.2
2024-02-20,300124,60.73,62.28,60.44,61.71,10335754.0,647858833.0,143811311824.62
2024-02-21,300124,61.42,61.97,58.96,60.54,18113303.0,1119242773.0,141084699689.88
2024-02-22,300124,60.21,61.27,59.76,60.35,10006568.0,616720445.0,140641916522.7
2024-02-23,300124,59.87,60.52,58.43,59.46,14887467.0,897936222.0,138921400607.64
2024-02-26,300124,61.22,61.6,59.07,59.56,19022889.0,1164558549.0,139155039021.04
2024-02-27,300124,59.24,61.0,58.98,60.74,16040389.0,985365717.0,141911972299.16
2024-02-28,300124,61.01,61.15,60.23,60.24,15641813.0,969300045.0,140743780232.16
2024-02-29,300124,59.85,62.15,59.85,61.92,14868702.0,932303431.0,144668905577.28
2024-03-01,300124,61.92,62.77,61.55,62.55,14004114.0,891089159.0,146140827581.69998
2024-03-04,300124,62.33,64.11,62.25,63.52,14453963.0,934205912.0,148407120191.68
2024-03-05,300124,63.51,65.53,63.18,65.39,20269679.0,1343107520.0,152776158522.26
2024-03-06,300124,64.86,65.62,64.62,65.14,11609385.0,771860678.0,152192062488.76
2024-03-07,300124,65.44,66.81,65.05,65.5,11628023.0,780848697.0,153033160777.0
2024-03-08,300124,65.48,65.83,64.94,65.58,7581231.0,505469806.0,153220071507.72
2024-03-11,300124,65.52,65.75,63.78,64.75,14832854.0,974731536.0,151280872676.5
2024-03-12,300124,64.62,65.03,63.82,64.36,10614234.0,697666705.0,150369682864.24
2024-03-13,300124,64.24,64.44,63.68,64.0,10191954.0,665585405.0,149528584576.0
2024-03-14,300124,64.15,64.46,62.33,62.77,15214402.0,981053889.0,146654832091.18
2024-03-15,300124,62.7,62.88,61.55,62.67,12422415.0,788665218.0,146421193677.78
2024-03-18,300124,62.77,63.16,61.77,63.03,11639086.0,744023030.0,147262291966.02
2024-03-19,300124,63.03,63.03,61.48,61.65,11918299.0,754890025.0,144038081861.1
2024-03-20,300124,61.35,62.0,61.11,61.6,7614665.0,478056010.0,143921262654.4
2024-03-21,300124,61.45,61.91,60.02,60.04,13853867.0,856579500.0,140276503405.36
2024-03-22,300124,60.05,60.71,59.75,60.14,12922857.0,794262323.0,140510141818.76
2024-03-25,300124,60.15,60.73,59.44,59.46,10469342.0,640443033.0,138921400607.64
2024-03-26,300124,59.48,59.83,58.79,59.23,10715557.0,648802986.0,138384032256.82
2024-03-27,300124,59.19,59.74,58.26,58.33,9586369.0,575860671.0,136281286536.22
2024-03-28,300124,58.75,59.54,57.51,59.0,12937635.0,775741108.0,137846663906.0
2024-03-29,300124,60.62,61.11,59.63,59.97,13993327.0,860932319.0,140112956515.98
2024-04-01,300124,61.12,61.14,59.88,60.21,12515883.0,771890767.0,140673688708.14
2024-04-02,300124,60.29,60.29,59.17,59.85,14182050.0,864953599.0,139832590419.9
2024-04-03,300124,59.45,60.72,59.41,60.22,12642376.0,775724003.0,140697052549.48
2024-04-08,300124,61.12,61.12,58.17,58.33,18728752.0,1133950564.0,136281286536.22
2024-04-09,300124,58.34,58.77,56.89,57.09,16683546.0,977226760.0,133384170210.06001
2024-04-10,300124,56.92,57.46,56.3,56.83,11808667.0,685074481.0,132776710335.22
2024-04-11,300124,56.33,57.94,56.21,57.45,9692636.0,566950445.0,134225268498.3
2024-04-12,300124,57.25,58.81,57.23,57.43,11179903.0,662036300.0,134178540815.62
2024-04-15,300124,57.45,59.05,56.54,58.97,13485351.0,802753092.0,137776572381.98
2024-04-16,300124,58.87,60.62,58.72,59.58,16733796.0,1025130941.0,139201766703.72
2024-04-17,300124,59.59,60.61,59.14,60.53,10989259.0,673188361.0,141421331631.02
2024-04-18,300124,60.1,60.69,59.85,60.01,9726512.0,599437640.0,140206411881.34
2024-04-19,300124,59.78,60.24,59.54,59.75,7416507.0,452885301.0,139598952006.5
2024-04-22,300124,59.44,60.43,59.35,60.03,7582812.0,465253760.0,140253139564.02
2024-04-23,300124,59.79,60.06,57.97,58.72,13233724.0,795246733.0,137216169692.31999
2024-04-24,300124,58.18,59.55,57.89,57.97,11735211.0,698411724.0,135463578969.06999
2024-04-25,300124,57.31,57.4,56.11,56.26,12223124.0,706791153.0,131467672120.06
2024-04-26,300124,55.97,58.19,55.93,58.08,12677264.0,743927316.0,135720625608.48
2024-04-29,300124,57.95,59.25,57.4,58.75,15529523.0,927301018.0,137286273321.25
2024-04-30,300124,58.48,58.99,58.15,58.28,10007775.0,597934113.0,136187983134.68001
2024-05-06,300124,58.33,61.87,58.33,61.66,27838817.0,1726291946.0,144086325327.46
2024-05-07,300124,61.71,62.84,61.4,62.47,17042516.0,1084383774.0,145979123308.57
2024-05-08,300124,62.57,63.87,62.33,62.47,15486430.0,996184616.0,145979123308.57
2024-05-09,300124,62.47,62.74,61.62,62.38,10372853.0,660125948.0,145768812421.78
2024-05-10,300124,62.57,63.06,61.71,61.91,7067303.0,448303480.0,144670522235.21
2024-05-13,300124,60.95,62.17,60.33,60.46,11559322.0,718761142.0,141328404863.26
2024-05-14,300124,60.46,61.14,59.8,60.19,7175626.0,441670583.0,140697265774.38998
2024-05-15,300124,60.14,60.51,59.75,59.76,4896783.0,300030633.0,139692118336.56
2024-05-16,300124,59.62,59.94,58.48,58.59,10003199.0,602104965.0,136957182284.79001
2024-05-17,300124,59.47,59.92,58.63,59.68,8997933.0,544441715.0,139505114162.08
2024-05-20,300124,59.75,60.61,59.56,59.8,9673815.0,593171885.0,139785620423.8
2024-05-21,300124,59.75,59.8,58.59,58.92,6090171.0,366350847.0,137728574504.52
2024-05-22,300124,58.77,59.1,58.33,58.74,8787574.0,526695631.0,137322100621.20001
2024-05-23,300124,58.33,59.02,58.29,58.86,5805740.0,348094205.0,137602636066.8
2024-05-24,300124,58.49,58.87,57.72,58.09,7501501.0,446754896.0,135802533624.20001
2024-05-27,300124,58.28,58.83,57.94,58.49,4729911.0,281624881.0,136737651776.20001
2024-05-28,300124,58.49,58.59,57.3,57.41,8098273.0,476470749.0,134212832765.79999
2024-05-29,300124,57.31,57.91,56.93,57.22,6598438.0,385969010.0,133768651643.59999
2024-05-30,300124,57.65,58.33,57.18,57.42,6864627.0,400177204.0,134236210719.6
2024-05-31,300124,57.45,58.03,57.17,57.2,7304009.0,425656563.0,133721895736.0
2024-06-03,300124,56.06,56.91,54.73,55.16,19963702.0,1122083892.0,128952793160.79999
2024-06-04,300124,55.17,55.26,53.99,54.77,19880750.0,1095784141.0,128041052962.6
2024-06-05,300124,54.78,55.73,54.59,54.72,10525383.0,586747668.0,127924163193.59999
2024-06-06,300124,54.48,55.02,54.01,54.82,12744347.0,703959551.0,128157942731.6
2024-06-07,300124,54.61,55.11,53.51,53.67,12190477.0,667511808.0,125469478044.6
2024-06-11,300124,53.01,54.35,52.91,54.07,11523233.0,626276271.0,126404596196.6
2024-06-12,300124,53.8,54.22,52.6,52.86,17865203.0,961593871.0,123575863786.8
2024-06-13,300124,53.45,53.98,52.7,53.55,17013025.0,920234047.0,125188942599.0
2024-06-14,300124,53.8,55.1,52.92,54.55,27535028.0,1512276533.0,127526737979.0
2024-06-17,300124,54.3,55.56,54.12,55.05,16014839.0,891713635.0,128695635669.0
2024-06-18,300124,54.83,55.57,54.72,54.95,11305322.0,630433611.0,128461856131.0
2024-06-19,300124,55.0,55.28,53.07,53.11,14634814.0,799932496.0,124160312631.8
2024-06-20,300124,52.79,53.23,50.85,51.03,20813960.0,1085534656.0,119297698241.40001
2024-06-21,300124,51.26,51.58,50.67,51.06,10761031.0,556862653.0,119367832102.8
2024-06-24,300124,51.48,51.48,50.2,50.33,12909601.0,661342983.0,117661241475.4
2024-06-25,300124,50.54,51.47,50.33,51.04,12036900.0,622224490.0,119321076195.2
2024-06-26,300124,50.89,51.41,50.03,51.22,11374053.0,585765972.0,119741879363.59999
2024-06-27,300124,51.21,51.39,50.52,50.64,9475795.0,488331654.0,118385958043.2
2024-06-28,300124,50.05,51.7,50.05,50.64,14155953.0,731292098.0,118385958043.2
2024-07-01,300124,50.36,50.69,48.59,49.26,13110227.0,653029140.0,111677537128.8
2024-07-02,300124,49.36,50.82,49.01,49.87,16957406.0,858952424.0,113060470495.59999
2024-07-03,300124,49.88,50.33,49.48,50.13,7678572.0,388678500.0,113649917504.40001
2024-07-04,300124,50.59,51.14,49.81,50.41,11296665.0,577422518.0,114284706590.79999
2024-07-05,300124,50.41,50.6,49.73,49.98,10090552.0,512061366.0,113309851922.4
2024-07-08,300124,50.05,50.1,48.59,48.93,13224584.0,658390649.0,110929392848.4
2024-07-09,300124,48.77,49.85,47.89,49.64,12403651.0,612445106.0,112539036603.2
2024-07-10,300124,49.35,50.35,49.23,50.34,12322207.0,621832168.0,114126009319.20001
2024-07-11,300124,50.56,51.72,50.56,50.86,13492890.0,697230533.0,115304903336.8
2024-07-12,300124,50.84,50.84,48.37,48.37,21193952.0,1048520672.0,109659814675.59999
2024-07-15,300124,48.03,48.59,47.78,47.83,12877613.0,625543154.0,108435578580.4
2024-07-16,300124,47.78,49.13,47.69,48.85,13224316.0,650993566.0,110748024538.0
2024-07-17,300124,48.57,48.75,47.93,48.29,11243363.0,549364921.0,109478446365.2
2024-07-18,300124,48.31,50.35,48.08,49.78,19032420.0,955264204.0,112856431146.40001
2024-07-19,300124,49.56,50.64,49.37,50.47,13064582.0,663641246.0,114420732823.59999
2024-07-22,300124,50.39,50.64,49.44,49.78,11220084.0,566351498.0,112856431146.40001
2024-07-23,300124,49.29,49.41,47.83,47.83,11068417.0,543440719.0,108435578580.4
2024-07-24,300124,47.38,47.76,46.0,46.28,18055613.0,850215043.0,104921567566.40001
2024-07-25,300124,46.22,46.26,44.71,45.11,17827515.0,818431075.0,102269056026.8
2024-07-26,300124,45.22,46.56,45.22,45.75,15031109.0,701224720.0,103720002510.0
2024-07-29,300124,44.94,45.14,42.85,43.29,21207471.0,936065237.0,98142926965.2
2024-07-30,300124,43.44,44.28,42.96,44.24,15633827.0,690825622.0,100296675651.2
2024-07-31,300124,43.89,46.27,43.58,46.05,16177539.0,745879644.0,104400133674.0
2024-08-01,300124,45.8,46.3,44.97,45.01,13934931.0,642283844.0,102042345638.8
2024-08-02,300124,44.91,45.74,44.5,44.76,9786106.0,446583604.0,101475569668.8
2024-08-05,300124,44.85,45.26,44.09,44.37,11064851.0,500415960.0,100591399155.59999
2024-08-06,300124,44.44,45.58,44.05,44.74,11437203.0,518579689.0,101430227591.2
2024-08-07,300124,44.58,45.56,44.53,45.19,8083300.0,370514529.0,102450424337.2
2024-08-08,300124,45.01,45.64,44.68,45.11,8879392.0,406584793.0,102269056026.8
2024-08-09,300124,45.34,45.56,44.32,44.32,9200836.0,416340951.0,100478043961.6
2024-08-12,300124,44.07,44.3,43.24,43.41,12842520.0,567807606.0,98414979430.79999
2024-08-13,300124,43.34,43.61,41.94,42.38,15705531.0,673240053.0,96079862434.40001
2024-08-14,300124,42.33,42.38,40.93,41.0,14315054.0,597426887.0,92951259080.0
2024-08-15,300124,41.02,42.7,40.97,41.94,15944266.0,677586947.0,95082336727.2
2024-08-16,300124,41.88,41.88,41.04,41.75,13838363.0,581534794.0,94651586990.0
2024-08-19,300124,41.66,42.05,41.02,41.28,9293634.0,389090874.0,93586048166.40001
2024-08-20,300124,41.27,41.46,40.58,40.77,9147520.0,379344419.0,92429825187.6
2024-08-21,300124,40.5,41.02,40.28,40.28,9526439.0,391222453.0,91318944286.40001
2024-08-22,300124,40.15,40.42,38.67,39.54,17695594.0,704283248.0,89641287415.2
2024-08-23,300124,39.26,39.77,38.92,39.39,8928261.0,355605095.0,89301221833.2
2024-08-26,300124,39.66,40.6,39.4,40.01,12626462.0,511007579.0,90706826238.8
2024-08-27,300124,39.8,41.62,39.78,41.16,16980576.0,703192917.0,93313995700.79999
2024-08-28,300124,41.16,42.42,40.95,42.2,18327947.0,778552197.0,95671783736.0
2024-08-29,300124,42.26,43.84,41.96,43.31,18163927.0,795314356.0,98188269042.8
2024-08-30,300124,43.13,43.45,42.25,42.74,18538451.0,807611913.0,96896019831.2
2024-09-02,300124,42.65,42.83,41.28,41.5,13844159.0,585453151.0,94084811020.0
2024-09-03,300124,41.5,42.13,40.99,41.74,10079341.0,425277601.0,94628915951.2
2024-09-04,300124,41.56,42.63,40.89,41.96,11110742.0,471790804.0,95127678804.8
2024-09-05,300124,41.81,42.2,41.67,42.03,7004908.0,297653219.0,95286376076.40001
2024-09-06,300124,42.05,42.19,41.49,41.56,5275866.0,223132678.0,94220837252.8
2024-09-09,300124,41.16,42.2,41.16,41.7,11041656.0,466176346.0,94538231796.0
2024-09-10,300124,42.08,43.27,41.62,42.95,15289619.0,660367862.0,97372111646.0
2024-09-11,300124,42.74,43.06,42.35,42.79,8899413.0,384862842.0,97008893637.7
2024-09-12,300124,42.89,43.53,42.65,42.88,10003390.0,436750137.0,97212931974.40001
2024-09-13,300124,42.9,43.23,42.35,42.72,9804638.0,424757077.0,96850197153.59999
2024-09-18,300124,42.7,43.43,42.15,43.3,9634400.0,418953235.0,98165110879.0
2024-09-19,300124,43.34,44.03,42.66,43.62,13488881.0,595094060.0,98890580520.59999
2024-09-20,300124,43.59,43.72,42.94,43.49,10227981.0,449147103.0,98595858478.7
2024-09-23,300124,43.58,43.72,42.72,42.89,9038202.0,394373129.0,97235602900.7
2024-09-24,300124,43.09,46.65,42.89,46.41,27262423.0,1244980381.0,105215768958.29999
2024-09-25,300124,47.78,48.25,47.21,47.39,22673616.0,1096443349.0,107437519735.7
2024-09-26,300124,47.39,49.74,47.27,49.62,22873906.0,1128951853.0,112493136300.59999
2024-09-27,300124,50.44,57.25,50.44,53.6,38179340.0,2042050729.0,121516164968.0
2024-09-30,300124,56.91,62.17,55.28,61.65,51128916.0,3032341345.0,139766260639.5
2024-10-08,300124,73.98,73.98,66.54,73.94,97598365.0,7070659396.0,167628829062.19998
2024-10-09,300124,70.24,70.24,63.38,63.93,89760492.0,6036463389.0,144935231835.9
2024-10-10,300124,65.19,66.1,61.96,62.21,44954783.0,2886639112.0,141035832512.3
2024-10-11,300124,61.7,61.7,56.86,57.58,34325893.0,2037724530.0,130539193635.4
2024-10-14,300124,58.67,59.31,56.13,58.15,34177923.0,1999629116.0,131831436434.5
2024-10-15,300124,59.11,59.11,56.23,56.33,24845384.0,1437139231.0,127705327847.9
2024-10-16,300124,54.42,56.15,54.15,54.95,22600455.0,1261373145.0,124576740018.5
2024-10-17,300124,54.89,55.72,54.37,54.39,21903387.0,1220051051.0,123307168145.7
2024-10-18,300124,54.36,59.8,53.7,57.75,45780200.0,2611761611.0,130924599382.5
2024-10-21,300124,58.24,58.66,56.12,57.26,40375411.0,2343053926.0,129813723993.8
2024-10-22,300124,57.13,57.13,55.71,56.2,29132584.0,1661678050.0,127410605806.0
2024-10-23,300124,56.0,56.93,55.16,55.71,30815939.0,1745454807.0,126299730417.3
2024-10-24,300124,55.53,56.65,55.36,55.95,20178947.0,1142138533.0,126843832648.5
2024-10-25,300124,56.29,58.08,55.96,57.26,33451081.0,1930362478.0,129813723993.8
2024-10-28,300124,57.75,57.75,56.08,56.59,22936774.0,1313960220.0,128389835888.18001
2024-10-29,300124,56.6,57.03,55.66,55.74,24501811.0,1394512793.0,126461379261.48001
2024-10-30,300124,55.28,56.44,54.32,54.7,21212816.0,1185644329.0,124101855859.40001
2024-10-31,300124,54.71,55.17,53.98,54.7,22327213.0,1235290868.0,124101855859.40001
2024-11-01,300124,54.3,55.36,54.13,54.89,19450329.0,1078898302.0,124532922634.78
2024-11-04,300124,55.98,59.23,55.98,59.22,51807490.0,3026422753.0,134356707568.44
2024-11-05,300124,58.67,61.24,57.47,60.02,53732791.0,3234569871.0,136171725570.04001
2024-11-06,300124,59.95,60.87,58.59,59.13,41091379.0,2475943431.0,134152518043.26001
2024-11-07,300124,59.03,62.16,58.68,61.59,41425556.0,2557038827.0,140362551514.26
2024-11-08,300124,62.64,64.63,61.42,61.73,44096236.0,2811612382.0,140681609108.22
2024-11-11,300124,61.68,64.45,60.99,63.58,43200393.0,2750828302.0,144897727314.12
2024-11-12,300124,64.01,64.15,60.7,61.2,44634033.0,2808765941.0,139473748216.80002
2024-11-13,300124,60.41,61.14,59.58,60.99,31623604.0,1933642470.0,138995161825.86002
2024-11-14,300124,60.71,60.89,58.89,58.93,22129063.0,1341472116.0,134300457229.02
2024-11-15,300124,58.23,59.53,57.57,57.63,24824570.0,1468964576.0,131444459097.75
2024-11-18,300124,57.55,58.14,55.9,56.33,23663188.0,1365669668.0,128479374995.25
2024-11-19,300124,56.96,58.24,56.07,58.12,21909088.0,1269316180.0,132562067721.0
2024-11-20,300124,58.12,59.36,57.81,58.87,23878712.0,1419105595.0,134272693164.75
2024-11-21,300124,58.88,61.14,58.88,60.1,32068493.0,1958076583.0,137078118892.5
2024-11-22,300124,60.1,60.27,57.37,57.49,23766590.0,1415559911.0,131125142348.25
2024-11-25,300124,57.26,57.91,56.84,57.48,15187588.0,882595191.0,131102334009.0
2024-11-26,300124,57.14,57.55,56.56,56.56,12084899.0,695836801.0,129003966798.0
2024-11-27,300124,56.27,58.4,56.25,58.26,17009161.0,990832736.0,132881384470.5
2024-11-28,300124,58.26,58.51,57.05,57.55,13698292.0,800637588.0,131261992383.75
2024-11-29,300124,57.54,60.22,56.87,59.53,29528987.0,1768875279.0,135778043555.25
2024-12-02,300124,60.71,62.69,60.54,62.17,48347944.0,3032832326.0,141799445117.25
2024-12-03,300124,62.19,62.19,60.67,61.55,25978801.0,1612754690.0,140385328083.75
2024-12-04,300124,61.16,62.78,60.28,61.44,27335660.0,1710081750.0,140134436352.0
2024-12-05,300124,61.2,62.17,60.26,61.19,19832263.0,1228330698.0,139564227870.75
2024-12-06,300124,61.23,61.93,60.26,61.37,22374751.0,1387051959.0,139974777977.25
2024-12-09,300124,61.37,62.71,60.91,61.72,24959736.0,1564941625.0,140773069851.0
2024-12-10,300124,64.22,64.53,61.87,61.98,37520364.0,2399168635.0,141366086671.5
2024-12-11,300124,61.51,61.78,60.55,60.78,21364341.0,1320866145.0,138629085961.5
2024-12-12,300124,60.32,60.99,60.02,60.46,21014966.0,1286624996.0,137899219105.5
2024-12-13,300124,60.08,60.86,59.58,59.72,33721962.0,2054124518.0,136211402001.0
2024-12-16,300124,58.93,59.51,57.79,59.13,25261255.0,1502018672.0,134865709985.25
2024-12-17,300124,58.76,59.53,58.14,58.46,15129952.0,897787074.0,133337551255.5
2024-12-18,300124,58.59,59.02,58.0,58.55,14622544.0,867532981.0,133542826308.75
2024-12-19,300124,58.07,59.72,57.81,59.06,16409028.0,983580565.0,134706051610.5
2024-12-20,300124,59.03,59.61,58.53,58.69,17227548.0,1029929545.0,133862143058.25
2024-12-23,300124,58.45,58.84,57.38,57.75,21999209.0,1290633566.0,131718159168.75
2024-12-24,300124,58.09,59.38,57.86,58.54,16134406.0,957020856.0,133520017969.5
2024-12-25,300124,58.68,59.11,58.09,58.72,12391118.0,735539464.0,133930568076.0
2024-12-26,300124,58.72,59.43,58.41,59.31,15585403.0,933664780.0,135276260091.75
2024-12-27,300124,59.37,59.49,58.24,58.63,23792560.0,1417522315.0,133725293022.75
2024-12-30,300124,58.63,60.43,58.63,59.31,22090429.0,1335218608.0,135276260091.75
2024-12-31,300124,59.31,59.45,57.83,57.83,16402538.0,973972699.0,137422146092.0
2025-01-02,300124,57.92,57.96,55.26,55.58,20415841.0,1167846299.0,132075443192.0
2025-01-03,300124,56.01,56.59,55.0,55.22,15341875.0,866827880.0,131219970728.0
2025-01-06,300124,55.17,55.79,54.44,55.04,13652562.0,759713924.0,130792234496.0
2025-01-07,300124,55.28,55.92,55.02,55.91,11771512.0,662245497.0,132859626283.99998
2025-01-08,300124,55.93,56.78,54.29,56.06,16160092.0,908979812.0,133216073144.0
2025-01-09,300124,55.76,57.03,55.61,56.47,12935574.0,738900740.0,134190361228.0
2025-01-10,300124,56.55,61.35,56.52,59.22,49244814.0,2967093623.0,140725220328.0
2025-01-13,300124,58.74,59.97,57.35,57.6,24941822.0,1475974049.0,136875594240.0
2025-01-14,300124,57.61,61.06,57.36,61.01,41437460.0,2509106091.0,144978819524.0
2025-01-15,300124,60.49,61.14,59.67,59.93,27366012.0,1670018940.0,142412402132.0
2025-01-16,300124,60.31,61.16,59.13,59.64,22537225.0,1371706371.0,141723271536.0
2025-01-17,300124,59.34,60.65,59.03,59.77,19088140.0,1158632217.0,142032192148.0
2025-01-20,300124,59.99,60.6,58.92,59.13,19213645.0,1163076253.0,140511352212.0
2025-01-21,300124,59.75,61.14,59.24,60.7,29468857.0,1800864886.0,144242162680.0
2025-01-22,300124,60.29,60.49,59.44,59.93,17412444.0,1054587240.0,142412402132.0
2025-01-23,300124,60.58,62.29,59.82,60.96,44732436.0,2770210794.0,144860003904.0
2025-01-24,300124,60.71,63.52,60.54,62.32,44766677.0,2817243487.0,148091788768.0
2025-01-27,300124,62.33,62.52,59.42,59.42,29472930.0,1808825343.0,141200482808.0
2025-02-05,300124,60.83,63.55,60.71,62.29,46833502.0,2953760368.0,148020499396.0
2025-02-06,300124,62.34,69.35,61.78,68.52,87023359.0,5907090988.0,162824925648.0
2025-02-07,300124,68.11,68.81,66.83,68.11,59384162.0,4091387687.0,161850637564.0
2025-02-10,300124,67.57,67.84,65.94,67.4,37981863.0,2576682452.0,160163455760.0
2025-02-11,300124,67.43,68.75,66.83,67.59,39770234.0,2727206543.0,160614955116.0
2025-02-12,300124,67.1,67.65,65.7,67.25,34883686.0,2360811102.0,159807008900.0
2025-02-13,300124,66.73,67.12,64.23,64.25,46137150.0,3056295279.0,152678071700.0
2025-02-14,300124,64.17,66.81,63.85,65.74,38243854.0,2537814427.0,156218777176.0
2025-02-17,300124,65.75,66.88,65.31,66.71,32432718.0,2173187608.0,158523800204.0
2025-02-18,300124,66.54,67.31,65.54,65.87,28809876.0,1938045165.0,156527697788.0
2025-02-19,300124,65.54,72.55,65.48,71.63,87681500.0,6211276343.0,170858237030.52
2025-02-20,300124,71.14,72.46,69.9,71.55,49268934.0,3547193868.0,170667413926.19998
2025-02-21,300124,71.08,74.82,70.93,72.97,55139787.0,4069004839.0,174054524027.88
2025-02-24,300124,73.3,74.32,71.67,73.05,42288095.0,3122214078.0,174245347132.19998
2025-02-25,300124,71.81,75.02,71.52,73.47,46507824.0,3476691368.0,175247168429.88
2025-02-26,300124,73.47,80.66,72.85,76.98,68528921.0,5359510702.0,183619532131.92
2025-02-27,300124,76.13,77.43,74.63,76.7,43482636.0,3348231778.0,182951651266.80002
2025-02-28,300124,75.4,75.86,70.93,71.22,57073936.0,4186113936.0,169880268620.88
2025-03-03,300124,71.67,73.13,70.63,71.48,34242436.0,2493611712.0,170500443709.92
2025-03-04,300124,70.77,74.18,70.73,73.12,33426419.0,2471204147.0,174412317348.48
2025-03-05,300124,72.56,76.51,72.46,75.37,43096724.0,3287052195.0,179779217157.48
2025-03-06,300124,76.01,77.76,75.46,76.28,37637171.0,2920440509.0,182061835707.12
2025-03-07,300124,75.63,77.0,75.02,75.72,25951958.0,1994911467.0,180725251700.88
2025-03-10,300124,76.01,78.13,74.89,76.6,34888923.0,2708259364.0,182825597996.4
2025-03-11,300124,75.52,78.67,75.2,77.05,36025295.0,2798854486.0,183899638715.69998
2025-03-12,300124,76.31,76.66,73.43,73.74,41276519.0,3105997901.0,175999472535.96
2025-03-13,300124,73.43,73.62,71.06,71.47,33355332.0,2429286650.0,170581533796.38
2025-03-14,300124,71.32,73.7,70.53,72.77,38747074.0,2827555909.0,173684318096.58
2025-03-17,300124,71.29,71.57,68.98,69.51,60002880.0,4223949631.0,165903489774.54
2025-03-18,300124,69.52,70.23,69.11,69.99,27968259.0,1976622012.0,167049133208.46
2025-03-19,300124,70.0,72.2,69.5,71.81,35458242.0,2551772505.0,171393031228.74
2025-03-20,300124,71.1,71.49,69.78,70.6,23281347.0,1663398580.0,168505055072.4
2025-03-21,300124,70.14,70.41,68.31,68.54,25006967.0,1747551520.0,163588335335.16
2025-03-24,300124,68.54,69.37,67.82,69.04,20746051.0,1436519339.0,164781713912.16
2025-03-25,300124,68.86,69.18,67.48,67.77,15313061.0,1057631853.0,161750532326.58
2025-03-26,300124,67.72,68.78,67.62,67.69,14286064.0,985239406.0,161559591754.26
2025-03-27,300124,67.42,68.99,67.13,67.87,15026169.0,1036281999.0,161989208041.98
2025-03-28,300124,67.72,68.37,67.43,67.59,9726903.0,667637800.0,161320916038.86002
2025-03-31,300124,67.41,67.57,66.17,67.3,16528692.0,1117473629.0,160675818479.3
2025-04-01,300124,67.31,67.52,66.35,66.84,13241688.0,896360761.0,159577588516.44
2025-04-02,300124,66.68,68.1,66.54,67.81,14760583.0,1005886321.0,161893421264.21
2025-04-03,300124,68.39,69.97,67.81,68.9,30920122.0,2159072123.0,164495748784.90002
2025-04-07,300124,63.67,66.01,59.53,61.2,57116973.0,3652621425.0,146112334189.2
2025-04-08,300124,61.42,63.35,60.55,61.6,38515641.0,2406499312.0,147067316765.6
2025-04-09,300124,61.3,63.1,60.41,61.75,36398442.0,2276933401.0,147425435231.75
2025-04-10,300124,63.26,64.65,62.04,63.92,34808779.0,2243163377.0,152606215708.72
2025-04-11,300124,63.18,64.26,62.19,63.52,26923243.0,1725375719.0,151651233132.32
2025-04-14,300124,64.17,64.46,62.88,63.06,19904962.0,1280685444.0,150553003169.46
2025-04-15,300124,63.06,63.38,61.25,61.98,19903292.0,1246382626.0,147974550213.18
2025-04-16,300124,61.98,62.29,60.98,61.89,16057060.0,1000343934.0,147759679133.49
2025-04-17,300124,61.69,62.74,61.55,61.99,11760989.0,740694702.0,147998424777.59
2025-04-18,300124,61.7,62.13,61.01,61.99,11152772.0,695142947.0,147998424777.59
2025-04-21,300124,61.73,62.82,60.34,62.8,26949477.0,1676785762.0,149932264494.8
2025-04-22,300124,62.13,62.63,61.8,61.9,12450103.0,784440149.0,147783553697.9
2025-04-23,300124,62.29,64.08,62.19,63.39,25035461.0,1603260103.0,151340863794.99
2025-04-24,300124,63.57,64.63,63.04,63.4,17138524.0,1107456808.0,151364738359.4
2025-04-25,300124,63.47,64.43,62.9,64.08,15539063.0,1003916149.0,152988908749.19998
2025-04-28,300124,64.08,64.79,63.3,63.58,12383254.0,800437330.0,151795175066.69998
2025-04-29,300124,65.14,67.33,65.13,66.26,30502190.0,2047475920.0,158193587604.90002
2025-04-30,300124,67.32,70.97,66.54,70.67,43418207.0,3042782666.0,168722318684.55002
2025-05-06,300124,71.37,71.39,69.6,70.87,28713478.0,2051701324.0,169199812157.55002
2025-05-07,300124,71.39,71.75,68.89,69.58,27703590.0,1959712826.0,166119979256.69998
2025-05-08,300124,69.4,70.28,69.1,69.7,18932179.0,1338742296.0,166406475340.5
2025-05-09,300124,69.47,69.63,68.36,68.58,21149917.0,1472153001.0,163732511891.69998
2025-05-12,300124,68.88,69.74,68.63,69.49,21698031.0,1523305583.0,165905107193.84998
2025-05-13,300124,70.13,70.15,68.02,68.39,21298523.0,1482350876.0,163278893092.35
2025-05-14,300124,68.12,69.75,68.0,68.9,18902829.0,1320466597.0,164496501448.5
2025-05-15,300124,68.89,69.18,67.53,67.61,14170432.0,978157694.0,161416668547.65
2025-05-16,300124,67.17,68.83,67.17,67.77,12636762.0,871102750.0,161798663326.05
2025-05-19,300124,67.62,67.94,66.92,67.42,13002562.0,888746731.0,160963049748.30002
2025-05-20,300124,67.42,68.37,67.05,67.65,11119983.0,764104527.0,161512167242.25
2025-05-21,300124,67.61,68.21,67.03,67.89,11647024.0,797786013.0,162085159409.85
2025-05-22,300124,67.24,67.72,66.16,66.37,12329447.0,833360618.0,158456209015.05002
2025-05-23,300124,66.08,67.0,65.65,65.65,12845626.0,863674777.0,156737232512.25
2025-05-26,300124,65.65,66.36,65.36,65.79,9433191.0,629584401.0,157071477943.35
2025-05-27,300124,65.65,66.05,64.67,64.93,10985587.0,723765520.0,155018256009.45
2025-05-28,300124,64.93,65.53,64.5,64.97,9699829.0,638913445.0,155113754704.05
2025-05-29,300124,65.2,66.84,64.87,66.22,17717340.0,1187186585.0,158100053194.16
2025-05-30,300124,65.84,66.4,64.93,64.94,11894990.0,786771196.0,155044056998.32
2025-06-03,300124,64.85,65.33,63.97,64.01,14917292.0,972920596.0,152823684762.28
2025-06-04,300124,64.01,64.43,63.75,64.04,10737489.0,697436424.0,152895309673.12003
2025-06-05,300124,64.2,64.53,63.56,64.34,20884615.0,1356899878.0,153611558781.52002
2025-06-06,300124,64.52,64.55,63.33,63.69,13819075.0,886899095.0,152059685713.32
2025-06-09,300124,63.7,64.19,63.29,63.63,17970475.0,1152382492.0,151916435891.64
2025-06-10,300124,63.75,63.76,62.24,62.74,18029852.0,1141956856.0,149791563536.72
2025-06-11,300124,62.59,63.55,62.58,63.27,14278044.0,909096858.0,151056936961.56
2025-06-12,300124,63.08,63.78,62.61,63.28,14807259.0,943298934.0,151080811931.84
2025-06-13,300124,63.43,64.85,63.18,63.37,37958612.0,2435313797.0,151295686664.36
2025-06-16,300124,63.36,63.36,62.1,62.33,20201804.0,1270090478.0,148812689755.24
2025-06-17,300124,62.37,62.69,61.64,61.78,13734993.0,856582907.0,147499566389.84
2025-06-18,300124,61.64,62.23,61.57,62.04,9723983.0,606264436.0,148120315617.12
2025-06-19,300124,61.87,62.67,61.52,61.54,14416913.0,901430994.0,146926567103.12
2025-06-20,300124,61.45,62.04,61.15,61.44,10840882.0,671233617.0,146687817400.32
2025-06-23,300124,61.09,61.75,61.04,61.54,10821003.0,669387616.0,146926567103.12
2025-06-24,300124,61.82,63.68,61.82,63.64,26026162.0,1654407547.0,151940310861.92
2025-06-25,300124,63.58,64.57,63.24,64.52,22315480.0,1437337139.0,154041308246.56
2025-06-26,300124,64.57,64.88,63.85,63.85,20915730.0,1354696184.0,152441685237.80002
2025-06-27,300124,65.13,65.13,63.38,63.4,24632592.0,1582398133.0,151367311575.19998
2025-06-30,300124,63.58,64.48,63.38,64.14,20002162.0,1289523879.0,151461832724.52
2025-07-01,300124,64.08,64.14,63.39,63.8,13758170.0,882152811.0,150658948048.4
2025-07-02,300124,63.88,64.76,63.79,64.0,22094525.0,1427812144.0,151131233152.0
2025-07-03,300124,63.98,64.72,63.7,64.32,17789884.0,1149349642.0,151886889317.75998
2025-07-04,300124,64.17,64.42,63.38,63.69,16202219.0,1040348571.0,150399191241.41998
2025-07-07,300124,63.41,63.67,61.81,61.91,22882675.0,1435159014.0,146195853819.38
2025-07-08,300124,61.96,62.95,61.87,62.61,20468022.0,1289232166.0,147848851681.98
2025-07-09,300124,62.93,63.74,62.14,62.23,19192005.0,1214857084.0,146951509985.13998
2025-07-10,300124,62.08,62.54,61.78,62.15,12257946.0,766362101.0,146762595943.69998
2025-07-11,300124,62.39,64.28,62.15,63.58,28627311.0,1825683599.0,150139434434.44
2025-07-14,300124,63.88,64.56,63.31,63.96,20587453.0,1327954235.0,151036776131.28
2025-07-15,300124,64.03,64.37,63.28,63.73,18452083.0,1184764718.0,150493648262.13998
2025-07-16,300124,63.85,64.87,63.58,64.1,21516059.0,1391603525.0,151367375703.8
2025-07-17,300124,64.12,64.79,63.64,64.7,22722513.0,1471107056.0,152784231014.6
2025-07-18,300124,65.05,65.76,64.55,64.76,22215050.0,1452665324.0,152925916545.68002
2025-07-21,300124,65.16,65.91,64.15,64.79,33126861.0,2161595716.0,152996759311.22
2025-07-22,300124,64.74,64.74,63.95,64.29,23047285.0,1490211068.0,151816046552.22
2025-07-23,300124,64.28,65.07,64.13,64.33,24042396.0,1562693122.0,151910503572.94
2025-07-24,300124,64.59,65.91,64.44,65.66,33732095.0,2222366269.0,155051199511.88
2025-07-25,300124,65.38,65.52,64.47,64.98,23577703.0,1540227368.0,153445430159.64
2025-07-28,300124,65.47,66.05,64.77,64.97,20655307.0,1357267003.0,153421815904.46
2025-07-29,300124,64.77,64.92,63.95,64.64,23298484.0,1508798407.0,152642545483.52
2025-07-30,300124,64.56,65.05,63.49,63.74,22625375.0,1461818782.0,150517262517.32
2025-07-31,300124,63.68,64.72,62.86,62.97,29518456.0,1897295988.0,148698964868.46
2025-08-01,300124,63.06,64.02,62.47,62.99,21255075.0,1351554866.0,148749670489.81
2025-08-04,300124,62.9,64.52,62.76,64.13,27078944.0,1744177106.0,151441758509.47
2025-08-05,300124,64.36,64.73,64.08,64.38,19202542.0,1244276979.0,152032128689.22
2025-08-06,300124,64.57,66.06,64.33,65.43,39867215.0,2623364612.0,154511683444.17
2025-08-07,300124,65.57,65.6,64.47,65.07,23395658.0,1530126856.0,153661550385.33
2025-08-08,300124,65.3,65.74,64.06,64.09,20944691.0,1361316132.0,151347299280.71002
2025-08-11,300124,64.1,65.64,64.1,65.07,22362493.0,1463119740.0,153661550385.33
2025-08-12,300124,65.1,65.24,64.45,64.97,16696211.0,1088617692.0,153425402313.43
2025-08-13,300124,64.83,65.79,64.59,65.59,29069989.0,1912536610.0,154889520359.21002
2025-08-14,300124,65.79,66.82,65.24,66.1,48356925.0,3221291668.0,156093875525.9
2025-08-15,300124,65.75,67.15,65.75,66.9,38698533.0,2597862363.0,157983060101.1
2025-08-18,300124,67.14,68.03,66.37,67.35,49020179.0,3314447449.0,159045726424.65
2025-08-19,300124,67.25,68.98,66.32,67.65,49919346.0,3395709169.0,159754170640.35
2025-08-20,300124,67.39,68.45,66.63,68.43,39058766.0,2651808121.0,161599318681.83002
2025-08-21,300124,68.74,69.53,67.61,67.85,39829770.0,2741815553.0,160229632800.84998
2025-08-22,300124,67.55,69.24,67.35,69.24,45825809.0,3162456833.0,163512155860.44
2025-08-25,300124,70.53,71.61,69.6,71.38,59724275.0,4243464102.0,168565824455.78
2025-08-26,300124,71.53,72.28,70.53,70.73,47006203.0,3371381576.0,167030831658.13
2025-08-27,300124,71.03,75.86,71.03,71.67,80611649.0,5949145714.0,169250667396.27
2025-08-28,300124,71.61,73.31,71.04,73.29,66476847.0,4840566610.0,173076341753.49002
2025-08-29,300124,74.51,75.78,72.16,74.54,64787442.0,4838605469.0,176028250979.74002
2025-09-01,300124,74.54,77.17,74.04,75.4,53828951.0,4075358331.0,178059164527.40002
2025-09-02,300124,75.38,75.59,72.55,74.41,62594298.0,4669047568.0,175847541295.44
2025-09-03,300124,74.56,74.9,71.99,72.59,51692915.0,3813766607.0,171546472552.56
2025-09-04,300124,72.43,73.24,69.43,70.95,58669491.0,4192830760.0,167670784234.80002
2025-09-05,300124,70.96,72.92,70.34,72.87,37514366.0,2713637774.0,172208175436.08002
2025-09-08,300124,73.03,84.89,73.02,81.47,120246594.0,9549995979.0,192531906858.48
2025-09-09,300124,79.98,80.37,77.94,78.36,78543453.0,6246318746.0,185182278402.24
2025-09-10,300124,78.36,79.9,76.71,79.0,61923978.0,4884070371.0,186867059148.0
2025-09-11,300124,78.48,80.59,77.38,80.17,57681453.0,4604488185.0,189634583948.04
2025-09-12,300124,80.8,81.67,78.97,79.16,59231566.0,4777023018.0,187267098186.0
2025-09-15,300124,79.08,81.63,78.83,79.62,52252590.0,4215152024.0,188355310227.0
2025-09-16,300124,79.43,84.99,78.99,82.94,80653268.0,6648768164.0,196221042291.56
2025-09-17,300124,82.95,83.88,81.94,83.5,59642904.0,4971882112.0,197545901029.0
2025-09-18,300124,83.11,86.9,80.77,82.06,95878720.0,8126045080.0,194139121418.44
2025-09-19,300124,82.16,83.45,81.06,81.16,55966471.0,4617522588.0,192009884161.84
2025-09-22,300124,81.16,81.84,80.48,81.25,43989954.0,3589945793.0,192222807887.5
2025-09-23,300124,81.26,83.39,80.22,82.06,60281548.0,4962073798.0,194075524918.44
2025-09-24,300124,82.08,86.82,81.56,85.76,72255443.0,6171964324.0,202826188362.24002
2025-09-25,300124,86.43,89.06,84.54,85.34,67915345.0,5889049315.0,201832869809.16
2025-09-26,300124,85.1,85.28,80.91,81.0,62568312.0,5217079242.0,191568578094.0
2025-09-29,300124,81.47,82.95,80.04,82.85,50374190.0,4142002104.0,195943909815.9
2025-09-30,300124,82.5,83.85,81.96,83.27,41083395.0,3424323310.0,197458197714.47
2025-10-09,300124,84.24,90.4,83.54,88.32,90692610.0,8046021817.0,209433265547.52
2025-10-10,300124,89.01,89.27,83.2,83.77,74627293.0,6470735714.0,198643847994.97
2025-10-13,300124,79.82,82.03,79.27,80.97,65899659.0,5345485598.0,192004206424.16998
2025-10-14,300124,81.96,82.92,78.38,78.63,50776457.0,4099520150.0,186455363111.43
2025-10-15,300124,78.53,80.66,77.67,80.18,39855602.0,3180512748.0,190130878980.98
2025-10-16,300124,80.07,81.77,79.43,80.25,33130970.0,2683825166.0,190296870020.25
2025-10-17,300124,80.26,80.35,76.96,77.08,37476879.0,2946924677.0,182779847241.88
2025-10-20,300124,77.9,79.19,77.35,78.02,30414354.0,2394767605.0,185008869769.22
2025-10-21,300124,78.13,79.43,77.43,78.9,25508265.0,2018045946.0,187095614262.90002
2025-10-22,300124,78.48,81.12,77.78,78.73,37707571.0,3011616742.0,186692493167.53
2025-10-23,300124,78.18,79.03,76.89,78.73,26004215.0,2036442883.0,186748489722.57
2025-10-24,300124,76.49,78.18,75.5,77.86,49653436.0,3856061472.0,184684839448.74
2025-10-27,300124,78.55,79.2,76.81,77.75,46717471.0,3658186977.0,184423918149.75
2025-10-28,300124,77.49,78.27,76.69,76.8,40693023.0,3169118271.0,182170506931.19998
2025-10-29,300124,76.87,78.51,76.8,78.51,34195781.0,2680201580.0,186226647124.59003
2025-10-30,300124,78.48,78.93,76.49,76.49,40985319.0,3201637944.0,181435183270.40997
2025-10-31,300124,76.54,79.08,76.44,76.5,38351425.0,2988947919.0,181458903388.5
2025-11-03,300124,76.87,76.87,73.34,74.36,40999409.0,3074226705.0,176382798117.24
2025-11-04,300124,74.0,74.21,72.04,72.61,33199276.0,2434118609.0,172231777451.49
2025-11-05,300124,71.81,72.94,71.43,72.62,25581097.0,1860131079.0,172255497569.58002
2025-11-06,300124,72.71,74.26,72.53,74.01,26153059.0,1938891109.0,175552593984.09003
2025-11-07,300124,73.81,73.81,72.77,73.1,18651861.0,1375376218.0,173394063237.9
2025-11-10,300124,73.19,73.75,71.85,72.33,21414596.0,1559021475.0,171567614144.97
2025-11-11,300124,72.76,73.5,71.57,71.65,17822929.0,1296089776.0,169954646114.85
2025-11-12,300124,71.57,72.1,70.75,71.03,21938641.0,1576227691.0,168483998793.27
2025-11-13,300124,71.03,72.26,70.98,71.92,20205115.0,1458424901.0,170595089303.28
2025-11-14,300124,71.82,72.02,70.62,70.62,19191446.0,1376888124.0,167511473951.58002
2025-11-17,300124,70.62,71.21,70.33,71.03,21380232.0,1524198722.0,168483998793.27
2025-11-18,300124,71.02,71.38,70.63,71.04,18330184.0,1311024087.0,168507718911.36002
2025-11-19,300124,71.12,71.4,70.35,70.53,18859671.0,1343059263.0,167297992888.77
2025-11-20,300124,70.71,71.01,69.49,69.53,17625500.0,1243986434.0,164925981079.77
2025-11-21,300124,68.95,70.32,67.8,69.14,30888590.0,2148634786.0,164000896474.26
2025-11-24,300124,69.54,69.99,68.45,69.35,26512625.0,1847718001.0,164499018954.15
2025-11-25,300124,70.04,70.6,69.35,69.35,24351814.0,1715224588.0,164499018954.15
2025-11-26,300124,69.4,70.38,68.95,69.84,22634628.0,1593335840.0,165661304740.56
2025-11-27,300124,70.02,70.95,69.63,69.66,19993906.0,1414840249.0,165234342614.94
2025-11-28,300124,69.91,70.41,69.44,70.19,18555964.0,1308667672.0,166491508873.71
2025-12-01,300124,70.46,71.52,69.9,71.52,28913893.0,2061816139.0,169646284579.68
2025-12-02,300124,71.31,71.34,70.54,70.6,21215125.0,1513207319.0,167464033715.4
2025-12-03,300124,70.56,71.13,69.61,69.81,17521898.0,1237159814.0,165590144386.29
2025-12-04,300124,70.77,72.85,70.77,72.17,43772692.0,3167868020.0,171188092255.53
2025-12-05,300124,71.79,72.69,71.28,72.68,26187268.0,1898049549.0,172397818278.12003
2025-12-08,300124,72.96,73.89,72.32,73.55,33409395.0,2457042795.0,174461468551.94998
2025-12-09,300124,73.51,73.51,71.83,71.97,26723558.0,1950173543.0,170713689893.73
2025-12-10,300124,71.98,74.31,71.87,74.2,39061761.0,2891711711.0,176003276227.80002
2025-12-11,300124,74.25,74.98,73.24,73.24,27253340.0,2028125380.0,173726144891.15997
2025-12-12,300124,73.02,73.59,72.35,73.41,25949394.0,1908210290.0,174129386898.69
2025-12-15,300124,72.72,73.12,71.22,71.29,22040439.0,1597154156.0,169100721863.61002
2025-12-16,300124,71.29,71.47,69.95,70.09,17824088.0,1262424310.0,166254307692.81
2025-12-17,300124,70.1,71.42,69.52,71.38,22818097.0,1616805729.0,169314202926.41998
2025-12-18,300124,71.02,72.11,70.82,70.82,17806082.0,1279643804.0,167985876313.37997
2025-12-19,300124,71.16,71.86,71.03,71.08,14147913.0,1016535627.0,168602599383.72
2025-12-22,300124,71.36,72.67,71.24,72.24,24474682.0,1779994496.0,171354133082.15997
2025-12-23,300124,72.37,73.01,71.84,71.99,19302070.0,1406454999.0,170761130129.90997
2025-12-24,300124,71.92,72.17,71.26,71.88,19282107.0,1393325919.0,170500208830.91998
2025-12-25,300124,72.02,73.38,72.02,73.18,25891715.0,1902032253.0,173583824182.62003
2025-12-26,300124,73.19,73.26,72.2,72.82,21201965.0,1553193297.0,172729899931.37997
2025-12-29,300124,72.97,73.62,72.6,72.97,23694773.0,1743194205.0,175019004783.97
2025-12-30,300124,72.57,76.18,72.52,75.98,52697764.0,3961565291.0,182238508749.98
2025-12-31,300124,75.99,75.99,74.52,74.83,35321955.0,2670667788.0,179480755327.44
2026-01-05,300124,75.06,78.78,74.61,77.83,56452942.0,4375109219.0,186676295431.44
2026-01-06,300124,78.17,78.28,76.99,77.96,37666107.0,2943895896.0,186988102169.28
2026-01-07,300124,77.78,78.5,76.99,77.52,31086741.0,2429124530.0,185932756287.36
2026-01-08,300124,77.88,78.48,76.75,77.07,30648932.0,2391344897.0,184853425271.75998
2026-01-09,300124,76.95,78.46,76.8,77.78,33085061.0,2588086325.0,186556369763.04
2026-01-12,300124,78.62,80.64,78.08,80.32,52437918.0,4202020998.0,192648593717.75998
2026-01-13,300124,80.29,80.29,77.76,77.81,43820035.0,3475626379.0,186628325164.08002
2026-01-14,300124,78.09,80.82,76.5,77.44,55663669.0,4412696714.0,185745010513.91998
2026-01-15,300124,77.38,80.94,77.2,80.31,60928418.0,4884015065.0,192628897138.08002
2026-01-16,300124,80.64,81.61,79.98,80.32,46966213.0,3811773912.0,192652882805.75998
2026-01-19,300124,80.32,81.01,79.38,79.74,32116704.0,2590094834.0,191261714080.31998
2026-01-20,300124,79.48,80.65,78.28,78.86,34100363.0,2715370912.0,189150975324.48
2026-01-21,300124,78.63,80.96,78.57,79.55,37606145.0,3027929219.0,190805986394.4
2026-01-22,300124,80.07,82.05,78.51,78.6,36242230.0,2912489093.0,188527347964.8
2026-01-23,300124,78.83,80.46,78.67,78.86,39627813.0,3172720554.0,189150975324.48
2026-01-26,300124,78.98,79.92,76.69,76.69,41862977.0,3285479694.0,183946085437.91998
2026-01-27,300124,76.5,79.18,76.24,77.92,34792755.0,2727579876.0,186896322562.56
2026-01-28,300124,77.49,77.75,75.35,75.91,44735187.0,3425505532.0,182075203358.88
2026-01-29,300124,75.94,76.52,75.18,75.37,30604601.0,2332399016.0,180779977304.16
2026-01-30,300124,75.18,75.58,72.73,74.14,33638913.0,2513771905.0,177829740179.52
2026-02-02,300124,74.03,76.49,73.96,74.55,33400621.0,2533832657.0,178813152554.4
2026-02-03,300124,75.01,75.18,73.73,74.93,26741185.0,2004764371.0,179724607926.24002
2026-02-04,300124,74.79,75.28,73.81,75.07,21888029.0,1639991239.0,180060407273.75998
2026-02-05,300124,75.08,75.16,73.26,74.04,22730129.0,1692550263.0,177589883502.72
2026-02-06,300124,73.35,74.78,72.91,74.16,21436335.0,1602155368.0,177877711514.88
2026-02-09,300124,74.86,76.82,74.85,76.34,29069562.0,2227261249.0,183106587069.12
2026-02-10,300124,76.29,78.07,76.03,77.85,32353062.0,2522978404.0,186728422888.8
2026-02-11,300124,77.49,77.49,74.88,74.95,34577466.0,2631589512.0,179772579261.6
2026-02-12,300124,74.85,75.38,74.41,75.3,20098358.0,1517128957.0,180612077630.4
2026-02-13,300124,75.0,75.17,74.43,74.63,18142712.0,1365718802.0,179005037895.84
2026-02-24,300124,76.52,76.6,73.84,73.86,34527546.0,2599183192.0,177158141484.48
2026-02-25,300124,73.79,73.95,72.94,73.71,26944457.0,1991936381.0,176798356469.28
2026-02-26,300124,73.45,73.59,72.9,73.31,20891294.0,1538805083.0,175838929762.08002
2026-02-27,300124,73.05,73.38,72.34,72.44,27114840.0,1986493230.0,173752176673.91998
2026-03-02,300124,71.28,71.94,70.44,70.91,28449813.0,2036126605.0,170082369518.88
2026-03-03,300124,70.83,71.36,68.56,68.56,33314652.0,2338029560.0,164445737614.08002
2026-03-04,300124,67.78,68.57,67.17,67.54,25631512.0,1749215040.0,161999199510.72
2026-03-05,300124,70.93,71.22,69.31,69.93,37573407.0,2651151577.0,167731774086.24002
2026-03-06,300124,69.82,71.51,69.55,71.0,26929956.0,1925755822.0,170298240528.0
2026-03-09,300124,70.42,70.9,69.5,70.32,29902602.0,2111492191.0,168667215125.75998
2026-03-10,300124,70.45,71.15,70.29,70.57,25092481.0,1785056000.0,169266856817.75998
2026-03-11,300124,70.57,71.38,70.48,70.68,23086659.0,1646762606.0,169530699162.24002
2026-03-12,300124,70.6,70.83,69.34,70.69,25919885.0,1831239241.0,169554684829.91998
2026-03-13,300124,70.51,72.31,70.17,72.31,41172759.0,2954204555.0,173440362994.08002
2026-03-16,300124,71.03,71.43,69.94,71.33,33359501.0,2374681156.0,171089767561.44
2026-03-17,300124,71.46,72.0,70.35,70.73,27742320.0,1991762146.0,169650627500.64
2026-03-18,300124,70.7,71.01,68.73,69.54,28090713.0,1964194587.0,166796333046.72
2026-03-19,300124,68.83,69.52,68.66,68.77,21680122.0,1508186505.0,164949436635.36
2026-03-20,300124,68.63,69.18,67.3,68.3,25787179.0,1772772693.0,163822110254.4
2026-03-23,300124,67.56,67.81,64.57,64.9,30592306.0,2031251972.0,155666983243.2
2026-03-24,300124,66.59,66.66,64.57,65.66,16902069.0,1112144783.0,157489893986.88
2026-03-25,300124,66.15,67.67,65.68,67.56,19383056.0,1303543510.0,162047170846.08002
2026-03-26,300124,67.55,68.15,66.88,67.08,14242200.0,966965938.0,160895858797.44
2026-03-27,300124,66.51,68.27,66.16,68.09,17131942.0,1162283633.0,163318411233.12
2026-03-30,300124,67.13,67.55,66.31,66.94,12225030.0,822540355.0,160560059449.91998
2026-03-31,300124,67.7,68.43,66.51,66.56,14616997.0,995079811.0,160418267709.44
2026-04-01,300124,68.05,68.21,67.22,67.77,12598229.0,858510619.0,163334525280.47998
2026-04-02,300124,67.55,67.6,65.57,66.43,19342830.0,1291166654.0,160104950780.32
2026-04-03,300124,66.27,66.64,65.58,65.62,9009995.0,597987824.0,158152745298.88
2026-04-07,300124,65.74,65.81,64.12,64.32,14203867.0,926330150.0,155019576007.68
2026-04-08,300124,65.59,67.01,65.58,67.01,23465172.0,1565925631.0,161502826310.24002
2026-04-09,300124,66.33,66.44,65.44,65.61,20165815.0,1336566298.0,158128643996.63998
2026-04-10,300124,66.28,68.14,66.28,67.66,33376092.0,2265413563.0,163069410955.84
2026-04-13,300124,67.11,67.63,66.34,67.15,21245692.0,1432231313.0,161840244541.6
2026-04-14,300124,67.68,69.01,67.66,68.65,27324025.0,1884004042.0,165455439877.6
2026-04-15,300124,69.13,69.44,67.35,67.45,24145625.0,1662819074.0,162563283608.80002
2026-04-16,300124,67.88,68.23,66.22,66.4,41057955.0,2760707600.0,160032646873.6
2026-04-17,300124,66.27,66.28,65.08,65.23,38990739.0,2568352087.0,157212794511.52002
2026-04-20,300124,65.57,66.53,65.18,66.08,33216049.0,2206315506.0,159261405201.91998
2026-04-21,300124,66.22,66.5,64.67,65.61,29163226.0,1916895326.0,158128643996.63998
2026-04-22,300124,65.43,66.68,64.89,66.47,28031176.0,1863570827.0,160201355989.28
2026-04-23,300124,66.56,66.75,64.85,64.91,30536683.0,2014868117.0,156441552839.84
2026-04-24,300124,64.59,64.86,63.21,64.32,34526435.0,2218960594.0,155019576007.68
2026-04-27,300124,63.69,66.11,63.6,65.31,37245232.0,2447230438.0,157405604929.44
2026-04-28,300124,63.58,63.58,59.73,60.96,67549640.0,4143372813.0,146923125304.8
2026-04-29,300124,61.58,67.22,61.39,67.14,89255041.0,5844835678.0,161817890960.7
2026-04-30,300124,67.22,69.95,66.98,68.15,55779743.0,3846940895.0,164252148778.25
2026-05-06,300124,69.52,71.08,68.56,70.6,55299119.0,3915095099.0,170157031603.0
2026-05-07,300124,71.43,75.69,71.3,75.05,86760287.0,6499895136.0,180882226937.75
2026-05-08,300124,74.18,75.71,74.04,74.51,51029083.0,3836723948.0,179580742560.05002
2026-05-11,300124,75.0,77.72,74.7,76.98,62850959.0,4857420948.0,185533828509.90002
2026-05-12,300124,76.97,77.57,74.75,74.95,44545655.0,3385422164.0,180641211312.25
2026-05-13,300124,74.87,76.26,73.29,75.96,51012149.0,3824393137.0,183075469129.8
2026-05-14,300124,75.96,76.05,73.91,73.93,29110776.0,2194065358.0,178182851932.15002
2026-05-15,300124,74.0,79.35,74.0,76.81,71909609.0,5585106677.0,185124101946.55002
2026-05-18,300124,76.91,78.78,76.12,76.85,54705518.0,4246901536.0,185220508196.75
2026-05-19,300124,77.09,77.37,75.4,77.29,35410068.0,2733799972.0,186280976948.95
2026-05-20,300124,76.65,77.07,75.19,76.25,32444528.0,2486425900.0,183774414443.75
2026-05-21,300124,76.49,80.22,76.49,77.26,66775630.0,5285435685.0,186208672261.30002
2026-05-22,300124,77.36,78.84,75.8,78.47,49464279.0,3871943451.0,189124961329.85
2026-05-25,300124,78.88,79.33,76.39,78.31,42818663.0,3361624217.0,188739336329.05002
2026-05-26,300124,78.83,83.5,78.7,80.35,71002696.0,5800216282.0,193656055089.25
2026-05-27,300124,79.32,79.9,77.28,77.59,50829218.0,4018721157.0,187016319124.80002
2026-05-28,300124,77.49,77.59,74.78,76.44,41691030.0,3189689253.0,184244457196.8
2026-05-29,300124,76.64,77.73,72.92,73.47,40877285.0,3075655754.0,177085822478.4
2026-06-01,300124,73.51,75.94,72.52,74.01,44763655.0,3353312783.0,178387392427.2
2026-06-02,300124,74.47,77.23,74.39,75.97,36450362.0,2788552324.0,183111609278.4
2026-06-03,300124,75.74,77.32,74.8,75.36,42015149.0,3214641825.0,181641317299.2
2026-06-04,300124,75.6,77.46,74.03,74.15,36888111.0,2788643885.0,178724836488.0
2026-06-05,300124,74.48,77.63,72.14,75.08,53179528.0,3978154954.0,180966429177.6
2026-06-08,300124,73.0,77.28,72.72,74.52,56807385.0,4264990301.0,179616652934.4
2026-06-09,300124,76.33,76.75,73.75,74.6,43023375.0,3216060256.0,179809478112.0
2026-06-10,300124,73.5,73.71,69.51,70.1,53448683.0,3804985207.0,168963061872.0
2026-06-11,300124,69.62,70.5,68.64,69.21,32808126.0,2281559335.0,166817881771.19998
2026-06-12,300124,69.5,70.66,67.16,67.16,51081997.0,3505782742.0,161876736595.19998
2026-06-15,300124,69.0,69.77,68.01,69.3,34189360.0,2362496636.0,167034810096.0
2026-06-16,300124,69.3,72.21,69.02,70.24,33373825.0,2359469907.0,169300505932.8
2026-06-17,300124,69.35,69.81,68.18,69.75,30740616.0,2115825445.0,168119451720.0
2026-06-18,300124,69.58,72.36,69.25,71.18,39018773.0,2763086830.0,171566201769.6
2026-06-22,300124,71.25,71.4,66.83,68.95,50994123.0,3499825989.0,166191199944.0
2026-06-23,300124,68.3,68.8,66.57,66.82,36475062.0,2462103047.0,161057229590.4
2026-06-24,300124,66.64,67.49,65.74,66.31,30921533.0,2057741826.0,159827969083.2
2026-06-25,300124,66.66,70.32,66.42,66.84,51711185.0,3529842077.0,161105435884.80002
2026-06-26,300124,66.4,66.75,63.13,63.28,43068790.0,2769738954.0,152524715481.6
2026-06-29,300124,62.98,65.97,62.01,65.23,48297832.0,3074732036.0,157224829185.6
2026-06-30,300124,66.53,67.28,64.39,66.33,42334935.0,2797331637.0,159876175377.6
2026-07-01,300124,66.4,69.38,65.74,68.2,47208045.0,3209138997.0,164383463904.0
2026-07-02,300124,67.47,71.79,67.31,68.4,70335781.0,4911106911.0,164865526848.0
2026-07-03,300124,67.5,74.63,67.4,72.15,97020245.0,6938271737.0,173904207048.0
2026-07-06,300124,71.7,71.94,68.2,68.33,69748638.0,4839802931.0,164696804817.6
2026-07-07,300124,68.0,69.79,65.73,66.05,43767199.0,2948629569.0,159201287256.0
2026-07-08,300124,65.5,66.04,63.15,63.2,39479263.0,2523870191.0,152331890304.0
2026-07-09,300124,63.2,64.47,62.26,64.32,37597628.0,2384281763.0,155031442790.4
2026-07-10,300124,64.48,65.9,63.35,63.43,37847704.0,2441773904.0,152886262689.6
2026-07-13,300124,63.0,63.01,60.86,60.95,34383374.0,2114421353.0,146908682184.0
2026-07-14,300124,60.71,60.95,58.85,60.25,36891851.0,2205032073.0,145221461880.0
2026-07-15,300124,60.72,61.66,59.88,61.04,27125518.0,1650688214.0,147125610508.8
2026-07-16,300124,60.84,61.52,60.11,60.31,23100036.0,1403680985.0,145366080763.2
2026-07-17,300124,60.18,60.8,58.57,59.12,32048806.0,1913495001.0,142497806246.4
2026-07-20,300124,59.5,61.64,57.32,59.73,43665852.0,2570833700.0,143968098225.6
2026-07-21,300124,59.74,61.68,59.11,61.53,36180682.0,2204197904.0,148306664721.6
2026-07-22,300124,60.93,61.6,60.17,61.59,27912140.0,1695941304.0,148451283604.80002
2026-07-23,300124,60.98,62.7,60.23,62.36,27846701.0,1712174169.0,150307225939.2
2026-07-24,300124,61.5,61.5,59.35,59.35,27304656.0,1645039582.0,143052178632.0
2026-07-27,300124,58.99,59.88,58.78,59.48,20485379.0,1217323011.0,143365519545.6
2026-07-28,300124,58.8,59.47,58.2,58.67,23263956.0,1370000461.0,141413164622.4
2026-07-29,300124,58.72,62.0,58.51,61.61,40961550.0,2489218202.0,148499489899.2
