date,ticker,open,high,low,close,volume,amount,market_cap
2021-01-04,300413,69.37,70.04,66.91,69.55,10699034.0,769001897.0,64775855285.7
2021-01-05,300413,67.72,69.19,63.47,66.04,20654619.0,1416596177.0,61506793430.16
2021-01-06,300413,66.04,66.35,63.17,66.31,14688842.0,995241624.0,61758259726.740005
2021-01-07,300413,65.86,66.96,64.68,65.45,9061692.0,623655518.0,60957293004.3
2021-01-08,300413,64.89,67.33,63.35,67.18,11067537.0,760182341.0,62568540015.72001
2021-01-11,300413,71.09,75.27,70.18,74.43,20906503.0,1593233136.0,69320875757.22
2021-01-12,300413,75.23,77.46,72.43,76.1,14355430.0,1132977138.0,70876241369.4
2021-01-13,300413,76.33,82.18,76.33,80.06,16607784.0,1386634855.0,74564413719.24
2021-01-14,300413,78.12,81.67,76.51,79.95,11465533.0,950649634.0,74461964487.3
2021-01-15,300413,79.98,80.05,76.09,77.42,8073295.0,655178455.0,72105632152.68001
2021-01-18,300413,78.71,79.98,74.43,78.99,8591176.0,704439577.0,73567862099.45999
2021-01-19,300413,78.73,79.97,76.92,78.82,10458861.0,859719481.0,73409531468.28
2021-01-20,300413,78.73,82.82,77.45,81.58,9435516.0,799393693.0,75980075833.31999
2021-01-21,300413,82.3,87.83,82.3,86.37,13515347.0,1217094730.0,80441274205.98001
2021-01-22,300413,87.78,88.76,83.85,87.78,11750210.0,1060204670.0,81754487088.12
2021-01-25,300413,85.89,87.28,81.99,84.48,13815958.0,1222156960.0,78681010129.92
2021-01-26,300413,83.51,84.48,79.02,79.88,11071076.0,938956474.0,74396769521.51999
2021-01-27,300413,81.43,82.41,79.11,80.3,9643009.0,815961528.0,74787939316.2
2021-01-28,300413,80.58,82.04,76.82,77.11,9809503.0,807722871.0,71816911589.94
2021-01-29,300413,77.64,80.43,76.15,77.3,8297314.0,680942902.0,71993869354.2
2021-02-01,300413,79.19,79.19,75.71,78.19,9012495.0,731782497.0,72822776776.26
2021-02-02,300413,78.72,81.95,77.87,81.28,10487757.0,885559514.0,75700668837.12
2021-02-03,300413,80.45,82.33,79.22,80.86,9366120.0,793895421.0,75309499042.44
2021-02-04,300413,80.16,80.38,75.58,77.52,12079557.0,978931706.0,72198767818.08
2021-02-05,300413,78.68,79.29,76.28,77.87,8120365.0,661648377.0,72524742646.98001
2021-02-08,300413,77.92,78.45,75.39,77.35,7821650.0,629597105.0,72040437186.9
2021-02-09,300413,78.46,79.66,76.05,79.24,11222596.0,916788195.0,73800701262.95999
2021-02-10,300413,79.55,79.59,75.38,75.87,14980712.0,1202227594.0,70662029338.98001
2021-02-18,300413,77.01,77.77,68.19,68.79,27044910.0,2000753186.0,64068024228.66
2021-02-19,300413,68.74,70.14,67.58,69.1,22593670.0,1631005925.0,64356744791.399994
2021-02-22,300413,69.21,69.55,65.55,66.14,16274631.0,1137677371.0,61599929095.56
2021-02-23,300413,65.46,66.5,64.99,65.85,11757722.0,809394388.0,61329835665.899994
2021-02-24,300413,65.73,66.02,63.11,64.05,13365772.0,897122667.0,59653393688.7
2021-02-25,300413,64.22,64.41,62.87,63.0,9742550.0,648476477.0,58675469202.0
2021-02-26,300413,62.06,62.79,60.79,61.22,12540168.0,808865012.0,57017654357.88
2021-03-01,300413,62.22,63.56,62.22,63.17,11482082.0,758959814.0,58833799833.18
2021-03-02,300413,63.52,63.65,61.55,61.66,6801219.0,444578790.0,57427451285.64
2021-03-03,300413,62.06,63.1,61.21,63.0,6679840.0,436243010.0,58675469202.0
2021-03-04,300413,62.05,62.77,59.75,61.01,10209000.0,653407754.0,56822069460.54
2021-03-05,300413,59.6,63.52,59.24,63.39,11366203.0,737826495.0,59038698297.06
2021-03-08,300413,62.88,62.96,60.66,60.84,12250742.0,788495756.0,56663738829.36
2021-03-09,300413,60.46,60.84,58.1,58.31,11238959.0,697594166.0,54307406494.740005
2021-03-10,300413,59.17,59.8,57.26,57.46,7855856.0,483059100.0,53515753338.840004
2021-03-11,300413,57.66,59.17,57.08,57.73,10394472.0,631410630.0,53767219635.42
2021-03-12,300413,57.91,58.02,55.98,57.15,9853997.0,587377233.0,53227032776.1
2021-03-15,300413,56.84,56.84,53.63,54.8,13629148.0,781487830.0,51038344639.2
2021-03-16,300413,54.8,56.29,53.96,54.17,9616613.0,555197859.0,50451589947.18
2021-03-17,300413,54.59,56.22,53.44,56.02,10704040.0,620040733.0,52174599757.08
2021-03-18,300413,55.79,56.21,55.03,55.8,6658648.0,387066894.0,51969701293.2
2021-03-19,300413,54.86,55.39,53.63,53.83,7016377.0,399768352.0,50134928684.82
2021-03-22,300413,53.68,54.85,52.51,53.06,8659397.0,483002253.0,49417784061.240005
2021-03-23,300413,53.4,53.88,52.68,53.3,5354764.0,299352666.0,49641309658.2
2021-03-24,300413,52.87,54.63,52.06,53.97,9712671.0,546090046.0,50265318616.38
2021-03-25,300413,53.04,55.16,52.88,54.39,5770717.0,327728575.0,50656488411.06
2021-03-26,300413,54.4,56.93,54.39,55.77,10624782.0,623915345.0,51941760593.58
2021-03-29,300413,55.97,56.4,54.82,55.73,7208598.0,419969001.0,51904506327.42
2021-03-30,300413,55.25,56.47,55.05,55.36,6369441.0,371903249.0,51559904365.44
2021-03-31,300413,55.46,56.38,55.25,55.46,6518812.0,380632318.0,51653040030.840004
2021-04-01,300413,55.83,59.19,55.21,59.08,13619431.0,831308977.0,55024551118.32
2021-04-02,300413,58.53,60.02,57.63,59.44,8551210.0,529802766.0,55359839513.759995
2021-04-06,300413,60.12,61.81,60.12,61.0,11563272.0,740372318.0,56812755894.0
2021-04-07,300413,60.78,60.9,58.31,59.44,8154042.0,506285248.0,55359839513.759995
2021-04-08,300413,59.08,59.67,58.68,59.39,3690757.0,229385926.0,55313271681.06
2021-04-09,300413,58.99,60.08,58.78,59.73,5323385.0,332777982.0,55629932943.42
2021-04-12,300413,59.74,59.74,57.73,58.02,4676040.0,285924822.0,54037313065.08
2021-04-13,300413,57.66,58.57,56.34,56.84,5127631.0,307253487.0,52938312213.36
2021-04-14,300413,56.47,58.55,56.47,58.1,3583891.0,217630047.0,54111821597.4
2021-04-15,300413,57.65,57.97,56.67,57.61,3366291.0,201829258.0,53655456836.94
2021-04-16,300413,57.53,57.69,55.78,56.1,3438680.0,203127526.0,52249108289.4
2021-04-19,300413,56.03,58.27,55.51,58.15,6473060.0,390617091.0,54158389430.1
2021-04-20,300413,57.73,60.88,57.62,59.99,7395038.0,464841080.0,55872085673.46
2021-04-21,300413,60.12,60.52,59.42,60.34,5364768.0,337418302.0,56198060502.36
2021-04-22,300413,60.15,61.45,59.56,60.69,4501920.0,284807965.0,56524035331.259995
2021-04-23,300413,61.2,61.2,58.98,60.01,6055624.0,379290986.0,55890712806.54
2021-04-26,300413,63.95,65.64,62.26,62.89,18795951.0,1251365257.0,58573019970.06
2021-04-27,300413,62.84,65.77,62.84,64.91,12293571.0,835512123.0,60454360411.14
2021-04-28,300413,65.85,68.31,65.66,67.32,10914379.0,765342625.0,62698929947.27999
2021-04-29,300413,67.09,67.09,64.41,65.21,8113800.0,555867642.0,60733767407.34
2021-04-30,300413,65.16,65.51,64.11,64.94,6189995.0,419487749.0,60482301110.759995
2021-05-06,300413,65.08,65.08,62.5,63.36,9220444.0,613933393.0,59010757597.44
2021-05-07,300413,63.84,64.56,61.76,62.01,6359882.0,419699748.0,57753426114.54
2021-05-10,300413,62.17,64.88,61.24,64.09,7744198.0,517492843.0,59690647954.86
2021-05-11,300413,63.45,63.45,61.67,61.93,5616511.0,366065710.0,57678917582.22
2021-05-12,300413,61.93,62.88,60.65,62.32,5106905.0,331275805.0,58042146677.28
2021-05-13,300413,61.74,63.08,60.49,62.41,4594349.0,298362228.0,58125968776.14
2021-05-14,300413,62.67,63.31,61.79,62.18,6861003.0,448135475.0,57911756745.72
2021-05-17,300413,62.79,69.67,62.6,67.49,17894778.0,1267531551.0,62857260578.45999
2021-05-18,300413,67.47,70.23,67.33,68.9,10645734.0,767314349.0,64170473460.600006
2021-05-19,300413,69.93,70.11,66.8,67.17,4644869.0,329826587.0,62559226449.18
2021-05-20,300413,66.93,68.17,66.62,67.7,7150117.0,506235386.0,63052845475.8
2021-05-21,300413,67.96,68.64,66.2,66.89,4916160.0,345374813.0,62298446586.06
2021-05-24,300413,67.75,71.26,67.75,70.92,11299348.0,832821585.0,66051813901.68
2021-05-25,300413,70.62,72.93,69.66,72.41,8673272.0,653419258.0,67439535316.14
2021-05-26,300413,71.58,72.41,69.81,70.2,5920409.0,437455770.0,65381237110.8
2021-05-27,300413,69.74,72.89,69.74,72.27,6498685.0,489729072.0,67309145384.579994
2021-05-28,300413,71.59,72.53,69.82,70.17,5882877.0,434787334.0,65353296411.18
2021-05-31,300413,69.86,71.04,69.33,70.43,5664683.0,415329085.0,65595449141.22001
2021-06-01,300413,70.43,71.22,67.87,69.53,7704808.0,560309044.0,64757228152.62
2021-06-02,300413,69.79,70.0,66.93,67.68,8407649.0,594552351.0,63034218342.72001
2021-06-03,300413,67.4,68.17,65.02,65.32,8867697.0,609929286.0,60836216639.27999
2021-06-04,300413,64.91,67.58,64.6,66.55,6279050.0,437427888.0,61981785323.7
2021-06-07,300413,66.92,67.85,65.66,67.11,5323377.0,372138820.0,62503345049.94
2021-06-08,300413,67.34,67.97,66.33,67.53,5396030.0,380127474.0,62894514844.62
2021-06-09,300413,67.53,67.82,66.02,66.53,5555818.0,387156496.0,61963158190.62
2021-06-10,300413,65.96,69.2,65.93,67.97,8417871.0,600164388.0,63304311772.38
2021-06-11,300413,67.76,68.34,65.21,66.74,10077819.0,701435123.0,62158743087.95999
2021-06-15,300413,66.14,71.37,65.44,70.26,14959983.0,1081999604.0,65437118510.04001
2021-06-16,300413,70.35,70.6,65.96,66.82,6573205.0,464155616.0,62233251620.27999
2021-06-17,300413,66.89,67.74,66.16,67.17,4689003.0,328581114.0,62559226449.18
2021-06-18,300413,67.59,67.84,65.2,65.32,4780345.0,329597489.0,60836216639.27999
2021-06-21,300413,65.32,67.01,64.22,66.92,5135419.0,354808585.0,62326387285.68
2021-06-22,300413,67.34,67.87,64.37,64.91,5992942.0,407915699.0,60454360411.14
2021-06-23,300413,65.3,65.75,63.11,63.38,7126540.0,475622342.0,59029384730.520004
2021-06-24,300413,63.57,64.15,62.18,63.24,5075563.0,334571169.0,58898994798.96
2021-06-25,300413,63.15,64.14,62.16,62.98,6413555.0,420854473.0,58656842068.92
2021-06-28,300413,62.54,66.44,62.53,64.91,9100968.0,619308409.0,60454360411.14
2021-06-29,300413,64.55,67.04,64.55,66.28,6632427.0,459329243.0,61730319027.12
2021-06-30,300413,66.14,66.89,64.49,65.58,5279812.0,362052965.0,61078369369.32
2021-07-01,300413,65.53,67.14,64.58,65.8,4992345.0,343852205.0,61283267833.2
2021-07-02,300413,65.91,66.44,61.04,62.05,10395816.0,681912064.0,57790680380.7
2021-07-05,300413,63.55,63.86,56.99,58.51,15559756.0,956198074.0,54493677825.54
2021-07-06,300413,58.36,58.94,56.57,57.36,12084969.0,725126577.0,53422617673.44
2021-07-07,300413,57.65,58.1,55.22,56.79,12614040.0,745538915.0,52891744380.659996
2021-07-08,300413,56.0,57.34,54.63,55.04,14029581.0,814809693.0,51261870236.159996
2021-07-09,300413,54.64,55.76,53.74,54.76,11685111.0,665607319.0,51001090373.04
2021-07-12,300413,54.79,56.95,54.79,55.4,13004478.0,761635580.0,51597158631.6
2021-07-13,300413,55.87,59.01,55.35,58.14,10858282.0,656638646.0,54149075863.56
2021-07-14,300413,58.14,58.14,55.32,55.83,8137133.0,478435769.0,51997641992.82
2021-07-15,300413,56.28,57.56,55.39,57.34,6511939.0,386545652.0,53403990540.36
2021-07-16,300413,57.16,57.51,56.08,57.07,7123608.0,421967424.0,53152524243.78
2021-07-19,300413,56.62,57.0,55.16,56.01,7196424.0,418684735.0,52165286190.54
2021-07-20,300413,55.26,57.17,55.04,56.93,5109323.0,300876237.0,53022134312.22
2021-07-21,300413,56.93,57.65,55.85,56.08,7250571.0,430389584.0,52230481156.32
2021-07-22,300413,56.17,56.5,54.95,55.6,6253349.0,363771232.0,51783429962.4
2021-07-23,300413,55.49,56.55,54.69,55.13,6688652.0,387704012.0,51345692335.020004
2021-07-26,300413,54.59,54.96,51.28,51.6,9802111.0,537533046.0,48058003346.4
2021-07-27,300413,51.91,51.91,47.81,47.81,19926917.0,1018097113.0,44528161627.740005
2021-07-28,300413,47.99,51.27,46.9,50.38,21780813.0,1133397945.0,46921748228.520004
2021-07-29,300413,50.21,53.92,50.21,53.22,12297987.0,680191523.0,49566801125.88
2021-07-30,300413,53.22,54.27,51.6,52.66,10015932.0,551748629.0,49045241399.64
2021-08-02,300413,51.99,53.9,50.99,53.22,9308464.0,513584383.0,49566801125.88
2021-08-03,300413,53.28,54.16,52.46,53.24,7333523.0,410417190.0,49585428258.96
2021-08-04,300413,53.09,53.09,49.9,50.57,17223440.0,915545577.0,47098705992.78
2021-08-05,300413,51.61,51.61,47.52,48.0,15959849.0,811013597.0,44705119392.0
2021-08-06,300413,48.47,51.13,48.28,50.38,13157393.0,690626611.0,46921748228.520004
2021-08-09,300413,50.38,53.1,50.35,51.81,9815977.0,532469558.0,48253588243.740005
2021-08-10,300413,52.52,57.14,51.63,55.69,15510947.0,885181706.0,51867252061.259995
2021-08-11,300413,56.4,56.96,54.78,55.23,10197914.0,593375971.0,51438828000.42
2021-08-12,300413,56.7,57.0,54.09,54.59,11120842.0,643922288.0,50842759741.86
2021-08-13,300413,55.31,56.74,52.89,53.53,13173290.0,751219662.0,49855521688.62
2021-08-16,300413,54.49,54.49,51.86,52.94,10323056.0,571976937.0,49306021262.759995
2021-08-17,300413,52.68,53.31,50.64,50.95,9158876.0,494284024.0,47452621521.3
2021-08-18,300413,51.37,51.52,48.29,49.28,14306900.0,738136955.0,45897255909.12
2021-08-19,300413,49.53,53.38,49.53,52.87,15345955.0,841593171.0,49240826296.979996
2021-08-20,300413,53.22,53.22,50.28,50.92,11110136.0,593453067.0,47424680821.68
2021-08-23,300413,50.67,53.44,49.88,52.98,10943796.0,597483446.0,49343275528.92
2021-08-24,300413,52.77,53.15,51.7,52.29,6928941.0,378450223.0,48700639437.659996
2021-08-25,300413,50.74,53.2,50.27,51.78,8585849.0,465566272.0,48225647544.12
2021-08-26,300413,51.35,51.73,49.54,50.0,10165753.0,532377392.0,46567832700.0
2021-08-27,300413,49.64,49.99,43.02,45.7,38880314.0,1870322070.0,42562999087.8
2021-08-30,300413,44.93,45.03,40.83,43.19,41838617.0,1846740374.0,40225293886.259995
2021-08-31,300413,42.36,45.2,42.36,43.78,16387693.0,750445728.0,40774794312.12
2021-09-01,300413,43.4,43.46,41.9,42.25,21196218.0,939878133.0,39349818631.5
2021-09-02,300413,42.83,45.4,42.69,44.2,22600211.0,1053046395.0,41165964106.8
2021-09-03,300413,44.17,44.76,41.88,42.64,20885535.0,933221771.0,39713047726.56
2021-09-06,300413,42.18,43.13,41.92,42.74,12510181.0,555877339.0,39806183391.96
2021-09-07,300413,42.65,43.02,42.13,42.63,11169930.0,496441627.0,39703734160.020004
2021-09-08,300413,42.37,43.01,42.08,43.0,12263455.0,545292524.0,40048336122.0
2021-09-09,300413,42.54,42.67,40.16,41.26,20841751.0,898319289.0,38427775544.04
2021-09-10,300413,41.07,41.77,39.99,41.57,13216670.0,567760318.0,38716496106.78
2021-09-13,300413,41.11,41.39,40.01,40.57,15329561.0,647130282.0,37785139452.78
2021-09-14,300413,41.09,42.27,40.63,41.17,14512869.0,629769124.0,38343953445.18
2021-09-15,300413,41.16,41.58,40.22,41.24,9785615.0,419663351.0,38409148410.96
2021-09-16,300413,41.44,41.44,39.68,39.96,12291585.0,516698766.0,37217011893.840004
2021-09-17,300413,39.75,40.53,38.87,40.42,8186936.0,340007482.0,37645435954.68
2021-09-22,300413,39.21,40.39,39.2,39.59,6307126.0,262445046.0,36872409931.86
2021-09-23,300413,39.84,40.6,39.03,39.49,9619469.0,398158149.0,36779274266.46
2021-09-24,300413,39.45,42.92,39.45,42.22,21810769.0,956335863.0,39321877931.88
2021-09-27,300413,41.67,42.35,40.3,40.57,13869406.0,597678137.0,37785139452.78
2021-09-28,300413,40.63,41.58,39.69,40.34,12428683.0,525116098.0,37570927422.36
2021-09-29,300413,40.06,42.27,39.78,41.68,13436718.0,582407390.0,38818945338.72
2021-09-30,300413,41.68,43.97,41.49,41.67,16424339.0,728145634.0,38809631772.18
2021-10-08,300413,42.39,45.8,41.67,45.47,19964308.0,923344531.0,42348787057.38
2021-10-11,300413,45.48,46.08,43.7,43.88,13673000.0,636184553.0,40867929977.520004
2021-10-12,300413,43.44,43.93,37.08,37.46,32918168.0,1359739135.0,34888620258.840004
2021-10-13,300413,38.05,38.1,35.39,36.85,22998218.0,873934251.0,34320492699.9
2021-10-14,300413,36.57,38.54,36.08,37.65,18348505.0,722487063.0,35065578023.1
2021-10-15,300413,37.54,38.22,37.22,37.85,10850929.0,428363646.0,35251849353.9
2021-10-18,300413,38.03,38.03,36.22,36.7,14899153.0,571993842.0,34180789201.800003
2021-10-19,300413,37.02,37.14,36.15,36.59,8643738.0,330520124.0,34078339969.860004
2021-10-20,300413,37.09,38.23,36.88,37.29,16238404.0,637940789.0,34730289627.659996
2021-10-21,300413,37.32,37.76,36.81,37.46,6668405.0,260499136.0,34888620258.840004
2021-10-22,300413,38.82,40.68,38.44,39.55,21235056.0,879419880.0,36835155665.7
2021-10-25,300413,39.28,40.53,38.1,38.35,15114565.0,615797027.0,35717527680.9
2021-10-26,300413,38.25,38.71,37.16,37.43,12997514.0,511823070.0,34860679559.22
2021-10-27,300413,37.43,37.7,37.0,37.4,7909266.0,308978786.0,34832738859.6
2021-10-28,300413,37.67,37.9,36.15,36.45,11944952.0,458077413.0,33947950038.300003
2021-10-29,300413,36.54,37.68,36.14,37.56,14043475.0,545205387.0,34981755924.240005
2021-11-01,300413,37.42,38.41,37.12,37.47,11239224.0,442536745.0,34897933825.38
2021-11-02,300413,37.67,39.28,37.38,38.01,14859407.0,593490101.0,35400866418.54
2021-11-03,300413,38.0,41.97,37.82,40.63,24578523.0,1046215474.0,37841020852.020004
2021-11-04,300413,41.3,42.03,39.84,41.73,19286679.0,827405165.0,38865513171.42
2021-11-05,300413,41.01,45.27,40.66,43.78,29287672.0,1336897015.0,40774794312.12
2021-11-08,300413,43.3,43.83,42.1,42.97,13557525.0,609587373.0,40020395422.38
2021-11-09,300413,42.82,43.13,41.49,42.02,13350727.0,588930725.0,39135606601.08
2021-11-10,300413,41.98,42.48,40.42,41.11,16610422.0,715481286.0,38288072045.94
2021-11-11,300413,40.72,41.74,40.49,41.32,14173320.0,609645245.0,38483656943.28
2021-11-12,300413,41.54,41.57,40.29,40.42,11843451.0,505205437.0,37645435954.68
2021-11-15,300413,40.78,46.51,40.56,45.2,33006500.0,1534475658.0,42097320760.8
2021-11-16,300413,45.38,47.45,44.88,46.89,31683089.0,1543131118.0,43671313506.06
2021-11-17,300413,46.82,47.19,45.46,45.82,20285208.0,979460407.0,42674761886.28
2021-11-18,300413,46.36,46.42,43.68,44.32,20945447.0,973621585.0,41277726905.28
2021-11-19,300413,44.07,46.01,43.94,44.19,16047400.0,749533581.0,41156650540.259995
2021-11-22,300413,43.99,46.25,43.67,45.11,17921479.0,845470662.0,42013498661.94
2021-11-23,300413,44.67,44.91,43.74,44.65,14875171.0,688932464.0,41585074601.1
2021-11-24,300413,44.93,47.32,44.63,46.51,22571778.0,1088381207.0,43317397977.54
2021-11-25,300413,46.46,46.63,43.11,43.59,22712566.0,1063708654.0,40597836547.86
2021-11-26,300413,42.85,44.82,42.8,43.8,12064444.0,552645874.0,40793421445.2
2021-11-29,300413,43.11,43.78,41.49,41.79,21892161.0,968145979.0,38921394570.659996
2021-11-30,300413,42.6,43.12,41.4,41.59,13014183.0,569586389.0,38735123239.86
2021-12-01,300413,41.68,42.01,40.92,41.92,10968435.0,476935718.0,39042470935.68
2021-12-02,300413,41.37,41.92,40.92,41.48,11283652.0,487039180.0,38632674007.92
2021-12-03,300413,41.65,42.98,41.49,41.96,11313747.0,498734294.0,39079725201.840004
2021-12-06,300413,41.73,43.02,41.2,42.57,11486653.0,508927966.0,39647852760.78
2021-12-07,300413,42.78,43.33,42.27,43.2,11383837.0,511312026.0,40234607452.8
2021-12-08,300413,43.02,43.97,42.11,43.44,11464400.0,517028576.0,40458133049.759995
2021-12-09,300413,43.56,45.69,43.14,44.72,20682722.0,963615620.0,41650269566.88
2021-12-10,300413,44.22,45.34,43.76,44.08,20896345.0,972675231.0,41054201308.32
2021-12-13,300413,44.12,47.35,44.12,46.88,31511355.0,1520577075.0,43661999939.520004
2021-12-14,300413,46.72,49.93,46.44,47.88,33815613.0,1698493120.0,44593356593.520004
2021-12-15,300413,48.47,49.83,46.94,47.93,26918386.0,1370308252.0,44639924426.22
2021-12-16,300413,48.8,51.97,47.81,51.15,34347516.0,1809374543.0,47638892852.1
2021-12-17,300413,50.85,51.88,49.7,49.9,18723038.0,988151597.0,46474697034.6
2021-12-20,300413,50.19,50.19,47.03,47.32,22080453.0,1110204013.0,44071796867.28
2021-12-21,300413,47.55,48.86,47.21,47.86,12832806.0,643302413.0,44574729460.44
2021-12-22,300413,48.22,52.0,48.2,50.85,23660312.0,1247333635.0,47359485855.9
2021-12-23,300413,50.46,51.86,49.72,50.61,15244243.0,808937787.0,47135960258.94
2021-12-24,300413,50.67,52.75,50.67,51.34,16289162.0,881399558.0,47815850616.36
2021-12-27,300413,51.05,51.52,49.41,50.83,11123621.0,588631006.0,47340858722.82
2021-12-28,300413,51.29,51.29,49.34,49.96,10327235.0,541868076.0,46530578433.840004
2021-12-29,300413,49.19,49.61,47.82,48.42,16442803.0,833427029.0,45096289186.68
2021-12-30,300413,48.57,52.72,48.05,52.58,23620893.0,1271107224.0,48970732867.32
2021-12-31,300413,52.48,55.52,51.81,54.7,25694114.0,1458799907.0,50945208973.8
2022-01-04,300413,54.39,57.17,54.39,56.03,23380946.0,1369024052.0,52183913323.62
2022-01-05,300413,55.45,56.4,52.29,53.63,26835362.0,1509697029.0,49948657354.020004
2022-01-06,300413,52.83,53.1,50.18,52.31,19930829.0,1074982105.0,48719266570.740005
2022-01-07,300413,51.86,54.83,51.53,52.49,18841748.0,1048435100.0,48886910768.46
2022-01-10,300413,51.81,52.48,49.81,50.4,18084638.0,960333566.0,46940375361.6
2022-01-11,300413,50.66,50.67,46.15,46.98,28422232.0,1409292011.0,43755135604.92
2022-01-12,300413,46.85,47.13,46.05,46.38,19414474.0,945539666.0,43196321612.520004
2022-01-13,300413,46.2,46.58,43.64,44.04,29283668.0,1372851816.0,41016947042.159996
2022-01-14,300413,43.69,44.02,42.95,42.99,23154606.0,1049957744.0,40039022555.46
2022-01-17,300413,43.14,44.64,42.59,44.18,21374786.0,978775109.0,41147336973.72
2022-01-18,300413,44.19,44.92,43.11,43.67,18319803.0,840313384.0,40672345080.18
2022-01-19,300413,43.67,44.61,42.68,43.14,17295202.0,789179223.0,40178726053.56
2022-01-20,300413,43.16,43.4,41.12,41.69,28091921.0,1225281390.0,38828258905.259995
2022-01-21,300413,39.69,39.76,37.42,37.54,54416695.0,2182807569.0,34963128791.159996
2022-01-24,300413,37.54,37.77,36.8,37.29,21710327.0,847039679.0,34730289627.659996
2022-01-25,300413,37.29,37.38,35.51,35.54,28168564.0,1059530766.0,33100415483.16
2022-01-26,300413,35.75,35.92,33.84,34.59,28953725.0,1047042282.0,32215626661.860004
2022-01-27,300413,34.74,35.46,33.98,34.09,21338593.0,772390480.0,31749948334.860004
2022-01-28,300413,34.36,34.79,33.22,33.23,20255836.0,715613106.0,30948981612.42
2022-02-07,300413,33.52,33.7,32.52,32.89,19120560.0,659487209.0,30632320350.06
2022-02-08,300413,32.69,33.11,32.24,33.03,13967542.0,477764731.0,30762710281.620003
2022-02-09,300413,33.0,34.27,32.62,34.1,23665296.0,830122028.0,31759261901.4
2022-02-10,300413,34.1,35.46,33.69,34.83,23114661.0,838159138.0,32439152258.82
2022-02-11,300413,34.42,35.18,33.9,34.49,14295398.0,515797023.0,32122490996.460003
2022-02-14,300413,34.11,35.94,33.84,35.51,18489755.0,681690743.0,33072474783.539997
2022-02-15,300413,35.36,36.01,35.13,35.83,10751745.0,399607083.0,33370508912.82
2022-02-16,300413,36.02,36.26,35.35,35.48,8560928.0,320339667.0,33044534083.92
2022-02-17,300413,35.19,35.47,34.8,34.99,9721707.0,357011803.0,32588169323.460003
2022-02-18,300413,34.63,35.68,34.57,35.28,7579365.0,279182174.0,32858262753.120003
2022-02-21,300413,35.04,35.55,34.59,34.86,8441402.0,308746519.0,32467092958.44
2022-02-22,300413,34.42,34.42,32.03,32.88,28987788.0,995564128.0,30623006783.520004
2022-02-23,300413,32.68,33.97,32.64,33.69,15885193.0,554790789.0,31377405673.26
2022-02-24,300413,33.36,33.54,31.44,31.93,21290933.0,721902160.0,32622879658.94
2022-02-25,300413,32.31,33.67,32.31,32.76,17155145.0,592520865.0,33470890624.079998
2022-02-28,300413,33.12,33.25,31.69,32.63,16902029.0,569062411.0,33338069629.54
2022-03-01,300413,32.32,32.98,32.3,32.58,11138090.0,379411593.0,33286984631.64
2022-03-02,300413,32.5,32.64,32.06,32.57,9397912.0,317896731.0,33276767632.06
2022-03-03,300413,32.71,32.89,31.67,31.81,12482263.0,418262808.0,32500275663.98
2022-03-04,300413,31.45,32.48,31.26,32.33,14735960.0,495182855.0,33031559642.14
2022-03-07,300413,31.83,32.07,30.73,31.1,14992318.0,488865313.0,31774868693.800003
2022-03-08,300413,31.02,31.51,29.76,30.04,12309945.0,391712310.0,30691866738.32
2022-03-09,300413,30.15,30.26,27.87,29.21,15971349.0,485033268.0,29843855773.18
2022-03-10,300413,30.06,30.46,29.17,29.23,15160482.0,472827009.0,29864289772.34
2022-03-11,300413,28.18,29.33,28.05,29.11,17749373.0,533166795.0,29741685777.38
2022-03-14,300413,28.83,29.17,28.06,28.14,11060330.0,328747112.0,28750636818.12
2022-03-15,300413,27.7,28.15,26.59,26.59,15048517.0,432439919.0,27167001883.22
2022-03-16,300413,27.25,28.2,25.82,27.89,20085751.0,569279547.0,28495211828.62
2022-03-17,300413,29.01,29.94,28.5,29.08,20122371.0,613128170.0,29711034778.64
2022-03-18,300413,28.94,29.34,28.37,29.13,11424488.0,345069525.0,29762119776.539997
2022-03-21,300413,29.13,29.82,28.99,29.16,11825956.0,363148980.0,29792770775.28
2022-03-22,300413,29.03,30.18,28.65,29.99,14081869.0,437195153.0,30640781740.42
2022-03-23,300413,30.12,30.73,29.7,30.36,11159452.0,353269217.0,31018810724.88
2022-03-24,300413,29.97,30.05,29.31,29.73,9548422.0,296172145.0,30375139751.34
2022-03-25,300413,29.61,30.0,29.27,29.36,7646387.0,236628864.0,29997110766.88
2022-03-28,300413,29.5,30.47,29.39,30.3,14812485.0,466314536.0,30957508727.4
2022-03-29,300413,30.29,30.39,29.56,30.24,9928390.0,311212782.0,30896206729.92
2022-03-30,300413,30.2,30.9,29.76,30.83,11120431.0,354685810.0,31499009705.14
2022-03-31,300413,30.41,30.59,29.76,29.79,8957679.0,282181938.0,30436441748.82
2022-04-01,300413,29.44,30.85,29.21,30.5,13083372.0,415300544.0,31161848719.0
2022-04-06,300413,30.5,31.35,30.06,30.47,9748883.0,311209223.0,31131197720.26
2022-04-07,300413,30.12,30.5,29.46,30.02,10331913.0,324586466.0,30671432739.16
2022-04-08,300413,29.74,30.01,28.82,29.17,9256759.0,282963615.0,29802987774.86
2022-04-11,300413,28.97,29.19,27.96,28.34,8973362.0,266869521.0,28954976809.72
2022-04-12,300413,28.39,29.16,28.06,29.02,8101039.0,243746496.0,29649732781.16
2022-04-13,300413,28.68,29.11,28.06,28.09,6477502.0,193008290.0,28699551820.22
2022-04-14,300413,28.21,29.25,28.03,28.83,7133281.0,215084731.0,29455609789.14
2022-04-15,300413,28.69,28.7,27.61,27.99,8948207.0,262705049.0,28597381824.42
2022-04-18,300413,27.58,28.08,26.97,27.49,8802478.0,253553596.0,28086531845.42
2022-04-19,300413,27.49,27.87,26.87,27.77,8275229.0,237037241.0,28372607833.66
2022-04-20,300413,27.68,28.96,27.62,28.37,11553746.0,343661274.0,28985627808.460003
2022-04-21,300413,28.1,28.34,27.13,27.48,8624276.0,250413838.0,28076314845.84
2022-04-22,300413,27.15,27.3,26.18,27.08,10064785.0,281114904.0,27667634862.64
2022-04-25,300413,27.08,28.87,26.89,27.65,19642911.0,575481771.0,28250003838.699997
2022-04-26,300413,28.01,30.07,28.0,29.11,25682955.0,788269206.0,29741685777.38
2022-04-27,300413,29.42,31.15,28.3,30.8,23137202.0,724283209.0,31468358706.4
2022-04-28,300413,30.5,31.02,29.5,30.28,14034850.0,441531472.0,30937074728.24
2022-04-29,300413,30.57,35.32,30.31,34.22,36147816.0,1265571355.0,34962572562.76
2022-05-05,300413,33.46,34.22,32.91,33.55,18114293.0,635053518.0,34278033590.899998
2022-05-06,300413,32.64,32.65,31.55,32.1,14283470.0,479335224.0,32796568651.800003
2022-05-09,300413,31.72,33.06,31.65,32.68,11905966.0,405305467.0,33389154627.44
2022-05-10,300413,32.11,32.85,31.74,32.41,9629142.0,325542070.0,33113295638.779995
2022-05-11,300413,32.98,34.73,32.44,32.6,20588055.0,726865327.0,33307418630.800003
2022-05-12,300413,32.24,33.62,31.86,33.42,12020674.0,412478824.0,34145212596.36
2022-05-13,300413,33.42,33.55,32.69,33.16,7873587.0,272545498.0,33879570607.279995
2022-05-16,300413,33.16,34.61,33.02,33.64,10169585.0,361764730.0,34369986587.12
2022-05-17,300413,33.92,34.95,33.71,34.7,13966722.0,503569581.0,35452988542.600006
2022-05-18,300413,35.14,35.18,33.61,33.97,9956740.0,355366933.0,34707147573.26
2022-05-19,300413,33.37,33.7,32.18,33.41,13709536.0,472528322.0,34134995596.779995
2022-05-20,300413,33.46,34.59,33.46,34.32,9068479.0,324087140.0,35064742558.56
2022-05-23,300413,35.36,35.66,33.76,33.94,10892851.0,394014628.0,34676496574.52
2022-05-24,300413,34.56,37.33,34.56,35.79,27952586.0,1053982066.0,36566641496.82
2022-05-25,300413,35.85,37.19,35.18,36.05,20664213.0,778215824.0,36832283485.899994
2022-05-26,300413,35.87,36.78,34.89,36.6,14226366.0,537279126.0,37394218462.8
2022-05-27,300413,36.67,36.76,35.41,35.69,11297304.0,425207280.0,36464471501.02
2022-05-30,300413,35.66,35.71,34.41,34.74,11310171.0,413637634.0,35493856540.920006
2022-05-31,300413,34.52,34.8,33.63,34.62,13696409.0,489524017.0,35371252545.96
2022-06-01,300413,34.28,34.94,33.33,33.51,14507890.0,515966131.0,34237165592.579998
2022-06-02,300413,33.46,33.62,32.86,33.06,11943618.0,413271784.0,33777400611.480003
2022-06-06,300413,32.82,33.65,32.6,33.55,10748936.0,374690594.0,34278033590.899998
2022-06-07,300413,33.39,34.59,33.14,33.92,13975380.0,496431362.0,34656062575.36
2022-06-08,300413,34.04,34.11,32.87,33.36,10548789.0,368601914.0,34083910598.88
2022-06-09,300413,33.35,34.3,32.78,33.14,12764161.0,446937834.0,33859136608.12
2022-06-10,300413,32.81,35.02,32.34,34.66,18000834.0,640301062.0,35412120544.28
2022-06-13,300413,34.21,34.48,33.22,33.64,13558219.0,478065093.0,34369986587.12
2022-06-14,300413,33.19,33.74,32.6,33.7,10816350.0,375894988.0,34431288584.600006
2022-06-15,300413,33.77,34.39,33.26,33.34,15536593.0,547354845.0,34063476599.720005
2022-06-16,300413,33.29,35.24,33.22,34.35,15937530.0,574394182.0,35095393557.3
2022-06-17,300413,34.36,34.5,33.39,34.07,12486016.0,443228590.0,34809317569.06
2022-06-20,300413,34.08,35.54,33.59,35.21,16645886.0,604040980.0,35974055521.18
2022-06-21,300413,35.05,35.2,34.43,34.81,9018660.0,327791422.0,35565375537.98
2022-06-22,300413,34.81,34.94,32.22,32.47,19590273.0,682786404.0,33174597636.26
2022-06-23,300413,32.45,32.78,30.92,31.7,17591422.0,581910945.0,32387888668.6
2022-06-24,300413,31.55,32.46,31.54,32.07,9788691.0,327141525.0,32765917653.06
2022-06-27,300413,32.28,34.48,32.22,33.08,20234555.0,709090054.0,33797834610.64
2022-06-28,300413,32.93,33.08,32.03,32.4,19055298.0,644691098.0,33103078639.199997
2022-06-29,300413,32.13,32.64,31.57,31.58,15576380.0,521160437.0,32265284673.64
2022-06-30,300413,31.57,32.27,31.54,31.89,11381192.0,380484372.0,32582011660.62
2022-07-01,300413,31.79,32.4,31.41,31.45,15476579.0,514505478.0,32132463679.1
2022-07-04,300413,31.13,31.73,30.78,31.55,11967076.0,393911855.0,32234633674.9
2022-07-05,300413,31.55,31.82,30.27,30.6,14752367.0,474575436.0,31264018714.800003
2022-07-06,300413,30.54,30.74,29.85,30.18,10338989.0,325051915.0,30834904732.44
2022-07-07,300413,30.29,30.3,29.27,29.93,9784685.0,303024341.0,30579479742.94
2022-07-08,300413,30.11,30.84,30.0,30.51,10715908.0,340184611.0,31172065718.58
2022-07-11,300413,30.33,30.33,29.46,29.64,7477590.0,231319165.0,30283186755.12
2022-07-12,300413,29.86,29.94,29.13,29.49,7466541.0,230012205.0,30129931761.42
2022-07-13,300413,29.56,30.04,28.97,29.12,9460732.0,289625582.0,29751902776.960003
2022-07-14,300413,29.16,29.61,28.82,29.06,7017278.0,213563663.0,29690600779.48
2022-07-15,300413,29.08,29.08,28.24,28.25,13738106.0,409535929.0,28863023813.5
2022-07-18,300413,28.25,28.91,28.01,28.7,8566409.0,254386545.0,29322788794.6
2022-07-19,300413,28.7,29.12,28.51,29.08,6987115.0,209890154.0,29711034778.64
2022-07-20,300413,29.2,29.95,29.09,29.27,13115965.0,402711466.0,29905157770.66
2022-07-21,300413,29.28,30.31,29.17,30.09,16998755.0,529522232.0,30742951736.22
2022-07-22,300413,29.97,30.02,29.5,29.75,9502937.0,294332887.0,30395573750.5
2022-07-25,300413,29.58,29.72,29.19,29.55,5151676.0,157709003.0,30191233758.9
2022-07-26,300413,29.56,30.41,29.48,30.09,8121304.0,254456417.0,30742951736.22
2022-07-27,300413,30.02,31.19,29.86,30.63,11186608.0,357408058.0,31294669713.539997
2022-07-28,300413,30.6,30.68,30.2,30.33,6259393.0,198558676.0,30988159726.14
2022-07-29,300413,30.58,30.62,29.83,30.1,7486127.0,235613876.0,30753168735.800003
2022-08-01,300413,30.19,31.14,29.84,30.36,7710672.0,245036259.0,31018810724.88
2022-08-02,300413,29.85,29.85,28.41,28.97,10549760.0,318541834.0,29598647783.26
2022-08-03,300413,28.94,29.65,28.67,28.71,6973469.0,212229022.0,29333005794.18
2022-08-04,300413,28.95,29.31,28.68,28.91,6801160.0,205023047.0,29537345785.78
2022-08-05,300413,29.01,30.55,28.88,30.5,12103603.0,377601214.0,31161848719.0
2022-08-08,300413,30.52,30.69,30.28,30.43,6785119.0,215303806.0,31090329721.94
2022-08-09,300413,30.56,30.57,29.97,30.35,5140871.0,161848596.0,31008593725.300003
2022-08-10,300413,30.14,30.24,29.12,29.47,9944176.0,305833701.0,30109497762.26
2022-08-11,300413,29.64,30.83,29.49,30.74,14669886.0,464990877.0,31407056708.92
2022-08-12,300413,30.71,30.96,30.45,30.73,7151502.0,228628255.0,31396839709.34
2022-08-15,300413,30.77,30.81,29.97,30.73,10730491.0,340082856.0,31396839709.34
2022-08-16,300413,30.73,30.98,29.28,29.49,14941702.0,465157241.0,30129931761.42
2022-08-17,300413,29.5,29.53,28.81,29.36,10438836.0,316886645.0,29997110766.88
2022-08-18,300413,29.63,29.76,28.28,28.33,24650871.0,736360109.0,28944759810.14
2022-08-19,300413,28.25,29.19,28.16,28.35,17522366.0,522881539.0,28965193809.300003
2022-08-22,300413,28.34,28.44,27.71,28.41,12712059.0,372307163.0,29026495806.78
2022-08-23,300413,28.15,28.27,27.75,27.87,11372035.0,330711776.0,28474777829.460003
2022-08-24,300413,27.87,27.87,26.67,26.78,15037912.0,425062804.0,27361124875.24
2022-08-25,300413,26.91,27.33,26.49,27.15,10374326.0,290148046.0,27739153859.699997
2022-08-26,300413,27.1,27.82,26.91,26.92,10851242.0,309165401.0,27504162869.36
2022-08-29,300413,26.46,26.76,25.98,26.72,10390188.0,285515360.0,27299822877.76
2022-08-30,300413,26.63,27.12,26.59,26.81,8147289.0,227558056.0,27391775873.98
2022-08-31,300413,26.6,27.15,26.28,26.68,11345522.0,315797603.0,27258954879.44
2022-09-01,300413,26.64,27.12,26.44,26.52,8258617.0,230341730.0,27095482886.16
2022-09-02,300413,26.59,27.08,26.53,26.91,7778129.0,217625922.0,27493945869.78
2022-09-05,300413,26.88,26.91,26.22,26.42,8600694.0,237161921.0,26993312890.36
2022-09-06,300413,26.55,26.71,26.25,26.69,5995693.0,165490646.0,27269171879.02
2022-09-07,300413,26.52,26.64,26.0,26.09,9941505.0,271901174.0,26656151904.22
2022-09-08,300413,26.19,26.25,25.67,25.68,10543074.0,284085980.0,26237254921.44
2022-09-09,300413,25.67,25.99,25.46,25.96,7696022.0,207096836.0,26523330909.68
2022-09-13,300413,25.95,26.47,25.85,26.3,7457935.0,204135198.0,26870708895.4
2022-09-14,300413,25.77,26.38,25.73,26.15,6269274.0,170607037.0,26717453901.699997
2022-09-15,300413,26.3,26.92,25.92,26.1,13537480.0,373291487.0,26666368903.800003
2022-09-16,300413,25.94,26.26,25.06,25.12,9840825.0,262486432.0,25665102944.960003
2022-09-19,300413,24.91,25.15,24.51,24.84,9795584.0,252967296.0,25379026956.72
2022-09-20,300413,24.9,25.04,24.4,24.63,9333585.0,240072078.0,25164469965.539997
2022-09-21,300413,24.48,25.09,24.07,24.87,8477256.0,217675121.0,25409677955.460003
2022-09-22,300413,24.87,25.0,24.46,24.5,6171390.0,158582401.0,25031648971.0
2022-09-23,300413,24.39,24.54,23.73,23.99,7576051.0,190371490.0,24510581992.42
2022-09-26,300413,23.98,24.24,23.7,23.79,5826296.0,145525605.0,24306242000.82
2022-09-27,300413,23.8,24.84,23.8,24.78,9701884.0,246855264.0,25317724959.24
2022-09-28,300413,24.62,24.88,24.4,24.42,6537814.0,167579240.0,24949912974.36
2022-09-29,300413,24.67,24.94,23.75,23.8,9909784.0,249926322.0,24316459000.4
2022-09-30,300413,23.72,24.1,23.62,23.93,6765247.0,168446959.0,24449279994.94
2022-10-10,300413,23.72,23.78,22.68,22.68,11191290.0,268689902.0,23172155047.44
2022-10-11,300413,22.74,22.9,22.13,22.73,7964729.0,186606186.0,23223240045.34
2022-10-12,300413,22.57,23.15,22.26,23.13,7530186.0,177511684.0,23631920028.539997
2022-10-13,300413,23.13,23.92,22.94,23.48,8717488.0,213200113.0,23989515013.84
2022-10-14,300413,23.6,24.72,23.53,24.28,13362797.0,337485033.0,24806874980.24
2022-10-17,300413,24.09,24.75,24.06,24.35,6451671.0,164414462.0,24878393977.300003
2022-10-18,300413,24.54,24.62,24.06,24.2,8583419.0,217307615.0,24725138983.6
2022-10-19,300413,24.06,24.32,23.72,23.97,5943830.0,148666965.0,24490147993.26
2022-10-20,300413,24.36,24.55,23.62,23.92,10858921.0,272933736.0,24439062995.36
2022-10-21,300413,24.04,24.15,23.24,23.24,8888839.0,217435729.0,23744307023.92
2022-10-24,300413,23.25,23.76,22.25,22.25,10767269.0,256688322.0,22732824065.5
2022-10-25,300413,22.01,22.08,19.85,20.0,29857147.0,641199804.0,20433999160.0
2022-10-26,300413,20.14,21.36,20.14,20.89,26239998.0,569664851.0,21343312122.62
2022-10-27,300413,20.97,21.54,20.95,21.17,14025477.0,310741875.0,21629388110.86
2022-10-28,300413,21.18,21.34,20.35,20.45,11990884.0,260083020.0,20893764141.1
2022-10-31,300413,20.38,21.29,20.34,21.05,10106525.0,220558375.0,21506784115.9
2022-11-01,300413,21.02,21.9,20.8,21.9,13211965.0,294735886.0,22375229080.199997
2022-11-02,300413,22.37,23.95,22.08,23.09,35059324.0,848445492.0,23591052030.22
2022-11-03,300413,22.56,23.32,22.46,22.66,14501752.0,343764869.0,23151721048.28
2022-11-04,300413,22.75,23.66,22.57,23.31,16979355.0,409669129.0,23815826020.98
2022-11-07,300413,23.13,24.47,23.03,24.37,22932241.0,571211653.0,24898827976.460003
2022-11-08,300413,24.55,24.55,23.52,24.07,20381061.0,508524512.0,24592317989.06
2022-11-09,300413,23.76,24.0,23.52,23.52,9932349.0,245102857.0,24030383012.16
2022-11-10,300413,23.26,24.04,23.23,23.83,10212507.0,252444296.0,24347109999.14
2022-11-11,300413,24.57,24.81,23.95,24.42,18858315.0,479074358.0,24949912974.36
2022-11-14,300413,24.46,24.76,23.92,24.04,10760609.0,271647514.0,24561666990.32
2022-11-15,300413,23.85,25.55,23.85,25.36,19271101.0,501815820.0,25910310934.88
2022-11-16,300413,25.46,26.33,25.04,25.08,19337251.0,516262743.0,25624234946.64
2022-11-17,300413,25.24,26.2,25.05,25.47,22466419.0,598650160.0,26022697930.26
2022-11-18,300413,25.57,26.8,25.57,25.68,24205404.0,658835255.0,26237254921.44
2022-11-21,300413,25.34,25.39,24.54,24.74,13690952.0,353558763.0,25276856960.92
2022-11-22,300413,24.58,24.97,24.04,24.27,13591239.0,345561896.0,24796657980.66
2022-11-23,300413,24.36,24.48,23.78,24.16,10657065.0,267525504.0,24684270985.28
2022-11-24,300413,24.35,24.43,23.71,23.8,9144209.0,228078192.0,24316459000.4
2022-11-25,300413,23.84,24.02,23.52,23.65,9486451.0,234412270.0,24163204006.699997
2022-11-28,300413,23.23,23.8,23.01,23.77,9320061.0,227098106.0,24285808001.66
2022-11-29,300413,23.71,24.76,23.71,24.52,12121183.0,308255717.0,25052082970.16
2022-11-30,300413,24.46,24.57,23.99,24.17,9214287.0,232616466.0,24694487984.86
2022-12-01,300413,24.75,25.74,24.58,25.46,20252555.0,534088543.0,26012480930.68
2022-12-02,300413,25.16,25.46,25.04,25.22,8917193.0,234336239.0,25767272940.76
2022-12-05,300413,25.53,26.12,25.33,25.92,16173610.0,435068556.0,26482462911.36
2022-12-06,300413,25.64,26.83,25.55,25.92,18964081.0,517098331.0,26482462911.36
2022-12-07,300413,25.92,26.31,25.25,25.67,14171683.0,380143608.0,26227037921.86
2022-12-08,300413,25.52,25.99,25.35,25.57,13711715.0,365546448.0,26124867926.06
2022-12-09,300413,25.56,25.63,24.84,25.45,12424285.0,326456586.0,26002263931.1
2022-12-12,300413,25.46,25.8,25.15,25.24,10951760.0,289167925.0,25787706939.92
2022-12-13,300413,25.1,26.49,24.97,25.92,21724160.0,588025511.0,26482462911.36
2022-12-14,300413,25.91,26.64,25.17,26.25,20117176.0,545091235.0,26819623897.5
2022-12-15,300413,26.05,26.82,26.02,26.55,17852830.0,492902591.0,27126133884.9
2022-12-16,300413,26.31,26.56,25.85,26.43,12049959.0,329863343.0,27003529889.94
2022-12-19,300413,26.18,27.39,26.17,26.54,19732703.0,552928812.0,27115916885.32
2022-12-20,300413,26.62,26.84,25.57,25.79,11349623.0,308098846.0,26349641916.82
2022-12-21,300413,25.71,26.87,25.68,26.35,13350859.0,367707423.0,26921793893.300003
2022-12-22,300413,26.43,28.98,26.43,28.75,40876600.0,1201461404.0,29373873792.5
2022-12-23,300413,28.45,29.61,28.11,29.24,32819344.0,991840208.0,29874506771.92
2022-12-26,300413,28.75,30.1,28.71,29.43,18704441.0,576690864.0,30068629763.94
2022-12-27,300413,29.43,30.35,28.89,29.96,19150190.0,597797582.0,30610130741.68
2022-12-28,300413,29.77,30.21,29.25,29.37,14651334.0,452947851.0,30007327766.460003
2022-12-29,300413,29.14,29.63,28.67,28.76,15827597.0,478274811.0,29384090792.08
2022-12-30,300413,29.23,29.62,28.61,28.82,16892261.0,510768526.0,29445392789.56
2023-01-03,300413,28.89,30.84,28.63,30.51,26764475.0,839672184.0,31172065718.58
2023-01-04,300413,30.24,30.96,29.97,30.33,19915570.0,630448183.0,30988159726.14
2023-01-05,300413,30.21,32.16,30.21,32.0,32663350.0,1075306571.0,32694398656.0
2023-01-06,300413,31.68,32.63,31.58,31.86,18692428.0,624839999.0,32551360661.88
2023-01-09,300413,31.69,32.08,31.11,31.15,13072891.0,429726284.0,31825953691.699997
2023-01-10,300413,31.19,31.48,30.7,31.17,10389985.0,336061239.0,31846387690.86
2023-01-11,300413,31.1,31.1,30.39,30.5,9973182.0,318341047.0,31161848719.0
2023-01-12,300413,30.33,30.57,29.83,30.14,11204184.0,351093105.0,30794036734.12
2023-01-13,300413,30.15,30.67,29.95,30.61,12758661.0,403971715.0,31274235714.38
2023-01-16,300413,30.62,31.13,29.98,30.76,15423504.0,491413224.0,31427490708.08
2023-01-17,300413,30.76,30.86,29.83,30.33,13913343.0,438716591.0,30988159726.14
2023-01-18,300413,30.09,32.02,30.02,31.88,18493177.0,605457650.0,32571794661.039997
2023-01-19,300413,31.51,31.66,31.1,31.58,12609176.0,411645984.0,32265284673.64
2023-01-20,300413,31.63,31.77,30.43,30.79,16978966.0,545554125.0,31458141706.82
2023-01-30,300413,31.1,31.23,29.52,29.84,19207361.0,598940627.0,30487526746.72
2023-01-31,300413,29.84,30.11,29.05,29.26,14032425.0,429313282.0,29894940771.08
2023-02-01,300413,29.27,30.14,28.94,29.95,17200406.0,528957262.0,30599913742.1
2023-02-02,300413,29.99,33.04,29.73,31.98,37185291.0,1227630158.0,32673964656.84
2023-02-03,300413,31.98,33.2,31.98,33.07,20543070.0,698615602.0,33787617611.06
2023-02-06,300413,32.66,33.55,32.17,33.36,19992600.0,689158531.0,34083910598.88
2023-02-07,300413,33.29,34.07,32.75,33.57,13432009.0,468699980.0,34298467590.06
2023-02-08,300413,33.47,33.47,32.17,32.67,14012014.0,476436615.0,33378937627.86
2023-02-09,300413,32.5,32.8,32.06,32.63,7780264.0,263104908.0,33338069629.54
2023-02-10,300413,32.61,33.59,32.42,33.16,10746974.0,371720885.0,33879570607.279995
2023-02-13,300413,33.12,33.93,32.74,33.62,11943705.0,415447795.0,34349552587.96
2023-02-14,300413,33.6,33.9,32.83,32.94,7264731.0,251470173.0,33654796616.519997
2023-02-15,300413,32.78,33.15,32.62,32.92,7697606.0,263391374.0,33634362617.36
2023-02-16,300413,32.74,34.7,32.73,33.54,15646181.0,554719738.0,34267816591.32
2023-02-17,300413,33.42,33.9,32.19,32.31,10723502.0,365613902.0,33011125642.980003
2023-02-20,300413,32.29,33.68,31.77,33.31,15752595.0,542121693.0,34032825600.980003
2023-02-21,300413,33.02,33.31,31.7,32.03,13934161.0,466463778.0,32725049654.74
2023-02-22,300413,31.66,32.17,31.41,31.58,9978347.0,329261191.0,32265284673.64
2023-02-23,300413,31.95,31.96,31.13,31.6,7163256.0,234733584.0,32285718672.800003
2023-02-24,300413,31.48,31.54,31.02,31.34,5714945.0,186070931.0,32020076683.72
2023-02-27,300413,31.04,31.26,30.79,30.98,6017169.0,194142666.0,31652264698.84
2023-02-28,300413,31.2,32.74,31.2,32.17,12896132.0,432229647.0,32868087648.86
2023-03-01,300413,32.34,33.6,31.97,33.4,14773210.0,509372818.0,34124778597.199997
2023-03-02,300413,33.14,34.75,33.11,34.43,15154963.0,540202589.0,35177129553.94
2023-03-03,300413,34.43,34.75,33.81,34.46,7145758.0,255598171.0,35207780552.68
2023-03-06,300413,34.29,34.7,33.56,33.8,11164081.0,396280237.0,34533458580.399994
2023-03-07,300413,33.84,35.6,33.26,33.5,13458673.0,480888733.0,34226948593.0
2023-03-08,300413,33.5,34.33,33.12,34.19,9236761.0,327198590.0,34931921564.02
2023-03-09,300413,34.36,35.59,34.1,34.65,12031726.0,438268405.0,35401903544.7
2023-03-10,300413,34.38,34.63,33.61,33.7,11376736.0,402685625.0,34431288584.600006
2023-03-13,300413,33.58,34.87,33.53,34.65,10987993.0,393734923.0,35401903544.7
2023-03-14,300413,34.47,35.44,33.79,33.91,8105934.0,290883175.0,34645845575.78
2023-03-15,300413,34.09,34.36,33.21,33.37,7521498.0,262793486.0,34094127598.46
2023-03-16,300413,33.36,34.25,33.17,33.79,8955466.0,315226357.0,34523241580.82
2023-03-17,300413,34.06,35.51,33.95,35.24,19433822.0,708584025.0,36004706519.920006
2023-03-20,300413,35.52,37.91,35.47,36.34,22077655.0,846712877.0,37128576473.72
2023-03-21,300413,36.35,36.76,35.26,35.52,16361622.0,612590004.0,36290782508.16
2023-03-22,300413,35.61,35.95,34.6,35.32,16431110.0,603497688.0,36086442516.56
2023-03-23,300413,35.04,36.21,34.9,35.21,11587269.0,428311743.0,35974055521.18
2023-03-24,300413,35.28,36.76,35.27,36.56,18259312.0,688765583.0,37353350464.48
2023-03-27,300413,36.45,39.24,36.38,38.57,35452940.0,1406831022.0,39406967380.06
2023-03-28,300413,37.85,38.59,36.68,37.64,15923321.0,622836402.0,38456786419.12
2023-03-29,300413,37.64,38.09,35.42,35.71,21875772.0,825671980.0,36484905500.18
2023-03-30,300413,35.42,35.93,34.61,35.22,13804887.0,506195339.0,35984272520.76
2023-03-31,300413,35.15,35.89,34.3,35.75,12521499.0,459626216.0,36525773498.5
2023-04-03,300413,35.9,42.23,35.9,40.12,52008761.0,2113105363.0,40990602314.96
2023-04-04,300413,40.41,40.79,38.41,39.06,26856362.0,1106175171.0,39907600359.48
2023-04-06,300413,37.88,38.59,37.24,37.9,18932829.0,747563028.0,38722428408.2
2023-04-07,300413,37.97,38.78,36.55,36.96,28838630.0,1127200366.0,37762030447.68
2023-04-10,300413,37.24,38.57,36.6,36.74,24892073.0,973895317.0,37537256456.920006
2023-04-11,300413,36.63,39.16,36.28,37.67,29285563.0,1151067947.0,38487437417.86
2023-04-12,300413,37.19,39.58,37.19,38.54,32651038.0,1308275180.0,39376316381.32
2023-04-13,300413,38.39,40.38,37.64,38.01,33123509.0,1350930673.0,38834815403.579994
2023-04-14,300413,37.7,37.91,35.33,36.84,29612561.0,1120866464.0,37639426452.72
2023-04-17,300413,36.02,36.02,33.09,33.47,57952686.0,2057339880.0,34196297594.26
2023-04-18,300413,33.31,33.54,32.23,32.94,25956361.0,887508259.0,33654796616.519997
2023-04-19,300413,32.68,34.1,32.64,32.73,23447411.0,814550420.0,33440239625.339996
2023-04-20,300413,32.64,33.41,32.47,32.92,17295843.0,592637447.0,33634362617.36
2023-04-21,300413,32.64,32.92,31.18,31.33,21367288.0,705623095.0,32009859684.14
2023-04-24,300413,31.35,34.17,31.17,33.47,38857258.0,1346573287.0,34196297594.26
2023-04-25,300413,33.48,33.75,31.98,32.45,27762652.0,946908831.0,33154163637.100002
2023-04-26,300413,32.21,33.19,31.37,32.74,35747688.0,1208334850.0,33450456624.920002
2023-04-27,300413,32.16,33.89,31.96,33.08,28364353.0,969188998.0,33797834610.64
2023-04-28,300413,32.73,34.44,32.41,34.44,32181589.0,1129349848.0,35187346553.52
2023-05-04,300413,33.92,36.86,33.32,35.83,37153213.0,1359832792.0,36607509495.14
2023-05-05,300413,35.3,35.88,34.17,34.21,24437888.0,887476697.0,34952355563.18
2023-05-08,300413,34.34,34.42,32.39,32.69,26900350.0,923964789.0,33399371627.019997
2023-05-09,300413,32.7,33.2,31.68,31.77,19602106.0,659499421.0,32459407665.66
2023-05-10,300413,31.68,32.69,31.2,31.6,17027470.0,565102381.0,32285718672.800003
2023-05-11,300413,31.77,34.31,31.67,33.42,32447245.0,1117969376.0,34145212596.36
2023-05-12,300413,33.74,33.74,31.68,31.79,23325986.0,790976813.0,32479841664.82
2023-05-15,300413,31.34,31.62,28.73,29.92,42418132.0,1315447312.0,30569262743.36
2023-05-16,300413,30.0,30.23,28.69,28.88,24884384.0,757296824.0,29506694787.039997
2023-05-17,300413,28.61,29.25,28.48,28.94,14585702.0,439440974.0,29567996784.52
2023-05-18,300413,28.82,29.13,28.54,28.89,17395605.0,522025559.0,29516911786.62
2023-05-19,300413,28.75,28.9,28.03,28.34,15798501.0,467726497.0,28954976809.72
2023-05-22,300413,28.18,28.44,27.48,28.11,20860227.0,606822649.0,28719985819.38
2023-05-23,300413,28.07,28.7,27.94,28.11,12861308.0,378881647.0,28719985819.38
2023-05-24,300413,28.06,28.16,27.58,27.68,9945572.0,287994986.0,28280654837.44
2023-05-25,300413,27.62,27.8,26.78,27.4,14536204.0,412113037.0,27994578849.199997
2023-05-26,300413,27.4,27.78,27.01,27.72,11620267.0,332715994.0,28321522835.76
2023-05-29,300413,27.65,27.91,26.9,27.1,12954833.0,368400804.0,27688068861.800003
2023-05-30,300413,26.98,27.93,26.59,27.84,19492418.0,552023301.0,28444126830.72
2023-05-31,300413,27.64,28.35,27.41,28.09,21692284.0,631399500.0,28699551820.22
2023-06-01,300413,27.81,29.06,27.57,28.68,25022250.0,744442856.0,29302354795.44
2023-06-02,300413,28.73,29.05,28.43,28.85,16669059.0,500250576.0,29476043788.300003
2023-06-05,300413,28.75,31.42,28.75,30.67,39017162.0,1243269029.0,31335537711.86
2023-06-06,300413,30.23,30.93,29.95,30.25,24905420.0,788588716.0,30906423729.5
2023-06-07,300413,30.36,31.32,30.06,30.59,20028176.0,640278678.0,31253801715.22
2023-06-08,300413,30.58,30.58,29.29,29.86,17435171.0,540266524.0,30507960745.88
2023-06-09,300413,29.96,30.91,29.56,30.57,21886927.0,690165811.0,31233367716.06
2023-06-12,300413,30.87,33.36,30.68,32.92,38666690.0,1296649120.0,33634362617.36
2023-06-13,300413,32.91,37.42,32.87,36.53,63991017.0,2351472247.0,37322699465.74
2023-06-14,300413,36.35,37.91,36.16,36.82,47009081.0,1807772463.0,37618992453.56
2023-06-15,300413,37.18,38.33,36.86,37.21,35995718.0,1402905462.0,38017455437.18
2023-06-16,300413,36.92,37.58,35.95,36.9,30230903.0,1157924847.0,37700728450.2
2023-06-19,300413,37.26,38.83,36.6,38.69,35375684.0,1400813405.0,39529571375.02
2023-06-20,300413,38.38,39.21,37.44,38.59,26263614.0,1044147791.0,39427401379.22
2023-06-21,300413,38.37,38.39,35.9,35.99,31233445.0,1194615095.0,36770981488.420006
2023-06-26,300413,36.01,36.59,34.26,34.6,27601611.0,1014944175.0,35350818546.8
2023-06-27,300413,34.73,34.96,33.85,34.8,20435696.0,737496218.0,35555158538.399994
2023-06-28,300413,34.6,34.6,32.45,33.5,23688130.0,819865673.0,34226948593.0
2023-06-29,300413,33.86,33.96,32.65,33.26,17899537.0,618870414.0,33981740603.079998
2023-06-30,300413,33.25,33.62,32.27,32.84,14559893.0,497121491.0,33552626620.720005
2023-07-03,300413,33.06,33.25,31.55,32.5,24738582.0,829807658.0,33205248635.0
2023-07-04,300413,32.32,32.66,31.76,32.43,16722502.0,561160807.0,33133729637.94
2023-07-05,300413,32.22,33.02,31.91,32.02,13887927.0,468015422.0,32714832655.160004
2023-07-06,300413,31.94,33.36,31.59,32.32,18166386.0,617493034.0,33021342642.56
2023-07-07,300413,31.88,32.44,31.21,31.97,10792876.0,357431506.0,32663747657.26
2023-07-10,300413,31.97,32.5,31.76,32.34,9239551.0,310480714.0,33041776641.720005
2023-07-11,300413,32.38,32.66,31.78,31.89,9520339.0,317371461.0,32582011660.62
2023-07-12,300413,31.78,32.11,31.13,31.47,11103750.0,363613674.0,32152897678.26
2023-07-13,300413,31.49,34.15,31.28,33.82,25337921.0,867957068.0,34553892579.56
2023-07-14,300413,33.83,34.15,33.07,33.5,15332926.0,532986103.0,34226948593.0
2023-07-17,300413,33.23,33.97,32.18,32.39,12179371.0,414680249.0,33092861639.62
2023-07-18,300413,32.65,32.65,31.92,32.18,7254565.0,242834689.0,32878304648.44
2023-07-19,300413,32.2,33.36,32.04,32.93,9963057.0,339234859.0,33644579616.94
2023-07-20,300413,32.92,32.95,31.71,31.85,9044275.0,302139023.0,32541143662.300003
2023-07-21,300413,31.85,32.17,31.11,31.46,7873701.0,257659893.0,32142680678.68
2023-07-24,300413,31.19,32.1,30.93,31.93,8665639.0,284628346.0,32622879658.94
2023-07-25,300413,32.28,33.82,32.09,33.22,20570903.0,705820164.0,33940872604.76
2023-07-26,300413,33.73,33.82,31.56,33.51,17010134.0,574180173.0,34237165592.579998
2023-07-27,300413,32.76,33.1,31.89,32.32,14354025.0,481853349.0,33021342642.56
2023-07-28,300413,32.17,33.04,31.66,32.41,13661862.0,461453276.0,33113295638.779995
2023-07-31,300413,32.5,34.56,32.24,33.11,20744176.0,719181656.0,33828485609.38
2023-08-01,300413,33.34,33.78,32.55,32.68,10955493.0,374517653.0,33389154627.44
2023-08-02,300413,32.47,32.7,30.94,31.22,21827569.0,714261306.0,31897472688.76
2023-08-03,300413,31.27,31.9,31.17,31.34,8384374.0,273291981.0,32020076683.72
2023-08-04,300413,31.61,33.53,31.34,33.24,25144919.0,856438359.0,33961306603.920002
2023-08-07,300413,33.05,33.75,32.58,33.62,15665450.0,541643535.0,34349552587.96
2023-08-08,300413,33.44,33.89,32.93,33.07,9734696.0,337087132.0,33787617611.06
2023-08-09,300413,33.05,33.21,32.22,32.36,8807369.0,298223259.0,33062210640.88
2023-08-10,300413,32.36,32.7,32.01,32.26,5102342.0,171185442.0,32960040645.079998
2023-08-11,300413,32.26,32.75,31.7,31.71,5608229.0,186816552.0,32398105668.18
2023-08-14,300413,31.32,32.11,31.19,32.06,6601139.0,217379321.0,32755700653.480003
2023-08-15,300413,32.06,32.09,30.84,31.08,10558410.0,341755402.0,31754434694.64
2023-08-16,300413,30.9,31.03,29.15,29.5,22926112.0,707964298.0,30140148761.0
2023-08-17,300413,29.71,30.15,29.08,29.98,12506479.0,385934248.0,30630564740.84
2023-08-18,300413,29.57,29.72,28.14,28.16,25069543.0,744868082.0,28771070817.28
2023-08-21,300413,28.08,28.67,27.87,27.87,10046176.0,294318883.0,28474777829.460003
2023-08-22,300413,28.12,28.43,27.4,28.25,14921483.0,431676832.0,28863023813.5
2023-08-23,300413,28.22,28.22,27.66,27.7,8019375.0,232499243.0,28301088836.6
2023-08-24,300413,27.94,28.65,27.71,28.14,10838854.0,317352222.0,28750636818.12
2023-08-25,300413,27.85,28.09,27.45,27.62,9158652.0,263198294.0,28219352839.960003
2023-08-28,300413,29.27,29.67,27.66,27.73,14205920.0,418099461.0,28331739835.34
2023-08-29,300413,27.63,28.7,27.51,28.45,11490554.0,337741915.0,29067363805.1
2023-08-30,300413,28.67,29.1,28.41,28.85,10190591.0,305109283.0,29476043788.300003
2023-08-31,300413,28.67,28.97,28.43,28.46,7073709.0,210006506.0,29077580804.68
2023-09-01,300413,28.34,28.66,28.16,28.4,5900448.0,173588208.0,29016278807.199997
2023-09-04,300413,28.4,28.74,28.25,28.62,8181742.0,242233684.0,29241052797.960003
2023-09-05,300413,28.56,28.57,28.15,28.29,7247975.0,213042829.0,28903891811.82
2023-09-06,300413,28.09,28.15,27.7,27.83,7328400.0,211912895.0,28433909831.14
2023-09-07,300413,27.8,27.85,27.13,27.19,9457516.0,269076334.0,27780021858.02
2023-09-08,300413,27.15,27.27,26.63,26.98,6889502.0,192297482.0,27565464866.84
2023-09-11,300413,27.22,28.14,27.16,27.94,11387245.0,327564022.0,28546296826.52
2023-09-12,300413,27.93,27.97,27.34,27.44,7751818.0,222347076.0,28035446847.52
2023-09-13,300413,27.39,27.46,26.7,26.91,6204370.0,173652768.0,27493945869.78
2023-09-14,300413,26.8,26.98,26.57,26.81,5971312.0,165765509.0,27391775873.98
2023-09-15,300413,26.82,27.16,26.54,26.64,8456867.0,235929713.0,27218086881.12
2023-09-18,300413,26.64,27.03,26.3,26.66,5995956.0,166421221.0,27238520880.28
2023-09-19,300413,26.81,26.81,25.95,26.02,10637841.0,288960710.0,26584632907.16
2023-09-20,300413,25.9,26.21,25.83,25.83,5264446.0,142074097.0,26390509915.14
2023-09-21,300413,25.84,25.97,25.49,25.52,7438300.0,198370382.0,26073782928.16
2023-09-22,300413,25.55,26.57,25.45,26.39,8223671.0,223533205.0,26962661891.62
2023-09-25,300413,26.5,26.53,25.63,25.94,8281200.0,223005914.0,26502896910.52
2023-09-26,300413,25.99,26.98,25.92,26.78,14511250.0,401296368.0,27361124875.24
2023-09-27,300413,26.7,27.46,26.5,27.24,10674931.0,300039719.0,27831106855.92
2023-09-28,300413,27.36,27.39,26.94,27.28,7952414.0,224568380.0,27871974854.24
2023-10-09,300413,27.13,27.23,26.45,26.68,10521324.0,291873638.0,27258954879.44
2023-10-10,300413,26.78,27.12,26.7,26.88,5720430.0,159787154.0,27463294871.039997
2023-10-11,300413,27.01,27.89,26.82,27.66,10553471.0,301698495.0,28260220838.28
2023-10-12,300413,27.75,27.85,27.13,27.3,5246712.0,148828492.0,27892408853.4
2023-10-13,300413,27.13,27.25,26.31,26.47,9627955.0,265322981.0,27044397888.26
2023-10-16,300413,26.52,26.61,25.82,26.02,5953200.0,161398506.0,26584632907.16
2023-10-17,300413,26.02,26.3,25.89,25.97,4652109.0,125823091.0,26533547909.26
2023-10-18,300413,25.94,26.01,25.23,25.53,4930700.0,130632284.0,26083999927.74
2023-10-19,300413,25.43,25.76,25.27,25.34,4179424.0,110840356.0,25889876935.72
2023-10-20,300413,25.32,25.47,24.85,24.95,6541841.0,170129263.0,25491413952.1
2023-10-23,300413,24.86,24.94,24.15,24.42,6544500.0,165997014.0,24949912974.36
2023-10-24,300413,24.57,25.24,24.42,24.96,9249983.0,239042545.0,25501630951.68
2023-10-25,300413,25.26,25.27,23.43,23.54,27448049.0,680884962.0,24050817011.32
2023-10-26,300413,23.48,23.95,23.35,23.66,12877827.0,316139663.0,24173421006.28
2023-10-27,300413,23.51,24.43,23.17,24.21,12523855.0,310043290.0,24735355983.18
2023-10-30,300413,24.09,24.52,23.87,24.44,11774496.0,296290810.0,24970346973.52
2023-10-31,300413,24.67,25.02,24.09,24.37,11741331.0,297547739.0,24898827976.460003
2023-11-01,300413,24.38,24.94,24.11,24.33,10323623.0,262157726.0,24857959978.14
2023-11-02,300413,24.4,25.26,24.24,24.62,17408746.0,448598959.0,25154252965.960003
2023-11-03,300413,24.29,25.14,23.9,24.8,11059473.0,282436582.0,25338158958.4
2023-11-06,300413,25.05,27.42,24.98,27.27,35679822.0,982636946.0,27861757854.66
2023-11-07,300413,27.27,27.64,26.85,27.17,17662669.0,499208449.0,27759587858.86
2023-11-08,300413,26.87,28.95,26.87,28.18,38042995.0,1116918342.0,28791504816.44
2023-11-09,300413,27.85,28.26,27.55,27.99,18597808.0,538121198.0,28597381824.42
2023-11-10,300413,27.77,28.18,27.18,27.7,12772582.0,365883457.0,28301088836.6
2023-11-13,300413,28.02,28.22,27.47,27.69,12489159.0,360419264.0,28290871837.02
2023-11-14,300413,27.46,27.84,27.27,27.43,9678136.0,275909724.0,28025229847.94
2023-11-15,300413,27.69,27.7,27.06,27.33,10702938.0,302867365.0,27923059852.14
2023-11-16,300413,27.23,27.55,26.8,27.1,12496125.0,351569691.0,27688068861.800003
2023-11-17,300413,26.93,27.35,26.72,26.95,10373200.0,289607024.0,27534813868.1
2023-11-20,300413,26.86,27.15,26.57,26.7,14114580.0,391628933.0,27279388878.6
2023-11-21,300413,26.77,27.34,26.6,26.88,20374805.0,570480756.0,27463294871.039997
2023-11-22,300413,26.67,27.39,26.6,27.05,21024391.0,590152380.0,27636983863.9
2023-11-23,300413,26.64,26.72,25.85,26.51,17553915.0,478779038.0,27085265886.58
2023-11-24,300413,26.45,26.79,25.8,25.96,15340724.0,416837001.0,26523330909.68
2023-11-27,300413,25.61,25.64,24.99,25.32,15551789.0,407191444.0,25869442936.56
2023-11-28,300413,25.29,25.29,24.81,25.06,14074629.0,364722810.0,25603800947.48
2023-11-29,300413,25.15,25.22,24.76,24.9,9426330.0,244653605.0,25440328954.199997
2023-11-30,300413,24.81,25.2,24.72,24.87,7884278.0,203786011.0,25409677955.460003
2023-12-01,300413,24.9,26.16,24.79,25.92,23974016.0,636029349.0,26482462911.36
2023-12-04,300413,25.78,26.5,25.53,26.07,16487978.0,446051458.0,26635717905.06
2023-12-05,300413,25.98,28.18,25.35,26.59,33593095.0,920524578.0,27167001883.22
2023-12-06,300413,26.11,27.99,25.75,27.66,41189589.0,1159420905.0,28260220838.28
2023-12-07,300413,27.52,28.89,27.03,28.68,38377638.0,1115242485.0,29302354795.44
2023-12-08,300413,28.4,29.82,28.23,29.16,36167930.0,1085830243.0,29792770775.28
2023-12-11,300413,28.89,30.18,28.67,29.14,30556003.0,930999022.0,29772336776.12
2023-12-12,300413,29.23,29.6,28.73,29.1,23256142.0,700465426.0,29731468777.800003
2023-12-13,300413,28.99,30.17,28.92,29.57,27810691.0,855723731.0,30211667758.06
2023-12-14,300413,29.33,29.49,27.85,28.04,39080268.0,1159846650.0,28648466822.32
2023-12-15,300413,28.45,28.9,27.33,28.21,33581924.0,982973462.0,28822155815.18
2023-12-18,300413,27.72,28.26,27.41,27.5,15954945.0,457668510.0,28096748845.0
2023-12-19,300413,27.49,27.99,27.13,27.61,16244567.0,464534840.0,28209135840.38
2023-12-20,300413,27.64,27.84,26.6,26.7,14437720.0,403301347.0,27279388878.6
2023-12-21,300413,26.4,26.92,26.21,26.69,13798974.0,380718757.0,27269171879.02
2023-12-22,300413,26.59,26.64,24.38,24.67,39502424.0,1038092531.0,25205337963.86
2023-12-25,300413,24.67,25.32,24.26,24.85,22223899.0,571075869.0,25389243956.300003
2023-12-26,300413,25.07,25.24,24.04,24.12,17372862.0,439888283.0,24643402986.960003
2023-12-27,300413,24.26,24.42,23.51,23.61,17154731.0,422202488.0,24122336008.38
2023-12-28,300413,23.51,24.12,23.33,23.91,30980062.0,765844429.0,24428845995.78
2023-12-29,300413,23.81,24.72,23.74,24.28,32015585.0,808243936.0,24806874980.24
2024-01-02,300413,24.46,24.67,24.0,24.06,21644915.0,544225276.0,24582100989.48
2024-01-03,300413,23.93,24.76,23.72,24.56,27790231.0,702397795.0,25092950968.48
2024-01-04,300413,24.44,24.44,23.92,24.1,15766638.0,394196113.0,24622968987.800003
2024-01-05,300413,24.0,24.01,23.14,23.28,18234558.0,445874411.0,23785175022.24
2024-01-08,300413,23.13,23.34,22.57,22.68,16858466.0,399405363.0,23172155047.44
2024-01-09,300413,22.77,22.88,21.93,22.28,24594478.0,570382193.0,22763475064.24
2024-01-10,300413,22.16,22.16,21.51,21.67,17564462.0,396746705.0,22140238089.86
2024-01-11,300413,21.71,22.31,21.49,22.13,21878637.0,498646959.0,22610220070.539997
2024-01-12,300413,22.07,22.11,21.53,21.62,21253035.0,479549111.0,22089153091.960003
2024-01-15,300413,21.58,21.84,21.2,21.23,19946080.0,444291802.0,21690690108.34
2024-01-16,300413,21.14,21.32,20.82,21.3,17438041.0,380676837.0,21762209105.4
2024-01-17,300413,21.2,21.3,20.76,20.77,10240324.0,223711489.0,21220708127.66
2024-01-18,300413,20.66,21.04,20.17,20.94,19904919.0,424353952.0,21394397120.52
2024-01-19,300413,21.41,21.92,21.04,21.44,29635206.0,662653400.0,21905247099.52
2024-01-22,300413,21.22,21.47,20.19,20.36,19329363.0,417157200.0,20801811144.88
2024-01-23,300413,20.25,21.23,20.19,21.07,20859401.0,450486819.0,21527218115.06
2024-01-24,300413,21.92,22.11,21.12,21.78,32019571.0,715679527.0,22252625085.24
2024-01-25,300413,21.56,22.43,21.34,22.37,29697568.0,677280616.0,22855428060.460003
2024-01-26,300413,22.23,22.56,21.92,21.99,22091441.0,507907115.0,22467182076.42
2024-01-29,300413,21.94,22.17,21.42,21.58,16970698.0,381805085.0,22048285093.64
2024-01-30,300413,21.52,21.65,20.83,20.9,15047068.0,330946914.0,21353529122.199997
2024-01-31,300413,20.79,21.33,20.62,20.62,18061014.0,393704381.0,21067453133.960003
2024-02-01,300413,20.56,21.44,19.86,20.95,18894957.0,407420234.0,21404614120.1
2024-02-02,300413,20.93,21.39,19.27,20.2,23018371.0,488500160.0,20638339151.6
2024-02-05,300413,19.96,20.12,18.52,19.66,23824030.0,479958990.0,20086621174.28
2024-02-06,300413,19.3,21.56,19.14,21.55,24633993.0,527480284.0,22017634094.9
2024-02-07,300413,21.52,21.99,21.3,21.96,25109563.0,565368356.0,22436531077.68
2024-02-08,300413,22.16,22.67,21.64,22.66,24204549.0,558953807.0,23151721048.28
2024-02-19,300413,23.3,23.4,22.64,23.08,26087780.0,623819655.0,23580835030.64
2024-02-20,300413,23.08,23.15,22.42,22.86,20621713.0,487155352.0,23356061039.88
2024-02-21,300413,22.36,23.33,22.21,22.71,25883521.0,612747426.0,23202806046.18
2024-02-22,300413,22.42,23.15,22.37,23.02,18217002.0,432704576.0,23519533033.16
2024-02-23,300413,23.13,23.27,22.61,23.27,24784633.0,592367750.0,23774958022.66
2024-02-26,300413,23.14,23.3,22.61,22.92,24893253.0,592188824.0,23417363037.36
2024-02-27,300413,22.76,23.97,22.7,23.92,27930975.0,679650273.0,24439062995.36
2024-02-28,300413,23.92,24.18,22.46,22.47,38491399.0,935949910.0,22957598056.26
2024-02-29,300413,22.64,23.89,22.55,23.88,36030555.0,875354287.0,24398194997.039997
2024-03-01,300413,23.96,24.87,23.66,24.7,36614966.0,920592310.0,25235988962.6
2024-03-04,300413,24.57,24.71,23.89,24.28,28373130.0,713278713.0,24806874980.24
2024-03-05,300413,24.09,24.38,23.73,23.97,20177071.0,503335082.0,24490147993.26
2024-03-06,300413,23.83,24.23,23.63,23.91,15823769.0,393431719.0,24428845995.78
2024-03-07,300413,23.95,24.07,23.0,23.08,22106007.0,538018063.0,23580835030.64
2024-03-08,300413,23.08,23.42,22.93,23.29,14134397.0,339975749.0,23795392021.82
2024-03-11,300413,23.26,23.74,23.07,23.63,20068749.0,488392317.0,24142770007.539997
2024-03-12,300413,23.75,24.0,23.42,23.96,21135793.0,521613902.0,24479930993.68
2024-03-13,300413,23.96,24.46,23.77,24.05,27681127.0,693067317.0,24571883989.9
2024-03-14,300413,23.75,23.94,23.31,23.62,18888989.0,463161014.0,24132553007.960003
2024-03-15,300413,23.51,23.65,23.13,23.52,14585499.0,354037744.0,24030383012.16
2024-03-18,300413,23.64,24.28,23.45,24.19,23136012.0,573403150.0,24714921984.02
2024-03-19,300413,24.33,24.97,24.07,24.08,37215018.0,948922268.0,24602534988.64
2024-03-20,300413,24.08,25.61,24.08,25.61,52519032.0,1366750053.0,26165735924.38
2024-03-21,300413,25.9,26.13,25.23,25.26,37907477.0,1003621359.0,25808140939.08
2024-03-22,300413,25.27,26.1,24.81,25.81,41866525.0,1106866350.0,26370075915.98
2024-03-25,300413,26.44,26.5,24.47,24.49,40651442.0,1067240496.0,25021431971.42
2024-03-26,300413,24.28,24.53,23.64,24.19,25063044.0,625027619.0,24714921984.02
2024-03-27,300413,24.09,24.26,23.23,23.27,21004189.0,515643692.0,23774958022.66
2024-03-28,300413,23.22,23.9,23.2,23.58,18483288.0,453098239.0,24091685009.64
2024-03-29,300413,23.51,23.66,22.89,23.42,14593613.0,351326878.0,23928213016.36
2024-04-01,300413,23.55,24.41,23.45,24.36,18149144.0,452394839.0,24888610976.88
2024-04-02,300413,24.27,24.36,23.64,23.94,13966626.0,346357318.0,24459496994.52
2024-04-03,300413,23.76,23.8,23.1,23.25,14870700.0,359622249.0,23754524023.5
2024-04-08,300413,23.18,23.18,22.69,22.69,12104451.0,287401029.0,23182372047.02
2024-04-09,300413,22.84,23.27,22.63,23.16,9645814.0,229945950.0,23662571027.28
2024-04-10,300413,23.13,23.13,22.16,22.3,12916930.0,301837056.0,22783909063.4
2024-04-11,300413,22.15,22.82,22.1,22.42,10987070.0,257516415.0,22906513058.36
2024-04-12,300413,22.36,22.51,22.05,22.1,10148659.0,233992725.0,22579569071.800003
2024-04-15,300413,22.02,22.89,22.02,22.45,13893475.0,324051273.0,22937164057.1
2024-04-16,300413,22.25,22.62,21.7,21.81,12647343.0,290500848.0,22283276083.98
2024-04-17,300413,22.0,22.57,22.0,22.57,13006861.0,302612256.0,23059768052.06
2024-04-18,300413,22.46,22.89,22.08,22.49,13326152.0,311493332.0,22978032055.42
2024-04-19,300413,22.32,22.79,22.24,22.68,12587918.0,294981562.0,23172155047.44
2024-04-22,300413,21.92,21.92,21.01,21.39,26969937.0,600044022.0,21854162101.62
2024-04-23,300413,21.43,21.63,21.2,21.22,11517348.0,255039314.0,21680473108.76
2024-04-24,300413,21.24,21.57,20.95,21.54,11349209.0,251110849.0,22007417095.32
2024-04-25,300413,21.44,21.84,21.3,21.65,10440822.0,234048899.0,22119804090.699997
2024-04-26,300413,21.57,22.36,21.55,22.2,14469793.0,330840280.0,22681739067.6
2024-04-29,300413,22.43,22.96,22.41,22.79,17483734.0,413066260.0,23284542042.82
2024-04-30,300413,22.68,22.88,22.36,22.59,13104328.0,307076469.0,23080202051.22
2024-05-06,300413,23.02,23.2,22.63,22.74,15117580.0,359124671.0,23233457044.92
2024-05-07,300413,22.64,23.12,22.64,22.74,14040290.0,333369346.0,23233457044.92
2024-05-08,300413,22.6,22.6,22.0,22.09,13595277.0,312970371.0,22569352072.22
2024-05-09,300413,22.05,22.29,21.94,22.08,16967950.0,388901328.0,22559135072.64
2024-05-10,300413,22.06,22.45,21.61,21.68,17197849.0,389077014.0,22150455089.44
2024-05-13,300413,23.22,24.46,23.07,24.22,84716678.0,2088185488.0,24745572982.76
2024-05-14,300413,24.41,24.76,23.86,24.0,47714221.0,1199008776.0,24520798992.0
2024-05-15,300413,24.4,25.36,24.1,25.24,62143383.0,1597487040.0,25787706939.92
2024-05-16,300413,25.24,25.55,24.97,25.25,42892041.0,1123908100.0,25797923939.5
2024-05-17,300413,25.19,25.84,24.82,25.27,44578983.0,1168890817.0,25818357938.66
2024-05-20,300413,24.38,25.44,23.9,24.96,44836943.0,1151447349.0,25501630951.68
2024-05-21,300413,24.95,24.95,24.26,24.38,24150821.0,615642137.0,24909044976.039997
2024-05-22,300413,24.36,24.86,24.2,24.77,22529127.0,574200862.0,25307507959.66
2024-05-23,300413,24.57,24.92,23.9,24.19,21544099.0,541443260.0,24714921984.02
2024-05-24,300413,24.08,24.33,23.81,23.83,18259515.0,454333673.0,24347109999.14
2024-05-27,300413,23.71,23.86,22.48,22.81,32872605.0,781030079.0,23304976041.98
2024-05-28,300413,22.81,22.82,22.17,22.38,17360558.0,403061342.0,22865645060.039997
2024-05-29,300413,22.24,22.6,22.18,22.36,14002277.0,324842064.0,22845211060.88
2024-05-30,300413,22.16,22.43,21.92,22.21,12457622.0,286587347.0,22691956067.18
2024-05-31,300413,22.28,22.46,22.19,22.28,12703006.0,294526747.0,22763475064.24
2024-06-03,300413,22.36,22.72,22.09,22.55,17045422.0,397488368.0,23039334052.9
2024-06-04,300413,22.45,22.63,22.09,22.63,13529200.0,314237783.0,23121070049.539997
2024-06-05,300413,22.48,22.79,21.98,22.03,15160900.0,351415003.0,22508050074.74
2024-06-06,300413,21.97,22.21,21.28,21.45,22107922.0,493944432.0,21915464099.1
2024-06-07,300413,21.55,21.75,21.19,21.5,13752916.0,305833615.0,21966549097.0
2024-06-11,300413,21.3,21.6,20.86,21.58,12180362.0,269158928.0,22048285093.64
2024-06-12,300413,21.43,21.96,21.41,21.82,14394207.0,325255495.0,22293493083.56
2024-06-13,300413,21.67,21.83,21.54,21.61,8748900.0,196542047.0,22078936092.38
2024-06-14,300413,21.54,21.76,21.42,21.69,9244470.0,207135814.0,22160672089.02
2024-06-17,300413,21.52,21.52,21.18,21.22,14603070.0,322619568.0,21680473108.76
2024-06-18,300413,21.2,21.32,21.12,21.27,10028074.0,220865489.0,21731558106.66
2024-06-19,300413,21.24,21.28,20.57,20.61,20140653.0,434630347.0,21057236134.38
2024-06-20,300413,20.6,20.6,19.92,19.94,17082615.0,357305053.0,20372697162.52
2024-06-21,300413,19.94,20.2,19.76,19.94,10287546.0,213187750.0,20372697162.52
2024-06-24,300413,19.7,19.83,19.37,19.38,11941729.0,242044694.0,19800545186.039997
2024-06-25,300413,19.45,19.58,19.25,19.39,10525201.0,211855491.0,19810762185.62
2024-06-26,300413,19.39,20.52,19.16,20.37,21510115.0,446201498.0,20812028144.460003
2024-06-27,300413,20.25,20.57,19.95,20.0,11427416.0,239991441.0,20433999160.0
2024-06-28,300413,19.93,20.35,19.85,20.14,10502800.0,220248033.0,20577037154.12
2024-07-01,300413,20.03,20.22,19.62,20.04,9925092.0,204999540.0,20474867158.32
2024-07-02,300413,19.99,20.19,19.53,19.66,13992908.0,286985555.0,20086621174.28
2024-07-03,300413,19.59,19.62,19.34,19.49,9470652.0,191285566.0,19912932181.42
2024-07-04,300413,19.59,19.63,18.9,19.22,14853746.0,296064869.0,19637073192.76
2024-07-05,300413,19.18,19.35,18.54,19.21,13791216.0,271373701.0,19626856193.18
2024-07-08,300413,19.16,19.26,18.74,18.82,11246794.0,220314535.0,19228393209.56
2024-07-09,300413,18.91,19.25,18.4,19.12,13370737.0,261261658.0,19534903196.960003
2024-07-10,300413,19.11,19.56,19.01,19.15,9220315.0,182985527.0,19565554195.699997
2024-07-11,300413,19.55,19.86,19.3,19.72,12002232.0,241849362.0,20147923171.76
2024-07-12,300413,19.64,19.77,19.48,19.53,8359862.0,168594074.0,19953800179.74
2024-07-15,300413,19.39,19.55,19.16,19.37,7195782.0,143180566.0,19790328186.460003
2024-07-16,300413,19.29,19.56,19.2,19.54,7034431.0,140487897.0,19964017179.32
2024-07-17,300413,19.45,20.17,19.43,19.91,14296965.0,292781216.0,20342046163.78
2024-07-18,300413,19.92,19.94,19.27,19.54,14672484.0,294275888.0,19964017179.32
2024-07-19,300413,19.4,19.64,19.38,19.58,8934649.0,179597446.0,20004885177.64
2024-07-22,300413,19.53,19.62,19.25,19.46,8336970.0,166359077.0,19882281182.68
2024-07-23,300413,19.45,19.48,18.81,18.81,11309404.0,222132829.0,19218176209.98
2024-07-24,300413,18.77,18.9,18.38,18.48,9297038.0,177623390.0,18881015223.84
2024-07-25,300413,18.37,18.97,18.21,18.68,8587526.0,164734466.0,19085355215.44
2024-07-26,300413,18.72,18.97,18.63,18.89,6350420.0,123002849.0,19299912206.62
2024-07-29,300413,18.84,18.88,18.59,18.78,6335867.0,121999418.0,19187525211.24
2024-07-30,300413,18.69,18.85,18.5,18.84,6108460.0,117290207.0,19248827208.72
2024-07-31,300413,18.83,20.08,18.79,20.0,18587819.0,374876794.0,20433999160.0
2024-08-01,300413,20.03,20.08,19.72,19.78,8729614.0,178215511.0,20209225169.24
2024-08-02,300413,19.65,19.95,19.47,19.5,7223085.0,146439431.0,19923149181.0
2024-08-05,300413,19.4,20.2,19.35,19.56,16999510.0,346522278.0,19984451178.48
2024-08-06,300413,19.79,20.05,19.65,19.92,9187952.0,187698361.0,20352263163.36
2024-08-07,300413,19.82,20.05,19.66,19.9,7366086.0,150691194.0,20331829164.199997
2024-08-08,300413,19.76,20.27,19.59,20.16,10439616.0,214767040.0,20597471153.28
2024-08-09,300413,20.22,20.29,19.79,19.79,8145688.0,167836794.0,20219442168.82
2024-08-12,300413,19.75,20.03,19.52,19.86,6594856.0,134543109.0,20290961165.88
2024-08-13,300413,19.87,19.95,19.56,19.81,4601526.0,93426139.0,20239876167.98
2024-08-14,300413,19.74,20.32,19.56,20.06,12093727.0,250454249.0,20495301157.48
2024-08-15,300413,19.98,20.49,19.89,20.27,9369810.0,194927246.0,20709858148.66
2024-08-16,300413,20.33,20.36,19.97,20.02,7059500.0,145667879.0,20454433159.16
2024-08-19,300413,20.03,20.22,19.84,19.87,5925439.0,121713192.0,20301178165.460003
2024-08-20,300413,19.87,20.03,19.55,19.61,6918362.0,140428402.0,20035536176.38
2024-08-21,300413,19.57,19.89,19.27,19.35,7898467.0,158425429.0,19769894187.300003
2024-08-22,300413,19.35,19.43,18.28,18.38,17031480.0,325813124.0,18778845228.039997
2024-08-23,300413,18.38,18.44,17.98,18.07,8711173.0,162698225.0,18462118241.06
2024-08-26,300413,18.1,18.24,17.9,18.14,6312754.0,117339520.0,18533637238.12
2024-08-27,300413,18.04,18.15,17.75,17.8,6338754.0,116509803.0,18186259252.4
2024-08-28,300413,17.75,18.08,17.61,17.88,7657280.0,140374083.0,18267995249.039997
2024-08-29,300413,17.82,18.36,17.78,18.2,9077656.0,169505353.0,18594939235.6
2024-08-30,300413,18.2,19.11,18.08,18.83,16877636.0,324228749.0,19238610209.14
2024-09-02,300413,18.75,18.76,17.99,18.0,10818360.0,203594442.0,18390599244.0
2024-09-03,300413,18.01,18.37,17.93,18.19,6042282.0,112837232.0,18584722236.02
2024-09-04,300413,17.99,18.26,17.9,18.11,4724200.0,88062897.0,18502986239.38
2024-09-05,300413,18.16,18.58,18.16,18.45,7046143.0,133360799.0,18850364225.1
2024-09-06,300413,18.61,18.63,18.16,18.2,4169129.0,78526889.0,18594939235.6
2024-09-09,300413,18.09,18.33,17.99,18.29,5230000.0,97686290.0,18686892231.82
2024-09-10,300413,18.26,18.51,17.94,18.29,6382996.0,119377967.0,18686892231.82
2024-09-11,300413,18.28,18.38,18.12,18.16,5269851.0,98874004.0,18554071237.28
2024-09-12,300413,18.16,18.42,17.87,17.91,7522242.0,139591589.0,18298646247.78
2024-09-13,300413,17.93,18.04,17.8,17.87,5254044.0,96742692.0,18257778249.460003
2024-09-18,300413,17.89,17.89,17.57,17.76,4195448.0,76427835.0,18145391254.08
2024-09-19,300413,17.91,18.67,17.72,18.34,12531599.0,235846504.0,18737977229.72
2024-09-20,300413,18.3,18.55,18.01,18.49,9741252.0,182892693.0,18891232223.42
2024-09-23,300413,18.43,18.57,18.31,18.35,6525042.0,123700084.0,18748194229.300003
2024-09-24,300413,18.52,19.12,18.26,19.11,14066544.0,271623295.0,19524686197.38
2024-09-25,300413,19.35,20.09,19.35,19.56,18580567.0,376594238.0,19984451178.48
2024-09-26,300413,19.47,20.94,19.44,20.85,23429915.0,488209429.0,21302444124.300003
2024-09-27,300413,21.37,22.78,21.1,22.32,36522625.0,820893375.0,22804343062.56
2024-09-30,300413,23.34,25.77,22.88,25.59,52886695.0,1324618078.0,26145301925.22
2024-10-08,300413,30.69,30.69,26.14,28.74,62525540.0,1835609381.0,29363656792.92
2024-10-09,300413,26.89,27.11,24.18,24.18,50550371.0,1332518144.0,24704704984.44
2024-10-10,300413,24.55,25.28,23.86,24.21,27686864.0,699359101.0,24735355983.18
2024-10-11,300413,24.16,24.16,22.56,23.01,22394885.0,534839225.0,23509316033.58
2024-10-14,300413,22.96,23.34,22.37,23.24,29368694.0,692293588.0,23744307023.92
2024-10-15,300413,23.17,23.66,22.58,22.79,24323844.0,579777400.0,23284542042.82
2024-10-16,300413,22.37,23.03,22.23,22.53,17414017.0,404972721.0,23018900053.74
2024-10-17,300413,22.61,23.09,22.48,22.55,20444487.0,478193806.0,23039334052.9
2024-10-18,300413,22.44,24.28,22.16,23.69,32434998.0,770624352.0,24204072005.02
2024-10-21,300413,23.69,24.75,23.48,24.3,31252035.0,777340496.0,24827308979.4
2024-10-22,300413,24.26,26.34,24.14,25.66,54425982.0,1417027063.0,26216820922.28
2024-10-23,300413,25.2,25.2,24.26,24.55,42092242.0,1065982195.0,25082733968.9
2024-10-24,300413,24.21,25.51,23.89,24.9,35916519.0,914935330.0,25440328954.199997
2024-10-25,300413,24.93,26.55,24.41,26.06,43114796.0,1143541138.0,26625500905.48
2024-10-28,300413,25.98,26.74,24.99,25.85,40864711.0,1085722061.0,26410943914.300003
2024-10-29,300413,25.85,26.16,24.55,24.58,40116980.0,1033373970.0,25113384967.64
2024-10-30,300413,24.33,24.79,24.09,24.31,21581243.0,542285380.0,24837525978.98
2024-10-31,300413,24.31,25.04,24.22,24.39,28346452.0,717685641.0,24919261975.62
2024-11-01,300413,24.48,24.53,23.73,23.84,22639563.0,562468510.0,24357326998.72
2024-11-04,300413,23.84,25.09,23.83,25.01,22205382.0,564650700.0,25552715949.58
2024-11-05,300413,24.91,26.26,24.88,26.14,34360468.0,911469713.0,26707236902.12
2024-11-06,300413,26.1,27.41,26.07,26.53,39352997.0,1084372179.0,27105699885.74
2024-11-07,300413,26.28,27.3,26.18,27.21,25814097.0,714760482.0,27800455857.18
2024-11-08,300413,27.58,28.25,26.94,27.12,25924333.0,734895691.0,27708502860.960003
2024-11-11,300413,26.98,28.23,26.82,28.2,27994905.0,797115116.0,28811938815.6
2024-11-12,300413,28.2,28.36,27.06,27.32,22867654.0,654040812.0,27912842852.56
2024-11-13,300413,27.3,28.35,27.09,28.22,25314342.0,721935964.0,28832372814.76
2024-11-14,300413,28.0,28.94,26.85,26.94,21311530.0,608617812.0,27524596868.52
2024-11-15,300413,27.22,28.43,26.84,26.87,30884052.0,879825310.0,27453077871.460003
2024-11-18,300413,27.32,27.4,25.49,25.96,23104940.0,622022806.0,26523330909.68
2024-11-19,300413,26.08,26.68,25.72,26.64,13777639.0,370529895.0,27218086881.12
2024-11-20,300413,26.55,27.75,26.47,27.37,17390377.0,486031071.0,27963927850.460003
2024-11-21,300413,27.39,28.25,27.14,27.52,14647834.0,415884820.0,28117182844.16
2024-11-22,300413,27.39,28.25,26.72,26.73,18729796.0,531152739.0,27310039877.34
2024-11-25,300413,26.99,27.7,26.2,27.41,17363261.0,482553029.0,28004795848.78
2024-11-26,300413,27.24,28.52,26.94,28.01,29503001.0,852519769.0,28617815823.58
2024-11-27,300413,27.57,28.46,26.76,28.41,24825801.0,702820754.0,29026495806.78
2024-11-28,300413,28.74,29.24,27.74,27.85,21495478.0,627338813.0,28454343830.300003
2024-11-29,300413,27.52,28.52,27.37,28.02,17383270.0,500911315.0,28628032823.16
2024-12-02,300413,27.81,28.44,27.74,28.23,17634370.0,510274686.0,28842589814.34
2024-12-03,300413,28.05,28.29,27.71,28.1,13472493.0,388129917.0,28709768819.800003
2024-12-04,300413,27.94,28.04,26.84,27.05,20142938.0,565341320.0,27636983863.9
2024-12-05,300413,26.97,27.92,26.97,27.7,15182622.0,431463432.0,28301088836.6
2024-12-06,300413,27.68,28.73,27.51,28.48,21609602.0,628322248.0,29098014803.84
2024-12-09,300413,29.0,30.14,28.54,29.8,34725842.0,1053801134.0,30446658748.4
2024-12-10,300413,31.02,31.21,29.54,29.75,35996915.0,1119993961.0,30395573750.5
2024-12-11,300413,29.46,29.94,28.51,29.04,26584321.0,796291744.0,29670166780.32
2024-12-12,300413,29.2,29.3,28.54,29.08,18232184.0,540736412.0,29711034778.64
2024-12-13,300413,28.8,29.75,28.68,29.19,27296127.0,824603992.0,29823421774.02
2024-12-16,300413,29.13,29.98,28.57,29.57,24887385.0,750485867.0,30211667758.06
2024-12-17,300413,29.38,29.46,28.45,28.72,16309821.0,482192907.0,29343222793.76
2024-12-18,300413,28.85,29.1,28.46,28.78,13846052.0,409711549.0,29404524791.24
2024-12-19,300413,28.41,28.78,28.05,28.68,13526187.0,394922407.0,29302354795.44
2024-12-20,300413,28.67,29.68,28.58,29.1,13717117.0,412391674.0,29731468777.800003
2024-12-23,300413,28.97,29.08,27.55,27.6,17702681.0,511114623.0,28198918840.800003
2024-12-24,300413,27.71,27.87,27.48,27.71,8725201.0,248152542.0,28311305836.18
2024-12-25,300413,27.69,27.73,26.94,27.39,10154397.0,284929983.0,27984361849.62
2024-12-26,300413,27.33,27.62,26.88,26.96,12049959.0,336270832.0,27545030867.68
2024-12-27,300413,26.96,27.39,26.64,27.22,9968742.0,278684888.0,27810672856.76
2024-12-30,300413,27.08,27.5,26.65,26.88,11920847.0,331677521.0,27463294871.039997
2024-12-31,300413,26.95,27.02,26.13,26.15,12238119.0,332788063.0,26717453901.699997
2025-01-02,300413,26.02,26.15,24.85,25.11,14413915.0,378400904.0,25654885945.38
2025-01-03,300413,25.2,25.34,24.21,24.33,13806134.0,350739570.0,24857959978.14
2025-01-06,300413,24.31,24.46,23.77,24.06,9048445.0,224274978.0,24582100989.48
2025-01-07,300413,24.13,24.3,23.78,24.23,12037094.0,297621805.0,24755789982.34
2025-01-08,300413,24.19,25.02,23.78,24.77,13678498.0,343669635.0,25307507959.66
2025-01-09,300413,24.59,25.12,24.53,24.85,8500525.0,217458133.0,25389243956.300003
2025-01-10,300413,24.81,25.05,24.55,24.57,7124923.0,181597455.0,25103167968.06
2025-01-13,300413,24.37,24.81,24.26,24.5,6116054.0,154133845.0,25031648971.0
2025-01-14,300413,24.75,25.67,24.44,25.66,14003056.0,361635912.0,26216820922.28
2025-01-15,300413,25.66,26.02,25.48,25.75,9197660.0,243470469.0,26308773918.5
2025-01-16,300413,25.87,26.58,25.62,25.79,9523440.0,254823059.0,26349641916.82
2025-01-17,300413,25.61,26.34,25.6,25.91,7116954.0,190583992.0,26472245911.78
2025-01-20,300413,26.31,26.53,25.84,25.89,8850758.0,238081598.0,26451811912.62
2025-01-21,300413,25.96,26.26,25.53,26.22,8183022.0,218027239.0,26788972898.76
2025-01-22,300413,26.07,26.16,25.72,25.81,5477990.0,145663061.0,26370075915.98
2025-01-23,300413,26.13,26.74,25.75,26.4,11971038.0,324050650.0,26972878891.199997
2025-01-24,300413,26.26,27.28,26.17,27.2,11026416.0,304847130.0,27790238857.6
2025-01-27,300413,27.35,27.56,26.99,27.01,7199870.0,201581992.0,27596115865.58
2025-02-05,300413,27.22,27.61,26.78,27.49,8531038.0,239240704.0,28086531845.42
2025-02-06,300413,27.33,27.89,27.14,27.79,8558772.0,243161599.0,28393041832.82
2025-02-07,300413,27.79,27.91,27.27,27.67,14306458.0,406344964.0,28270437837.86
2025-02-10,300413,27.69,27.8,27.31,27.7,11044157.0,313508618.0,28301088836.6
2025-02-11,300413,27.69,28.54,27.38,28.21,13195916.0,380690860.0,28822155815.18
2025-02-12,300413,28.11,29.22,27.96,28.6,15335285.0,454564586.0,29220618798.800003
2025-02-13,300413,28.69,29.32,28.25,29.08,15473946.0,460521859.0,29711034778.64
2025-02-14,300413,28.92,28.92,27.92,28.63,17016787.0,496196390.0,29251269797.539997
2025-02-17,300413,28.69,28.82,27.77,28.07,15324657.0,444624992.0,28679117821.06
2025-02-18,300413,27.81,28.07,25.99,26.15,26546733.0,734887526.0,26717453901.699997
2025-02-19,300413,26.15,26.64,25.9,26.58,15152388.0,410852479.0,27156784883.64
2025-02-20,300413,26.58,26.92,26.26,26.41,10109183.0,275361890.0,26983095890.78
2025-02-21,300413,26.58,26.73,25.82,26.61,14505965.0,392069698.0,27187435882.38
2025-02-24,300413,26.6,26.78,26.22,26.36,9165895.0,249419913.0,26932010892.88
2025-02-25,300413,26.05,26.24,25.67,25.79,11925035.0,317272825.0,26349641916.82
2025-02-26,300413,25.87,26.01,25.28,25.62,12731442.0,334023533.0,26175952923.960003
2025-02-27,300413,25.62,26.12,25.33,25.85,12840424.0,341201783.0,26410943914.300003
2025-02-28,300413,25.67,25.88,24.76,24.8,11959002.0,309879228.0,25338158958.4
2025-03-03,300413,24.91,25.82,24.71,25.3,11847051.0,309693150.0,25849008937.4
2025-03-04,300413,25.3,25.55,25.08,25.34,8961562.0,233119037.0,25889876935.72
2025-03-05,300413,25.49,26.43,25.2,26.28,17450320.0,465022501.0,26850274896.24
2025-03-06,300413,26.56,27.27,26.24,27.11,16323607.0,450614007.0,27698285861.38
2025-03-07,300413,27.08,27.39,26.8,26.96,8858251.0,246421289.0,27545030867.68
2025-03-10,300413,26.86,27.13,26.26,26.71,11805718.0,323557654.0,27289605878.18
2025-03-11,300413,26.45,27.25,26.29,27.11,9404542.0,259857837.0,27698285861.38
2025-03-12,300413,27.11,27.31,26.96,27.04,7062143.0,197058686.0,27626766864.32
2025-03-13,300413,26.94,26.94,26.25,26.5,6744228.0,183866635.0,27075048887.0
2025-03-14,300413,26.51,27.7,26.36,27.52,10976582.0,307061104.0,28117182844.16
2025-03-17,300413,27.61,27.67,26.92,26.96,7889779.0,219793639.0,27545030867.68
2025-03-18,300413,27.03,27.32,26.89,27.17,7512740.0,209519580.0,27759587858.86
2025-03-19,300413,26.96,27.07,26.63,26.73,6172830.0,170084964.0,27310039877.34
2025-03-20,300413,26.64,26.74,26.16,26.25,7806207.0,211939314.0,26819623897.5
2025-03-21,300413,26.21,26.4,25.68,25.81,6408819.0,171146896.0,26370075915.98
2025-03-24,300413,25.8,26.12,25.55,25.91,9608202.0,255110602.0,26472245911.78
2025-03-25,300413,25.91,26.34,25.55,26.16,8246515.0,220486203.0,26727670901.28
2025-03-26,300413,26.16,26.48,25.98,26.13,5369470.0,145273858.0,26697019902.539997
2025-03-27,300413,26.08,26.34,25.82,26.16,3611817.0,97076227.0,26727670901.28
2025-03-28,300413,26.23,27.22,26.16,27.02,14296569.0,395275005.0,27606332865.16
2025-03-31,300413,26.75,27.07,26.39,26.89,8154720.0,223948847.0,27473511870.62
2025-04-01,300413,26.88,27.51,26.65,27.27,8217499.0,230284431.0,27861757854.66
2025-04-02,300413,27.36,28.05,27.08,27.17,7159817.0,201885619.0,27759587858.86
2025-04-03,300413,26.91,27.87,26.84,27.6,10015071.0,283865924.0,28198918840.800003
2025-04-07,300413,26.26,27.16,24.54,25.22,18996796.0,509131125.0,25767272940.76
2025-04-08,300413,25.62,26.53,25.25,26.43,13804298.0,367192848.0,27003529889.94
2025-04-09,300413,26.04,27.34,25.39,27.11,10785111.0,296439057.0,27698285861.38
2025-04-10,300413,27.23,27.84,26.79,27.31,11947930.0,336088674.0,27902625852.98
2025-04-11,300413,27.17,27.48,26.94,27.04,8385041.0,234488798.0,27626766864.32
2025-04-14,300413,27.21,27.5,26.91,27.48,9327054.0,260938771.0,28076314845.84
2025-04-15,300413,27.5,27.83,27.14,27.7,7931157.0,224563272.0,28301088836.6
2025-04-16,300413,27.52,28.71,27.49,27.89,13428893.0,387453242.0,28495211828.62
2025-04-17,300413,27.6,28.01,27.4,27.51,6989094.0,198816232.0,28106965844.58
2025-04-18,300413,27.48,27.62,26.94,27.62,7129500.0,199391637.0,28219352839.960003
2025-04-21,300413,27.23,27.65,27.14,27.52,5500290.0,155580716.0,28117182844.16
2025-04-22,300413,27.52,27.52,27.06,27.08,4491160.0,125717105.0,27667634862.64
2025-04-23,300413,27.23,27.3,26.16,26.16,10632254.0,289383453.0,26727670901.28
2025-04-24,300413,26.16,26.24,25.08,25.13,12961031.0,339988025.0,25675319944.539997
2025-04-25,300413,25.19,25.3,24.9,24.94,9355300.0,241383481.0,25481196952.52
2025-04-28,300413,24.7,24.7,21.99,22.3,41579380.0,962224758.0,22783909063.4
2025-04-29,300413,22.2,22.26,21.87,21.89,21136627.0,478686181.0,22365012080.62
2025-04-30,300413,21.91,22.29,21.9,22.1,11316832.0,257269489.0,22579569071.800003
2025-05-06,300413,22.18,22.54,22.18,22.53,16134758.0,371781788.0,23018900053.74
2025-05-07,300413,22.75,23.1,22.62,22.82,18096805.0,425216376.0,23315193041.56
2025-05-08,300413,22.82,23.04,22.69,22.91,11145632.0,261802724.0,23407146037.78
2025-05-09,300413,22.84,22.9,22.43,22.63,9578300.0,222544363.0,23121070049.539997
2025-05-12,300413,22.87,22.94,22.67,22.91,9410515.0,221038638.0,23407146037.78
2025-05-13,300413,23.07,23.12,22.71,22.79,10514552.0,247070162.0,23284542042.82
2025-05-14,300413,22.85,22.95,22.66,22.86,10566886.0,247473007.0,23356061039.88
2025-05-15,300413,22.83,23.04,22.64,22.94,12014808.0,282706110.0,23437797036.52
2025-05-16,300413,23.01,24.19,22.82,23.54,22254082.0,537624751.0,24050817011.32
2025-05-19,300413,23.09,23.2,22.33,22.9,19910928.0,465581642.0,23396929038.199997
2025-05-20,300413,22.75,23.02,22.47,22.79,16107186.0,376528301.0,23284542042.82
2025-05-21,300413,22.79,22.83,22.63,22.64,9348117.0,218132475.0,23131287049.12
2025-05-22,300413,22.62,22.66,22.26,22.34,9790500.0,226107160.0,22824777061.72
2025-05-23,300413,22.27,22.43,22.03,22.04,9641702.0,220472948.0,22518267074.32
2025-05-26,300413,22.13,22.13,21.32,21.78,18697342.0,417691322.0,22252625085.24
2025-05-27,300413,21.73,21.83,21.51,21.66,9001569.0,200449163.0,22130021090.28
2025-05-28,300413,21.66,21.76,21.35,21.39,10664088.0,235239540.0,21854162101.62
2025-05-29,300413,21.55,21.99,21.41,21.98,14101440.0,315533933.0,22456965076.84
2025-05-30,300413,21.88,21.89,21.54,21.74,10545914.0,235441496.0,22211757086.92
2025-06-03,300413,21.59,21.97,21.52,21.7,8857576.0,198124204.0,22170889088.6
2025-06-04,300413,21.71,21.85,21.65,21.75,8613700.0,192773870.0,22221974086.5
2025-06-05,300413,21.68,21.95,21.64,21.89,8563998.0,192395431.0,22365012080.62
2025-06-06,300413,21.92,21.94,21.49,21.68,12101974.0,269669806.0,22150455089.44
2025-06-09,300413,21.8,22.15,21.71,22.05,13834484.0,312606672.0,22528484073.9
2025-06-10,300413,21.98,22.09,21.52,21.74,12782064.0,286088848.0,22211757086.92
2025-06-11,300413,21.73,22.05,21.71,21.92,11024475.0,248702828.0,22395663079.36
2025-06-12,300413,21.83,22.25,21.69,22.0,14291724.0,323268780.0,22477399076.0
2025-06-13,300413,21.91,21.93,21.42,21.45,14177745.0,314691655.0,21915464099.1
2025-06-16,300413,21.31,22.15,21.3,21.74,18009708.0,405067710.0,22211757086.92
2025-06-17,300413,21.7,21.73,21.41,21.47,12221310.0,270155925.0,21935898098.26
2025-06-18,300413,21.41,21.47,20.81,20.95,18228491.0,393753982.0,21404614120.1
2025-06-19,300413,20.91,21.03,20.62,20.71,14131595.0,302155805.0,21159406130.18
2025-06-20,300413,20.76,20.83,20.43,20.56,11541842.0,244123816.0,21006151136.48
2025-06-23,300413,20.42,20.71,20.36,20.61,10010718.0,211591022.0,21057236134.38
2025-06-24,300413,20.67,20.99,20.59,20.98,13956586.0,299503156.0,21435265118.84
2025-06-25,300413,20.97,21.18,20.78,21.17,16251923.0,350488747.0,21629388110.86
2025-06-26,300413,21.15,21.17,20.87,20.91,14155285.0,305354203.0,21363746121.78
2025-06-27,300413,20.96,21.06,20.76,20.91,13208815.0,284403799.0,21363746121.78
2025-06-30,300413,20.92,21.26,20.91,21.22,14191763.0,308568314.0,21680473108.76
2025-07-01,300413,21.26,21.28,20.89,21.0,12527209.0,270686738.0,21455699118.0
2025-07-02,300413,20.99,21.02,20.79,20.88,9701662.0,208241782.0,21333095123.039997
2025-07-03,300413,20.89,21.02,20.87,21.0,9233007.0,198926679.0,21455699118.0
2025-07-04,300413,21.0,21.0,20.62,20.65,18258103.0,389788257.0,21098104132.699997
2025-07-07,300413,20.62,20.71,20.53,20.55,10217080.0,216166030.0,20995934136.9
2025-07-08,300413,20.55,20.96,20.54,20.87,16670295.0,356433753.0,21322878123.460003
2025-07-09,300413,20.88,21.28,20.82,21.04,21524759.0,466406551.0,21496567116.32
2025-07-10,300413,20.98,21.15,20.87,21.12,15461122.0,333678651.0,21578303112.960003
2025-07-11,300413,21.1,21.49,20.99,21.32,20571704.0,450392491.0,21782643104.56
2025-07-14,300413,21.49,21.49,20.97,21.03,18846953.0,408791608.0,21486350116.74
2025-07-15,300413,21.04,21.1,20.62,20.78,16298377.0,348570695.0,21230925127.24
2025-07-16,300413,20.88,21.79,20.88,21.27,32580368.0,710586880.0,21731558106.66
2025-07-17,300413,21.29,21.49,21.08,21.45,19873679.0,431114246.0,21915464099.1
2025-07-18,300413,21.47,21.65,21.27,21.37,18032008.0,393415747.0,21833728102.460003
2025-07-21,300413,21.32,21.68,21.26,21.66,20035259.0,438869136.0,22130021090.28
2025-07-22,300413,21.66,21.81,21.5,21.76,18109889.0,399508908.0,22232191086.08
2025-07-23,300413,21.81,22.07,21.57,21.6,22533962.0,500287652.0,22068719092.800003
2025-07-24,300413,21.62,22.25,21.58,22.25,26823522.0,600319453.0,22732824065.5
2025-07-25,300413,22.28,22.53,22.09,22.15,23482640.0,532201946.0,22630654069.699997
2025-07-28,300413,22.2,22.23,21.96,22.18,15048420.0,338805850.0,22661305068.44
2025-07-29,300413,22.08,22.15,21.84,22.11,14751346.0,330339554.0,22589786071.38
2025-07-30,300413,22.08,22.44,21.83,22.07,21113127.0,475913932.0,22548918073.06
2025-07-31,300413,22.07,22.07,21.57,21.65,19510054.0,433508711.0,22119804090.699997
2025-08-01,300413,21.86,21.88,21.36,21.62,16126234.0,354945179.0,22089153091.960003
2025-08-04,300413,21.47,21.64,21.34,21.6,12585164.0,275172939.0,22068719092.800003
2025-08-05,300413,21.6,21.75,21.55,21.74,14611720.0,322269642.0,22211757086.92
2025-08-06,300413,21.78,21.8,21.54,21.73,12560915.0,276846359.0,22201540087.34
2025-08-07,300413,21.73,21.79,21.56,21.64,13341039.0,293999328.0,22109587091.12
2025-08-08,300413,21.59,21.61,21.3,21.34,15127843.0,329056378.0,21803077103.72
2025-08-11,300413,21.35,22.5,21.31,22.09,34150466.0,764156107.0,22569352072.22
2025-08-12,300413,22.04,22.21,21.81,21.84,18075152.0,403171053.0,22313927082.72
2025-08-13,300413,21.91,22.53,21.79,22.26,35250334.0,797563836.0,22743041065.08
2025-08-14,300413,22.37,22.4,21.73,21.84,24427620.0,547678368.0,22313927082.72
2025-08-15,300413,21.81,22.48,21.69,22.21,24366956.0,547827690.0,22691956067.18
2025-08-18,300413,23.64,26.66,23.64,25.99,141109812.0,3711312449.0,26553981908.42
2025-08-19,300413,25.98,26.47,25.01,25.92,76021119.0,1994833564.0,26482462911.36
2025-08-20,300413,25.41,25.75,25.11,25.39,33833296.0,872984342.0,25940961933.62
2025-08-21,300413,25.55,25.8,24.93,25.09,28215007.0,724078135.0,25634451946.22
2025-08-22,300413,25.0,25.35,24.91,25.08,27998265.0,714461212.0,25624234946.64
2025-08-25,300413,25.08,26.66,24.64,26.62,58348176.0,1522587934.0,27197652881.960003
2025-08-26,300413,26.04,26.67,25.96,26.52,29079430.0,782789449.0,27095482886.16
2025-08-27,300413,26.61,26.67,25.15,25.15,35157309.0,930403675.0,25695753943.699997
2025-08-28,300413,25.2,25.61,24.66,25.45,28354786.0,726906984.0,26002263931.1
2025-08-29,300413,25.47,26.14,25.35,25.62,26416793.0,694151039.0,26175952923.960003
2025-09-01,300413,25.58,26.12,25.36,25.51,22370888.0,585333648.0,26063565928.58
2025-09-02,300413,25.54,25.74,24.76,24.94,20866500.0,532273247.0,25481196952.52
2025-09-03,300413,25.05,26.09,25.0,25.64,33871695.0,886152655.0,26196386923.12
2025-09-04,300413,25.63,25.71,24.68,24.99,23494541.0,600287380.0,25532281950.42
2025-09-05,300413,25.16,26.97,24.82,26.85,39186323.0,1042165829.0,27432643872.300003
2025-09-08,300413,26.8,28.16,26.49,27.72,46024706.0,1278935543.0,28321522835.76
2025-09-09,300413,27.51,29.25,27.42,27.96,39893563.0,1147348865.0,28566730825.68
2025-09-10,300413,27.83,29.72,27.79,29.51,44271174.0,1308774766.0,30150365760.58
2025-09-11,300413,29.06,29.62,28.49,29.55,27034039.0,803471986.0,30191233758.9
2025-09-12,300413,29.75,29.86,28.72,28.8,19520595.0,577249574.0,29424958790.4
2025-09-15,300413,28.93,31.47,28.6,31.35,40786692.0,1254963942.0,32030293683.300003
2025-09-16,300413,30.83,33.41,30.75,31.43,44955416.0,1448061288.0,32112029679.94
2025-09-17,300413,31.85,32.22,30.95,31.39,29141805.0,934289745.0,32071161681.62
2025-09-18,300413,31.3,32.21,30.87,31.19,26130153.0,837866362.0,31866821690.02
2025-09-19,300413,31.23,33.36,31.23,32.43,30756171.0,1015987447.0,33133729637.94
2025-09-22,300413,32.14,32.42,31.25,31.63,24886211.0,805915842.0,32316369671.539997
2025-09-23,300413,31.64,31.99,30.34,31.2,25783122.0,810978765.0,31877038689.6
2025-09-24,300413,30.97,32.09,30.71,31.91,17917384.0,577596120.0,32602445659.78
2025-09-25,300413,31.91,34.88,31.71,34.61,39185248.0,1339760485.0,35361035546.38
2025-09-26,300413,34.59,35.78,34.04,34.76,26705169.0,945465943.0,35514290540.079994
2025-09-29,300413,34.39,34.87,34.07,34.44,13643555.0,477556912.0,35187346553.52
2025-09-30,300413,34.73,35.27,34.09,35.14,24508146.0,864963844.0,35902536524.12
2025-10-09,300413,34.05,34.68,31.89,32.79,35042306.0,1176443897.0,33501541622.82
2025-10-10,300413,32.72,32.82,30.96,31.11,24016842.0,774846478.0,31785085693.38
2025-10-13,300413,29.7,31.62,29.67,31.21,23286300.0,731673616.0,31887255689.18
2025-10-14,300413,30.97,31.51,29.83,30.07,20160615.0,624629866.0,30722517737.06
2025-10-15,300413,30.09,30.34,28.91,29.75,22791590.0,684603033.0,30395573750.5
2025-10-16,300413,29.7,30.72,29.49,30.12,16528467.0,510907957.0,30773602734.960003
2025-10-17,300413,30.12,30.43,28.88,28.95,14406942.0,431445923.0,29578213784.1
2025-10-20,300413,29.25,29.67,28.9,29.13,10174931.0,302797136.0,29762119776.539997
2025-10-21,300413,29.17,30.09,29.14,30.05,15787276.0,478196839.0,30702083737.9
2025-10-22,300413,29.87,30.21,28.36,28.45,20241645.0,595148125.0,29067363805.1
2025-10-23,300413,28.57,29.1,28.32,28.9,12228870.0,357363517.0,29527128786.199997
2025-10-24,300413,28.79,29.28,28.01,28.38,21723521.0,629344415.0,28995844808.039997
2025-10-27,300413,28.54,29.09,27.74,28.32,21352222.0,613791250.0,28934542810.56
2025-10-28,300413,28.38,28.54,27.76,28.23,13785665.0,395104860.0,28842589814.34
2025-10-29,300413,28.12,28.38,27.9,28.38,12033258.0,344965366.0,28995844808.039997
2025-10-30,300413,28.45,28.61,27.66,27.84,15673633.0,445466204.0,28444126830.72
2025-10-31,300413,27.96,29.42,27.93,28.87,27562433.0,811905156.0,29496477787.460003
2025-11-03,300413,29.18,29.42,28.3,29.1,22885300.0,671213594.0,29731468777.800003
2025-11-04,300413,29.03,30.08,28.85,29.37,27128258.0,813881725.0,30007327766.460003
2025-11-05,300413,28.97,29.34,28.09,28.26,19345679.0,560038186.0,28873240813.08
2025-11-06,300413,28.16,28.27,26.68,26.76,34630206.0,957414569.0,27340690876.08
2025-11-07,300413,26.54,27.15,26.38,26.82,16587302.0,452729225.0,27401992873.56
2025-11-10,300413,26.85,27.15,26.43,26.68,16268249.0,440988674.0,27258954879.44
2025-11-11,300413,26.68,26.74,26.26,26.4,14279300.0,384179473.0,26972878891.199997
2025-11-12,300413,26.44,26.79,26.16,26.45,12026547.0,324281006.0,27023963889.1
2025-11-13,300413,26.41,26.63,26.22,26.59,12869789.0,346178628.0,27167001883.22
2025-11-14,300413,26.6,26.87,26.29,26.29,15606695.0,422231524.0,26860491895.82
2025-11-17,300413,26.29,26.59,26.15,26.33,10512582.0,281914742.0,26901359894.14
2025-11-18,300413,26.29,26.71,26.15,26.4,13251997.0,356442017.0,26972878891.199997
2025-11-19,300413,26.4,26.44,25.46,25.58,15516267.0,406753231.0,26135084925.64
2025-11-20,300413,25.7,25.72,25.18,25.26,12530920.0,324323067.0,25808140939.08
2025-11-21,300413,25.17,25.74,24.76,25.26,18405668.0,473534125.0,25808140939.08
2025-11-24,300413,25.39,25.7,25.12,25.33,21724110.0,562900521.0,25879659936.14
2025-11-25,300413,25.35,26.4,25.25,25.89,20688900.0,548666116.0,26451811912.62
2025-11-26,300413,25.84,26.22,25.39,25.59,14058114.0,367228112.0,26145301925.22
2025-11-27,300413,25.45,25.62,25.19,25.23,12039498.0,311393042.0,25777489940.34
2025-11-28,300413,25.13,25.47,24.98,25.47,12270693.0,315772514.0,26022697930.26
2025-12-01,300413,25.35,25.44,24.81,25.02,25528606.0,650811202.0,25562932949.16
2025-12-02,300413,24.96,25.15,24.16,24.3,24283831.0,603363049.0,24827308979.4
2025-12-03,300413,24.35,24.42,23.62,23.79,16812171.0,408771553.0,24306242000.82
2025-12-04,300413,23.81,23.9,23.29,23.51,15366800.0,367333906.0,24020166012.58
2025-12-05,300413,23.47,23.74,23.15,23.57,17650130.0,421389207.0,24081468010.06
2025-12-08,300413,23.52,23.79,23.44,23.57,19141167.0,459381944.0,24081468010.06
2025-12-09,300413,23.57,24.21,23.47,23.78,23907423.0,580684990.0,24296025001.24
2025-12-10,300413,23.67,24.01,23.38,23.88,14976780.0,361035629.0,24398194997.039997
2025-12-11,300413,23.78,23.97,23.32,23.34,13203293.0,317132981.0,23846477019.72
2025-12-12,300413,23.35,23.63,23.25,23.55,15495359.0,370291112.0,24061034010.9
2025-12-15,300413,23.23,23.32,22.73,22.82,18319076.0,426109052.0,23315193041.56
2025-12-16,300413,22.74,23.0,22.5,22.95,16687481.0,386804680.0,23448014036.1
2025-12-17,300413,22.87,23.25,22.77,23.19,11984407.0,280638328.0,23693222026.02
2025-12-18,300413,23.08,23.47,23.0,23.11,10065771.0,238312268.0,23611486029.38
2025-12-19,300413,23.14,23.47,23.06,23.35,12246616.0,290194412.0,23856694019.300003
2025-12-22,300413,23.39,23.45,23.21,23.34,12745423.0,302503601.0,23846477019.72
2025-12-23,300413,23.33,23.33,22.88,22.97,14504049.0,340591300.0,23468448035.26
2025-12-24,300413,23.01,23.29,22.75,23.27,13154646.0,308896643.0,23774958022.66
2025-12-25,300413,23.3,24.07,23.26,23.86,20247403.0,490474031.0,24377760997.88
2025-12-26,300413,23.83,24.06,23.45,23.56,18043184.0,435092392.0,24071251010.48
2025-12-29,300413,23.56,23.75,23.14,23.25,19471451.0,464010940.0,23754524023.5
2025-12-30,300413,23.18,23.82,23.12,23.4,21420791.0,512849761.0,23907779017.199997
2025-12-31,300413,23.43,23.99,23.16,23.99,28234622.0,682352623.0,24510581992.42
2026-01-05,300413,23.99,24.45,23.75,24.32,35684309.0,875082762.0,24847742978.56
2026-01-06,300413,24.27,24.99,24.15,24.93,35439702.0,888165517.0,25470979952.94
2026-01-07,300413,24.76,25.02,24.45,24.54,30758581.0,771932000.0,25072516969.32
2026-01-08,300413,24.42,25.02,24.29,24.61,23348823.0,585935344.0,25144035966.38
2026-01-09,300413,24.55,26.03,24.47,25.88,43029423.0,1106663208.0,26441594913.039997
2026-01-12,300413,26.29,29.46,26.29,29.13,81075649.0,2305791245.0,29762119776.539997
2026-01-13,300413,29.27,29.33,27.22,27.61,67791652.0,1933292066.0,28209135840.38
2026-01-14,300413,27.32,28.79,27.2,27.74,65477746.0,1871838842.0,28341956834.92
2026-01-15,300413,27.38,28.49,26.86,27.09,44663599.0,1252677064.0,27677851862.22
2026-01-16,300413,26.93,27.02,25.82,25.88,41953741.0,1119734436.0,26441594913.039997
2026-01-19,300413,25.76,26.07,25.47,25.85,21391142.0,561575811.0,26410943914.300003
2026-01-20,300413,25.99,26.14,25.43,25.74,24682788.0,645755844.0,26298556918.92
2026-01-21,300413,25.55,25.98,25.38,25.47,21667665.0,565170089.0,26022697930.26
2026-01-22,300413,25.47,25.73,25.4,25.58,20383709.0,530580695.0,26135084925.64
2026-01-23,300413,25.68,26.38,25.39,26.11,33567522.0,888995290.0,26676585903.38
2026-01-26,300413,26.13,26.22,24.94,25.16,32878007.0,848834720.0,25705970943.28
2026-01-27,300413,25.1,25.44,24.46,25.16,24527976.0,621920264.0,25705970943.28
2026-01-28,300413,25.05,25.29,24.67,24.68,19760706.0,501723815.0,25215554963.44
2026-01-29,300413,24.52,25.92,24.25,25.38,36202561.0,936019576.0,25930744934.039997
2026-01-30,300413,25.35,25.37,24.72,25.02,23897764.0,608989255.0,25562932949.16
2026-02-02,300413,25.21,25.72,25.01,25.02,27292492.0,704545165.0,25562932949.16
2026-02-03,300413,25.3,26.55,25.26,26.37,46610734.0,1231677471.0,26942227892.460003
2026-02-04,300413,26.1,26.14,25.59,25.97,24792560.0,651650974.0,26533547909.26
2026-02-05,300413,25.69,26.48,25.69,26.18,27262268.0,727190218.0,26748104900.44
2026-02-06,300413,25.88,26.0,24.94,25.48,21028554.0,546147888.0,26032914929.84
2026-02-09,300413,25.96,26.72,25.73,26.71,35283575.0,946078928.0,27289605878.18
2026-02-10,300413,27.22,29.18,27.02,28.0,84365952.0,2398312885.0,28607598824.0
2026-02-11,300413,27.51,27.51,26.33,26.37,52436990.0,1431796839.0,26942227892.460003
2026-02-12,300413,26.23,26.73,25.87,26.42,34686999.0,926300747.0,26993312890.36
2026-02-13,300413,26.22,26.64,25.77,25.79,25704145.0,685858187.0,26349641916.82
2026-02-24,300413,25.69,25.79,24.36,24.55,31983918.0,805358903.0,25082733968.9
2026-02-25,300413,24.7,24.76,24.39,24.6,19889785.0,497404362.0,25133818966.800003
2026-02-26,300413,24.69,24.71,23.9,24.01,24549482.0,603871291.0,24531015991.58
2026-02-27,300413,23.9,24.21,23.82,23.95,16354610.0,400239681.0,24469713994.1
2026-03-02,300413,23.38,23.48,22.95,23.14,26823460.0,632673879.0,23642137028.12
2026-03-03,300413,23.14,23.29,22.19,22.23,24891093.0,573008179.0,22712390066.34
2026-03-04,300413,22.0,22.21,21.6,21.79,20326467.0,453041631.0,22262842084.82
2026-03-05,300413,22.19,22.27,21.88,22.02,14535129.0,326581797.0,22497833075.16
2026-03-06,300413,21.87,22.28,21.81,22.25,11155504.0,251759347.0,22732824065.5
2026-03-09,300413,21.91,22.09,21.63,21.9,16049571.0,356700297.0,22375229080.199997
2026-03-10,300413,22.23,22.47,21.91,22.04,21087481.0,475235318.0,22518267074.32
2026-03-11,300413,22.07,22.15,21.87,22.01,13285998.0,297681635.0,22487616075.58
2026-03-12,300413,21.93,22.04,21.74,21.9,11654054.0,259450129.0,22375229080.199997
2026-03-13,300413,21.82,22.06,21.74,21.79,11025684.0,245818822.0,22262842084.82
2026-03-16,300413,21.66,21.95,21.62,21.95,10165268.0,225226228.0,22426314078.1
2026-03-17,300413,22.01,22.23,21.81,21.81,13227269.0,296586031.0,22283276083.98
2026-03-18,300413,21.86,21.91,21.52,21.86,11578040.0,255754737.0,22334361081.88
2026-03-19,300413,21.55,21.7,21.52,21.61,10634994.0,233807540.0,22078936092.38
2026-03-20,300413,21.62,21.68,20.95,20.95,16240391.0,350913410.0,21404614120.1
2026-03-23,300413,20.55,20.62,19.96,20.06,15837192.0,327816842.0,20495301157.48
2026-03-24,300413,20.41,20.68,20.17,20.64,12977910.0,269965853.0,21087887133.12
2026-03-25,300413,20.82,20.98,20.38,20.49,21983469.0,461247811.0,20934632139.42
2026-03-26,300413,20.41,20.59,20.0,20.07,14511069.0,298966119.0,20505518157.06
2026-03-27,300413,19.85,20.38,19.8,20.27,11779100.0,242467056.0,20709858148.66
2026-03-30,300413,19.99,20.34,19.9,20.34,9055387.0,185709536.0,20781377145.72
2026-03-31,300413,20.34,20.7,20.24,20.24,11133804.0,231851737.0,20679207149.92
2026-04-01,300413,20.63,20.72,20.37,20.62,10212056.0,213303971.0,21067453133.960003
2026-04-02,300413,20.52,20.56,20.23,20.41,9772497.0,202647359.0,20852896142.78
2026-04-03,300413,20.45,20.49,19.89,19.93,8886716.0,181682810.0,20362480162.94
2026-04-07,300413,20.24,20.43,20.02,20.25,6595565.0,135712239.0,20689424149.5
2026-04-08,300413,20.82,21.1,20.59,21.09,19487763.0,414162692.0,21547652114.22
2026-04-09,300413,20.79,20.83,20.54,20.56,14634526.0,307759221.0,21006151136.48
2026-04-10,300413,20.73,21.1,20.63,20.92,14806779.0,315084983.0,21373963121.36
2026-04-13,300413,20.73,20.78,20.54,20.61,11481265.0,241317802.0,21057236134.38
2026-04-14,300413,20.84,20.92,20.51,20.83,14139838.0,297312897.0,21282010125.14
2026-04-15,300413,20.95,21.0,20.55,20.59,11384641.0,240225133.0,21036802135.22
2026-04-16,300413,20.6,20.86,20.6,20.8,13281633.0,280705218.0,21251359126.4
2026-04-17,300413,20.73,20.78,20.5,20.68,14146961.0,296814415.0,21128755131.44
2026-04-20,300413,20.62,20.94,20.56,20.84,14460980.0,306147081.0,21292227124.72
2026-04-21,300413,20.82,20.94,20.66,20.77,9411604.0,198846673.0,21220708127.66
2026-04-22,300413,20.69,20.73,20.55,20.7,11544400.0,242531982.0,21149189130.6
2026-04-23,300413,20.68,21.0,20.63,20.63,16835479.0,356107966.0,21077670133.539997
2026-04-24,300413,20.53,20.53,20.03,20.26,15767303.0,324651649.0,20699641149.08
2026-04-27,300413,19.83,20.15,19.62,19.98,20196470.0,408716263.0,20413565160.84
2026-04-28,300413,19.93,20.03,19.06,19.2,27468478.0,544325841.0,19616639193.6
2026-04-29,300413,19.1,19.55,19.1,19.47,13046490.0,257945541.0,19892498182.26
2026-04-30,300413,19.42,19.48,19.03,19.1,20604244.0,402962452.0,19514469197.800003
2026-05-06,300413,19.24,19.57,19.16,19.42,14046251.0,277399438.0,19841413184.36
2026-05-07,300413,19.5,19.72,19.27,19.72,18812990.0,373595469.0,20147923171.76
2026-05-08,300413,19.61,20.06,19.61,19.87,17312510.0,349819510.0,20301178165.460003
2026-05-11,300413,20.14,20.14,19.72,19.87,16147928.0,326205214.0,20301178165.460003
2026-05-12,300413,19.83,19.86,19.43,19.56,14013880.0,279782046.0,19984451178.48
2026-05-13,300413,19.54,19.67,19.39,19.65,13655461.0,271545919.0,20076404174.699997
2026-05-14,300413,19.78,19.93,19.05,19.06,18052264.0,354583079.0,19473601199.48
2026-05-15,300413,19.07,19.34,18.85,18.99,14556191.0,282701282.0,19402082202.42
2026-05-18,300413,18.84,18.97,18.61,18.76,12863986.0,245569929.0,19167091212.08
2026-05-19,300413,18.7,19.19,18.7,19.04,13411124.0,259444491.0,19453167200.32
2026-05-20,300413,18.96,18.96,18.41,18.48,15532401.0,293313611.0,18881015223.84
2026-05-21,300413,18.59,18.73,18.1,18.1,16888522.0,317353602.0,18492769239.800003
2026-05-22,300413,18.16,18.26,17.72,17.87,15695040.0,285440622.0,18257778249.460003
2026-05-25,300413,17.86,17.97,17.35,17.55,22719996.0,405473471.0,17930834262.9
2026-05-26,300413,17.49,17.54,17.19,17.41,14132355.0,249611173.0,17787796268.78
2026-05-27,300413,17.41,17.75,17.27,17.43,17404870.0,310210753.0,17808230267.94
2026-05-28,300413,17.26,17.4,16.77,17.08,17995079.0,312441756.0,17450635282.64
2026-05-29,300413,17.14,17.56,17.0,17.15,18327161.0,322189826.0,17522154279.699997
2026-06-01,300413,17.19,17.79,17.15,17.59,18697208.0,334412135.0,17971702261.22
2026-06-02,300413,17.59,17.59,17.04,17.12,15277729.0,267588753.0,17491503280.960003
2026-06-03,300413,17.12,17.12,16.63,16.69,15101182.0,257684901.0,17052172299.02
2026-06-04,300413,16.59,16.62,16.11,16.23,19337658.0,321276002.0,16582190318.34
2026-06-05,300413,16.36,16.6,16.29,16.37,12791518.0,213932905.0,16725228312.460001
2026-06-08,300413,16.07,16.39,15.7,15.9,16788078.0,274095562.0,16245029332.2
2026-06-09,300413,15.97,16.15,15.68,15.93,12704300.0,205897828.0,16275680330.94
2026-06-10,300413,15.82,16.15,15.72,15.87,14504150.0,234640408.0,16214378333.46
2026-06-11,300413,15.73,15.75,15.31,15.41,16271323.0,255790785.0,15744396352.78
2026-06-12,300413,15.59,15.75,15.24,15.67,21587300.0,341508073.0,16010038341.86
2026-06-15,300413,15.69,15.95,15.62,15.87,15337928.0,246398416.0,16214378333.46
2026-06-16,300413,15.87,15.88,15.49,15.61,14342023.0,227447715.0,15948736344.38
2026-06-17,300413,15.58,15.58,15.2,15.34,15402664.0,240142272.0,15672877355.72
2026-06-18,300413,15.31,15.55,15.17,15.27,14045512.0,219337294.0,15601358358.66
2026-06-22,300413,15.27,15.51,14.89,15.49,19046151.0,293729277.0,15826132349.42
2026-06-23,300413,15.4,15.64,15.04,15.15,16646200.0,260483922.0,15478754363.7
2026-06-24,300413,15.44,15.45,14.71,14.79,19986594.0,305090987.0,15110942378.82
2026-06-25,300413,14.87,14.92,14.55,14.62,18409259.0,275969318.0,14937253385.96
2026-06-26,300413,14.51,14.59,14.09,14.1,21408759.0,311015278.0,14405969407.8
2026-06-29,300413,14.08,14.68,13.97,14.56,23212973.0,340778069.0,14875951388.480001
2026-06-30,300413,14.51,14.59,14.25,14.37,14907719.0,218249757.0,14681828396.46
2026-07-01,300413,14.39,14.93,14.26,14.71,19158402.0,285698831.0,15029206382.18
2026-07-02,300413,14.73,15.12,14.68,14.69,19911715.0,300763090.0,15008772383.019999
2026-07-03,300413,14.72,14.91,14.56,14.77,15955459.0,239463749.0,15090508379.66
2026-07-06,300413,14.73,15.14,14.7,14.87,16335797.0,248493175.0,15192678375.46
2026-07-07,300413,14.75,14.99,14.42,14.45,13988824.0,208890846.0,14763564393.099998
2026-07-08,300413,14.52,14.76,14.32,14.63,13829507.0,205541531.0,14947470385.54
2026-07-09,300413,14.56,14.88,14.34,14.62,14294171.0,212547841.0,14937253385.96
2026-07-10,300413,14.68,15.64,14.56,15.35,27740194.0,423450469.0,15683094355.3
2026-07-13,300413,15.18,15.46,14.68,14.73,20990661.0,312275220.0,15049640381.34
2026-07-14,300413,14.72,14.79,14.39,14.58,16593990.0,240899742.0,14896385387.64
2026-07-15,300413,14.53,15.23,14.45,15.1,23069471.0,346037353.0,15427669365.8
2026-07-16,300413,15.08,15.82,14.91,15.65,28217646.0,435889747.0,15989604342.7
2026-07-17,300413,15.56,15.83,15.05,15.14,28190411.0,433844261.0,15468537364.12
2026-07-20,300413,15.12,15.52,15.0,15.52,24869211.0,378799928.0,15856783348.16
2026-07-21,300413,15.39,15.83,15.33,15.52,26715530.0,414508945.0,15856783348.16
2026-07-22,300413,15.35,15.53,15.18,15.43,16607959.0,254698473.0,15764830351.94
2026-07-23,300413,15.3,15.31,14.95,15.22,16084736.0,243265892.0,15550273360.76
2026-07-24,300413,15.02,15.12,14.6,14.6,14989207.0,222507874.0,14916819386.8
2026-07-27,300413,14.62,15.19,14.52,15.18,17880226.0,268456498.0,15509405362.44
2026-07-28,300413,15.1,15.38,15.04,15.27,14647000.0,223594274.0,15601358358.66
2026-07-29,300413,15.37,15.82,15.29,15.68,19895150.0,310870142.0,16020255341.44
