date,ticker,open,high,low,close,volume,amount,market_cap
2021-01-04,300433,28.03,28.66,27.94,28.31,49369776.0,1525442401.0,123708640895.62999
2021-01-05,300433,28.17,31.95,28.08,31.58,129380079.0,4308385027.0,137997841027.34
2021-01-06,300433,31.57,32.14,31.0,32.05,98329529.0,3407528158.0,140051640434.65
2021-01-07,300433,32.16,32.42,31.41,32.23,79021576.0,2756379057.0,140838201909.78998
2021-01-08,300433,33.59,34.34,30.9,31.44,105006494.0,3691561912.0,137386070991.12001
2021-01-11,300433,32.01,34.33,31.25,33.9,132415109.0,4814651226.0,148135744484.69998
2021-01-12,300433,33.9,34.33,32.97,34.22,93064327.0,3424586515.0,149534075996.06
2021-01-13,300433,34.91,37.4,34.9,36.26,138573852.0,5499556714.0,158448439380.97998
2021-01-14,300433,36.28,37.19,35.3,36.72,113612262.0,4521581079.0,160458540928.56
2021-01-15,300433,36.2,36.55,33.8,34.62,112797013.0,4326326854.0,151281990385.25998
2021-01-18,300433,34.82,37.93,34.82,37.11,104523830.0,4180266597.0,162162757458.03
2021-01-19,300433,36.76,37.08,35.36,35.49,78106454.0,3086305889.0,155083704181.77002
2021-01-20,300433,35.5,36.62,35.21,35.62,56637916.0,2217368402.0,155651776358.25998
2021-01-21,300433,36.5,36.92,35.52,36.66,77115639.0,3048564198.0,160196353770.18
2021-01-22,300433,36.64,36.64,31.61,33.26,201589466.0,7412328882.0,145339081461.97998
2021-01-25,300433,32.38,33.71,31.33,32.5,119182070.0,4226900706.0,142018044122.5
2021-01-26,300433,32.98,33.16,31.48,32.17,77301798.0,2726266566.0,140576014751.41
2021-01-27,300433,32.52,33.3,31.61,32.13,63173477.0,2232205328.0,140424479777.61002
2021-01-28,300433,31.61,32.19,30.06,30.23,85299201.0,2874947331.0,132120511163.31
2021-01-29,300433,30.87,30.94,29.82,30.6,59519988.0,1974292793.0,133737599788.20001
2021-02-01,300433,30.69,30.74,29.77,30.05,46327300.0,1526034092.0,131333819399.85
2021-02-02,300433,30.21,30.21,28.94,29.68,58461048.0,1878432096.0,129716730774.95999
2021-02-03,300433,29.95,30.14,28.42,28.43,70023905.0,2222045905.0,124253593528.70999
2021-02-04,300433,28.22,28.84,27.37,28.09,64350897.0,1965679299.0,122767620197.73
2021-02-05,300433,28.58,28.67,27.31,27.59,51010029.0,1544416047.0,120582365299.23
2021-02-08,300433,27.63,28.22,26.93,27.93,59586719.0,1795460496.0,122068338630.20999
2021-02-09,300433,27.87,28.98,27.58,28.4,56392159.0,1752754826.0,124122478234.79999
2021-02-10,300433,28.49,30.69,28.4,30.09,71475498.0,2322916975.0,131508639791.73
2021-02-18,300433,30.46,30.76,29.34,29.49,56374961.0,1840515119.0,128886333913.53
2021-02-19,300433,29.32,29.48,28.26,29.38,48473119.0,1525686332.0,128405577835.86
2021-02-22,300433,29.13,29.13,28.45,28.46,48269077.0,1514575812.0,124384708822.62001
2021-02-23,300433,27.99,28.97,27.82,28.54,33838894.0,1052263012.0,124734349606.37999
2021-02-24,300433,28.54,29.37,28.32,28.83,49112581.0,1548360122.0,126001797447.51
2021-02-25,300433,28.86,29.5,28.13,29.09,45783234.0,1443480654.0,127138129994.73
2021-02-26,300433,28.4,28.75,27.89,28.63,39038517.0,1206506291.0,125127695488.11
2021-03-01,300433,28.95,30.2,28.58,30.09,58474817.0,1881565462.0,131508639791.73
2021-03-02,300433,30.23,30.86,29.88,30.04,54013021.0,1784792126.0,131290114301.87999
2021-03-03,300433,29.84,29.97,29.11,29.73,35577032.0,1148353336.0,129935256264.81
2021-03-04,300433,29.32,29.41,28.22,28.29,45399869.0,1418560970.0,123641722157.12999
2021-03-05,300433,27.8,28.89,27.77,28.49,28138647.0,873939640.0,124515824116.53
2021-03-08,300433,28.63,28.75,27.37,27.42,37900739.0,1158281827.0,119839378633.74
2021-03-09,300433,27.42,27.56,25.48,26.41,43469304.0,1262580377.0,115425163738.77
2021-03-10,300433,26.98,27.03,25.89,26.0,30265211.0,869344631.0,113633254722.0
2021-03-11,300433,25.93,26.56,24.95,26.38,45331273.0,1280076470.0,115294048444.86
2021-03-12,300433,26.38,26.38,25.19,25.43,47986189.0,1339602610.0,111142064137.70999
2021-03-15,300433,25.1,25.35,24.09,24.2,41561031.0,1116022643.0,105766337087.4
2021-03-16,300433,24.36,24.73,23.66,24.04,33097973.0,870632235.0,105067055519.87999
2021-03-17,300433,23.87,24.32,23.59,23.89,31754279.0,831274437.0,104411479050.33
2021-03-18,300433,23.93,24.21,23.59,23.76,30726268.0,799240854.0,103843312776.72
2021-03-19,300433,23.37,23.9,23.21,23.55,40070459.0,1025709197.0,102925505719.35
2021-03-22,300433,23.54,23.71,23.27,23.64,28097537.0,720809574.0,103318851601.08
2021-03-23,300433,23.87,24.19,22.81,22.94,43293433.0,1107286879.0,100259494743.18001
2021-03-24,300433,22.58,22.99,22.15,22.26,34474343.0,843992024.0,97287548081.22
2021-03-25,300433,22.14,23.12,22.12,22.88,34791399.0,858834744.0,99997264155.36
2021-03-26,300433,22.9,23.91,22.74,23.68,42158918.0,1079634226.0,103493671992.95999
2021-03-29,300433,24.08,24.08,23.4,23.5,26133022.0,674004321.0,102706980229.5
2021-03-30,300433,23.28,23.73,23.23,23.54,18939860.0,486610586.0,102881800621.37999
2021-03-31,300433,23.54,24.03,23.47,23.94,23182885.0,602067527.0,104636036366.82
2021-04-01,300433,23.93,24.09,23.64,23.96,21068969.0,549110927.0,104723451601.88
2021-04-02,300433,23.97,24.46,23.82,24.29,27009320.0,714592559.0,106165802980.37
2021-04-06,300433,24.31,24.4,23.82,23.86,21341000.0,558125806.0,104286375426.58
2021-04-07,300433,23.87,23.98,23.5,23.76,17821557.0,461238893.0,103849299251.28001
2021-04-08,300433,23.56,23.95,23.41,23.52,15771635.0,407581392.0,102800316430.56
2021-04-09,300433,23.37,23.76,23.18,23.23,15554200.0,397450671.0,101532795522.19
2021-04-12,300433,23.13,23.41,22.46,22.61,19081806.0,476907961.0,98822923235.33
2021-04-13,300433,22.71,23.9,22.61,23.25,35224480.0,899743515.0,101620210757.25
2021-04-14,300433,23.41,23.97,23.34,23.66,25647770.0,661726109.0,103412223075.98
2021-04-15,300433,23.41,23.51,22.56,23.11,25900793.0,646813369.0,101008304111.83
2021-04-16,300433,23.1,23.73,22.94,23.65,25867245.0,661507649.0,103368515458.45
2021-04-19,300433,23.65,25.74,23.65,25.2,64331722.0,1752973863.0,110143196175.59999
2021-04-20,300433,24.99,24.99,24.3,24.3,40246064.0,1081573396.0,106209510597.90001
2021-04-21,300433,24.28,24.7,23.89,24.52,25455295.0,675215282.0,107171078183.56
2021-04-22,300433,24.52,26.05,24.4,25.57,58558898.0,1618414670.0,111760378024.21
2021-04-23,300433,25.37,26.27,25.23,26.06,48144463.0,1358455330.0,113902051283.18
2021-04-26,300433,26.26,27.16,25.83,26.37,61226769.0,1772734894.0,115256987426.61
2021-04-27,300433,26.11,26.74,25.73,26.48,35708271.0,1023040862.0,115737771219.44
2021-04-28,300433,25.64,25.64,23.98,24.74,62496789.0,1686508977.0,108132645769.21999
2021-04-29,300433,24.64,25.08,24.41,24.5,26668922.0,718715271.0,107083662948.5
2021-04-30,300433,24.64,24.85,23.82,23.94,32255731.0,851127544.0,104636036366.82
2021-05-06,300433,23.81,24.14,23.46,23.65,23667292.0,612986606.0,103368515458.45
2021-05-07,300433,23.64,23.87,22.86,22.89,31984541.0,810190348.0,100046736526.17
2021-05-10,300433,22.76,23.17,22.62,23.01,22483651.0,560595105.0,100571227936.53001
2021-05-11,300433,22.74,23.22,22.67,23.21,16742927.0,421180201.0,101445380287.13
2021-05-12,300433,23.13,23.2,22.81,23.02,16474043.0,413348263.0,100614935554.06
2021-05-13,300433,22.72,23.47,22.68,22.92,19990194.0,503721721.0,100177859378.76001
2021-05-14,300433,23.04,23.5,22.74,23.46,24694313.0,624604605.0,102538070725.38
2021-05-17,300433,23.54,24.69,23.54,24.25,37522088.0,988363553.0,105990972510.25
2021-05-18,300433,24.26,24.48,23.65,23.97,24451090.0,639375310.0,104767159219.40999
2021-05-19,300433,23.97,24.92,23.72,24.92,51396198.0,1383044069.0,108919382884.76001
2021-05-20,300433,24.79,25.83,24.55,25.82,47821762.0,1330838514.0,112853068462.46
2021-05-21,300433,25.61,25.93,25.26,25.82,36852546.0,1028011235.0,112853068462.46
2021-05-24,300433,25.56,26.18,25.38,25.83,29830170.0,841110260.0,112896776079.98999
2021-05-25,300433,25.83,26.65,25.47,26.58,43316702.0,1238387758.0,116174847394.73999
2021-05-26,300433,26.66,26.66,25.66,25.67,42275857.0,1202084488.0,112197454199.51001
2021-05-27,300433,25.7,26.81,25.69,26.47,39881385.0,1153330688.0,115694063601.90999
2021-05-28,300433,26.34,27.12,26.34,26.72,36781534.0,1075578096.0,116786754040.15999
2021-05-31,300433,26.61,27.06,26.38,26.73,25275830.0,736306275.0,116830461657.69
2021-06-01,300433,26.8,27.03,26.45,26.58,24830070.0,723128337.0,116174847394.73999
2021-06-02,300433,26.59,26.73,26.11,26.11,28494439.0,820476581.0,114120589370.83
2021-06-03,300433,25.94,27.11,25.94,26.53,34610379.0,1011277753.0,115956309307.09001
2021-06-04,300433,26.34,26.65,25.99,26.11,24105519.0,691405551.0,114120589370.83
2021-06-07,300433,26.11,26.48,25.75,25.95,17428126.0,494794349.0,113421267490.34999
2021-06-08,300433,25.95,26.6,25.58,25.74,21821914.0,619892337.0,112503407522.21999
2021-06-09,300433,25.72,25.83,24.95,25.06,27723498.0,762979386.0,109531289530.18
2021-06-10,300433,24.97,25.25,24.52,24.79,34828489.0,942049415.0,108351183856.87
2021-06-11,300433,24.83,24.99,24.64,24.78,33091554.0,894736189.0,108307476239.34001
2021-06-15,300433,24.91,25.81,24.9,25.65,43793447.0,1216697588.0,112110038964.45
2021-06-16,300433,25.7,25.7,24.64,24.64,28409404.0,775512946.0,107695569593.92
2021-06-17,300433,24.64,25.04,24.4,24.65,29250179.0,790895874.0,107739277211.45
2021-06-18,300433,24.76,25.23,24.72,25.08,28232662.0,770865045.0,109618704765.23999
2021-06-21,300433,25.08,26.69,24.83,26.44,54873989.0,1568473693.0,115562940749.32
2021-06-22,300433,26.71,26.96,26.47,26.84,45428826.0,1328214661.0,117311245450.52
2021-06-23,300433,26.82,28.1,26.76,27.71,50261099.0,1508368856.0,121113808175.63
2021-06-24,300433,27.94,28.58,27.48,27.72,42112133.0,1284503896.0,121157515793.15999
2021-06-25,300433,28.02,28.12,27.35,27.76,34390177.0,1041118779.0,121332346263.28001
2021-06-28,300433,27.83,28.42,27.64,27.8,36508773.0,1113908727.0,121507176733.40001
2021-06-29,300433,27.58,27.71,27.14,27.36,29109955.0,870714273.0,119584041562.08
2021-06-30,300433,27.39,27.58,26.79,26.94,25104242.0,741383615.0,117748297379.82
2021-07-01,300433,27.14,28.26,27.14,27.9,42745945.0,1299503323.0,121944227798.7
2021-07-02,300433,27.5,27.57,26.38,26.41,34745875.0,1015075574.0,115431794127.73
2021-07-05,300433,26.34,26.93,26.12,26.57,26486809.0,765121433.0,116131115864.21
2021-07-06,300433,26.6,26.6,25.67,26.1,30966879.0,881256768.0,114076858263.3
2021-07-07,300433,25.91,26.44,25.68,26.26,21543386.0,614706382.0,114776179999.78001
2021-07-08,300433,26.53,27.03,26.28,26.42,31637372.0,920533767.0,115475501736.26001
2021-07-09,300433,25.86,26.16,25.22,25.83,31473457.0,881982162.0,112896752832.98999
2021-07-12,300433,25.83,26.34,25.19,25.94,33661714.0,947692892.0,113377536526.82
2021-07-13,300433,25.7,25.87,24.74,24.78,51546831.0,1416200793.0,108307453937.34001
2021-07-14,300433,24.79,25.04,23.85,23.92,40974366.0,1084762015.0,104548599603.76001
2021-07-15,300433,23.89,24.71,23.27,24.7,47346209.0,1238185901.0,107957793069.09999
2021-07-16,300433,24.41,24.6,23.91,24.23,29969429.0,782091835.0,105903535468.19
2021-07-19,300433,24.09,24.69,23.96,24.6,23166295.0,609010714.0,107520716983.8
2021-07-20,300433,24.36,24.75,24.23,24.31,23204620.0,610909390.0,106253196336.43
2021-07-21,300433,24.36,24.5,23.83,23.85,32876222.0,854864278.0,104242646344.05
2021-07-22,300433,23.82,24.24,23.3,24.14,37627824.0,965873336.0,105510166991.42
2021-07-23,300433,23.86,23.92,23.31,23.34,32706589.0,827461158.0,102013558309.02
2021-07-26,300433,23.2,23.63,23.03,23.25,25796645.0,649308928.0,101620189832.25
2021-07-27,300433,23.44,23.92,23.2,23.3,46959452.0,1196339370.0,115576935410.2
2021-07-28,300433,23.19,23.39,21.7,21.82,46016577.0,1104377038.0,108235567839.08
2021-07-29,300433,22.18,23.48,22.02,23.21,44455588.0,1096915701.0,115130500895.74
2021-07-30,300433,23.2,23.68,22.79,23.57,29509947.0,741485092.0,116916238953.58
2021-08-02,300433,23.62,23.65,22.8,23.65,33977754.0,850850311.0,117313069633.09999
2021-08-03,300433,23.49,23.98,23.24,23.45,24231743.0,615862158.0,116320992934.3
2021-08-04,300433,23.58,24.99,23.45,24.79,53834003.0,1417953213.0,122967906816.26
2021-08-05,300433,25.05,26.31,24.78,25.13,56618424.0,1557580068.0,124654437204.22
2021-08-06,300433,25.15,25.23,24.5,24.98,28013889.0,746584009.0,123910379680.12
2021-08-09,300433,24.7,24.94,24.43,24.59,25444898.0,675160052.0,121975830117.46
2021-08-10,300433,24.49,24.87,24.08,24.65,26018242.0,684914831.0,122273453127.09999
2021-08-11,300433,24.78,24.78,23.77,23.78,39093952.0,1014069404.0,117957919487.32
2021-08-12,300433,23.67,24.21,23.3,23.54,33390781.0,852258464.0,116767427448.76
2021-08-13,300433,23.67,23.67,22.86,22.97,29970656.0,746774931.0,113940008857.18
2021-08-16,300433,22.93,23.41,22.65,23.11,19513738.0,485219745.0,114634462546.34
2021-08-17,300433,23.07,23.28,22.32,22.48,24087790.0,589259262.0,111509420945.12
2021-08-18,300433,22.48,22.68,22.16,22.62,21416711.0,517309810.0,112203874634.28
2021-08-19,300433,22.42,22.81,22.39,22.57,16663890.0,406194705.0,111955855459.58
2021-08-20,300433,22.55,23.37,22.16,23.33,33372162.0,821273257.0,115725746915.01999
2021-08-23,300433,23.16,24.18,22.82,23.66,49769769.0,1270845889.0,117362673468.04
2021-08-24,300433,23.83,23.95,23.22,23.46,33696068.0,851192627.0,116370596769.24
2021-08-25,300433,23.3,23.98,23.3,23.35,28351177.0,720416033.0,115824954584.90001
2021-08-26,300433,23.2,23.2,22.38,22.46,37024973.0,907969373.0,111410213275.24
2021-08-27,300433,22.55,23.1,22.21,22.48,30409870.0,740393918.0,111509420945.12
2021-08-30,300433,22.74,22.98,22.18,22.31,30268365.0,734679631.0,110666155751.14
2021-08-31,300433,22.32,22.62,21.7,21.9,29998933.0,708336869.0,108632398518.59999
2021-09-01,300433,21.86,22.62,21.68,22.42,28733776.0,688139643.0,111211797935.48001
2021-09-02,300433,22.49,22.68,22.0,22.23,23829832.0,570921512.0,110269325071.62
2021-09-03,300433,22.05,22.88,21.92,22.74,31217587.0,758769316.0,112799120653.56
2021-09-06,300433,22.69,23.07,22.62,22.92,31990306.0,787553551.0,113691989682.48001
2021-09-07,300433,22.92,23.01,22.42,22.66,29281095.0,714361117.0,112402289974.04
2021-09-08,300433,22.7,23.44,22.66,23.33,41369395.0,1031476618.0,115725746915.01999
2021-09-09,300433,23.15,23.15,22.75,22.91,25515218.0,628914523.0,113642385847.54
2021-09-10,300433,22.95,23.13,22.63,23.03,27336506.0,674187822.0,114237631866.82
2021-09-13,300433,22.92,22.92,22.26,22.33,26844396.0,650144706.0,110765363421.01999
2021-09-14,300433,22.31,22.49,22.06,22.26,19252477.0,461859430.0,110418136576.44
2021-09-15,300433,22.29,22.3,21.81,21.87,20856698.0,492316994.0,108483587013.78
2021-09-16,300433,21.72,22.03,21.16,21.16,29689895.0,687917426.0,104961714733.04
2021-09-17,300433,21.1,21.3,20.14,20.63,31006793.0,687063287.0,102332711481.22
2021-09-22,300433,20.28,20.71,20.14,20.18,19379534.0,424248058.0,100100538908.92
2021-09-23,300433,20.26,20.85,20.21,20.73,24696592.0,546550368.0,102828749830.62
2021-09-24,300433,20.72,20.76,20.42,20.43,14847391.0,328810331.0,101340634782.42
2021-09-27,300433,20.51,20.84,20.23,20.61,22518395.0,499245086.0,102233503811.34
2021-09-28,300433,20.56,20.56,20.14,20.14,19407171.0,422882000.0,99902123569.16
2021-09-29,300433,19.68,19.77,18.56,18.83,40263456.0,821707293.0,93404021192.01999
2021-09-30,300433,18.98,19.66,18.87,19.42,25021171.0,521713125.0,96330647453.48001
2021-10-08,300433,19.77,20.12,19.58,19.69,24927844.0,532307135.0,97669950996.86
2021-10-11,300433,19.69,19.86,19.43,19.61,14392837.0,305146731.0,97273120317.34
2021-10-12,300433,19.49,19.57,19.05,19.27,16530251.0,343354413.0,95586589929.38
2021-10-13,300433,19.3,19.38,18.84,19.14,15105727.0,310198948.0,94941740075.16
2021-10-14,300433,19.12,19.3,19.04,19.06,13867335.0,286559845.0,94544909395.64
2021-10-15,300433,19.11,19.34,18.88,19.19,21875288.0,450872668.0,95189759249.86
2021-10-18,300433,19.12,19.17,18.56,18.64,25096637.0,504789347.0,92461548328.16
2021-10-19,300433,18.56,19.37,18.54,18.77,33742105.0,688340833.0,93106398182.38
2021-10-20,300433,18.71,19.16,18.57,18.64,33307774.0,675954646.0,92461548328.16
2021-10-21,300433,18.74,18.76,18.01,18.08,41152983.0,808224601.0,89683733571.51999
2021-10-22,300433,18.09,18.87,18.06,18.3,34081303.0,676949619.0,90775017940.2
2021-10-25,300433,18.29,18.29,17.85,17.94,36539638.0,707706102.0,88989279882.36
2021-10-26,300433,17.31,19.77,17.05,19.49,113965533.0,2290539458.0,96677874298.06
2021-10-27,300433,19.12,19.31,17.87,18.35,74162712.0,1468743641.0,91023037114.90001
2021-10-28,300433,18.11,18.89,18.1,18.38,40695827.0,814164442.0,91171848619.72
2021-10-29,300433,18.38,19.96,18.16,19.74,92010246.0,1926662874.0,97917970171.56
2021-11-01,300433,19.84,20.84,19.84,20.41,80339456.0,1772667510.0,101241427112.54
2021-11-02,300433,20.3,20.87,20.09,20.54,53743457.0,1186965954.0,101886276966.76
2021-11-03,300433,20.42,20.65,20.03,20.23,36610645.0,801077327.0,100348558083.62
2021-11-04,300433,20.9,21.07,19.73,20.23,64416103.0,1405297655.0,100348558083.62
2021-11-05,300433,20.42,20.81,20.17,20.39,42107811.0,932022767.0,101142219442.66
2021-11-08,300433,20.39,21.14,19.54,20.51,71278545.0,1554211698.0,101737465461.94
2021-11-09,300433,20.23,20.5,19.78,20.04,46775040.0,1007652154.0,99406085219.76
2021-11-10,300433,19.82,20.61,19.78,20.49,48719349.0,1067620323.0,101638257792.06
2021-11-11,300433,20.28,21.32,20.23,21.29,68506635.0,1540890481.0,105606564587.26
2021-11-12,300433,21.05,21.66,20.87,21.28,44449636.0,1019076971.0,105556960752.32
2021-11-15,300433,21.16,22.08,21.16,21.79,51082808.0,1193085087.0,108086756334.26
2021-11-16,300433,21.63,22.23,21.45,21.52,44811189.0,1057455207.0,106747452790.88
2021-11-17,300433,21.52,21.86,21.05,21.31,35210177.0,813763436.0,105705772257.14
2021-11-18,300433,21.26,21.42,20.68,20.69,32189926.0,726733952.0,102630334490.86
2021-11-19,300433,20.68,22.04,20.61,21.44,40706175.0,943935132.0,106350622111.36
2021-11-22,300433,21.39,21.66,21.12,21.47,30205982.0,695970894.0,106499433616.18
2021-11-23,300433,21.31,21.48,21.02,21.07,28602114.0,652504346.0,104515280218.58
2021-11-24,300433,21.1,21.47,20.87,21.13,29351099.0,669072244.0,104812903228.22
2021-11-25,300433,21.07,21.09,20.12,20.17,42790928.0,946807441.0,100050935073.98001
2021-11-26,300433,20.08,20.35,19.81,19.97,22843260.0,493253759.0,99058858375.18
2021-11-29,300433,19.5,19.91,19.41,19.6,25354086.0,536694541.0,97223516482.40001
2021-11-30,300433,19.6,19.87,19.25,19.48,28826094.0,607951165.0,96628270463.12
2021-12-01,300433,19.49,19.73,19.46,19.66,19827298.0,418288163.0,97521139492.04
2021-12-02,300433,19.57,19.61,19.0,19.09,27913727.0,578133248.0,94693720900.46
2021-12-03,300433,19.29,19.72,19.09,19.34,28970084.0,603199160.0,95933816773.96
2021-12-06,300433,19.46,19.96,19.21,19.51,37593119.0,794875855.0,96777081967.94
2021-12-07,300433,19.77,20.28,19.6,19.91,43419685.0,932643961.0,98761235365.54
2021-12-08,300433,20.05,20.61,19.77,20.57,52532613.0,1143850508.0,102035088471.58
2021-12-09,300433,20.51,21.32,20.38,21.27,58870952.0,1332668263.0,105507356917.38
2021-12-10,300433,20.93,21.34,20.87,21.06,50950487.0,1158633256.0,104465676383.64
2021-12-13,300433,21.14,22.0,21.01,21.65,61144605.0,1425616067.0,107392302645.09999
2021-12-14,300433,21.49,23.56,21.44,22.91,124613808.0,3047067683.0,113642385847.54
2021-12-15,300433,22.93,23.12,22.42,22.6,57224366.0,1400863956.0,112104666964.40001
2021-12-16,300433,22.61,22.82,22.22,22.54,40674291.0,987938570.0,111807043954.76
2021-12-17,300433,22.42,22.52,22.01,22.01,35822229.0,855951678.0,109178040702.94
2021-12-20,300433,22.0,22.38,21.51,21.54,30689463.0,721442512.0,106846660460.76
2021-12-21,300433,21.54,22.46,21.53,21.93,34203344.0,811532320.0,108781210023.42
2021-12-22,300433,21.93,23.58,21.93,22.94,76925207.0,1902696285.0,113791197352.36
2021-12-23,300433,23.18,23.39,22.77,22.87,37650674.0,932348725.0,113443970507.78
2021-12-24,300433,22.87,23.39,22.69,23.0,37136094.0,923148727.0,114088820362.0
2021-12-27,300433,23.11,23.33,22.77,23.2,27890888.0,693959695.0,115080897060.8
2021-12-28,300433,23.2,23.2,21.93,22.18,57191943.0,1379383481.0,110021305896.92
2021-12-29,300433,22.18,22.32,21.32,21.35,46492986.0,1079934760.0,105904187596.90001
2021-12-30,300433,21.49,21.76,21.22,21.25,43854391.0,1012600943.0,105408149247.5
2021-12-31,300433,21.26,21.46,21.11,21.33,25286914.0,580092785.0,105804913804.01999
2022-01-04,300433,21.44,21.89,21.25,21.79,54485710.0,1270060639.0,108086688785.26
2022-01-05,300433,21.61,21.79,20.7,20.99,51602522.0,1169412632.0,104118384470.06
2022-01-06,300433,20.85,21.04,20.42,20.75,30171686.0,673276486.0,102927893175.5
2022-01-07,300433,20.8,21.0,20.08,20.14,41215759.0,905302191.0,99902061135.16
2022-01-10,300433,19.88,20.37,19.86,20.02,32212265.0,698140975.0,99306815487.88
2022-01-11,300433,20.09,20.25,19.31,19.4,46502831.0,983477332.0,96231379643.59999
2022-01-12,300433,19.41,19.62,19.3,19.46,26217601.0,549225931.0,96529002467.24
2022-01-13,300433,19.4,19.49,18.81,18.85,34107372.0,701438808.0,93506795131.1
2022-01-14,300433,18.76,19.03,18.73,18.77,21244363.0,431377240.0,93109949316.22
2022-01-17,300433,18.84,19.25,18.83,19.2,30793356.0,634160546.0,95242995571.2
2022-01-18,300433,19.19,19.2,18.76,18.91,32990593.0,673752467.0,93804429492.26
2022-01-19,300433,18.8,18.83,18.3,18.37,40474391.0,807118808.0,91125720241.82
2022-01-20,300433,18.38,18.52,17.96,18.1,39588828.0,775632625.0,89786365616.6
2022-01-21,300433,18.04,18.11,17.4,17.47,43600125.0,829631560.0,86661204824.42
2022-01-24,300433,17.4,17.67,17.29,17.45,30253616.0,569830953.0,86561993370.7
2022-01-25,300433,17.46,17.59,16.77,16.77,34966774.0,643875730.0,83188803944.22
2022-01-26,300433,16.87,17.05,16.5,16.86,36172213.0,653317232.0,83635255485.95999
2022-01-27,300433,16.71,16.76,16.04,16.09,46902669.0,827069745.0,79815614517.74
2022-01-28,300433,16.18,16.33,15.65,15.7,42995166.0,737536909.0,77880991170.2
2022-02-07,300433,15.22,15.22,13.6,13.95,125711855.0,1898052542.0,69199988969.7
2022-02-08,300433,13.95,14.14,13.44,14.1,78407877.0,1168689225.0,69944074872.59999
2022-02-09,300433,14.02,14.53,13.92,14.47,57907221.0,889942675.0,71779486766.42
2022-02-10,300433,14.43,14.47,14.02,14.1,54647826.0,836345574.0,69944074872.59999
2022-02-11,300433,14.05,14.06,13.71,13.76,41540932.0,620298026.0,68257480159.36
2022-02-14,300433,13.65,13.85,13.52,13.65,39031290.0,574718749.0,67711817163.9
2022-02-15,300433,13.67,13.78,13.48,13.75,49936905.0,732861316.0,68207874432.5
2022-02-16,300433,13.82,14.08,13.63,13.77,61870631.0,921231012.0,68307085886.22
2022-02-17,300433,13.65,13.96,13.49,13.66,65696677.0,968420503.0,67761422890.76
2022-02-18,300433,13.53,13.78,13.47,13.77,45470891.0,668867451.0,68307085886.22
2022-02-21,300433,13.71,14.02,13.67,13.93,50499027.0,755961468.0,69100777515.98
2022-02-22,300433,13.78,13.78,13.55,13.59,44959463.0,660683311.0,67414182802.74
2022-02-23,300433,13.62,14.2,13.62,14.02,63393001.0,954459339.0,69547229057.72
2022-02-24,300433,13.92,14.02,13.27,13.48,76405346.0,1122289870.0,66868519807.28
2022-02-25,300433,13.64,13.92,13.6,13.63,52887073.0,784201208.0,67612605710.18
2022-02-28,300433,13.63,13.66,13.41,13.5,35157831.0,510972693.0,66967731261.0
2022-03-01,300433,13.49,13.57,13.37,13.49,34470416.0,499981218.0,66918125534.14
2022-03-02,300433,13.37,13.46,13.21,13.43,34999606.0,503005800.0,66620491172.979996
2022-03-03,300433,13.49,13.66,13.13,13.17,44197276.0,633303282.0,65330742274.62
2022-03-04,300433,13.03,13.15,12.9,12.95,35017042.0,491216978.0,64239416283.7
2022-03-07,300433,12.81,12.84,12.53,12.62,43894955.0,597810473.0,62602427297.32
2022-03-08,300433,12.61,12.76,12.13,12.23,42020777.0,561421669.0,60667803949.78
2022-03-09,300433,12.27,12.33,11.35,11.87,61408071.0,783337855.0,58881997782.82
2022-03-10,300433,12.23,12.25,11.82,11.95,48184436.0,623008041.0,59278843597.7
2022-03-11,300433,11.71,12.08,11.56,12.05,42969508.0,546664359.0,59774900866.3
2022-03-14,300433,12.05,12.22,11.66,11.68,38942796.0,500765963.0,57939488972.479996
2022-03-15,300433,11.37,11.49,10.67,10.71,77802102.0,931493299.0,53127733467.060005
2022-03-16,300433,10.95,11.36,10.63,11.3,68089598.0,807912336.0,56054471351.8
2022-03-17,300433,11.65,11.67,11.4,11.43,55908221.0,693438674.0,56699345800.979996
2022-03-18,300433,11.41,11.74,11.33,11.54,43713197.0,542360706.0,57245008796.439995
2022-03-21,300433,11.56,11.68,11.33,11.47,33838495.0,419878763.0,56897768708.420006
2022-03-22,300433,11.47,11.49,11.3,11.34,33367707.0,408697100.0,56252894259.24
2022-03-23,300433,11.34,11.44,11.26,11.36,27421766.0,336298364.0,56352105712.96
2022-03-24,300433,11.31,11.31,11.1,11.17,35089634.0,422015320.0,55409596902.62
2022-03-25,300433,11.21,11.3,10.86,10.89,36231434.0,431231624.0,54020636550.54
2022-03-28,300433,10.86,10.92,10.6,10.84,29990938.0,347719754.0,53772607916.24
2022-03-29,300433,10.84,10.94,10.54,10.56,35208437.0,405392760.0,52383647564.16
2022-03-30,300433,10.66,11.05,10.63,11.0,50360111.0,590620125.0,54566299546.0
2022-03-31,300433,10.93,11.03,10.79,10.83,29278512.0,343644993.0,53723025203.13
2022-04-01,300433,10.74,10.87,10.63,10.8,25927581.0,300502227.0,53574207958.8
2022-04-06,300433,10.8,10.92,10.68,10.74,30765567.0,356654975.0,53276573470.14
2022-04-07,300433,10.67,10.8,10.39,10.39,41207494.0,468464915.0,51540372286.29
2022-04-08,300433,10.39,10.44,10.03,10.34,40743131.0,448977960.0,51292343545.74
2022-04-11,300433,10.31,10.36,9.77,9.82,39223829.0,422194850.0,48712844644.020004
2022-04-12,300433,9.84,9.97,9.63,9.96,33984381.0,359830650.0,49407325117.560005
2022-04-13,300433,9.85,9.91,9.66,9.68,25371414.0,266527822.0,48018364170.479996
2022-04-14,300433,9.75,9.87,9.68,9.78,24546473.0,258572812.0,48514421651.579994
2022-04-15,300433,9.72,10.08,9.61,9.94,42583887.0,452983915.0,49308113621.34
2022-04-18,300433,9.89,10.08,9.7,10.01,35046073.0,373761877.0,49655353858.11
2022-04-19,300433,9.98,10.28,9.71,9.75,50724367.0,540516141.0,48365604407.25
2022-04-20,300433,9.79,10.28,9.72,9.88,76168780.0,822084903.0,49010479132.68
2022-04-21,300433,9.76,10.95,9.7,10.53,162547308.0,1840150325.0,52234852759.829994
2022-04-22,300433,10.36,10.6,9.89,10.02,117779169.0,1294095437.0,49704959606.22
2022-04-25,300433,9.19,9.31,8.7,8.89,117490058.0,1137977381.0,44099510069.79
2022-04-26,300433,8.95,9.21,8.37,8.42,100899478.0,950943830.0,41768039908.62
2022-04-27,300433,8.29,8.93,8.23,8.82,76581536.0,705802694.0,43752269833.020004
2022-04-28,300433,8.72,8.82,8.45,8.53,53613051.0,496591571.0,42313703137.829994
2022-04-29,300433,8.57,9.64,8.57,9.43,86159170.0,845686626.0,46778220467.729996
2022-05-05,300433,9.44,9.54,9.26,9.35,51456738.0,521367002.0,46381374482.85
2022-05-06,300433,9.14,9.24,8.89,8.92,51894139.0,503904781.0,44248327314.12
2022-05-09,300433,8.89,9.04,8.81,8.85,28042600.0,269143915.0,43901087077.35
2022-05-10,300433,8.69,9.04,8.63,9.0,37567950.0,359931668.0,44645173299.0
2022-05-11,300433,9.0,9.61,8.95,9.28,77212672.0,777431395.0,46034134246.079994
2022-05-12,300433,9.12,9.3,9.1,9.2,37812060.0,374735581.0,45637288261.2
2022-05-13,300433,9.24,9.3,9.03,9.1,39393638.0,387821511.0,45141230780.1
2022-05-16,300433,9.19,9.34,8.89,8.98,40620062.0,397948134.0,44545961802.78
2022-05-17,300433,8.94,9.13,8.87,9.07,33298268.0,323128766.0,44992413535.770004
2022-05-18,300433,9.1,9.35,9.05,9.19,43470439.0,431322295.0,45587682513.09
2022-05-19,300433,9.0,9.26,8.96,9.26,45503511.0,445966493.0,45934922749.86
2022-05-20,300433,9.26,9.54,9.25,9.53,58338495.0,592820461.0,47274277948.829994
2022-05-23,300433,9.58,9.58,9.33,9.43,42274816.0,428198568.0,46778220467.729996
2022-05-24,300433,9.38,9.66,8.9,8.91,75372010.0,755829986.0,44198721566.01
2022-05-25,300433,8.86,8.98,8.78,8.94,40445812.0,386301911.0,44347538810.34
2022-05-26,300433,8.94,9.41,8.72,9.3,72692482.0,714502460.0,46133345742.3
2022-05-27,300433,9.33,9.49,9.11,9.18,51520115.0,514940481.0,45538076764.979996
2022-05-30,300433,9.19,9.24,9.01,9.06,32455881.0,318028888.0,44942807787.66
2022-05-31,300433,9.1,9.86,8.94,9.79,118149692.0,1218725285.0,48564027399.689995
2022-06-01,300433,9.84,9.84,9.46,9.55,69583152.0,715471732.0,47373489445.05
2022-06-02,300433,9.51,9.78,9.47,9.73,57656456.0,593621621.0,48266392911.03
2022-06-06,300433,9.7,9.96,9.69,9.88,60425942.0,634526157.0,49010479132.68
2022-06-07,300433,9.87,9.89,9.59,9.69,50602343.0,523360321.0,48067969918.59
2022-06-08,300433,9.71,9.82,9.49,9.72,45600882.0,469891084.0,48216787162.920006
2022-06-09,300433,9.69,9.69,9.37,9.43,41859123.0,424311888.0,46778220467.729996
2022-06-10,300433,9.31,9.53,9.3,9.52,36162664.0,364854678.0,47224672200.72
2022-06-13,300433,9.44,9.76,9.41,9.55,41690352.0,425550993.0,47373489445.05
2022-06-14,300433,9.46,9.65,9.18,9.6,53308480.0,532831738.0,47621518185.6
2022-06-15,300433,9.58,10.18,9.54,9.97,111856310.0,1188873091.0,49456930865.670006
2022-06-16,300433,10.0,10.21,9.95,10.0,68523434.0,737551408.0,49605748110.0
2022-06-17,300433,9.89,10.17,9.84,10.09,53829630.0,574399965.0,50052199842.99
2022-06-20,300433,10.28,10.54,10.09,10.22,76493091.0,839348787.0,50697074568.420006
2022-06-21,300433,10.18,10.71,10.1,10.48,89860947.0,1003467480.0,51986824019.28
2022-06-22,300433,10.37,10.48,9.93,9.93,82940459.0,893746715.0,49258507873.229996
2022-06-23,300433,9.9,10.07,9.82,10.05,45027394.0,479508789.0,49853776850.55
2022-06-24,300433,10.02,10.16,10.01,10.07,39683763.0,426756328.0,49952988346.770004
2022-06-27,300433,10.09,10.22,10.03,10.04,47798856.0,515714914.0,49804171102.439995
2022-06-28,300433,10.04,10.57,9.89,10.5,91689866.0,1006863682.0,52086035515.5
2022-06-29,300433,10.51,10.92,10.36,10.37,88209806.0,998502533.0,51441160790.07
2022-06-30,300433,10.36,10.49,10.3,10.37,47589927.0,527810043.0,51441160790.07
2022-07-01,300433,10.42,10.65,10.33,10.44,43032223.0,480447419.0,51788401026.84
2022-07-04,300433,10.39,10.4,10.12,10.27,44995428.0,489869946.0,50945103308.97
2022-07-05,300433,10.32,10.58,10.03,10.18,53433394.0,585258126.0,50498651575.979996
2022-07-06,300433,10.17,10.22,9.89,10.02,38440185.0,412006174.0,49704959606.22
2022-07-07,300433,9.98,10.36,9.93,10.21,41937215.0,453879080.0,50647468820.310005
2022-07-08,300433,10.21,11.1,10.18,10.78,145177221.0,1670315491.0,53474996462.579994
2022-07-11,300433,10.78,10.87,10.38,10.51,74258255.0,833187609.0,52135641263.61
2022-07-12,300433,10.5,10.58,10.19,10.23,52148233.0,576941591.0,50746680316.53
2022-07-13,300433,10.3,10.32,10.13,10.23,37634139.0,410236857.0,50746680316.53
2022-07-14,300433,10.24,10.3,10.08,10.2,33961023.0,370406537.0,50597863072.2
2022-07-15,300433,10.18,10.35,9.96,10.01,44943482.0,485959779.0,49655353858.11
2022-07-18,300433,9.99,10.2,9.84,10.18,36121332.0,387631151.0,50498651575.979996
2022-07-19,300433,10.12,10.36,10.1,10.33,39757875.0,434004377.0,51242737797.63
2022-07-20,300433,10.35,10.49,10.19,10.24,36198667.0,398874361.0,50796286064.64
2022-07-21,300433,10.19,10.41,10.15,10.16,32805917.0,359590407.0,50399440079.76
2022-07-22,300433,10.16,10.21,9.75,9.89,56856113.0,603560293.0,49060084880.79
2022-07-25,300433,9.88,9.9,9.64,9.67,25193888.0,262107900.0,47968758422.37
2022-07-26,300433,9.66,9.74,9.58,9.74,20567769.0,212555442.0,48315998659.14
2022-07-27,300433,9.7,9.76,9.62,9.64,21329606.0,220194131.0,47819941178.04
2022-07-28,300433,9.71,10.38,9.71,10.19,91420969.0,989964702.0,50548257324.09
2022-07-29,300433,10.29,10.33,10.17,10.2,46608287.0,508811263.0,50597863072.2
2022-08-01,300433,10.26,10.74,10.08,10.54,76237728.0,856791128.0,52284458507.939995
2022-08-02,300433,10.49,10.52,10.08,10.2,59260832.0,648466953.0,50597863072.2
2022-08-03,300433,10.3,10.45,9.89,9.99,51377302.0,556997018.0,49556142361.89
2022-08-04,300433,10.1,10.36,10.03,10.13,39151599.0,425069770.0,50250622835.43
2022-08-05,300433,10.18,10.53,10.09,10.43,56487788.0,625668592.0,51738795278.729996
2022-08-08,300433,10.39,10.47,10.27,10.36,34815817.0,384113915.0,51391555041.96
2022-08-09,300433,10.39,10.43,10.19,10.41,36855289.0,405134771.0,51639583782.51
2022-08-10,300433,10.31,10.48,10.18,10.19,39457011.0,433577809.0,50548257324.09
2022-08-11,300433,10.29,11.23,10.25,11.0,153744604.0,1791195875.0,54566322921.0
2022-08-12,300433,11.01,11.08,10.78,10.79,76771359.0,895131293.0,53524602210.689995
2022-08-15,300433,10.74,10.91,10.65,10.67,50632504.0,578389607.0,52929333233.37
2022-08-16,300433,10.67,10.82,10.58,10.7,53315891.0,609494663.0,53078150477.7
2022-08-17,300433,10.72,11.51,10.59,11.33,126510605.0,1502714921.0,56203312608.63
2022-08-18,300433,11.24,12.17,11.12,11.86,154523884.0,1918563456.0,58832417258.46
2022-08-19,300433,11.98,12.09,11.7,11.73,116671797.0,1479677080.0,58187542533.03
2022-08-22,300433,11.73,11.97,11.48,11.57,98336604.0,1228758865.0,57393850563.270004
2022-08-23,300433,11.49,11.67,11.34,11.39,56766479.0,693767823.0,56500947097.29
2022-08-24,300433,11.34,11.39,10.74,10.77,85748128.0,1004240955.0,53425390714.47
2022-08-25,300433,10.8,11.04,10.77,10.92,48647704.0,565061764.0,54169476936.12
2022-08-26,300433,10.81,10.91,10.36,10.43,76728403.0,863245984.0,51738795278.729996
2022-08-29,300433,10.18,10.4,10.14,10.31,40102831.0,439404629.0,51143526301.41
2022-08-30,300433,10.31,10.48,10.22,10.26,37505311.0,413338256.0,50895497560.86
2022-08-31,300433,10.19,10.3,9.99,10.19,38326533.0,414949543.0,50548257324.09
2022-09-01,300433,10.12,10.27,9.99,10.0,29601990.0,320080115.0,49605748110.0
2022-09-02,300433,10.07,10.29,10.04,10.21,30840095.0,335785129.0,50647468820.310005
2022-09-05,300433,10.2,10.34,10.11,10.33,26651778.0,291455243.0,51242737797.63
2022-09-06,300433,10.29,10.37,10.18,10.33,24615384.0,270172817.0,51242737797.63
2022-09-07,300433,10.29,10.35,10.18,10.24,24827026.0,272075652.0,50796286064.64
2022-09-08,300433,10.35,10.42,10.16,10.17,22734699.0,249350322.0,50449045827.87
2022-09-09,300433,10.12,10.19,10.03,10.16,20958090.0,226303591.0,50399440079.76
2022-09-13,300433,10.29,10.46,10.21,10.26,31824956.0,350883314.0,50895497560.86
2022-09-14,300433,10.11,10.18,10.05,10.09,23707206.0,255869715.0,50052199842.99
2022-09-15,300433,10.11,10.18,9.66,9.73,38397527.0,403749965.0,48266392911.03
2022-09-16,300433,9.73,9.79,9.38,9.38,34939824.0,354760374.0,46530191727.18
2022-09-19,300433,9.39,9.44,9.13,9.18,22238319.0,218877765.0,45538076764.979996
2022-09-20,300433,9.24,9.32,9.16,9.24,15116918.0,149045466.0,45835711253.64
2022-09-21,300433,9.22,9.31,9.03,9.27,17207136.0,168474185.0,45984528497.97
2022-09-22,300433,9.18,9.29,9.15,9.18,12092437.0,119088272.0,45538076764.979996
2022-09-23,300433,9.16,9.21,8.84,8.92,20307756.0,195343534.0,44248327314.12
2022-09-26,300433,8.85,8.98,8.8,8.82,16106045.0,152710528.0,43752269833.020004
2022-09-27,300433,8.83,9.02,8.83,9.02,13613374.0,129686674.0,44744384795.22
2022-09-28,300433,8.99,9.0,8.74,8.74,14734567.0,139580254.0,43355423848.14
2022-09-29,300433,8.83,8.87,8.61,8.64,15666833.0,146010316.0,42859366367.04
2022-09-30,300433,8.61,8.72,8.59,8.65,15012625.0,138860334.0,42908972115.15
2022-10-10,300433,8.72,8.76,8.53,8.55,17230684.0,158169635.0,42412914634.05
2022-10-11,300433,8.58,8.67,8.54,8.58,13843669.0,126825595.0,42561731878.38
2022-10-12,300433,8.58,8.89,8.55,8.88,22395021.0,208634636.0,44049904321.68
2022-10-13,300433,8.81,9.03,8.8,8.99,18914204.0,180128138.0,44595567550.89
2022-10-14,300433,9.1,9.29,9.1,9.12,26593042.0,260584212.0,45240442276.32
2022-10-17,300433,9.0,9.22,9.0,9.18,16728226.0,163673561.0,45538076764.979996
2022-10-18,300433,9.23,9.26,9.07,9.12,14904753.0,145165676.0,45240442276.32
2022-10-19,300433,9.12,9.2,8.96,8.98,14699335.0,142241933.0,44545961802.78
2022-10-20,300433,8.92,9.18,8.85,9.1,22734999.0,219539481.0,45141230780.1
2022-10-21,300433,9.11,9.26,9.0,9.01,17630286.0,171623627.0,44694779047.11
2022-10-24,300433,9.03,9.19,8.75,8.79,18795290.0,179955034.0,43603452588.689995
2022-10-25,300433,8.83,8.88,8.65,8.78,14677873.0,137214585.0,43553846840.579994
2022-10-26,300433,8.79,9.0,8.77,8.93,15875441.0,150853843.0,44297933062.229996
2022-10-27,300433,9.03,9.63,9.03,9.55,57255865.0,570843397.0,47373489445.05
2022-10-28,300433,9.65,9.8,9.17,9.2,53197297.0,538416686.0,45637288261.2
2022-10-31,300433,9.31,9.51,9.26,9.33,38642418.0,386597099.0,46282162986.63
2022-11-01,300433,9.33,9.46,9.28,9.45,34346150.0,343690398.0,46877431963.95
2022-11-02,300433,9.75,9.9,9.55,9.58,54916378.0,568774697.0,47522306689.38
2022-11-03,300433,9.43,9.51,9.32,9.37,37623702.0,377169880.0,46480585979.07
2022-11-04,300433,9.41,9.63,9.35,9.54,37618015.0,382082359.0,47323883696.939995
2022-11-07,300433,9.51,9.74,9.49,9.65,36043556.0,370530999.0,47869546926.15
2022-11-08,300433,9.65,9.65,9.48,9.56,24140549.0,245635904.0,47423095193.16
2022-11-09,300433,9.46,9.64,9.41,9.51,23014062.0,233844906.0,47175066452.61
2022-11-10,300433,9.43,9.48,9.28,9.32,29410353.0,294213309.0,46232557238.520004
2022-11-11,300433,9.54,9.62,9.48,9.49,36043835.0,367274089.0,47075854956.39
2022-11-14,300433,9.52,9.68,9.47,9.56,28413190.0,290972361.0,47423095193.16
2022-11-15,300433,9.51,10.04,9.5,10.04,63762075.0,671167781.0,49804171102.439995
2022-11-16,300433,10.03,10.22,9.98,10.1,54295715.0,586046629.0,50101805591.1
2022-11-17,300433,10.04,10.09,9.89,10.08,28129337.0,299499980.0,50002594094.88
2022-11-18,300433,10.21,10.29,9.92,9.93,33014554.0,354285237.0,49258507873.229996
2022-11-21,300433,9.86,9.96,9.74,9.92,22886653.0,240540157.0,49208902125.12
2022-11-22,300433,9.89,10.04,9.77,9.85,20314907.0,214861542.0,48861661888.35
2022-11-23,300433,9.92,10.05,9.67,9.84,27021954.0,283200726.0,48812056140.24
2022-11-24,300433,9.89,9.93,9.66,9.7,18770861.0,195532468.0,48117575666.7
2022-11-25,300433,9.68,9.76,9.62,9.69,12857666.0,133118930.0,48067969918.59
2022-11-28,300433,9.6,9.61,9.43,9.52,21308669.0,215947084.0,47224672200.72
2022-11-29,300433,9.52,9.87,9.48,9.85,31309920.0,326540321.0,48861661888.35
2022-11-30,300433,9.89,10.06,9.79,9.96,32080527.0,341645268.0,49407325117.560005
2022-12-01,300433,10.1,10.14,9.99,10.04,35600772.0,382605627.0,49804171102.439995
2022-12-02,300433,9.98,10.09,9.95,10.04,17798051.0,190239433.0,49804171102.439995
2022-12-05,300433,10.1,10.18,10.02,10.18,28581443.0,308755955.0,50498651575.979996
2022-12-06,300433,10.16,10.72,10.1,10.49,64684847.0,724151376.0,52036429767.39
2022-12-07,300433,10.49,10.66,10.38,10.47,39653403.0,445101592.0,51937218271.170006
2022-12-08,300433,10.47,10.47,10.21,10.31,26005954.0,285729130.0,51143526301.41
2022-12-09,300433,10.39,10.41,10.14,10.22,25280395.0,276328857.0,50697074568.420006
2022-12-12,300433,10.16,10.4,10.15,10.31,34221782.0,376381644.0,51143526301.41
2022-12-13,300433,10.27,10.35,10.22,10.3,16431697.0,180013080.0,51093920553.3
2022-12-14,300433,10.36,10.48,10.27,10.31,23235420.0,257017497.0,51143526301.41
2022-12-15,300433,10.31,10.57,10.25,10.46,22736330.0,253442465.0,51887612523.060005
2022-12-16,300433,10.44,10.44,10.26,10.37,15388894.0,169436083.0,51441160790.07
2022-12-19,300433,10.41,10.44,9.97,10.03,21039767.0,227631906.0,49754565354.329994
2022-12-20,300433,10.01,10.16,9.84,10.03,16143725.0,172590081.0,49754565354.329994
2022-12-21,300433,10.0,10.11,9.88,9.93,11549103.0,122787405.0,49258507873.229996
2022-12-22,300433,10.02,10.33,9.93,10.04,20591956.0,222925841.0,49804171102.439995
2022-12-23,300433,10.01,10.09,9.82,9.88,12378335.0,131490553.0,49010479132.68
2022-12-26,300433,9.85,10.16,9.84,10.1,13883400.0,149187542.0,50101805591.1
2022-12-27,300433,10.12,10.2,10.03,10.2,12960620.0,139885029.0,50597863072.2
2022-12-28,300433,10.2,10.24,9.92,9.93,17552337.0,187663298.0,49258507873.229996
2022-12-29,300433,9.9,10.12,9.89,9.97,13577540.0,144928015.0,49456930865.670006
2022-12-30,300433,10.06,10.17,9.79,9.87,20216094.0,213794346.0,48960873384.57
2023-01-03,300433,9.88,10.12,9.7,10.11,26372251.0,280507314.0,50151411339.21
2023-01-04,300433,10.05,10.2,9.95,10.03,16893509.0,181183019.0,49754565354.329994
2023-01-05,300433,10.07,10.25,9.98,10.12,23852587.0,257974867.0,50201017087.32
2023-01-06,300433,10.07,10.1,9.9,9.91,24462813.0,261081878.0,49159296377.01
2023-01-09,300433,9.93,10.02,9.83,9.9,19223798.0,203391655.0,49109690628.9
2023-01-10,300433,9.92,10.04,9.87,9.97,14081848.0,149760045.0,49456930865.670006
2023-01-11,300433,9.95,10.11,9.84,9.85,19256242.0,205099620.0,48861661888.35
2023-01-12,300433,9.88,9.89,9.74,9.79,15167139.0,158579281.0,48564027399.689995
2023-01-13,300433,9.77,9.88,9.77,9.86,10185858.0,106775876.0,48911267636.46
2023-01-16,300433,9.85,10.59,9.84,10.36,63179958.0,695023906.0,51391555041.96
2023-01-17,300433,10.4,10.52,10.36,10.42,29051083.0,323181543.0,51689189530.62
2023-01-18,300433,10.48,10.48,10.37,10.44,17410617.0,193825371.0,51788401026.84
2023-01-19,300433,10.45,10.58,10.35,10.55,20040124.0,224205632.0,52334064256.05
2023-01-20,300433,10.56,10.63,10.48,10.56,19000439.0,213966201.0,52383670004.16
2023-01-30,300433,11.93,12.67,11.57,12.55,210162259.0,2746326074.0,62255213878.05
2023-01-31,300433,12.55,12.65,12.32,12.45,107780526.0,1434497181.0,61759156396.95
2023-02-01,300433,12.56,12.56,12.11,12.48,98063976.0,1292541374.0,61907973641.28
2023-02-02,300433,12.37,12.76,12.31,12.4,90257097.0,1204040378.0,61511127656.4
2023-02-03,300433,12.35,12.64,12.28,12.49,66723848.0,887839449.0,61957579389.39
2023-02-06,300433,12.37,12.55,12.27,12.38,45855119.0,605384331.0,61411916160.18
2023-02-07,300433,12.45,12.79,12.4,12.49,57405255.0,769372758.0,61957579389.39
2023-02-08,300433,12.46,12.6,12.38,12.47,36135234.0,481296981.0,61858367893.170006
2023-02-09,300433,12.43,13.02,12.4,12.73,84971330.0,1154672903.0,63148117344.03
2023-02-10,300433,12.65,12.96,12.61,12.75,52040888.0,707795904.0,63247328840.25
2023-02-13,300433,12.74,12.8,12.57,12.77,44417511.0,601574964.0,63346540336.47
2023-02-14,300433,12.81,13.15,12.69,12.94,70713885.0,975451692.0,64189838054.34
2023-02-15,300433,12.88,12.94,12.73,12.83,45727176.0,625906202.0,63644174825.13
2023-02-16,300433,12.79,13.12,12.53,12.64,74873909.0,1026143998.0,62701665611.04
2023-02-17,300433,12.62,12.79,12.3,12.31,60190116.0,800851725.0,61064675923.41
2023-02-20,300433,12.31,12.49,12.16,12.46,36767842.0,485546445.0,61808762145.060005
2023-02-21,300433,12.5,12.57,12.28,12.44,29901418.0,396257603.0,61709550648.84
2023-02-22,300433,12.37,12.45,12.17,12.25,30834206.0,403999469.0,60767041434.75
2023-02-23,300433,12.25,12.35,12.01,12.07,44504100.0,575936394.0,59874137968.770004
2023-02-24,300433,12.07,12.16,11.87,11.93,28512716.0,364475517.0,59179657495.229996
2023-02-27,300433,11.81,11.95,11.69,11.77,27396679.0,345473068.0,58385965525.47
2023-02-28,300433,11.9,12.08,11.82,11.95,36514304.0,465755501.0,59278868991.45
2023-03-01,300433,11.93,12.15,11.89,12.1,26771774.0,344594455.0,60022955213.1
2023-03-02,300433,12.16,12.21,11.97,12.01,24088685.0,309201552.0,59576503480.11
2023-03-03,300433,11.99,12.12,11.86,12.04,20410210.0,261331888.0,59725320724.439995
2023-03-06,300433,12.05,12.08,11.85,11.88,24258181.0,308415907.0,58931628754.68
2023-03-07,300433,11.84,11.97,11.64,11.67,27682230.0,348798185.0,57889908044.37
2023-03-08,300433,11.63,11.78,11.56,11.74,14478561.0,180742451.0,58237148281.14
2023-03-09,300433,11.79,11.83,11.65,11.73,13160464.0,164898160.0,58187542533.03
2023-03-10,300433,11.67,11.71,11.49,11.49,24374239.0,301751215.0,56997004578.39
2023-03-13,300433,11.52,11.59,11.38,11.55,25208380.0,309350642.0,57294639067.05
2023-03-14,300433,11.52,11.53,11.18,11.38,26455898.0,320214812.0,56451341349.18
2023-03-15,300433,11.49,11.71,11.44,11.45,25430256.0,312812450.0,56798581585.95
2023-03-16,300433,11.36,11.5,11.26,11.29,18482596.0,224501300.0,56004889616.189995
2023-03-17,300433,11.43,11.55,11.37,11.41,26105132.0,319337897.0,56600158593.51
2023-03-20,300433,11.44,11.63,11.38,11.42,29313441.0,359790773.0,56649764341.62
2023-03-21,300433,11.4,11.78,11.36,11.69,34542922.0,429164775.0,57989119540.59
2023-03-22,300433,11.78,12.05,11.67,11.95,41737519.0,529377211.0,59278868991.45
2023-03-23,300433,12.13,13.01,12.12,12.71,112844111.0,1516613134.0,63048905847.810005
2023-03-24,300433,12.71,13.1,12.69,13.01,90570424.0,1249298314.0,64537078291.11
2023-03-27,300433,12.91,13.21,12.71,12.9,57821207.0,797352156.0,63991415061.9
2023-03-28,300433,12.84,12.89,12.46,12.52,41202178.0,555977640.0,62106396633.72
2023-03-29,300433,12.56,12.7,12.37,12.54,30234906.0,404732191.0,62205608129.939995
2023-03-30,300433,12.56,12.71,12.38,12.62,26108327.0,350022043.0,62602454114.82
2023-03-31,300433,12.53,12.67,12.39,12.66,26655609.0,356693530.0,62800877107.26
2023-04-03,300433,12.71,12.76,12.46,12.68,34102184.0,459367395.0,62900088603.479996
2023-04-04,300433,12.71,12.8,12.49,12.64,37487069.0,505694304.0,62701665611.04
2023-04-06,300433,12.55,13.25,12.5,13.01,65756108.0,909479444.0,64537078291.11
2023-04-07,300433,12.96,13.01,12.68,12.77,37968146.0,517466680.0,63346540336.47
2023-04-10,300433,12.7,12.87,12.39,12.41,35047879.0,470982460.0,61560733404.51
2023-04-11,300433,12.44,12.81,12.43,12.66,35217109.0,474831474.0,62800877107.26
2023-04-12,300433,12.67,13.01,12.59,12.97,40506973.0,557434549.0,64338655298.670006
2023-04-13,300433,12.84,12.88,12.44,12.46,39533073.0,530868381.0,61808762145.060005
2023-04-14,300433,12.51,12.55,12.15,12.44,36013970.0,474786925.0,61709550648.84
2023-04-17,300433,12.46,12.49,12.28,12.41,20846867.0,275037475.0,61560733404.51
2023-04-18,300433,12.29,12.41,12.02,12.28,30501584.0,397318093.0,60915858679.079994
2023-04-19,300433,12.24,12.49,12.19,12.32,20022023.0,264233020.0,61114281671.520004
2023-04-20,300433,12.32,12.49,12.31,12.46,22623005.0,299762198.0,61808762145.060005
2023-04-21,300433,12.41,12.8,11.81,11.81,52030426.0,675771502.0,58584388517.91
2023-04-24,300433,11.97,12.62,11.92,12.0,54813464.0,714614304.0,59526897732.0
2023-04-25,300433,11.38,11.4,10.41,10.55,99517381.0,1139568432.0,52334064256.05
2023-04-26,300433,10.5,10.97,10.49,10.6,45003669.0,514243367.0,52582092996.6
2023-04-27,300433,10.54,10.67,10.41,10.51,26386164.0,297631680.0,52135641263.61
2023-04-28,300433,10.62,10.98,10.59,10.93,32021101.0,369713688.0,54219082684.229996
2023-05-04,300433,10.94,11.09,10.78,10.95,28094093.0,327454533.0,54318294180.45
2023-05-05,300433,10.95,10.99,10.68,10.75,24316844.0,279997247.0,53326179218.25
2023-05-08,300433,10.81,10.93,10.68,10.85,19799708.0,228354436.0,53822236699.35
2023-05-09,300433,10.87,11.22,10.74,10.89,28868531.0,338383991.0,54020659691.79
2023-05-10,300433,10.85,11.02,10.8,10.89,20231176.0,235223926.0,54020659691.79
2023-05-11,300433,10.93,11.04,10.78,10.81,19722617.0,229085011.0,53623813706.91
2023-05-12,300433,10.78,10.85,10.64,10.64,15778260.0,180539217.0,52780515989.04
2023-05-15,300433,10.61,10.77,10.57,10.75,15397208.0,175253298.0,53326179218.25
2023-05-16,300433,10.78,10.84,10.64,10.76,16860868.0,193527387.0,53375784966.36
2023-05-17,300433,10.76,10.9,10.71,10.9,15741880.0,182226597.0,54070265439.9
2023-05-18,300433,10.91,11.05,10.84,10.92,18256595.0,212928344.0,54169476936.12
2023-05-19,300433,10.93,11.13,10.93,11.04,19304451.0,227049572.0,54764745913.439995
2023-05-22,300433,11.09,11.09,10.87,10.92,14200734.0,165586651.0,54169476936.12
2023-05-23,300433,10.92,10.98,10.78,10.86,13430352.0,156326311.0,53871842447.46
2023-05-24,300433,10.83,10.97,10.73,10.8,11209300.0,129821623.0,53574207958.8
2023-05-25,300433,10.77,10.93,10.63,10.78,14637693.0,167760653.0,53474996462.579994
2023-05-26,300433,10.76,10.91,10.75,10.91,11496737.0,132953965.0,54119871188.01
2023-05-29,300433,10.95,10.99,10.64,10.68,19718672.0,226979601.0,52978938981.479996
2023-05-30,300433,10.63,10.84,10.54,10.84,17920181.0,203995761.0,53772630951.24
2023-05-31,300433,10.82,10.94,10.79,10.9,18352750.0,213130586.0,54070265439.9
2023-06-01,300433,10.96,11.25,10.84,11.09,28243118.0,328781902.0,55012774653.99
2023-06-02,300433,11.15,11.38,11.1,11.29,25643195.0,303124629.0,56004889616.189995
2023-06-05,300433,11.3,11.39,11.21,11.3,17768512.0,210560458.0,56054495364.3
2023-06-06,300433,11.25,11.28,10.85,10.85,31584734.0,365415641.0,53822236699.35
2023-06-07,300433,10.9,11.06,10.84,10.87,16577445.0,190145583.0,53921448195.57
2023-06-08,300433,10.87,10.9,10.67,10.71,19232270.0,217040485.0,53127756225.810005
2023-06-09,300433,10.74,10.99,10.73,10.99,29706419.0,338871944.0,54516717172.89
2023-06-12,300433,10.97,11.31,10.94,11.25,27304111.0,319661983.0,55806466623.75
2023-06-13,300433,11.25,11.37,11.08,11.31,24990901.0,294814254.0,56104101112.41
2023-06-14,300433,11.32,11.34,11.15,11.2,14450480.0,170122115.0,55558437883.2
2023-06-15,300433,11.2,11.22,11.09,11.15,15363396.0,179433697.0,55310409142.65
2023-06-16,300433,11.2,11.31,11.11,11.31,20075900.0,236767339.0,56104101112.41
2023-06-19,300433,11.32,11.5,11.23,11.38,21230566.0,253418313.0,56451341349.18
2023-06-20,300433,11.36,11.59,11.34,11.38,22599511.0,271202413.0,56451341349.18
2023-06-21,300433,11.34,11.43,11.14,11.17,16962664.0,199932430.0,55409620638.87
2023-06-26,300433,11.13,11.21,10.95,10.97,16488800.0,191150573.0,54417505676.670006
2023-06-27,300433,10.99,11.2,10.94,11.14,11528205.0,134102881.0,55260803394.54
2023-06-28,300433,11.24,11.24,10.85,11.0,13688583.0,157587194.0,54566322921.0
2023-06-29,300433,10.96,11.29,10.94,11.17,18239202.0,212971599.0,55409620638.87
2023-06-30,300433,11.15,11.28,11.11,11.21,17485800.0,205413919.0,55608806909.00001
2023-07-03,300433,11.25,11.52,11.23,11.35,26937110.0,322195424.0,56303296915.0
2023-07-04,300433,11.3,11.87,11.27,11.68,36032447.0,439908430.0,57940309072.0
2023-07-05,300433,11.63,11.79,11.56,11.61,20765989.0,253685456.0,57593064069.0
2023-07-06,300433,11.62,11.82,11.56,11.67,16875845.0,207023191.0,57890702643.0
2023-07-07,300433,11.63,11.69,11.41,11.54,16428750.0,198795657.0,57245819065.99999
2023-07-10,300433,11.55,11.62,11.42,11.47,15347269.0,185310790.0,56898574063.0
2023-07-11,300433,11.48,11.71,11.46,11.7,15470472.0,188876397.0,58039521930.0
2023-07-12,300433,11.68,11.78,11.49,11.52,13723179.0,167258896.0,57146606208.0
2023-07-13,300433,11.53,11.79,11.5,11.76,20373757.0,250748774.0,58337160504.0
2023-07-14,300433,11.81,11.84,11.69,11.74,12770052.0,157387655.0,58237947646.0
2023-07-17,300433,11.73,11.91,11.66,11.8,12947560.0,159985774.0,58535586220.0
2023-07-18,300433,11.85,11.93,11.73,11.78,14946909.0,185374372.0,58436373362.0
2023-07-19,300433,11.74,11.83,11.61,11.72,15089477.0,185065021.0,58138734788.0
2023-07-20,300433,11.75,11.8,11.48,11.51,15918684.0,193663946.0,57096999779.0
2023-07-21,300433,11.52,11.57,11.39,11.42,11201487.0,134753561.0,56650541918.0
2023-07-24,300433,11.45,11.62,11.43,11.46,9605810.0,116015993.0,56848967634.00001
2023-07-25,300433,11.57,11.7,11.51,11.67,12237810.0,149213074.0,57890702643.0
2023-07-26,300433,11.63,11.66,11.47,11.51,13186782.0,159525215.0,57096999779.0
2023-07-27,300433,11.46,11.57,11.31,11.31,14760833.0,176920428.0,56104871199.0
2023-07-28,300433,11.28,11.61,11.26,11.58,16976892.0,204376193.0,57444244782.0
2023-07-31,300433,11.68,11.79,11.52,11.78,19542672.0,240533843.0,58436373362.0
2023-08-01,300433,11.77,11.88,11.71,11.75,17919945.0,221621527.0,58287554075.0
2023-08-02,300433,11.71,11.84,11.68,11.84,11584404.0,143051115.0,58734011936.0
2023-08-03,300433,11.77,11.9,11.76,11.89,13622462.0,169178444.0,58982044081.0
2023-08-04,300433,11.92,12.12,11.85,11.91,19820380.0,248691866.0,59081256939.0
2023-08-07,300433,11.84,11.95,11.82,11.89,11226965.0,139924507.0,58982044081.0
2023-08-08,300433,11.83,12.06,11.82,11.89,15460047.0,193513857.0,58982044081.0
2023-08-09,300433,11.89,11.92,11.66,11.69,11751208.0,144975203.0,57989915501.0
2023-08-10,300433,11.72,11.8,11.68,11.77,11070698.0,136604165.0,58386766933.0
2023-08-11,300433,11.81,11.81,11.49,11.49,9781868.0,119264326.0,56997786921.0
2023-08-14,300433,11.48,11.55,11.28,11.49,15655484.0,187572181.0,56997786921.0
2023-08-15,300433,11.52,11.58,11.21,11.3,15952846.0,190382998.0,56055264770.0
2023-08-16,300433,11.25,11.35,11.06,11.11,11843399.0,139101743.0,55112742619.0
2023-08-17,300433,11.07,11.1,10.89,11.06,17621278.0,203128316.0,54864710474.0
2023-08-18,300433,11.05,11.1,10.83,10.83,14821232.0,169949626.0,53723762607.0
2023-08-21,300433,11.23,11.81,11.01,11.01,62986402.0,753810973.0,54616678329.0
2023-08-22,300433,11.13,11.21,10.79,11.1,35735845.0,412619592.0,55063136190.0
2023-08-23,300433,11.06,11.06,10.7,10.7,22804101.0,258423421.0,53078879030.0
2023-08-24,300433,10.73,10.79,10.59,10.59,17719107.0,198371879.0,52533208311.0
2023-08-25,300433,10.55,10.59,10.37,10.44,20201428.0,221876141.0,51789111876.0
2023-08-28,300433,11.29,11.3,10.51,10.54,28432098.0,321212860.0,52285176165.99999
2023-08-29,300433,10.53,11.2,10.5,11.13,36638077.0,420674389.0,55211955477.00001
2023-08-30,300433,11.29,11.69,11.28,11.61,51449308.0,623824768.0,57593064069.0
2023-08-31,300433,11.58,11.76,11.56,11.72,35833394.0,439814039.0,58138734788.0
2023-09-01,300433,11.75,11.78,11.47,11.51,21674163.0,262455477.0,57096999779.0
2023-09-04,300433,11.55,11.66,11.5,11.66,21377106.0,259882332.0,57841096214.0
2023-09-05,300433,11.71,11.95,11.64,11.74,37327495.0,462519081.0,58237947646.0
2023-09-06,300433,11.58,11.91,11.58,11.9,29149706.0,361387486.0,59031650510.0
2023-09-07,300433,11.84,11.9,11.7,11.72,22345573.0,276177809.0,58138734788.0
2023-09-08,300433,11.69,11.84,11.66,11.77,14302363.0,176332392.0,58386766933.0
2023-09-11,300433,11.92,11.93,11.72,11.81,20038295.0,248214190.0,58585192649.0
2023-09-12,300433,11.8,11.9,11.72,11.78,15320732.0,189390646.0,58436373362.0
2023-09-13,300433,11.72,11.74,11.44,11.54,19982196.0,242403127.0,57245819065.99999
2023-09-14,300433,11.53,11.57,11.34,11.4,16008422.0,191775588.0,56551329060.0
2023-09-15,300433,11.41,11.57,11.34,11.4,16146857.0,193740188.0,56551329060.0
2023-09-18,300433,11.37,11.52,11.29,11.36,12578433.0,150639947.0,56352903344.0
2023-09-19,300433,11.39,11.41,11.15,11.2,14496400.0,170795151.0,55559200480.0
2023-09-20,300433,11.22,11.29,11.16,11.17,9868571.0,116068421.0,55410381193.0
2023-09-21,300433,11.17,11.26,11.1,11.18,12246829.0,143602877.0,55459987622.0
2023-09-22,300433,11.25,11.6,11.11,11.57,19136889.0,229393187.0,57394638353.0
2023-09-25,300433,11.59,11.99,11.53,11.59,33129580.0,406648124.0,57493851211.0
2023-09-26,300433,11.61,11.72,11.41,11.41,15630154.0,189149837.0,56600935489.0
2023-09-27,300433,11.44,11.49,11.3,11.35,15035200.0,179310761.0,56303296915.0
2023-09-28,300433,11.33,11.75,11.33,11.71,23341488.0,283514059.0,58089128359.00001
2023-10-09,300433,11.67,12.37,11.66,12.21,53055948.0,671066489.0,60570042311.46001
2023-10-10,300433,12.26,12.42,12.19,12.34,35792687.0,462418126.0,61214932196.84
2023-10-11,300433,12.35,12.87,12.3,12.69,52400161.0,695169938.0,62951174195.939995
2023-10-12,300433,12.69,12.81,12.61,12.74,35281216.0,469853357.0,63199208767.24
2023-10-13,300433,12.71,13.36,12.69,13.04,64589858.0,886998244.0,64687416195.03999
2023-10-16,300433,13.04,13.1,12.87,12.97,39881878.0,542996558.0,64340167795.22
2023-10-17,300433,12.95,13.06,12.8,13.0,31362742.0,425056436.0,64488988538.0
2023-10-18,300433,12.94,13.01,12.74,12.95,30018383.0,406598956.0,64240953966.7
2023-10-19,300433,12.41,12.53,12.1,12.15,71321431.0,920187017.0,60272400825.9
2023-10-20,300433,12.28,12.32,11.9,11.97,33085147.0,418279169.0,59379476369.22
2023-10-23,300433,12.04,12.14,11.69,11.9,32186617.0,402007383.0,59032227969.4
2023-10-24,300433,11.9,11.95,11.53,11.75,31167806.0,383382374.0,58288124255.5
2023-10-25,300433,11.82,12.0,11.71,11.91,32352320.0,402419769.0,59081834883.66
2023-10-26,300433,11.82,12.61,11.72,12.31,62460585.0,799809496.0,61066111454.060005
2023-10-27,300433,12.16,12.28,11.87,12.18,46583191.0,590727102.0,60421221568.68
2023-10-30,300433,12.11,12.67,12.09,12.57,60320715.0,787514229.0,62355891224.82
2023-10-31,300433,12.49,12.62,12.35,12.45,35238848.0,461595577.0,61760608253.7
2023-11-01,300433,12.53,13.02,12.53,12.64,54310771.0,726525860.0,62703139624.64
2023-11-02,300433,12.87,12.94,12.49,12.49,41647052.0,553775508.0,61959035910.74
2023-11-03,300433,12.5,12.92,12.49,12.78,46749814.0,626450150.0,63397636424.28
2023-11-06,300433,12.85,13.67,12.82,13.41,87702290.0,1222210869.0,66522872022.66
2023-11-07,300433,13.37,13.48,13.21,13.31,46282630.0,646558684.0,66026802880.060005
2023-11-08,300433,13.34,13.4,13.14,13.24,41967761.0,583791558.0,65679554480.24
2023-11-09,300433,13.22,13.28,12.94,12.98,40251300.0,550188251.0,64389774709.48
2023-11-10,300433,12.92,13.3,12.91,13.13,35854369.0,492181984.0,65133878423.380005
2023-11-13,300433,13.18,13.26,13.03,13.14,30792205.0,424330686.0,65183485337.64
2023-11-14,300433,13.12,13.34,13.03,13.12,27477261.0,379485655.0,65084271509.119995
2023-11-15,300433,13.35,13.35,13.1,13.15,22668153.0,313534875.0,65233092251.9
2023-11-16,300433,13.09,13.15,12.88,12.89,26372051.0,359225571.0,63943312481.14
2023-11-17,300433,12.87,13.01,12.82,12.92,19987698.0,270412991.0,64092133223.92
2023-11-20,300433,12.97,12.98,12.76,12.8,23463545.0,316388371.0,63496850252.8
2023-11-21,300433,12.82,12.94,12.63,12.66,27335067.0,366264345.0,62802353453.16
2023-11-22,300433,12.56,12.65,12.41,12.42,23629949.0,310106056.0,61611787510.92
2023-11-23,300433,12.39,12.7,12.31,12.68,20662049.0,272521370.0,62901567281.68
2023-11-24,300433,12.65,12.65,12.42,12.49,19978962.0,262035151.0,61959035910.74
2023-11-27,300433,12.42,12.6,12.39,12.57,20126393.0,263860950.0,62355891224.82
2023-11-28,300433,12.55,12.74,12.49,12.61,22109960.0,292049237.0,62554318881.86
2023-11-29,300433,12.56,12.73,12.49,12.51,17556523.0,231501432.0,62058249739.26
2023-11-30,300433,12.48,12.53,12.33,12.45,17966764.0,234195083.0,61760608253.7
2023-12-01,300433,12.45,12.52,12.35,12.48,17049724.0,222755968.0,61909428996.48
2023-12-04,300433,12.49,12.51,12.09,12.19,25618918.0,328671981.0,60470828482.939995
2023-12-05,300433,12.15,12.19,11.89,11.91,20083136.0,252956404.0,59081834883.66
2023-12-06,300433,11.9,12.03,11.84,11.93,15183109.0,190021672.0,59181048712.18
2023-12-07,300433,11.92,12.04,11.88,11.98,16519844.0,207273632.0,59429083283.48
2023-12-08,300433,11.99,12.13,11.88,12.11,29941446.0,377742942.0,60073973168.86
2023-12-11,300433,11.99,12.34,11.73,12.32,30657209.0,389983639.0,61115718368.32
2023-12-12,300433,12.2,12.4,12.17,12.35,21427688.0,276633064.0,61264539111.1
2023-12-13,300433,12.32,12.38,12.21,12.21,22701587.0,292706441.0,60570042311.46001
2023-12-14,300433,12.3,12.42,12.13,12.16,17600851.0,226885494.0,60322007740.16
2023-12-15,300433,12.18,12.3,12.05,12.09,15941326.0,203022012.0,59974759340.34
2023-12-18,300433,12.01,12.11,11.92,11.97,11407705.0,143726115.0,59379476369.22
2023-12-19,300433,12.01,12.21,11.94,12.15,14282824.0,181138177.0,60272400825.9
2023-12-20,300433,12.22,12.27,12.03,12.03,16847993.0,214630850.0,59677117854.78
2023-12-21,300433,11.99,12.11,11.78,12.05,22486742.0,281918363.0,59776331683.3
2023-12-22,300433,12.02,12.15,11.89,11.92,17743325.0,223926784.0,59131441797.92
2023-12-25,300433,11.87,12.17,11.84,12.13,14538329.0,184162396.0,60173186997.380005
2023-12-26,300433,12.17,12.17,11.53,11.63,26285025.0,322019717.0,57692841284.380005
2023-12-27,300433,11.63,12.04,11.6,12.01,20338061.0,253477347.0,59577904026.26
2023-12-28,300433,12.07,12.26,11.92,12.19,21759320.0,277123145.0,60470828482.939995
2023-12-29,300433,12.2,12.75,12.16,12.58,35370188.0,466130895.0,62405498139.08
2024-01-02,300433,12.55,12.7,12.45,12.45,21012222.0,276616126.0,61760608253.7
2024-01-03,300433,12.39,12.52,12.19,12.26,23967798.0,309392180.0,60818076882.76
2024-01-04,300433,12.28,12.34,11.96,12.05,17569085.0,222535005.0,59776331683.3
2024-01-05,300433,12.06,12.26,11.79,11.85,18410405.0,232184470.0,58784193398.1
2024-01-08,300433,11.77,11.96,11.4,11.41,26516018.0,321828345.0,56601489170.66
2024-01-09,300433,11.52,11.68,11.44,11.6,26120514.0,316702912.0,57544020541.6
2024-01-10,300433,11.56,11.59,11.32,11.38,17176818.0,206187734.0,56452668427.880005
2024-01-11,300433,11.37,11.72,11.3,11.69,20157896.0,245006122.0,57990482769.939995
2024-01-12,300433,11.66,11.66,11.42,11.42,22013520.0,265869128.0,56651096084.92
2024-01-15,300433,11.44,11.72,11.35,11.58,19510834.0,236859727.0,57444806713.08
2024-01-16,300433,11.53,11.71,11.4,11.56,18216972.0,220523016.0,57345592884.560005
2024-01-17,300433,11.53,11.59,11.23,11.23,14733068.0,176235548.0,55708564713.98
2024-01-18,300433,11.17,11.33,10.94,11.3,24312198.0,283448966.0,56055813113.8
2024-01-19,300433,11.28,11.37,11.19,11.23,16831181.0,199113028.0,55708564713.98
2024-01-22,300433,11.26,11.56,10.86,10.94,35642193.0,419764335.0,54269964200.439995
2024-01-23,300433,10.93,11.13,10.8,11.03,20814310.0,240709763.0,54716426428.78
2024-01-24,300433,11.08,11.25,10.71,11.09,22252626.0,255870059.0,55014067914.34
2024-01-25,300433,11.06,11.42,10.94,11.4,22984245.0,271559414.0,56551882256.4
2024-01-26,300433,11.34,11.39,11.23,11.27,23123033.0,274535733.0,55906992371.02
2024-01-29,300433,11.27,11.38,10.97,10.98,24910501.0,290937349.0,54468391857.48
2024-01-30,300433,10.91,10.99,10.68,10.7,20511456.0,233614059.0,53079398258.2
2024-01-31,300433,10.71,10.77,9.94,9.96,49603856.0,531247899.0,49408486602.96001
2024-02-01,300433,9.89,10.5,9.86,10.35,36958094.0,398974425.0,51343156259.1
2024-02-02,300433,10.31,10.52,9.64,9.97,31517518.0,333316296.0,49458093517.22
2024-02-05,300433,9.93,10.06,9.31,9.77,47799497.0,487601258.0,48465955232.02
2024-02-06,300433,9.77,10.52,9.64,10.49,45459290.0,486127686.0,52037653058.74
2024-02-07,300433,10.49,11.01,10.45,10.77,39961649.0,450929548.0,53426646658.02
2024-02-08,300433,10.82,11.05,10.76,10.9,37784365.0,432448000.0,54071536543.4
2024-02-19,300433,11.05,11.13,10.94,11.05,32535658.0,376374241.0,54815640257.3
2024-02-20,300433,11.03,11.04,10.79,10.97,21120279.0,241726423.0,54418784943.22
2024-02-21,300433,10.88,11.24,10.82,11.03,26415735.0,306780594.0,54716426428.78
2024-02-22,300433,10.95,11.2,10.92,11.2,21947317.0,256122650.0,55559743971.2
2024-02-23,300433,11.22,11.31,11.11,11.26,20155361.0,236999535.0,55857385456.76
2024-02-26,300433,11.25,11.46,11.2,11.26,22474530.0,266773593.0,55857385456.76
2024-02-27,300433,11.18,11.52,11.15,11.51,26171888.0,312302118.0,57097558313.26
2024-02-28,300433,11.52,11.73,11.16,11.16,35735380.0,429584414.0,55361316314.16
2024-02-29,300433,11.14,11.54,11.11,11.53,27536542.0,329791972.0,57196772141.78
2024-03-01,300433,11.57,11.92,11.54,11.9,34960295.0,432443936.0,59032227969.4
2024-03-04,300433,12.05,12.18,11.74,11.92,33205800.0,414671978.0,59131441797.92
2024-03-05,300433,11.74,12.19,11.72,12.0,41606892.0,522736934.0,59528297112.0
2024-03-06,300433,11.87,12.2,11.71,11.96,30116468.0,376939014.0,59329869454.96001
2024-03-07,300433,11.92,11.99,11.62,11.62,29151246.0,360312378.0,57643234370.119995
2024-03-08,300433,11.62,11.86,11.61,11.84,19326411.0,238346731.0,58734586483.84
2024-03-11,300433,11.84,12.7,11.79,12.69,75467750.0,983930428.0,62951174195.939995
2024-03-12,300433,12.62,12.92,12.39,12.52,71437609.0,945539269.0,62107856653.52
2024-03-13,300433,12.49,12.56,12.31,12.42,39655170.0,517006586.0,61611787510.92
2024-03-14,300433,12.36,12.47,12.06,12.15,31774817.0,407959431.0,60272400825.9
2024-03-15,300433,12.2,12.35,12.04,12.35,26150278.0,335179006.0,61264539111.1
2024-03-18,300433,12.35,12.71,12.33,12.63,40238738.0,528932774.0,62653532710.380005
2024-03-19,300433,12.55,13.04,12.55,12.75,64275803.0,867316026.0,63248815681.5
2024-03-20,300433,12.7,12.92,12.63,12.75,28604020.0,381823710.0,63248815681.5
2024-03-21,300433,12.88,13.08,12.73,12.97,50884368.0,690873394.0,64340167795.22
2024-03-22,300433,12.88,13.08,12.74,12.86,39814128.0,537876528.0,63794491738.36
2024-03-25,300433,12.94,13.2,12.71,12.72,46659962.0,634476285.0,63099994938.72
2024-03-26,300433,12.53,12.89,12.53,12.79,30416071.0,407618784.0,63447243338.53999
2024-03-27,300433,12.87,12.91,12.49,12.49,25627289.0,340017099.0,61959035910.74
2024-03-28,300433,12.5,13.2,12.47,12.92,41343559.0,560292792.0,64092133223.92
2024-03-29,300433,12.93,13.09,12.77,13.0,28504012.0,387018736.0,64488988538.0
2024-04-01,300433,13.09,13.56,13.02,13.52,55224094.0,773468519.0,67071232827.04
2024-04-02,300433,13.38,13.42,13.04,13.15,38823294.0,536106152.0,65235703526.3
2024-04-03,300433,13.09,13.43,12.85,13.28,39811822.0,551690359.0,65880619226.56
2024-04-08,300433,13.28,13.39,13.0,13.13,29883878.0,412905269.0,65136485726.26
2024-04-09,300433,12.98,13.16,12.89,13.08,25874899.0,352763033.0,64888441226.16
2024-04-10,300433,13.12,13.12,12.67,12.77,27693999.0,371674770.0,63350565325.54
2024-04-11,300433,12.75,12.96,12.56,12.64,24667349.0,329799283.0,62705649625.28001
2024-04-12,300433,12.66,13.04,12.64,12.85,32320443.0,436497076.0,63747436525.7
2024-04-15,300433,12.77,13.1,12.75,13.0,33529052.0,454764884.0,64491570026.0
2024-04-16,300433,12.88,12.95,12.43,12.46,39357539.0,519850144.0,61812689424.920006
2024-04-17,300433,12.59,13.02,12.59,12.99,31963627.0,431547184.0,64441961125.98
2024-04-18,300433,13.03,13.15,12.8,13.03,25648670.0,350178585.0,64640396726.06
2024-04-19,300433,13.03,13.09,12.74,12.97,32858812.0,444513832.0,64342743325.94
2024-04-22,300433,12.98,13.11,12.77,13.01,27769410.0,379127014.0,64541178926.02
2024-04-23,300433,13.07,13.22,12.72,12.96,37778645.0,509916307.0,64293134425.920006
2024-04-24,300433,12.98,13.14,12.44,12.84,66707952.0,886703610.0,63697827625.68
2024-04-25,300433,12.82,13.01,12.63,12.87,40218319.0,540021292.0,63846654325.74
2024-04-26,300433,12.87,13.38,12.84,13.32,47334852.0,656973800.0,66079054826.64
2024-04-29,300433,13.25,13.75,13.21,13.67,48790662.0,692442221.0,67815366327.34
2024-04-30,300433,13.77,13.87,13.48,13.64,40602794.0,579946400.0,67666539627.28001
2024-05-06,300433,13.84,14.16,13.75,14.09,45808917.0,672764675.0,69898940128.18
2024-05-07,300433,14.02,14.22,13.94,14.0,26131790.0,385134390.0,69452460028.0
2024-05-08,300433,14.0,14.04,13.7,13.73,23001131.0,333181529.0,68113019727.46
2024-05-09,300433,13.73,13.86,13.73,13.82,17637860.0,255312473.0,68559499827.64
2024-05-10,300433,13.9,13.92,13.55,13.68,15816597.0,226740011.0,67864975227.36
2024-05-13,300433,13.62,14.12,13.41,13.98,36396253.0,532437401.0,69353242227.96
2024-05-14,300433,13.97,14.57,13.97,14.05,34430459.0,513528679.0,69700504528.1
2024-05-15,300433,13.96,14.17,13.74,13.76,19943309.0,291616240.0,68261846427.52
2024-05-16,300433,13.84,14.11,13.66,13.99,27450274.0,401156151.0,69402851127.98
2024-05-17,300433,13.94,14.11,13.87,14.06,20805800.0,305538345.0,69750113428.12
2024-05-20,300433,14.04,14.14,13.87,13.96,23989677.0,351893416.0,69254024427.92
2024-05-21,300433,14.0,14.28,13.82,14.2,25066312.0,371838122.0,70444638028.4
2024-05-22,300433,14.21,14.58,14.12,14.56,34381774.0,519507133.0,72230558429.12
2024-05-23,300433,14.57,14.63,14.16,14.2,31754898.0,477461914.0,70444638028.4
2024-05-24,300433,14.14,14.36,13.96,14.04,21066643.0,312990022.0,69650895628.08
2024-05-27,300433,14.03,14.52,14.0,14.48,30836433.0,463436814.0,71833687228.96
2024-05-28,300433,14.49,14.51,14.18,14.2,19933685.0,299586693.0,70444638028.4
2024-05-29,300433,14.2,14.39,14.17,14.23,22640233.0,339224102.0,70593464728.46
2024-05-30,300433,14.14,14.63,14.07,14.44,38373264.0,582768065.0,71635251628.88
2024-05-31,300433,14.45,14.81,14.35,14.58,36061068.0,554568216.0,72329776229.16
2024-06-03,300433,14.58,14.85,14.51,14.79,38003100.0,587083498.0,73371563129.58
2024-06-04,300433,14.71,14.84,14.4,14.71,31465484.0,481677721.0,72974691929.42
2024-06-05,300433,14.78,15.24,14.71,15.1,56493123.0,891437256.0,74909439030.2
2024-06-06,300433,15.11,15.39,15.02,15.12,51301354.0,819136740.0,75008656830.23999
2024-06-07,300433,15.07,15.19,14.72,14.91,36795655.0,575274916.0,73966869929.82
2024-06-11,300433,14.51,14.94,14.42,14.84,33040341.0,508251952.0,73619607629.68
2024-06-12,300433,15.26,15.63,14.8,14.82,74161608.0,1187202857.0,73520389829.64
2024-06-13,300433,14.97,15.62,14.97,15.13,58345550.0,934875462.0,75058265730.26001
2024-06-14,300433,15.0,15.54,14.97,15.39,45372303.0,731005079.0,76348097130.78
2024-06-17,300433,15.36,16.48,15.32,16.2,93616255.0,1570559810.0,80366418032.4
2024-06-18,300433,16.2,16.75,16.09,16.44,72061500.0,1243747003.0,81557031632.88
2024-06-19,300433,16.42,16.56,16.1,16.41,47717078.0,817123304.0,81408204932.82
2024-06-20,300433,16.37,16.71,16.3,16.38,41949137.0,724798581.0,81259378232.76
2024-06-21,300433,16.2,17.05,16.08,16.8,60737742.0,1064782665.0,83342952033.6
2024-06-24,300433,16.75,17.19,16.45,16.54,60377603.0,1063601865.0,82053120633.08
2024-06-25,300433,16.41,16.61,16.01,16.15,57185855.0,974305758.0,80118373532.29999
2024-06-26,300433,16.18,17.16,16.15,17.03,75441785.0,1298915389.0,84483956734.06001
2024-06-27,300433,16.91,18.03,16.82,17.41,111096008.0,2001231913.0,86369094934.82
2024-06-28,300433,17.23,17.95,17.17,17.71,62003100.0,1128614027.0,87857361935.42
2024-07-01,300433,17.48,17.69,17.17,17.62,47571050.0,854938990.0,87410881835.24
2024-07-02,300433,17.66,17.82,17.11,17.16,49803679.0,888527653.0,85128872434.32
2024-07-03,300433,17.17,17.51,17.11,17.32,38353395.0,683653234.0,85922614834.64
2024-07-04,300433,17.26,17.95,17.2,17.86,58171099.0,1064225618.0,88601495435.72
2024-07-05,300433,17.8,17.81,16.81,17.21,74049777.0,1306972078.0,85376916934.42
2024-07-08,300433,17.2,17.59,17.17,17.31,43229309.0,774188695.0,85873005934.62
2024-07-09,300433,17.46,19.09,17.38,18.88,105783600.0,2008365060.0,93661603237.76
2024-07-10,300433,18.63,19.24,18.5,18.99,62065722.0,1207411359.0,94207301137.98
2024-07-11,300433,19.32,19.72,18.62,19.27,84105474.0,1663341714.0,95596350338.54
2024-07-12,300433,18.82,19.35,18.73,19.1,43107399.0,845000698.0,94752999038.20001
2024-07-15,300433,18.94,19.22,18.57,18.95,41418290.0,805065768.0,94008865537.9
2024-07-16,300433,19.04,19.86,18.92,19.83,73967407.0,1478804256.0,98374448739.65999
2024-07-17,300433,19.46,19.82,18.76,18.91,62272299.0,1229722936.0,93810429937.82
2024-07-18,300433,18.4,18.64,17.77,18.48,82551424.0,1547880034.0,91677247236.96
2024-07-19,300433,18.21,18.52,17.7,18.12,69406670.0,1296348823.0,89891326836.24
2024-07-22,300433,17.86,18.29,17.27,18.05,92534726.0,1687319954.0,89544064536.1
2024-07-23,300433,18.09,18.27,17.35,17.35,54289744.0,985705981.0,86071441534.70001
2024-07-24,300433,17.35,17.48,16.81,17.05,59713398.0,1050520448.0,84583174534.1
2024-07-25,300433,16.71,16.91,16.37,16.8,51927277.0,890855550.0,83342952033.6
2024-07-26,300433,16.84,17.35,16.61,17.15,43061377.0,756534258.0,85079263534.29999
2024-07-29,300433,17.12,17.73,16.79,17.26,44435050.0,794546165.0,85624961434.52
2024-07-30,300433,17.17,17.33,16.94,17.06,27269511.0,480196206.0,84632783434.12
2024-07-31,300433,17.06,17.51,16.79,17.32,43133379.0,766552046.0,85922614834.64
2024-08-01,300433,17.56,17.61,17.11,17.44,49086914.0,879757672.0,86517921634.88
2024-08-02,300433,17.14,17.66,16.95,17.21,42769777.0,760570155.0,85376916934.42
2024-08-05,300433,16.61,16.83,15.87,16.01,82605437.0,1391053947.0,79423848932.02
2024-08-06,300433,16.35,16.48,16.03,16.4,38254646.0,640133492.0,81358596032.79999
2024-08-07,300433,16.31,16.48,15.97,16.14,25065684.0,418061949.0,80068764632.28
2024-08-08,300433,15.99,16.6,15.87,16.35,28798880.0,485091831.0,81110551532.70001
2024-08-09,300433,16.49,16.85,16.45,16.52,25461568.0,436439083.0,81953902833.04
2024-08-12,300433,16.45,16.92,16.41,16.61,24739866.0,426143058.0,82400382933.22
2024-08-13,300433,16.61,16.95,16.42,16.63,18300864.0,313949915.0,82499600733.26
2024-08-14,300433,16.69,16.72,16.35,16.41,20358921.0,346283139.0,81408204932.82
2024-08-15,300433,16.33,16.74,16.21,16.29,26063633.0,441826240.0,80812898132.58
2024-08-16,300433,16.42,16.76,16.32,16.49,23700906.0,405073387.0,81805076132.98
2024-08-19,300433,16.48,16.81,16.42,16.49,19202658.0,328821852.0,81805076132.98
2024-08-20,300433,16.49,16.68,16.32,16.5,18831772.0,319798497.0,81854685033.0
2024-08-21,300433,16.44,17.57,16.34,16.83,63140021.0,1107572513.0,83491778733.65999
2024-08-22,300433,16.76,16.92,16.27,16.7,38071462.0,652037140.0,82846863033.4
2024-08-23,300433,16.59,16.93,16.49,16.81,27108157.0,468920069.0,83392560933.62
2024-08-26,300433,16.92,16.93,16.22,16.49,45078365.0,765324888.0,81805076132.98
2024-08-27,300433,16.48,16.48,15.85,15.92,31426610.0,519906110.0,78977368831.84
2024-08-28,300433,15.92,16.28,15.82,16.05,21973191.0,363153254.0,79622284532.1
2024-08-29,300433,16.05,16.57,15.77,16.33,29808654.0,497504010.0,81011333732.65999
2024-08-30,300433,16.32,17.42,16.32,17.05,62526431.0,1102520527.0,84583174534.1
2024-09-02,300433,17.04,17.15,16.42,16.65,45299976.0,782906714.0,82598818533.29999
2024-09-03,300433,16.49,16.89,16.31,16.4,26602276.0,452388296.0,81358596032.79999
2024-09-04,300433,16.15,16.19,15.68,15.89,35121926.0,574477005.0,78828542131.78
2024-09-05,300433,15.93,15.96,15.68,15.7,29569880.0,480928255.0,77885973031.4
2024-09-06,300433,15.79,15.81,15.27,15.33,29744172.0,475147708.0,76050443730.66
2024-09-09,300433,15.29,15.57,15.14,15.29,27000951.0,425267944.0,75852008130.58
2024-09-10,300433,15.19,15.48,14.94,15.33,22905678.0,359508338.0,76050443730.66
2024-09-11,300433,15.39,15.5,15.01,15.25,25219123.0,394536737.0,75653572530.5
2024-09-12,300433,15.27,15.36,14.85,14.91,40139254.0,619242191.0,73966869929.82
2024-09-13,300433,14.89,15.22,14.85,14.93,35688867.0,554490943.0,74066087729.86
2024-09-18,300433,14.81,14.92,14.48,14.55,28824436.0,433764549.0,72180949529.1
2024-09-19,300433,14.71,14.86,14.49,14.64,23253854.0,351555964.0,72627429629.28
2024-09-20,300433,14.7,15.09,14.58,14.89,27555800.0,423357721.0,73867652129.78
2024-09-23,300433,14.89,15.14,14.68,14.72,22412654.0,343586975.0,73024300829.44
2024-09-24,300433,14.77,15.7,14.68,15.58,45759938.0,719054953.0,77290666231.16
2024-09-25,300433,15.77,16.27,15.62,15.74,54907125.0,901641154.0,78084408631.48
2024-09-26,300433,15.65,16.2,15.61,16.17,48860914.0,804362450.0,80217591332.34001
2024-09-27,300433,16.34,17.46,16.14,17.13,64501749.0,1117627654.0,84980045734.26
2024-09-30,300433,17.87,20.11,17.41,19.84,103757364.0,1995146053.0,98424057639.68
2024-10-08,300433,23.8,23.8,20.96,23.57,146689672.0,3407201097.0,116928177347.14
2024-10-09,300433,22.34,22.68,20.4,20.56,119776207.0,2667244871.0,101995898441.12
2024-10-10,300433,20.55,21.83,20.2,20.87,71998475.0,1560277347.0,103533774341.74
2024-10-11,300433,20.42,20.67,19.13,19.48,59632142.0,1217143137.0,96638137238.96
2024-10-14,300433,19.48,20.99,19.33,20.72,63389911.0,1318481681.0,102789640841.43999
2024-10-15,300433,20.72,21.07,20.21,20.22,47811991.0,1017489121.0,100309195840.43999
2024-10-16,300433,19.88,20.36,19.75,20.01,35458571.0,731263072.0,99267408940.02
2024-10-17,300433,20.17,21.03,20.08,20.41,51114790.0,1084285567.0,101251764940.82
2024-10-18,300433,20.38,22.32,20.26,21.85,87779889.0,1944299216.0,108498027530.40001
2024-10-21,300433,22.89,23.78,22.24,22.52,123933113.0,2933957617.0,111824969335.68
2024-10-22,300433,22.38,23.69,21.86,23.14,98898486.0,2330282986.0,114903631901.76001
2024-10-23,300433,23.13,23.38,22.32,22.57,61358416.0,1444634632.0,112073248574.88
2024-10-24,300433,22.04,22.66,22.0,22.42,35973450.0,826252958.0,111328410857.28001
2024-10-25,300433,22.58,22.65,21.96,22.03,50301628.0,1148650172.0,109391832791.52
2024-10-28,300433,22.22,22.22,21.58,22.04,35562735.0,803595135.0,109441488639.36
2024-10-29,300433,22.05,22.7,21.93,22.2,54038352.0,1245615749.0,110235982204.8
2024-10-30,300433,21.94,22.7,21.82,21.97,48565126.0,1112449407.0,109093897704.48
2024-10-31,300433,21.93,22.22,21.49,21.88,48289068.0,1090421432.0,108646995073.92
2024-11-01,300433,21.54,21.78,20.86,20.87,54387614.0,1189263194.0,103631754442.08
2024-11-04,300433,20.81,21.6,20.77,21.35,32030061.0,704538123.0,106015235138.40001
2024-11-05,300433,21.45,22.19,21.28,22.09,49391243.0,1112815348.0,109689767878.56
2024-11-06,300433,22.14,22.31,21.21,21.48,64280528.0,1443804278.0,106660761160.32
2024-11-07,300433,21.41,21.62,20.87,21.62,52299804.0,1144787577.0,107355943030.08
2024-11-08,300433,21.73,22.17,21.2,21.36,60414951.0,1346392756.0,106064890986.23999
2024-11-11,300433,21.38,22.28,21.11,22.15,66314582.0,1489135054.0,109987702965.59999
2024-11-12,300433,22.28,24.07,21.88,23.0,118630318.0,2803773381.0,114208450032.0
2024-11-13,300433,22.52,22.58,21.77,22.33,67881664.0,1552585144.0,110881508226.71999
2024-11-14,300433,22.32,22.64,21.73,21.73,42921504.0,980354786.0,107902157356.32
2024-11-15,300433,21.54,22.28,21.05,21.05,48272888.0,1079957953.0,104515730342.55
2024-11-18,300433,20.99,21.27,20.26,20.44,46841726.0,999005519.0,101487008465.64
2024-11-19,300433,20.66,21.12,20.38,21.05,33675330.0,718720529.0,104515730342.55
2024-11-20,300433,20.98,21.09,20.51,20.71,37961113.0,811107321.0,102827590280.01001
2024-11-21,300433,20.63,20.72,20.11,20.45,42242280.0,886603030.0,101536659643.95
2024-11-22,300433,20.45,20.57,19.53,19.56,36435854.0,752706103.0,97117704774.36
2024-11-25,300433,19.56,19.71,18.85,19.21,36803071.0,728304796.0,95379913533.51001
2024-11-26,300433,19.21,19.74,19.1,19.31,25452272.0,509428962.0,95876425316.61
2024-11-27,300433,19.23,20.53,19.15,20.44,55257994.0,1137010533.0,101487008465.64
2024-11-28,300433,20.45,20.52,19.99,20.07,26973502.0,562527284.0,99649914868.17
2024-11-29,300433,20.07,20.41,19.79,20.04,32492988.0,672918560.0,99500961333.23999
2024-12-02,300433,20.02,21.35,20.02,21.06,59827468.0,1295277737.0,104565381520.86
2024-12-03,300433,21.06,21.29,20.82,21.05,32193353.0,698127426.0,104515730342.55
2024-12-04,300433,21.03,21.15,20.67,20.76,21747263.0,467219108.0,103075846171.56001
2024-12-05,300433,20.65,20.94,20.34,20.52,22317994.0,472707575.0,101884217892.12
2024-12-06,300433,20.81,21.51,20.67,21.3,50987375.0,1115920208.0,105757009800.3
2024-12-09,300433,21.23,21.47,20.9,21.05,23933583.0,521393505.0,104515730342.55
2024-12-10,300433,22.13,22.21,21.44,21.47,49702420.0,1117158984.0,106601079831.56999
2024-12-11,300433,21.48,22.17,21.2,21.76,32927092.0,736243982.0,108040964002.56001
2024-12-12,300433,21.88,22.18,21.45,21.65,27864147.0,622285362.0,107494801041.15
2024-12-13,300433,21.48,21.62,21.2,21.33,30757329.0,677136539.0,105905963335.23
2024-12-16,300433,21.23,21.59,21.1,21.34,25111574.0,553545155.0,105955614513.54
2024-12-17,300433,21.25,21.7,21.21,21.39,27306762.0,604366804.0,106203870405.09
2024-12-18,300433,21.61,21.64,21.25,21.49,20560554.0,454507634.0,106700382188.18999
2024-12-19,300433,21.18,22.32,21.1,22.04,44705141.0,1010205633.0,109431196995.23999
2024-12-20,300433,21.93,22.32,21.79,22.06,30440030.0,691778681.0,109530499351.86
2024-12-23,300433,22.22,22.27,21.48,21.51,32732085.0,734829303.0,106799684544.81001
2024-12-24,300433,21.61,22.01,21.51,21.81,23918404.0,536840139.0,108289219894.11
2024-12-25,300433,21.81,21.89,21.18,21.41,19661158.0,436520264.0,106303172761.71
2024-12-26,300433,21.38,21.7,21.15,21.51,22867744.0,506808005.0,106799684544.81001
2024-12-27,300433,21.46,21.92,21.28,21.31,30249569.0,673128369.0,105806660978.61
2024-12-30,300433,21.3,22.03,21.02,21.75,37575287.0,840758887.0,107991312824.25
2024-12-31,300433,21.76,21.91,21.25,21.25,30187562.0,670537042.0,105508753908.75
2025-01-02,300433,21.26,21.6,20.11,20.4,42617252.0,914897094.0,101288403752.4
2025-01-03,300433,20.4,20.85,20.02,20.05,27275589.0,572830159.0,99550612511.55
2025-01-06,300433,20.08,20.38,19.65,19.89,22824695.0,469246485.0,98756193658.59
2025-01-07,300433,19.99,21.41,19.95,21.3,38977779.0,839787753.0,105757009800.3
2025-01-08,300433,21.15,21.3,20.55,20.94,30749175.0,662201984.0,103969567381.14
2025-01-09,300433,21.09,21.68,20.82,21.48,34379928.0,759265460.0,106650731009.88
2025-01-10,300433,21.44,22.9,21.09,22.26,74018310.0,1689195941.0,110523522918.06001
2025-01-13,300433,21.93,22.2,21.45,21.69,48129114.0,1081657121.0,107693405754.39
2025-01-14,300433,21.55,26.02,21.18,25.81,262023589.0,6692142344.0,128149691218.11
2025-01-15,300433,25.03,25.03,22.69,23.08,244502312.0,5900538182.0,114594919539.48
2025-01-16,300433,22.67,23.46,22.22,22.99,142962963.0,3366603425.0,114148058934.68999
2025-01-17,300433,22.61,23.17,22.42,22.8,76753141.0,1800956489.0,113204686546.8
2025-01-20,300433,23.19,24.16,23.19,23.81,126308677.0,3102375119.0,118219455556.11
2025-01-21,300433,23.96,25.21,23.69,24.69,104721443.0,2636128491.0,122588759247.39
2025-01-22,300433,25.09,25.19,24.12,24.39,79915755.0,2013807038.0,121099223898.09
2025-01-23,300433,24.68,24.92,23.53,23.79,74896496.0,1859698614.0,118120153199.48999
2025-01-24,300433,23.88,26.08,23.79,25.72,110487558.0,2855861851.0,127702830613.31999
2025-01-27,300433,26.02,26.03,24.84,25.24,58689428.0,1528992478.0,125319574054.43999
2025-02-05,300433,25.71,26.08,24.84,24.93,77091040.0,2011475372.0,123780387526.83
2025-02-06,300433,24.65,26.66,24.61,26.32,102346275.0,2751583454.0,130681901311.92
2025-02-07,300433,26.32,28.02,26.2,26.66,109832757.0,3057740471.0,132370041374.46
2025-02-10,300433,26.49,27.76,26.3,26.84,79264822.0,2204086335.0,133263762584.04
2025-02-11,300433,26.76,27.91,26.63,27.45,62831754.0,1771837952.0,136292484460.95
2025-02-12,300433,27.59,28.65,27.21,28.28,62083796.0,1797401668.0,140413532260.68
2025-02-13,300433,28.14,28.53,27.17,27.42,49601419.0,1414982290.0,136143530926.02
2025-02-14,300433,27.25,28.1,26.78,27.25,57769905.0,1627917150.0,135299460894.75
2025-02-17,300433,26.94,28.04,26.94,27.54,59307719.0,1682027766.0,136739345065.73999
2025-02-18,300433,27.22,27.75,26.63,26.83,46610293.0,1307059897.0,133214111405.73
2025-02-19,300433,26.69,28.28,26.49,28.07,60202293.0,1712128551.0,139370857516.17
2025-02-20,300433,28.23,28.62,27.83,28.22,51674177.0,1505720052.0,140115625190.82
2025-02-21,300433,28.19,28.8,27.75,28.1,49675759.0,1442897624.0,139519811051.1
2025-02-24,300433,29.63,31.1,28.81,28.99,113299593.0,3468599871.0,143938765920.69
2025-02-25,300433,28.43,29.43,27.9,28.64,70535452.0,2079462217.0,142200974679.84
2025-02-26,300433,28.82,28.92,27.68,28.38,61956633.0,1815323606.0,140910044043.78
2025-02-27,300433,28.41,28.48,27.46,27.87,52481018.0,1507857429.0,138377833949.97
2025-02-28,300433,27.74,27.79,25.89,26.01,70645780.0,1940240308.0,129142714784.31001
2025-03-03,300433,26.22,26.66,25.48,26.14,46583411.0,1258122476.0,129788180102.34
2025-03-04,300433,26.01,27.11,25.91,26.91,44447928.0,1225098941.0,133611320832.21
2025-03-05,300433,27.02,27.38,26.75,27.19,26074983.0,727468660.0,135001553824.89
2025-03-06,300433,27.23,27.91,27.15,27.71,41642290.0,1183435968.0,137583415097.01
2025-03-07,300433,27.65,29.1,27.27,28.16,63005172.0,1820052979.0,139817718120.96
2025-03-10,300433,28.18,29.74,28.18,28.55,67323957.0,1999582381.0,141754114075.05002
2025-03-11,300433,28.23,28.57,27.26,27.77,55613718.0,1594599262.0,137881322166.87
2025-03-12,300433,27.76,27.9,27.08,27.24,44453457.0,1253790600.0,135249809716.43999
2025-03-13,300433,27.26,27.29,24.84,25.01,113692219.0,2985418405.0,124177596953.31001
2025-03-14,300433,24.99,25.85,24.79,25.64,64290680.0,1691130093.0,127305621186.84
2025-03-17,300433,26.06,26.06,25.37,25.64,36329895.0,958274899.0,127305621186.84
2025-03-18,300433,25.7,25.88,25.28,25.36,47748613.0,1257834295.0,125915388194.16
2025-03-19,300433,25.37,25.38,24.92,25.12,34936342.0,903567018.0,124723759914.72
2025-03-20,300433,25.28,25.75,25.01,25.36,39924586.0,1048838326.0,125915388194.16
2025-03-21,300433,25.17,25.25,24.21,24.39,50308365.0,1275703714.0,121099223898.09
2025-03-24,300433,24.53,25.46,24.46,25.2,48705261.0,1259919137.0,125135547768.0
2025-03-25,300433,25.38,25.83,25.06,25.15,41779445.0,1091000481.0,124887262951.0
2025-03-26,300433,24.95,25.91,24.79,25.5,43244889.0,1138651810.0,126625256670.0
2025-03-27,300433,25.23,25.38,24.9,25.09,30148242.0,780805186.0,124589321170.6
2025-03-28,300433,25.02,25.02,24.27,24.85,34173905.0,869767841.0,123397554049.0
2025-03-31,300433,24.74,24.84,24.27,24.58,32650859.0,824468290.0,122056816037.2
2025-04-01,300433,24.69,24.74,23.91,23.91,36610583.0,912682546.0,118729799489.4
2025-04-02,300433,24.06,24.58,23.94,24.53,29432076.0,738599162.0,121808531220.20001
2025-04-03,300433,23.97,24.06,21.86,21.91,111753337.0,2589225446.0,108798406809.4
2025-04-07,300433,18.88,19.26,17.52,17.52,119952510.0,2223969317.0,86998999876.8
2025-04-08,300433,17.94,18.21,16.86,17.35,124505712.0,2223110050.0,86154831499.0
2025-04-09,300433,16.49,17.38,15.91,16.97,156667582.0,2699304627.0,84267866889.79999
2025-04-10,300433,19.21,19.69,18.45,18.47,174744761.0,3435619233.0,91716411399.79999
2025-04-11,300433,18.33,19.84,18.01,19.56,139348341.0,2721150197.0,97129020410.4
2025-04-14,300433,20.94,21.05,19.27,19.41,175180770.0,3611585792.0,96384165959.4
2025-04-15,300433,19.21,19.42,18.78,18.98,90432715.0,1772425459.0,94248916533.2
2025-04-16,300433,18.68,18.76,18.01,18.36,82370519.0,1559616004.0,91170184802.4
2025-04-17,300433,18.28,18.82,18.17,18.46,52556621.0,1006419216.0,91666754436.40001
2025-04-18,300433,18.42,19.38,18.42,19.28,83390719.0,1631109103.0,95738625435.20001
2025-04-21,300433,19.17,19.79,18.85,19.67,85879049.0,1715228098.0,97675247007.8
2025-04-22,300433,19.67,19.67,18.97,18.99,64752447.0,1278091568.0,94298573496.59999
2025-04-23,300433,20.28,20.43,19.47,19.97,130010213.0,2674292678.0,99164955909.79999
2025-04-24,300433,19.97,20.04,19.58,19.74,61915618.0,1262398848.0,98022845751.59999
2025-04-25,300433,19.98,20.64,19.97,20.26,80854195.0,1696754909.0,100605007848.40001
2025-04-28,300433,20.27,20.33,19.77,19.97,46971663.0,967181703.0,99164955909.79999
2025-04-29,300433,19.83,20.09,19.6,19.72,36951897.0,753814576.0,97923531824.79999
2025-04-30,300433,19.84,20.36,19.7,20.19,53399484.0,1105910608.0,100257409104.6
2025-05-06,300433,20.36,20.91,20.26,20.86,66137986.0,1404503473.0,103584425652.4
2025-05-07,300433,21.38,21.59,20.23,20.52,84779010.0,1814434487.0,101896088896.8
2025-05-08,300433,20.38,21.13,20.26,20.9,60167618.0,1293374980.0,103783053506.0
2025-05-09,300433,20.76,20.82,20.11,20.35,55992901.0,1174264041.0,101051920519.0
2025-05-12,300433,21.14,22.31,21.12,22.31,136177518.0,3050612911.0,110784685345.4
2025-05-13,300433,22.9,23.09,21.67,21.88,129585052.0,2964780554.0,108649435919.2
2025-05-14,300433,21.72,21.8,21.17,21.58,78685274.0,1740652529.0,107159727017.2
2025-05-15,300433,21.52,21.52,20.97,21.02,52041312.0,1137104825.0,104378937066.8
2025-05-16,300433,20.96,21.63,20.81,21.28,56999044.0,1246007620.0,105670018115.20001
2025-05-19,300433,21.13,21.14,20.59,20.84,42166365.0,903569303.0,103485111725.6
2025-05-20,300433,20.78,21.09,20.53,20.93,34274359.0,737832904.0,103932024396.2
2025-05-21,300433,20.89,20.89,20.48,20.74,34870516.0,743408337.0,102988542091.59999
2025-05-22,300433,20.53,20.82,20.47,20.52,26610780.0,565328722.0,101896088896.8
2025-05-23,300433,20.52,21.01,20.33,20.35,36707661.0,780629343.0,101051920519.0
2025-05-26,300433,19.61,20.41,19.45,20.37,43455148.0,897234533.0,101151234445.8
2025-05-27,300433,20.33,20.36,19.85,19.91,29145178.0,601695647.0,98867014129.4
2025-05-28,300433,20.08,20.27,19.88,20.04,23316149.0,482071468.0,99512554653.59999
2025-05-29,300433,20.57,21.14,20.28,20.37,51307476.0,1090295655.0,101151234445.8
2025-05-30,300433,20.07,20.13,19.55,19.67,44148591.0,896655949.0,97675247007.8
2025-06-03,300433,19.41,19.78,19.3,19.51,27433696.0,555196691.0,96880735593.40001
2025-06-04,300433,19.67,20.01,19.66,19.94,32045968.0,656522259.0,99015985019.6
2025-06-05,300433,19.82,21.44,19.82,21.23,96838903.0,2089084332.0,105421733298.2
2025-06-06,300433,21.05,21.29,20.61,21.21,44672619.0,971174116.0,105322419371.40001
2025-06-09,300433,21.33,21.94,21.17,21.38,57987505.0,1286985040.0,106166587749.2
2025-06-10,300433,21.37,21.46,20.69,20.93,42851160.0,928816641.0,103932024396.2
2025-06-11,300433,20.97,21.39,20.85,20.96,37664400.0,817765792.0,104080995286.40001
2025-06-12,300433,20.76,21.23,20.75,20.89,34840500.0,751978970.0,103733396542.6
2025-06-13,300433,20.76,20.9,20.24,20.44,37978198.0,801585011.0,101498833189.6
2025-06-16,300433,20.33,21.34,20.24,20.99,47925886.0,1036647165.0,104229966176.59999
2025-06-17,300433,20.99,21.78,20.97,21.37,61320770.0,1355439790.0,106116930785.8
2025-06-18,300433,21.34,21.85,21.2,21.77,55903304.0,1221482681.0,108103209321.8
2025-06-19,300433,21.62,22.17,21.25,21.37,41057504.0,899373019.0,106116930785.8
2025-06-20,300433,21.37,21.66,20.96,21.13,29652594.0,636100121.0,104925163664.2
2025-06-23,300433,21.0,21.34,20.83,20.95,37287475.0,792877636.0,104031338323.0
2025-06-24,300433,21.07,21.66,21.05,21.64,55663745.0,1206224207.0,107457668797.6
2025-06-25,300433,22.03,22.03,21.33,21.79,68179538.0,1496929921.0,108202523248.59999
2025-06-26,300433,21.74,22.01,21.33,21.34,59892125.0,1309949655.0,105967959895.6
2025-06-27,300433,21.6,22.31,21.18,21.8,77023882.0,1700786359.0,108252180212.0
2025-06-30,300433,21.71,22.17,21.65,22.04,65280687.0,1446269315.0,109451717491.51999
2025-07-01,300433,22.06,22.23,21.57,22.01,52369653.0,1159239663.0,109302736024.88
2025-07-02,300433,22.01,22.06,21.4,21.49,41099354.0,899148853.0,106720390603.12
2025-07-03,300433,21.64,24.46,21.64,23.94,182055247.0,4257709971.0,118887210378.72
2025-07-04,300433,23.63,23.71,23.1,23.46,90938944.0,2152319490.0,116503506912.48001
2025-07-07,300433,23.4,23.4,22.51,22.65,61750663.0,1419985525.0,112481007313.2
2025-07-08,300433,22.61,23.39,22.61,23.05,72911162.0,1704596549.0,114467426868.40001
2025-07-09,300433,23.22,23.47,22.35,22.42,77330589.0,1772259328.0,111338816068.96
2025-07-10,300433,22.39,22.52,22.18,22.22,46992305.0,1060237166.0,110345606291.36
2025-07-11,300433,22.23,22.55,22.02,22.42,54834344.0,1240496020.0,111338816068.96
2025-07-14,300433,22.48,23.08,22.15,22.98,65140658.0,1496523490.0,114119803446.24
2025-07-15,300433,23.02,23.1,22.54,22.92,54541989.0,1259090971.0,113821840512.96
2025-07-16,300433,22.92,23.41,22.64,22.77,61724701.0,1441103303.0,113076933179.76
2025-07-17,300433,22.77,24.01,22.64,23.83,96153462.0,2299560870.0,118340945001.04
2025-07-18,300433,23.8,23.86,23.29,23.36,60132498.0,1431120256.0,116006902023.68
2025-07-21,300433,23.51,23.76,23.18,23.75,50720927.0,1208070349.0,117943661090.0
2025-07-22,300433,23.79,23.81,23.31,23.66,48598781.0,1158171634.0,117496716690.08
2025-07-23,300433,23.52,23.91,23.22,23.29,48763176.0,1162595373.0,115659278601.51999
2025-07-24,300433,23.39,23.51,23.04,23.5,57941618.0,1359985768.0,116702148868.0
2025-07-25,300433,23.37,23.58,23.23,23.34,38590630.0,911451396.0,115907581045.92
2025-07-28,300433,23.5,23.51,23.01,23.14,47845844.0,1120898812.0,114914371268.32
2025-07-29,300433,23.02,23.12,22.48,22.96,53759751.0,1239371531.0,114020482468.48001
2025-07-30,300433,22.86,22.95,22.44,22.51,58763752.0,1345655426.0,111785760468.88
2025-07-31,300433,22.36,22.92,22.36,22.54,50446215.0,1153984398.0,111934741935.51999
2025-08-01,300433,22.41,22.74,21.98,22.11,43846245.0,989747485.0,109799340913.68
2025-08-04,300433,21.85,22.12,21.79,22.12,30267703.0,672585807.0,109849001402.56
2025-08-05,300433,22.85,23.17,22.58,22.61,66303129.0,1533087425.0,112282365357.68
2025-08-06,300433,22.58,23.37,22.38,22.96,65117771.0,1504524831.0,114020482468.48001
2025-08-07,300433,23.99,24.9,23.16,23.21,146604970.0,3571113754.0,115261994690.48001
2025-08-08,300433,23.04,23.21,22.54,22.61,71826526.0,1655351430.0,112282365357.68
2025-08-11,300433,22.78,24.38,22.68,23.97,141134972.0,3412322259.0,119036191845.36
2025-08-12,300433,23.85,24.06,23.67,23.8,61656153.0,1487289554.0,118191963534.40001
2025-08-13,300433,24.06,24.31,23.72,24.11,80551837.0,1957752558.0,119731438689.68
2025-08-14,300433,24.12,24.7,23.97,24.23,101783395.0,2502424181.0,120327364556.24
2025-08-15,300433,24.01,24.79,23.91,24.33,76367885.0,1878515373.0,120823969445.04
2025-08-18,300433,24.56,25.69,24.42,25.46,118736355.0,3031863173.0,126435604688.48001
2025-08-19,300433,25.39,25.67,24.83,25.32,76410872.0,1949057576.0,125740357844.16
2025-08-20,300433,25.28,27.51,25.06,26.69,133854318.0,3578676833.0,132543844820.72
2025-08-21,300433,26.86,29.63,26.7,28.0,166058286.0,4682843506.0,139049368864.0
2025-08-22,300433,27.67,29.0,27.43,28.79,135651248.0,3846570941.0,142972547485.52
2025-08-25,300433,28.98,29.2,27.91,28.75,118630143.0,3434634947.0,142773905530.0
2025-08-26,300433,28.36,31.63,28.16,29.94,167312683.0,5046960574.0,148683503706.72
2025-08-27,300433,30.74,32.61,30.29,31.03,207639562.0,6588992820.0,154096496994.64
2025-08-28,300433,30.34,31.57,29.71,31.44,154385994.0,4755091617.0,156132577038.72
2025-08-29,300433,31.29,31.62,30.25,30.74,115502473.0,3601822609.0,152656342817.12
2025-09-01,300433,30.7,32.23,30.0,31.96,144137593.0,4549487505.0,158714922460.48
2025-09-02,300433,31.97,31.98,29.15,29.67,148327781.0,4531615935.0,147342670506.96002
2025-09-03,300433,30.06,30.41,29.27,29.48,92178356.0,2785224209.0,146399121218.24
2025-09-04,300433,29.94,31.69,29.4,29.84,150838399.0,4666153402.0,148186898817.92
2025-09-05,300433,29.83,31.07,29.07,31.03,120000295.0,3690784988.0,154096496994.64
2025-09-08,300433,31.61,33.65,31.32,32.61,170411633.0,5571590909.0,161942854237.68
2025-09-09,300433,31.62,31.62,29.46,29.48,152920943.0,4692903247.0,146399121218.24
2025-09-10,300433,29.14,29.94,28.66,29.2,104418743.0,3088509251.0,145008627529.6
2025-09-11,300433,28.8,29.85,27.87,29.75,163091671.0,4768190939.0,147739954418.0
2025-09-12,300433,29.73,29.77,28.9,29.14,108929915.0,3230152518.0,144710664596.32
2025-09-15,300433,29.42,30.93,29.42,30.01,125932538.0,3838512651.0,149031127128.88
2025-09-16,300433,29.71,30.06,29.25,29.94,73772408.0,2217743621.0,148683503706.72
2025-09-17,300433,30.13,32.11,29.78,31.72,166247066.0,5219432506.0,157523070727.36
2025-09-18,300433,31.57,32.51,30.43,31.04,159332835.0,5070893613.0,154146157483.52
2025-09-19,300433,31.02,31.52,30.15,30.15,97792726.0,3045778898.0,149764500004.94998
2025-09-22,300433,31.22,32.79,31.19,32.66,189591979.0,6169852668.0,162232456721.77997
2025-09-23,300433,32.8,32.87,30.93,31.71,140593236.0,4529335403.0,157513508960.43
2025-09-24,300433,31.22,33.14,30.81,32.92,121828404.0,3956950988.0,163523958214.36002
2025-09-25,300433,32.92,34.54,32.62,33.22,136740662.0,4640011092.0,165014152244.25998
2025-09-26,300433,33.25,33.48,31.42,31.6,103515157.0,3354676956.0,156967104482.80002
2025-09-29,300433,31.27,32.69,31.01,32.21,94087564.0,3044954747.0,159997165676.93
2025-09-30,300433,32.24,33.4,32.02,33.08,94062537.0,3117590296.0,164318728363.63998
2025-10-09,300433,33.1,34.47,32.61,33.47,107665826.0,3687799725.0,166255980602.50998
2025-10-10,300433,33.1,33.99,31.23,31.52,89912774.0,2922110545.0,156569719408.16
2025-10-13,300433,28.73,30.14,28.73,29.87,91102635.0,2727204222.0,148373652243.71
2025-10-14,300433,30.34,30.8,28.66,28.94,66598038.0,1997591433.0,143754050751.02002
2025-10-15,300433,28.93,29.32,28.2,29.09,66423242.0,1933790138.0,144499147765.97
2025-10-16,300433,28.95,29.45,27.95,28.25,78740752.0,2277331681.0,140326604482.25
2025-10-17,300433,28.15,28.3,26.88,27.03,66622494.0,1847489878.0,134389674319.32
2025-10-20,300433,27.58,27.74,26.93,27.2,53880507.0,1491644978.0,135234892396.8
2025-10-21,300433,27.87,29.3,27.87,28.59,121397694.0,3520977522.0,142145793147.96
2025-10-22,300433,28.34,29.74,28.16,29.1,78739996.0,2310159688.0,144681447380.4
2025-10-23,300433,28.58,28.75,28.17,28.59,47379271.0,1362537251.0,142145793147.96
2025-10-24,300433,28.85,29.64,28.65,29.42,74604619.0,2208902298.0,146272446114.48
2025-10-27,300433,30.05,30.34,29.02,29.53,81442041.0,2436179686.0,146819351929.32
2025-10-28,300433,29.47,29.74,29.12,29.43,54033620.0,1605283301.0,146322164824.92
2025-10-29,300433,29.74,30.73,29.71,30.59,85749112.0,2616683259.0,152089535235.96
2025-10-30,300433,30.63,30.63,29.43,29.48,68814022.0,2068203447.0,146570758377.12
2025-10-31,300433,29.74,30.09,29.12,29.18,68978242.0,2052664544.0,145079197063.92
2025-11-03,300433,29.1,29.7,28.46,29.32,49623412.0,1459626074.0,145775259010.08
2025-11-04,300433,29.59,29.59,27.86,28.35,55420933.0,1586899050.0,140952544097.4
2025-11-05,300433,27.56,28.48,27.48,28.29,38284070.0,1081454127.0,140654231834.76
2025-11-06,300433,28.39,31.75,28.29,31.0,149988277.0,4596173040.0,154128002364.0
2025-11-07,300433,31.04,31.94,30.69,30.85,130860426.0,4110478223.0,153382221707.4
2025-11-10,300433,30.78,30.93,28.9,29.59,113892731.0,3396417542.0,147117664191.96
2025-11-11,300433,29.68,29.74,28.52,28.55,72625093.0,2126684684.0,141946918306.2
2025-11-12,300433,28.55,29.92,28.45,29.57,93509727.0,2775885799.0,147018226771.08
2025-11-13,300433,29.32,29.6,28.71,28.91,63225086.0,1849423801.0,143736791882.04
2025-11-14,300433,28.55,28.57,27.64,27.66,68723278.0,1938479609.0,137521953077.04
2025-11-17,300433,27.42,27.81,26.62,27.0,75045799.0,2049119800.0,134240518188.0
2025-11-18,300433,26.91,27.05,26.43,26.75,51465776.0,1389096029.0,132997550427.0
2025-11-19,300433,26.83,26.94,26.19,26.32,44262871.0,1181074395.0,130859645878.08
2025-11-20,300433,26.66,26.78,26.28,26.34,32680820.0,874084032.0,130959083298.96
2025-11-21,300433,26.27,26.56,25.63,26.02,57338482.0,1505571252.0,129368084564.88
2025-11-24,300433,26.4,26.54,25.83,26.27,50125767.0,1321821480.0,130611052325.88
2025-11-25,300433,26.54,27.46,26.39,26.91,67035901.0,1828363863.0,133793049794.04
2025-11-26,300433,26.92,27.73,26.57,27.23,66875115.0,1839909515.0,135384048528.12
2025-11-27,300433,27.46,27.84,26.86,26.95,55613099.0,1534341960.0,133991924635.8
2025-11-28,300433,26.95,27.51,26.77,27.26,55356696.0,1519996068.0,135533204659.44
2025-12-01,300433,27.42,28.9,27.24,28.41,105621287.0,3006192749.0,141250856360.04
2025-12-02,300433,29.12,29.52,28.43,28.72,109502223.0,3198434394.0,142792136383.68
2025-12-03,300433,28.73,28.74,27.85,27.98,65459352.0,1861535029.0,139112951811.12
2025-12-04,300433,28.64,28.74,27.59,28.08,56183480.0,1593668454.0,139610138915.52
2025-12-05,300433,28.06,29.08,27.89,28.61,64670922.0,1858172811.0,142245230568.84
2025-12-08,300433,28.88,29.32,28.13,29.13,81322651.0,2377315647.0,144830603511.72
2025-12-09,300433,28.97,29.4,28.76,29.01,51921704.0,1520263008.0,144233978986.44
2025-12-10,300433,28.86,28.98,28.11,28.65,51387508.0,1472248736.0,142444105410.6
2025-12-11,300433,30.73,32.5,30.37,30.39,254787544.0,8014634868.0,151095161027.16
2025-12-12,300433,30.0,30.14,28.78,29.74,166934652.0,4956509998.0,147863444848.56
2025-12-15,300433,29.06,29.56,28.7,28.75,76558501.0,2238513228.0,142941292515.0
2025-12-16,300433,28.63,28.99,28.34,28.54,60484998.0,1746079615.0,141897199595.76
2025-12-17,300433,28.55,29.61,28.55,29.4,82469268.0,2432375902.0,146173008693.6
2025-12-18,300433,28.89,29.11,28.33,28.35,66798985.0,1933026679.0,140952544097.4
2025-12-19,300433,28.56,28.75,28.36,28.46,43985532.0,1266843595.0,141499449912.24
2025-12-22,300433,28.7,28.95,28.4,28.63,60497367.0,1746950312.0,142344667989.72
2025-12-23,300433,28.57,28.6,28.04,28.2,64688721.0,1841376578.0,140206763440.8
2025-12-24,300433,28.19,28.89,28.15,28.73,63417625.0,1829685519.0,142841855094.12
2025-12-25,300433,28.55,29.22,28.24,28.97,76225545.0,2213905791.0,144035104144.68
2025-12-26,300433,28.75,28.79,28.26,28.46,59997200.0,1725198938.0,141499449912.24
2025-12-29,300433,28.41,28.68,28.14,28.26,51267165.0,1465249635.0,140505075703.44
2025-12-30,300433,28.09,29.54,27.68,29.41,126781031.0,3714323382.0,146222727404.04
2025-12-31,300433,29.79,30.19,29.25,30.01,112947794.0,3396639360.0,149191206800.99002
2026-01-05,300433,30.4,33.61,30.39,31.77,203596723.0,6597867571.0,157940841055.23
2026-01-06,300433,32.48,34.7,31.53,33.64,211211150.0,7013422720.0,167237327450.36002
2026-01-07,300433,34.01,34.38,32.77,33.72,184116339.0,6213640429.0,167635038098.28
2026-01-08,300433,33.21,34.89,32.32,33.61,198375382.0,6678808407.0,167088185957.38998
2026-01-09,300433,33.41,39.71,33.11,38.36,306667818.0,11443175121.0,190702255677.63998
2026-01-12,300433,40.16,43.07,39.8,42.3,287698483.0,12012145258.0,210289505087.69998
2026-01-13,300433,42.03,42.03,38.53,38.84,268031984.0,10746662432.0,193200164484.88
2026-01-14,300433,39.21,40.02,37.66,38.04,202000232.0,7904406683.0,189220758419.28
2026-01-15,300433,38.67,39.51,37.58,38.08,145149541.0,5599819074.0,189419728722.56
2026-01-16,300433,38.27,39.78,38.17,38.88,164130172.0,6464938811.0,193399134788.16
2026-01-19,300433,38.67,40.6,38.12,39.37,131969127.0,5278393898.0,195836521003.34
2026-01-20,300433,39.46,40.03,37.41,38.05,123761608.0,4799917635.0,189270500995.09998
2026-01-21,300433,37.63,38.4,37.33,37.43,102195652.0,3890364559.0,186186461294.26
2026-01-22,300433,37.48,37.74,36.43,36.74,124026042.0,4598616333.0,182754223562.68002
2026-01-23,300433,36.83,42.24,36.83,42.24,272354750.0,11011772299.0,210112640263.68002
2026-01-26,300433,41.74,41.74,38.02,38.6,205132023.0,8127841544.0,192006342665.2
2026-01-27,300433,38.22,38.91,38.02,38.39,96935024.0,3759941412.0,190961748572.98
2026-01-28,300433,38.66,38.91,37.29,37.6,91571742.0,3496796880.0,187032085083.2
2026-01-29,300433,37.72,38.96,37.04,37.22,109439440.0,4190503877.0,185141867202.04
2026-01-30,300433,36.68,36.68,35.0,36.04,110746798.0,4004256706.0,179272243255.28
2026-02-02,300433,35.71,36.83,35.33,35.49,71485584.0,2603158853.0,176536401585.18002
2026-02-03,300433,36.09,37.36,35.66,37.04,100369777.0,3705251619.0,184246500837.28
2026-02-04,300433,36.78,37.26,35.94,36.64,70099080.0,2586982143.0,182256797804.48
2026-02-05,300433,36.2,36.2,34.83,35.14,69887529.0,2487916252.0,174795411431.48
2026-02-06,300433,34.7,35.76,34.29,34.9,56324735.0,1998712020.0,173601589611.8
2026-02-09,300433,35.69,35.75,34.86,35.06,61858117.0,2194383479.0,174415490332.64
2026-02-10,300433,34.92,35.3,34.68,34.8,47805397.0,1682336881.0,172927631840.4
2026-02-11,300433,34.65,34.92,34.11,34.19,56167469.0,1950305673.0,169896429098.37
2026-02-12,300433,34.19,34.69,34.11,34.47,49088135.0,1703770621.0,171287800848.81
2026-02-13,300433,34.24,34.54,33.99,34.0,42816218.0,1477984727.0,168952283982.0
2026-02-24,300433,34.43,34.54,33.77,34.05,48726823.0,1678066658.0,169200743223.15
2026-02-25,300433,34.0,34.64,33.64,34.38,66117931.0,2274865035.0,170840574214.74002
2026-02-26,300433,34.68,35.6,34.58,35.23,99125783.0,3522736807.0,175064381314.28998
2026-02-27,300433,34.98,35.12,34.28,34.87,59977683.0,2097023229.0,173275474778.00998
2026-03-02,300433,33.84,34.5,33.32,33.66,90330201.0,3077006840.0,167262761142.18
2026-03-03,300433,33.64,33.93,32.1,32.23,78944457.0,2605366195.0,160156826845.28998
2026-03-04,300433,31.8,32.47,31.39,31.79,61058793.0,1962578877.0,157970385523.16998
2026-03-05,300433,32.42,32.67,31.87,32.11,47569547.0,1549319305.0,159560524666.53
2026-03-06,300433,31.94,32.3,31.68,32.13,40932710.0,1322512390.0,159659908362.99002
2026-03-09,300433,31.43,31.43,30.34,31.18,61781980.0,1920118541.0,154939182781.13998
2026-03-10,300433,31.74,32.59,31.73,32.28,58049474.0,1886581822.0,160405286086.44
2026-03-11,300433,32.16,33.01,32.08,32.21,54458227.0,1785574272.0,160057443148.83002
2026-03-12,300433,32.05,32.51,31.45,31.75,45119869.0,1450033901.0,157771618130.25
2026-03-13,300433,31.53,31.76,31.16,31.24,36030243.0,1142604465.0,155237333870.52
2026-03-16,300433,31.23,31.36,30.37,30.92,39831840.0,1232266516.0,153647194727.16
2026-03-17,300433,31.23,31.5,30.26,30.3,44154447.0,1376184807.0,150566300136.9
2026-03-18,300433,30.52,30.61,29.92,30.37,39272945.0,1197080614.0,150914143074.51
2026-03-19,300433,29.86,29.95,29.29,29.48,51077005.0,1526194011.0,146491568582.04
2026-03-20,300433,29.64,29.92,29.07,29.1,43116137.0,1284846186.0,144603278349.30002
2026-03-23,300433,28.55,28.73,27.36,27.64,68809353.0,1943771551.0,137348268507.72
2026-03-24,300433,28.14,28.26,27.03,27.76,46165308.0,1280448548.0,137944570686.48
2026-03-25,300433,28.06,29.55,28.06,29.15,76202960.0,2225349948.0,144851737590.44998
2026-03-26,300433,29.17,29.84,28.59,28.7,61050883.0,1797090833.0,142615604420.1
2026-03-27,300433,28.27,28.86,28.04,28.45,42358255.0,1216261480.0,141373308214.35
2026-03-30,300433,27.92,28.11,27.43,28.06,49246705.0,1380187065.0,139435326133.38
2026-03-31,300433,28.07,28.66,27.73,27.74,47903186.0,1357073581.0,137845186990.02
2026-04-01,300433,28.49,29.01,28.13,28.38,58247681.0,1669591711.0,141025465276.74
2026-04-02,300433,28.16,28.25,26.89,27.24,52748456.0,1464810377.0,135360594578.51999
2026-04-03,300433,27.46,28.4,26.92,27.68,58752766.0,1634765238.0,137547035900.63998
2026-04-07,300433,28.36,28.94,27.82,28.05,68223595.0,1951417076.0,139400085252.45
2026-04-08,300433,28.72,29.71,28.55,29.71,108630191.0,3196385280.0,147649787267.39
2026-04-09,300433,29.06,29.93,28.77,29.42,77695488.0,2301102383.0,146208574264.78
2026-04-10,300433,29.81,30.53,29.57,29.87,91877673.0,2788042580.0,148444939268.83002
2026-04-13,300433,29.5,29.87,29.2,29.46,76304863.0,2269154880.0,146407362265.14
2026-04-14,300433,29.81,30.24,29.51,29.89,77660637.0,2337680487.0,148544333269.01
2026-04-15,300433,30.14,30.26,29.11,29.34,80702333.0,2407158029.0,145810998264.06
2026-04-16,300433,26.76,26.95,24.73,25.42,244867529.0,6279799240.0,126329774228.78001
2026-04-17,300433,25.24,26.27,25.09,25.77,140754053.0,3631589256.0,128069169231.93
2026-04-20,300433,26.65,27.57,26.65,26.97,157133120.0,4274074651.0,134032809242.73
2026-04-21,300433,26.83,26.87,26.09,26.61,87720854.0,2338066252.0,132243717239.48999
2026-04-22,300433,26.37,27.11,26.34,27.02,84333551.0,2291127425.0,134281294243.18
2026-04-23,300433,26.97,27.09,26.17,26.37,72926928.0,1951652906.0,131050989237.33
2026-04-24,300433,26.21,26.42,25.38,25.74,58993234.0,1536107663.0,127920078231.65999
2026-04-27,300433,25.71,26.69,25.67,26.48,70739151.0,1876260828.0,131597656238.32
2026-04-28,300433,26.27,26.33,25.28,25.4,72629504.0,1875798045.0,126230380228.59999
2026-04-29,300433,25.15,25.69,25.08,25.6,52802600.0,1357760740.0,127224320230.40001
2026-04-30,300433,25.5,25.63,25.12,25.47,49900425.0,1279635621.0,126578259229.23
2026-05-06,300433,25.68,26.65,25.68,26.39,90271086.0,2397987425.0,131150383237.51001
2026-05-07,300433,26.76,27.56,26.38,27.38,97137465.0,2662921959.0,136070386246.42
2026-05-08,300433,27.17,28.5,26.93,28.31,123076343.0,3473797188.0,140692207254.79
2026-05-11,300433,28.61,30.89,28.41,30.56,186965338.0,5575778142.0,151874032275.04
2026-05-12,300433,29.99,30.39,29.44,30.22,129271782.0,3904134252.0,150184334271.97998
2026-05-13,300433,29.83,32.86,29.63,32.41,181012660.0,5769478261.0,161067977291.68997
2026-05-14,300433,32.42,33.21,31.33,32.03,176736722.0,5739099380.0,159179491288.27002
2026-05-15,300433,33.71,34.7,32.88,33.92,262600407.0,8942871967.0,168572224305.28
2026-05-18,300433,35.05,40.15,34.11,38.37,322178348.0,12021222953.0,190687389345.33
2026-05-19,300433,37.67,39.08,36.69,37.64,239976356.0,9176450373.0,187059508338.76
2026-05-20,300433,36.88,37.16,35.79,36.0,190934034.0,6972527093.0,178909200324.0
2026-05-21,300433,36.67,37.79,35.44,36.2,236390082.0,8738735650.0,179903140325.80002
2026-05-22,300433,35.55,38.22,34.96,38.07,222087983.0,8235808884.0,189196479342.63
2026-05-25,300433,38.27,40.12,38.27,39.18,219945276.0,8700604120.0,194712846352.62
2026-05-26,300433,38.68,39.02,37.08,38.15,157208396.0,6018157638.0,189594055343.35
2026-05-27,300433,37.77,40.65,37.13,39.94,216389646.0,8463095933.0,198489818359.46
2026-05-28,300433,39.46,41.34,39.16,39.89,191841303.0,7809136038.0,198241333359.01
2026-05-29,300433,39.56,40.95,37.8,40.15,197924678.0,7877630377.0,199533455361.35
2026-06-01,300433,40.36,42.51,39.56,41.47,215900180.0,9015170295.0,206093459373.22998
2026-06-02,300433,41.32,42.63,39.96,40.88,173026252.0,7225102605.0,203161336367.92
2026-06-03,300433,40.75,46.4,39.95,44.01,285856322.0,12559861238.0,218716497396.09
2026-06-04,300433,43.65,44.78,42.68,43.27,177939117.0,7822104610.0,215038919389.43002
2026-06-05,300433,42.74,47.38,41.63,45.22,230143629.0,10299055682.0,224729834406.97998
2026-06-08,300433,42.83,45.01,42.21,42.28,198413457.0,8713719512.0,210118916380.52002
2026-06-09,300433,43.04,44.85,40.41,44.4,208971089.0,9040476954.0,220654680399.6
2026-06-10,300433,43.15,43.43,40.45,41.75,180096651.0,7634727141.0,207484975375.75
2026-06-11,300433,40.83,42.56,40.27,42.31,139133202.0,5779372650.0,210268007380.79
2026-06-12,300433,43.62,47.14,40.78,40.79,231256368.0,10273850661.0,202714063367.11
2026-06-15,300433,42.73,46.06,41.82,45.59,232050022.0,10374475800.0,226568623410.31003
2026-06-16,300433,44.94,50.17,44.91,47.94,240655989.0,11697048307.0,238247418431.46
2026-06-17,300433,47.39,51.21,47.39,50.77,197020110.0,9939845758.0,252311669456.93002
2026-06-18,300433,50.8,57.51,50.8,55.29,216035789.0,11936598830.0,274774713497.61
2026-06-22,300433,56.4,56.61,52.94,53.35,249635556.0,13713073237.0,265133495480.15
2026-06-23,300433,53.34,55.77,52.06,52.86,190309330.0,10301230239.0,262698342475.74
2026-06-24,300433,51.81,53.5,49.96,52.47,174607743.0,9099378349.0,260760159472.22998
2026-06-25,300433,53.4,58.0,52.37,55.24,214299938.0,12035081412.0,274526228497.16
2026-06-26,300433,53.86,56.99,52.55,55.11,185735447.0,10337807545.0,273880167495.99
2026-06-29,300433,56.1,56.51,49.97,51.39,195038958.0,10291544095.0,255392883462.51
2026-06-30,300433,51.56,54.33,49.26,53.2,166213739.0,8751338072.0,264388040478.80002
2026-07-01,300433,53.34,55.93,52.23,52.96,155020302.0,8439058775.0,263195312476.64
2026-07-02,300433,50.86,54.08,49.35,50.26,142795157.0,7444093495.0,249777122452.34
2026-07-03,300433,50.77,52.92,49.57,51.97,132989848.0,6934764506.0,258275309467.72998
2026-07-06,300433,51.3,53.28,50.08,51.31,110238421.0,5695024791.0,254995307461.79
2026-07-07,300433,51.37,53.2,50.7,51.85,122627195.0,6376705992.0,257678945466.65
2026-07-08,300433,51.07,51.34,45.06,46.05,187154218.0,8928771363.0,228854685414.44998
2026-07-09,300433,46.35,46.89,43.63,46.73,178547402.0,8066293765.0,232234081420.56998
2026-07-10,300433,46.33,47.12,43.6,43.64,147441966.0,6702278391.0,216877708392.76
2026-07-13,300433,42.85,43.32,39.49,39.53,135992830.0,5589100784.0,196452241355.77002
2026-07-14,300433,39.59,40.82,38.12,40.32,110972000.0,4391561032.0,200378304362.88
2026-07-15,300433,40.38,40.7,38.72,38.81,74233945.0,2943738282.0,192874057349.29
2026-07-16,300433,39.0,40.92,37.72,38.3,111331681.0,4376001785.0,190339510344.69998
2026-07-17,300433,38.2,38.39,33.83,34.24,149372540.0,5310461401.0,170162528308.16
2026-07-20,300433,35.94,36.43,32.92,34.22,132430930.0,4602488072.0,170063134307.97998
2026-07-21,300433,34.8,38.35,31.77,38.29,175466232.0,6171898590.0,190289813344.61
2026-07-22,300433,37.8,39.0,36.46,36.8,122116082.0,4617765302.0,182884960331.19998
2026-07-23,300433,37.27,38.48,36.03,36.58,89570031.0,3307050037.0,181791626329.22
2026-07-24,300433,36.34,39.0,35.9,37.32,140194353.0,5304079146.0,185469204335.88
2026-07-27,300433,36.95,37.44,34.6,36.63,176599709.0,6386078634.0,182040111329.67
2026-07-28,300433,35.01,36.1,33.49,33.86,125509376.0,4353877176.0,168274042304.74
2026-07-29,300433,33.8,34.27,31.86,33.39,116994535.0,3863040049.0,165938283300.51
