date,ticker,open,high,low,close,volume,amount,market_cap
2021-01-04,300442,18.86,19.02,18.65,18.89,687158.0,24946952.0,1873805356.25
2021-01-05,300442,18.73,18.94,18.5,18.78,962358.0,34765162.0,1862893837.5
2021-01-06,300442,18.76,19.14,18.74,18.97,870300.0,31714221.0,1881741006.25
2021-01-07,300442,18.68,18.97,18.11,18.54,1162797.0,41442549.0,1839086887.5
2021-01-08,300442,18.67,18.67,18.17,18.2,879300.0,30938770.0,1805360375.0
2021-01-11,300442,18.22,18.22,16.86,17.2,1448130.0,48396331.0,1706164750.0
2021-01-12,300442,17.14,19.17,16.86,18.28,1580120.0,53770581.0,1813296025.0
2021-01-13,300442,17.91,18.16,17.38,17.46,1029796.0,35176051.0,1731955612.5
2021-01-14,300442,17.8,17.9,17.15,17.47,411471.0,13869391.0,1732947568.75
2021-01-15,300442,17.28,17.84,17.28,17.57,480600.0,16282463.0,1742867131.25
2021-01-18,300442,17.69,18.64,17.3,18.15,684800.0,23943824.0,1800400593.7499998
2021-01-19,300442,18.15,18.57,17.94,18.22,649800.0,22827153.0,1807344287.5
2021-01-20,300442,17.95,18.37,17.85,17.94,664000.0,23117645.0,1779569512.5000002
2021-01-21,300442,17.69,18.09,17.61,17.64,724800.0,24853778.0,1749810825.0
2021-01-22,300442,17.64,17.86,17.28,17.38,633000.0,21234188.0,1724019962.5
2021-01-25,300442,17.33,17.61,17.12,17.4,1503450.0,50335142.0,1726003874.9999998
2021-01-26,300442,17.35,17.35,16.6,16.7,1053279.0,34301782.0,1656566937.5
2021-01-27,300442,16.75,17.28,16.64,17.19,874179.0,28735398.0,1705172793.7500002
2021-01-28,300442,17.22,17.36,16.94,17.06,818800.0,27028452.0,1692277362.4999998
2021-01-29,300442,17.2,17.5,16.93,17.13,869500.0,28820424.0,1699221056.25
2021-02-01,300442,17.13,18.0,17.07,17.69,1208050.0,41225878.0,1754770606.2500002
2021-02-02,300442,17.53,18.49,17.53,18.33,1170300.0,40711343.0,1818255806.2499998
2021-02-03,300442,18.47,18.77,18.16,18.45,801960.0,28622257.0,1830159281.25
2021-02-04,300442,18.19,18.61,18.05,18.4,789900.0,27914151.0,1825199499.9999998
2021-02-05,300442,18.41,18.68,18.16,18.48,533100.0,18974824.0,1833135150.0
2021-02-08,300442,18.36,18.93,17.85,18.0,1645479.0,57872681.0,1785521250.0
2021-02-09,300442,18.09,18.36,17.9,18.25,833000.0,29189700.0,1810320156.25
2021-02-10,300442,18.2,18.35,17.82,17.9,1050060.0,36351357.0,1775601687.4999998
2021-02-18,300442,17.9,18.46,17.9,18.28,1421700.0,49869638.0,1813296025.0
2021-02-19,300442,18.25,20.01,18.25,19.96,2042300.0,76068742.0,1979944675.0
2021-02-22,300442,19.97,23.02,19.97,22.81,3769945.0,158873509.0,2262652206.25
2021-02-23,300442,22.57,24.12,22.57,23.35,3243445.0,146860804.0,2316217843.75
2021-02-24,300442,23.24,23.75,23.13,23.46,2002100.0,90338545.0,2327129362.5
2021-02-25,300442,23.53,25.41,23.53,25.26,2547939.0,121683285.0,2505681487.5
2021-02-26,300442,24.9,26.02,24.9,25.98,2728971.0,134839428.0,2577102337.5
2021-03-01,300442,25.95,26.34,20.8,25.16,4299280.0,200428111.0,2495761925.0
2021-03-02,300442,25.17,26.25,25.17,25.95,2431358.0,121279607.0,2574126468.75
2021-03-03,300442,25.95,27.94,25.94,27.91,2454200.0,128148883.0,2768549893.75
2021-03-04,300442,27.92,28.19,26.87,27.67,1785625.0,95467712.0,2744742943.75
2021-03-05,300442,26.98,28.52,26.72,28.14,1821319.0,97287741.0,2791364887.5
2021-03-08,300442,27.79,28.53,26.54,26.55,1968400.0,103633997.0,2633643843.75
2021-03-09,300442,26.72,27.25,25.44,25.57,2826500.0,143445607.0,2536432131.25
2021-03-10,300442,25.93,26.13,25.46,25.62,1489600.0,73865678.0,2541391912.5
2021-03-11,300442,25.62,27.56,25.33,27.31,1597206.0,82238962.0,2709032518.75
2021-03-12,300442,27.49,27.7,26.57,27.32,1113600.0,58096929.0,2710024475.0
2021-03-15,300442,27.54,28.61,27.25,27.78,1350286.0,72760549.0,2755654462.5
2021-03-16,300442,28.43,28.43,26.72,27.03,830536.0,43876225.0,2681257743.75
2021-03-17,300442,26.98,27.79,26.98,27.74,681240.0,36202099.0,2751686637.5
2021-03-18,300442,27.5,28.0,27.4,27.47,557600.0,29572396.0,2724903818.75
2021-03-19,300442,27.37,29.05,27.04,28.79,1140900.0,62625361.0,2855842043.75
2021-03-22,300442,28.69,29.15,28.09,28.63,917696.0,50563131.0,2839970743.75
2021-03-23,300442,29.05,29.05,28.01,28.02,659400.0,35974985.0,2779461412.5
2021-03-24,300442,28.48,28.48,27.81,28.0,555700.0,30058392.0,2777477500.0
2021-03-25,300442,27.84,28.32,27.84,28.01,427427.0,23091629.0,2778469456.25
2021-03-26,300442,28.01,28.99,27.85,28.75,968743.0,53416386.0,2851874218.75
2021-03-29,300442,29.3,29.3,28.64,29.02,930700.0,52049448.0,2878657037.5
2021-03-30,300442,28.79,29.44,28.65,29.14,808600.0,45413890.0,2890560512.5
2021-03-31,300442,29.16,29.45,28.93,29.1,451400.0,25372663.0,2886592687.5
2021-04-01,300442,28.96,30.65,28.71,30.54,1275400.0,73436844.0,3029434387.5
2021-04-02,300442,30.54,30.94,28.25,30.18,1874796.0,107177083.0,2993723962.5
2021-04-06,300442,30.41,31.45,30.41,31.02,1111100.0,66520279.0,3077048287.5
2021-04-07,300442,30.97,31.83,30.66,31.28,1554000.0,93763604.0,3102839150.0
2021-04-08,300442,30.8,31.33,30.01,30.04,1044800.0,61577882.0,2979836575.0
2021-04-09,300442,30.02,31.31,30.0,30.91,820167.0,48738626.0,3066136768.75
2021-04-12,300442,31.38,31.49,29.47,29.83,1072123.0,62331424.0,2959005493.75
2021-04-13,300442,30.22,30.34,29.58,29.63,722188.0,41491000.0,2939166368.75
2021-04-14,300442,30.0,30.0,28.8,29.61,948300.0,53697027.0,2937182456.25
2021-04-15,300442,29.32,29.58,28.98,28.99,667403.0,37507602.0,2875681168.75
2021-04-16,300442,29.05,31.16,29.05,31.16,1310390.0,76957697.0,3090935675.0
2021-04-19,300442,31.02,31.49,30.55,30.67,911093.0,54427834.0,3042329818.75
2021-04-20,300442,31.02,31.02,30.22,30.34,492307.0,28944813.0,3009595262.5
2021-04-21,300442,30.1,30.87,29.99,30.43,525097.0,30859230.0,3018522868.75
2021-04-22,300442,30.46,31.12,24.35,24.35,4920508.0,244753686.0,2415413468.75
2021-04-23,300442,23.79,25.3,23.71,23.94,3028900.0,142856433.0,2374743262.5
2021-04-26,300442,23.94,25.16,23.4,24.17,2051242.0,95913472.0,2397558256.25
2021-04-27,300442,23.86,24.43,23.86,23.96,623930.0,29028053.0,2376727175.0
2021-04-28,300442,24.35,24.79,23.95,24.44,966912.0,45362500.0,2424341075.0
2021-04-29,300442,24.89,24.89,24.03,24.12,655200.0,30724098.0,2392598475.0
2021-04-30,300442,24.31,24.63,24.13,24.34,592200.0,27819418.0,2414421512.5
2021-05-06,300442,24.23,24.45,23.14,23.66,995281.0,45655686.0,2346968487.5
2021-05-07,300442,23.69,23.86,22.98,23.66,747407.0,33881159.0,2346968487.5
2021-05-10,300442,21.92,24.11,21.92,23.25,891000.0,39933293.0,2306298281.25
2021-05-11,300442,23.25,23.49,22.83,22.96,514700.0,22884246.0,2277531550.0
2021-05-12,300442,22.83,23.1,21.09,21.59,2111300.0,88918911.0,2141633543.75
2021-05-13,300442,21.65,22.91,21.51,22.59,1288400.0,55327614.0,2240829168.75
2021-05-14,300442,22.87,23.72,22.48,23.09,909800.0,40529112.0,2290426981.25
2021-05-17,300442,23.94,23.94,22.33,22.63,941500.0,41278342.0,2244796993.75
2021-05-18,300442,22.83,23.29,21.79,22.49,1095800.0,47080220.0,2230909606.25
2021-05-19,300442,22.49,22.49,22.07,22.32,606200.0,25984777.0,2214046350.0
2021-05-20,300442,22.57,22.57,22.07,22.08,598000.0,25506662.0,2190239400.0
2021-05-21,300442,22.13,22.78,22.08,22.2,826300.0,35591836.0,2202142875.0
2021-05-24,300442,22.2,22.45,21.89,22.28,635393.0,27167062.0,2210078525.0
2021-05-25,300442,22.36,22.8,21.96,22.31,775300.0,33391264.0,2213054393.75
2021-05-26,300442,22.33,22.75,22.18,22.66,779500.0,33717492.0,2247772862.5
2021-05-27,300442,22.41,23.09,22.41,22.97,560500.0,24684411.0,2278523506.25
2021-05-28,300442,23.22,23.6,22.57,22.74,857500.0,38017240.0,2255708512.5
2021-05-31,300442,22.67,23.11,22.37,23.02,394100.0,17295999.0,2283483287.5
2021-06-01,300442,22.81,23.1,22.62,22.79,425200.0,18708970.0,2260668293.75
2021-06-02,300442,22.78,23.02,22.49,22.5,512800.0,22427195.0,2231901562.5
2021-06-03,300442,22.51,23.08,22.33,22.72,402100.0,17599477.0,2253724600.0
2021-06-04,300442,22.93,22.93,22.5,22.65,551600.0,24100101.0,2246780906.25
2021-06-07,300442,22.87,22.87,22.44,22.55,343000.0,14920271.0,2236861343.75
2021-06-08,300442,22.55,23.38,22.48,23.27,665600.0,29337907.0,2308282193.75
2021-06-09,300442,23.09,23.97,22.14,22.63,1983800.0,88254731.0,2244796993.75
2021-06-10,300442,23.5,23.5,22.21,22.45,842807.0,36536348.0,2226941781.25
2021-06-11,300442,22.76,23.09,22.38,22.51,658600.0,28705596.0,2232893518.75
2021-06-15,300442,22.51,25.02,22.39,24.08,1833300.0,84658709.0,2388630650.0
2021-06-16,300442,24.28,24.3,23.54,23.89,957100.0,44387899.0,2369783481.25
2021-06-17,300442,23.61,24.24,23.6,23.61,638300.0,29253097.0,2342008706.25
2021-06-18,300442,23.61,23.86,23.43,23.5,443968.0,20173653.0,2331097187.5
2021-06-21,300442,23.47,24.58,23.47,24.33,1093700.0,51036442.0,2413429556.25
2021-06-22,300442,24.33,25.32,24.25,25.07,1320700.0,63276926.0,2486834318.75
2021-06-23,300442,25.08,26.72,25.08,26.3,1413750.0,70849636.0,2608844937.5
2021-06-24,300442,26.32,28.27,26.3,28.22,2066790.0,109664496.0,2799300537.5
2021-06-25,300442,28.53,28.96,26.98,27.33,2084022.0,112040554.0,2711016431.25
2021-06-28,300442,27.34,27.88,26.3,26.41,1413522.0,73333874.0,2619756456.25
2021-06-29,300442,26.75,26.89,25.68,26.19,1097300.0,55374863.0,2597933418.75
2021-06-30,300442,26.45,26.87,25.99,26.22,589400.0,30045038.0,2600909287.5
2021-07-01,300442,26.46,27.68,23.76,25.42,2278800.0,113406304.0,2521552787.5
2021-07-02,300442,25.94,25.94,25.09,25.35,1144900.0,56366269.0,2514609093.75
2021-07-05,300442,26.46,27.16,25.73,26.2,1330800.0,67915174.0,2598925375.0
2021-07-06,300442,26.3,26.45,25.72,26.01,690167.0,34661748.0,2580078206.25
2021-07-07,300442,25.72,26.19,25.44,25.62,727993.0,36086115.0,2541391912.5
2021-07-08,300442,25.52,25.81,25.21,25.26,610200.0,29915397.0,2505681487.5
2021-07-09,300442,25.26,25.37,23.19,24.37,1900200.0,88696769.0,2417397381.25
2021-07-12,300442,24.12,24.59,23.71,23.86,1088600.0,50485528.0,2366807612.5
2021-07-13,300442,23.87,24.49,23.81,23.82,731968.0,33891388.0,2362839787.5
2021-07-14,300442,23.82,24.15,23.17,23.28,730200.0,33038441.0,2309274150.0
2021-07-15,300442,23.8,23.8,22.62,23.04,597433.0,26564302.0,2285467200.0
2021-07-16,300442,23.02,23.84,22.7,23.33,610600.0,27359345.0,2314233931.25
2021-07-19,300442,23.14,23.75,23.14,23.34,650200.0,29290191.0,2315225887.5
2021-07-20,300442,23.25,23.53,23.04,23.28,517200.0,23169109.0,2309274150.0
2021-07-21,300442,23.09,23.6,23.09,23.41,482154.0,21698229.0,2322169581.25
2021-07-22,300442,23.18,23.58,22.98,23.24,684800.0,30729948.0,2305306325.0
2021-07-23,300442,23.14,23.55,22.67,23.33,700600.0,31317319.0,2314233931.25
2021-07-26,300442,23.42,23.42,22.58,22.86,622331.0,27569716.0,2267611987.5
2021-07-27,300442,22.86,23.34,22.67,22.76,498650.0,22095633.0,2257692425.0
2021-07-28,300442,22.76,23.24,21.65,22.98,858645.0,37449013.0,2279515462.5
2021-07-29,300442,22.72,23.86,22.72,23.43,1106958.0,49902145.0,2324153493.75
2021-07-30,300442,23.25,23.76,22.97,23.44,591300.0,26585345.0,2325145450.0
2021-08-02,300442,23.24,23.7,22.33,23.3,1418350.0,63170406.0,2311258062.5
2021-08-03,300442,23.3,24.1,22.95,23.54,1198450.0,54382842.0,2335065012.5
2021-08-04,300442,23.55,23.84,23.14,23.53,681700.0,30767102.0,2334073056.25
2021-08-05,300442,23.6,23.86,23.36,23.77,853200.0,39002070.0,2357880006.25
2021-08-06,300442,23.54,23.85,23.22,23.45,863100.0,39037613.0,2326137406.25
2021-08-09,300442,23.45,23.79,23.19,23.75,631631.0,28692995.0,2355896093.75
2021-08-10,300442,23.76,26.21,23.6,24.95,1708411.0,81231272.0,2474930843.75
2021-08-11,300442,25.16,25.21,24.67,24.98,708500.0,34113112.0,2477906712.5
2021-08-12,300442,24.98,25.15,24.12,24.23,800617.0,37862524.0,2403509993.75
2021-08-13,300442,24.33,24.56,23.3,23.6,936717.0,42770535.0,2341016750.0
2021-08-16,300442,23.86,23.86,22.94,22.96,782500.0,34912787.0,2277531550.0
2021-08-17,300442,22.96,23.22,22.37,22.47,863468.0,37961089.0,2228925693.75
2021-08-18,300442,22.71,23.12,22.26,22.47,671250.0,29311415.0,2228925693.75
2021-08-19,300442,22.98,22.98,22.26,22.51,425500.0,18420186.0,2232893518.75
2021-08-20,300442,22.31,22.67,22.15,22.44,321800.0,13910324.0,2225949825.0
2021-08-23,300442,22.44,23.07,22.17,22.65,491100.0,21530247.0,2246780906.25
2021-08-24,300442,22.46,22.96,22.46,22.69,366800.0,16070462.0,2250748731.25
2021-08-25,300442,22.7,23.24,22.7,23.02,581500.0,25721321.0,2283483287.5
2021-08-26,300442,22.89,23.02,22.62,22.63,417800.0,18370085.0,2244796993.75
2021-08-27,300442,22.63,22.79,22.22,22.35,686600.0,29698539.0,2217022218.75
2021-08-30,300442,23.7,23.84,22.31,22.5,1102400.0,48676506.0,2231901562.5
2021-08-31,300442,22.31,22.78,22.2,22.56,481331.0,20804483.0,2237853300.0
2021-09-01,300442,22.31,22.76,22.15,22.49,490300.0,21188997.0,2230909606.25
2021-09-02,300442,22.31,22.68,22.31,22.68,491110.0,21308897.0,2249756775.0
2021-09-03,300442,22.68,22.82,22.49,22.61,451300.0,19673436.0,2242813081.25
2021-09-06,300442,22.67,22.75,22.35,22.67,483800.0,21048423.0,2248764818.75
2021-09-07,300442,22.57,22.59,22.41,22.49,402600.0,17457438.0,2230909606.25
2021-09-08,300442,22.54,23.79,22.54,23.14,1274167.0,57042259.0,2295386762.5
2021-09-09,300442,23.52,23.52,22.42,22.46,600100.0,26191236.0,2227933737.5
2021-09-10,300442,22.31,22.51,22.2,22.43,363479.0,15672950.0,2224957868.75
2021-09-13,300442,22.43,23.01,22.16,22.61,597900.0,25963548.0,2242813081.25
2021-09-14,300442,22.57,22.65,22.31,22.45,497000.0,21492969.0,2226941781.25
2021-09-15,300442,22.45,22.6,22.16,22.19,466600.0,20023321.0,2201150918.75
2021-09-16,300442,22.2,22.41,21.94,22.04,387646.0,16521107.0,2186271575.0
2021-09-17,300442,21.82,22.35,21.35,21.43,703300.0,29298821.0,2125762243.75
2021-09-22,300442,21.33,21.63,20.54,20.81,517300.0,20764834.0,2064260956.2499998
2021-09-23,300442,20.73,21.25,20.71,20.78,274300.0,11056471.0,2061285087.5
2021-09-24,300442,20.9,20.9,20.44,20.65,259500.0,10298469.0,2048389656.2499998
2021-09-27,300442,20.65,20.65,19.06,19.55,689544.0,25982126.0,1939274468.75
2021-09-28,300442,19.71,20.8,19.55,20.41,552843.0,21609336.0,2024582706.25
2021-09-29,300442,21.06,21.06,20.13,20.29,608610.0,24035881.0,2012679231.25
2021-09-30,300442,20.34,21.87,20.34,21.78,697681.0,28533541.0,2160480712.5
2021-10-08,300442,21.79,22.09,21.11,21.34,390875.0,16143852.0,2116834637.5
2021-10-11,300442,21.08,21.44,20.68,20.8,426828.0,17184598.0,2063269000.0
2021-10-12,300442,20.76,21.08,20.22,20.37,380100.0,15042632.0,2020614881.25
2021-10-13,300442,20.37,21.3,19.99,20.73,361800.0,14285208.0,2056325306.25
2021-10-14,300442,20.46,22.49,20.43,22.16,973720.0,40817749.0,2198175050.0
2021-10-15,300442,22.17,22.41,21.59,21.72,505583.0,21287999.0,2154528975.0
2021-10-18,300442,21.35,21.9,21.35,21.75,271400.0,11316585.0,2157504843.75
2021-10-19,300442,22.07,22.1,21.48,21.64,211300.0,8807298.0,2146593325.0
2021-10-20,300442,21.6,22.22,21.37,21.79,380100.0,16040263.0,2161472668.75
2021-10-21,300442,21.79,21.89,21.54,21.79,214100.0,8964904.0,2161472668.75
2021-10-22,300442,21.9,22.26,21.58,21.66,276700.0,11584068.0,2148577237.5
2021-10-25,300442,21.45,21.89,21.07,21.73,259954.0,10794669.0,2155520931.25
2021-10-26,300442,21.94,21.94,21.49,21.58,250800.0,10433279.0,2140641587.4999998
2021-10-27,300442,21.58,21.69,21.21,21.4,314600.0,12979120.0,2122786374.9999998
2021-10-28,300442,21.39,21.46,20.64,20.67,302500.0,12183188.0,2050373568.7500002
2021-10-29,300442,20.85,21.01,20.65,20.76,173000.0,6926293.0,2059301175.0000002
2021-11-01,300442,21.06,21.16,20.42,20.5,214700.0,8502271.0,2033510312.5
2021-11-02,300442,20.32,20.69,20.15,20.39,256300.0,10059945.0,2022598793.75
2021-11-03,300442,20.39,20.64,19.99,20.12,200600.0,7828248.0,1995815975.0
2021-11-04,300442,20.57,20.95,20.14,20.91,321700.0,12766680.0,2074180518.75
2021-11-05,300442,20.95,20.95,20.39,20.47,187800.0,7447617.0,2030534443.75
2021-11-08,300442,20.47,20.47,19.75,20.02,316270.0,12236335.0,1985896412.5
2021-11-09,300442,20.02,20.54,19.97,20.26,210800.0,8244570.0,2009703362.5000002
2021-11-10,300442,20.26,20.43,19.78,20.14,245500.0,9494716.0,1997799887.5
2021-11-11,300442,19.87,20.39,19.86,20.12,144000.0,5575183.0,1995815975.0
2021-11-12,300442,20.21,20.58,19.89,20.27,340900.0,13289825.0,2010695318.75
2021-11-15,300442,20.47,20.63,20.05,20.29,271100.0,10626898.0,2012679231.25
2021-11-16,300442,20.29,20.42,20.07,20.13,202168.0,7869041.0,1996807931.25
2021-11-17,300442,20.13,20.29,19.72,19.9,329400.0,12640473.0,1973992937.4999998
2021-11-18,300442,19.96,20.5,19.83,19.99,366200.0,14264680.0,1982920543.7499998
2021-11-19,300442,19.8,20.28,19.77,20.06,390100.0,15052025.0,1989864237.4999998
2021-11-22,300442,20.32,20.32,19.88,20.0,239500.0,9233931.0,1983912500.0
2021-11-23,300442,20.08,20.18,19.79,20.03,412000.0,15848710.0,1986888368.75
2021-11-24,300442,20.49,24.03,20.38,22.03,2049174.0,87578041.0,2185279618.75
2021-11-25,300442,21.31,22.41,21.15,21.99,1212063.0,51121693.0,2181311793.75
2021-11-26,300442,21.9,22.06,21.39,21.68,708200.0,29693099.0,2150561150.0
2021-11-29,300442,21.69,22.68,21.58,22.61,1195500.0,51434189.0,2242813081.25
2021-11-30,300442,22.67,22.93,22.54,22.86,993967.0,43463414.0,2267611987.5
2021-12-01,300442,22.64,24.1,22.64,23.42,1038700.0,47110217.0,2323161537.5
2021-12-02,300442,23.42,24.01,22.67,22.79,942500.0,41999895.0,2260668293.75
2021-12-03,300442,22.67,23.14,22.56,22.63,713200.0,31363045.0,2244796993.75
2021-12-06,300442,22.31,22.77,22.31,22.46,448500.0,19486732.0,2227933737.5
2021-12-07,300442,22.5,22.82,21.87,22.53,729283.0,31401374.0,2234877431.25
2021-12-08,300442,22.76,22.82,22.47,22.59,370046.0,16159163.0,2240829168.75
2021-12-09,300442,22.62,22.82,22.2,22.36,391400.0,16902120.0,2218014175.0
2021-12-10,300442,22.3,22.56,22.11,22.34,465400.0,20030311.0,2216030262.5
2021-12-13,300442,22.67,22.71,21.53,21.93,576600.0,24397952.0,2175360056.25
2021-12-14,300442,21.8,22.25,21.72,21.9,516000.0,21839905.0,2172384187.5
2021-12-15,300442,22.16,22.2,21.53,21.57,429200.0,17968029.0,2139649631.25
2021-12-16,300442,21.75,22.05,21.38,21.63,615970.0,25787649.0,2145601368.75
2021-12-17,300442,21.87,22.04,21.27,21.64,638809.0,26604711.0,2146593325.0
2021-12-20,300442,21.64,21.64,21.17,21.26,385809.0,15886698.0,2108898987.5000002
2021-12-21,300442,21.47,21.47,20.96,21.06,331600.0,13475999.0,2089059862.4999998
2021-12-22,300442,21.21,21.47,20.96,21.09,262365.0,10673590.0,2092035731.25
2021-12-23,300442,20.81,21.17,20.76,20.89,452600.0,18287472.0,2072196606.25
2021-12-24,300442,21.5,22.31,20.92,21.15,1070226.0,44267871.0,2097987468.7499998
2021-12-27,300442,21.53,22.06,21.21,21.5,757200.0,31368100.0,2132705937.5
2021-12-28,300442,22.13,23.33,21.53,22.46,1671600.0,71844829.0,2227933737.5
2021-12-29,300442,22.3,23.03,21.99,22.65,1324200.0,57820842.0,2246780906.25
2021-12-30,300442,22.75,22.98,22.41,22.54,1206200.0,52773868.0,2235869387.5
2021-12-31,300442,22.36,22.56,21.74,22.23,1273200.0,54279524.0,2205118743.75
2022-01-04,300442,22.23,22.41,22.0,22.23,818100.0,35000976.0,2205118743.75
2022-01-05,300442,22.57,22.8,22.07,22.17,1194400.0,51414155.0,2199167006.25
2022-01-06,300442,22.32,22.48,22.07,22.31,711700.0,30550825.0,2213054393.75
2022-01-07,300442,22.31,22.51,22.05,22.23,1163985.0,49892442.0,2205118743.75
2022-01-10,300442,22.29,22.58,22.07,22.25,844600.0,36263548.0,2207102656.25
2022-01-11,300442,22.36,22.49,22.05,22.22,749600.0,32131321.0,2204126787.5
2022-01-12,300442,22.11,23.46,22.1,23.31,1946600.0,85934588.0,2312250018.75
2022-01-13,300442,23.31,23.59,22.72,23.47,1328100.0,59705697.0,2328121318.75
2022-01-14,300442,23.47,23.76,23.15,23.62,728000.0,32934759.0,2343000662.5
2022-01-17,300442,23.71,23.72,22.6,22.82,1773865.0,78768702.0,2263644162.5
2022-01-18,300442,22.72,24.38,22.57,23.74,2940667.0,133625751.0,2354904137.5
2022-01-19,300442,23.86,23.86,22.93,23.03,1745200.0,78258505.0,2284475243.75
2022-01-20,300442,22.99,23.19,22.15,22.23,1030200.0,44972509.0,2205118743.75
2022-01-21,300442,22.27,22.42,21.89,22.25,470500.0,20119117.0,2207102656.25
2022-01-24,300442,22.2,22.56,21.79,21.89,677600.0,28770363.0,2171392231.25
2022-01-25,300442,21.79,21.99,21.37,21.41,754200.0,31454040.0,2123778331.25
2022-01-26,300442,21.68,21.94,21.45,21.62,439100.0,18313690.0,2144609412.5
2022-01-27,300442,21.51,21.76,21.25,21.3,492200.0,20369975.0,2112866812.5
2022-01-28,300442,21.32,21.89,20.94,21.59,521700.0,21511421.0,2141633543.75
2022-02-07,300442,21.76,22.1,21.45,21.74,565200.0,23697247.0,2156512887.5
2022-02-08,300442,21.7,22.09,21.53,21.64,441900.0,18524527.0,2146593325.0
2022-02-09,300442,21.53,22.05,21.53,21.85,391246.0,16401085.0,2167424406.25
2022-02-10,300442,21.78,21.92,21.61,21.76,297400.0,12441771.0,2158496800.0
2022-02-11,300442,21.77,21.79,21.48,21.67,408700.0,17028096.0,2149569193.75
2022-02-14,300442,21.77,21.89,21.16,21.31,550726.0,22637589.0,2113858768.7499998
2022-02-15,300442,21.26,21.38,21.04,21.22,521400.0,21255502.0,2104931162.5
2022-02-16,300442,21.22,21.41,21.09,21.32,279300.0,11450691.0,2114850725.0
2022-02-17,300442,21.32,21.89,21.23,21.7,463900.0,19277047.0,2152545062.5
2022-02-18,300442,21.84,21.89,21.37,21.7,388145.0,16147484.0,2152545062.5
2022-02-21,300442,22.25,23.03,21.85,22.74,1845259.0,79869343.0,2255708512.5
2022-02-22,300442,22.77,27.29,22.26,25.4,5473104.0,259964495.0,2519568875.0
2022-02-23,300442,24.9,25.93,24.06,24.6,4039696.0,194348792.0,2440212375.0
2022-02-24,300442,24.38,24.57,22.46,22.89,3337750.0,150980887.0,2270587856.25
2022-02-25,300442,22.93,23.75,22.67,23.42,1462500.0,65558730.0,2323161537.5
2022-02-28,300442,23.6,23.74,23.09,23.47,877496.0,39603424.0,2328121318.75
2022-03-01,300442,23.47,23.71,23.19,23.44,613900.0,27611187.0,2325145450.0
2022-03-02,300442,23.4,23.53,22.93,23.32,863500.0,38618908.0,2313241975.0
2022-03-03,300442,23.32,23.66,23.13,23.6,1002402.0,45136380.0,2341016750.0
2022-03-04,300442,23.4,23.55,22.83,23.15,843896.0,37700528.0,2296378718.75
2022-03-07,300442,22.9,23.31,22.31,22.7,646600.0,28459727.0,2251740687.5
2022-03-08,300442,22.49,22.66,21.58,21.74,572100.0,24292414.0,2156512887.5
2022-03-09,300442,21.63,21.75,20.38,21.31,720409.0,29427700.0,2113858768.7499998
2022-03-10,300442,21.48,22.3,21.48,21.99,502998.0,21204270.0,2181311793.75
2022-03-11,300442,21.94,22.49,21.58,22.37,640400.0,27379366.0,2219006131.25
2022-03-14,300442,22.31,22.31,21.36,21.36,836600.0,34943525.0,2118818550.0
2022-03-15,300442,21.31,21.63,21.01,21.15,653400.0,26839418.0,2097987468.7499998
2022-03-16,300442,21.52,21.58,21.09,21.42,648800.0,26747428.0,2124770287.5000002
2022-03-17,300442,22.05,22.31,21.59,21.79,749700.0,31572687.0,2161472668.75
2022-03-18,300442,21.72,21.99,21.46,21.79,805300.0,33849920.0,2161472668.75
2022-03-21,300442,21.79,21.99,21.43,21.73,400900.0,16819133.0,2155520931.25
2022-03-22,300442,21.89,21.99,21.35,21.74,506732.0,21217356.0,2156512887.5
2022-03-23,300442,21.84,21.94,21.45,21.74,389800.0,16330583.0,2156512887.5
2022-03-24,300442,21.54,21.85,21.48,21.76,380429.0,15922053.0,2158496800.0
2022-03-25,300442,21.83,21.89,21.63,21.79,491000.0,20604359.0,2161472668.75
2022-03-28,300442,21.69,21.7,20.8,21.4,615732.0,25176928.0,2122786374.9999998
2022-03-29,300442,21.21,21.73,21.21,21.37,304300.0,12602618.0,2119810506.25
2022-03-30,300442,21.16,21.79,21.16,21.63,575500.0,23979766.0,2145601368.75
2022-03-31,300442,21.53,21.7,21.25,21.49,293500.0,12193346.0,2131713981.2499998
2022-04-01,300442,21.49,21.88,21.22,21.8,462700.0,19338457.0,2162464625.0
2022-04-06,300442,21.79,21.94,21.53,21.89,381400.0,16046934.0,2171392231.25
2022-04-07,300442,21.88,21.88,21.56,21.62,403200.0,16831903.0,2144609412.5
2022-04-08,300442,21.84,22.05,21.22,21.79,374500.0,15681568.0,2161472668.75
2022-04-11,300442,21.77,21.93,21.27,21.4,413000.0,17157473.0,2122786374.9999998
2022-04-12,300442,21.36,21.76,20.99,21.68,448200.0,18421470.0,2150561150.0
2022-04-13,300442,21.78,21.79,21.46,21.48,366800.0,15261954.0,2130722025.0
2022-04-14,300442,21.56,21.92,21.38,21.72,568200.0,23801339.0,2154528975.0
2022-04-15,300442,22.45,23.89,22.3,22.76,2432027.0,108246833.0,2257692425.0
2022-04-18,300442,23.34,24.12,22.99,23.71,1981200.0,90016402.0,2351928268.75
2022-04-19,300442,23.69,24.9,23.42,24.67,2390798.0,112968530.0,2447156068.75
2022-04-20,300442,24.95,25.06,24.41,24.88,1824900.0,87423053.0,2467987150.0
2022-04-21,300442,25.41,25.83,24.54,24.58,1911429.0,92833262.0,2438228462.5
2022-04-22,300442,25.57,25.57,23.86,24.41,1676246.0,79878882.0,2421365206.25
2022-04-25,300442,24.41,24.75,23.43,23.55,1536000.0,71119391.0,2336056968.75
2022-04-26,300442,23.37,24.01,23.27,23.44,1334600.0,60693311.0,2325145450.0
2022-04-27,300442,23.37,25.13,23.34,24.8,2456300.0,116099825.0,2460051500.0
2022-04-28,300442,24.36,24.91,23.6,24.09,1362600.0,63621763.0,2389622606.25
2022-04-29,300442,24.59,24.64,20.17,21.16,4255000.0,178888793.0,2098979425.0
2022-05-05,300442,20.6,22.08,20.24,21.73,1838143.0,76250072.0,2155520931.25
2022-05-06,300442,21.56,21.77,21.27,21.67,720867.0,30014443.0,2149569193.75
2022-05-09,300442,21.52,21.99,21.32,21.55,776000.0,32331547.0,2137665718.75
2022-05-10,300442,21.77,22.26,21.48,21.84,930400.0,39072350.0,2166432450.0
2022-05-11,300442,21.86,22.2,21.59,21.63,981200.0,41331770.0,2145601368.75
2022-05-12,300442,21.3,21.78,21.3,21.64,412700.0,17169482.0,2146593325.0
2022-05-13,300442,21.64,22.04,21.49,21.7,543800.0,22811748.0,2152545062.5
2022-05-16,300442,21.69,22.03,21.56,21.73,414600.0,17348335.0,2155520931.25
2022-05-17,300442,21.73,21.87,21.58,21.78,647100.0,27106684.0,2160480712.5
2022-05-18,300442,21.79,21.89,21.6,21.7,376600.0,15795686.0,2152545062.5
2022-05-19,300442,21.68,21.85,21.53,21.66,384000.0,15991664.0,2148577237.5
2022-05-20,300442,21.6,21.94,21.6,21.77,621226.0,26033096.0,2159488756.25
2022-05-23,300442,21.68,21.91,21.68,21.77,308100.0,12934025.0,2159488756.25
2022-05-24,300442,21.84,22.02,21.56,21.69,646200.0,27071462.0,2151553106.25
2022-05-25,300442,21.54,21.76,21.54,21.72,272300.0,11393072.0,2154528975.0
2022-05-26,300442,21.72,21.88,21.65,21.78,471406.0,19778802.0,2160480712.5
2022-05-27,300442,21.78,23.54,21.66,23.28,1707400.0,74788738.0,2309274150.0
2022-05-30,300442,23.17,23.6,22.41,22.57,1049800.0,46291343.0,2238845256.25
2022-05-31,300442,22.31,23.24,22.31,23.0,821200.0,36113180.0,2281499375.0
2022-06-01,300442,23.0,23.13,22.69,22.94,506800.0,22399595.0,2275547637.5
2022-06-02,300442,22.9,23.34,22.66,23.21,682900.0,30384224.0,2302330456.25
2022-06-06,300442,24.85,24.85,23.19,23.45,1853600.0,84405722.0,2326137406.25
2022-06-07,300442,23.34,25.54,23.34,24.82,2340788.0,111118731.0,2462035412.5
2022-06-08,300442,24.69,26.24,24.64,25.55,2086900.0,102776721.0,2534448218.75
2022-06-09,300442,25.48,26.38,25.43,25.91,1523500.0,76336807.0,2570158643.75
2022-06-10,300442,25.94,26.34,25.52,25.93,923600.0,46079282.0,2572142556.25
2022-06-13,300442,25.75,26.11,25.15,25.37,930500.0,45786480.0,2516593006.25
2022-06-14,300442,25.16,25.68,25.01,25.32,840700.0,41023136.0,2511633225.0
2022-06-15,300442,25.17,26.14,25.17,25.38,917500.0,45431168.0,2517584962.5
2022-06-16,300442,25.63,25.63,24.81,24.9,705200.0,34039592.0,2469971062.5
2022-06-17,300442,24.87,25.07,24.57,24.85,461900.0,22069547.0,2465011281.25
2022-06-20,300442,24.74,25.16,24.52,24.91,531573.0,25532224.0,2470963018.75
2022-06-21,300442,24.92,25.32,24.81,24.94,577300.0,27840586.0,2473938887.5
2022-06-22,300442,25.3,25.51,24.8,24.96,610401.0,29552631.0,2475922800.0
2022-06-23,300442,24.86,25.21,24.86,25.02,527500.0,25455367.0,2481874537.5
2022-06-24,300442,24.91,25.21,24.91,25.03,426800.0,20661597.0,2482866493.75
2022-06-27,300442,25.03,26.35,24.96,26.08,1132900.0,56387293.0,2587021900.0
2022-06-28,300442,26.08,26.2,25.76,26.02,716600.0,35950038.0,2581070162.5
2022-06-29,300442,25.94,26.15,25.63,25.73,864700.0,43051303.0,2552303431.25
2022-06-30,300442,25.73,25.91,25.43,25.53,715600.0,35433318.0,2532464306.25
2022-07-01,300442,25.67,25.93,25.38,25.42,502300.0,24732524.0,2521552787.5
2022-07-04,300442,25.37,25.81,25.32,25.45,508900.0,25004402.0,2524528656.25
2022-07-05,300442,25.45,25.67,24.77,25.04,659200.0,31923983.0,2483858450.0
2022-07-06,300442,24.98,25.2,24.8,25.0,388000.0,18704808.0,2479890625.0
2022-07-07,300442,24.91,25.16,24.8,24.85,446000.0,21446134.0,2465011281.25
2022-07-08,300442,24.84,25.37,24.64,25.15,671300.0,32441317.0,2494769968.75
2022-07-11,300442,25.16,25.21,24.39,24.56,581700.0,27704564.0,2436244550.0
2022-07-12,300442,24.9,24.9,24.12,24.14,356800.0,16703923.0,2394582387.5
2022-07-13,300442,24.64,25.08,23.87,24.76,518300.0,24625662.0,2456083675.0
2022-07-14,300442,24.89,25.06,24.65,24.74,372100.0,17808903.0,2454099762.5
2022-07-15,300442,24.7,25.03,24.12,24.25,508000.0,23973018.0,2405493906.25
2022-07-18,300442,24.07,24.43,24.02,24.1,432200.0,20180665.0,2390614562.5
2022-07-19,300442,24.11,24.31,23.71,24.12,413810.0,19219814.0,2392598475.0
2022-07-20,300442,24.12,24.58,23.97,24.24,386900.0,18105345.0,2404501950.0
2022-07-21,300442,24.23,25.0,24.19,24.41,646300.0,30623766.0,2421365206.25
2022-07-22,300442,24.43,24.88,24.17,24.31,476200.0,22438061.0,2411445643.75
2022-07-25,300442,24.12,24.33,23.88,23.89,421600.0,19550402.0,2369783481.25
2022-07-26,300442,23.72,24.07,23.46,23.92,323586.0,14842241.0,2372759350.0
2022-07-27,300442,24.0,24.02,23.6,23.85,348400.0,16007714.0,2365815656.25
2022-07-28,300442,24.23,25.6,23.73,24.67,824700.0,39471989.0,2447156068.75
2022-07-29,300442,24.62,24.74,24.12,24.45,460756.0,21673644.0,2425333031.25
2022-08-01,300442,24.02,24.37,24.02,24.06,420000.0,19507177.0,2386646737.5
2022-08-02,300442,23.87,23.89,22.98,23.32,805300.0,36246053.0,2313241975.0
2022-08-03,300442,23.38,24.24,23.09,23.18,478800.0,21783677.0,2299354587.5
2022-08-04,300442,23.85,24.9,23.35,24.79,1165601.0,55016327.0,2459059543.75
2022-08-05,300442,24.68,25.4,24.68,24.95,656300.0,31596504.0,2474930843.75
2022-08-08,300442,24.95,25.85,24.75,25.78,1035600.0,50836648.0,2557263212.5
2022-08-09,300442,25.92,25.92,24.96,25.21,860400.0,41987814.0,2500721706.25
2022-08-10,300442,25.19,25.64,25.11,25.35,534100.0,26112744.0,2514609093.75
2022-08-11,300442,25.7,25.78,25.29,25.34,577200.0,28259216.0,2513617137.5
2022-08-12,300442,25.35,25.57,25.29,25.36,431400.0,21135481.0,2515601050.0
2022-08-15,300442,25.32,25.47,24.95,25.35,496269.0,24149818.0,2514609093.75
2022-08-16,300442,25.34,25.67,25.17,25.42,403300.0,19754866.0,2521552787.5
2022-08-17,300442,25.42,25.47,25.11,25.13,501300.0,24369060.0,2492786056.25
2022-08-18,300442,25.35,25.51,24.9,25.0,599000.0,29068000.0,2479890625.0
2022-08-19,300442,25.21,25.25,24.62,24.81,710900.0,34118736.0,2461043456.25
2022-08-22,300442,24.69,25.41,24.38,25.35,522900.0,25270048.0,2514609093.75
2022-08-23,300442,25.36,25.47,25.06,25.2,323100.0,15748412.0,2499729750.0
2022-08-24,300442,25.26,25.32,24.61,24.94,587500.0,28315224.0,2473938887.5
2022-08-25,300442,24.99,25.05,24.42,24.49,419572.0,19932252.0,2429300856.25
2022-08-26,300442,24.74,24.99,24.49,24.54,255929.0,12164785.0,2434260637.5
2022-08-29,300442,24.7,24.7,24.24,24.6,294100.0,13898280.0,2440212375.0
2022-08-30,300442,24.69,24.69,24.4,24.53,224069.0,10594030.0,2433268681.25
2022-08-31,300442,24.43,24.48,23.72,23.96,446000.0,20735093.0,2376727175.0
2022-09-01,300442,23.86,24.01,23.6,23.75,245600.0,11258749.0,2355896093.75
2022-09-02,300442,23.53,24.37,23.53,23.99,249100.0,11511638.0,2379703043.75
2022-09-05,300442,24.35,24.35,23.75,23.91,189500.0,8727535.0,2371767393.75
2022-09-06,300442,23.8,24.21,23.68,24.07,469734.0,21671547.0,2387638693.75
2022-09-07,300442,23.97,24.72,23.86,24.11,406503.0,18934217.0,2391606518.75
2022-09-08,300442,24.36,25.16,24.17,24.2,666060.0,31627975.0,2400534125.0
2022-09-09,300442,24.17,25.05,23.92,24.85,480062.0,22700909.0,2465011281.25
2022-09-13,300442,25.36,25.63,24.39,25.08,1280969.0,62292593.0,2487826275.0
2022-09-14,300442,25.06,25.06,24.12,24.3,665702.0,31373066.0,2410453687.5
2022-09-15,300442,24.49,24.64,23.53,23.8,478502.0,22061157.0,2360855875.0
2022-09-16,300442,23.71,24.02,23.7,23.75,191702.0,8791979.0,2355896093.75
2022-09-19,300442,23.75,24.03,23.61,23.65,221257.0,10147376.0,2345976531.25
2022-09-20,300442,23.71,23.87,23.37,23.57,369157.0,16786825.0,2338040881.25
2022-09-21,300442,23.5,23.53,22.89,22.93,400600.0,17851516.0,2274555681.25
2022-09-22,300442,22.93,22.99,22.18,22.41,470600.0,20524764.0,2222973956.25
2022-09-23,300442,22.93,23.04,21.59,21.76,372400.0,15713806.0,2158496800.0
2022-09-26,300442,21.61,21.73,21.06,21.26,353800.0,14559076.0,2108898987.5000002
2022-09-27,300442,22.05,22.7,21.85,22.62,727900.0,31339473.0,2243805037.5
2022-09-28,300442,22.63,22.82,21.19,21.23,595084.0,25015373.0,2105923118.75
2022-09-29,300442,21.53,21.87,21.15,21.15,491774.0,20332518.0,2097987468.7499998
2022-09-30,300442,21.8,21.94,21.21,21.72,418469.0,17493964.0,2154528975.0
2022-10-10,300442,21.62,22.31,21.3,21.46,496774.0,20957091.0,2128738112.5
2022-10-11,300442,20.76,21.98,20.75,20.99,443200.0,18071210.0,2082116168.7499998
2022-10-12,300442,21.04,21.62,20.84,21.51,441900.0,18079614.0,2133697893.7500002
2022-10-13,300442,21.51,21.87,21.34,21.54,450300.0,18757125.0,2136673762.5
2022-10-14,300442,21.54,22.16,21.54,21.94,751331.0,31707575.0,2176352012.5
2022-10-17,300442,22.14,22.88,21.7,22.44,1138083.0,49363912.0,2225949825.0
2022-10-18,300442,22.59,22.86,22.21,22.34,633213.0,27442960.0,2216030262.5
2022-10-19,300442,22.35,23.09,22.35,22.51,630900.0,27494566.0,2232893518.75
2022-10-20,300442,23.34,25.4,22.88,23.81,2973512.0,140070595.0,2361847831.25
2022-10-21,300442,23.34,24.82,23.11,24.37,2432987.0,114677895.0,2417397381.25
2022-10-24,300442,24.56,24.63,23.79,23.91,1684874.0,78742138.0,2371767393.75
2022-10-25,300442,23.81,24.12,23.51,23.67,1096300.0,50248341.0,2347960443.75
2022-10-26,300442,23.64,23.94,23.55,23.82,668109.0,30582753.0,2362839787.5
2022-10-27,300442,23.74,24.21,23.5,23.86,1108800.0,51059639.0,2366807612.5
2022-10-28,300442,23.67,23.99,23.19,23.42,1036700.0,47136261.0,2323161537.5
2022-10-31,300442,23.19,24.06,22.83,23.97,971800.0,44469626.0,2377719131.25
2022-11-01,300442,24.12,24.17,23.72,24.01,617887.0,28493199.0,2381686956.25
2022-11-02,300442,24.02,24.23,23.8,24.11,692900.0,32060994.0,2391606518.75
2022-11-03,300442,24.17,24.43,23.74,24.33,808031.0,37694518.0,2413429556.25
2022-11-04,300442,24.33,24.53,24.16,24.3,762231.0,35728165.0,2410453687.5
2022-11-07,300442,24.38,24.64,24.21,24.64,926404.0,43644443.0,2444180200.0
2022-11-08,300442,24.54,24.87,24.07,24.38,609600.0,28578257.0,2418389337.5
2022-11-09,300442,24.47,24.47,24.17,24.35,544305.0,25548865.0,2415413468.75
2022-11-10,300442,23.92,24.51,23.92,24.3,537100.0,25144758.0,2410453687.5
2022-11-11,300442,24.32,24.72,24.13,24.2,650898.0,30507124.0,2400534125.0
2022-11-14,300442,24.39,24.41,23.48,23.7,663280.0,30431390.0,2350936312.5
2022-11-15,300442,23.68,24.03,23.47,23.89,845000.0,37806693.0,2369783481.25
2022-11-16,300442,23.62,24.31,23.62,23.95,698480.0,31680389.0,2375735218.75
2022-11-17,300442,23.76,24.3,23.66,24.26,548282.0,24777459.0,2406485862.5
2022-11-18,300442,24.19,25.63,24.05,24.83,2278062.0,107370665.0,2463027368.75
2022-11-21,300442,24.72,25.13,24.4,24.78,1026531.0,47900058.0,2458067587.5
2022-11-22,300442,24.67,25.0,24.4,24.47,650102.0,30261410.0,2427316943.75
2022-11-23,300442,24.4,24.6,23.97,24.14,517304.0,23630806.0,2394582387.5
2022-11-24,300442,24.28,24.77,23.89,24.21,841700.0,38549930.0,2401526081.25
2022-11-25,300442,24.23,24.32,23.66,23.71,826610.0,37245716.0,2351928268.75
2022-11-28,300442,23.95,23.95,23.41,23.73,697800.0,31078909.0,2353912181.25
2022-11-29,300442,23.71,23.93,23.37,23.62,647900.0,28813490.0,2343000662.5
2022-11-30,300442,23.5,23.76,23.36,23.55,498269.0,22129676.0,2336056968.75
2022-12-01,300442,23.7,24.45,23.55,24.29,1085070.0,49221566.0,2409461731.25
2022-12-02,300442,24.51,24.51,23.76,23.81,838410.0,38095782.0,2361847831.25
2022-12-05,300442,23.66,24.33,23.66,23.89,611900.0,27677320.0,2369783481.25
2022-12-06,300442,23.97,23.97,23.34,23.41,686800.0,30479315.0,2322169581.25
2022-12-07,300442,22.81,23.84,22.81,23.37,776100.0,34222994.0,2318201756.25
2022-12-08,300442,23.37,23.7,23.34,23.68,786001.0,34901839.0,2348952400.0
2022-12-09,300442,23.56,23.81,23.34,23.63,621769.0,27573916.0,2343992618.75
2022-12-12,300442,23.45,23.86,23.26,23.35,807990.0,35862761.0,2316217843.75
2022-12-13,300442,23.25,23.44,22.74,22.82,789667.0,34178622.0,2263644162.5
2022-12-14,300442,22.82,22.96,22.7,22.85,400771.0,17240470.0,2266620031.25
2022-12-15,300442,22.85,22.96,22.64,22.68,319800.0,13726279.0,2249756775.0
2022-12-16,300442,23.01,23.02,22.38,22.48,399400.0,16993632.0,2229917650.0
2022-12-19,300442,22.54,22.54,21.92,22.06,568471.0,23695952.0,2188255487.5
2022-12-20,300442,22.06,22.22,21.75,21.77,400892.0,16573958.0,2159488756.25
2022-12-21,300442,21.78,22.26,21.53,21.66,447600.0,18377011.0,2148577237.5
2022-12-22,300442,21.85,21.97,21.27,21.71,401264.0,16434949.0,2153537018.75
2022-12-23,300442,21.5,22.1,21.32,21.95,512023.0,21042087.0,2177343968.75
2022-12-26,300442,21.93,22.53,21.75,22.37,546754.0,22834209.0,2219006131.25
2022-12-27,300442,22.31,22.58,22.18,22.22,351100.0,14795722.0,2204126787.5
2022-12-28,300442,22.7,22.7,21.95,22.04,482400.0,20115431.0,2186271575.0
2022-12-29,300442,22.21,22.41,21.75,22.26,374943.0,15693752.0,2208094612.5
2022-12-30,300442,22.34,22.58,22.06,22.47,285786.0,12075733.0,2228925693.75
2023-01-03,300442,22.46,22.67,21.75,22.33,974100.0,40958074.0,1471156225.0
2023-01-04,300442,22.9,23.66,22.45,22.56,1710784.0,74150366.0,1486309200.0
2023-01-05,300442,22.21,23.32,22.21,23.07,1402538.0,60457801.0,1519909275.0
2023-01-06,300442,23.6,25.92,23.58,24.71,3447181.0,161728942.0,1627956575.0
2023-01-09,300442,24.6,25.16,24.53,24.8,2298160.0,107877357.0,1633886000.0
2023-01-10,300442,24.8,25.86,24.46,25.74,4877052.0,232946156.0,1695815550.0
2023-01-11,300442,25.61,26.42,25.48,26.21,4577100.0,224801864.0,1726780325.0
2023-01-12,300442,26.25,26.32,24.82,25.14,3075900.0,146993777.0,1656286050.0
2023-01-13,300442,25.04,25.47,24.49,24.65,2641479.0,123564364.0,1624003625.0
2023-01-16,300442,24.72,24.8,24.29,24.4,1943400.0,89862887.0,1607533000.0
2023-01-17,300442,24.29,24.61,24.07,24.47,1389469.0,63743716.0,1612144775.0
2023-01-18,300442,24.33,25.86,24.27,25.46,2974696.0,141763922.0,1677368450.0
2023-01-19,300442,25.3,26.08,25.3,25.65,1558300.0,75439453.0,1689886125.0
2023-01-20,300442,25.55,26.24,25.46,25.74,1436121.0,70012226.0,1695815550.0
2023-01-30,300442,25.85,25.93,25.02,25.09,1645000.0,78571602.0,1652991925.0
2023-01-31,300442,25.38,25.38,24.93,25.25,826967.0,39234253.0,1663533125.0
2023-02-01,300442,25.22,25.56,24.99,25.33,977969.0,46666782.0,1668803725.0
2023-02-02,300442,25.33,25.48,25.08,25.27,1568900.0,74783497.0,1664850775.0
2023-02-03,300442,25.03,25.35,24.76,25.25,1422500.0,67289633.0,1663533125.0
2023-02-06,300442,25.45,27.77,25.22,27.56,5785292.0,294038813.0,1815721700.0
2023-02-07,300442,27.58,28.05,27.06,27.28,3563221.0,184471406.0,1797274600.0
2023-02-08,300442,27.29,28.74,27.11,27.62,5081129.0,267800388.0,1819674650.0
2023-02-09,300442,27.48,28.68,27.3,28.38,4738669.0,250447500.0,1869745350.0
2023-02-10,300442,28.37,28.38,27.72,27.73,2432961.0,128430480.0,1826921725.0
2023-02-13,300442,27.72,28.53,27.5,27.91,3547605.0,187296063.0,1838780575.0
2023-02-14,300442,28.2,28.23,27.54,27.78,1613871.0,84610167.0,1830215850.0
2023-02-15,300442,28.05,28.93,27.68,28.79,3364721.0,181031536.0,1896757175.0
2023-02-16,300442,28.96,30.58,28.69,28.76,7167700.0,398680188.0,1894780700.0
2023-02-17,300442,28.96,28.96,27.36,27.45,3544200.0,187284974.0,1808474625.0
2023-02-20,300442,27.57,28.74,27.43,28.5,3146200.0,166151075.0,1877651250.0
2023-02-21,300442,29.17,29.82,28.74,29.45,4632786.0,256830173.0,1940239625.0
2023-02-22,300442,29.39,29.39,28.93,29.09,1654300.0,91049218.0,1916521925.0
2023-02-23,300442,28.91,29.01,28.06,28.3,2223700.0,119151424.0,1864474750.0
2023-02-24,300442,28.3,28.64,28.11,28.25,1102500.0,58911152.0,1861180625.0
2023-02-27,300442,28.22,29.46,28.22,28.44,2616470.0,142082038.0,1873698300.0
2023-02-28,300442,29.3,29.54,28.53,28.99,3462400.0,189739457.0,1909933675.0
2023-03-01,300442,28.67,30.01,28.66,29.9,4301955.0,239316295.0,1969886750.0
2023-03-02,300442,29.91,30.5,29.55,29.77,2201368.0,124165069.0,1961322025.0
2023-03-03,300442,29.77,30.06,29.36,29.49,1919887.0,107195133.0,1942874925.0
2023-03-06,300442,29.53,30.71,29.46,30.44,3147574.0,178938501.0,2005463300.0
2023-03-07,300442,30.75,30.75,29.32,29.33,2212100.0,124663840.0,1932333725.0
2023-03-08,300442,29.33,29.8,29.28,29.64,1440549.0,80282563.0,1952757300.0
2023-03-09,300442,29.7,31.91,29.66,31.63,5763518.0,336673903.0,2083863475.0
2023-03-10,300442,31.5,33.03,31.07,32.44,4206942.0,254250819.0,2137228299.9999998
2023-03-13,300442,32.25,36.59,32.1,34.87,6091402.0,394475691.0,2297322775.0
2023-03-14,300442,35.0,35.53,33.68,34.47,3732408.0,242123132.0,2270969775.0
2023-03-15,300442,34.18,34.81,33.89,34.29,2183267.0,141086809.0,2259110925.0
2023-03-16,300442,33.93,34.74,33.29,34.14,2581779.0,165841381.0,2249228550.0
2023-03-17,300442,33.97,37.24,33.94,36.97,5311801.0,361938621.0,2435676025.0
2023-03-20,300442,36.79,37.13,34.1,34.57,5130020.0,340911517.0,2277558025.0
2023-03-21,300442,35.01,35.04,34.02,34.52,2473151.0,160584374.0,2274263900.0
2023-03-22,300442,34.38,37.13,33.74,36.53,4026751.0,268970616.0,2406687725.0
2023-03-23,300442,35.83,39.06,35.11,37.26,5650107.0,392219688.0,2454781950.0
2023-03-24,300442,36.96,38.01,36.25,37.2,3190795.0,222830030.0,2450829000.0
2023-03-27,300442,36.9,37.26,34.66,35.63,3971064.0,267379116.0,2347393475.0
2023-03-28,300442,35.63,35.89,34.58,34.73,2630966.0,174355607.0,2288099225.0
2023-03-29,300442,34.68,36.36,34.47,35.68,2733158.0,184426860.0,2350687600.0
2023-03-30,300442,36.05,36.37,34.26,34.45,2433271.0,159533046.0,2269652125.0
2023-03-31,300442,34.28,36.38,34.15,36.03,2445361.0,162810058.0,2373746475.0
2023-04-03,300442,36.21,36.86,33.87,35.22,5314488.0,349103401.0,2320381650.0
2023-04-04,300442,35.16,35.8,33.63,35.4,4758757.0,311524888.0,2332240500.0
2023-04-06,300442,34.74,37.54,34.74,37.54,5692151.0,391776124.0,2473229050.0
2023-04-07,300442,37.6,38.65,36.6,37.85,3728013.0,264042139.0,2493652625.0
2023-04-10,300442,37.14,37.86,35.85,35.96,3347450.0,232196073.0,2369134700.0
2023-04-11,300442,35.63,36.45,34.9,35.45,2312469.0,154968350.0,2335534625.0
2023-04-12,300442,35.79,37.42,34.77,37.13,3193950.0,219164635.0,2446217225.0
2023-04-13,300442,36.85,37.1,35.59,35.67,1881775.0,128480115.0,2350028775.0
2023-04-14,300442,35.58,36.07,34.73,35.19,1823500.0,121227309.0,2318405175.0
2023-04-17,300442,35.01,36.12,34.73,35.0,2446979.0,162850063.0,2305887500.0
2023-04-18,300442,34.75,38.6,34.7,37.81,4817859.0,337113350.0,2491017325.0
2023-04-19,300442,37.42,38.29,36.78,37.1,3210088.0,226571118.0,2444240750.0
2023-04-20,300442,37.44,39.57,36.95,39.08,4931241.0,356216024.0,2574688100.0
2023-04-21,300442,38.77,40.2,36.97,37.82,4418998.0,318511429.0,2491676150.0
2023-04-24,300442,38.7,38.98,35.85,36.23,4845118.0,340321363.0,2386922975.0
2023-04-25,300442,35.98,36.76,35.04,35.63,2692900.0,181124945.0,2347393475.0
2023-04-26,300442,35.48,36.53,33.95,34.31,3951336.0,260424160.0,2260428575.0
2023-04-27,300442,34.05,34.64,30.56,30.76,8823299.0,528527874.0,2026545700.0
2023-04-28,300442,30.61,32.35,30.6,31.82,4446135.0,266761795.0,2096381150.0
2023-05-04,300442,31.93,32.4,30.71,31.18,2996947.0,176367270.0,2054216350.0
2023-05-05,300442,30.68,31.68,30.14,30.54,2906566.0,167876831.0,2012051550.0
2023-05-08,300442,30.54,31.01,30.13,30.63,1898800.0,109389019.0,2017980975.0
2023-05-09,300442,30.5,31.44,30.14,30.5,2253007.0,130523294.0,2009416250.0
2023-05-10,300442,30.43,30.7,29.44,29.73,2792100.0,157330506.0,1958686725.0
2023-05-11,300442,29.65,30.31,29.2,29.2,1603200.0,89283316.0,1923769000.0
2023-05-12,300442,29.37,29.64,29.05,29.13,1660200.0,91813065.0,1919157225.0
2023-05-15,300442,29.17,29.81,28.21,29.62,2783900.0,151927180.0,1951439650.0
2023-05-16,300442,29.6,30.53,29.33,30.01,3064998.0,172613024.0,1977133825.0
2023-05-17,300442,30.22,30.75,29.11,29.4,2706239.0,150758965.0,1936945500.0
2023-05-18,300442,29.2,29.62,28.96,29.48,1946380.0,107740911.0,1942216100.0
2023-05-19,300442,29.43,29.65,29.01,29.39,1425200.0,78713458.0,1936286675.0
2023-05-22,300442,29.38,29.53,28.62,28.74,1793225.0,97799115.0,1893463050.0
2023-05-23,300442,28.85,29.22,28.68,28.91,1474900.0,80575888.0,1904663075.0
2023-05-24,300442,28.66,29.09,28.25,28.51,2317080.0,69460103.0,3380958135.0
2023-05-25,300442,28.65,29.88,28.2,28.73,3413440.0,102605827.0,3407047605.0
2023-05-26,300442,28.74,30.84,28.56,30.35,5683742.0,178660622.0,3599160975.0
2023-05-29,300442,31.2,31.43,30.17,30.61,6038550.0,194321782.0,3629993985.0
2023-05-30,300442,30.22,31.46,29.96,31.12,4071424.0,131523056.0,3690474120.0
2023-05-31,300442,31.23,31.41,30.31,30.89,3677679.0,118770897.0,3663198765.0
2023-06-01,300442,30.57,31.5,30.57,30.88,2989739.0,97237110.0,3662012880.0
2023-06-02,300442,31.18,31.84,30.74,31.17,3609880.0,118596819.0,3696403545.0
2023-06-05,300442,31.03,31.44,30.7,30.77,3114030.0,101250373.0,3648968145.0
2023-06-06,300442,31.92,33.89,30.69,30.93,9085580.0,305370841.0,3667942305.0
2023-06-07,300442,30.45,31.6,29.26,30.72,6218035.0,199491162.0,3643038720.0
2023-06-08,300442,30.52,30.74,29.96,30.48,4109380.0,130829092.0,3614577480.0
2023-06-09,300442,30.28,32.04,30.08,32.04,9366821.0,306659920.0,3799575540.0
2023-06-12,300442,31.5,32.14,31.17,31.7,6709594.0,221910212.0,3759255450.0
2023-06-13,300442,31.68,33.37,31.0,32.98,9685989.0,329133614.0,3911048729.9999995
2023-06-14,300442,34.64,35.58,33.39,33.71,13409277.0,478065278.0,3997618335.0
2023-06-15,300442,32.78,33.89,31.8,32.16,10001894.0,340019685.0,3813806159.9999995
2023-06-16,300442,31.6,32.67,31.6,32.32,6594409.0,222561941.0,3832780320.0
2023-06-19,300442,32.32,34.87,32.27,34.45,12007372.0,426877542.0,4085373825.0000005
2023-06-20,300442,34.08,35.49,33.89,35.24,10097740.0,368111767.0,4179058740.0
2023-06-21,300442,34.85,34.89,33.2,33.22,6832859.0,242346553.0,3939509970.0
2023-06-26,300442,32.75,33.13,30.9,31.19,6485307.0,215822838.0,3698775315.0
2023-06-27,300442,31.12,31.68,30.65,31.21,4002627.0,130823279.0,3701147085.0
2023-06-28,300442,31.03,31.18,28.51,29.43,7583400.0,232115914.0,3490059555.0
2023-06-29,300442,29.03,29.86,28.93,29.02,3145000.0,96165013.0,3441438270.0
2023-06-30,300442,28.9,29.58,28.64,29.37,2511556.0,76981412.0,3482944245.0
2023-07-03,300442,29.37,29.9,28.6,29.64,4625732.0,141972044.0,3514963140.0
2023-07-04,300442,29.6,31.03,29.5,30.78,4567543.0,144967334.0,3650154030.0
2023-07-05,300442,31.12,31.12,29.88,30.0,2781440.0,88341110.0,3557655000.0
2023-07-06,300442,29.79,30.31,29.12,29.23,3893180.0,120692275.0,3466341855.0
2023-07-07,300442,29.12,29.37,28.77,29.04,2178660.0,66225143.0,3443810040.0
2023-07-10,300442,29.17,29.29,27.71,28.31,4758540.0,141532888.0,3357240435.0
2023-07-11,300442,28.31,28.61,27.83,28.07,3211420.0,94608061.0,3328779195.0
2023-07-12,300442,28.21,28.21,27.21,27.45,4196800.0,121262027.0,3255254325.0
2023-07-13,300442,27.4,27.72,27.16,27.24,3530420.0,101405057.0,3230350740.0
2023-07-14,300442,27.25,28.12,27.25,27.75,4815660.0,140060827.0,3290830875.0
2023-07-17,300442,27.69,27.87,27.24,27.44,2755707.0,79298872.0,3254068440.0
2023-07-18,300442,27.49,27.64,27.23,27.27,2216840.0,63638183.0,3233908395.0
2023-07-19,300442,27.69,27.94,27.19,27.37,2994204.0,86486803.0,3245767245.0
2023-07-20,300442,27.39,27.6,26.82,26.94,2164041.0,61367837.0,3194774190.0
2023-07-21,300442,26.98,27.01,26.36,26.63,3346715.0,93337174.0,3158011755.0
2023-07-24,300442,26.75,27.3,26.64,26.83,2328140.0,65858684.0,3181729455.0
2023-07-25,300442,27.03,27.35,26.87,27.15,2411990.0,68571187.0,3219677775.0
2023-07-26,300442,27.28,27.29,26.65,26.79,2108720.0,59309743.0,3176985915.0
2023-07-27,300442,26.79,28.49,26.69,28.03,5896379.0,171289599.0,3324035655.0
2023-07-28,300442,28.43,28.43,27.03,27.63,4285820.0,124009851.0,3276600255.0
2023-07-31,300442,27.69,27.75,26.92,27.11,3921900.0,111837594.0,3214934235.0
2023-08-01,300442,27.33,27.33,26.49,26.76,3212267.0,90203653.0,3173428260.0
2023-08-02,300442,26.85,26.85,26.33,26.43,2253400.0,62526521.0,3134294055.0
2023-08-03,300442,26.39,26.57,25.81,26.18,3312456.0,90485539.0,3104646930.0
2023-08-04,300442,26.18,27.45,26.04,27.3,4612600.0,130067745.0,3237466050.0
2023-08-07,300442,26.86,27.29,26.18,26.34,4185320.0,116801846.0,3123621090.0
2023-08-08,300442,26.17,26.67,26.16,26.44,1856016.0,51274782.0,4720900338.0
2023-08-09,300442,26.35,26.48,25.73,26.23,2418495.0,66221970.0,4683404533.5
2023-08-10,300442,26.15,27.08,26.15,26.71,2056515.0,57695713.0,4769109229.5
2023-08-11,300442,26.63,26.93,26.46,26.62,1578920.0,44065914.0,4753039599.0
2023-08-14,300442,26.21,27.0,26.1,26.89,2101120.0,58738982.0,4801248490.5
2023-08-15,300442,26.62,26.74,25.49,25.65,3860280.0,104928828.0,4579844692.5
2023-08-16,300442,25.24,25.24,21.02,22.42,34949049.0,819193412.0,9388506739.92
2023-08-17,300442,21.98,22.11,20.86,21.89,20629953.0,463092323.0,9166566125.64
2023-08-18,300442,21.91,22.8,21.6,21.62,13662975.0,314796905.0,9053502039.12
2023-08-21,300442,21.78,22.53,21.47,22.01,11412129.0,264277464.0,9216816830.76
2023-08-22,300442,21.91,22.99,21.91,22.54,12749458.0,299060037.0,9438757445.039999
2023-08-23,300442,22.55,22.8,21.77,21.97,11193076.0,261954877.0,9200066595.72
2023-08-24,300442,22.13,22.43,21.74,22.02,7748803.0,179187850.0,9221004389.52
2023-08-25,300442,21.97,22.61,21.65,22.23,9276711.0,216367324.0,9308943123.48
2023-08-28,300442,23.86,23.96,22.34,22.42,9508056.0,226605980.0,9388506739.92
2023-08-29,300442,22.25,23.93,22.2,23.54,12107134.0,293905673.0,9857513321.039999
2023-08-30,300442,23.39,25.56,23.2,24.72,14455079.0,374648272.0,10351645254.72
2023-08-31,300442,24.9,24.99,24.21,24.54,8984792.0,231211620.0,10276269197.039999
2023-09-01,300442,24.34,24.63,24.19,24.34,5114692.0,130434182.0,10192518021.84
2023-09-04,300442,24.62,25.38,24.39,25.22,12263678.0,321227655.0,10561023192.72
2023-09-05,300442,25.07,25.49,24.92,25.2,5856716.0,154540674.0,10552648075.199999
2023-09-06,300442,25.02,25.22,24.57,25.06,5131074.0,134515707.0,10494022252.56
2023-09-07,300442,25.12,25.21,24.73,24.74,4210320.0,109842488.0,10360020372.24
2023-09-08,300442,24.64,25.16,24.54,25.06,6118560.0,160147397.0,10494022252.56
2023-09-11,300442,25.06,25.15,24.31,24.54,6924521.0,178456283.0,10276269197.039999
2023-09-12,300442,24.55,24.78,24.12,24.51,6784139.0,173333858.0,10263706520.76
2023-09-13,300442,24.52,24.52,23.59,23.7,6934860.0,173681260.0,9924514261.199999
2023-09-14,300442,23.7,24.14,23.47,23.49,5510769.0,137158376.0,9836575527.24
2023-09-15,300442,23.56,23.67,23.18,23.28,5159820.0,126148169.0,9748636793.28
2023-09-18,300442,23.25,23.66,23.16,23.38,4039311.0,99152237.0,9790512380.88
2023-09-19,300442,23.38,23.44,22.35,22.81,11286262.0,268853476.0,9551821531.56
2023-09-20,300442,23.0,23.53,22.84,23.18,7289080.0,177392524.0,9706761205.68
2023-09-21,300442,23.35,23.53,22.91,23.07,5925217.0,143880218.0,9660698059.32
2023-09-22,300442,22.97,23.83,22.97,23.72,7506415.0,184865113.0,9932889378.72
2023-09-25,300442,23.87,24.05,23.28,23.4,6077160.0,150202836.0,9798887498.4
2023-09-26,300442,23.33,23.7,23.16,23.2,4060833.0,99385033.0,9715136323.199999
2023-09-27,300442,23.26,23.74,23.2,23.42,4301930.0,105824259.0,9807262615.92
2023-09-28,300442,23.42,23.75,22.91,23.25,6855616.0,167008847.0,9736074117.0
2023-10-09,300442,23.28,23.29,23.03,23.17,4723042.0,114611969.0,9702573646.92
2023-10-10,300442,23.51,23.59,23.08,23.21,4286822.0,104644936.0,9719323881.960001
2023-10-11,300442,23.26,24.22,23.21,23.8,6343056.0,156021132.0,9966389848.800001
2023-10-12,300442,23.85,24.24,23.58,23.77,5093460.0,125366935.0,9953827172.52
2023-10-13,300442,23.63,23.71,23.29,23.42,4145840.0,100143515.0,9807262615.92
2023-10-16,300442,23.38,23.51,22.84,22.96,3944990.0,94034857.0,9614634912.960001
2023-10-17,300442,23.16,23.23,22.65,23.14,3564840.0,84440062.0,9690010970.64
2023-10-18,300442,23.08,23.08,22.14,22.49,4213908.0,97552153.0,9417819651.24
2023-10-19,300442,22.39,22.76,21.96,22.1,4117608.0,94918998.0,9254504859.6
2023-10-20,300442,22.09,22.09,21.05,21.22,7705266.0,170683208.0,8885999688.72
2023-10-23,300442,21.05,21.15,19.93,20.18,10988187.0,231109928.0,8450493577.68
2023-10-24,300442,20.27,20.75,19.79,20.5,6683142.0,139965837.0,8584495458.0
2023-10-25,300442,20.56,21.78,20.48,21.58,9216235.0,203120283.0,9036751804.08
2023-10-26,300442,21.49,22.64,21.35,22.51,11714920.0,266623399.0,9426194768.76
2023-10-27,300442,22.61,23.08,21.89,22.6,11153473.0,258505573.0,9463882797.6
2023-10-30,300442,22.48,23.11,22.12,22.85,10367565.0,242833205.0,9568571766.6
2023-10-31,300442,22.98,23.0,22.39,22.66,7578920.0,176975533.0,9489008150.16
2023-11-01,300442,22.72,22.91,22.22,22.26,6060393.0,140367523.0,9321505799.76
2023-11-02,300442,22.25,22.34,21.58,21.6,7047572.0,158711966.0,9045126921.6
2023-11-03,300442,21.67,22.28,21.67,22.05,5381660.0,122300984.0,9233567065.800001
2023-11-06,300442,22.1,22.98,22.02,22.82,6923364.0,161903647.0,9556009090.32
2023-11-07,300442,23.09,23.85,22.76,23.7,11443380.0,275502941.0,9924514261.199999
2023-11-08,300442,24.3,24.5,23.67,23.97,11462846.0,283208975.0,10037578347.72
2023-11-09,300442,24.14,25.26,23.94,24.42,14556086.0,368252646.0,10226018491.92
2023-11-10,300442,24.36,24.36,23.38,23.44,11110489.0,271244020.0,9815637733.44
2023-11-13,300442,23.67,24.41,23.63,24.31,14045873.0,349260554.0,10179955345.56
2023-11-14,300442,24.62,25.64,24.28,25.34,18746801.0,483221530.0,10611273897.84
2023-11-15,300442,25.34,25.58,24.86,25.15,12974135.0,335955618.0,10531710281.4
2023-11-16,300442,25.01,26.76,24.86,25.71,22741638.0,609387795.0,10766213571.960001
2023-11-17,300442,25.76,26.38,25.61,26.26,16059418.0,430691070.0,10996529303.76
2023-11-20,300442,26.44,26.95,25.98,26.78,15120863.0,412617911.0,11214282359.28
2023-11-21,300442,26.68,26.68,25.75,25.86,12160897.0,327748282.0,10829026953.36
2023-11-22,300442,25.71,26.34,25.7,25.94,10336748.0,277540584.0,10862527423.44
2023-11-23,300442,25.87,26.05,25.03,26.0,9926441.0,261723024.0,10887652776.0
2023-11-24,300442,26.02,26.2,25.58,25.69,5520342.0,146963139.0,10757838454.44
2023-11-27,300442,25.42,26.09,25.35,25.56,5929810.0,157146222.0,10703400190.56
2023-11-28,300442,25.58,26.47,25.58,26.29,10032838.0,270143047.0,11009091980.039999
2023-11-29,300442,26.01,26.19,25.42,25.64,12812521.0,339959156.0,10736900660.64
2023-11-30,300442,25.67,26.2,25.03,26.2,14789769.0,391311767.0,10971403951.199999
2023-12-01,300442,25.79,26.14,25.66,25.91,7224760.0,193068014.0,10849964747.16
2023-12-04,300442,25.93,26.68,25.88,26.1,10615413.0,286901763.0,10929528363.6
2023-12-05,300442,25.87,26.08,25.16,25.16,10054497.0,263965452.0,10535897840.16
2023-12-06,300442,25.01,25.56,24.85,25.25,5378706.0,139768046.0,10573585869.0
2023-12-07,300442,25.05,25.75,25.05,25.61,5319939.0,140047040.0,10724337984.36
2023-12-08,300442,25.71,26.9,25.49,26.65,18153388.0,495622744.0,11159844095.4
2023-12-11,300442,26.44,27.29,26.29,27.16,13026816.0,362438403.0,11373409592.16
2023-12-12,300442,27.1,27.22,26.58,26.88,7564428.0,209031872.0,11256157946.88
2023-12-13,300442,26.89,27.04,26.01,26.12,7026709.0,191442715.0,10937903481.12
2023-12-14,300442,26.02,26.54,25.71,25.85,5930428.0,159130488.0,10824839394.6
2023-12-15,300442,25.86,26.07,25.36,25.91,4917813.0,130188499.0,10849964747.16
2023-12-18,300442,25.78,25.86,24.94,25.11,6123134.0,159449058.0,10514960046.36
2023-12-19,300442,25.11,25.34,24.75,25.03,6064185.0,156116703.0,10481459576.28
2023-12-20,300442,25.03,25.13,24.36,24.7,4907703.0,125207801.0,10343270137.199999
2023-12-21,300442,24.56,24.96,24.25,24.68,6396856.0,161925215.0,10334895019.68
2023-12-22,300442,24.74,24.91,23.58,23.82,8085420.0,201646001.0,9974764966.32
2023-12-25,300442,23.78,24.24,23.78,23.98,3455300.0,85597390.0,10041765906.48
2023-12-26,300442,24.16,24.16,23.25,23.4,4773211.0,115627435.0,9798887498.4
2023-12-27,300442,23.57,24.21,23.4,24.05,5771880.0,142417487.0,10071078817.800001
2023-12-28,300442,24.01,24.24,23.59,24.12,5733931.0,141994000.0,10100391729.12
2023-12-29,300442,24.03,24.71,23.96,24.62,4715034.0,119044401.0,10309769667.12
2024-01-02,300442,24.58,24.66,23.67,23.81,7840588.0,193603288.0,8542859568.059999
2024-01-03,300442,23.59,24.05,23.45,23.74,3863552.0,94187814.0,8517744063.24
2024-01-04,300442,23.64,23.73,23.06,23.46,3756364.0,90508091.0,8417282043.96
2024-01-05,300442,23.47,23.6,22.74,23.0,5933591.0,141462251.0,8252237298.0
2024-01-08,300442,22.86,22.86,22.15,22.39,5330583.0,122940954.0,8033373613.14
2024-01-09,300442,22.39,22.61,22.02,22.22,3573507.0,82125880.0,7972378815.719999
2024-01-10,300442,22.25,22.25,21.71,21.74,4163276.0,93930570.0,7800158211.24
2024-01-11,300442,21.78,22.47,21.59,22.44,4356624.0,99582133.0,8051313259.440001
2024-01-12,300442,22.32,22.52,21.99,22.02,4155418.0,95000521.0,7900620230.5199995
2024-01-15,300442,21.87,22.22,21.41,21.63,4616127.0,103112316.0,7760690989.38
2024-01-16,300442,21.7,21.7,21.28,21.56,3728748.0,82505851.0,7735575484.559999
2024-01-17,300442,21.52,21.69,21.03,21.03,3276254.0,72353008.0,7545415233.780001
2024-01-18,300442,20.79,21.25,20.39,21.14,4493474.0,96407351.0,7584882455.64
2024-01-19,300442,21.17,22.02,21.04,21.34,7082363.0,156901720.0,7656641040.84
2024-01-22,300442,21.35,21.64,19.8,19.89,7613050.0,160546350.0,7136391298.14
2024-01-23,300442,19.78,20.45,19.72,20.15,5053568.0,104715447.0,7229677458.9
2024-01-24,300442,20.28,20.47,19.55,20.21,5899303.0,121348985.0,7251205034.46
2024-01-25,300442,20.32,20.97,19.7,20.86,6509142.0,137985449.0,7484420436.36
2024-01-26,300442,20.77,21.01,20.16,20.38,4619241.0,98121623.0,7312199831.88
2024-01-29,300442,20.38,20.64,19.3,19.38,5756872.0,117574904.0,6953406905.88
2024-01-30,300442,19.88,20.79,19.67,19.76,12512289.0,260417119.0,7089748217.76
2024-01-31,300442,20.0,20.25,19.21,19.29,8648823.0,175231705.0,6921115542.54
2024-02-01,300442,15.43,19.91,15.43,18.76,13591039.0,261145977.0,6730955291.76
2024-02-02,300442,18.9,19.56,17.9,18.5,10228070.0,197252241.0,6637669131.0
2024-02-05,300442,18.39,18.49,17.12,17.49,11449542.0,210376781.0,6275288275.74
2024-02-06,300442,17.66,19.14,17.14,18.8,10565902.0,197714167.0,6745307008.8
2024-02-07,300442,19.12,19.6,18.54,18.78,13060010.0,257475428.0,6738131150.280001
2024-02-08,300442,18.87,19.95,18.84,19.9,12181536.0,245565085.0,7139979227.4
2024-02-19,300442,20.93,21.19,20.38,21.08,15176580.0,325412369.0,7563354880.079999
2024-02-20,300442,20.71,21.79,20.63,21.74,11078208.0,244891120.0,7800158211.24
2024-02-21,300442,21.22,22.35,21.21,21.72,11150979.0,250338698.0,7792982352.719999
2024-02-22,300442,22.91,23.87,22.7,23.84,17921623.0,429780211.0,8553623355.84
2024-02-23,300442,24.24,25.38,23.37,24.88,16645772.0,418387331.0,8926767998.88
2024-02-26,300442,24.62,25.26,24.33,24.5,10786838.0,274904649.0,8790426687.0
2024-02-27,300442,24.31,26.0,24.01,25.72,14824390.0,382874674.0,9228154056.72
2024-02-28,300442,25.72,26.46,24.4,24.4,16633743.0,437187476.0,8754547394.4
2024-02-29,300442,24.26,25.51,24.26,25.16,11151052.0,287708535.0,9027230018.16
2024-03-01,300442,25.35,26.17,25.27,25.67,12068215.0,319750089.0,9210214410.42
2024-03-04,300442,26.18,28.27,25.79,26.79,28971605.0,808621913.0,9612062487.539999
2024-03-05,300442,26.42,26.42,24.86,25.05,27032532.0,709892790.0,8987762796.300001
2024-03-06,300442,24.83,25.03,24.26,24.45,19312023.0,488027180.0,8772487040.699999
2024-03-07,300442,24.58,24.97,23.69,24.11,13795629.0,346578540.0,8650497445.86
2024-03-08,300442,24.15,24.6,23.8,24.34,21554325.0,536576365.0,8733019818.84
2024-03-11,300442,23.87,24.7,23.48,24.29,23927134.0,596828934.0,8715080172.539999
2024-03-12,300442,25.22,26.34,23.77,24.25,33051045.0,843460016.0,8700728455.5
2024-03-13,300442,24.23,24.59,23.92,23.99,16937179.0,422086182.0,8607442294.74
2024-03-14,300442,23.73,23.95,23.19,23.35,18257990.0,441396396.0,8377814822.1
2024-03-15,300442,23.2,24.41,23.13,24.35,16334923.0,400842262.0,8736607748.1
2024-03-18,300442,24.52,25.08,24.08,24.26,20214395.0,509301383.0,8704316384.76
2024-03-19,300442,24.16,24.69,23.72,24.24,17441888.0,435227155.0,8697140526.24
2024-03-20,300442,24.35,26.34,24.04,26.26,41845437.0,1094682155.0,9421902236.76
2024-03-21,300442,27.84,30.32,26.88,27.27,116559747.0,3381253781.0,9784283092.02
2024-03-22,300442,28.53,32.73,27.94,32.73,106769526.0,3255868452.0,11743292467.98
2024-03-25,300442,33.86,35.2,30.08,31.73,114469685.0,3885905919.0,11384499541.98
2024-03-26,300442,31.57,33.73,30.51,30.95,86711928.0,2913263551.0,11104641059.699999
2024-03-27,300442,29.79,30.93,27.94,28.1,78525585.0,2344047494.0,10082081220.6
2024-03-28,300442,28.11,30.35,27.94,29.51,65859242.0,1980637748.0,10587979246.26
2024-03-29,300442,28.87,31.1,28.46,30.09,57356944.0,1774280298.0,10796079143.34
2024-04-01,300442,29.63,30.55,29.11,29.95,42777921.0,1314556246.0,10745848133.699999
2024-04-02,300442,29.57,29.59,27.19,27.49,59610722.0,1720657379.0,9863217535.74
2024-04-03,300442,27.26,27.71,25.52,25.74,46999593.0,1271651041.0,9235329915.24
2024-04-08,300442,25.42,26.5,25.36,25.73,27435524.0,736124530.0,9231741985.98
2024-04-09,300442,25.71,25.96,25.03,25.77,21408908.0,563737999.0,9246093703.02
2024-04-10,300442,25.9,26.35,25.14,25.33,26595800.0,705562121.0,9088224815.58
2024-04-11,300442,25.18,26.5,25.18,25.97,30616912.0,823970774.0,9317852288.22
2024-04-12,300442,25.96,27.85,25.95,26.96,39976424.0,1118802046.0,9673057284.960001
2024-04-15,300442,26.83,27.93,26.49,27.24,34995267.0,982156259.0,9773519304.24
2024-04-16,300442,26.79,28.31,25.71,27.8,39208697.0,1106539862.0,9974443342.800001
2024-04-17,300442,27.56,29.93,27.46,29.81,41507394.0,1241471991.0,10695617124.06
2024-04-18,300442,28.62,29.86,28.33,28.33,42642191.0,1276587918.0,10164603593.58
2024-04-19,300442,28.01,28.81,27.08,27.56,33587752.0,961867164.0,9888333040.56
2024-04-22,300442,26.2,27.44,24.15,27.2,33969840.0,912687972.0,9759167587.199999
2024-04-23,300442,27.31,27.77,26.86,27.19,16702944.0,469107371.0,9755579657.94
2024-04-24,300442,27.44,29.43,27.3,29.14,33655498.0,990714580.0,10455225863.64
2024-04-25,300442,28.72,29.3,28.71,28.89,20934823.0,626356298.0,10365527632.14
2024-04-26,300442,29.47,30.61,29.28,29.97,39103864.0,1209513348.0,10753023992.22
2024-04-29,300442,30.71,31.53,30.14,30.39,38949686.0,1237802547.0,10903717021.14
2024-04-30,300442,30.42,31.25,30.08,30.48,26724908.0,841889428.0,10936008384.48
2024-05-06,300442,31.11,31.34,29.37,29.66,29980151.0,923615115.0,10641798185.16
2024-05-07,300442,29.67,30.21,29.11,29.35,23516649.0,717150163.0,10530572378.1
2024-05-08,300442,29.11,29.68,28.77,28.8,15401391.0,461651498.0,10333236268.800001
2024-05-09,300442,28.86,29.23,28.52,28.65,18342635.0,544757435.0,10279417329.9
2024-05-10,300442,28.72,28.87,27.77,27.89,20262551.0,586530211.0,10006734706.14
2024-05-13,300442,27.73,28.24,27.44,27.87,13444904.0,386139246.0,9999558847.62
2024-05-14,300442,28.16,29.24,27.64,29.03,26820124.0,789333082.0,10415758641.78
2024-05-15,300442,28.91,29.08,28.15,28.15,16407407.0,484573076.0,10100020866.9
2024-05-16,300442,28.48,28.7,26.2,26.29,36865344.0,1040145972.0,9432666024.539999
2024-05-17,300442,26.41,26.76,25.92,26.42,23476941.0,636034118.0,9479309104.92
2024-05-20,300442,26.49,27.24,26.16,27.1,16222577.0,449833811.0,9723288294.6
2024-05-21,300442,27.1,27.27,26.48,26.69,10590432.0,291609102.0,9576183194.94
2024-05-22,300442,26.69,27.03,26.35,26.56,9452947.0,259160458.0,9529540114.56
2024-05-23,300442,26.88,27.22,25.86,25.93,13161429.0,356224769.0,9303500571.18
2024-05-24,300442,26.05,26.2,25.38,25.41,12707058.0,336627599.0,9116928249.66
2024-05-27,300442,25.55,25.71,25.03,25.68,13245716.0,345855902.0,9213802339.68
2024-05-28,300442,25.66,25.66,24.06,24.23,24403274.0,619068678.0,8693552596.98
2024-05-29,300442,24.35,24.63,24.06,24.4,12780072.0,320483893.0,8754547394.4
2024-05-30,300442,24.35,24.91,23.9,24.58,10265111.0,259329493.0,8819130121.08
2024-05-31,300442,24.72,25.38,24.6,24.91,14664043.0,378850012.0,8937531786.66
2024-06-03,300442,25.4,26.19,25.2,25.9,21744919.0,577982877.0,9292736783.4
2024-06-04,300442,25.9,26.43,25.8,26.2,16350043.0,440367569.0,9400374661.199999
2024-06-05,300442,26.06,26.88,26.06,26.4,15499122.0,424569392.0,9472133246.4
2024-06-06,300442,26.49,26.73,25.71,25.94,17671226.0,474965300.0,9307088500.44
2024-06-07,300442,25.97,26.13,25.38,25.81,11490209.0,304264117.0,9260445420.06
2024-06-11,300442,25.47,26.33,25.03,26.29,13404163.0,358955549.0,9432666024.539999
2024-06-12,300442,26.33,27.64,26.15,27.47,21397540.0,598850064.0,9856041677.22
2024-06-13,300442,27.41,28.4,27.25,28.03,24976281.0,721840945.0,10056965715.78
2024-06-14,300442,28.11,28.88,27.26,27.52,52182998.0,1502367655.0,9873981323.52
2024-06-17,300442,27.26,27.27,26.26,26.46,21970120.0,603263375.0,9493660821.960001
2024-06-18,300442,26.49,26.95,26.25,26.54,14012722.0,383971647.0,9522364256.039999
2024-06-19,300442,26.6,26.64,25.81,25.87,11988880.0,322483459.0,9281972995.62
2024-06-20,300442,25.71,25.86,25.06,25.06,11314560.0,295740332.0,8991350725.56
2024-06-21,300442,24.96,25.5,24.77,25.41,9071580.0,235946338.0,9116928249.66
2024-06-24,300442,25.22,25.32,23.67,23.77,16153300.0,404833890.0,8528507851.0199995
2024-06-25,300442,23.71,23.93,22.98,23.23,11506300.0,277754252.0,8334759670.9800005
2024-06-26,300442,23.33,24.37,23.0,24.24,13836273.0,337740051.0,8697140526.24
2024-06-27,300442,23.97,24.13,23.3,23.36,10293997.0,251779681.0,8381402751.36
2024-06-28,300442,23.29,23.84,23.15,23.24,11228327.0,271684485.0,8338347600.24
2024-07-01,300442,23.31,23.44,22.39,23.36,13086277.0,308297970.0,8381402751.36
2024-07-02,300442,23.28,23.38,22.85,22.97,7786856.0,185281198.0,8241473510.219999
2024-07-03,300442,22.97,23.01,22.47,22.56,6633378.0,154905486.0,8094368410.559999
2024-07-04,300442,22.7,22.75,21.98,22.06,7983031.0,183151249.0,7914971947.559999
2024-07-05,300442,22.09,22.56,21.8,22.37,8062923.0,184591655.0,8026197754.62
2024-07-08,300442,22.23,22.36,21.42,21.5,11191793.0,250739993.0,7714047909.0
2024-07-09,300442,21.5,22.36,21.29,22.21,13197505.0,297294960.0,7968790886.46
2024-07-10,300442,22.25,22.73,22.13,22.45,12043200.0,277667602.0,8054901188.7
2024-07-11,300442,23.03,23.21,22.55,22.76,12686060.0,296000337.0,8166126995.76
2024-07-12,300442,22.57,22.59,21.99,22.24,9839019.0,223774997.0,7979554674.24
2024-07-15,300442,22.19,22.68,21.95,22.44,9979066.0,228354589.0,8051313259.440001
2024-07-16,300442,22.29,22.76,22.06,22.56,10708845.0,246300842.0,8094368410.559999
2024-07-17,300442,22.56,22.86,22.31,22.32,9027053.0,208500796.0,8008258108.32
2024-07-18,300442,22.07,22.13,21.37,22.05,11719822.0,261564929.0,7911384018.3
2024-07-19,300442,21.82,22.57,21.8,22.47,9472086.0,216698092.0,8062077047.219999
2024-07-22,300442,22.49,22.54,21.84,21.98,9213440.0,208380191.0,7886268513.4800005
2024-07-23,300442,21.99,22.1,20.95,20.95,11916220.0,261278842.0,7516711799.7
2024-07-24,300442,20.95,21.45,20.8,20.86,10598376.0,229356345.0,7484420436.36
2024-07-25,300442,20.66,21.15,20.47,20.79,6596080.0,140725006.0,7459304931.54
2024-07-26,300442,20.84,21.73,20.73,21.51,11297330.0,246185284.0,7717635838.26
2024-07-29,300442,21.45,21.51,20.95,21.22,7237362.0,157065087.0,7613585889.719999
2024-07-30,300442,21.22,21.34,20.83,21.07,5565927.0,120171216.0,7559766950.82
2024-07-31,300442,21.1,22.01,21.06,21.98,12036105.0,267714815.0,7886268513.4800005
2024-08-01,300442,21.91,22.12,21.43,21.56,10184320.0,226675107.0,7735575484.559999
2024-08-02,300442,21.38,21.48,20.98,21.0,8180160.0,177815558.0,7534651446.0
2024-08-05,300442,20.86,21.16,20.17,20.17,10374580.0,219011740.0,7236853317.420001
2024-08-06,300442,20.68,20.82,20.33,20.74,8701080.0,183419531.0,8674954560.24
2024-08-07,300442,20.69,20.79,20.3,20.37,8790994.0,185054400.0,8520194040.120001
2024-08-08,300442,20.44,21.35,20.28,20.92,14882380.0,319252761.0,12839256620.320002
2024-08-09,300442,20.92,21.25,20.51,20.55,8350241.0,177885624.0,12612176077.800001
2024-08-12,300442,20.46,20.79,20.26,20.54,5786580.0,121635435.0,12606038765.84
2024-08-13,300442,20.37,20.71,20.25,20.55,5322300.0,111431281.0,12612176077.800001
2024-08-14,300442,20.59,20.69,20.34,20.46,5413533.0,113765227.0,12556940270.16
2024-08-15,300442,20.37,21.05,20.26,20.64,8673580.0,183964929.0,12667411885.44
2024-08-16,300442,20.69,20.95,20.59,20.78,7110120.0,151491708.0,12753334252.880001
2024-08-19,300442,20.78,22.44,20.68,22.2,24747771.0,552114033.0,13624832551.199999
2024-08-20,300442,22.21,22.24,21.57,21.69,15511818.0,346742101.0,13311829641.240002
2024-08-21,300442,21.47,22.22,21.34,21.72,13818440.0,308418368.0,13330241577.119999
2024-08-22,300442,21.7,23.03,21.7,22.31,22368276.0,517166158.0,13692342982.759998
2024-08-23,300442,22.67,22.73,22.03,22.31,20721169.0,474461687.0,13692342982.759998
2024-08-26,300442,22.11,22.37,21.74,22.01,13321906.0,300026122.0,13508223623.960001
2024-08-27,300442,22.05,22.56,21.78,21.92,11913349.0,270549044.0,13452987816.320002
2024-08-28,300442,21.79,22.44,21.74,22.29,12241200.0,278172163.0,13680068358.84
2024-08-29,300442,22.06,22.53,21.86,22.27,11578969.0,263573420.0,13667793734.92
2024-08-30,300442,22.2,23.56,22.16,23.3,19312807.0,456312949.0,14299936866.800001
2024-09-02,300442,23.12,23.4,22.31,22.34,13394040.0,312937281.0,13710754918.64
2024-09-03,300442,22.34,22.77,22.3,22.64,9430948.0,218224364.0,13894874277.44
2024-09-04,300442,22.42,22.73,22.29,22.37,8441524.0,194375650.0,13729166854.52
2024-09-05,300442,22.35,22.67,22.09,22.11,9630395.0,220527098.0,13569596743.56
2024-09-06,300442,22.07,22.26,21.51,21.57,7798460.0,174817523.0,13238181897.72
2024-09-09,300442,21.4,21.85,21.27,21.5,7575481.0,167429704.0,13195220714.0
2024-09-10,300442,21.51,22.53,21.28,22.26,11536080.0,259607456.0,13661656422.960001
2024-09-11,300442,22.16,22.51,22.09,22.36,6952741.0,158819124.0,13723029542.56
2024-09-12,300442,22.43,23.05,22.42,22.55,11494138.0,268041114.0,13839638469.800001
2024-09-13,300442,22.66,23.0,22.47,22.62,10803866.0,252135256.0,13882599653.52
2024-09-18,300442,22.62,23.06,22.35,22.69,7385937.0,171612755.0,13925560837.240002
2024-09-19,300442,22.78,22.95,22.23,22.65,9503166.0,220518133.0,13901011589.4
2024-09-20,300442,22.76,22.98,22.5,22.72,7700396.0,179003720.0,13943972773.119999
2024-09-23,300442,22.64,22.77,22.17,22.24,8070301.0,186181085.0,13649381799.039999
2024-09-24,300442,22.26,23.76,22.26,23.66,18647009.0,441665029.0,14520880097.36
2024-09-25,300442,24.34,25.79,24.34,24.54,26413027.0,679687005.0,15060963549.84
2024-09-26,300442,24.48,25.56,24.39,25.53,17621227.0,451351100.0,15668557433.880001
2024-09-27,300442,25.86,27.4,25.26,26.8,27850168.0,750295524.0,16447996052.800001
2024-09-30,300442,27.93,31.44,27.93,31.27,36482609.0,1111693871.0,19191374498.92
2024-10-08,300442,37.52,37.52,35.2,37.52,59584283.0,2246200732.0,23027194473.920002
2024-10-09,300442,36.1,36.85,33.11,33.29,47134519.0,1698906402.0,20431111514.84
2024-10-10,300442,34.61,35.73,33.28,33.4,36621879.0,1273474925.0,20498621946.399998
2024-10-11,300442,30.6,32.16,29.12,29.58,38901363.0,1184816131.0,18154168777.68
2024-10-14,300442,29.62,30.7,28.59,30.4,31977232.0,960475892.0,18657428358.399998
2024-10-15,300442,30.1,32.15,29.72,30.56,31987063.0,1007169780.0,18755625349.76
2024-10-16,300442,29.47,30.39,29.44,29.66,18774839.0,567166713.0,18203267273.36
2024-10-17,300442,29.83,31.1,29.72,29.86,21828336.0,673274799.0,18326013512.56
2024-10-18,300442,30.16,33.86,29.87,32.58,36860345.0,1186442762.0,19995362365.68
2024-10-21,300442,33.08,35.22,32.76,33.67,39056530.0,1346970958.0,20664329369.32
2024-10-22,300442,33.48,35.1,32.56,34.08,28426459.0,967448498.0,20915959159.68
2024-10-23,300442,34.06,34.23,32.9,33.17,22105093.0,751054317.0,20357463771.32
2024-10-24,300442,32.81,32.86,31.69,32.26,21371839.0,698836694.0,19798968382.96
2024-10-25,300442,32.63,32.87,31.79,32.4,18576955.0,607304023.0,19884890750.399998
2024-10-28,300442,33.34,33.65,32.1,33.42,23449616.0,781999847.0,20510896570.32
2024-10-29,300442,33.17,33.89,32.38,32.52,22282652.0,743237061.0,19958538493.920002
2024-10-30,300442,32.78,33.72,31.92,32.2,22758011.0,754890773.0,19762144511.2
2024-10-31,300442,32.18,32.51,31.4,31.68,29135747.0,937395587.0,19443004289.28
2024-11-01,300442,31.21,31.4,30.16,30.49,23316822.0,725457077.0,18712664166.04
2024-11-04,300442,30.6,31.29,30.51,31.0,13112180.0,409912361.0,19025667076.0
2024-11-05,300442,30.95,32.91,30.72,32.59,26634513.0,868473770.0,20001499677.640003
2024-11-06,300442,32.74,32.95,32.08,32.32,21863409.0,720329821.0,19835792254.72
2024-11-07,300442,32.04,33.43,31.89,33.22,24291380.0,811467827.0,20388150331.12
2024-11-08,300442,33.49,35.02,33.27,33.55,29600706.0,1019249610.0,20590681625.8
2024-11-11,300442,33.55,34.6,33.5,34.35,29839535.0,1033859819.0,21081666582.600002
2024-11-12,300442,34.55,35.42,33.83,34.14,30778314.0,1074646390.0,20952783031.44
2024-11-13,300442,33.8,36.03,33.42,35.98,43253349.0,1540405898.0,22082048432.079998
2024-11-14,300442,35.86,35.86,33.47,34.18,34449636.0,1202798586.0,20977332279.28
2024-11-15,300442,34.26,36.19,34.26,34.55,39477014.0,1415852795.0,21204412821.8
2024-11-18,300442,34.94,35.39,30.7,30.96,40005602.0,1295384499.0,19001117828.16
2024-11-19,300442,31.03,31.79,30.46,31.68,19196468.0,604076993.0,19458293849.28
2024-11-20,300442,31.59,32.71,31.21,32.28,19656218.0,638382287.0,19826822141.88
2024-11-21,300442,32.08,32.66,31.72,32.15,13980500.0,456484676.0,19746974345.149998
2024-11-22,300442,32.01,33.63,31.51,31.56,25165372.0,835855590.0,19384588190.76
2024-11-25,300442,31.53,32.13,30.02,30.84,20333664.0,630829997.0,18942354239.64
2024-11-26,300442,30.7,31.84,30.38,31.12,14291609.0,453129528.0,19114334109.52
2024-11-27,300442,30.99,31.65,30.31,31.64,13737181.0,430053541.0,19433725296.44
2024-11-28,300442,31.64,31.94,31.06,31.2,11428213.0,364047530.0,19163471215.2
2024-11-29,300442,31.2,33.2,31.0,32.76,24431742.0,800928121.0,20121644775.96
2024-12-02,300442,33.02,35.22,32.84,34.16,30946640.0,1073538826.0,20981544125.359997
2024-12-03,300442,34.06,34.16,32.83,33.26,16688982.0,563438475.0,20428751686.46
2024-12-04,300442,32.98,33.63,32.35,32.66,14040151.0,469038109.0,20060223393.859997
2024-12-05,300442,32.99,34.18,32.68,33.54,17617441.0,600919196.0,20600731556.34
2024-12-06,300442,33.38,34.08,32.98,33.56,14685390.0,498683755.0,20613015832.760002
2024-12-09,300442,33.92,35.99,33.92,34.55,30273402.0,1075622771.0,21221087515.55
2024-12-10,300442,36.03,36.52,34.55,34.76,29888664.0,1066095394.0,21350072417.96
2024-12-11,300442,35.77,41.35,35.77,39.49,76179266.0,2944832923.0,24255303791.29
2024-12-12,300442,40.67,44.42,38.9,43.01,91100743.0,3784240477.0,26417336441.21
2024-12-13,300442,41.88,50.79,41.72,47.5,100144664.0,4725174996.0,29175156497.5
2024-12-16,300442,48.24,48.98,44.31,45.0,74950761.0,3477913627.0,27639621945.0
2024-12-17,300442,45.22,47.88,43.88,44.23,60361953.0,2784808825.0,27166677302.829998
2024-12-18,300442,43.35,48.19,42.04,46.59,67416513.0,3081228179.0,28616221920.390003
2024-12-19,300442,45.66,55.91,45.56,55.91,72029787.0,3701792105.0,34340694732.109997
2024-12-20,300442,55.19,61.09,53.88,56.47,106410423.0,6160799888.0,34684654471.87
2024-12-23,300442,56.98,60.0,53.85,58.82,96371099.0,5571964902.0,36128056951.22
2024-12-24,300442,57.39,58.35,53.9,55.66,76920102.0,4333494635.0,34187141276.859997
2024-12-25,300442,54.6,58.05,52.76,54.54,73147100.0,4134733622.0,33499221797.34
2024-12-26,300442,54.3,57.82,54.15,56.1,71744397.0,4056651169.0,34457395358.1
2024-12-27,300442,54.59,55.99,53.01,53.8,61841068.0,3412826356.0,33044703569.8
2024-12-30,300442,55.17,55.56,53.04,53.24,44176733.0,2425144275.0,32700743830.04
2024-12-31,300442,52.22,53.99,51.15,51.3,50011014.0,2660358957.0,28433150479.8
2025-01-02,300442,51.39,51.93,48.71,49.66,49670222.0,2521502763.0,27524176468.359997
2025-01-03,300442,49.76,50.0,47.28,47.64,41498576.0,2027276348.0,26404586527.44
2025-01-06,300442,48.18,49.48,46.2,46.55,37017962.0,1777819624.0,25800451361.3
2025-01-07,300442,46.53,48.46,46.3,48.04,44411318.0,2134631840.0,26626287505.84
2025-01-08,300442,47.26,48.92,46.06,48.46,50853164.0,2447979510.0,26859073533.16
2025-01-09,300442,47.84,50.92,47.75,49.72,62838553.0,3174002190.0,27557431615.12
2025-01-10,300442,48.64,50.88,48.01,48.14,50228453.0,2509294600.0,26681712750.44
2025-01-13,300442,47.2,49.94,46.42,49.36,38975081.0,1918858659.0,27357900734.56
2025-01-14,300442,50.49,53.9,49.27,53.9,61570238.0,3227993736.0,29874206839.399998
2025-01-15,300442,52.52,53.5,51.08,51.7,46121971.0,2441947184.0,28654851458.2
2025-01-16,300442,52.94,56.17,52.48,52.51,57996258.0,3165586828.0,29103795939.46
2025-01-17,300442,51.53,52.95,50.49,52.06,39397690.0,2061420297.0,28854382338.760002
2025-01-20,300442,52.84,54.59,52.13,53.46,38506484.0,2084272155.0,29630335763.16
2025-01-21,300442,55.27,56.58,53.91,54.54,51519249.0,2876077039.0,30228928404.84
2025-01-22,300442,54.54,58.82,54.4,56.97,63465595.0,3659734590.0,31575761848.62
2025-01-23,300442,57.26,58.69,53.97,54.42,50454583.0,2869849665.0,30162418111.32
2025-01-24,300442,54.51,60.22,54.51,59.45,65442318.0,3836812994.0,32950307914.7
2025-01-27,300442,62.13,62.52,56.86,58.86,66449586.0,3978107082.0,32623298971.56
2025-02-05,300442,61.2,65.74,60.38,61.21,66524690.0,4227241605.0,33925792219.66
2025-02-06,300442,59.34,61.81,58.35,61.29,59015098.0,3598681515.0,33970132415.34
2025-02-07,300442,62.01,64.96,59.34,61.22,72169480.0,4503969390.0,33931334744.12
2025-02-10,300442,61.2,62.17,58.86,60.51,59560681.0,3626803599.0,33537815507.46
2025-02-11,300442,59.63,60.87,56.07,57.31,55009294.0,3266644625.0,31764207680.260002
2025-02-12,300442,56.57,59.83,56.47,58.24,47055841.0,2785232787.0,32279662455.04
2025-02-13,300442,58.25,58.25,55.77,55.89,38483546.0,2205484301.0,30977169206.94
2025-02-14,300442,55.89,56.77,54.63,56.47,37474604.0,2120388647.0,31298635625.62
2025-02-17,300442,59.14,61.13,57.98,59.39,54725507.0,3294519666.0,32917052767.94
2025-02-18,300442,58.56,59.1,54.4,54.63,47241688.0,2694735337.0,30278811124.98
2025-02-19,300442,54.64,55.78,54.08,55.46,30513716.0,1704667879.0,30738840655.16
2025-02-20,300442,55.28,57.2,55.05,56.42,33097588.0,1883853882.0,31270923003.32
2025-02-21,300442,59.23,67.7,58.78,67.7,91394073.0,5884434915.0,37522890594.200005
2025-02-24,300442,68.93,73.84,68.12,69.92,99847134.0,7159354545.0,38753331024.32
2025-02-25,300442,67.42,69.26,64.34,67.12,62299232.0,4199595056.0,37201424175.520004
2025-02-26,300442,67.14,68.7,64.59,67.65,55718485.0,3740964422.0,37495177971.9
2025-02-27,300442,66.93,67.67,63.1,64.34,45833588.0,3012282678.0,35660602375.64
2025-02-28,300442,63.48,64.55,60.47,61.21,34303109.0,2145427139.0,33925792219.66
2025-03-03,300442,61.8,62.82,58.96,61.27,34635021.0,2153834805.0,33959047366.420002
2025-03-04,300442,59.33,61.44,58.72,60.79,31227901.0,1901328816.0,33693006192.34
2025-03-05,300442,62.29,68.01,60.7,66.47,55418009.0,3569325400.0,36841160085.62
2025-03-06,300442,67.51,70.2,65.26,67.38,65314026.0,4444276760.0,37345529811.479996
2025-03-07,300442,66.13,67.12,64.18,65.15,39440295.0,2616427178.0,36109546856.9
2025-03-10,300442,64.42,65.58,63.82,64.52,20631890.0,1347318972.0,35760367815.92
2025-03-11,300442,63.87,66.74,63.58,66.74,36468909.0,2426825849.0,36990808246.04
2025-03-12,300442,67.3,70.07,65.75,65.75,49848987.0,3427351573.0,36442098324.5
2025-03-13,300442,65.8,66.03,62.79,63.58,30688959.0,1993579451.0,35239370516.68
2025-03-14,300442,63.18,66.14,63.18,65.34,28546669.0,1870405270.0,36214854821.64
2025-03-17,300442,65.06,65.12,63.48,64.12,18690918.0,1214299848.0,35538666837.520004
2025-03-18,300442,64.75,66.82,64.56,64.83,26245000.0,1743097743.0,35932186074.18
2025-03-19,300442,65.16,65.96,62.88,63.16,22833865.0,1483331236.0,35006584489.36
2025-03-20,300442,61.5,62.67,59.67,61.21,27487944.0,1705505326.0,33925792219.66
2025-03-21,300442,61.76,61.81,59.44,59.72,22482588.0,1377064977.0,33099956075.12
2025-03-24,300442,60.02,60.66,57.85,59.22,21060332.0,1257815873.0,32822829852.12
2025-03-25,300442,58.92,59.53,54.67,54.96,36041289.0,2053582841.0,30461714432.16
2025-03-26,300442,55.28,56.86,55.28,55.97,17705087.0,1006489985.0,31021509402.62
2025-03-27,300442,55.97,56.84,54.86,55.0,16140992.0,906680817.0,30483884530.0
2025-03-28,300442,56.77,57.73,55.3,55.38,29824938.0,1709423280.0,30694500459.48
2025-03-31,300442,55.69,56.92,54.36,56.41,26498469.0,1494209582.0,31265380478.859997
2025-04-01,300442,56.7,56.86,55.14,55.36,17073692.0,963942047.0,30683415410.56
2025-04-02,300442,55.18,56.56,54.86,56.4,16029509.0,908374933.0,31259837954.399998
2025-04-03,300442,55.73,56.61,54.59,55.34,13239727.0,743933111.0,30672330361.640003
2025-04-07,300442,50.35,52.31,45.41,49.6,39187889.0,1954929817.0,27490921321.600002
2025-04-08,300442,50.69,50.83,47.9,49.36,29244492.0,1460096215.0,27357900734.56
2025-04-09,300442,48.37,51.48,47.54,50.93,29350350.0,1490156455.0,28228077074.78
2025-04-10,300442,54.3,54.3,51.88,51.88,26100159.0,1395825702.0,28754616898.48
2025-04-11,300442,52.2,55.25,51.89,54.11,25119974.0,1363762270.0,29990599853.06
2025-04-14,300442,54.35,55.17,53.26,53.46,17800127.0,971790786.0,29630335763.16
2025-04-15,300442,53.21,54.55,52.57,54.09,17558780.0,957634539.0,29979514804.140003
2025-04-16,300442,53.37,53.81,51.07,52.24,17827924.0,940991791.0,28954147779.04
2025-04-17,300442,51.34,52.51,50.89,51.34,13209419.0,693210681.0,28455320577.640003
2025-04-18,300442,51.34,52.48,50.97,51.54,10418068.0,545061324.0,28566171066.84
2025-04-21,300442,52.0,54.1,50.94,53.64,18800681.0,1004878049.0,29730101203.44
2025-04-22,300442,53.04,53.58,51.86,52.15,15115040.0,801846507.0,28904265058.899998
2025-04-23,300442,52.54,54.22,52.53,53.61,18432999.0,996520979.0,29713473630.06
2025-04-24,300442,45.65,49.36,44.52,46.01,66416478.0,3127795370.0,25501155040.46
2025-04-25,300442,45.63,46.25,44.72,45.22,35273345.0,1621506244.0,25063295608.12
2025-04-28,300442,45.45,46.7,44.78,45.72,27626168.0,1285475600.0,25340421831.12
2025-04-29,300442,45.99,46.31,45.48,45.71,20039746.0,929303455.0,25334879306.66
2025-04-30,300442,45.81,48.16,45.81,47.95,30147469.0,1442764979.0,26576404785.7
2025-05-06,300442,48.87,50.78,48.37,49.84,28094511.0,1407884911.0,27623941908.640003
2025-05-07,300442,49.84,50.15,46.79,47.64,46987808.0,2289414127.0,26404586527.44
2025-05-08,300442,47.39,47.97,46.99,47.65,21046561.0,1012404126.0,26410129051.899998
2025-05-09,300442,47.48,47.48,45.89,46.13,23113257.0,1085532592.0,25567665333.98
2025-05-12,300442,46.69,46.76,46.09,46.46,15574765.0,731975628.0,25750568641.16
2025-05-13,300442,47.09,47.37,45.71,45.89,20714625.0,977700701.0,25434644746.94
2025-05-14,300442,45.91,46.38,45.41,45.87,16549532.0,768509129.0,25423559698.02
2025-05-15,300442,45.79,45.8,43.69,43.7,26389523.0,1182201465.0,24220831890.2
2025-05-16,300442,43.53,44.57,43.17,44.03,18111670.0,804454248.0,24403735197.38
2025-05-19,300442,43.98,44.18,43.34,43.98,13299497.0,588206732.0,24376022575.079998
2025-05-20,300442,44.13,44.79,43.74,44.65,17746202.0,798620934.0,24747371713.899998
2025-05-21,300442,44.55,44.91,44.21,44.68,12551879.0,566865595.0,24763999287.28
2025-05-22,300442,44.39,44.63,43.81,43.92,12593923.0,564424531.0,24342767428.32
2025-05-23,300442,43.85,44.28,42.89,42.89,15514419.0,684635402.0,23771887408.94
2025-05-26,300442,42.98,45.12,42.98,44.6,24517830.0,1095939351.0,24719659091.600002
2025-05-27,300442,44.24,44.75,43.52,43.64,14379257.0,641242573.0,24187576743.44
2025-05-28,300442,43.73,44.0,42.95,43.23,11811523.0,517968992.0,23960333240.579998
2025-05-29,300442,43.15,43.92,43.15,43.58,13095352.0,577928122.0,24154321596.68
2025-05-30,300442,43.38,43.38,42.26,42.38,15099689.0,651774884.0,23489218661.48
2025-06-03,300442,41.52,42.88,41.52,41.8,16117926.0,688898486.0,23167752242.8
2025-06-04,300442,42.21,43.87,41.98,42.96,20340330.0,891325900.0,23810685080.16
2025-06-05,300442,42.93,44.49,42.68,44.22,23379675.0,1038179606.0,24509043162.12
2025-06-06,300442,44.42,45.45,43.76,44.6,29304862.0,1323367448.0,24719659091.600002
2025-06-09,300442,44.87,46.12,44.34,45.99,31532150.0,1450332145.0,25490069991.54
2025-06-10,300442,46.49,46.54,43.7,44.33,31968374.0,1447835747.0,24570010931.18
2025-06-11,300442,44.26,44.67,43.62,43.87,18036915.0,805339593.0,24315054806.02
2025-06-12,300442,43.57,45.87,43.44,44.41,28936839.0,1312809574.0,24614351126.859997
2025-06-13,300442,43.89,44.02,42.23,42.65,30505974.0,1324255548.0,23638866821.899998
2025-06-16,300442,42.84,44.12,42.55,43.3,22214145.0,979729955.0,23999130911.8
2025-06-17,300442,43.29,43.43,42.15,42.37,17073253.0,734426376.0,23483676137.02
2025-06-18,300442,42.18,44.31,41.99,43.59,28592792.0,1258372915.0,24159864121.140003
2025-06-19,300442,43.92,44.43,42.67,42.84,19028429.0,838934407.0,23744174786.640003
2025-06-20,300442,43.15,43.93,42.36,43.41,26027532.0,1141364580.0,24060098680.859997
2025-06-23,300442,42.65,43.08,42.15,42.87,20072168.0,866478128.0,23760802360.02
2025-06-24,300442,43.04,45.67,43.03,45.41,39797527.0,1802914598.0,25168603572.859997
2025-06-25,300442,46.29,48.35,46.29,47.47,50034359.0,2401575838.0,26310363611.62
2025-06-26,300442,47.24,48.54,46.8,47.34,34594451.0,1672818192.0,26238310793.640003
2025-06-27,300442,47.14,48.21,46.34,47.73,28887268.0,1393181855.0,26454469247.579998
2025-06-30,300442,48.34,49.36,48.15,48.9,31483341.0,1557715985.0,27102944609.399998
2025-07-01,300442,48.54,48.77,46.84,47.02,27219353.0,1306995220.0,26060950010.920002
2025-07-02,300442,46.7,46.73,45.31,45.73,18787353.0,871904929.0,25345964355.579998
2025-07-03,300442,45.91,47.18,45.71,46.71,17901724.0,841930083.0,25889131752.66
2025-07-04,300442,48.03,51.09,47.9,48.41,46953453.0,2354661322.0,26831360910.859997
2025-07-07,300442,48.37,49.26,47.68,47.77,19794088.0,964136779.0,26476639345.420002
2025-07-08,300442,47.68,48.34,46.97,48.07,21075447.0,1021289387.0,26642915079.22
2025-07-09,300442,47.85,48.94,46.6,46.98,28089847.0,1351358588.0,26038779913.079998
2025-07-10,300442,46.6,46.89,45.41,46.08,19999752.0,933204942.0,25539952711.68
2025-07-11,300442,45.99,46.82,45.57,46.43,16884026.0,793637823.0,25733941067.78
2025-07-14,300442,47.31,48.37,47.16,47.76,26646061.0,1289175254.0,26471096820.96
2025-07-15,300442,47.58,52.56,47.49,52.29,66533063.0,3437964752.0,28981860401.34
2025-07-16,300442,53.85,54.18,51.83,52.16,54656537.0,2937164905.0,28909807583.359997
2025-07-17,300442,51.44,52.87,51.35,51.88,28908041.0,1522595694.0,28754616898.48
2025-07-18,300442,51.91,53.42,51.86,52.16,30625391.0,1628127148.0,28909807583.359997
2025-07-21,300442,51.27,51.76,50.21,50.46,27848915.0,1426314645.0,27967578425.16
2025-07-22,300442,50.19,50.95,48.98,49.14,27077046.0,1360508735.0,27235965196.44
2025-07-23,300442,48.93,50.45,48.91,50.45,23944139.0,1205462484.0,27962035900.7
2025-07-24,300442,50.47,50.97,49.78,50.15,21817244.0,1106923195.0,27795760166.899998
2025-07-25,300442,50.23,50.98,49.73,50.98,19627456.0,999974437.0,28255789697.079998
2025-07-28,300442,51.33,51.35,49.39,50.05,16339405.0,825356810.0,27740334922.3
2025-07-29,300442,49.7,51.34,48.7,50.62,27194217.0,1371759131.0,28056258816.52
2025-07-30,300442,50.06,50.07,48.49,48.52,21874502.0,1088236977.0,26892328679.920002
2025-07-31,300442,48.45,50.96,48.38,49.27,31416276.0,1584313705.0,27308018014.420002
2025-08-01,300442,49.48,49.68,47.01,47.68,27652291.0,1338254288.0,26426756625.28
2025-08-04,300442,47.09,48.6,46.52,48.35,22498531.0,1078336692.0,26798105764.100002
2025-08-05,300442,48.2,48.22,46.97,47.18,21710826.0,1037670272.0,26149630402.28
2025-08-06,300442,47.19,47.97,46.53,47.69,20913573.0,1003453565.0,29291883972.96
2025-08-07,300442,47.48,47.9,46.71,47.68,20031523.0,956911314.0,29285741829.12
2025-08-08,300442,47.59,48.79,46.81,47.92,26003656.0,1263676444.0,78031682607.12001
2025-08-11,300442,47.8,49.52,47.69,49.47,26217819.0,1300526997.0,80555662324.17
2025-08-12,300442,49.53,50.65,48.99,50.35,25536274.0,1288354878.0,81988631453.85
2025-08-13,300442,51.34,51.61,50.0,50.68,30394759.0,1559342139.0,82525994877.48
2025-08-14,300442,50.68,51.46,49.78,49.96,28199603.0,1442247100.0,81353565589.56
2025-08-15,300442,49.68,52.44,49.58,51.88,33004941.0,1720081087.0,84480043690.68001
2025-08-18,300442,52.1,58.09,51.76,56.26,49828728.0,2767135893.0,91612321858.86
2025-08-19,300442,56.41,56.71,55.1,55.38,31543249.0,1775397560.0,90179352729.18001
2025-08-20,300442,54.71,56.29,53.77,56.18,29532582.0,1642066477.0,91482051937.98
2025-08-21,300442,56.18,57.8,55.12,55.65,30612817.0,1750550120.0,90619013712.15
2025-08-22,300442,56.27,60.14,55.73,58.72,48759648.0,2874873616.0,95618121925.92
2025-08-25,300442,60.57,63.27,59.0,59.97,47704032.0,2928222079.0,97653589439.67
2025-08-26,300442,58.77,61.18,58.24,59.34,32392623.0,1948622264.0,96627713812.74
2025-08-27,300442,59.52,62.84,59.36,59.66,43476912.0,2682756873.0,97148793496.26
2025-08-28,300442,59.31,60.75,57.74,60.67,40576510.0,2434339437.0,98793451247.37001
2025-08-29,300442,59.38,59.38,55.72,58.36,52434866.0,3042097238.0,95031907281.95999
2025-09-01,300442,60.37,61.29,57.35,57.59,41105625.0,2448558847.0,93778059293.49
2025-09-02,300442,57.17,58.05,51.46,52.95,61919689.0,3366818550.0,86222403882.45001
2025-09-03,300442,52.59,52.95,51.26,51.71,25317147.0,1332380744.0,84203220108.81
2025-09-04,300442,51.77,51.92,48.52,49.44,32994121.0,1671763144.0,80506811103.84
2025-09-05,300442,49.48,53.1,48.5,52.88,37970474.0,1953273990.0,86108417701.68001
2025-09-08,300442,52.97,53.39,51.7,52.59,28916042.0,1533185143.0,85636189238.49
2025-09-09,300442,52.45,52.68,49.77,50.89,26120048.0,1342233035.0,82867953419.79001
2025-09-10,300442,50.75,52.44,50.48,51.38,26206597.0,1363768279.0,83665856685.18001
2025-09-11,300442,50.47,52.96,50.25,52.6,37828545.0,1983938224.0,85652472978.6
2025-09-12,300442,54.64,56.56,53.84,53.9,53254710.0,2970830272.0,87769359192.9
2025-09-15,300442,53.12,53.77,52.04,52.65,32119272.0,1706692274.0,85733891679.15
2025-09-16,300442,52.86,54.81,52.25,54.26,37874837.0,2056214262.0,88355573836.86
2025-09-17,300442,53.94,54.15,52.86,53.84,27860599.0,1506474956.0,87671656752.24
2025-09-18,300442,53.83,55.39,52.06,52.87,43655093.0,2391124406.0,86092133961.56999
2025-09-19,300442,53.07,53.38,51.47,51.83,26722703.0,1412169407.0,84398624990.12999
2025-09-22,300442,51.97,53.44,51.67,52.9,24685753.0,1313481626.0,86140985181.9
2025-09-23,300442,53.59,53.69,50.6,52.02,27615225.0,1448374383.0,84708016052.22
2025-09-24,300442,51.37,53.94,51.13,53.66,32882666.0,1756566300.0,87378549430.26
2025-09-25,300442,54.44,57.18,54.4,55.75,54156022.0,3046717956.0,90781851113.25
2025-09-26,300442,55.05,55.7,52.65,52.69,38340911.0,2068798584.0,85799026639.59
2025-09-29,300442,52.72,53.24,52.23,52.94,20442779.0,1082803683.0,86206120142.34
2025-09-30,300442,53.41,54.76,52.95,53.19,24922385.0,1344108838.0,86613303376.62
2025-10-09,300442,53.04,54.87,52.36,54.12,31729557.0,1715583009.0,88127692775.76
2025-10-10,300442,52.39,52.41,49.07,50.1,49587051.0,2488160720.0,81581622469.8
2025-10-13,300442,47.36,49.92,47.26,49.78,22268093.0,1092676413.0,81060542246.44
2025-10-14,300442,49.78,49.9,47.51,47.86,21398943.0,1042450900.0,77934060906.28
2025-10-15,300442,47.85,48.08,46.4,47.99,20067329.0,949406694.0,78145749747.02
2025-10-16,300442,47.57,47.57,46.66,47.07,16460356.0,776610954.0,76647644104.86
2025-10-17,300442,47.07,47.19,45.31,45.31,18522722.0,853986012.0,73781702876.38
2025-10-20,300442,45.7,46.3,45.31,45.69,11954622.0,549504901.0,74400485641.62
2025-10-21,300442,45.78,46.16,45.67,45.79,13252400.0,610284245.0,74563323211.42
2025-10-22,300442,45.79,46.29,45.31,45.8,10469068.0,481093586.0,74579606968.4
2025-10-23,300442,45.91,46.24,44.71,45.93,14646854.0,665069694.0,74791295809.14
2025-10-24,300442,46.01,46.66,45.99,46.54,14365361.0,668086278.0,75784604984.92
2025-10-27,300442,46.83,47.26,46.22,46.59,16237571.0,760709081.0,75866023769.82
2025-10-28,300442,46.46,47.35,46.23,47.08,17445115.0,819888151.0,76663927861.84
2025-10-29,300442,46.86,47.34,46.56,46.96,14083902.0,661756794.0,76468522778.08
2025-10-30,300442,49.35,51.07,49.35,49.68,64853996.0,3273981046.0,80897704676.64
2025-10-31,300442,48.47,51.09,48.02,50.38,43797987.0,2183832928.0,82037567665.24
2025-11-03,300442,50.65,52.83,49.63,52.02,42105663.0,2180811878.0,84708103809.96
2025-11-04,300442,51.09,51.34,50.01,50.47,26525637.0,1345351592.0,82184121478.06
2025-11-05,300442,49.29,50.44,48.87,50.02,18934597.0,945320803.0,81451352413.96
2025-11-06,300442,50.09,50.75,49.55,50.21,20171886.0,1015243021.0,81760743796.58
2025-11-07,300442,49.71,50.41,49.23,49.23,17583573.0,876320581.0,80164935612.54
2025-11-10,300442,48.86,49.63,48.3,48.69,16075836.0,786353551.0,79285612735.62
2025-11-11,300442,48.85,49.03,47.4,47.48,16895889.0,812897332.0,77315278141.04
2025-11-12,300442,47.39,47.58,46.29,47.06,14618950.0,686645123.0,76631360347.88
2025-11-13,300442,46.86,48.35,46.36,48.33,16270085.0,774557185.0,78699397484.34
2025-11-14,300442,47.74,47.82,46.49,46.51,15918744.0,751299777.0,75735753713.98
2025-11-17,300442,46.34,47.53,46.27,47.26,13252549.0,625720285.0,76957035487.48
2025-11-18,300442,47.12,48.32,46.8,47.74,14722301.0,705182038.0,77738655822.52
2025-11-19,300442,47.86,47.86,46.56,46.79,12117220.0,571006156.0,76191698909.42
2025-11-20,300442,46.87,47.15,46.3,46.31,9130771.0,427048836.0,75410078574.38
2025-11-21,300442,45.69,46.45,45.39,45.5,14207341.0,653010611.0,74091094259.0
2025-11-24,300442,45.73,47.64,44.97,47.26,18005022.0,842359303.0,76957035487.48
2025-11-25,300442,47.47,48.25,47.17,47.62,16230147.0,778838494.0,77543250738.76
2025-11-26,300442,47.34,48.93,47.23,48.37,20357895.0,990701037.0,78764532512.26
2025-11-27,300442,48.19,48.65,47.72,47.72,14791655.0,714085165.0,77706088308.56
2025-11-28,300442,47.95,48.43,47.29,47.58,11342914.0,542377343.0,77478115710.84
2025-12-01,300442,47.94,51.68,47.37,50.56,49134673.0,2470397425.0,82330675290.88
2025-12-02,300442,50.88,51.84,49.75,49.95,32699061.0,1659965127.0,81337366115.1
2025-12-03,300442,49.88,50.09,48.25,48.35,20163295.0,986455598.0,78731964998.3
2025-12-04,300442,48.35,48.82,47.62,48.35,15078267.0,729906381.0,78731964998.3
2025-12-05,300442,48.32,48.45,47.46,47.87,13593606.0,653566531.0,77950344663.26
2025-12-08,300442,47.75,49.34,47.63,49.0,22767185.0,1105860661.0,79790409202.0
2025-12-09,300442,51.92,53.42,49.97,50.05,59899142.0,3120710630.0,81500203684.9
2025-12-10,300442,50.03,51.06,49.01,50.7,32139904.0,1619225710.0,82558647888.6
2025-12-11,300442,50.71,51.04,49.55,49.81,22223586.0,1119774992.0,81109393517.38
2025-12-12,300442,49.47,54.01,49.47,53.25,73704274.0,3874283107.0,86711005918.5
2025-12-15,300442,52.43,54.07,52.43,52.87,33355548.0,1780548789.0,86092223153.26
2025-12-16,300442,52.83,53.44,51.15,51.37,22051205.0,1150521390.0,83649659606.26
2025-12-17,300442,51.16,52.92,50.9,52.84,27403411.0,1428598363.0,86043371882.32
2025-12-18,300442,52.25,52.36,49.9,49.97,33264448.0,1699439949.0,81369933629.06
2025-12-19,300442,50.21,50.53,49.46,49.64,21908998.0,1097716394.0,80832569648.72
2025-12-22,300442,49.77,50.4,49.46,50.0,18078234.0,906470567.0,81418784900.0
2025-12-23,300442,51.36,51.84,50.0,50.28,21027064.0,1064829914.0,81874730095.44
2025-12-24,300442,49.95,50.95,49.53,50.38,19299947.0,975529356.0,82037567665.24
2025-12-25,300442,50.24,50.84,49.87,50.5,17909495.0,902473828.0,82232972749.0
2025-12-26,300442,50.35,50.75,49.85,49.92,19724999.0,991084914.0,81288514844.16
2025-12-29,300442,50.13,51.49,50.08,50.34,23152141.0,1177469101.0,81972432637.32
2025-12-30,300442,50.54,52.01,50.27,51.26,29406848.0,1510017151.0,83470538279.48
2025-12-31,300442,51.44,53.42,50.8,52.64,40172574.0,2112815707.0,85793912882.72
2026-01-05,300442,54.03,57.11,53.63,55.82,67147278.0,3730588198.0,90976751844.86
2026-01-06,300442,55.34,58.51,54.65,57.46,63706517.0,3581802048.0,93649662504.58
2026-01-07,300442,57.98,62.81,57.03,60.4,85094194.0,5069885601.0,98441343809.2
2026-01-08,300442,59.82,61.49,58.12,59.63,61667207.0,3707200243.0,97186379657.99
2026-01-09,300442,62.02,71.55,62.02,68.99,113906943.0,7659687273.0,112441528301.26999
2026-01-12,300442,72.79,82.79,69.99,82.79,124363159.0,9496293630.0,134933093608.67001
2026-01-13,300442,83.05,88.37,75.77,80.32,119013476.0,9779265406.0,130907429383.35999
2026-01-14,300442,80.24,92.85,80.24,90.44,127172021.0,10986925250.0,147401243942.12
2026-01-15,300442,84.84,86.99,79.51,80.79,106231718.0,8840218599.0,131673446462.67001
2026-01-16,300442,78.92,83.91,78.54,78.93,82723264.0,6695303031.0,128641974616.89001
2026-01-19,300442,77.53,80.27,75.67,75.98,70286235.0,5463266810.0,123833995076.54001
2026-01-20,300442,76.77,77.95,74.18,75.18,56681745.0,4319185025.0,122530136218.14001
2026-01-21,300442,73.9,76.71,73.28,74.57,52594163.0,3951084888.0,121535943838.60999
2026-01-22,300442,76.09,79.09,74.65,77.8,79028613.0,6125838770.0,126800273979.4
2026-01-23,300442,78.06,79.96,77.39,78.08,71591054.0,5643233197.0,127256624579.84
2026-01-26,300442,81.75,84.51,79.94,83.0,98456972.0,8143734404.0,135275356559.0
2026-01-27,300442,82.35,83.63,79.74,81.12,71439155.0,5827829486.0,132211288241.76001
2026-01-28,300442,82.95,84.47,79.76,80.61,83084269.0,6853877425.0,131380078219.53
2026-01-29,300442,77.76,85.25,75.95,79.77,86104939.0,7017263658.0,130011026418.20999
2026-01-30,300442,80.76,83.24,78.82,81.58,66434158.0,5407635926.0,132961007085.34
2026-02-02,300442,81.75,87.61,80.56,84.4,91082796.0,7737678608.0,137557109561.2
2026-02-03,300442,85.24,88.23,82.75,88.13,90716224.0,7771333108.0,143636351488.49
2026-02-04,300442,85.74,86.4,79.87,81.93,75167818.0,6261269741.0,133531445335.89001
2026-02-05,300442,78.05,80.01,75.52,76.27,56480200.0,4376831488.0,124306643912.70999
2026-02-24,300442,91.52,91.52,84.81,86.54,118585699.0,10503860728.0,141044932007.42
2026-02-25,300442,87.75,88.97,84.42,86.54,87301318.0,7594428518.0,141044932007.42
2026-02-26,300442,89.77,103.85,89.77,101.86,150344469.0,14622813310.0,166013829145.78
2026-02-27,300442,97.59,106.01,97.31,103.08,126191146.0,12960006460.0,168002213904.84
2026-03-02,300442,102.18,102.79,97.5,98.4,92097076.0,9218976832.0,160374639583.2
2026-03-03,300442,100.72,102.09,93.9,96.2,107343273.0,10537223273.0,156789027722.6
2026-03-04,300442,92.85,98.06,92.42,94.31,73743073.0,7032499511.0,153708661169.63
2026-03-05,300442,99.18,99.2,92.9,94.41,81984588.0,7855293112.0,153871643526.93
2026-03-06,300442,92.02,96.0,90.33,92.88,58232606.0,5456734932.0,151378013460.24
2026-03-09,300442,90.73,98.4,87.28,96.06,82904497.0,7729037807.0,156560852422.38
2026-03-10,300442,98.7,99.6,93.93,95.22,67623581.0,6509898771.0,155191800621.06
2026-03-11,300442,94.05,96.01,90.81,90.85,62205781.0,5778276619.0,148069471607.05
2026-03-12,300442,90.85,92.7,87.13,88.42,55915861.0,5025227703.0,144109000324.66
2026-03-13,300442,87.65,88.14,83.17,83.29,61855598.0,5260722983.0,135748005395.17001
2026-03-16,300442,83.3,83.63,81.1,83.07,37882100.0,3128697998.0,135389444209.10999
2026-03-17,300442,84.15,84.26,80.79,80.91,34520988.0,2859390893.0,131869025291.43
2026-03-18,300442,82.15,86.89,81.43,86.65,61173300.0,5178308167.0,141224212600.45
2026-03-19,300442,84.05,93.05,83.85,89.48,80037893.0,7185127928.0,145836613312.04
2026-03-20,300442,87.73,89.31,85.05,85.71,51861860.0,4519378422.0,139692178441.83
2026-03-23,300442,84.19,87.73,83.5,85.05,43854937.0,3746476716.0,138616494883.65
2026-03-24,300442,85.74,86.54,81.24,84.15,37251718.0,3114113279.0,137149653667.95001
2026-03-25,300442,85.34,89.63,85.32,87.39,52901286.0,4674347634.0,142430282044.47
2026-03-26,300442,86.52,87.59,83.83,84.03,36632716.0,3138563075.0,136954074839.19
2026-03-27,300442,83.27,84.31,81.8,83.2,26949466.0,2253696732.0,135601321273.6
2026-03-30,300442,81.25,83.1,80.3,82.55,28011357.0,2296431105.0,134541935951.15
2026-03-31,300442,82.37,84.06,80.56,80.56,27794981.0,2294568132.0,131298587040.88
2026-04-01,300442,83.13,85.06,82.65,84.29,44151355.0,3717469579.0,137377828968.17001
2026-04-02,300442,83.75,84.22,79.65,80.03,40191483.0,3259160306.0,130434780547.19
2026-04-03,300442,81.54,82.23,80.01,80.76,26954021.0,2195470845.0,131624551755.48001
2026-04-07,300442,80.72,81.56,78.26,79.27,27672803.0,2222500286.0,129196114631.70999
2026-04-08,300442,82.85,86.66,82.7,86.65,58224376.0,4962222001.0,141224212600.45
2026-04-09,300442,85.24,87.24,84.74,87.03,48229199.0,4157862266.0,141843545558.19
2026-04-10,300442,87.73,88.61,85.74,86.78,58771905.0,5156378244.0,141436089664.94
2026-04-13,300442,85.04,90.75,84.74,88.95,54884587.0,4871514745.0,144972806818.35
2026-04-14,300442,91.72,94.37,89.67,90.87,66362821.0,6114314181.0,148102068078.51
2026-04-15,300442,91.72,92.71,89.55,89.99,50810292.0,4634785471.0,146667823334.27
2026-04-16,300442,89.99,97.68,89.99,95.49,76504376.0,7245396279.0,155631852985.77
2026-04-17,300442,93.72,95.47,93.72,94.01,55246594.0,5233323955.0,153219714097.73
2026-04-20,300442,94.22,96.26,93.05,94.91,53453292.0,5075455576.0,154686555313.43
2026-04-21,300442,93.66,93.66,89.36,89.78,58145490.0,5267893421.0,146325560383.94
2026-04-22,300442,89.71,93.66,88.93,93.22,57337233.0,5241916906.0,151932153475.06
2026-04-23,300442,92.6,99.35,92.4,95.58,74672868.0,7186296221.0,155778537107.34
2026-04-24,300442,94.49,94.86,89.73,92.67,60354870.0,5556864923.0,151035750509.91
2026-04-27,300442,92.73,93.72,89.33,89.85,48086088.0,4362294669.0,146439648034.05
2026-04-28,300442,90.23,91.22,87.82,88.04,38247058.0,3413685026.0,143489667366.92
2026-04-29,300442,87.12,92.67,86.37,90.17,45959165.0,4148704323.0,146961191577.41
2026-04-30,300442,89.71,90.73,86.79,88.79,38905836.0,3455369356.0,144712035046.67
2026-05-06,300442,92.72,99.58,92.72,95.92,88201288.0,8552563032.0,156332677122.16
2026-05-07,300442,96.01,97.9,95.06,97.16,61899923.0,5979077238.0,158353658352.68
2026-05-08,300442,95.72,100.6,94.79,97.78,66076585.0,6510719271.0,159364148967.94
2026-05-11,300442,102.67,102.69,95.71,97.61,75245436.0,7411262008.0,159087078960.53
2026-05-12,300442,96.39,96.91,90.8,91.1,79883855.0,7457351290.0,148476927500.3
2026-05-13,300442,90.63,104.68,89.74,101.31,112711225.0,11020586151.0,165117426180.63
2026-05-14,300442,103.12,104.16,97.52,99.37,85906150.0,8625447075.0,161955568449.01
2026-05-15,300442,101.76,110.65,100.32,102.15,125947955.0,13359593136.0,166486477981.95
2026-05-18,300442,103.58,104.86,97.96,99.09,86473802.0,8729710174.0,161670223406.97
2026-05-19,300442,100.6,100.68,95.41,98.03,66223146.0,6473763083.0,159940781113.99
2026-05-20,300442,96.71,98.7,94.33,95.56,55937391.0,5395531144.0,155910854261.48
2026-05-21,300442,97.11,97.98,90.63,91.3,68223171.0,6482202167.0,148960454102.9
2026-05-22,300442,92.62,93.52,90.24,93.07,50374953.0,4655883526.0,151848296422.31
2026-05-25,300442,93.11,94.55,90.92,94.29,58251473.0,5406577050.0,153838786608.57
2026-05-26,300442,93.05,93.05,88.6,88.74,58272562.0,5254457713.0,144783687810.41998
2026-05-27,300442,87.55,88.29,83.75,84.22,54740361.0,4700367389.0,137409084825.26
2026-05-28,300442,87.77,88.39,84.26,86.21,40176934.0,3472920572.0,140655867997.93
2026-05-29,300442,84.94,86.73,81.52,83.62,43370151.0,3625180391.0,136430155225.46
2026-06-01,300442,82.75,84.84,81.83,81.94,30344026.0,2541774778.0,133689152346.01999
2026-06-02,300442,79.37,81.11,75.54,79.99,54883935.0,4304198572.0,130507631146.67
2026-06-03,300442,78.86,82.25,78.31,81.12,42287694.0,3437098903.0,132351281892.96
2026-06-04,300442,79.46,82.15,78.86,81.53,30361201.0,2466679366.0,133020217119.49
2026-06-05,300442,80.76,80.76,77.7,77.93,33480899.0,2659304021.0,127146639520.69002
2026-06-08,300442,74.77,76.6,73.08,73.89,32885415.0,2472234343.0,120555180215.37
2026-06-09,300442,74.77,76.49,73.73,75.8,28231785.0,2129647187.0,123671439441.4
2026-06-10,300442,75.17,80.34,74.97,76.67,39345630.0,3081504596.0,125090887361.11
2026-06-11,300442,75.22,75.83,73.34,73.8,33501693.0,2494729261.0,120408340775.4
2026-06-12,300442,75.27,75.93,73.18,73.31,30475001.0,2281949762.0,119608881602.23001
2026-06-15,300442,74.57,78.58,74.43,78.31,39192786.0,3021318665.0,128307205329.63
2026-06-16,300442,78.37,79.9,77.47,79.13,35034791.0,2772043562.0,129650736275.48999
2026-06-17,300442,78.27,81.32,77.76,80.93,33696590.0,2712707354.0,132599950546.89001
2026-06-18,300442,80.91,84.97,80.68,84.92,46468615.0,3901809772.0,139137375515.16
2026-06-22,300442,85.02,88.91,84.72,85.74,55165379.0,4799078573.0,140480906461.02
2026-06-23,300442,84.74,86.88,81.57,81.98,44962012.0,3780897435.0,134320325538.54001
2026-06-24,300442,81.95,85.6,80.79,85.34,43722423.0,3674298051.0,139825525511.82
2026-06-25,300442,85.34,86.54,82.54,83.34,43821774.0,3694205755.0,136363272605.82002
2026-06-26,300442,81.75,81.75,77.33,77.54,44585561.0,3517591076.0,126873148042.42003
2026-06-29,300442,76.8,78.65,74.69,75.97,30723309.0,2348616353.0,124304269496.81001
2026-06-30,300442,75.93,85.36,74.97,82.82,52750994.0,4305651659.0,135512433851.86002
2026-07-01,300442,83.15,92.72,80.85,89.79,91738888.0,8048139615.0,146916945611.67004
2026-07-02,300442,86.91,91.72,86.54,87.54,67610029.0,6075337759.0,143235431772.42004
2026-07-03,300442,86.49,90.03,85.14,85.18,45347848.0,3963445542.0,139373932812.14005
2026-07-06,300442,85.4,85.74,79.45,80.71,40997256.0,3356889358.0,132059991984.83
2026-07-07,300442,80.71,81.5,77.21,78.41,26291908.0,2078866861.0,128296666726.93001
2026-07-08,300442,78.98,81.8,77.89,79.16,40100208.0,3211346064.0,129523838006.68001
2026-07-09,300442,81.2,81.26,77.03,80.08,37758335.0,3003727549.0,131029168109.84001
2026-07-10,300442,80.0,86.31,79.5,82.25,55082928.0,4597054234.0,134579783679.25002
2026-07-13,300442,81.51,84.06,77.18,77.5,39547735.0,3164576049.0,126807698907.50002
2026-07-14,300442,77.11,77.5,68.7,71.6,53749642.0,3831123784.0,117153951506.8
2026-07-15,300442,71.71,72.64,69.72,70.06,27910054.0,1976834271.0,114634159812.38002
2026-07-16,300442,68.77,71.55,68.07,69.08,24993930.0,1745292480.0,113030656006.84001
2026-07-17,300442,68.56,68.8,63.16,64.36,35816601.0,2358627252.0,105307658086.28001
2026-07-20,300442,68.8,70.62,64.46,66.6,42255479.0,2852830198.0,108972809641.8
2026-07-21,300442,66.6,68.73,61.64,68.71,46289590.0,3059142593.0,112425251508.83
2026-07-22,300442,68.0,71.36,67.38,68.58,45498092.0,3172383305.0,112212541820.34001
2026-07-23,300442,68.0,70.03,67.32,67.77,27633624.0,1892758723.0,110887196838.21
2026-07-24,300442,65.92,66.83,64.8,64.8,21761107.0,1428553689.0,106027598570.40001
2026-07-27,300442,64.67,66.36,64.03,66.28,19102232.0,1249444740.0,108449216562.44002
2026-07-28,300442,64.9,65.56,63.1,63.23,21892572.0,1406821069.0,103458720024.79001
2026-07-29,300442,63.19,63.8,58.6,60.72,33759658.0,2034634963.0,99351786808.56001
