date,ticker,open,high,low,close,volume,amount,market_cap
2021-01-04,300502,14.19,14.44,13.89,14.39,9267364.0,517310942.0,3357856264.51
2021-01-05,300502,14.34,15.04,14.29,14.84,10852718.0,627081842.0,3462862193.56
2021-01-06,300502,14.82,14.82,13.85,13.92,13836556.0,771396340.0,3248183405.28
2021-01-07,300502,13.78,13.88,12.88,12.98,13411247.0,696488704.0,3028837686.82
2021-01-08,300502,12.9,13.49,12.68,13.01,10591728.0,543814192.0,3035838082.09
2021-01-11,300502,12.9,13.69,12.81,13.25,9593955.0,503016652.0,3091841244.25
2021-01-12,300502,13.35,13.44,13.04,13.34,6646159.0,344248244.0,3112842430.06
2021-01-13,300502,13.26,13.97,13.1,13.9,13504518.0,718158878.0,3243516475.1
2021-01-14,300502,13.92,14.6,13.8,14.23,14115404.0,788615125.0,3320520823.07
2021-01-15,300502,14.3,14.3,13.16,13.51,12480517.0,665036618.0,3152511336.59
2021-01-18,300502,13.37,14.13,13.17,14.13,11554391.0,624218235.0,3297186172.17
2021-01-19,300502,14.03,14.46,13.98,14.08,10776365.0,599575191.0,3285518846.72
2021-01-20,300502,14.1,14.55,13.81,14.32,9440428.0,526493737.0,3341522008.88
2021-01-21,300502,14.22,14.52,14.09,14.29,7317465.0,409068894.0,3334521613.6099997
2021-01-22,300502,14.26,14.31,13.7,13.99,8850818.0,482727724.0,3264517660.91
2021-01-25,300502,13.83,13.94,13.4,13.47,7984294.0,425366000.0,3143177476.23
2021-01-26,300502,13.47,13.8,13.26,13.36,5537377.0,292678914.0,3117509360.24
2021-01-27,300502,13.28,14.03,13.26,13.81,7407730.0,396906819.0,3222515289.29
2021-01-28,300502,13.98,14.59,13.44,13.54,13411845.0,738142388.0,3159511731.8599997
2021-01-29,300502,13.76,14.11,13.37,13.98,8397492.0,453514072.0,3262184195.82
2021-02-01,300502,14.08,14.42,13.84,14.24,9309864.0,516755673.0,3322854288.16
2021-02-02,300502,14.26,14.29,13.54,13.63,10022096.0,538151292.0,3180512917.67
2021-02-03,300502,13.63,13.73,13.19,13.25,6859838.0,360951875.0,3091841244.25
2021-02-04,300502,13.21,13.21,12.27,12.53,9058236.0,447949683.0,2923831757.77
2021-02-05,300502,12.52,12.69,11.93,11.95,7090507.0,339767925.0,2788490782.5499997
2021-02-08,300502,12.06,12.3,11.89,12.18,4592666.0,217753917.0,2842160479.62
2021-02-09,300502,12.01,12.33,11.96,12.2,4160788.0,198244344.0,2846827409.7999997
2021-02-10,300502,12.16,12.87,11.99,12.68,7226334.0,350392315.0,2958833734.12
2021-02-18,300502,12.98,13.06,12.46,12.73,6008484.0,301022859.0,2970501059.57
2021-02-19,300502,12.74,13.16,12.6,13.15,5332151.0,270162759.0,3068506593.35
2021-02-22,300502,13.19,13.19,12.62,12.62,8011346.0,402744280.0,2944832943.58
2021-02-23,300502,12.53,12.74,12.32,12.38,5659939.0,276160290.0,2888829781.42
2021-02-24,300502,12.39,12.81,12.33,12.53,6345883.0,313228980.0,2923831757.77
2021-02-25,300502,12.6,12.77,12.24,12.29,5067023.0,246362660.0,2867828595.6099997
2021-02-26,300502,12.05,12.23,11.7,11.78,9134768.0,426088166.0,2748821876.02
2021-03-01,300502,11.88,12.25,11.88,12.24,6700575.0,317224842.0,2856161270.16
2021-03-02,300502,12.26,12.26,11.82,11.93,5341342.0,250959884.0,2783823852.37
2021-03-03,300502,11.96,12.11,11.88,12.06,3844541.0,180696562.0,2814158898.54
2021-03-04,300502,12.06,12.06,11.42,11.49,8627047.0,393897423.0,2681151388.41
2021-03-05,300502,11.38,11.71,11.33,11.61,5200464.0,234921974.0,2709152969.49
2021-03-08,300502,11.58,11.78,10.99,10.99,7887425.0,349269978.0,2564478133.91
2021-03-09,300502,11.09,11.12,10.53,10.56,6471167.0,273812999.0,2464139135.04
2021-03-10,300502,10.8,10.81,10.35,10.39,4675999.0,192444151.0,2424470228.51
2021-03-11,300502,10.44,10.62,10.21,10.55,5472555.0,223352884.0,2461805669.9500003
2021-03-12,300502,10.55,10.56,10.15,10.29,6492204.0,261565016.0,2401135577.6099997
2021-03-15,300502,10.22,10.22,9.92,10.01,5638811.0,221735931.0,2335798555.09
2021-03-16,300502,10.06,10.27,9.79,9.86,6156681.0,239905567.0,2300796578.74
2021-03-17,300502,10.02,10.17,9.81,10.07,5738661.0,225537653.0,2349799345.63
2021-03-18,300502,10.07,10.24,9.93,10.18,5162315.0,204204096.0,2375467461.62
2021-03-19,300502,10.03,10.2,9.94,10.06,4040647.0,159015578.0,2347465880.54
2021-03-22,300502,10.06,10.27,10.0,10.2,4917233.0,195486502.0,2380134391.7999997
2021-03-23,300502,10.28,10.65,10.24,10.39,9859257.0,403153999.0,2424470228.51
2021-03-24,300502,10.15,10.16,9.72,9.72,8473531.0,326349185.0,2268128067.48
2021-03-25,300502,9.84,10.23,9.74,10.0,6929366.0,270592845.0,2333465090.0
2021-03-26,300502,10.25,10.78,10.25,10.7,10647667.0,440660366.0,2496807646.2999997
2021-03-29,300502,10.8,10.8,10.38,10.5,6833691.0,280693709.0,2450138344.5
2021-03-30,300502,10.45,10.55,10.34,10.51,4519475.0,184529251.0,2452471809.59
2021-03-31,300502,10.49,10.51,10.27,10.42,3277193.0,132833340.0,2439979595.78
2021-04-01,300502,10.49,10.91,10.35,10.87,7618180.0,320090844.0,2545352994.83
2021-04-02,300502,11.08,11.75,11.07,11.52,14714344.0,660372183.0,2697559015.68
2021-04-06,300502,11.36,11.37,11.07,11.27,10133562.0,443136210.0,2639018238.43
2021-04-07,300502,11.13,11.38,10.93,11.37,8312385.0,361482673.0,2662434549.33
2021-04-08,300502,11.21,11.36,11.07,11.07,5951467.0,260860592.0,2592185616.63
2021-04-09,300502,11.08,11.12,10.93,11.01,3583100.0,154101558.0,2578135830.09
2021-04-12,300502,10.94,10.99,10.53,10.56,4746665.0,199097335.0,2472762431.04
2021-04-13,300502,10.58,10.73,10.38,10.44,4450648.0,183513144.0,2444662857.96
2021-04-14,300502,10.51,10.61,10.39,10.51,4026938.0,164993186.0,2461054275.59
2021-04-15,300502,10.46,10.5,10.25,10.41,3789422.0,153593093.0,2437637964.69
2021-04-16,300502,10.43,10.77,10.42,10.71,5211676.0,217416957.0,2507886897.3900003
2021-04-19,300502,10.68,11.07,10.63,10.94,5802516.0,247510209.0,2561744412.46
2021-04-20,300502,10.89,11.04,10.75,10.79,5335867.0,227492030.0,2526619946.1099997
2021-04-21,300502,10.8,10.83,10.44,10.63,5505373.0,227731196.0,2489153848.67
2021-04-22,300502,10.63,11.13,10.58,10.98,6738369.0,287582408.0,2571110936.82
2021-04-23,300502,11.04,11.05,10.58,10.75,7847673.0,330515115.0,2517253421.75
2021-04-26,300502,10.79,10.89,10.42,10.42,8287050.0,345611448.0,2439979595.78
2021-04-27,300502,10.49,10.49,10.05,10.2,6074021.0,241657528.0,2388463711.7999997
2021-04-28,300502,10.22,10.29,10.07,10.24,4718077.0,188149246.0,2397830236.16
2021-04-29,300502,10.25,10.34,10.16,10.17,4629598.0,185458970.0,2381438818.53
2021-04-30,300502,10.22,10.22,9.83,9.87,5641652.0,219461446.0,2311189885.83
2021-05-06,300502,9.81,10.06,9.72,9.88,4133316.0,159956760.0,2313531516.92
2021-05-07,300502,9.91,9.91,9.43,9.45,7002219.0,264419615.0,2212841380.0499997
2021-05-10,300502,9.42,9.42,9.0,9.12,6897848.0,247368989.0,2135567554.08
2021-05-11,300502,9.02,9.31,9.01,9.27,4338019.0,155604544.0,2170692020.43
2021-05-12,300502,9.2,9.26,9.12,9.24,3237929.0,116578389.0,2163667127.16
2021-05-13,300502,9.17,9.88,9.1,9.84,10260054.0,385950493.0,2304164992.56
2021-05-14,300502,9.77,10.2,9.76,10.17,10528835.0,414006435.0,2381438818.53
2021-05-17,300502,10.25,10.43,10.12,10.22,7986782.0,319432165.0,2393146973.98
2021-05-18,300502,10.22,10.58,10.04,10.44,6661522.0,269990969.0,2444662857.96
2021-05-19,300502,10.55,10.58,10.35,10.35,4346808.0,177863895.0,2423588178.15
2021-05-20,300502,10.23,10.66,10.23,10.63,6892795.0,284675810.0,2489153848.67
2021-05-21,300502,10.63,10.9,10.61,10.63,6497454.0,273293560.0,2489153848.67
2021-05-24,300502,10.62,10.68,10.4,10.54,5308619.0,218281214.0,2468079168.8599997
2021-05-25,300502,10.51,11.09,10.49,11.02,9654714.0,412531537.0,2580477461.18
2021-05-26,300502,11.01,11.12,10.91,11.02,5370821.0,231131953.0,2580477461.18
2021-05-27,300502,11.12,12.05,11.12,12.01,14326232.0,656823988.0,2812298939.09
2021-05-28,300502,12.04,12.38,11.91,12.14,9944489.0,475502906.0,2842740143.26
2021-05-31,300502,12.27,12.62,12.15,12.52,9283110.0,450457659.0,2931722124.68
2021-06-01,300502,12.6,12.84,11.64,11.95,18098697.0,869423117.0,2798249152.5499997
2021-06-02,300502,12.07,12.23,11.76,11.76,6906450.0,321349743.0,2753758161.84
2021-06-03,300502,11.87,12.59,11.7,12.11,9079570.0,434163976.0,2835715249.99
2021-06-04,300502,12.13,12.57,12.12,12.26,7719519.0,373689440.0,2870839716.34
2021-06-07,300502,12.18,12.42,12.05,12.36,6162890.0,296368632.0,2894256027.24
2021-06-08,300502,12.41,12.43,11.84,11.89,9201957.0,308176183.0,3897493203.44
2021-06-09,300502,11.9,12.09,11.75,11.94,5331877.0,176533656.0,3913882998.24
2021-06-10,300502,11.9,12.16,11.78,11.98,5685007.0,189276728.0,3926994834.08
2021-06-11,300502,11.94,11.98,11.66,11.69,6302629.0,206065751.0,3831934024.24
2021-06-15,300502,11.66,11.76,11.24,11.57,8665355.0,276574387.0,3792598516.7200003
2021-06-16,300502,11.62,12.2,11.51,11.53,9166203.0,300995080.0,3779486680.8799996
2021-06-17,300502,11.48,11.94,11.42,11.94,8086137.0,264170979.0,3913882998.24
2021-06-18,300502,11.98,12.23,11.7,11.77,9969951.0,330812820.0,3858157695.92
2021-06-21,300502,11.69,11.94,11.48,11.77,8373287.0,273020885.0,3858157695.92
2021-06-22,300502,11.81,11.93,11.22,11.26,12261705.0,389864221.0,3690981788.96
2021-06-23,300502,11.25,11.71,11.16,11.57,10669834.0,341209798.0,3792598516.7200003
2021-06-24,300502,11.61,11.7,11.32,11.38,6099867.0,194709783.0,3730317296.48
2021-06-25,300502,11.29,11.33,10.86,11.07,10940886.0,336118986.0,3628700568.7200003
2021-06-28,300502,11.33,11.37,11.05,11.28,11500361.0,358553908.0,4953219783.120001
2021-06-29,300502,11.24,11.63,11.13,11.14,9959799.0,313497958.0,4891743651.060001
2021-06-30,300502,11.12,11.44,11.08,11.24,7069956.0,221687704.0,4935655173.960001
2021-07-01,300502,11.23,11.33,10.69,10.7,10126664.0,305661428.0,4698532950.3
2021-07-02,300502,10.6,10.75,10.43,10.44,6738309.0,197990064.0,4584362990.76
2021-07-05,300502,10.48,10.54,10.15,10.41,8265152.0,237372585.0,4571189533.89
2021-07-06,300502,10.39,10.57,10.23,10.36,6177301.0,178045442.0,4549233772.440001
2021-07-07,300502,10.3,10.7,10.19,10.69,7100119.0,207524673.0,4694141798.01
2021-07-08,300502,10.69,11.15,10.58,10.97,10540413.0,320735992.0,4817094062.130001
2021-07-09,300502,11.83,12.44,11.55,11.6,28158213.0,930684919.0,5093736656.400001
2021-07-12,300502,11.62,13.68,11.6,13.13,43172099.0,1539598186.0,5765582956.770001
2021-07-13,300502,12.71,13.76,12.65,13.48,34129364.0,1260655953.0,5919273286.920001
2021-07-14,300502,13.48,13.66,13.2,13.3,18542233.0,689550531.0,5840232545.700001
2021-07-15,300502,13.45,13.74,12.98,13.35,20093312.0,741410475.0,5862188307.150001
2021-07-16,300502,13.17,13.17,12.63,12.7,22672339.0,807729914.0,5576763408.3
2021-07-19,300502,12.63,13.74,12.37,13.64,31885685.0,1168902880.0,5989531723.560001
2021-07-20,300502,13.35,13.67,13.18,13.42,20070845.0,745642479.0,5892926373.18
2021-07-21,300502,13.43,13.46,13.08,13.17,18704605.0,687597997.0,5783147565.93
2021-07-22,300502,13.09,13.64,12.8,13.47,25033826.0,930462904.0,5914882134.630001
2021-07-23,300502,13.32,14.54,12.93,14.15,38895286.0,1498979858.0,6213480490.350001
2021-07-26,300502,14.1,14.68,13.86,14.36,30126637.0,1199306872.0,6305694688.440001
2021-07-27,300502,14.52,15.74,14.1,14.81,40807348.0,1698140259.0,6503296541.490001
2021-07-28,300502,14.39,16.02,13.89,15.87,46067521.0,1962292667.0,6968758684.2300005
2021-07-29,300502,16.51,16.51,15.41,15.87,48950536.0,2190071781.0,6968758684.2300005
2021-07-30,300502,15.52,17.12,15.52,16.47,43424270.0,1983404101.0,7232227821.63
2021-08-02,300502,16.76,17.54,16.32,17.38,47223188.0,2231325988.0,7631822680.02
2021-08-03,300502,17.09,17.88,16.6,16.83,37429694.0,1787906225.0,7390309304.070001
2021-08-04,300502,16.66,17.04,16.17,16.45,42690203.0,1958057546.0,7223445517.050001
2021-08-05,300502,16.3,16.78,15.94,16.72,31746385.0,1450641635.0,7342006628.88
2021-08-06,300502,16.49,16.62,15.65,15.76,33216043.0,1483644888.0,6920456009.040001
2021-08-09,300502,14.81,15.11,14.41,14.98,39935979.0,1640975204.0,6577946130.420001
2021-08-10,300502,15.08,15.43,14.72,15.2,23602393.0,986975402.0,6674551480.8
2021-08-11,300502,15.06,15.22,14.54,14.68,23493482.0,966277213.0,6446211561.720001
2021-08-12,300502,14.54,14.91,14.2,14.21,23834164.0,958962088.0,6239827404.090001
2021-08-13,300502,14.26,14.38,13.69,13.95,26183032.0,1019808242.0,6125657444.55
2021-08-16,300502,14.05,14.24,13.82,13.94,17913657.0,696940132.0,6121266292.26
2021-08-17,300502,13.94,14.0,13.11,13.21,21587572.0,809359973.0,5800712175.090001
2021-08-18,300502,13.25,13.34,12.81,13.02,17319073.0,627387339.0,5717280281.580001
2021-08-19,300502,13.03,13.73,12.95,13.72,32086367.0,1196611688.0,6024660941.880001
2021-08-20,300502,13.6,13.77,13.33,13.63,17766322.0,669995709.0,5985140571.270001
2021-08-23,300502,13.53,13.81,13.43,13.71,20542387.0,778066057.0,6020269789.590001
2021-08-24,300502,13.66,13.72,13.24,13.61,17193589.0,643630436.0,5976358266.690001
2021-08-25,300502,13.71,14.14,13.52,13.8,20610268.0,788887038.0,6059790160.200001
2021-08-26,300502,13.99,13.99,13.05,13.05,21133099.0,785618795.0,5730453738.450001
2021-08-27,300502,12.97,13.16,12.73,13.03,13101965.0,470673428.0,5721671433.870001
2021-08-30,300502,12.89,13.24,12.82,12.86,10811750.0,390816630.0,5647021844.940001
2021-08-31,300502,12.72,12.84,12.13,12.33,21303485.0,731919048.0,5414290773.570001
2021-09-01,300502,12.33,12.68,12.23,12.52,13815890.0,479798914.0,5497722667.080001
2021-09-02,300502,12.3,12.46,12.18,12.3,10653063.0,364024359.0,5401117316.700001
2021-09-03,300502,12.23,12.94,12.21,12.67,18575176.0,656325797.0,5563589951.43
2021-09-06,300502,12.57,13.16,12.46,13.11,17309128.0,623253219.0,5756800652.190001
2021-09-07,300502,13.12,13.27,12.9,13.08,12662253.0,458743113.0,5743627195.320001
2021-09-08,300502,13.13,13.79,12.91,13.72,24505355.0,916391636.0,6024660941.880001
2021-09-09,300502,13.73,13.87,13.39,13.74,18470665.0,702131479.0,6033443246.460001
2021-09-10,300502,13.67,13.98,13.46,13.64,15200490.0,578306403.0,5989531723.560001
2021-09-13,300502,13.64,13.64,12.61,12.95,20199036.0,731552538.0,5686542215.55
2021-09-14,300502,12.82,13.05,12.5,12.54,12182301.0,432373308.0,5506504971.660001
2021-09-15,300502,12.56,12.78,12.38,12.58,9126266.0,318891633.0,5524069580.820001
2021-09-16,300502,12.57,12.65,12.22,12.23,8401132.0,290211757.0,5370379250.670001
2021-09-17,300502,12.23,12.34,11.34,11.75,15462427.0,506650775.0,5159603940.750001
2021-09-22,300502,11.66,11.87,11.58,11.79,6940045.0,225872712.0,5177168549.910001
2021-09-23,300502,11.84,12.18,11.81,11.98,9684029.0,323981364.0,5260600443.420001
2021-09-24,300502,12.03,12.07,11.64,11.64,6948482.0,228323065.0,5111301265.560001
2021-09-27,300502,12.08,12.59,11.97,12.15,13217506.0,449270742.0,5335250032.350001
2021-09-28,300502,11.94,12.3,11.79,12.18,8328197.0,280109907.0,5348423489.22
2021-09-29,300502,12.05,12.14,11.69,11.87,6995443.0,231405990.0,5212297768.2300005
2021-09-30,300502,11.87,12.16,11.86,12.11,5892911.0,197030905.0,5317685423.190001
2021-10-08,300502,12.38,12.51,12.19,12.38,5987576.0,204899697.0,5436246535.020001
2021-10-11,300502,12.34,13.08,12.12,12.85,15273824.0,539150124.0,5642630692.650001
2021-10-12,300502,12.61,12.94,12.38,12.65,9399100.0,330839191.0,5554807646.850001
2021-10-13,300502,12.5,12.95,12.5,12.81,9134884.0,325443630.0,5625066083.490001
2021-10-14,300502,12.73,12.94,12.5,12.56,8216788.0,289805324.0,5515287276.240001
2021-10-15,300502,12.7,12.8,12.23,12.23,8677620.0,301100985.0,5370379250.670001
2021-10-18,300502,12.13,12.13,11.46,11.51,16682816.0,541538908.0,5054216285.790001
2021-10-19,300502,11.57,11.6,11.31,11.35,12895602.0,408530485.0,4983957849.150001
2021-10-20,300502,11.37,11.44,11.24,11.32,8702525.0,274089703.0,4970784392.280001
2021-10-21,300502,11.29,11.32,11.09,11.12,8238800.0,255941447.0,4882961346.4800005
2021-10-22,300502,11.12,11.21,10.75,10.77,12763779.0,390373947.0,4729271016.330001
2021-10-25,300502,10.79,11.08,10.68,10.92,9546382.0,290110144.0,4795138300.68
2021-10-26,300502,10.92,11.32,10.82,11.19,14000012.0,431880726.0,4913699412.51
2021-10-27,300502,11.15,11.29,10.76,10.98,10250241.0,312071422.0,4821485214.420001
2021-10-28,300502,10.43,10.64,10.04,10.14,17952031.0,514225754.0,4452628422.06
2021-10-29,300502,10.17,10.35,10.15,10.21,7992386.0,227456716.0,4483366488.090001
2021-11-01,300502,10.17,10.57,10.08,10.47,9439592.0,273121160.0,4597536447.630001
2021-11-02,300502,10.44,10.95,10.43,10.54,12622481.0,375010926.0,4628274513.66
2021-11-03,300502,10.58,10.69,10.42,10.58,6037771.0,176456320.0,4645839122.820001
2021-11-04,300502,10.61,10.79,10.6,10.64,7094561.0,210463737.0,4672186036.56
2021-11-05,300502,10.6,10.83,10.57,10.67,8618778.0,256163836.0,4685359493.43
2021-11-08,300502,10.76,10.78,10.4,10.47,6653725.0,193852039.0,4597536447.630001
2021-11-09,300502,10.47,10.76,10.36,10.68,10676357.0,314039685.0,4689750645.72
2021-11-10,300502,10.58,10.78,10.56,10.73,7045345.0,209127844.0,4711706407.170001
2021-11-11,300502,10.67,11.11,10.67,11.04,12948795.0,394060635.0,4847832128.16
2021-11-12,300502,11.02,11.07,10.87,11.03,7928028.0,242113623.0,4843440975.870001
2021-11-15,300502,11.06,11.26,10.99,11.05,8080475.0,248385470.0,4852223280.450001
2021-11-16,300502,11.06,11.21,10.69,10.72,9956685.0,303559669.0,4707315254.880001
2021-11-17,300502,10.73,11.19,10.73,11.08,11477925.0,350973005.0,4865396737.320001
2021-11-18,300502,11.11,11.18,10.84,10.85,8743937.0,265409599.0,4764400234.650001
2021-11-19,300502,10.82,10.98,10.74,10.96,7418168.0,224203857.0,4812702909.840001
2021-11-22,300502,10.95,11.69,10.88,11.53,22921080.0,727912336.0,5062998590.370001
2021-11-23,300502,11.85,12.66,11.62,12.18,42164906.0,1433257002.0,5348423489.22
2021-11-24,300502,12.23,13.38,12.23,13.12,55480718.0,2001256518.0,5761191804.4800005
2021-11-25,300502,13.0,13.37,12.94,13.05,31391632.0,1148510900.0,5730453738.450001
2021-11-26,300502,12.94,13.13,12.42,12.63,28642820.0,1005226990.0,5546025342.270001
2021-11-29,300502,12.25,12.59,12.24,12.5,13773756.0,476078893.0,5488940362.500001
2021-11-30,300502,12.62,12.64,12.25,12.41,15033038.0,518747068.0,5449419991.89
2021-12-01,300502,12.31,12.65,12.27,12.57,12273895.0,426914062.0,5519678428.530001
2021-12-02,300502,12.51,12.59,12.05,12.14,14204005.0,484217862.0,5330858880.060001
2021-12-03,300502,12.23,12.3,12.05,12.11,8380928.0,282856598.0,5317685423.190001
2021-12-06,300502,12.1,12.23,11.64,11.71,12830161.0,423076606.0,5142039331.590001
2021-12-07,300502,11.78,11.83,10.97,11.09,18663061.0,582541941.0,4869787889.610001
2021-12-08,300502,11.23,11.57,11.15,11.51,16521499.0,522211293.0,5054216285.790001
2021-12-09,300502,11.48,11.75,11.41,11.53,10961097.0,353040015.0,5062998590.370001
2021-12-10,300502,11.43,11.83,11.37,11.77,12292243.0,397549830.0,5168386245.330001
2021-12-13,300502,11.87,12.18,11.85,11.91,13733307.0,458938909.0,5229862377.39
2021-12-14,300502,11.78,13.07,11.75,12.97,36724616.0,1296363783.0,5695324520.130001
2021-12-15,300502,13.29,13.74,12.98,13.05,44869965.0,1669363632.0,5730453738.450001
2021-12-16,300502,13.27,13.3,12.88,12.91,19430049.0,701665526.0,5668977606.390001
2021-12-17,300502,12.86,12.98,12.48,12.5,11610780.0,407314905.0,5488940362.500001
2021-12-20,300502,12.41,12.65,12.15,12.19,9022205.0,308833428.0,5352814641.51
2021-12-21,300502,12.16,13.36,12.16,13.06,22259681.0,804271099.0,5734844890.740001
2021-12-22,300502,13.02,13.66,12.97,13.36,17924567.0,667022523.0,5866579459.440001
2021-12-23,300502,13.36,13.44,13.12,13.34,11360789.0,418998437.0,5857797154.860001
2021-12-24,300502,13.29,13.51,13.03,13.23,9769254.0,359652437.0,5809494479.670001
2021-12-27,300502,13.14,14.24,13.12,14.03,24512743.0,949877990.0,6160786662.870001
2021-12-28,300502,14.09,14.28,13.76,14.11,18129966.0,708796168.0,6195915881.190001
2021-12-29,300502,13.96,14.06,13.75,13.87,11219236.0,433174468.0,6090528226.2300005
2021-12-30,300502,13.87,14.12,13.79,13.9,8270785.0,320511581.0,6103701683.100001
2021-12-31,300502,13.91,14.43,13.53,14.1,13623569.0,530433165.0,6191524728.900001
2022-01-04,300502,14.07,14.45,13.62,14.15,13005938.0,506945887.0,6213480490.350001
2022-01-05,300502,14.03,14.27,13.41,13.65,11476350.0,438925475.0,5993922875.850001
2022-01-06,300502,13.51,14.17,13.51,13.77,15838177.0,610375184.0,6046616703.330001
2022-01-07,300502,13.77,14.01,13.29,13.3,9550925.0,359994634.0,5840232545.700001
2022-01-10,300502,13.33,13.93,13.08,13.88,10667414.0,404142068.0,6094919378.520001
2022-01-11,300502,13.84,14.1,13.68,13.71,6026291.0,231372429.0,6020269789.590001
2022-01-12,300502,13.71,13.9,12.59,13.18,22234014.0,814244763.0,5787538718.22
2022-01-13,300502,13.22,13.37,12.27,12.37,17209892.0,605527644.0,5431855382.7300005
2022-01-14,300502,12.37,12.51,12.24,12.37,8530885.0,294041411.0,5431855382.7300005
2022-01-17,300502,12.52,13.97,12.43,13.77,22862504.0,855166278.0,6046616703.330001
2022-01-18,300502,13.74,14.24,13.53,13.82,17742759.0,689508298.0,6068572464.780001
2022-01-19,300502,13.85,14.16,13.66,13.78,10152851.0,391710662.0,6051007855.620001
2022-01-20,300502,13.88,13.98,13.51,13.63,10722773.0,408830468.0,5985140571.270001
2022-01-21,300502,13.93,14.24,13.42,13.61,11264544.0,430486499.0,5976358266.690001
2022-01-24,300502,13.13,13.59,13.05,13.43,8477693.0,315995939.0,5897317525.47
2022-01-25,300502,13.37,13.96,13.25,13.26,13675869.0,517034404.0,5822667936.540001
2022-01-26,300502,13.24,13.45,12.88,13.28,8200801.0,300518400.0,5831450241.120001
2022-01-27,300502,13.17,13.25,12.6,12.74,11528544.0,410237504.0,5594328017.460001
2022-01-28,300502,12.75,13.22,12.52,12.57,7621181.0,271627919.0,5519678428.530001
2022-02-07,300502,12.88,13.49,12.88,13.07,8830855.0,323068522.0,5739236043.030001
2022-02-08,300502,13.03,13.2,12.45,12.74,9819471.0,345616036.0,5594328017.460001
2022-02-09,300502,12.88,13.81,12.81,13.76,16050212.0,600627269.0,6042225551.040001
2022-02-10,300502,13.54,13.97,13.54,13.73,10302049.0,392864353.0,6029052094.170001
2022-02-11,300502,13.56,13.67,12.84,13.22,13047733.0,478503704.0,5805103327.380001
2022-02-14,300502,13.06,13.67,12.91,13.37,8148623.0,301968762.0,5870970611.7300005
2022-02-15,300502,13.24,13.79,13.17,13.69,11115878.0,420510641.0,6011487485.01
2022-02-16,300502,13.93,14.03,13.65,13.71,9537886.0,365771207.0,6020269789.590001
2022-02-17,300502,13.7,13.81,13.18,13.29,10696458.0,398517033.0,5835841393.410001
2022-02-18,300502,13.87,14.17,13.6,13.85,19299853.0,744055155.0,6081745921.650001
2022-02-21,300502,14.16,14.95,13.88,14.74,29619404.0,1190560429.0,6472558475.460001
2022-02-22,300502,14.38,14.39,13.93,13.96,19989769.0,784294329.0,6130048596.840001
2022-02-23,300502,13.96,14.42,13.74,14.27,15650215.0,616377471.0,6266174317.830001
2022-02-24,300502,14.15,14.36,13.15,13.56,18407646.0,699255920.0,5954402505.240001
2022-02-25,300502,13.61,13.92,13.25,13.35,13564851.0,509984904.0,5862188307.150001
2022-02-28,300502,13.2,13.78,13.08,13.55,11859013.0,444332781.0,5950011352.950001
2022-03-01,300502,13.56,13.91,13.46,13.77,9240386.0,353437014.0,6046616703.330001
2022-03-02,300502,13.64,13.69,13.3,13.39,7546958.0,281274221.0,5879752916.310001
2022-03-03,300502,13.46,13.55,13.13,13.14,6791711.0,250854416.0,5769974109.060001
2022-03-04,300502,13.09,13.28,12.63,12.75,10647917.0,381278395.0,5598719169.750001
2022-03-07,300502,12.75,12.84,11.99,12.23,12950948.0,442032689.0,5370379250.670001
2022-03-08,300502,12.06,12.38,11.89,12.14,11209547.0,379368763.0,5330858880.060001
2022-03-09,300502,12.19,12.36,11.36,12.33,11468081.0,380964781.0,5414290773.570001
2022-03-10,300502,12.8,12.8,12.11,12.21,10073639.0,347458404.0,5361596946.090001
2022-03-11,300502,11.92,11.95,11.37,11.88,11327508.0,369103073.0,5216688920.520001
2022-03-14,300502,11.75,11.75,11.2,11.26,9038626.0,287907495.0,4944437478.540001
2022-03-15,300502,11.16,11.23,10.62,10.62,13899232.0,420246253.0,4663403731.9800005
2022-03-16,300502,10.83,11.03,10.37,10.98,12828873.0,383807860.0,4821485214.420001
2022-03-17,300502,11.12,11.44,11.12,11.26,11774262.0,368293349.0,4944437478.540001
2022-03-18,300502,11.17,11.33,11.09,11.26,5870464.0,183439174.0,4944437478.540001
2022-03-21,300502,11.26,11.47,11.14,11.31,6017137.0,189144598.0,4966393239.990001
2022-03-22,300502,11.24,11.25,10.94,11.02,6461613.0,198795269.0,4839049823.580001
2022-03-23,300502,11.11,12.17,10.89,12.02,20525294.0,668884087.0,5278165052.580001
2022-03-24,300502,11.69,11.84,11.42,11.51,13495847.0,433954858.0,5054216285.790001
2022-03-25,300502,11.4,11.46,11.07,11.14,8140322.0,253661413.0,4891743651.060001
2022-03-28,300502,10.97,11.38,10.75,11.34,7806750.0,241655133.0,4979566696.860001
2022-03-29,300502,11.37,11.56,11.08,11.2,5290923.0,166577379.0,4918090564.8
2022-03-30,300502,11.33,11.47,11.23,11.37,5322177.0,167998045.0,4992740153.7300005
2022-03-31,300502,11.33,11.33,11.11,11.23,4449583.0,138752414.0,4944351912.87
2022-04-01,300502,11.16,11.17,10.82,10.86,8014387.0,243319468.0,4781448065.34
2022-04-06,300502,10.8,10.83,10.58,10.73,5849222.0,173958563.0,4724211578.37
2022-04-07,300502,10.65,10.72,10.26,10.39,6208629.0,180183575.0,4574516150.91
2022-04-08,300502,10.45,10.47,10.02,10.32,5675653.0,161602476.0,4543696504.08
2022-04-11,300502,10.22,10.32,9.61,9.76,6433080.0,176597472.0,4297139329.44
2022-04-12,300502,9.69,9.88,9.51,9.78,6234324.0,167891473.0,4305944942.82
2022-04-13,300502,9.65,9.66,9.32,9.32,6330846.0,166622902.0,4103415835.08
2022-04-14,300502,9.46,9.6,9.32,9.51,6783744.0,178196325.0,4187069162.19
2022-04-15,300502,9.38,9.76,9.33,9.69,7944423.0,211419389.0,4266319682.6099997
2022-04-18,300502,9.68,10.21,9.55,10.18,8866228.0,245810056.0,4482057210.42
2022-04-19,300502,10.1,10.27,10.08,10.2,4983085.0,141018353.0,4490862823.799999
2022-04-20,300502,10.24,10.4,10.08,10.22,4633173.0,131928561.0,4499668437.18
2022-04-21,300502,10.16,10.32,9.85,9.9,6331999.0,177065495.0,4358778623.1
2022-04-22,300502,9.71,9.8,8.32,8.32,27057093.0,660742142.0,3663135166.08
2022-04-25,300502,8.3,8.53,7.96,7.96,15031264.0,345396962.0,3504634125.24
2022-04-26,300502,8.12,8.26,7.63,7.72,11409799.0,252835691.0,3398966764.68
2022-04-27,300502,7.62,8.28,7.57,8.25,13543356.0,298394928.0,3632315519.25
2022-04-28,300502,8.13,8.21,7.81,7.93,10868157.0,241302323.0,3491425705.17
2022-04-29,300502,8.09,8.54,7.85,8.41,17530905.0,398341796.0,3702760426.29
2022-05-05,300502,8.29,8.78,8.29,8.58,14138645.0,339106977.0,3777608140.02
2022-05-06,300502,8.32,8.56,8.29,8.45,7552742.0,176801891.0,3720371653.0499997
2022-05-09,300502,8.43,8.64,8.33,8.49,7118951.0,168366612.0,3737982879.81
2022-05-10,300502,8.35,8.98,8.31,8.92,12251072.0,297709673.0,3927303567.48
2022-05-11,300502,8.91,9.89,8.82,9.3,18153932.0,477654491.0,4094610221.7000003
2022-05-12,300502,9.25,9.44,9.22,9.37,7582567.0,196432698.0,4125429868.5299997
2022-05-13,300502,9.43,9.44,9.1,9.32,7479866.0,192167330.0,4103415835.08
2022-05-16,300502,9.33,9.48,9.03,9.14,7292566.0,186961685.0,4024165314.6600003
2022-05-17,300502,9.2,9.3,9.0,9.26,6038419.0,153613928.0,4076998994.94
2022-05-18,300502,9.32,9.45,9.22,9.26,5311333.0,137627061.0,4076998994.94
2022-05-19,300502,9.02,9.26,9.0,9.17,5926142.0,150468567.0,4037373734.73
2022-05-20,300502,9.21,9.4,9.11,9.21,8396302.0,214559000.0,4054984961.4900002
2022-05-23,300502,9.22,9.27,9.02,9.21,5985316.0,152183988.0,4054984961.4900002
2022-05-24,300502,9.21,9.44,8.64,8.66,10089781.0,252973698.0,3812830593.54
2022-05-25,300502,8.61,8.73,8.58,8.69,6387925.0,153586635.0,3826039013.6099997
2022-05-26,300502,8.84,9.26,8.46,9.13,13235264.0,329683954.0,4019762507.9700003
2022-05-27,300502,9.13,9.26,8.76,8.85,8249832.0,206019115.0,3896483920.6499996
2022-05-30,300502,8.81,9.11,8.71,8.96,6392911.0,158500773.0,3944914794.2400002
2022-05-31,300502,8.93,9.33,8.88,9.27,9639826.0,245340643.0,4081401801.6299996
2022-06-01,300502,9.21,9.45,9.17,9.27,6678279.0,172579906.0,4081401801.6299996
2022-06-02,300502,9.19,9.52,9.17,9.44,9258282.0,241739646.0,4156249515.3599997
2022-06-06,300502,9.5,9.82,9.46,9.76,9542863.0,258009989.0,4297139329.44
2022-06-07,300502,9.84,9.84,9.55,9.71,8704965.0,233937448.0,4275125295.9900002
2022-06-08,300502,9.71,9.88,9.43,9.6,7830512.0,210449245.0,4226694422.3999996
2022-06-09,300502,9.64,9.64,9.25,9.32,6225404.0,162875388.0,4103415835.08
2022-06-10,300502,9.28,9.61,9.24,9.57,6419492.0,169774635.0,4213486002.33
2022-06-13,300502,9.53,9.74,9.46,9.64,5475120.0,146280648.0,4244305649.1600003
2022-06-14,300502,9.5,9.5,9.04,9.37,9176088.0,235687587.0,4125429868.5299997
2022-06-15,300502,9.31,9.79,9.29,9.52,9539466.0,254565743.0,4191471968.8799996
2022-06-16,300502,9.57,9.75,9.47,9.55,8087538.0,216615195.0,4204680388.9500003
2022-06-17,300502,9.47,9.65,9.34,9.58,9325220.0,245866035.0,4217888809.02
2022-06-20,300502,9.75,9.95,9.58,9.63,10491755.0,283496615.0,4239902842.4700003
2022-06-21,300502,9.68,9.69,9.28,9.39,9720896.0,254925679.0,4134235481.9100003
2022-06-22,300502,9.42,9.45,8.84,8.92,11040556.0,279153362.0,3927303567.48
2022-06-23,300502,8.94,9.32,8.94,9.29,11103957.0,282153681.0,4090207415.0099998
2022-06-24,300502,9.38,9.43,9.04,9.14,14537878.0,369607309.0,4024165314.6600003
2022-06-27,300502,9.21,9.45,9.13,9.24,11640634.0,298611536.0,4068193381.56
2022-06-28,300502,9.22,9.45,8.99,9.44,12335092.0,315007121.0,4156249515.3599997
2022-06-29,300502,9.39,9.69,9.23,9.27,15013733.0,392324716.0,4081401801.6299996
2022-06-30,300502,9.23,9.62,9.22,9.47,12555182.0,327142300.0,4169457935.4300003
2022-07-01,300502,9.43,9.52,9.17,9.24,12032016.0,308855201.0,4068193381.56
2022-07-04,300502,9.22,9.27,8.72,8.82,22511118.0,548719757.0,3883275500.58
2022-07-05,300502,8.82,8.98,8.63,8.75,12798285.0,310832074.0,3852455853.75
2022-07-06,300502,8.72,8.94,8.68,8.78,9998157.0,243432246.0,3865664273.8199997
2022-07-07,300502,8.75,8.82,8.52,8.63,8369572.0,200196763.0,3799622173.4700003
2022-07-08,300502,8.67,8.82,8.53,8.55,9820862.0,235255158.0,3764399719.9500003
2022-07-11,300502,8.5,8.5,8.12,8.24,13427906.0,306601354.0,3627912712.56
2022-07-12,300502,8.24,8.24,8.01,8.01,8862303.0,198689599.0,3526648158.69
2022-07-13,300502,8.04,8.11,7.92,7.96,7505930.0,166030332.0,3504634125.24
2022-07-14,300502,8.09,8.58,8.05,8.4,16416209.0,380443725.0,3698357619.6000004
2022-07-15,300502,8.3,8.81,8.27,8.54,15960242.0,380831273.0,3759996913.2599998
2022-07-18,300502,8.63,8.92,8.39,8.86,14198517.0,341265093.0,3900886727.3399997
2022-07-19,300502,8.8,9.16,8.8,9.02,17815680.0,444444495.0,3971331634.3799996
2022-07-20,300502,9.01,9.25,9.01,9.14,15011710.0,379701150.0,4024165314.6600003
2022-07-21,300502,9.09,9.33,9.02,9.04,14337990.0,363421461.0,3980137247.7599998
2022-07-22,300502,9.06,9.21,8.82,8.97,11315267.0,280653722.0,3949317600.9300003
2022-07-25,300502,9.02,9.22,8.9,8.96,9716398.0,242590560.0,3944914794.2400002
2022-07-26,300502,8.95,8.96,8.77,8.91,6806756.0,167015284.0,3922900760.79
2022-07-27,300502,8.91,9.2,8.88,9.14,11282426.0,283314186.0,4024165314.6600003
2022-07-28,300502,9.15,9.38,9.15,9.17,11774866.0,301485250.0,4037373734.73
2022-07-29,300502,9.26,9.27,8.94,9.08,11152155.0,280099119.0,3997748474.52
2022-08-01,300502,9.05,9.34,8.82,9.24,13056575.0,330741480.0,4068193381.56
2022-08-02,300502,9.1,9.13,8.65,8.85,14356513.0,352640363.0,3896483920.6499996
2022-08-03,300502,8.93,9.44,8.93,9.1,20049008.0,513653917.0,4006554087.8999996
2022-08-04,300502,9.25,9.29,9.02,9.22,11659090.0,295369943.0,4059387768.1800003
2022-08-05,300502,9.25,9.66,9.18,9.64,26808983.0,703767148.0,4244305649.1600003
2022-08-08,300502,9.73,9.78,9.47,9.61,15492030.0,410667658.0,4231097229.0899997
2022-08-09,300502,9.74,9.79,9.55,9.71,20639806.0,552899675.0,4275125295.9900002
2022-08-10,300502,9.7,9.82,9.58,9.65,13370307.0,358125077.0,4248708455.8500004
2022-08-11,300502,9.66,10.59,9.66,10.42,35616377.0,1016270100.0,4587724570.98
2022-08-12,300502,10.45,10.48,10.03,10.05,20130215.0,567460300.0,4424820723.450001
2022-08-15,300502,10.03,10.18,9.84,10.11,13440579.0,373066891.0,4451237563.59
2022-08-16,300502,10.15,10.16,9.83,9.95,12681548.0,348872479.0,4380792656.549999
2022-08-17,300502,9.99,10.22,9.87,10.12,13231172.0,368908436.0,4455640370.28
2022-08-18,300502,10.08,10.44,9.98,10.31,13479865.0,382433304.0,4539293697.39
2022-08-19,300502,10.26,10.51,10.0,10.0,11598902.0,326222981.0,4402806690.0
2022-08-22,300502,9.97,10.08,9.78,9.98,9144279.0,252390422.0,4394001076.62
2022-08-23,300502,9.91,9.99,9.79,9.91,8156467.0,223078135.0,4363181429.79
2022-08-24,300502,9.89,9.94,9.39,9.4,13790187.0,365618210.0,4138638288.6000004
2022-08-25,300502,9.46,9.52,9.25,9.44,9347327.0,241834727.0,4156249515.3599997
2022-08-26,300502,9.22,9.36,8.93,8.99,21088828.0,531456452.0,3958123214.31
2022-08-29,300502,8.82,9.16,8.82,9.07,8458908.0,211537859.0,3993345667.83
2022-08-30,300502,9.07,9.19,8.94,9.12,6754561.0,169797237.0,4015359701.2799997
2022-08-31,300502,9.06,9.16,8.83,8.87,8417200.0,208123221.0,3905289534.0299997
2022-09-01,300502,8.86,8.93,8.59,8.64,10321395.0,249135834.0,3804024980.1600003
2022-09-02,300502,8.67,9.05,8.66,8.94,9902316.0,243123886.0,3936109180.8599997
2022-09-05,300502,8.91,8.98,8.75,8.8,6073608.0,148658537.0,3874469887.2000003
2022-09-06,300502,8.82,8.94,8.71,8.91,7225300.0,177073924.0,3922900760.79
2022-09-07,300502,8.99,9.1,8.86,8.91,8517059.0,211103739.0,3922900760.79
2022-09-08,300502,8.88,8.94,8.71,8.72,7741056.0,188143608.0,3839247433.6800003
2022-09-09,300502,8.74,8.77,8.63,8.69,6833757.0,164188960.0,3826039013.6099997
2022-09-13,300502,8.78,8.87,8.59,8.64,6720526.0,162029352.0,3804024980.1600003
2022-09-14,300502,8.49,8.56,8.4,8.49,6251140.0,146529005.0,3737982879.81
2022-09-15,300502,8.55,8.55,8.04,8.17,9759577.0,222484301.0,3597093065.73
2022-09-16,300502,8.17,8.25,7.95,7.95,6753296.0,151149565.0,3500231318.55
2022-09-19,300502,7.97,8.07,7.84,7.95,6820274.0,149616980.0,3500231318.55
2022-09-20,300502,8.02,8.04,7.85,7.94,6367284.0,139830034.0,3495828511.86
2022-09-21,300502,7.92,8.02,7.74,7.94,6086884.0,133045893.0,3495828511.86
2022-09-22,300502,7.92,8.09,7.87,8.02,6039681.0,133914675.0,3531050965.3799996
2022-09-23,300502,7.99,8.02,7.66,7.81,7008863.0,151888550.0,3438592024.89
2022-09-26,300502,7.75,7.85,7.7,7.73,4804472.0,103261908.0,3403369571.3700004
2022-09-27,300502,7.73,7.95,7.73,7.94,6086513.0,132201961.0,3495828511.86
2022-09-28,300502,7.89,7.9,7.54,7.55,7548027.0,160531976.0,3324119050.95
2022-09-29,300502,7.69,7.92,7.62,7.76,8021985.0,172810399.0,3416577991.44
2022-09-30,300502,7.76,7.84,7.63,7.64,5016891.0,106895089.0,3363738581.16
2022-10-10,300502,7.66,7.69,7.29,7.34,7036426.0,143837913.0,3231654605.46
2022-10-11,300502,7.3,7.51,7.24,7.36,5473538.0,111154153.0,3240460203.84
2022-10-12,300502,7.38,7.72,7.34,7.72,9108020.0,189872627.0,3398960974.68
2022-10-13,300502,7.76,7.96,7.7,7.86,9115165.0,198329329.0,3460600163.34
2022-10-14,300502,7.91,8.0,7.82,7.94,8083012.0,177059004.0,3495822556.86
2022-10-17,300502,7.84,8.12,7.84,8.07,7780425.0,172900824.0,3553058946.33
2022-10-18,300502,8.08,8.11,7.91,8.04,7910422.0,175196646.0,3539850548.7599998
2022-10-19,300502,7.95,8.15,7.95,8.01,7496254.0,167273303.0,3526642151.19
2022-10-20,300502,7.97,8.21,7.87,8.11,9397359.0,209441873.0,3570670143.0899997
2022-10-21,300502,8.14,8.19,7.91,8.02,6500734.0,144285659.0,3531044950.3799996
2022-10-24,300502,8.05,8.21,7.84,7.88,7574149.0,168637879.0,3469405761.72
2022-10-25,300502,7.88,8.02,7.76,7.89,6564499.0,143377443.0,3473808560.91
2022-10-26,300502,7.91,8.24,7.85,8.17,9418558.0,211258337.0,3597086938.23
2022-10-27,300502,9.36,9.73,9.17,9.17,56415216.0,1459998701.0,4037366857.23
2022-10-28,300502,9.22,9.41,8.79,8.84,28028228.0,707226482.0,3892074483.96
2022-10-31,300502,8.91,9.43,8.86,9.35,25007646.0,639404783.0,4116617242.6499996
2022-11-01,300502,9.34,9.58,9.18,9.55,18728832.0,486173597.0,4204673226.4500003
2022-11-02,300502,9.51,9.78,9.47,9.58,16499631.0,438470960.0,4217881624.02
2022-11-03,300502,9.4,9.96,9.4,9.87,18733695.0,507538712.0,4345562800.53
2022-11-04,300502,9.83,10.06,9.72,9.95,15494182.0,424947487.0,4380785194.049999
2022-11-07,300502,9.84,10.04,9.74,9.87,12373563.0,337842552.0,4345562800.53
2022-11-08,300502,9.8,9.85,9.64,9.75,7788438.0,209411724.0,4292729210.25
2022-11-09,300502,9.74,9.81,9.61,9.66,6344331.0,170145555.0,4253104017.54
2022-11-10,300502,9.65,9.79,9.4,9.44,11051588.0,291957894.0,4156242435.3599997
2022-11-11,300502,9.71,9.78,9.47,9.52,8982717.0,238054324.0,4191464828.8799996
2022-11-14,300502,9.52,9.78,9.42,9.57,8587795.0,228633104.0,4213478824.83
2022-11-15,300502,9.51,10.05,9.48,9.98,13612874.0,371792048.0,4393993591.62
2022-11-16,300502,10.03,10.28,9.94,10.05,13173816.0,367532636.0,4424813185.950001
2022-11-17,300502,10.01,10.22,9.92,10.2,9993151.0,278889022.0,4490855173.799999
2022-11-18,300502,10.21,10.3,9.92,9.93,10542108.0,295217990.0,4371979595.67
2022-11-21,300502,9.8,10.33,9.8,10.18,13471760.0,376478815.0,4482049575.42
2022-11-22,300502,10.11,10.14,9.79,9.87,8870171.0,244518670.0,4345562800.53
2022-11-23,300502,9.85,9.9,9.46,9.65,11493162.0,305726615.0,4248701218.3500004
2022-11-24,300502,9.7,9.8,9.58,9.66,6602737.0,176643949.0,4253104017.54
2022-11-25,300502,9.66,9.72,9.43,9.46,5443618.0,143240769.0,4165048033.7400002
2022-11-28,300502,9.29,9.38,9.18,9.27,7127763.0,182764039.0,4081394849.1299996
2022-11-29,300502,9.3,9.42,9.27,9.34,8370751.0,216326058.0,4112214443.46
2022-11-30,300502,9.34,9.43,9.25,9.32,5686794.0,147112527.0,4103408845.08
2022-12-01,300502,9.44,9.6,9.31,9.32,8033442.0,209891765.0,4088736303.8399997
2022-12-02,300502,9.27,9.55,9.27,9.32,6247316.0,162586913.0,4088736303.8399997
2022-12-05,300502,9.4,9.43,9.17,9.34,7195853.0,184951857.0,4097510416.0799994
2022-12-06,300502,9.29,9.33,9.14,9.17,6222600.0,158952004.0,4022930462.0399995
2022-12-07,300502,9.11,9.18,9.01,9.04,8483941.0,213266028.0,3965898732.479999
2022-12-08,300502,9.11,9.13,8.93,9.01,6111429.0,152760146.0,3952737564.1199994
2022-12-09,300502,8.99,9.08,8.88,8.98,9937966.0,246639367.0,3939576395.7599998
2022-12-12,300502,8.99,9.26,8.97,9.17,8664261.0,219038000.0,4022930462.0399995
2022-12-13,300502,9.13,9.18,8.88,8.91,7893342.0,195739046.0,3908867002.9199996
2022-12-14,300502,8.95,9.07,8.87,8.91,5401813.0,133904812.0,3908867002.9199996
2022-12-15,300502,8.86,9.1,8.79,9.08,6467970.0,161345604.0,3983446956.9599996
2022-12-16,300502,9.09,9.09,8.71,8.76,9302962.0,227215076.0,3843061161.1199994
2022-12-19,300502,8.8,8.92,8.58,8.67,5159258.0,125037796.0,3803577656.0399995
2022-12-20,300502,8.67,8.72,8.53,8.64,4671534.0,111524420.0,3790416487.68
2022-12-21,300502,8.64,8.7,8.44,8.51,3913162.0,92396400.0,3733384758.1199994
2022-12-22,300502,8.54,8.58,8.34,8.39,3755880.0,87826504.0,3680740084.68
2022-12-23,300502,8.32,8.43,8.32,8.4,2508956.0,58161112.0,3685127140.7999997
2022-12-26,300502,8.41,8.54,8.33,8.46,6057759.0,141635915.0,3711449477.52
2022-12-27,300502,8.48,8.63,8.48,8.52,5760470.0,136224485.0,3737771814.2399993
2022-12-28,300502,8.53,8.58,8.33,8.39,5324400.0,124034006.0,3680740084.68
2022-12-29,300502,8.38,8.66,8.34,8.54,8288842.0,195769888.0,3746545926.479999
2022-12-30,300502,8.54,8.68,8.5,8.58,5276571.0,125350671.0,3764094150.9599996
2023-01-03,300502,8.56,8.99,8.51,8.93,9942473.0,242783805.0,3917641115.1599994
2023-01-04,300502,8.93,9.05,8.83,8.97,8583300.0,211951106.0,3935189339.64
2023-01-05,300502,8.95,9.08,8.88,9.06,6357582.0,158511668.0,3974672844.72
2023-01-06,300502,9.03,9.22,9.01,9.12,7454067.0,188301023.0,4000995181.439999
2023-01-09,300502,9.13,9.19,8.99,9.02,6704022.0,168223620.0,3957124620.2399993
2023-01-10,300502,9.02,9.08,8.94,9.0,5021875.0,125036450.0,3948350507.9999995
2023-01-11,300502,9.05,9.07,8.86,8.86,5840948.0,144594329.0,3886931722.319999
2023-01-12,300502,8.86,8.95,8.82,8.92,4653275.0,114619461.0,3913254059.0399995
2023-01-13,300502,9.01,9.01,8.76,8.86,5683904.0,138603326.0,3886931722.319999
2023-01-16,300502,8.83,9.17,8.82,9.07,8230747.0,206325536.0,3979059900.8399997
2023-01-17,300502,9.08,9.14,9.02,9.1,4172757.0,104841006.0,3992221069.1999993
2023-01-18,300502,9.1,9.18,9.0,9.14,5902768.0,148763514.0,4009769293.68
2023-01-19,300502,9.11,9.2,9.06,9.19,7067028.0,178854482.0,4031704574.2799993
2023-01-20,300502,9.17,9.32,9.17,9.25,7420747.0,189840425.0,4058026910.9999995
2023-01-30,300502,9.37,9.51,9.28,9.31,9410467.0,243235545.0,4084349247.72
2023-01-31,300502,9.22,9.28,8.99,9.09,18220946.0,458046720.0,3987834013.0799994
2023-02-01,300502,9.08,9.32,9.08,9.32,14832405.0,378317947.0,4088736303.8399997
2023-02-02,300502,9.32,9.58,9.32,9.45,16100029.0,421116461.0,4145768033.399999
2023-02-03,300502,9.55,9.72,9.32,9.54,17834356.0,469283618.0,4185251538.479999
2023-02-06,300502,9.54,9.94,9.53,9.85,27964879.0,755152060.0,4321250278.199999
2023-02-07,300502,9.72,10.59,9.7,10.46,48835391.0,1387999194.0,4588860701.5199995
2023-02-08,300502,10.88,10.95,10.25,10.33,34724365.0,1006433340.0,4531828971.959999
2023-02-09,300502,10.3,11.57,10.18,11.57,51052054.0,1554401596.0,5075823930.839999
2023-02-10,300502,11.57,12.6,11.49,11.73,68918479.0,2278273177.0,5146016828.759999
2023-02-13,300502,11.93,12.29,11.75,12.19,48047273.0,1595666792.0,5347821410.279999
2023-02-14,300502,11.93,12.09,11.57,11.7,38214670.0,1242231058.0,5132855660.399999
2023-02-15,300502,11.67,12.13,11.59,11.95,36126021.0,1187262046.0,5242532063.399999
2023-02-16,300502,11.83,11.83,11.17,11.38,37892192.0,1210343753.0,4992469864.559999
2023-02-17,300502,11.51,11.6,11.08,11.15,25048002.0,780543779.0,4891567573.799999
2023-02-20,300502,11.12,11.37,11.02,11.3,18259078.0,567104932.0,4957373415.599999
2023-02-21,300502,11.26,11.47,11.03,11.15,19759614.0,613640350.0,4891567573.799999
2023-02-22,300502,11.05,11.4,10.93,11.2,18120242.0,559978561.0,4913502854.399999
2023-02-23,300502,11.09,11.23,10.96,11.08,12059659.0,370138936.0,4860858180.959999
2023-02-24,300502,11.15,11.62,11.13,11.34,28588424.0,903104152.0,4974921640.079999
2023-02-27,300502,11.24,11.47,11.12,11.17,17019314.0,530634675.0,4900341686.039999
2023-02-28,300502,11.53,11.92,11.4,11.63,36012494.0,1158912071.0,5102146267.559999
2023-03-01,300502,11.54,12.21,11.54,11.99,35749240.0,1180946629.0,5260080287.879999
2023-03-02,300502,11.97,12.57,11.82,12.08,37131887.0,1255182956.0,5299563792.959999
2023-03-03,300502,11.93,12.07,11.55,11.75,32747213.0,1067667239.0,5154790940.999999
2023-03-06,300502,11.71,11.97,11.57,11.62,20051474.0,651275614.0,5097759211.439999
2023-03-07,300502,11.6,11.67,10.98,10.99,31625609.0,983482882.0,4821374675.879999
2023-03-08,300502,11.01,11.32,11.01,11.23,20994939.0,651579058.0,4926664022.759999
2023-03-09,300502,11.22,11.49,10.97,11.34,18201840.0,563213338.0,4974921640.079999
2023-03-10,300502,11.22,11.39,11.13,11.15,12715133.0,395667746.0,4891567573.799999
2023-03-13,300502,11.03,11.44,11.03,11.44,17024872.0,533000206.0,5018792201.279999
2023-03-14,300502,11.37,11.46,11.06,11.16,19237889.0,597048775.0,4895954629.919999
2023-03-15,300502,11.21,11.36,10.82,10.84,19021110.0,578580489.0,4755568834.079999
2023-03-16,300502,10.66,10.93,10.66,10.68,15199144.0,454263128.0,4685375936.159999
2023-03-17,300502,10.81,11.44,10.8,11.33,28871992.0,894834458.0,4970534583.959999
2023-03-20,300502,11.36,11.95,11.35,11.53,35103680.0,1135086153.0,5058275706.359999
2023-03-21,300502,11.5,11.73,11.28,11.61,22025671.0,703001780.0,5093372155.319999
2023-03-22,300502,11.59,13.4,11.49,13.39,72523909.0,2543780006.0,5874268144.679999
2023-03-23,300502,13.26,14.56,13.11,14.08,85435366.0,3279611548.0,6176975016.959999
2023-03-24,300502,13.99,14.26,13.72,14.2,45582271.0,1770292645.0,6229619690.399999
2023-03-27,300502,14.14,15.62,14.14,15.61,65632858.0,2720322057.0,6848194603.319999
2023-03-28,300502,15.18,16.22,15.0,15.44,66233727.0,2841049733.0,6773614649.279999
2023-03-29,300502,15.25,16.99,15.25,16.38,68594308.0,3091577802.0,7185997924.5599985
2023-03-30,300502,16.07,16.61,15.8,16.47,51889642.0,2326687813.0,7225481429.639998
2023-03-31,300502,16.26,17.8,15.75,17.53,59625056.0,2749358106.0,7690509378.36
2023-04-03,300502,18.51,21.04,18.25,21.04,89545345.0,4950423892.0,9230366076.479998
2023-04-04,300502,21.65,22.3,21.11,22.3,78707191.0,4736448188.0,9783135147.599998
2023-04-06,300502,21.76,25.59,21.69,23.81,86567685.0,5738887889.0,10445580621.719997
2023-04-07,300502,23.87,25.37,23.63,25.37,58360518.0,3981736363.0,11129961376.439999
2023-04-10,300502,26.26,27.79,24.82,25.97,73450545.0,5285749437.0,11393184743.639997
2023-04-11,300502,25.58,27.25,24.64,26.05,74402406.0,5289649807.0,11428281192.599998
2023-04-12,300502,25.56,26.16,24.52,25.66,60278862.0,4248332599.0,11257186003.919998
2023-04-13,300502,25.72,26.07,23.73,24.17,67873000.0,4644336432.0,10603514642.039999
2023-04-14,300502,24.57,26.36,24.23,26.27,74449244.0,5242846195.0,11524796427.239998
2023-04-17,300502,25.48,26.0,24.54,25.24,44984396.0,3144716008.0,11072929646.879997
2023-04-18,300502,25.66,29.88,25.26,28.88,82901745.0,6197788165.0,12669818074.559998
2023-04-19,300502,28.96,29.76,27.83,27.83,65632819.0,5246517890.0,12209177181.959997
2023-04-20,300502,28.3,30.11,27.69,29.84,65023892.0,5212960245.0,13090975462.079998
2023-04-21,300502,29.06,29.28,27.36,27.36,55562119.0,4342297745.0,12002985544.319998
2023-04-24,300502,27.22,29.1,26.87,28.55,55350305.0,4318413495.0,12525045222.599998
2023-04-25,300502,27.83,28.37,25.88,26.67,55377398.0,4154086998.0,11700278672.039999
2023-04-26,300502,27.47,27.51,24.58,25.73,61648288.0,4432234570.0,11287895396.759998
2023-04-27,300502,23.85,24.39,22.29,22.77,78597334.0,5087583517.0,9989326785.239998
2023-04-28,300502,23.51,25.37,23.02,24.94,54386257.0,3624559220.0,10941317963.279999
2023-05-04,300502,24.58,25.52,22.63,23.21,50216004.0,3293688596.0,10182357254.519999
2023-05-05,300502,23.13,24.11,21.26,21.56,55755168.0,3459188766.0,9458492994.719997
2023-05-08,300502,21.72,23.24,21.14,22.39,42065274.0,2602942594.0,9822618652.679998
2023-05-09,300502,22.05,24.32,22.05,23.23,39260010.0,2557282997.0,10191131366.759998
2023-05-10,300502,23.59,24.53,21.83,22.25,35581113.0,2254033858.0,9761199866.999998
2023-05-11,300502,22.05,23.08,21.83,22.01,25699581.0,1590814424.0,9655910520.119999
2023-05-12,300502,22.05,23.92,21.99,22.69,39291391.0,2499915045.0,9954230336.279999
2023-05-15,300502,23.18,23.85,21.51,22.99,46791700.0,2916444296.0,10085842019.879997
2023-05-16,300502,22.28,22.53,21.14,21.68,43241179.0,2593056373.0,9511137668.159998
2023-05-17,300502,21.87,23.0,21.41,22.21,36517400.0,2251275881.0,9743651642.519999
2023-05-18,300502,24.22,26.66,22.91,26.66,65508702.0,4539619302.0,11695891615.919998
2023-05-19,300502,25.67,26.52,23.69,23.96,68152370.0,4697349857.0,10511386463.519999
2023-05-22,300502,23.32,23.91,22.15,22.55,39073963.0,2469071854.0,9892811550.599998
2023-05-23,300502,22.7,23.12,21.97,22.78,40495956.0,2535716975.0,9993713841.359999
2023-05-24,300502,22.22,24.22,22.06,23.16,44661090.0,2879970379.0,10160421973.919998
2023-05-25,300502,24.9,25.95,23.13,24.78,59866478.0,4059787563.0,10871125065.359999
2023-05-26,300502,24.22,26.24,24.14,25.08,45464224.0,3193415157.0,11002736748.959997
2023-05-29,300502,26.02,27.27,25.27,25.84,47002519.0,3422074698.0,11336153014.079998
2023-05-30,300502,26.12,28.34,25.88,27.58,51520674.0,3855252836.0,12099500778.959997
2023-05-31,300502,27.22,31.76,26.16,30.52,61934991.0,4894656050.0,13464106390.56
2023-06-01,300502,29.24,30.37,28.91,29.57,39799952.0,3251811087.0,13045007403.960001
2023-06-02,300502,30.04,30.36,28.3,28.64,30691056.0,2470943058.0,12634731553.92
2023-06-05,300502,27.89,29.88,27.83,29.01,30768954.0,2481402804.0,12797959580.28
2023-06-06,300502,28.66,30.61,28.44,28.73,31172892.0,2540298062.0,12674435668.44
2023-06-07,300502,28.82,30.24,28.0,29.11,30005623.0,2414302752.0,12842075263.08
2023-06-08,300502,28.39,28.86,26.79,27.91,42039864.0,2310718206.0,17237714974.98
2023-06-09,300502,27.91,30.6,27.52,29.85,59164384.0,3401586568.0,18435893658.3
2023-06-12,300502,29.49,31.5,29.48,30.82,53448333.0,3235840326.0,19034982999.96
2023-06-13,300502,30.41,32.72,29.39,31.11,54748057.0,3360002575.0,19214092184.579998
2023-06-14,300502,31.17,34.9,30.67,33.35,70086135.0,4498585033.0,20597556231.3
2023-06-15,300502,34.02,34.56,32.22,32.33,63188792.0,4155009075.0,19967585995.739998
2023-06-16,300502,32.35,35.05,31.48,34.79,77088346.0,5065108507.0,21486925975.62
2023-06-19,300502,35.29,41.14,35.08,39.68,84043065.0,6211025610.0,24507077399.04
2023-06-20,300502,38.52,40.73,36.87,40.54,68246986.0,5217054313.0,25038228774.12
2023-06-21,300502,39.49,39.49,35.48,35.7,72231291.0,5224195849.0,22048958244.600002
2023-06-26,300502,35.48,36.03,32.13,32.58,75035360.0,4977387269.0,20121990465.239998
2023-06-27,300502,32.58,32.75,30.85,31.2,50797944.0,3158608205.0,19269677793.6
2023-06-28,300502,30.15,30.15,27.94,28.89,63351514.0,3610374932.0,17842980495.420002
2023-06-29,300502,29.39,31.18,28.44,30.71,79052981.0,4620862597.0,18967045033.38
2023-06-30,300502,30.1,35.73,29.93,34.45,95757910.0,6236192381.0,21276935897.100002
2023-07-03,300502,34.72,35.82,31.04,34.34,83540564.0,5451946280.0,21208997930.52
2023-07-04,300502,34.74,37.6,34.74,36.18,90546443.0,6511107221.0,22345414826.04
2023-07-05,300502,36.18,36.29,33.35,33.66,76314372.0,5233979402.0,20789017773.48
2023-07-06,300502,33.6,36.24,32.95,34.46,65723761.0,4530736787.0,21283112075.88
2023-07-07,300502,34.74,35.64,32.35,34.2,61092787.0,4113961716.0,21122531427.600002
2023-07-10,300502,33.71,34.67,32.09,32.87,47154693.0,3061797421.0,20301099649.859997
2023-07-11,300502,32.76,33.33,31.88,33.09,43573380.0,2809106394.0,20436975583.02
2023-07-12,300502,32.64,32.93,29.86,30.07,67709111.0,4161623866.0,18571769591.46
2023-07-13,300502,30.67,32.32,30.09,32.13,60830435.0,3755422490.0,19844062420.140003
2023-07-14,300502,33.52,34.3,32.44,33.14,59831015.0,3922426612.0,20467856476.920002
2023-07-17,300502,33.14,34.72,32.46,34.55,54693810.0,3652538652.0,21338697684.899998
2023-07-18,300502,35.08,35.43,32.87,32.96,42120921.0,2811727437.0,20356685258.88
2023-07-19,300502,33.66,33.93,32.2,32.52,25700678.0,1663468181.0,20084933392.56
2023-07-20,300502,32.17,32.25,29.15,29.3,59800293.0,3620277158.0,18096203825.4
2023-07-21,300502,29.39,29.72,27.42,28.19,53185778.0,2957178810.0,17410647980.82
2023-07-24,300502,27.94,29.64,27.68,28.66,34653629.0,1972993505.0,17700928383.48
2023-07-25,300502,29.26,30.53,28.32,29.29,42324309.0,2446628592.0,18090027646.62
2023-07-26,300502,29.3,29.39,27.27,27.87,39616209.0,2194608489.0,17213010259.86
2023-07-27,300502,27.93,28.04,26.83,27.11,33109650.0,1784054105.0,16743620672.58
2023-07-28,300502,27.11,27.53,26.29,26.66,33582706.0,1775882890.0,16465692627.48
2023-07-31,300502,26.18,27.47,25.61,26.3,39769242.0,2075092230.0,16243350191.4
2023-08-01,300502,26.3,27.69,25.44,27.25,57464448.0,3037541594.0,16830087175.5
2023-08-02,300502,26.87,28.13,26.76,27.67,41292905.0,2240382711.0,17089486684.26
2023-08-03,300502,27.11,28.38,26.78,27.12,30961019.0,1679810485.0,16749796851.36
2023-08-04,300502,26.91,28.92,26.6,28.75,51168343.0,2816612609.0,17756513992.5
2023-08-07,300502,29.13,30.66,28.98,29.23,48620362.0,2849451178.0,18052970573.94
2023-08-08,300502,29.14,30.15,28.18,28.22,33723157.0,1926650109.0,17429176517.16
2023-08-09,300502,27.96,28.62,26.63,26.74,41056966.0,2220987821.0,16515102057.72
2023-08-10,300502,26.53,27.22,26.03,26.23,30887328.0,1612598512.0,16200116939.94
2023-08-11,300502,26.7,26.7,25.65,25.67,19371230.0,996505607.0,15854250928.26
2023-08-14,300502,25.23,25.92,24.92,25.85,32281589.0,1621636508.0,15965422146.300001
2023-08-15,300502,27.03,27.25,25.34,25.51,40859096.0,2113596099.0,15755432067.78
2023-08-16,300502,25.35,25.69,24.47,24.9,31572543.0,1553864274.0,15378685162.199999
2023-08-17,300502,24.7,26.0,24.28,25.43,39562779.0,1968028120.0,15706022637.539999
2023-08-18,300502,25.34,25.59,23.82,23.82,40877832.0,1975383536.0,14711657853.960001
2023-08-21,300502,23.8,25.03,23.57,24.26,28421313.0,1370924341.0,14983409720.28
2023-08-22,300502,24.93,25.47,23.94,25.32,45906618.0,2240787777.0,15638084670.960001
2023-08-23,300502,24.98,25.18,23.9,23.92,28388808.0,1356111376.0,14773419641.76
2023-08-24,300502,24.83,24.83,23.59,23.77,37704985.0,1796972532.0,14680776960.06
2023-08-25,300502,22.3,23.31,21.97,22.2,56768931.0,2515209464.0,13711116891.6
2023-08-28,300502,23.49,23.72,22.02,22.54,42769120.0,1917661904.0,13921106970.119999
2023-08-29,300502,22.35,23.72,21.7,22.88,60864402.0,2726021054.0,14131097048.64
2023-08-30,300502,23.19,23.87,22.68,23.02,45050698.0,2055505235.0,14217563551.56
2023-08-31,300502,22.87,23.7,22.8,23.1,36467078.0,1673500553.0,14266972981.800001
2023-09-01,300502,22.82,23.19,22.17,22.43,25059511.0,1117309083.0,13853169003.539999
2023-09-04,300502,22.59,22.84,22.26,22.72,21322623.0,947070982.0,14032278188.16
2023-09-05,300502,22.68,22.68,22.05,22.2,26773186.0,1175445087.0,13711116891.6
2023-09-06,300502,22.05,22.35,21.79,22.21,22295846.0,970994322.0,13717293070.380001
2023-09-07,300502,22.17,22.2,21.34,21.38,26532558.0,1131898249.0,13204670231.64
2023-09-08,300502,21.29,21.54,20.79,20.98,20691682.0,861961968.0,12957623080.44
2023-09-11,300502,21.11,23.0,21.11,22.31,55735645.0,2428183294.0,13779054858.179998
2023-09-12,300502,22.07,23.21,22.0,22.44,47993248.0,2145124638.0,13859345182.320002
2023-09-13,300502,22.3,22.48,21.29,21.53,31396476.0,1347714848.0,13297312913.34
2023-09-14,300502,21.72,22.0,21.07,21.19,24341232.0,1030355252.0,13087322834.820002
2023-09-15,300502,21.07,21.27,20.28,20.4,30702972.0,1248654207.0,12599404711.199999
2023-09-18,300502,20.4,20.56,19.68,19.79,26250706.0,1040271493.0,12222657805.619999
2023-09-19,300502,19.79,20.21,19.28,19.72,28811219.0,1121305760.0,12179424554.16
2023-09-20,300502,19.64,21.03,19.61,20.09,41836868.0,1683582119.0,12407943169.02
2023-09-21,300502,20.12,20.91,19.88,20.17,31957293.0,1284126373.0,12457352599.26
2023-09-22,300502,20.26,22.86,20.19,22.62,78085420.0,3370531595.0,13970516400.36
2023-09-25,300502,22.32,23.04,21.51,21.64,59421505.0,2607476865.0,13365250879.92
2023-09-26,300502,22.07,22.97,21.8,22.23,63946486.0,2828656944.0,13729645427.94
2023-09-27,300502,22.5,23.54,22.23,22.86,57657423.0,2608752286.0,14118744691.08
2023-09-28,300502,23.4,24.09,22.86,23.31,57889222.0,2666143627.0,14396672736.179998
2023-10-09,300502,22.88,23.64,22.29,22.79,44549630.0,2017843344.0,14075511439.619999
2023-10-10,300502,22.71,23.31,22.5,22.67,31418202.0,1413702814.0,14001397294.26
2023-10-11,300502,22.55,23.58,22.39,22.82,39558726.0,1793467390.0,14094039975.960001
2023-10-12,300502,23.14,23.22,22.05,22.16,33308902.0,1471508918.0,13686412176.48
2023-10-13,300502,21.88,22.57,21.49,21.73,32437339.0,1407324150.0,13420836488.94
2023-10-16,300502,21.3,21.82,20.72,20.88,31716059.0,1320806276.0,12895861292.64
2023-10-17,300502,20.89,21.31,20.2,20.81,27663368.0,1129262212.0,12852628041.179998
2023-10-18,300502,20.22,20.33,18.86,19.86,39341815.0,1515644815.0,12265891057.08
2023-10-19,300502,19.84,20.06,19.22,19.32,25965791.0,999967202.0,11932377402.960001
2023-10-20,300502,19.26,19.48,18.45,18.53,26976041.0,1000958418.0,11444459279.34
2023-10-23,300502,18.08,18.21,16.47,16.93,59552938.0,2018869050.0,10456270674.539999
2023-10-24,300502,17.4,17.86,16.88,17.21,44296615.0,1521747750.0,10629203680.380001
2023-10-25,300502,17.21,17.26,16.24,16.35,42432690.0,1392007213.0,10098052305.300001
2023-10-26,300502,16.35,16.73,16.02,16.57,42769972.0,1381592396.0,10233928238.460001
2023-10-27,300502,16.37,16.57,16.06,16.43,35858045.0,1152604826.0,10147461735.539999
2023-10-30,300502,16.42,16.56,15.89,16.44,39272155.0,1257391825.0,10153637914.320002
2023-10-31,300502,16.43,16.43,15.75,15.9,32472338.0,1021102258.0,9820124260.2
2023-11-01,300502,15.93,16.16,15.51,15.55,28054478.0,871284118.0,9603958002.9
2023-11-02,300502,15.71,15.94,15.19,15.23,33529695.0,1027225929.0,9406320281.94
2023-11-03,300502,15.45,16.95,15.28,16.22,75631526.0,2416394115.0,10017761981.16
2023-11-06,300502,16.38,16.98,16.21,16.73,56105592.0,1837570574.0,10332747098.94
2023-11-07,300502,16.69,20.07,16.55,20.07,133716040.0,4833475542.0,12395590811.460001
2023-11-08,300502,19.26,21.1,19.16,20.91,138419786.0,5486365806.0,12914389828.98
2023-11-09,300502,21.38,21.75,20.58,20.99,105953205.0,4421404316.0,12963799259.22
2023-11-10,300502,20.63,22.05,20.63,21.59,93959347.0,4000888841.0,13334369986.02
2023-11-13,300502,22.08,23.49,21.76,21.92,110733035.0,4901445127.0,13538183885.76
2023-11-14,300502,22.39,23.03,21.89,22.33,79646020.0,3522616063.0,13791407215.74
2023-11-15,300502,22.81,23.0,21.11,21.64,74818732.0,3211793893.0,13365250879.92
2023-11-16,300502,21.44,21.83,20.98,21.02,52468292.0,2209704169.0,12982327795.56
2023-11-17,300502,21.2,24.49,20.88,23.73,113056658.0,4979924887.0,14656072244.94
2023-11-20,300502,23.32,24.28,23.07,23.94,89508297.0,4173910634.0,14785771999.320002
2023-11-21,300502,23.94,24.44,23.31,23.45,68051785.0,3205989638.0,14483139239.1
2023-11-22,300502,23.41,23.57,21.94,22.02,62442382.0,2778850765.0,13599945673.56
2023-11-23,300502,21.9,22.97,21.76,22.63,52734519.0,2332695471.0,13976692579.14
2023-11-24,300502,22.33,22.6,21.42,21.57,45003420.0,1942949293.0,13322017628.460001
2023-11-27,300502,21.33,23.39,21.33,22.96,70420797.0,3133702980.0,14180506478.880001
2023-11-28,300502,22.79,23.05,22.39,22.73,38977300.0,1739315243.0,14038454366.94
2023-11-29,300502,22.67,23.08,22.0,22.45,38938093.0,1733977513.0,13865521361.1
2023-11-30,300502,22.3,23.55,22.3,23.46,71597561.0,3251809584.0,14489315417.880001
2023-12-01,300502,23.22,26.27,23.11,25.25,105864660.0,5177463011.0,15594851419.5
2023-12-04,300502,24.84,25.76,24.58,24.83,73185473.0,3629949762.0,15335451910.74
2023-12-05,300502,24.71,25.45,24.22,24.38,63032333.0,3086636698.0,15057523865.64
2023-12-06,300502,24.12,24.89,23.8,24.53,53750694.0,2580946885.0,15150166547.34
2023-12-07,300502,24.53,26.54,24.38,25.84,80471245.0,4062198339.0,15959245967.52
2023-12-08,300502,25.85,29.5,25.44,27.47,114541260.0,6172538227.0,16965963108.66
2023-12-11,300502,26.86,28.12,26.65,28.02,70108500.0,3810661322.0,17305652941.56
2023-12-12,300502,27.6,27.98,25.78,26.72,83798018.0,4422903326.0,16502749700.16
2023-12-13,300502,26.66,27.32,26.28,26.55,41542125.0,2192528287.0,16397754660.9
2023-12-14,300502,27.06,28.27,26.62,27.27,66583187.0,3616732677.0,16842439533.06
2023-12-15,300502,27.37,27.65,25.4,25.85,58167773.0,3001647232.0,15965422146.300001
2023-12-18,300502,26.03,26.99,25.85,26.2,51266442.0,2677908108.0,16181588403.6
2023-12-19,300502,26.2,26.7,25.21,26.29,42643464.0,2181290692.0,16237174012.619999
2023-12-20,300502,25.98,26.1,24.68,24.94,46173075.0,2292483907.0,15403389877.320002
2023-12-21,300502,24.83,26.63,24.28,25.73,52020053.0,2613324813.0,15891308000.94
2023-12-22,300502,25.67,25.89,24.53,24.76,44976527.0,2238084004.0,15292218659.28
2023-12-25,300502,24.85,25.53,24.33,25.07,30628720.0,1515747076.0,15483680201.460001
2023-12-26,300502,24.81,25.18,23.7,24.0,37650422.0,1797030804.0,14822829072.0
2023-12-27,300502,24.28,24.5,23.73,23.83,27779413.0,1318715056.0,14717834032.74
2023-12-28,300502,23.58,24.88,23.58,24.48,38544619.0,1857681135.0,15119285653.44
2023-12-29,300502,24.41,25.78,24.28,25.0,41787200.0,2070427498.0,15440446950.0
2024-01-02,300502,24.71,25.52,24.22,24.31,30648429.0,1492903280.0,15014290614.179998
2024-01-03,300502,24.07,24.19,23.03,23.58,39925614.0,1855731100.0,14563429563.24
2024-01-04,300502,23.66,24.29,23.25,24.11,36782357.0,1731971687.0,14890767038.58
2024-01-05,300502,23.97,23.97,22.52,22.66,38278473.0,1737404332.0,13995221115.48
2024-01-08,300502,22.61,23.12,22.07,22.28,28252968.0,1258404602.0,13760526321.84
2024-01-09,300502,22.93,23.46,22.7,22.97,39483207.0,1797972289.0,14186682657.66
2024-01-10,300502,22.81,23.16,22.2,22.5,27496779.0,1231504428.0,13896402255.0
2024-01-11,300502,22.35,23.6,22.35,23.27,35535140.0,1624395673.0,14371968021.06
2024-01-12,300502,23.27,23.28,22.11,22.41,30612916.0,1363070648.0,13840816645.98
2024-01-15,300502,22.12,24.1,22.1,23.74,56014429.0,2581911630.0,14662248423.72
2024-01-16,300502,23.53,24.22,23.21,24.22,34256026.0,1596989048.0,14958705005.16
2024-01-17,300502,24.38,25.33,24.26,24.46,49750804.0,2427063635.0,15106933295.880001
2024-01-18,300502,24.25,26.74,23.72,26.63,69556277.0,3513847861.0,16447164091.14
2024-01-19,300502,26.4,26.74,25.83,25.87,46194611.0,2399747962.0,15977774503.86
2024-01-22,300502,26.86,27.62,26.32,26.61,68893147.0,3659802200.0,16434811733.58
2024-01-23,300502,26.41,28.19,26.35,27.77,60203585.0,3271880621.0,17151248472.06
2024-01-24,300502,27.6,27.72,25.59,27.14,61984735.0,3276159487.0,16762149208.92
2024-01-25,300502,26.45,28.12,26.15,27.67,61852807.0,3303650379.0,17089486684.26
2024-01-26,300502,26.92,27.41,26.0,26.35,41924316.0,2210015247.0,16274231085.300001
2024-01-29,300502,25.94,25.94,21.79,22.65,59996976.0,2761796324.0,13989044936.699999
2024-01-30,300502,22.4,23.4,21.41,21.79,44558234.0,1955728966.0,13457893561.619999
2024-01-31,300502,21.28,22.74,21.04,21.49,44891205.0,1938135460.0,13272608198.22
2024-02-01,300502,21.18,24.02,20.89,23.04,59958830.0,2702797779.0,14229915909.119999
2024-02-02,300502,23.03,24.12,22.49,23.06,48733839.0,2238735905.0,14242268266.679998
2024-02-05,300502,22.81,24.57,22.17,23.47,56998259.0,2629404524.0,14495491596.66
2024-02-06,300502,22.5,26.55,22.41,26.25,59951181.0,2948024279.0,16212469297.5
2024-02-07,300502,25.99,26.89,25.8,26.71,46911796.0,2450721653.0,16496573521.380001
2024-02-08,300502,27.47,29.68,27.19,27.82,57582496.0,3214694385.0,17182129365.96
2024-02-19,300502,29.88,33.39,29.0,33.39,78937991.0,4847893222.0,20622260946.420002
2024-02-20,300502,31.93,33.35,31.42,31.93,63236149.0,4020676279.0,19720538844.54
2024-02-21,300502,30.91,31.2,30.04,30.16,54991809.0,3311118314.0,18627355200.48
2024-02-22,300502,31.42,31.57,29.31,30.44,56802954.0,3404049322.0,18800288206.32
2024-02-23,300502,31.17,31.82,30.05,30.39,56130868.0,3413748111.0,18769407312.420002
2024-02-26,300502,29.45,31.77,29.43,30.77,46983858.0,2854160385.0,19004102106.06
2024-02-27,300502,30.24,32.94,29.96,32.3,63561737.0,3985691395.0,19949057459.399998
2024-02-28,300502,31.73,32.23,29.37,29.37,57189075.0,3496468187.0,18139437076.86
2024-02-29,300502,29.55,30.92,29.52,30.43,41371482.0,2477256014.0,18794112027.54
2024-03-01,300502,30.56,33.48,30.55,32.84,72129805.0,4620107213.0,20282571113.52
2024-03-04,300502,33.5,36.18,32.5,35.2,64183673.0,4351363175.0,21740149305.600002
2024-03-05,300502,34.61,37.48,34.39,34.81,69032128.0,4859916693.0,21499278333.18
2024-03-06,300502,34.91,35.32,33.8,34.41,39358048.0,2679702172.0,21252231181.98
2024-03-07,300502,34.92,35.28,33.13,33.16,42392786.0,2861107278.0,20480208834.48
2024-03-08,300502,33.85,35.13,32.98,34.87,49619610.0,3334599266.0,21536335405.859997
2024-03-11,300502,33.13,34.76,32.82,34.41,46968790.0,3112895386.0,21252231181.98
2024-03-12,300502,33.96,35.57,33.15,34.03,45578589.0,3075592231.0,21017536388.34
2024-03-13,300502,35.07,35.25,33.51,33.72,42656407.0,2887298558.0,20826074846.16
2024-03-14,300502,32.86,35.01,32.84,34.36,42317461.0,2855189226.0,21221350288.079998
2024-03-15,300502,33.8,39.66,33.2,39.01,86247455.0,6186280158.0,24093273420.78
2024-03-18,300502,39.02,41.65,38.68,40.24,74865623.0,5967731272.0,24852943410.72
2024-03-19,300502,39.18,39.77,38.23,39.05,47949357.0,3694312938.0,24117978135.899998
2024-03-20,300502,39.01,39.82,37.18,37.97,45320223.0,3433088078.0,23450950827.66
2024-03-21,300502,38.01,39.78,37.63,38.12,42320289.0,3215901932.0,23543593509.359997
2024-03-22,300502,37.83,40.54,37.83,40.39,61302739.0,4749327203.0,24945586092.420002
2024-03-25,300502,39.53,40.39,38.33,38.44,44067169.0,3421011714.0,23741231230.32
2024-03-26,300502,38.01,39.94,33.45,35.71,77210584.0,5682328246.0,22055134423.38
2024-03-27,300502,35.98,36.49,33.72,33.96,51006627.0,3479354981.0,20974303136.88
2024-03-28,300502,34.36,35.48,33.46,34.45,51349638.0,3491166620.0,21276935897.100002
2024-03-29,300502,33.98,34.56,33.25,33.96,31664312.0,2116003424.0,20974303136.88
2024-04-01,300502,34.12,36.08,33.7,35.95,40659370.0,2823662452.0,22519160024.7
2024-04-02,300502,35.53,37.22,35.33,36.16,41333696.0,2960056111.0,22650704492.159996
2024-04-03,300502,35.48,35.52,34.03,34.35,27640665.0,1892739884.0,21516916463.100002
2024-04-08,300502,33.75,36.07,33.75,35.01,34378702.0,2398860681.0,21930341932.26
2024-04-09,300502,34.97,35.47,33.8,34.21,23976447.0,1621621725.0,21429220151.46
2024-04-10,300502,33.81,34.11,32.59,33.18,24010088.0,1573107178.0,20784025858.68
2024-04-11,300502,33.45,34.23,33.35,33.49,24825975.0,1657227413.0,20978210548.74
2024-04-12,300502,34.19,36.65,34.18,35.22,45746899.0,3181539870.0,22061886399.719997
2024-04-15,300502,34.92,36.8,34.91,35.9,34329654.0,2439898509.0,22487839913.399998
2024-04-16,300502,35.22,36.48,34.16,34.59,32046785.0,2222778884.0,21667252997.340004
2024-04-17,300502,35.22,36.49,34.6,36.21,30875974.0,2182782422.0,22682024603.46
2024-04-18,300502,35.36,36.6,34.72,35.73,27429144.0,1923571276.0,22381351534.98
2024-04-19,300502,35.35,36.3,33.96,34.87,29035242.0,2003599665.0,21842645620.62
2024-04-22,300502,31.42,33.35,30.15,33.02,43242542.0,2717210901.0,20683801502.52
2024-04-23,300502,34.47,35.72,34.38,34.99,44068303.0,3044056297.0,21917813887.74
2024-04-24,300502,35.52,40.52,35.52,40.23,68268357.0,5181044119.0,25200161551.98
2024-04-25,300502,39.99,40.71,39.68,40.12,31722722.0,2512844384.0,25131257307.12
2024-04-26,300502,42.0,43.69,41.66,42.47,54453978.0,4599626569.0,26603302538.219997
2024-04-29,300502,43.08,44.72,43.07,44.24,39880460.0,3456037341.0,27712034478.24
2024-04-30,300502,43.64,44.75,43.64,43.84,24575230.0,2141384498.0,27461473587.840004
2024-05-06,300502,44.85,44.97,42.71,43.52,25946193.0,2238141617.0,27261024875.52
2024-05-07,300502,44.32,45.3,41.81,42.22,45454137.0,3870492729.0,26446701981.719997
2024-05-08,300502,42.22,43.09,41.84,42.38,25254024.0,2119362623.0,26546926337.88
2024-05-09,300502,41.96,43.0,41.35,42.67,24335923.0,2027532986.0,26728582983.420002
2024-05-10,300502,42.06,42.81,41.15,42.48,24409276.0,2020809617.0,26609566560.48
2024-05-13,300502,43.3,43.58,41.9,42.31,27296097.0,2305949952.0,26503078182.06
2024-05-14,300502,42.56,42.77,39.89,40.62,37898290.0,3054259011.0,25444458420.12
2024-05-15,300502,40.59,42.06,40.51,40.93,20324595.0,1658164550.0,25638643110.18
2024-05-16,300502,42.56,43.25,41.76,41.93,34287060.0,2876400454.0,26265045336.18
2024-05-17,300502,40.95,43.51,40.8,43.08,28825848.0,2407770995.0,26985407896.079998
2024-05-20,300502,42.1,45.94,41.97,45.67,38840980.0,3415738040.0,28607789661.420002
2024-05-21,300502,45.6,46.3,45.11,45.53,22934811.0,2061806491.0,28520093349.780003
2024-05-22,300502,45.21,45.6,44.15,44.93,21427244.0,1890105904.0,28144252014.18
2024-05-23,300502,46.12,46.45,42.84,44.09,33839745.0,2954224332.0,27618074144.340004
2024-05-24,300502,44.42,47.21,42.98,43.23,45010558.0,3998607950.0,27079368229.98
2024-05-27,300502,44.54,46.02,44.15,45.02,32446168.0,2879189623.0,28200628214.52
2024-05-28,300502,44.6,46.56,44.09,44.83,32599993.0,2907695558.0,28081611791.579998
2024-05-29,300502,45.91,46.12,44.14,44.53,23238675.0,2061956249.0,27893691123.780003
2024-05-30,300502,44.1,44.74,43.18,43.89,19425253.0,1687360522.0,27492793699.14
2024-05-31,300502,43.08,45.33,42.4,43.95,21592797.0,1877662634.0,27530377832.7
2024-06-03,300502,44.6,49.15,44.55,48.32,44802932.0,4173759577.0,30267755560.32
2024-06-04,300502,48.15,48.91,47.69,48.69,24003091.0,2290245266.0,30499524383.94
2024-06-05,300502,48.66,48.9,47.15,47.29,17332819.0,1632366117.0,29622561267.54
2024-06-06,300502,48.91,49.63,47.39,47.53,30703370.0,2940701131.0,29772897801.780003
2024-06-07,300502,47.12,47.52,45.41,46.18,23363765.0,2133122330.0,28927254796.68
2024-06-11,300502,46.09,47.02,45.7,46.49,16590902.0,1518755404.0,29121439486.74
2024-06-12,300502,46.12,46.93,45.81,46.5,15131452.0,1387355354.0,29127703509.0
2024-06-13,300502,47.44,49.53,46.8,48.49,27738166.0,2642439739.0,30374243938.74
2024-06-14,300502,48.39,57.44,48.25,54.99,56262873.0,5886386821.0,34445858407.74
2024-06-17,300502,56.58,57.38,55.42,56.0,37337838.0,4149166467.0,35078524656.0
2024-06-18,300502,56.0,60.64,56.0,58.38,38114714.0,4430137559.0,36569361953.880005
2024-06-19,300502,59.33,59.9,57.61,58.25,23050322.0,2663231072.0,36487929664.5
2024-06-20,300502,58.7,59.36,57.29,57.32,21455264.0,2459964896.0,35905375594.32
2024-06-21,300502,55.74,58.28,55.65,57.15,22598799.0,2540997903.0,35798887215.9
2024-06-24,300502,56.62,58.07,55.85,56.31,18195743.0,2039502333.0,35272709346.060005
2024-06-25,300502,54.23,55.45,53.03,53.61,28626524.0,3045241934.0,33581423335.86
2024-06-26,300502,54.77,55.98,54.53,55.04,27442826.0,2985041413.0,34477178519.04
2024-06-27,300502,53.99,54.72,52.76,53.23,18740794.0,1983514912.0,33343390489.98
2024-06-28,300502,53.06,54.66,52.86,53.49,19237563.0,2045422130.0,33506255068.74
2024-07-01,300502,53.01,56.6,53.01,55.92,29510204.0,3190538227.0,35028412477.92
2024-07-02,300502,55.93,58.28,54.83,57.24,31901166.0,3572044340.0,35855263416.24
2024-07-03,300502,56.26,57.13,55.02,55.74,18968905.0,2091086253.0,34915660077.24
2024-07-04,300502,57.26,59.09,56.66,56.93,27927359.0,3181414797.0,35661078726.18
2024-07-05,300502,57.3,58.09,55.11,57.34,21323884.0,2378498649.0,35917903638.840004
2024-07-08,300502,56.84,58.5,56.72,57.58,19424430.0,2208355337.0,36068240173.08
2024-07-09,300502,57.18,60.95,56.67,60.17,28571518.0,3327035783.0,37690621938.42
2024-07-10,300502,60.02,61.13,59.2,60.6,20339674.0,2416915833.0,37959974895.6
2024-07-11,300502,61.8,61.8,57.24,59.02,30582055.0,3547445085.0,36970259378.520004
2024-07-12,300502,56.59,58.19,55.85,57.52,20848031.0,2353896986.0,36030656039.520004
2024-07-15,300502,56.74,57.6,55.66,57.05,15642735.0,1747398572.0,35736246993.299995
2024-07-16,300502,59.38,59.68,55.91,57.85,28691116.0,3265613009.0,36237368774.1
2024-07-17,300502,57.35,58.62,55.49,56.1,20586652.0,2300569840.0,35141164878.6
2024-07-18,300502,54.81,55.48,51.83,55.23,34944083.0,3693910361.0,34596194941.979996
2024-07-19,300502,54.75,55.25,53.29,53.47,19781690.0,2104039679.0,33493727024.219997
2024-07-22,300502,53.75,54.29,52.71,53.34,14824521.0,1562777818.0,33412294734.840004
2024-07-23,300502,54.44,54.75,51.83,51.86,16476944.0,1721389674.0,32485219440.36
2024-07-24,300502,51.51,53.8,51.03,51.29,19456617.0,2001985296.0,32128170171.54
2024-07-25,300502,50.27,50.29,46.64,47.55,35545665.0,3383436310.0,29785425846.3
2024-07-26,300502,47.55,49.13,46.95,48.4,20878196.0,1982159227.0,30317867738.399998
2024-07-29,300502,48.36,51.42,47.76,50.58,27150258.0,2682447764.0,31683424591.079998
2024-07-30,300502,49.74,50.27,48.78,49.58,15714471.0,1532679615.0,31057022365.079998
2024-07-31,300502,49.18,50.75,47.96,50.63,30782108.0,3020948750.0,31714744702.38
2024-08-01,300502,53.19,54.15,51.49,51.64,27947520.0,2892174585.0,32347410950.64
2024-08-02,300502,49.2,49.38,46.86,46.9,42753610.0,4027894335.0,29378264399.399998
2024-08-05,300502,44.08,46.23,43.28,43.39,42171234.0,3699134465.0,27179592586.14
2024-08-06,300502,45.62,46.79,45.15,45.92,28564386.0,2580476506.0,28764390217.920002
2024-08-07,300502,45.67,47.5,45.07,46.52,26405934.0,2422158870.0,29140231553.52
2024-08-08,300502,45.99,46.66,45.17,46.08,18190964.0,1646655986.0,28864614574.079998
2024-08-09,300502,47.46,48.71,46.94,47.64,27909337.0,2631654522.0,29841802046.64
2024-08-12,300502,47.25,49.58,47.25,48.43,19597077.0,1869464759.0,30336659805.18
2024-08-13,300502,48.91,50.41,48.03,48.71,20814461.0,2015226869.0,30512052428.46
2024-08-14,300502,49.73,50.07,48.21,48.21,16275428.0,1573965066.0,30198851315.46
2024-08-15,300502,48.06,48.82,47.69,48.01,12955317.0,1229724060.0,30073570870.26
2024-08-16,300502,49.45,51.15,49.23,49.84,25327027.0,2506923871.0,31219886943.840004
2024-08-19,300502,49.87,51.61,49.28,50.55,18398436.0,1837880722.0,31664632524.3
2024-08-20,300502,51.58,52.03,50.42,50.69,17226519.0,1736130026.0,31752328835.94
2024-08-21,300502,49.73,51.72,49.51,50.96,15135485.0,1515712417.0,31921457436.96
2024-08-22,300502,51.19,51.59,50.06,50.98,12028160.0,1206547578.0,31933985481.48
2024-08-23,300502,50.53,50.86,49.79,50.24,12225443.0,1210358302.0,31470447834.24
2024-08-26,300502,51.0,51.21,48.51,49.41,17459187.0,1708163964.0,30950533986.659996
2024-08-27,300502,48.88,50.55,48.21,49.52,14817152.0,1440557844.0,31019438231.52
2024-08-28,300502,49.23,51.26,48.6,49.65,16080537.0,1576046065.0,31100870520.899998
2024-08-29,300502,46.63,47.18,44.42,46.48,30288412.0,2735908747.0,29115175464.48
2024-08-30,300502,46.59,48.67,46.24,47.6,30804791.0,2890141538.0,29816745957.600002
2024-09-02,300502,47.68,48.03,44.79,44.91,26303390.0,2364375304.0,28131723969.659996
2024-09-03,300502,44.91,45.51,44.24,44.87,15217503.0,1344891076.0,28106667880.62
2024-09-04,300502,42.33,45.61,41.76,44.76,26058186.0,2244113651.0,28037763635.76
2024-09-05,300502,44.58,47.05,44.21,45.81,22213407.0,2009918357.0,28695485973.06
2024-09-06,300502,45.62,46.11,44.63,44.97,13072932.0,1164787839.0,28169308103.219997
2024-09-09,300502,44.18,46.32,44.16,46.23,17718396.0,1585200297.0,28958574907.98
2024-09-10,300502,45.93,48.21,45.71,47.0,26755557.0,2478915774.0,29440904622.0
2024-09-11,300502,47.4,48.7,47.15,47.51,20512659.0,1929736547.0,29760369757.26
2024-09-12,300502,49.24,49.9,48.32,48.32,22576767.0,2178991164.0,30267755560.32
2024-09-13,300502,48.42,53.24,48.36,50.92,38327074.0,3876553133.0,31896401347.920002
2024-09-18,300502,50.45,51.71,50.24,50.53,17544159.0,1755831676.0,31652104479.780003
2024-09-19,300502,50.45,50.53,48.26,49.66,23357989.0,2265170790.0,31107134543.159996
2024-09-20,300502,50.09,50.17,48.36,48.6,16825217.0,1623591707.0,30443148183.600002
2024-09-23,300502,48.19,49.72,48.01,48.34,13134127.0,1265892220.0,30280283604.840004
2024-09-24,300502,48.38,53.79,48.38,53.44,32068696.0,3232939746.0,33474934957.44
2024-09-25,300502,54.76,55.06,52.75,53.11,24847071.0,2646481520.0,33268222222.86
2024-09-26,300502,53.36,55.88,53.12,55.81,22986176.0,2463438531.0,34959508233.060005
2024-09-27,300502,54.59,59.16,53.4,57.02,43903768.0,4844291353.0,35717454926.520004
2024-09-30,300502,57.35,65.97,56.84,65.96,54989682.0,6646432592.0,41567958690.2
2024-10-08,300502,71.05,79.15,70.44,79.15,61422269.0,9193339468.0,49880290029.25
2024-10-09,300502,75.62,81.3,72.06,75.36,61065931.0,9148597719.0,47491833943.2
2024-10-10,300502,74.87,77.08,68.79,72.73,41939847.0,6027814438.0,45834409271.350006
2024-10-11,300502,71.05,77.65,70.95,73.07,33577445.0,4862894586.0,46048677099.649994
2024-10-14,300502,72.06,75.74,68.81,75.38,42355900.0,6006412358.0,47504437933.1
2024-10-15,300502,74.4,76.07,72.01,72.01,34769507.0,5046394700.0,45380665634.950005
2024-10-16,300502,69.02,70.69,66.89,67.73,36576707.0,4942976414.0,42683411796.350006
2024-10-17,300502,68.51,69.36,67.58,68.19,25420104.0,3425990254.0,42973303564.049995
2024-10-18,300502,68.0,78.14,67.76,74.58,53841939.0,7752891016.0,47000278337.1
2024-10-21,300502,75.05,75.37,69.43,71.79,51219448.0,7304546433.0,45242021746.05
2024-10-22,300502,73.08,73.65,70.13,71.94,36862654.0,5219718154.0,45336551670.299995
2024-10-23,300502,68.11,71.22,66.41,68.67,37069525.0,5050022777.0,43275799321.65
2024-10-24,300502,68.03,72.51,67.83,70.81,37532418.0,5206394767.0,44624426240.950005
2024-10-25,300502,74.5,75.1,71.05,72.39,43866634.0,6308891504.0,45620141443.05
2024-10-28,300502,71.05,72.68,68.41,69.05,41480206.0,5684191980.0,43515275129.75
2024-10-29,300502,68.0,68.5,65.4,66.23,40075754.0,5279708618.0,41738112553.850006
2024-10-30,300502,66.99,68.0,64.94,65.97,30589510.0,3998334612.0,41574260685.15
2024-10-31,300502,64.45,68.18,63.99,66.06,32954731.0,4303890711.0,41630978639.700005
2024-11-01,300502,64.91,67.95,64.45,65.65,29794386.0,3903493369.0,41372321116.75
2024-11-04,300502,65.47,68.76,65.47,66.87,24565290.0,3246960188.0,42141159376.65
2024-11-05,300502,66.33,68.81,65.57,67.73,36752419.0,4882081319.0,42683127330.350006
2024-11-06,300502,68.0,68.09,63.99,64.7,42472992.0,5517956087.0,40773635586.5
2024-11-07,300502,63.41,68.0,62.8,66.94,36197473.0,4684208525.0,42185273047.299995
2024-11-08,300502,68.06,71.82,65.85,65.93,49845397.0,6774340256.0,41548775799.350006
2024-11-11,300502,65.07,68.61,64.19,67.43,39368941.0,5170663576.0,42494068741.850006
2024-11-12,300502,67.5,69.47,66.23,67.35,37580504.0,5018217515.0,42443653118.25
2024-11-13,300502,67.62,73.87,66.63,72.05,62294295.0,8668383383.0,45405571004.75
2024-11-14,300502,70.88,71.6,68.76,69.07,35427340.0,4873623714.0,43527589025.649994
2024-11-15,300502,68.77,70.93,64.54,64.82,37069143.0,4924955929.0,40849259021.899994
2024-11-18,300502,63.8,64.88,60.49,61.41,33792464.0,4168142406.0,38700293065.95
2024-11-19,300502,62.14,65.26,61.46,63.44,29520799.0,3661322280.0,39979589514.799995
2024-11-20,300502,63.44,65.75,63.06,64.18,26454910.0,3361144602.0,40445934033.100006
2024-11-21,300502,62.88,64.8,61.82,62.75,29990455.0,3725171046.0,39544754761.25
2024-11-22,300502,62.32,63.69,59.88,59.88,29321533.0,3550327835.0,37736094264.6
2024-11-25,300502,59.88,60.22,56.5,57.54,30294286.0,3448490456.0,36261437274.3
2024-11-26,300502,57.35,59.71,56.84,58.6,24916292.0,2876187998.0,36929444287.0
2024-11-27,300502,58.26,59.07,57.18,59.0,24978692.0,2867182889.0,37181522405.0
2024-11-28,300502,58.86,58.86,56.58,56.78,28496566.0,3208440160.0,35782488850.1
2024-11-29,300502,56.84,59.63,56.84,58.34,29771380.0,3430568928.0,36765593510.3
2024-12-02,300502,59.24,61.89,58.38,61.26,35023911.0,4179682911.0,38605763771.7
2024-12-03,300502,60.94,61.51,59.17,60.15,21310278.0,2527351638.0,37906246994.25
2024-12-04,300502,59.6,60.54,59.02,59.54,16616810.0,1951991624.0,37521827864.3
2024-12-05,300502,60.39,62.86,60.36,61.45,32474532.0,3968026990.0,38725500877.75
2024-12-06,300502,61.15,62.9,61.15,61.36,20557889.0,2502189487.0,38668783301.2
2024-12-09,300502,61.36,61.36,58.37,58.87,25647086.0,2994076932.0,37099597016.65
2024-12-10,300502,60.68,61.09,58.2,59.3,30262504.0,3532931041.0,37370580993.5
2024-12-11,300502,58.86,64.17,57.85,62.88,44009804.0,5335414328.0,39626680149.6
2024-12-12,300502,62.93,66.99,62.93,65.96,41114317.0,5317612040.0,41567681658.2
2024-12-13,300502,66.95,68.18,64.71,65.59,61489196.0,8025558244.0,41334509399.05
2024-12-16,300502,67.55,68.41,63.32,67.08,46523903.0,6094741030.0,42273500388.6
2024-12-17,300502,66.03,71.64,66.03,67.85,39211934.0,5332388051.0,42758750765.75
2024-12-18,300502,67.5,67.9,63.94,65.23,27671217.0,3550116581.0,41107639092.850006
2024-12-19,300502,64.42,66.11,63.74,64.83,23008494.0,2940650948.0,40855560974.85
2024-12-20,300502,64.51,67.4,64.27,65.29,24937363.0,3240182980.0,41145450810.55
2024-12-23,300502,62.5,65.11,62.5,63.26,40187768.0,5032598099.0,39866154361.7
2024-12-24,300502,63.69,63.82,59.95,61.91,31445590.0,3796133473.0,39015390713.45
2024-12-25,300502,61.87,64.33,61.45,61.91,22108387.0,2739503163.0,39015390713.45
2024-12-26,300502,61.91,66.38,60.9,65.43,34632180.0,4375199567.0,41233678151.850006
2024-12-27,300502,65.92,67.24,64.25,65.68,24747953.0,3213064114.0,41391226975.600006
2024-12-30,300502,65.47,65.76,61.0,61.12,34086561.0,4186265858.0,38517536430.4
2024-12-31,300502,60.9,61.03,58.66,58.66,24357767.0,2851403236.0,36967256004.7
2025-01-02,300502,58.37,60.1,57.09,57.59,20789909.0,2397863952.0,36292947039.05
2025-01-03,300502,57.75,60.86,57.3,58.87,28492390.0,3328880783.0,37099597016.65
2025-01-06,300502,59.76,61.4,58.36,59.39,23153484.0,2728519584.0,37427298570.05
2025-01-07,300502,59.88,61.04,58.1,60.9,22602760.0,2673799387.0,38378893465.5
2025-01-08,300502,59.39,59.84,57.83,59.39,18774528.0,2180148383.0,37427298570.05
2025-01-09,300502,58.86,59.37,57.35,58.23,20423318.0,2343428208.0,36696272027.85
2025-01-10,300502,57.71,57.73,54.94,54.94,28280870.0,3116533003.0,34622929507.299995
2025-01-13,300502,54.91,57.16,54.91,55.97,23443626.0,2587054407.0,35272030661.15
2025-01-14,300502,55.71,57.77,53.9,57.7,28693032.0,3179050822.0,36362268521.5
2025-01-15,300502,57.11,57.62,55.7,56.69,20087319.0,2235527905.0,35725771273.549995
2025-01-16,300502,57.35,60.92,56.74,60.23,42930032.0,4988247338.0,37956662617.85
2025-01-17,300502,59.62,61.43,59.38,60.61,27000476.0,3213532119.0,38196136829.95
2025-01-20,300502,61.38,65.61,61.38,64.78,32981075.0,4167851294.0,40824051210.1
2025-01-21,300502,69.02,69.02,66.48,67.6,36418464.0,4847355345.0,42601201942.0
2025-01-22,300502,70.13,73.12,69.53,71.81,45064349.0,6352570544.0,45254324133.950005
2025-01-23,300502,71.81,72.92,68.82,69.38,32827056.0,4567973530.0,43722949567.1
2025-01-24,300502,69.38,69.75,68.03,68.25,23664151.0,3202941603.0,43010828883.75
2025-01-27,300502,64.84,65.67,63.44,63.83,23485910.0,2981067429.0,40225365679.85
2025-02-05,300502,59.88,59.88,51.86,52.02,53391500.0,5631894149.0,32782759245.9
2025-02-06,300502,53.79,55.03,53.22,54.12,45227204.0,4831893995.0,34106169365.399998
2025-02-07,300502,54.81,58.63,54.81,57.55,41008025.0,4628548784.0,36267739227.25
2025-02-10,300502,58.42,58.89,56.74,58.14,24688846.0,2819064193.0,36639554451.3
2025-02-11,300502,58.4,59.66,57.74,58.64,20875427.0,2416848595.0,36954652098.8
2025-02-12,300502,57.91,58.62,57.25,58.11,22440444.0,2554713754.0,36620648592.45
2025-02-13,300502,57.53,57.76,56.05,56.08,21399539.0,2392891050.0,35341352143.6
2025-02-14,300502,56.59,57.93,54.81,55.32,21620047.0,2383610941.0,34862403719.4
2025-02-17,300502,56.33,63.04,56.28,62.57,46922044.0,5544032463.0,39431319608.15
2025-02-18,300502,61.33,65.67,61.21,62.83,38382766.0,4754801186.0,39595170384.85
2025-02-19,300502,62.4,62.8,60.58,61.6,27485209.0,3324590093.0,38820030172.0
2025-02-20,300502,61.01,61.56,59.38,60.49,24414664.0,2908121791.0,38120513394.55
2025-02-21,300502,60.5,63.18,59.79,61.43,37542068.0,4551001557.0,38712896971.85
2025-02-24,300502,60.39,60.74,57.51,57.6,42723517.0,4907371253.0,36299248992.0
2025-02-25,300502,55.93,57.16,55.62,56.18,26091134.0,2899767474.0,35404371673.1
2025-02-26,300502,56.21,57.47,55.16,57.35,28102835.0,3115064775.0,36141700168.25
2025-02-27,300502,57.35,58.01,53.29,53.98,44482319.0,4834367008.0,34017942024.1
2025-02-28,300502,51.29,51.34,48.09,48.74,62377343.0,6113712434.0,30715718678.300003
2025-03-03,300502,48.77,48.97,45.82,46.59,50552284.0,4647921786.0,29360798794.050003
2025-03-04,300502,44.41,47.46,44.36,47.27,40045732.0,3614490619.0,29789331594.65
2025-03-05,300502,47.3,48.49,47.3,47.85,30677043.0,2898821330.0,30154844865.75
2025-03-06,300502,48.21,49.01,47.05,48.38,39838270.0,3768289237.0,30488848372.100002
2025-03-07,300502,47.54,48.01,46.67,47.13,33393775.0,3110223438.0,29701104253.350002
2025-03-10,300502,47.23,48.12,46.69,47.91,26229625.0,2457456923.0,30192656583.449997
2025-03-11,300502,46.69,47.86,46.58,47.86,20628185.0,1919099994.0,30161146818.7
2025-03-12,300502,48.32,48.48,47.4,47.63,25990204.0,2458293851.0,30016201900.850002
2025-03-13,300502,48.34,48.97,46.78,46.96,29462810.0,2774234448.0,29593971053.2
2025-03-14,300502,47.15,48.3,45.73,47.62,42132874.0,3932965259.0,30009899947.899998
2025-03-17,300502,47.72,49.06,47.72,48.55,34337701.0,3275767673.0,30595981572.25
2025-03-18,300502,48.55,53.08,47.76,52.63,69016861.0,6902913862.0,33167178375.850002
2025-03-19,300502,50.94,51.7,49.52,49.8,45180663.0,4494623096.0,31383725691.0
2025-03-20,300502,50.16,50.63,49.58,49.96,22774599.0,2247845088.0,31484556938.2
2025-03-21,300502,49.67,50.4,48.2,48.25,22932251.0,2215654706.0,30406922983.75
2025-03-24,300502,47.95,50.73,47.95,50.45,39772655.0,3923862781.0,31793352632.75
2025-03-25,300502,51.51,52.58,50.17,50.19,36945834.0,3750504987.0,31629501856.05
2025-03-26,300502,50.25,51.65,49.6,49.63,23336692.0,2323292354.0,31276592490.850002
2025-03-27,300502,48.21,49.19,47.45,48.31,25618536.0,2433404247.0,30444734701.45
2025-03-28,300502,48.21,49.73,47.59,48.3,19607504.0,1874909136.0,30438432748.5
2025-03-31,300502,47.7,49.8,47.67,49.8,24393105.0,2347478935.0,31383507816.0
2025-04-01,300502,49.99,50.23,48.88,49.32,17813189.0,1728744688.0,31081016174.4
2025-04-02,300502,49.53,51.59,49.33,50.51,29975537.0,2991293795.0,31830943369.199997
2025-04-03,300502,48.21,48.71,45.51,47.09,46570455.0,4341704876.0,29675690422.800003
2025-04-07,300502,40.47,40.54,37.67,37.67,39917360.0,3028383434.0,23739291956.4
2025-04-08,300502,38.44,38.67,34.73,35.71,61995649.0,4411910963.0,22504117753.2
2025-04-09,300502,34.45,36.21,33.31,35.73,46094878.0,3187447276.0,22516721571.6
2025-04-10,300502,40.09,41.3,38.78,38.96,59635918.0,4721724574.0,24552238243.2
2025-04-11,300502,38.27,40.77,37.86,39.45,39684969.0,3057323301.0,24861031794.0
2025-04-14,300502,40.6,41.78,39.77,40.05,40597345.0,3256738354.0,25239146346.0
2025-04-15,300502,39.73,40.2,38.93,39.87,23998125.0,1863449830.0,25125711980.399998
2025-04-16,300502,38.54,38.57,37.32,38.1,29213219.0,2185694547.0,24010274052.0
2025-04-17,300502,38.31,38.92,37.66,38.22,21141274.0,1601045128.0,24085896962.399998
2025-04-18,300502,38.38,39.55,38.15,39.51,29424137.0,2264040435.0,24898843249.199997
2025-04-21,300502,40.4,41.35,39.84,41.32,36380054.0,2923647784.0,26039488814.4
2025-04-22,300502,41.11,41.55,40.4,41.21,31109075.0,2510831131.0,25970167813.2
2025-04-23,300502,44.07,47.45,43.06,46.35,81842666.0,7231729895.0,29209349142.0
2025-04-24,300502,46.15,47.01,45.67,45.85,41444587.0,3774661884.0,28894253682.0
2025-04-25,300502,47.2,49.87,46.96,48.29,58314215.0,5579540390.0,30431919526.8
2025-04-28,300502,48.66,48.7,46.18,46.29,41062404.0,3803702122.0,29171537686.8
2025-04-29,300502,46.33,46.64,45.35,45.85,29624920.0,2680270256.0,28894253682.0
2025-04-30,300502,45.84,45.98,44.99,45.57,25408066.0,2285126303.0,28717800224.4
2025-05-06,300502,47.15,48.0,47.1,47.52,38707327.0,3631893367.0,29946672518.4
2025-05-07,300502,48.71,49.06,47.31,47.81,32991155.0,3118432660.0,30129427885.2
2025-05-08,300502,48.97,55.62,48.97,54.78,96572325.0,10028081836.0,34521858597.6
2025-05-09,300502,53.93,56.29,53.9,55.42,56095938.0,6097986672.0,34925180786.4
2025-05-12,300502,57.85,58.4,55.57,57.27,58771981.0,6581492234.0,36091033988.4
2025-05-13,300502,58.36,60.33,57.35,58.81,60381567.0,7032391212.0,37061528005.200005
2025-05-14,300502,60.39,63.72,59.89,60.32,66509241.0,8068776102.0,38013116294.4
2025-05-15,300502,60.89,60.9,58.46,58.81,47081106.0,5521199610.0,37061528005.200005
2025-05-16,300502,58.78,61.69,58.27,60.19,37802844.0,4500231761.0,37931191474.799995
2025-05-19,300502,60.14,60.65,58.62,58.86,27751376.0,3244744281.0,37093037551.2
2025-05-20,300502,59.26,59.93,58.57,59.14,20833885.0,2425349739.0,37269491008.8
2025-05-21,300502,59.64,60.04,58.01,59.26,21959942.0,2551167368.0,37345113919.2
2025-05-22,300502,58.62,61.4,58.31,59.74,32063179.0,3799701121.0,37647605560.8
2025-05-23,300502,59.43,60.14,58.6,58.83,19282435.0,2251734603.0,37074131823.6
2025-05-26,300502,59.38,59.68,57.55,58.75,21183155.0,2436686304.0,37023716550.0
2025-05-27,300502,57.92,58.39,55.26,56.91,36662379.0,4081590491.0,35864165257.2
2025-05-28,300502,57.8,61.21,57.8,60.36,58052498.0,4831998720.0,53253653503.68
2025-05-29,300502,61.35,64.12,60.64,62.18,62556630.0,5490731422.0,54859379967.84
2025-05-30,300502,60.64,63.18,60.29,62.97,38726535.0,3361008095.0,55556371125.36
2025-06-03,300502,62.17,62.89,61.23,61.61,30870325.0,2681783565.0,54356487613.68
2025-06-04,300502,63.13,66.97,63.13,66.02,63843108.0,5832747936.0,58247286353.759995
2025-06-05,300502,67.34,70.24,65.86,69.12,55507036.0,5287842864.0,60982314946.560005
2025-06-06,300502,68.41,72.23,67.75,71.14,46692504.0,4617045338.0,62764494868.32
2025-06-09,300502,73.48,74.17,70.61,71.96,58334592.0,5920858723.0,63487954044.479996
2025-06-10,300502,70.77,72.38,70.29,71.05,41723696.0,4170114678.0,62685090812.399994
2025-06-11,300502,71.44,71.84,69.88,70.17,36102646.0,3579663053.0,61908695598.96
2025-06-12,300502,69.74,74.29,69.29,71.91,59807967.0,6095232394.0,63443840680.079994
2025-06-13,300502,70.7,73.34,70.54,71.37,32909580.0,3302767790.0,63076911984.450005
2025-06-16,300502,71.05,77.19,71.05,76.12,58445551.0,6177113042.0,67274969038.200005
2025-06-17,300502,76.33,77.52,74.98,76.42,36414888.0,3889874202.0,67540109483.700005
2025-06-18,300502,75.68,80.3,74.57,80.05,56397702.0,6150881947.0,70748308874.25
2025-06-19,300502,78.83,81.96,78.83,80.61,44547661.0,5026398455.0,71243237705.85
2025-06-20,300502,81.3,81.3,77.19,78.48,43076037.0,4748592180.0,69360740542.8
2025-06-23,300502,77.09,78.44,74.7,76.53,39966670.0,4283934713.0,67637327647.05
2025-06-24,300502,77.31,78.45,75.54,76.12,35081527.0,3766598264.0,67274969038.200005
2025-06-25,300502,78.4,79.18,76.1,78.76,51364715.0,5606149812.0,69608204958.6
2025-06-26,300502,79.83,84.17,79.18,83.32,55644459.0,6426281924.0,73638339730.2
2025-06-27,300502,82.61,88.93,81.24,87.87,60622536.0,7275450522.0,77659636486.95
2025-06-30,300502,88.96,91.59,86.59,90.61,59381141.0,7452787403.0,80078033635.6
2025-07-01,300502,89.19,91.88,89.09,90.74,28989671.0,3681490045.0,80192923210.4
2025-07-02,300502,89.11,89.58,86.53,89.16,35024403.0,4332558353.0,78796572993.59999
2025-07-03,300502,90.9,93.43,89.92,92.49,45725982.0,5870693107.0,81739513640.4
2025-07-04,300502,92.61,94.36,90.83,91.56,43903020.0,5717581655.0,81044475002.40001
2025-07-07,300502,90.24,91.95,86.6,90.23,40760076.0,5100394298.0,79867223454.2
2025-07-08,300502,90.23,96.3,89.92,96.29,47831456.0,6310094220.0,85231241786.6
2025-07-09,300502,95.98,98.42,95.6,96.7,35895657.0,4885000433.0,85594153918.0
2025-07-10,300502,98.12,98.86,92.27,94.91,52501876.0,6987313301.0,84009732661.4
2025-07-11,300502,95.8,95.84,92.77,93.56,31889434.0,4207384432.0,82814778082.40001
2025-07-14,300502,94.52,94.95,92.29,93.38,30361222.0,3987134030.0,82655450805.2
2025-07-15,300502,106.31,112.05,105.78,112.05,52532323.0,8097611416.0,99181230057.0
2025-07-16,300502,115.36,127.89,114.85,121.13,114938625.0,19663974703.0,107218406040.2
2025-07-17,300502,119.14,131.97,119.14,130.9,67776128.0,12063487461.0,115866336586.0
2025-07-18,300502,133.04,136.25,128.4,130.06,64348991.0,11974587488.0,115122809292.40001
2025-07-21,300502,131.85,133.11,123.98,127.16,60642007.0,10816017643.0,112555869826.4
2025-07-22,300502,127.17,131.4,124.72,126.06,56295828.0,10098102226.0,111582203132.40001
2025-07-23,300502,123.13,125.23,121.13,124.27,43195628.0,7479016995.0,109997781875.8
2025-07-24,300502,126.06,126.5,119.55,123.27,52664231.0,9043031132.0,109112630335.8
2025-07-25,300502,122.91,125.36,122.84,123.39,28681657.0,4975181529.0,109218848520.6
2025-07-28,300502,123.38,128.23,121.4,126.84,64744705.0,11370187428.0,112272621333.6
2025-07-29,300502,127.17,138.7,127.14,137.96,77588423.0,14504169724.0,122115506458.40001
2025-07-30,300502,134.11,137.23,131.14,135.79,57108186.0,10736773592.0,120194727616.59999
2025-07-31,300502,141.96,143.3,134.18,134.98,74911172.0,14604518088.0,119477754869.2
2025-08-01,300502,132.07,136.68,128.72,130.63,50586343.0,9366500249.0,115627345670.2
2025-08-04,300502,128.15,132.21,126.86,131.62,33370543.0,6068963629.0,116503645694.8
2025-08-05,300502,134.83,135.55,125.77,130.15,44216574.0,8082248988.0,115202472931.0
2025-08-06,300502,128.4,133.81,127.77,132.97,30918074.0,5724833713.0,117698600273.8
2025-08-07,300502,132.97,135.15,125.85,130.99,40613292.0,7408401855.0,115946000224.6
2025-08-08,300502,130.55,132.39,129.03,130.03,26191517.0,4801842960.0,115096254746.2
2025-08-11,300502,130.07,140.03,130.06,137.6,41604654.0,7959458101.0,121796851904.0
2025-08-12,300502,137.95,146.24,137.82,146.17,51786686.0,10402525963.0,129382600601.79999
2025-08-13,300502,146.95,170.21,145.96,168.75,60112024.0,13528603089.0,149369322375.0
2025-08-14,300502,166.43,171.06,164.54,164.83,44975726.0,10552668904.0,145899528338.2
2025-08-15,300502,164.08,169.22,161.85,166.36,40048328.0,9319958799.0,147253810194.40002
2025-08-18,300502,166.46,179.52,162.55,174.27,49904050.0,12044824050.0,154255358875.80002
2025-08-19,300502,174.27,188.04,172.29,183.18,45117554.0,11519713373.0,162142059097.2
2025-08-20,300502,176.2,182.25,168.51,182.01,41824052.0,10350351524.0,161106431795.4
2025-08-21,300502,182.48,187.33,175.64,183.95,39730356.0,10161433552.0,162823625783.0
2025-08-22,300502,181.34,199.03,181.34,195.33,46022274.0,12339156814.0,172896650308.2
2025-08-25,300502,202.11,216.92,196.73,211.24,58709956.0,17077474789.0,186979411309.6
2025-08-26,300502,212.58,214.65,201.2,201.2,48995724.0,14226514840.0,178092489848.0
2025-08-27,300502,206.94,231.43,206.94,219.95,73510829.0,22751217316.0,194689081223.0
2025-08-28,300502,215.29,253.38,215.29,253.21,73004179.0,24000244731.0,224129221443.4
2025-08-29,300502,249.68,262.52,240.4,254.1,60879725.0,21433860573.0,224917006314.0
2025-09-01,300502,258.24,285.27,251.11,277.14,66046191.0,24723720846.0,245310897795.59998
2025-09-02,300502,276.78,286.13,246.11,255.53,92619589.0,34409836958.0,226182773016.2
2025-09-03,300502,253.24,272.5,246.68,263.74,73612607.0,26538903478.0,233449867159.6
2025-09-04,300502,273.22,280.86,220.43,222.64,104140314.0,34970233130.0,197070138865.59998
2025-09-05,300502,228.99,252.53,221.14,249.14,84643485.0,27865858063.0,220526654675.59998
2025-09-08,300502,242.54,242.54,210.56,224.35,79476720.0,24873049127.0,198583747999.0
2025-09-09,300502,219.02,228.5,217.58,224.94,53004985.0,16604793090.0,199102161178.2
2025-09-10,300502,242.55,247.45,229.25,238.94,74575156.0,24892893236.0,211494044598.2
2025-09-11,300502,246.82,272.16,246.11,271.01,76090353.0,27716484879.0,239880308975.3
2025-09-12,300502,256.81,261.08,251.67,255.37,57941996.0,20846885874.0,226102552486.3
2025-09-15,300502,244.69,253.94,241.12,249.89,37752426.0,13147348685.0,221250604381.09995
2025-09-16,300502,248.92,255.3,237.07,246.64,51092822.0,17557229220.0,218373080413.59995
2025-09-17,300502,244.74,251.29,239.69,248.01,34392971.0,11877061024.0,219586067439.89996
2025-09-18,300502,241.84,256.73,238.18,246.47,52509056.0,18219971575.0,218222563775.29996
2025-09-19,300502,250.32,255.72,240.38,249.68,44482040.0,15497487038.0,221064672063.19998
2025-09-22,300502,248.25,248.25,234.61,244.68,41011855.0,13860492557.0,216637712113.19998
2025-09-23,300502,257.6,263.8,241.12,251.82,55574690.0,19658323223.0,222959410921.79996
2025-09-24,300502,245.41,259.66,238.12,252.99,43971560.0,15445732630.0,223995319550.09998
2025-09-25,300502,248.41,275.27,243.26,268.22,56432193.0,20859528388.0,237479839557.8
2025-09-26,300502,268.32,277.08,265.37,266.8,38610713.0,14646943069.0,236222582931.99997
2025-09-29,300502,264.02,284.35,264.02,276.98,41373209.0,16047541985.0,245235873390.19998
2025-09-30,300502,277.5,281.78,258.95,260.93,49588233.0,18595426677.0,231022770139.96
2025-10-09,300502,266.8,267.35,249.68,250.5,52292141.0,18891289424.0,221788234086.0
2025-10-10,300502,253.25,260.78,246.26,246.97,43954136.0,15621094886.0,218662835018.84
2025-10-13,300502,234.07,248.68,231.99,248.68,44351947.0,14921644532.0,220176838532.96
2025-10-14,300502,253.74,253.74,225.19,225.78,61231792.0,20064474519.0,199901586794.16
2025-10-15,300502,229.2,231.36,221.14,230.12,35521127.0,11331230792.0,203744145420.64
2025-10-16,300502,226.71,239.69,226.16,231.67,31175370.0,10222846429.0,205116487787.24
2025-10-17,300502,230.06,233.03,224.15,225.64,30653561.0,9784350868.0,199777633290.08
2025-10-20,300502,238.98,246.64,231.54,234.87,48732624.0,16335501283.0,207949710737.64
2025-10-21,300502,235.42,267.92,231.36,260.68,61468967.0,21640515576.0,230801424596.96
2025-10-22,300502,257.03,266.63,257.03,258.83,38918229.0,14293597861.0,229163467578.75998
2025-10-23,300502,256.95,258.95,242.54,248.08,33456268.0,11608575021.0,219645609229.76
2025-10-24,300502,253.24,269.79,246.12,266.06,54893569.0,19929771364.0,235564780682.32
2025-10-27,300502,278.21,295.33,271.79,288.16,58161738.0,23182886439.0,255131726683.52002
2025-10-28,300502,281.78,301.89,281.78,292.92,48021506.0,19671115546.0,259346145822.24002
2025-10-29,300502,305.32,309.12,284.85,289.7,56357787.0,23119390792.0,256495215228.4
2025-10-30,300502,272.5,281.68,265.71,266.8,78561225.0,29905899622.0,236219963489.6
2025-10-31,300502,265.26,266.08,244.04,245.62,58400410.0,20571356193.0,217467569086.64
2025-11-03,300502,242.53,250.03,239.58,247.37,38702931.0,13309120789.0,219016987887.64
2025-11-04,300502,249.04,256.55,246.11,248.28,34639620.0,12203219844.0,219822685664.16
2025-11-05,300502,239.05,248.61,239.05,246.89,25761831.0,8820522090.0,218592004445.08
2025-11-06,300502,251.83,258.64,248.03,254.46,39446483.0,14022327191.0,225294347487.12
2025-11-07,300502,249.75,255.38,245.47,249.53,29313991.0,10276146415.0,220929413379.16
2025-11-10,300502,249.64,252.38,230.24,239.69,47260087.0,15769855668.0,212217252806.68
2025-11-11,300502,242.54,247.51,230.24,232.56,37609494.0,12582715898.0,205904477920.32
2025-11-12,300502,228.51,236.61,225.34,234.77,40497204.0,13108651932.0,207861172520.44
2025-11-13,300502,234.55,234.61,226.53,232.45,27865564.0,8996111776.0,205807085881.4
2025-11-14,300502,226.86,228.05,221.56,221.56,32676772.0,10287090606.0,196165274028.32
2025-11-17,300502,224.23,228.33,218.76,222.35,31986719.0,10012991469.0,196864725944.19998
2025-11-18,300502,219.72,231.79,218.72,226.04,34407922.0,10966549315.0,200131786158.88
2025-11-19,300502,225.64,233.98,223.92,229.99,35095593.0,11339176102.0,203629045738.28
2025-11-20,300502,241.49,244.88,231.31,233.8,39377620.0,13026465601.0,207002351813.6
2025-11-21,300502,223.92,224.0,213.9,214.01,43700371.0,13407170909.0,189480638629.72
2025-11-24,300502,217.26,220.27,204.96,209.01,46835740.0,13879219131.0,185053727769.72
2025-11-25,300502,216.15,225.07,215.46,217.38,46420147.0,14303114719.0,192464376549.36
2025-11-26,300502,215.44,243.69,212.26,236.21,67878578.0,22049967240.0,209136122848.12
2025-11-27,300502,231.13,260.31,230.77,243.11,63125316.0,22023299079.0,215245259834.92
2025-11-28,300502,242.54,255.22,241.12,248.11,41449168.0,14336518343.0,219672170694.92
2025-12-01,300502,251.1,257.52,245.09,253.68,38685890.0,13688652738.0,224603749392.96
2025-12-02,300502,253.69,263.31,250.74,260.38,37860549.0,13668752053.0,230535809945.36
2025-12-03,300502,265.23,280.21,263.94,266.18,58027711.0,22102332765.0,235671026542.96
2025-12-04,300502,261.9,268.16,258.79,266.98,33677454.0,12484195239.0,236379332280.56003
2025-12-05,300502,272.25,275.36,266.6,269.3,35427159.0,13433191627.0,238433418919.6
2025-12-08,300502,267.6,296.41,267.53,288.57,55941327.0,22307189341.0,255494733374.04
2025-12-09,300502,288.79,304.25,286.79,298.99,48343738.0,20184805687.0,264720415606.28
2025-12-10,300502,298.18,313.09,284.4,308.36,51510640.0,21546227178.0,273016446557.92
2025-12-11,300502,305.7,322.23,296.04,297.12,61049264.0,26567610257.0,263064750944.64
2025-12-12,300502,297.47,313.56,297.47,305.32,58376870.0,24919702124.0,270324884755.04
2025-12-15,300502,293.82,316.02,292.48,304.47,38653159.0,16531276545.0,269572309908.84003
2025-12-16,300502,300.31,303.88,286.63,290.48,38788498.0,15980176136.0,257185813322.56003
2025-12-17,300502,291.42,318.39,291.41,318.23,49263895.0,21298227463.0,281755168595.56
2025-12-18,300502,311.89,316.45,302.11,303.54,40042065.0,17324878242.0,268748904488.88
2025-12-19,300502,311.03,320.36,303.54,309.81,35719127.0,15620941766.0,274300250707.32
2025-12-22,300502,321.85,332.9,318.87,330.28,39332418.0,18085830228.0,292424023768.16
2025-12-23,300502,330.21,334.43,323.94,326.72,29543421.0,13575033551.0,289272063235.84
2025-12-24,300502,328.14,329.57,318.87,323.52,29816263.0,13512073773.0,286438840285.44
2025-12-25,300502,325.29,331.39,314.59,319.58,28256808.0,12726272860.0,282950434527.76
2025-12-26,300502,314.59,321.01,310.88,317.66,24906944.0,11032596303.0,281262241471.12
2025-12-29,300502,313.88,321.71,309.36,317.09,24667645.0,10910378159.0,280757552565.88
2025-12-30,300502,313.88,324.49,311.53,318.16,25884954.0,11546086104.0,281704951037.12
2025-12-31,300502,317.45,321.93,306.75,307.37,28617821.0,12502795210.0,272142758306.44
2026-01-05,300502,311.75,314.49,297.24,304.34,35750112.0,15360319144.0,269460022328.08
2026-01-06,300502,292.48,300.6,289.27,297.86,40426191.0,16700684888.0,263722685978.32
2026-01-07,300502,303.91,306.74,294.26,299.83,30330497.0,12788707583.0,265466907059.96
2026-01-08,300502,296.35,300.82,288.91,292.72,28938073.0,11901069595.0,259171774120.64
2026-01-09,300502,283.21,290.27,272.55,284.07,42295410.0,16687782269.0,251513138406.84
2026-01-12,300502,275.36,284.63,265.76,279.17,54267472.0,20777387282.0,247174720488.04
2026-01-13,300502,274.83,287.41,272.06,273.36,39660732.0,15517224464.0,242030596384.32
2026-01-14,300502,276.78,281.76,268.02,273.91,45117212.0,17334157166.0,242517561660.92
2026-01-15,300502,271.19,288.91,268.59,285.34,50545374.0,19753464496.0,252637585500.08
2026-01-16,300502,292.57,293.19,279.52,283.34,46760106.0,18663069859.0,250866802676.08
2026-01-19,300502,279.79,291.84,279.36,287.61,33836949.0,13635560300.0,254647424005.32
2026-01-20,300502,286.43,286.7,268.94,272.9,42398892.0,16293355726.0,241623316334.8
2026-01-21,300502,273.22,286.93,273.22,281.63,39179186.0,15493184900.0,249352783361.56
2026-01-22,300502,281.98,293.89,280.35,292.26,43721218.0,17614194883.0,258764494071.12
2026-01-23,300502,289.52,289.52,271.43,273.23,50208995.0,19517028356.0,241915495500.76
2026-01-26,300502,270.93,279.89,267.16,277.23,31978312.0,12339608451.0,245457061148.76
2026-01-27,300502,276.46,294.32,275.05,284.8,41420779.0,16652858649.0,252159474137.6
2026-01-28,300502,288.91,291.84,280.35,280.39,35317597.0,14109491085.0,248254898010.68
2026-01-29,300502,285.35,288.91,279.86,280.35,33758223.0,13438938022.0,248219482354.2
2026-01-30,300502,277.13,303.18,276.64,299.25,50837380.0,20765200595.0,264953380041.0
2026-02-02,300502,326.18,336.71,310.59,313.17,77787974.0,35251499708.0,277278028496.04004
2026-02-03,300502,326.01,328.15,293.54,306.1,65751558.0,28507180845.0,271018311213.2
2026-02-04,300502,292.48,296.04,272.27,284.77,59655715.0,23699601614.0,252132912395.24
2026-02-05,300502,278.92,285.27,271.86,273.22,36506803.0,14165853853.0,241906641586.64
2026-02-06,300502,268.26,270.27,254.67,259.71,46150683.0,16979900891.0,229945003610.52
2026-02-09,300502,271.06,284.63,267.72,278.32,47393980.0,18316253892.0,246422137787.84
2026-02-10,300502,279.77,289.5,277.14,280.43,29301270.0,11606078861.0,248290313667.16
2026-02-11,300502,278.28,280.71,262.62,265.13,44280557.0,16651302485.0,234743825063.56
2026-02-12,300502,266.1,274.64,258.04,260.92,44615122.0,16543035083.0,231016327219.04
2026-02-13,300502,258.27,266.18,254.67,261.17,29831825.0,10944584116.0,231237675072.04
2026-02-24,300502,262.52,275.27,251.96,265.41,46519370.0,17325990494.0,234991734658.92
2026-02-25,300502,263.94,277.0,262.88,272.5,33978567.0,12880135329.0,241269159770.0
2026-02-26,300502,273.94,277.2,267.73,275.29,31663399.0,12151235540.0,243739401809.48
2026-02-27,300502,264.66,265.9,255.4,256.71,50910073.0,18486975251.0,227288829374.52
2026-03-02,300502,248.06,274.64,247.35,271.79,55207325.0,20491112644.0,240640531867.48
2026-03-03,300502,271.79,282.12,270.36,272.65,51145931.0,19874670677.0,241401968481.8
2026-03-04,300502,269.37,273.85,261.55,263.49,32612232.0,12183748029.0,233291783147.88
2026-03-05,300502,274.6,301.47,273.4,286.23,69677874.0,28004107599.0,253425583856.76
2026-03-06,300502,280.51,293.9,276.13,286.77,40431543.0,16164472327.0,253903695219.24
2026-03-09,300502,271.08,276.3,263.46,273.93,44166394.0,16629246187.0,242535269489.16
2026-03-10,300502,281.6,286.06,272.92,283.44,42488136.0,16696054478.0,250955341817.28
2026-03-11,300502,285.35,291.05,279.78,280.51,33838170.0,13508338550.0,248361144980.12
2026-03-12,300502,285.35,288.8,267.99,270.2,34618693.0,13309458976.0,239232759522.4
2026-03-13,300502,266.21,285.34,265.38,281.09,40773694.0,15913142977.0,248874671999.08
2026-03-16,300502,282.52,298.21,279.64,294.78,47224054.0,19206187286.0,260995680429.36
2026-03-17,300502,301.05,304.52,275.31,277.73,45393436.0,18332357745.0,245899756854.76
2026-03-18,300502,284.77,307.71,283.92,307.39,60972697.0,25254364373.0,272160466134.68
2026-03-19,300502,304.61,321.59,304.61,314.16,54357233.0,24009255549.0,278154565993.92004
2026-03-20,300502,333.85,349.75,327.35,340.31,67192214.0,32110554587.0,301307551417.72003
2026-03-23,300502,325.39,340.89,323.15,328.46,48083159.0,22255883379.0,290815663185.51996
2026-03-24,300502,327.43,334.09,312.45,333.85,40686069.0,18507025451.0,295587922896.2
2026-03-25,300502,349.7,350.97,330.29,339.7,45816206.0,21847463348.0,300767462656.39996
2026-03-26,300502,334.58,342.41,324.66,326.01,36509860.0,17063415125.0,288646454226.12
2026-03-27,300502,318.37,329.07,313.89,319.16,29831745.0,13437274609.0,282581523053.92004
2026-03-30,300502,317.59,331.0,317.59,326.99,25525405.0,11604391609.0,289514137809.88
2026-03-31,300502,317.91,324.22,310.1,315.9,28328996.0,12570885754.0,282433329711.0
2026-04-01,300502,329.24,330.29,316.73,328.57,31264881.0,14262847448.0,293761060915.3
2026-04-02,300502,323.23,328.85,315.88,319.22,21813516.0,9827394555.0,285401606553.80005
2026-04-03,300502,326.01,334.57,323.9,324.79,33635997.0,15504869055.0,290381516799.10004
2026-04-07,300502,321.01,333.85,314.73,327.22,28417411.0,12838778805.0,292554080873.80005
2026-04-08,300502,338.92,358.11,334.63,357.75,46939851.0,22906042566.0,319849710997.5
2026-04-09,300502,350.47,355.11,348.12,349.55,29841603.0,14697987954.0,312518424819.5
2026-04-10,300502,351.69,376.65,345.98,372.73,44484391.0,22594696259.0,333242719161.7
2026-04-13,300502,369.52,372.37,356.69,365.75,37511302.0,19116007562.0,327002185317.5
2026-04-14,300502,373.05,384.43,367.38,370.95,38773795.0,20334797616.0,331651293625.5
2026-04-15,300502,374.53,380.93,349.56,354.53,46064564.0,23514279380.0,316970840083.69995
2026-04-16,300502,354.54,385.17,353.83,383.43,41860341.0,21855620325.0,342809153564.7
2026-04-17,300502,392.35,420.87,386.66,420.17,41619470.0,23873640630.0,375656891879.3
2026-04-20,300502,420.17,425.85,411.61,415.89,34250619.0,20041119489.0,371830318118.1
2026-04-21,300502,412.32,415.88,403.76,412.68,28754379.0,16511829692.0,368960387797.2
2026-04-22,300502,405.9,446.04,405.21,444.22,43344645.0,25875960934.0,397159017803.80005
2026-04-23,300502,441.57,447.85,428.72,433.92,40177510.0,24651177088.0,387950207116.8
2026-04-24,300502,394.32,404.23,376.66,383.27,91387113.0,50103015556.0,342666104078.3
2026-04-27,300502,391.92,394.49,381.55,383.79,46808200.0,25436042380.0,343131014909.10004
2026-04-28,300502,383.32,390.92,368.81,381.98,35795263.0,19045099166.0,341512767594.2
2026-04-29,300502,377.37,391.99,375.23,383.07,27564540.0,14843249572.0,342487292220.3
2026-04-30,300502,391.64,391.64,369.52,375.08,30209791.0,15997132240.0,335343758493.2
2026-05-06,300502,385.14,387.06,368.81,372.72,42093269.0,22190843776.0,333233778568.80005
2026-05-07,300502,373.69,403.05,365.95,401.98,53393032.0,28913955996.0,359393953394.2
2026-05-08,300502,394.49,400.19,389.83,393.54,29800495.0,16488159417.0,351848092986.60004
2026-05-11,300502,395.2,406.61,374.69,402.12,58107664.0,31811531859.0,359519121694.8
2026-05-12,300502,410.18,427.84,407.26,422.68,52497316.0,30891207516.0,377900980697.2
2026-05-13,300502,417.39,449.98,415.3,448.7,42373883.0,25757402083.0,401164403423.0
2026-05-14,300502,457.62,466.32,432.94,440.79,38229006.0,23891283018.0,394092394439.10004
2026-05-15,300502,440.14,449.19,418.23,435.19,35606171.0,21683301959.0,389085662415.1
2026-05-18,300502,427.3,440.34,423.02,427.96,29263744.0,17654635423.0,382621613748.39996
2026-05-19,300502,427.67,427.95,399.7,408.4,33905248.0,19397536342.0,365133814036.0
2026-05-20,300502,410.46,428.64,407.69,419.43,32662432.0,19111134320.0,374995288004.7
2026-05-21,300502,419.69,430.53,403.24,403.76,32809671.0,19260163701.0,360985378930.39996
2026-05-22,300502,411.84,437.92,406.62,432.85,40427817.0,23856790585.0,387810922988.5
2026-05-25,300502,442.38,470.86,424.46,470.11,47689344.0,30125178942.0,421193930937.10004
2026-05-26,300502,467.96,501.91,467.25,499.35,46353231.0,31816133671.0,447391439053.5
2026-05-27,300502,492.6,510.05,487.82,495.79,35137853.0,24509321995.0,444201865561.9
2026-05-28,300502,495.79,518.61,479.21,512.44,33947800.0,23798434942.0,459119393268.4
2026-05-29,300502,512.19,523.6,500.07,503.95,33255504.0,23786862613.0,451512798059.5
2026-06-01,300502,505.87,509.15,480.16,484.96,29592545.0,20385132527.0,434498752945.6
2026-06-02,300502,496.5,536.45,494.43,532.88,38710677.0,28143777060.0,477432562416.8
2026-06-03,300502,542.15,582.09,540.78,558.03,42690854.0,33713841996.0,499965644808.3
2026-06-04,300502,551.76,560.68,545.01,553.53,25410064.0,19660519635.0,495900868034.1
2026-06-05,300502,563.56,583.8,520.75,533.59,44176457.0,34165078019.0,478036861912.30005
2026-06-08,300502,507.28,531.45,503.55,517.19,32256061.0,23349172203.0,463344299204.30005
2026-06-09,300502,534.23,567.12,526.46,560.51,34860903.0,26803645755.0,502154166064.7
2026-06-10,300502,549.29,570.51,542.23,551.07,30888208.0,24038628432.0,493696983627.9
2026-06-11,300502,552.0,575.0,498.67,526.0,66756406.0,35610266806.0,659731901108.0
2026-06-12,300502,540.0,544.98,502.8,506.46,65444346.0,33734137300.0,635223989800.6799
2026-06-15,300502,515.0,540.88,490.13,540.49,61230163.0,31803945193.0,677905884467.42
2026-06-16,300502,541.51,561.77,535.01,549.0,40570010.0,22245143840.0,688579493742.0
2026-06-17,300502,545.7,558.5,537.11,557.88,38954814.0,21349679550.0,699717172985.04
2026-06-18,300502,552.66,588.0,551.18,581.48,42874943.0,24739825475.0,729317311513.84
2026-06-22,300502,584.1,591.0,560.0,579.97,45511422.0,26306289047.0,727423404345.26
2026-06-23,300502,575.0,587.0,540.0,552.0,44439843.0,24886291044.0,692342223216.0
2026-06-24,300502,552.0,574.48,546.0,555.3,40564325.0,22667376205.0,696481225637.3999
2026-06-25,300502,560.0,610.8,550.06,610.49,69427406.0,40588348021.0,765702905527.42
2026-06-26,300502,598.0,598.0,550.0,566.0,61773292.0,35283074178.0,709901627428.0
2026-06-29,300502,556.0,576.0,524.22,556.96,51813863.0,28371170752.0,698563269279.68
2026-06-30,300502,565.43,612.86,555.78,607.0,58442372.0,34527267520.0,761325596906.0
2026-07-01,300502,608.0,618.87,566.56,575.56,47623681.0,28256949371.0,721892192018.48
2026-07-02,300502,545.0,548.5,504.6,509.0,69606257.0,36573804618.0,638409767422.0
2026-07-03,300502,510.0,551.77,505.88,526.0,53450652.0,28432994880.0,659731901108.0
2026-07-06,300502,526.0,530.0,502.0,506.89,43168986.0,22149431794.0,635763314358.62
2026-07-07,300502,506.89,518.21,490.1,510.1,45431318.0,22935005483.0,639789434895.8
2026-07-08,300502,515.0,533.38,498.13,510.84,44527631.0,23032919119.0,640717574832.72
2026-07-09,300502,526.0,549.94,509.96,545.5,49199656.0,26100898894.0,684189642689.0
2026-07-10,300502,564.0,570.98,520.58,523.05,51067761.0,28030566299.0,656031883791.8999
2026-07-13,300502,518.0,541.74,502.88,512.5,41130487.0,21387137627.0,642799618475.0
2026-07-14,300502,525.0,568.82,515.55,568.82,64903856.0,35430385574.0,713438593133.56
2026-07-15,300502,565.0,579.42,551.0,556.0,44338495.0,24951902714.0,697359195848.0
2026-07-16,300502,530.0,558.0,526.21,542.6,40875345.0,22051853828.0,680552337530.8
2026-07-17,300502,518.0,520.9,452.96,482.88,76002466.0,37485566621.0,605648936135.04
2026-07-20,300502,512.0,523.96,481.5,510.0,68169192.0,34530785007.0,639664010580.0
2026-07-21,300502,519.0,554.4,490.99,551.77,75706326.0,39883138339.0,692053747289.66
2026-07-22,300502,540.0,551.6,506.16,508.8,62675398.0,33234306460.0,638158918790.4
2026-07-23,300502,517.72,523.83,493.36,497.3,44270088.0,22429222585.0,623735122473.4
2026-07-24,300502,481.94,495.65,476.0,476.02,33697379.0,16318973785.0,597044828071.16
2026-07-27,300502,466.14,492.41,459.5,491.0,35703449.0,17128849475.0,615833390578.0
2026-07-28,300502,460.0,469.99,403.92,406.9,77284347.0,33425318704.0,510351540990.19995
2026-07-29,300502,407.13,429.22,393.5,421.2,65007651.0,26914576519.0,528287218149.6
