date,ticker,open,high,low,close,volume,amount,market_cap
2021-01-04,302132,14.93,15.6,14.75,15.41,19734132.0,307526633.0,9103619289.59
2021-01-05,302132,15.4,15.82,15.08,15.57,19384508.0,306330106.0,9198140969.43
2021-01-06,302132,16.28,16.28,15.31,15.53,24817167.0,400896615.0,9174510549.47
2021-01-07,302132,15.32,15.63,14.87,15.06,17693028.0,275653062.0,8896853114.94
2021-01-08,302132,15.11,15.39,14.76,15.05,13853535.0,213521805.0,8890945509.95
2021-01-11,302132,15.19,15.48,14.68,14.96,17376683.0,268208323.0,8837777065.04
2021-01-12,302132,14.86,16.01,14.82,15.82,21873249.0,351450224.0,9345831094.18
2021-01-13,302132,15.84,16.16,15.51,15.85,18355887.0,297213718.0,9363553909.15
2021-01-14,302132,15.72,15.84,14.98,15.02,15746201.0,246402610.0,8873222694.98
2021-01-15,302132,14.91,15.31,14.74,15.03,8762962.0,134496591.0,8879130299.97
2021-01-18,302132,15.07,15.7,14.96,15.64,12203059.0,193044376.0,9239494204.36
2021-01-19,302132,15.5,15.64,15.17,15.28,8753696.0,137556131.0,9026820424.72
2021-01-20,302132,15.22,15.69,15.03,15.68,12168380.0,191449535.0,9263124624.32
2021-01-21,302132,15.53,15.87,15.42,15.58,13060129.0,208835123.0,9204048574.42
2021-01-22,302132,15.47,15.49,14.77,14.91,13501351.0,208295019.0,8808239040.09
2021-01-25,302132,14.93,15.13,13.81,13.9,17046158.0,250222123.0,8211570936.1
2021-01-26,302132,13.8,13.8,12.92,13.08,17744565.0,240389182.0,7727147326.92
2021-01-27,302132,13.11,13.19,12.66,12.7,13133136.0,172590796.0,7502658337.299999
2021-01-28,302132,12.59,13.33,12.49,12.91,12769306.0,169903172.0,7626718042.09
2021-01-29,302132,12.98,13.02,12.57,12.83,5683965.0,74095787.0,7579457202.17
2021-02-01,302132,12.79,13.0,12.62,12.71,5222298.0,68167941.0,7508565942.290001
2021-02-02,302132,12.71,12.76,12.31,12.48,8734792.0,111344536.0,7372691027.52
2021-02-03,302132,12.47,12.47,11.91,11.94,9534834.0,118042470.0,7053680358.059999
2021-02-04,302132,11.91,12.11,11.38,11.55,8461479.0,100619474.0,6823283763.450001
2021-02-05,302132,11.84,12.15,11.38,11.44,9443202.0,113615991.0,6758300108.559999
2021-02-08,302132,11.39,11.58,11.15,11.28,6653685.0,77296691.0,6663778428.719999
2021-02-09,302132,11.62,12.15,11.55,12.05,9104359.0,110411383.0,7118664012.950001
2021-02-10,302132,11.93,12.05,11.81,12.01,5967419.0,72843637.0,7095033592.99
2021-02-18,302132,12.31,12.6,12.13,12.33,7082322.0,89272738.0,7284076952.67
2021-02-19,302132,12.3,12.64,12.22,12.58,5731780.0,73303186.0,7431767077.42
2021-02-22,302132,12.68,13.09,12.57,12.73,10372732.0,136160788.0,7520381152.27
2021-02-23,302132,12.7,12.98,12.38,12.79,7944624.0,103292741.0,7555826782.209999
2021-02-24,302132,12.77,12.95,12.62,12.76,6896820.0,90304642.0,7538103967.24
2021-02-25,302132,12.8,12.87,12.52,12.55,5155501.0,66850515.0,7414044262.450001
2021-02-26,302132,12.45,12.78,12.4,12.58,4672649.0,60075431.0,7431767077.42
2021-03-01,302132,12.69,13.13,12.57,13.08,8502033.0,112188717.0,7727147326.92
2021-03-02,302132,13.15,13.18,12.86,12.94,6139800.0,81247412.0,7644440857.059999
2021-03-03,302132,12.88,12.99,12.84,12.95,4479473.0,59172036.0,7650348462.049999
2021-03-04,302132,12.85,13.13,12.83,12.88,6616552.0,87873831.0,7608995227.120001
2021-03-05,302132,12.75,13.0,12.7,12.93,4409477.0,58194296.0,7638533252.07
2021-03-08,302132,13.01,13.03,12.37,12.46,7518727.0,97777078.0,7360875817.540001
2021-03-09,302132,12.43,12.52,11.91,11.98,6352724.0,79194518.0,7077310778.02
2021-03-10,302132,12.1,12.22,11.65,11.72,5617423.0,68243765.0,6923713048.280001
2021-03-11,302132,11.8,12.14,11.69,12.07,4406846.0,53805777.0,7130479222.93
2021-03-12,302132,12.07,12.1,11.81,11.97,3733682.0,45527383.0,7071403173.030001
2021-03-15,302132,12.07,12.18,11.95,12.13,4370179.0,53919769.0,7165924852.870001
2021-03-16,302132,12.07,12.25,12.02,12.19,3384506.0,41981193.0,7201370482.809999
2021-03-17,302132,12.27,12.28,11.99,12.12,5196900.0,64324886.0,7160017247.879999
2021-03-18,302132,12.36,12.74,12.36,12.6,9948988.0,127832199.0,7443582287.4
2021-03-19,302132,12.49,12.92,12.45,12.74,10357243.0,134954379.0,7526288757.26
2021-03-22,302132,12.68,13.05,12.64,12.96,8504127.0,112106401.0,7656256067.040001
2021-03-23,302132,12.95,13.05,12.81,12.95,6045280.0,80005696.0,7650348462.049999
2021-03-24,302132,12.87,13.04,12.63,12.81,5785463.0,75989247.0,7567641992.190001
2021-03-25,302132,12.76,12.95,12.6,12.87,4992564.0,65514430.0,7603087622.129999
2021-03-26,302132,12.83,12.97,12.81,12.92,4617905.0,60918821.0,7632625647.08
2021-03-29,302132,12.93,13.35,12.86,13.04,8427606.0,113525703.0,7703516906.959999
2021-03-30,302132,12.99,13.36,12.87,13.1,6667888.0,89815195.0,7738962536.9
2021-03-31,302132,13.06,13.06,12.75,12.98,5386998.0,71073753.0,7668071277.02
2021-04-01,302132,12.98,13.0,12.79,12.84,3820219.0,50246778.0,7585364807.16
2021-04-02,302132,12.85,12.94,12.74,12.76,3620700.0,47434984.0,7538103967.24
2021-04-06,302132,12.76,13.08,12.76,13.04,4786828.0,63502092.0,7703516906.959999
2021-04-07,302132,12.94,12.98,12.8,12.91,3930201.0,51734947.0,7626718042.09
2021-04-08,302132,12.89,13.01,12.79,12.79,3848311.0,50642298.0,7555826782.209999
2021-04-09,302132,12.78,13.23,12.77,13.03,8206753.0,109367203.0,7697609301.969999
2021-04-12,302132,13.0,13.38,12.77,12.8,9336545.0,125127623.0,7561734387.200001
2021-04-13,302132,12.72,12.86,12.54,12.58,5422744.0,70174501.0,7431767077.42
2021-04-14,302132,12.62,13.22,12.57,13.04,6245404.0,82807903.0,7703516906.959999
2021-04-15,302132,13.02,13.16,12.88,13.1,4023050.0,53642196.0,7738962536.9
2021-04-16,302132,13.09,13.22,12.97,13.14,4807197.0,64554463.0,7762592956.860001
2021-04-19,302132,13.25,13.63,13.13,13.57,9198041.0,126506044.0,8016619971.43
2021-04-20,302132,13.5,13.56,13.36,13.37,5388711.0,74079519.0,7898467871.629999
2021-04-21,302132,13.4,13.44,13.22,13.28,4095520.0,55730861.0,7845299426.719999
2021-04-22,302132,13.3,13.44,13.2,13.27,3820407.0,51868086.0,7839391821.73
2021-04-23,302132,13.29,13.29,12.85,13.02,5900365.0,78643547.0,7691701696.98
2021-04-26,302132,13.08,13.43,12.97,13.24,5856096.0,79421329.0,7821669006.76
2021-04-27,302132,13.2,13.2,12.87,13.0,4226062.0,56056737.0,7679886487.0
2021-04-28,302132,12.95,13.01,12.73,12.79,3944193.0,51681655.0,7555826782.209999
2021-04-29,302132,12.8,12.94,12.69,12.79,2848768.0,37399679.0,7555826782.209999
2021-04-30,302132,12.83,12.87,12.52,12.57,4202601.0,54228954.0,7425859472.43
2021-05-06,302132,12.59,12.83,12.44,12.76,2948366.0,38339605.0,7538103967.24
2021-05-07,302132,12.71,12.84,12.49,12.52,3203815.0,41424567.0,7396321447.48
2021-05-10,302132,12.5,12.57,12.28,12.34,3017713.0,38346906.0,7289984557.66
2021-05-11,302132,12.35,12.59,12.29,12.52,2449708.0,31182047.0,7396321447.48
2021-05-12,302132,12.47,12.6,12.39,12.5,2786850.0,35541269.0,7384506237.5
2021-05-13,302132,12.4,12.59,12.4,12.45,2469742.0,31575808.0,7354968212.549999
2021-05-14,302132,12.47,12.75,12.43,12.7,3744764.0,48426172.0,7502658337.299999
2021-05-17,302132,12.73,12.84,12.56,12.58,3510151.0,45431951.0,7431767077.42
2021-05-18,302132,12.59,12.86,12.42,12.83,5427129.0,70166141.0,7579457202.17
2021-05-19,302132,12.77,12.9,12.68,12.7,3973574.0,51916259.0,7502658337.299999
2021-05-20,302132,12.63,12.79,12.55,12.57,3904999.0,50481212.0,7425859472.43
2021-05-21,302132,12.57,12.66,12.29,12.3,3952570.0,50379320.0,7266354137.700001
2021-05-24,302132,12.34,12.76,12.34,12.67,5449262.0,70401181.0,7484935522.33
2021-05-25,302132,12.71,12.91,12.52,12.9,5410254.0,70735913.0,7620810437.1
2021-05-26,302132,12.9,13.45,12.87,13.2,10300332.0,139657990.0,7798038586.799999
2021-05-27,302132,13.2,13.35,13.08,13.27,5537716.0,75023978.0,7839391821.73
2021-05-28,302132,13.33,13.45,13.1,13.23,4827805.0,65324490.0,7815761401.77
2021-05-31,302132,13.14,13.98,13.14,13.95,11838176.0,165995581.0,8241108961.049999
2021-06-01,302132,13.95,14.06,13.69,13.79,6338529.0,89815505.0,8146587281.209999
2021-06-02,302132,13.76,13.84,13.49,13.57,4937588.0,68735957.0,8016619971.43
2021-06-03,302132,13.61,14.13,13.45,13.89,9018747.0,127871416.0,8205663331.110001
2021-06-04,302132,13.8,14.7,13.72,14.53,13592197.0,200062095.0,8583750050.469999
2021-06-07,302132,14.74,15.2,14.6,14.86,12952647.0,197256788.0,8778701015.14
2021-06-08,302132,14.81,15.02,14.55,14.94,7936984.0,119729576.0,8825961855.06
2021-06-09,302132,15.01,15.13,14.55,14.83,6959692.0,104459724.0,8760978200.17
2021-06-10,302132,14.83,14.99,14.65,14.83,4756310.0,71879165.0,8760978200.17
2021-06-11,302132,14.75,14.83,14.42,14.55,5752802.0,85566799.0,8595565260.45
2021-06-15,302132,14.63,14.79,14.33,14.59,5326431.0,79222292.0,8619195680.41
2021-06-16,302132,14.62,14.81,14.36,14.71,4630973.0,69155547.0,8690086940.29
2021-06-17,302132,14.65,14.72,14.17,14.58,8285956.0,121879221.0,8613288075.42
2021-06-18,302132,14.62,15.01,14.5,14.77,5996324.0,90353826.0,8725532570.23
2021-06-21,302132,14.9,15.13,14.66,15.08,6131247.0,93370764.0,8908668324.92
2021-06-22,302132,15.06,15.42,14.89,15.16,7224808.0,111555220.0,8955929164.84
2021-06-23,302132,15.11,15.31,14.92,15.06,3562921.0,54665513.0,8896853114.94
2021-06-24,302132,15.13,15.21,14.76,14.88,5368203.0,81935836.0,8790516225.12
2021-06-25,302132,14.95,15.03,14.67,14.79,5630225.0,85064341.0,8737347780.21
2021-06-28,302132,14.74,15.21,14.74,15.02,4330636.0,66242740.0,8873222694.98
2021-06-29,302132,15.0,15.3,14.85,14.89,5170813.0,79189174.0,8796423830.11
2021-06-30,302132,14.94,15.05,14.85,14.92,3263335.0,49656139.0,8814146645.08
2021-07-01,302132,14.93,15.03,14.23,14.28,6609885.0,97289457.0,8436059925.719999
2021-07-02,302132,14.42,14.47,14.11,14.36,3548874.0,51889440.0,8483320765.639999
2021-07-05,302132,14.36,14.71,14.29,14.64,4865030.0,72173425.0,8648733705.36
2021-07-06,302132,14.63,15.02,14.48,14.86,5366043.0,80732256.0,8778701015.14
2021-07-07,302132,15.42,16.63,15.37,16.04,18395831.0,300679817.0,9475798403.96
2021-07-08,302132,16.01,17.15,15.83,16.65,18721055.0,318186356.0,9836162308.349998
2021-07-09,302132,16.68,17.29,16.33,16.6,18894176.0,321546633.0,9806624283.400002
2021-07-12,302132,16.58,16.67,15.93,15.99,13251827.0,218083340.0,9446260379.01
2021-07-13,302132,16.08,16.15,15.48,15.67,11673238.0,186685337.0,9257217019.33
2021-07-14,302132,15.56,15.62,15.02,15.26,11250354.0,175263672.0,9015005214.74
2021-07-15,302132,15.38,15.59,15.13,15.38,7085241.0,110847397.0,9085896474.62
2021-07-16,302132,15.29,16.14,15.12,15.79,12966324.0,207791190.0,9328108279.21
2021-07-19,302132,15.92,16.41,15.49,15.71,13142391.0,213640001.0,9280847439.29
2021-07-20,302132,15.58,16.6,15.33,16.27,14394663.0,237905251.0,9611673318.73
2021-07-21,302132,16.25,16.38,16.0,16.24,7760923.0,127940651.0,9593950503.759998
2021-07-22,302132,16.39,16.39,15.78,15.99,6875560.0,111769463.0,9446260379.01
2021-07-23,302132,15.85,16.34,15.6,16.18,9333156.0,151782875.0,9558504873.82
2021-07-26,302132,16.15,17.05,16.07,16.65,17984702.0,304373551.0,9836162308.349998
2021-07-27,302132,16.47,16.93,15.5,15.59,13418669.0,222594427.0,9209956179.41
2021-07-28,302132,15.65,15.85,14.35,14.49,14135502.0,212667560.0,8560119630.51
2021-07-29,302132,14.78,15.61,14.72,15.25,13101608.0,203937640.0,9009097609.75
2021-07-30,302132,15.23,15.39,15.06,15.24,6961307.0,107911662.0,9003190004.76
2021-08-02,302132,15.25,16.68,15.02,16.67,14596128.0,240092910.0,9847977518.330002
2021-08-03,302132,16.83,16.83,16.15,16.26,7911563.0,132837057.0,9605765713.740002
2021-08-04,302132,16.19,17.55,16.19,17.28,12321034.0,215239424.0,10208341422.720001
2021-08-05,302132,17.17,17.65,16.98,17.38,12654031.0,223188693.0,10267417472.619999
2021-08-06,302132,17.26,18.54,17.11,18.31,19520670.0,359598636.0,10816824736.689999
2021-08-09,302132,18.48,19.4,18.12,18.42,24162025.0,457774296.0,10881808391.580002
2021-08-10,302132,18.13,20.18,18.12,19.28,29325591.0,572831040.0,11389862420.720001
2021-08-11,302132,18.94,19.53,18.65,19.09,16674579.0,323028975.0,11277617925.91
2021-08-12,302132,18.82,19.26,18.23,18.56,15955457.0,303108862.0,10964514861.439999
2021-08-13,302132,18.56,19.85,18.5,19.29,18603042.0,365539135.0,11395770025.71
2021-08-16,302132,19.22,20.3,18.62,18.94,15390673.0,303132916.0,11189003851.060001
2021-08-17,302132,19.02,19.51,18.51,18.66,12231235.0,236203512.0,11023590911.34
2021-08-18,302132,18.66,19.62,18.55,19.05,12829679.0,249889206.0,11253987505.95
2021-08-19,302132,19.06,20.78,18.5,20.41,25323112.0,510319523.0,12057421784.59
2021-08-20,302132,19.92,20.3,19.23,19.57,15781532.0,316381433.0,11561182965.43
2021-08-23,302132,19.63,20.94,19.63,20.56,18217457.0,379710586.0,12146035859.439999
2021-08-24,302132,19.67,20.36,19.23,20.21,18911234.0,381369220.0,11939269684.79
2021-08-25,302132,20.02,20.49,19.24,19.63,16809854.0,336231142.0,11596628595.369999
2021-08-26,302132,19.48,20.31,19.05,19.32,13382152.0,268359461.0,11413492840.68
2021-08-27,302132,19.04,19.69,18.64,19.23,13337656.0,263137254.0,11360324395.77
2021-08-30,302132,18.96,20.12,18.96,19.71,14841863.0,298348286.0,11643889435.29
2021-08-31,302132,19.63,20.09,19.29,19.56,9853207.0,197089588.0,11555275360.439999
2021-09-01,302132,19.55,19.6,17.2,18.23,21065451.0,389881320.0,10769563896.77
2021-09-02,302132,18.13,18.74,18.1,18.62,11810839.0,222398540.0,10999960491.380001
2021-09-03,302132,18.63,18.64,17.29,17.85,13150021.0,239393110.0,10545074907.150002
2021-09-06,302132,17.81,18.01,17.28,17.96,7870166.0,141868180.0,10610058562.04
2021-09-07,302132,17.96,18.54,17.86,18.23,8616371.0,159964216.0,10769563896.77
2021-09-08,302132,18.2,18.35,17.61,17.75,8792915.0,160138671.0,10485998857.25
2021-09-09,302132,17.76,18.4,17.71,18.27,8953510.0,165211813.0,10793194316.73
2021-09-10,302132,18.25,18.25,17.55,17.96,10011334.0,182089099.0,10610058562.04
2021-09-13,302132,17.95,17.96,17.22,17.38,8639462.0,153609830.0,10267417472.619999
2021-09-14,302132,17.35,17.81,17.07,17.26,6935532.0,123601199.0,10196526212.740002
2021-09-15,302132,17.17,17.4,16.68,17.07,9346172.0,161731258.0,10084281717.93
2021-09-16,302132,17.03,17.17,16.44,16.6,6647938.0,113777191.0,9806624283.400002
2021-09-17,302132,16.61,16.89,15.94,16.26,6681897.0,110633859.0,9605765713.740002
2021-09-22,302132,16.12,16.68,15.97,16.58,5795447.0,97327017.0,9794809073.419998
2021-09-23,302132,16.56,16.84,16.4,16.7,5275195.0,89430698.0,9865700333.3
2021-09-24,302132,16.63,16.73,16.21,16.3,4077773.0,68322059.0,9629396133.7
2021-09-27,302132,16.28,16.42,15.55,15.78,6226462.0,100545684.0,9322200674.22
2021-09-28,302132,15.74,15.99,15.74,15.8,3613725.0,58486305.0,9334015884.2
2021-09-29,302132,15.65,15.83,15.19,15.26,5022279.0,78843672.0,9015005214.74
2021-09-30,302132,15.44,15.49,15.26,15.43,2782450.0,43630017.0,9115434499.57
2021-10-08,302132,15.46,15.78,15.46,15.6,4424159.0,70474292.0,9215863784.4
2021-10-11,302132,15.61,16.12,15.43,15.79,10431915.0,168595730.0,9328108279.21
2021-10-12,302132,15.72,15.81,14.84,14.97,9922822.0,153878285.0,8843684670.03
2021-10-13,302132,14.42,14.8,14.23,14.5,11191428.0,165495401.0,8566027235.5
2021-10-14,302132,14.66,15.16,14.53,14.83,10916100.0,165988147.0,8760978200.17
2021-10-15,302132,14.91,15.21,14.82,14.95,5733793.0,87882721.0,8831869460.05
2021-10-18,302132,14.91,15.26,14.85,15.11,6301000.0,96823095.0,8926391139.89
2021-10-19,302132,15.05,15.25,14.92,15.15,4522400.0,69573491.0,8950021559.85
2021-10-20,302132,15.07,15.31,14.82,15.29,4755390.0,73273827.0,9032728029.71
2021-10-21,302132,15.21,15.21,14.83,14.99,5077283.0,77554187.0,8855499880.01
2021-10-22,302132,15.05,15.05,14.76,14.92,4686598.0,71036513.0,8814146645.08
2021-10-25,302132,14.82,15.29,14.47,15.22,8924715.0,134969046.0,8991374794.78
2021-10-26,302132,15.06,15.43,15.04,15.1,6776917.0,104954881.0,8920483534.9
2021-10-27,302132,15.11,15.36,13.79,13.95,19566129.0,284449266.0,8241108961.049999
2021-10-28,302132,13.9,14.11,13.45,13.77,11821043.0,165363437.0,8134772071.23
2021-10-29,302132,13.76,14.14,13.67,14.02,8856023.0,125885223.0,8282462195.98
2021-11-01,302132,13.94,14.88,13.94,14.81,13000600.0,192473871.0,8749162990.19
2021-11-02,302132,14.98,15.49,14.98,15.36,17185447.0,267179052.0,9074081264.64
2021-11-03,302132,15.37,15.4,14.86,15.05,9356600.0,143490346.0,8890945509.95
2021-11-04,302132,15.01,15.54,14.94,15.4,11701325.0,181888610.0,9097711684.6
2021-11-05,302132,15.36,15.77,15.27,15.29,11180303.0,176167784.0,9032728029.71
2021-11-08,302132,15.29,15.36,14.42,14.75,16513007.0,247500177.0,8713717360.25
2021-11-09,302132,14.66,16.05,14.63,15.81,22211682.0,351864143.0,9339923489.19
2021-11-10,302132,15.73,16.25,15.5,16.23,21138415.0,342651370.0,9588042898.77
2021-11-11,302132,16.13,16.33,15.93,16.04,13383550.0,219293875.0,9475798403.96
2021-11-12,302132,16.1,16.67,15.96,16.59,17166251.0,286428689.0,9800716678.41
2021-11-15,302132,16.79,17.03,16.37,16.44,14774705.0,249441387.0,9712102603.560001
2021-11-16,302132,16.39,16.49,15.77,15.85,14668012.0,240764177.0,9363553909.15
2021-11-17,302132,15.9,16.2,15.81,16.07,9180550.0,149666416.0,9493521218.93
2021-11-18,302132,15.96,16.45,15.75,16.27,12697958.0,209341582.0,9611673318.73
2021-11-19,302132,16.12,16.77,16.1,16.76,14715853.0,247762084.0,9901145963.240002
2021-11-22,302132,16.88,17.24,16.58,16.72,14781828.0,253990737.0,9877515543.279999
2021-11-23,302132,16.56,17.03,16.53,16.75,10274624.0,175575162.0,9895238358.25
2021-11-24,302132,16.74,16.82,16.31,16.37,9723103.0,163451979.0,9670749368.630001
2021-11-25,302132,16.36,17.05,16.34,16.84,15149962.0,259559856.0,9948406803.16
2021-11-26,302132,16.84,17.04,16.53,16.58,8874866.0,151700630.0,9794809073.419998
2021-11-29,302132,16.34,17.41,16.27,17.32,14666401.0,254332343.0,10231971842.68
2021-11-30,302132,17.34,17.76,17.15,17.53,17856820.0,318116140.0,10356031547.470001
2021-12-01,302132,17.47,17.61,17.21,17.27,11110178.0,196701920.0,10202433817.73
2021-12-02,302132,17.27,17.32,16.78,16.95,9798850.0,169524927.0,10013390458.05
2021-12-03,302132,16.95,17.71,16.94,17.65,13779978.0,243433476.0,10426922807.349998
2021-12-06,302132,17.47,17.82,17.19,17.63,15121628.0,269960577.0,10415107597.369999
2021-12-07,302132,17.49,17.66,16.45,16.86,15023141.0,259387574.0,9960222013.14
2021-12-08,302132,16.82,17.91,16.81,17.56,16657301.0,297106834.0,10373754362.439999
2021-12-09,302132,17.56,17.71,17.18,17.36,10758640.0,190562063.0,10255602262.64
2021-12-10,302132,17.27,17.27,16.84,16.97,12095588.0,209459124.0,10025205668.029999
2021-12-13,302132,16.88,16.92,16.56,16.83,9952129.0,169652617.0,9942499198.169998
2021-12-14,302132,16.7,17.11,16.7,16.94,9587302.0,165251943.0,10007482853.060001
2021-12-15,302132,16.81,17.04,16.59,16.68,7485121.0,127958455.0,9853885123.32
2021-12-16,302132,16.71,17.93,16.71,17.74,20175339.0,357562668.0,10480091252.259998
2021-12-17,302132,17.61,17.73,16.91,17.09,16107343.0,282799457.0,10096096927.91
2021-12-20,302132,16.96,17.05,16.13,16.29,12998161.0,218257900.0,9623488528.71
2021-12-21,302132,16.34,16.52,16.16,16.48,6367602.0,106261484.0,9735733023.52
2021-12-22,302132,16.5,16.79,16.35,16.55,7072383.0,119548481.0,9777086258.45
2021-12-23,302132,16.49,16.75,16.26,16.48,6583661.0,110879885.0,9735733023.52
2021-12-24,302132,16.53,16.62,16.13,16.33,5253553.0,87659375.0,9647118948.669998
2021-12-27,302132,16.33,16.52,16.23,16.32,4190928.0,69798101.0,9641211343.68
2021-12-28,302132,16.35,16.62,16.22,16.57,4751957.0,79578894.0,9788901468.43
2021-12-29,302132,16.55,16.9,16.49,16.65,6903363.0,117588776.0,9836162308.349998
2021-12-30,302132,16.66,17.46,16.57,17.21,15312386.0,268419881.0,10166988187.79
2021-12-31,302132,17.27,17.49,17.05,17.35,13171047.0,231636947.0,10249694657.650002
2022-01-04,302132,17.35,17.61,17.12,17.33,12272161.0,216645413.0,10237879447.669998
2022-01-05,302132,17.52,17.53,16.32,16.49,15603105.0,266854573.0,9741640628.509998
2022-01-06,302132,16.24,16.39,15.71,15.97,12457780.0,203785969.0,9434445169.03
2022-01-07,302132,15.99,16.11,15.31,15.37,12716638.0,202789900.0,9079988869.63
2022-01-10,302132,15.42,15.82,15.32,15.75,7183239.0,114048186.0,9304477859.25
2022-01-11,302132,15.75,15.81,15.3,15.35,6428831.0,101976415.0,9068173659.65
2022-01-12,302132,15.43,15.73,15.41,15.63,4721980.0,75162819.0,9233586599.37
2022-01-13,302132,15.72,15.73,15.09,15.1,9036558.0,141309817.0,8920483534.9
2022-01-14,302132,15.13,15.41,15.05,15.14,5859500.0,91019279.0,8944113954.86
2022-01-17,302132,15.19,15.77,15.17,15.55,7617260.0,120563548.0,9186325759.45
2022-01-18,302132,15.55,15.67,15.33,15.42,6512203.0,102823977.0,9109526894.58
2022-01-19,302132,15.41,15.49,14.95,15.07,6926838.0,107248487.0,8902760719.93
2022-01-20,302132,15.15,15.2,14.77,14.84,5760800.0,87397819.0,8766885805.16
2022-01-21,302132,14.84,15.05,14.53,14.87,5783260.0,87360652.0,8784608620.13
2022-01-24,302132,14.75,15.03,14.73,14.91,3776500.0,57353355.0,8808239040.09
2022-01-25,302132,14.94,15.16,14.12,14.14,6938763.0,103302921.0,8353353455.860001
2022-01-26,302132,14.18,14.45,14.16,14.28,3392243.0,49421873.0,8436059925.719999
2022-01-27,302132,14.2,14.38,14.11,14.12,3726359.0,53999154.0,8341538245.879999
2022-01-28,302132,14.16,14.44,13.86,14.22,3914321.0,56526383.0,8400614295.780001
2022-02-07,302132,14.47,14.65,14.26,14.37,4128700.0,60854073.0,8489228370.629999
2022-02-08,302132,14.42,14.77,14.33,14.74,4491101.0,66426963.0,8707809755.26
2022-02-09,302132,14.74,14.92,14.6,14.9,3727300.0,56198522.0,8802331435.1
2022-02-10,302132,14.92,15.1,14.7,14.75,4554825.0,68968464.0,8713717360.25
2022-02-11,302132,14.71,14.83,14.33,14.4,5030100.0,74548492.0,8506951185.6
2022-02-14,302132,14.34,14.81,14.34,14.63,3790768.0,56445935.0,8642826100.37
2022-02-15,302132,14.57,14.79,14.53,14.79,2946464.0,44170083.0,8737347780.21
2022-02-16,302132,14.77,14.85,14.62,14.81,2677530.0,40249543.0,8749162990.19
2022-02-17,302132,14.81,14.91,14.64,14.7,3216500.0,48357769.0,8684179335.3
2022-02-18,302132,14.63,14.66,14.43,14.63,2739200.0,40624224.0,8642826100.37
2022-02-21,302132,14.6,14.76,14.6,14.76,3188856.0,47754527.0,8719624965.24
2022-02-22,302132,14.77,14.94,14.59,14.63,3777106.0,56625459.0,8642826100.37
2022-02-23,302132,14.6,15.0,14.59,14.96,5802300.0,87891510.0,8837777065.04
2022-02-24,302132,14.87,15.33,14.81,15.09,11360092.0,174402690.0,8914575929.91
2022-02-25,302132,14.93,15.01,14.8,14.91,6325404.0,96043820.0,8808239040.09
2022-02-28,302132,14.87,15.09,14.79,14.91,5099467.0,77750039.0,8808239040.09
2022-03-01,302132,14.9,15.2,14.84,15.15,5428500.0,83186637.0,8950021559.85
2022-03-02,302132,15.03,15.06,14.85,14.95,3955204.0,60236143.0,8831869460.05
2022-03-03,302132,14.96,14.98,14.62,14.68,4531792.0,68488896.0,8672364125.32
2022-03-04,302132,14.71,14.71,14.21,14.25,4925728.0,72630494.0,8418337110.75
2022-03-07,302132,14.32,14.35,14.0,14.17,4024823.0,58227943.0,8371076270.83
2022-03-08,302132,14.15,14.23,13.54,13.74,5848916.0,82391782.0,8117049256.26
2022-03-09,302132,13.74,13.8,12.56,13.4,6611682.0,89216452.0,7916190686.6
2022-03-10,302132,13.61,13.85,13.44,13.45,4610765.0,64142910.0,7945728711.549999
2022-03-11,302132,13.29,13.69,13.06,13.65,3793478.0,51543994.0,8063880811.35
2022-03-14,302132,13.51,13.92,13.35,13.42,3469978.0,48240850.0,7928005896.58
2022-03-15,302132,13.35,13.44,12.6,12.61,4916878.0,65261326.0,7449489892.389999
2022-03-16,302132,12.81,13.02,12.27,12.94,4693357.0,60719233.0,7644440857.059999
2022-03-17,302132,13.04,13.37,12.95,13.12,4081671.0,54840867.0,7750777746.879999
2022-03-18,302132,13.06,13.2,12.93,13.14,2661600.0,35496678.0,7762592956.860001
2022-03-21,302132,13.11,13.3,13.09,13.25,3174600.0,42680821.0,7827576611.75
2022-03-22,302132,13.31,13.43,13.08,13.19,3191868.0,43017887.0,7792130981.809999
2022-03-23,302132,13.23,13.56,13.15,13.37,6135390.0,83286149.0,7898467871.629999
2022-03-24,302132,13.32,13.34,12.97,13.05,3945130.0,52564663.0,7709424511.950001
2022-03-25,302132,13.19,13.2,12.78,12.81,3796814.0,50268977.0,7567641992.190001
2022-03-28,302132,12.64,12.92,12.46,12.76,3034081.0,39167942.0,7538103967.24
2022-03-29,302132,12.77,12.92,12.54,12.55,3250796.0,42141515.0,7414044262.450001
2022-03-30,302132,12.61,12.85,12.56,12.85,2941679.0,38172367.0,7591272412.15
2022-03-31,302132,12.84,13.0,12.69,12.77,4282202.0,55766129.0,7544011572.23
2022-04-01,302132,12.76,12.81,12.59,12.71,3052214.0,39496577.0,7508565942.290001
2022-04-06,302132,12.74,13.06,12.72,13.0,3825304.0,50239023.0,7679886487.0
2022-04-07,302132,12.95,13.36,12.92,13.1,6363867.0,85403088.0,7738962536.9
2022-04-08,302132,13.02,13.13,12.34,12.96,6618679.0,86454833.0,7656256067.040001
2022-04-11,302132,13.05,13.05,12.48,12.59,4597559.0,59597562.0,7437674682.41
2022-04-12,302132,12.54,12.8,12.32,12.8,4563050.0,58525682.0,7561734387.200001
2022-04-13,302132,12.76,12.83,12.57,12.59,2813925.0,36404195.0,7437674682.41
2022-04-14,302132,12.62,12.81,12.57,12.71,3507174.0,45365874.0,7508565942.290001
2022-04-15,302132,12.63,12.87,12.51,12.87,6956150.0,90122908.0,7603087622.129999
2022-04-18,302132,12.71,12.9,12.54,12.88,4443162.0,57771080.0,7608995227.120001
2022-04-19,302132,12.85,13.14,12.81,13.14,5047636.0,66592489.0,7762592956.860001
2022-04-20,302132,13.05,13.17,12.8,12.88,4921275.0,65163326.0,7608995227.120001
2022-04-21,302132,12.77,12.95,12.56,12.58,4764990.0,61930487.0,7431767077.42
2022-04-22,302132,12.46,12.68,12.32,12.41,3007650.0,38240951.0,7331337792.59
2022-04-25,302132,12.21,12.21,10.76,10.84,8115812.0,94094012.0,6403843809.16
2022-04-26,302132,10.86,11.07,10.28,10.31,7301839.0,79395058.0,6090740744.690001
2022-04-27,302132,10.21,10.75,9.98,10.75,7391639.0,78567012.0,6350675364.25
2022-04-28,302132,10.3,10.3,9.05,9.18,21780825.0,210884906.0,5423181380.82
2022-04-29,302132,9.25,9.53,9.22,9.42,20989724.0,201030781.0,5564963900.58
2022-05-05,302132,9.42,9.84,9.29,9.66,15070666.0,148139409.0,5706746420.34
2022-05-06,302132,9.42,9.69,9.28,9.42,12505900.0,120629838.0,5564963900.58
2022-05-09,302132,9.43,9.67,9.36,9.51,11853775.0,114630897.0,5618132345.49
2022-05-10,302132,9.32,9.55,9.28,9.47,15680385.0,150617118.0,5594501925.530001
2022-05-11,302132,9.48,9.88,9.45,9.58,22589500.0,223260661.0,5659485580.42
2022-05-12,302132,9.52,9.7,9.34,9.56,13504500.0,130977507.0,5647670370.440001
2022-05-13,302132,9.58,9.74,9.48,9.73,11341412.0,111135909.0,5748099655.27
2022-05-16,302132,9.76,10.06,9.71,9.85,13049765.0,131025106.0,5818990915.15
2022-05-17,302132,9.84,10.48,9.67,10.26,20863633.0,214108093.0,6061202719.74
2022-05-18,302132,10.24,10.51,10.16,10.31,20027333.0,210590364.0,6090740744.690001
2022-05-19,302132,10.11,10.35,10.09,10.34,12898498.0,134455163.0,6108463559.66
2022-05-20,302132,10.38,10.55,10.26,10.49,14957645.0,158543230.0,6197077634.51
2022-05-23,302132,10.52,10.53,10.37,10.49,10308963.0,109807416.0,6197077634.51
2022-05-24,302132,10.49,10.75,10.01,10.01,17715153.0,187520152.0,5913512594.99
2022-05-25,302132,10.05,10.25,9.98,10.25,9362382.0,96709734.0,6055295114.75
2022-05-26,302132,10.28,10.94,10.19,10.71,21952618.0,237861654.0,6327044944.290001
2022-05-27,302132,11.08,11.09,10.58,10.75,21799830.0,240899983.0,6350675364.25
2022-05-30,302132,10.91,11.29,10.74,11.29,23664348.0,266158187.0,6669686033.709999
2022-05-31,302132,11.18,11.22,11.03,11.14,16989950.0,192745138.0,6581071958.860001
2022-06-01,302132,11.09,11.28,11.03,11.23,15163850.0,172428970.0,6634240403.77
2022-06-02,302132,11.15,11.29,10.98,11.24,12645635.0,143714453.0,6640148008.76
2022-06-06,302132,11.26,11.43,11.21,11.32,14762773.0,169725817.0,6687408848.68
2022-06-07,302132,11.3,11.33,11.04,11.22,11873118.0,135004834.0,6628332798.780001
2022-06-08,302132,11.21,11.24,10.85,11.1,10318238.0,116269532.0,6557441538.9
2022-06-09,302132,11.2,11.2,10.86,10.94,9636728.0,107929920.0,6462919859.059999
2022-06-10,302132,10.95,11.24,10.92,11.21,9700648.0,110380029.0,6622425193.790001
2022-06-13,302132,11.22,11.44,10.92,11.01,14350655.0,161578458.0,6504273093.99
2022-06-14,302132,10.87,10.94,10.35,10.66,14797183.0,159133092.0,6297506919.34
2022-06-15,302132,10.61,10.98,10.6,10.73,11601594.0,127316670.0,6338860154.27
2022-06-16,302132,10.69,10.9,10.67,10.73,6860661.0,75035577.0,6338860154.27
2022-06-17,302132,10.64,10.77,10.46,10.72,8543900.0,92440349.0,6332952549.280001
2022-06-20,302132,10.76,11.01,10.72,10.99,10561746.0,116986916.0,6492457884.01
2022-06-21,302132,10.99,11.03,10.6,10.69,11074289.0,120900680.0,6315229734.309999
2022-06-22,302132,10.8,11.12,10.68,10.7,18754300.0,207867884.0,6321137339.299999
2022-06-23,302132,10.57,11.04,10.57,11.03,14658742.0,162041233.0,6516088303.969999
2022-06-24,302132,11.13,11.55,11.04,11.31,20028310.0,230590480.0,6681501243.690001
2022-06-27,302132,11.37,11.44,11.16,11.32,11653080.0,133082047.0,6687408848.68
2022-06-28,302132,11.24,11.9,11.24,11.85,19587895.0,231017271.0,7000511913.15
2022-06-29,302132,11.76,11.89,11.37,11.43,14620729.0,172238710.0,6752392503.57
2022-06-30,302132,11.48,11.57,11.41,11.51,11051590.0,128871101.0,6799653343.49
2022-07-01,302132,11.53,11.75,11.34,11.42,9698307.0,113475872.0,6746484898.58
2022-07-04,302132,11.46,11.58,11.16,11.52,10174596.0,118049418.0,6805560948.48
2022-07-05,302132,11.52,11.53,11.14,11.39,9417146.0,108061716.0,6728762083.610001
2022-07-06,302132,11.32,11.42,11.13,11.23,6804228.0,77576516.0,6634240403.77
2022-07-07,302132,11.19,11.52,11.18,11.45,8934400.0,103501405.0,6764207713.549999
2022-07-08,302132,11.38,11.72,11.36,11.58,10687900.0,125579610.0,6841006578.42
2022-07-11,302132,11.53,11.59,11.19,11.34,8433203.0,96821096.0,6699224058.66
2022-07-12,302132,11.32,11.32,10.87,10.93,9444903.0,106407939.0,6457012254.07
2022-07-13,302132,10.9,11.02,10.74,10.92,5834975.0,64549066.0,6451104649.08
2022-07-14,302132,10.92,11.2,10.85,11.06,6172600.0,69385627.0,6533811118.940001
2022-07-15,302132,11.03,11.17,10.94,10.94,6405232.0,71818464.0,6462919859.059999
2022-07-18,302132,10.88,11.13,10.88,11.13,6035300.0,67701733.0,6575164353.870001
2022-07-19,302132,11.28,11.4,11.2,11.4,8813640.0,101092312.0,6734669688.6
2022-07-20,302132,11.38,11.9,11.33,11.76,16887224.0,200452351.0,6947343468.24
2022-07-21,302132,11.73,11.78,11.51,11.53,8913211.0,105236793.0,6811468553.469999
2022-07-22,302132,11.63,11.71,11.31,11.5,8363309.0,97442260.0,6793745738.5
2022-07-25,302132,11.67,11.69,11.28,11.33,6240760.0,72299025.0,6693316453.67
2022-07-26,302132,11.27,11.4,11.15,11.4,4985609.0,57125554.0,6734669688.6
2022-07-27,302132,11.34,11.63,11.29,11.57,7254841.0,84994354.0,6835098973.43
2022-07-28,302132,11.6,12.1,11.53,11.92,14387443.0,172665061.0,7041865148.08
2022-07-29,302132,11.95,11.96,11.65,11.78,9263150.0,110482746.0,6959158678.219999
2022-08-01,302132,11.86,12.1,11.72,12.02,12287500.0,149216106.0,7100941197.98
2022-08-02,302132,12.13,12.27,11.51,11.72,17539933.0,210321926.0,6923713048.280001
2022-08-03,302132,11.65,12.39,11.6,11.97,27146565.0,333829721.0,7071403173.030001
2022-08-04,302132,12.0,12.08,11.7,11.86,12711129.0,152277685.0,7006419518.139999
2022-08-05,302132,11.99,12.26,11.84,12.18,15280107.0,187196670.0,7195462877.82
2022-08-08,302132,12.11,12.37,11.94,12.35,13124773.0,162547328.0,7295892162.65
2022-08-09,302132,12.28,12.36,12.17,12.32,10803563.0,134271368.0,7278169347.68
2022-08-10,302132,12.32,12.34,12.1,12.18,9985672.0,124241755.0,7195462877.82
2022-08-11,302132,12.22,12.29,12.06,12.21,11153736.0,138009824.0,7213185692.790001
2022-08-12,302132,12.13,12.23,11.95,11.98,10362700.0,126556761.0,7077310778.02
2022-08-15,302132,11.97,12.13,11.85,12.13,7511400.0,91618412.0,7165924852.870001
2022-08-16,302132,12.04,12.13,11.92,12.01,7312881.0,89159103.0,7095033592.99
2022-08-17,302132,12.03,12.14,11.95,11.97,8047460.0,98075904.0,7071403173.030001
2022-08-18,302132,11.93,12.0,11.75,12.0,7461918.0,89816912.0,7089125988.0
2022-08-19,302132,11.94,12.09,11.78,11.79,6930511.0,83728911.0,6965066283.209999
2022-08-22,302132,11.72,11.82,11.49,11.73,6261476.0,74141621.0,6929620653.27
2022-08-23,302132,11.69,11.74,11.47,11.53,6695366.0,78523724.0,6811468553.469999
2022-08-24,302132,11.56,11.57,10.84,10.86,10287971.0,116269876.0,6415659019.139999
2022-08-25,302132,10.88,11.0,10.54,10.65,7994179.0,86920123.0,6291599314.35
2022-08-26,302132,10.69,10.78,10.45,10.49,7101349.0,76282328.0,6197077634.51
2022-08-29,302132,10.31,10.59,10.23,10.58,3918323.0,41699849.0,6250246079.42
2022-08-30,302132,10.51,10.68,10.43,10.62,5403623.0,58013079.0,6273876499.379999
2022-08-31,302132,10.58,10.64,10.25,10.37,7013218.0,73969319.0,6126186374.629999
2022-09-01,302132,10.33,10.43,10.19,10.24,4694825.0,49122440.0,6049387509.76
2022-09-02,302132,10.27,10.57,10.27,10.53,5469293.0,57850452.0,6220708054.469999
2022-09-05,302132,10.48,10.6,10.39,10.48,3623700.0,38498073.0,6191170029.52
2022-09-06,302132,10.53,10.66,10.47,10.65,4123577.0,44341758.0,6291599314.35
2022-09-07,302132,10.6,10.66,10.54,10.64,3939500.0,42416249.0,6285691709.360001
2022-09-08,302132,10.6,10.74,10.55,10.65,4389920.0,47431057.0,6291599314.35
2022-09-09,302132,10.66,10.71,10.55,10.64,3744448.0,40368827.0,6285691709.360001
2022-09-13,302132,10.61,10.72,10.54,10.67,5123381.0,55218336.0,6303414524.33
2022-09-14,302132,10.45,10.64,10.4,10.56,4321234.0,46242816.0,6238430869.440001
2022-09-15,302132,10.64,10.64,10.2,10.31,5980933.0,63026748.0,6090740744.690001
2022-09-16,302132,10.36,10.46,9.97,10.03,4379935.0,45423906.0,5925327804.969999
2022-09-19,302132,9.98,10.08,9.7,9.79,4934659.0,49319924.0,5783545285.209999
2022-09-20,302132,9.86,9.99,9.78,9.89,3546283.0,35529965.0,5842621335.110001
2022-09-21,302132,9.83,9.94,9.63,9.89,3373968.0,33512960.0,5842621335.110001
2022-09-22,302132,9.88,10.15,9.84,10.01,3987053.0,40610440.0,5913512594.99
2022-09-23,302132,10.02,10.19,9.74,9.79,3903600.0,39287784.0,5783545285.209999
2022-09-26,302132,9.72,9.81,9.46,9.46,4424800.0,43270951.0,5588594320.540001
2022-09-27,302132,9.51,9.68,9.47,9.67,2777285.0,27027457.0,5712654025.33
2022-09-28,302132,9.66,9.75,9.33,9.33,3341000.0,32240021.0,5511795455.67
2022-09-29,302132,9.47,9.54,9.27,9.39,3024550.0,28905919.0,5547241085.610001
2022-09-30,302132,9.39,9.4,9.15,9.16,3538200.0,33195844.0,5411366170.84
2022-10-10,302132,9.18,9.21,8.85,8.9,3551690.0,32416184.0,5257768441.1
2022-10-11,302132,8.89,9.03,8.79,8.99,2978400.0,26984059.0,5310936886.01
2022-10-12,302132,9.0,9.28,8.88,9.27,3811400.0,35045960.0,5476349825.73
2022-10-13,302132,9.21,9.51,9.19,9.39,4011660.0,38148246.0,5547241085.610001
2022-10-14,302132,9.42,9.62,9.4,9.57,3367050.0,32663016.0,5653577975.43
2022-10-17,302132,9.63,9.93,9.54,9.92,5452500.0,54264538.0,5860344150.08
2022-10-18,302132,9.93,9.95,9.74,9.87,3954460.0,39511505.0,5830806125.129999
2022-10-19,302132,9.87,9.89,9.77,9.78,2899200.0,28857277.0,5777637680.219999
2022-10-20,302132,9.77,9.91,9.63,9.81,3375350.0,33460859.0,5795360495.190001
2022-10-21,302132,9.84,9.92,9.74,9.81,2781250.0,27719228.0,5795360495.190001
2022-10-24,302132,9.91,10.24,9.85,9.94,7429900.0,75903986.0,5872159360.059999
2022-10-25,302132,9.91,10.14,9.84,10.07,5966788.0,60699297.0,5948958224.93
2022-10-26,302132,10.07,10.52,9.93,10.39,8562638.0,89713597.0,6138001584.610001
2022-10-27,302132,10.39,10.48,10.25,10.33,4609700.0,48513950.0,6102555954.67
2022-10-28,302132,10.28,10.47,10.09,10.13,6435050.0,67357650.0,5984403854.870001
2022-10-31,302132,10.11,10.54,10.1,10.44,5699200.0,60100856.0,6167539609.559999
2022-11-01,302132,10.53,10.54,10.36,10.5,5528000.0,58607576.0,6202985239.5
2022-11-02,302132,10.5,10.65,10.42,10.53,6934800.0,74121341.0,6220708054.469999
2022-11-03,302132,10.42,10.58,10.38,10.55,4061600.0,43259062.0,6232523264.450001
2022-11-04,302132,10.59,10.68,10.5,10.64,5441300.0,58538522.0,6285691709.360001
2022-11-07,302132,10.64,10.69,10.5,10.55,5774428.0,62104683.0,6232523264.450001
2022-11-08,302132,10.51,10.66,10.49,10.64,4240800.0,45608788.0,6285691709.360001
2022-11-09,302132,10.64,10.69,10.5,10.52,3986238.0,42714463.0,6214800449.48
2022-11-10,302132,10.43,10.52,10.3,10.33,4576918.0,48169571.0,6102555954.67
2022-11-11,302132,10.49,10.59,10.34,10.37,4344709.0,45993228.0,6126186374.629999
2022-11-14,302132,10.41,10.54,10.29,10.36,3749187.0,39651335.0,6120278769.639999
2022-11-15,302132,10.31,10.56,10.24,10.56,5106265.0,54283510.0,6238430869.440001
2022-11-16,302132,10.55,10.79,10.5,10.65,5586650.0,60496373.0,6291599314.35
2022-11-17,302132,10.57,10.72,10.53,10.7,4479121.0,48440508.0,6321137339.299999
2022-11-18,302132,10.71,11.33,10.69,10.93,13466952.0,150993352.0,6457012254.07
2022-11-21,302132,10.85,11.09,10.74,11.01,7480496.0,83169000.0,6504273093.99
2022-11-22,302132,10.93,11.26,10.84,10.93,7875685.0,88453311.0,6457012254.07
2022-11-23,302132,10.9,11.2,10.84,11.12,9552914.0,107454029.0,6569256748.879999
2022-11-24,302132,11.14,11.16,10.49,10.53,13532057.0,146958657.0,6220708054.469999
2022-11-25,302132,10.59,10.62,10.29,10.32,6158342.0,65090465.0,6096648349.68
2022-11-28,302132,10.25,10.28,10.09,10.17,5264027.0,54374210.0,6008034274.83
2022-11-29,302132,10.17,10.52,10.17,10.42,6136161.0,64812439.0,6155724399.58
2022-11-30,302132,10.43,10.63,10.37,10.61,5338348.0,56983170.0,6267968894.389999
2022-12-01,302132,10.64,10.84,10.61,10.79,6377623.0,69547314.0,6374305784.209999
2022-12-02,302132,10.76,10.87,10.67,10.69,4275312.0,46646976.0,6315229734.309999
2022-12-05,302132,10.72,11.04,10.71,10.98,6641127.0,73546581.0,6486550279.02
2022-12-06,302132,10.9,11.02,10.85,10.97,4728052.0,52426632.0,6480642674.030001
2022-12-07,302132,10.88,11.04,10.74,10.99,6987110.0,77320095.0,6492457884.01
2022-12-08,302132,10.94,11.0,10.75,10.77,3952944.0,43451509.0,6362490574.23
2022-12-09,302132,10.8,11.04,10.78,11.01,7156920.0,79510801.0,6504273093.99
2022-12-12,302132,11.0,11.0,10.74,10.91,4490965.0,49434572.0,6445197044.09
2022-12-13,302132,10.88,10.88,10.65,10.66,4169237.0,45425222.0,6297506919.34
2022-12-14,302132,10.69,10.78,10.49,10.51,4316600.0,46418106.0,6208892844.49
2022-12-15,302132,10.61,10.71,10.47,10.63,3221818.0,34807690.0,6279784104.370001
2022-12-16,302132,10.59,10.66,10.34,10.39,3440300.0,36394214.0,6138001584.610001
2022-12-19,302132,10.41,10.52,10.17,10.23,3084902.0,32323902.0,6043479904.77
2022-12-20,302132,10.2,10.41,10.2,10.27,2168035.0,22670562.0,6067110324.73
2022-12-21,302132,10.29,10.29,9.9,9.97,3586592.0,36606132.0,5889882175.030001
2022-12-22,302132,9.97,10.12,9.86,9.91,2295209.0,23225405.0,5854436545.09
2022-12-23,302132,9.82,9.93,9.72,9.83,2217517.0,22107232.0,5807175705.17
2022-12-26,302132,9.83,10.17,9.81,10.17,3008579.0,30731791.0,6008034274.83
2022-12-27,302132,10.2,10.22,10.05,10.17,2279971.0,23464572.0,6008034274.83
2022-12-28,302132,10.15,10.18,10.01,10.08,2147186.0,21996488.0,5954865829.92
2022-12-29,302132,10.1,10.25,10.01,10.17,2369536.0,24424610.0,6008034274.83
2022-12-30,302132,10.2,10.29,10.03,10.11,4212800.0,43396640.0,5972588644.889999
2023-01-03,302132,10.11,10.47,10.1,10.41,4518920.0,47366645.0,6149816794.59
2023-01-04,302132,10.38,10.57,10.36,10.47,3701073.0,39247484.0,6185262424.530001
2023-01-05,302132,10.43,10.57,10.39,10.55,3861576.0,41186686.0,6232523264.450001
2023-01-06,302132,10.54,10.64,10.47,10.5,2888684.0,30971745.0,6202985239.5
2023-01-09,302132,10.49,10.57,10.37,10.39,2935900.0,31151557.0,6138001584.610001
2023-01-10,302132,10.48,10.5,10.32,10.38,2831750.0,29842568.0,6132093979.620001
2023-01-11,302132,10.36,10.61,10.34,10.43,5112700.0,54196525.0,6161632004.57
2023-02-02,302132,12.52,12.52,12.52,12.52,1326049.0,16840822.0,7396321447.48
2023-02-03,302132,15.02,15.02,15.02,15.02,1042225.0,15883509.0,8873222694.98
2023-02-06,302132,18.03,18.03,18.03,18.03,987893.0,18068563.0,10651411796.970001
2023-02-07,302132,21.63,21.63,21.63,21.63,1605730.0,35245774.0,12778149593.369999
2023-02-08,302132,25.96,25.96,25.96,25.96,2005341.0,52820682.0,15336142554.04
2023-02-09,302132,31.16,31.16,31.16,31.16,2447233.0,77357035.0,18408097148.84
2023-02-10,302132,37.39,37.39,37.39,37.39,9631948.0,365339788.0,22088535057.61
2023-02-13,302132,44.87,44.87,44.87,44.87,56026627.0,2550332061.0,26507423590.129997
2023-02-14,302132,47.31,53.21,45.4,51.06,162547913.0,8159974260.0,30164231078.940002
2023-02-15,302132,48.89,55.08,48.14,53.4,90259060.0,4687060496.0,31546610646.6
2023-02-16,302132,53.13,56.03,51.14,52.18,65930491.0,3556042909.0,30825882837.82
2023-02-17,302132,52.83,53.54,51.73,52.14,48947416.0,2615270644.0,30802252417.86
2023-02-20,302132,52.03,52.03,48.67,50.76,46997429.0,2400578073.0,29987002929.239998
2023-02-21,302132,50.2,54.7,49.78,54.18,60351280.0,3243569345.0,32007403835.82
2023-02-22,302132,53.3,54.98,52.58,53.62,38450627.0,2090030917.0,31676577956.379997
2023-02-23,302132,53.62,54.5,50.04,50.13,52292676.0,2736002570.0,29614823814.870003
2023-02-24,302132,50.27,52.65,50.27,50.88,39656169.0,2069206165.0,30057894189.120003
2023-02-27,302132,50.27,51.75,48.97,49.39,33985824.0,1733127766.0,29177661045.61
2023-02-28,302132,49.18,52.43,49.09,51.63,44148860.0,2294745405.0,30500964563.370003
2023-03-01,302132,51.14,54.2,50.84,51.63,50126274.0,2671044479.0,30500964563.370003
2023-03-02,302132,51.15,53.82,50.35,53.54,54270385.0,2897810708.0,31629317116.46
2023-03-03,302132,54.01,54.33,51.94,52.38,41087804.0,2209928660.0,30944034937.620003
2023-03-06,302132,53.77,61.68,52.37,59.64,78162050.0,4417774709.0,35232956160.36
2023-03-07,302132,58.45,61.48,57.69,58.84,55933217.0,3370067989.0,34760347761.16
2023-03-08,302132,58.65,63.73,57.88,62.59,61105349.0,3790400451.0,36975699632.41
2023-03-09,302132,62.05,62.96,60.62,61.46,39516137.0,2467810837.0,36308140268.54
2023-03-10,302132,60.83,63.95,51.83,52.44,92552740.0,5364775503.0,30979480567.559998
2023-03-13,302132,50.76,54.17,50.76,52.22,51230745.0,2724103752.0,30849513257.78
2023-03-14,302132,52.24,52.53,49.97,50.46,40587832.0,2100028819.0,29809774779.54
2023-03-15,302132,50.59,51.25,49.32,50.9,29250372.0,1496353636.0,30069709399.1
2023-03-16,302132,50.27,50.42,47.31,47.73,52838712.0,2610377417.0,28196998617.269997
2023-03-17,302132,48.02,48.53,46.92,47.53,34101433.0,1652840525.0,28078846517.47
2023-03-20,302132,47.12,48.79,46.6,48.2,29593730.0,1430187764.0,28474656051.800003
2023-03-21,302132,48.97,51.45,48.68,49.66,52643827.0,2677121691.0,29337166380.339996
2023-03-22,302132,49.53,49.82,47.19,48.0,43071491.0,2108723118.0,28356503952.0
2023-03-23,302132,47.52,51.55,47.11,50.87,47150625.0,2352428548.0,30051986584.129997
2023-03-24,302132,50.3,53.66,50.29,53.37,51090339.0,2686698430.0,31528887831.629997
2023-03-27,302132,53.82,55.44,51.31,54.74,54270941.0,2970186959.0,32338229715.260002
2023-03-28,302132,54.28,56.06,52.01,52.13,44438631.0,2439527542.0,30796344812.870003
2023-03-29,302132,51.11,51.33,49.31,50.18,38261993.0,1957282004.0,29644361839.82
2023-03-30,302132,50.71,51.1,48.99,48.99,26825283.0,1363920161.0,28941356846.010002
2023-03-31,302132,48.95,49.61,48.56,49.25,21770758.0,1084220492.0,29094954575.75
2023-04-03,302132,48.8,49.43,48.47,48.99,26773032.0,1328911975.0,28941356846.010002
2023-04-04,302132,48.79,52.43,47.8,52.18,50816875.0,2594685234.0,30825882837.82
2023-04-06,302132,51.45,53.38,50.57,52.12,37291310.0,1958526190.0,30790437207.879997
2023-04-07,302132,52.12,52.37,49.79,49.84,29717185.0,1529131733.0,29443503270.160004
2023-04-10,302132,49.85,51.39,49.28,49.58,25066066.0,1273836633.0,29289905540.42
2023-04-11,302132,49.33,49.46,48.07,48.79,20386341.0,1009013570.0,28823204746.21
2023-04-12,302132,49.13,49.47,48.44,48.98,16015187.0,795849382.0,28935449241.019997
2023-04-13,302132,48.59,50.15,48.49,48.49,18870948.0,942230042.0,28645976596.510002
2023-04-14,302132,48.31,49.24,48.05,48.75,16062330.0,793050119.0,28799574326.25
2023-04-17,302132,48.33,49.74,47.6,48.64,19141925.0,944770340.0,28734590671.36
2023-04-18,302132,48.62,49.77,48.3,49.53,18760184.0,937466618.0,29260367515.47
2023-04-19,302132,49.68,50.1,48.48,49.06,20216344.0,1007025993.0,28982710080.940002
2023-04-20,302132,48.61,49.12,47.23,47.3,24045950.0,1171025373.0,27942971602.699997
2023-04-21,302132,47.06,49.68,47.02,48.1,29456861.0,1454582918.0,28415580001.9
2023-04-24,302132,47.32,47.69,46.01,46.39,22189982.0,1050120488.0,27405379548.61
2023-04-25,302132,46.39,46.82,44.86,46.18,16592679.0,774191549.0,27281319843.82
2023-04-26,302132,45.69,51.0,45.68,50.3,35267273.0,1746615224.0,29715253099.699997
2023-04-27,302132,49.88,50.51,47.81,48.2,25685314.0,1287884984.0,28474656051.800003
2023-04-28,302132,48.05,51.57,47.9,50.64,30710122.0,1560222328.0,29916111669.36
2023-05-04,302132,49.57,49.92,47.69,48.21,25078533.0,1236558769.0,28480563656.79
2023-05-05,302132,48.23,51.55,47.02,49.79,34338154.0,1732622586.0,29413965245.21
2023-05-08,302132,49.77,52.43,49.69,50.9,34666609.0,1804304536.0,30069709399.1
2023-05-09,302132,50.56,54.52,50.08,51.4,48349149.0,2568825959.0,30365089648.6
2023-05-10,302132,50.27,50.51,48.83,49.07,28029461.0,1404599612.0,28988617685.93
2023-05-11,302132,48.89,49.93,48.18,48.99,16586043.0,827205894.0,28941356846.010002
2023-05-12,302132,48.6,49.4,47.48,47.51,17494829.0,857339620.0,28067031307.489998
2023-05-15,302132,47.31,48.77,47.16,48.34,13781823.0,669338331.0,28557362521.660004
2023-05-16,302132,48.1,48.57,47.52,47.72,11603571.0,563388782.0,28191091012.28
2023-05-17,302132,47.87,49.04,47.42,48.3,14364235.0,704177420.0,28533732101.699997
2023-05-18,302132,47.83,49.06,47.77,48.48,14397041.0,706893717.0,28640068991.519997
2023-05-19,302132,48.12,48.94,48.09,48.18,11352524.0,558268798.0,28462840841.82
2023-05-22,302132,47.89,48.28,47.21,47.49,10657617.0,514022019.0,28055216097.510002
2023-05-23,302132,47.71,48.38,47.21,47.59,9361358.0,454270625.0,28114292147.410004
2023-05-24,302132,47.59,47.9,47.26,47.43,7025132.0,338766625.0,28019770467.57
2023-05-25,302132,46.97,47.8,46.82,47.31,8999206.0,431488976.0,27948879207.690002
2023-05-26,302132,47.31,48.59,47.03,48.11,13582706.0,662618541.0,28421487606.89
2023-05-29,302132,48.08,48.3,47.1,47.22,12202832.0,587490712.0,27895710762.78
2023-05-30,302132,46.84,47.23,46.04,46.87,13064044.0,617552535.0,27688944588.129997
2023-05-31,302132,47.1,47.28,46.65,46.84,9246482.0,440225618.0,27671221773.160004
2023-06-01,302132,46.46,47.17,45.99,46.23,12271407.0,578797760.0,27310857868.769997
2023-06-02,302132,46.23,46.95,46.15,46.59,8721277.0,411764874.0,27523531648.410004
2023-06-05,302132,46.71,47.0,46.41,46.52,7089431.0,335810233.0,27482178413.480003
2023-06-06,302132,46.29,46.75,45.65,46.11,11174094.0,523549826.0,27239966608.89
2023-06-07,302132,46.11,46.59,45.92,46.09,6552322.0,306800690.0,27228151398.910004
2023-06-08,302132,45.37,46.73,45.37,46.19,7669838.0,359544284.0,27287227448.809998
2023-06-09,302132,46.06,46.65,45.98,46.43,7639957.0,358946773.0,27429009968.57
2023-06-12,302132,46.39,46.65,45.96,46.17,7279663.0,341658383.0,27275412238.83
2023-06-13,302132,46.31,47.09,45.78,46.56,9332463.0,439209247.0,27505808833.440002
2023-06-14,302132,46.41,46.72,45.99,46.02,7390134.0,347642627.0,27186798163.980003
2023-06-15,302132,46.02,46.27,45.86,46.01,7575442.0,353718813.0,27180890558.989998
2023-06-16,302132,46.65,49.49,46.65,48.02,28130423.0,1377270015.0,28368319161.980003
2023-06-19,302132,47.36,48.02,47.01,47.14,14411920.0,690897924.0,27848449922.86
2023-06-20,302132,47.34,48.76,46.73,48.1,16954092.0,821186606.0,28415580001.9
2023-06-21,302132,48.03,48.52,46.85,47.2,12196044.0,590124513.0,27883895552.800003
2023-06-26,302132,46.9,48.57,46.7,47.09,14600810.0,704682671.0,27818911897.910004
2023-06-27,302132,46.95,47.82,46.46,46.5,11549329.0,550710499.0,27470363203.5
2023-06-28,302132,46.51,46.9,45.28,46.06,13992822.0,651666133.0,27210428583.940002
2023-06-29,302132,46.06,49.47,45.74,48.52,30657042.0,1490403370.0,28663699411.480003
2023-06-30,302132,48.28,50.49,47.91,48.47,28695838.0,1433149425.0,28634161386.53
2023-07-03,302132,48.87,50.09,48.42,49.09,19759483.0,986148155.0,29000432895.910004
2023-07-04,302132,49.1,49.33,48.45,49.12,12413073.0,614960242.0,29018155710.879997
2023-07-05,302132,49.01,49.69,48.64,48.79,12798351.0,637327667.0,28823204746.21
2023-07-06,302132,49.3,49.71,48.25,48.41,12761373.0,632631361.0,28598715756.589996
2023-07-07,302132,48.13,48.37,47.23,47.51,9617624.0,464971930.0,28067031307.489998
2023-07-10,302132,47.19,47.44,46.17,46.61,11266320.0,533604070.0,27535346858.39
2023-07-11,302132,46.5,47.14,46.35,47.14,6096858.0,289259586.0,27848449922.86
2023-07-12,302132,46.85,47.14,46.34,46.36,6383978.0,301470022.0,27387656733.64
2023-07-13,302132,46.26,46.75,46.16,46.58,5301919.0,249991814.0,27517624043.42
2023-07-14,302132,46.54,49.7,46.35,48.92,21518818.0,1052529018.0,28900003611.08
2023-07-17,302132,47.93,48.32,47.45,47.58,11648591.0,564206480.0,28108384542.42
2023-07-18,302132,47.54,49.57,47.23,48.56,17627293.0,867269541.0,28687329831.440002
2023-07-19,302132,48.57,49.11,47.96,48.47,9088240.0,446317369.0,28634161386.53
2023-07-20,302132,48.47,48.76,47.31,47.54,8911173.0,433128992.0,28084754122.46
2023-07-21,302132,46.57,48.76,46.55,47.52,11177414.0,537777996.0,28072938912.480003
2023-07-24,302132,47.09,47.81,46.85,46.93,6683297.0,319965662.0,27724390218.07
2023-07-25,302132,47.15,48.21,47.05,47.31,8835300.0,425835794.0,27948879207.690002
2023-07-26,302132,47.15,48.2,46.88,47.6,10367948.0,499204268.0,28120199752.4
2023-07-27,302132,55.23,57.11,53.85,57.11,68179024.0,3912810538.0,33738332097.89
2023-07-28,302132,56.89,60.21,54.54,54.74,80400603.0,4694409679.0,32338229715.260002
2023-07-31,302132,54.74,56.91,51.96,55.11,60239457.0,3300535314.0,32556811099.89
2023-08-01,302132,54.23,54.73,51.58,51.72,45381771.0,2432902556.0,30554133008.28
2023-08-02,302132,51.72,52.01,49.61,50.26,37253560.0,1912653386.0,29691622679.739998
2023-08-03,302132,49.62,50.25,49.01,49.04,23942587.0,1201504242.0,28970894870.96
2023-08-04,302132,48.51,49.25,48.2,48.55,24448100.0,1208529389.0,28681422226.449997
2023-08-07,302132,48.21,48.75,47.56,48.01,19394415.0,944643808.0,28362411556.989998
2023-08-08,302132,47.89,48.17,47.35,47.44,13127629.0,633654731.0,28025678072.559998
2023-08-09,302132,47.38,48.45,47.25,48.09,17763461.0,863757266.0,28409672396.910004
2023-08-10,302132,47.83,48.08,47.1,47.17,14710564.0,708001477.0,27866172737.83
2023-08-11,302132,47.03,47.44,46.85,46.86,9559165.0,455935498.0,27683036983.14
2023-08-14,302132,46.75,47.98,46.62,47.65,11893766.0,570573595.0,28149737777.35
2023-08-15,302132,47.34,47.72,47.06,47.54,9144493.0,438794947.0,28084754122.46
2023-08-16,302132,47.54,47.54,46.04,46.04,15223490.0,719201331.0,27198613373.96
2023-08-17,302132,46.05,48.12,46.05,47.7,18258032.0,875826768.0,28179275802.300003
2023-08-18,302132,47.52,48.05,47.02,47.08,11456852.0,551761284.0,27813004292.92
2023-08-21,302132,47.01,47.67,46.45,46.52,7981255.0,380466930.0,27482178413.480003
2023-08-22,302132,46.39,47.18,46.16,46.95,8626696.0,408417315.0,27736205428.050003
2023-08-23,302132,47.34,47.72,43.0,43.36,27264106.0,1235949730.0,25615375236.64
2023-08-24,302132,43.35,43.55,41.89,42.72,17873182.0,773002542.0,25237288517.28
2023-08-25,302132,42.37,42.59,40.93,41.13,13060405.0,550583250.0,24297979323.870003
2023-08-28,302132,44.29,44.33,40.61,40.64,14111342.0,600067124.0,24008506679.36
2023-08-29,302132,40.41,43.93,40.31,43.1,22032832.0,953448429.0,25461777506.9
2023-08-30,302132,43.1,43.38,42.69,43.23,9680479.0,422318684.0,25538576371.769997
2023-08-31,302132,43.2,43.2,42.22,42.71,8208048.0,354810334.0,25231380912.29
2023-09-01,302132,42.85,43.77,42.34,43.47,11116472.0,485953126.0,25680358891.53
2023-09-04,302132,43.11,43.56,42.78,43.56,8569626.0,375509671.0,25733527336.440002
2023-09-05,302132,43.4,43.89,43.11,43.33,6777160.0,297987484.0,25597652421.67
2023-09-06,302132,43.09,44.04,42.82,43.97,9137185.0,404159653.0,25975739141.03
2023-09-07,302132,43.8,44.48,43.11,43.41,8925893.0,395096465.0,25644913261.589996
2023-09-08,302132,43.18,44.19,43.11,43.77,8901995.0,394363413.0,25857587041.230003
2023-09-11,302132,43.59,43.97,43.11,43.73,8407895.0,370418967.0,25833956621.269997
2023-09-12,302132,43.53,44.26,43.34,43.81,6618922.0,293694293.0,25881217461.190002
2023-09-13,302132,43.53,43.59,42.72,42.97,7119815.0,311540246.0,25384978642.03
2023-09-14,302132,42.97,43.28,42.56,43.18,5532446.0,240944111.0,25509038346.82
2023-09-15,302132,43.18,43.38,42.9,43.15,4585822.0,200400524.0,25491315531.85
2023-09-18,302132,42.89,43.27,42.72,43.1,4150964.0,181215047.0,25461777506.9
2023-09-19,302132,43.14,43.25,42.01,42.26,6625801.0,285519170.0,24965538687.739998
2023-09-20,302132,41.97,42.46,41.83,41.9,3555034.0,151889553.0,24752864908.1
2023-09-21,302132,42.11,42.33,41.63,42.03,3919244.0,166888636.0,24829663772.97
2023-09-22,302132,41.91,42.83,41.65,42.69,6036170.0,258805435.0,25219565702.309998
2023-09-25,302132,42.44,42.7,41.75,41.84,5548808.0,237040906.0,24717419278.160004
2023-09-26,302132,41.84,42.69,41.64,42.03,6433512.0,274728920.0,24829663772.97
2023-09-27,302132,41.93,42.33,41.85,42.08,5564126.0,237351830.0,24859201797.92
2023-09-28,302132,42.11,42.56,42.02,42.56,5771158.0,247704957.0,25142766837.440002
2023-10-09,302132,42.41,42.73,41.93,42.23,6888557.0,295658043.0,24947815872.769997
2023-10-10,302132,42.41,45.27,42.13,44.58,17385908.0,771959523.0,26336103045.42
2023-10-11,302132,43.99,45.94,43.8,45.21,18238358.0,828276116.0,26708282159.79
2023-10-12,302132,49.29,49.31,46.65,47.42,29151814.0,1422021933.0,28013862862.58
2023-10-13,302132,46.95,47.3,44.81,45.3,15289055.0,709133233.0,26761450604.699997
2023-10-16,302132,44.78,47.12,44.68,45.47,12465680.0,580608550.0,26861879889.53
2023-10-17,302132,45.38,46.01,44.16,45.13,9435875.0,430700970.0,26661021319.870003
2023-10-18,302132,44.65,44.97,43.57,43.59,10019205.0,448307673.0,25751250151.410004
2023-10-19,302132,43.3,44.14,43.21,43.35,6960441.0,308126059.0,25609467631.65
2023-10-20,302132,43.16,43.68,42.71,43.59,6102504.0,267844617.0,25751250151.410004
2023-10-23,302132,44.97,49.45,44.39,46.16,28132558.0,1345397680.0,27269504633.839996
2023-10-24,302132,46.37,46.78,44.49,45.38,15712332.0,721409905.0,26808711444.620003
2023-10-25,302132,45.01,47.27,44.86,46.22,12903042.0,603947142.0,27304950263.78
2023-10-26,302132,45.67,46.55,45.23,46.19,9616058.0,445577334.0,27287227448.809998
2023-10-27,302132,46.23,46.35,45.02,45.46,10286656.0,475078985.0,26855972284.54
2023-10-30,302132,45.0,45.45,44.61,45.11,8375736.0,382667223.0,26649206109.89
2023-10-31,302132,44.97,45.75,44.82,45.13,6922706.0,318101390.0,26661021319.870003
2023-11-01,302132,45.26,45.26,44.15,44.33,7282969.0,328459823.0,26188412920.67
2023-11-02,302132,44.38,46.16,43.73,44.64,10892098.0,495126265.0,26371548675.36
2023-11-03,302132,44.33,44.97,43.94,44.74,6086130.0,274693407.0,26430624725.260002
2023-11-06,302132,44.93,45.28,44.58,45.14,8153917.0,372162742.0,26666928924.86
2023-11-07,302132,45.04,45.57,44.69,45.28,8172838.0,373981306.0,26749635394.72
2023-11-08,302132,45.31,45.68,45.09,45.35,7173777.0,330021141.0,26790988629.65
2023-11-09,302132,45.19,45.43,44.61,44.67,6809731.0,309969126.0,26389271490.33
2023-11-10,302132,44.64,45.84,44.32,45.44,9537605.0,436202026.0,26844157074.559998
2023-11-13,302132,45.17,45.99,44.8,45.86,9876724.0,455560955.0,27092276484.14
2023-11-14,302132,45.56,46.24,45.55,45.93,7882793.0,366613611.0,27133629719.07
2023-11-15,302132,45.72,46.33,45.54,46.15,8452183.0,393630981.0,27263597028.85
2023-11-16,302132,45.87,46.04,45.28,45.34,6735703.0,311580045.0,26785081024.660004
2023-11-17,302132,45.3,45.44,44.49,44.59,7098482.0,322608493.0,26342010650.410004
2023-11-20,302132,44.38,45.34,44.28,44.94,6749426.0,306617705.0,26548776825.059998
2023-11-21,302132,44.84,44.97,44.21,44.3,7841049.0,353900125.0,26170690105.699997
2023-11-22,302132,44.12,44.66,44.1,44.36,4655088.0,209474960.0,26206135735.64
2023-11-23,302132,44.23,44.53,44.15,44.38,4325385.0,194423290.0,26217950945.620003
2023-11-24,302132,44.53,45.03,44.3,44.78,7724247.0,349833786.0,26454255145.22
2023-11-27,302132,44.53,44.81,44.14,44.48,7436569.0,334871469.0,26277026995.519997
2023-11-28,302132,44.53,44.83,44.28,44.51,4926710.0,222544803.0,26294749810.489998
2023-11-29,302132,44.48,44.63,44.17,44.23,4456836.0,200455328.0,26129336870.769997
2023-11-30,302132,44.1,44.31,42.83,43.26,7914364.0,349037982.0,25556299186.739998
2023-12-01,302132,43.36,44.58,43.3,44.02,6773211.0,302345985.0,26005277165.980003
2023-12-04,302132,43.84,44.24,43.6,43.9,3951922.0,176034502.0,25934385906.1
2023-12-05,302132,43.76,43.81,43.17,43.47,4572792.0,201594834.0,25680358891.53
2023-12-06,302132,43.29,44.74,43.17,44.32,7169851.0,321423472.0,26182505315.68
2023-12-07,302132,44.27,45.33,44.2,45.07,11231953.0,511186987.0,26625575689.93
2023-12-08,302132,45.07,46.35,44.8,46.32,18356413.0,852125231.0,27364026313.68
2023-12-11,302132,45.83,46.15,45.38,46.05,7899112.0,367039198.0,27204520978.949997
2023-12-12,302132,45.86,46.4,45.61,45.64,5643685.0,262760462.0,26962309174.36
2023-12-13,302132,45.76,46.24,45.58,45.61,4864575.0,225901962.0,26944586359.39
2023-12-14,302132,45.85,46.0,44.75,44.93,6084830.0,278190192.0,26542869220.07
2023-12-15,302132,44.92,45.52,44.66,45.03,4549285.0,207930491.0,26601945269.97
2023-12-18,302132,44.86,44.92,43.19,43.28,8768824.0,389330736.0,25568114396.72
2023-12-19,302132,43.07,43.46,42.22,42.61,6909173.0,299720595.0,25172304862.39
2023-12-20,302132,42.49,42.75,42.01,42.09,3664784.0,157519942.0,24865109402.910004
2023-12-21,302132,41.92,42.52,41.81,42.41,3419233.0,146465599.0,25054152762.589996
2023-12-22,302132,42.41,43.44,42.22,43.0,5662879.0,246497152.0,25402701457.0
2023-12-25,302132,42.78,44.63,42.78,43.47,6306411.0,280093222.0,25680358891.53
2023-12-26,302132,43.43,43.47,42.49,43.02,3990516.0,173770246.0,25414516666.980003
2023-12-27,302132,42.9,43.2,42.02,42.31,4937728.0,212166057.0,24995076712.690002
2023-12-28,302132,42.3,42.42,40.95,42.34,7072485.0,299956674.0,25012799527.660004
2023-12-29,302132,41.93,43.55,41.93,43.15,5873535.0,255874500.0,25491315531.85
2024-01-02,302132,42.96,44.44,42.86,43.7,7699512.0,342363877.0,25816233806.300003
2024-01-03,302132,43.69,43.79,42.8,43.04,4254002.0,185886211.0,25426331876.96
2024-01-04,302132,42.9,43.46,42.31,42.54,3564065.0,154612789.0,25130951627.46
2024-01-05,302132,42.56,42.73,41.52,41.96,4239086.0,180934627.0,24788310538.04
2024-01-08,302132,41.82,41.82,39.75,39.77,6320622.0,260802447.0,23494545045.230003
2024-01-09,302132,39.94,40.15,38.86,39.37,6528091.0,261196979.0,23258240845.629997
2024-01-10,302132,39.04,39.35,38.54,39.12,3957197.0,156541749.0,23110550720.879997
2024-01-11,302132,39.05,40.07,39.01,39.99,4666776.0,187752572.0,23624512355.010002
2024-01-12,302132,40.06,41.52,40.06,40.96,6733042.0,279377973.0,24197550039.04
2024-01-15,302132,40.64,41.05,39.71,39.72,4503799.0,183614312.0,23465007020.28
2024-01-16,302132,39.46,39.84,39.11,39.8,3680901.0,147263005.0,23512267860.199997
2024-01-17,302132,39.55,39.97,38.65,38.65,3394944.0,135469694.0,22832893286.35
2024-01-18,302132,38.17,38.46,35.46,37.58,13123415.0,487723638.0,22200779552.42
2024-01-19,302132,37.23,37.38,36.78,36.79,4764375.0,178874266.0,21734078758.21
2024-01-22,302132,36.59,36.62,34.53,34.91,6799828.0,246790010.0,20623449020.089996
2024-01-23,302132,34.82,35.55,34.45,35.4,6746257.0,239725684.0,20912921664.6
2024-01-24,302132,35.31,36.09,34.52,36.0,5958355.0,213414991.0,21267377964.0
2024-01-25,302132,35.85,38.81,35.8,38.44,11371337.0,437447039.0,22708833581.559998
2024-01-26,302132,38.11,38.91,38.11,38.55,6469658.0,252265938.0,22773817236.449997
2024-01-29,302132,38.46,38.46,37.0,37.0,6496058.0,248545741.0,21858138463.0
2024-01-30,302132,36.66,37.27,35.76,35.85,4874019.0,180626325.0,21178763889.15
2024-01-31,302132,36.89,38.66,35.8,35.87,11131014.0,423813574.0,21190579099.129997
2024-02-01,302132,35.34,37.47,35.1,36.18,8223972.0,303937450.0,21373714853.82
2024-02-02,302132,36.03,36.79,34.17,34.9,8181725.0,293750069.0,20617541415.1
2024-02-05,302132,34.52,35.19,31.44,33.5,11003519.0,371065301.0,19790476716.5
2024-02-06,302132,33.03,36.44,32.96,36.29,10540627.0,375210297.0,21438698508.71
2024-02-07,302132,36.29,39.42,36.29,38.82,14335209.0,556159281.0,22933322571.18
2024-02-08,302132,38.82,40.53,38.71,39.56,11129749.0,449907581.0,23370485340.440002
2024-02-19,302132,39.43,39.44,38.46,38.96,8179422.0,322758241.0,23016029041.04
2024-02-20,302132,38.71,40.06,38.37,39.72,6639932.0,263966345.0,23465007020.28
2024-02-21,302132,39.05,40.41,39.03,39.54,7403269.0,298601002.0,23358670130.46
2024-02-22,302132,39.54,40.38,39.54,40.18,6842924.0,277437352.0,23736756849.82
2024-02-23,302132,40.14,40.63,39.37,40.22,7229719.0,293498938.0,23760387269.78
2024-02-26,302132,39.94,42.75,39.76,41.95,12338806.0,520723600.0,24782402933.050003
2024-02-27,302132,41.41,41.8,40.94,41.7,8802257.0,369520393.0,24634712808.300003
2024-02-28,302132,41.45,42.0,40.21,40.21,9735902.0,407473723.0,23754479664.79
2024-02-29,302132,40.21,41.03,40.21,40.98,6779336.0,279569090.0,24209365249.019997
2024-03-01,302132,40.61,41.67,40.61,41.39,6547604.0,273756063.0,24451577053.61
2024-03-04,302132,40.83,41.24,40.4,40.88,6046027.0,250268505.0,24150289199.120003
2024-03-05,302132,40.91,43.45,40.85,42.9,16295356.0,703144249.0,25343625407.1
2024-03-06,302132,42.33,42.49,41.54,42.18,9279753.0,394706603.0,24918277847.82
2024-03-07,302132,42.41,42.84,41.14,41.47,7488825.0,318256991.0,24498837893.53
2024-03-08,302132,41.25,41.59,40.87,41.47,5387116.0,225361723.0,24498837893.53
2024-03-11,302132,40.85,43.17,40.85,42.21,7563885.0,321309142.0,24936000662.79
2024-03-12,302132,41.97,42.46,41.61,41.98,6782391.0,289039126.0,24800125748.019997
2024-03-13,302132,41.84,43.1,41.55,42.41,9052773.0,388959346.0,25054152762.589996
2024-03-14,302132,42.01,43.29,41.76,42.07,8823676.0,378994234.0,24853294192.93
2024-03-15,302132,42.31,42.49,41.74,42.44,6720378.0,287240484.0,25071875577.559998
2024-03-18,302132,42.01,42.68,41.9,42.47,5840274.0,251013995.0,25089598392.53
2024-03-19,302132,42.51,43.59,42.27,43.0,9381564.0,408926401.0,25402701457.0
2024-03-20,302132,42.9,43.35,42.81,43.13,5024557.0,219379958.0,25479500321.870003
2024-03-21,302132,42.89,44.66,42.82,44.44,11175582.0,495073389.0,26253396575.559998
2024-03-22,302132,44.23,44.58,43.46,43.79,8717711.0,387668700.0,25869402251.21
2024-03-25,302132,43.27,43.48,41.32,41.36,9007322.0,387109091.0,24433854238.64
2024-03-26,302132,41.42,41.77,40.96,41.23,4477652.0,187597735.0,24357055373.769997
2024-03-27,302132,41.33,42.21,39.2,39.79,6947314.0,288748399.0,23506360255.21
2024-03-28,302132,39.85,41.52,39.85,41.01,7047188.0,292168365.0,24227088063.989998
2024-03-29,302132,41.42,41.83,41.08,41.57,5027313.0,211297345.0,24557913943.43
2024-04-01,302132,41.32,41.62,41.2,41.54,5059185.0,212346020.0,24540191128.46
2024-04-02,302132,41.48,42.5,41.25,41.69,6305748.0,267570181.0,24628805203.309998
2024-04-03,302132,41.38,41.69,40.84,41.13,4095804.0,170725986.0,24297979323.870003
2024-04-08,302132,40.96,41.35,40.21,40.21,4303448.0,176963807.0,23754479664.79
2024-04-09,302132,40.32,41.0,40.06,40.82,3716739.0,152723709.0,24114843569.18
2024-04-10,302132,40.5,40.63,39.41,39.65,4507418.0,182801895.0,23423653785.35
2024-04-11,302132,39.45,39.91,39.26,39.42,3059226.0,122872572.0,23287778870.58
2024-04-12,302132,39.64,40.6,39.48,39.77,4158124.0,169278916.0,23494545045.230003
2024-04-15,302132,39.2,40.69,38.66,39.93,6305342.0,255233490.0,23589066725.07
2024-04-16,302132,39.45,39.77,37.65,37.65,7632127.0,297511655.0,22242132787.35
2024-04-17,302132,37.77,39.4,37.76,39.33,5502107.0,216148838.0,23234610425.67
2024-04-18,302132,39.38,40.34,39.06,39.53,5229429.0,209756120.0,23352762525.47
2024-04-19,302132,39.34,40.28,39.21,39.9,4982499.0,200879868.0,23571343910.1
2024-04-22,302132,39.5,40.9,39.2,40.47,7199661.0,294295392.0,23908077394.53
2024-04-23,302132,40.14,40.42,39.78,40.07,4635395.0,188407514.0,23671773194.93
2024-04-24,302132,39.94,40.73,39.85,40.54,4814674.0,197518543.0,23949430629.46
2024-04-25,302132,40.46,40.67,40.22,40.29,3327024.0,136307945.0,23801740504.71
2024-04-26,302132,40.3,41.04,40.19,41.03,5137163.0,212443396.0,24238903273.97
2024-04-29,302132,40.73,41.64,40.73,41.42,5447764.0,228276220.0,24469299868.58
2024-04-30,302132,41.76,42.55,41.44,41.95,6511497.0,276513650.0,24782402933.050003
2024-05-06,302132,42.18,42.21,41.47,41.66,5237092.0,222010317.0,24611082388.339996
2024-05-07,302132,41.84,43.32,41.54,42.57,7912831.0,340779912.0,25148674442.43
2024-05-08,302132,42.4,42.4,41.42,41.42,5406646.0,229105484.0,24469299868.58
2024-05-09,302132,41.15,42.66,41.15,42.43,7531994.0,321079833.0,25065967972.57
2024-05-10,302132,42.43,42.82,42.03,42.13,4775288.0,204834471.0,24888739822.870003
2024-05-13,302132,41.91,42.22,41.31,41.52,3825068.0,161792038.0,24528375918.480003
2024-05-14,302132,41.05,41.5,40.43,41.21,4242907.0,177127928.0,24345240163.79
2024-05-15,302132,41.08,42.69,40.91,41.97,6617269.0,280457758.0,24794218143.03
2024-05-16,302132,41.6,41.95,41.29,41.44,3611279.0,151969014.0,24481115078.559998
2024-05-17,302132,40.81,41.37,40.56,41.25,5074984.0,210869104.0,24368870583.75
2024-05-20,302132,40.05,40.93,39.87,40.43,7194163.0,294684612.0,23884446974.57
2024-05-21,302132,40.34,40.46,39.8,40.01,3999433.0,162588382.0,23636327564.989998
2024-05-22,302132,39.77,40.25,39.7,39.99,3160600.0,128000912.0,23624512355.010002
2024-05-23,302132,40.11,40.59,39.99,40.04,4987676.0,203642766.0,23654050379.96
2024-05-24,302132,40.03,40.2,39.56,39.94,3860195.0,156126806.0,23594974330.059998
2024-05-27,302132,39.83,39.94,39.03,39.65,4096280.0,163674421.0,23423653785.35
2024-05-28,302132,39.57,39.83,39.25,39.42,2231602.0,89448654.0,23287778870.58
2024-05-29,302132,39.29,39.66,39.27,39.43,1955580.0,78194069.0,23293686475.57
2024-05-30,302132,39.25,39.69,39.03,39.34,3017100.0,120639545.0,23240518030.660004
2024-05-31,302132,39.44,40.06,39.41,39.81,3884395.0,156814879.0,23518175465.190002
2024-06-03,302132,39.7,39.92,37.66,38.64,6084195.0,239541032.0,22826985681.36
2024-06-04,302132,38.66,39.07,38.46,38.9,2813650.0,110632349.0,22980583411.1
2024-06-05,302132,38.72,40.39,38.65,39.64,5612461.0,226575162.0,23417746180.36
2024-06-06,302132,39.55,39.7,38.68,38.8,3759400.0,149248427.0,22921507361.199997
2024-06-07,302132,38.91,39.67,38.66,38.69,3228563.0,128026052.0,22856523706.309998
2024-06-11,302132,38.57,39.13,38.13,39.01,3019552.0,118420637.0,23045567065.989998
2024-06-12,302132,38.86,39.35,38.75,39.13,2271699.0,90084818.0,23116458325.870003
2024-06-13,302132,39.01,39.54,38.84,39.12,3279920.0,130231511.0,23110550720.879997
2024-06-14,302132,38.97,39.24,38.62,39.17,3205205.0,126433601.0,23140088745.83
2024-06-17,302132,38.99,39.48,38.96,39.25,3047100.0,121347676.0,23187349585.75
2024-06-18,302132,39.25,39.53,39.21,39.47,2444549.0,97674264.0,23317316895.53
2024-06-19,302132,39.58,39.58,39.01,39.12,2638967.0,104884739.0,23110550720.879997
2024-06-20,302132,39.04,39.1,38.37,38.37,3071965.0,120386771.0,22667480346.629997
2024-06-21,302132,38.62,39.34,38.61,38.99,3409930.0,135053281.0,23033751856.010002
2024-06-24,302132,40.76,42.99,40.76,40.81,17538127.0,741250796.0,24108935964.190002
2024-06-25,302132,41.32,41.42,39.43,39.66,9402377.0,385191545.0,23429561390.339996
2024-06-26,302132,41.41,42.07,40.6,41.16,10783923.0,451753138.0,24315702138.839996
2024-06-27,302132,40.53,48.2,40.5,44.76,26190531.0,1175678500.0,26442439935.239998
2024-06-28,302132,44.25,45.6,44.08,44.63,15247748.0,694125123.0,26365641070.370003
2024-07-01,302132,44.58,45.14,43.7,43.85,9730915.0,434933411.0,25904847881.15
2024-07-02,302132,43.54,44.1,42.36,42.88,9583912.0,418131763.0,25331810197.120003
2024-07-03,302132,43.4,45.18,42.78,44.62,14571203.0,652594257.0,26359733465.379997
2024-07-04,302132,45.67,47.62,44.71,45.72,18690373.0,876902560.0,27009570014.28
2024-07-05,302132,46.46,49.49,45.59,48.86,25800518.0,1246191323.0,28864557981.14
2024-07-08,302132,48.82,49.78,47.15,47.53,18267199.0,895767551.0,28078846517.47
2024-07-09,302132,47.83,49.5,46.78,49.06,17541882.0,862738678.0,28982710080.940002
2024-07-10,302132,48.83,49.48,47.23,47.4,15033042.0,739261662.0,28002047652.6
2024-07-11,302132,47.89,49.09,46.55,47.77,14441121.0,698230567.0,28220629037.230003
2024-07-12,302132,49.31,53.79,47.22,47.3,41982867.0,2144225387.0,27942971602.699997
2024-07-15,302132,47.29,50.75,46.86,50.18,32227934.0,1586285510.0,29644361839.82
2024-07-16,302132,49.81,49.9,48.65,49.15,20586052.0,1028306765.0,29035878525.85
2024-07-17,302132,48.63,48.77,46.46,46.65,19184748.0,925694947.0,27558977278.35
2024-07-18,302132,46.16,48.11,45.91,47.56,16690054.0,798918706.0,28096569332.440002
2024-07-19,302132,46.98,47.52,46.51,47.32,11833868.0,563894180.0,27954786812.68
2024-07-22,302132,47.24,48.29,47.04,47.74,10868354.0,526254263.0,28202906222.260002
2024-07-23,302132,47.78,48.13,45.6,45.73,12233507.0,577792524.0,27015477619.269997
2024-07-24,302132,45.58,46.54,45.19,45.24,9297897.0,431611748.0,26726004974.760002
2024-07-25,302132,44.38,44.71,43.59,44.12,10475493.0,468268471.0,26064353215.879997
2024-07-26,302132,44.65,46.45,44.48,46.06,12494339.0,576898737.0,27210428583.940002
2024-07-29,302132,45.82,47.75,45.73,47.31,13228012.0,627734369.0,27948879207.690002
2024-07-30,302132,47.03,47.7,46.37,47.37,9767882.0,466022263.0,27984324837.629997
2024-07-31,302132,47.04,48.2,46.81,47.91,11641000.0,560916484.0,28303335507.089996
2024-08-01,302132,47.5,48.76,47.4,47.75,11139300.0,543174812.0,28208813827.25
2024-08-02,302132,47.75,48.08,46.88,47.45,8675000.0,416815845.0,28031585677.550003
2024-08-05,302132,46.68,47.32,45.49,45.59,9866090.0,463402648.0,26932771149.410004
2024-08-06,302132,46.32,46.53,45.8,46.44,7836039.0,366913657.0,27434917573.559998
2024-08-07,302132,47.54,48.72,46.02,46.05,17235309.0,830465870.0,27204520978.949997
2024-08-08,302132,45.73,45.96,43.82,43.89,14174584.0,638973443.0,25928478301.11
2024-08-09,302132,44.04,44.56,43.83,44.26,6471881.0,289810110.0,26147059685.739998
2024-08-12,302132,44.07,44.07,43.3,43.6,4980211.0,220505070.0,25757157756.4
2024-08-13,302132,43.61,44.0,43.45,43.92,4079578.0,180772152.0,25946201116.08
2024-08-14,302132,43.67,43.98,43.09,43.09,5272588.0,232405134.0,25455869901.910004
2024-08-15,302132,43.1,43.66,42.74,43.01,5580686.0,244081978.0,25408609061.989998
2024-08-16,302132,43.03,43.17,42.27,42.64,6054731.0,261797060.0,25190027677.36
2024-08-19,302132,42.61,42.88,42.35,42.41,3646130.0,157254429.0,25054152762.589996
2024-08-20,302132,42.42,42.58,41.3,41.59,5798372.0,245521090.0,24569729153.410004
2024-08-21,302132,41.45,41.59,41.02,41.23,3997835.0,167356002.0,24357055373.769997
2024-08-22,302132,41.07,41.5,40.61,40.88,4675648.0,194671489.0,24150289199.120003
2024-08-23,302132,40.75,41.2,40.61,41.06,3444752.0,142982151.0,24256626088.940002
2024-08-26,302132,41.02,41.15,40.27,40.4,5247720.0,216460792.0,23866724159.6
2024-08-27,302132,40.19,40.27,39.76,39.89,3984390.0,161345018.0,23565436305.11
2024-08-28,302132,39.82,40.64,39.75,40.33,3931842.0,160684092.0,23825370924.67
2024-08-29,302132,40.02,41.19,39.94,40.75,5629518.0,232660722.0,24073490334.25
2024-08-30,302132,40.59,41.8,40.45,41.4,6534202.0,273906056.0,24457484658.6
2024-09-02,302132,41.15,41.31,40.28,40.44,4810850.0,199020105.0,23890354579.559998
2024-09-03,302132,40.69,41.26,40.46,40.82,3940586.0,163531084.0,24114843569.18
2024-09-04,302132,40.63,41.1,40.22,41.03,3967684.0,164041618.0,24238903273.97
2024-09-05,302132,41.23,41.6,40.87,41.5,3880925.0,162403070.0,24516560708.5
2024-09-06,302132,41.42,41.57,40.65,40.79,3523255.0,146756527.0,24097120754.21
2024-09-09,302132,40.53,41.09,40.12,40.58,3074112.0,126404507.0,23973061049.42
2024-09-10,302132,40.63,40.69,39.77,40.34,3204506.0,130675420.0,23831278529.660004
2024-09-11,302132,40.08,40.23,39.79,40.03,2703500.0,109480053.0,23648142774.97
2024-09-12,302132,40.21,40.59,40.01,40.03,2707000.0,110532524.0,23648142774.97
2024-09-13,302132,40.15,40.62,39.99,40.03,3784532.0,154407096.0,23648142774.97
2024-09-18,302132,39.98,40.14,39.36,39.8,3206047.0,129070048.0,23512267860.199997
2024-09-19,302132,39.85,40.29,39.23,39.81,4210683.0,169807532.0,23518175465.190002
2024-09-20,302132,39.65,39.85,39.38,39.58,2736267.0,109694123.0,23382300550.42
2024-09-23,302132,39.45,39.87,39.28,39.3,3480500.0,139702173.0,23216887610.699997
2024-09-24,302132,39.37,40.33,38.76,40.28,7352139.0,296071696.0,23795832899.72
2024-09-25,302132,40.27,41.58,40.27,41.05,8385590.0,349768333.0,24250718483.949997
2024-09-26,302132,41.11,42.72,40.73,42.71,9558628.0,404876838.0,25231380912.29
2024-09-27,302132,42.75,45.92,42.75,45.52,15193894.0,683112633.0,26891417914.480003
2024-09-30,302132,47.65,52.67,46.21,52.25,33180638.0,1668990461.0,30867236072.75
2024-10-08,302132,61.15,62.28,55.25,62.28,49397585.0,2979376576.0,36792563877.72
2024-10-09,302132,58.19,67.2,56.13,59.93,46309706.0,2850678661.0,35404276705.07
2024-10-10,302132,62.1,71.91,61.15,69.04,72210727.0,4995929937.0,40786104850.96001
2024-10-11,302132,64.09,65.69,57.2,57.26,54398172.0,3359537230.0,33826946172.739998
2024-10-14,302132,62.92,68.71,62.92,68.71,66768457.0,4575077047.0,40591153886.28999
2024-10-15,302132,67.51,81.62,66.1,73.32,88394972.0,6600831532.0,43314559786.67999
2024-10-16,302132,72.0,74.54,69.18,71.01,49554899.0,3597693595.0,41949903033.990005
2024-10-17,302132,70.0,71.85,67.93,70.41,49592233.0,3507125486.0,41595446734.59
2024-10-18,302132,70.28,76.32,66.21,72.15,57213165.0,4130197214.0,42623370002.850006
2024-10-21,302132,73.97,83.04,73.0,75.42,62861414.0,4951780969.0,44555156834.58
2024-10-22,302132,73.67,77.42,71.88,72.87,39847550.0,2985399780.0,43048717562.130005
2024-10-23,302132,71.01,77.27,70.75,72.88,44283381.0,3323075453.0,43054625167.119995
2024-10-24,302132,72.98,73.76,71.01,71.37,24946013.0,1816040823.0,42162576813.630005
2024-10-25,302132,70.72,71.58,68.74,69.77,31281189.0,2216806751.0,41217360015.229996
2024-10-28,302132,69.77,72.59,68.54,70.65,28061328.0,2009115288.0,41737229254.350006
2024-10-29,302132,69.65,74.5,69.63,73.07,38823518.0,2846642449.0,43166869661.92999
2024-10-30,302132,73.72,81.15,73.28,76.38,46980797.0,3692471661.0,45122286913.619995
2024-10-31,302132,75.05,80.54,74.86,76.52,42818109.0,3384332797.0,45204993383.479996
2024-11-01,302132,75.53,85.11,75.31,79.89,52107530.0,4264809461.0,47195856265.11
2024-11-04,302132,78.69,82.7,74.65,82.01,40086801.0,3221848293.0,48448268522.990005
2024-11-05,302132,87.66,92.71,84.82,91.93,59879698.0,5395028975.0,54308612673.07001
2024-11-06,302132,93.96,95.57,85.7,85.81,59665653.0,5425832244.0,50693158419.19
2024-11-07,302132,83.44,83.6,78.19,81.45,49291288.0,4035277924.0,48117442643.55
2024-11-08,302132,81.71,85.46,81.56,82.8,38899972.0,3284175806.0,48914969317.2
2024-11-11,302132,82.46,83.57,79.18,83.19,28628324.0,2367964517.0,49145365911.81
2024-11-12,302132,83.82,83.82,77.37,79.47,33354740.0,2698883397.0,46947736855.53
2024-11-13,302132,77.52,80.84,77.51,79.7,16193401.0,1301578218.0,47083611770.3
2024-11-14,302132,80.38,80.44,76.64,76.84,16440500.0,1307871235.0,45394036743.16
2024-11-15,302132,76.43,76.7,71.41,71.41,29006482.0,2164017217.0,42186207233.59
2024-11-18,302132,71.41,72.0,66.58,67.31,24068689.0,1684320646.0,39764089187.69
2024-11-19,302132,66.97,68.43,65.51,68.25,19654166.0,1335818902.0,40319404056.75
2024-11-20,302132,68.05,69.85,67.06,69.66,18967588.0,1324076372.0,41152376360.34
2024-11-21,302132,69.61,69.61,68.05,68.76,12964904.0,904685048.0,40620691911.240005
2024-11-22,302132,68.93,70.1,66.24,66.42,20306464.0,1413667262.0,39238312343.58
2024-11-25,302132,65.49,66.52,62.35,63.75,20808098.0,1351826521.0,37660981811.25
2024-11-26,302132,63.75,64.58,63.22,63.22,10484896.0,680104022.0,37347878746.78
2024-11-27,302132,64.14,68.13,62.76,67.6,24920368.0,1670879935.0,39935409732.399994
2024-11-28,302132,67.07,68.04,65.98,66.28,14298090.0,971342394.0,39155605873.72
2024-11-29,302132,65.59,68.35,64.84,67.85,17248379.0,1165948268.0,40083099857.149994
2024-12-02,302132,67.2,68.05,66.68,67.85,15268485.0,1045076791.0,40083099857.149994
2024-12-03,302132,67.74,67.83,65.98,66.89,12043708.0,817293758.0,39515969778.11
2024-12-04,302132,66.31,68.02,66.04,66.62,11415911.0,774742255.0,39356464443.380005
2024-12-05,302132,66.68,67.56,65.96,66.69,10637992.0,719688613.0,39397817678.31
2024-12-06,302132,66.37,68.35,66.28,67.85,14205135.0,973065697.0,40083099857.149994
2024-12-09,302132,67.15,67.36,65.64,66.1,11553302.0,778028275.0,39049268983.899994
2024-12-10,302132,68.36,68.41,66.57,66.65,11954340.0,814726745.0,39374187258.350006
2024-12-11,302132,66.08,67.85,65.98,67.77,10357957.0,701868819.0,40035839017.229996
2024-12-12,302132,67.77,71.7,67.74,71.5,26801822.0,1907680426.0,42239375678.5
2024-12-13,302132,70.42,71.9,69.35,70.78,18566031.0,1327955312.0,41814028119.22
2024-12-16,302132,70.21,70.49,68.25,68.27,10748114.0,752552412.0,40331219266.729996
2024-12-17,302132,69.04,72.25,69.04,69.71,15471761.0,1109783225.0,41181914385.28999
2024-12-18,302132,71.74,76.46,71.12,73.57,25403737.0,1896485140.0,43462249911.42999
2024-12-19,302132,72.0,73.97,70.91,73.2,16398069.0,1197101996.0,43243668526.8
2024-12-20,302132,72.98,77.42,72.98,76.49,24579910.0,1870429137.0,45187270568.509995
2024-12-23,302132,75.68,76.42,74.33,74.55,17814038.0,1358827489.0,44041195200.45
2024-12-24,302132,74.26,76.49,64.11,68.4,19184250.0,1430638820.0,40408018131.600006
2024-12-25,302132,70.11,73.23,69.64,71.96,26798291.0,1944268795.0,42511125508.03999
2024-12-26,302132,71.51,74.23,70.5,72.08,18231957.0,1328667855.0,42582016767.92
2024-12-27,302132,80.18,82.65,75.65,76.34,41550458.0,3304339124.0,45098656493.66
2024-12-30,302132,76.93,77.9,72.8,73.13,25577682.0,1951881263.0,43202315291.869995
2024-12-31,302132,72.24,72.98,70.1,70.79,18240700.0,1318351600.0,41819935724.21001
2025-01-02,302132,70.03,70.5,65.83,66.32,16742519.0,1153350246.0,39179236293.67999
2025-01-03,302132,65.98,66.94,62.78,62.79,15779447.0,1032443145.0,37093851732.21
2025-01-06,302132,61.67,63.5,60.61,61.16,11728995.0,736801204.0,36130912118.84
2025-01-07,302132,63.12,65.39,62.76,64.55,15454383.0,1001758373.0,38133590210.45
2025-01-08,302132,64.05,64.97,61.7,64.11,12855172.0,829216451.0,37873655590.89
2025-01-09,302132,63.15,68.64,63.15,67.13,18573945.0,1247144344.0,39657752297.869995
2025-01-10,302132,66.03,67.61,65.0,65.02,11796300.0,792597580.0,38411247644.979996
2025-01-13,302132,66.08,66.94,63.69,63.83,9577323.0,626526495.0,37708242651.17
2025-01-14,302132,63.72,66.75,63.64,66.75,13595373.0,903957700.0,39433263308.25
2025-01-15,302132,66.44,66.97,65.5,65.67,8097000.0,541706039.0,38795241969.33
2025-01-16,302132,66.01,66.63,65.07,65.24,8256211.0,549859215.0,38541214954.759995
2025-01-17,302132,65.7,70.54,64.98,68.45,18651310.0,1282145984.0,40437556156.55
2025-01-20,302132,69.17,72.3,69.09,71.25,16091753.0,1152410443.0,42091685553.75
2025-01-21,302132,71.8,71.86,69.24,70.81,11538979.0,823236538.0,41831750934.19
2025-01-22,302132,70.72,70.72,68.25,69.29,9205188.0,645018795.0,40933794975.71001
2025-01-23,302132,69.37,70.4,66.97,67.03,12711510.0,884456916.0,39598676247.97
2025-01-24,302132,67.07,68.73,66.43,67.59,9716710.0,666650744.0,39929502127.41
2025-01-27,302132,67.59,68.04,64.92,65.09,10044945.0,672784410.0,38452600879.91
2025-02-05,302132,65.49,65.61,63.61,64.67,8732871.0,573351381.0,38204481470.33
2025-02-06,302132,64.97,69.04,64.4,68.9,17204724.0,1171055138.0,40703398381.100006
2025-02-07,302132,68.9,70.11,67.85,69.15,15311391.0,1069141526.0,40851088505.850006
2025-02-10,302132,69.16,70.96,68.97,69.93,13203300.0,937435444.0,41311881695.07001
2025-02-11,302132,70.03,70.81,68.78,69.04,10252343.0,723596723.0,40786104850.96001
2025-02-12,302132,68.55,69.78,68.48,69.73,8925065.0,626533899.0,41193729595.270004
2025-02-13,302132,69.96,72.36,69.15,71.31,19602146.0,1407593330.0,42127131183.69
2025-02-14,302132,70.9,72.96,70.09,71.19,16359576.0,1181995873.0,42056239923.81
2025-02-17,302132,72.96,72.96,64.12,67.08,17537251.0,1210993745.0,39628214272.92
2025-02-18,302132,67.07,67.08,62.77,63.14,17954337.0,1179027810.0,37300617906.86
2025-02-19,302132,62.13,66.18,62.13,64.99,12657189.0,828907773.0,38393524830.009995
2025-02-20,302132,64.34,65.09,63.34,64.6,11160587.0,726233460.0,38163128235.399994
2025-02-21,302132,64.11,65.74,63.73,64.9,12382876.0,811377549.0,38340356385.100006
2025-02-24,302132,65.15,65.15,63.61,63.91,10196162.0,661884159.0,37755503491.09
2025-02-25,302132,63.12,63.71,62.91,62.94,8796572.0,564475728.0,37182465807.06
2025-02-26,302132,63.01,63.22,62.28,62.6,8780504.0,557275641.0,36981607237.4
2025-02-27,302132,62.6,63.54,61.15,61.95,9911691.0,625869850.0,36597612913.05
2025-02-28,302132,61.39,61.85,60.36,60.36,9767246.0,603880835.0,35658303719.64
2025-03-03,302132,61.0,61.12,58.54,59.09,12113874.0,733884616.0,34908037885.91
2025-03-04,302132,59.1,62.82,59.0,62.12,16367935.0,1017914788.0,36698042197.88
2025-03-05,302132,61.15,62.01,60.9,61.53,8467711.0,527049834.0,36349493503.47
2025-03-06,302132,61.52,62.43,61.18,62.12,9163718.0,575498456.0,36698042197.88
2025-03-07,302132,61.74,64.54,61.37,62.81,14777307.0,949231451.0,37105666942.19
2025-03-10,302132,62.73,64.28,62.17,62.36,8043843.0,514688371.0,36839824717.64
2025-03-11,302132,61.39,63.7,61.18,63.18,8651725.0,550600314.0,37324248326.82
2025-03-12,302132,63.02,63.71,62.13,62.35,9138668.0,580411909.0,36833917112.65
2025-03-13,302132,62.29,62.51,60.95,61.3,6348487.0,396102966.0,36213618588.7
2025-03-14,302132,61.15,62.05,60.73,61.68,6594688.0,410716675.0,36438107578.32
2025-03-17,302132,61.66,62.43,61.45,61.82,5317950.0,333986512.0,36520814048.18
2025-03-18,302132,61.94,62.11,61.2,61.72,4856562.0,303390247.0,36461737998.28
2025-03-19,302132,61.47,61.69,60.73,60.87,4977242.0,308116261.0,35959591574.13
2025-03-20,302132,60.86,62.44,60.57,61.33,6655795.0,415218828.0,36231341403.67
2025-03-21,302132,60.75,61.8,60.24,60.29,6958606.0,429345766.0,35616950484.71
2025-03-24,302132,60.51,60.95,58.83,59.4,6003000.0,361963333.0,35091173640.6
2025-03-25,302132,59.37,60.51,59.17,59.95,5528203.0,336354780.0,35416091915.05
2025-03-26,302132,59.94,60.16,59.64,60.11,3757100.0,228232505.0,35510613594.89
2025-03-27,302132,59.95,60.56,59.53,60.51,4657022.0,284199471.0,35746917794.49
2025-03-28,302132,59.96,60.46,58.95,59.06,6909633.0,415992735.0,34890315070.94
2025-03-31,302132,58.39,59.05,57.99,58.19,5146423.0,304080873.0,34376353436.81
2025-04-01,302132,58.84,60.11,58.76,59.77,7909682.0,478232050.0,35309755025.23
2025-04-02,302132,59.37,59.96,58.86,59.07,4555029.0,273463641.0,34896222675.93
2025-04-03,302132,58.6,59.31,58.49,58.7,3462775.0,206805258.0,34677641291.3
2025-04-07,302132,56.22,57.63,49.71,50.67,14423402.0,781893753.0,29933834484.33
2025-04-08,302132,51.36,54.19,51.36,53.76,12030424.0,650012096.0,31759284426.239998
2025-04-09,302132,53.34,58.88,53.16,58.47,17304310.0,1006183221.0,34541766376.53
2025-04-10,302132,58.44,59.1,57.2,58.42,11919985.0,707053716.0,34512228351.58
2025-04-11,302132,57.71,58.63,57.09,58.02,9621084.0,564932680.0,34275924151.980003
2025-04-14,302132,58.01,58.63,57.51,58.58,7731459.0,455894121.0,34606750031.42
2025-04-15,302132,58.41,58.53,57.43,57.78,6117062.0,358859629.0,34134141632.22
2025-04-16,302132,57.9,59.03,57.32,57.84,5366600.0,315980332.0,34169587262.160004
2025-04-17,302132,57.87,58.51,57.68,57.89,4544000.0,267491862.0,34199125287.11
2025-04-18,302132,57.79,57.79,56.58,57.01,4635170.0,268325088.0,33679256047.989998
2025-04-21,302132,57.01,58.33,56.98,57.72,5320495.0,312116068.0,34098696002.28
2025-04-22,302132,57.45,58.38,57.37,57.68,3811181.0,223464852.0,34075065582.32
2025-04-23,302132,57.75,58.32,57.62,58.16,4447536.0,261284773.0,34358630621.839996
2025-04-24,302132,58.32,58.39,57.16,57.18,3976667.0,232355996.0,33779685332.82
2025-04-25,302132,57.47,59.16,57.16,58.58,7332700.0,433070299.0,34606750031.42
2025-04-28,302132,58.88,61.07,58.59,60.5,13517338.0,821947236.0,35741010189.5
2025-04-29,302132,57.2,59.07,56.71,57.31,11667584.0,684877804.0,33856484197.690002
2025-04-30,302132,57.2,58.33,57.19,57.94,6997039.0,409426715.0,34228663312.059998
2025-05-06,302132,58.49,58.83,57.72,58.42,8377507.0,494420406.0,34512228351.58
2025-05-07,302132,62.04,70.1,60.66,68.38,63844321.0,4300197016.0,40396202921.619995
2025-05-08,302132,69.04,82.06,68.39,82.06,95011613.0,7235590610.0,48477806547.94
2025-05-09,302132,86.79,87.66,77.64,78.78,108291361.0,9099563776.0,46540112111.22
2025-05-12,302132,76.93,94.54,76.61,94.54,108062850.0,9739158417.0,55850497575.46001
2025-05-13,302132,94.36,96.21,85.74,87.52,100251251.0,9179411465.0,51703358872.479996
2025-05-14,302132,87.78,92.22,85.59,89.11,78814092.0,7095199263.0,52642668065.89
2025-05-15,302132,86.67,90.07,83.15,85.85,67149284.0,5847041239.0,50716788839.149994
2025-05-16,302132,84.82,88.42,84.33,84.9,49698110.0,4332895826.0,50155566365.100006
2025-05-19,302132,86.4,89.74,84.47,86.0,59284583.0,5236484359.0,50805402914.0
2025-05-20,302132,84.21,85.11,79.13,79.19,62270105.0,5114727749.0,46782323915.81
2025-05-21,302132,78.79,81.66,78.11,80.83,43346235.0,3506517880.0,47751171134.17
2025-05-22,302132,80.37,84.42,79.49,79.75,48592243.0,4036564550.0,47113149795.25
2025-05-23,302132,80.88,81.48,78.61,79.1,27857850.0,2255659426.0,46729155470.899994
2025-05-26,302132,79.21,79.56,77.42,78.16,20665805.0,1635568217.0,46173840601.84
2025-05-27,302132,78.7,79.29,77.49,78.29,25714031.0,2045524524.0,46250639466.71001
2025-05-28,302132,77.51,78.68,76.35,76.78,25202262.0,1975243989.0,45358591113.22
2025-05-29,302132,75.77,77.11,75.52,76.49,19508109.0,1511244167.0,45187270568.509995
2025-05-30,302132,76.77,77.04,75.0,75.69,20570979.0,1584454164.0,44714662169.31
2025-06-03,302132,75.66,79.04,75.65,76.48,27884313.0,2187659737.0,45181362963.520004
2025-06-04,302132,75.95,76.81,75.4,76.15,16679292.0,1285241497.0,44986411998.850006
2025-06-05,302132,76.01,78.61,75.41,77.5,26290957.0,2063482496.0,45783938672.5
2025-06-06,302132,79.69,85.15,79.05,80.55,44988092.0,3727222102.0,47585758194.45
2025-06-09,302132,80.76,84.74,80.38,82.29,36620875.0,3067032052.0,48613681462.71001
2025-06-10,302132,80.94,80.95,78.31,78.73,26504859.0,2126462429.0,46510574086.270004
2025-06-11,302132,78.16,79.34,77.57,78.78,15080104.0,1201829654.0,46540112111.22
2025-06-12,302132,78.04,78.87,77.64,78.01,12840687.0,1016977052.0,46085226526.990005
2025-06-13,302132,79.49,91.41,78.37,86.79,65844114.0,5619587798.0,51272103708.21001
2025-06-16,302132,85.8,89.85,83.53,86.59,48412788.0,4214186239.0,51153951608.41
2025-06-17,302132,85.82,87.01,83.73,84.24,28775793.0,2468834731.0,49765664435.759995
2025-06-18,302132,84.32,92.61,84.12,87.72,46948883.0,4193009899.0,51821510972.28
2025-06-19,302132,85.42,87.71,83.12,85.12,30724080.0,2635704776.0,50285533674.880005
2025-06-20,302132,83.63,84.53,81.76,82.25,19365349.0,1628058310.0,48590051042.75
2025-06-23,302132,82.86,83.89,81.86,83.64,16608480.0,1400704629.0,49411208136.36
2025-06-24,302132,80.49,82.14,78.9,79.79,27125172.0,2196590373.0,47136780215.21001
2025-06-25,302132,79.5,82.84,79.29,80.99,25121776.0,2052680810.0,47845692814.009995
2025-06-26,302132,80.95,83.6,80.49,81.6,24090002.0,1998512855.0,48206056718.399994
2025-06-27,302132,81.48,82.95,80.49,81.68,18986712.0,1562972533.0,48253317558.32001
2025-06-30,302132,83.05,89.73,82.98,87.39,39751445.0,3473897078.0,51626560007.61
2025-07-01,302132,86.2,87.05,84.77,85.41,26236987.0,2260132198.0,50456854219.59
2025-07-02,302132,84.47,85.14,83.11,83.57,15474270.0,1306476038.0,49369854901.42999
2025-07-03,302132,83.83,84.17,82.84,83.22,11289696.0,946850159.0,49163088726.78
2025-07-04,302132,83.22,85.04,82.49,83.87,15099572.0,1271573313.0,49547083051.130005
2025-07-07,302132,83.87,84.4,82.28,82.97,11212627.0,939124639.0,49015398602.03
2025-07-08,302132,82.53,83.15,82.53,82.99,9852645.0,821307995.0,49027213812.009995
2025-07-09,302132,84.18,86.87,83.49,83.79,22909893.0,1962565255.0,49499822211.21001
2025-07-10,302132,82.78,82.82,81.04,82.64,16501898.0,1360096340.0,48820447637.36
2025-07-11,302132,82.48,84.66,82.04,83.49,13620853.0,1139918310.0,49322594061.509995
2025-07-14,302132,83.45,84.13,82.64,83.3,8998058.0,754024971.0,49210349566.7
2025-07-15,302132,82.88,83.13,81.58,81.8,10946298.0,904635102.0,48324208818.2
2025-07-16,302132,81.63,82.46,81.37,82.07,8610752.0,710024293.0,48483714152.92999
2025-07-17,302132,81.97,86.6,81.73,85.44,26922649.0,2291049689.0,50474577034.56
2025-07-18,302132,84.78,86.95,84.37,86.05,23889580.0,2060871528.0,50834940938.95
2025-07-21,302132,85.37,89.14,84.42,87.45,23090605.0,2028424642.0,51662005637.55
2025-07-22,302132,86.55,88.43,85.17,86.18,18766278.0,1640484403.0,50911739803.82001
2025-07-23,302132,85.4,86.06,84.44,84.68,12954139.0,1108479981.0,50025599055.32001
2025-07-24,302132,84.44,87.11,84.44,85.52,12986781.0,1113684143.0,50521837874.479996
2025-07-25,302132,85.47,85.54,84.03,84.75,10083466.0,858354098.0,50066952290.25
2025-07-28,302132,84.72,86.2,84.57,85.21,13599678.0,1169821868.0,50338702119.78999
2025-07-29,302132,84.7,87.05,84.27,86.95,17734013.0,1532520335.0,51366625388.05
2025-07-30,302132,86.95,87.95,83.35,84.46,18496536.0,1595170692.0,49895631745.53999
2025-07-31,302132,83.47,85.01,83.28,84.13,12401668.0,1049143076.0,49700680780.869995
2025-08-01,302132,83.87,83.87,81.76,81.78,12787210.0,1062855024.0,48312393608.22
2025-08-04,302132,81.5,83.97,81.48,83.89,11739770.0,985195816.0,49558898261.11
2025-08-05,302132,83.88,85.46,83.29,84.25,12648074.0,1075836940.0,49771572040.75
2025-08-06,302132,83.69,91.79,83.65,88.26,34454601.0,3045947393.0,52140521641.740005
2025-08-07,302132,87.26,87.92,85.17,85.77,20746648.0,1793617029.0,50669527999.229996
2025-08-08,302132,85.46,86.05,84.37,84.41,11957232.0,1023232680.0,49866093720.59
2025-08-11,302132,84.25,85.54,84.17,84.59,11046589.0,943750074.0,49972430610.41
2025-08-12,302132,84.47,86.22,83.61,85.08,16027320.0,1366655739.0,50261903254.92
2025-08-13,302132,84.51,85.68,84.43,85.16,13405842.0,1147398930.0,49909678534.84
2025-08-14,302132,85.04,85.04,83.47,83.8,12153694.0,1026917894.0,49112624016.2
2025-08-15,302132,83.92,84.31,83.48,84.25,11092571.0,936153801.0,49376355290.75
2025-08-18,302132,84.24,85.46,84.1,85.33,18524459.0,1581537157.0,50009310349.67
2025-08-19,302132,85.15,86.95,83.74,85.91,19467077.0,1670256133.0,50349230659.09
2025-08-20,302132,85.73,91.08,85.27,87.23,33179150.0,2951502375.0,51122842397.770004
2025-08-21,302132,86.25,90.01,85.52,89.54,29872651.0,2664107707.0,52476662940.46001
2025-08-22,302132,89.73,100.36,87.31,98.73,48083667.0,4490112278.0,57862641636.270004
2025-08-25,302132,98.87,108.24,97.99,100.66,45804679.0,4727396509.0,58993755769.34
2025-08-26,302132,99.16,101.19,97.26,97.8,29150191.0,2901262845.0,57317597002.2
2025-08-27,302132,96.94,101.53,96.42,98.79,30525515.0,3026370221.0,57897805806.21001
2025-08-28,302132,96.37,96.37,90.41,94.04,38872294.0,3638368176.0,55113975685.96001
2025-08-29,302132,94.39,101.97,93.09,101.31,36531769.0,3570060249.0,59374700943.69
2025-09-01,302132,101.56,108.19,97.23,104.93,37904015.0,3922923638.0,61496272530.07001
2025-09-02,302132,103.35,109.11,100.81,105.55,35974531.0,3814169968.0,61859635619.45
2025-09-03,302132,106.33,107.2,89.43,90.42,44547645.0,4287662958.0,52992404099.58
2025-09-04,302132,88.45,89.55,80.49,82.48,39165467.0,3339096077.0,48339012277.520004
2025-09-05,302132,81.77,83.75,81.04,82.21,23481700.0,1948437564.0,48180773512.78999
2025-09-08,302132,81.68,82.43,79.5,80.74,19756509.0,1605994678.0,47319251349.259995
2025-09-09,302132,80.79,81.64,79.0,79.0,16498131.0,1334093694.0,46299490421.0
2025-09-10,302132,79.5,81.08,79.38,80.08,13905023.0,1120936130.0,46932445479.92
2025-09-11,302132,80.13,82.97,79.27,82.29,17025603.0,1394712996.0,48227659072.71001
2025-09-12,302132,82.04,83.87,81.88,82.42,16853198.0,1403181044.0,48303848107.58
2025-09-15,302132,82.46,82.47,80.89,81.1,12049862.0,986607412.0,47530236368.899994
2025-09-16,302132,81.05,81.93,79.77,81.27,11062822.0,899175488.0,47629868183.729996
2025-09-17,302132,81.73,81.73,80.56,81.18,9820891.0,802143661.0,47577121928.82001
2025-09-18,302132,81.18,83.34,80.87,81.59,18647388.0,1541119099.0,47817410423.41
2025-09-19,302132,82.08,88.44,81.79,85.13,30038516.0,2602551022.0,49892096449.869995
2025-09-22,302132,84.16,84.96,82.85,84.64,16946484.0,1430241844.0,49604922395.36
2025-09-23,302132,84.76,85.23,81.19,82.74,15823795.0,1314658362.0,48491390347.259995
2025-09-24,302132,82.08,85.01,81.52,84.44,15075279.0,1269051199.0,49487708495.56
2025-09-25,302132,83.77,86.06,83.07,85.2,15353928.0,1307590368.0,49933121314.8
2025-09-26,302132,85.43,90.17,84.93,87.52,27213022.0,2408206444.0,51292802552.479996
2025-09-29,302132,86.65,87.35,85.12,86.14,15151407.0,1309202244.0,50484026643.86
2025-09-30,302132,86.21,91.02,85.43,89.58,29190314.0,2611839869.0,52500105720.42
2025-10-09,302132,88.44,90.43,86.23,89.67,22683511.0,2013373410.0,52552851975.33
2025-10-10,302132,88.46,93.99,88.46,90.75,26823695.0,2474027472.0,53185807034.25
2025-10-13,302132,88.34,92.3,87.77,90.03,19855513.0,1812125777.0,52763836994.97
2025-10-14,302132,89.43,90.31,85.95,86.18,20816118.0,1841769148.0,50507469423.82001
2025-10-15,302132,86.18,86.18,82.97,85.56,14874109.0,1262769242.0,50144106334.44
2025-10-16,302132,90.44,93.41,88.47,89.15,30242331.0,2762461727.0,52248095835.850006
2025-10-17,302132,87.44,88.44,85.36,85.46,19779264.0,1730249660.0,50085499384.53999
2025-10-20,302132,86.45,88.82,85.84,87.16,15644105.0,1375579594.0,51081817532.84
2025-10-21,302132,86.75,87.79,85.62,86.64,14270117.0,1241898431.0,50777061393.36
2025-10-22,302132,86.25,86.25,83.97,84.04,12349685.0,1050465436.0,49253280695.96001
2025-10-23,302132,84.0,85.14,83.16,84.45,9671709.0,818910912.0,49493569190.55
2025-10-24,302132,84.8,87.1,84.78,85.47,13040232.0,1129413656.0,50091360079.53
2025-10-27,302132,85.48,86.13,84.9,85.91,11236943.0,965931225.0,50349230659.09
2025-10-28,302132,85.77,91.3,85.06,89.42,29255515.0,2614639669.0,52406334600.58
2025-10-29,302132,89.56,89.95,87.22,88.12,21795130.0,1933460529.0,51644444251.880005
2025-10-30,302132,87.57,87.6,84.47,85.36,16968208.0,1462897496.0,50026892434.64
2025-10-31,302132,85.54,85.85,84.06,84.22,12475177.0,1064941521.0,49358773205.78
2025-11-03,302132,84.22,84.22,82.48,84.18,10004612.0,838826896.0,49335330425.82001
2025-11-04,302132,83.97,84.3,82.48,82.75,7807531.0,653421941.0,48497251042.25
2025-11-05,302132,81.99,83.16,81.83,82.83,5643720.0,470279739.0,48544136602.17
2025-11-06,302132,82.92,83.99,82.5,83.75,7235263.0,608117583.0,49083320541.25
2025-11-07,302132,83.36,83.36,82.27,82.44,7945033.0,660120422.0,48315569497.56
2025-11-10,302132,82.44,82.44,81.02,81.62,7349595.0,603521385.0,47834992508.380005
2025-11-11,302132,81.49,81.76,79.61,80.06,9178279.0,744204146.0,46920724089.94
2025-11-12,302132,80.07,80.69,79.63,80.38,6245621.0,503683300.0,47108266329.619995
2025-11-13,302132,80.38,80.62,79.7,80.55,5472437.0,441697328.0,47207898144.45
2025-11-14,302132,80.29,82.34,80.13,81.6,10001685.0,821512537.0,47823271118.399994
2025-11-17,302132,83.86,85.35,82.95,83.02,18362095.0,1558937790.0,48655489806.979996
2025-11-18,302132,81.98,81.98,80.2,80.59,9984992.0,811473328.0,47231340924.41
2025-11-19,302132,80.62,83.64,80.6,82.0,12013216.0,992777479.0,48057698918.0
2025-11-20,302132,81.09,81.47,80.37,80.46,8130660.0,660281938.0,47155151889.53999
2025-11-21,302132,79.51,81.96,79.0,79.3,10581693.0,854400303.0,46475311270.7
2025-11-24,302132,79.3,83.03,79.3,82.68,15673869.0,1289819952.0,48456226177.32001
2025-11-25,302132,81.38,81.74,80.49,81.27,11505348.0,939548574.0,47629868183.729996
2025-11-26,302132,80.6,81.04,79.5,79.56,11164263.0,895697977.0,46627689340.44
2025-11-27,302132,79.57,80.09,79.3,79.53,5770987.0,462431630.0,46610107255.47
2025-11-28,302132,80.09,80.09,79.5,79.72,5323241.0,426815469.0,46721460460.28
2025-12-01,302132,79.5,79.99,79.38,79.71,5943012.0,476629862.0,46715599765.28999
2025-12-02,302132,79.64,79.93,79.3,79.5,5287521.0,423479142.0,46592525170.5
2025-12-03,302132,79.35,79.59,77.01,77.04,10536168.0,825482560.0,45150794202.96001
2025-12-04,302132,76.99,77.59,76.74,77.12,5904355.0,458993372.0,45197679762.880005
2025-12-05,302132,77.12,77.91,76.22,77.8,6402217.0,495805555.0,45596207022.2
2025-12-08,302132,77.8,78.5,77.43,77.72,6978480.0,547367056.0,45549321462.28
2025-12-09,302132,77.41,77.68,76.43,76.63,7431339.0,574505782.0,44910505708.369995
2025-12-10,302132,76.66,77.17,76.38,76.82,5234468.0,403956347.0,45021858913.17999
2025-12-11,302132,76.71,76.87,75.8,75.93,5874948.0,451440510.0,44500257059.07001
2025-12-12,302132,76.02,76.12,75.02,75.51,5906322.0,448772521.0,44254107869.490005
2025-12-15,302132,75.32,75.51,74.04,74.11,8619877.0,646981083.0,43433610570.89
2025-12-16,302132,73.83,73.85,71.75,72.87,8196016.0,598462995.0,42706884392.130005
2025-12-17,302132,76.33,80.89,76.33,77.32,23550416.0,1855547870.0,45314893662.67999
2025-12-18,302132,75.53,77.34,75.09,75.72,12374769.0,946841672.0,44377182464.28
2025-12-19,302132,76.22,77.11,75.6,76.21,7534601.0,577862665.0,44664356518.78999
2025-12-22,302132,76.22,76.51,75.42,75.77,6815547.0,521129093.0,44406485939.229996
2025-12-23,302132,75.75,75.89,74.24,74.72,7700882.0,580217114.0,43791112965.28
2025-12-24,302132,74.61,76.6,74.32,75.88,8176487.0,621221370.0,44470953584.119995
2025-12-25,302132,75.73,79.25,75.72,78.16,16835935.0,1319960434.0,45807192041.84
2025-12-26,302132,78.01,78.4,76.63,77.47,11074740.0,862937864.0,45402804087.53
2025-12-29,302132,77.95,81.76,76.93,79.43,17579260.0,1394833006.0,46551500305.57001
2025-12-30,302132,79.5,80.49,78.09,78.44,14248676.0,1135727135.0,45971291501.56
2025-12-31,302132,78.45,80.49,77.01,78.5,13193139.0,1043263993.0,46006455671.5
2026-01-05,302132,80.06,80.47,78.5,79.86,16881273.0,1354054597.0,46803510190.14
2026-01-06,302132,79.35,81.86,79.18,81.31,18821918.0,1523112980.0,47653310963.69
2026-01-07,302132,80.99,81.09,79.66,79.69,12874389.0,1038977264.0,46703878375.31
2026-01-08,302132,79.51,83.27,79.31,82.37,24387504.0,2011649348.0,48274544632.630005
2026-01-09,302132,83.41,88.97,82.68,85.51,35170988.0,3013746524.0,50114802859.490005
2026-01-12,302132,85.9,88.44,84.98,87.46,30079403.0,2615014256.0,51257638382.53999
2026-01-13,302132,85.96,86.03,81.78,82.33,25057636.0,2096043039.0,48251101852.67
2026-01-14,302132,82.48,84.52,80.89,81.75,19633350.0,1636650126.0,47911181543.25
2026-01-15,302132,81.75,84.84,81.58,82.57,18933306.0,1587816704.0,48391758532.42999
2026-01-16,302132,82.38,82.38,79.71,80.55,18200781.0,1475565694.0,47207898144.45
2026-01-19,302132,79.98,83.47,79.7,82.31,17975512.0,1480296287.0,48239380462.69
2026-01-20,302132,81.48,82.62,79.54,79.67,13221420.0,1069440006.0,46692156985.33
2026-01-21,302132,79.51,80.46,79.3,79.71,9239230.0,742337720.0,46715599765.28999
2026-01-22,302132,79.6,81.34,79.55,80.56,11066122.0,896320917.0,47213758839.44
2026-01-23,302132,80.29,80.29,79.22,80.09,11343632.0,910203634.0,46938306174.91
2026-01-26,302132,80.14,80.34,77.91,78.0,11389398.0,901705767.0,45713420922.0
2026-01-27,302132,79.4,80.69,78.03,79.94,15390734.0,1231886439.0,46850395750.06
2026-01-28,302132,79.53,81.29,79.07,79.45,13048721.0,1048578601.0,46563221695.55
2026-01-29,302132,79.0,79.4,78.02,78.19,10503824.0,830568447.0,45824774126.81
2026-01-30,302132,77.71,78.29,75.87,77.09,9407470.0,729504967.0,45180097677.91
2026-02-02,302132,77.31,77.49,75.42,75.55,7636745.0,588766963.0,44277550649.45
2026-02-03,302132,75.84,76.67,75.65,76.49,7762725.0,595098911.0,44828455978.509995
2026-02-04,302132,76.09,78.78,76.02,77.81,10706547.0,836466681.0,45602067717.19
2026-02-05,302132,77.29,78.49,76.53,76.94,6513558.0,506781203.0,45092187253.06
2026-02-06,302132,76.32,76.86,75.53,76.16,5885445.0,451551758.0,44635053043.84
2026-02-09,302132,76.8,77.28,76.4,76.86,6643246.0,514025216.0,45045301693.14
2026-02-10,302132,77.11,78.18,76.91,77.64,7597734.0,592992890.0,45502435902.36
2026-02-11,302132,77.51,77.76,77.01,77.03,5177457.0,402658020.0,45144933507.97
2026-02-12,302132,76.81,77.02,76.13,76.14,6415102.0,493541131.0,44623331653.86
2026-02-13,302132,76.48,79.99,76.48,78.96,17465789.0,1381400976.0,46276047641.03999
2026-02-24,302132,78.86,81.09,78.0,80.57,14463451.0,1163316584.0,47219619534.42999
2026-02-25,302132,79.76,80.39,78.96,79.72,10028490.0,802345895.0,46721460460.28
2026-02-26,302132,79.3,79.98,78.68,79.44,8127504.0,648434302.0,46557361000.56
2026-02-27,302132,79.21,79.8,78.38,79.06,7965984.0,633866637.0,46334654590.94
2026-03-02,302132,81.09,82.69,79.79,82.39,29705276.0,2441839378.0,48286266022.61
2026-03-03,302132,81.48,81.48,77.69,77.73,17724969.0,1413078227.0,45555182157.270004
2026-03-04,302132,76.38,79.08,75.89,78.44,11078660.0,867795452.0,45971291501.56
2026-03-05,302132,77.49,78.34,76.05,76.4,12303983.0,948076366.0,44775709723.600006
2026-03-06,302132,75.82,76.62,75.04,75.93,7895454.0,602530634.0,44500257059.07001
2026-03-09,302132,75.42,75.93,73.52,73.6,10230159.0,762385060.0,43134715126.399994
2026-03-10,302132,73.61,74.69,73.61,74.41,6371011.0,476295424.0,43609431420.59
2026-03-11,302132,74.66,74.66,73.73,73.94,6194504.0,461654110.0,43333978756.06
2026-03-12,302132,74.52,74.52,73.63,73.81,5353091.0,397867473.0,43257789721.19
2026-03-13,302132,73.79,73.8,72.37,72.42,7361551.0,541115445.0,42443153117.58
2026-03-16,302132,72.42,73.0,71.83,72.71,4885778.0,356051035.0,42613113272.28999
2026-03-17,302132,72.71,73.38,72.34,72.73,5071806.0,371669889.0,42624834662.270004
2026-03-18,302132,72.54,72.69,71.41,71.8,5594110.0,404348006.0,42079790028.2
2026-03-19,302132,71.15,71.17,69.43,69.5,7667819.0,539700545.0,40731830180.5
2026-03-20,302132,69.49,69.77,67.45,67.45,7015849.0,482688918.0,39530387707.55
2026-03-23,302132,66.24,69.43,64.4,66.29,9137847.0,613093241.0,38850547088.71001
2026-03-24,302132,67.26,67.45,65.59,66.69,6984772.0,467344957.0,39084974888.31
2026-03-25,302132,66.31,69.94,66.31,69.46,8783517.0,602675832.0,40708387400.53999
2026-03-26,302132,68.84,68.87,67.08,67.08,5874407.0,401123908.0,39313541992.92
2026-03-27,302132,66.47,68.15,66.35,67.79,4000578.0,272051636.0,39729651337.21001
2026-03-30,302132,66.78,68.06,66.66,67.34,3752710.0,254024655.0,39465920062.66
2026-03-31,302132,67.47,68.56,66.58,66.63,5244684.0,357577117.0,39049810718.369995
2026-04-01,302132,67.19,67.52,66.48,67.04,4401927.0,296195793.0,39290099212.96001
2026-04-02,302132,66.75,67.27,66.1,66.11,3329556.0,223299756.0,38745054578.89
2026-04-03,302132,66.11,66.38,65.26,65.44,3307431.0,218821660.0,38352388014.56
2026-04-07,302132,65.58,65.98,65.19,65.72,2884034.0,190236840.0,38516487474.28
2026-04-08,302132,66.47,67.66,66.41,67.61,5947066.0,402147162.0,39624158827.39
2026-04-09,302132,67.08,67.19,66.48,66.58,4363953.0,293217108.0,39020507243.42
2026-04-10,302132,66.91,68.04,66.8,67.47,5435463.0,369115245.0,39542109097.53
2026-04-13,302132,67.27,70.3,67.08,69.47,10567802.0,733045923.0,40714248095.53
2026-04-14,302132,68.93,70.22,68.44,69.66,7856883.0,547280225.0,40825601300.34
2026-04-15,302132,70.06,70.49,68.62,68.71,6693114.0,468378581.0,40268835276.28999
2026-04-16,302132,68.72,69.28,67.98,68.5,5077731.0,349445931.0,40145760681.5
2026-04-17,302132,68.46,68.75,67.64,68.5,5036307.0,345907185.0,40145760681.5
2026-04-20,302132,68.47,69.66,68.47,69.35,6685485.0,465416083.0,40643919755.649994
2026-04-21,302132,69.56,69.95,68.62,68.82,5180555.0,359889919.0,40333302921.17999
2026-04-22,302132,68.56,68.84,68.07,68.78,4513564.0,311025908.0,40309860141.22
2026-04-23,302132,68.81,69.45,68.13,68.41,5337308.0,369600585.0,40093014426.59
2026-04-24,302132,68.12,68.41,66.69,66.8,6294274.0,425044388.0,39149442533.2
2026-04-27,302132,66.78,67.6,65.47,67.58,5891752.0,395041516.0,39606576742.42
2026-04-28,302132,66.99,67.41,66.03,66.36,4944812.0,331172922.0,38891571953.64
2026-04-29,302132,66.35,67.66,66.28,66.9,6097981.0,412171625.0,39208049483.100006
2026-04-30,302132,66.74,67.21,66.48,66.67,5251078.0,352916445.0,39073253498.33
2026-05-06,302132,66.87,68.07,66.81,67.78,8706864.0,593297547.0,39723790642.22
2026-05-07,302132,68.17,68.37,67.15,67.69,6878937.0,467135746.0,39671044387.31
2026-05-08,302132,67.69,69.67,67.69,69.54,13779509.0,954170479.0,40755272960.46001
2026-05-11,302132,69.86,70.06,69.16,69.36,10092691.0,705579267.0,40649780450.64
2026-05-12,302132,69.36,75.07,68.27,73.63,24502228.0,1778254924.0,43152297211.369995
2026-05-13,302132,72.64,73.23,71.53,72.08,14350799.0,1041745257.0,42243889487.92
2026-05-14,302132,72.09,72.09,69.17,69.18,11085432.0,782808620.0,40544287940.82001
2026-05-15,302132,68.8,69.55,67.75,67.77,8130699.0,560321908.0,39717929947.229996
2026-05-18,302132,67.37,67.87,66.58,66.79,7292971.0,492017782.0,39143581838.21001
2026-05-19,302132,66.79,67.18,66.28,66.68,5540093.0,371406487.0,39079114193.32001
2026-05-20,302132,66.69,66.73,65.15,65.2,7041036.0,464259915.0,38211731334.8
2026-05-21,302132,65.24,66.25,64.59,64.59,6925349.0,456211491.0,37854228940.41
2026-05-22,302132,64.71,65.1,64.09,64.6,5343557.0,346698573.0,37860089635.399994
2026-05-25,302132,64.79,65.56,62.96,63.62,8512053.0,548574793.0,37285741526.38
2026-05-26,302132,63.35,63.64,62.19,62.81,6820594.0,430260696.0,36811025232.19
2026-05-27,302132,62.6,62.92,60.62,61.31,7162855.0,444489244.0,35931920983.69
2026-05-28,302132,61.19,61.91,61.11,61.8,4573928.0,283358918.0,36219095038.2
2026-05-29,302132,61.4,63.94,60.73,61.9,8580983.0,539955841.0,36277701988.1
2026-06-01,302132,62.89,62.89,61.74,62.14,4862739.0,303674551.0,36418358667.86
2026-06-02,302132,61.79,62.1,60.42,60.5,5784238.0,353731407.0,35457204689.5
2026-06-03,302132,60.12,60.95,59.62,60.42,6336658.0,383606888.0,35410319129.58
2026-06-04,302132,59.82,60.02,58.21,58.4,7642259.0,451739483.0,34226458741.6
2026-06-05,302132,58.5,59.07,57.92,57.94,5312053.0,312438340.0,33956866772.059998
2026-06-08,302132,57.15,58.53,56.22,56.67,6549960.0,377644940.0,33212558508.33
2026-06-09,302132,56.9,57.23,56.01,56.55,6701269.0,381825910.0,33142230168.449997
2026-06-10,302132,56.56,57.61,56.05,56.32,6082385.0,346956178.0,33007434183.68
2026-06-11,302132,55.68,57.76,55.09,57.24,9870468.0,565064940.0,33546618122.760002
2026-06-12,302132,57.64,63.9,57.63,63.41,22281812.0,1396142366.0,37162666931.59
2026-06-15,302132,61.29,61.41,60.0,60.96,14590162.0,891966315.0,35726796659.04
2026-06-16,302132,61.0,61.94,60.47,60.9,7183596.0,439176884.0,35691632489.1
2026-06-17,302132,60.5,60.7,59.42,60.2,8115300.0,487605783.0,35281383839.8
2026-06-18,302132,60.1,60.6,59.08,59.33,7014707.0,418550293.0,34771503375.67
2026-06-22,302132,58.6,60.25,57.9,60.25,8425140.0,497259907.0,35310687314.75
2026-06-23,302132,60.0,60.67,58.15,58.41,6884790.0,407411092.0,34232319436.589996
2026-06-24,302132,58.41,58.6,57.35,57.95,5868998.0,339923362.0,33962727467.050003
2026-06-25,302132,57.61,58.19,56.9,57.9,7067613.0,406490563.0,33933423992.1
2026-06-26,302132,57.77,58.53,56.5,57.08,7648474.0,440255485.0,33452847002.92
2026-06-29,302132,56.99,57.79,55.81,57.34,6692878.0,380199264.0,33605225072.660004
2026-06-30,302132,56.75,58.75,56.75,58.32,7918872.0,459236388.0,34179573181.68
2026-07-01,302132,57.64,59.3,57.64,58.5,9672686.0,565018684.0,34285065691.5
2026-07-02,302132,58.0,58.93,56.85,56.85,8849418.0,512068229.0,33318051018.15
2026-07-03,302132,57.09,59.11,57.02,58.71,10479587.0,612531533.0,34408140286.29
2026-07-06,302132,58.86,58.93,57.08,57.11,7150516.0,412941559.0,33470429087.89
2026-07-07,302132,56.86,57.9,56.51,56.69,5759073.0,328507033.0,33224279898.309998
2026-07-08,302132,56.7,56.9,55.45,55.53,5642559.0,315268596.0,32544439279.47
2026-07-09,302132,55.57,55.97,54.04,55.81,6414380.0,352162089.0,32708538739.190002
2026-07-10,302132,55.25,58.5,54.85,57.1,11252361.0,642376101.0,33464568392.9
2026-07-13,302132,56.4,56.44,54.06,54.16,8426837.0,461141793.0,31741524065.839996
2026-07-14,302132,54.15,54.28,51.76,52.52,7420223.0,391358204.0,30780370087.480003
2026-07-15,302132,52.44,53.93,52.08,53.23,5444526.0,289615011.0,31196479431.769997
2026-07-16,302132,52.95,55.2,52.8,53.37,6672554.0,361650253.0,31278529161.629997
2026-07-17,302132,53.67,54.77,52.71,52.91,7132408.0,383389148.0,31008937192.089996
2026-07-20,302132,52.93,55.25,52.93,55.23,10649261.0,579833603.0,32368618429.769997
2026-07-21,302132,54.87,55.76,54.5,55.1,8578320.0,472506591.0,32292429394.9
2026-07-22,302132,54.9,56.76,54.28,56.34,8999637.0,502474138.0,33019155573.660004
2026-07-23,302132,56.0,58.19,55.74,57.69,8608342.0,491825834.0,33810349397.309998
2026-07-24,302132,57.8,59.6,55.68,55.69,11402028.0,658600914.0,32638210399.309998
2026-07-27,302132,55.19,57.35,54.28,56.91,9113516.0,510801539.0,33353215188.089996
2026-07-28,302132,56.36,57.3,55.67,56.94,7104002.0,400265334.0,33370797273.059998
2026-07-29,302132,56.69,58.66,56.6,58.43,8605917.0,500007064.0,34244040826.57
