date,ticker,open,high,low,close,volume,amount,market_cap
2021-01-04,600030,24.3,24.34,23.69,24.08,194546207.0,5663123706.0,236337053735.99997
2021-01-05,600030,23.9,24.25,23.63,24.05,165552219.0,4797399390.0,236042613885.0
2021-01-06,600030,24.25,24.74,24.16,24.45,205744273.0,6100119937.0,239968478565.0
2021-01-07,600030,24.51,24.65,23.94,24.56,172968682.0,5094446902.0,241048091352.0
2021-01-08,600030,24.6,25.2,24.44,24.81,220741504.0,6643557631.0,243501756777.0
2021-01-11,600030,25.0,25.12,24.14,24.17,172541863.0,5148428767.0,237220373289.00003
2021-01-12,600030,23.94,26.59,23.77,26.44,516156790.0,15965170575.0,259499655348.0
2021-01-13,600030,26.32,26.39,25.42,25.55,355977649.0,11164422407.0,250764606435.0
2021-01-14,600030,25.44,25.71,24.93,24.93,210335841.0,6434610778.0,244679516181.0
2021-01-15,600030,24.77,25.5,24.76,24.91,167939781.0,5107971640.0,244483222947.0
2021-01-18,600030,24.78,25.59,24.65,25.05,169553350.0,5167176626.0,245857275585.0
2021-01-19,600030,25.03,25.94,24.79,25.13,214391455.0,6580405965.0,246642448521.0
2021-01-20,600030,25.24,26.16,25.14,25.67,216623713.0,6739778462.0,251942365839.00003
2021-01-21,600030,25.77,26.24,25.31,25.73,239859806.0,7486003626.0,252531245541.0
2021-01-22,600030,25.42,25.66,24.83,25.03,198893424.0,6066479145.0,245660982351.0
2021-01-25,600030,24.89,24.98,24.44,24.74,190174497.0,5692128786.0,242814730457.99997
2021-01-26,600030,24.53,24.73,23.69,23.75,189734986.0,5533012476.0,233098215375.0
2021-01-27,600030,23.75,23.91,23.58,23.7,100688886.0,2896690373.0,232607482290.0
2021-01-28,600030,23.52,23.84,23.3,23.52,130052690.0,3710540069.0,230840843184.0
2021-01-29,600030,23.66,23.75,23.11,23.4,122964454.0,3483745647.0,229663083780.0
2021-02-01,600030,23.52,23.55,23.26,23.36,88647664.0,2513717502.0,229270497312.0
2021-02-02,600030,23.48,23.52,23.01,23.24,143519640.0,4034528314.0,228092737907.99997
2021-02-03,600030,23.23,23.42,23.0,23.09,95817587.0,2690715494.0,226620538653.0
2021-02-04,600030,22.91,23.08,21.93,22.36,179866566.0,4893990086.0,219455835612.0
2021-02-05,600030,22.37,22.66,22.22,22.3,92497185.0,2513992576.0,218866955910.0
2021-02-08,600030,22.3,22.68,22.26,22.55,92630256.0,2523128967.0,221320621335.0
2021-02-09,600030,22.56,23.15,22.34,23.1,139532636.0,3854607120.0,226718685270.0
2021-02-10,600030,23.04,23.19,22.74,23.0,115793272.0,3223799526.0,225737219100.0
2021-02-18,600030,23.28,23.4,22.96,23.06,131078310.0,3677901070.0,226326098802.0
2021-02-19,600030,22.98,23.66,22.8,23.62,139274422.0,3911897777.0,231822309354.0
2021-02-22,600030,23.73,23.73,22.89,22.92,167624304.0,4751289722.0,224952046164.00003
2021-02-23,600030,22.95,23.15,22.71,22.78,98655537.0,2740894350.0,223577993526.0
2021-02-24,600030,22.82,23.01,22.43,22.63,95863434.0,2643981239.0,222105794271.0
2021-02-25,600030,22.76,23.33,22.54,22.89,137927539.0,3838408238.0,224657606313.0
2021-02-26,600030,22.44,22.74,22.39,22.49,109779777.0,2998556041.0,220731741632.99997
2021-03-01,600030,21.71,21.71,20.64,21.15,280313799.0,7174752280.0,207580094955.0
2021-03-02,600030,21.15,21.19,20.68,20.77,149000872.0,3772426528.0,203850523509.0
2021-03-03,600030,20.68,21.01,20.64,20.94,97033697.0,2456529414.0,205519015998.0
2021-03-04,600030,20.78,20.88,20.45,20.48,128801316.0,3213067352.0,201004271616.0
2021-03-05,600030,20.48,20.79,20.26,20.68,114981679.0,2875252557.0,202967203956.0
2021-03-08,600030,20.77,20.9,20.26,20.26,120373647.0,3001137173.0,198845046042.00003
2021-03-09,600030,20.23,20.43,19.56,19.6,130534180.0,3147410023.0,192367369320.0
2021-03-10,600030,19.79,19.85,19.52,19.55,87628625.0,2089672290.0,191876636235.0
2021-03-11,600030,19.61,19.89,19.61,19.83,79347041.0,1899214313.0,194624741510.99997
2021-03-12,600030,19.86,19.86,19.31,19.63,115645517.0,2740710972.0,192661809171.0
2021-03-15,600030,19.44,19.48,19.11,19.2,89762651.0,2095722683.0,188441504640.0
2021-03-16,600030,19.31,19.36,19.12,19.31,60211576.0,1405967220.0,189521117427.0
2021-03-17,600030,19.32,19.6,19.25,19.51,75368773.0,1774038247.0,191484049767.00003
2021-03-18,600030,19.51,19.66,19.4,19.44,68655765.0,1623037548.0,190797023448.0
2021-03-19,600030,19.32,19.8,19.17,19.79,121014211.0,2858344897.0,194232155043.0
2021-03-22,600030,19.71,20.11,19.66,19.93,105306921.0,2536783204.0,195606207681.0
2021-03-23,600030,19.89,20.06,19.56,19.86,76063192.0,1827226025.0,194919181362.0
2021-03-24,600030,19.76,20.23,19.73,19.84,93133097.0,2256002316.0,194722888128.0
2021-03-25,600030,19.73,19.93,19.7,19.73,47595215.0,1141050223.0,193643275341.0
2021-03-26,600030,19.7,19.88,19.68,19.79,53854248.0,1291467343.0,194232155043.0
2021-03-29,600030,19.77,20.26,19.69,20.02,79638946.0,1933718385.0,196489527234.0
2021-03-30,600030,19.94,20.18,19.91,20.02,53652829.0,1302583247.0,196489527234.0
2021-03-31,600030,20.02,20.02,19.72,19.72,54736785.0,1313456130.0,193545128724.0
2021-04-01,600030,19.72,19.95,19.61,19.94,58431613.0,1400948481.0,195704354298.0
2021-04-02,600030,19.97,20.1,19.85,19.92,61462331.0,1486654621.0,195508061064.00003
2021-04-06,600030,20.22,20.29,19.92,19.93,72629237.0,1766795732.0,195606207681.0
2021-04-07,600030,19.91,20.0,19.75,19.85,59422033.0,1428625210.0,194821034745.0
2021-04-08,600030,19.73,20.02,19.72,19.8,60919847.0,1467351775.0,194330301660.0
2021-04-09,600030,19.74,19.75,19.48,19.48,68648453.0,1628840396.0,191189609916.0
2021-04-12,600030,19.48,19.55,19.19,19.23,59000998.0,1386702568.0,188735944491.0
2021-04-13,600030,19.23,19.34,19.15,19.29,46245147.0,1078853329.0,189324824193.0
2021-04-14,600030,19.29,19.6,19.27,19.46,50417531.0,1190093273.0,190993316682.0
2021-04-15,600030,19.41,19.45,19.18,19.3,48101445.0,1123290223.0,189422970810.0
2021-04-16,600030,19.32,19.61,19.3,19.54,51971974.0,1226250915.0,191778489618.0
2021-04-19,600030,19.48,19.87,19.4,19.83,84798817.0,2026806627.0,194624741510.99997
2021-04-20,600030,19.72,19.93,19.59,19.62,62818308.0,1500891625.0,192563662554.0
2021-04-21,600030,19.5,19.62,19.45,19.48,40765320.0,963694035.0,191189609916.0
2021-04-22,600030,19.59,19.61,19.34,19.38,54543894.0,1286346764.0,190208143746.0
2021-04-23,600030,19.33,19.44,19.26,19.31,49375978.0,1155874943.0,189521117427.0
2021-04-26,600030,19.31,19.48,19.0,19.03,71499774.0,1667558787.0,186773012151.0
2021-04-27,600030,19.03,19.06,18.73,18.78,70618507.0,1611466439.0,184319346726.0
2021-04-28,600030,18.79,18.88,18.65,18.88,48516953.0,1102788248.0,185300812896.0
2021-04-29,600030,18.98,19.78,18.92,19.64,159256538.0,3762356956.0,192759955788.0
2021-04-30,600030,19.48,19.88,19.42,19.69,106939646.0,2550243520.0,193250688873.0
2021-05-06,600030,19.91,20.13,19.67,19.81,98138630.0,2364329450.0,194428448277.0
2021-05-07,600030,19.74,19.86,19.25,19.35,83755798.0,1982046012.0,189913703895.0
2021-05-10,600030,19.42,19.75,19.35,19.62,66267619.0,1567994299.0,192563662554.0
2021-05-11,600030,19.42,19.88,19.21,19.7,68055603.0,1610726663.0,193348835490.0
2021-05-12,600030,19.6,19.8,19.52,19.76,57021920.0,1360121546.0,193937715192.00003
2021-05-13,600030,19.59,19.77,19.44,19.5,55686038.0,1321510279.0,191385903150.0
2021-05-14,600030,19.67,21.2,19.64,21.0,332616383.0,8260003590.0,206107895700.0
2021-05-17,600030,20.63,20.68,20.29,20.54,212858427.0,5282182312.0,201593151318.0
2021-05-18,600030,20.4,20.8,20.31,20.44,92557501.0,2301327778.0,200611685148.0
2021-05-19,600030,20.4,20.7,20.36,20.45,80658372.0,2003739445.0,200709831765.0
2021-05-20,600030,20.44,20.86,20.39,20.68,110911508.0,2771628425.0,202967203956.0
2021-05-21,600030,20.7,20.76,20.3,20.31,82748062.0,2049817658.0,199335779127.0
2021-05-24,600030,20.46,21.02,20.44,20.82,140013126.0,3529483788.0,204341256594.0
2021-05-25,600030,20.82,21.91,20.75,21.65,291182720.0,7609292958.0,212487425805.0
2021-05-26,600030,21.69,21.92,21.32,21.36,194085708.0,5075432827.0,209641173912.0
2021-05-27,600030,21.35,21.63,21.24,21.39,111909739.0,2898121527.0,209935613763.0
2021-05-28,600030,21.39,21.87,21.23,21.61,139290043.0,3632519021.0,212094839337.0
2021-05-31,600030,21.61,21.61,21.32,21.55,92405431.0,2401854963.0,211505959635.0
2021-06-01,600030,21.45,21.45,20.99,21.27,104695173.0,2688762186.0,208757854359.0
2021-06-02,600030,21.27,21.39,20.75,20.8,97646648.0,2484072248.0,204144963360.0
2021-06-03,600030,20.9,21.17,20.76,20.78,78228892.0,1985269578.0,203948670126.0
2021-06-04,600030,20.68,21.83,20.63,21.08,136771857.0,3497660080.0,206893068635.99997
2021-06-07,600030,21.27,21.96,21.11,21.51,136612391.0,3569513962.0,211113373167.00003
2021-06-08,600030,21.39,21.82,21.3,21.39,109286352.0,2852858224.0,209935613763.0
2021-06-09,600030,21.44,21.58,21.11,21.24,72410243.0,1869766952.0,208463414507.99997
2021-06-10,600030,21.13,21.51,21.13,21.18,81987740.0,2115225804.0,207874534806.0
2021-06-11,600030,21.15,21.25,20.48,20.59,129016416.0,3247154543.0,202083884403.0
2021-06-15,600030,20.55,20.62,20.22,20.29,79246445.0,1950889196.0,199139485893.0
2021-06-16,600030,20.24,20.46,20.22,20.35,64021985.0,1576132967.0,199728365595.0
2021-06-17,600030,20.29,20.41,20.13,20.26,59939235.0,1472184418.0,198845046042.00003
2021-06-18,600030,20.21,20.47,20.11,20.35,75679518.0,1862777564.0,199728365595.0
2021-06-21,600030,20.39,20.59,20.21,20.22,76188065.0,1879519795.0,198452459574.0
2021-06-22,600030,20.3,20.46,20.19,20.35,60920940.0,1500322603.0,199728365595.0
2021-06-23,600030,20.37,20.59,20.24,20.44,72418519.0,1790898068.0,200611685148.0
2021-06-24,600030,20.46,20.83,20.43,20.63,86781281.0,2169644850.0,202476470871.0
2021-06-25,600030,20.7,21.34,20.55,21.06,165826722.0,4221097987.0,206696775402.0
2021-06-28,600030,21.12,21.12,20.68,20.74,94077611.0,2371759538.0,203556083657.99997
2021-06-29,600030,20.75,20.84,20.44,20.47,78454857.0,1957833732.0,200906124999.0
2021-06-30,600030,20.48,20.66,20.33,20.59,74681831.0,1853722672.0,202083884403.0
2021-07-01,600030,20.84,20.92,20.23,20.36,105500229.0,2624412771.0,199826512212.0
2021-07-02,600030,20.21,20.21,19.49,19.52,122945369.0,2936774813.0,191582196384.0
2021-07-05,600030,19.52,19.64,19.22,19.42,67815947.0,1594505061.0,190600730214.00003
2021-07-06,600030,19.47,19.59,19.31,19.55,60057390.0,1414267899.0,191876636235.0
2021-07-07,600030,19.46,19.66,19.43,19.51,60338682.0,1428018731.0,191484049767.00003
2021-07-08,600030,19.64,19.69,19.39,19.48,66194556.0,1567128504.0,191189609916.0
2021-07-09,600030,19.4,19.55,19.27,19.4,62946431.0,1478749899.0,190404436980.0
2021-07-12,600030,19.66,19.88,19.5,19.72,104790330.0,2502105932.0,193545128724.0
2021-07-13,600030,19.64,19.78,19.46,19.58,61632113.0,1464278743.0,192171076085.99997
2021-07-14,600030,19.55,19.55,19.22,19.25,80289208.0,1878814834.0,188932237725.0
2021-07-15,600030,19.24,19.59,19.16,19.54,72788660.0,1711742526.0,191778489618.0
2021-07-16,600030,19.68,19.88,19.53,19.67,91080316.0,2172917760.0,193054395639.00003
2021-07-19,600030,19.55,19.67,19.31,19.64,65180561.0,1536306775.0,192759955788.0
2021-07-20,600030,19.45,19.68,19.41,19.49,45967742.0,1085840749.0,191287756532.99997
2021-07-21,600030,19.55,19.83,19.52,19.66,84450681.0,2013428701.0,192956249022.0
2021-07-22,600030,19.62,20.01,19.55,19.92,101471856.0,2441415802.0,195508061064.00003
2021-07-23,600030,19.88,20.5,19.69,20.01,140422333.0,3413292957.0,196391380617.00003
2021-07-26,600030,19.98,20.12,19.35,19.4,123681267.0,2949757785.0,190404436980.0
2021-07-27,600030,19.4,19.53,18.84,18.91,101892586.0,2368717730.0,185595252747.0
2021-07-28,600030,18.9,19.17,18.87,18.88,82213193.0,1889236200.0,185300812896.0
2021-07-29,600030,19.22,19.25,18.88,19.0,85800342.0,1979421197.0,186478572300.0
2021-07-30,600030,18.93,18.96,18.55,18.65,89686085.0,2032185292.0,183043440705.0
2021-08-02,600030,18.64,19.56,18.22,19.21,147751759.0,3392800772.0,188539651257.0
2021-08-03,600030,19.07,19.64,18.98,19.26,112313014.0,2620644794.0,189030384342.00003
2021-08-04,600030,19.25,19.31,19.08,19.2,69389557.0,1612431665.0,188441504640.0
2021-08-05,600030,19.1,19.31,18.83,18.88,77863492.0,1794024580.0,185300812896.0
2021-08-06,600030,18.98,19.17,18.9,19.05,60133417.0,1386423868.0,186969305385.0
2021-08-09,600030,18.98,19.64,18.95,19.41,112829321.0,2655103100.0,190502583597.0
2021-08-10,600030,19.33,19.68,19.19,19.62,108177014.0,2549716976.0,192563662554.0
2021-08-11,600030,19.59,19.88,19.48,19.56,101874079.0,2428059535.0,191974782852.0
2021-08-12,600030,19.61,19.85,19.5,19.59,72611386.0,1727545062.0,192269222703.0
2021-08-13,600030,19.55,19.93,19.49,19.89,110272444.0,2641504162.0,195213621213.0
2021-08-16,600030,19.91,20.22,19.74,19.82,121335413.0,2939197476.0,194526594894.0
2021-08-17,600030,19.71,20.34,19.66,19.74,183934860.0,4468568717.0,193741421957.99997
2021-08-18,600030,19.78,20.96,19.73,20.84,316218764.0,7855653035.0,204537549828.0
2021-08-19,600030,20.69,20.91,20.22,20.34,198178309.0,4914386696.0,199630218978.0
2021-08-20,600030,20.42,20.55,20.05,20.34,136330033.0,3302682015.0,199630218978.0
2021-08-23,600030,20.46,20.75,20.35,20.5,116459641.0,2848711691.0,201200564850.0
2021-08-24,600030,20.61,21.27,20.47,21.09,220882177.0,5515599058.0,206991215253.0
2021-08-25,600030,21.03,21.37,20.87,20.91,135368551.0,3396550359.0,205224576147.0
2021-08-26,600030,20.82,20.98,20.61,20.62,104462404.0,2584003710.0,202378324254.0
2021-08-27,600030,20.68,21.13,20.64,20.75,103832997.0,2578768899.0,203654230275.0
2021-08-30,600030,21.1,21.21,20.37,20.42,138613143.0,3418390264.0,200415391914.00003
2021-08-31,600030,20.35,21.92,20.3,21.55,306285509.0,7787736124.0,211505959635.0
2021-09-01,600030,21.56,23.16,21.45,22.56,437522304.0,11646798443.0,221418767952.0
2021-09-02,600030,22.49,22.82,22.28,22.73,260435655.0,7004440992.0,223087260441.0
2021-09-03,600030,23.58,23.69,22.22,22.31,282581190.0,7711825432.0,218965102527.0
2021-09-06,600030,22.33,22.98,22.33,22.5,180082562.0,4861495805.0,220829888250.0
2021-09-07,600030,22.5,22.97,22.07,22.78,209608191.0,5642029407.0,223577993526.0
2021-09-08,600030,22.65,23.18,22.54,22.57,156658662.0,4251631335.0,221516914569.0
2021-09-09,600030,22.33,22.54,22.12,22.43,119915271.0,3193017867.0,220142861931.0
2021-09-10,600030,22.49,23.48,22.49,22.88,215249192.0,5887666065.0,224559459696.0
2021-09-13,600030,22.86,23.15,22.7,22.81,121574166.0,3316633770.0,223872433377.0
2021-09-14,600030,22.86,23.0,22.08,22.22,160229628.0,4290873196.0,218081782974.0
2021-09-15,600030,22.17,22.35,21.82,22.02,108905216.0,2857648545.0,216118850634.0
2021-09-16,600030,22.05,22.09,21.24,21.38,134773468.0,3487369505.0,209837467146.0
2021-09-17,600030,21.39,21.9,21.39,21.77,107762295.0,2781670928.0,213665185209.0
2021-09-22,600030,21.4,21.79,21.23,21.55,89572723.0,2290076453.0,211505959635.0
2021-09-23,600030,21.66,22.06,21.61,21.98,104000718.0,2711282463.0,215726264166.0
2021-09-24,600030,22.03,22.19,21.82,21.85,81694657.0,2140439502.0,214450358145.0
2021-09-27,600030,21.83,22.02,21.29,21.52,95222937.0,2458101849.0,211211519784.0
2021-09-28,600030,21.48,21.86,21.4,21.7,71104682.0,1836158848.0,212978158890.0
2021-09-29,600030,21.49,21.65,21.11,21.49,94426335.0,2408742004.0,210917079932.99997
2021-09-30,600030,21.52,21.62,21.03,21.21,83429037.0,2112289889.0,208168974657.0
2021-10-08,600030,21.31,21.69,21.31,21.6,75130570.0,1928003141.0,211996692720.0
2021-10-11,600030,21.69,21.93,21.52,21.53,58934508.0,1525344367.0,211309666401.0
2021-10-12,600030,21.39,21.52,20.6,20.86,112569024.0,2814644340.0,204733843062.0
2021-10-13,600030,20.84,21.03,20.71,20.73,60036326.0,1491566055.0,203457937041.0
2021-10-14,600030,20.81,20.85,20.48,20.77,49316357.0,1215383760.0,203850523509.0
2021-10-15,600030,20.72,21.08,20.64,20.94,62077888.0,1547360032.0,205519015998.0
2021-10-18,600030,20.94,21.15,20.81,20.96,48679776.0,1214138617.0,205715309232.0
2021-10-19,600030,20.89,21.16,20.86,21.02,51162748.0,1281873537.0,206304188934.0
2021-10-20,600030,21.13,21.17,20.96,20.98,50328726.0,1261270363.0,205911602466.0
2021-10-21,600030,20.98,21.3,20.87,21.11,63257028.0,1591270026.0,207187508487.0
2021-10-22,600030,21.14,21.45,21.08,21.36,69222132.0,1754717788.0,209641173912.0
2021-10-25,600030,21.36,21.59,21.13,21.52,80874465.0,2058553023.0,211211519784.0
2021-10-26,600030,21.52,21.57,21.19,21.19,60900289.0,1550328524.0,207972681423.0
2021-10-27,600030,21.05,21.19,20.61,20.7,80214794.0,1994918674.0,203163497190.0
2021-10-28,600030,20.65,21.03,20.62,20.77,64838831.0,1610473942.0,203850523509.0
2021-10-29,600030,20.98,21.93,20.82,21.71,164183024.0,4208839254.0,213076305507.0
2021-11-01,600030,21.65,21.9,21.59,21.8,97959391.0,2540040719.0,213959625060.0
2021-11-02,600030,21.73,21.89,21.19,21.42,89883688.0,2300876823.0,210230053614.00003
2021-11-03,600030,21.39,21.53,21.19,21.3,57029540.0,1449182234.0,209052294210.0
2021-11-04,600030,21.48,21.61,21.23,21.34,63036712.0,1605802620.0,209444880678.0
2021-11-05,600030,21.23,21.54,21.17,21.28,54523818.0,1386543786.0,208856000976.0
2021-11-08,600030,21.2,21.55,20.99,21.36,56821193.0,1441756439.0,209641173912.0
2021-11-09,600030,21.42,21.5,21.19,21.46,56357529.0,1435080522.0,210622640082.0
2021-11-10,600030,21.39,21.45,20.78,20.98,105743048.0,2649688785.0,205911602466.0
2021-11-11,600030,20.89,21.76,20.89,21.6,145557939.0,3719322568.0,211996692720.0
2021-11-12,600030,21.55,21.55,21.04,21.26,108859945.0,2756837665.0,208659707742.00003
2021-11-15,600030,21.29,21.39,21.02,21.16,64213673.0,1619936939.0,207678241572.0
2021-11-16,600030,21.03,21.1,20.09,20.14,228149064.0,5565688292.0,197667286638.0
2021-11-17,600030,20.06,20.25,20.02,20.17,67813735.0,1628413109.0,197961726489.00003
2021-11-18,600030,20.14,20.27,19.88,20.2,78501160.0,1878985477.0,198256166340.0
2021-11-19,600030,20.14,20.51,20.08,20.39,79663696.0,1928681033.0,200120952063.0
2021-11-22,600030,20.37,20.57,20.34,20.38,69691326.0,1699313815.0,200022805446.0
2021-11-23,600030,20.37,20.56,20.3,20.31,64603990.0,1572556787.0,199335779127.0
2021-11-24,600030,20.3,20.41,20.18,20.3,51681849.0,1248099643.0,199237632510.0
2021-11-25,600030,20.26,20.34,20.15,20.21,45110508.0,1086929612.0,198354312957.0
2021-11-26,600030,20.16,20.2,20.06,20.07,47073822.0,1128056855.0,196980260319.0
2021-11-29,600030,19.88,19.98,19.82,19.97,63221801.0,1499468699.0,195998794149.0
2021-11-30,600030,20.09,20.13,19.9,19.94,61879933.0,1476947411.0,195704354298.0
2021-12-01,600030,19.88,20.38,19.84,20.33,84245897.0,2034164816.0,199532072360.99997
2021-12-02,600030,20.3,20.6,20.22,20.47,73973221.0,1803837004.0,200906124999.0
2021-12-03,600030,20.56,20.89,20.51,20.79,104571887.0,2584044237.0,204046816743.0
2021-12-06,600030,20.98,22.23,20.98,21.74,316417033.0,8215428684.0,213370745357.99997
2021-12-07,600030,21.98,22.23,21.82,21.94,183699377.0,4821063398.0,215333677698.0
2021-12-08,600030,22.11,22.33,21.86,22.23,141808680.0,3737147807.0,218179929591.0
2021-12-09,600030,22.15,22.85,22.11,22.55,189588187.0,5090108069.0,221320621335.0
2021-12-10,600030,22.29,22.34,22.02,22.18,121397597.0,3207991786.0,217689196506.0
2021-12-13,600030,22.65,22.88,22.37,22.38,154817858.0,4166017710.0,219652128846.0
2021-12-14,600030,22.23,22.35,21.99,22.08,91013687.0,2401177775.0,216707730335.99997
2021-12-15,600030,22.21,22.45,22.07,22.15,67840263.0,1798785313.0,217394756655.0
2021-12-16,600030,22.19,22.47,22.14,22.36,59021070.0,1569049267.0,219455835612.0
2021-12-17,600030,22.44,22.5,22.04,22.06,66580324.0,1764408204.0,216511437102.0
2021-12-20,600030,22.07,22.23,21.65,21.71,74911893.0,1952963391.0,213076305507.0
2021-12-21,600030,21.67,22.05,21.67,21.91,53078849.0,1385647973.0,215039237847.0
2021-12-22,600030,21.91,22.01,21.71,21.71,39866680.0,1035741773.0,213076305507.0
2021-12-23,600030,21.74,21.86,21.58,21.76,44802878.0,1158008777.0,213567038592.00003
2021-12-24,600030,21.75,21.98,21.55,21.55,49996091.0,1293655211.0,211505959635.0
2021-12-27,600030,21.65,21.86,21.51,21.81,45189583.0,1171037662.0,214057771677.0
2021-12-28,600030,21.9,22.05,21.68,21.86,54914212.0,1430073410.0,214548504762.0
2021-12-29,600030,21.92,21.92,21.67,21.71,48599317.0,1262206536.0,213076305507.0
2021-12-30,600030,21.69,22.33,21.69,22.12,78134617.0,2057978148.0,217100316804.0
2021-12-31,600030,22.2,22.39,22.14,22.16,67051136.0,1778955655.0,217492903272.0
2022-01-04,600030,22.16,22.31,21.87,22.18,60626175.0,1595586728.0,217689196506.0
2022-01-05,600030,22.07,22.18,21.57,21.76,98236320.0,2556421423.0,213567038592.00003
2022-01-06,600030,21.66,21.83,21.29,21.33,89895862.0,2296422305.0,209346734060.99997
2022-01-07,600030,21.43,21.8,21.39,21.58,57216655.0,1472192683.0,211800399485.99997
2022-01-10,600030,21.77,21.89,21.6,21.67,45867051.0,1188399863.0,212683719039.00003
2022-01-11,600030,21.67,22.18,21.58,21.78,65887859.0,1719747122.0,213763331826.0
2022-01-12,600030,21.73,22.01,21.56,21.96,60587666.0,1573836749.0,215529970932.0
2022-01-13,600030,22.37,22.52,22.1,22.12,114438216.0,3040495243.0,217100316804.0
2022-01-14,600030,21.4,21.65,20.98,21.0,185099533.0,4704172333.0,206107895700.0
2022-01-17,600030,20.87,21.9,20.8,21.54,161964314.0,4151338076.0,211407813018.0
2022-01-18,600030,21.5,21.84,21.43,21.56,131025343.0,3369833619.0,211604106252.0
2022-01-27,600030,22.08,22.16,21.25,21.49,224922039.0,5455226610.0,210917079932.99997
2022-01-28,600030,21.54,22.57,21.52,21.89,179878654.0,4456353055.0,214842944613.0
2022-02-07,600030,22.21,22.6,22.06,22.5,117847182.0,2962016431.0,220829888250.0
2022-02-08,600030,22.43,22.63,22.22,22.58,84622762.0,2135107603.0,221615061185.99997
2022-02-09,600030,22.54,22.62,22.27,22.52,79955449.0,2020199321.0,221026181484.0
2022-02-10,600030,22.44,22.61,22.34,22.54,62934537.0,1589715087.0,221222474718.0
2022-02-11,600030,22.51,23.29,22.47,22.86,115987512.0,2996549412.0,224363166462.0
2022-02-14,600030,22.6,22.76,22.0,22.07,99627731.0,2492266420.0,216609583719.0
2022-02-15,600030,21.9,22.03,21.63,21.97,80511183.0,1975261948.0,249726033089.65002
2022-02-16,600030,22.03,22.18,21.82,21.84,68418174.0,1688144918.0,248248364254.80005
2022-02-17,600030,21.92,21.98,21.55,21.63,62812713.0,1535516980.0,245861360752.35004
2022-02-18,600030,21.56,21.98,21.56,21.93,51114941.0,1253203058.0,249271365755.85004
2022-02-21,600030,22.07,22.11,21.62,21.82,62934157.0,1540352871.0,248021030587.90005
2022-02-22,600030,21.62,21.67,21.12,21.38,106578687.0,2555568164.0,243019689916.10004
2022-02-23,600030,21.38,21.59,21.28,21.58,76322818.0,1839487956.0,245293026585.10004
2022-02-24,600030,21.36,21.38,20.67,20.88,133845636.0,3157525864.0,237336348243.60004
2022-02-25,600030,21.0,21.14,20.71,20.75,72758608.0,1707564915.0,235858679408.75003
2022-02-28,600030,20.69,20.81,20.48,20.76,61445364.0,1425287540.0,235972346242.20004
2022-03-01,600030,20.81,20.88,20.57,20.8,76805831.0,1787849859.0,236427013576.00006
2022-03-02,600030,20.65,20.73,20.44,20.52,68857750.0,1590911543.0,233244342239.40002
2022-03-03,600030,20.57,20.67,20.48,20.65,57813871.0,1337785438.0,234722011074.25003
2022-03-04,600030,20.47,20.49,20.17,20.23,79029058.0,1802673006.0,229948004069.35004
2022-03-07,600030,20.09,20.09,19.2,19.35,141964499.0,3128219482.0,219945322725.75006
2022-03-08,600030,19.37,19.47,18.72,18.78,118329068.0,2541319587.0,213466313219.10004
2022-03-09,600030,18.87,18.94,17.8,18.47,138208606.0,2869523129.0,209942641382.15002
2022-03-10,600030,18.87,18.94,18.31,18.39,123467455.0,2583539701.0,209033306714.55005
2022-03-11,600030,18.13,18.77,17.75,18.6,154696788.0,3162146916.0,211420310217.00006
2022-03-14,600030,18.24,18.62,18.19,18.26,81273814.0,1681293879.0,207555637879.70004
2022-03-15,600030,18.11,18.38,17.34,17.45,156699377.0,3151440343.0,198348624370.25003
2022-03-16,600030,17.66,18.84,17.25,18.54,231060591.0,4703705299.0,210738309216.30002
2022-03-17,600030,18.73,18.98,18.39,18.44,162889429.0,3407112854.0,209601640881.80005
2022-03-18,600030,18.51,19.09,18.34,19.09,145058017.0,3054310032.0,216989985056.05005
2022-03-21,600030,18.76,18.79,18.39,18.52,118243508.0,2467372297.0,210510975549.40002
2022-03-22,600030,18.42,18.74,18.41,18.55,66478956.0,1386652930.0,210851976049.75003
2022-03-23,600030,18.63,18.64,18.46,18.55,54951473.0,1146055819.0,210851976049.75003
2022-03-24,600030,18.4,18.59,18.35,18.4,54081859.0,1121941210.0,209146973548.00003
2022-03-25,600030,18.35,18.54,18.09,18.13,61637117.0,1266244931.0,206077969044.85004
2022-03-28,600030,17.96,18.33,17.85,18.21,65002636.0,1323383427.0,206987303712.45004
2022-03-29,600030,18.31,18.35,17.96,18.02,53234744.0,1085804758.0,204827633876.90002
2022-03-30,600030,18.18,18.83,18.18,18.75,134041292.0,2799762310.0,213125312718.75003
2022-03-31,600030,18.59,18.71,18.51,18.6,68817480.0,1437739412.0,211420310217.00006
2022-04-01,600030,18.43,18.96,18.4,18.79,100026755.0,2105149936.0,213579980052.55002
2022-04-06,600030,18.61,18.81,18.54,18.79,66707020.0,1401218930.0,213579980052.55002
2022-04-07,600030,18.69,18.85,18.4,18.4,72482520.0,1516140868.0,209146973548.00003
2022-04-08,600030,18.48,18.79,18.31,18.76,95096452.0,1987247835.0,213238979552.20004
2022-04-11,600030,18.67,18.69,18.15,18.22,88909651.0,1832635640.0,207100970545.90002
2022-04-12,600030,18.22,19.04,18.19,18.78,115696931.0,2423728062.0,213466313219.10004
2022-04-13,600030,18.51,18.74,18.37,18.42,92859147.0,1931557542.0,209374307214.90005
2022-04-14,600030,18.6,18.87,18.53,18.66,99287343.0,2088214902.0,212102311217.70004
2022-04-15,600030,18.6,18.78,18.46,18.58,77065140.0,1611278731.0,211192976550.1
2022-04-18,600030,18.39,18.39,17.89,18.06,92584262.0,1882755877.0,205282301210.7
2022-04-19,600030,18.07,18.17,17.9,17.99,57387434.0,1163116380.0,204486633376.55002
2022-04-20,600030,17.94,18.04,17.68,17.72,71213321.0,1426214527.0,201417628873.40002
2022-04-21,600030,17.66,18.01,17.54,17.66,83654466.0,1670154355.0,200735627872.70004
2022-04-22,600030,17.51,17.82,17.47,17.69,73904089.0,1470291950.0,201076628373.05005
2022-04-25,600030,17.34,17.75,17.1,17.11,105141543.0,2057375930.0,194483952032.95
2022-04-26,600030,17.11,17.18,16.21,16.31,145888606.0,2740075636.0,185390605356.95
2022-04-27,600030,16.11,16.9,16.03,16.74,103662752.0,1930097268.0,190278279195.30002
2022-04-28,600030,16.6,16.77,16.42,16.7,78335859.0,1462246037.0,189823611861.50003
2022-04-29,600030,17.16,17.69,16.85,17.52,157135792.0,3059354435.0,199144292204.40002
2022-05-05,600030,17.33,17.5,17.24,17.25,81889220.0,1595800945.0,196075287701.25003
2022-05-06,600030,16.91,17.05,16.73,16.73,66916313.0,1265980645.0,190164612361.85004
2022-05-09,600030,16.69,16.81,16.6,16.67,42202096.0,791761664.0,189482611361.15005
2022-05-10,600030,16.47,17.07,16.45,16.92,69568652.0,1315714502.0,192324282197.40005
2022-05-11,600030,16.95,17.37,16.87,17.02,97680157.0,1883547827.0,193460950531.90002
2022-05-12,600030,16.92,17.24,16.89,16.99,53280922.0,1018389172.0,193119950031.55002
2022-05-13,600030,17.09,17.21,16.98,17.17,56155815.0,1078771324.0,195165953033.65005
2022-05-16,600030,17.29,17.33,16.9,16.97,59129590.0,1134387156.0,192892616364.65002
2022-05-17,600030,17.03,17.31,16.91,17.19,60007350.0,1154783362.0,195393286700.55005
2022-05-18,600030,17.25,17.43,17.18,17.37,77286235.0,1504432616.0,197439289702.65005
2022-05-19,600030,17.13,17.3,17.09,17.24,48800851.0,940895894.0,195961620867.80002
2022-05-20,600030,17.41,17.67,17.37,17.58,92175256.0,1816395798.0,199826293205.1
2022-05-23,600030,17.5,17.62,17.35,17.53,57712688.0,1133136155.0,199257959037.85004
2022-05-24,600030,17.51,17.57,17.11,17.12,62809226.0,1224046504.0,194597618866.40005
2022-05-25,600030,17.13,17.3,17.1,17.18,43326343.0,835603947.0,195279619867.10004
2022-05-26,600030,17.2,17.58,17.1,17.46,66040447.0,1289281158.0,198462291203.70004
2022-05-27,600030,17.51,17.62,17.35,17.45,55147402.0,1084452030.0,198348624370.25003
2022-05-30,600030,17.51,17.58,17.31,17.35,51413910.0,1006754836.0,197211956035.75006
2022-05-31,600030,17.34,17.64,17.29,17.61,74046278.0,1456466211.0,200167293705.45
2022-06-01,600030,17.62,17.71,17.35,17.45,58577822.0,1151985191.0,198348624370.25003
2022-06-02,600030,17.34,17.59,17.21,17.51,73083518.0,1431501513.0,199030625370.95004
2022-06-06,600030,17.44,17.86,17.34,17.76,106521297.0,2114788181.0,201872296207.20004
2022-06-07,600030,17.74,18.17,17.69,17.9,121889407.0,2462366349.0,203463631875.50003
2022-06-08,600030,17.96,18.21,17.84,18.12,112341851.0,2274137709.0,205964302211.40005
2022-06-09,600030,18.13,18.47,17.93,18.0,112643288.0,2302461290.0,204600300210.00003
2022-06-10,600030,17.89,18.63,17.83,18.5,137841552.0,2821335822.0,210283641882.50003
2022-06-13,600030,18.23,18.31,17.9,18.04,119970788.0,2439449279.0,205054967543.80002
2022-06-14,600030,17.8,18.82,17.45,18.79,204170769.0,4153409395.0,213579980052.55002
2022-06-15,600030,18.87,20.25,18.86,19.46,387078232.0,8513421375.0,221195657893.70004
2022-06-16,600030,19.39,19.39,18.51,18.53,245636172.0,5205614911.0,210624642382.85004
2022-06-17,600030,18.33,18.91,18.2,18.53,147740014.0,3071579908.0,210624642382.85004
2022-06-20,600030,18.5,18.75,18.31,18.44,112338363.0,2328711843.0,209601640881.80005
2022-06-21,600030,18.39,18.86,18.38,18.7,130347041.0,2721466192.0,212556978551.50003
2022-06-22,600030,18.73,18.9,18.4,18.47,108703754.0,2273574971.0,209942641382.15002
2022-06-23,600030,18.45,19.85,18.44,19.37,218982535.0,4717812248.0,220172656392.65005
2022-06-24,600030,19.44,19.56,19.12,19.25,135348461.0,2930563834.0,218808654391.25003
2022-06-27,600030,19.36,19.6,19.22,19.4,114777407.0,2504562260.0,220513656893.00003
2022-06-28,600030,19.36,19.57,18.96,19.36,130724162.0,2817082078.0,220058989559.20004
2022-06-29,600030,19.2,19.44,19.02,19.05,102487381.0,2212563602.0,216535317722.25003
2022-06-30,600030,19.08,19.53,19.08,19.28,105079372.0,2282859792.0,219149654891.60004
2022-07-01,600030,19.31,19.35,18.91,18.99,76240524.0,1637094316.0,215853316721.55002
2022-07-04,600030,18.99,19.11,18.6,19.08,97443865.0,2063687975.0,216876318222.6
2022-07-05,600030,19.09,19.27,18.61,18.83,97833758.0,2072638883.0,214034647386.35
2022-07-06,600030,18.73,18.88,18.55,18.62,78223168.0,1640435211.0,211647643883.90005
2022-07-07,600030,18.63,18.75,18.55,18.59,56550116.0,1183417275.0,211306643383.55005
2022-07-08,600030,18.65,18.71,18.36,18.39,70928516.0,1476542956.0,209033306714.55005
2022-07-11,600030,18.26,18.31,17.93,17.98,101975391.0,2072625943.0,204372966543.10004
2022-07-12,600030,18.02,18.18,17.91,17.99,72840383.0,1475160291.0,204486633376.55002
2022-07-13,600030,17.99,18.15,17.93,17.99,54402374.0,1102259333.0,204486633376.55002
2022-07-14,600030,17.96,17.99,17.8,17.82,56537824.0,1136079835.0,202554297207.90002
2022-07-15,600030,17.8,17.94,17.42,17.42,84482229.0,1680384788.0,198007623869.90005
2022-07-18,600030,17.49,17.77,17.49,17.68,62230230.0,1234444120.0,200962961539.60004
2022-07-19,600030,17.68,17.87,17.53,17.76,56733751.0,1127763566.0,201872296207.20004
2022-07-20,600030,17.82,17.88,17.74,17.78,47160729.0,943903049.0,202099629874.10004
2022-07-21,600030,17.74,17.79,17.58,17.59,42683240.0,848576662.0,199939960038.55002
2022-07-22,600030,17.66,17.84,17.56,17.69,47138943.0,937888911.0,201076628373.05005
2022-07-25,600030,17.68,17.69,17.45,17.5,46347869.0,912775390.0,198916958537.50003
2022-07-26,600030,17.53,17.72,17.51,17.65,34384560.0,680693832.0,200621961039.25003
2022-07-27,600030,17.58,17.69,17.56,17.63,32673454.0,647004596.0,200394627372.35004
2022-07-28,600030,17.72,17.91,17.66,17.68,59537617.0,1189440910.0,200962961539.60004
2022-07-29,600030,17.69,17.87,17.43,17.44,58242166.0,1152065653.0,198234957536.80005
2022-08-01,600030,17.4,17.41,17.12,17.21,56155971.0,1086370171.0,195620620367.45004
2022-08-02,600030,17.0,17.0,16.55,16.73,95612427.0,1800256410.0,190164612361.85004
2022-08-03,600030,16.73,16.9,16.64,16.69,56153809.0,1057628963.0,189709945028.05005
2022-08-04,600030,16.74,16.94,16.72,16.77,61983348.0,1170035869.0,190619279695.65002
2022-08-05,600030,16.79,17.2,16.76,17.18,70252170.0,1340690461.0,195279619867.10004
2022-08-08,600030,17.1,17.34,17.08,17.29,47086263.0,911638245.0,196529955035.05002
2022-08-09,600030,17.26,17.48,17.21,17.25,50554449.0,984708370.0,196075287701.25003
2022-08-10,600030,17.27,17.52,17.16,17.34,48722345.0,950413303.0,197098289202.30002
2022-08-11,600030,17.45,18.02,17.36,17.95,139731113.0,2794285676.0,204031966042.75003
2022-08-12,600030,17.8,17.94,17.74,17.85,74175036.0,1486937917.0,202895297708.25006
2022-08-15,600030,17.76,17.97,17.7,17.75,50225495.0,1005543300.0,201758629373.75003
2022-08-16,600030,17.8,17.9,17.72,17.74,37111055.0,742068576.0,201644962540.30002
2022-08-17,600030,17.79,18.05,17.63,17.98,77617825.0,1562602114.0,204372966543.10004
2022-08-18,600030,17.89,17.98,17.77,17.82,37190218.0,746336598.0,202554297207.90002
2022-08-19,600030,17.83,17.96,17.76,17.78,37306157.0,748570008.0,202099629874.10004
2022-08-22,600030,17.73,17.91,17.71,17.75,36270255.0,725333782.0,201758629373.75003
2022-08-23,600030,17.75,17.96,17.63,17.71,51528235.0,1028794272.0,201303962039.95004
2022-08-24,600030,17.7,17.93,17.35,17.39,76814972.0,1523222370.0,197666623369.55005
2022-08-25,600030,17.41,18.05,17.36,17.91,96157089.0,1913109809.0,203577298708.95004
2022-08-26,600030,18.01,18.03,17.69,17.74,64858949.0,1264575447.0,201644962540.30002
2022-08-29,600030,17.63,17.83,17.57,17.71,39991409.0,773930982.0,201303962039.95004
2022-08-30,600030,17.7,17.83,17.37,17.6,60910384.0,1169277160.0,200053626872.00006
2022-08-31,600030,17.51,18.07,17.48,17.85,88923112.0,1730202291.0,202895297708.25006
2022-09-01,600030,17.72,17.83,17.53,17.65,53011085.0,1025710175.0,200621961039.25003
2022-09-02,600030,17.65,17.81,17.47,17.59,44617925.0,859353525.0,199939960038.55002
2022-09-05,600030,17.52,17.69,17.45,17.62,43061279.0,825521886.0,200280960538.90005
2022-09-06,600030,17.65,17.83,17.63,17.81,59981828.0,1163733943.0,202440630374.45
2022-09-07,600030,17.74,17.79,17.65,17.71,31908676.0,617375997.0,201303962039.95004
2022-09-08,600030,17.74,17.87,17.66,17.66,37476782.0,727404073.0,200735627872.70004
2022-09-09,600030,17.69,18.22,17.67,18.09,100742074.0,1984218133.0,205623301711.05002
2022-09-13,600030,18.16,18.29,18.03,18.13,62230131.0,1237405554.0,206077969044.85004
2022-09-14,600030,17.92,18.05,17.87,17.91,52353243.0,1027554616.0,203577298708.95004
2022-09-15,600030,17.92,18.11,17.75,17.86,61597212.0,1208139228.0,203008964541.70004
2022-09-16,600030,17.73,17.8,16.79,16.84,191865438.0,3568153682.0,191414947529.80002
2022-09-19,600030,16.78,16.97,16.74,16.84,65878315.0,1214639439.0,191414947529.80002
2022-09-20,600030,16.88,16.98,16.75,16.84,44783614.0,826409453.0,191414947529.80002
2022-09-21,600030,16.74,16.96,16.68,16.85,48107051.0,883134038.0,191528614363.25006
2022-09-22,600030,16.72,16.9,16.7,16.82,32702348.0,600874336.0,191187613862.90002
2022-09-23,600030,16.8,16.92,16.69,16.79,37678620.0,693021349.0,190846613362.55002
2022-09-26,600030,16.68,16.74,16.46,16.48,47775469.0,867140318.0,187322941525.60004
2022-09-27,600030,16.55,16.62,16.3,16.52,59660975.0,1072756775.0,187777608859.40002
2022-09-28,600030,16.42,16.46,16.14,16.2,54425384.0,970287343.0,184140270189.00003
2022-09-29,600030,16.32,16.34,15.84,15.91,56827620.0,998002671.0,180843932018.95004
2022-09-30,600030,15.9,16.07,15.87,15.93,41239914.0,720565494.0,181071265685.85004
2022-10-10,600030,15.8,16.1,15.77,15.85,44461082.0,775291356.0,180161931018.25003
2022-10-11,600030,15.92,16.14,15.79,15.9,39316492.0,685117715.0,180730265185.50003
2022-10-12,600030,15.9,16.3,15.82,16.27,56254789.0,988898508.0,184935938023.15002
2022-10-13,600030,16.2,16.25,16.09,16.19,41440444.0,732435144.0,184026603355.55005
2022-10-14,600030,16.34,16.64,16.3,16.52,62160623.0,1122144653.0,187777608859.40002
2022-10-17,600030,16.46,16.69,16.42,16.62,39546042.0,718127458.0,188914277193.90005
2022-10-18,600030,16.66,16.73,16.55,16.62,37594828.0,683828853.0,188914277193.90005
2022-10-19,600030,16.61,16.71,16.52,16.55,43564045.0,789800042.0,188118609359.75003
2022-10-20,600030,16.51,16.79,16.48,16.55,46229114.0,839249616.0,188118609359.75003
2022-10-21,600030,16.82,16.92,16.59,16.64,70202020.0,1286407733.0,189141610860.80005
2022-10-24,600030,16.75,16.96,16.15,16.24,85251766.0,1538595727.0,184594937522.80002
2022-10-25,600030,16.28,16.43,15.97,16.03,73666778.0,1298643943.0,182207934020.35004
2022-10-26,600030,16.0,16.31,15.96,16.03,69515314.0,1222304306.0,182207934020.35004
2022-10-27,600030,16.08,16.29,16.05,16.09,51271482.0,905111219.0,182889935021.05002
2022-10-28,600030,16.02,16.13,15.68,15.75,59471142.0,1033364039.0,179025262683.75003
2022-10-31,600030,15.72,15.95,15.58,15.74,61830415.0,1064433273.0,178911595850.30002
2022-11-01,600030,15.8,16.37,15.78,16.37,83409411.0,1472122077.0,186072606357.65005
2022-11-02,600030,16.19,16.48,16.16,16.38,65151125.0,1161990071.0,186186273191.1
2022-11-03,600030,16.32,16.35,16.14,16.21,37755465.0,670310454.0,184253937022.45004
2022-11-04,600030,16.19,16.82,16.19,16.69,86270559.0,1566133757.0,189709945028.05005
2022-11-07,600030,16.6,16.83,16.56,16.71,59813022.0,1093059799.0,189937278694.95004
2022-11-08,600030,16.73,16.82,16.57,16.72,37208130.0,678142380.0,190050945528.40002
2022-11-09,600030,16.71,16.84,16.64,16.69,33356453.0,610214925.0,189709945028.05005
2022-11-10,600030,16.61,16.96,16.57,16.85,61765177.0,1135083188.0,191528614363.25006
2022-11-11,600030,17.37,17.56,17.11,17.34,124793778.0,2365374902.0,197098289202.30002
2022-11-14,600030,17.5,17.85,17.37,17.56,134059198.0,2584313144.0,199598959538.2
2022-11-15,600030,17.48,18.37,17.48,18.11,142483317.0,2808436508.0,205850635377.95004
2022-11-16,600030,18.02,18.17,17.74,17.77,73020755.0,1428915772.0,201985963040.65002
2022-11-17,600030,17.7,17.82,17.59,17.8,51361801.0,994845908.0,202326963541.00003
2022-11-18,600030,17.79,17.83,17.48,17.51,56586483.0,1089377396.0,199030625370.95004
2022-11-21,600030,17.37,17.37,17.1,17.24,46038106.0,866142945.0,195961620867.80002
2022-11-22,600030,17.32,17.68,17.21,17.52,53508775.0,1021392562.0,199144292204.40002
2022-11-23,600030,17.49,17.76,17.45,17.58,48763730.0,939238707.0,199826293205.1
2022-11-24,600030,17.72,17.82,17.44,17.47,40616459.0,781955002.0,198575958037.15002
2022-11-25,600030,17.47,17.79,17.43,17.69,54237450.0,1048979348.0,201076628373.05005
2022-11-28,600030,17.37,17.42,17.15,17.38,53679828.0,1013846304.0,197552956536.10004
2022-11-29,600030,17.42,18.21,17.42,18.05,121273259.0,2376980932.0,205168634377.25003
2022-11-30,600030,17.97,18.37,17.94,18.12,105567645.0,2100630625.0,205964302211.40005
2022-12-01,600030,18.45,19.17,18.23,18.26,197949708.0,4043440760.0,207555637879.70004
2022-12-02,600030,18.29,18.41,18.05,18.13,58584964.0,1164943796.0,206077969044.85004
2022-12-05,600030,18.42,19.09,18.42,19.05,168080567.0,3464055945.0,216535317722.25003
2022-12-06,600030,18.87,19.44,18.87,19.11,125161813.0,2623225949.0,217217318722.95004
2022-12-07,600030,19.06,19.19,18.75,18.83,76081404.0,1572242846.0,214034647386.35
2022-12-08,600030,18.79,18.95,18.65,18.76,63247457.0,1296641378.0,213238979552.20004
2022-12-09,600030,18.79,18.98,18.53,18.87,84404958.0,1730139478.0,214489314720.15005
2022-12-12,600030,18.69,18.79,18.44,18.51,69433652.0,1410994404.0,210397308715.95004
2022-12-13,600030,18.56,18.75,18.48,18.56,59767149.0,1216271655.0,210965642883.2
2022-12-14,600030,18.61,18.93,18.44,18.78,59059350.0,1209323882.0,213466313219.10004
2022-12-15,600030,18.7,18.84,18.52,18.54,43305946.0,881017355.0,210738309216.30002
2022-12-16,600030,18.49,18.82,18.46,18.66,59449899.0,1209081446.0,212102311217.70004
2022-12-19,600030,18.71,18.84,18.16,18.25,68277182.0,1376290870.0,207441971046.25003
2022-12-20,600030,18.2,18.38,17.89,18.02,48812040.0,967149200.0,204827633876.90002
2022-12-21,600030,18.14,18.15,17.99,18.05,29533481.0,583451980.0,205168634377.25003
2022-12-22,600030,18.29,18.34,18.08,18.17,46856350.0,933124631.0,206532636378.65005
2022-12-23,600030,18.04,18.26,18.0,18.1,35493718.0,703233961.0,205736968544.50006
2022-12-26,600030,18.06,18.21,17.94,17.99,34223769.0,674190443.0,204486633376.55002
2022-12-27,600030,18.11,18.44,18.01,18.42,59665274.0,1194599236.0,209374307214.90005
2022-12-28,600030,18.34,18.43,18.25,18.33,31369783.0,628623837.0,208351305713.85
2022-12-29,600030,18.2,18.27,17.95,18.09,48367877.0,954677744.0,205623301711.05002
2022-12-30,600030,18.15,18.43,18.15,18.21,44871281.0,897017212.0,206987303712.45004
2023-01-03,600030,18.09,18.26,17.7,18.2,69294429.0,1365455659.0,206873636879.00003
2023-01-04,600030,18.23,18.47,18.2,18.43,49264467.0,989875833.0,209487974048.35004
2023-01-05,600030,18.56,18.79,18.48,18.69,78058636.0,1591291319.0,212443311718.05005
2023-01-06,600030,18.6,18.76,18.52,18.66,50333737.0,1026057457.0,212102311217.70004
2023-01-09,600030,18.79,19.11,18.75,18.88,78613352.0,1626914351.0,214602981553.60004
2023-01-10,600030,18.84,18.98,18.66,18.69,47981044.0,986290681.0,212443311718.05005
2023-01-11,600030,18.75,18.82,18.46,18.6,55266759.0,1125438269.0,211420310217.00006
2023-01-12,600030,18.65,18.72,18.49,18.71,38784306.0,789388196.0,212670645384.95004
2023-01-13,600030,18.71,18.97,18.54,18.97,82863902.0,1704679743.0,215625983054.65002
2023-01-16,600030,19.0,20.11,18.89,19.7,236624301.0,5085505441.0,223923661896.50003
2023-01-17,600030,19.54,19.82,19.48,19.78,80704744.0,1732795031.0,224832996564.10004
2023-01-18,600030,19.67,19.84,19.55,19.55,59336899.0,1274724374.0,222218659394.75003
2023-01-19,600030,19.51,19.78,19.44,19.77,67817960.0,1454364179.0,224719329730.65002
2023-01-20,600030,19.79,19.84,19.52,19.82,71077974.0,1534298760.0,225287663897.90005
2023-01-30,600030,20.35,20.38,19.62,19.76,127823154.0,2779462653.0,224605662897.20004
2023-01-31,600030,19.87,19.96,19.47,19.58,82906282.0,1786535983.0,222559659895.1
2023-02-01,600030,19.65,20.28,19.58,20.2,100556616.0,2188098234.0,229607003569.00003
2023-02-02,600030,20.55,20.57,19.57,19.6,194369152.0,4207608079.0,222786993562.00006
2023-02-03,600030,19.48,19.55,19.26,19.53,81982031.0,1739508783.0,221991325727.85004
2023-02-06,600030,19.35,19.35,19.02,19.07,78873041.0,1652494588.0,216762651389.15002
2023-02-07,600030,19.16,19.23,19.05,19.11,41628582.0,870715019.0,217217318722.95004
2023-02-08,600030,19.12,19.19,19.03,19.08,30749474.0,642319285.0,216876318222.6
2023-02-09,600030,19.06,19.36,19.02,19.36,50569213.0,1064504321.0,220058989559.20004
2023-02-10,600030,19.3,19.3,19.09,19.17,38988599.0,818068365.0,217899319723.65005
2023-02-13,600030,19.04,19.23,18.97,19.14,47059216.0,982251453.0,217558319223.30005
2023-02-14,600030,19.2,19.22,18.98,19.13,37826103.0,789200109.0,217444652389.85004
2023-02-15,600030,19.1,19.17,18.94,18.97,44150235.0,917073306.0,215625983054.65002
2023-02-16,600030,18.99,19.25,18.65,18.81,75467200.0,1570985449.0,213807313719.45
2023-02-17,600030,18.79,18.88,18.5,18.51,53464914.0,1094081583.0,210397308715.95004
2023-02-20,600030,18.72,19.3,18.66,19.24,96545541.0,2006356648.0,218694987557.80002
2023-02-21,600030,19.14,19.36,19.1,19.29,71727165.0,1509584143.0,219263321725.05002
2023-02-22,600030,19.2,19.3,18.96,19.02,69016739.0,1442714213.0,216194317221.90002
2023-02-23,600030,19.03,19.37,19.03,19.23,69463259.0,1461387798.0,218581320724.35004
2023-02-24,600030,19.25,19.29,18.83,18.83,76029528.0,1576456261.0,214034647386.35
2023-02-27,600030,18.64,18.78,18.56,18.69,37436202.0,765068167.0,212443311718.05005
2023-02-28,600030,18.75,18.9,18.61,18.88,41840610.0,858376722.0,214602981553.60004
2023-03-01,600030,18.85,19.2,18.77,19.11,57092049.0,1189825667.0,217217318722.95004
2023-03-02,600030,19.06,19.19,19.0,19.09,39571172.0,826551674.0,216989985056.05005
2023-03-03,600030,19.13,19.41,19.07,19.36,71036141.0,1496285928.0,220058989559.20004
2023-03-06,600030,19.37,19.38,18.87,18.92,87747883.0,1829806799.0,215057648887.40005
2023-03-07,600030,18.88,19.35,18.72,18.76,120109755.0,2501219156.0,213238979552.20004
2023-03-08,600030,18.65,18.7,18.52,18.62,67684041.0,1376618833.0,211647643883.90005
2023-03-09,600030,18.69,18.76,18.53,18.55,44234894.0,900495809.0,210851976049.75003
2023-03-10,600030,18.4,18.44,18.21,18.28,58713024.0,1176959572.0,207782971546.60004
2023-03-13,600030,18.29,18.45,18.24,18.41,44613133.0,895084584.0,209260640381.45004
2023-03-14,600030,18.32,18.33,18.01,18.16,56896129.0,1129415983.0,206418969545.20004
2023-03-15,600030,18.33,18.38,18.23,18.33,49521098.0,992407890.0,208351305713.85
2023-03-16,600030,18.15,18.37,18.13,18.21,47292320.0,944159544.0,206987303712.45004
2023-03-17,600030,18.33,18.75,18.33,18.44,88154824.0,1785662524.0,209601640881.80005
2023-03-20,600030,18.44,18.67,18.3,18.33,65184520.0,1316058836.0,208351305713.85
2023-03-21,600030,18.41,18.61,18.33,18.48,43853465.0,885654386.0,210056308215.60004
2023-03-22,600030,18.56,18.64,18.44,18.56,53998250.0,1094844207.0,210965642883.2
2023-03-23,600030,18.44,18.75,18.41,18.74,50900685.0,1037667741.0,213011645885.30002
2023-03-24,600030,18.71,18.83,18.63,18.76,42871624.0,878613153.0,213238979552.20004
2023-03-27,600030,18.76,18.83,18.54,18.65,51391665.0,1049583840.0,211988644384.25003
2023-03-28,600030,18.69,18.74,18.56,18.65,38034140.0,775246859.0,211988644384.25003
2023-03-29,600030,18.73,18.74,18.38,18.48,48101074.0,973412021.0,210056308215.60004
2023-03-30,600030,18.44,18.86,18.34,18.73,57689081.0,1173840730.0,212897979051.85004
2023-03-31,600030,18.66,18.83,18.63,18.73,39027074.0,799826390.0,212897979051.85004
2023-04-03,600030,18.73,19.25,18.72,19.2,128558535.0,2680201165.0,218240320224.00003
2023-04-04,600030,19.2,19.34,19.11,19.27,99253593.0,2088420959.0,219035988058.15002
2023-04-06,600030,19.25,19.28,19.03,19.1,56680174.0,1186593277.0,217103651889.50006
2023-04-07,600030,19.11,19.52,19.05,19.36,78999864.0,1667342293.0,220058989559.20004
2023-04-10,600030,19.5,19.62,19.25,19.31,84966504.0,1807635650.0,219490655391.95
2023-04-11,600030,19.43,19.85,19.42,19.51,116138994.0,2496887124.0,221763992060.95004
2023-04-12,600030,19.51,19.64,19.41,19.51,61283348.0,1306727741.0,221763992060.95004
2023-04-13,600030,19.4,19.41,19.14,19.15,64718439.0,1362170050.0,217671986056.75003
2023-04-14,600030,19.21,19.32,19.04,19.16,48102498.0,1008174941.0,217785652890.20004
2023-04-17,600030,19.16,19.92,19.12,19.92,162422806.0,3496576628.0,226424332232.40005
2023-04-18,600030,19.91,20.04,19.75,19.87,99057868.0,2156498959.0,225855998065.15005
2023-04-19,600030,19.85,19.87,19.59,19.64,65868389.0,1420881184.0,223241660895.80005
2023-04-20,600030,19.58,19.74,19.51,19.71,56848392.0,1220398232.0,224037328729.95004
2023-04-21,600030,19.68,19.7,19.02,19.03,95291729.0,2011565963.0,216307984055.35004
2023-04-24,600030,19.01,19.11,18.74,18.86,71296672.0,1474860985.0,214375647886.70004
2023-04-25,600030,18.84,19.11,18.74,18.95,74554055.0,1540111176.0,215398649387.75003
2023-04-26,600030,18.84,18.98,18.73,18.87,65194027.0,1343921020.0,214489314720.15005
2023-04-27,600030,18.84,19.3,18.77,19.23,88640057.0,1848054657.0,218581320724.35004
2023-04-28,600030,19.0,19.41,18.77,19.22,126827870.0,2658143470.0,218467653890.90002
2023-05-04,600030,19.05,19.62,18.76,19.45,107027240.0,2253852597.0,221081991060.25003
2023-05-05,600030,19.54,20.33,19.52,20.05,218306583.0,4787990388.0,227902001067.25006
2023-05-08,600030,19.94,21.01,19.8,20.75,283876218.0,6358561217.0,235858679408.75003
2023-05-09,600030,20.92,21.86,20.76,20.79,402373594.0,9384941676.0,236313346742.55002
2023-05-10,600030,20.58,20.72,19.91,20.02,210339984.0,4656419690.0,227561000566.90002
2023-05-11,600030,20.04,20.22,19.86,19.94,83092668.0,1820599631.0,226651665899.30005
2023-05-12,600030,19.9,20.01,19.6,19.66,85129080.0,1838150021.0,223468994562.70004
2023-05-15,600030,19.63,20.03,19.28,19.95,112291816.0,2414280250.0,226765332732.75003
2023-05-16,600030,19.94,20.26,19.83,19.94,80485515.0,1760859552.0,226651665899.30005
2023-05-17,600030,19.84,20.03,19.71,19.81,48331983.0,1048547411.0,225173997064.45
2023-05-18,600030,19.82,20.14,19.75,19.82,60472352.0,1316619074.0,225287663897.90005
2023-05-19,600030,19.75,19.75,19.4,19.47,76675284.0,1634752012.0,221309324727.15002
2023-05-22,600030,19.45,19.62,19.4,19.48,48494921.0,1032995598.0,221422991560.60004
2023-05-23,600030,19.46,19.5,19.07,19.07,77384570.0,1625452016.0,216762651389.15002
2023-05-24,600030,19.06,19.06,18.53,18.55,109007651.0,2233926547.0,210851976049.75003
2023-05-25,600030,18.48,18.62,18.38,18.58,66011739.0,1336241724.0,211192976550.1
2023-05-26,600030,18.58,18.74,18.44,18.63,45769269.0,930327420.0,211761310717.35004
2023-05-29,600030,18.62,18.69,18.49,18.61,50016271.0,1017562180.0,211533977050.45004
2023-05-30,600030,18.65,18.71,18.38,18.62,65588311.0,1330113854.0,211647643883.90005
2023-05-31,600030,18.56,18.56,18.24,18.33,98247798.0,1970325164.0,208351305713.85
2023-06-01,600030,18.33,18.57,18.25,18.38,75012546.0,1508997266.0,208919639881.10004
2023-06-02,600030,18.43,18.54,18.39,18.46,88261978.0,1782217067.0,209828974548.70004
2023-06-05,600030,18.47,18.49,18.27,18.29,61300447.0,1231346310.0,207896638380.05002
2023-06-06,600030,18.29,18.48,18.11,18.13,74098024.0,1482148342.0,206077969044.85004
2023-06-07,600030,18.15,18.33,18.12,18.17,47680278.0,949185852.0,206532636378.65005
2023-06-08,600030,18.18,18.55,18.05,18.47,77134635.0,1548094659.0,209942641382.15002
2023-06-09,600030,18.45,18.56,18.36,18.45,51067840.0,1030974935.0,209715307715.25003
2023-06-12,600030,18.43,18.44,18.13,18.15,89754722.0,1788103755.0,206305302711.75003
2023-06-13,600030,18.12,18.29,18.12,18.27,50998973.0,1016642731.0,207669304713.15002
2023-06-14,600030,18.29,18.53,18.27,18.29,75619125.0,1521827733.0,207896638380.05002
2023-06-15,600030,18.41,18.62,18.32,18.56,83087922.0,1679572453.0,210965642883.2
2023-06-16,600030,18.59,18.68,18.49,18.65,70242566.0,1428084238.0,211988644384.25003
2023-06-19,600030,18.64,18.64,18.37,18.43,67958305.0,1371655372.0,209487974048.35004
2023-06-20,600030,18.43,18.48,18.29,18.34,60137878.0,1207409414.0,208464972547.30002
2023-06-21,600030,18.31,18.37,18.12,18.15,51231779.0,1022579949.0,206305302711.75003
2023-06-26,600030,17.98,17.98,17.63,17.64,83398003.0,1618562464.0,200508294205.80005
2023-06-27,600030,17.65,17.89,17.65,17.82,37666567.0,731925831.0,202554297207.90002
2023-06-28,600030,17.8,17.87,17.7,17.83,38411665.0,747052105.0,202667964041.35
2023-06-29,600030,17.82,17.9,17.71,17.78,29588577.0,575913727.0,202099629874.10004
2023-06-30,600030,17.76,18.21,17.76,18.09,51832942.0,1022917693.0,205623301711.05002
2023-07-03,600030,18.11,18.65,18.09,18.51,87162947.0,1757998859.0,210397308715.95004
2023-07-04,600030,18.45,18.66,18.44,18.55,46244364.0,938334579.0,210851976049.75003
2023-07-05,600030,18.53,18.6,18.43,18.43,34373312.0,695068835.0,209487974048.35004
2023-07-06,600030,18.29,18.5,18.26,18.33,42141342.0,845509328.0,208351305713.85
2023-07-07,600030,18.26,18.51,18.22,18.41,41507406.0,834597709.0,209260640381.45004
2023-07-10,600030,18.44,18.55,18.31,18.4,33942821.0,684436063.0,209146973548.00003
2023-07-11,600030,18.47,18.56,18.43,18.51,35391125.0,716118203.0,210397308715.95004
2023-07-12,600030,18.54,18.57,18.34,18.36,31557168.0,637090767.0,208692306214.20004
2023-07-13,600030,18.46,18.78,18.45,18.72,80379278.0,1643443226.0,212784312218.40002
2023-07-14,600030,18.77,18.82,18.65,18.75,44511052.0,911724353.0,213125312718.75003
2023-07-17,600030,18.69,18.69,18.47,18.55,34943894.0,708736502.0,210851976049.75003
2023-07-18,600030,18.64,18.65,18.47,18.55,27426249.0,556363980.0,210851976049.75003
2023-07-19,600030,18.42,18.68,18.42,18.66,38718239.0,787116076.0,212102311217.70004
2023-07-20,600030,18.75,18.79,18.55,18.56,44111794.0,902068661.0,210965642883.2
2023-07-21,600030,18.56,18.81,18.54,18.62,44541499.0,909156710.0,211647643883.90005
2023-07-24,600030,18.44,18.84,18.43,18.65,39666069.0,809092394.0,211988644384.25003
2023-07-25,600030,19.48,19.89,19.19,19.73,259002492.0,5533914221.0,224264662396.85004
2023-07-26,600030,19.71,19.94,19.61,19.92,128430179.0,2778443919.0,226424332232.40005
2023-07-27,600030,19.91,20.09,19.63,19.68,91624331.0,1988769914.0,223696328229.60004
2023-07-28,600030,19.63,21.65,19.62,21.65,441337721.0,10176122551.0,246088694419.25003
2023-07-31,600030,22.22,22.74,21.86,22.04,446501705.0,10869042988.0,250521700923.80002
2023-08-01,600030,21.86,22.19,21.38,21.65,273839909.0,6526470476.0,246088694419.25003
2023-08-02,600030,21.65,22.49,21.63,21.81,223960826.0,5398448771.0,247907363754.45
2023-08-03,600030,22.37,22.72,21.75,22.34,263385730.0,6391229794.0,253931705927.30005
2023-08-04,600030,22.86,23.87,22.4,22.59,467781268.0,11765352796.0,256773376763.55005
2023-08-07,600030,22.2,22.75,21.86,22.65,191968937.0,4694751561.0,257455377764.25003
2023-08-08,600030,22.33,23.23,21.84,22.77,248817953.0,6180883719.0,258819379765.65002
2023-08-09,600030,22.53,23.04,22.43,22.78,163923647.0,4073148150.0,258933046599.10007
2023-08-10,600030,22.77,23.04,22.63,23.04,187211147.0,4681327784.0,261888384268.80005
2023-08-11,600030,22.84,22.84,21.93,22.04,280168751.0,6841019604.0,250521700923.80002
2023-08-14,600030,21.49,22.16,21.49,21.72,193848614.0,4625763875.0,246884362253.40002
2023-08-15,600030,21.7,22.07,21.61,22.05,149124726.0,3567792836.0,250635367757.25006
2023-08-16,600030,21.73,22.53,21.43,21.96,145308338.0,3500021811.0,249612366256.20004
2023-08-17,600030,21.76,22.16,21.49,21.9,133095469.0,3171207800.0,248930365255.50003
2023-08-18,600030,22.18,22.71,21.92,21.92,160076731.0,3906812258.0,249157698922.40005
2023-08-21,600030,21.65,21.73,20.93,20.98,211663789.0,4904903314.0,238473016578.10004
2023-08-22,600030,21.24,21.46,20.94,21.23,127726698.0,2960309535.0,241314687414.35004
2023-08-23,600030,21.13,21.25,20.84,20.85,75234309.0,1729103031.0,236995347743.25006
2023-08-24,600030,21.04,21.87,20.99,21.54,155638416.0,3652547198.0,244838359251.30002
2023-08-25,600030,21.47,22.08,21.32,21.88,134360545.0,3140901213.0,248703031588.60004
2023-08-28,600030,24.07,24.07,22.1,22.22,505635393.0,12580601070.0,252567703925.90002
2023-08-29,600030,21.82,22.18,21.39,21.83,251146131.0,5863110757.0,248134697421.35004
2023-08-30,600030,21.83,21.83,21.04,21.07,231633510.0,5279777694.0,239496018079.15005
2023-08-31,600030,21.07,21.22,20.71,20.73,121641395.0,2724111212.0,235631345741.85004
2023-09-01,600030,20.84,21.15,20.74,20.9,99838612.0,2237552330.0,237563681910.50003
2023-09-04,600030,21.02,21.26,20.83,21.08,99220964.0,2237230617.0,239609684912.6
2023-09-05,600030,20.98,20.98,20.77,20.9,64690750.0,1444051083.0,237563681910.50003
2023-09-06,600030,20.77,20.84,20.51,20.67,97795653.0,2165464958.0,234949344741.15005
2023-09-07,600030,20.67,20.94,20.55,20.66,85782404.0,1902128417.0,234835677907.70004
2023-09-08,600030,20.57,20.84,20.34,20.78,73570094.0,1624646995.0,236199679909.10007
2023-09-11,600030,20.83,21.27,20.65,21.11,112708154.0,2535351116.0,239950685412.95004
2023-09-12,600030,21.02,21.12,20.88,20.91,65593393.0,1472288763.0,237677348743.95004
2023-09-13,600030,20.96,20.97,20.71,20.81,55895303.0,1245310858.0,236540680409.45
2023-09-14,600030,20.8,20.9,20.69,20.82,55979679.0,1245730184.0,236654347242.90005
2023-09-15,600030,20.86,20.9,20.5,20.59,74910246.0,1655739492.0,234040010073.55005
2023-09-18,600030,20.5,20.69,20.38,20.68,59728433.0,1316765339.0,235063011574.60004
2023-09-19,600030,20.68,20.69,20.51,20.56,47937179.0,1056327476.0,233699009573.2
2023-09-20,600030,20.54,20.59,20.29,20.45,39326742.0,863974539.0,232448674405.25003
2023-09-21,600030,20.38,20.57,20.28,20.29,49302907.0,1075917809.0,230630005070.05002
2023-09-22,600030,20.26,21.15,20.24,21.11,127837680.0,2845536840.0,239950685412.95004
2023-09-25,600030,20.99,20.99,20.41,20.45,103685407.0,2283798077.0,232448674405.25003
2023-09-26,600030,20.42,20.68,20.39,20.53,57162593.0,1256759752.0,233358009072.85007
2023-09-27,600030,20.46,20.71,20.46,20.57,58367837.0,1287934747.0,233812676406.65005
2023-09-28,600030,20.61,20.69,20.22,20.23,85442572.0,1857947584.0,229948004069.35004
2023-10-09,600030,20.0,20.3,19.7,20.25,70771449.0,1518711509.0,230175337736.25003
2023-10-10,600030,20.37,20.41,19.99,20.01,40555403.0,875088891.0,227447333733.45004
2023-10-11,600030,20.15,20.24,20.03,20.09,39384579.0,848855684.0,228356668401.05005
2023-10-12,600030,20.43,20.53,20.22,20.32,57707114.0,1259034623.0,230971005570.40005
2023-10-13,600030,20.15,20.21,20.04,20.1,37522825.0,808262917.0,228470335234.50006
2023-10-16,600030,20.05,20.27,19.91,20.09,42436710.0,913187508.0,228356668401.05005
2023-10-17,600030,20.16,20.72,20.09,20.5,85770886.0,1878763551.0,233017008572.50003
2023-10-18,600030,20.37,20.58,20.32,20.41,46929087.0,1026300485.0,231994007071.45004
2023-10-19,600030,20.27,20.48,20.1,20.13,79091678.0,1716268486.0,228811335734.85004
2023-10-20,600030,20.01,20.31,19.98,20.11,65423351.0,1408421601.0,228584002067.95004
2023-10-23,600030,19.95,20.05,19.66,19.78,54602624.0,1157653821.0,224832996564.10004
2023-10-24,600030,19.89,20.34,19.84,20.19,76561297.0,1645720767.0,229493336735.55005
2023-10-25,600030,20.47,20.64,20.29,20.4,78453063.0,1716120460.0,231880340238.00003
2023-10-26,600030,20.27,20.45,20.09,20.36,53043193.0,1151839754.0,231425672904.20004
2023-10-27,600030,20.23,20.71,19.98,20.57,92986343.0,2036093789.0,233812676406.65005
2023-10-30,600030,20.41,20.43,19.92,20.17,102883741.0,2219521625.0,229266003068.65005
2023-10-31,600030,20.15,20.41,20.08,20.27,67283393.0,1459095668.0,230402671403.15002
2023-11-01,600030,20.48,20.58,20.08,20.29,58170119.0,1262852979.0,230630005070.05002
2023-11-02,600030,20.29,20.42,20.06,20.11,48260339.0,1044968156.0,228584002067.95004
2023-11-03,600030,20.11,20.45,20.0,20.41,89510265.0,1944098923.0,231994007071.45004
2023-11-06,600030,21.06,21.52,20.79,21.32,193512623.0,4386204004.0,242337688915.40005
2023-11-07,600030,21.11,21.4,21.09,21.28,96608033.0,2201868370.0,241883021581.60007
2023-11-08,600030,21.27,21.31,20.93,21.09,91889393.0,2074489489.0,239723351746.05005
2023-11-09,600030,20.98,21.11,20.83,20.97,61013594.0,1370665767.0,238359349744.65002
2023-11-10,600030,20.87,21.06,20.83,20.97,56773178.0,1273422338.0,238359349744.65002
2023-11-13,600030,20.97,20.99,20.74,20.82,53295812.0,1187792909.0,236654347242.90005
2023-11-14,600030,20.83,21.43,20.83,21.12,110552708.0,2503959004.0,240064352246.40005
2023-11-15,600030,21.38,21.4,21.03,21.11,72854276.0,1653764168.0,239950685412.95004
2023-11-16,600030,21.11,21.2,20.94,20.95,46210073.0,1041928836.0,238132016077.75003
2023-11-17,600030,20.85,21.03,20.77,21.03,48463924.0,1084784401.0,239041350745.35007
2023-11-20,600030,21.02,21.03,20.61,20.87,58828187.0,1309022862.0,237222681410.15005
2023-11-21,600030,20.98,21.33,20.88,20.96,74422236.0,1681355682.0,238245682911.20004
2023-11-22,600030,20.83,20.99,20.73,20.74,36460255.0,814714390.0,235745012575.30002
2023-11-23,600030,20.74,20.82,20.47,20.77,49874640.0,1103374760.0,236086013075.65002
2023-11-24,600030,20.72,20.77,20.57,20.59,46539972.0,1030017515.0,234040010073.55005
2023-11-27,600030,20.55,20.55,20.09,20.26,82089881.0,1776390368.0,230289004569.70004
2023-11-28,600030,20.25,20.34,20.1,20.18,46339788.0,1002729416.0,229379669902.10004
2023-11-29,600030,20.23,20.23,19.89,19.98,49881325.0,1068905926.0,227106333233.10004
2023-11-30,600030,19.98,20.08,19.87,20.03,47745435.0,1021759159.0,227674667400.35004
2023-12-01,600030,19.99,20.19,19.9,20.13,49445465.0,1061627029.0,228811335734.85004
2023-12-04,600030,20.09,20.19,19.98,19.99,37454414.0,805841197.0,227220000066.55002
2023-12-05,600030,19.93,20.06,19.7,19.73,47729212.0,1015731747.0,224264662396.85004
2023-12-06,600030,19.7,19.78,19.56,19.56,46364681.0,976104843.0,222332326228.2
2023-12-07,600030,19.52,19.73,19.44,19.64,43100353.0,904550113.0,223241660895.80005
2023-12-08,600030,19.63,19.76,19.56,19.56,46835044.0,985080412.0,222332326228.2
2023-12-11,600030,19.42,19.84,19.23,19.81,71746851.0,1499788017.0,225173997064.45
2023-12-12,600030,19.68,19.8,19.64,19.73,41815143.0,882611587.0,224264662396.85004
2023-12-13,600030,19.72,19.72,19.33,19.34,66797748.0,1391965532.0,219831655892.30005
2023-12-14,600030,19.42,19.49,19.13,19.14,54777009.0,1131395763.0,217558319223.30005
2023-12-15,600030,19.21,19.43,19.09,19.11,58935207.0,1212153705.0,217217318722.95004
2023-12-18,600030,19.05,19.23,18.98,19.09,42235914.0,863807557.0,216989985056.05005
2023-12-19,600030,19.08,19.28,19.01,19.28,48547223.0,996618096.0,219149654891.60004
2023-12-20,600030,19.25,19.26,18.81,18.83,61428051.0,1248872128.0,214034647386.35
2023-12-21,600030,18.78,19.0,18.71,18.93,53244409.0,1076501136.0,215171315720.85004
2023-12-22,600030,18.86,19.04,18.7,18.94,53062026.0,1073349240.0,215284982554.30005
2023-12-25,600030,18.85,18.96,18.67,18.69,49795694.0,1000339778.0,212443311718.05005
2023-12-26,600030,18.68,18.72,18.43,18.54,40262336.0,799476197.0,210738309216.30002
2023-12-27,600030,18.52,18.75,18.32,18.58,63184178.0,1253913602.0,211192976550.1
2023-12-28,600030,18.52,19.1,18.5,19.02,87207998.0,1761385734.0,216194317221.90002
2023-12-29,600030,18.99,19.18,18.94,19.02,64438237.0,1314516775.0,216194317221.90002
2024-01-02,600030,19.03,19.05,18.73,18.74,58776514.0,1183083968.0,213011645885.30002
2024-01-03,600030,18.68,18.91,18.66,18.85,54751355.0,1101533870.0,214261981053.25006
2024-01-04,600030,18.79,18.83,18.53,18.68,50391805.0,1006917540.0,212329644884.60004
2024-01-05,600030,18.63,18.85,18.36,18.48,69614777.0,1387740195.0,210056308215.60004
2024-01-08,600030,18.42,18.55,18.12,18.14,62567092.0,1222235532.0,206191635878.30005
2024-01-09,600030,18.14,18.27,18.05,18.17,45845833.0,892306220.0,206532636378.65005
2024-01-10,600030,18.16,18.33,17.99,18.17,52596063.0,1024533120.0,206532636378.65005
2024-01-11,600030,18.19,18.36,18.06,18.3,44793313.0,874928732.0,208010305213.50003
2024-01-12,600030,18.21,18.43,18.16,18.23,39747110.0,778895688.0,207214637379.35004
2024-01-15,600030,18.08,18.39,18.05,18.19,33855797.0,659832780.0,206759970045.55005
2024-01-16,600030,18.16,18.32,17.95,18.29,58008393.0,1127694935.0,207896638380.05002
2024-01-17,600030,18.21,18.24,17.95,17.95,56149064.0,1088333238.0,204031966042.75003
2024-01-18,600030,17.81,18.25,17.54,18.2,112136644.0,2140221938.0,206873636879.00003
2024-01-19,600030,18.02,18.29,17.98,18.18,69114136.0,1343840467.0,206646303212.10004
2024-01-22,600030,18.12,18.28,17.67,17.87,98447057.0,1907709426.0,203122631375.15005
2024-01-23,600030,17.79,18.63,17.69,18.47,115286960.0,2254756633.0,209942641382.15002
2024-01-24,600030,18.57,19.26,18.31,19.16,145399272.0,2920645095.0,217785652890.20004
2024-01-25,600030,19.0,19.33,18.8,19.2,154279390.0,3154344626.0,218240320224.00003
2024-01-26,600030,19.05,19.69,18.97,19.45,148255677.0,3064826716.0,221081991060.25003
2024-01-29,600030,19.35,19.51,19.17,19.22,89354435.0,1849438738.0,218467653890.90002
2024-01-30,600030,19.1,19.42,18.94,19.09,90056671.0,1848202280.0,216989985056.05005
2024-01-31,600030,19.0,19.35,18.91,19.14,79319770.0,1627214289.0,217558319223.30005
2024-02-01,600030,18.96,19.41,18.94,19.09,76505057.0,1572022998.0,216989985056.05005
2024-02-02,600030,19.09,19.16,18.37,18.85,102218152.0,2061606711.0,214261981053.25006
2024-02-05,600030,18.75,19.16,18.45,18.85,99699061.0,2008152346.0,214261981053.25006
2024-02-06,600030,18.83,19.82,18.68,19.74,121024553.0,2509414266.0,224378329230.30002
2024-02-07,600030,19.63,19.87,19.52,19.78,112172568.0,2367112733.0,224832996564.10004
2024-02-08,600030,19.89,20.11,19.69,19.84,100939581.0,2149633923.0,225514997564.80005
2024-02-19,600030,19.72,19.72,19.19,19.47,95223930.0,1979888090.0,221309324727.15002
2024-02-20,600030,19.36,19.77,19.31,19.6,88862866.0,1858586985.0,222786993562.00006
2024-02-21,600030,19.52,20.27,19.43,19.97,128712979.0,2749494326.0,226992666399.65002
2024-02-22,600030,19.86,20.36,19.83,20.29,109404058.0,2365138039.0,230630005070.05002
2024-02-23,600030,20.3,20.34,20.04,20.1,77753585.0,1679100350.0,228470335234.50006
2024-02-26,600030,20.12,20.2,19.9,19.93,64641353.0,1386960298.0,226537999065.85004
2024-02-27,600030,19.91,20.05,19.83,20.04,81028401.0,1728538412.0,227788334233.80002
2024-02-28,600030,20.1,20.3,19.61,19.61,117292456.0,2512179783.0,222900660395.45004
2024-02-29,600030,19.61,19.94,19.56,19.89,96392297.0,2037055653.0,226083331732.05005
2024-03-01,600030,19.89,20.02,19.7,19.91,72393608.0,1537955150.0,226310665398.95004
2024-03-04,600030,19.92,19.95,19.67,19.76,59070856.0,1250669911.0,224605662897.20004
2024-03-05,600030,19.64,19.84,19.63,19.78,79044486.0,1672330722.0,224832996564.10004
2024-03-06,600030,19.77,19.98,19.64,19.7,65445062.0,1385700082.0,223923661896.50003
2024-03-07,600030,19.68,19.8,19.34,19.43,89248571.0,1868871438.0,220854657393.35004
2024-03-08,600030,19.42,19.52,19.34,19.42,46543289.0,967921209.0,220740990559.90005
2024-03-11,600030,19.51,19.8,19.49,19.79,75836858.0,1598127873.0,224946663397.55002
2024-03-12,600030,19.89,20.03,19.76,19.98,82088824.0,1749861586.0,227106333233.10004
2024-03-13,600030,19.98,20.01,19.66,19.68,63546808.0,1345066748.0,223696328229.60004
2024-03-14,600030,19.62,19.76,19.34,19.42,67506033.0,1410848005.0,220740990559.90005
2024-03-15,600030,19.34,19.51,19.23,19.49,60880390.0,1262584774.0,221536658394.05002
2024-03-18,600030,19.51,20.01,19.49,19.85,102678963.0,2177023126.0,225628664398.25006
2024-03-19,600030,19.82,19.82,19.43,19.45,72465689.0,1522354516.0,221081991060.25003
2024-03-20,600030,19.4,19.58,19.37,19.46,47950221.0,999311219.0,221195657893.70004
2024-03-21,600030,19.49,19.77,19.42,19.45,68056123.0,1423455162.0,221081991060.25003
2024-03-22,600030,19.45,19.49,19.09,19.14,76624905.0,1576797500.0,217558319223.30005
2024-03-25,600030,18.49,18.6,18.21,18.21,179974202.0,3533742867.0,206987303712.45004
2024-03-26,600030,18.13,18.32,18.13,18.3,76399835.0,1490546285.0,208010305213.50003
2024-03-27,600030,18.23,18.25,18.04,18.07,68782249.0,1335178798.0,205395968044.15002
2024-03-28,600030,18.02,18.24,17.96,18.03,103701495.0,2007001601.0,204941300710.35004
2024-03-29,600030,18.01,18.01,17.84,17.93,86723088.0,1661488228.0,203804632375.85004
2024-04-01,600030,18.02,18.15,18.02,18.13,90708676.0,1757060951.0,206077969044.85004
2024-04-02,600030,18.14,18.18,18.01,18.03,68856339.0,1331754403.0,204941300710.35004
2024-04-03,600030,18.01,18.01,17.87,17.89,53094835.0,1018810156.0,203349965042.05005
2024-04-08,600030,17.74,17.81,17.54,17.67,72459954.0,1371551741.0,200849294706.15005
2024-04-09,600030,17.65,17.79,17.63,17.68,44879326.0,850475059.0,200962961539.60004
2024-04-10,600030,17.64,17.66,17.14,17.19,97599833.0,1813346733.0,195393286700.55005
2024-04-11,600030,17.13,17.3,17.08,17.13,61275915.0,1126874595.0,194711285699.85004
2024-04-12,600030,17.14,17.2,16.72,16.75,105756734.0,1909255553.0,190391946028.75003
2024-04-15,600030,16.34,16.74,16.12,16.57,179911656.0,3165646153.0,188345943026.65002
2024-04-16,600030,16.35,16.81,16.32,16.46,124925193.0,2217573728.0,187095607858.70004
2024-04-17,600030,16.42,16.91,16.3,16.9,120547541.0,2145695272.0,192096948530.50003
2024-04-18,600030,16.82,17.3,16.79,17.01,134937611.0,2464131258.0,193347283698.45004
2024-04-19,600030,16.9,17.09,16.87,16.93,78230986.0,1420736104.0,192437949030.85004
2024-04-22,600030,16.93,17.32,16.93,17.07,77961623.0,1429239753.0,194029284699.15002
2024-04-23,600030,17.11,17.21,17.0,17.06,66568808.0,1217707087.0,193915617865.7
2024-04-24,600030,17.04,17.12,16.86,17.06,54856952.0,998853309.0,193915617865.7
2024-04-25,600030,17.04,17.11,16.91,16.98,51667856.0,940710872.0,193006283198.10004
2024-04-26,600030,17.32,18.0,17.16,17.89,225574137.0,4248412847.0,203349965042.05005
2024-04-29,600030,17.9,18.23,17.79,18.1,188665203.0,3638439646.0,205736968544.50006
2024-04-30,600030,17.98,18.08,17.7,17.75,102240996.0,1955881347.0,201758629373.75003
2024-05-06,600030,17.98,18.16,17.86,17.94,107831815.0,2079020102.0,203918299209.30005
2024-05-07,600030,17.93,17.98,17.81,17.86,65979247.0,1262187135.0,203008964541.70004
2024-05-08,600030,17.77,17.84,17.51,17.54,78310260.0,1478924663.0,199371625871.30002
2024-05-09,600030,17.58,17.76,17.58,17.66,74266702.0,1404596262.0,200735627872.70004
2024-05-10,600030,17.69,17.87,17.6,17.8,90579371.0,1720456371.0,202326963541.00003
2024-05-13,600030,17.77,17.87,17.52,17.73,81422538.0,1542516577.0,201531295706.85004
2024-05-14,600030,17.75,17.77,17.58,17.75,66901854.0,1266821447.0,201758629373.75003
2024-05-15,600030,17.8,17.83,17.5,17.51,77412096.0,1459083366.0,199030625370.95004
2024-05-16,600030,17.56,17.73,17.5,17.54,60508935.0,1139557602.0,199371625871.30002
2024-05-17,600030,17.54,17.95,17.49,17.92,101014101.0,1918998124.0,203690965542.40005
2024-05-20,600030,17.92,18.22,17.88,18.01,132560646.0,2568987458.0,204713967043.45004
2024-05-21,600030,17.96,18.08,17.88,17.97,56540133.0,1088790431.0,204259299709.65002
2024-05-22,600030,17.93,18.08,17.88,18.03,64484219.0,1243525648.0,204941300710.35004
2024-05-23,600030,17.94,18.0,17.59,17.62,86317822.0,1640457685.0,200280960538.90005
2024-05-24,600030,17.56,17.67,17.3,17.36,72645880.0,1360105854.0,197325622869.2
2024-05-27,600030,17.37,17.52,17.31,17.49,58370293.0,1087384826.0,198803291704.05002
2024-05-28,600030,17.44,17.66,17.37,17.39,47092170.0,881360400.0,197666623369.55005
2024-05-29,600030,17.33,17.56,17.33,17.42,37977769.0,709786485.0,198007623869.90005
2024-05-30,600030,17.36,17.44,17.23,17.33,47548869.0,882503726.0,196984622368.85
2024-05-31,600030,17.41,17.59,17.35,17.39,51955219.0,971574137.0,197666623369.55005
2024-06-03,600030,17.32,17.33,17.14,17.21,58595707.0,1079851030.0,195620620367.45004
2024-06-04,600030,17.21,17.38,17.21,17.33,48649749.0,901981204.0,196984622368.85
2024-06-05,600030,17.3,17.44,17.3,17.31,45134222.0,838900165.0,196757288701.95
2024-06-06,600030,17.35,17.44,17.21,17.27,59233268.0,1098537259.0,196302621368.15002
2024-06-07,600030,17.32,17.37,17.0,17.16,57164346.0,1052028679.0,195052286200.20004
2024-06-11,600030,17.07,17.26,17.07,17.13,45270974.0,832296170.0,194711285699.85004
2024-06-12,600030,17.1,17.16,17.06,17.07,41591118.0,761921767.0,194029284699.15002
2024-06-13,600030,17.09,17.15,17.0,17.05,46159590.0,842708376.0,193801951032.25003
2024-06-14,600030,17.03,17.53,17.0,17.4,121165400.0,2242525169.0,197780290203.00003
2024-06-17,600030,17.29,17.44,17.24,17.43,59644131.0,1108331617.0,198121290703.35004
2024-06-18,600030,17.42,17.64,17.37,17.47,57472966.0,1077622166.0,198575958037.15002
2024-06-19,600030,17.5,17.5,17.3,17.3,46344891.0,861542371.0,196643621868.50003
2024-06-20,600030,17.3,17.37,17.15,17.16,42317417.0,780553079.0,195052286200.20004
2024-06-21,600030,17.18,17.36,17.04,17.22,60417022.0,1111691879.0,195734287200.90002
2024-06-24,600030,17.19,17.34,17.18,17.2,51976654.0,960506542.0,195506953534.00003
2024-06-25,600030,17.21,17.24,16.81,16.92,74915915.0,1362945574.0,192324282197.40005
2024-06-26,600030,16.89,17.23,16.83,17.18,51017306.0,933106619.0,195279619867.10004
2024-06-27,600030,17.15,17.24,17.04,17.18,54151268.0,996013882.0,195279619867.10004
2024-06-28,600030,17.15,17.37,16.93,17.02,70738608.0,1300681101.0,193460950531.90002
2024-07-01,600030,16.99,17.07,16.81,17.0,46620988.0,845784492.0,193233616865.00003
2024-07-02,600030,16.95,17.17,16.93,16.99,40020689.0,730763530.0,193119950031.55002
2024-07-03,600030,16.99,17.21,16.88,17.16,43434363.0,794590716.0,195052286200.20004
2024-07-04,600030,17.14,17.23,16.84,16.85,52014443.0,946439321.0,191528614363.25006
2024-07-05,600030,16.9,16.9,16.53,16.63,78678398.0,1401453947.0,189027944027.35
2024-07-08,600030,16.53,16.6,16.3,16.34,60217254.0,1058986203.0,185731605857.30002
2024-07-09,600030,16.31,16.73,16.2,16.68,64141161.0,1131167617.0,189596278194.60004
2024-07-10,600030,16.63,17.23,16.59,16.97,91748765.0,1669558470.0,192892616364.65002
2024-07-11,600030,17.05,17.23,16.98,17.11,55823833.0,1023550001.0,194483952032.95
2024-07-12,600030,17.12,17.19,17.02,17.15,36218180.0,664064595.0,194938619366.75003
2024-07-15,600030,17.15,17.32,17.11,17.24,53440139.0,986784181.0,195961620867.80002
2024-07-16,600030,17.27,17.6,17.18,17.49,84941179.0,1588630417.0,198803291704.05002
2024-07-17,600030,17.46,17.66,17.43,17.6,83777183.0,1578637964.0,200053626872.00006
2024-07-18,600030,17.61,17.74,17.41,17.72,88410384.0,1668453861.0,201417628873.40002
2024-07-19,600030,17.71,18.15,17.67,18.11,159109624.0,3066945339.0,205850635377.95004
2024-07-22,600030,18.67,18.9,18.28,18.85,370449492.0,7364394033.0,214261981053.25006
2024-07-23,600030,18.54,18.56,17.91,17.93,257122946.0,5022003950.0,203804632375.85004
2024-07-24,600030,17.81,18.02,17.52,17.63,168789715.0,3198694067.0,200394627372.35004
2024-07-25,600030,17.59,18.06,17.55,17.76,130620674.0,2490783477.0,201872296207.20004
2024-07-26,600030,17.67,18.25,17.62,17.99,113424535.0,2186433087.0,204486633376.55002
2024-07-29,600030,17.79,17.92,17.61,17.63,95943051.0,1821926953.0,200394627372.35004
2024-07-30,600030,17.58,17.72,17.5,17.67,70006292.0,1320638610.0,200849294706.15005
2024-07-31,600030,17.67,18.79,17.63,18.49,225317640.0,4428709175.0,210169975049.05002
2024-08-01,600030,18.26,18.51,18.22,18.29,126438939.0,2483167598.0,207896638380.05002
2024-08-02,600030,18.19,18.35,17.88,17.94,97703187.0,1890702077.0,203918299209.30005
2024-08-05,600030,17.86,18.14,17.83,17.86,96617014.0,1859377630.0,203008964541.70004
2024-08-06,600030,18.04,18.09,17.68,17.85,75060005.0,1433376713.0,202895297708.25006
2024-08-07,600030,17.86,17.95,17.68,17.72,57245073.0,1088904006.0,201417628873.40002
2024-08-08,600030,17.68,17.95,17.6,17.81,64732498.0,1233211162.0,202440630374.45
2024-08-09,600030,17.87,17.93,17.63,17.64,53998402.0,1027402387.0,200508294205.80005
2024-08-12,600030,17.58,17.67,17.48,17.62,45072581.0,848463355.0,200280960538.90005
2024-08-13,600030,17.6,17.82,17.56,17.8,47472446.0,898005759.0,202326963541.00003
2024-08-14,600030,17.73,17.81,17.58,17.6,46502325.0,879791557.0,200053626872.00006
2024-08-15,600030,17.59,18.02,17.57,17.88,83514500.0,1597152698.0,203236298208.60004
2024-08-16,600030,17.84,17.94,17.74,17.84,45332130.0,865184296.0,202781630874.80002
2024-08-19,600030,17.81,17.95,17.75,17.78,43305842.0,826900172.0,202099629874.10004
2024-08-20,600030,17.8,17.82,17.62,17.68,41658617.0,788835154.0,200962961539.60004
2024-08-21,600030,17.65,17.73,17.55,17.67,37924159.0,716968058.0,200849294706.15005
2024-08-22,600030,17.74,17.83,17.41,17.49,50241548.0,944929814.0,198803291704.05002
2024-08-23,600030,17.47,17.93,17.45,17.84,68655877.0,1305618025.0,202781630874.80002
2024-08-26,600030,17.84,17.93,17.59,17.68,58841279.0,1089938097.0,200962961539.60004
2024-08-27,600030,17.62,17.73,17.49,17.68,40210254.0,739365132.0,200962961539.60004
2024-08-28,600030,17.63,17.75,17.55,17.65,33370073.0,614642147.0,200621961039.25003
2024-08-29,600030,17.72,18.15,17.68,18.0,86632408.0,1629341686.0,204600300210.00003
2024-08-30,600030,17.96,18.66,17.93,18.47,142158143.0,2735400700.0,209942641382.15002
2024-09-02,600030,18.38,18.39,18.11,18.12,65395420.0,1243771468.0,205964302211.40005
2024-09-03,600030,18.11,18.44,18.11,18.31,50871883.0,971650931.0,208123972046.95
2024-09-04,600030,18.24,18.47,18.24,18.31,46710930.0,894498620.0,205899670610.30994
2024-09-05,600030,18.24,18.37,18.17,18.3,52389478.0,999567984.0,205787218578.3
2024-09-06,600030,18.62,18.75,18.23,18.25,117612817.0,2270723933.0,205224958418.24997
2024-09-09,600030,18.0,18.39,17.96,18.18,72901485.0,1386724718.0,204437794194.17996
2024-09-10,600030,18.23,18.25,17.96,18.08,53073412.0,1001496950.0,203313273874.07996
2024-09-11,600030,18.05,18.27,18.02,18.2,46040786.0,874378090.0,221613227726.8
2024-09-12,600030,18.22,18.23,18.04,18.08,34125596.0,645613092.0,220152041609.91998
2024-09-13,600030,18.11,18.27,18.04,18.12,46149992.0,876310760.0,220639103648.88
2024-09-18,600030,18.0,18.21,17.98,18.14,37932607.0,716767636.0,220882634668.36002
2024-09-19,600030,18.26,18.68,18.15,18.52,98938852.0,1906649056.0,225509724038.47998
2024-09-20,600030,18.48,18.54,18.32,18.47,62919701.0,1211200793.0,224900896489.78
2024-09-23,600030,18.5,18.65,18.36,18.49,53651089.0,1037305241.0,225144427509.25998
2024-09-24,600030,18.88,19.95,18.58,19.94,286916339.0,5812378580.0,242800426421.56003
2024-09-25,600030,20.39,20.86,20.16,20.26,300731823.0,6440028901.0,246696922733.24002
2024-09-26,600030,20.12,21.54,20.12,21.53,309320312.0,6741430788.0,262161142470.22
2024-09-27,600030,22.41,23.68,21.74,23.68,279934718.0,6591736856.0,288340727064.32
2024-09-30,600030,26.05,26.05,25.32,26.05,394917453.0,10719669520.0,317199152872.7
2024-10-08,600030,28.65,28.65,28.65,28.65,147521340.0,4413838493.0,348858185405.1
2024-10-09,600030,29.69,31.5,27.55,29.07,1351455140.0,42197359701.0,353972336814.18
2024-10-10,600030,27.87,28.48,26.32,26.58,774670412.0,22003292806.0,323652724888.92
2024-10-11,600030,26.05,27.62,25.55,26.98,485999047.0,13374058536.0,328523345278.52
2024-10-14,600030,26.79,26.8,24.97,26.3,450419082.0,12170846100.0,320243290616.2
2024-10-15,600030,25.86,26.61,25.53,25.59,278100853.0,7580601663.0,311597939424.66
2024-10-16,600030,25.01,25.99,24.97,25.29,259489205.0,6871284447.0,307944974132.45996
2024-10-17,600030,25.38,25.85,25.03,25.05,206519367.0,5484875177.0,305022601898.7
2024-10-18,600030,25.01,27.56,25.0,26.73,571182902.0,15746269660.0,325479207535.02
2024-10-21,600030,26.28,26.72,26.05,26.3,363397689.0,10009390464.0,320243290616.2
2024-10-22,600030,26.32,26.73,26.16,26.5,223802073.0,6179374320.0,322678600811.0
2024-10-23,600030,26.51,27.0,26.31,26.4,279364960.0,7763427776.0,321460945713.6
2024-10-24,600030,26.24,26.54,25.96,26.13,162902254.0,4461535778.0,318173276950.62
2024-10-25,600030,26.13,26.71,26.05,26.34,166572085.0,4581169511.0,320730352655.16
2024-10-28,600030,26.35,26.44,26.18,26.33,134573195.0,3691356706.0,320608587145.42
2024-10-29,600030,26.36,26.78,26.05,26.08,186891626.0,5145710569.0,317564449401.92
2024-10-30,600030,26.1,26.6,26.02,26.3,194475316.0,5331028926.0,320243290616.2
2024-10-31,600030,26.24,27.58,26.05,26.93,409520352.0,11535642433.0,327914517729.82
2024-11-01,600030,26.93,27.41,26.66,26.77,272158167.0,7672169096.0,325966269573.98
2024-11-04,600030,26.83,27.84,26.83,27.83,274289684.0,7846310564.0,338873413606.42
2024-11-05,600030,27.99,29.68,27.48,29.18,427442377.0,12816061523.0,355311757421.32
2024-11-06,600030,29.7,31.6,29.3,29.77,545096360.0,17240261829.0,362495922495.98
2024-11-07,600030,29.21,32.74,29.21,32.74,480450523.0,15537735137.0,398660278888.76
2024-11-08,600030,34.95,34.95,33.09,33.4,745430253.0,26491205205.0,406696802531.6
2024-11-11,600030,32.13,34.09,31.7,33.4,513305843.0,17642461682.0,406696802531.6
2024-11-12,600030,33.41,33.62,31.78,32.49,414565034.0,14166082324.0,395616141145.26
2024-11-13,600030,31.6,32.07,31.1,31.53,364705539.0,12011916259.0,383926652210.22003
2024-11-14,600030,31.54,32.21,31.21,31.29,255445067.0,8452182996.0,381004279976.45996
2024-11-15,600030,31.29,31.6,29.79,29.81,302257008.0,9658174454.0,362982984534.94
2024-11-18,600030,29.74,30.08,29.09,29.37,245026383.0,7563239700.0,357625302106.38
2024-11-19,600030,29.4,30.19,29.19,29.98,219410612.0,6795769179.0,365052998200.52
2024-11-20,600030,30.01,30.8,29.7,30.4,217290426.0,6873427378.0,370167149609.6
2024-11-21,600030,30.19,30.76,30.05,30.54,190430590.0,6042276754.0,371871866745.95996
2024-11-22,600030,30.54,30.63,28.96,29.05,230577943.0,7164401757.0,353728805794.7
2024-11-25,600030,29.05,29.21,27.91,28.41,231810113.0,6880269269.0,345935813171.34
2024-11-26,600030,28.42,28.97,28.34,28.46,136519265.0,4077617099.0,346544640720.04004
2024-11-27,600030,28.43,29.01,28.24,29.0,178303390.0,5342614122.0,353119978246.0
2024-11-28,600030,29.08,29.12,28.55,28.61,128196740.0,3858994298.0,348371123366.14
2024-11-29,600030,28.62,30.53,28.49,29.45,293290911.0,9039101215.0,358599426184.3
2024-12-02,600030,29.31,30.13,29.2,29.95,193238036.0,6024240988.0,364687701671.3
2024-12-03,600030,29.95,30.13,29.4,29.77,154230920.0,4787944453.0,362495922495.98
2024-12-04,600030,29.69,29.88,29.32,29.5,117878574.0,3643248466.0,359208253733.0
2024-12-05,600030,29.4,29.93,29.35,29.59,115893331.0,3584769689.0,360304143320.66
2024-12-06,600030,29.59,30.3,29.35,29.92,205417748.0,6420319586.0,364322405142.08
2024-12-09,600030,29.83,30.05,29.45,29.8,125857170.0,3912475318.0,362861219025.2
2024-12-10,600030,31.6,31.6,30.06,30.15,306678393.0,9869463926.0,367123011866.1
2024-12-11,600030,30.1,30.38,29.84,30.01,131147987.0,4119760433.0,365418294729.74
2024-12-12,600030,29.96,30.63,29.73,30.32,169464117.0,5331870964.0,369193025531.68
2024-12-13,600030,30.01,30.02,29.09,29.13,201322645.0,6204088515.0,354702929872.62
2024-12-16,600030,29.02,29.07,28.68,28.76,126345331.0,3801767876.0,350197606012.24
2024-12-17,600030,28.74,29.35,28.64,28.95,119716603.0,3621328203.0,352511150697.3
2024-12-18,600030,29.11,29.21,28.9,29.01,69869446.0,2116480629.0,353241743755.74
2024-12-19,600030,28.73,29.1,28.62,29.05,92146787.0,2782391123.0,353728805794.7
2024-12-20,600030,29.05,29.5,28.99,29.29,97771248.0,2964895280.0,356651178028.45996
2024-12-23,600030,29.06,29.47,28.84,28.88,104588907.0,3149338369.0,351658792129.12
2024-12-24,600030,28.88,29.33,28.86,29.27,108200942.0,3264728040.0,356407647008.98
2024-12-25,600030,29.29,29.34,28.86,29.05,94086226.0,2833858815.0,353728805794.7
2024-12-26,600030,29.05,29.28,28.91,29.1,81141198.0,2447344066.0,354337633343.4
2024-12-27,600030,29.11,29.69,28.88,29.17,179264402.0,5429064622.0,355189991911.58
2024-12-30,600030,29.06,29.48,28.96,29.45,120669105.0,3662919134.0,358599426184.3
2024-12-31,600030,29.47,29.51,28.14,28.16,198081281.0,5903231591.0,342891675427.84
2025-01-02,600030,27.98,27.99,26.23,26.5,282848733.0,7898902462.0,322678600811.0
2025-01-03,600030,26.39,26.61,25.91,26.04,183954608.0,4998126763.0,317077387362.95996
2025-01-06,600030,25.87,26.17,25.6,26.12,123687710.0,3329164147.0,318051511440.88
2025-01-07,600030,26.16,26.37,25.88,26.22,97972405.0,2650426338.0,319269166538.27997
2025-01-08,600030,26.18,26.33,25.58,26.04,119233601.0,3199334778.0,317077387362.95996
2025-01-09,600030,26.0,26.18,25.87,25.96,63000753.0,1699066076.0,316103263285.04004
2025-01-10,600030,26.0,26.14,25.54,25.54,80024977.0,2145973115.0,310989111875.95996
2025-01-13,600030,25.25,25.67,25.25,25.59,66066389.0,1745282889.0,311597939424.66
2025-01-14,600030,25.7,26.8,25.63,26.74,166624923.0,4556431362.0,325600973044.76
2025-01-15,600030,26.54,26.7,26.33,26.42,88863984.0,2439628711.0,321704476733.08
2025-01-16,600030,26.59,26.83,26.08,26.31,88458384.0,2422135499.0,320365056125.94
2025-01-17,600030,26.17,26.63,26.17,26.36,67056250.0,1835393759.0,320973883674.64
2025-01-20,600030,26.59,26.88,26.37,26.45,90952804.0,2509191200.0,322069773262.3
2025-01-21,600030,26.64,26.68,26.31,26.47,72906952.0,2001896776.0,322313304281.77997
2025-01-22,600030,26.4,26.48,26.16,26.29,70067082.0,1906375662.0,320121525106.45996
2025-01-23,600030,26.86,27.51,26.48,26.5,162452767.0,4530428409.0,322678600811.0
2025-01-24,600030,26.48,26.78,26.39,26.59,96903722.0,2672866999.0,323774490398.66
2025-01-27,600030,26.67,26.69,25.99,26.0,88625976.0,2413270221.0,316590325324.0
2025-02-05,600030,26.32,26.32,25.91,26.02,78652890.0,2123929188.0,316833856343.48
2025-02-06,600030,25.97,26.51,25.91,26.42,104484162.0,2841760897.0,321704476733.08
2025-02-07,600030,26.4,27.68,26.29,27.16,215736565.0,6040036146.0,330715124453.84
2025-02-10,600030,27.18,27.32,26.99,27.17,108905279.0,3061349664.0,330836889963.58
2025-02-11,600030,27.14,27.15,26.87,27.0,89039231.0,2488585227.0,328766876298.0
2025-02-12,600030,27.0,27.37,26.75,27.29,115983826.0,3249412218.0,332298076080.45996
2025-02-13,600030,27.29,27.58,27.03,27.15,147661669.0,4172564748.0,330593358944.1
2025-02-14,600030,27.03,27.39,26.99,27.26,98633225.0,2779540098.0,331932779551.24
2025-02-17,600030,27.51,27.64,27.13,27.31,120864874.0,3429274427.0,332541607099.94
2025-02-18,600030,27.21,27.25,26.51,26.59,111498104.0,3107292513.0,323774490398.66
2025-02-19,600030,26.59,27.18,26.55,27.02,100071844.0,2792111250.0,329010407317.48
2025-02-20,600030,26.96,27.09,26.76,26.92,71257049.0,1988990232.0,327792752220.08
2025-02-21,600030,26.92,27.62,26.75,27.47,184740434.0,5232423977.0,334489855255.77997
2025-02-24,600030,27.47,27.69,27.14,27.37,119793301.0,3405197278.0,333272200158.38
2025-02-25,600030,27.13,27.24,26.76,26.87,103860361.0,2906055926.0,327183924671.38
2025-02-26,600030,26.91,27.46,26.8,27.46,139382674.0,3916115612.0,334368089746.04004
2025-02-27,600030,27.25,27.51,26.87,27.26,144479996.0,4062952243.0,331932779551.24
2025-02-28,600030,27.18,27.59,26.35,26.38,159499112.0,4442533958.0,321217414694.12
2025-03-03,600030,26.48,26.84,26.27,26.41,106508981.0,2931519667.0,321582711223.34
2025-03-04,600030,26.28,26.54,26.22,26.41,64173120.0,1755293975.0,321582711223.34
2025-03-05,600030,26.41,26.53,26.18,26.39,78185646.0,2134914467.0,321339180203.86
2025-03-06,600030,26.56,27.13,26.55,27.03,156284409.0,4359222945.0,329132172827.22003
2025-03-07,600030,26.84,26.92,26.57,26.62,95791193.0,2653091475.0,324139786927.88
2025-03-10,600030,26.55,26.55,26.2,26.3,90443787.0,2465622786.0,320243290616.2
2025-03-11,600030,26.06,26.36,25.98,26.35,77948559.0,2112824030.0,320852118164.9
2025-03-12,600030,26.35,26.76,26.25,26.35,97578618.0,2674523652.0,320852118164.9
2025-03-13,600030,26.31,26.5,26.04,26.16,86042862.0,2338986157.0,318538573479.84
2025-03-14,600030,26.29,27.47,26.2,27.1,261208380.0,7293137589.0,329984531395.4
2025-03-17,600030,27.2,27.2,26.87,26.89,104001952.0,2908938808.0,327427455690.86
2025-03-18,600030,26.99,27.14,26.87,26.98,68407227.0,1912300538.0,328523345278.52
2025-03-19,600030,26.96,27.12,26.87,26.96,67762255.0,1893145480.0,328279814259.04004
2025-03-20,600030,26.96,26.98,26.65,26.72,64119108.0,1777878916.0,325357442025.27997
2025-03-21,600030,26.64,26.75,26.11,26.15,97701264.0,2668760589.0,318416807970.1
2025-03-24,600030,26.15,26.26,26.06,26.25,66879005.0,1812137629.0,319634463067.5
2025-03-25,600030,26.26,26.28,26.06,26.08,53905068.0,1459856180.0,317564449401.92
2025-03-26,600030,26.08,26.17,26.01,26.04,56408101.0,1523533196.0,317077387362.95996
2025-03-27,600030,26.01,26.22,25.78,25.97,72547231.0,1953678394.0,316225028794.77997
2025-03-28,600030,26.04,26.09,25.8,25.87,65897568.0,1769583853.0,315007373697.38
2025-03-31,600030,25.79,25.91,25.39,25.6,79783870.0,2115699502.0,311719704934.4
2025-04-01,600030,25.6,25.74,25.48,25.52,59639770.0,1580113214.0,310745580856.48
2025-04-02,600030,25.48,25.69,25.44,25.62,45671867.0,1211260842.0,311963235953.88
2025-04-03,600030,25.39,25.79,25.39,25.52,55867758.0,1479533337.0,310745580856.48
2025-04-07,600030,24.13,24.3,22.97,23.19,227729985.0,5537982335.0,282374217087.06
2025-04-08,600030,23.27,23.74,23.05,23.65,171895621.0,4187725099.0,287975430535.1
2025-04-09,600030,23.59,24.25,23.31,24.03,142335172.0,3510522520.0,292602519905.22003
2025-04-10,600030,24.37,24.52,23.84,24.27,122731517.0,3093831094.0,295524892138.98
2025-04-11,600030,24.26,24.7,24.16,24.48,93228996.0,2355030858.0,298081967843.52
2025-04-14,600030,24.56,24.61,24.34,24.36,63510014.0,1608059450.0,296620781726.64
2025-04-15,600030,24.32,24.34,24.08,24.24,56251565.0,1409537552.0,295159595609.76
2025-04-16,600030,24.22,24.37,23.91,24.28,66204342.0,1651630526.0,295646657648.72003
2025-04-17,600030,24.18,24.37,24.1,24.3,48169473.0,1210732279.0,295890188668.2
2025-04-18,600030,24.19,24.37,24.13,24.28,47629384.0,1196730534.0,295646657648.72003
2025-04-21,600030,24.2,24.4,24.12,24.36,44137123.0,1112592222.0,296620781726.64
2025-04-22,600030,24.33,24.42,24.21,24.21,45949114.0,1157699163.0,294794299080.54004
2025-04-23,600030,24.36,24.4,24.17,24.26,48372379.0,1216639786.0,295403126629.24
2025-04-24,600030,24.25,24.37,24.09,24.13,51916077.0,1302315279.0,293820175002.62
2025-04-25,600030,24.23,24.45,24.21,24.33,67011322.0,1690527144.0,296255485197.42
2025-04-28,600030,24.33,24.34,24.13,24.26,44065597.0,1106437411.0,295403126629.24
2025-04-29,600030,24.27,24.33,24.09,24.14,46258639.0,1158492283.0,293941940512.36
2025-04-30,600030,24.21,24.4,24.15,24.21,51451423.0,1293711645.0,294794299080.54004
2025-05-06,600030,24.4,24.79,24.33,24.63,81902958.0,2086441329.0,299908450489.62
2025-05-07,600030,25.37,25.5,24.72,24.78,117323426.0,3040010228.0,301734933135.72003
2025-05-08,600030,24.75,25.29,24.66,24.96,83674744.0,2170080322.0,303926712311.04004
2025-05-09,600030,24.91,24.98,24.65,24.66,47695837.0,1223488810.0,300273747018.84
2025-05-12,600030,24.89,25.47,24.76,25.39,131458156.0,3436067273.0,309162629229.86
2025-05-13,600030,25.58,25.63,25.16,25.19,79642618.0,2088033654.0,306727319035.06
2025-05-14,600030,25.15,26.78,25.11,26.13,273905637.0,7367935399.0,318173276950.62
2025-05-15,600030,25.87,26.07,25.6,25.66,99456456.0,2657150207.0,312450297992.84
2025-05-16,600030,25.55,25.76,25.22,25.3,71479998.0,1878231801.0,308066739642.2
2025-05-19,600030,25.27,25.33,25.12,25.2,49274631.0,1285903214.0,306849084544.8
2025-05-20,600030,25.25,25.37,25.16,25.19,50524073.0,1320882683.0,306727319035.06
2025-05-21,600030,25.19,25.29,25.13,25.14,53649225.0,1400914012.0,306118491486.36
2025-05-22,600030,25.1,25.17,24.96,25.09,44399458.0,1153132884.0,305509663937.66
2025-05-23,600030,25.03,25.24,24.77,24.78,66448183.0,1720713753.0,301734933135.72003
2025-05-26,600030,24.76,24.88,24.64,24.73,45069898.0,1154448356.0,301126105587.02
2025-05-27,600030,24.7,24.74,24.54,24.63,43510492.0,1110726854.0,299908450489.62
2025-05-28,600030,24.65,24.69,24.48,24.54,35473327.0,902758248.0,298812560901.95996
2025-05-29,600030,24.53,24.9,24.53,24.81,54271635.0,1392291072.0,302100229664.94
2025-05-30,600030,24.69,24.76,24.49,24.64,54977072.0,1402145833.0,300030215999.36
2025-06-03,600030,24.52,24.89,24.48,24.7,54994639.0,1407063923.0,300760809057.8
2025-06-04,600030,24.69,25.15,24.67,24.99,63914301.0,1653640823.0,304292008840.26
2025-06-05,600030,25.02,25.32,24.96,25.27,85204555.0,2221904942.0,307701443112.98
2025-06-06,600030,25.27,25.37,25.05,25.08,50405365.0,1313321249.0,305387898427.92
2025-06-09,600030,25.18,25.61,25.18,25.51,90876994.0,2399507281.0,310623815346.74
2025-06-10,600030,25.51,25.57,24.92,25.05,73534370.0,1920532860.0,305022601898.7
2025-06-11,600030,25.15,25.77,25.1,25.47,103266558.0,2730197606.0,310136753307.77997
2025-06-12,600030,25.26,25.76,25.16,25.52,74801514.0,1978379473.0,310745580856.48
2025-06-13,600030,25.44,25.52,25.27,25.39,73726526.0,1937850752.0,309162629229.86
2025-06-16,600030,25.29,25.82,25.26,25.76,78096124.0,2072284895.0,313667953090.24
2025-06-17,600030,25.75,25.79,25.6,25.77,51496764.0,1371101918.0,313789718599.98
2025-06-18,600030,25.77,25.78,25.34,25.47,52304769.0,1381128495.0,310136753307.77997
2025-06-19,600030,25.44,25.5,24.96,25.01,65214670.0,1698490899.0,304535539859.74
2025-06-20,600030,25.01,25.15,24.98,24.98,41992436.0,1089208101.0,304170243330.52
2025-06-23,600030,24.89,25.39,24.86,25.32,55235775.0,1439115622.0,308310270661.68
2025-06-24,600030,25.37,26.13,25.35,25.98,136424965.0,3659696310.0,316346794304.52
2025-06-25,600030,26.01,27.22,25.92,27.06,285636122.0,7881370307.0,329497469356.44
2025-06-26,600030,27.01,27.09,26.59,26.61,166940228.0,4633306781.0,324018021418.14
2025-06-27,600030,26.69,27.47,26.55,26.62,177658492.0,4968291923.0,324139786927.88
2025-06-30,600030,26.65,26.88,26.4,26.66,96862649.0,2670400296.0,324626848966.84
2025-07-01,600030,26.67,26.82,26.36,26.44,70762348.0,1940654049.0,321948007752.56
2025-07-02,600030,26.45,26.57,26.29,26.33,57525052.0,1573744149.0,320608587145.42
2025-07-03,600030,26.44,26.79,26.41,26.71,72598917.0,2000459020.0,325235676515.54004
2025-07-04,600030,26.64,27.08,26.4,26.7,102139372.0,2830151537.0,325113911005.8
2025-07-07,600030,26.58,26.94,26.54,26.83,57222377.0,1588782683.0,326696862632.42
2025-07-08,600030,26.76,27.11,26.75,27.05,84580324.0,2365303710.0,329375703846.7
2025-07-09,600030,27.05,27.28,26.8,26.85,80770210.0,2261446228.0,326940393651.9
2025-07-10,600030,26.82,27.43,26.76,27.25,142197216.0,4006903003.0,331811014041.5
2025-07-11,600030,27.35,28.27,27.18,27.67,246501548.0,7099768618.0,336925165450.58
2025-07-14,600030,27.77,27.82,27.4,27.43,100929723.0,2880998854.0,334002793216.82
2025-07-15,600030,27.46,27.63,27.11,27.26,94326837.0,2669330265.0,331932779551.24
2025-07-16,600030,27.26,27.35,26.93,27.11,76152358.0,2140328874.0,330106296905.14
2025-07-17,600030,27.1,27.4,27.04,27.27,63999706.0,1801602017.0,332054545060.98
2025-07-18,600030,27.32,27.47,27.18,27.36,66669830.0,1886801282.0,333150434648.64
2025-07-21,600030,27.46,28.0,27.36,27.9,132900464.0,3827828697.0,339725772174.6
2025-07-22,600030,27.9,28.07,27.55,27.93,112187441.0,3231521991.0,340091068703.82
2025-07-23,600030,28.0,29.02,27.99,28.75,288781318.0,8542345798.0,350075840502.5
2025-07-24,600030,28.54,29.23,28.46,29.0,209784096.0,6293474532.0,353119978246.0
2025-07-25,600030,29.05,29.17,28.58,28.67,121393484.0,3625225120.0,349101716424.58
2025-07-28,600030,28.7,29.38,28.61,28.92,125792547.0,3779720808.0,352145854168.08
2025-07-29,600030,28.77,28.95,28.43,28.91,122993105.0,3656078962.0,352024088658.34
2025-07-30,600030,28.86,29.28,28.43,28.75,126880860.0,3797224729.0,350075840502.5
2025-07-31,600030,28.56,28.86,27.85,28.01,141339521.0,4146844446.0,341065192781.74
2025-08-01,600030,27.99,28.19,27.71,27.75,96389080.0,2786733536.0,337899289528.5
2025-08-04,600030,27.66,27.99,27.61,27.91,71371756.0,2055044707.0,339847537684.34
2025-08-05,600030,27.96,28.26,27.88,28.17,91358852.0,2654420805.0,343013440937.58
2025-08-06,600030,28.09,28.25,27.96,28.15,73924034.0,2153758084.0,342769909918.1
2025-08-07,600030,28.2,28.43,27.94,28.1,88005636.0,2566335297.0,342161082369.4
2025-08-08,600030,28.09,28.1,27.82,27.88,65456137.0,1894690752.0,339482241155.12
2025-08-11,600030,27.89,28.62,27.89,28.36,126773499.0,3724263635.0,345326985622.64
2025-08-12,600030,28.42,28.54,28.29,28.46,82051260.0,2415805698.0,346544640720.04004
2025-08-13,600030,28.62,29.02,28.3,28.59,200047866.0,5945238503.0,348127592346.66
2025-08-14,600030,28.68,29.15,28.54,28.62,186187703.0,5562185689.0,348492888875.88
2025-08-15,600030,28.62,30.42,28.49,30.02,400806610.0,12313562406.0,365540060239.48
2025-08-18,600030,30.11,31.18,29.83,30.6,356648188.0,11284010952.0,372602459804.4
2025-08-19,600030,30.41,30.73,29.87,29.94,196858262.0,6158371746.0,364565936161.56
2025-08-20,600030,29.83,30.08,29.3,30.07,185823025.0,5718792645.0,366148887788.18
2025-08-21,600030,30.26,30.33,29.66,29.81,137901268.0,4284970507.0,362982984534.94
2025-08-22,600030,29.8,31.1,29.79,31.08,270491980.0,8561038378.0,378447204271.92
2025-08-25,600030,31.65,31.68,30.8,31.3,251449182.0,8054612646.0,381126045486.2
2025-08-26,600030,31.1,31.25,30.8,30.85,139998282.0,4459689621.0,375646597547.9
2025-08-27,600030,30.84,31.24,30.06,30.08,209491695.0,6604013663.0,366270653297.92
2025-08-28,600030,30.09,30.67,29.89,30.67,163948378.0,5092858422.0,373454818372.58
2025-08-29,600030,30.87,31.24,30.53,30.66,248687107.0,7870324453.0,373333052862.84
2025-09-01,600030,30.67,30.72,30.09,30.35,170874307.0,5328087689.0,369558322060.9
2025-09-02,600030,30.38,30.51,29.86,29.97,170084591.0,5255366923.0,364931232690.77997
2025-09-03,600030,30.16,30.26,28.75,29.01,188476082.0,5681134739.0,353241743755.74
2025-09-04,600030,28.98,29.13,28.43,28.79,181580653.0,5367895398.0,350562902541.45996
2025-09-05,600030,28.8,29.07,28.56,29.05,133373060.0,3946998043.0,353728805794.7
2025-09-08,600030,29.02,29.02,28.58,28.68,155119817.0,4576095541.0,349223481934.32
2025-09-09,600030,28.68,28.96,28.61,28.75,117928405.0,3481157225.0,350075840502.5
2025-09-10,600030,28.8,28.91,28.57,28.71,88404843.0,2609280738.0,349588778463.54004
2025-09-11,600030,28.62,29.54,28.53,29.54,186399077.0,5582043266.0,359695315771.95996
2025-09-12,600030,29.56,29.63,28.92,29.0,147984324.0,4443482473.0,353119978246.0
2025-09-15,600030,29.08,29.36,28.65,28.81,172454102.0,5134931803.0,350806433560.94
2025-09-16,600030,28.82,29.08,28.44,28.51,208344421.0,6137333282.0,347153468268.74
2025-09-17,600030,28.52,28.74,28.2,28.23,302415262.0,8823722234.0,343744033996.02
2025-09-18,600030,28.25,28.43,27.41,27.61,372997884.0,10712761661.0,336194572392.14
2025-09-19,600030,27.51,27.85,27.4,27.57,166230032.0,4717340586.0,335707510353.18
2025-09-22,600030,27.7,28.12,27.62,28.03,155923418.0,4470772780.0,341308723801.22003
2025-09-23,600030,27.88,28.06,27.51,27.75,149735724.0,4261899074.0,337899289528.5
2025-09-24,600030,27.61,28.11,27.6,27.94,155819804.0,4449992755.0,340212834213.56
2025-09-25,600030,27.88,28.08,27.8,27.96,132806322.0,3815540272.0,340456365233.04004
2025-09-26,600030,27.92,28.23,27.76,27.97,126643060.0,3641096137.0,340578130742.77997
2025-09-29,600030,27.97,30.67,27.87,29.61,593771449.0,17972866572.0,360547674340.14
2025-09-30,600030,29.49,29.8,28.96,29.12,295038797.0,8855514217.0,354581164362.88
2025-10-09,600030,28.82,29.46,28.58,28.87,380798468.0,11325172371.0,351537026619.38
2025-10-10,600030,28.86,29.48,28.77,28.9,267585628.0,7995783962.0,351902323148.6
2025-10-13,600030,28.14,28.72,28.06,28.43,211049326.0,6135452947.0,346179344190.82
2025-10-14,600030,28.43,28.93,28.17,28.27,195512452.0,5727412730.0,344231096034.98
2025-10-15,600030,28.38,28.95,28.3,28.91,196485192.0,5779800802.0,352024088658.34
2025-10-16,600030,28.82,29.19,28.73,28.87,159731518.0,4745901327.0,351537026619.38
2025-10-17,600030,28.88,29.15,28.29,28.33,173989890.0,5124858639.0,344961689093.42
2025-10-20,600030,28.63,28.77,28.36,28.46,122730684.0,3594768008.0,346544640720.04004
2025-10-21,600030,28.54,29.32,28.44,28.59,306867820.0,9070647644.0,348127592346.66
2025-10-22,600030,28.45,28.46,28.26,28.43,122694826.0,3574148771.0,346179344190.82
2025-10-23,600030,28.43,28.81,28.09,28.75,140360535.0,4096658104.0,350075840502.5
2025-10-24,600030,28.78,29.27,28.73,29.09,299094343.0,8892004443.0,354215867833.66
2025-10-27,600030,29.46,29.83,29.05,29.2,461214211.0,13902244215.0,355555288440.8
2025-10-28,600030,29.19,29.55,29.02,29.21,226331603.0,6798411079.0,355677053950.54004
2025-10-29,600030,29.17,29.66,29.07,29.51,313670198.0,9477951609.0,359330019242.74
2025-10-30,600030,29.4,29.44,28.84,28.9,245220842.0,7339678554.0,351902323148.6
2025-10-31,600030,28.94,29.09,28.6,28.61,167153229.0,4938189521.0,348371123366.14
2025-11-03,600030,28.58,28.61,28.17,28.45,139351693.0,4059197676.0,346422875210.3
2025-11-04,600030,28.42,28.48,28.2,28.32,119758945.0,3482779128.0,344839923583.68
2025-11-05,600030,28.17,28.41,28.16,28.3,94055879.0,2735028199.0,344596392564.2
2025-11-06,600030,28.36,28.66,28.34,28.43,162561807.0,4753244677.0,346179344190.82
2025-11-07,600030,28.33,28.36,28.19,28.24,96072134.0,2787864865.0,343865799505.76
2025-11-10,600030,28.24,28.69,28.2,28.53,162194018.0,4737134777.0,347396999288.22003
2025-11-11,600030,28.57,28.63,28.24,28.3,104299540.0,3038989818.0,344596392564.2
2025-11-12,600030,28.31,28.35,28.06,28.14,108630812.0,3144600711.0,342648144408.36
2025-11-13,600030,28.12,28.36,28.1,28.32,117874907.0,3418473434.0,344839923583.68
2025-11-14,600030,28.19,28.2,27.87,27.89,120170706.0,3463551862.0,339604006664.86
2025-11-17,600030,27.86,27.86,27.52,27.55,107770905.0,3058387828.0,335463979333.7
2025-11-18,600030,27.53,27.69,27.43,27.48,91515389.0,2589358392.0,334611620765.52
2025-11-19,600030,27.48,27.68,27.46,27.56,84481274.0,2392792474.0,335585744843.44
2025-11-20,600030,28.09,28.18,27.54,27.56,152864285.0,4380360233.0,335585744843.44
2025-11-21,600030,27.28,27.51,26.58,26.58,169503916.0,4693752816.0,323652724888.92
2025-11-24,600030,26.68,26.78,26.55,26.67,89138879.0,2441061829.0,324748614476.58
2025-11-25,600030,26.75,26.93,26.68,26.75,80225905.0,2207852490.0,325722738554.5
2025-11-26,600030,26.8,26.99,26.72,26.88,68169452.0,1881110589.0,327305690181.12
2025-11-27,600030,26.81,27.08,26.8,26.86,64864740.0,1794367924.0,327062159161.64
2025-11-28,600030,26.89,26.92,26.69,26.87,74659823.0,2055903546.0,327183924671.38
2025-12-01,600030,26.78,27.0,26.76,26.95,70798737.0,1956001679.0,328158048749.3
2025-12-02,600030,26.94,26.96,26.63,26.65,65292152.0,1793505908.0,324505083457.1
2025-12-03,600030,26.73,26.85,26.32,26.44,78110536.0,2129256756.0,321948007752.56
2025-12-04,600030,26.43,26.66,26.31,26.49,69237557.0,1882466793.0,322556835301.26
2025-12-05,600030,26.49,27.35,26.45,27.13,163790521.0,4536315644.0,330349827924.62
2025-12-08,600030,27.64,28.3,27.64,27.95,314621670.0,9057705852.0,340334599723.3
2025-12-09,600030,27.77,28.07,27.64,27.78,130128521.0,3717964325.0,338264586057.72003
2025-12-10,600030,27.68,27.82,27.42,27.77,99289687.0,2815735192.0,338142820547.98
2025-12-11,600030,27.8,27.83,27.41,27.55,74225023.0,2103229398.0,335463979333.7
2025-12-12,600030,27.52,27.81,27.34,27.67,106756984.0,3023765536.0,336925165450.58
2025-12-15,600030,27.52,28.18,27.44,27.8,119324123.0,3418024767.0,338508117077.2
2025-12-16,600030,27.69,28.04,27.54,27.73,100161602.0,2851192434.0,337655758509.02
2025-12-17,600030,27.73,28.39,27.66,28.21,161703772.0,4662507508.0,343500502976.54004
2025-12-18,600030,28.14,28.14,27.72,27.78,113593828.0,3248014078.0,338264586057.72003
2025-12-19,600030,27.83,28.18,27.72,27.93,98348153.0,2821714142.0,340091068703.82
2025-12-22,600030,27.87,28.04,27.85,27.9,75331310.0,2160286841.0,339725772174.6
2025-12-23,600030,27.93,28.12,27.84,27.88,94064657.0,2702038440.0,339482241155.12
2025-12-24,600030,27.86,28.07,27.8,27.99,78951922.0,2266348143.0,340821661762.26
2025-12-25,600030,28.0,28.26,27.95,28.2,104494796.0,3020073434.0,343378737466.8
2025-12-26,600030,28.2,28.63,28.14,28.34,141352575.0,4122805470.0,345083454603.16
2025-12-29,600030,28.27,28.38,28.1,28.18,90671097.0,2628004106.0,343135206447.32
2025-12-30,600030,28.1,28.26,28.0,28.07,85434793.0,2463949229.0,341795785840.18
2025-12-31,600030,28.05,28.31,27.93,27.96,85634753.0,2470416840.0,340456365233.04004
2026-01-05,600030,28.07,28.59,28.05,28.56,185177013.0,5402908222.0,347762295817.44
2026-01-06,600030,28.59,29.46,28.56,29.4,334935799.0,10055094452.0,357990598635.6
2026-01-07,600030,29.42,29.42,28.63,28.73,229502122.0,6829635012.0,349832309483.02
2026-01-08,600030,28.52,28.52,27.7,27.79,315027225.0,9039903881.0,338386351567.45996
2026-01-09,600030,27.79,27.92,27.61,27.82,232677161.0,6628564036.0,338751648096.68
2026-01-12,600030,27.82,28.09,27.67,28.03,217308310.0,6227140485.0,341308723801.22003
2026-01-13,600030,28.09,28.39,27.73,27.8,215969109.0,6226326714.0,338508117077.2
2026-01-14,600030,27.74,28.37,27.41,27.49,321882341.0,9209655922.0,334733386275.26
2026-01-15,600030,27.64,28.05,27.49,27.54,207814142.0,5904891817.0,335342213823.95996
2026-01-16,600030,27.75,27.82,27.26,27.34,209581279.0,5914162078.0,332906903629.16
2026-01-19,600030,27.01,27.24,26.97,27.18,159433764.0,4437182144.0,330958655473.32
2026-01-20,600030,27.2,27.41,27.18,27.32,138513336.0,3884362839.0,332663372609.68
2026-01-21,600030,27.3,27.37,27.06,27.21,141050126.0,3943890400.0,331323952002.54004
2026-01-22,600030,27.17,27.48,27.09,27.19,172592474.0,4825498273.0,331080420983.06
2026-01-23,600030,27.27,27.32,26.97,27.04,188106135.0,5240083934.0,329253938336.95996
2026-01-26,600030,27.04,27.69,26.98,27.33,263751164.0,7423210356.0,332785138119.42
2026-01-27,600030,27.35,27.4,27.07,27.13,141523812.0,3957139689.0,330349827924.62
2026-01-28,600030,27.16,27.44,27.04,27.21,171879381.0,4805814919.0,331323952002.54004
2026-01-29,600030,27.17,27.83,26.97,27.81,297781177.0,8387338386.0,338629882586.94
2026-01-30,600030,27.75,27.77,27.34,27.34,190709529.0,5390994670.0,332906903629.16
2026-02-02,600030,27.35,27.85,27.1,27.13,181833606.0,5128515409.0,330349827924.62
2026-02-03,600030,27.33,27.36,26.98,27.24,132291749.0,3686657439.0,331689248531.76
2026-02-04,600030,27.12,27.65,27.11,27.64,157219253.0,4440800888.0,336559868921.36
2026-02-05,600030,27.55,27.74,27.39,27.55,115684169.0,3276268367.0,335463979333.7
2026-02-06,600030,27.46,27.62,27.36,27.42,107402653.0,3027616780.0,333881027707.08
2026-02-09,600030,27.56,27.65,27.43,27.61,97053435.0,2718596599.0,336194572392.14
2026-02-10,600030,27.61,27.73,27.53,27.64,75629809.0,2124582776.0,336559868921.36
2026-02-11,600030,27.66,27.7,27.5,27.59,83665980.0,2346138810.0,335951041372.66
2026-02-12,600030,27.58,27.58,27.32,27.42,95785415.0,2671181327.0,333881027707.08
2026-02-13,600030,27.42,27.55,27.18,27.18,109046516.0,3032551539.0,330958655473.32
2026-02-24,600030,27.31,27.35,27.17,27.19,84792805.0,2346720145.0,331080420983.06
2026-02-25,600030,27.2,27.44,27.17,27.29,101623021.0,2823641661.0,332298076080.45996
2026-02-26,600030,27.3,27.33,26.89,26.94,132628852.0,3647542589.0,328036283239.56
2026-02-27,600030,26.92,27.05,26.74,26.93,87758758.0,2400314701.0,327914517729.82
2026-03-02,600030,26.67,26.76,26.43,26.64,130969370.0,3544085955.0,324383317947.36
2026-03-03,600030,26.63,26.94,26.32,26.37,160721145.0,4345572179.0,321095649184.38
2026-03-04,600030,26.17,26.22,25.63,25.72,150080106.0,3949873435.0,313180891051.27997
2026-03-05,600030,25.91,26.02,25.68,25.79,81899057.0,2150433698.0,314033249619.45996
2026-03-06,600030,25.76,26.15,25.69,26.01,77673336.0,2046673145.0,316712090833.74
2026-03-09,600030,25.59,25.59,25.22,25.46,126946526.0,3279905456.0,310014987798.04004
2026-03-10,600030,25.68,25.85,25.58,25.71,90837752.0,2371463279.0,313059125541.54004
2026-03-11,600030,25.72,25.78,25.52,25.68,88402598.0,2304795581.0,312693829012.32
2026-03-12,600030,25.58,25.66,25.39,25.51,91861750.0,2381053286.0,310623815346.74
2026-03-13,600030,25.32,25.53,25.25,25.34,80647744.0,2080610907.0,308553801681.16
2026-03-16,600030,25.25,25.28,24.95,25.09,115669803.0,2943468144.0,305509663937.66
2026-03-17,600030,25.09,26.12,25.09,25.49,221171782.0,5770156338.0,310380284327.26
2026-03-18,600030,25.48,25.6,25.34,25.55,85965852.0,2224720654.0,311110877385.7
2026-03-19,600030,25.34,25.42,25.09,25.2,107159437.0,2749163310.0,306849084544.8
2026-03-20,600030,25.21,25.3,24.89,24.89,100896257.0,2571973337.0,303074353742.86
2026-03-23,600030,24.6,24.6,23.7,23.9,199265633.0,4887377310.0,291019568278.6
2026-03-24,600030,24.11,24.21,23.69,23.97,127910113.0,3112452255.0,291871926846.77997
2026-03-25,600030,24.01,24.45,23.97,24.26,113477202.0,2792003965.0,295403126629.24
2026-03-26,600030,24.19,24.22,23.66,23.74,113838924.0,2763937440.0,289071320122.76
2026-03-27,600030,23.66,23.98,23.62,23.87,94772015.0,2297623177.0,290654271749.38
2026-03-30,600030,23.6,23.78,23.5,23.71,90949319.0,2185349332.0,288706023593.54004
2026-03-31,600030,23.71,24.05,23.64,23.65,102248550.0,2478632393.0,287975430535.1
2026-04-01,600030,24.04,24.2,23.86,24.12,117145939.0,2865740077.0,293698409492.88
2026-04-02,600030,24.08,24.08,23.69,23.74,78873570.0,1911165159.0,289071320122.76
2026-04-03,600030,23.83,23.87,23.57,23.59,71023358.0,1710796826.0,287244837476.66
2026-04-07,600030,23.6,23.69,23.39,23.54,71443585.0,1708575461.0,286636009927.95996
2026-04-08,600030,24.06,24.37,23.94,24.3,152745978.0,3749420200.0,295890188668.2
2026-04-09,600030,24.09,24.09,23.71,23.76,98740799.0,2393489061.0,289314851142.24
2026-04-10,600030,24.61,26.07,24.61,25.48,425932882.0,11036902941.0,310258518817.52
2026-04-13,600030,25.21,25.86,25.08,25.67,215163868.0,5591240528.0,312572063502.58
2026-04-14,600030,25.88,25.95,25.46,25.77,145346411.0,3792758895.0,313789718599.98
2026-04-15,600030,25.91,25.97,25.55,25.59,110753830.0,2892097782.0,311597939424.66
2026-04-16,600030,25.7,26.05,25.62,25.89,143003563.0,3758618753.0,315250904716.86
2026-04-17,600030,25.78,25.92,25.66,25.84,106035471.0,2777157579.0,314642077168.16
2026-04-20,600030,25.81,25.99,25.73,25.88,96652117.0,2539846660.0,315129139207.12
2026-04-21,600030,25.83,25.99,25.73,25.88,81388079.0,2136782191.0,315129139207.12
2026-04-22,600030,25.74,26.58,25.73,26.28,191351733.0,5104261296.0,319999759596.72003
2026-04-23,600030,26.15,26.34,25.93,26.05,120581835.0,3199251615.0,317199152872.7
2026-04-24,600030,25.95,25.96,25.63,25.81,104235631.0,2725660518.0,314276780638.94
2026-04-27,600030,25.98,26.64,25.98,26.34,154596427.0,4142580850.0,320730352655.16
2026-04-28,600030,26.42,27.21,26.42,26.86,260790525.0,7136087373.0,327062159161.64
2026-04-29,600030,26.71,26.94,26.59,26.88,148566047.0,4043461098.0,327305690181.12
2026-04-30,600030,26.79,27.33,26.64,26.78,173001813.0,4730728021.0,326088035083.72003
2026-05-06,600030,26.85,27.39,26.85,27.05,178738413.0,4921934073.0,329375703846.7
2026-05-07,600030,27.19,27.25,26.64,26.79,159363238.0,4335427172.0,326209800593.45996
2026-05-08,600030,26.66,26.76,26.4,26.52,130062480.0,3507949844.0,322922131830.48
2026-05-11,600030,26.4,27.04,26.32,26.89,196141091.0,5325456058.0,327427455690.86
2026-05-12,600030,26.91,27.0,26.69,26.78,128173639.0,3496454846.0,326088035083.72003
2026-05-13,600030,26.71,27.02,26.53,26.71,122213720.0,3311273599.0,325235676515.54004
2026-05-14,600030,26.76,26.89,26.23,26.23,146758856.0,3965396758.0,319390932048.02
2026-05-15,600030,26.33,26.37,25.76,25.93,132231766.0,3503094086.0,315737966755.82
2026-05-18,600030,25.79,26.01,25.56,25.74,101863486.0,2665343627.0,313424422070.76
2026-05-19,600030,25.7,25.91,25.46,25.85,96224896.0,2511758379.0,314763842677.9
2026-05-20,600030,25.76,25.97,25.58,25.66,95927098.0,2507438048.0,312450297992.84
2026-05-21,600030,25.86,26.65,25.78,25.8,229786128.0,6134095756.0,314155015129.2
2026-05-22,600030,25.96,26.02,25.4,25.45,141086896.0,3664845680.0,309893222288.3
2026-05-25,600030,25.63,26.02,25.49,25.77,128779397.0,3365988148.0,313789718599.98
2026-05-26,600030,25.76,26.25,25.47,25.79,193176593.0,5073749496.0,314033249619.45996
2026-05-27,600030,25.76,25.99,25.12,25.36,175360396.0,4543590565.0,308797332700.64
2026-05-28,600030,25.46,25.54,24.8,24.94,139450433.0,3548082136.0,303683181291.56
2026-05-29,600030,25.12,26.32,25.12,25.63,328261131.0,8616487026.0,312085001463.62
2026-06-01,600030,25.59,25.89,25.12,25.26,221410020.0,5715779763.0,307579677603.24
2026-06-02,600030,25.19,25.27,24.84,25.17,178107957.0,4532467327.0,306483788015.58
2026-06-03,600030,25.09,25.48,24.93,25.19,183238077.0,4695437239.0,306727319035.06
2026-06-04,600030,25.01,25.42,25.0,25.18,129374977.0,3310998447.0,306605553525.32
2026-06-05,600030,25.25,25.62,25.18,25.26,158096179.0,4072685493.0,307579677603.24
2026-06-08,600030,25.0,25.42,24.94,25.02,178432110.0,4557027285.0,304657305369.48
2026-06-09,600030,25.03,25.16,24.8,25.11,104687557.0,2657722624.0,305753194957.14
2026-06-10,600030,25.06,25.75,24.95,25.66,174665318.0,4438405526.0,312450297992.84
2026-06-11,600030,25.6,26.05,25.22,25.51,145581162.0,3719902086.0,310623815346.74
2026-06-12,600030,25.56,26.45,25.31,26.29,269384528.0,7027638104.0,320121525106.45996
2026-06-15,600030,26.45,27.4,26.44,26.86,310465633.0,8358048750.0,327062159161.64
2026-06-16,600030,26.69,27.29,26.63,27.25,220400140.0,5969042188.0,331811014041.5
2026-06-17,600030,27.28,27.56,27.16,27.37,179774115.0,4915372668.0,333272200158.38
2026-06-18,600030,27.35,27.35,26.5,26.56,193368725.0,5183913753.0,323409193869.44
2026-06-22,600030,26.45,28.72,26.38,28.64,527085164.0,14693428354.0,348736419895.36
2026-06-23,600030,28.7,29.3,28.15,28.32,389126485.0,11177510036.0,344839923583.68
2026-06-24,600030,28.18,28.8,27.7,27.89,276274967.0,7747666977.0,339604006664.86
2026-06-25,600030,27.88,29.06,27.71,28.98,378555104.0,10826965213.0,352876447226.52
2026-06-26,600030,28.8,29.16,27.71,27.74,289516677.0,8204892662.0,337777524018.76
2026-06-29,600030,28.0,28.92,27.95,28.49,253478658.0,7202426008.0,346909937249.26
2026-06-30,600030,28.33,28.95,28.32,28.73,220333438.0,6310883111.0,349832309483.02
2026-07-01,600030,28.66,29.88,28.51,29.47,428245104.0,12572442638.0,358842957203.77997
2026-07-02,600030,29.37,29.43,28.56,28.62,285532250.0,8229007620.0,348492888875.88
2026-07-03,600030,28.88,29.12,28.33,28.95,230606867.0,6628384446.0,352511150697.3
2026-07-06,600030,29.52,29.65,28.92,29.23,223854395.0,6534266216.0,355920584970.02
2026-07-07,600030,29.14,29.14,28.25,28.45,189730746.0,5421569064.0,346422875210.3
2026-07-08,600030,28.29,28.55,27.98,28.0,135465073.0,3823541520.0,340943427272.0
2026-07-09,600030,28.01,28.76,27.8,28.68,190382869.0,5375263001.0,349223481934.32
2026-07-10,600030,28.6,28.74,28.25,28.4,167482393.0,4762803819.0,345814047661.6
2026-07-13,600030,28.38,28.49,27.93,28.12,159038431.0,4482410728.0,342404613388.88
2026-07-14,600030,28.0,28.06,27.4,28.0,176676457.0,4904300719.0,340943427272.0
2026-07-15,600030,27.93,28.83,27.84,28.6,187021375.0,5304478301.0,348249357856.4
2026-07-16,600030,28.34,28.44,27.99,28.1,138492702.0,3898053451.0,342161082369.4
2026-07-17,600030,28.0,28.27,27.6,27.6,170077850.0,4751646929.0,336072806882.4
2026-07-20,600030,27.76,28.39,27.76,28.28,190738400.0,5360957298.0,344352861544.72003
2026-07-21,600030,28.5,28.5,27.95,28.34,169076845.0,4772798395.0,345083454603.16
2026-07-22,600030,28.14,28.37,27.91,28.3,109541562.0,3086715519.0,344596392564.2
2026-07-23,600030,28.38,28.72,28.16,28.62,131524839.0,3749532697.0,348492888875.88
2026-07-24,600030,28.6,28.6,27.89,27.95,129621942.0,3651964574.0,340334599723.3
2026-07-27,600030,28.3,28.3,27.77,28.26,105471509.0,2963799457.0,344109330525.24
2026-07-28,600030,28.1,28.15,27.8,28.09,103669291.0,2894487917.0,342039316859.66
2026-07-29,600030,28.09,28.54,27.83,28.5,150701930.0,4260319849.0,347031702759.0
