date,ticker,open,high,low,close,volume,amount,market_cap
2021-01-04,600027,2.58,2.59,2.54,2.56,38520769.0,129455491.0,20853102215.68
2021-01-05,600027,2.56,2.57,2.49,2.52,51975144.0,171552315.0,20527272493.56
2021-01-06,600027,2.51,2.55,2.49,2.54,52103656.0,172026611.0,20690187354.62
2021-01-07,600027,2.54,2.54,2.47,2.5,46390331.0,152548155.0,20364357632.5
2021-01-08,600027,2.5,2.55,2.49,2.53,34324771.0,113888212.0,20608729924.09
2021-01-11,600027,2.53,2.53,2.48,2.48,35091222.0,115210197.0,20201442771.44
2021-01-12,600027,2.48,2.5,2.46,2.49,31346147.0,102123594.0,20282900201.97
2021-01-13,600027,2.5,2.54,2.47,2.53,42893885.0,141628358.0,20608729924.09
2021-01-14,600027,2.53,2.6,2.52,2.55,50830231.0,171317475.0,20771644785.149998
2021-01-15,600027,2.55,2.58,2.52,2.53,36044700.0,120755300.0,20608729924.09
2021-01-18,600027,2.54,2.55,2.52,2.53,27652617.0,92029033.0,20608729924.09
2021-01-19,600027,2.53,2.56,2.52,2.55,32973231.0,110182209.0,20771644785.149998
2021-01-20,600027,2.55,2.57,2.51,2.52,34113241.0,113531949.0,20527272493.56
2021-01-21,600027,2.52,2.53,2.49,2.51,34513440.0,114018285.0,20445815063.03
2021-01-22,600027,2.51,2.51,2.47,2.48,26916952.0,87865743.0,20201442771.44
2021-01-25,600027,2.48,2.49,2.45,2.48,31489400.0,101967017.0,20201442771.44
2021-01-26,600027,2.47,2.48,2.45,2.47,19111382.0,61928815.0,20119985340.91
2021-01-27,600027,2.46,2.49,2.46,2.49,20508522.0,66976622.0,20282900201.97
2021-01-28,600027,2.47,2.48,2.44,2.46,23044266.0,74444382.0,20038527910.38
2021-01-29,600027,2.45,2.46,2.43,2.45,21001896.0,67592235.0,19957070479.850002
2021-02-01,600027,2.45,2.46,2.37,2.4,39272353.0,123599550.0,19549783327.2
2021-02-02,600027,2.4,2.4,2.36,2.37,38418099.0,120188972.0,19305411035.61
2021-02-03,600027,2.37,2.37,2.3,2.32,37607892.0,115035644.0,18898123882.96
2021-02-04,600027,2.32,2.32,2.29,2.3,22562763.0,68209261.0,18735209021.899998
2021-02-05,600027,2.3,2.33,2.3,2.31,20388136.0,61889359.0,18816666452.43
2021-02-08,600027,2.3,2.32,2.29,2.3,20508067.0,62102966.0,18735209021.899998
2021-02-09,600027,2.3,2.33,2.29,2.33,18554481.0,56356333.0,18979581313.49
2021-02-10,600027,2.33,2.34,2.31,2.34,14873211.0,45638008.0,19061038744.02
2021-02-18,600027,2.36,2.39,2.35,2.38,22735234.0,70778667.0,19386868466.14
2021-02-19,600027,2.38,2.44,2.37,2.43,31720395.0,100696944.0,19794155618.79
2021-02-22,600027,2.44,2.5,2.43,2.46,48261098.0,157042055.0,20038527910.38
2021-02-23,600027,2.48,2.49,2.43,2.44,34292189.0,110631400.0,19875613049.32
2021-02-24,600027,2.44,2.46,2.42,2.43,27103802.0,86982142.0,19794155618.79
2021-02-25,600027,2.45,2.47,2.43,2.46,25591213.0,82456955.0,20038527910.38
2021-02-26,600027,2.44,2.45,2.42,2.43,28872680.0,92394026.0,19794155618.79
2021-03-01,600027,2.43,2.46,2.43,2.44,14387265.0,46145285.0,19875613049.32
2021-03-02,600027,2.44,2.48,2.43,2.46,28658078.0,92558364.0,20038527910.38
2021-03-03,600027,2.46,2.48,2.44,2.48,24213199.0,78377610.0,20201442771.44
2021-03-04,600027,2.46,2.54,2.46,2.52,52663565.0,173189394.0,20527272493.56
2021-03-05,600027,2.54,2.54,2.49,2.51,38461366.0,126742074.0,20445815063.03
2021-03-08,600027,2.51,2.55,2.51,2.54,46410733.0,154430510.0,20690187354.62
2021-03-09,600027,2.53,2.55,2.48,2.53,43965780.0,145747867.0,20608729924.09
2021-03-10,600027,2.52,2.57,2.49,2.54,48150416.0,161127586.0,20690187354.62
2021-03-11,600027,2.52,2.58,2.52,2.58,46478252.0,156454843.0,21016017076.74
2021-03-12,600027,2.58,2.7,2.56,2.65,107603232.0,373520887.0,21586219090.45
2021-03-15,600027,2.64,2.66,2.6,2.62,66025921.0,227996221.0,21341846798.86
2021-03-16,600027,2.62,2.65,2.58,2.63,48213414.0,166115251.0,21423304229.39
2021-03-17,600027,2.63,2.63,2.55,2.55,43223407.0,146458442.0,20771644785.149998
2021-03-18,600027,2.55,2.6,2.53,2.57,42191867.0,142715845.0,20934559646.21
2021-03-19,600027,2.55,2.65,2.54,2.61,64254423.0,220160362.0,21260389368.329998
2021-03-22,600027,2.62,2.77,2.62,2.74,138996745.0,495594925.0,22319335965.22
2021-03-23,600027,2.71,2.72,2.61,2.62,90067818.0,314692450.0,21341846798.86
2021-03-24,600027,2.59,2.68,2.59,2.65,66330826.0,230523622.0,21586219090.45
2021-03-25,600027,2.64,2.65,2.55,2.56,49000472.0,166654073.0,20853102215.68
2021-03-26,600027,2.59,2.72,2.58,2.66,79047145.0,276848063.0,21667676520.98
2021-03-29,600027,2.67,2.74,2.66,2.7,63740711.0,226265313.0,21993506243.100002
2021-03-30,600027,2.68,2.69,2.61,2.67,54812245.0,190813830.0,21749133951.51
2021-03-31,600027,2.74,2.9,2.7,2.81,190791571.0,705307228.0,22889537978.93
2021-04-01,600027,2.77,2.82,2.74,2.8,87778188.0,321767546.0,22808080548.399998
2021-04-02,600027,2.78,2.78,2.71,2.74,74894481.0,270054934.0,22319335965.22
2021-04-06,600027,2.72,2.76,2.72,2.75,37483518.0,135149967.0,22400793395.75
2021-04-07,600027,2.76,2.8,2.73,2.78,54366683.0,197916238.0,22645165687.34
2021-04-08,600027,2.78,2.78,2.7,2.74,52411944.0,188123674.0,22319335965.22
2021-04-09,600027,2.74,2.78,2.71,2.73,35380497.0,127474912.0,22237878534.69
2021-04-12,600027,2.7,2.75,2.69,2.71,58603897.0,209869838.0,22074963673.63
2021-04-13,600027,2.71,2.71,2.61,2.62,61757060.0,215234649.0,21341846798.86
2021-04-14,600027,2.64,2.67,2.61,2.65,40947844.0,141906996.0,21586219090.45
2021-04-15,600027,2.65,2.65,2.61,2.62,26028655.0,89770652.0,21341846798.86
2021-04-16,600027,2.62,2.7,2.62,2.68,38761400.0,135691734.0,21830591382.04
2021-04-19,600027,2.68,2.69,2.65,2.66,45686037.0,159896378.0,21667676520.98
2021-04-20,600027,2.66,2.68,2.65,2.66,24020500.0,83930096.0,21667676520.98
2021-04-21,600027,2.65,2.65,2.62,2.63,25017034.0,86586484.0,21423304229.39
2021-04-22,600027,2.64,2.65,2.62,2.63,16664893.0,57702770.0,21423304229.39
2021-04-23,600027,2.62,2.63,2.59,2.6,21709701.0,74312228.0,21178931937.8
2021-04-26,600027,2.6,2.62,2.58,2.59,23000628.0,78365147.0,21097474507.27
2021-04-27,600027,2.59,2.59,2.55,2.56,23194459.0,78196239.0,20853102215.68
2021-04-28,600027,2.56,2.62,2.55,2.61,25313152.0,86379901.0,21260389368.329998
2021-04-29,600027,2.6,2.62,2.59,2.61,22788948.0,77966180.0,21260389368.329998
2021-04-30,600027,2.59,2.6,2.55,2.59,25451725.0,86449223.0,21097474507.27
2021-05-06,600027,2.57,2.62,2.56,2.6,31841971.0,108834878.0,21178931937.8
2021-05-07,600027,2.59,2.63,2.58,2.62,30053708.0,103110613.0,21341846798.86
2021-05-10,600027,2.62,2.64,2.6,2.63,31387878.0,108196183.0,21423304229.39
2021-05-11,600027,2.62,2.67,2.61,2.66,36253964.0,126215800.0,21667676520.98
2021-05-12,600027,2.65,2.66,2.62,2.65,27348612.0,94978418.0,21586219090.45
2021-05-13,600027,2.64,2.66,2.61,2.62,27002537.0,93436753.0,21341846798.86
2021-05-14,600027,2.62,2.64,2.61,2.62,28355263.0,97720206.0,21341846798.86
2021-05-17,600027,2.63,2.66,2.62,2.63,31715766.0,110033884.0,21423304229.39
2021-05-18,600027,2.63,2.64,2.62,2.62,15572326.0,53743639.0,21341846798.86
2021-05-19,600027,2.62,2.63,2.59,2.6,22624054.0,77551513.0,21178931937.8
2021-05-20,600027,2.61,2.62,2.58,2.58,24689723.0,83949100.0,21016017076.74
2021-05-21,600027,2.57,2.65,2.57,2.63,41071769.0,141548203.0,21423304229.39
2021-05-24,600027,2.63,2.69,2.63,2.65,41459028.0,145141291.0,21586219090.45
2021-05-25,600027,2.65,2.66,2.62,2.64,33754208.0,117025064.0,21504761659.920002
2021-05-26,600027,2.64,2.68,2.63,2.66,33127542.0,115666830.0,21667676520.98
2021-05-27,600027,2.65,2.68,2.65,2.65,29772023.0,104058757.0,21586219090.45
2021-05-28,600027,2.65,2.66,2.62,2.63,25700513.0,89181063.0,21423304229.39
2021-05-31,600027,2.62,2.63,2.61,2.62,17870085.0,61525377.0,21341846798.86
2021-06-01,600027,2.62,2.62,2.59,2.6,25270929.0,86251527.0,21178931937.8
2021-06-02,600027,2.6,2.62,2.59,2.6,24434561.0,83442133.0,21178931937.8
2021-06-03,600027,2.6,2.62,2.59,2.59,21842391.0,74511499.0,21097474507.27
2021-06-04,600027,2.59,2.6,2.58,2.59,17457069.0,59430047.0,21097474507.27
2021-06-07,600027,2.6,2.6,2.58,2.59,15879652.0,54012301.0,21097474507.27
2021-06-08,600027,2.59,2.61,2.58,2.59,22364697.0,76185671.0,21097474507.27
2021-06-09,600027,2.59,2.61,2.59,2.59,24999581.0,85302763.0,21097474507.27
2021-06-10,600027,2.59,2.6,2.58,2.59,23800331.0,81147910.0,21097474507.27
2021-06-11,600027,2.59,2.61,2.58,2.59,43184683.0,147491970.0,21097474507.27
2021-06-15,600027,2.59,2.6,2.55,2.55,30111289.0,101815470.0,20771644785.149998
2021-06-16,600027,2.56,2.58,2.55,2.56,25070788.0,84479927.0,20853102215.68
2021-06-17,600027,2.56,2.59,2.55,2.56,20028979.0,67786055.0,20853102215.68
2021-06-18,600027,2.57,2.57,2.55,2.56,17646091.0,59438909.0,20853102215.68
2021-06-21,600027,2.56,2.59,2.55,2.58,15958256.0,53922127.0,21016017076.74
2021-06-22,600027,2.58,2.59,2.56,2.59,12942412.0,43862925.0,21097474507.27
2021-06-23,600027,2.58,2.6,2.58,2.6,20073813.0,68393605.0,21178931937.8
2021-06-24,600027,2.6,2.63,2.59,2.62,25694667.0,88265566.0,21341846798.86
2021-06-25,600027,2.62,2.64,2.61,2.63,23816210.0,82288749.0,21423304229.39
2021-06-28,600027,2.71,2.83,2.67,2.68,75145591.0,268946315.0,21830591382.04
2021-06-29,600027,2.65,2.67,2.62,2.63,37798650.0,131091968.0,21423304229.39
2021-06-30,600027,2.63,2.65,2.61,2.62,16153300.0,55749762.0,21341846798.86
2021-07-01,600027,2.62,2.64,2.61,2.62,14832300.0,51112947.0,21341846798.86
2021-07-02,600027,2.62,2.64,2.61,2.62,16362180.0,56368948.0,21341846798.86
2021-07-05,600027,2.61,2.62,2.59,2.6,16061663.0,55016002.0,21178931937.8
2021-07-06,600027,2.59,2.61,2.57,2.6,18686601.0,63774191.0,21178931937.8
2021-07-07,600027,2.59,2.61,2.59,2.61,15908325.0,54332617.0,21260389368.329998
2021-07-08,600027,2.61,2.62,2.58,2.59,15705265.0,53539454.0,21097474507.27
2021-07-09,600027,2.58,2.6,2.57,2.6,19399901.0,65946943.0,21178931937.8
2021-07-12,600027,2.6,2.61,2.57,2.58,21719757.0,73878831.0,21016017076.74
2021-07-13,600027,2.58,2.61,2.56,2.6,26193958.0,89308942.0,21178931937.8
2021-07-14,600027,2.6,2.64,2.6,2.62,32990612.0,113633092.0,21341846798.86
2021-07-15,600027,2.61,2.62,2.59,2.59,20114937.0,68676366.0,21097474507.27
2021-07-16,600027,2.61,2.63,2.6,2.62,24618287.0,84800558.0,21341846798.86
2021-07-19,600027,2.62,2.65,2.61,2.63,26683814.0,92085548.0,21423304229.39
2021-07-20,600027,2.62,2.64,2.61,2.63,17112023.0,58983942.0,21423304229.39
2021-07-21,600027,2.62,2.64,2.61,2.62,21944296.0,75665075.0,21341846798.86
2021-07-22,600027,2.62,2.64,2.61,2.63,39218990.0,135330494.0,21423304229.39
2021-07-23,600027,2.63,2.64,2.58,2.59,41431546.0,131522586.0,21097474507.27
2021-07-26,600027,2.6,2.6,2.57,2.58,24169801.0,76170036.0,21016017076.74
2021-07-27,600027,2.58,2.63,2.55,2.62,47103638.0,148623704.0,21341846798.86
2021-07-28,600027,2.61,2.66,2.59,2.65,53015533.0,170424964.0,21586219090.45
2021-07-29,600027,2.66,2.66,2.61,2.61,25165971.0,80485757.0,21260389368.329998
2021-07-30,600027,2.61,2.64,2.59,2.61,23895909.0,76307310.0,21260389368.329998
2021-08-02,600027,2.61,2.66,2.58,2.66,45170979.0,145125160.0,21667676520.98
2021-08-03,600027,2.66,2.74,2.64,2.71,52985509.0,173930041.0,22074963673.63
2021-08-04,600027,2.71,2.74,2.69,2.7,27686950.0,91513386.0,21993506243.100002
2021-08-05,600027,2.69,2.72,2.67,2.7,26145715.0,86044048.0,21993506243.100002
2021-08-06,600027,2.7,2.75,2.67,2.74,35115711.0,116601007.0,22319335965.22
2021-08-09,600027,2.74,2.77,2.71,2.72,32144602.0,107065883.0,22156421104.16
2021-08-10,600027,2.72,2.73,2.7,2.73,25071317.0,83004665.0,22237878534.69
2021-08-11,600027,2.72,2.75,2.71,2.74,23508201.0,78418429.0,22319335965.22
2021-08-12,600027,2.75,2.77,2.74,2.75,32937521.0,110692846.0,22400793395.75
2021-08-13,600027,2.75,2.76,2.7,2.72,31227520.0,103978837.0,22156421104.16
2021-08-16,600027,2.72,2.79,2.71,2.78,41098598.0,138840921.0,22645165687.34
2021-08-17,600027,2.78,2.81,2.74,2.75,42355092.0,143510033.0,22400793395.75
2021-08-18,600027,2.75,2.84,2.74,2.83,50587965.0,173458303.0,23052452839.99
2021-08-20,600027,2.84,2.88,2.75,2.81,69781003.0,239852129.0,22889537978.93
2021-08-23,600027,2.83,3.09,2.81,3.09,213122985.0,791631443.0,25170346033.77
2021-08-24,600027,3.06,3.2,3.01,3.05,150527517.0,570267662.0,24844516311.649998
2021-08-25,600027,3.04,3.16,3.02,3.13,125569237.0,478446420.0,25496175755.89
2021-08-26,600027,3.08,3.25,3.05,3.11,116923544.0,447540353.0,25333260894.829998
2021-08-27,600027,3.09,3.18,3.06,3.11,57011836.0,216501840.0,25333260894.829998
2021-08-30,600027,3.11,3.18,3.05,3.15,71534115.0,272364162.0,25659090616.95
2021-08-31,600027,3.11,3.19,3.02,3.17,106498391.0,404004187.0,25822005478.01
2021-09-01,600027,3.17,3.35,3.16,3.25,117651516.0,468143792.0,26473664922.25
2021-09-02,600027,3.2,3.58,3.2,3.58,214303562.0,909644320.0,29161760129.74
2021-09-03,600027,3.65,3.94,3.62,3.85,359499735.0,1685981018.0,31361110754.05
2021-09-06,600027,3.93,4.04,3.75,3.86,212934534.0,1010142056.0,31442568184.579998
2021-09-07,600027,3.87,3.87,3.63,3.72,197342983.0,893801587.0,30302164157.16
2021-09-08,600027,3.78,3.98,3.77,3.91,224126924.0,1060425778.0,31849855337.23
2021-09-09,600027,3.88,4.02,3.69,4.0,162134058.0,763037782.0,32582972212.0
2021-09-10,600027,3.93,3.99,3.73,3.75,174785421.0,815408344.0,30546536448.75
2021-09-13,600027,3.75,3.91,3.69,3.88,126458394.0,588196361.0,31605483045.64
2021-09-14,600027,3.88,3.99,3.67,3.72,141366731.0,655185779.0,30302164157.16
2021-09-15,600027,3.66,3.77,3.61,3.7,101877805.0,458885549.0,30139249296.100002
2021-09-16,600027,3.7,3.74,3.52,3.52,125194609.0,553392625.0,28673015546.56
2021-09-17,600027,3.52,3.86,3.52,3.75,172278130.0,785957247.0,30546536448.75
2021-09-22,600027,3.69,4.12,3.66,4.12,230022216.0,1131894317.0,33560461378.36
2021-09-23,600027,4.36,4.53,4.29,4.46,363000953.0,1969705145.0,36330014016.38
2021-09-24,600027,4.39,4.52,4.22,4.29,224997392.0,1192502138.0,34945237697.37
2021-09-27,600027,4.37,4.43,3.86,3.89,209538549.0,1030340758.0,31686940476.170002
2021-09-28,600027,3.93,4.12,3.8,4.02,221070133.0,1074189237.0,32745887073.059998
2021-09-29,600027,4.02,4.09,3.75,3.85,156448356.0,745224162.0,31361110754.05
2021-09-30,600027,3.85,3.93,3.58,3.88,240643210.0,1102910527.0,31605483045.64
2021-10-08,600027,3.85,3.87,3.49,3.57,217490753.0,948778762.0,29080302699.21
2021-10-11,600027,3.69,3.76,3.47,3.57,203472076.0,898040194.0,29080302699.21
2021-10-12,600027,3.45,3.56,3.34,3.43,140184773.0,586586206.0,27939898671.79
2021-10-13,600027,3.39,3.41,3.2,3.3,107375418.0,429762544.0,26880952074.899998
2021-10-14,600027,3.27,3.38,3.25,3.33,80210163.0,325360552.0,27125324366.49
2021-10-15,600027,3.33,3.35,3.2,3.29,99283095.0,397343169.0,26799494644.37
2021-10-18,600027,3.31,3.38,3.26,3.34,105991346.0,431281989.0,27206781797.02
2021-10-19,600027,3.31,3.37,3.24,3.34,91630961.0,370056319.0,27206781797.02
2021-10-20,600027,3.35,3.67,3.34,3.67,116367716.0,503683519.0,29894877004.51
2021-10-21,600027,3.73,3.75,3.5,3.69,259713987.0,1155558639.0,30057791865.57
2021-10-22,600027,3.61,3.68,3.5,3.55,130581053.0,567647173.0,28917387838.149998
2021-10-25,600027,3.52,3.61,3.45,3.52,95681874.0,413518607.0,28673015546.56
2021-10-26,600027,3.52,3.66,3.5,3.52,114503959.0,500546814.0,28673015546.56
2021-10-27,600027,3.37,3.88,3.32,3.84,277220452.0,1251350469.0,31279653323.52
2021-10-28,600027,3.88,3.95,3.68,3.7,200669974.0,934840121.0,30139249296.100002
2021-10-29,600027,3.66,3.75,3.35,3.61,175924232.0,759700465.0,29406132421.329998
2021-11-01,600027,3.61,3.67,3.48,3.52,118991652.0,515695907.0,28673015546.56
2021-11-02,600027,3.52,3.52,3.33,3.39,91311478.0,379836039.0,27614068949.670002
2021-11-03,600027,3.4,3.43,3.29,3.34,84840371.0,346935697.0,27206781797.02
2021-11-04,600027,3.34,3.38,3.29,3.35,73711027.0,300431303.0,27288239227.55
2021-11-05,600027,3.33,3.34,3.03,3.07,138012916.0,530735757.0,25007431172.71
2021-11-08,600027,3.05,3.1,2.99,3.0,72267958.0,266442536.0,24437229159.0
2021-11-09,600027,3.03,3.09,2.98,2.99,61406942.0,227340192.0,24355771728.47
2021-11-10,600027,2.96,3.02,2.87,2.93,71864329.0,256380791.0,23867027145.29
2021-11-11,600027,2.93,2.96,2.85,2.88,88411957.0,312197571.0,23459739992.64
2021-11-12,600027,2.88,2.92,2.87,2.87,68207029.0,240388804.0,23378282562.11
2021-11-15,600027,2.86,2.92,2.83,2.91,59711994.0,209873936.0,23704112284.23
2021-11-16,600027,2.88,2.9,2.83,2.84,50866089.0,177613730.0,23133910270.52
2021-11-17,600027,2.84,2.9,2.84,2.88,43945256.0,154073146.0,23459739992.64
2021-11-18,600027,2.89,2.97,2.85,2.93,72046606.0,257179864.0,23867027145.29
2021-11-19,600027,2.93,2.94,2.86,2.91,57580509.0,202853325.0,23704112284.23
2021-11-22,600027,2.88,2.9,2.86,2.87,52108334.0,182603221.0,23378282562.11
2021-11-23,600027,2.86,2.91,2.84,2.89,50789553.0,178871110.0,23541197423.170002
2021-11-24,600027,2.88,2.95,2.85,2.92,80866047.0,286134620.0,23785569714.76
2021-11-25,600027,2.97,3.08,2.94,2.95,108348514.0,397614470.0,24029942006.350002
2021-11-26,600027,2.93,2.93,2.88,2.88,58183080.0,205015476.0,23459739992.64
2021-11-29,600027,2.85,3.04,2.83,3.03,123641950.0,447239575.0,24681601450.59
2021-11-30,600027,3.02,3.16,2.96,2.97,89605481.0,331613956.0,24192856867.41
2021-12-01,600027,2.96,3.1,2.96,3.09,70527229.0,261330683.0,25170346033.77
2021-12-02,600027,3.07,3.16,3.02,3.02,76023279.0,285748489.0,24600144020.06
2021-12-03,600027,3.01,3.29,3.0,3.23,143487593.0,555842962.0,26310750061.19
2021-12-06,600027,3.31,3.55,3.26,3.55,289703964.0,1231692926.0,28917387838.149998
2021-12-07,600027,3.61,3.85,3.53,3.83,303191251.0,1354120944.0,31198195892.99
2021-12-08,600027,3.73,3.83,3.6,3.79,202522292.0,914854718.0,30872366170.87
2021-12-09,600027,3.79,4.06,3.75,3.98,216303590.0,1032527359.0,32420057350.94
2021-12-10,600027,3.89,4.08,3.77,3.79,200164272.0,952161351.0,30872366170.87
2021-12-13,600027,3.85,3.99,3.77,3.78,242797687.0,1148001495.0,30790908740.34
2021-12-14,600027,3.75,3.83,3.66,3.74,148641102.0,676894235.0,30465079018.22
2021-12-15,600027,3.74,4.11,3.67,4.11,252329992.0,1230038176.0,33479003947.83
2021-12-16,600027,4.1,4.21,3.99,4.02,208014198.0,1033318433.0,32745887073.059998
2021-12-17,600027,3.97,4.2,3.94,4.02,185498756.0,920211117.0,32745887073.059998
2021-12-20,600027,4.07,4.11,3.83,3.94,131624247.0,633754955.0,32094227628.82
2021-12-21,600027,3.89,4.01,3.81,3.93,93287817.0,444201079.0,32012770198.29
2021-12-22,600027,3.93,4.18,3.89,3.96,139608589.0,685268334.0,32257142489.88
2021-12-23,600027,3.97,4.29,3.93,4.25,209116529.0,1061764956.0,34619407975.25
2021-12-24,600027,4.21,4.36,4.16,4.25,142684421.0,740164608.0,34619407975.25
2021-12-27,600027,4.24,4.5,4.15,4.29,144581479.0,762837816.0,34945237697.37
2021-12-28,600027,4.29,4.29,4.04,4.08,120082382.0,602399848.0,33234631656.24
2021-12-29,600027,4.02,4.12,3.86,4.04,138269868.0,673865943.0,32908801934.12
2021-12-30,600027,4.02,4.33,4.0,4.33,130814830.0,666681604.0,35271067419.49
2021-12-31,600027,4.39,4.49,4.27,4.38,126194479.0,673443466.0,35678354572.14
2022-01-04,600027,4.38,4.45,4.02,4.03,123587673.0,630396736.0,32827344503.59
2022-01-05,600027,3.93,4.03,3.75,4.0,141377657.0,664973141.0,32582972212.0
2022-01-06,600027,3.88,3.96,3.82,3.88,89477742.0,423353482.0,31605483045.64
2022-01-07,600027,3.85,3.92,3.71,3.78,87104277.0,404325911.0,30790908740.34
2022-01-10,600027,3.69,3.74,3.65,3.69,72936829.0,327955251.0,30057791865.57
2022-01-11,600027,3.68,3.8,3.66,3.7,72822801.0,331071029.0,30139249296.100002
2022-01-12,600027,3.75,3.79,3.66,3.74,38574977.0,174730351.0,30465079018.22
2022-01-13,600027,3.7,3.8,3.62,3.8,79789245.0,362902760.0,30953823601.399998
2022-01-14,600027,3.77,3.89,3.72,3.73,75698211.0,351083041.0,30383621587.69
2022-01-17,600027,3.74,3.85,3.7,3.75,57627359.0,266518133.0,30546536448.75
2022-01-18,600027,3.73,4.08,3.7,3.93,125541654.0,599068418.0,32012770198.29
2022-01-19,600027,3.89,3.93,3.79,3.9,82999702.0,391216016.0,31768397906.7
2022-01-20,600027,3.88,3.97,3.77,3.85,74659525.0,351991559.0,31361110754.05
2022-01-21,600027,3.81,4.0,3.7,3.74,119852592.0,564718458.0,30465079018.22
2022-01-24,600027,3.73,3.83,3.7,3.76,57162427.0,263393191.0,30627993879.28
2022-01-25,600027,3.74,3.78,3.52,3.52,76843352.0,339656677.0,28673015546.56
2022-01-26,600027,3.54,3.69,3.49,3.57,94116778.0,412922429.0,29080302699.21
2022-01-27,600027,3.56,3.61,3.48,3.54,76334245.0,331105968.0,28835930407.62
2022-01-28,600027,3.6,3.6,3.35,3.43,65027468.0,273391393.0,27939898671.79
2022-02-07,600027,3.48,3.62,3.45,3.54,77180310.0,334003520.0,28835930407.62
2022-02-08,600027,3.53,3.61,3.43,3.59,54954878.0,235533669.0,29243217560.27
2022-02-09,600027,3.57,3.79,3.52,3.7,76253835.0,343046559.0,30139249296.100002
2022-02-10,600027,3.7,3.75,3.62,3.68,47854263.0,214948915.0,29976334435.04
2022-02-11,600027,3.66,3.73,3.61,3.63,43312458.0,193717768.0,29569047282.39
2022-02-14,600027,3.6,3.61,3.36,3.43,69200330.0,293408085.0,27939898671.79
2022-02-15,600027,3.43,3.44,3.33,3.37,43822503.0,180431943.0,27451154088.61
2022-02-16,600027,3.39,3.45,3.36,3.39,36053021.0,149843686.0,27614068949.670002
2022-02-17,600027,3.39,3.43,3.34,3.41,39855805.0,165230929.0,27776983810.73
2022-02-18,600027,3.39,3.56,3.38,3.44,43905592.0,185698330.0,28021356102.32
2022-02-21,600027,3.43,3.44,3.36,3.39,34111677.0,140953749.0,27614068949.670002
2022-02-22,600027,3.37,3.38,3.26,3.31,56173701.0,226784441.0,26962409505.43
2022-02-23,600027,3.3,3.35,3.29,3.31,35764875.0,144662452.0,26962409505.43
2022-02-24,600027,3.29,3.38,3.19,3.24,69067903.0,277468637.0,26392207491.72
2022-02-25,600027,3.29,3.57,3.29,3.57,156287642.0,654771779.0,29080302699.21
2022-02-28,600027,3.52,3.58,3.38,3.52,123108594.0,523608196.0,28673015546.56
2022-03-01,600027,3.5,3.57,3.44,3.46,60290913.0,256498462.0,28184270963.38
2022-03-02,600027,3.46,3.47,3.38,3.43,47098897.0,196495165.0,27939898671.79
2022-03-03,600027,3.44,3.5,3.43,3.48,52279808.0,221345495.0,28347185824.44
2022-03-04,600027,3.45,3.57,3.36,3.46,68372696.0,288145625.0,28184270963.38
2022-03-07,600027,3.42,3.58,3.35,3.38,72443036.0,303988035.0,27532611519.14
2022-03-08,600027,3.36,3.39,3.25,3.25,56436770.0,228613796.0,26473664922.25
2022-03-09,600027,3.29,3.38,3.13,3.27,85601290.0,342246660.0,26636579783.31
2022-03-10,600027,3.36,3.39,3.24,3.33,60756132.0,246507685.0,27125324366.49
2022-03-11,600027,3.29,3.29,3.14,3.25,56687411.0,222305132.0,26473664922.25
2022-03-14,600027,3.2,3.23,3.07,3.07,65711338.0,251675584.0,25007431172.71
2022-03-15,600027,3.02,3.04,2.79,2.79,90756148.0,323586597.0,22726623117.87
2022-03-16,600027,2.85,2.96,2.79,2.94,86348370.0,303507322.0,23948484575.82
2022-03-17,600027,2.99,3.01,2.91,2.93,60309429.0,217105626.0,23867027145.29
2022-03-18,600027,2.91,3.08,2.88,3.07,66134654.0,244000974.0,25007431172.71
2022-03-21,600027,3.07,3.1,2.96,3.0,56831893.0,208642858.0,24437229159.0
2022-03-22,600027,2.99,3.06,2.95,3.02,39480900.0,144503325.0,24600144020.06
2022-03-23,600027,3.02,3.07,2.99,3.01,37538337.0,138397870.0,24518686589.53
2022-03-24,600027,2.97,2.99,2.93,2.93,31889694.0,114819642.0,23867027145.29
2022-03-25,600027,2.93,2.95,2.88,2.88,37496067.0,132816510.0,23459739992.64
2022-03-28,600027,2.86,3.02,2.82,2.95,67123914.0,239750696.0,24029942006.350002
2022-03-29,600027,2.97,3.02,2.9,2.91,49488653.0,178091878.0,23704112284.23
2022-03-30,600027,2.93,2.96,2.89,2.94,42162606.0,150637379.0,23948484575.82
2022-03-31,600027,2.93,2.98,2.88,2.9,51653385.0,184095676.0,23622654853.7
2022-04-01,600027,2.88,2.93,2.86,2.91,56539032.0,200125059.0,23704112284.23
2022-04-06,600027,2.9,2.97,2.88,2.96,52900993.0,188463942.0,24111399436.88
2022-04-07,600027,2.94,2.97,2.85,2.85,81747970.0,289582542.0,23215367701.05
2022-04-08,600027,2.86,2.9,2.82,2.88,58455590.0,203999470.0,23459739992.64
2022-04-11,600027,2.88,2.88,2.77,2.8,59294673.0,204075588.0,22808080548.399998
2022-04-12,600027,2.79,2.8,2.68,2.77,81831302.0,273158656.0,22563708256.81
2022-04-13,600027,2.75,2.79,2.72,2.75,48754371.0,163806524.0,22400793395.75
2022-04-14,600027,2.76,2.79,2.74,2.75,33657717.0,113392391.0,22400793395.75
2022-04-15,600027,2.75,2.9,2.71,2.84,99097325.0,338951854.0,23133910270.52
2022-04-18,600027,2.8,2.93,2.79,2.9,69054850.0,241061066.0,23622654853.7
2022-04-19,600027,2.88,2.92,2.84,2.86,56397936.0,198056167.0,23296825131.579998
2022-04-20,600027,2.88,2.95,2.84,2.86,81731300.0,289279347.0,23296825131.579998
2022-04-21,600027,2.86,2.88,2.73,2.75,60532899.0,206931197.0,22400793395.75
2022-04-22,600027,2.73,2.99,2.69,2.94,117613771.0,411807668.0,23948484575.82
2022-04-25,600027,2.89,3.03,2.87,2.97,163146213.0,590640160.0,24192856867.41
2022-04-26,600027,2.97,3.02,2.87,2.89,111732208.0,402735383.0,23541197423.170002
2022-04-27,600027,2.8,3.11,2.75,3.07,130525737.0,472186027.0,25007431172.71
2022-04-28,600027,3.02,3.11,2.98,3.08,104139272.0,387305401.0,25088888603.24
2022-04-29,600027,3.16,3.23,3.04,3.07,130023583.0,494318220.0,25007431172.71
2022-05-05,600027,3.03,3.11,3.02,3.07,96973309.0,363294992.0,25007431172.71
2022-05-06,600027,3.02,3.02,2.84,2.93,81953274.0,292968957.0,23867027145.29
2022-05-09,600027,2.9,3.01,2.89,2.97,52564410.0,190454493.0,24192856867.41
2022-05-10,600027,2.93,3.16,2.89,3.11,81793217.0,304165280.0,25333260894.829998
2022-05-11,600027,3.11,3.26,3.07,3.2,95980035.0,371092189.0,26066377769.600002
2022-05-12,600027,3.29,3.29,3.16,3.2,81801635.0,321537822.0,26066377769.600002
2022-05-13,600027,3.21,3.26,3.16,3.17,44194872.0,172394155.0,25822005478.01
2022-05-16,600027,3.17,3.2,3.1,3.13,55489400.0,212414315.0,25496175755.89
2022-05-17,600027,3.11,3.14,3.01,3.02,86366520.0,321291807.0,24600144020.06
2022-05-18,600027,3.02,3.16,3.02,3.11,89732306.0,337440643.0,25333260894.829998
2022-05-19,600027,3.06,3.2,3.03,3.19,68217555.0,260710919.0,25984920339.07
2022-05-20,600027,3.2,3.3,3.12,3.15,70639727.0,274623146.0,25659090616.95
2022-05-23,600027,3.13,3.16,3.07,3.11,58887487.0,223236132.0,25333260894.829998
2022-05-24,600027,3.11,3.15,2.99,2.99,66306910.0,248345930.0,24355771728.47
2022-05-25,600027,3.0,3.17,2.95,3.17,79349003.0,298760199.0,25822005478.01
2022-05-26,600027,3.19,3.23,3.11,3.15,53258558.0,205308153.0,25659090616.95
2022-05-27,600027,3.15,3.16,3.08,3.11,39864769.0,152240514.0,25333260894.829998
2022-05-30,600027,3.11,3.2,3.11,3.17,50239619.0,193576374.0,25822005478.01
2022-05-31,600027,3.16,3.25,3.13,3.23,74792472.0,291776895.0,26310750061.19
2022-06-01,600027,3.21,3.22,3.14,3.2,50848455.0,197490569.0,26066377769.600002
2022-06-02,600027,3.18,3.19,3.12,3.15,40957089.0,157159320.0,25659090616.95
2022-06-06,600027,3.11,3.16,3.05,3.13,76091455.0,287607068.0,25496175755.89
2022-06-07,600027,3.13,3.2,3.1,3.14,59554009.0,228512236.0,25577633186.420002
2022-06-08,600027,3.14,3.23,3.14,3.21,74312551.0,289361700.0,26147835200.13
2022-06-09,600027,3.19,3.27,3.11,3.14,64116481.0,249773554.0,25577633186.420002
2022-06-10,600027,3.12,3.2,3.11,3.19,59959199.0,232021064.0,25984920339.07
2022-06-13,600027,3.16,3.18,3.06,3.1,78828402.0,298402957.0,25251803464.3
2022-06-14,600027,3.07,3.13,3.01,3.13,54536158.0,204485894.0,25496175755.89
2022-06-15,600027,3.14,3.19,3.1,3.11,61324555.0,235510700.0,25333260894.829998
2022-06-16,600027,3.12,3.18,3.08,3.11,52380809.0,200308290.0,25333260894.829998
2022-06-17,600027,3.09,3.11,3.03,3.09,48339801.0,181005381.0,25170346033.77
2022-06-20,600027,3.09,3.33,3.08,3.28,124961956.0,491443788.0,26718037213.84
2022-06-21,600027,3.3,3.44,3.28,3.4,104283244.0,428641135.0,27695526380.2
2022-06-22,600027,3.37,3.39,3.27,3.27,57630192.0,232960334.0,26636579783.31
2022-06-23,600027,3.27,3.3,3.2,3.24,49283176.0,194338149.0,26392207491.72
2022-06-24,600027,3.25,3.25,3.17,3.22,46690320.0,183233686.0,26229292630.66
2022-06-27,600027,3.25,3.25,3.18,3.2,45411903.0,177440818.0,26066377769.600002
2022-06-28,600027,3.2,3.28,3.19,3.28,54127679.0,213835061.0,26718037213.84
2022-06-29,600027,3.26,3.3,3.23,3.26,43459724.0,172920333.0,26555122352.78
2022-06-30,600027,3.26,3.34,3.2,3.22,72990220.0,290451817.0,26229292630.66
2022-07-01,600027,3.23,3.3,3.21,3.23,60016750.0,238692784.0,26310750061.19
2022-07-04,600027,3.3,3.55,3.28,3.55,132944112.0,566140662.0,28917387838.149998
2022-07-05,600027,3.56,3.73,3.51,3.67,224166023.0,994088994.0,29894877004.51
2022-07-06,600027,3.71,3.95,3.65,3.78,151736875.0,701115121.0,30790908740.34
2022-07-07,600027,3.82,3.94,3.78,3.88,106983548.0,505633543.0,31605483045.64
2022-07-08,600027,3.84,3.93,3.75,3.9,74096178.0,349089029.0,31768397906.7
2022-07-11,600027,3.93,4.18,3.91,4.01,101876197.0,502664024.0,32664429642.53
2022-07-12,600027,3.98,4.1,3.93,4.04,75629985.0,371755963.0,32908801934.12
2022-07-13,600027,4.02,4.11,3.96,4.05,59985053.0,294583494.0,32990259364.649998
2022-07-14,600027,4.01,4.03,3.84,3.91,93329858.0,445396190.0,31849855337.23
2022-07-15,600027,3.88,4.02,3.87,3.97,80500478.0,390282926.0,32338599920.41
2022-07-18,600027,3.97,4.15,3.97,4.13,80169950.0,400442111.0,33641918808.89
2022-07-19,600027,4.14,4.16,4.05,4.07,50600578.0,252315581.0,33153174225.710003
2022-07-20,600027,4.08,4.1,3.93,4.05,50834618.0,249081100.0,32990259364.649998
2022-07-21,600027,4.07,4.08,3.93,3.96,39247201.0,190929035.0,32257142489.88
2022-07-22,600027,3.94,4.01,3.86,3.92,43080480.0,206230930.0,31931312767.76
2022-07-25,600027,3.94,3.97,3.73,3.75,48306938.0,224191129.0,30546536448.75
2022-07-26,600027,3.77,3.84,3.7,3.77,37242485.0,171512702.0,30709451309.81
2022-07-27,600027,3.77,3.79,3.69,3.75,45046793.0,205219150.0,30546536448.75
2022-07-28,600027,3.78,3.82,3.7,3.72,45880286.0,199023329.0,30302164157.16
2022-07-29,600027,3.72,3.86,3.72,3.74,46083910.0,201052022.0,30465079018.22
2022-08-01,600027,3.73,3.83,3.66,3.79,49342592.0,214175168.0,30872366170.87
2022-08-02,600027,3.73,3.75,3.58,3.7,49669187.0,209919537.0,30139249296.100002
2022-08-03,600027,3.68,3.78,3.64,3.65,34378597.0,147738672.0,29731962143.45
2022-08-04,600027,3.7,3.81,3.63,3.78,43850474.0,189889301.0,30790908740.34
2022-08-05,600027,3.78,3.83,3.71,3.79,34027968.0,148158966.0,30872366170.87
2022-08-08,600027,3.79,4.0,3.76,3.93,45343633.0,204058082.0,32012770198.29
2022-08-09,600027,3.93,4.01,3.82,3.84,45271989.0,203307834.0,31279653323.52
2022-08-10,600027,3.84,3.86,3.79,3.82,22323104.0,98382666.0,31116738462.46
2022-08-11,600027,3.86,3.95,3.84,3.94,31552323.0,142528576.0,32094227628.82
2022-08-12,600027,3.94,4.33,3.94,4.24,126027653.0,613537340.0,34537950544.72
2022-08-15,600027,4.33,4.44,4.23,4.37,95006336.0,475792429.0,35596897141.61
2022-08-16,600027,4.5,4.58,4.35,4.53,112061109.0,578422732.0,36900216030.090004
2022-08-17,600027,4.52,4.66,4.46,4.58,90556590.0,478449425.0,37307503182.74
2022-08-18,600027,4.58,4.66,4.49,4.53,66515902.0,350345897.0,36900216030.090004
2022-08-19,600027,4.52,4.98,4.46,4.98,168569264.0,939804661.0,40565800403.94
2022-08-22,600027,4.94,5.05,4.72,4.75,169123419.0,949240557.0,38692279501.75
2022-08-23,600027,4.68,4.95,4.66,4.92,103413780.0,580756788.0,40077055820.76
2022-08-24,600027,4.92,5.0,4.76,4.76,73733357.0,411449680.0,38773736932.28
2022-08-25,600027,4.86,5.01,4.78,4.95,105241130.0,596661861.0,40321428112.35
2022-08-26,600027,4.88,5.21,4.83,5.04,120757328.0,704761824.0,41054544987.12
2022-08-29,600027,4.91,4.99,4.72,4.94,112631514.0,631436828.0,40239970681.82
2022-08-30,600027,4.94,5.04,4.79,4.85,59470051.0,333717363.0,39506853807.049995
2022-08-31,600027,4.82,4.85,4.56,4.73,93713969.0,506118179.0,38529364640.69
2022-09-01,600027,4.77,4.79,4.61,4.69,45658756.0,248767832.0,38203534918.57
2022-09-02,600027,4.76,5.01,4.76,4.87,83700867.0,472410339.0,39669768668.11
2022-09-05,600027,4.9,5.12,4.81,5.08,90463590.0,525415150.0,41380374709.24
2022-09-06,600027,5.08,5.5,5.01,5.47,122657256.0,753653291.0,44557214499.909996
2022-09-07,600027,5.41,6.02,5.31,6.02,196703631.0,1280960793.0,49037373179.06
2022-09-08,600027,5.95,5.98,5.7,5.87,136267202.0,917710500.0,47815511721.11
2022-09-09,600027,5.82,6.2,5.72,5.97,142024131.0,980962008.0,48630086026.409996
2022-09-13,600027,5.98,6.01,5.61,5.69,91435260.0,604015657.0,46349277971.57
2022-09-14,600027,5.63,5.74,5.54,5.69,69007980.0,448357469.0,46349277971.57
2022-09-15,600027,5.63,5.73,5.39,5.48,75597830.0,479857136.0,44638671930.44
2022-09-16,600027,5.49,5.65,5.29,5.36,80201450.0,502036415.0,43661182764.08
2022-09-19,600027,5.24,5.57,4.98,5.53,150498034.0,926231191.0,45045959083.090004
2022-09-20,600027,5.56,5.6,5.34,5.41,48792236.0,305968004.0,44068469916.73
2022-09-21,600027,5.42,5.76,5.34,5.7,88334717.0,570798972.0,46430735402.1
2022-09-22,600027,5.59,5.83,5.53,5.71,71349882.0,468665645.0,46512192832.63
2022-09-23,600027,5.63,5.82,5.46,5.5,55391052.0,357698656.0,44801586791.5
2022-09-26,600027,5.29,5.68,5.25,5.55,65935899.0,420359381.0,45208873944.15
2022-09-27,600027,5.55,5.59,5.39,5.49,39153553.0,246928864.0,44720129360.97
2022-09-28,600027,5.44,5.63,5.18,5.24,54291132.0,333226487.0,42719752982.6
2022-09-29,600027,5.2,5.29,5.13,5.19,48679894.0,292063139.0,42312121751.850006
2022-09-30,600027,5.24,5.3,5.13,5.16,35792558.0,215151759.0,42067543013.4
2022-10-10,600027,5.16,5.28,5.08,5.1,36340131.0,216726563.0,41578385536.5
2022-10-11,600027,5.08,5.61,5.01,5.61,77134191.0,484728911.0,45736224090.15
2022-10-12,600027,5.65,5.7,5.31,5.68,87030988.0,550767048.0,46306907813.2
2022-10-13,600027,5.5,5.94,5.49,5.84,97694482.0,647707797.0,47611327751.6
2022-10-14,600027,5.79,5.92,5.69,5.85,95176767.0,637363757.0,47692853997.75
2022-10-17,600027,5.75,5.85,5.54,5.71,71435124.0,470188693.0,46551486551.65
2022-10-18,600027,5.68,6.01,5.63,5.81,88561435.0,597435607.0,47366749013.149994
2022-10-19,600027,5.77,5.91,5.52,5.56,71386071.0,468399790.0,45328592859.399994
2022-10-20,600027,5.45,5.55,5.23,5.24,85555526.0,528738803.0,42719752982.6
2022-10-21,600027,5.3,5.72,5.25,5.55,116780640.0,747925764.0,45247066613.25
2022-10-24,600027,5.55,5.57,5.39,5.44,63103882.0,397604495.0,44350277905.600006
2022-10-25,600027,5.38,5.62,5.31,5.38,66794941.0,418736817.0,43861120428.7
2022-10-26,600027,5.36,5.44,5.11,5.19,105361575.0,638129510.0,42312121751.850006
2022-10-27,600027,5.06,5.19,4.76,4.89,158138326.0,897306600.0,39866334367.35
2022-10-28,600027,4.89,4.89,4.44,4.51,154852955.0,823996368.0,36768337013.65
2022-10-31,600027,4.48,4.85,4.48,4.71,103512237.0,565091731.0,38398861936.65
2022-11-01,600027,4.75,4.76,4.25,4.43,162812283.0,829815044.0,36116127044.45
2022-11-02,600027,4.37,4.38,4.14,4.33,196370759.0,957060431.0,35300864582.95
2022-11-03,600027,4.27,4.44,4.2,4.36,124628103.0,625159773.0,35545443321.4
2022-11-04,600027,4.45,4.72,4.4,4.66,137428139.0,729672444.0,37991230705.9
2022-11-07,600027,4.66,4.7,4.56,4.59,77172407.0,410750919.0,37420546982.85
2022-11-08,600027,4.57,4.67,4.47,4.6,68530592.0,362872907.0,37502073229.0
2022-11-09,600027,4.59,4.75,4.55,4.59,53951331.0,288704197.0,37420546982.85
2022-11-10,600027,4.67,4.85,4.61,4.66,93045702.0,507353060.0,37991230705.9
2022-11-11,600027,4.74,4.77,4.57,4.67,70522425.0,379360017.0,38072756952.05
2022-11-14,600027,4.67,4.85,4.57,4.79,88405873.0,482579937.0,39051071905.85
2022-11-15,600027,4.73,4.83,4.72,4.82,61407152.0,338577830.0,39295650644.3
2022-11-16,600027,4.89,5.24,4.82,4.85,106807200.0,612267189.0,39540229382.75
2022-11-17,600027,4.82,4.82,4.71,4.75,61475683.0,337319237.0,38724966921.25
2022-11-18,600027,4.74,4.88,4.68,4.82,54017071.0,299183907.0,39295650644.3
2022-11-21,600027,4.76,5.05,4.72,4.93,68714440.0,391827277.0,40192439351.95
2022-11-22,600027,4.97,4.97,4.8,4.9,48683422.0,273843631.0,39947860613.5
2022-11-23,600027,4.88,5.0,4.85,4.96,68202274.0,389070367.0,40437018090.4
2022-11-24,600027,5.07,5.26,5.05,5.11,78160692.0,465331712.0,41659911782.65
2022-11-25,600027,5.14,5.23,5.01,5.16,46733210.0,276986461.0,42067543013.4
2022-11-28,600027,5.17,5.55,5.04,5.48,140485400.0,870649771.0,44676382890.200005
2022-11-29,600027,5.47,5.5,5.08,5.15,122954677.0,743579426.0,41986016767.25
2022-11-30,600027,5.14,5.16,5.03,5.11,76288428.0,449249365.0,41659911782.65
2022-12-01,600027,5.11,5.11,4.97,4.99,60323556.0,349990050.0,40681596828.85
2022-12-02,600027,4.97,5.02,4.91,4.97,38713254.0,221197120.0,40518544336.549995
2022-12-05,600027,4.96,5.09,4.92,5.05,76100022.0,439657727.0,41170754305.75
2022-12-06,600027,5.05,5.07,4.92,4.95,49793814.0,285984629.0,40355491844.25
2022-12-07,600027,4.97,4.97,4.79,4.8,58454614.0,326005324.0,39132598152.0
2022-12-08,600027,4.81,4.86,4.68,4.75,41163100.0,226705122.0,38724966921.25
2022-12-09,600027,4.74,4.78,4.61,4.65,64237828.0,345446487.0,37909704459.75
2022-12-12,600027,4.66,4.67,4.5,4.53,62554793.0,327643789.0,36931389505.950005
2022-12-13,600027,4.54,4.59,4.52,4.57,40101772.0,210866725.0,37257494490.55
2022-12-14,600027,4.53,4.59,4.46,4.5,55720969.0,289930008.0,36686810767.5
2022-12-15,600027,4.49,4.6,4.44,4.59,49658814.0,260624400.0,37420546982.85
2022-12-16,600027,4.56,4.83,4.56,4.69,74219054.0,403200816.0,38235809444.350006
2022-12-19,600027,4.66,4.75,4.5,4.54,42760469.0,226896606.0,37012915752.1
2022-12-20,600027,4.55,4.59,4.46,4.56,32237228.0,168200590.0,37175968244.399994
2022-12-21,600027,4.55,4.59,4.45,4.49,21608040.0,111980929.0,36605284521.35
2022-12-22,600027,4.49,4.52,4.38,4.4,32125617.0,164075476.0,35871548306.0
2022-12-23,600027,4.44,4.59,4.4,4.51,53424869.0,275906648.0,36768337013.65
2022-12-26,600027,4.5,4.68,4.47,4.66,53822749.0,285279575.0,37991230705.9
2022-12-27,600027,4.66,4.71,4.58,4.66,36424491.0,195232564.0,37991230705.9
2022-12-28,600027,4.65,5.03,4.58,4.98,119805982.0,677769856.0,40600070582.700005
2022-12-29,600027,4.95,5.02,4.87,4.98,58300535.0,333245615.0,40600070582.700005
2022-12-30,600027,5.02,5.19,4.94,5.1,75393786.0,442464939.0,41578385536.5
2023-01-03,600027,5.11,5.61,5.1,5.61,144983965.0,905787301.0,45736224090.15
2023-01-04,600027,5.57,5.6,5.31,5.47,127052843.0,797900876.0,44594856644.049995
2023-01-05,600027,5.42,5.63,5.38,5.55,104836602.0,668009140.0,45247066613.25
2023-01-06,600027,5.51,5.68,5.46,5.53,77926642.0,499625493.0,45084014120.950005
2023-01-09,600027,5.46,5.5,5.23,5.24,107476733.0,657180698.0,42719752982.6
2023-01-10,600027,5.2,5.28,5.11,5.13,74273623.0,442493591.0,41822964274.95
2023-01-11,600027,5.13,5.19,5.04,5.05,71011397.0,417591749.0,41170754305.75
2023-01-12,600027,5.04,5.09,4.97,4.99,59046321.0,341916418.0,40681596828.85
2023-01-13,600027,4.99,5.03,4.88,4.95,65608889.0,373634118.0,40355491844.25
2023-01-16,600027,4.96,4.97,4.83,4.86,122985793.0,690653631.0,39621755628.9
2023-01-17,600027,4.87,4.88,4.73,4.78,93078227.0,513548432.0,38969545659.700005
2023-01-18,600027,4.8,4.87,4.76,4.81,86154781.0,479824100.0,39214124398.149994
2023-01-19,600027,4.83,4.86,4.7,4.85,86500077.0,477016603.0,39540229382.75
2023-01-20,600027,4.85,5.11,4.81,5.11,109919639.0,634831661.0,41659911782.65
2023-01-30,600027,5.14,5.14,4.93,5.01,135254628.0,783414462.0,40844649321.15
2023-01-31,600027,4.89,5.05,4.85,5.05,141045905.0,804805734.0,41170754305.75
2023-02-01,600027,5.01,5.02,4.87,4.94,98237529.0,557457016.0,40273965598.100006
2023-02-02,600027,4.92,5.15,4.91,5.13,130657524.0,764642718.0,41822964274.95
2023-02-03,600027,5.09,5.14,4.98,5.11,89425674.0,522594043.0,41659911782.65
2023-02-06,600027,5.05,5.27,5.01,5.05,82179001.0,487149435.0,41170754305.75
2023-02-07,600027,5.08,5.24,4.98,5.23,91504822.0,544298308.0,42638226736.450005
2023-02-08,600027,5.23,5.34,5.17,5.25,80914037.0,489065179.0,42801279228.75
2023-02-09,600027,5.28,5.37,5.11,5.18,68793928.0,412462135.0,42230595505.7
2023-02-10,600027,5.2,5.44,5.18,5.38,118621992.0,728066842.0,43861120428.7
2023-02-13,600027,5.37,5.5,5.18,5.21,111275041.0,676027774.0,42475174244.15
2023-02-14,600027,5.19,5.29,5.17,5.22,61340956.0,369843652.0,42556700490.299995
2023-02-15,600027,5.22,5.23,5.09,5.21,91526007.0,543273682.0,42475174244.15
2023-02-16,600027,5.19,5.24,5.04,5.08,48717100.0,288501065.0,41415333044.2
2023-02-17,600027,5.05,5.17,5.02,5.03,49301387.0,289428055.0,41007701813.450005
2023-02-20,600027,5.05,5.08,4.99,5.05,42377699.0,246441078.0,41170754305.75
2023-02-21,600027,5.02,5.14,4.92,5.09,46916495.0,273033929.0,41496859290.35
2023-02-22,600027,5.05,5.13,5.04,5.08,29940857.0,175257506.0,41415333044.2
2023-02-23,600027,5.04,5.05,4.9,4.98,74090324.0,423358364.0,40600070582.700005
2023-02-24,600027,4.96,4.99,4.91,4.94,37992932.0,216870856.0,40273965598.100006
2023-02-27,600027,4.92,4.93,4.82,4.86,36810231.0,206506013.0,39621755628.9
2023-02-28,600027,4.86,5.01,4.85,4.98,59681955.0,339276974.0,40600070582.700005
2023-03-01,600027,4.95,5.01,4.92,4.98,46141514.0,264327511.0,40600070582.700005
2023-03-02,600027,4.96,4.99,4.89,4.91,34476474.0,195766551.0,40029386859.65
2023-03-03,600027,4.9,5.25,4.88,5.2,112545284.0,663409319.0,42393647998.0
2023-03-06,600027,5.21,5.41,5.2,5.37,115479760.0,709255035.0,43779594182.55
2023-03-07,600027,5.34,5.42,5.31,5.33,84909443.0,526042951.0,43453489197.95
2023-03-08,600027,5.26,5.36,5.23,5.24,52474347.0,318857381.0,42719752982.6
2023-03-09,600027,5.25,5.27,5.16,5.18,34055867.0,204527095.0,42230595505.7
2023-03-10,600027,5.14,5.17,5.03,5.04,44179489.0,258570170.0,41089228059.6
2023-03-13,600027,5.02,5.06,4.97,5.02,33762249.0,195217427.0,40926175567.299995
2023-03-14,600027,4.99,5.21,4.97,5.16,64196132.0,380309637.0,42067543013.4
2023-03-15,600027,5.16,5.37,5.06,5.31,71789250.0,433027328.0,43290436705.649994
2023-03-16,600027,5.3,5.44,5.2,5.37,79151869.0,488735755.0,43779594182.55
2023-03-17,600027,5.32,5.5,5.31,5.34,101598393.0,634732208.0,43535015444.1
2023-03-20,600027,5.34,5.41,5.07,5.1,64145332.0,386347953.0,41578385536.5
2023-03-21,600027,5.13,5.23,5.1,5.18,41451358.0,247624982.0,42230595505.7
2023-03-22,600027,5.21,5.25,5.01,5.06,60143400.0,352037670.0,41252280551.899994
2023-03-23,600027,5.08,5.11,4.98,5.08,45725188.0,265623831.0,41415333044.2
2023-03-24,600027,5.08,5.08,4.96,5.0,55094903.0,318200270.0,40763123075.0
2023-03-27,600027,5.01,5.01,4.87,4.92,44907152.0,254615843.0,40110913105.8
2023-03-28,600027,4.92,4.96,4.89,4.92,41350947.0,234599198.0,40110913105.8
2023-03-29,600027,4.93,5.05,4.9,4.95,51126802.0,291958504.0,40355491844.25
2023-03-30,600027,4.96,4.99,4.87,4.99,38630175.0,220056281.0,40681596828.85
2023-03-31,600027,4.99,5.05,4.95,5.02,48991483.0,282429990.0,41045909284.06
2023-04-03,600027,5.03,5.03,4.59,4.71,175726217.0,955185282.0,38511201738.63
2023-04-04,600027,4.67,4.74,4.61,4.72,54622319.0,295801003.0,38592966498.159996
2023-04-06,600027,4.69,4.81,4.6,4.74,52281014.0,284113747.0,38756496017.22
2023-04-07,600027,4.72,4.9,4.71,4.85,40632468.0,225995345.0,39655908372.049995
2023-04-10,600027,4.85,5.24,4.82,5.17,137090460.0,811193161.0,42272380677.01
2023-04-11,600027,5.17,5.23,5.11,5.17,79840199.0,476229290.0,42272380677.01
2023-04-12,600027,5.18,5.19,5.0,5.09,55799038.0,326922686.0,41618262600.77
2023-04-13,600027,5.11,5.23,5.08,5.2,67620901.0,402467277.0,42517674955.6
2023-04-14,600027,5.19,5.39,5.15,5.34,96488480.0,590313953.0,43662381589.02
2023-04-17,600027,5.36,5.44,5.26,5.34,104206440.0,642557984.0,43662381589.02
2023-04-18,600027,5.35,5.37,5.1,5.22,69483651.0,415635975.0,42681204474.659996
2023-04-19,600027,5.18,5.25,5.17,5.2,43506222.0,261311460.0,42517674955.6
2023-04-20,600027,5.28,5.28,5.16,5.21,42176407.0,252769299.0,42599439715.13
2023-04-21,600027,5.19,5.25,5.11,5.14,44552881.0,266435895.0,42027086398.42
2023-04-24,600027,5.14,5.32,5.13,5.26,68288975.0,412810249.0,44387943591.96
2023-04-25,600027,5.26,5.41,5.18,5.27,57315509.0,350779380.0,44472331317.42
2023-04-26,600027,5.38,5.65,5.38,5.44,137423503.0,874517901.0,45906922650.240005
2023-04-27,600027,5.44,5.51,5.29,5.47,77355094.0,483658019.0,46160085826.619995
2023-04-28,600027,5.44,5.53,5.38,5.48,69526128.0,437866335.0,46244473552.08
2023-05-04,600027,5.46,5.7,5.43,5.49,145793466.0,935627670.0,46328861277.54
2023-05-05,600027,5.5,5.57,5.39,5.56,85290655.0,542704437.0,46919575355.759995
2023-05-08,600027,5.57,5.79,5.48,5.54,115603855.0,747868704.0,46750799904.840004
2023-05-09,600027,5.57,5.57,5.29,5.32,80351005.0,501828554.0,44894269944.72
2023-05-10,600027,5.35,5.37,5.18,5.24,54228255.0,328935801.0,44219168141.04
2023-05-11,600027,5.24,5.42,5.14,5.31,58177834.0,356971692.0,44809882219.259995
2023-05-12,600027,5.28,5.78,5.26,5.68,223936459.0,1461134151.0,47932228061.28
2023-05-15,600027,5.75,5.81,5.55,5.62,209361749.0,1369539390.0,47425901708.520004
2023-05-16,600027,5.56,5.63,5.41,5.49,115760604.0,737464285.0,46328861277.54
2023-05-17,600027,5.46,5.66,5.38,5.55,145682855.0,931702144.0,46835187630.299995
2023-05-18,600027,5.54,5.74,5.44,5.49,114959828.0,738944893.0,46328861277.54
2023-05-19,600027,5.46,5.54,5.35,5.37,75425610.0,472758449.0,45316208572.020004
2023-05-22,600027,5.36,5.72,5.35,5.58,94882493.0,611877176.0,47088350806.68
2023-05-23,600027,5.57,5.59,5.22,5.23,125308305.0,770353973.0,44134780415.58
2023-05-24,600027,5.23,5.29,5.17,5.2,66182716.0,398707114.0,43881617239.200005
2023-05-25,600027,5.22,5.4,5.22,5.35,79275381.0,487639036.0,45147433121.1
2023-05-26,600027,5.41,5.81,5.37,5.61,148797220.0,969222398.0,47341513983.060005
2023-05-29,600027,5.56,6.17,5.56,6.17,199554837.0,1376910019.0,52067226608.82
2023-05-30,600027,6.31,6.31,6.07,6.24,165528996.0,1180917410.0,52657940687.04
2023-05-31,600027,6.19,6.35,6.05,6.18,129985299.0,924615195.0,52593824153.939995
2023-06-01,600027,6.19,6.27,5.96,6.06,95117211.0,667085443.0,51572584849.979996
2023-06-02,600027,6.04,6.11,5.85,5.89,110492008.0,758803645.0,50125829169.369995
2023-06-05,600027,5.89,6.01,5.82,5.96,95265192.0,652283111.0,50721552096.68
2023-06-06,600027,5.95,5.95,5.69,5.73,91688325.0,611055777.0,48764176764.090004
2023-06-07,600027,5.73,5.77,5.64,5.71,60466192.0,397841571.0,48593970213.43
2023-06-08,600027,5.67,5.83,5.61,5.79,77455409.0,513017748.0,49274796416.07
2023-06-09,600027,5.81,5.99,5.72,5.94,91496232.0,621904890.0,50551345546.020004
2023-06-12,600027,5.94,6.04,5.7,5.73,90930089.0,612598111.0,48764176764.090004
2023-06-13,600027,5.7,5.78,5.6,5.68,64093341.0,418919303.0,48338660387.439995
2023-06-14,600027,5.7,5.7,5.45,5.49,119253992.0,761337264.0,46721698156.17
2023-06-15,600027,5.5,5.54,5.44,5.54,74839233.0,474535586.0,47147214532.82
2023-06-16,600027,5.52,5.55,5.33,5.36,120441299.0,748115742.0,45615355576.880005
2023-06-19,600027,5.37,5.5,5.31,5.49,95518361.0,596960959.0,46721698156.17
2023-06-20,600027,5.51,5.65,5.42,5.57,100182007.0,640741742.0,47402524358.810005
2023-06-21,600027,5.56,5.72,5.52,5.58,82286495.0,534763189.0,47487627634.14
2023-06-26,600027,5.57,5.98,5.57,5.9,156646718.0,1054293004.0,50210932444.700005
2023-06-27,600027,5.86,5.98,5.66,5.96,127040184.0,855138205.0,50721552096.68
2023-06-28,600027,5.88,6.09,5.81,5.96,94219559.0,650227570.0,50721552096.68
2023-06-29,600027,5.94,5.94,5.83,5.89,61717315.0,418772588.0,50125829169.369995
2023-06-30,600027,5.87,5.94,5.76,5.8,63317568.0,424730025.0,49359899691.4
2023-07-03,600027,5.81,5.99,5.75,5.94,68789124.0,467134897.0,50551345546.020004
2023-07-04,600027,5.91,6.09,5.89,5.96,80053032.0,552928175.0,50721552096.68
2023-07-05,600027,5.95,6.02,5.86,5.88,47014422.0,320536833.0,50040725894.04
2023-07-06,600027,5.86,5.93,5.78,5.82,45104536.0,303382874.0,49530106242.060005
2023-07-07,600027,5.81,6.04,5.78,5.96,79521261.0,546676943.0,50721552096.68
2023-07-10,600027,6.05,6.15,5.92,5.99,84320109.0,586296575.0,50976861922.67
2023-07-11,600027,5.98,5.98,5.8,5.89,47542968.0,322035446.0,50125829169.369995
2023-07-12,600027,5.9,5.96,5.76,5.87,61149310.0,413122881.0,49955622618.71
2023-07-13,600027,5.85,5.89,5.8,5.85,49748962.0,335144143.0,49785416068.049995
2023-07-14,600027,5.83,5.83,5.5,5.51,165780283.0,1066209407.0,46891904706.83
2023-07-17,600027,5.54,5.61,5.4,5.48,89128713.0,562235306.0,46636594880.840004
2023-07-18,600027,5.49,5.49,5.37,5.42,63668997.0,397078843.0,46125975228.86
2023-07-19,600027,5.44,5.45,5.33,5.43,61667751.0,371469734.0,46211078504.189995
2023-07-20,600027,5.4,5.44,5.33,5.35,48920299.0,293521048.0,45530252301.549995
2023-07-21,600027,5.32,5.36,5.25,5.29,68153951.0,402302485.0,45019632649.57
2023-07-24,600027,5.25,5.41,5.19,5.4,73337750.0,436877309.0,45955768678.200005
2023-07-25,600027,5.4,5.41,5.07,5.16,174937034.0,1008851817.0,43913290070.28
2023-07-26,600027,5.12,5.17,5.08,5.12,58049249.0,331901372.0,43572876968.96
2023-07-27,600027,5.12,5.13,4.98,5.02,101178889.0,569884341.0,42721844215.659996
2023-07-28,600027,5.0,5.1,4.96,5.06,67215363.0,377304400.0,43062257316.979996
2023-07-31,600027,5.06,5.1,5.0,5.09,72951853.0,412164693.0,43317567142.97
2023-08-01,600027,5.12,5.24,5.06,5.23,129548928.0,749119998.0,44509012997.590004
2023-08-02,600027,5.19,5.19,5.1,5.13,75419909.0,432352151.0,43657980244.29
2023-08-03,600027,5.11,5.27,5.1,5.2,86578640.0,502914176.0,44253703171.6
2023-08-04,600027,5.2,5.28,5.17,5.21,89066789.0,519174620.0,44338806446.93
2023-08-07,600027,5.19,5.26,5.17,5.24,49396084.0,288136297.0,44594116272.92
2023-08-08,600027,5.21,5.31,5.15,5.19,56127839.0,326455722.0,44168599896.270004
2023-08-09,600027,5.16,5.18,5.03,5.06,65846237.0,373401274.0,43062257316.979996
2023-08-10,600027,5.06,5.1,5.03,5.04,46361646.0,262129386.0,42892050766.32
2023-08-11,600027,5.05,5.05,4.88,4.88,91413875.0,503343112.0,41530398361.04
2023-08-14,600027,4.88,5.05,4.81,5.04,88496885.0,491233649.0,42892050766.32
2023-08-15,600027,5.05,5.19,5.01,5.14,76780814.0,440257634.0,43743083519.619995
2023-08-16,600027,5.14,5.14,4.97,4.99,67977551.0,380973388.0,42466534389.67
2023-08-17,600027,4.94,5.01,4.91,5.0,55404059.0,306436224.0,42551637665.0
2023-08-18,600027,4.97,5.06,4.97,5.0,43087030.0,241289497.0,42551637665.0
2023-08-21,600027,4.97,5.02,4.89,4.89,38265634.0,210658682.0,41615501636.369995
2023-08-22,600027,4.89,4.93,4.78,4.88,40353280.0,218700608.0,41530398361.04
2023-08-23,600027,4.88,4.91,4.76,4.76,43654437.0,235241821.0,40509159057.08
2023-08-24,600027,4.76,4.84,4.7,4.72,50283809.0,266409317.0,40168745955.759995
2023-08-25,600027,4.71,4.84,4.67,4.75,50483481.0,269094166.0,40424055781.75
2023-08-28,600027,4.89,4.93,4.66,4.69,86039486.0,456867057.0,39913436129.770004
2023-08-29,600027,4.68,4.7,4.59,4.64,88301441.0,456933060.0,39487919753.119995
2023-08-30,600027,4.65,4.73,4.56,4.58,93868272.0,483797318.0,38977300101.14
2023-08-31,600027,4.59,4.63,4.53,4.57,83761900.0,427050047.0,38892196825.810005
2023-09-01,600027,4.53,4.56,4.41,4.46,116319673.0,580138986.0,37956060797.18
2023-09-04,600027,4.46,4.46,4.31,4.37,187011258.0,908495345.0,37190131319.21
2023-09-05,600027,4.39,4.58,4.38,4.56,193773099.0,972548998.0,38807093550.479996
2023-09-06,600027,4.56,4.64,4.5,4.59,136467430.0,699508875.0,39062403376.47
2023-09-07,600027,4.59,4.61,4.5,4.59,109926401.0,558740152.0,39062403376.47
2023-09-08,600027,4.55,4.98,4.54,4.87,215565047.0,1154434365.0,41445295085.71
2023-09-11,600027,4.83,4.95,4.78,4.88,142459278.0,777276451.0,41530398361.04
2023-09-12,600027,4.89,5.1,4.88,4.94,131950008.0,734083079.0,42041018013.020004
2023-09-13,600027,4.98,5.01,4.88,4.95,90756082.0,500553336.0,42126121288.35
2023-09-14,600027,4.95,5.04,4.93,5.0,97954449.0,546490464.0,42551637665.0
2023-09-15,600027,5.01,5.01,4.89,4.93,78436339.0,432970442.0,41955914737.689995
2023-09-18,600027,4.92,4.94,4.84,4.85,51395390.0,279656330.0,41275088535.049995
2023-09-19,600027,4.84,4.87,4.79,4.84,47940730.0,258632319.0,41189985259.72
2023-09-20,600027,4.82,4.85,4.76,4.8,48449977.0,259698096.0,40849572158.4
2023-09-21,600027,4.8,4.9,4.77,4.83,53529087.0,289479036.0,41104881984.39
2023-09-22,600027,4.85,4.95,4.78,4.82,57920318.0,312603587.0,41019778709.060005
2023-09-25,600027,4.82,4.84,4.73,4.75,61450250.0,326888259.0,40424055781.75
2023-09-26,600027,4.75,4.78,4.68,4.72,51290600.0,270115989.0,40168745955.759995
2023-09-27,600027,4.72,4.77,4.65,4.66,43256933.0,226533878.0,39658126303.78
2023-09-28,600027,4.66,4.72,4.61,4.61,47449473.0,246562839.0,39232609927.130005
2023-10-09,600027,4.59,4.62,4.54,4.58,89016300.0,454398379.0,38977300101.14
2023-10-10,600027,4.58,4.59,4.49,4.49,58406408.0,294517324.0,38211370623.17
2023-10-11,600027,4.5,4.58,4.45,4.46,53481377.0,268748004.0,37956060797.18
2023-10-12,600027,4.5,4.52,4.47,4.5,40855200.0,205089120.0,38296473898.5
2023-10-13,600027,4.51,4.63,4.34,4.37,93256860.0,460630334.0,37190131319.21
2023-10-16,600027,4.37,4.42,4.33,4.38,67364967.0,328725742.0,37275234594.54
2023-10-17,600027,4.4,4.48,4.38,4.42,59660200.0,295013236.0,37615647695.86
2023-10-18,600027,4.42,4.43,4.33,4.33,49951616.0,242838110.0,36849718217.89
2023-10-19,600027,4.33,4.33,4.24,4.31,56288589.0,269621330.0,36679511667.229996
2023-10-20,600027,4.28,4.35,4.24,4.3,39691009.0,191005826.0,36594408391.9
2023-10-23,600027,4.28,4.3,4.16,4.21,40949888.0,193433204.0,35828478913.93
2023-10-24,600027,4.23,4.24,4.16,4.21,52263519.0,245007701.0,35828478913.93
2023-10-25,600027,4.24,4.25,4.15,4.17,77816173.0,363467727.0,35488065812.61
2023-10-26,600027,4.15,4.41,4.13,4.38,103827693.0,498080205.0,37275234594.54
2023-10-27,600027,4.38,4.52,4.34,4.47,92749054.0,460059854.0,38041164072.509995
2023-10-30,600027,4.49,4.52,4.41,4.46,61066763.0,303523369.0,37956060797.18
2023-10-31,600027,4.45,4.49,4.33,4.4,60674155.0,298417998.0,37445441145.200005
2023-11-01,600027,4.4,4.48,4.38,4.4,51611769.0,254731669.0,37445441145.200005
2023-11-02,600027,4.41,4.51,4.4,4.42,51469465.0,255767137.0,37615647695.86
2023-11-03,600027,4.44,4.5,4.39,4.42,54430187.0,269607041.0,37615647695.86
2023-11-06,600027,4.42,4.44,4.36,4.39,64735401.0,317632023.0,37360337869.869995
2023-11-07,600027,4.39,4.41,4.36,4.36,38750350.0,189429095.0,37105028043.880005
2023-11-08,600027,4.36,4.41,4.31,4.35,55580000.0,270875039.0,37019924768.549995
2023-11-09,600027,4.34,4.45,4.33,4.41,79723521.0,392178891.0,37530544420.53
2023-11-10,600027,4.4,4.48,4.24,4.43,86087300.0,419139363.0,37700750971.189995
2023-11-13,600027,4.48,4.64,4.42,4.55,124020241.0,624992767.0,38721990275.15
2023-11-14,600027,4.56,4.75,4.5,4.58,118153221.0,610991445.0,38977300101.14
2023-11-15,600027,4.57,4.6,4.5,4.5,59010273.0,298625607.0,38296473898.5
2023-11-16,600027,4.51,4.54,4.43,4.52,51612802.0,258810818.0,38466680449.159996
2023-11-17,600027,4.5,4.6,4.49,4.58,56399973.0,287047802.0,38977300101.14
2023-11-20,600027,4.57,4.65,4.55,4.56,49559248.0,253454198.0,38807093550.479996
2023-11-21,600027,4.56,4.59,4.5,4.51,33160400.0,168310242.0,38381577173.83
2023-11-22,600027,4.54,4.57,4.51,4.54,26746608.0,135561607.0,38636886999.82
2023-11-23,600027,4.5,4.59,4.5,4.58,33016524.0,168071615.0,38977300101.14
2023-11-24,600027,4.56,4.57,4.46,4.48,39547050.0,198894743.0,38126267347.840004
2023-11-27,600027,4.47,4.54,4.41,4.52,45002268.0,225139327.0,38466680449.159996
2023-11-28,600027,4.5,4.56,4.43,4.53,41817472.0,209754440.0,38551783724.490005
2023-11-29,600027,4.52,4.57,4.46,4.47,25207561.0,126637698.0,38041164072.509995
2023-11-30,600027,4.46,4.61,4.45,4.59,74305666.0,379711021.0,39062403376.47
2023-12-01,600027,4.59,4.62,4.53,4.61,39417198.0,201691528.0,39232609927.130005
2023-12-04,600027,4.59,4.63,4.55,4.61,49020549.0,251307226.0,39232609927.130005
2023-12-05,600027,4.6,4.73,4.59,4.66,73645258.0,384531654.0,39658126303.78
2023-12-06,600027,4.64,4.68,4.55,4.66,51876319.0,267143277.0,39658126303.78
2023-12-07,600027,4.64,4.75,4.63,4.69,43524610.0,227723550.0,39913436129.770004
2023-12-08,600027,4.68,4.74,4.65,4.72,101223077.0,531795148.0,40168745955.759995
2023-12-11,600027,4.7,4.7,4.56,4.69,78744879.0,407841356.0,39913436129.770004
2023-12-12,600027,4.67,4.73,4.64,4.7,46762540.0,245077331.0,39998539405.1
2023-12-13,600027,4.69,4.72,4.67,4.69,33161348.0,173916398.0,39913436129.770004
2023-12-14,600027,4.68,4.71,4.63,4.68,48970900.0,255305715.0,39828332854.439995
2023-12-15,600027,4.67,4.7,4.56,4.57,39482159.0,203108517.0,38892196825.810005
2023-12-18,600027,4.57,4.64,4.53,4.58,28029411.0,143725636.0,38977300101.14
2023-12-19,600027,4.59,4.64,4.51,4.56,35160953.0,179670494.0,38807093550.479996
2023-12-20,600027,4.59,4.75,4.59,4.6,83597688.0,436400663.0,39147506651.799995
2023-12-21,600027,4.57,4.63,4.5,4.59,42559400.0,217360683.0,39062403376.47
2023-12-22,600027,4.59,4.65,4.54,4.6,52215568.0,267899440.0,39147506651.799995
2023-12-25,600027,4.59,4.66,4.52,4.63,37080910.0,189791431.0,39402816477.79
2023-12-26,600027,4.61,4.69,4.59,4.65,27582143.0,143119735.0,39573023028.450005
2023-12-27,600027,4.64,4.74,4.62,4.73,46041471.0,241340776.0,40253849231.090004
2023-12-28,600027,4.72,4.75,4.62,4.66,61937137.0,322556297.0,39658126303.78
2023-12-29,600027,4.64,4.66,4.57,4.6,54033900.0,277339298.0,39147506651.799995
2024-01-02,600027,4.57,4.83,4.57,4.77,105064961.0,556392352.0,40594262332.409996
2024-01-03,600027,4.76,4.96,4.73,4.93,104717677.0,569460953.0,41955914737.689995
2024-01-04,600027,4.92,4.97,4.88,4.95,69033775.0,379554029.0,42126121288.35
2024-01-05,600027,4.92,5.1,4.92,4.95,75916842.0,425047436.0,42126121288.35
2024-01-08,600027,4.93,5.07,4.85,5.01,83771237.0,465820054.0,42636740940.33
2024-01-09,600027,5.0,5.03,4.93,4.98,57204414.0,317799744.0,42381431114.340004
2024-01-10,600027,4.95,5.06,4.91,5.04,56550456.0,316223547.0,42892050766.32
2024-01-11,600027,5.01,5.01,4.86,4.89,56438409.0,309900305.0,41615501636.369995
2024-01-12,600027,4.87,4.99,4.84,4.93,47731599.0,262971749.0,41955914737.689995
2024-01-15,600027,4.93,5.1,4.92,5.09,69850442.0,393286040.0,43317567142.97
2024-01-16,600027,5.09,5.1,5.0,5.1,54568513.0,308245694.0,43402670418.299995
2024-01-17,600027,5.08,5.1,5.01,5.05,40034751.0,226189713.0,42977154041.65
2024-01-18,600027,5.01,5.04,4.8,5.02,78145324.0,428301268.0,42721844215.659996
2024-01-19,600027,4.95,4.95,4.71,4.76,104317665.0,558441926.0,40509159057.08
2024-01-22,600027,4.73,4.84,4.67,4.7,67460472.0,359483988.0,39998539405.1
2024-01-23,600027,4.73,4.92,4.62,4.86,68108131.0,363764192.0,41360191810.380005
2024-01-24,600027,4.88,5.02,4.84,5.01,52369903.0,288020972.0,42636740940.33
2024-01-25,600027,5.03,5.13,5.01,5.1,56491431.0,320950466.0,43402670418.299995
2024-01-26,600027,5.09,5.27,5.07,5.21,67053776.0,388780715.0,44338806446.93
2024-01-29,600027,5.22,5.4,5.22,5.35,71191701.0,424839231.0,45530252301.549995
2024-01-30,600027,5.31,5.38,5.19,5.19,51131191.0,302000856.0,44168599896.270004
2024-01-31,600027,5.21,5.46,5.19,5.44,117317575.0,704452079.0,46296181779.520004
2024-02-01,600027,5.39,5.49,5.27,5.36,68188926.0,409103169.0,45615355576.880005
2024-02-02,600027,5.29,5.44,5.17,5.36,65230131.0,388297461.0,45615355576.880005
2024-02-05,600027,5.33,5.44,5.27,5.31,69619110.0,416204125.0,45189839200.229996
2024-02-06,600027,5.28,5.39,5.16,5.37,61572935.0,363896480.0,45700458852.21
2024-02-07,600027,5.33,5.33,5.09,5.24,98259862.0,568330609.0,44594116272.92
2024-02-08,600027,5.23,5.37,5.12,5.36,65954185.0,385679631.0,45615355576.880005
2024-02-19,600027,5.29,5.6,5.27,5.59,60023718.0,367260977.0,47572730909.47
2024-02-20,600027,5.53,5.75,5.48,5.61,52152447.0,327363002.0,47742937460.130005
2024-02-21,600027,5.6,5.64,5.53,5.59,41102893.0,256348665.0,47572730909.47
2024-02-22,600027,5.56,5.64,5.53,5.63,34298733.0,214221064.0,47913144010.79
2024-02-23,600027,5.63,5.8,5.61,5.78,58115227.0,372024126.0,49189693140.740005
2024-02-26,600027,5.74,5.75,5.46,5.52,68194606.0,421742529.0,46977007982.159996
2024-02-27,600027,5.47,5.52,5.43,5.52,55016668.0,336901523.0,46977007982.159996
2024-02-28,600027,5.51,5.64,5.42,5.49,67844760.0,418005778.0,46721698156.17
2024-02-29,600027,5.47,5.55,5.44,5.54,45773455.0,280499239.0,47147214532.82
2024-03-01,600027,5.53,5.61,5.36,5.37,74717443.0,453221704.0,45700458852.21
2024-03-04,600027,5.36,5.55,5.32,5.55,76028196.0,463291821.0,47232317808.15
2024-03-05,600027,5.51,5.75,5.51,5.66,81805791.0,518467900.0,48168453836.78
2024-03-06,600027,5.66,5.79,5.57,5.64,56419911.0,358443281.0,47998247286.119995
2024-03-07,600027,5.61,5.93,5.61,5.9,90139920.0,586564007.0,50210932444.700005
2024-03-08,600027,5.89,6.01,5.8,6.01,62826870.0,416658590.0,51147068473.33
2024-03-11,600027,6.0,6.05,5.82,5.9,56202526.0,369828681.0,50210932444.700005
2024-03-12,600027,5.9,5.9,5.6,5.64,69009255.0,439751239.0,47998247286.119995
2024-03-13,600027,5.61,5.7,5.58,5.69,52076291.0,328255997.0,48423763662.770004
2024-03-14,600027,5.67,5.78,5.61,5.74,45842430.0,292581429.0,48849280039.42
2024-03-15,600027,5.7,6.04,5.7,5.91,83448551.0,551628260.0,50296035720.03
2024-03-18,600027,5.92,6.13,5.87,5.99,62629008.0,420361916.0,50976861922.67
2024-03-19,600027,6.0,6.04,5.84,5.86,40015385.0,263886979.0,49870519343.380005
2024-03-20,600027,5.85,5.95,5.74,5.88,28981052.0,189576679.0,50040725894.04
2024-03-21,600027,5.87,5.92,5.78,5.89,39917318.0,260500259.0,50125829169.369995
2024-03-22,600027,5.88,5.91,5.7,5.78,49358481.0,318127900.0,49189693140.740005
2024-03-25,600027,5.8,5.96,5.78,5.86,42286858.0,277617862.0,49870519343.380005
2024-03-26,600027,5.88,6.03,5.79,6.02,55452235.0,368142621.0,51232171748.659996
2024-03-27,600027,6.0,6.15,5.94,6.04,60708205.0,409991409.0,51402378299.32
2024-03-28,600027,5.9,6.13,5.82,6.07,64425127.0,429746492.0,51657688125.310005
2024-03-29,600027,6.04,6.15,5.98,6.15,45258460.0,307661227.0,52338514327.950005
2024-04-01,600027,6.16,6.19,5.97,6.04,59510962.0,401446501.0,51402378299.32
2024-04-02,600027,6.02,6.18,5.97,6.16,62242739.0,425652247.0,52423617603.28
2024-04-03,600027,6.14,6.21,6.05,6.19,42811863.0,293515787.0,52678927429.270004
2024-04-08,600027,6.21,6.43,6.19,6.37,80129900.0,567500091.0,54210786385.21
2024-04-09,600027,6.37,6.42,6.23,6.35,43779002.0,310162938.0,54040579834.549995
2024-04-10,600027,6.34,6.56,6.31,6.45,62681696.0,450873483.0,54891612587.85
2024-04-11,600027,6.39,6.71,6.36,6.7,69544191.0,511578333.0,57019194471.1
2024-04-12,600027,6.67,6.82,6.58,6.72,64213842.0,479950755.0,57189401021.759995
2024-04-15,600027,6.68,6.78,6.6,6.78,62549039.0,468603317.0,57700020673.740005
2024-04-16,600027,6.79,6.87,6.42,6.47,113009412.0,831630104.0,55061819138.509995
2024-04-17,600027,6.42,6.63,6.34,6.62,62766075.0,455403400.0,56338368268.46
2024-04-18,600027,6.59,6.71,6.24,6.36,110515452.0,790591996.0,54125683109.880005
2024-04-19,600027,6.3,6.4,6.16,6.25,120348201.0,839617121.0,53189547081.25
2024-04-22,600027,6.24,6.38,6.01,6.21,111873651.0,773920123.0,52849133979.93
2024-04-23,600027,6.13,6.16,6.0,6.02,71350470.0,483054457.0,51232171748.659996
2024-04-24,600027,6.14,6.28,6.06,6.11,95126017.0,655150319.0,51998101226.630005
2024-04-25,600027,6.06,6.13,6.0,6.1,49464243.0,335828049.0,51912997951.299995
2024-04-26,600027,6.1,6.12,6.0,6.08,79135854.0,534674847.0,51742791400.64
2024-04-29,600027,6.04,6.04,5.84,5.99,123753004.0,821450848.0,50976861922.67
2024-04-30,600027,5.95,6.07,5.93,6.05,101011881.0,679339775.0,51487481574.65
2024-05-06,600027,6.05,6.22,5.96,6.22,101258228.0,690354488.0,52934237255.259995
2024-05-07,600027,6.18,6.23,6.06,6.13,67402539.0,461491451.0,52168307777.29
2024-05-08,600027,6.11,6.16,6.06,6.08,53330955.0,363765502.0,51742791400.64
2024-05-09,600027,6.06,6.07,5.96,6.05,94585976.0,635046763.0,51487481574.65
2024-05-10,600027,6.04,6.18,6.02,6.17,87223544.0,594206032.0,52508720878.61
2024-05-13,600027,6.18,6.42,6.14,6.36,126736662.0,891555065.0,54125683109.880005
2024-05-14,600027,6.33,6.47,6.24,6.38,90336757.0,643401541.0,54295889660.54
2024-05-15,600027,6.37,6.44,6.16,6.19,66404900.0,465038219.0,52678927429.270004
2024-05-16,600027,6.34,6.35,5.91,5.96,102573800.0,692626574.0,50721552096.68
2024-05-17,600027,5.97,6.0,5.84,5.88,83080500.0,547140208.0,50040725894.04
2024-05-20,600027,5.88,6.04,5.84,6.04,82950585.0,551712915.0,51402378299.32
2024-05-21,600027,6.01,6.04,5.92,5.94,46200892.0,307440138.0,50551345546.020004
2024-05-22,600027,5.91,6.04,5.85,5.87,63759917.0,421307705.0,49955622618.71
2024-05-23,600027,5.85,5.86,5.67,5.71,83070838.0,532019508.0,48593970213.43
2024-05-24,600027,5.72,5.99,5.72,5.91,107602286.0,710688100.0,50296035720.03
2024-05-27,600027,5.96,6.25,5.96,6.13,129879314.0,889012629.0,52168307777.29
2024-05-28,600027,6.13,6.17,6.0,6.04,81481116.0,552682997.0,51402378299.32
2024-05-29,600027,6.06,6.21,5.92,6.13,84538658.0,575132239.0,52168307777.29
2024-05-30,600027,6.09,6.13,5.88,5.92,63364283.0,423501256.0,50381138995.36
2024-05-31,600027,5.92,6.04,5.81,5.92,55861956.0,369466327.0,50381138995.36
2024-06-03,600027,5.93,6.04,5.87,6.01,64473249.0,429567070.0,51147068473.33
2024-06-04,600027,6.02,6.22,5.91,6.21,77550841.0,528375864.0,52849133979.93
2024-06-05,600027,6.17,6.29,6.16,6.2,58745601.0,408146587.0,52764030704.6
2024-06-06,600027,6.22,6.46,6.15,6.38,94507333.0,670930893.0,54295889660.54
2024-06-07,600027,6.34,6.56,6.32,6.48,74292238.0,534901645.0,55146922413.840004
2024-06-11,600027,6.49,6.53,6.32,6.44,90962961.0,651900672.0,54806509312.520004
2024-06-12,600027,6.4,6.51,6.34,6.47,71880493.0,515741077.0,55061819138.509995
2024-06-13,600027,6.47,6.61,6.44,6.51,82711573.0,600735800.0,55402232239.83
2024-06-14,600027,6.53,6.64,6.25,6.29,187885124.0,1345201282.0,53529960182.57
2024-06-17,600027,6.34,6.35,5.96,5.99,134525925.0,915389502.0,50976861922.67
2024-06-18,600027,5.99,6.01,5.89,5.98,76169962.0,507456735.0,50891758647.340004
2024-06-19,600027,5.99,6.04,5.92,5.94,59142268.0,394364390.0,50551345546.020004
2024-06-20,600027,5.92,6.09,5.89,6.06,82043035.0,550773700.0,51572584849.979996
2024-06-21,600027,6.05,6.19,5.97,6.06,62327464.0,423011280.0,51572584849.979996
2024-06-24,600027,6.03,6.15,5.97,6.04,71062861.0,481553524.0,51402378299.32
2024-06-25,600027,6.05,6.07,5.93,6.05,69270866.0,464514336.0,51487481574.65
2024-06-26,600027,6.03,6.06,5.85,5.98,75998423.0,503351330.0,50891758647.340004
2024-06-27,600027,5.96,6.03,5.9,5.93,56157300.0,372465253.0,50466242270.689995
2024-06-28,600027,5.91,6.27,5.82,6.22,108390293.0,733918069.0,52934237255.259995
2024-07-01,600027,6.19,6.43,6.15,6.36,96436324.0,677336938.0,54125683109.880005
2024-07-02,600027,6.34,6.36,6.24,6.3,59757735.0,420359059.0,53615063457.9
2024-07-03,600027,6.3,6.34,6.22,6.3,70218188.0,492950692.0,53615063457.9
2024-07-04,600027,6.31,6.37,6.16,6.2,68667067.0,479117157.0,52764030704.6
2024-07-05,600027,6.21,6.22,6.02,6.15,64270488.0,438038369.0,52338514327.950005
2024-07-08,600027,6.11,6.21,6.04,6.16,59836718.0,411257372.0,52423617603.28
2024-07-09,600027,6.16,6.2,5.96,6.15,74255506.0,504388788.0,52338514327.950005
2024-07-10,600027,6.12,6.14,5.77,5.84,128461078.0,840891939.0,49700312792.72
2024-07-11,600027,5.85,5.86,5.54,5.64,161320404.0,1011220236.0,47998247286.119995
2024-07-12,600027,5.6,5.61,5.41,5.43,115529749.0,708008311.0,46211078504.189995
2024-07-15,600027,5.37,5.51,5.31,5.49,99568425.0,604505571.0,46721698156.17
2024-07-16,600027,5.46,5.54,5.41,5.52,64477646.0,395311828.0,46977007982.159996
2024-07-17,600027,5.47,5.5,5.31,5.34,73780412.0,442609588.0,45445149026.22
2024-07-18,600027,5.31,5.45,5.23,5.44,66269108.0,397426261.0,46296181779.520004
2024-08-02,600027,5.69,5.69,4.99,5.09,261017906.0,1492757934.0,43317567142.97
2024-08-05,600027,4.96,4.99,4.84,4.91,179204144.0,957806921.0,41785708187.03
2024-08-06,600027,4.9,5.07,4.79,5.07,120402003.0,648563242.0,43147360592.310005
2024-08-07,600027,5.03,5.26,5.01,5.11,112258374.0,629873514.0,43487773693.630005
2024-08-08,600027,5.12,5.14,5.04,5.09,54948340.0,303849594.0,43317567142.97
2024-08-09,600027,5.09,5.13,5.03,5.05,82198307.0,453881636.0,42977154041.65
2024-08-12,600027,5.08,5.11,4.99,5.02,49267118.0,271178828.0,42721844215.659996
2024-08-13,600027,5.07,5.07,4.97,5.05,36575304.0,200086144.0,42977154041.65
2024-08-14,600027,5.0,5.15,4.99,5.11,54747141.0,303981662.0,43487773693.630005
2024-08-15,600027,5.11,5.3,5.08,5.27,84037701.0,478418260.0,44849426098.909996
2024-08-16,600027,5.26,5.29,5.18,5.21,54433300.0,309353894.0,44338806446.93
2024-08-19,600027,5.21,5.24,5.11,5.12,50715488.0,284723845.0,43572876968.96
2024-08-20,600027,5.13,5.14,4.95,5.0,63442250.0,345251529.0,42551637665.0
2024-08-21,600027,5.0,5.0,4.89,4.95,41241234.0,221802767.0,42126121288.35
2024-08-22,600027,4.95,5.02,4.92,5.02,44990576.0,244158373.0,42721844215.659996
2024-08-23,600027,5.0,5.03,4.92,4.97,49856800.0,269986140.0,42296327839.009995
2024-08-26,600027,4.98,5.0,4.86,4.88,55056210.0,293811255.0,41530398361.04
2024-08-27,600027,4.88,4.91,4.85,4.89,45407083.0,241379283.0,41615501636.369995
2024-08-28,600027,4.9,5.16,4.88,5.13,98447480.0,544080591.0,43657980244.29
2024-08-29,600027,5.12,5.17,5.0,5.13,70291240.0,389745313.0,43657980244.29
2024-08-30,600027,5.1,5.19,5.02,5.1,67913135.0,377501237.0,43402670418.299995
2024-09-02,600027,5.08,5.21,5.06,5.08,51165768.0,285640046.0,43232463867.64
2024-09-03,600027,5.06,5.17,5.04,5.08,54672410.0,303659394.0,43232463867.64
2024-09-04,600027,5.07,5.07,4.88,4.98,53590034.0,289521520.0,42381431114.340004
2024-09-05,600027,4.95,5.06,4.94,4.99,42394817.0,231077333.0,42466534389.67
2024-09-06,600027,4.99,5.03,4.94,4.95,22138610.0,120410175.0,42126121288.35
2024-09-09,600027,4.91,4.93,4.75,4.77,69012803.0,360469098.0,40594262332.409996
2024-09-10,600027,4.77,4.81,4.63,4.71,66039900.0,336928412.0,40083642680.43
2024-09-11,600027,4.69,4.72,4.55,4.59,49957123.0,250361021.0,39062403376.47
2024-09-12,600027,4.6,4.64,4.51,4.52,60776880.0,302076381.0,38466680449.159996
2024-09-13,600027,4.53,4.73,4.49,4.66,89632109.0,454911851.0,39658126303.78
2024-09-18,600027,4.66,4.68,4.52,4.58,35084410.0,174960597.0,38977300101.14
2024-09-19,600027,4.6,4.73,4.52,4.67,56295082.0,283326901.0,39743229579.11
2024-09-20,600027,4.65,4.72,4.61,4.68,44555085.0,226122416.0,39828332854.439995
2024-09-23,600027,4.66,4.91,4.66,4.85,69581459.0,366205070.0,41275088535.049995
2024-09-24,600027,4.88,5.11,4.8,5.06,77731175.0,420383241.0,43062257316.979996
2024-09-25,600027,5.1,5.16,4.97,4.99,122099661.0,672101705.0,42466534389.67
2024-09-26,600027,4.99,5.06,4.91,5.06,113221595.0,613488236.0,43062257316.979996
2024-09-27,600027,5.08,5.15,5.02,5.14,74594112.0,413035539.0,43743083519.619995
2024-09-30,600027,5.27,5.56,5.15,5.5,249778564.0,1457983652.0,46806801431.5
2024-10-08,600027,6.0,6.03,5.42,5.62,261259692.0,1613822207.0,47828040735.46
2024-10-09,600027,5.51,5.51,5.22,5.36,144005048.0,845925166.0,45615355576.880005
2024-10-10,600027,5.33,5.61,5.32,5.47,123478397.0,738130767.0,46551491605.509995
2024-10-11,600027,5.48,5.48,5.28,5.3,62877461.0,366608704.0,45104735924.9
2024-10-14,600027,5.31,5.43,5.22,5.33,109959158.0,637283346.0,45360045750.89
2024-10-15,600027,5.31,5.34,5.05,5.11,132565447.0,747918979.0,43487773693.630005
2024-10-16,600027,5.09,5.17,5.05,5.15,61373504.0,337847016.0,43828186794.950005
2024-10-17,600027,5.15,5.2,5.04,5.1,72924410.0,400620405.0,43402670418.299995
2024-10-18,600027,5.07,5.19,5.0,5.12,89742442.0,491054567.0,43572876968.96
2024-10-21,600027,5.11,5.17,5.03,5.16,94458321.0,518773979.0,43913290070.28
2024-10-22,600027,5.13,5.33,5.13,5.33,97249696.0,550250857.0,45360045750.89
2024-10-23,600027,5.34,5.38,5.22,5.24,83640253.0,472768695.0,44594116272.92
2024-10-24,600027,5.24,5.29,5.21,5.25,46411446.0,261548332.0,44679219548.25
2024-10-25,600027,5.24,5.25,5.13,5.15,70246678.0,389548666.0,43828186794.950005
2024-10-28,600027,5.16,5.27,5.11,5.27,80515150.0,450594417.0,44849426098.909996
2024-10-29,600027,5.27,5.3,5.11,5.13,71528900.0,396933973.0,43657980244.29
2024-10-30,600027,5.11,5.12,5.03,5.1,54196586.0,295047774.0,43402670418.299995
2024-10-31,600027,5.19,5.47,5.12,5.38,181665218.0,1033823912.0,45785562127.54
2024-11-01,600027,5.5,5.5,5.26,5.31,86805360.0,497369000.0,45189839200.229996
2024-11-04,600027,5.38,5.45,5.27,5.33,70819914.0,405616099.0,45360045750.89
2024-11-05,600027,5.32,5.35,5.25,5.35,101660710.0,579424440.0,45530252301.549995
2024-11-06,600027,5.34,5.34,5.27,5.31,68644700.0,390859842.0,45189839200.229996
2024-11-07,600027,5.27,5.38,5.26,5.38,92013277.0,527465535.0,45785562127.54
2024-11-08,600027,5.4,5.45,5.29,5.37,83283796.0,479626620.0,45700458852.21
2024-11-11,600027,5.33,5.38,5.27,5.36,65869769.0,376092969.0,45615355576.880005
2024-11-12,600027,5.35,5.38,5.27,5.31,84454307.0,482915309.0,45189839200.229996
2024-11-13,600027,5.27,5.35,5.26,5.32,50976406.0,290489751.0,45274942475.560005
2024-11-14,600027,5.32,5.42,5.29,5.3,101877231.0,586173952.0,45104735924.9
2024-11-15,600027,5.27,5.34,5.17,5.2,71127858.0,400893736.0,44253703171.6
2024-11-18,600027,5.23,5.31,5.2,5.21,57082902.0,322167005.0,44338806446.93
2024-11-19,600027,5.23,5.24,5.14,5.19,52924650.0,294354426.0,44168599896.270004
2024-11-20,600027,5.17,5.23,5.14,5.21,41518262.0,231525980.0,44338806446.93
2024-11-21,600027,5.2,5.24,5.18,5.22,33462438.0,187205518.0,44423909722.259995
2024-11-22,600027,5.22,5.25,5.09,5.09,53644800.0,296378986.0,43317567142.97
2024-11-25,600027,5.1,5.11,4.94,4.97,50572151.0,272171579.0,42296327839.009995
2024-11-26,600027,4.97,5.01,4.92,4.97,31613140.0,168707429.0,42296327839.009995
2024-11-27,600027,4.97,4.99,4.87,4.99,36198576.0,191858021.0,42466534389.67
2024-11-28,600027,4.98,4.99,4.88,4.91,47050350.0,248701617.0,41785708187.03
2024-11-29,600027,4.91,4.96,4.89,4.91,47217849.0,249267092.0,41785708187.03
2024-12-02,600027,4.91,4.95,4.83,4.94,73247888.0,385170604.0,42041018013.020004
2024-12-03,600027,4.92,5.01,4.9,5.01,72496554.0,386641947.0,42636740940.33
2024-12-04,600027,5.0,5.03,4.96,5.03,60424551.0,324529440.0,42806947490.990005
2024-12-05,600027,5.02,5.11,4.99,5.05,54420497.0,295721767.0,42977154041.65
2024-12-06,600027,5.04,5.2,5.04,5.19,90129575.0,498602296.0,44168599896.270004
2024-12-09,600027,5.22,5.35,5.17,5.34,98964603.0,560734004.0,45445149026.22
2024-12-10,600027,5.35,5.38,5.22,5.24,80265680.0,455747775.0,44594116272.92
2024-12-11,600027,5.24,5.31,5.21,5.27,39467296.0,223259541.0,44849426098.909996
2024-12-12,600027,5.28,5.29,5.21,5.23,48226311.0,270779018.0,44509012997.590004
2024-12-13,600027,5.23,5.24,5.14,5.16,45186923.0,251385949.0,43913290070.28
2024-12-16,600027,5.16,5.29,5.16,5.28,69010633.0,388435211.0,44934529374.240005
2024-12-17,600027,5.26,5.3,5.21,5.22,47871536.0,269831395.0,44423909722.259995
2024-12-18,600027,5.24,5.4,5.24,5.31,95147285.0,544791128.0,45189839200.229996
2024-12-19,600027,5.29,5.34,5.21,5.26,47564108.0,269353620.0,44764322823.58
2024-12-20,600027,5.27,5.3,5.18,5.21,60591488.0,340037626.0,44338806446.93
2024-12-23,600027,5.2,5.41,5.18,5.37,128269419.0,735529045.0,45700458852.21
2024-12-24,600027,5.37,5.48,5.34,5.47,87035521.0,506578820.0,46551491605.509995
2024-12-25,600027,5.47,5.52,5.38,5.51,69122884.0,404882403.0,46891904706.83
2024-12-26,600027,5.49,5.5,5.34,5.37,63817250.0,368919091.0,45700458852.21
2024-12-27,600027,5.38,5.43,5.31,5.41,50129711.0,289276057.0,46040871953.53
2024-12-30,600027,5.42,5.47,5.24,5.25,113291801.0,646903458.0,44679219548.25
2024-12-31,600027,5.24,5.31,5.22,5.23,64716419.0,365316117.0,44509012997.590004
2025-01-02,600027,5.21,5.24,5.01,5.04,69136550.0,379743192.0,42892050766.32
2025-01-03,600027,5.04,5.06,4.95,4.98,55825049.0,299778692.0,42381431114.340004
2025-01-06,600027,4.97,4.97,4.88,4.94,42995770.0,227315728.0,42041018013.020004
2025-01-07,600027,4.92,4.93,4.75,4.79,88488274.0,456581836.0,40764468883.07
2025-01-08,600027,4.76,4.83,4.72,4.81,66970001.0,344053593.0,40934675433.729996
2025-01-09,600027,4.8,4.8,4.7,4.7,61921424.0,314234111.0,39998539405.1
2025-01-10,600027,4.7,4.71,4.57,4.57,51367290.0,255543863.0,38892196825.810005
2025-01-13,600027,4.55,4.67,4.53,4.65,55886438.0,275952350.0,39573023028.450005
2025-01-14,600027,4.66,4.73,4.64,4.72,55576639.0,280833696.0,40168745955.759995
2025-01-15,600027,4.72,4.76,4.7,4.7,34870625.0,176418642.0,39998539405.1
2025-01-16,600027,4.71,4.75,4.68,4.7,39537930.0,200238907.0,39998539405.1
2025-01-17,600027,4.7,4.73,4.64,4.71,38782133.0,195793251.0,40083642680.43
2025-01-20,600027,4.74,4.76,4.63,4.64,69391511.0,348229812.0,39487919753.119995
2025-01-21,600027,4.66,4.68,4.61,4.63,45877451.0,228565564.0,39402816477.79
2025-01-22,600027,4.63,4.69,4.59,4.68,45852538.0,228656539.0,39828332854.439995
2025-01-23,600027,4.7,4.8,4.7,4.75,65935510.0,336115606.0,40424055781.75
2025-01-24,600027,4.74,4.78,4.69,4.73,53459300.0,271444087.0,40253849231.090004
2025-01-27,600027,4.72,4.83,4.72,4.82,49146089.0,253585742.0,41019778709.060005
2025-02-05,600027,4.82,4.83,4.72,4.74,46206255.0,235995872.0,40338952506.42
2025-02-06,600027,4.76,4.77,4.71,4.73,45769430.0,232435367.0,40253849231.090004
2025-02-07,600027,4.73,4.82,4.7,4.79,61659286.0,315389514.0,40764468883.07
2025-02-10,600027,4.78,4.81,4.7,4.71,96939670.0,491917946.0,40083642680.43
2025-02-11,600027,4.71,4.71,4.63,4.65,67353184.0,336585869.0,39573023028.450005
2025-02-12,600027,4.64,4.66,4.59,4.63,52605459.0,260883091.0,39402816477.79
2025-02-13,600027,4.63,4.69,4.62,4.66,54357420.0,271851093.0,39658126303.78
2025-02-14,600027,4.66,4.68,4.62,4.65,37211700.0,185438883.0,39573023028.450005
2025-02-17,600027,4.66,4.78,4.63,4.78,102721086.0,520383608.0,40679365607.740005
2025-02-18,600027,4.77,4.96,4.75,4.91,136107881.0,713104065.0,41785708187.03
2025-02-19,600027,4.91,4.96,4.83,4.89,72407200.0,379428773.0,41615501636.369995
2025-02-20,600027,4.87,5.16,4.85,5.08,133151802.0,719322557.0,43232463867.64
2025-02-21,600027,5.05,5.1,4.97,5.08,87286819.0,470938471.0,43232463867.64
2025-02-24,600027,5.05,5.09,4.96,5.06,80565900.0,433263589.0,43062257316.979996
2025-02-25,600027,5.01,5.17,4.97,5.1,87708000.0,479341849.0,43402670418.299995
2025-02-26,600027,5.11,5.3,5.11,5.25,107078519.0,602659653.0,44679219548.25
2025-02-27,600027,5.25,5.3,5.2,5.21,50378245.0,283126204.0,44338806446.93
2025-02-28,600027,5.19,5.26,5.19,5.21,62324621.0,349275616.0,44338806446.93
2025-03-03,600027,5.23,5.24,5.11,5.18,62885740.0,348170614.0,44083496620.939995
2025-03-04,600027,5.16,5.25,5.15,5.17,44508711.0,248169687.0,43998393345.61
2025-03-05,600027,5.19,5.22,5.11,5.12,45455438.0,251552554.0,43572876968.96
2025-03-06,600027,5.11,5.11,4.94,4.98,110153547.0,591681947.0,42381431114.340004
2025-03-07,600027,4.97,5.0,4.87,4.95,61044854.0,323828586.0,42126121288.35
2025-03-10,600027,4.94,4.95,4.85,4.92,60900446.0,321129441.0,41870811462.36
2025-03-11,600027,4.91,5.05,4.89,4.98,73307918.0,392251974.0,42381431114.340004
2025-03-12,600027,4.99,5.05,4.95,5.01,68501667.0,368219991.0,42636740940.33
2025-03-13,600027,5.0,5.11,4.99,5.07,87524581.0,474768637.0,43147360592.310005
2025-03-14,600027,5.07,5.14,5.01,5.05,80618393.0,437115825.0,42977154041.65
2025-03-17,600027,5.04,5.12,5.02,5.07,59684181.0,325092656.0,43147360592.310005
2025-03-18,600027,5.07,5.07,4.92,4.96,100769797.0,537417170.0,42211224563.68
2025-03-19,600027,4.96,5.02,4.92,4.98,75249630.0,402907111.0,42381431114.340004
2025-03-20,600027,4.99,5.17,4.98,5.15,128276072.0,702613653.0,43828186794.950005
2025-03-21,600027,5.16,5.33,5.11,5.12,100443489.0,561006706.0,43572876968.96
2025-03-24,600027,5.13,5.24,5.1,5.23,77325744.0,431572669.0,44509012997.590004
2025-03-25,600027,5.24,5.28,5.16,5.24,58708178.0,329796060.0,44594116272.92
2025-03-26,600027,5.25,5.33,5.19,5.24,75573153.0,425783856.0,44594116272.92
2025-03-27,600027,5.39,5.45,5.06,5.11,217871630.0,1215751845.0,43487773693.630005
2025-03-28,600027,5.17,5.33,5.11,5.12,170037090.0,949117784.0,43572876968.96
2025-03-31,600027,5.18,5.44,5.15,5.36,254171098.0,1449396114.0,45615355576.880005
2025-04-01,600027,5.36,5.36,5.19,5.28,173886477.0,982883037.0,44934529374.240005
2025-04-02,600027,5.29,5.3,5.13,5.2,137682057.0,766029331.0,44253703171.6
2025-04-03,600027,5.13,5.26,5.12,5.23,101480171.0,567500004.0,44509012997.590004
2025-04-07,600027,4.95,5.07,4.74,4.93,161924556.0,855493041.0,41955914737.689995
2025-04-08,600027,4.92,5.11,4.92,5.11,123437771.0,668456058.0,43487773693.630005
2025-04-09,600027,5.1,5.33,5.01,5.24,155452954.0,864047824.0,44594116272.92
2025-04-10,600027,5.24,5.25,5.17,5.22,110475028.0,618726589.0,44423909722.259995
2025-04-11,600027,5.23,5.24,5.11,5.13,77326108.0,426631070.0,43657980244.29
2025-04-14,600027,5.16,5.22,5.13,5.17,74031587.0,410440531.0,43998393345.61
2025-04-15,600027,5.18,5.24,5.13,5.24,96083834.0,536198075.0,44594116272.92
2025-04-16,600027,5.24,5.27,5.19,5.25,84415348.0,474082196.0,44679219548.25
2025-04-17,600027,5.24,5.3,5.21,5.27,85193354.0,481587194.0,44849426098.909996
2025-04-18,600027,5.24,5.28,5.2,5.28,65888889.0,371001039.0,44934529374.240005
2025-04-21,600027,5.28,5.39,5.25,5.38,88182589.0,506451962.0,45785562127.54
2025-04-22,600027,5.38,5.45,5.32,5.32,94120382.0,544559857.0,45274942475.560005
2025-04-23,600027,5.33,5.38,5.29,5.33,65932242.0,377050252.0,45360045750.89
2025-04-24,600027,5.36,5.54,5.36,5.41,132052358.0,771459849.0,46040871953.53
2025-04-25,600027,5.43,5.51,5.42,5.48,95965035.0,562803016.0,46636594880.840004
2025-04-28,600027,5.51,5.7,5.42,5.62,151321678.0,901969793.0,47828040735.46
2025-04-29,600027,5.61,5.62,5.43,5.49,103674879.0,611491645.0,46721698156.17
2025-04-30,600027,5.41,5.46,5.28,5.32,105736833.0,606829549.0,45274942475.560005
2025-05-06,600027,5.34,5.42,5.32,5.41,74372487.0,428414161.0,46040871953.53
2025-05-07,600027,5.45,5.46,5.32,5.36,72770507.0,418217715.0,45615355576.880005
2025-05-08,600027,5.36,5.38,5.32,5.37,61811643.0,355522931.0,45700458852.21
2025-05-09,600027,5.37,5.52,5.35,5.47,103527881.0,606179695.0,46551491605.509995
2025-05-12,600027,5.49,5.53,5.38,5.5,91371568.0,534826066.0,46806801431.5
2025-05-13,600027,5.48,5.51,5.43,5.5,56353137.0,330540801.0,46806801431.5
2025-05-14,600027,5.49,5.5,5.39,5.49,67013120.0,391749412.0,46721698156.17
2025-05-15,600027,5.49,5.61,5.47,5.55,108068624.0,645415705.0,47232317808.15
2025-05-16,600027,5.52,5.61,5.48,5.5,70952800.0,420906438.0,46806801431.5
2025-05-19,600027,5.54,5.63,5.51,5.51,81166580.0,484231232.0,46891904706.83
2025-05-20,600027,5.51,5.58,5.46,5.58,81768551.0,485352759.0,47487627634.14
2025-05-21,600027,5.61,5.68,5.57,5.59,94618180.0,570585933.0,47572730909.47
2025-05-22,600027,5.63,5.64,5.51,5.53,63916753.0,381066457.0,47062111257.490005
2025-05-23,600027,5.53,5.58,5.49,5.49,61945582.0,367422382.0,46721698156.17
2025-05-26,600027,5.5,5.54,5.47,5.52,50016250.0,295635772.0,46977007982.159996
2025-05-27,600027,5.54,5.57,5.48,5.56,60020166.0,356448092.0,47317421083.479996
2025-05-28,600027,5.57,5.57,5.43,5.47,68299355.0,401861247.0,46551491605.509995
2025-05-29,600027,5.48,5.5,5.39,5.44,75177464.0,438039971.0,46296181779.520004
2025-05-30,600027,5.44,5.52,5.4,5.45,65858338.0,385890061.0,46381285054.85
2025-06-03,600027,5.41,5.46,5.36,5.46,69583827.0,403404545.0,46466388330.18
2025-06-04,600027,5.44,5.45,5.4,5.43,45352361.0,263983823.0,46211078504.189995
2025-06-05,600027,5.43,5.48,5.4,5.41,43739590.0,255235749.0,46040871953.53
2025-06-06,600027,5.4,5.43,5.36,5.43,39303177.0,228246731.0,46211078504.189995
2025-06-09,600027,5.44,5.49,5.4,5.43,54918623.0,320100182.0,46211078504.189995
2025-06-10,600027,5.43,5.52,5.4,5.48,105049291.0,616288262.0,46636594880.840004
2025-06-11,600027,5.48,5.54,5.43,5.49,65369710.0,385247843.0,46721698156.17
2025-06-12,600027,5.49,5.5,5.39,5.39,70985071.0,413447206.0,45870665402.869995
2025-06-13,600027,5.4,5.44,5.38,5.43,83521649.0,486183221.0,46211078504.189995
2025-06-16,600027,5.43,5.45,5.38,5.44,56321379.0,327538842.0,46296181779.520004
2025-06-17,600027,5.45,5.59,5.42,5.56,100079610.0,593126269.0,47317421083.479996
2025-06-18,600027,5.56,5.59,5.46,5.51,64479827.0,381394853.0,46891904706.83
2025-06-19,600027,5.49,5.51,5.27,5.3,110406788.0,633148769.0,45104735924.9
2025-06-20,600027,5.28,5.34,5.26,5.27,47580144.0,270303550.0,44849426098.909996
2025-06-23,600027,5.24,5.29,5.16,5.18,76767917.0,428313346.0,44083496620.939995
2025-06-24,600027,5.18,5.21,5.13,5.2,65484825.0,364344394.0,44253703171.6
2025-06-25,600027,5.2,5.25,5.17,5.24,67988850.0,380092479.0,44594116272.92
2025-06-26,600027,5.23,5.28,5.15,5.16,83030653.0,464074861.0,43913290070.28
2025-06-27,600027,5.17,5.18,5.03,5.07,111349102.0,608110090.0,43147360592.310005
2025-06-30,600027,5.06,5.11,5.05,5.1,46051078.0,251213479.0,43402670418.299995
2025-07-01,600027,5.1,5.14,5.08,5.13,58525600.0,321458701.0,43657980244.29
2025-07-02,600027,5.13,5.2,5.11,5.19,65157928.0,361397895.0,44168599896.270004
2025-07-03,600027,5.19,5.21,5.15,5.19,45204394.0,251318031.0,44168599896.270004
2025-07-04,600027,5.2,5.28,5.19,5.24,80548968.0,453558847.0,44594116272.92
2025-07-07,600027,5.28,5.37,5.23,5.35,115261332.0,656452646.0,45530252301.549995
2025-07-08,600027,5.35,5.36,5.24,5.27,95824222.0,543075127.0,44849426098.909996
2025-07-09,600027,5.27,5.32,5.21,5.21,89397800.0,503405568.0,44338806446.93
2025-07-10,600027,5.21,5.25,5.18,5.19,69600065.0,389018659.0,44168599896.270004
2025-07-11,600027,5.19,5.21,5.17,5.17,81331958.0,452399292.0,43998393345.61
2025-07-14,600027,5.2,5.25,5.17,5.22,86852267.0,475546678.0,44423909722.259995
2025-07-15,600027,5.25,5.27,5.11,5.15,96754310.0,523936925.0,43828186794.950005
2025-07-16,600027,5.15,5.24,5.14,5.18,60878233.0,331440127.0,44083496620.939995
2025-07-17,600027,5.18,5.2,5.1,5.13,58159582.0,312812472.0,43657980244.29
2025-07-18,600027,5.13,5.14,5.1,5.13,61178484.0,328334876.0,43657980244.29
2025-07-21,600027,5.14,5.2,5.13,5.2,96345412.0,522282258.0,44253703171.6
2025-07-22,600027,5.2,5.28,5.17,5.22,161456655.0,881901933.0,44423909722.259995
2025-07-23,600027,5.23,5.25,5.13,5.13,126325308.0,686228768.0,43657980244.29
2025-07-24,600027,5.13,5.13,5.07,5.1,133589627.0,712943615.0,43402670418.299995
2025-07-25,600027,5.09,5.12,5.07,5.07,79988270.0,427218471.0,43147360592.310005
2025-07-28,600027,5.07,5.08,5.06,5.07,47449236.0,252226989.0,43147360592.310005
2025-07-29,600027,5.07,5.09,5.05,5.07,52131922.0,276732977.0,43147360592.310005
2025-07-30,600027,5.08,5.27,5.07,5.22,238744625.0,1296831265.0,44423909722.259995
2025-07-31,600027,5.18,5.18,5.04,5.06,156350204.0,831531417.0,43062257316.979996
2025-08-01,600027,5.05,5.07,5.04,5.07,54243500.0,287438366.0,43147360592.310005
2025-08-04,600027,5.04,5.06,5.02,5.05,49855252.0,263194616.0,42977154041.65
2025-08-05,600027,5.05,5.07,5.04,5.07,56417877.0,299337276.0,43147360592.310005
2025-08-06,600027,5.07,5.08,5.04,5.07,58772803.0,311671695.0,43147360592.310005
2025-08-07,600027,5.07,5.09,5.05,5.08,73583961.0,391302065.0,43232463867.64
2025-08-08,600027,5.09,5.28,5.07,5.22,260582368.0,1421698918.0,44423909722.259995
2025-08-11,600027,5.21,5.24,5.11,5.16,118288450.0,638159632.0,43913290070.28
2025-08-12,600027,5.16,5.2,5.14,5.15,69799944.0,378033721.0,43828186794.950005
2025-08-13,600027,5.15,5.16,5.09,5.11,91625774.0,491322974.0,43487773693.630005
2025-08-14,600027,5.07,5.11,5.04,5.04,92392200.0,490921520.0,42892050766.32
2025-08-15,600027,5.05,5.07,5.02,5.05,62888300.0,332745717.0,42977154041.65
2025-08-18,600027,5.06,5.09,5.05,5.07,56911133.0,302775600.0,43147360592.310005
2025-08-19,600027,5.08,5.14,5.07,5.11,85729614.0,459625610.0,43487773693.630005
2025-08-20,600027,5.11,5.13,5.08,5.13,53408828.0,285933013.0,43657980244.29
2025-08-21,600027,5.13,5.2,5.12,5.17,89523967.0,484945780.0,43998393345.61
2025-08-22,600027,5.18,5.19,5.11,5.16,73984588.0,398212512.0,43913290070.28
2025-08-25,600027,5.16,5.26,5.16,5.24,140949839.0,771365436.0,44594116272.92
2025-08-26,600027,5.25,5.27,5.22,5.23,73401080.0,403042928.0,44509012997.590004
2025-08-27,600027,5.24,5.28,5.1,5.1,157564301.0,856440912.0,43402670418.299995
2025-08-28,600027,5.11,5.13,5.03,5.08,124074325.0,661207003.0,43232463867.64
2025-08-29,600027,5.09,5.21,5.06,5.06,180078850.0,967083559.0,43062257316.979996
2025-09-01,600027,5.07,5.15,5.03,5.12,122463377.0,655246754.0,43572876968.96
2025-09-02,600027,5.12,5.2,5.1,5.18,142964646.0,774171575.0,44083496620.939995
2025-09-03,600027,5.18,5.2,5.09,5.13,77053300.0,414654685.0,43657980244.29
2025-09-04,600027,5.12,5.12,5.05,5.11,83866798.0,446634980.0,43487773693.630005
2025-09-05,600027,5.11,5.15,5.05,5.13,86434103.0,462466523.0,43657980244.29
2025-09-08,600027,5.15,5.25,5.15,5.22,142768317.0,781036878.0,44423909722.259995
2025-09-09,600027,5.24,5.25,5.16,5.19,70883860.0,386516621.0,44168599896.270004
2025-09-10,600027,5.18,5.19,5.11,5.17,67541635.0,364632917.0,43998393345.61
2025-09-11,600027,5.18,5.19,5.13,5.18,61621164.0,333442276.0,44083496620.939995
2025-09-12,600027,5.18,5.21,5.16,5.18,63679500.0,346294845.0,44083496620.939995
2025-09-15,600027,5.18,5.2,5.12,5.14,70594215.0,380999744.0,43743083519.619995
2025-09-16,600027,5.15,5.16,5.06,5.07,108160767.0,575753590.0,43147360592.310005
2025-09-17,600027,5.07,5.1,5.05,5.07,66752162.0,354790821.0,43147360592.310005
2025-09-18,600027,5.07,5.08,4.97,4.99,132183771.0,696135836.0,42466534389.67
2025-09-19,600027,4.97,4.98,4.92,4.93,71245699.0,369104283.0,41955914737.689995
2025-09-22,600027,4.94,4.94,4.87,4.88,55899168.0,286258817.0,41530398361.04
2025-09-23,600027,4.88,4.91,4.82,4.86,71285128.0,362958012.0,41360191810.380005
2025-09-24,600027,4.85,4.88,4.83,4.87,44852647.0,228382249.0,41445295085.71
2025-09-25,600027,4.87,4.87,4.77,4.8,77744418.0,392272577.0,40849572158.4
2025-09-26,600027,4.8,4.85,4.79,4.84,48294908.0,244497078.0,41189985259.72
2025-09-29,600027,4.85,4.91,4.82,4.9,66558968.0,339647372.0,41700604911.700005
2025-09-30,600027,4.88,4.89,4.82,4.86,49939067.0,253833837.0,41360191810.380005
2025-10-09,600027,4.86,4.98,4.85,4.97,89169572.0,461151015.0,42296327839.009995
2025-10-10,600027,4.98,5.03,4.95,5.02,88891113.0,466635322.0,42721844215.659996
2025-10-13,600027,4.92,5.0,4.88,4.99,80600774.0,417583759.0,42466534389.67
2025-10-14,600027,4.99,5.03,4.98,5.0,78859210.0,413892577.0,42551637665.0
2025-10-15,600027,5.01,5.05,4.98,5.02,69933521.0,367254103.0,42721844215.659996
2025-10-16,600027,5.01,5.06,4.99,5.05,64001967.0,337493263.0,42977154041.65
2025-10-17,600027,5.06,5.07,5.0,5.01,74158203.0,391638435.0,42636740940.33
2025-10-20,600027,5.02,5.03,4.92,5.0,64591460.0,336611111.0,42551637665.0
2025-10-21,600027,5.0,5.03,4.96,5.02,55693159.0,292243611.0,42721844215.659996
2025-10-22,600027,5.02,5.06,4.96,5.0,78597165.0,412486985.0,42551637665.0
2025-10-23,600027,4.99,5.08,4.97,5.07,113558073.0,600165815.0,43147360592.310005
2025-10-24,600027,5.07,5.07,4.99,5.02,77974282.0,410255519.0,42721844215.659996
2025-10-27,600027,5.02,5.17,5.01,5.13,162242291.0,870885687.0,43657980244.29
2025-10-28,600027,5.13,5.17,5.1,5.12,84225165.0,453154403.0,43572876968.96
2025-10-29,600027,5.19,5.25,5.16,5.21,186675777.0,1018237518.0,44338806446.93
2025-10-30,600027,5.21,5.33,5.19,5.28,193505871.0,1070873939.0,44934529374.240005
2025-10-31,600027,5.28,5.28,5.15,5.16,109731379.0,597064862.0,43913290070.28
2025-11-03,600027,5.17,5.24,5.15,5.2,81879395.0,446005784.0,44253703171.6
2025-11-04,600027,5.21,5.27,5.18,5.22,95888201.0,526100082.0,44423909722.259995
2025-11-05,600027,5.21,5.28,5.16,5.26,72019716.0,395341436.0,44764322823.58
2025-11-06,600027,5.28,5.39,5.28,5.33,92556887.0,517974114.0,45360045750.89
2025-11-07,600027,5.33,5.39,5.29,5.3,74639429.0,417734016.0,45104735924.9
2025-11-10,600027,5.34,5.34,5.27,5.28,80103079.0,444560971.0,44934529374.240005
2025-11-11,600027,5.28,5.28,5.19,5.22,87977307.0,481790876.0,44423909722.259995
2025-11-12,600027,5.25,5.27,5.21,5.23,54978300.0,296623072.0,44509012997.590004
2025-11-13,600027,5.24,5.25,5.14,5.19,82802450.0,442482358.0,44168599896.270004
2025-11-14,600027,5.19,5.21,5.11,5.11,78935609.0,419021492.0,43487773693.630005
2025-11-17,600027,5.12,5.13,5.03,5.05,77473600.0,403999774.0,42977154041.65
2025-11-18,600027,5.04,5.06,4.99,5.01,74747801.0,386820309.0,42636740940.33
2025-11-19,600027,5.01,5.04,4.99,5.03,73637590.0,381337723.0,42806947490.990005
2025-11-20,600027,5.02,5.07,5.0,5.01,70672024.0,367023297.0,42636740940.33
2025-11-21,600027,4.99,5.0,4.94,4.95,81478669.0,417671883.0,42126121288.35
2025-11-24,600027,4.97,4.98,4.87,4.9,88271954.0,446325563.0,41700604911.700005
2025-11-25,600027,4.91,4.99,4.88,4.97,81856500.0,416955813.0,42296327839.009995
2025-11-26,600027,4.97,5.0,4.94,4.96,58238614.0,298089830.0,42211224563.68
2025-11-27,600027,4.96,5.06,4.94,5.03,84549259.0,437770482.0,42806947490.990005
2025-11-28,600027,5.02,5.03,4.98,4.99,53531030.0,275844717.0,42466534389.67
2025-12-01,600027,4.99,5.07,4.98,5.05,99989826.0,518191701.0,42977154041.65
2025-12-02,600027,5.05,5.12,5.03,5.11,84856132.0,445631597.0,43487773693.630005
2025-12-03,600027,5.11,5.17,5.09,5.15,66736855.0,353910136.0,43828186794.950005
2025-12-04,600027,5.14,5.14,5.08,5.09,52162840.0,274606337.0,43317567142.97
2025-12-05,600027,5.09,5.14,5.08,5.12,51751400.0,272907261.0,43572876968.96
2025-12-08,600027,5.12,5.13,5.03,5.04,81070069.0,422745449.0,42892050766.32
2025-12-09,600027,5.03,5.1,5.01,5.04,62722645.0,327642327.0,42892050766.32
2025-12-10,600027,5.04,5.09,5.03,5.07,48828965.0,255047249.0,43147360592.310005
2025-12-11,600027,5.07,5.11,5.06,5.06,56222200.0,294819282.0,43062257316.979996
2025-12-12,600027,5.06,5.12,5.05,5.08,81270387.0,426329595.0,43232463867.64
2025-12-15,600027,5.08,5.16,5.07,5.14,71181480.0,376247032.0,43743083519.619995
2025-12-16,600027,5.13,5.14,5.02,5.05,76919026.0,401517190.0,42977154041.65
2025-12-17,600027,5.05,5.12,5.01,5.1,56309137.0,294696509.0,43402670418.299995
2025-12-18,600027,5.1,5.11,5.05,5.09,50843888.0,266161779.0,43317567142.97
2025-12-19,600027,5.07,5.09,5.03,5.04,74364119.0,387986050.0,42892050766.32
2025-12-22,600027,5.06,5.07,5.01,5.02,99127232.0,514667098.0,42721844215.659996
2025-12-23,600027,5.02,5.15,5.02,5.07,146538950.0,770716773.0,43147360592.310005
2025-12-24,600027,5.07,5.08,5.01,5.04,94772700.0,492503939.0,42892050766.32
2025-12-25,600027,5.04,5.08,5.02,5.04,71680764.0,373364232.0,42892050766.32
2025-12-26,600027,5.04,5.11,5.01,5.09,125774025.0,656203811.0,43317567142.97
2025-12-29,600027,5.07,5.08,4.91,4.94,222730618.0,1139613037.0,42041018013.020004
2025-12-30,600027,4.93,4.94,4.81,4.82,164977887.0,823894875.0,41019778709.060005
2025-12-31,600027,4.81,4.83,4.79,4.81,72760205.0,360813478.0,40934675433.729996
2026-01-05,600027,4.82,4.86,4.8,4.86,91639165.0,456754912.0,41360191810.380005
2026-01-06,600027,4.86,4.87,4.84,4.87,83062272.0,415658823.0,41445295085.71
2026-01-07,600027,4.87,4.89,4.85,4.86,63028661.0,316281031.0,41360191810.380005
2026-01-08,600027,4.86,4.89,4.84,4.87,57354649.0,287573132.0,41445295085.71
2026-01-09,600027,4.87,4.89,4.86,4.88,58906741.0,296042177.0,41530398361.04
2026-01-12,600027,4.89,4.9,4.86,4.89,69002526.0,347554353.0,41615501636.369995
2026-01-13,600027,4.9,4.91,4.87,4.88,87068848.0,438990952.0,41530398361.04
2026-01-14,600027,4.89,4.89,4.83,4.84,87720173.0,440014620.0,41189985259.72
2026-01-15,600027,4.84,4.84,4.81,4.82,55507170.0,276265950.0,41019778709.060005
2026-01-16,600027,4.83,4.88,4.81,4.82,90510305.0,452034007.0,41019778709.060005
2026-01-19,600027,4.82,4.87,4.81,4.84,72497363.0,362033224.0,41189985259.72
2026-01-20,600027,4.84,4.91,4.83,4.9,109570351.0,550516296.0,41700604911.700005
2026-01-21,600027,4.89,4.9,4.85,4.86,74964661.0,375948610.0,41360191810.380005
2026-01-22,600027,4.87,4.88,4.85,4.86,53940816.0,270345249.0,41360191810.380005
2026-01-23,600027,4.86,4.87,4.84,4.85,70137554.0,350714206.0,41275088535.049995
2026-01-26,600027,4.85,4.88,4.83,4.86,101020337.0,506369111.0,41360191810.380005
2026-01-27,600027,4.87,4.87,4.79,4.79,99075399.0,491516379.0,40764468883.07
2026-01-28,600027,4.79,4.83,4.76,4.77,115580898.0,571307297.0,40594262332.409996
2026-01-29,600027,4.77,4.78,4.68,4.77,139351331.0,679175135.0,40594262332.409996
2026-01-30,600027,4.75,4.78,4.71,4.75,64639860.0,316804065.0,40424055781.75
2026-02-02,600027,4.75,4.78,4.69,4.69,82161934.0,401291465.0,39913436129.770004
2026-02-03,600027,4.71,4.72,4.67,4.68,61379615.0,296451002.0,39828332854.439995
2026-02-04,600027,4.67,4.74,4.67,4.73,70483197.0,342303249.0,40253849231.090004
2026-02-05,600027,4.72,4.73,4.67,4.72,60004615.0,291400056.0,40168745955.759995
2026-02-06,600027,4.7,4.74,4.69,4.72,45866560.0,223594588.0,40168745955.759995
2026-02-09,600027,4.74,4.75,4.71,4.74,47588608.0,232309241.0,40338952506.42
2026-02-10,600027,4.74,4.74,4.71,4.73,33266331.0,162127246.0,40253849231.090004
2026-02-11,600027,4.73,4.75,4.72,4.74,37037199.0,181027089.0,40338952506.42
2026-02-12,600027,4.75,4.79,4.74,4.77,63974203.0,314573887.0,40594262332.409996
2026-02-13,600027,4.77,4.78,4.7,4.7,57198200.0,278773369.0,39998539405.1
2026-02-24,600027,4.71,4.76,4.7,4.74,101773665.0,497600558.0,43682310529.98
2026-02-25,600027,4.75,4.85,4.73,4.75,218926663.0,1079549837.0,43774467303.25
2026-02-26,600027,4.76,4.84,4.75,4.83,132695101.0,658643638.0,44511721489.41
2026-02-27,600027,4.83,4.97,4.81,4.95,259066244.0,1309273404.0,45617602768.65
2026-03-02,600027,4.91,5.06,4.9,5.03,244634971.0,1262792512.0,46354856954.810005
2026-03-03,600027,5.04,5.09,4.99,5.0,223538385.0,1160860676.0,46078386635.0
2026-03-04,600027,4.98,5.01,4.92,4.98,150612854.0,770462925.0,45894073088.46001
2026-03-05,600027,5.0,5.06,4.98,5.03,137386088.0,711926961.0,46354856954.810005
2026-03-06,600027,5.02,5.09,5.0,5.07,129930600.0,677933686.0,46723484047.89
2026-03-09,600027,5.04,5.12,5.02,5.03,148415701.0,774894602.0,46354856954.810005
2026-03-10,600027,5.04,5.07,4.96,4.99,116115439.0,600285583.0,45986229861.73
2026-03-11,600027,5.01,5.12,4.93,5.12,180665852.0,940114008.0,47184267914.24
2026-03-12,600027,5.12,5.26,5.1,5.25,194442388.0,1042488359.0,48382305966.75
2026-03-13,600027,5.26,5.28,5.14,5.16,170547130.0,914165881.0,47552895007.32
2026-03-16,600027,5.15,5.22,5.09,5.12,162211874.0,860745011.0,47184267914.24
2026-03-17,600027,5.09,5.18,5.06,5.07,111923049.0,590005579.0,46723484047.89
2026-03-18,600027,5.06,5.14,5.01,5.07,102251535.0,534420060.0,46723484047.89
2026-03-19,600027,5.05,5.13,5.04,5.06,115222029.0,604927290.0,46631327274.619995
2026-03-20,600027,5.06,5.21,5.04,5.07,188832077.0,997169447.0,46723484047.89
2026-03-23,600027,5.03,5.1,4.94,4.97,182845630.0,944285953.0,45801916315.189995
2026-03-24,600027,5.02,5.12,4.94,5.11,186064238.0,967708075.0,47092111140.97
2026-03-25,600027,5.09,5.35,5.02,5.27,330874782.0,1781757410.0,48566619513.28999
2026-03-26,600027,5.27,5.27,5.1,5.17,257871972.0,1375969192.0,47645051780.59
2026-03-27,600027,5.0,5.05,4.91,4.95,319341152.0,1631971331.0,45617602768.65
2026-03-30,600027,4.9,4.9,4.67,4.69,305743580.0,1491732273.0,43221526663.630005
2026-03-31,600027,4.67,4.67,4.55,4.57,231157628.0,1097459810.0,42115645384.39
2026-04-01,600027,4.6,4.62,4.57,4.59,106621390.0,504209347.0,42299958930.93
2026-04-02,600027,4.59,4.59,4.51,4.53,111766692.0,523107339.0,41747018291.310005
2026-04-03,600027,4.53,4.54,4.39,4.41,114939524.0,526187553.0,40641137012.07
2026-04-07,600027,4.41,4.43,4.36,4.38,90161979.0,407937344.0,40364666692.26
2026-04-08,600027,4.42,4.5,4.41,4.5,110876264.0,509461374.0,41470547971.5
2026-04-09,600027,4.49,4.49,4.43,4.44,78661437.0,360360117.0,40917607331.880005
2026-04-10,600027,4.44,4.46,4.43,4.44,75554451.0,346234920.0,40917607331.880005
2026-04-13,600027,4.43,4.45,4.41,4.45,68919272.0,314774552.0,41009764105.15
2026-04-14,600027,4.44,4.48,4.43,4.46,75667809.0,347132461.0,41101920878.42
2026-04-15,600027,4.46,4.53,4.44,4.52,111064347.0,515133717.0,41654861518.03999
2026-04-16,600027,4.52,4.54,4.5,4.52,78997726.0,368016475.0,41654861518.03999
2026-04-17,600027,4.52,4.54,4.49,4.5,79620253.0,369989149.0,41470547971.5
2026-04-20,600027,4.51,4.55,4.5,4.55,70719408.0,330520434.0,41931331837.85
2026-04-21,600027,4.54,4.64,4.52,4.62,140610744.0,664649006.0,42576429250.74
2026-04-22,600027,4.61,4.67,4.59,4.66,123903934.0,591633405.0,42945056343.82
2026-04-23,600027,4.66,4.75,4.61,4.74,169071331.0,819895407.0,43682310529.98
2026-04-24,600027,4.75,4.76,4.69,4.73,108778404.0,531066080.0,43590153756.71001
2026-04-27,600027,4.7,4.78,4.68,4.76,100402532.0,492251359.0,43866624076.52
2026-04-28,600027,4.75,4.85,4.66,4.83,189494676.0,930535061.0,44511721489.41
2026-04-29,600027,4.77,4.89,4.73,4.87,165349415.0,823073584.0,44880348582.49
2026-04-30,600027,4.85,4.9,4.82,4.84,95517561.0,477858668.0,44603878262.68
2026-05-06,600027,4.84,4.91,4.82,4.91,111781450.0,560460957.0,45248975675.57
2026-05-07,600027,4.9,5.01,4.88,4.95,124498123.0,636681372.0,45617602768.65
2026-05-08,600027,4.96,5.04,4.94,4.98,117108454.0,602447922.0,45894073088.46001
2026-05-11,600027,4.98,5.11,4.98,5.07,164608310.0,860933274.0,46723484047.89
2026-05-12,600027,5.08,5.22,5.07,5.17,188206195.0,1002068797.0,47645051780.59
2026-05-13,600027,5.16,5.28,5.12,5.23,190776712.0,1026035158.0,48197992420.21001
2026-05-14,600027,5.24,5.35,5.1,5.11,277371538.0,1497650576.0,47092111140.97
2026-05-15,600027,5.08,5.22,5.02,5.18,183820247.0,971838045.0,47737208553.86
2026-05-18,600027,5.14,5.23,5.11,5.22,135877713.0,726967410.0,48105835646.939995
2026-05-19,600027,5.2,5.38,5.18,5.33,209274977.0,1147909996.0,49119560152.91
2026-05-20,600027,5.33,5.33,5.04,5.07,183409598.0,973740510.0,46723484047.89
2026-05-21,600027,5.04,5.1,4.97,4.98,120849770.0,627338156.0,45894073088.46001
2026-05-22,600027,4.99,5.03,4.93,4.98,89385351.0,459347588.0,45894073088.46001
2026-05-25,600027,4.96,5.03,4.93,5.01,87914903.0,452161431.0,46170543408.27
2026-05-26,600027,5.03,5.06,4.96,5.02,100247641.0,517929989.0,46262700181.53999
2026-05-27,600027,4.99,5.16,4.96,5.13,171790525.0,898530046.0,47276424687.51
2026-05-28,600027,5.14,5.27,5.09,5.14,195453804.0,1042290344.0,47368581460.78
2026-05-29,600027,5.14,5.49,5.12,5.39,343914057.0,1887463821.0,49672500792.53
2026-06-01,600027,5.45,5.9,5.25,5.74,525797054.0,3032963093.0,52897987856.98
2026-06-02,600027,5.6,5.62,5.38,5.43,354935484.0,1995506972.0,50041127885.61
2026-06-03,600027,5.33,5.53,5.24,5.42,302924116.0,1670309490.0,49948971112.34
2026-06-04,600027,5.38,5.43,5.27,5.28,197561304.0,1085206632.0,48658776286.560005
2026-06-05,600027,5.29,5.43,5.02,5.04,252684383.0,1351481034.0,46447013728.08
2026-06-08,600027,4.95,5.09,4.9,4.99,156155641.0,805060827.0,45986229861.73
2026-06-09,600027,5.0,5.03,4.86,5.02,144687180.0,740344094.0,46262700181.53999
2026-06-10,600027,5.0,5.0,4.86,4.92,136936797.0,693943180.0,45341132448.84
2026-06-11,600027,4.89,4.98,4.86,4.92,104223501.0,528272567.0,45341132448.84
2026-06-12,600027,4.93,5.0,4.88,4.97,124191625.0,634132185.0,45801916315.189995
2026-06-15,600027,4.99,4.99,4.88,4.91,119428600.0,605924775.0,45248975675.57
2026-06-16,600027,4.91,4.94,4.79,4.79,141448504.0,707727978.0,44143094396.33
2026-06-17,600027,4.79,4.82,4.7,4.81,105098913.0,517986869.0,44327407942.869995
2026-06-18,600027,4.77,4.83,4.62,4.63,120021063.0,581027962.0,42668586024.01
2026-06-22,600027,4.61,4.66,4.55,4.64,98317264.0,466692028.0,42760742797.28
2026-06-23,600027,4.62,4.74,4.6,4.62,101869404.0,489778481.0,42576429250.74
2026-06-24,600027,4.63,4.64,4.51,4.54,84290538.0,394939268.0,41839175064.58
2026-06-25,600027,4.53,4.57,4.49,4.51,75866511.0,352950988.0,41562704744.77
2026-06-26,600027,4.53,4.61,4.46,4.46,92477506.0,419425324.0,41101920878.42
2026-06-29,600027,4.43,4.54,4.34,4.53,102912471.0,458060482.0,41747018291.310005
2026-06-30,600027,4.52,4.54,4.4,4.45,87789487.0,390671388.0,41009764105.15
2026-07-01,600027,4.42,4.65,4.42,4.58,102664654.0,467120625.0,42207802157.66
2026-07-02,600027,4.57,4.65,4.5,4.56,90617829.0,413152876.0,42023488611.119995
2026-07-03,600027,4.57,4.58,4.51,4.54,67215200.0,305153774.0,41839175064.58
2026-07-06,600027,4.53,4.56,4.47,4.54,65345466.0,295565365.0,41839175064.58
2026-07-07,600027,4.54,4.54,4.44,4.45,61361530.0,274142088.0,41009764105.15
2026-07-08,600027,4.44,4.49,4.42,4.46,39036193.0,174065244.0,41101920878.42
2026-07-09,600027,4.47,4.47,4.4,4.43,48281683.0,213711839.0,40825450558.61
2026-07-10,600027,4.43,4.54,4.39,4.5,78908307.0,353500770.0,41470547971.5
2026-07-13,600027,4.48,4.54,4.46,4.54,64837322.0,292116890.0,41839175064.58
2026-07-14,600027,4.51,4.62,4.5,4.62,74886268.0,342479903.0,42576429250.74
2026-07-15,600027,4.59,4.64,4.55,4.63,77696688.0,357839309.0,42668586024.01
2026-07-16,600027,4.61,4.64,4.54,4.58,72465731.0,331926042.0,42207802157.66
2026-07-17,600027,4.6,4.71,4.58,4.65,125736116.0,586618094.0,42852899570.55
2026-07-20,600027,4.6,4.81,4.58,4.81,162316412.0,767018243.0,44327407942.869995
2026-07-21,600027,4.75,4.82,4.71,4.74,125514198.0,596485064.0,43682310529.98
2026-07-22,600027,4.72,4.8,4.69,4.79,97143893.0,461104127.0,44143094396.33
2026-07-23,600027,4.77,4.88,4.75,4.86,89661607.0,432868650.0,44788191809.22
2026-07-24,600027,4.83,4.88,4.68,4.69,91449300.0,435384672.0,43221526663.630005
2026-07-27,600027,4.68,4.74,4.65,4.68,71605807.0,335365994.0,43129369890.36
2026-07-28,600027,4.68,4.69,4.59,4.64,66481720.0,307293723.0,42760742797.28
2026-07-29,600027,4.65,4.75,4.64,4.75,90983501.0,429344303.0,43774467303.25
