date,ticker,open,high,low,close,volume,amount,market_cap
2021-01-04,600029,5.9,5.94,5.84,5.9,44539533.0,261992016.0,47857970542.9
2021-01-05,600029,5.86,5.9,5.76,5.85,49501932.0,288105205.0,47452394521.35
2021-01-06,600029,5.82,5.82,5.74,5.75,55867315.0,322215453.0,46641242478.25
2021-01-07,600029,5.76,5.78,5.6,5.65,59035651.0,334574201.0,45830090435.15
2021-01-08,600029,5.64,5.73,5.62,5.71,38096459.0,216705172.0,46316781661.01
2021-01-11,600029,5.64,5.66,5.58,5.64,66387292.0,372403103.0,45748975230.84
2021-01-12,600029,5.59,5.74,5.56,5.74,38893149.0,219918965.0,46560127273.94
2021-01-13,600029,5.71,5.78,5.66,5.76,42356055.0,242485987.0,46722357682.56
2021-01-14,600029,5.7,5.79,5.67,5.72,28622666.0,163874910.0,46397896865.32
2021-01-15,600029,5.73,5.76,5.66,5.68,28390145.0,162091783.0,46073436048.079994
2021-01-18,600029,5.66,5.74,5.62,5.72,29120290.0,165905923.0,46397896865.32
2021-01-19,600029,5.73,5.87,5.68,5.81,48104155.0,279358905.0,47127933704.11
2021-01-20,600029,5.81,5.83,5.71,5.74,27385167.0,157716955.0,46560127273.94
2021-01-21,600029,5.7,5.72,5.65,5.68,35306839.0,200634114.0,46073436048.079994
2021-01-22,600029,5.66,5.67,5.59,5.59,33772652.0,189510220.0,45343399209.29
2021-01-25,600029,5.57,5.62,5.53,5.55,28849346.0,160446016.0,45018938392.049995
2021-01-26,600029,5.57,5.7,5.52,5.67,38286058.0,215662692.0,45992320843.77
2021-01-27,600029,5.65,5.82,5.62,5.73,48497454.0,277654613.0,46479012069.630005
2021-01-28,600029,5.71,5.74,5.6,5.62,26543907.0,149924488.0,45586744822.22
2021-01-29,600029,5.68,6.0,5.64,5.83,97422010.0,568724791.0,47290164112.73
2021-02-01,600029,5.72,6.02,5.64,5.89,85857072.0,502990870.0,47776855338.59
2021-02-02,600029,5.83,5.97,5.76,5.78,46599785.0,271940795.0,46884588091.18
2021-02-03,600029,5.8,5.83,5.66,5.71,41128211.0,235947871.0,46316781661.01
2021-02-04,600029,5.7,5.81,5.63,5.69,35890291.0,204750950.0,46154551252.39
2021-02-05,600029,5.67,5.97,5.65,5.95,89375658.0,523857189.0,48263546564.450005
2021-02-08,600029,5.97,6.22,5.93,6.19,106121322.0,650787601.0,50210311467.89
2021-02-09,600029,6.18,6.21,6.11,6.2,50304320.0,310011172.0,50291426672.200005
2021-02-10,600029,6.18,6.2,6.1,6.16,35436376.0,218374284.0,49966965854.96
2021-02-18,600029,6.25,6.42,6.15,6.36,83791920.0,528844160.0,51589269941.16
2021-02-19,600029,6.29,6.51,6.28,6.35,70460839.0,448593277.0,51508154736.85
2021-02-22,600029,6.33,6.4,6.21,6.31,60365317.0,381817952.0,51183693919.61
2021-02-23,600029,6.31,6.59,6.31,6.51,114881970.0,745459955.0,52805998005.81
2021-02-24,600029,6.59,6.65,6.23,6.32,115650755.0,745064295.0,51264809123.920006
2021-02-25,600029,6.4,6.53,6.17,6.19,98611519.0,622521232.0,50210311467.89
2021-02-26,600029,6.05,6.19,6.02,6.07,73194383.0,446181939.0,49236929016.170006
2021-03-01,600029,6.13,6.26,6.06,6.18,56771485.0,350555892.0,50129196263.579994
2021-03-02,600029,6.22,6.24,6.08,6.14,42210923.0,259669749.0,49804735446.34
2021-03-03,600029,6.08,6.38,6.08,6.34,61469646.0,386892535.0,51427039532.54
2021-03-04,600029,6.3,6.39,6.24,6.27,50019086.0,315667217.0,50859233102.369995
2021-03-05,600029,6.21,6.23,6.09,6.14,51847007.0,319240860.0,49804735446.34
2021-03-08,600029,6.15,6.23,6.01,6.03,55246049.0,337268034.0,48912468198.93
2021-03-09,600029,6.1,6.34,6.03,6.19,89269893.0,552154635.0,50210311467.89
2021-03-10,600029,6.19,6.26,6.1,6.17,43130340.0,266593727.0,50048081059.27
2021-03-11,600029,6.15,6.41,6.12,6.4,81347558.0,515850515.0,51913730758.4
2021-03-12,600029,6.39,6.45,6.32,6.42,55589380.0,355390442.0,52075961167.02
2021-03-15,600029,6.51,7.06,6.48,7.06,298231396.0,2056641240.0,57267334242.86
2021-03-16,600029,7.05,7.15,6.89,7.13,222124472.0,1566662424.0,57835140673.03
2021-03-17,600029,7.05,7.12,6.92,7.02,89842552.0,629432871.0,56942873425.619995
2021-03-18,600029,7.1,7.16,6.92,7.05,124783889.0,880248695.0,57186219038.549995
2021-03-19,600029,6.95,7.02,6.78,6.85,109352058.0,750481355.0,55563914952.35
2021-03-22,600029,6.85,7.28,6.85,7.17,135015485.0,963276088.0,58159601490.27
2021-03-23,600029,7.12,7.33,6.98,7.05,119496727.0,852916017.0,57186219038.549995
2021-03-24,600029,6.95,6.97,6.61,6.64,106312409.0,717437120.0,53860495661.84
2021-03-25,600029,6.7,6.77,6.59,6.67,60981996.0,407758731.0,54103841274.77
2021-03-26,600029,6.78,7.2,6.74,6.87,114770936.0,798470908.0,55726145360.97
2021-03-29,600029,6.91,7.03,6.82,6.88,62235023.0,431038319.0,55807260565.28
2021-03-30,600029,6.85,6.95,6.76,6.89,50721728.0,347842657.0,55888375769.59
2021-03-31,600029,6.82,6.96,6.8,6.87,53180919.0,366133648.0,55726145360.97
2021-04-01,600029,6.85,6.86,6.59,6.8,70108066.0,470905562.0,55158338930.799995
2021-04-02,600029,6.74,6.92,6.72,6.82,46343884.0,315910170.0,55320569339.420006
2021-04-06,600029,6.89,6.91,6.71,6.77,37347184.0,253042031.0,54914993317.869995
2021-04-07,600029,6.78,7.05,6.73,7.0,95532591.0,660486567.0,56780643017.0
2021-04-08,600029,6.94,7.07,6.86,7.04,63719832.0,444560436.0,57105103834.24
2021-04-09,600029,7.0,7.06,6.77,6.8,68963822.0,472604770.0,55158338930.799995
2021-04-12,600029,6.77,6.82,6.66,6.78,47862105.0,322857643.0,54996108522.18
2021-04-13,600029,6.76,6.78,6.62,6.7,37830159.0,253029366.0,54347186887.700005
2021-04-14,600029,6.66,6.82,6.64,6.76,36630026.0,247675437.0,54833878113.56
2021-04-15,600029,6.71,6.78,6.68,6.7,31914166.0,214414608.0,54347186887.700005
2021-04-16,600029,6.68,6.92,6.66,6.83,52945586.0,360337740.0,55401684543.73
2021-04-19,600029,6.87,7.07,6.84,7.0,80201220.0,560488200.0,56780643017.0
2021-04-20,600029,6.95,7.02,6.87,6.92,53378980.0,369850591.0,56131721382.52
2021-04-21,600029,6.81,6.82,6.7,6.74,56354840.0,380347005.0,54671647704.94
2021-04-22,600029,6.8,6.83,6.67,6.69,51045204.0,343374652.0,54266071683.39
2021-04-23,600029,6.66,6.72,6.47,6.55,72635558.0,477487297.0,53130458823.049995
2021-04-26,600029,6.53,6.67,6.45,6.55,48155099.0,316655075.0,53130458823.049995
2021-04-27,600029,6.53,6.58,6.37,6.4,46300980.0,298042383.0,51913730758.4
2021-04-28,600029,6.43,6.47,6.3,6.44,42258346.0,269556510.0,52238191575.64
2021-04-29,600029,6.43,6.47,6.34,6.45,29413838.0,188968547.0,52319306779.950005
2021-04-30,600029,6.35,6.4,6.21,6.35,54067603.0,340582037.0,51508487191.1
2021-05-06,600029,6.3,6.4,6.15,6.17,67986499.0,424385885.0,50048404089.62
2021-05-07,600029,6.18,6.31,6.12,6.2,51734186.0,321823220.0,50291751273.200005
2021-05-10,600029,6.21,6.22,6.07,6.15,46499182.0,284380589.0,49886172633.9
2021-05-11,600029,6.09,6.33,6.08,6.31,58124763.0,362060784.0,51184024279.659996
2021-05-12,600029,6.29,6.37,6.22,6.27,31959386.0,200719145.0,50859561368.21999
2021-05-13,600029,6.25,6.27,6.18,6.21,25057651.0,155876683.0,50372867001.06
2021-05-14,600029,6.27,6.38,6.19,6.36,47670580.0,300083859.0,51589602918.96
2021-05-17,600029,6.3,6.47,6.25,6.43,53988238.0,344907541.0,52157413013.979996
2021-05-18,600029,6.43,6.6,6.39,6.6,56126964.0,366185460.0,53536380387.6
2021-05-19,600029,6.6,6.63,6.52,6.59,32354559.0,212540230.0,53455264659.74
2021-05-20,600029,6.57,6.71,6.49,6.7,53572217.0,354169772.0,54347537666.200005
2021-05-21,600029,6.7,6.76,6.58,6.66,45788243.0,304312608.0,54023074754.76
2021-05-24,600029,6.69,6.7,6.56,6.68,38535900.0,255823064.0,54185306210.479996
2021-05-25,600029,6.67,6.79,6.56,6.74,70221694.0,470456660.0,54672000577.64
2021-05-26,600029,6.74,6.83,6.69,6.81,55390569.0,374880572.0,55239810672.659996
2021-05-27,600029,6.77,6.83,6.72,6.76,37943254.0,256654949.0,54834232033.36
2021-05-28,600029,6.79,6.8,6.57,6.6,44170177.0,293251959.0,53536380387.6
2021-05-31,600029,6.48,6.48,6.33,6.37,68710379.0,438851193.0,51670769625.93
2021-06-01,600029,6.33,6.41,6.27,6.38,48471868.0,308021473.0,51751885433.82
2021-06-02,600029,6.38,6.52,6.33,6.45,49684787.0,320496743.0,52319696089.05
2021-06-03,600029,6.42,6.51,6.4,6.4,18026859.0,116199323.0,51914117049.600006
2021-06-04,600029,6.38,6.5,6.35,6.46,29993171.0,193139166.0,52400811896.94
2021-06-07,600029,6.46,6.49,6.3,6.34,28468339.0,180716836.0,51427422202.26
2021-06-08,600029,6.34,6.45,6.28,6.38,40899152.0,260712912.0,51751885433.82
2021-06-09,600029,6.36,6.37,6.28,6.3,30306355.0,191255367.0,51102958970.7
2021-06-10,600029,6.31,6.33,6.27,6.31,24252969.0,152863923.0,51184074778.59
2021-06-11,600029,6.32,6.32,6.18,6.27,44342344.0,276231291.0,50859611547.03
2021-06-15,600029,6.25,6.26,6.14,6.18,26793793.0,165747369.0,50129569276.02
2021-06-16,600029,6.19,6.21,6.13,6.14,20154340.0,124210939.0,49805106044.46
2021-06-17,600029,6.15,6.18,6.08,6.12,31051249.0,190124588.0,49642874428.68
2021-06-18,600029,6.11,6.28,6.07,6.26,33862044.0,209727996.0,60913665406.02
2021-06-21,600029,6.22,6.24,6.12,6.14,27916351.0,172076497.0,59745991308.78
2021-06-22,600029,6.16,6.2,6.11,6.15,25597680.0,157298530.0,59843297483.55
2021-06-23,600029,6.12,6.2,6.1,6.16,34473922.0,211930802.0,59940603658.32
2021-06-24,600029,6.17,6.33,6.13,6.2,60846436.0,379741640.0,60329828357.4
2021-06-25,600029,6.2,6.24,6.09,6.16,48454268.0,298621846.0,59940603658.32
2021-06-28,600029,6.16,6.19,6.09,6.12,54652615.0,334813029.0,59551378959.24
2021-06-29,600029,6.11,6.12,6.0,6.05,47771940.0,288697885.0,58870235735.85
2021-06-30,600029,6.05,6.08,5.99,6.02,32199400.0,193949152.0,58578344199.2
2021-07-01,600029,6.05,6.05,5.99,6.01,21898182.0,131747718.0,58481037979.6
2021-07-02,600029,6.0,6.04,5.94,5.95,28445195.0,169983559.0,57897200662.0
2021-07-05,600029,5.94,5.95,5.85,5.88,26998689.0,158848643.0,57216057124.799995
2021-07-06,600029,5.87,5.95,5.84,5.91,39321674.0,231404323.0,57507975783.6
2021-07-07,600029,5.89,5.91,5.85,5.89,21759570.0,127819909.0,57313363344.399994
2021-07-08,600029,5.89,5.89,5.74,5.77,41009830.0,237432342.0,56145688709.2
2021-07-09,600029,5.77,5.95,5.75,5.89,40842380.0,237422364.0,57313363344.399994
2021-07-12,600029,5.9,5.91,5.78,5.79,36835355.0,214191906.0,56340301148.4
2021-07-13,600029,5.76,5.96,5.74,5.9,36290997.0,212902594.0,57410669564.0
2021-07-14,600029,5.9,5.9,5.77,5.78,25381520.0,147316747.0,56242994928.8
2021-07-15,600029,5.82,5.83,5.75,5.82,18382446.0,106542820.0,56632219807.200005
2021-07-16,600029,5.81,5.99,5.79,5.96,47507489.0,281070435.0,57994506881.6
2021-07-19,600029,5.93,6.11,5.88,6.1,50012401.0,301455828.0,59356793956.0
2021-07-20,600029,6.05,6.13,6.03,6.08,25442012.0,154495388.0,59162181516.8
2021-07-21,600029,6.03,6.05,5.93,5.99,36013750.0,215468869.0,58286425540.4
2021-07-22,600029,5.96,6.0,5.93,5.99,19832944.0,118545958.0,58286425540.4
2021-07-23,600029,5.95,5.98,5.85,5.86,27732283.0,163080928.0,57021444685.600006
2021-07-26,600029,5.83,5.83,5.71,5.74,29126982.0,167600027.0,55853770050.4
2021-07-27,600029,5.74,5.9,5.73,5.77,24829139.0,143695602.0,56145688709.2
2021-07-28,600029,5.78,5.8,5.59,5.63,24366212.0,137991861.0,54783401634.799995
2021-07-29,600029,5.65,5.67,5.6,5.61,21213366.0,119220151.0,54588789195.600006
2021-07-30,600029,5.58,5.58,5.31,5.35,50153195.0,271250873.0,52058855744.7
2021-08-02,600029,5.18,5.39,5.09,5.29,55224176.0,287746214.0,51475018110.18
2021-08-03,600029,5.27,5.34,5.23,5.29,25994780.0,137636034.0,51475018110.18
2021-08-04,600029,5.29,5.29,5.19,5.23,23107933.0,120712383.0,50891180475.66
2021-08-05,600029,5.23,5.32,5.21,5.28,21495565.0,113338070.0,51377711837.76
2021-08-06,600029,5.32,5.33,5.24,5.26,15283641.0,80514704.0,51183099292.92
2021-08-09,600029,5.27,5.39,5.24,5.36,20897710.0,111449169.0,52156162017.12
2021-08-10,600029,5.33,5.39,5.3,5.37,17743766.0,94926165.0,52253468289.54
2021-08-11,600029,5.36,5.45,5.35,5.42,17112127.0,92796690.0,52739999651.64
2021-08-12,600029,5.44,5.51,5.41,5.43,23262377.0,126933653.0,52837305924.06
2021-08-13,600029,5.42,5.45,5.35,5.4,21830651.0,117628344.0,52545387106.8
2021-08-16,600029,5.42,5.51,5.39,5.48,19323736.0,105654545.0,53323837286.16
2021-08-17,600029,5.5,5.85,5.48,5.6,65636901.0,372015234.0,54491512555.2
2021-08-18,600029,5.64,5.75,5.5,5.67,35123867.0,198873758.0,55172656462.14
2021-08-19,600029,5.67,5.67,5.56,5.65,21658969.0,121622906.0,54978043917.3
2021-08-20,600029,5.64,5.67,5.54,5.61,21798282.0,121909620.0,54588818827.62
2021-08-23,600029,5.62,5.67,5.59,5.61,14504289.0,81426890.0,54588818827.62
2021-08-24,600029,5.6,5.66,5.59,5.63,15206125.0,85508405.0,54783431372.46
2021-08-25,600029,5.64,5.78,5.63,5.76,33221154.0,190476392.0,56048412913.92
2021-08-26,600029,5.76,5.83,5.7,5.75,18364442.0,105857972.0,55951106641.5
2021-08-27,600029,5.72,5.79,5.64,5.67,19992574.0,113855955.0,55172656462.14
2021-08-30,600029,5.67,5.72,5.61,5.67,19855985.0,112492116.0,55172656462.14
2021-08-31,600029,5.68,5.76,5.67,5.76,33477323.0,192068430.0,56048435959.68
2021-09-01,600029,5.76,5.85,5.71,5.84,35204773.0,204151987.0,56826886459.119995
2021-09-02,600029,5.8,5.88,5.78,5.87,30635726.0,178812730.0,57118805396.41
2021-09-03,600029,5.87,6.04,5.78,6.01,57099721.0,340232482.0,58481093770.43
2021-09-06,600029,5.96,6.05,5.94,5.99,37697073.0,225992942.0,58286481145.57
2021-09-07,600029,5.97,6.07,5.95,6.05,33066240.0,199477648.0,58870319020.15
2021-09-08,600029,6.05,6.15,6.02,6.06,26369545.0,160326035.0,58967625332.579994
2021-09-09,600029,6.05,6.24,6.04,6.19,48477108.0,299167236.0,60232607394.170006
2021-09-10,600029,6.23,6.38,6.16,6.16,57881876.0,363378365.0,59940688456.880005
2021-09-13,600029,6.0,6.19,5.76,6.09,57097039.0,345090035.0,59259544269.869995
2021-09-14,600029,6.13,6.16,5.9,5.91,43185828.0,259438918.0,57508030646.130005
2021-09-15,600029,5.9,5.91,5.77,5.82,29179168.0,169906157.0,56632273834.26
2021-09-16,600029,5.83,5.93,5.72,5.72,35759450.0,207009341.0,55659210709.96
2021-09-17,600029,5.72,5.83,5.68,5.8,24492318.0,140554537.0,56437661209.4
2021-09-22,600029,5.75,5.82,5.71,5.82,20338913.0,117187912.0,56632273834.26
2021-09-23,600029,5.82,5.88,5.8,5.84,22917940.0,133937936.0,56826886459.119995
2021-09-24,600029,5.85,5.89,5.77,5.82,25584139.0,149041554.0,56632273834.26
2021-09-27,600029,5.82,5.87,5.68,5.72,47625798.0,273469571.0,58457449913.72
2021-09-28,600029,5.72,5.85,5.7,5.84,25299762.0,146645297.0,59683829981.84
2021-09-29,600029,5.82,5.82,5.67,5.7,26290377.0,150180870.0,58253053235.700005
2021-09-30,600029,5.71,5.8,5.68,5.78,22604025.0,129682084.0,59070660299.16
2021-10-08,600029,5.99,6.17,5.94,6.07,72462766.0,439523644.0,62034413151.54
2021-10-11,600029,6.07,6.26,6.03,6.24,68667095.0,425203467.0,63771785513.28
2021-10-12,600029,6.22,6.32,6.16,6.24,36602975.0,228159320.0,63771785513.28
2021-10-13,600029,6.18,6.28,6.11,6.24,31456052.0,195257909.0,63771785513.28
2021-10-14,600029,6.22,6.68,6.2,6.48,92974447.0,604353326.0,66224546494.560005
2021-10-15,600029,6.47,6.53,6.35,6.43,43192459.0,277846251.0,65713554623.46
2021-10-18,600029,6.39,6.47,6.28,6.42,46596561.0,297056967.0,65611356249.24
2021-10-19,600029,6.34,6.4,6.2,6.33,50890499.0,319471487.0,64691570881.26
2021-10-20,600029,6.33,6.44,6.23,6.36,35437424.0,224084513.0,64998166003.920006
2021-10-21,600029,6.35,6.39,6.25,6.3,30637427.0,193151528.0,64384975758.6
2021-10-22,600029,6.26,6.34,6.17,6.19,26365312.0,163897354.0,63260793642.18
2021-10-25,600029,6.11,6.19,6.01,6.18,32511456.0,198480766.0,63158595267.96
2021-10-26,600029,6.11,6.33,6.09,6.26,36207532.0,226941205.0,63976182261.72
2021-10-27,600029,6.26,6.27,6.12,6.16,20680571.0,127847514.0,62954198519.520004
2021-10-28,600029,6.16,6.41,6.14,6.28,54076134.0,340984053.0,64180579010.16
2021-10-29,600029,6.27,6.6,6.2,6.56,81122184.0,523258495.0,67042161827.52
2021-11-01,600029,6.43,6.45,6.18,6.42,105722323.0,664204070.0,65611383983.64
2021-11-02,600029,6.31,6.47,6.24,6.43,60247691.0,383931632.0,65713582401.06
2021-11-03,600029,6.33,6.38,6.2,6.34,32436180.0,204553617.0,64793796644.28
2021-11-04,600029,6.33,6.4,6.28,6.38,16645758.0,105737224.0,65202590313.96
2021-11-05,600029,6.32,6.48,6.31,6.44,25179947.0,161534970.0,65815780818.48
2021-11-08,600029,6.63,7.08,6.63,6.88,142085682.0,985544579.0,70312511184.95999
2021-11-09,600029,6.95,6.95,6.72,6.73,43835999.0,297421997.0,68779534923.66
2021-11-10,600029,6.71,6.79,6.59,6.65,34150608.0,227189618.0,67961947584.3
2021-11-11,600029,6.66,6.75,6.62,6.7,30706405.0,205683799.0,68472939671.4
2021-11-12,600029,6.65,6.94,6.64,6.87,55127759.0,378116775.0,70210312767.54001
2021-11-15,600029,6.83,6.85,6.67,6.74,27671411.0,186895603.0,68881733341.08
2021-11-16,600029,6.73,6.79,6.67,6.7,16273387.0,109290725.0,68472939671.4
2021-11-17,600029,6.65,6.7,6.57,6.62,17013639.0,112751668.0,67655352332.04
2021-11-18,600029,6.62,6.68,6.6,6.63,15974055.0,106074738.0,67757550749.46
2021-11-19,600029,6.63,6.76,6.53,6.73,17735219.0,117921457.0,68779534923.66
2021-11-22,600029,6.73,6.74,6.62,6.64,19662536.0,130915431.0,67859749166.88
2021-11-23,600029,6.7,6.75,6.61,6.64,18126850.0,120999554.0,67859749166.88
2021-11-24,600029,6.62,6.64,6.5,6.6,19892124.0,130253165.0,67450955497.2
2021-11-25,600029,6.6,6.6,6.5,6.53,11411012.0,74634575.0,66735566575.26
2021-11-26,600029,6.46,6.5,6.33,6.44,23385937.0,149985054.0,65815780818.48
2021-11-29,600029,6.1,6.23,6.01,6.2,58904019.0,360722373.0,63363018800.4
2021-11-30,600029,6.15,6.2,6.12,6.12,21485261.0,132101968.0,62545524607.44
2021-12-01,600029,6.1,6.22,6.07,6.2,29307051.0,180724692.0,63363113164.4
2021-12-02,600029,6.16,6.25,6.15,6.19,16344661.0,101453174.0,63260914594.78001
2021-12-03,600029,6.28,6.3,6.2,6.27,27539008.0,171819925.0,64078503151.74
2021-12-06,600029,6.21,6.25,6.15,6.16,18579506.0,115159682.0,62954318885.92
2021-12-07,600029,6.27,6.55,6.27,6.47,63163523.0,406078766.0,66122474544.14
2021-12-08,600029,6.47,6.5,6.35,6.44,29889570.0,191850829.0,65815878835.28001
2021-12-09,600029,6.48,6.58,6.38,6.5,29865500.0,193508333.0,66429070253.0
2021-12-10,600029,6.45,6.54,6.38,6.5,38279482.0,246813714.0,66429070253.0
2021-12-13,600029,6.43,6.44,6.29,6.31,34149658.0,216565796.0,64487297430.21999
2021-12-14,600029,6.27,6.27,6.18,6.24,20221813.0,125667236.0,63771907442.880005
2021-12-15,600029,6.25,6.25,6.15,6.16,21821567.0,134663278.0,62954318885.92
2021-12-16,600029,6.17,6.3,6.13,6.28,23780764.0,148503759.0,64180701721.36
2021-12-17,600029,6.25,6.27,6.21,6.23,11687923.0,72843482.0,63669708873.26
2021-12-20,600029,6.21,6.21,6.14,6.15,15676769.0,96654087.0,62852120316.3
2021-12-21,600029,6.15,6.25,6.15,6.2,20266724.0,125678767.0,63363113164.4
2021-12-22,600029,6.3,6.35,6.19,6.21,24762794.0,155287366.0,63465311734.02
2021-12-23,600029,6.23,6.29,6.2,6.23,21834227.0,136317219.0,63669708873.26
2021-12-24,600029,6.22,6.27,6.16,6.25,22980290.0,142980879.0,63874106012.5
2021-12-27,600029,6.22,6.54,6.21,6.53,54530327.0,350669843.0,66735665961.86
2021-12-28,600029,6.53,6.54,6.42,6.51,24030281.0,156057786.0,66531268822.619995
2021-12-29,600029,6.49,6.99,6.47,6.72,117544321.0,796305241.0,68677438784.64
2021-12-30,600029,6.72,6.82,6.67,6.8,44088986.0,298835098.0,69495027341.59999
2021-12-31,600029,6.84,6.88,6.77,6.81,36885998.0,251440182.0,69597237896.81999
2022-01-04,600029,6.82,7.02,6.79,6.96,70979565.0,492063959.0,71130216705.12
2022-01-05,600029,6.93,7.21,6.91,7.2,106260288.0,754747544.0,73582982798.40001
2022-01-06,600029,7.33,7.33,6.83,6.97,63814004.0,446416122.0,71232415292.34
2022-01-07,600029,6.97,7.1,6.92,7.0,34914596.0,245194340.0,71539011054.0
2022-01-10,600029,6.97,7.17,6.88,7.12,49934814.0,352459298.0,72765394100.64
2022-01-11,600029,7.12,7.3,7.03,7.11,65005642.0,466941258.0,72663195513.42
2022-01-12,600029,7.15,7.2,7.03,7.13,36158201.0,257199684.0,72867592687.86
2022-01-13,600029,7.12,7.24,6.99,7.05,44444958.0,314712733.0,72050003990.09999
2022-01-14,600029,7.14,7.15,6.88,6.95,46204179.0,321335247.0,71028018117.90001
2022-01-17,600029,6.97,6.99,6.85,6.96,32085829.0,222809244.0,71130216705.12
2022-01-18,600029,6.98,7.23,6.9,7.2,52449477.0,373078852.0,73582982798.40001
2022-01-19,600029,7.15,7.21,7.05,7.1,41307502.0,294396476.0,72560996926.2
2022-01-20,600029,7.15,7.35,7.07,7.18,78676497.0,568610721.0,73378585623.95999
2022-01-21,600029,7.35,7.49,7.04,7.26,94487881.0,686658348.0,74196174321.72
2022-01-24,600029,7.2,7.28,7.04,7.15,48422930.0,346440015.0,73071989862.3
2022-01-25,600029,7.1,7.45,7.07,7.23,57447349.0,421461126.0,73889578560.06
2022-01-26,600029,7.22,7.35,7.14,7.18,31713502.0,229017120.0,73378585623.95999
2022-01-27,600029,7.14,7.38,7.09,7.22,49836356.0,362981403.0,73787379972.84
2022-01-28,600029,7.24,7.43,6.96,7.33,59656642.0,434503583.0,74911583197.06
2022-02-07,600029,7.35,7.42,7.1,7.36,45563178.0,331091064.0,75218179035.52
2022-02-08,600029,7.3,7.51,7.26,7.5,53071386.0,394641597.0,76648959615.0
2022-02-09,600029,7.47,7.68,7.43,7.56,60273843.0,455748662.0,77262151291.92
2022-02-10,600029,7.57,8.03,7.53,7.8,101686250.0,798112716.0,79714917999.59999
2022-02-11,600029,7.72,7.93,7.53,7.62,69161050.0,536018219.0,77875342968.84
2022-02-14,600029,7.62,7.67,7.28,7.41,75838830.0,562375787.0,75729172099.62
2022-02-15,600029,7.43,7.43,7.16,7.34,51648036.0,376350155.0,75013781809.88
2022-02-16,600029,7.41,7.63,7.3,7.37,39409926.0,292459190.0,75320377648.34
2022-02-17,600029,7.4,7.42,7.15,7.21,40631460.0,293912513.0,73685199843.22
2022-02-18,600029,7.22,7.45,7.12,7.35,39280380.0,287360240.0,75115980422.7
2022-02-21,600029,7.34,7.38,7.13,7.33,23410933.0,169924988.0,74911583197.06
2022-02-22,600029,7.29,7.3,7.12,7.21,41015311.0,294865500.0,73685199843.22
2022-02-23,600029,7.23,7.24,6.99,7.05,44597756.0,315224856.0,72050022038.09999
2022-02-24,600029,7.05,7.14,6.94,7.01,37527232.0,263539559.0,71641227586.81999
2022-02-25,600029,7.01,7.08,6.87,6.94,36550179.0,253607449.0,70925837297.08
2022-02-28,600029,6.88,6.95,6.79,6.93,42093191.0,289938663.0,70823670874.11
2022-03-01,600029,6.9,7.23,6.9,7.07,46396179.0,328936095.0,72254452103.89
2022-03-02,600029,7.0,7.09,6.95,7.05,24079065.0,169224383.0,72050054785.34999
2022-03-03,600029,7.05,7.34,7.05,7.29,40988558.0,296252910.0,74502822607.83
2022-03-04,600029,7.28,7.35,7.18,7.25,24541828.0,178201415.0,74094027970.75
2022-03-07,600029,7.15,7.17,6.53,6.54,105614745.0,710398987.0,66837923162.58
2022-03-08,600029,6.41,6.68,6.35,6.37,60664744.0,393544902.0,65100545954.99
2022-03-09,600029,6.37,6.42,6.0,6.32,43331443.0,270521641.0,64589552658.64
2022-03-10,600029,6.47,6.6,6.4,6.48,39199673.0,254868907.0,66224731206.96001
2022-03-11,600029,6.36,6.8,6.33,6.71,46082098.0,302074203.0,68575300370.17
2022-03-14,600029,6.55,6.55,6.2,6.21,45809701.0,290880226.0,63465367406.67
2022-03-15,600029,6.17,6.18,5.9,5.91,57172733.0,343988091.0,60399407628.57
2022-03-16,600029,6.1,6.5,6.07,6.5,90764042.0,579318245.0,66429128525.5
2022-03-17,600029,6.59,6.85,6.41,6.66,70924353.0,470675713.0,68064307073.82
2022-03-18,600029,6.62,6.77,6.55,6.72,30059594.0,201212369.0,68677499029.439995
2022-03-21,600029,6.58,6.81,6.5,6.68,51502547.0,341866553.0,68268704392.36
2022-03-22,600029,6.4,6.81,6.37,6.62,77360232.0,510786652.0,67655512436.74
2022-03-23,600029,6.58,6.64,6.43,6.57,33328228.0,217449527.0,67144519140.39
2022-03-24,600029,6.52,6.65,6.5,6.51,21701401.0,142241596.0,66531327184.77
2022-03-25,600029,6.48,6.51,6.24,6.28,32395480.0,205434522.0,64180758021.560005
2022-03-28,600029,6.23,6.28,6.09,6.23,25019050.0,154863413.0,63669764725.21001
2022-03-29,600029,6.23,6.32,6.16,6.18,18872465.0,117151123.0,63158771428.86
2022-03-30,600029,6.22,6.45,6.17,6.39,42007876.0,266372803.0,65304943273.53
2022-03-31,600029,6.35,6.65,6.13,6.19,52357864.0,329434441.0,63260982963.33
2022-04-01,600029,6.17,6.58,6.11,6.49,59298225.0,380965358.0,66326943365.43
2022-04-06,600029,6.36,6.64,6.34,6.58,33848424.0,219805054.0,67246731486.06
2022-04-07,600029,6.53,6.76,6.51,6.6,41534013.0,276210509.0,67451128846.2
2022-04-08,600029,6.6,6.77,6.49,6.75,37543101.0,249589775.0,68984109047.25
2022-04-11,600029,6.7,6.78,6.45,6.46,35298162.0,232703772.0,66020347325.22
2022-04-12,600029,6.5,7.01,6.46,6.98,61704964.0,418283690.0,71334678688.86
2022-04-13,600029,6.85,6.95,6.77,6.77,30556182.0,209427798.0,69188506407.39
2022-04-14,600029,6.85,7.1,6.81,6.87,36870941.0,256679847.0,70210493208.09
2022-04-15,600029,6.8,6.99,6.77,6.85,18285103.0,125756228.0,70006095847.95
2022-04-18,600029,6.81,7.03,6.73,6.93,21001568.0,145124474.0,70823685288.51
2022-04-19,600029,6.93,6.98,6.83,6.9,16327472.0,112605033.0,70517089248.3
2022-04-20,600029,6.94,7.12,6.77,7.07,43027887.0,301439598.0,72254466809.49
2022-04-21,600029,7.0,7.07,6.71,6.75,35507451.0,243447224.0,68984109047.25
2022-04-22,600029,6.7,6.87,6.61,6.81,25539800.0,172683448.0,69597301127.67
2022-04-25,600029,6.68,6.8,6.5,6.5,32511316.0,216080230.0,66429142045.5
2022-04-26,600029,6.55,6.62,6.26,6.3,31076018.0,199400157.0,64385168444.1
2022-04-27,600029,6.27,6.37,6.17,6.34,30388560.0,190944636.0,64793963164.38
2022-04-28,600029,6.35,6.5,6.17,6.31,35758744.0,225521993.0,64487367124.17
2022-04-29,600029,6.26,6.53,6.18,6.5,32486503.0,206544298.0,66429240995.0
2022-05-05,600029,6.46,6.53,6.25,6.38,30948748.0,197055948.0,65202855007.4
2022-05-06,600029,6.27,6.28,5.79,6.0,69723451.0,415748731.0,61319299380.0
2022-05-09,600029,5.9,5.91,5.64,5.78,55110187.0,317214804.0,59070925069.4
2022-05-10,600029,5.68,5.9,5.54,5.84,60015858.0,344946096.0,59684118063.2
2022-05-11,600029,5.82,6.18,5.81,6.09,59720310.0,361498596.0,62239088870.7
2022-05-12,600029,6.05,6.07,5.87,5.92,26677518.0,158611049.0,60501708721.6
2022-05-13,600029,5.95,5.99,5.85,5.94,17533826.0,103580327.0,60706106386.200005
2022-05-16,600029,6.01,6.2,5.9,6.0,70402604.0,421911970.0,61319299380.0
2022-05-17,600029,5.95,6.05,5.8,6.02,47471793.0,281338801.0,61523697044.6
2022-05-18,600029,6.03,6.05,5.82,5.88,46133327.0,271499089.0,60092913392.4
2022-05-19,600029,5.78,5.91,5.76,5.9,27840516.0,162683940.0,60297311057.0
2022-05-20,600029,5.95,6.05,5.93,6.04,43903413.0,263630080.0,61728094709.2
2022-05-23,600029,6.01,6.1,5.96,6.05,29924104.0,180332313.0,61830293541.5
2022-05-24,600029,6.05,6.22,5.91,5.91,47455258.0,287297609.0,60399509889.3
2022-05-25,600029,5.92,6.22,5.92,6.16,73809409.0,452952793.0,62954480696.8
2022-05-26,600029,6.16,6.33,6.16,6.32,54046279.0,337973428.0,64589662013.600006
2022-05-27,600029,6.3,6.36,6.24,6.32,39746704.0,250500716.0,64589662013.600006
2022-05-30,600029,6.39,6.6,6.36,6.47,55493573.0,360343470.0,66122644498.1
2022-05-31,600029,6.48,6.59,6.4,6.49,47699173.0,308915189.0,66327042162.700005
2022-06-01,600029,6.49,6.63,6.44,6.48,30181734.0,196586122.0,66224843330.4
2022-06-02,600029,6.46,6.56,6.39,6.48,19720781.0,127414100.0,66224843330.4
2022-06-06,600029,6.49,6.49,6.26,6.4,46994570.0,298350345.0,65407252672.0
2022-06-07,600029,6.42,6.43,6.25,6.36,40040150.0,253369035.0,64998457342.8
2022-06-08,600029,6.36,6.57,6.27,6.51,51897932.0,331731351.0,66531439827.299995
2022-06-09,600029,6.48,6.59,6.42,6.45,35897371.0,232348803.0,65918246833.5
2022-06-10,600029,6.4,6.47,6.33,6.47,34923277.0,223163213.0,66122644498.1
2022-06-13,600029,6.4,6.4,6.1,6.19,68441946.0,423166013.0,63261077193.700005
2022-06-14,600029,6.17,6.25,6.11,6.24,33356921.0,205702694.0,63772071355.200005
2022-06-15,600029,6.21,6.38,6.17,6.27,54475479.0,342694458.0,64078667852.1
2022-06-16,600029,6.31,6.44,6.28,6.39,42942313.0,272967656.0,65305053839.7
2022-06-17,600029,6.36,6.56,6.3,6.52,51437598.0,332035209.0,66633638659.6
2022-06-20,600029,6.53,6.77,6.52,6.71,52779400.0,352474084.0,68575416473.3
2022-06-21,600029,6.68,6.79,6.6,6.68,44629091.0,298619154.0,68268819976.399994
2022-06-22,600029,6.73,6.84,6.65,6.74,38423889.0,259296464.0,68882012970.2
2022-06-23,600029,6.79,6.83,6.62,6.75,48307065.0,324347356.0,68984211802.5
2022-06-24,600029,6.73,6.9,6.65,6.85,41567141.0,281586025.0,70006200125.5
2022-06-27,600029,6.85,7.18,6.85,7.05,54074243.0,381207332.0,72050176771.5
2022-06-28,600029,7.08,7.45,6.97,7.34,74418311.0,534277349.0,75013942908.2
2022-06-29,600029,7.33,7.49,7.15,7.2,77128679.0,562328431.0,73583159256.0
2022-06-30,600029,7.32,7.5,7.23,7.31,63487543.0,468088411.0,74707349920.09999
2022-07-01,600029,7.26,7.31,6.96,6.98,56605349.0,399982291.0,71334788295.8
2022-07-04,600029,7.05,7.09,6.63,6.78,99434157.0,675517089.0,69290811553.8
2022-07-05,600029,6.78,6.96,6.75,6.81,52484892.0,359410851.0,69597408065.09999
2022-07-06,600029,6.82,6.92,6.53,6.62,68247561.0,454277893.0,67655630160.200005
2022-07-07,600029,6.61,6.67,6.57,6.61,42839486.0,283634100.0,67553431323.100006
2022-07-08,600029,6.69,6.87,6.64,6.69,33741426.0,226566850.0,68371022019.9
2022-07-11,600029,6.66,6.66,6.45,6.62,35586666.0,233847873.0,67655630160.200005
2022-07-12,600029,6.66,6.76,6.55,6.67,31932806.0,213029224.0,68166624345.7
2022-07-13,600029,6.75,6.92,6.74,6.9,62691296.0,430226220.0,70517197599.0
2022-07-14,600029,6.87,7.1,6.81,7.01,41688462.0,290523578.0,71641384807.09999
2022-07-15,600029,6.98,7.04,6.78,6.79,36594353.0,252254399.0,69393010390.9
2022-07-18,600029,6.74,6.95,6.71,6.88,30662542.0,209768464.0,70312799924.8
2022-07-19,600029,6.93,6.93,6.66,6.7,43622632.0,292944573.0,68473220857.0
2022-07-20,600029,6.71,6.87,6.68,6.73,31348117.0,211742720.0,68779817368.3
2022-07-21,600029,6.7,6.79,6.6,6.62,27311297.0,182762002.0,67655630160.200005
2022-07-22,600029,6.64,6.75,6.57,6.68,26193800.0,174450320.0,68268823182.799995
2022-07-25,600029,6.7,6.72,6.63,6.66,19133796.0,127560292.0,68064425508.6
2022-07-26,600029,6.71,6.92,6.67,6.73,38668340.0,260925745.0,68779817368.3
2022-07-27,600029,6.72,6.82,6.64,6.8,25699540.0,173264508.0,69495209228.0
2022-07-28,600029,6.82,6.85,6.51,6.61,56549859.0,375804806.0,67553431323.100006
2022-07-29,600029,6.56,6.58,6.31,6.4,69179564.0,443003844.0,65407261888.0
2022-08-01,600029,6.35,6.45,6.3,6.36,43402674.0,276535509.0,64998466501.200005
2022-08-02,600029,6.31,6.39,6.18,6.34,34852000.0,219332827.0,64794068807.799995
2022-08-03,600029,6.31,6.39,6.13,6.15,50528245.0,314657131.0,62852290720.5
2022-08-04,600029,6.2,6.22,6.11,6.2,16718814.0,103254640.0,63363284954.0
2022-08-05,600029,6.25,6.25,6.13,6.22,23449586.0,144980953.0,63567682647.399994
2022-08-08,600029,6.16,6.21,6.12,6.14,26882820.0,165533866.0,62750091873.799995
2022-08-09,600029,6.16,6.24,6.11,6.21,26295659.0,162483307.0,63465483800.7
2022-08-10,600029,6.2,6.2,6.06,6.09,29152912.0,177691967.0,62239097640.299995
2022-08-11,600029,6.1,6.19,6.07,6.18,21506146.0,131922788.0,63158887260.6
2022-08-12,600029,6.19,6.35,6.13,6.34,42607708.0,266557304.0,64794068807.799995
2022-08-15,600029,6.3,6.3,6.14,6.25,39009187.0,242016179.0,63874279187.5
2022-08-16,600029,6.21,6.29,6.17,6.23,26384505.0,164327646.0,63669881494.100006
2022-08-17,600029,6.23,6.36,6.2,6.33,30688444.0,193423746.0,64691869961.1
2022-08-18,600029,6.31,6.36,6.21,6.23,22510844.0,140747399.0,63669881494.100006
2022-08-19,600029,6.25,6.35,6.21,6.29,29872272.0,187638358.0,64283074574.3
2022-08-22,600029,6.26,6.43,6.24,6.39,38683870.0,246872448.0,65305063041.299995
2022-08-23,600029,6.38,6.44,6.3,6.39,32734059.0,208880433.0,65305063041.299995
2022-08-24,600029,6.37,6.41,6.28,6.31,21112251.0,134000727.0,64487472267.7
2022-08-25,600029,6.34,6.42,6.29,6.39,24533576.0,156090598.0,65305063041.299995
2022-08-26,600029,6.41,6.51,6.37,6.42,28917961.0,186614445.0,65611659581.4
2022-08-29,600029,6.36,6.54,6.32,6.5,30840798.0,198656166.0,66429250355.0
2022-08-30,600029,6.49,6.59,6.44,6.51,38231809.0,248828408.0,66531449201.7
2022-08-31,600029,6.49,6.55,6.42,6.44,32123901.0,207765215.0,65816062459.00001
2022-09-01,600029,6.44,6.46,6.13,6.15,56439907.0,353341665.0,62852295671.25
2022-09-02,600029,6.13,6.25,6.09,6.19,32173633.0,198399063.0,63261091090.25001
2022-09-05,600029,6.2,6.25,6.13,6.24,31719719.0,196611054.0,63772085364.0
2022-09-06,600029,6.24,6.49,6.23,6.44,43106959.0,275596462.0,65816062459.00001
2022-09-07,600029,6.42,6.52,6.38,6.44,28513915.0,183925660.0,65816062459.00001
2022-09-08,600029,6.47,6.63,6.45,6.58,41321841.0,271156149.0,67246846425.5
2022-09-09,600029,6.55,6.68,6.51,6.6,40448032.0,267097344.0,67451244135.0
2022-09-13,600029,6.62,6.74,6.53,6.68,31304288.0,208789232.0,68268834973.0
2022-09-14,600029,6.59,6.75,6.55,6.64,32469826.0,216337901.0,67860039554.0
2022-09-15,600029,6.69,6.79,6.6,6.67,29284534.0,195504017.0,68166636118.25
2022-09-16,600029,6.66,6.75,6.47,6.5,40742329.0,268192395.0,66429255587.5
2022-09-19,600029,6.52,6.65,6.41,6.59,36452969.0,239466372.0,67349045280.25
2022-09-20,600029,6.65,6.65,6.48,6.53,29638376.0,193845203.0,66735852151.75
2022-09-21,600029,6.54,6.62,6.48,6.54,24628213.0,161822961.0,66838051006.5
2022-09-22,600029,6.52,6.54,6.37,6.44,24789066.0,159662879.0,65816062459.00001
2022-09-23,600029,6.44,6.52,6.28,6.4,35134803.0,224730387.0,65407267040.0
2022-09-26,600029,6.49,6.65,6.42,6.55,39457447.0,259064597.0,66940249861.25
2022-09-27,600029,6.51,6.92,6.5,6.88,56420902.0,381432945.0,70312812068.0
2022-09-28,600029,6.85,7.0,6.82,6.87,48666575.0,336469539.0,70210613213.25
2022-09-29,600029,6.93,6.93,6.74,6.79,34080271.0,232024316.0,69393022375.25
2022-09-30,600029,6.9,6.9,6.57,6.64,38799292.0,258281986.0,67860043830.159996
2022-10-10,600029,6.78,6.9,6.63,6.68,46247813.0,313219014.0,68268839274.92
2022-10-11,600029,6.69,6.7,6.43,6.49,32011119.0,208215391.0,66327060912.310005
2022-10-12,600029,6.45,6.48,6.3,6.46,29444674.0,188370737.0,66020464328.74
2022-10-13,600029,6.39,6.45,6.3,6.38,29797037.0,190108279.0,65202873439.22
2022-10-14,600029,6.37,6.44,6.31,6.35,35913900.0,228799779.0,64896276855.649994
2022-10-17,600029,6.34,6.56,6.25,6.52,45059711.0,289412849.0,66633657495.88
2022-10-18,600029,6.59,6.86,6.43,6.47,53197111.0,350088320.0,66122663189.93
2022-10-19,600029,6.46,6.63,6.35,6.36,45799162.0,297253724.0,64998475716.840004
2022-10-20,600029,6.34,6.73,6.3,6.57,60860764.0,397751211.0,67144651801.83
2022-10-21,600029,6.5,6.86,6.48,6.84,74715295.0,504764399.0,69904021053.95999
2022-10-24,600029,6.75,6.77,6.36,6.38,69437538.0,451258602.0,65202873439.22
2022-10-25,600029,6.35,6.56,6.33,6.49,45953909.0,297094442.0,66327060912.310005
2022-10-26,600029,6.5,6.8,6.46,6.75,72675683.0,487408983.0,68984231303.25
2022-10-27,600029,6.76,6.89,6.67,6.75,38735333.0,263141909.0,68984231303.25
2022-10-28,600029,6.75,6.84,6.64,6.66,34022748.0,228628322.0,68064441552.54
2022-10-31,600029,6.64,6.69,6.32,6.46,53297301.0,346372219.0,66020465368.8
2022-11-01,600029,6.45,6.88,6.32,6.85,68830911.0,457569950.0,70006221018.0
2022-11-02,600029,6.74,7.33,6.73,7.03,141637858.0,998159193.0,71845800548.40001
2022-11-03,600029,6.9,7.15,6.83,6.94,63669485.0,444142483.0,70926010783.2
2022-11-04,600029,6.94,7.47,6.9,7.29,114225437.0,828479836.0,74502970981.2
2022-11-07,600029,7.14,7.35,7.12,7.31,53324581.0,385182576.0,74707371060.62
2022-11-08,600029,7.24,7.47,7.23,7.4,71747295.0,530233520.0,75627160854.8
2022-11-09,600029,7.43,7.5,7.32,7.41,34105843.0,252933064.0,75729359720.82
2022-11-10,600029,7.35,7.48,7.15,7.42,50939281.0,375629141.0,75831558586.84
2022-11-11,600029,7.51,7.77,7.17,7.43,108244751.0,808551256.0,75933757452.86
2022-11-14,600029,7.44,7.44,6.88,6.91,100156413.0,700220545.0,70619416419.82
2022-11-15,600029,6.93,7.07,6.9,6.99,61511845.0,428744266.0,71437007347.98
2022-11-16,600029,7.06,7.15,6.93,6.97,43919416.0,308599404.0,71232609615.94
2022-11-17,600029,6.96,7.11,6.92,7.03,36110496.0,253841348.0,71845802812.06
2022-11-18,600029,7.02,7.15,6.98,7.04,40815818.0,288268362.0,71948001678.08
2022-11-21,600029,6.94,6.98,6.8,6.92,34029657.0,235045992.0,70721615285.84
2022-11-22,600029,6.88,6.99,6.82,6.88,24643179.0,169787904.0,70312820929.44
2022-11-23,600029,6.84,6.97,6.8,6.95,26096722.0,179845446.0,71028213002.85
2022-11-24,600029,6.93,6.95,6.82,6.86,21834097.0,149914422.0,70108423194.18001
2022-11-25,600029,6.82,6.89,6.77,6.83,39517301.0,269511617.0,69801826591.29
2022-11-28,600029,6.77,7.05,6.68,7.02,59537830.0,410141574.0,71743605076.26
2022-11-29,600029,7.02,7.31,6.98,7.3,88118798.0,633577159.0,74605173369.9
2022-11-30,600029,7.2,7.55,7.15,7.45,92441922.0,680383499.0,76138156384.35
2022-12-01,600029,7.68,7.68,7.2,7.4,100309408.0,737314878.0,75627162046.2
2022-12-02,600029,7.34,7.45,7.26,7.34,33525518.0,246257705.0,75013968840.42
2022-12-05,600029,7.45,7.58,7.37,7.45,78356856.0,585559688.0,76138156384.35
2022-12-06,600029,7.43,7.54,7.37,7.42,56780281.0,423109845.0,75831559781.46
2022-12-07,600029,7.47,7.84,7.43,7.57,132532115.0,1004625721.0,77364542795.91
2022-12-08,600029,7.65,7.7,7.43,7.5,125395354.0,941526344.0,76649150722.5
2022-12-09,600029,7.52,7.56,7.34,7.47,65968380.0,490245064.0,76342554119.61
2022-12-12,600029,7.47,7.81,7.41,7.72,139024166.0,1068304757.0,78897525810.36
2022-12-13,600029,7.71,8.12,7.65,7.8,149293275.0,1174851856.0,79715116751.4
2022-12-14,600029,7.8,7.94,7.7,7.85,83708220.0,655152147.0,80226111089.55
2022-12-15,600029,7.9,7.97,7.67,7.68,61326986.0,474944074.0,78488730339.84
2022-12-16,600029,7.68,7.77,7.6,7.75,69773630.0,536201673.0,79204122413.25
2022-12-19,600029,7.73,7.81,7.54,7.63,47865386.0,365900049.0,77977736001.69
2022-12-20,600029,7.65,7.73,7.45,7.51,35814479.0,270561822.0,76751349590.13
2022-12-21,600029,7.51,7.59,7.49,7.56,38701161.0,292278839.0,77262343928.28
2022-12-22,600029,7.58,7.73,7.53,7.6,45631850.0,348455294.0,77671139398.8
2022-12-23,600029,7.56,7.75,7.55,7.66,72041373.0,553652852.0,78284332604.58
2022-12-26,600029,7.7,7.97,7.63,7.79,76729508.0,600094948.0,79612917883.77
2022-12-27,600029,7.93,8.03,7.69,7.83,63902132.0,501565399.0,80021713354.29
2022-12-28,600029,7.82,7.92,7.5,7.55,79922519.0,613352560.0,77160145060.65
2022-12-29,600029,7.57,7.58,7.4,7.45,45783011.0,342146943.0,76138156384.35
2022-12-30,600029,7.46,7.65,7.4,7.6,50502215.0,382290332.0,77671160329.2
2023-01-03,600029,7.62,7.63,7.4,7.51,50523198.0,377792293.0,76751370272.67
2023-01-04,600029,7.56,7.83,7.44,7.78,58446418.0,448832779.0,79510740442.26001
2023-01-05,600029,7.8,7.96,7.75,7.88,51231845.0,402669778.0,80532729393.95999
2023-01-06,600029,7.86,7.88,7.6,7.64,66282296.0,509124511.0,78079955909.87999
2023-01-09,600029,7.66,7.84,7.55,7.79,53854736.0,414028329.0,79612939337.43001
2023-01-10,600029,7.79,7.93,7.77,7.84,51934427.0,407430285.0,80123933813.28
2023-01-11,600029,7.83,7.85,7.62,7.62,43036792.0,330345583.0,77875558119.54001
2023-01-12,600029,7.62,7.73,7.51,7.71,41410168.0,316033619.0,78795348176.06999
2023-01-13,600029,7.69,7.87,7.63,7.87,42072710.0,328348612.0,80430530498.79001
2023-01-16,600029,7.87,7.98,7.63,7.7,68263132.0,528854352.0,78693149280.90001
2023-01-17,600029,7.72,7.75,7.6,7.74,37530433.0,287619071.0,79101944861.58
2023-01-18,600029,7.68,7.88,7.65,7.7,28244458.0,219129373.0,78693149280.90001
2023-01-19,600029,7.71,7.77,7.6,7.7,33267723.0,255303867.0,78693149280.90001
2023-01-20,600029,7.72,7.87,7.66,7.85,41004816.0,320163154.0,80226132708.45
2023-01-30,600029,7.88,7.9,7.56,7.58,72343123.0,553040009.0,77466762538.86
2023-01-31,600029,7.54,7.61,7.28,7.33,69814741.0,518059976.0,74911796096.91
2023-02-01,600029,7.33,7.33,7.16,7.22,76540593.0,550909761.0,73787608160.94
2023-02-02,600029,7.23,7.29,7.12,7.26,71901935.0,518437655.0,74196403774.02
2023-02-03,600029,7.25,7.25,7.1,7.15,49285054.0,352402522.0,73072215838.05
2023-02-06,600029,7.12,7.22,7.08,7.11,51633793.0,368335637.0,72663420224.97
2023-02-07,600029,7.15,7.15,7.06,7.1,33199640.0,235394274.0,72561221321.7
2023-02-08,600029,7.11,7.17,7.07,7.13,41500740.0,295738739.0,72867818031.51
2023-02-09,600029,7.12,7.18,7.05,7.14,48753388.0,347335990.0,72970016934.78
2023-02-10,600029,7.14,7.22,7.1,7.2,50235491.0,360417146.0,73583210354.40001
2023-02-13,600029,7.22,7.67,7.17,7.64,157685624.0,1178350117.0,78079962098.28
2023-02-14,600029,7.64,7.69,7.53,7.64,53015671.0,402973919.0,78079962098.28
2023-02-15,600029,7.63,7.67,7.55,7.62,39132801.0,297444774.0,77875564291.74
2023-02-16,600029,7.65,7.83,7.52,7.59,68560007.0,527486772.0,77568967581.93
2023-02-17,600029,7.58,7.69,7.52,7.54,38099584.0,290053890.0,77057973065.58
2023-02-20,600029,7.64,7.72,7.56,7.67,57464476.0,440427274.0,78386558808.09
2023-02-21,600029,7.67,7.72,7.58,7.67,34729532.0,265758653.0,78386558808.09
2023-02-22,600029,7.6,7.75,7.59,7.71,35549835.0,273751561.0,78795354421.17
2023-02-23,600029,7.75,7.76,7.62,7.65,20476792.0,156832197.0,78182161001.55
2023-02-24,600029,7.66,7.67,7.59,7.61,16862158.0,128590136.0,77773365388.47
2023-02-27,600029,7.6,7.88,7.5,7.87,62594699.0,487968997.0,80430536873.49
2023-02-28,600029,7.84,7.91,7.79,7.9,39817762.0,312792455.0,80737164298.5
2023-03-01,600029,7.92,7.92,7.8,7.9,38954375.0,306546647.0,80737164298.5
2023-03-02,600029,7.9,8.1,7.84,8.06,57024957.0,456970673.0,82372347372.90001
2023-03-03,600029,8.01,8.07,7.95,8.0,38714132.0,309611158.0,81759153720.0
2023-03-06,600029,8.01,8.2,7.99,8.05,63938648.0,516810413.0,82270148430.75
2023-03-07,600029,8.03,8.12,7.9,7.93,42799675.0,342220452.0,81043761124.95
2023-03-08,600029,7.91,8.0,7.85,7.97,35283939.0,279778346.0,81452556893.55
2023-03-09,600029,8.01,8.09,7.83,7.89,37318043.0,295346263.0,80634965356.34999
2023-03-10,600029,7.93,7.93,7.76,7.78,27804527.0,217465583.0,79510776992.7
2023-03-13,600029,7.75,7.99,7.72,7.95,43049809.0,339338423.0,81248159009.25
2023-03-14,600029,7.95,8.08,7.89,7.98,57356603.0,457414365.0,81554755835.7
2023-03-15,600029,7.98,8.03,7.87,7.88,43890962.0,347685019.0,80532766414.2
2023-03-16,600029,7.94,7.94,7.66,7.78,63066816.0,489599030.0,79510776992.7
2023-03-17,600029,7.79,8.09,7.78,7.91,65759772.0,522296317.0,80839363240.65
2023-03-20,600029,7.92,7.95,7.71,7.74,35169181.0,275391453.0,79101981224.1
2023-03-21,600029,7.74,7.83,7.67,7.73,42502523.0,328388018.0,78999782281.95
2023-03-22,600029,7.74,7.78,7.68,7.72,30128863.0,232751057.0,78897583339.8
2023-03-23,600029,7.72,7.72,7.54,7.64,37598846.0,285509855.0,78079991802.59999
2023-03-24,600029,7.66,7.68,7.4,7.48,58355000.0,437930779.0,76444808728.2
2023-03-27,600029,7.52,7.56,7.38,7.52,33441708.0,249295738.0,76853604496.8
2023-03-28,600029,7.5,7.6,7.48,7.5,26963078.0,203127618.0,76649206612.5
2023-03-29,600029,7.5,7.75,7.45,7.56,52676779.0,401151021.0,77262400265.4
2023-03-30,600029,7.65,7.93,7.6,7.9,90677389.0,704683095.0,80737164298.5
2023-03-31,600029,7.88,7.98,7.84,7.87,46930705.0,370726501.0,80430570021.93001
2023-04-03,600029,7.85,8.18,7.84,8.15,75990856.0,612471551.0,83292140492.85
2023-04-04,600029,8.13,8.42,7.99,8.18,67971168.0,555637503.0,83598737329.02
2023-04-06,600029,8.17,8.21,8.09,8.14,34747105.0,282911940.0,83189941547.46
2023-04-07,600029,8.16,8.32,8.09,8.21,45323213.0,371125570.0,83905334165.19
2023-04-10,600029,8.21,8.27,8.0,8.18,46345800.0,378258863.0,83598737329.02
2023-04-11,600029,8.18,8.22,7.99,8.04,48342241.0,389771400.0,82167952093.56
2023-04-12,600029,8.09,8.11,8.01,8.05,42364380.0,341246938.0,82270151038.95001
2023-04-13,600029,8.03,8.11,7.9,8.0,49306567.0,394342320.0,81759156312.0
2023-04-14,600029,8.01,8.1,7.93,7.96,35250272.0,281609477.0,81350360530.44
2023-04-17,600029,8.02,8.25,7.96,8.16,59828740.0,486809264.0,83394339438.24
2023-04-18,600029,8.2,8.2,7.98,8.03,53377634.0,429695987.0,82065753148.17
2023-04-19,600029,8.05,8.08,7.86,7.9,40902172.0,325027032.0,80737166858.1
2023-04-20,600029,7.92,7.93,7.77,7.81,37392653.0,292248030.0,79817376349.59
2023-04-21,600029,7.79,7.86,7.65,7.66,36568333.0,282833804.0,78284392168.74
2023-04-24,600029,7.72,7.73,7.48,7.59,51717289.0,392409020.0,77568999551.01
2023-04-25,600029,7.6,7.72,7.36,7.46,59668413.0,446021884.0,76240413260.94
2023-04-26,600029,7.47,7.6,7.46,7.54,37370785.0,281324394.0,77058004824.06
2023-04-27,600029,7.52,7.65,7.47,7.6,39046014.0,296127936.0,77671198496.4
2023-04-28,600029,7.56,7.76,7.5,7.75,57216684.0,438411635.0,79204229146.25
2023-05-04,600029,7.68,7.68,7.19,7.22,132843115.0,976581970.0,73787681862.7
2023-05-05,600029,7.27,7.32,7.14,7.24,53965251.0,389807014.0,73992079873.40001
2023-05-08,600029,7.24,7.27,6.98,7.09,86348782.0,610381859.0,72459094793.15
2023-05-09,600029,7.1,7.2,7.01,7.03,60832136.0,432706222.0,71845900761.05
2023-05-10,600029,7.03,7.04,6.86,6.9,50682995.0,350160933.0,70517313691.5
2023-05-11,600029,6.93,6.97,6.88,6.92,29184579.0,201988301.0,70721711702.2
2023-05-12,600029,6.89,6.9,6.79,6.82,33835556.0,231216782.0,69699721648.7
2023-05-15,600029,6.78,6.95,6.72,6.92,37446290.0,255768710.0,70721711702.2
2023-05-16,600029,6.95,7.02,6.87,6.91,39577849.0,275152480.0,70619512696.85
2023-05-17,600029,6.91,6.95,6.74,6.78,47911782.0,326590751.0,69290925627.3
2023-05-18,600029,6.81,6.93,6.78,6.8,38879701.0,265689393.0,69495323638.0
2023-05-19,600029,6.79,6.89,6.74,6.87,28749247.0,196546749.0,70210716675.45
2023-05-22,600029,6.88,6.94,6.79,6.87,30791734.0,211772337.0,70210716675.45
2023-05-23,600029,6.85,6.89,6.67,6.67,50653790.0,341374119.0,68166736568.45
2023-05-24,600029,6.66,6.66,6.4,6.43,88433594.0,573698029.0,65713960440.049995
2023-05-25,600029,6.41,6.42,6.31,6.36,48719446.0,309613756.0,64998567402.600006
2023-05-26,600029,6.35,6.37,6.26,6.32,43833720.0,276833339.0,64589771381.200005
2023-05-29,600029,6.34,6.4,6.3,6.33,28364711.0,179469544.0,64691970386.55
2023-05-30,600029,6.31,6.32,6.16,6.27,67976339.0,423454959.0,64078776354.45
2023-05-31,600029,6.25,6.36,6.22,6.27,44056449.0,276851759.0,64078784480.369995
2023-06-01,600029,6.27,6.27,5.78,5.79,211663969.0,1251447276.0,59173231601.49
2023-06-02,600029,5.8,5.85,5.69,5.79,122668726.0,709127726.0,59173231601.49
2023-06-05,600029,5.8,5.9,5.71,5.89,82284138.0,480939152.0,60195221784.59
2023-06-06,600029,5.88,5.95,5.83,5.84,51618383.0,303990278.0,59684226693.04
2023-06-07,600029,5.85,5.9,5.79,5.86,51887564.0,303418136.0,59888624729.66
2023-06-08,600029,5.86,5.91,5.78,5.9,41259903.0,241593781.0,60297420802.9
2023-06-09,600029,5.9,6.03,5.89,5.93,61793693.0,368148690.0,60604017857.829994
2023-06-12,600029,5.94,6.15,5.89,6.07,66451206.0,401056106.0,62034804114.170006
2023-06-13,600029,6.05,6.21,6.05,6.11,44246925.0,270899978.0,62443600187.41
2023-06-14,600029,6.11,6.16,6.02,6.03,37888459.0,230568737.0,61626008040.93
2023-06-15,600029,6.04,6.12,6.0,6.11,34744808.0,210835184.0,62443600187.41
2023-06-16,600029,6.14,6.24,6.12,6.22,54437016.0,337478134.0,63567789388.82
2023-06-19,600029,6.22,6.39,6.19,6.25,55176853.0,347055468.0,79208351800.0
2023-06-20,600029,6.25,6.28,6.16,6.19,42027508.0,260241629.0,78447951622.72
2023-06-21,600029,6.19,6.25,6.12,6.14,39072297.0,241317926.0,77814284808.31999
2023-06-26,600029,6.1,6.11,5.95,6.0,52144769.0,313521340.0,76040017728.0
2023-06-27,600029,6.05,6.12,5.99,6.08,35977802.0,218189049.0,77053884631.04
2023-06-28,600029,6.08,6.17,6.03,6.15,34401131.0,210059892.0,77941018171.2
2023-06-29,600029,6.12,6.12,5.93,5.95,66942637.0,401271264.0,75406350913.6
2023-06-30,600029,5.95,6.07,5.94,6.03,37011739.0,223283957.0,76420220747.22
2023-07-03,600029,6.05,6.42,6.05,6.37,136999382.0,865542650.0,80729155250.38
2023-07-04,600029,6.37,6.44,6.31,6.39,52771102.0,336826783.0,80982621985.86
2023-07-05,600029,6.38,6.4,6.26,6.33,36142099.0,228043568.0,80222221779.42
2023-07-06,600029,6.33,6.46,6.29,6.36,49954146.0,318921604.0,80602421882.64
2023-07-07,600029,6.33,6.54,6.31,6.45,70545529.0,454777826.0,81743022192.3
2023-07-10,600029,6.56,6.56,6.38,6.47,49651843.0,320489834.0,81996488927.78
2023-07-11,600029,6.49,6.53,6.4,6.5,43046952.0,278731792.0,82376689031.0
2023-07-12,600029,6.51,6.52,6.34,6.37,54155308.0,346941668.0,80729155250.38
2023-07-13,600029,6.4,6.5,6.37,6.39,33046900.0,212051154.0,80982621985.86
2023-07-14,600029,6.41,6.42,6.34,6.36,26695294.0,169960343.0,80602421882.64
2023-07-17,600029,6.35,6.48,6.32,6.44,39739808.0,254909692.0,81616288824.56
2023-07-18,600029,6.42,6.64,6.37,6.6,80471435.0,526375930.0,83644022708.4
2023-07-19,600029,6.62,6.63,6.45,6.52,41888510.0,272888350.0,82630155766.48
2023-07-20,600029,6.53,6.57,6.42,6.43,26868803.0,174279890.0,81489555456.81999
2023-07-21,600029,6.43,6.52,6.36,6.42,33480533.0,215354322.0,81362822089.08
2023-07-24,600029,6.41,6.68,6.39,6.6,78495106.0,518047384.0,83644022708.4
2023-07-25,600029,6.8,6.94,6.75,6.84,102630368.0,701330424.0,86685623534.16
2023-07-26,600029,6.84,6.87,6.71,6.77,36860806.0,249760155.0,85798489959.98
2023-07-27,600029,6.78,6.87,6.77,6.81,39641180.0,270214536.0,86305423430.94
2023-07-28,600029,6.74,6.88,6.73,6.87,39772856.0,272033397.0,87065823637.38
2023-07-31,600029,6.92,7.08,6.89,6.99,80476078.0,564053369.0,88586627447.40001
2023-08-01,600029,7.0,7.08,6.91,6.95,45716449.0,319400409.0,88079693957.0
2023-08-02,600029,6.96,7.01,6.83,6.88,44380900.0,306995796.0,87192560348.8
2023-08-03,600029,6.85,6.87,6.74,6.86,38615796.0,262625542.0,86939093603.6
2023-08-04,600029,6.88,6.96,6.74,6.77,47984631.0,327240800.0,85798493250.2
2023-08-07,600029,6.77,6.79,6.67,6.77,36330034.0,244621793.0,85798493250.2
2023-08-08,600029,6.75,6.83,6.71,6.81,29856926.0,202260404.0,86305426740.59999
2023-08-09,600029,6.84,6.84,6.7,6.74,28332887.0,191278262.0,85418293132.40001
2023-08-10,600029,6.84,7.04,6.76,7.02,91802146.0,638836320.0,88966827565.2
2023-08-11,600029,7.02,7.12,6.88,6.88,47415410.0,331876553.0,87192560348.8
2023-08-14,600029,6.88,7.0,6.79,6.91,46413489.0,319051595.0,87572760466.6
2023-08-15,600029,6.9,6.92,6.75,6.83,33604952.0,229626616.0,86558893485.8
2023-08-16,600029,6.82,6.82,6.71,6.74,31870019.0,215504227.0,85418293132.40001
2023-08-17,600029,6.7,6.78,6.58,6.77,42825524.0,286550882.0,85798493250.2
2023-08-18,600029,6.77,6.8,6.66,6.69,33087480.0,222463901.0,84784626269.40001
2023-08-21,600029,6.68,6.68,6.45,6.48,52511806.0,342352905.0,82123225444.8
2023-08-22,600029,6.48,6.54,6.37,6.51,40899268.0,263395025.0,82503425562.59999
2023-08-23,600029,6.49,6.58,6.37,6.38,35105635.0,226338357.0,80855891718.8
2023-08-24,600029,6.4,6.59,6.35,6.48,38360810.0,248559405.0,82123225444.8
2023-08-25,600029,6.43,6.47,6.32,6.36,27737819.0,177045639.0,80602424973.6
2023-08-28,600029,6.65,6.7,6.32,6.34,52904284.0,342327879.0,80348958228.4
2023-08-29,600029,6.34,6.54,6.34,6.51,35006224.0,226117032.0,82503425562.59999
2023-08-30,600029,6.49,6.52,6.31,6.31,60314802.0,383475320.0,79968758110.59999
2023-08-31,600029,6.34,6.38,6.28,6.32,38573227.0,244082336.0,80095491483.2
2023-09-01,600029,6.34,6.48,6.34,6.43,33254909.0,213794611.0,81489558581.8
2023-09-04,600029,6.45,6.5,6.33,6.46,33318851.0,214264135.0,81869758699.6
2023-09-05,600029,6.44,6.45,6.35,6.41,24046084.0,153886171.0,81236091836.6
2023-09-06,600029,6.36,6.41,6.16,6.22,60397400.0,376483917.0,78828157757.2
2023-09-07,600029,6.21,6.34,6.16,6.25,34666310.0,217499382.0,79208357875.0
2023-09-08,600029,6.22,6.28,6.2,6.26,15095322.0,94205118.0,79335091247.59999
2023-09-11,600029,6.25,6.38,6.25,6.36,26290413.0,166220544.0,80602424973.6
2023-09-12,600029,6.34,6.48,6.32,6.4,28288000.0,181439661.0,81109358464.0
2023-09-13,600029,6.38,6.44,6.31,6.36,17245615.0,109566118.0,80602424973.6
2023-09-14,600029,6.36,6.46,6.34,6.43,30917724.0,198415868.0,81489558581.8
2023-09-15,600029,6.43,6.45,6.31,6.33,26908741.0,170912152.0,80222224855.8
2023-09-18,600029,6.31,6.39,6.3,6.36,18844239.0,119855218.0,80602424973.6
2023-09-19,600029,6.35,6.4,6.29,6.33,22663250.0,143651631.0,80222224855.8
2023-09-20,600029,6.34,6.37,6.28,6.28,17065589.0,107577061.0,79588557992.8
2023-09-21,600029,6.28,6.31,6.22,6.23,19405230.0,121395338.0,78954891129.8
2023-09-22,600029,6.24,6.27,6.18,6.26,25286350.0,157553112.0,79335091247.59999
2023-09-25,600029,6.26,6.29,6.21,6.23,18029792.0,112490771.0,78954891129.8
2023-09-26,600029,6.23,6.25,6.06,6.08,38756531.0,237314226.0,77053890540.8
2023-09-27,600029,6.09,6.2,6.08,6.14,27654000.0,170088547.0,77814290776.4
2023-09-28,600029,6.14,6.17,6.03,6.12,24413200.0,148616670.0,77560825022.64
2023-10-09,600029,6.11,6.12,5.93,6.02,46812936.0,280274844.0,76293491280.43999
2023-10-10,600029,6.01,6.12,5.99,6.02,26372090.0,159601716.0,76293491280.43999
2023-10-11,600029,6.03,6.05,5.92,5.98,31136466.0,185920060.0,75786557783.56001
2023-10-12,600029,6.01,6.13,6.01,6.07,31754991.0,192878237.0,76927158151.54001
2023-10-13,600029,6.04,6.04,5.9,5.91,41468199.0,245893209.0,74899424164.02
2023-10-16,600029,5.89,5.9,5.82,5.88,27786540.0,162880249.0,74519224041.36
2023-10-17,600029,5.9,5.96,5.85,5.88,21998528.0,129586882.0,74519224041.36
2023-10-18,600029,5.85,5.88,5.78,5.8,18314001.0,106490980.0,73505357047.59999
2023-10-19,600029,5.74,5.77,5.63,5.67,26381877.0,150317566.0,71857823182.74
2023-10-20,600029,5.65,5.69,5.61,5.68,26145913.0,147940339.0,71984556556.95999
2023-10-23,600029,5.68,5.68,5.52,5.58,28094520.0,156770703.0,70717222814.76
2023-10-24,600029,5.6,5.67,5.52,5.67,29973555.0,168097809.0,71857823182.74
2023-10-25,600029,5.68,5.83,5.67,5.8,36224340.0,209546475.0,73505357047.59999
2023-10-26,600029,5.76,5.84,5.74,5.84,26065854.0,151286667.0,74012290544.48
2023-10-27,600029,5.91,6.1,5.85,6.09,53165735.0,318701838.0,77180624899.98
2023-10-30,600029,6.12,6.26,6.09,6.13,49204405.0,302290896.0,77687558396.86
2023-10-31,600029,6.13,6.2,6.08,6.18,36525314.0,225249850.0,78321226269.12
2023-11-01,600029,6.2,6.21,6.1,6.13,27792935.0,170628373.0,77687559389.92
2023-11-02,600029,6.15,6.18,6.11,6.11,20169527.0,123711113.0,77434092638.24
2023-11-03,600029,6.12,6.14,6.03,6.05,32278594.0,196265787.0,76673692383.2
2023-11-06,600029,6.08,6.11,6.03,6.06,40853006.0,247733792.0,76800425759.04
2023-11-07,600029,6.06,6.07,5.98,6.01,25849174.0,155247746.0,76166758879.84
2023-11-08,600029,6.01,6.08,5.98,6.01,26936779.0,162520242.0,76166758879.84
2023-11-09,600029,6.03,6.05,6.01,6.03,20774334.0,125350136.0,76420225631.52
2023-11-10,600029,6.02,6.03,5.92,5.98,25526803.0,152068248.0,75786558752.32
2023-11-13,600029,5.99,6.04,5.9,5.97,24364486.0,145097770.0,75659825376.48
2023-11-14,600029,5.95,5.99,5.93,5.97,21369800.0,127260033.0,75659825376.48
2023-11-15,600029,6.06,6.06,5.99,6.02,25386312.0,152924324.0,76293492255.68
2023-11-16,600029,6.03,6.1,5.99,6.06,35941583.0,217663707.0,76800425759.04
2023-11-17,600029,6.07,6.25,6.07,6.13,58190827.0,358800037.0,77687559389.92
2023-11-20,600029,6.14,6.29,6.11,6.25,50537490.0,315514704.0,79208359900.0
2023-11-21,600029,6.29,6.32,6.22,6.24,37864391.0,237243364.0,79081626524.16
2023-11-22,600029,6.22,6.29,6.21,6.22,27001915.0,168832213.0,78828159772.48
2023-11-23,600029,6.24,6.31,6.21,6.3,30054275.0,188177858.0,79842026779.2
2023-11-24,600029,6.28,6.32,6.24,6.28,25055351.0,157235197.0,79588560027.52
2023-11-27,600029,6.29,6.38,6.24,6.35,42750066.0,270184387.0,80475693658.4
2023-11-28,600029,6.31,6.32,6.16,6.18,36881463.0,228728388.0,78321226269.12
2023-11-29,600029,6.19,6.22,6.1,6.13,27419284.0,168306513.0,77687559389.92
2023-11-30,600029,6.11,6.19,6.09,6.15,32742253.0,201259651.0,77941026141.6
2023-12-01,600029,6.15,6.19,6.0,6.04,42403501.0,256683589.0,76546959007.36
2023-12-04,600029,6.04,6.19,6.01,6.12,37851500.0,231527009.0,77560826014.08
2023-12-05,600029,6.14,6.15,6.04,6.05,28479817.0,173560597.0,76673692383.2
2023-12-06,600029,6.04,6.11,5.93,6.06,29720924.0,179324232.0,76800425759.04
2023-12-07,600029,6.05,6.1,5.96,6.02,26944650.0,161900663.0,76293492255.68
2023-12-08,600029,6.0,6.16,6.0,6.04,42403766.0,258125281.0,76546959007.36
2023-12-11,600029,6.0,6.06,5.87,6.05,37894873.0,225852092.0,76673692383.2
2023-12-12,600029,6.03,6.12,6.02,6.11,29640822.0,180357009.0,77434092638.24
2023-12-13,600029,6.11,6.12,5.91,5.92,40190510.0,240564493.0,75026158497.28
2023-12-14,600029,5.95,6.0,5.87,5.87,28901371.0,171016578.0,74392491618.08
2023-12-15,600029,5.89,5.95,5.86,5.87,23238217.0,137042541.0,74392491618.08
2023-12-18,600029,5.85,5.87,5.8,5.82,23790708.0,138627015.0,73758824738.88
2023-12-19,600029,5.8,5.84,5.71,5.76,39775920.0,229383754.0,72998424483.84
2023-12-20,600029,5.77,5.79,5.68,5.69,29680008.0,169606603.0,72111290852.96
2023-12-21,600029,5.67,5.7,5.62,5.68,32711351.0,185358277.0,71984557477.12
2023-12-22,600029,5.68,5.69,5.58,5.66,34317700.0,193424487.0,71731090725.44
2023-12-25,600029,5.66,5.75,5.63,5.75,29830355.0,170605411.0,72871691108.0
2023-12-26,600029,5.75,5.75,5.68,5.71,19914732.0,113695788.0,72364757604.64
2023-12-27,600029,5.71,5.75,5.66,5.74,19748734.0,112748067.0,72744957732.16
2023-12-28,600029,5.72,5.83,5.71,5.82,37763767.0,218910297.0,73758824738.88
2023-12-29,600029,5.8,5.85,5.73,5.76,54082976.0,311652349.0,72998427283.2
2024-01-02,600029,5.75,5.79,5.71,5.75,35630310.0,205011822.0,72871693902.5
2024-01-03,600029,5.74,5.81,5.73,5.75,29366055.0,169119516.0,72871693902.5
2024-01-04,600029,5.74,5.75,5.59,5.62,38985678.0,219778771.0,71224159953.4
2024-01-05,600029,5.62,5.65,5.56,5.58,35580783.0,199350262.0,70717226430.6
2024-01-08,600029,5.6,5.6,5.47,5.5,32121119.0,177642242.0,69703359385.0
2024-01-09,600029,5.51,5.71,5.49,5.71,54768440.0,309019577.0,72364760379.7
2024-01-10,600029,5.71,5.76,5.65,5.71,31649681.0,180737308.0,72364760379.7
2024-01-11,600029,5.7,5.8,5.68,5.77,28669907.0,164856791.0,73125160663.9
2024-01-12,600029,5.77,5.92,5.73,5.86,42402893.0,248431696.0,74265761090.2
2024-01-15,600029,5.82,5.93,5.79,5.9,35818654.0,210783048.0,74772694613.0
2024-01-16,600029,5.89,6.03,5.86,6.0,52283581.0,312099689.0,76040028420.0
2024-01-17,600029,5.99,5.99,5.85,5.86,33977336.0,201181235.0,74265761090.2
2024-01-18,600029,5.86,5.97,5.74,5.92,46274461.0,269828101.0,75026161374.4
2024-01-19,600029,5.9,5.92,5.79,5.87,32556859.0,190498622.0,74392494470.9
2024-01-22,600029,5.85,5.87,5.68,5.69,39326302.0,227351254.0,72111293618.3
2024-01-23,600029,5.7,5.77,5.64,5.75,26681114.0,152199392.0,72871693902.5
2024-01-24,600029,5.77,5.9,5.75,5.9,42143851.0,245792411.0,74772694613.0
2024-01-25,600029,5.9,6.01,5.85,6.0,48609649.0,288875993.0,76040028420.0
2024-01-26,600029,5.98,6.11,5.94,6.08,62223113.0,377016363.0,77053895465.6
2024-01-29,600029,5.99,6.13,5.96,6.03,53668624.0,324873900.0,76420228562.1
2024-01-30,600029,6.0,6.02,5.83,5.84,35942264.0,212367320.0,74012294328.8
2024-01-31,600029,5.81,5.85,5.73,5.76,33211038.0,192087263.0,72998428216.31999
2024-02-01,600029,5.75,5.76,5.61,5.65,42830500.0,243185183.0,71604361010.8
2024-02-02,600029,5.66,5.77,5.43,5.6,48283677.0,271805208.0,70970694099.2
2024-02-05,600029,5.6,5.62,5.32,5.41,59887517.0,326940851.0,68562759835.12
2024-02-06,600029,5.41,5.65,5.34,5.63,58748775.0,323499640.0,71350894246.16
2024-02-07,600029,5.65,5.71,5.54,5.71,54718007.0,308617870.0,72364761304.72
2024-02-08,600029,5.71,5.78,5.65,5.78,59615476.0,341406918.0,73251894980.96
2024-02-19,600029,5.82,5.97,5.76,5.84,62496670.0,366585193.0,74012295274.88
2024-02-20,600029,5.83,5.92,5.73,5.87,40218387.0,234345162.0,74392495421.84
2024-02-21,600029,5.85,6.1,5.81,5.98,62835790.0,376807841.0,75786562627.36
2024-02-22,600029,5.96,6.11,5.95,6.09,45131643.0,273215519.0,77180629832.88
2024-02-23,600029,6.1,6.11,5.94,5.94,54608843.0,326815548.0,75279629098.08
2024-02-26,600029,5.91,5.98,5.89,5.9,32806216.0,194574418.0,74772695568.8
2024-02-27,600029,5.88,6.03,5.87,5.97,39421460.0,235093577.0,75659829245.04
2024-02-28,600029,5.96,6.01,5.88,5.89,37918890.0,225192010.0,74645962186.48
2024-02-29,600029,5.85,5.93,5.85,5.92,39570837.0,232941002.0,75026166169.6
2024-03-01,600029,5.88,5.91,5.68,5.71,100544111.0,577388227.0,72364765004.8
2024-03-04,600029,5.69,5.73,5.61,5.66,55228667.0,312178532.0,71731098060.8
2024-03-05,600029,5.64,5.71,5.63,5.69,43718662.0,248070644.0,72111298227.20001
2024-03-06,600029,5.69,5.72,5.63,5.66,36026174.0,204196318.0,71731098060.8
2024-03-07,600029,5.67,5.69,5.6,5.63,33949133.0,191721433.0,71350897894.4
2024-03-08,600029,5.61,5.64,5.56,5.62,28838202.0,161304149.0,71224164505.6
2024-03-11,600029,5.61,5.72,5.61,5.71,45687658.0,259656265.0,72364765004.8
2024-03-12,600029,5.71,5.81,5.69,5.81,66622428.0,383875212.0,73632098892.79999
2024-03-13,600029,5.8,5.81,5.67,5.71,53889216.0,307944076.0,72364765004.8
2024-03-14,600029,5.68,5.78,5.65,5.71,42267808.0,242191710.0,72364765004.8
2024-03-15,600029,5.69,5.78,5.68,5.78,46009462.0,264522690.0,73251898726.40001
2024-03-18,600029,5.8,5.89,5.73,5.8,64046817.0,371030470.0,73505365504.0
2024-03-19,600029,5.79,5.79,5.73,5.74,35708096.0,205651356.0,72744965171.2
2024-03-20,600029,5.74,5.82,5.72,5.82,44712892.0,258560205.0,73758832281.6
2024-03-21,600029,5.8,5.88,5.77,5.78,32790202.0,190341351.0,73251898726.40001
2024-03-22,600029,5.77,5.78,5.66,5.67,42679454.0,243062509.0,71857831449.6
2024-03-25,600029,5.66,5.7,5.58,5.63,32647811.0,184037657.0,71350897894.4
2024-03-26,600029,5.62,5.66,5.6,5.64,26427402.0,148660660.0,71477631283.2
2024-03-27,600029,5.63,5.67,5.6,5.61,21500400.0,121012980.0,71097431116.8
2024-03-28,600029,5.6,5.63,5.54,5.6,46083600.0,257178987.0,70970697728.0
2024-03-29,600029,5.59,5.59,5.53,5.59,26808169.0,148853671.0,70843964339.2
2024-04-01,600029,5.6,5.74,5.58,5.73,55547864.0,315818443.0,72618231782.40001
2024-04-02,600029,5.73,5.77,5.67,5.69,36142546.0,206064203.0,72111298227.20001
2024-04-03,600029,5.68,5.7,5.61,5.64,31701912.0,178758212.0,71477631283.2
2024-04-08,600029,5.62,5.64,5.57,5.59,25741740.0,144232284.0,70843964339.2
2024-04-09,600029,5.58,5.63,5.56,5.62,31719070.0,177499521.0,71224164505.6
2024-04-10,600029,5.63,5.66,5.57,5.65,31489963.0,177232121.0,71604364672.0
2024-04-11,600029,5.61,5.61,5.55,5.58,29344207.0,163745987.0,70717230950.4
2024-04-12,600029,5.58,5.6,5.47,5.48,41595986.0,229555743.0,69449897062.40001
2024-04-15,600029,5.49,5.59,5.41,5.54,37139806.0,204540940.0,70210297395.2
2024-04-16,600029,5.53,5.53,5.42,5.43,43449010.0,237709225.0,68816230118.4
2024-04-17,600029,5.46,5.51,5.43,5.51,38518950.0,210490849.0,69830097228.8
2024-04-18,600029,5.51,5.62,5.51,5.59,50122963.0,279508839.0,70843964339.2
2024-04-19,600029,5.57,5.57,5.45,5.47,38178470.0,209923832.0,69323163673.59999
2024-04-22,600029,5.48,5.56,5.46,5.55,30814301.0,170200727.0,70337030784.0
2024-04-23,600029,5.52,5.56,5.51,5.54,28893382.0,160098685.0,70210297395.2
2024-04-24,600029,5.54,5.57,5.51,5.57,20561347.0,114058488.0,70590497561.6
2024-04-25,600029,5.55,5.67,5.53,5.65,42039800.0,236526403.0,71604364672.0
2024-04-26,600029,5.66,5.73,5.62,5.72,48817684.0,277327013.0,72491498393.59999
2024-04-29,600029,5.67,5.67,5.56,5.66,57345409.0,322982722.0,71731098060.8
2024-04-30,600029,5.72,5.74,5.63,5.67,43819624.0,248575109.0,71857832368.14
2024-05-06,600029,5.75,5.76,5.69,5.7,54678500.0,312801229.0,72238032539.40001
2024-05-07,600029,5.7,5.7,5.61,5.64,43986495.0,248450464.0,71477632196.87999
2024-05-08,600029,5.63,5.67,5.59,5.6,32368085.0,181850374.0,70970698635.2
2024-05-09,600029,5.62,5.69,5.6,5.68,46780115.0,264741921.0,71984565758.56
2024-05-10,600029,5.68,5.7,5.61,5.66,35454020.0,200293740.0,71731098977.72
2024-05-13,600029,5.65,5.67,5.6,5.64,30933917.0,174348337.0,71477632196.87999
2024-05-14,600029,5.63,5.67,5.6,5.66,32609449.0,183851444.0,71731098977.72
2024-05-15,600029,5.65,5.67,5.61,5.62,24941640.0,140667516.0,71224165416.04001
2024-05-16,600029,5.64,5.65,5.58,5.59,36679592.0,205814807.0,70843965244.78
2024-05-17,600029,5.59,5.73,5.56,5.72,60077392.0,340231001.0,72491499320.23999
2024-05-20,600029,5.72,5.98,5.7,5.97,136248173.0,801747542.0,75659834080.73999
2024-05-21,600029,5.99,6.0,5.93,5.99,54428600.0,325370069.0,75913300861.58
2024-05-22,600029,5.99,6.15,5.97,6.13,73700057.0,449717688.0,77687568327.45999
2024-05-23,600029,6.12,6.16,5.98,6.0,56611824.0,342080793.0,76040034252.0
2024-05-24,600029,5.97,6.1,5.93,5.94,40401492.0,241950340.0,75279633909.48001
2024-05-27,600029,5.94,5.99,5.9,5.98,35638422.0,211691108.0,75786567471.16
2024-05-28,600029,5.97,6.05,5.89,5.92,41887585.0,250026414.0,75026167128.64
2024-05-29,600029,5.92,6.0,5.87,5.92,36153190.0,213970479.0,75026167128.64
2024-05-30,600029,5.89,5.96,5.88,5.9,24594969.0,145421949.0,74772700347.8
2024-05-31,600029,5.94,5.96,5.87,5.88,28013106.0,165200617.0,74519234519.52
2024-06-03,600029,5.89,5.91,5.78,5.83,38866860.0,226264959.0,73885567559.32
2024-06-04,600029,5.83,5.93,5.81,5.92,34241901.0,201192300.0,75026168087.68
2024-06-05,600029,5.91,5.99,5.9,5.93,36152643.0,215050900.0,75152901479.72
2024-06-06,600029,5.91,5.93,5.82,5.85,28928058.0,169784075.0,74139034343.4
2024-06-07,600029,5.88,5.92,5.83,5.87,23532569.0,138244071.0,74392501127.48
2024-06-11,600029,5.88,5.89,5.8,5.85,30097117.0,175671162.0,74139034343.4
2024-06-12,600029,5.83,5.9,5.82,5.86,25270559.0,148187153.0,74265767735.44
2024-06-13,600029,5.87,5.87,5.67,5.8,53931382.0,310413837.0,73505367383.2
2024-06-14,600029,5.77,5.8,5.73,5.78,29801618.0,171728245.0,73251900599.12001
2024-06-17,600029,5.75,5.88,5.69,5.85,40006858.0,231891851.0,74139034343.4
2024-06-18,600029,5.82,5.98,5.8,5.95,47276951.0,278303759.0,75406368263.8
2024-06-19,600029,5.91,5.94,5.81,5.84,36885165.0,216266852.0,74012300951.36
2024-06-20,600029,5.84,5.93,5.77,5.82,44426087.0,258554392.0,73758834167.28
2024-06-21,600029,5.81,5.85,5.7,5.78,50188444.0,289682024.0,73251900599.12001
2024-06-24,600029,5.73,5.84,5.66,5.78,62502367.0,359231177.0,73251900599.12001
2024-06-25,600029,5.78,5.81,5.71,5.78,44143310.0,254499496.0,73251900599.12001
2024-06-26,600029,5.78,5.84,5.72,5.83,27164301.0,156779242.0,73885567559.32
2024-06-27,600029,5.81,5.9,5.77,5.83,23575838.0,137653424.0,73885567559.32
2024-06-28,600029,5.83,5.9,5.81,5.89,33049350.0,194005002.0,74645970774.09999
2024-07-01,600029,5.86,5.92,5.83,5.87,20360800.0,119550118.0,74392503980.3
2024-07-02,600029,5.87,5.98,5.85,5.91,31190400.0,184991915.0,74899437567.90001
2024-07-03,600029,5.93,5.98,5.89,5.95,17825100.0,105842353.0,75406371155.5
2024-07-04,600029,5.95,5.96,5.77,5.78,33172100.0,193656754.0,73251903408.2
2024-07-05,600029,5.79,5.83,5.71,5.81,39544710.0,227967585.0,73632103598.9
2024-07-08,600029,5.81,5.87,5.79,5.81,30292800.0,176403228.0,73632103598.9
2024-07-09,600029,5.81,5.9,5.77,5.9,30081682.0,175696321.0,74772704171.0
2024-07-10,600029,5.89,5.92,5.75,5.76,36865255.0,213970677.0,72998436614.4
2024-07-11,600029,5.79,6.03,5.79,6.03,69723708.0,414640898.0,76420238330.7
2024-07-12,600029,5.95,5.95,5.75,5.86,91282647.0,533324890.0,74265770583.40001
2024-07-15,600029,5.81,5.84,5.71,5.74,50668443.0,292494871.0,72744969820.6
2024-07-16,600029,5.73,5.84,5.72,5.79,31103454.0,179912734.0,73378636805.1
2024-07-17,600029,5.79,5.91,5.76,5.89,47063477.0,275855976.0,74645970774.09999
2024-07-18,600029,5.86,5.93,5.84,5.88,25664535.0,150846098.0,74519237377.2
2024-07-19,600029,5.87,5.97,5.85,5.95,32806997.0,194363093.0,75406371155.5
2024-07-22,600029,5.95,5.97,5.9,5.94,22043801.0,130852419.0,75279637758.6
2024-07-23,600029,5.93,5.95,5.85,5.85,22773176.0,134280952.0,74139037186.5
2024-07-24,600029,5.84,5.87,5.78,5.79,22300025.0,129881519.0,73378636805.1
2024-07-25,600029,5.78,5.84,5.76,5.82,18233395.0,105772673.0,73758836995.8
2024-07-26,600029,5.82,5.89,5.81,5.84,19251222.0,112400015.0,74012303789.59999
2024-07-29,600029,5.84,5.85,5.77,5.79,24210258.0,140431657.0,73378636805.1
2024-07-30,600029,5.78,5.83,5.69,5.82,38235323.0,220316113.0,73758836995.8
2024-07-31,600029,5.8,5.93,5.79,5.92,39627573.0,233410855.0,75026171923.84
2024-08-01,600029,5.89,5.94,5.88,5.91,18147598.0,107223762.0,74899438525.32
2024-08-02,600029,5.89,5.98,5.86,5.9,24869170.0,147439358.0,74772705126.8
2024-08-05,600029,5.97,6.09,5.95,5.96,69719965.0,418186050.0,75533105517.92
2024-08-06,600029,6.0,6.09,5.86,5.91,59222986.0,353244918.0,74899438525.32
2024-08-07,600029,5.89,5.92,5.82,5.9,41910735.0,246228915.0,74772705126.8
2024-08-08,600029,5.89,5.94,5.84,5.87,54877382.0,322721632.0,74392504931.24
2024-08-09,600029,5.86,5.88,5.77,5.8,46988095.0,272795293.0,73505371141.59999
2024-08-12,600029,5.78,5.8,5.66,5.68,54559553.0,311528792.0,71984570359.36
2024-08-13,600029,5.67,5.67,5.57,5.65,38309788.0,214860624.0,71604370163.8
2024-08-14,600029,5.64,5.7,5.6,5.68,22278672.0,125940903.0,71984570359.36
2024-08-15,600029,5.66,5.73,5.64,5.71,23606928.0,134624102.0,72364770554.92
2024-08-16,600029,5.71,5.72,5.66,5.68,20827423.0,118430987.0,71984570359.36
2024-08-19,600029,5.68,5.75,5.67,5.74,24905250.0,142611305.0,72744970750.48
2024-08-20,600029,5.74,5.77,5.71,5.74,18970450.0,108902090.0,72744970750.48
2024-08-21,600029,5.72,5.76,5.69,5.7,20605185.0,118138806.0,72238037156.40001
2024-08-22,600029,5.7,5.72,5.63,5.69,31950009.0,181321348.0,72111303757.88
2024-08-23,600029,5.7,5.73,5.62,5.64,24019908.0,136016640.0,71477636765.28
2024-08-26,600029,5.64,5.71,5.59,5.7,27533420.0,155295640.0,72238037156.40001
2024-08-27,600029,5.68,5.7,5.61,5.66,23894418.0,135203064.0,71731103562.32
2024-08-28,600029,5.66,5.69,5.57,5.6,25064801.0,140664032.0,70970703171.2
2024-08-29,600029,5.61,5.71,5.56,5.67,28311038.0,159892168.0,71857836960.84
2024-08-30,600029,5.65,5.75,5.64,5.7,44702466.0,254416534.0,72238039003.2
2024-09-02,600029,5.68,5.68,5.56,5.56,41813620.0,233934502.0,70463771378.56
2024-09-03,600029,5.55,5.61,5.52,5.6,24199911.0,134542515.0,70970704985.59999
2024-09-04,600029,5.58,5.66,5.57,5.61,21060774.0,118317335.0,71097438387.36
2024-09-05,600029,5.61,5.63,5.57,5.61,15017494.0,83993886.0,71097438387.36
2024-09-06,600029,5.61,5.62,5.56,5.61,19262990.0,107727060.0,71097438387.36
2024-09-09,600029,5.58,5.62,5.54,5.56,16060290.0,89527797.0,70463771378.56
2024-09-10,600029,5.56,5.57,5.33,5.44,43061785.0,232951937.0,68942970557.44
2024-09-11,600029,5.42,5.47,5.39,5.47,16322681.0,88821427.0,69323170762.72
2024-09-12,600029,5.47,5.49,5.4,5.43,25787702.0,140253878.0,68816237155.68
2024-09-13,600029,5.43,5.45,5.35,5.41,23640175.0,127650125.0,68562770352.16
2024-09-18,600029,5.41,5.42,5.25,5.27,29764779.0,158292356.0,66788502727.52
2024-09-19,600029,5.28,5.31,5.22,5.26,36680570.0,192920485.0,66661769325.759995
2024-09-20,600029,5.25,5.42,5.18,5.39,50762132.0,269717501.0,68309303548.64
2024-09-23,600029,5.37,5.37,5.26,5.28,32695988.0,173041022.0,66915236129.28001
2024-09-24,600029,5.31,5.48,5.3,5.48,49511622.0,267058573.0,69449904164.48001
2024-09-25,600029,5.53,5.65,5.51,5.62,53855739.0,302071483.0,71224171789.12
2024-09-26,600029,5.62,5.85,5.57,5.85,69765720.0,399833836.0,74139040029.59999
2024-09-27,600029,5.89,6.21,5.89,6.15,88040920.0,533984034.0,77941042082.40001
2024-09-30,600029,6.3,6.6,6.25,6.54,230369152.0,1483555386.0,82883645810.52
2024-10-08,600029,7.18,7.18,6.15,6.39,296810658.0,1925770404.0,80982644759.81999
2024-10-09,600029,6.25,6.26,5.85,5.88,167010087.0,1000913706.0,74519241187.44
2024-10-10,600029,5.91,6.09,5.83,6.0,108631321.0,647561817.0,76040042028.0
2024-10-11,600029,5.96,5.96,5.76,5.8,100580740.0,587151300.0,73505373960.4
2024-10-14,600029,5.8,5.82,5.68,5.78,67895614.0,390619015.0,73251907153.64
2024-10-15,600029,5.76,5.85,5.71,5.76,64303040.0,372785103.0,72998440346.88
2024-10-16,600029,5.74,5.87,5.7,5.81,52761812.0,305905073.0,73632107363.78
2024-10-17,600029,5.82,5.85,5.75,5.8,64236659.0,372551295.0,73505373960.4
2024-10-18,600029,5.76,5.91,5.73,5.86,78872834.0,459167580.0,74265774380.68001
2024-10-21,600029,5.86,6.02,5.82,5.88,64489334.0,380143004.0,74519241187.44
2024-10-22,600029,5.84,5.89,5.83,5.89,38983930.0,228530911.0,74645974590.81999
2024-10-23,600029,5.9,6.08,5.87,6.05,136994502.0,823263510.0,76673709044.9
2024-10-24,600029,6.01,6.08,5.89,5.91,64660149.0,385379901.0,74899441397.58
2024-10-25,600029,5.92,5.96,5.87,5.88,64640749.0,382182935.0,74519241187.44
2024-10-28,600029,5.9,6.05,5.87,6.0,106649027.0,639069765.0,76040042028.0
2024-10-29,600029,6.04,6.1,5.95,5.99,122374956.0,737785302.0,75913308624.62
2024-10-30,600029,6.0,6.15,5.98,6.05,101402151.0,615017043.0,76673709044.9
2024-10-31,600029,6.05,6.19,6.02,6.16,121464646.0,746091743.0,78067781471.68001
2024-11-01,600029,6.14,6.14,6.0,6.1,74994248.0,455924334.0,77307381002.8
2024-11-04,600029,6.09,6.2,6.08,6.2,66959240.0,411453222.0,78574715117.60002
2024-11-05,600029,6.17,6.26,6.13,6.25,60858246.0,378645940.0,79208382175.00002
2024-11-06,600029,6.25,6.28,6.19,6.22,60379564.0,376571021.0,78828181940.56001
2024-11-07,600029,6.2,6.37,6.16,6.37,105869664.0,667786740.0,80729183112.76001
2024-11-08,600029,6.4,6.43,6.23,6.3,90860566.0,573663232.0,79842049232.40001
2024-11-11,600029,6.28,6.29,6.08,6.15,102073598.0,625975580.0,77941048060.20001
2024-11-12,600029,6.15,6.23,6.09,6.12,66266752.0,408407485.0,77560847825.76001
2024-11-13,600029,6.11,6.15,6.08,6.12,46963941.0,287065271.0,77560847825.76001
2024-11-14,600029,6.1,6.15,6.04,6.05,61619864.0,375208855.0,76673713945.40001
2024-11-15,600029,6.05,6.35,6.04,6.26,138507881.0,865236543.0,79335115586.48001
2024-11-18,600029,6.24,6.41,6.22,6.32,97085464.0,614936484.0,80095516055.36002
2024-11-19,600029,6.32,6.45,6.25,6.35,75735416.0,480831885.0,80475716289.8
2024-11-20,600029,6.32,6.5,6.32,6.45,86468823.0,555973302.0,81743050404.60002
2024-11-21,600029,6.44,6.5,6.36,6.44,40657356.0,260749861.0,81616316993.12001
2024-11-22,600029,6.44,6.68,6.38,6.58,141210856.0,931801990.0,83390584753.84001
2024-11-25,600029,6.55,6.72,6.43,6.47,97797727.0,641350088.0,81996517227.56001
2024-11-26,600029,6.48,6.89,6.46,6.56,124880090.0,835654653.0,83137117930.88
2024-11-27,600029,6.6,6.83,6.48,6.78,140767728.0,946407365.0,85925252983.44002
2024-11-28,600029,6.76,6.98,6.67,6.79,90297584.0,615223464.0,86051986394.92001
2024-11-29,600029,6.79,6.81,6.63,6.76,83039960.0,558418519.0,85671797111.68001
2024-12-02,600029,6.71,6.81,6.51,6.64,86790997.0,574001473.0,84150995979.52
2024-12-03,600029,6.64,6.68,6.56,6.58,49267628.0,325206796.0,83390595413.44002
2024-12-04,600029,6.56,6.57,6.43,6.47,52247917.0,339463141.0,81996527708.96
2024-12-05,600029,6.46,6.65,6.44,6.64,59331234.0,391695482.0,84150995979.52
2024-12-06,600029,6.67,6.98,6.63,6.97,128548444.0,882686634.0,88333199092.96
2024-12-09,600029,6.95,7.25,6.91,7.14,112257408.0,800721152.0,90487667363.52
2024-12-10,600029,7.3,7.49,7.2,7.24,174055017.0,1277211935.0,91755001640.32002
2024-12-11,600029,7.23,7.31,7.11,7.27,90021525.0,651723542.0,92135201923.36002
2024-12-12,600029,7.3,7.37,7.15,7.19,75217523.0,544863862.0,91121334501.92001
2024-12-13,600029,7.21,7.25,7.09,7.15,61598062.0,441266424.0,90614400791.20001
2024-12-16,600029,7.13,7.18,6.77,6.81,79184528.0,542871369.0,86305464250.08
2024-12-17,600029,6.79,6.89,6.72,6.8,49082170.0,334377958.0,86178730822.40001
2024-12-18,600029,6.83,6.92,6.72,6.79,42415031.0,287975964.0,86051997394.72002
2024-12-19,600029,6.75,6.86,6.61,6.8,66219325.0,447502884.0,86178730822.40001
2024-12-20,600029,6.82,6.86,6.63,6.67,51931036.0,349199669.0,84531196262.56001
2024-12-23,600029,6.69,6.9,6.67,6.77,55609860.0,378075941.0,85798530539.36
2024-12-24,600029,6.75,6.85,6.72,6.82,34919501.0,237162611.0,86432197677.76001
2024-12-25,600029,6.68,6.75,6.42,6.62,78422310.0,513327804.0,83897529124.16002
2024-12-26,600029,6.58,6.64,6.49,6.52,41776105.0,273324845.0,82630194847.36
2024-12-27,600029,6.52,6.7,6.5,6.66,59429843.0,395027027.0,84404462834.88002
2024-12-30,600029,6.58,6.74,6.5,6.58,63604511.0,420196954.0,83390595413.44002
2024-12-31,600029,6.59,6.63,6.48,6.49,43675082.0,285449036.0,82249994564.32002
2025-01-02,600029,6.44,6.51,6.31,6.34,56405497.0,360153181.0,80348993149.12001
2025-01-03,600029,6.35,6.49,6.29,6.33,51964450.0,331581662.0,80222259721.44002
2025-01-06,600029,6.31,6.36,6.13,6.19,55634629.0,345729379.0,78447991733.92001
2025-01-07,600029,6.21,6.27,6.13,6.2,41068550.0,254149072.0,78574725161.60002
2025-01-08,600029,6.18,6.2,6.08,6.13,54214957.0,331908054.0,77687591167.84001
2025-01-09,600029,6.14,6.25,6.1,6.2,43245798.0,267776940.0,78574725161.60002
2025-01-10,600029,6.2,6.35,6.11,6.11,43947021.0,272225706.0,77434124312.48001
2025-01-13,600029,6.08,6.1,5.85,6.03,99508243.0,592053420.0,76420256891.04001
2025-01-14,600029,6.04,6.46,6.03,6.43,80349108.0,506919924.0,81489593998.24
2025-01-15,600029,6.43,6.45,6.34,6.36,35635186.0,227623294.0,80602460004.48001
2025-01-16,600029,6.4,6.5,6.3,6.35,39349207.0,251093773.0,80475726576.8
2025-01-17,600029,6.35,6.51,6.29,6.34,56217891.0,359497393.0,80348993149.12001
2025-01-20,600029,6.4,6.47,6.27,6.28,62488299.0,397940257.0,79588592583.04001
2025-01-21,600029,6.41,6.53,6.31,6.41,71115701.0,457569750.0,81236127142.88002
2025-01-22,600029,6.36,6.39,6.16,6.28,48714371.0,305978825.0,79588592583.04001
2025-01-23,600029,6.31,6.38,6.2,6.25,50855494.0,319093085.0,79208392300.00002
2025-01-24,600029,6.25,6.34,6.2,6.27,34928369.0,219112506.0,79461859155.36
2025-01-27,600029,6.26,6.29,6.16,6.19,44324664.0,274970102.0,78447991733.92001
2025-02-05,600029,6.16,6.18,5.85,5.85,119501418.0,707157018.0,74139055192.8
2025-02-06,600029,5.88,5.91,5.81,5.86,67084617.0,392957122.0,74265788620.48001
2025-02-07,600029,5.87,5.91,5.8,5.89,101927484.0,597913889.0,74645988903.52
2025-02-10,600029,5.88,5.96,5.84,5.95,89649009.0,529942520.0,75406389469.6
2025-02-11,600029,5.95,5.98,5.74,5.78,119022747.0,689995779.0,73251921199.04001
2025-02-12,600029,5.78,5.84,5.72,5.77,75409580.0,434571953.0,73125187771.36
2025-02-13,600029,5.76,5.84,5.75,5.81,83978219.0,487596180.0,73632121482.08
2025-02-14,600029,5.8,5.82,5.76,5.81,49191768.0,284823047.0,73632121482.08
2025-02-17,600029,5.81,5.82,5.74,5.78,58791714.0,339079094.0,73251921199.04001
2025-02-18,600029,5.76,5.78,5.68,5.69,66258585.0,379807781.0,72111320349.92001
2025-02-19,600029,5.68,5.7,5.63,5.66,69538358.0,393269555.0,71731120066.88002
2025-02-20,600029,5.67,5.71,5.62,5.64,70532603.0,398641256.0,71477653211.52
2025-02-21,600029,5.65,5.68,5.62,5.64,65013542.0,366713918.0,71477653211.52
2025-02-24,600029,5.64,5.86,5.61,5.85,151104939.0,872680297.0,74139055192.8
2025-02-25,600029,5.81,5.95,5.76,5.8,118580507.0,696628405.0,73505388054.40001
2025-02-26,600029,5.82,5.9,5.7,5.78,92166963.0,531178094.0,73251921199.04001
2025-02-27,600029,5.76,5.91,5.75,5.9,111187403.0,650093036.0,74772722331.20001
2025-02-28,600029,5.88,5.97,5.83,5.85,78052096.0,460345585.0,74139060879.0
2025-03-03,600029,5.86,5.89,5.8,5.84,58784137.0,343289120.0,74012327441.59999
2025-03-04,600029,5.85,5.9,5.77,5.88,65683498.0,384218398.0,74519261191.2
2025-03-05,600029,5.88,6.04,5.87,6.01,99118166.0,591355588.0,76166795877.4
2025-03-06,600029,6.1,6.11,6.0,6.06,73114193.0,441898217.0,76800463064.4
2025-03-07,600029,6.02,6.08,5.98,6.02,50558573.0,305120163.0,76293529314.79999
2025-03-10,600029,6.0,6.02,5.85,5.89,65375924.0,385693869.0,74645994628.59999
2025-03-11,600029,5.88,5.94,5.85,5.94,41388101.0,244386855.0,75279661815.6
2025-03-12,600029,5.94,5.96,5.86,5.87,44599327.0,262946187.0,74392527753.8
2025-03-13,600029,5.9,5.92,5.77,5.82,50115781.0,291747920.0,73758860566.8
2025-03-14,600029,5.82,5.93,5.8,5.92,46993840.0,276422807.0,75026194940.8
2025-03-17,600029,5.93,6.04,5.9,5.94,61390648.0,365608670.0,75279661815.6
2025-03-18,600029,5.94,5.96,5.88,5.91,40358765.0,238908672.0,74899461503.40001
2025-03-19,600029,5.9,5.99,5.88,5.92,43966814.0,261176293.0,75026194940.8
2025-03-20,600029,5.91,5.96,5.89,5.9,41867911.0,248007497.0,74772728066.0
2025-03-21,600029,5.9,5.94,5.8,5.82,56364942.0,330396884.0,73758860566.8
2025-03-24,600029,5.81,5.92,5.81,5.91,63703446.0,374543137.0,74899461503.40001
2025-03-25,600029,5.92,6.16,5.89,6.12,140925320.0,853922492.0,77560863688.8
2025-03-26,600029,6.12,6.15,6.05,6.12,56518051.0,345071869.0,77560863688.8
2025-03-27,600029,6.09,6.13,5.99,6.02,51617916.0,311554775.0,76293529314.79999
2025-03-28,600029,6.02,6.04,5.81,5.82,83724472.0,491891935.0,73758860566.8
2025-03-31,600029,5.81,5.83,5.66,5.68,82664602.0,472556589.0,71984609931.92
2025-04-01,600029,5.7,5.76,5.63,5.71,54870132.0,312761962.0,72364810336.49
2025-04-02,600029,5.7,5.74,5.68,5.7,33448684.0,190858577.0,72238076868.3
2025-04-03,600029,5.66,5.8,5.65,5.79,60754655.0,348588439.0,73378678082.01
2025-04-07,600029,5.64,5.65,5.35,5.43,116187960.0,640484051.0,68816273227.17
2025-04-08,600029,5.48,5.6,5.44,5.58,71819590.0,397380179.0,70717275250.02
2025-04-09,600029,5.55,5.77,5.44,5.73,88338333.0,494780789.0,72618277272.87001
2025-04-10,600029,5.73,5.76,5.66,5.73,66534424.0,380029687.0,72618277272.87001
2025-04-11,600029,5.71,5.81,5.68,5.76,47730632.0,274680984.0,72998477677.44
2025-04-14,600029,5.76,5.82,5.71,5.74,39711477.0,227955961.0,72745010741.06
2025-04-15,600029,5.74,5.75,5.66,5.71,39039875.0,222128193.0,72364810336.49
2025-04-16,600029,5.7,5.86,5.68,5.85,84933042.0,492892624.0,74139078891.15
2025-04-17,600029,5.81,5.9,5.78,5.87,53338496.0,312644378.0,74392545827.53
2025-04-18,600029,5.88,5.89,5.75,5.78,38885111.0,224800765.0,73251944613.82
2025-04-21,600029,5.77,5.81,5.74,5.78,25515220.0,147424441.0,73251944613.82
2025-04-22,600029,5.78,5.82,5.71,5.73,40681817.0,233849115.0,72618277272.87001
2025-04-23,600029,5.75,5.76,5.7,5.7,28639170.0,163556026.0,72238076868.3
2025-04-24,600029,5.7,5.78,5.69,5.7,33768909.0,193347477.0,72238076868.3
2025-04-25,600029,5.7,5.72,5.65,5.66,42293627.0,240088480.0,71731142995.54001
2025-04-28,600029,5.67,5.68,5.63,5.64,35180174.0,198819770.0,71477676059.15999
2025-04-29,600029,5.65,5.72,5.62,5.69,51657786.0,292967196.0,72111343400.11
2025-04-30,600029,5.64,5.71,5.6,5.62,56577575.0,318927593.0,71224210943.66002
2025-05-06,600029,5.7,5.92,5.67,5.91,156570376.0,915168579.0,74899481615.13002
2025-05-07,600029,5.93,5.93,5.78,5.8,56393500.0,328580162.0,73505413429.40001
2025-05-08,600029,5.81,5.83,5.76,5.79,31851873.0,184593184.0,73378679957.97002
2025-05-09,600029,5.79,5.81,5.73,5.75,30904079.0,177862023.0,72871746072.25002
2025-05-12,600029,5.79,5.92,5.74,5.9,74237408.0,434319885.0,74772748143.70001
2025-05-13,600029,5.93,5.99,5.87,5.93,53079449.0,315397702.0,75152948557.99
2025-05-14,600029,5.92,5.96,5.85,5.93,41296519.0,244258313.0,75152948557.99
2025-05-15,600029,5.93,5.97,5.88,5.9,39538617.0,233885075.0,74772748143.70001
2025-05-16,600029,5.91,5.98,5.84,5.97,51009452.0,301781017.0,75659882443.71
2025-05-19,600029,5.96,6.01,5.89,5.94,39464123.0,234346981.0,75279682029.42001
2025-05-20,600029,5.94,6.0,5.9,5.97,36889833.0,219513679.0,75659882443.71
2025-05-21,600029,5.95,6.1,5.94,6.08,61382758.0,372017499.0,77053950629.44002
2025-05-22,600029,6.05,6.21,6.04,6.11,74020665.0,454616366.0,77434151043.73001
2025-05-23,600029,6.11,6.17,5.99,6.01,44233395.0,269000987.0,76166816329.43001
2025-05-26,600029,6.0,6.25,6.0,6.22,80472026.0,496792627.0,78828219229.46
2025-05-27,600029,6.2,6.27,6.14,6.2,45506711.0,282365902.0,78574752286.60002
2025-05-28,600029,6.19,6.28,6.14,6.24,42740418.0,266159637.0,79081686172.32
2025-05-29,600029,6.24,6.25,6.02,6.13,59985761.0,365536981.0,77687617986.59001
2025-05-30,600029,6.11,6.16,6.07,6.09,29876276.0,182590622.0,77180686074.03
2025-06-03,600029,6.05,6.06,5.91,6.04,61209634.0,366792477.0,76547018700.68001
2025-06-04,600029,6.02,6.04,5.92,5.94,53213850.0,316803236.0,75279683953.98001
2025-06-05,600029,5.95,6.0,5.92,5.96,36339864.0,216466775.0,75533150903.31999
2025-06-06,600029,5.95,5.97,5.9,5.94,28068006.0,166441597.0,75279683953.98001
2025-06-09,600029,5.93,5.99,5.86,5.97,51086403.0,302851094.0,75659884377.98999
2025-06-10,600029,5.95,6.06,5.94,6.02,59079722.0,354828184.0,76293551751.34
2025-06-11,600029,6.02,6.06,5.98,6.04,29839900.0,179723171.0,76547018700.68001
2025-06-12,600029,6.02,6.03,5.93,5.96,40128382.0,239171141.0,75533150903.31999
2025-06-13,600029,5.9,5.94,5.8,5.81,77593151.0,453663681.0,73632148783.26999
2025-06-16,600029,5.8,5.82,5.75,5.79,51447321.0,296960358.0,73378681833.93001
2025-06-17,600029,5.79,5.87,5.78,5.82,38946873.0,226862608.0,73758882257.94
2025-06-18,600029,5.8,5.84,5.76,5.78,30254943.0,174973690.0,73251948359.26001
2025-06-19,600029,5.79,5.79,5.73,5.74,28491287.0,164015944.0,72745014460.58
2025-06-20,600029,5.73,5.78,5.73,5.76,30252531.0,174072542.0,72998481409.92
2025-06-23,600029,5.73,5.77,5.67,5.75,36685293.0,209878859.0,72871747935.25
2025-06-24,600029,5.84,5.91,5.83,5.84,64616033.0,378995068.0,74012349207.28
2025-06-25,600029,5.86,5.9,5.84,5.89,33601182.0,197434773.0,74646016580.62999
2025-06-26,600029,5.88,5.93,5.83,5.89,35440526.0,208359161.0,74646016580.62999
2025-06-27,600029,5.9,5.97,5.87,5.9,39575002.0,234252869.0,74772750055.3
2025-06-30,600029,5.9,5.97,5.86,5.9,33971371.0,200656073.0,74772755790.1
2025-07-01,600029,5.9,5.92,5.84,5.86,37133200.0,217941760.0,74265821852.54001
2025-07-02,600029,5.87,5.88,5.8,5.81,41442100.0,241602733.0,73632154430.59
2025-07-03,600029,5.79,5.83,5.74,5.76,63645609.0,367059750.0,72998487008.64
2025-07-04,600029,5.77,5.78,5.72,5.74,51802023.0,297325211.0,72745020039.86
2025-07-07,600029,5.74,5.77,5.72,5.73,39767610.0,228145315.0,72618286555.47
2025-07-08,600029,5.73,5.75,5.7,5.74,45194822.0,258960967.0,72745020039.86
2025-07-09,600029,5.74,5.77,5.73,5.75,35458392.0,204132711.0,72871753524.25
2025-07-10,600029,5.74,5.79,5.73,5.79,39819813.0,229471930.0,73378687461.81
2025-07-11,600029,5.8,5.84,5.79,5.8,45517737.0,264400475.0,73505420946.2
2025-07-14,600029,5.8,5.8,5.77,5.78,30513047.0,176442991.0,73251953977.42
2025-07-15,600029,5.77,5.78,5.65,5.67,102863612.0,585156671.0,71857885649.13
2025-07-16,600029,5.67,5.72,5.66,5.69,41172244.0,234015467.0,72111352617.91
2025-07-17,600029,5.68,5.69,5.66,5.69,32982455.0,187198258.0,72111352617.91
2025-07-18,600029,5.69,5.71,5.68,5.7,28461779.0,162074114.0,72238086102.3
2025-07-21,600029,5.71,5.74,5.68,5.73,48951884.0,279691559.0,72618286555.47
2025-07-22,600029,5.73,5.77,5.69,5.76,67826622.0,388858421.0,72998487008.64
2025-07-23,600029,5.85,5.99,5.83,5.84,165671456.0,980049330.0,74012354883.76
2025-07-24,600029,5.81,5.91,5.8,5.89,69061784.0,405251364.0,74646022305.70999
2025-07-25,600029,5.89,5.93,5.84,5.86,57444900.0,337694250.0,74265821852.54001
2025-07-28,600029,5.86,5.89,5.78,5.79,59158660.0,344894417.0,73378687461.81
2025-07-29,600029,5.79,5.81,5.75,5.79,37305616.0,215252153.0,73378687461.81
2025-07-30,600029,5.78,5.82,5.75,5.77,42978600.0,248428986.0,73125220493.03
2025-07-31,600029,5.76,5.77,5.65,5.67,88127905.0,501443280.0,71857888404.75
2025-08-01,600029,5.67,5.68,5.65,5.67,43150001.0,244368910.0,71857888404.75
2025-08-04,600029,5.66,5.69,5.64,5.69,33457501.0,189650228.0,72111355383.25
2025-08-05,600029,5.69,5.74,5.68,5.73,31475907.0,180161595.0,72618289340.25
2025-08-06,600029,5.74,5.74,5.68,5.72,32779661.0,187219667.0,72491555851.0
2025-08-07,600029,5.72,5.74,5.7,5.74,26512129.0,151768468.0,72745022829.5
2025-08-08,600029,5.74,5.74,5.7,5.72,29251757.0,167076600.0,72491555851.0
2025-08-11,600029,5.72,5.73,5.69,5.73,31106595.0,177642696.0,72618289340.25
2025-08-12,600029,5.73,5.75,5.71,5.74,33554386.0,192335038.0,72745022829.5
2025-08-13,600029,5.76,5.78,5.73,5.76,63312502.0,364400731.0,72998489808.0
2025-08-14,600029,5.77,5.79,5.73,5.76,54474558.0,313795452.0,72998489808.0
2025-08-15,600029,5.75,5.87,5.72,5.86,94233552.0,549574140.0,74265824700.5
2025-08-18,600029,5.87,5.92,5.84,5.87,74153865.0,435832914.0,74392558189.75
2025-08-19,600029,5.88,5.93,5.85,5.9,73038833.0,431257152.0,74772758657.5
2025-08-20,600029,5.92,5.97,5.88,5.95,65955588.0,390928985.0,75406426103.75
2025-08-21,600029,5.97,6.01,5.92,5.96,54181314.0,323641708.0,75533159593.0
2025-08-22,600029,5.96,5.97,5.83,5.88,95139354.0,558164246.0,74519291679.0
2025-08-25,600029,5.89,6.0,5.88,6.0,84927164.0,505118346.0,76040093550.0
2025-08-26,600029,6.0,6.13,5.96,6.07,92626177.0,561401937.0,76927227974.75
2025-08-27,600029,6.06,6.14,5.97,6.01,85220854.0,515752730.0,76166827039.25
2025-08-28,600029,6.01,6.08,5.92,6.03,65438063.0,393042560.0,76420294017.75
2025-08-29,600029,6.06,6.15,6.03,6.04,80653778.0,491592294.0,76547031420.91998
2025-09-01,600029,6.05,6.06,5.93,5.97,54541658.0,325792614.0,75659896950.80998
2025-09-02,600029,5.96,5.99,5.88,5.91,40556697.0,240147669.0,74899495976.43
2025-09-03,600029,5.91,5.93,5.82,5.83,47850660.0,279853755.0,73885628010.59
2025-09-04,600029,5.82,5.86,5.79,5.84,50043851.0,291131445.0,74012361506.31999
2025-09-05,600029,5.84,5.89,5.81,5.88,45843791.0,268216763.0,74519295489.23999
2025-09-08,600029,5.89,6.17,5.87,6.14,112712280.0,683511154.0,77814366378.21999
2025-09-09,600029,6.13,6.16,6.08,6.13,47901070.0,293267158.0,77687632882.48999
2025-09-10,600029,6.13,6.13,6.04,6.07,38744850.0,235031915.0,76927231908.10999
2025-09-11,600029,6.04,6.07,5.97,6.06,46743551.0,281299812.0,76800498412.37999
2025-09-12,600029,6.08,6.12,6.03,6.06,52337339.0,317850351.0,76800498412.37999
2025-09-15,600029,6.04,6.09,6.0,6.03,34754913.0,209679456.0,76420297925.18999
2025-09-16,600029,6.05,6.14,6.0,6.05,77009623.0,466198621.0,76673764916.64998
2025-09-17,600029,6.05,6.26,6.03,6.23,124641112.0,769576415.0,78954967839.79
2025-09-18,600029,6.21,6.23,5.93,5.99,101954253.0,617532191.0,75913363942.26999
2025-09-19,600029,5.95,6.02,5.93,6.01,47073646.0,281024228.0,76166830933.72998
2025-09-22,600029,6.01,6.03,5.91,6.01,43521384.0,259789757.0,76166830933.72998
2025-09-23,600029,5.99,6.0,5.87,5.98,56307305.0,333398917.0,75786630446.54
2025-09-24,600029,5.96,6.0,5.91,5.98,46606359.0,277141494.0,75786630446.54
2025-09-25,600029,5.96,6.01,5.92,5.96,36865822.0,219413302.0,75533163455.07999
2025-09-26,600029,5.95,6.03,5.89,6.03,53758030.0,320857189.0,76420297925.18999
2025-09-29,600029,6.0,6.01,5.88,5.95,66832408.0,395668975.0,75406429959.34999
2025-09-30,600029,5.94,6.08,5.9,6.05,82297551.0,492865533.0,76673764916.64998
2025-10-09,600029,5.96,6.2,5.86,6.17,120037260.0,724027011.0,78194566865.40999
2025-10-10,600029,6.09,6.16,6.06,6.09,64005212.0,389864335.0,77180698899.56999
2025-10-13,600029,5.96,6.01,5.92,5.99,51069304.0,304650971.0,75913363942.26999
2025-10-14,600029,5.99,6.06,5.96,5.99,58552689.0,351712115.0,75913363942.26999
2025-10-15,600029,5.99,6.33,5.97,6.3,143533940.0,889267368.0,79842102309.89998
2025-10-16,600029,6.3,6.43,6.24,6.26,80140825.0,504787722.0,79335168326.97998
2025-10-17,600029,6.26,6.34,6.2,6.21,55315410.0,346133140.0,78701500848.32999
2025-10-20,600029,6.23,6.66,6.2,6.6,173592092.0,1121811205.0,83644107181.79999
2025-10-21,600029,6.6,6.63,6.43,6.59,113941307.0,744557893.0,83517373686.06999
2025-10-22,600029,6.56,6.66,6.49,6.63,63291592.0,415997205.0,84024307668.98999
2025-10-23,600029,6.62,6.7,6.51,6.66,60853650.0,403302553.0,84404508156.18
2025-10-24,600029,6.66,6.67,6.44,6.58,80497076.0,526049188.0,83390640190.33998
2025-10-27,600029,6.58,6.65,6.49,6.6,43172150.0,283861843.0,83644107181.79999
2025-10-28,600029,6.7,6.86,6.66,6.7,92761785.0,625769750.0,84911442139.09999
2025-10-29,600029,6.66,6.86,6.61,6.76,66698909.0,450535952.0,85671843113.47998
2025-10-30,600029,6.8,6.93,6.75,6.79,54068801.0,369216576.0,86052043600.66998
2025-10-31,600029,6.74,6.76,6.51,6.67,98340232.0,655483552.0,84531256779.47
2025-11-03,600029,6.66,6.96,6.62,6.95,88488682.0,606272996.0,88079795294.95
2025-11-04,600029,6.95,7.0,6.81,6.86,46794238.0,322388507.0,86939193629.26001
2025-11-05,600029,6.82,6.98,6.75,6.94,38138582.0,263229559.0,87953061776.54001
2025-11-06,600029,6.91,7.07,6.89,7.0,42492496.0,297131702.0,88713462887.0
2025-11-07,600029,6.99,7.1,6.92,6.98,39953609.0,279451544.0,88459995850.18001
2025-11-10,600029,6.97,7.37,6.94,7.24,93400898.0,673167034.0,91755067328.84
2025-11-11,600029,7.17,7.33,7.15,7.29,41003953.0,296939370.0,92388734920.89
2025-11-12,600029,7.26,7.35,7.23,7.24,36923982.0,268822719.0,91755067328.84
2025-11-13,600029,7.28,7.4,7.22,7.32,45665622.0,333979848.0,92768935476.12001
2025-11-14,600029,7.3,7.36,7.17,7.22,29122401.0,210979400.0,91501600292.02
2025-11-17,600029,7.08,7.3,6.94,7.27,77694875.0,555463518.0,92135267884.06999
2025-11-18,600029,7.26,7.35,7.07,7.3,54664552.0,396294145.0,92515468439.3
2025-11-19,600029,7.28,7.41,7.23,7.26,47289734.0,345428397.0,92008534365.66
2025-11-20,600029,7.25,7.32,7.17,7.2,37920571.0,274540927.0,91248133255.2
2025-11-21,600029,7.17,7.23,7.05,7.08,55175895.0,393468077.0,89727331034.28
2025-11-24,600029,7.07,7.14,6.88,6.95,69088137.0,480752911.0,93664616719.55
2025-11-25,600029,6.93,6.95,6.68,6.75,78498254.0,531047126.0,90969232065.75
2025-11-26,600029,6.77,6.92,6.7,6.76,73269996.0,497634926.0,91104001298.44
2025-11-27,600029,6.77,6.8,6.62,6.77,51443394.0,346082319.0,91238770531.12999
2025-11-28,600029,6.77,6.86,6.7,6.78,51516901.0,349667035.0,91373547452.34
2025-12-01,600029,6.77,7.0,6.72,6.98,56129456.0,387030011.0,94068932332.93999
2025-12-02,600029,6.94,7.11,6.89,7.01,45319692.0,317784856.0,94473240065.02998
2025-12-03,600029,7.0,7.26,6.93,7.2,62741701.0,448638738.0,97033855701.59999
2025-12-04,600029,7.19,7.25,7.09,7.19,36879742.0,264204137.0,96899086457.56999
2025-12-05,600029,7.17,7.22,7.0,7.06,35188444.0,248910727.0,95147086285.17998
2025-12-08,600029,7.05,7.12,6.9,7.1,49133069.0,345009495.0,95686163261.29999
2025-12-09,600029,7.05,7.08,6.9,6.9,25553201.0,177654711.0,92990778380.7
2025-12-10,600029,6.91,7.01,6.89,6.98,25799920.0,179580811.0,94068932332.93999
2025-12-11,600029,6.96,7.0,6.82,6.83,42427356.0,292896270.0,92047393672.48999
2025-12-12,600029,6.83,7.06,6.79,6.92,47118133.0,326930797.0,93260316868.75998
2025-12-15,600029,6.89,7.05,6.86,6.97,27255720.0,189844087.0,93934163088.90999
2025-12-16,600029,6.96,7.1,6.94,7.05,38659959.0,271407066.0,95012317041.14998
2025-12-17,600029,7.15,7.53,7.12,7.49,121679133.0,903445164.0,100942163778.46999
2025-12-18,600029,7.39,7.65,7.39,7.59,75961089.0,574788024.0,102289856218.76999
2025-12-19,600029,7.6,7.74,7.48,7.7,72718975.0,554565219.0,103772317903.09999
2025-12-22,600029,7.7,7.78,7.53,7.65,72417812.0,553641887.0,103098471682.95
2025-12-23,600029,7.64,7.66,7.46,7.54,54382118.0,409756620.0,101616009998.61998
2025-12-24,600029,7.52,7.67,7.34,7.6,66847506.0,502781433.0,102424625462.79999
2025-12-25,600029,7.56,7.79,7.51,7.59,53085851.0,406216957.0,102289856218.76999
2025-12-26,600029,7.59,7.66,7.45,7.52,54637687.0,411871762.0,101346471510.55998
2025-12-29,600029,7.49,7.89,7.47,7.74,83934890.0,650240161.0,104311394879.21999
2025-12-30,600029,7.72,7.74,7.57,7.66,54498111.0,417605934.0,103233240926.97998
2025-12-31,600029,7.65,8.03,7.61,8.01,99141604.0,782398036.0,107950167063.27
2026-01-05,600029,7.95,8.13,7.87,8.08,89570323.0,715405064.0,108893551794.16
2026-01-06,600029,8.01,8.18,7.77,8.09,64829995.0,519487927.0,109028321041.43
2026-01-07,600029,8.11,8.28,8.06,8.15,44857494.0,366306913.0,109836936525.05
2026-01-08,600029,8.13,8.15,7.9,8.01,62189142.0,496685366.0,107950167063.27
2026-01-09,600029,7.98,8.0,7.81,7.97,49628574.0,393018835.0,107411090074.19
2026-01-12,600029,7.93,8.14,7.86,7.88,66975135.0,532518445.0,106198166848.76
2026-01-13,600029,7.8,7.94,7.73,7.78,63790851.0,498472802.0,104850474376.06
2026-01-14,600029,7.71,7.78,7.54,7.56,96990634.0,741640415.0,101885550936.12
2026-01-15,600029,7.56,7.66,7.49,7.54,53218659.0,402284844.0,101616012441.58
2026-01-16,600029,7.6,7.73,7.33,7.43,79506812.0,594261199.0,100133550721.61
2026-01-19,600029,7.41,7.77,7.41,7.75,93731111.0,720355540.0,104446166634.25
2026-01-20,600029,7.8,8.17,7.75,8.13,93604771.0,750140001.0,109567398030.51001
2026-01-21,600029,8.14,8.17,7.95,8.01,68487906.0,551780364.0,107950167063.27
2026-01-22,600029,8.0,8.09,7.85,7.88,70969313.0,563160182.0,106198166848.76
2026-01-23,600029,7.89,7.91,7.63,7.68,58432832.0,452137277.0,103502781903.36
2026-01-26,600029,7.69,7.98,7.59,7.6,135092788.0,1040791428.0,102424627925.2
2026-01-27,600029,7.66,7.71,7.5,7.55,75493493.0,571336148.0,101750781688.84999
2026-01-28,600029,7.58,7.59,7.24,7.28,104115161.0,766539174.0,98112012012.56
2026-01-29,600029,7.21,7.32,7.1,7.2,107034347.0,767694611.0,97033858034.40001
2026-01-30,600029,7.22,7.29,7.13,7.21,61077959.0,440667048.0,97168630785.73
2026-02-02,600029,7.22,7.49,7.15,7.26,92435262.0,680192737.0,97842477046.37999
2026-02-03,600029,7.32,7.7,7.26,7.65,101355278.0,759508906.0,103098477879.45001
2026-02-04,600029,7.63,8.33,7.62,8.18,166671048.0,1347710745.0,110241248242.34
2026-02-05,600029,8.18,8.36,8.1,8.25,111813136.0,924232005.0,111184633007.25
2026-02-06,600029,8.21,8.31,8.13,8.22,66071576.0,542103151.0,110780325250.86002
2026-02-09,600029,8.16,8.46,8.16,8.29,78302981.0,650736621.0,111723710015.76999
2026-02-10,600029,8.31,8.33,7.95,8.12,90347819.0,727468099.0,109432632729.55998
2026-02-11,600029,8.12,8.16,7.88,7.94,107725750.0,861203206.0,107006786191.22
2026-02-12,600029,7.93,7.99,7.7,7.76,81216285.0,635128011.0,104580939652.87999
2026-02-13,600029,7.77,7.79,7.58,7.6,46131014.0,353049112.0,102424631618.79999
2026-02-24,600029,7.62,7.65,7.43,7.46,81113777.0,611678112.0,100537862088.98
2026-02-25,600029,7.44,7.63,7.38,7.48,130258867.0,976330650.0,100807400593.24
2026-02-26,600029,7.52,7.73,7.51,7.59,81763894.0,622435608.0,102289862366.67
2026-02-27,600029,7.6,7.74,7.28,7.34,99607027.0,737201652.0,98920644143.30002
2026-03-02,600029,6.98,7.12,6.85,7.0,182594973.0,1277541114.0,94338488965.00002
2026-03-03,600029,6.95,7.01,6.69,6.78,124883475.0,852519986.0,91373565026.10002
2026-03-04,600029,6.72,6.9,6.63,6.66,100803221.0,676548415.0,89756333786.70001
2026-03-05,600029,6.71,6.75,6.52,6.56,81174349.0,535485959.0,88408641087.20001
2026-03-06,600029,6.57,6.67,6.44,6.63,89566963.0,589677719.0,89352025976.85
2026-03-09,600029,6.36,6.36,6.08,6.32,212009819.0,1320815682.0,85174178608.40001
2026-03-10,600029,6.55,6.69,6.42,6.47,170143272.0,1109411678.0,87195717657.65001
2026-03-11,600029,6.53,6.53,6.28,6.36,129264682.0,822260058.0,85713255688.20001
2026-03-12,600029,6.28,6.38,6.23,6.32,101982787.0,642058478.0,85174178608.40001
2026-03-13,600029,6.27,6.39,6.21,6.29,119193778.0,753818875.0,84769870798.55002
2026-03-16,600029,6.28,6.33,6.11,6.17,152240675.0,941681664.0,83152639559.15001
2026-03-17,600029,6.19,6.36,6.14,6.15,128430081.0,801529764.0,82883101019.25002
2026-03-18,600029,6.22,6.25,6.02,6.09,124595149.0,758874141.0,82074485399.55
2026-03-19,600029,5.95,5.97,5.79,5.81,161431982.0,946223345.0,78300945840.95001
2026-03-20,600029,5.88,5.91,5.75,5.77,107459463.0,627449579.0,77761868761.15001
2026-03-23,600029,5.65,5.66,5.38,5.46,181423820.0,1002144958.0,73584021392.70001
2026-03-24,600029,5.54,5.64,5.51,5.62,171079739.0,953722220.0,75740329711.90001
2026-03-25,600029,5.73,5.81,5.69,5.76,157308699.0,906273447.0,77627099491.20001
2026-03-26,600029,5.74,5.93,5.66,5.69,187002706.0,1085690163.0,76683714601.55002
2026-03-27,600029,5.65,5.84,5.64,5.76,101633493.0,584649504.0,77627099491.20001
2026-03-30,600029,5.64,5.76,5.58,5.73,108755845.0,616909759.0,77222791681.35002
2026-03-31,600029,5.74,5.84,5.63,5.65,103609856.0,593461995.0,76144873776.5
2026-04-01,600029,5.78,5.95,5.78,5.93,159417938.0,936571572.0,79918425043.3
2026-04-02,600029,5.86,5.87,5.72,5.74,128743957.0,742291374.0,77357800969.40001
2026-04-03,600029,5.73,5.75,5.65,5.67,66607351.0,378787241.0,76414413152.7
2026-04-07,600029,5.68,5.68,5.56,5.61,69065200.0,386804283.0,75605795024.1
2026-04-08,600029,5.95,6.15,5.94,6.05,228017223.0,1376835303.0,81535661300.5
2026-04-09,600029,5.88,5.93,5.79,5.82,163273726.0,953064129.0,78435958474.2
2026-04-10,600029,5.86,5.89,5.8,5.8,108988120.0,636311918.0,78166419098.0
2026-04-13,600029,5.69,5.76,5.68,5.72,98657657.0,563404618.0,77088261593.2
2026-04-14,600029,5.81,5.88,5.67,5.74,128239290.0,734728043.0,77357800969.40001
2026-04-15,600029,5.87,5.93,5.74,5.76,156427625.0,911406144.0,77627340345.59999
2026-04-16,600029,5.76,5.81,5.73,5.76,113291640.0,652617963.0,77627340345.59999
2026-04-17,600029,5.73,5.76,5.67,5.71,103071080.0,588239752.0,76953491905.1
2026-04-20,600029,5.72,5.82,5.7,5.81,199097448.0,1148797568.0,78301188786.09999
2026-04-21,600029,5.77,5.83,5.74,5.78,115578744.0,668570568.0,77896879721.8
2026-04-22,600029,5.74,5.74,5.68,5.72,122169160.0,697055309.0,77088261593.2
2026-04-23,600029,5.66,5.69,5.58,5.62,136451229.0,768312163.0,75740564712.2
2026-04-24,600029,5.59,5.61,5.54,5.56,87222629.0,485668379.0,74931946583.59999
2026-04-27,600029,5.53,5.55,5.45,5.51,84449599.0,463293674.0,74258098143.09999
2026-04-28,600029,5.48,5.51,5.41,5.44,90270273.0,491845718.0,73314710326.40001
2026-04-29,600029,5.42,5.52,5.41,5.5,77390282.0,423567305.0,74123328455.0
2026-04-30,600029,5.45,5.53,5.38,5.41,178828398.0,970721587.0,72910410902.72
2026-05-06,600029,5.45,5.53,5.42,5.51,138658867.0,760644125.0,74258107961.92
2026-05-07,600029,5.64,5.71,5.57,5.62,163525745.0,921008932.0,75740574727.04001
2026-05-08,600029,5.56,5.77,5.54,5.71,214933051.0,1223868717.0,76953502080.31999
2026-05-11,600029,5.65,5.66,5.58,5.65,127631817.0,717465950.0,76144883844.8
2026-05-12,600029,5.64,5.69,5.58,5.6,101755713.0,571925225.0,75471035315.2
2026-05-13,600029,5.6,5.62,5.53,5.62,97877124.0,545906603.0,75740574727.04001
2026-05-14,600029,5.61,5.63,5.48,5.49,113392836.0,629381892.0,73988568550.08
2026-05-15,600029,5.48,5.49,5.35,5.37,143037888.0,770923658.0,72371332079.04001
2026-05-18,600029,5.33,5.33,5.19,5.23,134957900.0,705628817.0,70484556196.16
2026-05-19,600029,5.25,5.36,5.25,5.35,83906235.0,445796933.0,72101792667.2
2026-05-20,600029,5.32,5.33,5.24,5.29,61228424.0,322540602.0,71293174431.68001
2026-05-21,600029,5.4,5.49,5.36,5.37,140305661.0,760452237.0,72371332079.04001
2026-05-22,600029,5.38,5.39,5.27,5.29,95871349.0,508669278.0,71293174431.68001
2026-05-25,600029,5.43,5.58,5.42,5.54,202095313.0,1113305046.0,74662417079.68001
2026-05-26,600029,5.5,5.66,5.47,5.6,176261235.0,985689515.0,75471035315.2
2026-05-27,600029,5.55,5.58,5.45,5.47,118723386.0,654060803.0,73719029138.23999
2026-05-28,600029,5.51,5.58,5.38,5.42,111340552.0,609815236.0,73045180608.64
2026-05-29,600029,5.5,5.68,5.48,5.49,205801498.0,1148074555.0,73988573886.36
2026-06-01,600029,5.44,5.5,5.34,5.43,128936577.0,698761223.0,73179955592.51999
2026-06-02,600029,5.36,5.39,5.29,5.35,124379053.0,663414683.0,72101797867.4
2026-06-03,600029,5.28,5.3,5.19,5.2,166450919.0,870400590.0,70080252132.8
2026-06-04,600029,5.19,5.24,5.17,5.21,77523623.0,403040506.0,70215021848.44
2026-06-05,600029,5.26,5.3,5.18,5.22,89356445.0,467676926.0,70349791564.08
2026-06-08,600029,5.1,5.11,4.98,5.04,152739858.0,770068822.0,67923936682.56
2026-06-09,600029,5.06,5.13,5.03,5.11,84567784.0,430295457.0,68867324692.04001
2026-06-10,600029,5.07,5.13,5.05,5.11,57334048.0,291469252.0,68867324692.04001
2026-06-11,600029,5.01,5.04,4.98,5.02,68136853.0,340773283.0,67654397251.27999
2026-06-12,600029,5.15,5.3,5.12,5.27,206179119.0,1079194615.0,71023640142.28
2026-06-15,600029,5.54,5.68,5.42,5.46,258318361.0,1432501618.0,73584264739.44
2026-06-16,600029,5.44,5.48,5.37,5.39,109614293.0,593065769.0,72640876729.95999
2026-06-17,600029,5.5,5.51,5.38,5.45,108166929.0,588166352.0,73449495023.8
2026-06-18,600029,5.42,5.44,5.26,5.29,114932286.0,612969388.0,71293179573.56
2026-06-22,600029,5.21,5.29,5.12,5.28,88870442.0,461515357.0,71158409857.92
2026-06-23,600029,5.28,5.33,5.13,5.16,85471618.0,446304890.0,69541173270.24
2026-06-24,600029,5.16,5.4,5.13,5.25,118815711.0,626610545.0,70754100711.0
2026-06-25,600029,5.38,5.64,5.35,5.58,291931423.0,1609134064.0,75201501327.12
2026-06-26,600029,5.5,5.54,5.41,5.41,122684832.0,671079338.0,72910416161.24
2026-06-29,600029,5.35,5.36,5.24,5.3,126671307.0,670942469.0,71427949289.2
2026-06-30,600029,5.27,5.28,5.11,5.18,152325711.0,787212791.0,69810716058.16
2026-07-01,600029,5.19,5.38,5.15,5.35,132813444.0,703892457.0,72101801334.2
2026-07-02,600029,5.38,5.43,5.23,5.26,117102536.0,620788402.0,70888873835.12
2026-07-03,600029,5.26,5.31,5.17,5.21,100252288.0,524184559.0,70215025224.52
2026-07-06,600029,5.21,5.29,5.18,5.23,102505156.0,537095716.0,70484564668.76001
2026-07-07,600029,5.2,5.21,5.1,5.12,116541705.0,599175259.0,69002097725.44
2026-07-08,600029,5.05,5.11,5.03,5.06,89545212.0,453014380.0,68193479392.71999
2026-07-09,600029,5.01,5.06,4.99,5.05,84860762.0,425636610.0,68058709670.6
2026-07-10,600029,5.06,5.13,4.99,5.11,86505230.0,438314596.0,68867328003.32
2026-07-13,600029,5.03,5.04,5.0,5.01,79180059.0,396786138.0,67519630782.119995
2026-07-14,600029,4.98,5.04,4.95,5.04,61143124.0,305138978.0,67923939948.48
2026-07-15,600029,4.98,5.05,4.95,5.05,79314083.0,397210524.0,68058709670.6
2026-07-16,600029,5.01,5.07,4.98,5.03,71337220.0,358650199.0,67789170226.36
2026-07-17,600029,5.0,5.05,4.97,4.99,81064639.0,405939587.0,67250091337.880005
2026-07-20,600029,4.98,5.04,4.96,5.02,78520634.0,392789114.0,67654400504.24
2026-07-21,600029,5.02,5.12,5.01,5.06,97273381.0,493031328.0,68193479392.71999
2026-07-22,600029,5.03,5.1,5.01,5.08,69101905.0,349681098.0,68463018836.96
2026-07-23,600029,5.07,5.19,5.05,5.18,97219171.0,498782346.0,69810716058.16
2026-07-24,600029,5.12,5.16,5.04,5.04,71718051.0,364565041.0,67923939948.48
2026-07-27,600029,5.13,5.19,5.1,5.15,84107204.0,432655277.0,69406406891.8
2026-07-28,600029,5.15,5.22,5.12,5.14,87480152.0,452156775.0,69271637169.68
2026-07-29,600029,5.12,5.19,5.1,5.18,87689019.0,451692860.0,69810716058.16
