date,ticker,open,high,low,close,volume,amount,market_cap
2021-01-04,600009,73.19,76.15,72.67,74.92,21988631.0,1697401120.0,81923251663.24
2021-01-05,600009,74.93,74.93,73.48,74.73,19566758.0,1500784359.0,81715491147.81
2021-01-06,600009,74.55,76.84,74.25,74.92,20026511.0,1557278810.0,81923251663.24
2021-01-07,600009,75.08,75.37,72.51,73.33,22682522.0,1726424818.0,80184624192.01
2021-01-08,600009,73.62,74.56,72.92,73.46,16197113.0,1231962901.0,80326776123.62
2021-01-11,600009,73.56,74.05,70.7,70.97,22425639.0,1683468353.0,77604019895.09
2021-01-12,600009,70.86,71.54,69.64,71.27,19159244.0,1395853415.0,77932062814.19
2021-01-13,600009,71.35,75.12,71.28,75.01,33058019.0,2528709328.0,82021664538.97
2021-01-14,600009,74.55,74.66,70.77,70.84,33164966.0,2478337023.0,77461867963.48001
2021-01-15,600009,70.43,71.21,69.5,69.55,24785133.0,1796692254.0,76051283411.34999
2021-01-18,600009,69.12,70.47,68.51,69.8,13535188.0,975201418.0,76324652510.59999
2021-01-19,600009,69.8,70.01,68.31,69.27,16075148.0,1150025221.0,75745110020.19
2021-01-20,600009,68.96,69.21,68.45,68.45,14361431.0,1020413958.0,74848459374.65001
2021-01-21,600009,67.67,68.93,67.48,68.56,17109050.0,1207497503.0,74968741778.32
2021-01-22,600009,68.16,69.61,67.92,68.81,14745497.0,1048593870.0,75242110877.57
2021-01-25,600009,68.59,70.17,67.58,69.62,24704324.0,1761961542.0,76127826759.14
2021-01-26,600009,69.63,70.52,67.94,69.78,18169039.0,1301692107.0,76302782982.66
2021-01-27,600009,69.66,74.16,68.62,73.96,34936121.0,2581884877.0,80873514322.12
2021-01-28,600009,72.52,74.91,72.52,73.28,25698793.0,1954227389.0,80129950372.16
2021-01-29,600009,73.7,78.72,72.51,76.38,40332304.0,3167312126.0,83519727202.86
2021-02-01,600009,68.74,68.74,68.74,68.74,7840400.0,557452440.0,75165567529.78
2021-02-02,600009,61.86,61.86,61.86,61.86,9398300.0,601397217.0,67642449918.42
2021-02-03,600009,55.68,58.39,55.68,57.33,194257353.0,11307794338.0,62689001840.009995
2021-02-04,600009,55.12,57.02,54.63,56.28,76482099.0,4402426459.0,61540851623.16
2021-02-05,600009,56.07,57.85,55.59,56.44,45308031.0,2654284296.0,61715807846.68
2021-02-08,600009,56.34,56.34,52.88,53.46,56015520.0,3125786325.0,58457248183.62
2021-02-09,600009,53.59,57.11,52.98,56.54,46779613.0,2670034644.0,61825155486.38
2021-02-10,600009,56.42,57.85,55.14,56.25,46333004.0,2701866821.0,61508047331.25
2021-02-18,600009,57.52,59.51,56.27,58.49,78498099.0,4721887426.0,63957434460.53
2021-02-19,600009,57.91,58.97,56.74,58.92,43299746.0,2599908814.0,64427629311.240005
2021-02-22,600009,58.49,60.91,57.52,58.89,49636305.0,3032716941.0,64394825019.33
2021-02-23,600009,58.89,59.54,57.72,58.09,33053656.0,2000208267.0,63520043901.73
2021-02-24,600009,58.49,59.93,58.12,58.93,35861567.0,2191805055.0,64438564075.21
2021-02-25,600009,59.51,62.15,59.2,60.95,40075928.0,2523389077.0,66647386397.15
2021-02-26,600009,59.45,61.82,59.02,59.82,29662556.0,1847366081.0,65411758068.54
2021-03-01,600009,58.88,60.11,57.54,59.15,27654015.0,1685764047.0,64679128882.549995
2021-03-02,600009,59.07,59.09,56.95,57.73,28229059.0,1690449244.0,63126392398.81
2021-03-03,600009,57.04,58.49,56.65,58.36,21150715.0,1265468413.0,63815282528.92
2021-03-04,600009,57.72,58.73,57.61,58.04,17927906.0,1077379533.0,63465370081.88
2021-03-05,600009,57.52,58.95,57.36,58.66,16668207.0,1004148477.0,64143325448.02
2021-03-08,600009,58.65,59.38,56.58,56.84,23793753.0,1418438475.0,62153198405.48
2021-03-09,600009,56.85,57.14,53.7,55.55,22654262.0,1308108238.0,60742613853.35
2021-03-10,600009,56.3,56.8,55.57,55.7,13764905.0,798087212.0,60906635312.9
2021-03-11,600009,55.71,57.18,55.19,56.82,14411423.0,842307482.0,62131328877.54
2021-03-12,600009,56.94,58.2,56.51,58.15,20122077.0,1196373186.0,63585652485.549995
2021-03-15,600009,58.31,59.82,57.78,58.71,23362715.0,1419845349.0,64197999267.87
2021-03-16,600009,58.97,60.28,58.38,60.23,24345579.0,1500534245.0,65860083391.31
2021-03-17,600009,59.47,60.51,59.07,59.8,16881182.0,1041671412.0,65389888540.6
2021-03-18,600009,59.75,60.4,58.38,59.17,17745229.0,1084607217.0,64700998410.490005
2021-03-19,600009,58.39,59.05,56.86,57.81,20957069.0,1252150945.0,63213870510.57
2021-03-22,600009,57.43,58.35,57.1,58.34,12942696.0,775302371.0,63793413000.98
2021-03-23,600009,58.27,58.49,56.32,56.89,17292807.0,1022619519.0,62207872225.33
2021-03-24,600009,56.65,56.88,55.88,56.32,11181766.0,650840790.0,61584590679.04
2021-03-25,600009,56.18,56.44,55.69,56.01,9597370.0,556224906.0,61245612995.97
2021-03-26,600009,56.05,57.08,56.05,56.8,14972139.0,877773638.0,62109459349.6
2021-03-29,600009,56.65,57.72,56.09,57.23,16294811.0,961361318.0,62579654200.31
2021-03-30,600009,57.24,57.51,56.6,56.97,13007439.0,766028388.0,62295350337.09
2021-03-31,600009,56.96,56.96,55.88,55.98,15316790.0,889985527.0,61212808704.06
2021-04-01,600009,55.92,56.56,55.82,56.36,9853683.0,572970071.0,61628329734.92
2021-04-02,600009,56.41,56.6,56.14,56.54,12583070.0,733463486.0,61825155486.38
2021-04-06,600009,56.58,57.89,56.58,56.92,15879295.0,939792671.0,62240676517.240005
2021-04-07,600009,56.85,57.18,56.13,57.16,11179790.0,655428486.0,62503110852.52
2021-04-08,600009,56.5,56.98,56.17,56.37,12039596.0,703170431.0,61639264498.89
2021-04-09,600009,56.18,56.37,55.44,55.51,13323091.0,769911069.0,60698874797.47
2021-04-12,600009,55.52,55.67,54.24,54.53,11816050.0,670418524.0,59627267928.41
2021-04-13,600009,54.52,55.43,54.29,55.06,9133562.0,518004161.0,60206810418.82
2021-04-14,600009,54.82,55.19,54.44,54.69,13288708.0,750746716.0,59802224151.93
2021-04-15,600009,54.53,54.55,53.94,54.08,11615058.0,649717412.0,59135203549.759995
2021-04-16,600009,54.09,54.43,53.7,54.07,12954919.0,723675535.0,59124268785.79
2021-04-19,600009,54.13,54.94,53.54,54.92,19685786.0,1105573330.0,60053723723.240005
2021-04-20,600009,54.52,55.15,54.26,54.56,12319947.0,696881026.0,59660072220.32
2021-04-21,600009,54.33,55.46,54.15,55.19,13666535.0,777697153.0,60348962350.43
2021-04-22,600009,55.19,55.43,54.31,54.48,14757005.0,835189928.0,59572594108.56
2021-04-23,600009,54.3,54.6,53.75,54.49,12392124.0,694799499.0,59583528872.53
2021-04-26,600009,53.41,53.41,50.88,51.48,39878318.0,2139849524.0,56292164917.56
2021-04-27,600009,51.15,51.19,47.26,47.95,54248953.0,2731127011.0,52432193236.15
2021-04-28,600009,47.64,48.44,46.48,48.34,22080965.0,1089211440.0,52858649030.98
2021-04-29,600009,47.36,48.33,46.77,47.46,18488666.0,907438083.0,51896389801.62
2021-04-30,600009,47.37,47.85,46.97,47.51,12040864.0,590370887.0,51951063621.47
2021-05-06,600009,47.02,47.02,44.96,45.15,31785390.0,1496697188.0,49370459324.549995
2021-05-07,600009,44.67,45.09,43.59,43.77,25018436.0,1145571685.0,47861461896.69
2021-05-10,600009,43.77,43.99,42.49,42.96,20737483.0,922981970.0,46975746015.12
2021-05-11,600009,42.69,44.34,42.54,43.92,16227833.0,729802316.0,48025483356.240005
2021-05-12,600009,43.76,44.14,43.34,44.05,10773237.0,487175711.0,48167635287.85
2021-05-13,600009,43.8,44.36,43.51,44.01,8972392.0,407949080.0,48123896231.97
2021-05-14,600009,44.08,44.89,44.07,44.81,12208345.0,563959148.0,48998677349.57
2021-05-17,600009,44.96,46.82,44.86,46.38,20295642.0,968692556.0,50715435292.86
2021-05-18,600009,46.41,46.74,45.78,46.68,10948440.0,523988904.0,51043478211.96
2021-05-19,600009,46.5,46.5,45.71,45.83,8196665.0,389594207.0,50114023274.509995
2021-05-20,600009,45.74,46.3,45.38,46.05,8837979.0,419527672.0,50354588081.85
2021-05-21,600009,46.08,46.36,45.47,45.59,6794874.0,322479611.0,49851588939.23
2021-05-24,600009,45.59,46.29,45.34,46.23,7327851.0,348506741.0,50551413833.31
2021-05-25,600009,46.27,48.56,46.24,47.69,22294520.0,1100610815.0,52147889372.93
2021-05-26,600009,47.93,47.99,47.18,47.62,10499711.0,515728343.0,52071346025.14
2021-05-27,600009,47.63,47.94,47.49,47.81,8417588.0,415242249.0,52279106540.57
2021-05-28,600009,47.76,48.18,47.46,47.73,9364575.0,462905989.0,52191628428.81
2021-05-31,600009,47.18,48.15,46.23,47.85,12014115.0,587397940.0,52322845596.450005
2021-06-01,600009,47.84,48.89,47.7,48.34,13769608.0,688460627.0,52858649030.98
2021-06-02,600009,48.49,48.96,47.93,48.38,13018107.0,652236222.0,52902388086.86
2021-06-03,600009,48.45,51.09,48.21,50.45,30247623.0,1556596765.0,55165884228.65
2021-06-04,600009,49.5,50.08,48.68,49.11,17785217.0,904293617.0,53700625856.67
2021-06-07,600009,48.44,49.11,46.89,47.09,19768388.0,969589432.0,51491803534.73
2021-06-08,600009,47.36,48.0,46.7,47.08,15751300.0,768685784.0,51480868770.759995
2021-06-09,600009,47.08,47.44,46.84,47.23,7236221.0,352782822.0,51644890230.31
2021-06-25,600009,49.96,51.4,45.92,49.37,88413491.0,4365025466.0,53984929719.89
2021-06-28,600009,48.15,49.09,47.22,47.81,35276429.0,1753055756.0,52279106540.57
2021-06-29,600009,47.52,47.57,46.31,46.32,25877753.0,1250712255.0,50649826709.04
2021-06-30,600009,46.02,47.31,45.91,46.53,17632163.0,846729600.0,50879456752.41
2021-07-01,600009,46.55,46.69,45.68,46.04,13658692.0,650374821.0,50343653317.88
2021-07-02,600009,45.74,45.91,44.47,44.49,20004910.0,929675089.0,48648764902.53
2021-07-05,600009,44.46,44.91,43.89,44.63,14261496.0,651772944.0,48801851598.11
2021-07-06,600009,44.56,46.03,44.14,45.38,15793211.0,740959206.0,49621958895.86
2021-07-07,600009,45.32,45.84,44.96,45.44,11032487.0,518043544.0,49687567479.68
2021-07-08,600009,45.44,45.46,44.47,44.47,11938748.0,552029250.0,48626895374.59
2021-07-09,600009,44.4,44.91,44.12,44.61,8345729.0,385087193.0,48779982070.17
2021-07-12,600009,44.61,45.19,44.18,44.85,12773391.0,592479009.0,49042416405.450005
2021-07-13,600009,44.96,45.44,44.72,44.81,17436852.0,812120415.0,48998677349.57
2021-07-14,600009,44.78,44.79,43.66,43.69,19441623.0,885181934.0,47773983784.93
2021-07-15,600009,43.51,43.58,42.73,43.21,16240867.0,723186868.0,47249115114.37
2021-07-16,600009,43.95,44.9,43.6,43.72,16504143.0,754081425.0,47806788076.84
2021-07-19,600009,43.54,44.07,42.74,44.0,11834471.0,530942024.0,48112961468.0
2021-07-20,600009,43.51,43.94,43.31,43.65,6330581.0,285291458.0,47730244729.049995
2021-07-21,600009,43.46,43.82,42.92,42.97,11807926.0,528025175.0,46986680779.09
2021-07-22,600009,42.83,43.25,42.56,42.88,8634070.0,383689372.0,46888267903.36
2021-07-23,600009,42.88,42.89,41.69,41.7,15759842.0,685039007.0,45597965754.9
2021-07-26,600009,41.28,41.33,39.52,39.55,21829710.0,902179904.0,43246991501.35
2021-07-27,600009,39.44,40.09,38.2,38.27,16961530.0,682460791.0,41847341713.19
2021-07-28,600009,38.31,38.59,37.12,37.57,15654583.0,608338509.0,41081908235.29
2021-07-29,600009,37.75,37.94,36.89,37.43,14317386.0,553131278.0,40928821539.71
2021-07-30,600009,37.04,37.53,36.26,37.27,14979651.0,570650781.0,40753865316.19
2021-08-02,600009,36.4,37.16,35.38,36.71,26404703.0,989631414.0,40141518533.87
2021-08-03,600009,36.08,37.42,35.84,36.99,16167581.0,616795282.0,40447691925.03
2021-08-04,600009,36.97,37.31,36.54,36.58,13405390.0,510443207.0,39999366602.259995
2021-08-05,600009,36.48,37.5,36.11,36.61,14876113.0,567507526.0,40032170894.17
2021-08-06,600009,36.64,36.83,36.12,36.27,9449697.0,355765510.0,39660388919.19
2021-08-09,600009,36.0,37.47,35.86,37.24,13602743.0,519982738.0,40721061024.28
2021-08-10,600009,37.3,37.49,36.83,37.42,11100152.0,427051526.0,40917886775.740005
2021-08-11,600009,37.41,38.97,37.32,37.69,18888084.0,743105673.0,41213125402.93
2021-08-12,600009,37.88,37.96,36.86,36.96,11465863.0,440496079.0,40414887633.12
2021-08-13,600009,36.8,37.2,36.54,36.93,7370335.0,280924037.0,40382083341.21
2021-08-16,600009,36.77,37.61,36.64,37.2,7873092.0,302008836.0,40677321968.4
2021-08-17,600009,37.34,39.03,37.16,38.17,28816412.0,1145075855.0,41737994073.490005
2021-08-18,600009,37.71,38.83,37.32,38.8,18620953.0,737889301.0,42426884203.6
2021-08-19,600009,38.3,38.76,38.09,38.54,11174473.0,443856296.0,42142580340.38
2021-08-20,600009,38.38,38.38,37.4,37.7,12251675.0,478261144.0,41224060166.9
2021-08-23,600009,37.23,37.96,37.22,37.62,7522430.0,292634882.0,41136582055.14
2021-08-24,600009,37.57,37.98,37.37,37.7,10207291.0,397205766.0,41224060166.9
2021-08-25,600009,37.7,41.18,37.56,40.52,38097783.0,1571371772.0,44307663606.44
2021-08-26,600009,40.29,40.92,39.18,40.88,25763407.0,1062060464.0,44701315109.36
2021-08-27,600009,40.38,41.33,40.01,40.01,15177241.0,635755254.0,43749990643.97
2021-08-30,600009,39.39,39.53,38.67,38.89,14650899.0,591656442.0,42525297079.33
2021-08-31,600009,38.67,42.05,38.63,41.83,31137271.0,1313764957.0,45740117686.509995
2021-09-01,600009,41.47,42.54,41.31,42.03,23979403.0,1044637208.0,45958812965.91
2021-09-02,600009,41.65,42.49,41.38,42.05,13708911.0,593279786.0,45980682493.85
2021-09-03,600009,42.02,43.89,41.47,43.7,24277356.0,1085189008.0,47784918548.9
2021-09-06,600009,43.34,45.03,43.09,43.73,21583712.0,981700946.0,47817722840.81
2021-09-07,600009,43.7,44.78,43.34,44.7,18214744.0,834909004.0,48878394945.9
2021-09-08,600009,44.32,44.67,43.52,44.04,15908969.0,724547528.0,48156700523.88
2021-09-09,600009,43.85,43.94,43.31,43.59,12310537.0,554918395.0,47664636145.23
2021-09-10,600009,43.51,45.19,43.51,44.26,18012392.0,827296697.0,48397265331.22
2021-09-13,600009,43.51,43.94,42.59,42.97,18359057.0,820342967.0,46986680779.09
2021-09-14,600009,42.83,43.39,41.81,41.88,13028780.0,571858409.0,45794791506.36
2021-09-15,600009,42.05,42.34,41.15,41.43,12305969.0,528724765.0,45302727127.71
2021-09-16,600009,41.32,41.67,40.61,40.87,12327095.0,521251247.0,44690380345.39
2021-09-17,600009,40.41,42.44,40.41,42.19,12749489.0,547097060.0,46133769189.43
2021-09-22,600009,41.57,42.19,41.28,41.66,6907272.0,297386906.0,45554226699.02
2021-09-23,600009,42.16,42.46,41.66,41.83,9197550.0,399379749.0,45740117686.509995
2021-09-24,600009,42.05,43.02,41.86,42.5,10686197.0,470961377.0,46472746872.5
2021-09-27,600009,42.34,43.48,41.58,42.75,12450786.0,546850400.0,46746115971.75
2021-09-28,600009,42.47,42.81,41.96,42.63,6699439.0,293533357.0,46614898804.11
2021-09-29,600009,42.34,42.97,42.03,42.74,9826170.0,432952969.0,46735181207.78
2021-09-30,600009,42.63,42.98,42.27,42.78,6800724.0,299268636.0,46778920263.66
2021-10-08,600009,44.18,46.29,43.84,45.44,30413700.0,1420855441.0,49687567479.68
2021-10-11,600009,45.34,48.34,45.04,47.98,33943884.0,1660949338.0,52464997528.06
2021-10-12,600009,47.72,49.84,47.11,48.69,38016360.0,1912601211.0,53241365769.93
2021-10-13,600009,48.34,48.78,47.28,48.4,19023023.0,947746633.0,52924257614.799995
2021-10-14,600009,48.14,52.05,48.06,51.05,41046818.0,2165369490.0,55821970066.85
2021-10-15,600009,50.91,52.36,49.79,50.76,29971555.0,1584482789.0,55504861911.72
2021-10-18,600009,50.26,50.86,48.71,49.21,25987334.0,1328145535.0,53809973496.37
2021-10-19,600009,48.82,49.6,48.32,49.3,15556876.0,788267383.0,53908386372.1
2021-10-20,600009,49.24,49.91,47.56,49.22,22054635.0,1111410733.0,53820908260.34
2021-10-21,600009,48.93,50.63,48.45,49.03,16012871.0,817918257.0,53613147744.91
2021-10-22,600009,48.66,49.49,48.23,48.4,13767909.0,693617116.0,52924257614.799995
2021-10-25,600009,47.37,48.15,46.29,48.06,18252553.0,896812708.0,52552475639.82
2021-10-26,600009,47.67,49.27,47.58,49.11,21032521.0,1059410800.0,53700625856.67
2021-10-27,600009,48.76,49.75,48.37,49.39,16944149.0,863797503.0,54006799247.83
2021-10-28,600009,49.07,50.78,48.59,49.57,16410748.0,843254004.0,54203624999.29
2021-10-29,600009,49.56,51.36,49.08,51.05,20731619.0,1086467433.0,55821970066.85
2021-11-01,600009,50.15,50.16,48.47,49.37,19026264.0,967311891.0,53984929719.89
2021-11-02,600009,49.35,49.73,47.93,48.68,15885693.0,801480150.0,53230431005.96
2021-11-03,600009,48.44,49.3,48.06,48.58,10378414.0,523295063.0,53121083366.259995
2021-11-04,600009,48.77,48.82,47.27,47.6,13909170.0,687363280.0,52049476497.200005
2021-11-05,600009,47.55,48.37,47.31,47.4,9055853.0,447284455.0,51830781217.799995
2021-11-08,600009,49.42,52.07,49.42,51.15,40564289.0,2155580261.0,55931317706.549995
2021-11-09,600009,51.15,51.64,48.04,48.27,35368328.0,1793615244.0,52782105683.19
2021-11-10,600009,48.3,48.53,47.04,47.5,17882815.0,879177149.0,51940128857.5
2021-11-11,600009,47.26,48.61,47.09,48.41,13119426.0,651049128.0,52935192378.77
2021-11-12,600009,48.15,49.74,47.77,49.09,13915004.0,706375436.0,53678756328.73
2021-11-15,600009,49.0,49.22,47.75,47.79,14505548.0,723842910.0,52257237012.63
2021-11-16,600009,48.05,48.58,47.26,47.43,13698384.0,676463178.0,51863585509.71
2021-11-17,600009,47.46,48.26,47.46,48.02,8647172.0,429182542.0,52508736583.94
2021-11-18,600009,47.59,47.94,47.03,47.03,9841392.0,481156262.0,51426194950.91
2021-11-19,600009,47.06,47.3,46.29,46.71,10483165.0,505561949.0,51076282503.87
2021-11-22,600009,46.71,47.1,46.41,46.98,6375316.0,308962401.0,51371521131.06
2021-11-23,600009,47.39,47.81,46.76,46.95,8599510.0,419578517.0,51338716839.15
2021-11-24,600009,46.96,47.52,46.42,47.41,8029874.0,390197699.0,51841715981.77
2021-11-25,600009,47.41,47.58,47.0,47.44,5813291.0,283935261.0,51874520273.68
2021-11-26,600009,46.76,46.77,45.25,45.56,20869390.0,989785905.0,49818784647.32
2021-11-29,600009,43.46,43.99,42.34,42.53,33695892.0,1496468848.0,46505551164.41
2021-11-30,600009,42.57,43.06,41.65,41.73,16236950.0,707102594.0,45630770046.81
2021-12-01,600009,42.44,43.86,42.05,43.39,25403483.0,1133764057.0,47445940865.83
2021-12-02,600009,43.04,43.96,42.54,43.14,14235097.0,637922077.0,47172571766.58
2021-12-03,600009,43.68,44.76,43.16,44.49,15524233.0,707849120.0,48648764902.53
2021-12-06,600009,44.45,44.6,43.74,44.19,9412206.0,429640476.0,48320721983.43
2021-12-07,600009,44.76,45.89,44.62,44.83,17144200.0,802487859.0,49020546877.509995
2021-12-08,600009,44.83,45.54,44.59,45.32,12630238.0,590057161.0,49556350312.04
2021-12-09,600009,45.42,46.18,45.29,45.47,12338003.0,582572609.0,49720371771.59
2021-12-10,600009,45.39,45.47,44.47,44.93,16855658.0,781779069.0,49129894517.21
2021-12-13,600009,44.96,45.37,44.24,44.36,15630577.0,719282434.0,48506612970.92
2021-12-14,600009,43.89,44.13,43.58,44.09,11298532.0,511635996.0,48211374343.73
2021-12-15,600009,44.1,44.18,43.07,43.26,12494309.0,561223897.0,47303788934.22
2021-12-16,600009,43.07,43.49,42.68,42.83,11940101.0,529216825.0,46833594083.509995
2021-12-17,600009,42.84,42.86,42.05,42.15,14249507.0,622499313.0,46090030133.549995
2021-12-20,600009,41.95,42.62,41.78,42.02,9050415.0,394278172.0,45947878201.94
2021-12-21,600009,41.92,42.74,41.78,42.59,9457746.0,415654667.0,46571159748.23
2021-12-22,600009,43.19,43.7,42.63,42.64,9496265.0,422543185.0,46625833568.08
2021-12-23,600009,42.75,43.04,42.1,42.41,7588063.0,333267981.0,46374333996.77
2021-12-24,600009,42.25,43.13,42.18,43.09,9689223.0,428539579.0,47117897946.73
2021-12-27,600009,43.21,44.71,43.2,44.46,19564066.0,892778308.0,48615960610.62
2021-12-28,600009,44.47,44.68,43.84,44.17,9145004.0,418212401.0,48298852455.490005
2021-12-29,600009,44.17,45.43,44.0,44.95,19435397.0,903965822.0,49151764045.15
2021-12-30,600009,44.76,46.24,44.39,45.81,18387834.0,866309066.0,50092153746.57
2021-12-31,600009,46.06,46.08,45.06,45.14,9786408.0,459332967.0,49359524560.58
2022-01-04,600009,44.86,47.08,44.76,46.91,20690755.0,991329163.0,51294977783.27
2022-01-05,600009,46.87,48.63,46.71,47.22,25367845.0,1251106912.0,51633955466.34
2022-01-06,600009,47.56,47.76,46.41,47.37,15102053.0,736331684.0,51797976925.89
2022-01-07,600009,47.37,48.82,47.0,48.33,22984897.0,1147374256.0,52847714267.009995
2022-01-10,600009,47.03,48.62,46.6,48.33,13856447.0,688301366.0,52847714267.009995
2022-01-11,600009,48.15,48.97,47.82,47.96,13213088.0,661509649.0,52443128000.12
2022-01-12,600009,47.96,49.24,47.62,48.09,9747602.0,488283778.0,52585279931.73
2022-01-13,600009,48.08,48.93,47.5,47.64,11107692.0,553151387.0,52093215553.08
2022-01-14,600009,47.39,48.11,46.68,47.11,12135246.0,593417795.0,51513673062.67
2022-01-17,600009,47.13,47.4,46.2,46.7,12817395.0,616839461.0,51065347739.9
2022-01-18,600009,46.6,48.09,46.24,47.73,14158261.0,688775004.0,52191628428.81
2022-01-19,600009,47.44,48.29,47.02,48.02,10817690.0,534549388.0,52508736583.94
2022-01-20,600009,47.93,50.16,47.78,49.35,19441306.0,994352533.0,53963060191.950005
2022-01-21,600009,50.27,53.5,50.27,51.13,42776258.0,2307744973.0,55909448178.61
2022-01-24,600009,51.0,51.7,50.46,50.59,24352039.0,1284470779.0,55318970924.23
2022-01-25,600009,50.28,51.8,50.18,50.27,24570422.0,1295057435.0,54969058477.19
2022-01-26,600009,50.56,50.9,48.78,49.13,17985102.0,920990741.0,53722495384.61
2022-01-27,600009,48.44,49.48,48.05,48.13,14785780.0,746468282.0,52629018987.61
2022-01-28,600009,47.72,49.79,47.39,48.81,14195401.0,713443702.0,53372582937.57
2022-02-07,600009,49.6,51.13,48.93,50.47,19848523.0,1028776989.0,55187753756.59
2022-02-08,600009,50.78,52.45,50.76,52.36,23800042.0,1274503365.0,57254424146.92
2022-02-09,600009,52.84,54.41,52.13,53.85,25733410.0,1424108893.0,58883703978.450005
2022-02-10,600009,53.57,56.07,53.43,55.87,26782543.0,1534741915.0,61092526300.39
2022-02-11,600009,55.85,57.12,54.72,55.49,27402218.0,1578862085.0,60677005269.53
2022-02-14,600009,56.06,56.85,54.54,55.54,15345755.0,879692308.0,60731679089.38
2022-02-15,600009,55.11,55.12,53.3,53.75,19927372.0,1108841217.0,58774356338.75
2022-02-16,600009,53.87,55.2,53.17,54.26,13427541.0,751290347.0,59332029301.22
2022-02-17,600009,54.08,54.08,52.88,53.37,15329463.0,845239246.0,58358835307.89
2022-02-18,600009,53.08,55.22,52.88,54.99,15364896.0,867454707.0,60130267071.03
2022-02-21,600009,54.24,54.91,53.66,54.8,9080805.0,511102746.0,59922506555.6
2022-02-22,600009,54.09,54.37,53.18,53.66,11664691.0,648924825.0,58675943463.02
2022-02-23,600009,53.46,54.04,52.06,52.5,18474211.0,1004925378.0,57407510842.5
2022-02-24,600009,52.22,52.4,50.22,51.04,20160556.0,1066203414.0,55811035302.88
2022-02-25,600009,51.7,52.06,50.69,51.22,10607210.0,560842177.0,56007861054.34
2022-02-28,600009,50.85,50.85,49.91,50.61,11653101.0,608121357.0,55340840452.17
2022-03-01,600009,50.61,52.58,50.47,52.36,13803326.0,739825203.0,57254424146.92
2022-03-02,600009,51.89,52.77,51.15,52.23,11625031.0,625105434.0,57112272215.31
2022-03-03,600009,52.93,54.99,52.41,54.62,24631241.0,1377050777.0,59725680804.14
2022-03-04,600009,54.1,54.42,53.28,53.61,12121229.0,674800378.0,58621269643.17
2022-03-07,600009,53.15,53.15,48.89,49.33,25409046.0,1318165988.0,53941190664.009995
2022-03-08,600009,49.3,51.0,48.29,48.32,19249464.0,982221997.0,52836779503.04
2022-03-09,600009,48.46,49.25,46.18,48.74,17291427.0,858867736.0,53296039589.78
2022-03-10,600009,49.32,50.45,49.01,49.75,13184762.0,676815272.0,54400450750.75
2022-03-11,600009,48.82,50.56,47.35,49.58,20407757.0,1028549896.0,54214559763.259995
2022-03-14,600009,47.08,47.9,45.45,45.46,28222292.0,1357964153.0,49709437007.62
2022-03-15,600009,45.25,46.33,44.0,44.2,19764081.0,918519658.0,48331656747.4
2022-03-16,600009,45.44,48.48,45.44,48.24,26913081.0,1301269169.0,52749301391.28
2022-03-17,600009,49.37,50.9,48.21,50.0,26369638.0,1357036746.0,54673819850.0
2022-03-18,600009,49.61,51.32,49.55,50.94,20679082.0,1083194880.0,55701687663.18
2022-03-21,600009,50.45,50.96,50.01,50.85,12407123.0,648442804.0,55603274787.450005
2022-03-22,600009,49.28,50.76,49.25,50.03,13264220.0,687768749.0,54706624141.91
2022-03-23,600009,49.94,50.24,48.63,49.6,12604788.0,642054209.0,54236429291.200005
2022-03-24,600009,49.5,49.95,48.45,48.84,7365460.0,374183772.0,53405387229.48
2022-03-25,600009,49.11,49.16,46.97,47.09,13202196.0,648432510.0,51491803534.73
2022-03-28,600009,45.68,47.29,45.64,46.95,13057002.0,627770133.0,51338716839.15
2022-03-29,600009,46.87,48.33,46.61,47.37,8323631.0,409129271.0,51797976925.89
2022-03-30,600009,47.86,49.04,46.99,48.85,10059352.0,502108349.0,53416321993.450005
2022-03-31,600009,48.53,49.11,47.13,47.57,10034651.0,496443441.0,52016672205.29
2022-04-01,600009,47.28,49.51,46.99,49.01,14285696.0,721518104.0,53591278216.97
2022-04-06,600009,48.42,50.2,48.35,49.45,15644954.0,798479174.0,54072407831.65
2022-04-07,600009,49.02,49.97,48.54,48.75,12177125.0,618947780.0,53306974353.75
2022-04-11,600009,48.59,48.63,46.09,46.4,16471859.0,801532766.0,50737304820.799995
2022-04-12,600009,46.42,50.99,46.42,50.66,24520187.0,1244852713.0,55395514272.02
2022-04-13,600009,49.98,50.27,48.29,49.23,18963473.0,968370917.0,53831843024.31
2022-04-14,600009,49.8,51.75,49.21,50.27,16747597.0,874402951.0,54969058477.19
2022-04-15,600009,49.89,51.41,49.43,50.96,12614621.0,662351820.0,55723557191.12
2022-04-18,600009,50.28,50.82,49.45,50.09,12289866.0,636667439.0,54772232725.73
2022-04-19,600009,49.9,50.27,47.93,48.48,16589594.0,834868911.0,53011735726.56
2022-04-20,600009,48.5,49.86,48.19,49.31,12384593.0,628628708.0,53919321136.07
2022-04-21,600009,48.87,50.53,48.64,49.11,16195492.0,829367695.0,53700625856.67
2022-04-22,600009,48.82,49.79,47.57,49.55,14661712.0,742072141.0,54181755471.35
2022-04-25,600009,48.34,48.36,46.92,46.92,15869155.0,780996672.0,51305912547.240005
2022-04-26,600009,46.98,47.53,45.54,46.39,14011269.0,675025693.0,50726370056.83
2022-04-27,600009,46.0,48.77,45.74,48.74,14972620.0,730161020.0,53296039589.78
2022-04-28,600009,48.23,48.62,45.73,46.52,17024347.0,827858037.0,50868521988.44
2022-04-29,600009,46.21,48.34,45.25,47.76,16179570.0,784583029.0,52224432720.72
2022-05-05,600009,47.5,49.62,46.58,49.6,18501826.0,932088645.0,54236429291.200005
2022-05-06,600009,48.05,48.15,46.3,46.61,19331065.0,940018325.0,50966934864.17
2022-05-09,600009,46.21,47.14,45.43,45.68,11823420.0,563430634.0,49950001814.96
2022-05-10,600009,45.15,45.66,44.23,45.55,15252149.0,709370573.0,49807849883.35
2022-05-11,600009,45.56,47.15,45.56,46.09,18782202.0,901330788.0,50398327137.73
2022-05-12,600009,45.58,45.81,44.28,44.86,18077876.0,838953366.0,49053351169.42
2022-05-13,600009,44.29,45.39,44.23,45.29,15109640.0,699866550.0,49523546020.13
2022-05-16,600009,46.01,46.74,45.21,46.25,16906638.0,804189256.0,50573283361.25
2022-05-17,600009,45.88,46.55,45.54,46.45,12801610.0,611011498.0,50791978640.65
2022-05-18,600009,46.48,46.86,45.34,45.54,10376599.0,491917841.0,49796915119.38
2022-05-19,600009,44.79,45.38,44.52,45.2,7411147.0,344626871.0,49425133144.4
2022-05-20,600009,45.23,46.36,45.23,46.17,14755199.0,700509851.0,50485805249.490005
2022-05-23,600009,46.17,46.17,45.11,45.79,10928700.0,515951088.0,50070284218.63
2022-05-24,600009,46.08,46.89,45.6,45.69,15463711.0,739597946.0,49960936578.93
2022-05-25,600009,45.45,47.72,45.2,47.57,23847806.0,1158030260.0,52016672205.29
2022-05-26,600009,47.22,48.24,47.18,47.71,13427875.0,662719416.0,52169758900.87
2022-05-27,600009,48.13,48.24,46.89,47.42,9712826.0,477181347.0,51852650745.740005
2022-05-30,600009,48.19,48.94,47.97,48.35,15507549.0,776898017.0,52869583794.950005
2022-05-31,600009,48.52,49.47,47.97,48.74,15032325.0,755521570.0,53296039589.78
2022-06-01,600009,48.74,49.28,46.87,47.27,16141244.0,795437998.0,51688629286.19
2022-06-02,600009,47.29,47.46,46.53,46.88,10322344.0,499757435.0,51262173491.36
2022-06-06,600009,46.79,47.27,45.93,47.27,11324683.0,547125348.0,51688629286.19
2022-06-07,600009,47.33,47.79,46.71,46.99,11442141.0,557218340.0,51382455895.03
2022-06-08,600009,46.99,47.76,46.84,47.51,11473166.0,561025892.0,51951063621.47
2022-06-09,600009,47.29,47.69,46.99,47.29,11087402.0,542668275.0,51710498814.13
2022-06-10,600009,46.74,47.08,45.95,46.6,19143510.0,916122560.0,50956000100.200005
2022-06-13,600009,46.12,46.18,45.44,45.73,14697344.0,694362565.0,50004675634.81
2022-06-14,600009,45.35,46.12,45.25,46.08,9660702.0,456180069.0,50387392373.759995
2022-06-15,600009,46.02,46.89,45.76,46.02,17573504.0,841755312.0,50321783789.94
2022-06-16,600009,46.02,46.59,45.8,46.31,12649280.0,604289443.0,50638891945.07
2022-06-17,600009,46.06,46.41,45.61,46.39,13227347.0,630249548.0,50726370056.83
2022-06-20,600009,46.63,48.73,46.61,48.19,26080279.0,1286467419.0,52694627571.43
2022-06-21,600009,48.34,49.29,47.81,48.43,19056567.0,958532824.0,52957061906.71
2022-06-22,600009,48.67,48.8,47.38,47.54,9982216.0,494273999.0,51983867913.38
2022-06-23,600009,47.63,47.94,47.1,47.56,10575791.0,519639457.0,52005737441.32
2022-06-24,600009,47.56,48.9,46.97,48.33,15363457.0,760764898.0,52847714267.009995
2022-06-27,600009,48.81,51.66,48.81,50.34,33439613.0,1748985604.0,55045601824.98
2022-06-28,600009,50.35,55.38,49.98,54.63,46366396.0,2531541703.0,59736615568.11
2022-06-29,600009,54.61,55.8,53.6,53.8,31018433.0,1752461469.0,58829030158.6
2022-06-30,600009,55.2,55.66,54.1,54.82,27387809.0,1555335949.0,59944376083.54
2022-07-01,600009,54.3,54.36,52.01,52.35,21314416.0,1162342947.0,57243489382.950005
2022-07-04,600009,52.37,53.17,51.34,51.92,17914784.0,961163161.0,56773294532.240005
2022-07-05,600009,52.04,52.29,51.35,51.67,13044449.0,698295282.0,56499925432.990005
2022-07-06,600009,51.3,51.46,50.22,50.47,13863818.0,725995417.0,55187753756.59
2022-07-07,600009,49.99,50.74,49.85,50.01,13146299.0,681969025.0,54684754613.97
2022-07-08,600009,50.9,51.76,49.76,49.81,14417294.0,752524164.0,54466059334.57
2022-07-11,600009,48.87,49.4,48.22,48.62,14234587.0,715598620.0,53164822422.14
2022-07-12,600009,48.5,49.3,48.42,48.87,11400268.0,577181773.0,53438191521.39
2022-07-13,600009,49.11,50.09,48.97,49.33,10801329.0,553361427.0,53941190664.009995
2022-07-14,600009,49.22,51.56,48.92,50.57,18823608.0,984492116.0,55297101396.29
2022-07-15,600009,50.45,51.14,49.9,50.08,12730493.0,665804913.0,54761297961.759995
2022-07-18,600009,49.79,50.18,49.15,49.53,10476252.0,536946958.0,54159885943.41
2022-07-19,600009,49.69,50.07,49.12,49.53,8982203.0,458881357.0,54159885943.41
2022-07-20,600009,49.71,50.73,49.6,49.86,9022793.0,468234398.0,54520733154.42
2022-07-21,600009,49.78,50.08,49.23,49.29,7457285.0,382221858.0,53897451608.13
2022-07-22,600009,49.31,51.18,49.11,50.61,14631907.0,765225683.0,55340840452.17
2022-07-25,600009,50.63,50.63,49.58,49.84,8013157.0,414405266.0,54498863626.48
2022-07-26,600009,50.22,52.22,50.2,51.0,18044427.0,956127251.0,55767296247.0
2022-07-27,600009,50.53,52.14,50.48,51.36,11548970.0,614364475.0,56160947749.92
2022-07-28,600009,51.63,52.69,51.46,51.65,13697014.0,738670889.0,56478055905.049995
2022-07-29,600009,51.43,51.43,49.13,49.87,18983172.0,978880285.0,54531667918.39
2022-08-01,600009,49.88,54.41,49.88,52.98,33459326.0,1829752992.0,57932379513.06
2022-08-02,600009,52.36,54.43,51.45,53.57,31398118.0,1740430516.0,58577530587.29
2022-08-03,600009,53.57,54.79,53.1,53.73,24053685.0,1348220955.0,58752486810.81
2022-08-04,600009,54.04,55.34,53.19,55.05,23967216.0,1354445353.0,60195875654.85
2022-08-05,600009,55.54,55.74,53.95,54.74,15048408.0,851038891.0,59856897971.78
2022-08-08,600009,53.47,55.86,53.15,55.13,14975045.0,853729079.0,60283353766.61
2022-08-09,600009,55.09,55.38,54.32,55.09,10829704.0,615640109.0,60239614710.73
2022-08-10,600009,55.08,55.58,53.84,54.03,12353716.0,695430796.0,59080529729.91
2022-08-11,600009,54.18,55.2,53.23,54.87,10931916.0,613308795.0,59999049903.39
2022-08-12,600009,55.59,56.55,54.72,56.07,13576596.0,784068515.0,61311221579.79
2022-08-15,600009,55.67,55.67,54.74,54.88,9774293.0,556607373.0,60009984667.36
2022-08-16,600009,54.82,55.74,54.8,55.15,6857355.0,391717108.0,60305223294.549995
2022-08-17,600009,55.15,57.04,54.96,55.58,8547709.0,495457221.0,60775418145.259995
2022-08-18,600009,55.25,55.57,53.88,54.82,12142822.0,685663704.0,59944376083.54
2022-08-19,600009,54.86,55.01,54.4,54.57,6571884.0,371440118.0,59671006984.29
2022-08-22,600009,54.49,55.01,53.95,54.24,13117329.0,737431136.0,59310159773.28
2022-08-23,600009,54.17,55.12,53.2,54.16,9251916.0,515844125.0,59222681661.52
2022-08-24,600009,54.34,55.08,53.88,54.31,7387277.0,416453118.0,59386703121.07
2022-08-25,600009,54.2,55.86,54.05,55.77,9647189.0,551278522.0,60983178660.69
2022-08-26,600009,55.98,58.13,55.67,55.85,17170904.0,1009247513.0,61070656772.450005
2022-08-29,600009,55.4,55.97,54.34,55.16,9452025.0,538159144.0,60316158058.52
2022-08-30,600009,55.1,55.2,54.1,54.45,7166603.0,405223662.0,59539789816.65
2022-08-31,600009,54.62,55.96,54.12,54.55,13009481.0,740505558.0,59649137456.35
2022-09-01,600009,54.43,54.62,52.73,52.95,12018189.0,665281904.0,57899575221.15
2022-09-02,600009,53.1,53.65,52.53,53.25,5978139.0,327704007.0,58227618140.25
2022-09-05,600009,53.09,53.49,52.36,53.26,5909135.0,324207318.0,58238552904.22
2022-09-06,600009,53.69,55.36,53.09,55.19,11216531.0,633799482.0,60348962350.43
2022-09-07,600009,55.19,56.19,54.81,55.11,10420590.0,595744004.0,60261484238.67
2022-09-08,600009,55.59,57.22,55.23,56.77,12235560.0,717280426.0,62076655057.69
2022-09-09,600009,56.36,57.32,56.14,57.09,7765208.0,456954181.0,62426567504.73
2022-09-13,600009,57.14,58.06,56.63,57.47,9411264.0,561080715.0,62842088535.59
2022-09-14,600009,56.07,57.56,55.77,56.78,7194444.0,423103964.0,62087589821.66
2022-09-15,600009,56.78,57.81,56.02,56.45,7198691.0,421844294.0,61726742610.65
2022-09-16,600009,56.41,57.06,55.55,55.89,7991722.0,464204867.0,61114395828.33
2022-09-19,600009,55.62,58.86,55.27,58.27,20861063.0,1251554135.0,63716869653.19
2022-09-20,600009,58.35,58.64,57.66,58.35,8550339.0,514650210.0,63804347764.950005
2022-09-21,600009,58.6,58.97,57.77,57.92,9109387.0,549925457.0,63334152914.240005
2022-09-22,600009,57.36,58.01,56.59,57.29,7434761.0,440428609.0,62645262784.13
2022-09-23,600009,57.37,58.48,56.85,57.48,7880487.0,469462019.0,62853023299.56
2022-09-26,600009,57.33,59.65,57.29,57.86,12751731.0,773033185.0,63268544330.42
2022-09-27,600009,57.36,60.51,57.36,60.36,18419205.0,1133557935.0,66002235322.92
2022-09-28,600009,59.75,60.98,58.52,58.87,13451829.0,825026219.0,64372955491.39
2022-09-29,600009,58.88,58.95,56.67,57.28,15618746.0,927270907.0,62634328020.16
2022-09-30,600009,57.15,57.16,54.72,55.86,17128376.0,990612178.0,61081591536.42
2022-10-10,600009,55.2,57.36,55.01,55.59,9798718.0,569808813.0,60786352909.23
2022-10-11,600009,55.98,56.15,53.17,55.76,17080360.0,966330766.0,60972243896.72
2022-10-12,600009,54.62,54.82,52.3,53.75,21718348.0,1198259704.0,58774356338.75
2022-10-13,600009,53.28,55.08,53.09,54.34,12452317.0,699414596.0,59419507412.98
2022-10-14,600009,54.17,55.44,53.3,53.95,15646543.0,879626934.0,58993051618.15
2022-10-17,600009,53.66,56.07,53.52,56.02,11225271.0,641991400.0,61256547759.94
2022-10-18,600009,57.04,58.82,54.99,55.25,13775904.0,799471473.0,60414570934.25
2022-10-19,600009,55.41,56.16,54.44,54.79,7264846.0,415324959.0,59911571791.63
2022-10-20,600009,54.34,57.0,53.75,54.91,14959644.0,855934443.0,60042788959.27
2022-10-21,600009,54.33,56.15,53.26,55.44,10899619.0,620985845.0,60622331449.68
2022-10-24,600009,55.21,55.88,52.4,52.8,15177509.0,844439465.0,57735553761.6
2022-10-25,600009,52.3,55.66,52.3,54.64,11563567.0,650435019.0,59747550332.08
2022-10-26,600009,54.76,56.65,54.76,55.44,11769235.0,678039754.0,60622331449.68
2022-10-27,600009,55.65,56.31,54.72,54.87,8922718.0,510815272.0,59999049903.39
2022-10-28,600009,54.88,55.67,53.95,54.37,9113571.0,515958403.0,59452311704.89
2022-10-31,600009,54.13,54.28,50.84,51.61,18275598.0,987215219.0,56434316849.17
2022-11-01,600009,51.64,56.07,50.41,56.07,21670671.0,1209112430.0,61311221579.79
2022-11-02,600009,55.31,59.88,55.15,57.78,37869897.0,2263656650.0,63181066218.66
2022-11-03,600009,56.91,57.48,55.9,56.62,15180325.0,889403590.0,61912633598.14
2022-11-04,600009,56.64,60.21,56.56,58.59,21353909.0,1295929600.0,64066782100.23
2022-11-07,600009,57.23,58.11,56.75,57.58,13073499.0,775512952.0,62962370939.259995
2022-11-08,600009,57.26,58.67,56.71,57.0,9314702.0,550897886.0,62328154629.0
2022-11-09,600009,56.94,58.1,56.52,56.97,5975730.0,354559873.0,62295350337.09
2022-11-10,600009,56.44,57.91,56.14,57.61,12895150.0,762517993.0,62995175231.17
2022-11-11,600009,59.28,59.88,54.22,55.33,47728552.0,2779920927.0,60502049046.009995
2022-11-14,600009,55.11,55.11,51.65,52.03,43849601.0,2392605129.0,56893576935.91
2022-11-15,600009,52.16,54.03,52.04,53.68,22609573.0,1242299447.0,58697812990.96
2022-11-16,600009,53.8,54.17,52.71,52.9,13662883.0,753176866.0,57844901401.299995
2022-11-17,600009,52.58,53.17,52.22,52.87,11790370.0,643181871.0,57812097109.39
2022-11-18,600009,52.69,53.03,51.58,51.97,15085900.0,813159555.0,56827968352.09
2022-11-21,600009,51.21,51.22,50.02,50.5,16070682.0,839809732.0,55220558048.5
2022-11-22,600009,50.47,50.93,50.16,50.63,9515455.0,498003624.0,55362709980.11
2022-11-23,600009,50.3,50.61,49.52,50.37,13148388.0,679680543.0,55078406116.89
2022-11-24,600009,49.6,50.52,49.6,49.72,9461006.0,488192487.0,54367646458.84
2022-11-25,600009,49.55,50.04,49.43,49.99,7134486.0,367890874.0,54662885086.03
2022-11-28,600009,49.39,52.04,48.82,51.63,21108565.0,1110895251.0,56456186377.11
2022-11-29,600009,51.43,53.91,51.05,53.69,30995048.0,1697726168.0,58708747754.93
2022-11-30,600009,53.41,53.64,51.87,53.64,15890812.0,870658038.0,58654073935.08
2022-12-01,600009,55.11,55.59,52.19,52.45,27247008.0,1498947807.0,57352837022.65
2022-12-02,600009,52.3,52.54,51.46,51.93,17203071.0,922394089.0,56784229296.21
2022-12-05,600009,53.06,54.48,52.41,53.46,26840258.0,1487321973.0,58457248183.62
2022-12-06,600009,52.99,55.15,52.98,54.55,26558067.0,1495792188.0,59649137456.35
2022-12-07,600009,55.0,57.04,54.56,55.25,36180205.0,2077152301.0,60414570934.25
2022-12-08,600009,55.68,56.36,55.11,55.97,23658713.0,1364909782.0,61201873940.09
2022-12-09,600009,56.24,57.43,55.47,56.32,16835806.0,979525807.0,61584590679.04
2022-12-12,600009,56.73,58.18,56.4,57.01,28278742.0,1681992260.0,62339089392.97
2022-12-13,600009,57.15,58.64,56.39,57.05,21114425.0,1254176300.0,62382828448.85
2022-12-14,600009,56.94,58.64,56.91,58.1,21056010.0,1265333754.0,63530978665.700005
2022-12-15,600009,58.49,58.82,57.43,57.73,17707632.0,1059918290.0,63126392398.81
2022-12-16,600009,57.52,58.49,57.23,58.39,14293117.0,858259660.0,63848086820.83
2022-12-19,600009,58.38,59.1,57.36,58.2,14402799.0,867702535.0,63640326305.4
2022-12-20,600009,57.91,57.99,55.78,55.97,20513923.0,1196725036.0,61201873940.09
2022-12-21,600009,56.05,57.96,56.05,57.56,18939864.0,1123231632.0,62940501411.32
2022-12-22,600009,57.81,58.12,57.09,57.47,10747646.0,641178587.0,62842088535.59
2022-12-23,600009,57.21,58.5,57.01,57.65,10408864.0,622103552.0,63038914287.049995
2022-12-26,600009,57.6,59.09,57.04,57.43,15739943.0,943276659.0,62798349479.71
2022-12-27,600009,58.39,58.48,56.15,57.33,18157182.0,1076693334.0,62689001840.009995
2022-12-28,600009,57.02,57.81,56.04,56.17,16906344.0,991004857.0,61420569219.490005
2022-12-29,600009,56.17,56.35,55.13,55.5,13515878.0,775530076.0,60687940033.5
2022-12-30,600009,55.56,56.02,55.2,55.79,10167427.0,585486063.0,61005048188.63
2023-01-03,600009,55.65,55.65,54.19,54.38,22797633.0,1288989769.0,59463246468.86
2023-01-04,600009,54.41,54.61,53.66,54.56,13860215.0,777752785.0,59660072220.32
2023-01-05,600009,54.57,56.74,54.25,56.4,22588812.0,1308963830.0,61672068790.799995
2023-01-06,600009,56.27,56.33,54.55,55.11,18506391.0,1055987619.0,60261484238.67
2023-01-09,600009,55.26,56.73,55.1,56.59,19230649.0,1115457986.0,61879829306.23
2023-01-10,600009,56.58,56.58,55.31,56.07,13731673.0,793747863.0,61311221579.79
2023-01-11,600009,55.98,55.98,54.82,55.26,15597342.0,890557578.0,60425505698.22
2023-01-12,600009,55.11,55.88,55.08,55.19,10781199.0,616570762.0,60348962350.43
2023-01-13,600009,55.38,56.35,55.22,56.07,13745095.0,795092119.0,61311221579.79
2023-01-16,600009,58.97,61.68,58.93,60.91,65531404.0,4134658862.0,66603647341.27
2023-01-17,600009,61.09,61.55,59.02,60.8,32977342.0,2055312468.0,66483364937.6
2023-01-18,600009,60.8,61.76,60.33,61.08,12051600.0,760935255.0,66789538328.759995
2023-01-19,600009,61.29,61.56,59.36,59.78,19732052.0,1223017908.0,65368019012.66
2023-01-20,600009,59.94,60.88,59.7,59.93,9933152.0,616310646.0,65532040472.21
2023-01-30,600009,60.77,60.87,58.48,58.97,21288301.0,1307068580.0,64482303131.09
2023-01-31,600009,59.16,59.35,58.35,58.49,13917948.0,844744894.0,63957434460.53
2023-02-01,600009,58.87,59.19,57.92,58.48,12862344.0,774974109.0,63946499696.56
2023-02-02,600009,58.59,59.18,58.19,58.5,16376777.0,993647627.0,63968369224.5
2023-02-03,600009,58.51,58.99,57.96,58.75,12083734.0,731703055.0,64241738323.75
2023-02-06,600009,58.66,59.39,58.08,58.97,10978857.0,668217528.0,64482303131.09
2023-02-07,600009,59.23,59.36,58.2,58.32,9717720.0,589325043.0,63771543473.04
2023-02-08,600009,58.59,59.44,58.33,58.83,9451001.0,575548632.0,64329216435.509995
2023-02-09,600009,58.83,59.34,58.22,58.59,12085351.0,733918982.0,64066782100.23
2023-02-10,600009,58.35,59.19,57.64,58.49,11398732.0,686664088.0,63957434460.53
2023-02-13,600009,58.49,59.86,57.8,59.74,17624844.0,1081073110.0,65324279956.78
2023-02-14,600009,59.8,60.57,59.56,60.46,11756195.0,731117648.0,66111582962.62
2023-02-15,600009,60.61,60.67,59.37,59.73,7896363.0,488364131.0,65313345192.81
2023-02-16,600009,59.75,60.76,58.77,59.23,12393465.0,768536927.0,64766606994.31
2023-02-17,600009,59.29,60.27,58.2,58.25,10761655.0,656176944.0,63695000125.25
2023-02-20,600009,58.93,59.8,58.54,59.52,10020219.0,615304600.0,65083715149.44
2023-02-21,600009,59.46,59.7,58.01,58.4,13799181.0,834507705.0,63859021584.799995
2023-02-22,600009,58.02,58.5,57.68,57.81,8695628.0,520447482.0,63213870510.57
2023-02-23,600009,57.8,57.98,56.85,57.12,12256200.0,724107115.0,62459371796.64
2023-02-24,600009,57.06,57.2,56.46,56.71,7556887.0,443703666.0,62011046473.87
2023-02-27,600009,56.37,56.84,55.89,56.8,9681905.0,564249620.0,62109459349.6
2023-02-28,600009,56.89,57.09,56.25,56.69,6756531.0,396108721.0,61989176945.93
2023-03-01,600009,56.69,57.22,56.56,56.87,6757999.0,397858003.0,62186002697.39
2023-03-02,600009,56.92,57.5,56.85,56.94,7648934.0,452125066.0,109721014029.12
2023-03-03,600009,56.98,57.67,56.92,57.47,8512428.0,504872340.0,110742302006.56
2023-03-06,600009,57.47,57.93,56.73,56.94,9726547.0,574411643.0,109721014029.12
2023-03-07,600009,56.82,57.18,56.01,56.03,7627894.0,445869062.0,107967481841.44
2023-03-08,600009,55.99,56.56,55.28,56.4,6347304.0,368058068.0,108680456467.2
2023-03-09,600009,56.35,56.69,55.82,56.12,7384593.0,428150999.0,108140908101.76
2023-03-10,600009,55.38,56.19,54.77,55.0,10763780.0,613896092.0,105982714640.0
2023-03-13,600009,54.96,55.92,54.83,55.83,8443658.0,484900957.0,107582090151.84
2023-03-14,600009,55.82,55.93,54.91,55.43,7022214.0,402786765.0,106811306772.64
2023-03-15,600009,55.72,56.64,55.14,55.25,8192377.0,472459916.0,106464454252.0
2023-03-16,600009,55.01,55.61,53.8,54.21,10833252.0,610024552.0,104460417466.08
2023-03-17,600009,54.39,54.97,53.44,53.7,10447157.0,584195349.0,103477668657.6
2023-03-20,600009,53.46,53.46,52.52,52.66,12182625.0,667208990.0,101473631871.68
2023-03-21,600009,52.98,54.42,52.75,54.26,11668210.0,647325959.0,104556765388.48
2023-03-22,600009,54.31,54.54,53.69,54.01,6624774.0,370230402.0,104075025776.48
2023-03-23,600009,53.75,53.84,52.99,53.64,10669091.0,587596474.0,103362051150.72
2023-03-24,600009,53.54,53.94,52.9,53.01,9622065.0,530166147.0,102148067328.48
2023-03-27,600009,53.04,53.32,52.34,53.24,13354787.0,728489730.0,102591267771.52
2023-03-28,600009,53.31,53.55,52.25,52.39,10027483.0,545871256.0,100953353090.72
2023-03-29,600009,52.39,53.29,52.35,52.73,8221526.0,449758541.0,101608518963.04
2023-03-30,600009,52.8,54.41,52.8,54.33,14075279.0,782683078.0,104691652479.84
2023-03-31,600009,54.33,54.57,53.77,53.88,9277891.0,518457693.0,103824521178.24
2023-04-03,600009,53.95,55.11,53.61,54.59,12567006.0,707550197.0,105192661676.32
2023-04-04,600009,54.55,55.73,54.36,55.33,14122096.0,806424356.0,106618610927.84
2023-04-06,600009,55.32,55.53,54.82,55.11,8320990.0,474282295.0,106194680069.28
2023-04-07,600009,55.12,55.39,54.78,55.16,6764800.0,386108951.0,106291027991.68
2023-04-10,600009,55.16,55.19,54.3,54.42,8002599.0,451345543.0,104865078740.16
2023-04-11,600009,54.34,54.66,53.96,54.61,7388382.0,415844138.0,105231200845.28
2023-04-12,600009,54.54,54.62,53.66,53.81,8177330.0,455947691.0,103689634086.88
2023-04-13,600009,53.66,54.02,53.24,53.93,7494016.0,414996372.0,103920869100.64
2023-04-14,600009,54.06,54.1,52.84,53.09,11720995.0,644408712.0,102302224004.32
2023-04-17,600009,53.12,54.03,53.12,53.76,10799837.0,598799474.0,103593286164.48
2023-04-18,600009,53.92,53.94,52.87,53.45,8127049.0,448711303.0,102995929045.6
2023-04-19,600009,53.73,53.73,52.89,53.45,10458775.0,576963316.0,102995929045.6
2023-04-20,600009,53.51,53.84,52.78,53.04,9052975.0,497852745.0,102205876081.92
2023-04-21,600009,53.05,53.1,51.87,51.95,10837638.0,586752474.0,100105491373.6
2023-04-24,600009,51.92,51.94,50.25,50.75,13851444.0,728200520.0,97793141236.0
2023-04-25,600009,50.8,51.42,49.32,50.46,11754327.0,609841747.0,97234323286.08
2023-04-26,600009,50.47,51.31,50.47,51.19,7633880.0,403123769.0,98641002953.12
2023-04-27,600009,51.33,51.72,50.72,51.12,6785079.0,358649583.0,98506115861.76
2023-04-28,600009,51.24,51.92,50.78,51.92,9641185.0,513025332.0,100047682620.16
2023-05-04,600009,51.92,51.92,49.87,50.16,13035963.0,681416025.0,96656235751.68
2023-05-05,600009,50.27,50.89,50.16,50.72,6446075.0,337413779.0,97735332482.56
2023-05-08,600009,50.99,51.07,49.48,49.71,12224261.0,630139050.0,95789104450.08
2023-05-09,600009,49.69,50.38,49.49,49.61,9767073.0,504235036.0,95596408605.28
2023-05-10,600009,49.6,49.69,48.35,48.58,11649540.0,587020933.0,93611641403.84
2023-05-11,600009,48.68,48.77,47.91,48.05,11071171.0,552905627.0,92590353426.4
2023-05-12,600009,48.11,48.27,47.36,47.49,7467502.0,368883096.0,91511256695.52
2023-05-15,600009,47.5,48.32,47.06,48.3,7071852.0,349316939.0,93072093038.4
2023-05-16,600009,48.29,48.51,48.05,48.27,5732928.0,286363946.0,93014284284.96
2023-05-17,600009,48.48,48.67,47.61,47.84,6362023.0,316803378.0,92185692152.32
2023-05-18,600009,47.84,48.33,47.34,47.57,6323693.0,312337023.0,91665413371.36
2023-05-19,600009,47.47,48.04,47.29,47.73,4118270.0,203219654.0,91973726723.04
2023-05-22,600009,47.77,48.93,47.48,48.62,8592258.0,430423914.0,93688719741.76
2023-05-23,600009,48.34,48.58,47.25,47.31,10212763.0,503243953.0,91164404174.88
2023-05-24,600009,47.0,47.01,45.71,45.72,13617771.0,650967243.0,88100540242.56
2023-05-25,600009,45.71,46.18,45.25,45.8,7116543.0,336270854.0,88254696918.4
2023-05-26,600009,45.84,45.92,45.1,45.71,5175700.0,243903627.0,88081270658.08
2023-05-29,600009,45.75,46.01,45.39,45.54,5455987.0,257446235.0,87753687721.92
2023-05-30,600009,45.54,45.71,44.33,45.15,12213511.0,565977880.0,87002173927.2
2023-05-31,600009,44.98,45.43,44.2,45.05,8920998.0,413078751.0,86809478082.4
2023-06-01,600009,44.91,44.91,43.55,43.62,15642062.0,712139392.0,84053927501.76
2023-06-02,600009,43.62,44.65,43.62,44.46,10267928.0,469936114.0,85672572598.08
2023-06-05,600009,44.46,44.81,43.93,44.28,6374909.0,292877224.0,85325720077.44
2023-06-06,600009,44.32,44.52,43.33,43.69,10474472.0,475916060.0,84188814593.12
2023-06-07,600009,43.69,44.96,43.63,44.32,9062402.0,415794171.0,85402798415.36
2023-06-08,600009,44.41,45.24,44.33,45.08,10140785.0,470804657.0,86867286835.84
2023-06-09,600009,45.25,45.42,44.91,45.41,10726219.0,501817529.0,87503183123.68
2023-06-12,600009,45.41,45.8,44.95,45.35,7101930.0,333426103.0,87387565616.8
2023-06-13,600009,45.16,45.54,45.0,45.25,7329428.0,342350334.0,87194869772.0
2023-06-14,600009,45.26,45.95,45.15,45.38,9306114.0,438118573.0,87445374370.24
2023-06-15,600009,45.44,46.36,45.2,46.04,8844621.0,418864755.0,88717166945.92
2023-06-16,600009,46.05,46.28,45.74,46.19,7720775.0,367878345.0,89006210713.12
2023-06-19,600009,46.35,46.96,45.83,46.24,9159127.0,438897629.0,89102558635.52
2023-06-20,600009,46.25,46.39,45.54,45.65,6369847.0,301871273.0,87965653151.2
2023-06-21,600009,45.66,46.6,45.64,45.72,8437629.0,401274365.0,88100540242.56
2023-06-26,600009,45.43,45.43,44.19,44.22,10972693.0,504976894.0,85210102570.56
2023-06-27,600009,44.22,44.93,43.85,44.86,6460635.0,298346550.0,86443355977.28
2023-06-28,600009,45.02,45.03,44.49,44.82,6115740.0,283326893.0,86366277639.36
2023-06-29,600009,44.86,44.94,43.8,43.91,9069359.0,413203912.0,84612745451.68
2023-06-30,600009,43.87,44.08,43.66,43.91,6826886.0,309920695.0,84612745451.68
2023-07-03,600009,43.94,45.96,43.94,45.48,17526316.0,820930423.0,87638070215.04
2023-07-04,600009,45.34,46.11,45.24,45.77,10058410.0,475409933.0,88196888164.96
2023-07-05,600009,45.71,45.92,45.29,45.36,5126800.0,241013056.0,87406835201.28
2023-07-06,600009,45.34,45.9,44.64,44.74,8142685.0,379915331.0,86212120963.52
2023-07-07,600009,44.56,45.09,44.5,44.96,4823773.0,223858479.0,86636051822.08
2023-07-10,600009,45.32,45.87,45.03,45.52,8554440.0,402625913.0,87715148552.96
2023-07-11,600009,45.52,45.84,45.16,45.76,6882643.0,324584327.0,88177618580.48
2023-07-12,600009,45.93,45.93,45.29,45.44,5355308.0,251933410.0,87560991877.12
2023-07-13,600009,45.62,45.73,45.26,45.36,7156658.0,336409647.0,87406835201.28
2023-07-14,600009,45.54,45.57,44.28,44.36,15874061.0,730629090.0,85479876753.28
2023-07-17,600009,44.37,44.71,44.01,44.49,6149005.0,282612521.0,85730381351.52
2023-07-18,600009,44.4,44.45,43.99,44.1,8570210.0,391655635.0,84978867556.8
2023-07-19,600009,44.07,44.1,43.41,43.5,12458490.0,561982507.0,83822692488.0
2023-07-20,600009,43.47,43.89,42.83,42.86,14331931.0,641496676.0,82589439081.28
2023-07-21,600009,42.86,43.86,42.82,43.07,11972451.0,535968395.0,82994100355.36
2023-07-24,600009,42.97,43.0,42.06,42.33,14585382.0,640984426.0,81568151103.84
2023-07-25,600009,42.93,43.46,42.75,43.27,17621535.0,786631206.0,83379492044.96
2023-07-26,600009,43.31,43.31,42.25,42.56,15767953.0,694695005.0,82011351546.88
2023-07-27,600009,42.66,43.3,42.35,42.93,14986701.0,664816956.0,82724326172.64
2023-07-28,600009,42.77,44.93,42.58,44.92,29827690.0,1357565333.0,86558973484.16
2023-07-31,600009,45.44,47.3,45.44,45.83,36159610.0,1723892396.0,88312505671.84
2023-08-01,600009,45.78,46.38,45.25,45.29,17585158.0,831245661.0,87271948109.92
2023-08-02,600009,45.15,46.13,44.81,45.54,13644742.0,643260979.0,87753687721.92
2023-08-03,600009,45.24,45.9,45.0,45.71,12503621.0,587778058.0,88081270658.08
2023-08-04,600009,46.13,46.38,45.32,45.37,11389552.0,538278401.0,87426104785.76
2023-08-07,600009,45.29,45.29,44.75,44.88,8307483.0,386002607.0,86481895146.24
2023-08-08,600009,44.91,45.01,44.39,44.61,7949210.0,367316527.0,85961616365.28
2023-08-09,600009,44.41,44.96,44.36,44.66,6471139.0,299159513.0,86057964287.68
2023-08-10,600009,45.0,46.26,44.92,46.24,23339991.0,1106214056.0,89102558635.52
2023-08-11,600009,46.27,46.75,45.54,45.56,18099273.0,863060552.0,87792226890.88
2023-08-14,600009,45.38,45.71,44.47,45.04,12928305.0,602394068.0,86790208497.92
2023-08-15,600009,45.42,45.82,44.12,44.6,12522292.0,580648690.0,85942346780.8
2023-08-16,600009,44.6,45.0,44.29,44.4,6479346.0,299287372.0,85556955091.2
2023-08-17,600009,44.37,44.67,43.96,44.57,10030151.0,460413735.0,85884538027.36
2023-08-18,600009,44.57,45.02,43.6,43.62,13918137.0,637462975.0,84053927501.76
2023-08-21,600009,43.6,43.6,39.26,39.88,80395108.0,3325142860.0,76847102906.24
2023-08-22,600009,39.5,39.51,37.99,38.75,43158238.0,1720876437.0,74669639860.0
2023-08-23,600009,38.61,38.75,37.71,37.75,19574910.0,774125436.0,72742681412.0
2023-08-24,600009,37.8,38.27,37.5,37.97,15993525.0,627014337.0,73166612270.56
2023-08-25,600009,37.76,38.27,37.42,37.8,11371493.0,445391084.0,72839029334.4
2023-08-28,600009,39.83,39.83,37.22,37.41,21562726.0,853283565.0,72087515539.68
2023-08-29,600009,37.45,38.56,37.41,38.46,15225932.0,601034618.0,74110821910.08
2023-08-30,600009,38.45,38.65,38.02,38.08,13305190.0,526059978.0,73378577699.84
2023-08-31,600009,38.13,38.51,37.9,37.93,11873199.0,468025359.0,73089533932.64
2023-09-01,600009,38.01,38.42,37.88,38.18,8775742.0,346155528.0,73571273544.64
2023-09-04,600009,38.18,38.7,37.97,38.7,15314596.0,609532510.0,74573291937.6
2023-09-05,600009,38.56,38.61,38.22,38.33,10665456.0,423234539.0,73860317311.84
2023-09-06,600009,38.23,38.27,37.91,38.12,8586506.0,338053563.0,73455656037.76
2023-09-07,600009,38.12,38.2,37.59,37.61,10133179.0,395943962.0,72472907229.28
2023-09-08,600009,37.5,37.99,37.36,37.94,8968228.0,349252664.0,73108803517.12
2023-09-11,600009,37.98,38.19,37.7,38.04,9659051.0,379744369.0,73301499361.92
2023-09-12,600009,38.08,38.13,37.81,37.87,7592499.0,297883768.0,72973916425.76
2023-09-13,600009,37.91,37.98,37.37,37.54,9877739.0,384110847.0,72338020137.92
2023-09-14,600009,37.47,37.7,36.93,37.07,12439385.0,478461225.0,71432349667.36
2023-09-15,600009,37.1,37.45,36.74,36.9,12085617.0,463324812.0,71104766731.2
2023-09-18,600009,36.85,37.54,36.79,37.18,9315165.0,358265936.0,71644315096.64
2023-09-19,600009,37.24,37.4,36.66,36.91,8709752.0,332431321.0,71124036315.68
2023-09-20,600009,36.77,36.81,36.52,36.55,7554743.0,286451638.0,70430331274.4
2023-09-21,600009,36.52,36.73,36.26,36.39,7537524.0,284421736.0,70122017922.72
2023-09-22,600009,36.27,36.92,36.2,36.89,8368860.0,316681368.0,71085497146.72
2023-09-25,600009,36.91,36.98,36.52,36.58,6641717.0,252128562.0,70488140027.84
2023-09-26,600009,36.59,36.81,36.09,36.1,9264900.0,347298079.0,69563199972.8
2023-09-27,600009,36.09,37.03,36.09,36.37,9791879.0,370376467.0,70083478753.76
2023-09-28,600009,36.41,36.72,36.06,36.63,8451965.0,318421416.0,70584487950.24
2023-10-09,600009,36.62,36.62,35.78,35.84,9753725.0,362447046.0,69062190776.32
2023-10-10,600009,35.91,36.41,35.88,35.88,7928876.0,295871081.0,69139269114.24
2023-10-11,600009,36.01,36.16,35.68,35.69,8497078.0,315036124.0,68773147009.12
2023-10-12,600009,35.91,36.29,35.81,36.09,7373655.0,274826649.0,69543930388.32
2023-10-13,600009,35.94,35.94,35.43,35.45,9199812.0,338686164.0,68310676981.600006
2023-10-16,600009,35.45,35.55,34.92,35.04,7829405.0,284161636.0,67520624017.92
2023-10-17,600009,35.09,35.21,34.88,35.12,5563241.0,201574671.0,67674780693.759995
2023-10-18,600009,35.0,35.0,34.42,34.45,8107774.0,290763259.0,66383718533.600006
2023-10-19,600009,34.28,34.6,33.96,33.99,8927761.0,315708190.0,65497317647.520004
2023-10-20,600009,33.87,34.12,33.64,33.76,7791861.0,272693528.0,65054117204.479996
2023-10-23,600009,33.76,33.88,33.22,33.43,8276110.0,286405541.0,64418220916.64
2023-10-24,600009,33.43,34.09,33.28,34.08,8053312.0,280925473.0,65670743907.84
2023-10-25,600009,34.36,35.14,34.32,34.49,10314818.0,369795224.0,66460796871.520004
2023-10-26,600009,34.32,34.8,34.19,34.71,6345418.0,226695449.0,66884727730.08
2023-10-27,600009,34.71,35.49,34.52,35.43,10910193.0,396691465.0,68272137812.64
2023-10-30,600009,35.66,36.32,35.62,36.19,14153316.0,526845767.0,69736626233.12
2023-10-31,600009,35.97,36.12,35.62,35.97,8215357.0,304402541.0,69312695374.56
2023-11-01,600009,35.78,36.14,35.67,35.86,5680653.0,210726456.0,69100729945.28
2023-11-02,600009,35.97,36.16,35.49,35.5,5381495.0,198880817.0,68407024904.0
2023-11-03,600009,35.5,36.16,35.5,36.03,7882262.0,293286829.0,69428312881.44
2023-11-06,600009,36.11,36.51,35.99,36.43,8291168.0,311144795.0,70199096260.64
2023-11-07,600009,36.25,36.37,35.95,36.18,5800291.0,216580694.0,69717356648.64
2023-11-08,600009,36.11,36.34,35.89,36.02,5342472.0,199606377.0,69409043296.96
2023-11-09,600009,36.02,36.35,35.78,35.97,5514600.0,205814203.0,69312695374.56
2023-11-10,600009,35.88,35.93,35.55,35.86,5830354.0,215354935.0,69100729945.28
2023-11-13,600009,36.04,36.28,35.78,35.95,5420050.0,201715572.0,69274156205.6
2023-11-14,600009,35.94,36.14,35.88,36.01,4404910.0,164027553.0,69389773712.48
2023-11-15,600009,36.38,36.46,35.98,36.12,6337479.0,237202801.0,69601739141.76
2023-11-16,600009,36.11,36.11,35.59,35.79,7068993.0,261551569.0,68965842853.92
2023-11-17,600009,35.79,36.29,35.68,35.76,10291370.0,382885854.0,68908034100.48
2023-11-20,600009,35.82,36.5,35.61,36.23,12820757.0,479728264.0,69813704571.04
2023-11-21,600009,36.35,36.74,36.25,36.38,9431897.0,356225866.0,70102748338.24
2023-11-22,600009,36.3,36.33,35.84,35.84,6396419.0,238546435.0,69062190776.32
2023-11-23,600009,35.78,35.94,35.64,35.9,5004788.0,185258660.0,69177808283.2
2023-11-24,600009,35.91,35.91,35.41,35.49,5590081.0,205803479.0,68387755319.520004
2023-11-27,600009,35.66,35.74,34.91,35.32,6955646.0,253130154.0,68060172383.36
2023-11-28,600009,35.31,35.49,35.01,35.41,4665594.0,170274798.0,68233598643.67999
2023-11-29,600009,35.38,35.46,34.73,34.86,6086758.0,220497688.0,67173771497.28
2023-11-30,600009,34.8,35.06,34.66,34.69,6432701.0,231828270.0,66846188561.119995
2023-12-01,600009,34.6,34.93,34.12,34.77,7738777.0,276251705.0,67000345236.96001
2023-12-04,600009,34.78,35.01,34.49,34.63,5212746.0,187464123.0,66730571054.240005
2023-12-05,600009,34.59,34.59,33.57,33.6,10986802.0,386292669.0,64745803852.8
2023-12-06,600009,33.62,33.77,33.35,33.37,10277826.0,356371919.0,64302603409.759995
2023-12-07,600009,33.28,33.35,32.69,32.86,9838993.0,334643500.0,63319854601.28
2023-12-08,600009,32.87,33.55,32.87,33.35,10462390.0,360504280.0,64264064240.8
2023-12-11,600009,33.26,33.34,32.58,33.26,10444530.0,354991516.0,64090637980.479996
2023-12-12,600009,33.11,33.34,32.93,32.97,7428108.0,254128245.0,63531820030.56
2023-12-13,600009,32.82,32.86,31.98,31.98,13564289.0,452943334.0,61624131167.04
2023-12-14,600009,32.19,32.64,31.64,31.65,8836445.0,292594591.0,60988234879.2
2023-12-15,600009,31.74,32.18,31.66,31.8,6925909.0,228358034.0,61277278646.4
2023-12-18,600009,31.71,31.71,30.96,31.04,10363318.0,334269401.0,59812790225.92
2023-12-19,600009,30.95,31.38,30.88,31.14,6067012.0,195248121.0,60005486070.72
2023-12-20,600009,31.23,31.32,30.67,30.67,6162232.0,196883091.0,59099815600.16
2023-12-21,600009,30.55,31.2,30.37,31.04,7923192.0,252797549.0,59812790225.92
2023-12-22,600009,30.99,31.67,30.76,31.22,8685200.0,280164292.0,60159642746.56
2023-12-25,600009,31.29,31.54,31.1,31.41,5488820.0,177889456.0,60525764851.68
2023-12-26,600009,31.4,31.41,30.95,31.0,3906331.0,125611111.0,59735711888.0
2023-12-27,600009,31.28,31.28,30.25,30.4,10770971.0,340696765.0,58579536819.2
2023-12-28,600009,30.26,31.89,30.12,31.76,16358860.0,529935787.0,61200200308.48
2023-12-29,600009,31.64,31.92,31.37,31.69,8593413.0,281199944.0,61065313217.12
2024-01-02,600009,31.85,31.89,31.04,31.11,7846064.0,253541002.0,59947677317.28
2024-01-03,600009,31.21,31.27,30.84,31.08,5984059.0,192097418.0,59889868563.84
2024-01-04,600009,31.03,31.05,30.45,30.62,6490787.0,205648828.0,59003467677.76
2024-01-05,600009,30.57,30.99,30.33,30.41,7167529.0,227099220.0,58598806403.68
2024-01-08,600009,30.41,30.49,29.72,29.86,7958232.0,246583954.0,57538979257.28
2024-01-09,600009,29.92,30.79,29.79,30.39,9092060.0,285003363.0,58560267234.72
2024-01-10,600009,30.21,30.74,29.86,30.41,6195534.0,194643530.0,58598806403.68
2024-01-11,600009,30.29,30.7,30.27,30.62,7295222.0,230395879.0,59003467677.76
2024-01-12,600009,30.62,31.07,30.36,30.7,8169630.0,259989631.0,59157624353.6
2024-01-15,600009,30.67,31.87,30.52,31.61,14320904.0,465730334.0,60911156541.28
2024-01-16,600009,31.52,32.37,31.35,32.16,16493987.0,546732853.0,61970983687.67999
2024-01-17,600009,32.15,32.16,31.33,31.36,10801287.0,353326016.0,60429416929.28
2024-01-18,600009,31.18,32.16,30.86,32.16,14119735.0,459798568.0,61970983687.67999
2024-01-19,600009,32.08,32.47,31.86,32.33,11806171.0,393747683.0,62298566623.84
2024-01-22,600009,32.28,32.58,31.6,31.81,14346898.0,477372552.0,61296548230.88
2024-01-23,600009,31.8,31.95,31.32,31.68,9028123.0,295530583.0,61046043632.64
2024-01-24,600009,31.8,32.53,31.3,32.41,12540388.0,414944301.0,62452723299.67999
2024-01-25,600009,32.48,33.13,32.11,33.06,17914291.0,604471780.0,63705246290.880005
2024-01-26,600009,33.09,33.52,32.8,33.2,16149712.0,553180279.0,63975020473.600006
2024-01-29,600009,33.44,34.42,33.3,34.01,23370929.0,822720907.0,65535856816.479996
2024-01-30,600009,33.59,33.8,32.66,32.79,15187457.0,520988768.0,63184967509.92
2024-01-31,600009,32.48,32.74,31.98,32.0,12372710.0,412584825.0,61662670336.0
2024-02-01,600009,31.9,32.58,31.9,32.23,9226187.0,307144749.0,62105870779.03999
2024-02-02,600009,32.23,32.48,30.94,31.98,12472930.0,411770087.0,61624131167.04
2024-02-05,600009,31.71,31.95,30.72,31.64,14089505.0,458214881.0,60968965294.72
2024-02-06,600009,31.64,33.2,31.26,33.13,14544225.0,487836134.0,63840133382.240005
2024-02-07,600009,33.13,33.66,32.66,33.5,15041264.0,517805978.0,64553108008.0
2024-02-08,600009,33.65,34.4,33.63,34.13,18127285.0,637533168.0,65767091830.240005
2024-02-19,600009,34.8,34.89,33.84,34.09,13671480.0,483378511.0,65690013492.32001
2024-02-20,600009,34.08,34.08,33.61,33.87,8489941.0,296812726.0,65266082633.759995
2024-02-21,600009,33.68,34.88,33.57,34.36,15610196.0,555012706.0,66210292273.28
2024-02-22,600009,34.36,34.59,34.01,34.27,9758383.0,345243575.0,66036866012.96001
2024-02-23,600009,34.26,34.26,33.9,34.13,8227898.0,290036126.0,65767091830.240005
2024-02-26,600009,33.95,34.11,33.55,33.69,12398553.0,433244189.0,64919230113.119995
2024-02-27,600009,33.69,34.01,33.56,33.84,9794532.0,341624018.0,65208273880.32001
2024-02-28,600009,33.89,34.49,33.65,33.7,15219438.0,535622862.0,64938499697.600006
2024-02-29,600009,33.64,34.01,33.48,34.01,13314578.0,465337721.0,65535856816.479996
2024-03-01,600009,34.01,34.03,33.6,33.77,12922699.0,450791236.0,65073386788.96001
2024-03-04,600009,33.83,34.7,33.83,34.49,18542443.0,656808822.0,66460796871.520004
2024-03-05,600009,34.32,34.35,33.9,34.2,13136831.0,463447374.0,65901978921.600006
2024-03-06,600009,34.18,34.4,34.06,34.15,8182694.0,289611009.0,65805630999.2
2024-03-07,600009,34.04,34.2,33.6,33.76,10949869.0,383032130.0,65054117204.479996
2024-03-08,600009,33.69,33.82,33.54,33.7,8305368.0,289119101.0,64938499697.600006
2024-03-11,600009,33.7,33.92,33.57,33.91,8069392.0,282143895.0,65343160971.67999
2024-03-12,600009,33.91,34.88,33.77,34.85,22242095.0,794357114.0,67154501912.8
2024-03-13,600009,34.71,35.08,34.59,34.82,10949138.0,394282853.0,67096693159.36
2024-03-14,600009,34.97,36.23,34.9,35.87,25709959.0,952217995.0,69119999529.76
2024-03-15,600009,35.95,36.25,35.67,35.93,14401626.0,535312061.0,69235617036.64
2024-03-18,600009,35.84,36.59,35.58,36.4,13322677.0,500518671.0,70141287507.2
2024-03-19,600009,36.4,36.4,35.87,35.89,10050860.0,374655661.0,69158538698.72
2024-03-20,600009,35.92,36.01,35.65,35.65,7873624.0,291375651.0,68696068671.2
2024-03-21,600009,35.67,35.87,35.22,35.3,10457049.0,383647827.0,68021633214.399994
2024-03-22,600009,35.45,35.53,35.01,35.19,10371557.0,378405137.0,67809667785.119995
2024-03-25,600009,35.07,35.65,34.89,35.25,7974726.0,291277955.0,67925285292.0
2024-03-26,600009,35.25,35.44,34.49,34.72,11279471.0,405804434.0,66903997314.56
2024-03-27,600009,34.71,34.75,33.85,33.85,11717048.0,414955039.0,65227543464.8
2024-03-28,600009,33.75,34.7,33.74,34.48,10382393.0,369568082.0,66441527287.03999
2024-03-29,600009,34.35,35.18,34.17,35.06,10292564.0,369511301.0,67559163186.880005
2024-04-01,600009,35.28,35.56,34.93,35.43,9210876.0,336245057.0,68272137812.64
2024-04-02,600009,35.44,35.92,35.29,35.52,11015883.0,405599202.0,68445564072.96001
2024-04-03,600009,35.65,35.92,35.47,35.51,8564831.0,315760299.0,68426294488.479996
2024-04-08,600009,35.44,35.52,34.9,35.02,9859077.0,359212019.0,67482084848.96001
2024-04-09,600009,35.01,35.74,34.71,34.8,10935917.0,397826885.0,67058153990.399994
2024-04-10,600009,34.66,35.11,34.44,34.74,7574505.0,272404507.0,66942536483.520004
2024-04-11,600009,34.74,34.89,34.49,34.77,6038731.0,216964172.0,67000345236.96001
2024-04-12,600009,34.81,34.99,34.24,34.27,8581253.0,306600700.0,66036866012.96001
2024-04-15,600009,34.37,35.41,34.27,35.36,12815953.0,464126936.0,68137250721.28
2024-04-16,600009,35.45,35.79,35.15,35.2,13825664.0,507703515.0,67828937369.600006
2024-04-17,600009,35.05,35.63,34.78,35.61,9478493.0,346438670.0,68618990333.28
2024-04-18,600009,35.45,36.01,35.44,35.56,11396340.0,421215390.0,68522642410.880005
2024-04-19,600009,35.44,35.44,34.91,35.09,9591155.0,348449103.0,67616971940.32001
2024-04-22,600009,35.09,35.63,35.05,35.56,8515474.0,311907225.0,68522642410.880005
2024-04-23,600009,35.56,35.62,35.09,35.24,9099833.0,331827483.0,67906015707.520004
2024-04-24,600009,35.25,35.45,34.95,35.27,7441939.0,270933229.0,67963824460.96001
2024-04-25,600009,35.27,35.96,35.19,35.76,12111093.0,446768869.0,68908034100.48
2024-04-26,600009,35.76,36.25,35.61,36.25,14325481.0,532993721.0,69852243740.0
2024-04-29,600009,36.27,36.39,35.81,36.38,18210281.0,681316406.0,70102748338.24
2024-04-30,600009,35.65,36.48,34.99,36.39,22996153.0,849199493.0,70122017922.72
2024-05-06,600009,36.59,36.6,36.11,36.22,17385217.0,652966832.0,69794434986.56
2024-05-07,600009,36.31,36.31,35.73,36.06,11908968.0,442416336.0,69486121634.88
2024-05-08,600009,35.97,36.14,35.83,35.94,6004002.0,223147212.0,69254886621.12
2024-05-09,600009,35.92,36.11,35.87,35.95,7717820.0,287216275.0,69274156205.6
2024-05-10,600009,35.98,36.03,35.59,35.76,8423722.0,311692309.0,68908034100.48
2024-05-13,600009,35.6,35.91,35.3,35.71,7304876.0,269538688.0,68811686178.08
2024-05-14,600009,35.64,35.84,35.52,35.62,5755581.0,212267463.0,68638259917.759995
2024-05-15,600009,35.49,35.51,35.08,35.09,10193853.0,371538852.0,67616971940.32001
2024-05-16,600009,35.11,35.16,34.5,34.56,13273985.0,476674494.0,66595683962.880005
2024-05-17,600009,34.47,35.19,34.41,35.18,10708436.0,386081766.0,67790398200.64
2024-05-20,600009,35.24,35.73,35.11,35.58,11277349.0,414156825.0,68561181579.84
2024-05-21,600009,35.55,35.56,34.94,35.04,9006678.0,327630242.0,67520624017.92
2024-05-22,600009,35.07,35.32,34.96,35.23,5365273.0,195128338.0,67886746123.03999
2024-05-23,600009,35.15,35.15,34.52,34.6,8272001.0,297200547.0,66672762300.8
2024-05-24,600009,34.51,34.82,34.46,34.54,6380233.0,228380809.0,66557144793.92
2024-05-27,600009,34.57,34.66,34.38,34.59,4562464.0,162864838.0,66653492716.32001
2024-05-28,600009,34.57,34.59,33.92,34.01,8105999.0,286306997.0,65535856816.479996
2024-05-29,600009,34.03,34.23,33.83,34.06,5141214.0,180787723.0,65632204738.880005
2024-05-30,600009,33.94,34.1,33.79,33.97,4473927.0,156834585.0,65458778478.56
2024-05-31,600009,33.92,34.15,33.57,33.6,9549721.0,333547762.0,64745803852.8
2024-06-03,600009,33.52,33.53,33.03,33.42,9047808.0,311554631.0,64398951332.16
2024-06-04,600009,33.27,33.42,33.13,33.34,9157450.0,315475572.0,64244794656.32001
2024-06-05,600009,33.26,33.71,33.23,33.48,7489089.0,259557603.0,64514568839.03999
2024-06-06,600009,33.51,33.57,32.89,32.97,8043471.0,275397522.0,63531820030.56
2024-06-07,600009,33.12,33.13,32.48,33.06,10904773.0,370443432.0,63705246290.880005
2024-06-11,600009,33.08,33.25,32.87,33.13,5174341.0,177354286.0,63840133382.240005
2024-06-12,600009,33.18,33.22,32.68,32.68,8198901.0,278277246.0,62973002080.64
2024-06-13,600009,32.58,32.72,31.93,32.09,11465354.0,381339386.0,61836096596.32001
2024-06-14,600009,32.0,32.38,31.87,32.27,7815655.0,259610160.0,62182949116.96001
2024-06-17,600009,32.08,32.56,32.07,32.41,5123105.0,171646847.0,62452723299.67999
2024-06-18,600009,32.43,33.1,32.43,33.0,7210123.0,245441537.0,63589628784.0
2024-06-19,600009,33.05,33.14,32.57,32.63,4656472.0,157573458.0,62876654158.240005
2024-06-20,600009,32.49,32.74,31.93,31.93,5614299.0,187194822.0,61527783244.64
2024-06-21,600009,31.9,32.1,31.28,31.61,8580199.0,280375181.0,60911156541.28
2024-06-24,600009,31.43,31.55,31.13,31.26,7407135.0,239998413.0,60236721084.48
2024-06-25,600009,31.36,31.52,30.76,30.96,7633896.0,245295957.0,59658633550.08
2024-06-26,600009,30.96,31.31,30.72,31.25,6148172.0,197127410.0,60217451500.0
2024-06-27,600009,31.2,31.25,30.89,30.94,4334000.0,139009838.0,59620094381.12
2024-06-28,600009,30.94,31.46,30.81,31.18,6444614.0,207922745.0,60082564408.64
2024-07-01,600009,31.15,31.7,31.13,31.5,5880734.0,191204828.0,60699191112.0
2024-07-02,600009,31.39,31.84,31.22,31.61,6225001.0,203689584.0,60911156541.28
2024-07-03,600009,31.65,32.86,31.42,32.47,15217772.0,507719481.0,62568340806.56
2024-07-04,600009,32.26,32.27,31.81,31.9,9278024.0,306679949.0,61469974491.2
2024-07-05,600009,31.73,32.15,31.63,31.83,7035341.0,231854948.0,61335087399.84
2024-07-08,600009,31.83,32.06,31.28,31.38,5878030.0,191883424.0,60467956098.24
2024-07-09,600009,31.71,32.73,31.6,32.68,17243193.0,575582499.0,62973002080.64
2024-07-10,600009,32.54,33.18,32.4,32.84,11587190.0,393372353.0,63281315432.32001
2024-07-11,600009,33.15,33.52,32.95,33.43,12322971.0,425200855.0,64418220916.64
2024-07-12,600009,33.4,33.69,33.16,33.47,8893461.0,307918098.0,64495299254.56
2024-07-15,600009,33.27,33.62,33.17,33.33,6587788.0,227636519.0,64225525071.84
2024-07-16,600009,33.24,33.58,33.09,33.46,6296699.0,217535910.0,64476029670.08
2024-07-17,600009,33.53,34.16,33.46,33.98,12576530.0,441036925.0,65478048063.03999
2024-07-18,600009,33.9,34.07,33.56,33.89,9215317.0,322168745.0,65304621802.72
2024-07-19,600009,33.76,34.65,33.71,34.55,13105970.0,464356729.0,66576414378.399994
2024-07-22,600009,34.53,35.02,34.45,34.62,11446958.0,409511710.0,66711301469.759995
2024-07-23,600009,34.87,34.87,34.1,34.11,9226832.0,327622278.0,65728552661.28
2024-07-24,600009,34.11,34.27,33.66,33.77,9501312.0,332353228.0,65073386788.96001
2024-07-25,600009,33.8,34.41,33.7,34.22,8252483.0,290493962.0,65940518090.56
2024-07-26,600009,34.27,34.44,33.84,34.03,7097961.0,248866935.0,65574395985.44
2024-07-29,600009,33.97,33.97,32.79,32.93,18611071.0,635094563.0,63454741692.64
2024-07-30,600009,32.69,33.03,32.64,32.84,6703504.0,226759625.0,63281315432.32001
2024-07-31,600009,32.84,33.61,32.83,33.55,9915062.0,341050744.0,64649455930.399994
2024-08-01,600009,33.55,33.59,33.19,33.38,6509001.0,223992495.0,64321872994.240005
2024-08-02,600009,33.21,33.57,33.13,33.3,4936236.0,169787725.0,64167716318.399994
2024-08-05,600009,33.3,34.32,33.19,33.68,13703940.0,478260854.0,64899960528.64
2024-08-06,600009,33.75,34.31,33.36,33.69,8748469.0,304245349.0,64919230113.119995
2024-08-07,600009,33.52,33.69,33.39,33.39,3999273.0,138136405.0,64341142578.72
2024-08-08,600009,33.38,33.52,33.07,33.28,4804900.0,164891933.0,64129177149.44
2024-08-09,600009,33.43,33.55,32.98,32.98,4586639.0,157069239.0,63551089615.03999
2024-08-12,600009,32.98,33.12,32.82,32.89,3456000.0,117438961.0,63377663354.72
2024-08-13,600009,32.93,32.97,32.41,32.83,3904028.0,131489018.0,63262045847.84
2024-08-14,600009,32.85,32.89,32.37,32.44,4387110.0,147276242.0,62510532053.119995
2024-08-15,600009,32.4,33.24,32.4,33.23,7158237.0,243199726.0,64032829227.03999
2024-08-16,600009,33.21,33.25,32.8,33.0,5496985.0,187150136.0,63589628784.0
2024-08-19,600009,32.92,32.92,32.06,32.58,9815207.0,329002859.0,62780306235.84
2024-08-20,600009,32.57,32.71,32.42,32.53,4771150.0,160118945.0,62683958313.44
2024-08-21,600009,32.28,32.71,32.22,32.5,4501268.0,150996032.0,62626149560.0
2024-08-22,600009,32.4,32.55,31.68,31.8,7188134.0,236890460.0,61277278646.4
2024-08-23,600009,31.81,32.15,31.63,32.06,3169955.0,104409623.0,61778287842.880005
2024-08-26,600009,32.06,32.28,31.82,32.07,2978709.0,98206808.0,61797557427.36
2024-08-27,600009,32.05,32.07,31.59,31.67,3373409.0,110271425.0,61026774048.16
2024-08-28,600009,31.8,32.0,31.45,31.5,3886681.0,126822115.0,60699191112.0
2024-08-29,600009,31.38,31.76,31.35,31.67,4348100.0,141739967.0,61026774048.16
2024-08-30,600009,31.63,32.43,31.63,32.14,8254721.0,273702813.0,61932444518.72
2024-09-02,600009,32.12,32.13,31.25,31.29,7686251.0,249843671.0,60294529837.92
2024-09-03,600009,31.24,31.53,31.06,31.41,3824904.0,123638419.0,60525764851.68
2024-09-04,600009,31.27,31.54,31.23,31.36,3511468.0,113655601.0,60429416929.28
2024-09-05,600009,31.28,31.61,31.28,31.59,4172140.0,135514731.0,60872617372.32
2024-09-06,600009,31.67,31.69,31.4,31.47,2754047.0,89553941.0,60641382358.56
2024-09-09,600009,31.16,31.48,30.72,30.9,5966162.0,190297917.0,59543016043.2
2024-09-10,600009,30.9,31.02,30.02,30.5,6801540.0,212157084.0,58772232664.0
2024-09-11,600009,30.45,30.53,30.03,30.29,4286526.0,133376664.0,58367571389.92
2024-09-12,600009,30.35,30.41,30.07,30.14,3639650.0,112959492.0,58078527622.72
2024-09-13,600009,30.17,30.24,29.95,29.96,3408750.0,105244631.0,57731675102.08
2024-09-18,600009,29.96,30.05,28.94,29.43,7549196.0,227250176.0,56710387124.64
2024-09-19,600009,29.61,30.35,29.3,30.06,7380443.0,227212164.0,57924370946.88
2024-09-20,600009,29.95,30.42,29.76,30.17,5107969.0,157905237.0,58136336376.16
2024-09-23,600009,30.17,30.33,30.03,30.19,3791613.0,117590232.0,58174875545.12
2024-09-24,600009,30.42,31.41,30.3,31.41,10993713.0,350096363.0,60525764851.68
2024-09-25,600009,31.59,32.23,31.47,31.63,12292098.0,402728739.0,60949695710.24
2024-09-26,600009,31.62,33.0,31.47,32.96,13978805.0,464234043.0,63512550446.08
2024-09-27,600009,33.26,34.92,33.25,34.74,18475499.0,648139081.0,66942536483.520004
2024-09-30,600009,36.0,37.75,35.57,37.39,49748006.0,1878777178.0,72048976370.72
2024-10-08,600009,40.89,41.12,36.17,37.88,62507209.0,2490458917.0,72993186010.24
2024-10-09,600009,37.22,37.22,34.53,34.54,34801563.0,1277715513.0,66557144793.92
2024-10-10,600009,34.62,35.62,34.3,34.93,20514937.0,738324069.0,67308658588.64
2024-10-11,600009,34.92,35.23,34.07,34.32,13884112.0,493751699.0,65849644935.36
2024-10-14,600009,34.32,34.49,33.6,34.16,15729234.0,550021962.0,65542653583.67999
2024-10-15,600009,34.14,34.41,33.65,33.65,10714194.0,375053335.0,64564118650.2
2024-10-16,600009,33.42,33.75,33.1,33.34,10170992.0,348761457.0,63969322906.32001
2024-10-17,600009,33.36,33.51,32.97,33.02,9839221.0,336094284.0,63355340202.96001
2024-10-18,600009,33.02,34.32,32.76,33.86,16783325.0,577028380.0,64967044799.28
2024-10-21,600009,34.09,34.55,33.71,34.04,15409407.0,540066624.0,65312410069.92
2024-10-22,600009,34.04,34.19,33.74,34.16,10611741.0,370877733.0,65542653583.67999
2024-10-23,600009,34.18,34.81,34.07,34.64,14425794.0,511807535.0,66463627638.72
2024-10-24,600009,34.57,34.77,34.08,34.15,8534974.0,301416818.0,65523466624.2
2024-10-25,600009,34.16,34.57,34.16,34.37,10000996.0,353212061.0,65945579732.759995
2024-10-28,600009,34.39,34.76,34.25,34.7,9753574.0,346500557.0,66578749395.600006
2024-10-29,600009,34.83,34.91,34.21,34.32,10761425.0,381108732.0,65849644935.36
2024-10-30,600009,34.16,34.52,34.01,34.31,8615105.0,303313523.0,65830457975.880005
2024-10-31,600009,34.19,34.19,33.57,34.02,13081940.0,456017810.0,65274036150.96001
2024-11-01,600009,34.02,34.13,33.59,33.98,12040629.0,419739058.0,65197288313.03999
2024-11-04,600009,33.98,34.16,33.84,34.16,8976988.0,313596529.0,65542653583.67999
2024-11-05,600009,34.17,34.79,33.96,34.78,16200801.0,575527570.0,66732245071.44
2024-11-06,600009,34.74,35.13,34.58,34.76,14731371.0,526875306.0,66693871152.479996
2024-11-07,600009,34.55,35.79,34.51,35.78,21015222.0,763519723.0,68650941019.44
2024-11-08,600009,36.1,36.19,35.39,35.55,16974251.0,622551268.0,68209640951.399994
2024-11-11,600009,35.32,35.76,35.2,35.61,12396500.0,451921155.0,68324762708.28
2024-11-12,600009,35.53,36.09,35.21,35.37,18077877.0,662975651.0,67864275680.759995
2024-11-13,600009,35.27,35.77,35.18,35.43,11173086.0,407170970.0,67979397437.64
2024-11-14,600009,35.43,35.48,35.03,35.04,10958100.0,397105795.0,67231106017.92
2024-11-15,600009,35.01,35.98,34.93,35.31,14688923.0,535301482.0,67749153923.880005
2024-11-18,600009,35.31,35.86,35.06,35.21,15467834.0,565073436.0,67557284329.08
2024-11-19,600009,35.3,35.39,34.52,34.99,12559599.0,451012887.0,67135171220.520004
2024-11-20,600009,34.93,35.27,34.69,35.05,8280400.0,297618298.0,67250292977.399994
2024-11-21,600009,35.03,35.2,34.64,34.87,7564002.0,270743968.0,66904927706.759995
2024-11-22,600009,34.75,35.03,33.87,33.88,10778000.0,381564712.0,65005418718.240005
2024-11-25,600009,33.68,34.44,33.2,33.52,13255758.0,460577887.0,64314688176.96001
2024-11-26,600009,33.52,34.16,33.43,33.62,9130812.0,317215037.0,64506557771.759995
2024-11-27,600009,33.62,33.86,33.39,33.85,8599465.0,297119201.0,64947857839.8
2024-11-28,600009,33.86,34.11,33.72,33.88,7326396.0,255429334.0,65005418718.240005
2024-11-29,600009,33.85,34.19,33.79,33.97,8450856.0,295229353.0,65178101353.56
2024-12-02,600009,34.01,34.98,34.0,34.73,12438197.0,442239949.0,66636310274.03999
2024-12-03,600009,34.61,34.92,34.47,34.71,6454916.0,229780258.0,66597936355.08
2024-12-04,600009,34.7,34.77,34.06,34.14,7115977.0,251000005.0,65504279664.72
2024-12-05,600009,34.01,34.2,33.98,34.06,4858887.0,170177362.0,65350783988.880005
2024-12-06,600009,34.12,34.6,34.12,34.56,7820904.0,276638916.0,66310131962.880005
2024-12-09,600009,34.45,35.01,34.43,34.57,10147700.0,361605093.0,66329318922.36
2024-12-10,600009,35.32,35.57,34.59,34.63,15739044.0,566416041.0,66444440679.240005
2024-12-11,600009,34.55,34.92,34.55,34.88,7155214.0,255886949.0,66924114666.240005
2024-12-12,600009,34.89,35.18,34.75,35.18,10545091.0,379818860.0,67499723450.64
2024-12-13,600009,35.0,35.13,34.72,34.77,11511990.0,412850007.0,66713058111.96001
2024-12-16,600009,34.91,34.98,34.24,34.36,6997460.0,248422724.0,65926392773.28
2024-12-17,600009,34.37,34.54,33.99,34.03,8041600.0,282603140.0,65293223110.44
2024-12-18,600009,34.23,34.33,33.82,33.92,7214837.0,252596023.0,65082166556.16
2024-12-19,600009,33.87,33.88,33.13,33.53,11887323.0,408674109.0,64333875136.44
2024-12-20,600009,33.52,33.75,33.4,33.58,6041873.0,208643240.0,64429809933.84
2024-12-23,600009,33.93,34.57,33.7,33.74,10622212.0,371949018.0,64736801285.520004
2024-12-24,600009,33.74,34.21,33.58,34.18,7627677.0,266368281.0,65581027502.64
2024-12-25,600009,34.16,34.4,33.88,34.35,8064858.0,283177573.0,65907205813.8
2024-12-26,600009,34.35,34.49,34.0,34.02,6877964.0,241534548.0,65274036150.96001
2024-12-27,600009,34.04,34.41,33.95,34.29,6640420.0,233595963.0,65792084056.92
2024-12-30,600009,34.21,34.34,33.82,33.87,8458419.0,295388893.0,64986231758.759995
2024-12-31,600009,33.89,33.95,33.21,33.23,10929500.0,376797268.0,63758266352.03999
2025-01-02,600009,33.33,33.45,32.2,32.41,14327978.0,481880159.0,62184935674.67999
2025-01-03,600009,32.5,32.56,32.11,32.21,8352744.0,277615988.0,61801196485.08
2025-01-06,600009,32.22,32.45,32.03,32.21,7948948.0,262985607.0,61801196485.08
2025-01-07,600009,32.21,32.33,31.71,32.12,8596110.0,282640656.0,61628513849.759995
2025-01-08,600009,32.11,32.17,31.66,32.0,5959100.0,195498256.0,61398270336.0
2025-01-09,600009,32.01,32.04,31.73,31.79,5448041.0,178353099.0,60995344186.92
2025-01-10,600009,31.85,32.09,31.5,31.5,5398831.0,176259803.0,60438922362.0
2025-01-13,600009,31.37,31.62,31.31,31.53,5190210.0,167881701.0,60496483240.44
2025-01-14,600009,31.53,32.38,31.51,32.32,8897676.0,293502869.0,62012253039.36
2025-01-15,600009,32.26,32.58,32.19,32.44,6765232.0,225217106.0,62242496553.119995
2025-01-16,600009,32.5,32.76,32.16,32.31,6014383.0,200449276.0,61993066079.880005
2025-01-17,600009,32.21,32.58,32.13,32.31,4887010.0,162557997.0,61993066079.880005
2025-01-20,600009,32.53,32.77,32.17,32.2,6954775.0,231925113.0,61782009525.600006
2025-01-21,600009,32.38,32.5,32.19,32.31,4330351.0,143728846.0,61993066079.880005
2025-01-22,600009,32.36,32.58,32.24,32.43,6522658.0,217207131.0,62223309593.64
2025-01-23,600009,32.6,32.85,32.35,32.36,7579241.0,253974248.0,62089000877.28
2025-01-24,600009,32.26,32.48,32.15,32.44,7320198.0,243556806.0,62242496553.119995
2025-01-27,600009,32.46,32.65,32.25,32.27,7023211.0,234169051.0,61916318241.96001
2025-02-05,600009,32.45,32.49,32.02,32.12,6013981.0,198668273.0,61628513849.759995
2025-02-06,600009,32.02,32.31,31.83,32.23,6347730.0,209367317.0,61839570404.03999
2025-02-07,600009,32.23,32.52,32.09,32.4,8844513.0,293979534.0,62165748715.2
2025-02-10,600009,32.39,32.67,32.29,32.58,8542007.0,285442862.0,62511113985.84
2025-02-11,600009,32.58,32.64,32.12,32.14,8680747.0,287579609.0,61666887768.72
2025-02-12,600009,32.12,32.19,31.96,32.15,7344189.0,241939927.0,61686074728.2
2025-02-13,600009,32.11,32.27,32.06,32.12,8039694.0,265867186.0,61628513849.759995
2025-02-14,600009,32.09,32.19,31.89,32.1,7736518.0,254727537.0,61590139930.8
2025-02-17,600009,32.1,32.16,31.97,32.01,8243289.0,271362885.0,61417457295.479996
2025-02-18,600009,32.01,32.05,31.68,31.72,8900467.0,291656704.0,60861035470.56
2025-02-19,600009,31.71,31.79,31.51,31.67,7860066.0,255583508.0,60765100673.16
2025-02-20,600009,31.63,31.77,31.45,31.67,6462897.0,209884939.0,60765100673.16
2025-02-21,600009,31.65,31.91,31.61,31.84,8956638.0,292539552.0,61091278984.32
2025-02-24,600009,31.85,32.09,31.76,31.96,10351934.0,339414990.0,61321522498.08
2025-02-25,600009,31.78,31.82,31.53,31.6,9834592.0,319865752.0,60630791956.8
2025-02-26,600009,31.63,31.67,31.45,31.65,7226985.0,234316398.0,60726726754.2
2025-02-27,600009,31.63,32.0,31.61,31.93,10859087.0,355529264.0,61263961619.64
2025-02-28,600009,31.82,32.01,31.48,31.62,8988414.0,293022201.0,60669165875.76
2025-03-03,600009,31.62,31.7,31.45,31.51,7149870.0,231958630.0,60458109321.48
2025-03-04,600009,31.43,31.53,31.34,31.53,5030810.0,162473616.0,60496483240.44
2025-03-05,600009,31.53,31.58,31.29,31.39,6299738.0,203203456.0,60227865807.72
2025-03-06,600009,31.47,31.51,31.24,31.48,9528596.0,307663887.0,60400548443.04
2025-03-07,600009,31.42,31.49,31.27,31.32,8059100.0,259663135.0,60093557091.36
2025-03-10,600009,31.32,31.34,31.2,31.28,6643259.0,213253460.0,60016809253.44
2025-03-11,600009,31.15,31.35,31.12,31.35,7415662.0,238070184.0,60151117969.8
2025-03-12,600009,31.42,31.44,31.25,31.27,6552606.0,210824333.0,59997622293.96
2025-03-13,600009,31.29,31.35,31.1,31.16,8277900.0,265326437.0,59786565739.68
2025-03-14,600009,31.17,31.61,31.15,31.6,12595349.0,407247938.0,60630791956.8
2025-03-17,600009,31.7,32.05,31.7,31.81,10857708.0,355542806.0,61033718105.88
2025-03-18,600009,31.83,31.93,31.72,31.78,6025637.0,196998146.0,60976157227.44
2025-03-19,600009,31.78,31.89,31.61,31.69,6484783.0,211674938.0,60803474592.12
2025-03-20,600009,31.65,31.79,31.57,31.61,5251177.0,170881625.0,60649978916.28
2025-03-21,600009,31.62,31.89,31.43,31.5,9007094.0,292947041.0,60438922362.0
2025-03-24,600009,31.48,31.75,31.4,31.6,6834038.0,221665821.0,60630791956.8
2025-03-25,600009,31.62,32.04,31.4,31.98,10063474.0,328822770.0,61359896417.04
2025-03-26,600009,31.98,32.01,31.79,31.81,6366035.0,208516533.0,61033718105.88
2025-03-27,600009,31.81,31.89,31.67,31.82,5138341.0,167837820.0,61052905065.36
2025-03-28,600009,31.83,31.87,31.58,31.63,5025119.0,163671322.0,60688352835.24
2025-03-31,600009,31.72,31.9,31.4,31.46,6817012.0,221365835.0,60362174524.08
2025-04-01,600009,31.51,31.76,31.42,31.72,6220262.0,202259727.0,60861035470.56
2025-04-02,600009,31.7,31.71,31.39,31.52,6736200.0,218081863.0,60477296280.96
2025-04-03,600009,31.34,31.72,31.33,31.51,6672767.0,216314338.0,60458109321.48
2025-04-07,600009,30.46,30.83,28.88,29.84,24883305.0,760422410.0,57253887088.32
2025-04-08,600009,29.68,30.78,29.66,30.78,17384326.0,539535900.0,59057461279.44
2025-04-09,600009,30.56,32.59,30.18,32.27,28921887.0,938177935.0,61916318241.96001
2025-04-10,600009,32.31,32.38,31.43,32.13,22722925.0,748029633.0,61647700809.240005
2025-04-11,600009,31.95,31.96,31.67,31.78,10046673.0,328528993.0,60976157227.44
2025-04-14,600009,31.74,31.9,31.7,31.77,7427501.0,242575623.0,60956970267.96
2025-04-15,600009,31.68,31.72,31.19,31.31,9378500.0,302115424.0,60074370131.88
2025-04-16,600009,31.21,31.82,31.15,31.82,11379719.0,368910024.0,61052905065.36
2025-04-17,600009,31.73,32.06,31.57,32.06,9303519.0,304039764.0,61513392092.880005
2025-04-18,600009,31.92,31.92,31.54,31.65,5786500.0,188429434.0,60726726754.2
2025-04-21,600009,31.65,31.72,31.35,31.53,4899593.0,158573335.0,60496483240.44
2025-04-22,600009,31.49,31.63,31.38,31.44,4392265.0,142094689.0,60323800605.12
2025-04-23,600009,31.48,31.59,31.21,31.22,6045242.0,194605545.0,59901687496.56
2025-04-24,600009,31.25,31.41,31.18,31.23,4364621.0,140291292.0,59920874456.04
2025-04-25,600009,31.22,31.42,31.18,31.39,4873187.0,156621563.0,60227865807.72
2025-04-28,600009,31.45,31.53,31.27,31.31,5659678.0,182516800.0,60074370131.88
2025-04-29,600009,31.31,31.33,31.16,31.22,4835712.0,155187501.0,59901687496.56
2025-04-30,600009,31.19,31.35,31.02,31.24,5320779.0,170799768.0,59940061415.52
2025-05-06,600009,31.3,31.58,31.26,31.38,6901409.0,222495435.0,60208678848.24
2025-05-07,600009,31.63,31.66,31.3,31.47,8801396.0,284143573.0,60381361483.56
2025-05-08,600009,31.31,31.5,31.19,31.45,5127654.0,165439732.0,60342987564.6
2025-05-09,600009,31.44,31.48,31.22,31.22,5107000.0,164231163.0,59901687496.56
2025-05-12,600009,31.31,31.38,31.2,31.38,6874318.0,220857658.0,60208678848.24
2025-05-13,600009,31.48,31.59,31.38,31.38,7275310.0,235249446.0,60208678848.24
2025-05-14,600009,31.27,31.68,31.23,31.68,9695352.0,313591541.0,60784287632.64
2025-05-15,600009,31.67,32.0,31.61,31.72,9974299.0,325936130.0,60861035470.56
2025-05-16,600009,31.81,31.82,31.52,31.67,5466786.0,177577540.0,60765100673.16
2025-05-19,600009,31.67,31.87,31.54,31.79,5745635.0,187565348.0,60995344186.92
2025-05-20,600009,31.8,31.91,31.62,31.79,5673124.0,184972172.0,60995344186.92
2025-05-21,600009,31.74,31.91,31.65,31.82,6506930.0,212817021.0,61052905065.36
2025-05-22,600009,31.8,32.0,31.78,31.91,7056320.0,231372756.0,61225587700.68
2025-05-23,600009,31.9,32.0,31.52,31.52,6807669.0,222176878.0,60477296280.96
2025-05-26,600009,31.5,31.77,31.42,31.68,5010477.0,162865310.0,60784287632.64
2025-05-27,600009,31.62,31.93,31.62,31.69,5479896.0,179042300.0,60803474592.12
2025-05-28,600009,31.76,31.82,31.54,31.73,4738527.0,154230234.0,60880222430.04
2025-05-29,600009,31.77,31.86,31.54,31.65,5715273.0,185793132.0,60726726754.2
2025-05-30,600009,31.58,31.74,31.49,31.49,4813331.0,156471658.0,60419735402.52
2025-06-03,600009,31.48,31.65,31.36,31.63,5706005.0,185024174.0,60688352835.24
2025-06-04,600009,31.62,31.67,31.46,31.64,5663351.0,183689139.0,60707539794.72
2025-06-05,600009,31.63,31.81,31.58,31.6,6731650.0,219113416.0,60630791956.8
2025-06-06,600009,31.6,31.65,31.38,31.51,6857761.0,221915321.0,60458109321.48
2025-06-09,600009,31.51,31.72,31.46,31.68,6042101.0,196288638.0,60784287632.64
2025-06-10,600009,31.67,31.72,31.46,31.51,5716763.0,185551256.0,60458109321.48
2025-06-11,600009,31.53,31.97,31.46,31.9,9397479.0,306921239.0,61206400741.2
2025-06-12,600009,31.73,31.88,31.58,31.63,6608050.0,214900588.0,60688352835.24
2025-06-13,600009,31.45,31.58,31.21,31.22,9847329.0,317154891.0,59901687496.56
2025-06-16,600009,31.2,31.22,30.95,31.06,6297671.0,201133909.0,59594696144.88
2025-06-17,600009,31.04,31.16,30.87,30.93,6767633.0,215521094.0,59345265671.64
2025-06-18,600009,30.94,30.97,30.65,30.71,7056875.0,222847911.0,58923152563.08
2025-06-19,600009,30.66,30.8,30.44,30.49,5250090.0,165048406.0,58501039454.52
2025-06-20,600009,30.52,30.74,30.49,30.54,4090012.0,128637728.0,58596974251.92
2025-06-23,600009,30.44,30.59,30.23,30.45,5836335.0,182059447.0,58424291616.6
2025-06-24,600009,30.64,30.9,30.61,30.83,7176877.0,227016080.0,59153396076.84
2025-06-25,600009,30.83,30.96,30.73,30.94,6405288.0,203041664.0,59364452631.12
2025-06-26,600009,30.93,31.0,30.81,30.92,4495600.0,142805021.0,59326078712.16
2025-06-27,600009,30.85,30.99,30.81,30.92,5376900.0,170716603.0,59326078712.16
2025-06-30,600009,30.94,30.98,30.81,30.92,5285225.0,167801990.0,59326078712.16
2025-07-01,600009,30.95,30.95,30.72,30.76,5981284.0,189164608.0,59019087360.48
2025-07-02,600009,30.76,30.8,30.63,30.7,4031557.0,127212547.0,58903965603.6
2025-07-03,600009,30.71,30.81,30.68,30.8,3665100.0,115881673.0,59095835198.4
2025-07-04,600009,30.83,30.91,30.72,30.72,6086300.0,192610005.0,58942339522.56
2025-07-07,600009,30.73,30.79,30.59,30.63,4945202.0,155977055.0,58769656887.24
2025-07-08,600009,30.63,30.75,30.61,30.74,5088687.0,160515457.0,58980713441.52
2025-07-09,600009,30.75,30.93,30.67,30.84,6232228.0,197494292.0,59172583036.32
2025-07-10,600009,30.85,30.96,30.76,30.88,6758432.0,214348131.0,59249330874.24
2025-07-11,600009,30.88,31.19,30.85,30.85,12369525.0,394223735.0,59191769995.8
2025-07-14,600009,30.91,31.21,30.9,30.97,8667625.0,276647861.0,59422013509.56
2025-07-15,600009,30.99,31.06,30.76,30.88,6960364.0,220841018.0,59249330874.24
2025-07-16,600009,30.88,31.0,30.85,30.93,4337362.0,137866681.0,59345265671.64
2025-07-17,600009,30.89,30.99,30.88,30.97,4549473.0,144687002.0,59422013509.56
2025-07-18,600009,30.96,31.29,30.96,31.28,8899011.0,284890322.0,60016809253.44
2025-07-21,600009,31.29,31.35,31.17,31.31,7747078.0,249095366.0,60074370131.88
2025-07-22,600009,31.32,31.53,31.31,31.52,10391072.0,335920646.0,60477296280.96
2025-07-23,600009,31.59,31.86,31.52,31.54,13357470.0,435309413.0,60515670199.92
2025-07-24,600009,31.55,32.39,31.48,32.34,26538192.0,875540941.0,62050626958.32001
2025-07-25,600009,32.33,32.33,31.86,31.88,16657431.0,548112773.0,61168026822.24
2025-07-28,600009,31.94,32.05,31.7,31.85,9509702.0,312013352.0,61110465943.8
2025-07-29,600009,31.85,32.0,31.59,31.67,8664839.0,282361018.0,60765100673.16
2025-07-30,600009,31.73,31.98,31.65,31.79,8316001.0,272022098.0,60995344186.92
2025-07-31,600009,31.72,31.77,31.24,31.31,11087561.0,358002889.0,60074370131.88
2025-08-01,600009,31.25,31.47,31.21,31.28,6549749.0,210640087.0,60016809253.44
2025-08-04,600009,31.28,31.34,31.13,31.25,6740857.0,216571714.0,59959248375.0
2025-08-05,600009,31.29,31.49,31.24,31.47,6654606.0,214891800.0,60381361483.56
2025-08-06,600009,31.49,31.49,31.3,31.36,7249290.0,233684528.0,60170304929.28
2025-08-07,600009,31.38,31.48,31.29,31.4,7565013.0,243991009.0,60247052767.2
2025-08-08,600009,31.48,31.48,31.21,31.34,5674664.0,181207389.0,60131931010.32
2025-08-11,600009,31.33,31.47,31.25,31.33,7845857.0,250177522.0,60112744050.84
2025-08-12,600009,31.33,31.42,31.23,31.27,9069417.0,289175661.0,59997622293.96
2025-08-13,600009,31.3,31.41,31.22,31.26,10943368.0,348524584.0,59978435334.48
2025-08-14,600009,31.3,31.38,31.2,31.29,10479494.0,333925624.0,60035996212.92
2025-08-15,600009,31.21,31.46,31.05,31.23,12750710.0,406624769.0,59920874456.04
2025-08-18,600009,31.28,31.71,31.28,31.3,17610284.0,564583463.0,60055183172.4
2025-08-19,600009,31.38,31.53,31.3,31.3,11885716.0,379776726.0,60055183172.4
2025-08-20,600009,31.31,31.72,31.2,31.72,14231125.0,456014508.0,60861035470.56
2025-08-21,600009,31.82,32.11,31.78,31.89,15580527.0,506336596.0,61187213781.72
2025-08-22,600009,31.92,31.94,31.72,31.92,11499904.0,372744872.0,61244774660.16
2025-08-25,600009,32.05,32.21,31.94,32.21,15292796.0,499563013.0,61801196485.08
2025-08-26,600009,32.14,32.69,31.98,32.56,21036834.0,695091750.0,62472740066.880005
2025-08-27,600009,32.46,32.65,31.93,31.94,19118399.0,629145471.0,61283148579.12
2025-08-28,600009,31.93,32.36,31.73,32.07,15895968.0,518910284.0,61532579052.36
2025-08-29,600009,32.07,32.56,31.7,31.75,22944342.0,750102632.0,60918596349.0
2025-09-01,600009,31.82,32.1,31.6,31.79,18747443.0,607869001.0,60995344186.92
2025-09-02,600009,31.79,31.86,31.46,31.6,12810849.0,412421304.0,60630791956.8
2025-09-03,600009,31.66,31.79,31.16,31.38,15753842.0,503129436.0,60208678848.24
2025-09-04,600009,31.31,31.34,31.02,31.17,13595660.0,431184562.0,59805752699.16
2025-09-05,600009,31.23,31.37,31.12,31.35,11435454.0,364095573.0,60151117969.8
2025-09-08,600009,31.36,31.99,31.35,31.98,18621051.0,602996496.0,61359896417.04
2025-09-09,600009,31.89,31.94,31.66,31.8,7871397.0,254656726.0,61014531146.4
2025-09-10,600009,31.71,31.84,31.56,31.59,7384309.0,237931946.0,60611604997.32
2025-09-11,600009,31.57,31.68,31.35,31.67,10703489.0,343175157.0,60765100673.16
2025-09-12,600009,31.62,31.86,31.42,31.51,10740921.0,345698164.0,60458109321.48
2025-09-15,600009,31.49,31.65,31.46,31.51,7481111.0,240089614.0,60458109321.48
2025-09-16,600009,31.54,31.68,31.41,31.49,8013355.0,257122318.0,60419735402.52
2025-09-17,600009,31.58,31.96,31.43,31.81,13169730.0,425256658.0,61033718105.88
2025-09-18,600009,31.79,31.8,31.26,31.37,14616384.0,469091797.0,60189491888.76
2025-09-19,600009,31.52,31.78,31.33,31.73,13349650.0,429019832.0,60880222430.04
2025-09-22,600009,31.74,31.79,31.35,31.48,10555378.0,337810465.0,60400548443.04
2025-09-23,600009,31.45,31.46,31.02,31.31,11654703.0,370312428.0,64069011614.649994
2025-09-24,600009,31.29,31.38,31.19,31.36,6867771.0,218853446.0,64171325590.4
2025-09-25,600009,31.36,31.36,31.04,31.17,10510178.0,333400327.0,63782532482.55
2025-09-26,600009,31.12,31.22,31.01,31.1,7441418.0,235490484.0,63639292916.5
2025-09-29,600009,31.06,31.36,30.9,31.32,12139786.0,384078349.0,64089474409.8
2025-09-30,600009,31.24,31.4,31.13,31.32,8410526.0,267822230.0,64089474409.8
2025-10-09,600009,31.32,31.41,30.98,31.38,12301519.0,390568043.0,64212251180.7
2025-10-10,600009,31.31,31.47,31.16,31.31,9247585.0,295136694.0,64069011614.649994
2025-10-13,600009,30.86,31.19,30.72,30.96,11744789.0,369753078.0,63352813784.4
2025-10-14,600009,31.01,31.24,30.94,31.03,9984868.0,315821286.0,63496053350.450005
2025-10-15,600009,30.95,31.31,30.94,31.31,9136215.0,289924155.0,64069011614.649994
2025-10-16,600009,31.31,31.39,31.16,31.24,6606750.0,208947609.0,63925772048.6
2025-10-17,600009,31.28,31.46,30.95,30.97,9506651.0,299831435.0,63373276579.549995
2025-10-20,600009,31.2,31.2,30.85,31.08,8460649.0,265371774.0,63598367326.2
2025-10-21,600009,31.19,31.19,30.97,31.05,6977072.0,219219922.0,63536978940.75
2025-10-22,600009,31.0,31.02,30.89,30.92,6366003.0,199232623.0,63270962603.8
2025-10-23,600009,30.91,31.07,30.85,31.03,6130746.0,191898295.0,63496053350.450005
2025-10-24,600009,31.03,31.13,30.95,31.02,5184504.0,162636721.0,63475590555.299995
2025-10-27,600009,31.02,31.08,30.97,31.02,7166729.0,224913143.0,63475590555.299995
2025-10-28,600009,31.07,31.26,31.01,31.15,8252902.0,260001077.0,63741606892.25
2025-10-29,600009,31.15,31.25,31.05,31.24,7123406.0,224598992.0,63925772048.6
2025-10-30,600009,31.18,31.54,31.16,31.31,9713444.0,308096125.0,64069011614.649994
2025-10-31,600009,31.59,32.04,31.43,31.93,22420126.0,720855021.0,65337704913.95
2025-11-03,600009,31.79,31.94,31.69,31.88,10807018.0,347698672.0,65235390938.2
2025-11-04,600009,31.91,32.17,31.62,31.72,11577458.0,373240013.0,64907986215.799995
2025-11-05,600009,31.56,32.07,31.37,31.89,13910808.0,448350811.0,65255853733.35
2025-11-06,600009,31.89,31.97,31.59,31.67,10039063.0,322541215.0,64805672240.05
2025-11-07,600009,31.64,31.99,31.6,31.87,8170409.0,263245664.0,65214928143.05
2025-11-10,600009,31.94,33.0,31.75,32.89,35528287.0,1172774209.0,67302133248.35
2025-11-11,600009,32.76,33.37,32.7,33.15,28800504.0,964340598.0,67834165922.25
2025-11-12,600009,33.24,34.27,33.24,33.58,30478119.0,1041031633.0,68714066113.7
2025-11-13,600009,33.47,34.19,33.4,34.16,26420347.0,904677740.0,69900908232.4
2025-11-14,600009,34.1,34.53,33.75,33.84,19562870.0,673705840.0,69246098787.6
2025-11-17,600009,33.46,33.49,33.05,33.21,17940428.0,603682148.0,67956942693.15
2025-11-18,600009,33.34,33.41,32.62,32.77,14953129.0,497313953.0,67056579706.55
2025-11-19,600009,32.92,32.95,32.23,32.27,14039923.0,460579852.0,66033439949.05
2025-11-20,600009,32.38,32.59,32.18,32.21,11685248.0,382422644.0,65910663178.15
2025-11-21,600009,31.99,32.34,31.64,31.65,15526725.0,500827850.0,64764746649.75
2025-11-24,600009,31.69,31.85,31.18,31.19,17575563.0,559288714.0,63823458072.850006
2025-11-25,600009,31.25,31.38,31.15,31.19,14330589.0,452600058.0,63823458072.850006
2025-11-26,600009,31.29,31.52,31.22,31.38,11010903.0,349222959.0,64212251180.7
2025-11-27,600009,31.38,31.42,31.15,31.28,8045932.0,254773456.0,64007623229.200005
2025-11-28,600009,31.19,31.33,31.1,31.3,6779134.0,214249441.0,64048548819.5
2025-12-01,600009,31.16,31.58,31.05,31.53,14795792.0,468093581.0,64519193107.950005
2025-12-02,600009,31.47,31.5,31.27,31.47,7222240.0,229434899.0,64396416337.049995
2025-12-03,600009,31.48,31.75,31.34,31.66,9609454.0,306978169.0,64785209444.9
2025-12-04,600009,31.64,31.71,31.4,31.53,7466657.0,238108451.0,64519193107.950005
2025-12-05,600009,31.44,31.53,31.28,31.45,6983702.0,221785578.0,64355490746.75
2025-12-08,600009,31.64,31.86,31.45,31.79,11133739.0,356418779.0,65051225781.85
2025-12-09,600009,31.87,31.87,31.46,31.48,8069950.0,257573267.0,64416879132.200005
2025-12-10,600009,31.47,32.11,31.44,32.03,14730001.0,474352829.0,65542332865.450005
2025-12-11,600009,31.89,32.05,31.62,31.65,9185765.0,295929113.0,64764746649.75
2025-12-12,600009,31.52,31.53,30.48,30.67,37027048.0,1153884764.0,62759392725.05
2025-12-15,600009,30.36,30.7,30.36,30.4,11543907.0,356075681.0,62206897256.0
2025-12-16,600009,30.37,30.6,30.22,30.38,10234138.0,314180570.0,62165971665.7
2025-12-17,600009,30.5,30.74,30.27,30.56,8959622.0,276613670.0,62534301978.399994
2025-12-18,600009,31.44,32.79,31.34,32.74,50592333.0,1645736187.0,66995191321.100006
2025-12-19,600009,32.66,33.34,32.43,33.19,35845665.0,1193640934.0,67916017102.85
2025-12-22,600009,33.35,33.6,33.04,33.06,25438235.0,856511921.0,67650000765.9
2025-12-23,600009,33.06,33.27,32.73,32.83,18979183.0,632196990.0,67179356477.45
2025-12-24,600009,32.73,33.45,32.63,33.27,19660056.0,659544641.0,68079719464.05
2025-12-25,600009,33.17,33.78,33.17,33.4,14496467.0,491707888.0,68345735801.0
2025-12-26,600009,33.27,33.53,32.84,33.0,12544350.0,419926764.0,67527223995.0
2025-12-29,600009,33.0,33.4,32.94,33.01,10747253.0,360504657.0,67547686790.149994
2025-12-30,600009,32.93,33.05,32.14,32.42,15759597.0,517704568.0,66340381876.3
2025-12-31,600009,32.33,32.49,32.04,32.39,9939005.0,324175747.0,66278993490.85
2026-01-05,600009,32.39,32.4,32.15,32.33,11743585.0,383451933.0,66156216719.95
2026-01-06,600009,32.34,32.62,32.15,32.6,12101329.0,397508291.0,66708712189.0
2026-01-07,600009,32.64,32.69,32.39,32.44,11354340.0,373583788.0,66381307466.6
2026-01-08,600009,32.45,32.64,32.31,32.46,10005588.0,328094372.0,66422233056.9
2026-01-09,600009,32.52,32.66,32.25,32.32,11566900.0,379017444.0,66135753924.8
2026-01-12,600009,32.21,32.37,32.06,32.17,14075379.0,458371498.0,65828811997.55
2026-01-13,600009,32.38,32.82,32.11,32.16,20679725.0,678077668.0,65808349202.399994
2026-01-14,600009,32.15,32.31,31.45,31.49,28591520.0,922198066.0,64437341927.35
2026-01-15,600009,31.46,31.84,31.36,31.45,12334963.0,393547555.0,64355490746.75
2026-01-16,600009,31.52,31.58,30.94,31.04,19259044.0,606835659.0,63516516145.6
2026-01-19,600009,31.04,31.54,31.02,31.36,13577115.0,430134487.0,64171325590.4
2026-01-20,600009,31.36,32.08,31.31,32.01,20694679.0,665774733.0,65501407275.149994
2026-01-21,600009,32.01,32.01,31.52,31.6,13409902.0,429966339.0,64662432674.0
2026-01-22,600009,31.62,31.93,31.27,31.29,20970361.0,667124054.0,64028086024.35
2026-01-23,600009,31.34,31.51,30.95,31.0,30427347.0,958033834.0,63434664965.0
2026-01-26,600009,31.05,31.2,30.68,30.7,30990008.0,967707992.0,62820781110.5
2026-01-27,600009,30.69,30.79,30.5,30.59,18368718.0,569142354.0,62595690363.85
2026-01-28,600009,30.55,30.64,30.24,30.26,26823408.0,823944903.0,61920418123.9
2026-01-29,600009,30.23,30.73,30.03,30.6,19682564.0,604757879.0,62616153159.0
2026-01-30,600009,30.6,30.73,30.27,30.45,14072697.0,434114619.0,62309211231.75
2026-02-02,600009,30.35,30.72,30.16,30.17,16446553.0,506018515.0,61736252967.55
2026-02-03,600009,30.28,30.4,29.85,30.2,18074102.0,549785649.0,61797641353.0
2026-02-04,600009,30.09,30.85,30.03,30.84,30104980.0,934290376.0,63107260242.6
2026-02-05,600009,30.83,31.03,30.61,30.89,18310410.0,572031040.0,63209574218.35
2026-02-06,600009,30.7,30.89,30.53,30.59,14771329.0,458185449.0,62595690363.85
2026-02-09,600009,30.67,30.96,30.56,30.91,12498840.0,389134324.0,63250499808.65
2026-02-10,600009,30.9,30.98,30.72,30.95,9143858.0,285148571.0,63332350989.25
2026-02-11,600009,30.99,31.0,30.77,30.9,7625519.0,238155173.0,63230037013.5
2026-02-12,600009,30.85,30.88,30.64,30.67,9637354.0,299345724.0,62759392725.05
2026-02-13,600009,30.67,30.75,30.38,30.4,9265929.0,286089397.0,62206897256.0
2026-02-24,600009,30.55,30.62,30.34,30.38,10267652.0,315930688.0,62165971665.7
2026-02-25,600009,30.36,30.52,30.26,30.28,11463133.0,352193165.0,61961343714.200005
2026-02-26,600009,30.29,30.34,30.15,30.15,11304245.0,345270935.0,61695327377.25
2026-02-27,600009,30.15,30.22,30.1,30.17,6711968.0,204728328.0,61736252967.55
2026-03-02,600009,29.82,29.84,29.56,29.62,18355899.0,550876907.0,60610799234.3
2026-03-03,600009,29.63,29.84,29.56,29.58,12251638.0,367606428.0,60528948053.7
2026-03-04,600009,29.44,29.44,28.97,29.0,13919424.0,410175712.0,59342105935.0
2026-03-05,600009,29.16,29.29,29.03,29.05,7921264.0,233367926.0,59444419910.75
2026-03-06,600009,29.16,29.37,29.01,29.36,8427391.0,248689435.0,60078766560.4
2026-03-09,600009,29.04,29.05,28.69,28.8,12395788.0,361357418.0,58932850032.0
2026-03-10,600009,28.98,29.11,28.97,29.07,7702810.0,226303772.0,59485345501.05
2026-03-11,600009,29.07,29.14,28.94,29.0,7778012.0,228128638.0,59342105935.0
2026-03-12,600009,29.0,29.08,28.88,29.04,6165209.0,180644781.0,59423957115.6
2026-03-13,600009,28.93,29.11,28.84,28.94,7760347.0,227497978.0,59219329164.100006
2026-03-16,600009,28.94,29.09,28.84,29.06,7488786.0,219441467.0,59464882705.899994
2026-03-17,600009,29.11,29.45,29.1,29.16,9228417.0,273322858.0,59669510657.4
2026-03-18,600009,29.14,29.15,28.89,29.0,6808098.0,199481924.0,59342105935.0
2026-03-19,600009,28.78,28.87,28.71,28.75,7943886.0,231193289.0,58830536056.25
2026-03-20,600009,28.76,28.82,28.18,28.32,12524880.0,361285471.0,57950635864.8
2026-03-23,600009,28.0,28.0,26.89,27.06,19524522.0,539918405.0,55372323675.899994
2026-03-24,600009,27.25,27.34,26.97,27.29,8426874.0,231563800.0,55842967964.35
2026-03-25,600009,27.37,27.67,27.31,27.67,7641832.0,212838570.0,56620554180.05
2026-03-26,600009,27.67,27.86,27.26,27.28,6838769.0,190471851.0,55822505169.200005
2026-03-27,600009,27.1,27.45,27.07,27.39,6727494.0,185826097.0,56047595915.85
2026-03-30,600009,27.11,27.46,26.98,27.42,6656192.0,183314588.0,56108984301.3
2026-03-31,600009,27.39,27.72,27.29,27.31,7265885.0,202194403.0,55883893554.649994
2026-04-01,600009,27.59,27.8,27.45,27.8,7036638.0,196950136.0,56886570517.0
2026-04-02,600009,27.69,27.8,27.44,27.57,6095848.0,170262288.0,56415926228.55
2026-04-03,600009,27.57,27.57,27.3,27.38,3808300.0,105496117.0,56027133120.7
2026-04-07,600009,27.38,27.46,27.16,27.19,4160197.0,114801601.0,55638340012.850006
2026-04-08,600009,27.68,27.96,27.63,27.77,10568652.0,296774546.0,56825182131.549995
2026-04-09,600009,27.59,27.6,27.31,27.45,6944673.0,192457914.0,56170372686.75
2026-04-10,600009,27.5,27.57,27.28,27.31,9975100.0,276551426.0,55883893554.649994
2026-04-13,600009,27.09,27.13,26.91,26.99,9973286.0,272398666.0,55229084109.85
2026-04-14,600009,27.07,27.18,26.87,27.18,9084299.0,247867065.0,55617877217.7
2026-04-15,600009,27.28,27.42,27.06,27.09,8188023.0,225283976.0,55433712061.35
2026-04-16,600009,27.08,27.17,27.01,27.12,5125501.0,140465413.0,55495100446.8
2026-04-17,600009,27.09,27.1,26.88,26.94,6693700.0,182352962.0,55126770134.100006
2026-04-20,600009,26.96,27.27,26.87,27.18,6887521.0,188623870.0,55617877217.7
2026-04-21,600009,27.18,27.34,27.04,27.1,5558100.0,152564130.0,55454174856.5
2026-04-22,600009,27.05,27.18,27.01,27.07,4441573.0,121567705.0,55392786471.05
2026-04-23,600009,27.08,27.14,26.9,26.91,7572680.0,206728136.0,55065381748.65
2026-04-24,600009,26.91,26.91,26.71,26.74,8249073.0,223263620.0,54717514231.1
2026-04-27,600009,26.74,26.94,26.62,26.83,7344268.0,198698757.0,54901679387.45
2026-04-28,600009,26.8,26.97,26.76,26.84,7139176.0,193966741.0,54922142182.6
2026-04-29,600009,26.84,27.09,26.76,27.08,7705856.0,210213780.0,55413249266.2
2026-04-30,600009,27.09,27.13,26.85,26.93,8764668.0,239007629.0,55106307338.95
2026-05-06,600009,26.9,27.09,26.7,27.07,13200983.0,358553674.0,55392786471.05
2026-05-07,600009,27.13,27.47,26.95,26.95,14443001.0,396051604.0,55147232929.25
2026-05-08,600009,26.91,26.94,26.82,26.88,9704170.0,263765800.0,55003993363.2
2026-05-11,600009,26.87,26.97,26.71,26.92,11061354.0,299974253.0,55085844543.8
2026-05-12,600009,26.92,26.94,26.71,26.71,10045519.0,271776702.0,54656125845.65
2026-05-13,600009,26.72,26.76,26.5,26.53,11994993.0,322345193.0,54287795532.950005
2026-05-14,600009,26.52,26.7,26.12,26.22,11456120.0,305136129.0,53653448883.299995
2026-05-15,600009,26.22,26.35,25.77,25.78,13437757.0,352807186.0,52753085896.700005
2026-05-18,600009,25.74,25.74,25.16,25.28,12355174.0,316660993.0,51729946139.200005
2026-05-19,600009,25.26,25.46,25.25,25.42,6877260.0,176369976.0,52016425271.3
2026-05-20,600009,25.34,25.61,24.91,25.46,11764590.0,300389780.0,52098276451.9
2026-05-21,600009,25.52,25.89,25.29,25.31,12012696.0,311060141.0,51791334524.649994
2026-05-22,600009,25.29,25.36,24.86,24.92,10688457.0,270299313.0,50993285513.8
2026-05-25,600009,25.19,25.55,25.03,25.26,10565794.0,270447886.0,51689020548.9
2026-05-26,600009,25.11,25.57,25.04,25.32,10161872.0,259641662.0,51811797319.8
2026-05-27,600009,25.19,25.19,24.64,25.11,15867875.0,400127066.0,51382078621.65
2026-05-28,600009,25.02,25.14,24.59,24.6,12325422.0,309198235.0,50338476069.0
2026-05-29,600009,24.57,25.3,24.54,24.79,22532755.0,567613176.0,50727269176.85
2026-06-01,600009,24.78,24.9,24.44,24.56,17459692.0,434404958.0,50256624888.399994
2026-06-02,600009,24.49,24.49,24.01,24.08,16461465.0,402428899.0,49274410721.2
2026-06-03,600009,24.01,24.01,23.41,23.52,19596084.0,467628899.0,48128494192.799995
2026-06-04,600009,23.33,23.51,22.88,23.13,19692136.0,460386175.0,47330445181.95
2026-06-05,600009,23.2,23.67,23.2,23.37,14596236.0,346070252.0,47821552265.55
2026-06-08,600009,23.16,23.36,22.66,22.75,14391707.0,333476322.0,46552858966.25
2026-06-09,600009,22.77,23.53,22.75,23.45,15942779.0,373808227.0,47985254626.75
2026-06-10,600009,23.27,23.68,23.27,23.55,11330123.0,269092892.0,48189882578.25
2026-06-11,600009,23.4,23.53,23.09,23.2,8390974.0,197084015.0,47473684748.0
2026-06-12,600009,23.4,24.37,23.34,24.01,19803491.0,478788818.0,49131171155.15
2026-06-15,600009,24.2,24.41,23.8,23.93,13183801.0,320747138.0,48967468793.95
2026-06-16,600009,23.93,23.95,23.44,23.52,8378378.0,199834988.0,48128494192.799995
2026-06-17,600009,23.52,23.68,23.25,23.33,7036983.0,166291110.0,47739701084.95
2026-06-18,600009,23.26,23.33,22.84,22.9,8362342.0,194289185.0,46859800893.5
2026-06-22,600009,22.85,23.19,22.25,23.08,15258868.0,350283206.0,47228131206.2
2026-06-23,600009,23.07,23.39,22.6,22.7,13525415.0,314104525.0,46450544990.5
2026-06-24,600009,22.7,22.91,22.21,22.29,11478439.0,260266862.0,45611570389.35
2026-06-25,600009,22.29,23.2,22.25,23.04,17762363.0,409827095.0,47146280025.6
2026-06-26,600009,22.94,23.33,22.64,22.94,15024986.0,349450088.0,46941652074.100006
2026-06-29,600009,22.9,23.28,22.3,23.03,14803311.0,342473225.0,47125817230.450005
2026-06-30,600009,22.97,23.06,22.64,22.84,9857709.0,227138916.0,46737024122.6
2026-07-01,600009,22.9,23.66,22.7,23.43,13493112.0,314034331.0,47944329036.45
2026-07-02,600009,23.5,23.68,22.94,23.03,15659422.0,362926370.0,47125817230.450005
2026-07-03,600009,23.17,23.31,22.71,22.92,15035378.0,345187165.0,46900726483.8
2026-07-06,600009,22.86,23.46,22.82,23.25,12989215.0,301584210.0,47575998723.75
2026-07-07,600009,23.25,23.31,22.8,22.83,10515706.0,241158109.0,46716561327.45
2026-07-08,600009,22.77,23.07,22.61,22.8,9471409.0,216040303.0,46655172942.0
2026-07-09,600009,22.7,22.78,22.35,22.48,11769020.0,264642888.0,46000363497.200005
2026-07-10,600009,22.54,23.02,22.19,22.84,14161623.0,321995497.0,46737024122.6
2026-07-13,600009,22.73,22.83,22.53,22.62,8895012.0,201207029.0,46286842629.3
2026-07-14,600009,22.58,22.76,22.44,22.76,8571401.0,193549505.0,46573321761.4
2026-07-15,600009,22.69,23.51,22.53,23.44,18800298.0,437203688.0,47964791831.600006
2026-07-16,600009,23.41,24.0,23.26,23.78,17839604.0,421612657.0,48660526866.700005
2026-07-17,600009,23.74,24.11,23.47,23.59,16247979.0,385873534.0,48271733758.85
2026-07-20,600009,23.56,24.02,23.46,23.94,14732262.0,350136857.0,48987931589.100006
2026-07-21,600009,23.96,24.55,23.6,23.62,24440971.0,587655856.0,48333122144.3
2026-07-22,600009,23.52,24.3,23.4,24.28,20841298.0,499245352.0,49683666624.200005
2026-07-23,600009,24.2,24.39,23.97,24.2,10443272.0,252459869.0,49519964263.0
2026-07-24,600009,24.08,24.2,23.7,23.7,8248843.0,197162205.0,48496824505.5
2026-07-27,600009,23.7,23.98,23.68,23.73,8079495.0,192086215.0,48558212890.950005
2026-07-28,600009,23.74,24.07,23.62,24.04,9828320.0,234873753.0,49192559540.6
2026-07-29,600009,24.04,24.53,24.02,24.37,14452917.0,352184698.0,60442933130.8
