date,ticker,open,high,low,close,volume,amount,market_cap
2021-01-04,600160,7.53,7.8,7.53,7.67,27243645.0,224072003.0,20707052441.27
2021-01-05,600160,7.61,7.64,7.46,7.6,26395878.0,213273456.0,20518070215.6
2021-01-06,600160,7.53,7.6,7.38,7.5,20799534.0,166252334.0,20248095607.5
2021-01-07,600160,7.42,7.62,7.26,7.34,25655796.0,204203334.0,19816136234.54
2021-01-08,600160,7.44,7.89,7.23,7.85,48398383.0,396169149.0,21193006735.85
2021-01-11,600160,7.89,8.08,7.69,7.78,39461529.0,331337273.0,21004024510.18
2021-01-12,600160,7.68,7.75,7.39,7.49,33508521.0,268895794.0,20221098146.690002
2021-01-13,600160,7.41,7.55,7.25,7.36,25995125.0,204976818.0,19870131156.16
2021-01-14,600160,7.33,7.42,7.11,7.12,23730183.0,183480477.0,19222192096.72
2021-01-15,600160,7.1,7.22,7.08,7.16,14509015.0,110961716.0,19330181939.96
2021-01-18,600160,7.16,7.34,7.05,7.29,17499014.0,135596776.0,19681148930.49
2021-01-19,600160,7.11,7.38,6.96,7.22,22640136.0,174176576.0,19492166704.82
2021-01-20,600160,7.15,7.22,7.05,7.18,12195478.0,93138660.0,19384176861.579998
2021-01-21,600160,7.18,7.89,7.14,7.7,49219361.0,403304123.0,20788044823.7
2021-01-22,600160,7.72,7.75,7.51,7.59,26247877.0,214303312.0,20491072754.79
2021-01-25,600160,7.74,8.34,7.55,8.34,85871500.0,750744175.0,22515882315.54
2021-01-26,600160,8.26,8.57,8.14,8.32,66669648.0,595678138.0,22461887393.920002
2021-01-27,600160,8.32,8.63,8.25,8.53,50757006.0,460459385.0,23028834070.929996
2021-01-28,600160,8.46,8.75,8.33,8.4,50370861.0,461413670.0,22677867080.4
2021-01-29,600160,8.46,8.62,8.08,8.24,41368956.0,369014549.0,22245907707.440002
2021-02-01,600160,8.32,8.56,8.19,8.44,38485277.0,345965301.0,22785856923.64
2021-02-02,600160,8.49,8.72,8.44,8.5,35420914.0,324111371.0,22947841688.5
2021-02-03,600160,8.46,8.72,8.32,8.52,36781506.0,336753200.0,23001836610.12
2021-02-04,600160,8.51,8.66,8.16,8.22,53305642.0,475704179.0,22191912785.820004
2021-02-05,600160,8.16,8.29,7.78,7.84,39058738.0,334685284.0,21166009275.04
2021-02-08,600160,7.88,8.49,7.88,8.34,41130302.0,365002532.0,22515882315.54
2021-02-09,600160,8.32,8.6,8.32,8.53,27972053.0,254261921.0,23028834070.929996
2021-02-10,600160,8.56,8.58,8.28,8.44,26949250.0,242923982.0,22785856923.64
2021-02-18,600160,8.89,9.28,8.84,9.16,79460755.0,779788087.0,24729674101.96
2021-02-19,600160,9.2,9.2,8.66,8.85,59072569.0,562200610.0,23892752816.85
2021-02-22,600160,8.84,9.33,8.83,8.99,56659023.0,551917433.0,24270717268.190002
2021-02-23,600160,8.97,9.42,8.81,9.34,79747333.0,784191312.0,25215628396.54
2021-02-24,600160,9.41,9.53,8.9,8.98,63481182.0,623818446.0,24243719807.38
2021-02-25,600160,9.08,9.24,8.59,8.64,46509309.0,441263406.0,23325806139.84
2021-02-26,600160,8.5,8.55,8.09,8.15,40362298.0,359108934.0,22002930560.15
2021-03-01,600160,8.2,8.35,8.13,8.28,23214311.0,205403911.0,22353897550.679996
2021-03-02,600160,8.32,8.32,7.95,8.02,27066182.0,233128657.0,21651963569.62
2021-03-03,600160,8.03,8.25,7.97,8.18,20465787.0,178346882.0,22083922942.579998
2021-03-04,600160,8.14,8.21,7.86,7.89,30150022.0,258124829.0,21300996579.09
2021-03-05,600160,7.88,7.95,7.58,7.82,37238304.0,310532658.0,21112014353.420002
2021-03-08,600160,7.9,8.24,7.9,7.9,50570041.0,437751356.0,21327994039.9
2021-03-09,600160,7.92,8.25,7.74,8.13,36877968.0,318948603.0,21948935638.530003
2021-03-10,600160,8.09,8.17,7.85,8.12,21441727.0,183353772.0,21921938177.719997
2021-03-11,600160,8.05,8.37,8.05,8.36,25657620.0,225751842.0,22569877237.16
2021-03-12,600160,8.36,8.74,8.21,8.68,48314982.0,440336293.0,23433795983.079998
2021-03-15,600160,8.57,8.72,8.41,8.51,29695778.0,271662715.0,22974839149.309998
2021-03-16,600160,8.5,8.59,8.17,8.29,29113265.0,258989108.0,22380895011.489998
2021-03-17,600160,8.12,8.29,7.94,8.2,22064684.0,191199552.0,22137917864.199997
2021-03-18,600160,8.19,8.74,8.1,8.6,39627117.0,359219446.0,23217816296.6
2021-03-19,600160,8.46,8.57,8.27,8.34,25224788.0,226308244.0,22515882315.54
2021-03-22,600160,8.31,8.47,8.18,8.31,19046906.0,169437036.0,22434889933.11
2021-03-23,600160,8.28,8.63,8.18,8.21,27423844.0,245946031.0,22164915325.010002
2021-03-24,600160,8.17,8.3,7.87,8.03,32592992.0,280525433.0,21678961030.429996
2021-03-25,600160,8.0,8.17,7.95,8.08,13621592.0,117884407.0,21813948334.48
2021-03-26,600160,8.1,8.37,8.05,8.29,19498548.0,172253059.0,22380895011.489998
2021-03-29,600160,8.32,8.73,8.2,8.72,43652324.0,402233026.0,23541785826.320004
2021-03-30,600160,8.74,8.88,8.6,8.73,29735441.0,278085043.0,23568783287.13
2021-03-31,600160,8.73,8.8,8.5,8.61,21226154.0,195863001.0,23244813757.41
2021-04-01,600160,8.64,8.74,8.54,8.65,15718802.0,145118931.0,23352803600.65
2021-04-02,600160,8.69,8.81,8.57,8.64,16118986.0,149348169.0,23325806139.84
2021-04-06,600160,8.64,8.69,8.51,8.66,14020348.0,128897484.0,23379801061.46
2021-04-07,600160,8.64,8.76,8.6,8.63,15788390.0,146477399.0,23298808679.030003
2021-04-08,600160,8.61,8.88,8.57,8.7,32638452.0,306398873.0,23487790904.699997
2021-04-09,600160,8.65,8.71,8.29,8.36,29377853.0,264341209.0,22569877237.16
2021-04-12,600160,8.35,8.45,8.1,8.41,27432994.0,242391936.0,22704864541.21
2021-04-13,600160,8.28,8.38,8.1,8.16,16100126.0,141471211.0,22029928020.96
2021-04-14,600160,8.15,8.29,8.12,8.16,10856035.0,95198406.0,22029928020.96
2021-04-15,600160,8.13,8.24,7.95,8.23,14269243.0,123441855.0,22218910246.63
2021-04-16,600160,8.22,8.27,8.16,8.26,10788680.0,94952208.0,22299902629.059998
2021-04-19,600160,8.32,8.46,8.22,8.44,17550267.0,157155337.0,22785856923.64
2021-04-20,600160,8.59,8.76,8.47,8.55,23503978.0,215873133.0,23082828992.550003
2021-04-21,600160,8.41,8.52,8.38,8.41,13323366.0,120497373.0,22704864541.21
2021-04-22,600160,8.35,8.39,8.21,8.25,15724664.0,139729506.0,22272905168.25
2021-04-23,600160,8.29,8.33,8.15,8.29,10616537.0,93760770.0,22380895011.489998
2021-04-26,600160,8.32,8.38,8.18,8.19,12682756.0,112286512.0,22110920403.39
2021-04-27,600160,8.16,8.25,8.04,8.14,9662077.0,84341418.0,21975933099.34
2021-04-28,600160,8.1,8.21,8.05,8.14,7352481.0,64025933.0,21975933099.34
2021-04-29,600160,8.15,8.29,8.11,8.28,10867611.0,95431326.0,22353897550.679996
2021-04-30,600160,8.19,8.26,7.9,8.17,24567109.0,211984846.0,22056925481.77
2021-05-06,600160,8.14,8.58,8.11,8.49,29974711.0,271179824.0,22920844227.690002
2021-05-07,600160,8.6,8.7,8.5,8.53,22273841.0,204758345.0,23028834070.929996
2021-05-10,600160,8.55,8.71,8.45,8.71,23045031.0,212743570.0,23514788365.510002
2021-05-11,600160,8.62,8.64,8.43,8.6,17262452.0,157996146.0,23217816296.6
2021-05-12,600160,8.54,8.54,8.37,8.53,15385878.0,139387326.0,23028834070.929996
2021-05-13,600160,8.5,8.62,8.33,8.42,15763470.0,142785379.0,22731862002.02
2021-05-14,600160,8.42,8.8,8.28,8.71,32695438.0,300657921.0,23514788365.510002
2021-05-17,600160,8.72,9.04,8.6,9.0,38538885.0,365131674.0,24297714729.0
2021-05-18,600160,8.92,9.11,8.74,9.06,31685956.0,301648121.0,24459699493.86
2021-05-19,600160,9.0,9.15,8.83,9.04,27405414.0,264885020.0,24405704572.239998
2021-05-20,600160,9.05,9.11,8.85,8.87,18995942.0,182067224.0,23946747738.469997
2021-05-21,600160,8.87,8.94,8.76,8.77,16202342.0,152907757.0,23676773130.37
2021-05-24,600160,8.81,8.99,8.74,8.87,17556174.0,167212144.0,23946747738.469997
2021-05-25,600160,8.83,8.99,8.74,8.84,19392996.0,184055336.0,23865755356.04
2021-05-26,600160,8.87,9.11,8.67,9.05,31953192.0,305787949.0,24432702033.050003
2021-05-27,600160,9.11,9.17,8.99,9.07,22894481.0,222458502.0,24486696954.670002
2021-05-28,600160,9.06,9.29,9.02,9.2,31954402.0,313307787.0,24837663945.199997
2021-05-31,600160,9.3,9.4,9.13,9.31,33122705.0,329539649.0,25134636014.11
2021-06-01,600160,9.27,9.34,9.08,9.22,19717297.0,194232791.0,24891658866.820004
2021-06-02,600160,9.27,9.53,9.2,9.2,31977690.0,321101734.0,24837663945.199997
2021-06-03,600160,9.17,9.82,9.11,9.56,47714549.0,486859580.0,25809572534.36
2021-06-04,600160,9.51,9.88,9.44,9.78,36142049.0,375289500.0,26403516672.179996
2021-06-07,600160,9.79,10.08,9.68,9.82,40601596.0,428064463.0,26511506515.420002
2021-06-08,600160,9.77,9.8,9.46,9.62,26647504.0,274344660.0,25971557299.219997
2021-06-09,600160,9.67,9.81,9.5,9.62,21102923.0,218163193.0,25971557299.219997
2021-06-10,600160,9.6,9.79,9.54,9.62,21098510.0,217533697.0,25971557299.219997
2021-06-11,600160,8.88,9.13,8.66,8.66,75165164.0,701946634.0,23379801061.46
2021-06-15,600160,8.6,8.6,8.31,8.33,42679787.0,385678049.0,22488884854.73
2021-06-16,600160,8.43,8.62,8.31,8.35,29399897.0,263419359.0,22542879776.35
2021-06-17,600160,8.37,8.48,8.17,8.27,23616263.0,207514672.0,22326900089.87
2021-06-18,600160,8.31,8.43,8.24,8.31,19880818.0,175117279.0,22434889933.11
2021-06-21,600160,8.25,8.41,8.22,8.33,17024693.0,149731592.0,22488884854.73
2021-06-22,600160,8.46,8.63,8.31,8.4,23626480.0,211507631.0,22677867080.4
2021-06-23,600160,8.47,8.51,8.22,8.3,23447698.0,206584354.0,22407892472.300003
2021-06-24,600160,8.3,8.39,8.21,8.33,14243032.0,124886784.0,22488884854.73
2021-06-25,600160,8.37,8.37,8.13,8.15,21624122.0,187781418.0,22002930560.15
2021-06-28,600160,8.18,8.33,8.18,8.27,15885714.0,138713442.0,22326900089.87
2021-06-29,600160,8.29,8.51,8.22,8.38,24015396.0,213586716.0,22623872158.780003
2021-06-30,600160,8.42,8.46,8.29,8.35,13720092.0,121138995.0,22542879776.35
2021-07-01,600160,8.38,8.38,8.15,8.21,13808597.0,120458256.0,22164915325.010002
2021-07-02,600160,8.18,8.25,7.91,7.92,17301538.0,147165269.0,21381988961.52
2021-07-05,600160,8.6,8.63,8.25,8.63,43401336.0,389317798.0,23298808679.030003
2021-07-06,600160,9.16,9.49,8.89,9.38,97452429.0,963363349.0,25323618239.780003
2021-07-07,600160,9.07,9.64,8.98,9.48,81174547.0,806839452.0,25593592847.88
2021-07-08,600160,9.65,9.79,9.48,9.53,57992775.0,589248337.0,25728580151.929996
2021-07-09,600160,9.47,9.92,9.43,9.88,51825669.0,532462357.0,26673491280.280003
2021-07-12,600160,10.3,10.69,10.1,10.5,68652316.0,753906243.0,28347333850.5
2021-07-13,600160,10.27,10.89,10.2,10.87,54299871.0,611596435.0,29346239900.469997
2021-07-14,600160,10.72,10.99,10.5,10.55,47865732.0,543311473.0,28482321154.550003
2021-07-15,600160,10.54,11.61,10.54,11.42,92320258.0,1110768429.0,30831100245.02
2021-07-16,600160,11.45,12.41,11.37,11.71,101542769.0,1275635083.0,31614026608.510002
2021-07-19,600160,11.57,12.05,11.29,11.36,60398672.0,740925312.0,30669115480.16
2021-07-20,600160,11.08,11.57,10.81,11.35,49271046.0,587195674.0,30642118019.35
2021-07-21,600160,11.57,11.82,11.4,11.61,53248854.0,655594382.0,31344052000.41
2021-07-22,600160,11.69,11.88,11.4,11.58,40871334.0,501448202.0,31263059617.98
2021-07-23,600160,11.56,11.85,11.31,11.36,47367442.0,578644892.0,30669115480.16
2021-07-26,600160,11.61,12.06,11.25,11.51,66871866.0,824713322.0,31074077392.309998
2021-07-27,600160,11.83,12.65,11.37,11.44,78772626.0,1004772333.0,30885095166.64
2021-07-28,600160,11.12,11.41,10.5,10.88,62473014.0,719642091.0,29373237361.280003
2021-07-29,600160,11.24,11.4,10.91,11.18,50082159.0,590497957.0,30183161185.579998
2021-07-30,600160,11.06,11.2,10.78,11.13,35326236.0,409727587.0,30048173881.530003
2021-08-02,600160,11.21,11.61,10.95,11.18,44977124.0,533276645.0,30183161185.579998
2021-08-03,600160,10.94,11.07,10.39,10.45,48743246.0,549405073.0,28212346546.449997
2021-08-04,600160,10.37,10.93,10.37,10.9,33837566.0,384664033.0,29427232282.9
2021-08-05,600160,10.78,10.86,10.47,10.6,24077793.0,269973596.0,28617308458.6
2021-08-06,600160,10.63,11.27,10.51,11.21,41023685.0,476333072.0,30264153568.010002
2021-08-09,600160,11.24,11.31,10.72,11.0,37449331.0,432920808.0,29697206891.0
2021-08-10,600160,11.05,12.03,11.01,11.6,64692533.0,795555546.0,31317054539.6
2021-08-11,600160,11.91,12.14,11.61,11.8,48073077.0,602362668.0,31857003755.800003
2021-08-12,600160,11.76,12.87,11.54,12.47,69274182.0,909000005.0,33665833630.070004
2021-08-13,600160,12.33,12.71,12.06,12.24,40381602.0,525703250.0,33044892031.440002
2021-08-16,600160,12.57,12.66,11.85,11.91,45023687.0,582857367.0,32153975824.71
2021-08-17,600160,11.72,11.87,10.85,11.01,53315432.0,637495953.0,29724204351.809998
2021-08-18,600160,11.1,11.22,10.76,10.92,24529987.0,284764163.0,29481227204.52
2021-08-19,600160,10.92,11.18,10.7,11.02,23281311.0,269977118.0,29751201812.62
2021-08-20,600160,11.0,11.34,10.72,11.25,25683261.0,302335761.0,30372143411.25
2021-08-23,600160,11.28,11.8,11.28,11.66,38939569.0,478220572.0,31479039304.46
2021-08-24,600160,11.83,12.17,11.74,11.83,43223616.0,546038065.0,31937996138.23
2021-08-25,600160,11.84,13.01,11.54,13.01,90084513.0,1187594233.0,35123696513.81
2021-08-26,600160,13.23,14.31,13.08,14.31,85657901.0,1248383112.0,38633366419.11
2021-08-27,600160,14.72,15.37,13.7,15.07,152811612.0,2367579616.0,40685173440.67
2021-08-30,600160,15.59,16.23,14.83,15.08,132405699.0,2159183708.0,40712170901.48
2021-08-31,600160,15.03,16.25,14.95,16.05,119864206.0,1997301823.0,43330924600.05
2021-09-01,600160,15.85,16.11,14.45,14.45,116162917.0,1837112330.0,39011330870.45
2021-09-02,600160,14.1,15.1,14.1,14.9,96145946.0,1491655920.0,40226216606.9
2021-09-03,600160,14.34,14.98,13.76,14.04,90847965.0,1370804918.0,37904434977.24
2021-09-06,600160,14.31,14.64,13.8,14.38,66064698.0,999341351.0,38822348644.78
2021-09-07,600160,14.63,15.32,14.22,14.92,95558789.0,1499414573.0,40280211528.52
2021-09-08,600160,15.0,15.82,14.41,15.5,102012092.0,1626597623.0,41846064255.5
2021-09-09,600160,15.61,15.82,14.95,15.12,98718230.0,1588711037.0,40820160744.72
2021-09-10,600160,15.35,15.4,14.17,15.08,102462674.0,1619652708.0,40712170901.48
2021-09-13,600160,15.26,16.11,14.98,15.84,109836009.0,1822440133.0,42763977923.04
2021-09-14,600160,15.35,15.84,14.63,14.88,101459159.0,1621912818.0,40172221685.28
2021-09-15,600160,14.72,16.37,14.66,16.37,85345182.0,1415277415.0,44194843345.97
2021-09-16,600160,17.34,17.62,15.85,16.28,180811470.0,3207283074.0,43951866198.68
2021-09-17,600160,16.17,17.51,15.8,16.77,145758473.0,2577994114.0,45274741778.369995
2021-09-22,600160,16.44,18.45,16.44,18.45,98853039.0,1841822520.0,49810315194.45
2021-09-23,600160,18.92,19.26,17.11,17.92,145430021.0,2793722400.0,48379449771.520004
2021-09-24,600160,17.39,17.67,16.13,16.13,113371960.0,1977461142.0,43546904286.53
2021-09-27,600160,15.68,15.96,14.51,14.51,99971579.0,1572537493.0,39173315635.31
2021-09-28,600160,14.58,14.79,14.09,14.33,59286230.0,906320848.0,38687361340.73
2021-09-29,600160,14.21,14.69,13.42,13.46,70076233.0,1035973147.0,36338582250.26
2021-09-30,600160,13.68,14.27,13.54,14.11,48044719.0,711743310.0,38093417202.909996
2021-10-08,600160,14.43,14.47,13.0,13.58,71182153.0,1025507877.0,36662551779.98
2021-10-11,600160,13.54,13.81,13.1,13.61,35665304.0,510468030.0,36743544162.409996
2021-10-12,600160,13.44,13.84,12.71,13.11,43799489.0,609678352.0,35393671121.909996
2021-10-13,600160,13.1,13.48,12.9,13.37,28458551.0,399047075.0,36095605102.97
2021-10-14,600160,13.11,13.74,12.92,13.42,31075406.0,439839371.0,36230592407.02
2021-10-15,600160,13.4,13.68,13.14,13.47,33122160.0,471230560.0,36365579711.07
2021-10-18,600160,13.65,13.8,13.33,13.69,43176869.0,621859954.0,36959523848.89
2021-10-19,600160,13.64,14.27,13.42,14.21,51505702.0,760877174.0,38363391811.01
2021-10-20,600160,13.7,14.62,13.47,14.4,55709515.0,837061351.0,38876343566.4
2021-10-21,600160,14.28,14.69,14.21,14.27,43104163.0,658657257.0,38525376575.869995
2021-10-22,600160,14.27,14.58,13.89,13.98,39830245.0,599138144.0,37742450212.380005
2021-10-25,600160,13.75,14.36,13.75,14.19,38845657.0,582754886.0,38309396889.39
2021-10-26,600160,14.39,15.42,14.14,14.91,63444996.0,997756392.0,40253214067.71
2021-10-27,600160,14.87,15.77,14.74,15.7,68355116.0,1109353148.0,42386013471.7
2021-10-28,600160,15.59,15.63,14.41,14.89,66581037.0,1052882322.0,40199219146.090004
2021-10-29,600160,14.65,15.2,14.08,14.68,56797368.0,876650004.0,39632272469.08
2021-11-01,600160,14.36,14.79,14.13,14.46,42415367.0,649901400.0,39038328331.26
2021-11-02,600160,14.5,14.5,13.23,13.49,58192360.0,849534124.0,36419574632.69
2021-11-03,600160,13.45,13.68,13.18,13.59,30936744.0,441031624.0,36689549240.79
2021-11-04,600160,13.63,13.76,13.24,13.28,29637576.0,422099053.0,35852627955.68
2021-11-05,600160,13.19,13.36,11.95,11.95,73010760.0,957123030.0,32261965667.949997
2021-11-08,600160,11.96,12.11,11.65,12.0,43973182.0,554485374.0,32396952972.0
2021-11-09,600160,11.99,12.21,11.73,12.17,37046625.0,469506925.0,32855909805.77
2021-11-10,600160,12.01,12.05,11.58,11.89,33705590.0,421402152.0,32099980903.09
2021-11-11,600160,11.91,12.24,11.79,12.21,35175170.0,447489785.0,32963899649.010002
2021-11-12,600160,12.25,12.25,11.96,12.03,26908535.0,343297938.0,32477945354.429996
2021-11-15,600160,11.98,12.0,11.45,11.69,37303922.0,459861347.0,31560031686.89
2021-11-16,600160,11.69,11.8,11.36,11.43,27157818.0,332647870.0,30858097705.829998
2021-11-17,600160,11.38,11.66,11.38,11.56,23084345.0,282122700.0,31209064696.36
2021-11-18,600160,11.53,11.89,11.48,11.67,31540124.0,389789090.0,31506036765.27
2021-11-19,600160,11.67,12.18,11.48,11.86,40203645.0,503943337.0,32018988520.66
2021-11-22,600160,11.74,12.13,11.74,12.11,36320362.0,461568143.0,32693925040.91
2021-11-23,600160,12.11,12.33,11.97,12.04,28470078.0,364809894.0,32504942815.239998
2021-11-24,600160,12.01,12.5,11.87,12.38,36164665.0,466595248.0,33422856482.780003
2021-11-25,600160,12.41,13.18,12.22,13.05,63781787.0,865222358.0,35231686357.05
2021-11-26,600160,13.04,13.07,12.67,12.78,35952375.0,489150226.0,34502754915.18
2021-11-29,600160,12.5,12.68,12.36,12.6,28355714.0,376023796.0,34016800620.6
2021-11-30,600160,12.84,12.84,12.38,12.47,34193355.0,456269333.0,33665833630.070004
2021-12-01,600160,12.33,12.59,12.12,12.43,31195097.0,406684110.0,33557843786.829998
2021-12-02,600160,12.31,12.5,12.05,12.06,34080530.0,441399993.0,32558937736.86
2021-12-03,600160,12.12,12.21,11.96,12.01,29466517.0,375880421.0,32423950432.809998
2021-12-06,600160,12.41,12.84,12.22,12.27,64773243.0,859108139.0,33125884413.87
2021-12-07,600160,12.36,12.44,11.61,11.85,41642332.0,524301860.0,31991991059.85
2021-12-08,600160,11.81,12.34,11.77,12.19,32738520.0,420714488.0,32909904727.39
2021-12-09,600160,12.26,12.26,11.86,11.97,26903930.0,340403824.0,32315960589.570004
2021-12-10,600160,11.91,12.02,11.82,11.91,20726195.0,261136162.0,32153975824.71
2021-12-13,600160,12.15,12.62,12.05,12.52,50115354.0,656026670.0,33800820934.12
2021-12-14,600160,12.5,12.54,12.27,12.37,26110191.0,342581234.0,33395859021.969997
2021-12-15,600160,12.28,12.44,12.02,12.07,27693088.0,357106720.0,32585935197.670002
2021-12-16,600160,12.07,12.11,11.86,12.09,22067243.0,279684906.0,32639930119.29
2021-12-17,600160,12.08,12.17,11.9,11.9,23972105.0,303683361.0,32126978363.9
2021-12-20,600160,11.81,11.81,11.4,11.53,24874069.0,303536758.0,31128072313.929996
2021-12-21,600160,11.48,11.64,11.46,11.58,13146954.0,160934468.0,31263059617.98
2021-12-22,600160,11.57,11.98,11.52,11.8,18530123.0,231513339.0,31857003755.800003
2021-12-23,600160,11.88,11.88,11.68,11.7,11856205.0,147507527.0,31587029147.699997
2021-12-24,600160,11.69,11.71,11.38,11.44,16260007.0,197144541.0,30885095166.64
2021-12-27,600160,11.53,11.53,11.04,11.19,17810236.0,210788838.0,30210158646.39
2021-12-28,600160,11.26,11.62,11.21,11.55,17896107.0,217464998.0,31182067235.550003
2021-12-29,600160,11.62,11.86,11.51,11.7,24248412.0,301231112.0,31587029147.699997
2021-12-30,600160,11.77,12.46,11.74,12.12,43859960.0,566384498.0,32720922501.719997
2021-12-31,600160,12.12,12.27,12.0,12.2,25146881.0,323563063.0,32936902188.199997
2022-01-04,600160,12.28,12.4,12.02,12.1,23266478.0,299082463.0,32666927580.1
2022-01-05,600160,12.17,12.17,11.77,11.94,24664544.0,311549699.0,32234968207.14
2022-01-06,600160,11.85,11.95,11.73,11.82,15692641.0,196320111.0,31910998677.420002
2022-01-07,600160,11.84,11.87,11.56,11.57,19346509.0,238857987.0,31236062157.170002
2022-01-10,600160,11.55,11.68,11.46,11.59,12667847.0,155354051.0,31290057078.79
2022-01-11,600160,11.67,12.05,11.48,11.51,23842967.0,294428927.0,31074077392.309998
2022-01-12,600160,11.62,11.94,11.53,11.74,19634242.0,244207548.0,31695018990.940002
2022-01-13,600160,11.64,11.74,11.37,11.4,20059739.0,244140194.0,30777105323.4
2022-01-14,600160,11.34,11.47,11.21,11.3,15749605.0,188929358.0,30507130715.300003
2022-01-17,600160,11.34,11.51,11.29,11.38,14210980.0,171538476.0,30723110401.780003
2022-01-18,600160,11.38,11.45,11.25,11.32,15743683.0,189025591.0,30561125636.920002
2022-01-19,600160,11.27,11.43,11.26,11.35,14560996.0,175110583.0,30642118019.35
2022-01-20,600160,11.33,11.33,10.58,10.71,40259298.0,463856309.0,28914280527.510002
2022-01-21,600160,10.73,10.88,10.41,10.76,17801635.0,201864059.0,29049267831.559998
2022-01-24,600160,10.76,10.91,10.63,10.91,16061080.0,183249344.0,29454229743.71
2022-01-25,600160,11.34,11.88,11.28,11.45,63954204.0,782773780.0,30912092627.449997
2022-01-26,600160,11.79,12.6,11.55,12.6,88809406.0,1147378758.0,34016800620.6
2022-01-27,600160,12.43,12.59,12.07,12.13,59542321.0,772017357.0,32747919962.530003
2022-01-28,600160,12.16,12.41,11.86,12.19,43734929.0,562586499.0,32909904727.39
2022-02-07,600160,12.36,12.99,12.17,12.87,62978509.0,833815345.0,34745732062.47
2022-02-08,600160,12.66,13.08,12.55,13.06,56156407.0,759314102.0,35258683817.86
2022-02-09,600160,12.97,13.0,12.62,12.73,36584145.0,493133750.0,34367767611.130005
2022-02-10,600160,12.73,12.73,12.35,12.58,35844206.0,475205929.0,33962805698.98
2022-02-11,600160,12.46,12.91,12.41,12.64,34653280.0,465827976.0,34124790463.84
2022-02-14,600160,12.43,12.97,12.38,12.57,31754702.0,426133639.0,33935808238.170002
2022-02-15,600160,12.61,12.87,12.43,12.81,24435422.0,328380319.0,34583747297.61
2022-02-16,600160,12.85,12.94,12.66,12.82,24006012.0,324809737.0,34610744758.42
2022-02-17,600160,12.93,13.64,12.68,13.62,64933864.0,910463090.0,36770541623.22
2022-02-18,600160,13.42,13.74,13.21,13.53,40877529.0,581355950.0,36527564475.93
2022-02-21,600160,13.8,13.94,13.51,13.65,35608351.0,515800788.0,36851534005.65
2022-02-22,600160,13.56,14.38,13.46,14.07,60022904.0,889856409.0,37985427359.67
2022-02-23,600160,13.98,14.23,13.9,14.19,38179466.0,569033302.0,38309396889.39
2022-02-24,600160,14.17,14.83,13.72,14.05,79790232.0,1206178000.0,37931432438.05
2022-02-25,600160,14.31,14.46,13.64,13.67,59247200.0,878619982.0,36905528927.27
2022-02-28,600160,13.51,13.9,13.43,13.81,39113772.0,568344229.0,37283493378.61
2022-03-01,600160,13.83,14.27,13.73,14.17,46160887.0,687833469.0,38255401967.77
2022-03-02,600160,14.13,14.2,13.85,13.92,25671087.0,379720555.0,37580465447.52
2022-03-03,600160,14.07,14.1,13.63,13.69,27128209.0,396803218.0,36959523848.89
2022-03-04,600160,13.51,13.82,13.4,13.5,24832920.0,357416326.0,36446572093.5
2022-03-07,600160,13.23,13.41,12.86,13.02,38775426.0,538197710.0,35150693974.619995
2022-03-08,600160,13.01,13.16,12.3,12.48,46629832.0,623666351.0,33692831090.88
2022-03-09,600160,12.49,12.6,11.59,12.15,39586393.0,507889871.0,32801914884.15
2022-03-10,600160,12.47,12.91,12.38,12.77,37072864.0,496252178.0,34475757454.369995
2022-03-11,600160,12.56,12.83,12.29,12.74,26032855.0,346175034.0,34394765071.94
2022-03-14,600160,12.59,12.75,12.19,12.23,33105861.0,436354851.0,33017894570.63
2022-03-15,600160,12.09,12.36,11.68,11.7,29647748.0,376615033.0,31587029147.699997
2022-03-16,600160,11.91,12.28,11.48,12.27,41667471.0,525586162.0,33125884413.87
2022-03-17,600160,12.45,12.89,12.37,12.6,39621851.0,529671234.0,34016800620.6
2022-03-18,600160,12.48,12.78,12.48,12.74,20590348.0,276494043.0,34394765071.94
2022-03-21,600160,12.72,12.94,12.47,12.89,27711136.0,374244064.0,34799726984.090004
2022-03-22,600160,12.76,12.95,12.65,12.74,18583082.0,251405207.0,34394765071.94
2022-03-23,600160,12.76,13.2,12.7,13.0,24066779.0,331815677.0,35096699053.0
2022-03-24,600160,12.91,13.22,12.8,13.03,22355219.0,307996440.0,35177691435.43
2022-03-25,600160,12.95,13.08,12.76,12.76,17566018.0,240075840.0,34448759993.56
2022-03-28,600160,12.66,12.7,12.3,12.44,19356773.0,255123386.0,33584841247.64
2022-03-29,600160,12.55,12.6,12.18,12.49,22941821.0,301124241.0,33719828551.690002
2022-03-30,600160,12.59,12.75,12.44,12.71,17925685.0,239360524.0,34313772689.510002
2022-03-31,600160,12.66,12.74,12.32,12.34,17018820.0,224626344.0,33314866639.54
2022-04-01,600160,12.23,12.74,12.22,12.68,21009716.0,279518184.0,34232780307.079998
2022-04-06,600160,12.73,12.77,12.17,12.28,26125858.0,341845561.0,33152881874.679996
2022-04-07,600160,12.14,12.29,11.91,11.93,18820352.0,239989069.0,32207970746.329998
2022-04-08,600160,11.94,12.11,11.73,11.97,22075805.0,279269035.0,32315960589.570004
2022-04-11,600160,11.97,11.97,11.37,11.41,22398298.0,273969763.0,30804102784.21
2022-04-12,600160,11.43,11.83,11.16,11.8,23092031.0,281336380.0,31857003755.800003
2022-04-13,600160,11.63,11.76,11.47,11.48,14874917.0,182502081.0,30993085009.88
2022-04-14,600160,11.59,11.87,11.51,11.83,22209129.0,275277881.0,31937996138.23
2022-04-15,600160,11.69,11.69,11.4,11.48,18178264.0,221622489.0,30993085009.88
2022-04-18,600160,11.43,11.6,11.04,11.53,17345129.0,208136829.0,31128072313.929996
2022-04-19,600160,11.53,11.93,11.4,11.8,18204811.0,226941943.0,31857003755.800003
2022-04-20,600160,11.81,11.89,11.34,11.4,17045398.0,208667084.0,30777105323.4
2022-04-21,600160,11.24,11.38,10.81,10.89,25987444.0,303629382.0,29400234822.09
2022-04-22,600160,11.01,11.67,10.91,11.44,43080591.0,518551934.0,30885095166.64
2022-04-25,600160,11.44,11.44,10.3,10.3,46021209.0,518905430.0,27807384634.300003
2022-04-26,600160,10.15,10.17,9.39,9.42,49092605.0,505497752.0,25431608083.02
2022-04-27,600160,9.29,10.04,9.23,9.97,42736764.0,434683554.0,26916468427.570004
2022-04-28,600160,9.85,10.32,9.83,10.31,38357060.0,411683944.0,27834382095.11
2022-04-29,600160,10.09,10.72,9.84,10.72,43683571.0,470798311.0,28941277988.320004
2022-05-05,600160,10.67,10.67,10.35,10.46,36153051.0,401429966.0,28239344007.260002
2022-05-06,600160,10.17,10.31,9.98,10.02,32784894.0,351207642.0,27051455731.62
2022-05-09,600160,9.9,10.14,9.86,9.99,20596131.0,217369474.0,26970463349.190002
2022-05-10,600160,9.86,10.27,9.73,10.21,24799479.0,264271418.0,27564407487.010002
2022-05-11,600160,10.3,10.77,10.22,10.41,28735948.0,320373738.0,28104356703.21
2022-05-12,600160,10.42,10.55,10.25,10.39,21123374.0,232033766.0,28050361781.59
2022-05-13,600160,10.47,10.6,10.3,10.51,19738893.0,218501684.0,28374331311.309998
2022-05-16,600160,10.62,10.7,10.42,10.54,19683945.0,219699171.0,28455323693.739998
2022-05-17,600160,10.52,10.71,10.42,10.71,17420593.0,195464276.0,28914280527.510002
2022-05-18,600160,10.71,10.95,10.66,10.77,19717452.0,225897497.0,29076265292.37
2022-05-19,600160,10.56,11.16,10.49,11.11,29463742.0,341187032.0,29994178959.91
2022-05-20,600160,11.1,11.38,11.03,11.26,20293567.0,241089858.0,30399140872.059998
2022-05-23,600160,11.23,11.37,11.12,11.28,16686646.0,198880021.0,30453135793.679996
2022-05-24,600160,11.27,11.28,10.77,10.77,23484611.0,274172417.0,29076265292.37
2022-05-25,600160,10.78,10.98,10.66,10.87,19052215.0,217731703.0,29346239900.469997
2022-05-26,600160,10.85,11.02,10.64,10.96,18253879.0,209850172.0,29589217047.760002
2022-05-27,600160,11.0,11.18,10.77,10.85,15939656.0,184718909.0,29292244978.85
2022-05-30,600160,10.9,11.08,10.71,10.92,17573380.0,201906232.0,29481227204.52
2022-05-31,600160,10.92,11.11,10.8,11.04,22858870.0,265575638.0,29805196734.239998
2022-06-01,600160,11.04,11.31,10.99,11.1,23459194.0,276617719.0,29967181499.1
2022-06-02,600160,11.14,11.34,10.94,11.28,23189905.0,274122381.0,30453135793.679996
2022-06-06,600160,11.26,11.78,11.24,11.69,33917231.0,415647920.0,31560031686.89
2022-06-07,600160,11.74,11.74,11.45,11.58,20794445.0,254737451.0,31263059617.98
2022-06-08,600160,11.58,11.66,11.2,11.5,29099566.0,351280464.0,31047079931.5
2022-06-09,600160,11.47,11.62,11.23,11.38,20244486.0,241534151.0,30723110401.780003
2022-06-10,600160,11.25,11.73,11.21,11.72,28598881.0,347279677.0,31641024069.320004
2022-06-13,600160,11.58,12.07,11.51,11.92,33807880.0,419242871.0,32180973285.52
2022-06-14,600160,11.7,12.54,11.7,12.42,46600185.0,597006987.0,33530846326.02
2022-06-15,600160,12.65,12.8,12.17,12.18,42410426.0,552523184.0,32882907266.579998
2022-06-16,600160,12.14,12.56,12.08,12.21,28793594.0,370875318.0,32963899649.010002
2022-06-17,600160,12.08,12.31,11.96,12.21,27074215.0,345412482.0,32963899649.010002
2022-06-20,600160,12.24,12.45,12.06,12.27,26976132.0,347525227.0,33125884413.87
2022-06-21,600160,12.51,12.51,11.84,12.0,26534241.0,335271907.0,32396952972.0
2022-06-22,600160,11.97,12.1,11.62,11.67,23638011.0,293258518.0,31506036765.27
2022-06-23,600160,11.62,11.93,11.5,11.91,24091354.0,296142999.0,32153975824.71
2022-06-24,600160,11.89,12.41,11.82,12.31,26206344.0,334054160.0,33233874257.11
2022-06-27,600160,12.34,12.55,12.25,12.42,22990542.0,299051768.0,33530846326.02
2022-06-28,600160,12.42,12.87,12.22,12.76,32127175.0,421345556.0,34448759993.56
2022-06-29,600160,12.76,12.76,12.13,12.27,27380332.0,355924717.0,33125884413.87
2022-06-30,600160,12.41,12.82,12.3,12.56,29957907.0,395302951.0,33908810777.36
2022-07-01,600160,12.57,12.87,12.47,12.69,27340854.0,364608818.0,34259777767.89
2022-07-04,600160,12.75,13.5,12.64,13.49,53084606.0,736602586.0,36419574632.69
2022-07-05,600160,13.37,13.54,13.17,13.47,38580634.0,539878759.0,36365579711.07
2022-07-06,600160,13.42,13.45,13.06,13.19,28375464.0,391842376.0,35609650808.39
2022-07-07,600160,13.07,13.29,12.89,13.19,23642689.0,325535347.0,35609650808.39
2022-07-08,600160,13.27,13.34,12.74,13.04,32009836.0,435752772.0,35204688896.24
2022-07-11,600160,12.96,12.97,12.42,12.64,30110198.0,397897974.0,34124790463.84
2022-07-12,600160,12.63,12.69,12.3,12.32,21347501.0,278388236.0,33260871717.920002
2022-07-13,600160,12.33,12.88,12.1,12.84,28363610.0,373259322.0,34664739680.04
2022-07-14,600160,12.81,13.49,12.7,13.49,41572220.0,579590961.0,36419574632.69
2022-07-15,600160,14.04,14.8,13.8,13.94,90618163.0,1362178537.0,37634460369.14
2022-07-18,600160,14.21,15.34,13.83,15.34,95731598.0,1476745872.0,41414104882.54
2022-07-19,600160,15.34,16.41,15.09,15.93,90041380.0,1482943990.0,43006955070.33
2022-07-20,600160,15.78,16.33,15.78,16.03,49403853.0,828254395.0,43276929678.43
2022-07-21,600160,16.04,16.07,15.55,15.78,34872661.0,578298755.0,42601993158.18
2022-07-22,600160,15.72,15.88,14.78,15.05,56243619.0,893283878.0,40631178519.05
2022-07-25,600160,15.06,15.82,14.99,15.35,38045951.0,615482826.0,41441102343.35
2022-07-26,600160,15.53,15.66,14.99,15.3,25104097.0,401521154.0,41306115039.3
2022-07-27,600160,15.28,15.62,15.14,15.42,25162006.0,406576324.0,41630084569.02
2022-07-28,600160,15.47,16.29,15.37,16.01,44671778.0,743765986.0,43222934756.810005
2022-07-29,600160,16.09,16.81,15.96,16.51,52973795.0,907319455.0,44572807797.310005
2022-08-01,600160,16.77,16.9,16.32,16.65,36722316.0,637353916.0,44950772248.649994
2022-08-02,600160,16.25,16.38,15.73,16.01,48045060.0,808984603.0,43222934756.810005
2022-08-03,600160,16.09,16.44,15.57,15.68,35042201.0,588574573.0,42332018550.08
2022-08-04,600160,15.76,15.93,15.27,15.47,34653508.0,563852764.0,41765071873.07
2022-08-05,600160,15.58,16.19,15.34,16.11,30452012.0,503473552.0,43492909364.909996
2022-08-08,600160,16.02,16.1,15.55,15.88,29900452.0,495717018.0,42871967766.28
2022-08-09,600160,15.75,16.04,15.63,15.89,31512994.0,521592143.0,42898965227.090004
2022-08-10,600160,15.89,16.33,15.77,16.15,36814915.0,620403980.0,43600899208.149994
2022-08-11,600160,16.39,17.35,16.0,17.28,63723028.0,1123352407.0,46651612279.68
2022-08-12,600160,17.21,17.53,15.87,16.17,60009183.0,1050165976.0,43654894129.770004
2022-08-15,600160,16.18,16.79,16.05,16.43,37887412.0,655425798.0,44356828110.83
2022-08-16,600160,16.53,16.6,16.2,16.35,25688163.0,440494994.0,44140848424.350006
2022-08-17,600160,16.35,16.45,15.66,16.11,28900896.0,483852956.0,43492909364.909996
2022-08-18,600160,16.11,16.48,16.02,16.21,24123119.0,409573598.0,43762883973.01
2022-08-19,600160,16.2,16.25,15.58,15.75,23725678.0,394163950.0,42521000775.75
2022-08-22,600160,15.81,16.69,15.62,16.62,30271693.0,514187736.0,44869779866.22
2022-08-23,600160,16.57,16.79,16.31,16.67,23199542.0,402218125.0,45004767170.270004
2022-08-24,600160,16.87,16.88,15.42,15.49,37762924.0,629788934.0,41819066794.69
2022-08-25,600160,15.61,15.82,14.9,15.77,37169817.0,599072201.0,42574995697.369995
2022-08-26,600160,16.15,16.4,15.28,15.45,39863203.0,663517199.0,41711076951.45
2022-08-29,600160,15.34,15.76,15.15,15.57,25329543.0,411273791.0,42035046481.17
2022-08-30,600160,15.45,15.58,14.88,15.03,28972269.0,458184497.0,40577183597.43
2022-08-31,600160,15.16,15.33,14.71,14.99,30882824.0,485618138.0,40469193754.19
2022-09-01,600160,14.99,15.09,14.56,14.73,20291586.0,315573527.0,39767259773.130005
2022-09-02,600160,14.75,15.23,14.59,14.94,23286263.0,364099750.0,40334206450.14
2022-09-05,600160,14.96,15.66,14.88,15.45,28432395.0,459109936.0,41711076951.45
2022-09-06,600160,15.53,15.97,15.39,15.85,23473567.0,388702577.0,42790975383.85
2022-09-07,600160,15.66,15.97,15.66,15.8,14850744.0,245802939.0,42655988079.8
2022-09-08,600160,15.71,15.98,15.66,15.74,16151621.0,267174383.0,42494003314.94
2022-09-09,600160,15.79,16.06,15.61,15.74,15486812.0,256082631.0,42494003314.94
2022-09-13,600160,15.83,16.05,15.35,15.42,31827819.0,520273888.0,41630084569.02
2022-09-14,600160,15.14,15.39,14.85,14.95,25439307.0,400922117.0,40361203910.95
2022-09-15,600160,15.01,15.05,13.91,14.16,32284459.0,484694521.0,38228404506.96
2022-09-16,600160,14.18,14.31,13.71,13.82,31390812.0,457507429.0,37310490839.42
2022-09-19,600160,13.77,14.28,13.73,13.91,19718817.0,289064006.0,37553467986.71
2022-09-20,600160,14.0,14.33,13.96,14.03,17047847.0,252343550.0,37877437516.43
2022-09-21,600160,14.03,14.09,13.71,13.83,15600115.0,226421939.0,37337488300.23
2022-09-22,600160,13.72,14.19,13.69,14.04,17544643.0,257324208.0,37904434977.24
2022-09-23,600160,13.92,14.08,13.52,13.66,19052693.0,274037874.0,36878531466.46
2022-09-26,600160,13.51,14.03,13.44,13.69,21783764.0,315164051.0,36959523848.89
2022-09-27,600160,13.66,13.87,13.53,13.74,16564693.0,237084235.0,37094511152.94
2022-09-28,600160,13.83,13.84,13.27,13.27,21292382.0,299942799.0,35825630494.869995
2022-09-29,600160,13.35,13.66,13.35,13.43,16186638.0,228474137.0,36257589867.83
2022-09-30,600160,13.5,13.61,13.21,13.27,14618678.0,204456928.0,35825630494.869995
2022-10-10,600160,13.26,13.54,13.06,13.17,20812394.0,291050579.0,35555655886.77
2022-10-11,600160,13.28,13.63,13.19,13.51,24993644.0,352029682.0,36473569554.31
2022-10-12,600160,13.48,13.75,13.04,13.71,31472616.0,442466350.0,37013518770.51
2022-10-13,600160,13.66,13.8,13.52,13.58,17573578.0,251101445.0,36662551779.98
2022-10-14,600160,13.71,14.04,13.45,13.91,25326288.0,365789307.0,37553467986.71
2022-10-17,600160,13.85,14.0,13.62,13.81,17939585.0,258870088.0,37283493378.61
2022-10-18,600160,13.94,14.63,13.84,14.41,32220285.0,480915320.0,38903341027.21
2022-10-19,600160,14.98,15.4,14.8,15.11,50834355.0,805674622.0,40793163283.909996
2022-10-20,600160,15.08,15.76,14.9,15.41,47502081.0,768088165.0,41603087108.21
2022-10-21,600160,15.34,15.76,15.28,15.43,27370260.0,444495673.0,41657082029.83
2022-10-24,600160,15.33,15.59,15.05,15.21,33883900.0,544305174.0,41063137892.01
2022-10-25,600160,15.06,15.59,14.74,15.42,33354857.0,529690278.0,41630084569.02
2022-10-26,600160,15.47,16.15,15.3,16.02,38776842.0,641641431.0,43249932217.619995
2022-10-27,600160,16.03,16.11,15.41,15.41,34611020.0,569156275.0,41603087108.21
2022-10-28,600160,15.6,15.62,14.99,15.05,34559372.0,552544728.0,40631178519.05
2022-10-31,600160,14.95,15.19,14.82,14.98,24742100.0,388651569.0,40442196293.380005
2022-11-01,600160,15.13,16.0,15.0,15.97,40053604.0,659111039.0,43114944913.57
2022-11-02,600160,15.78,16.07,15.74,15.85,25199136.0,419723823.0,42790975383.85
2022-11-03,600160,15.71,17.23,15.67,17.11,54693772.0,958959678.0,46192655445.909996
2022-11-04,600160,16.99,17.32,16.89,17.19,37182208.0,667103511.0,46408635132.39001
2022-11-07,600160,17.11,17.27,16.79,17.09,29781099.0,531222966.0,46138660524.29
2022-11-08,600160,17.13,17.54,17.01,17.24,32016485.0,579513275.0,46543622436.439995
2022-11-09,600160,17.11,18.01,17.07,17.5,42826757.0,791080496.0,47245556417.5
2022-11-10,600160,17.48,17.49,16.73,16.79,34855502.0,619055402.0,45328736699.99
2022-11-11,600160,17.23,17.51,16.97,17.33,36883554.0,666146582.0,46786599583.729996
2022-11-14,600160,17.11,17.38,16.39,16.5,35752882.0,626183767.0,44545810336.5
2022-11-15,600160,16.54,16.85,16.45,16.71,21206540.0,371035068.0,45112757013.51
2022-11-16,600160,16.83,17.13,16.53,16.63,18867849.0,330609848.0,44896777327.03
2022-11-17,600160,16.6,16.62,16.14,16.49,21480533.0,367309158.0,44518812875.689995
2022-11-18,600160,16.51,16.98,16.24,16.5,22209488.0,386292510.0,44545810336.5
2022-11-21,600160,16.41,16.97,16.37,16.72,25193219.0,442181167.0,45139754474.32
2022-11-22,600160,16.66,16.83,16.22,16.32,21078443.0,362697577.0,44059856041.92
2022-11-23,600160,16.26,16.62,16.16,16.36,15656492.0,268455759.0,44167845885.159996
2022-11-24,600160,16.4,16.74,16.25,16.47,15350345.0,265283129.0,44464817954.07
2022-11-25,600160,16.34,16.43,16.05,16.15,17667058.0,299070322.0,43600899208.149994
2022-11-28,600160,15.75,16.25,15.48,16.1,17852810.0,299428035.0,43465911904.100006
2022-11-29,600160,16.15,16.27,15.83,15.87,20546211.0,344059677.0,42844970305.47
2022-11-30,600160,15.97,16.23,15.68,16.09,22465700.0,375426974.0,43438914443.29
2022-12-01,600160,16.05,16.36,15.95,16.12,23497805.0,397462992.0,43519906825.72
2022-12-02,600160,16.16,16.43,16.05,16.07,19313406.0,327948607.0,43384919521.67
2022-12-05,600160,16.05,16.16,15.46,15.48,32408682.0,531078647.0,41792069333.880005
2022-12-06,600160,15.48,15.9,15.36,15.82,23048413.0,378842091.0,42709983001.42
2022-12-07,600160,15.76,16.04,15.61,15.81,17387747.0,288675589.0,42682985540.61
2022-12-08,600160,15.76,16.5,15.66,16.12,22691723.0,384303724.0,43519906825.72
2022-12-09,600160,16.13,16.28,15.89,15.98,18610015.0,313075513.0,43141942374.380005
2022-12-12,600160,15.88,16.17,15.62,15.74,18097704.0,299286672.0,42494003314.94
2022-12-13,600160,15.76,15.87,15.32,15.34,19741630.0,320509355.0,41414104882.54
2022-12-14,600160,15.35,15.67,15.25,15.26,19406429.0,312500182.0,41198125196.06
2022-12-15,600160,15.24,15.54,15.2,15.46,12654010.0,204198682.0,41738074412.26
2022-12-16,600160,15.38,15.42,14.9,15.07,20533178.0,323385451.0,40685173440.67
2022-12-19,600160,15.07,15.25,14.99,15.05,19068337.0,301618698.0,40631178519.05
2022-12-20,600160,14.99,15.16,14.84,14.94,14764600.0,231574675.0,40334206450.14
2022-12-21,600160,14.98,15.12,14.77,14.95,11256823.0,175922987.0,40361203910.95
2022-12-22,600160,15.1,15.1,14.5,14.54,14403564.0,221827087.0,39254308017.74
2022-12-23,600160,14.55,14.65,14.3,14.44,12476588.0,188812875.0,38984333409.64
2022-12-26,600160,14.44,15.01,14.34,14.97,14117749.0,219244091.0,40415198832.57
2022-12-27,600160,15.04,15.04,14.51,14.8,18433066.0,284394471.0,39956241998.8
2022-12-28,600160,14.81,14.86,14.47,14.57,16222606.0,247827986.0,39335300400.17
2022-12-29,600160,14.47,15.06,14.43,14.83,14568078.0,226152039.0,40037234381.23
2022-12-30,600160,14.85,15.23,14.77,14.81,16499567.0,258634479.0,39983239459.61
2023-01-03,600160,14.84,15.28,14.69,15.19,27123877.0,427922371.0,41009142970.39
2023-01-04,600160,15.19,15.42,15.06,15.28,21589510.0,344965159.0,41252120117.68
2023-01-05,600160,15.39,15.47,15.2,15.39,15983087.0,257052766.0,41549092186.590004
2023-01-06,600160,15.42,15.83,15.31,15.66,18958894.0,310463746.0,42278023628.46
2023-01-09,600160,15.66,15.93,15.66,15.69,13543833.0,223681456.0,42359016010.89
2023-01-10,600160,15.76,15.82,15.52,15.69,12817066.0,210530883.0,42359016010.89
2023-01-11,600160,15.76,15.79,15.47,15.53,12929850.0,211547545.0,41927056637.93
2023-01-12,600160,15.63,15.78,15.48,15.61,9997199.0,163918058.0,42143036324.409996
2023-01-13,600160,15.96,16.0,15.15,15.34,27819600.0,449039314.0,41414104882.54
2023-01-16,600160,15.3,15.72,15.12,15.29,27076570.0,437014787.0,41279117578.49
2023-01-17,600160,15.29,15.42,15.2,15.33,11781697.0,189075244.0,41387107421.73
2023-01-18,600160,15.41,15.54,15.27,15.45,14759526.0,238608861.0,41711076951.45
2023-01-19,600160,15.45,15.45,15.13,15.31,17470699.0,278955939.0,41333112500.11
2023-01-20,600160,15.34,15.54,15.27,15.54,19203244.0,309976964.0,41954054098.74
2023-01-30,600160,15.57,15.82,15.32,15.38,28304675.0,459967925.0,41522094725.78
2023-01-31,600160,15.35,15.88,15.2,15.83,36788726.0,603561151.0,42736980462.23
2023-02-01,600160,15.79,15.95,15.62,15.88,37895557.0,627892697.0,42871967766.28
2023-02-02,600160,15.95,16.34,15.81,16.17,35770300.0,603705425.0,43654894129.770004
2023-02-03,600160,16.14,16.17,15.68,15.85,33325563.0,552128942.0,42790975383.85
2023-02-06,600160,15.76,15.85,15.2,15.33,32658178.0,526030858.0,41387107421.73
2023-02-07,600160,15.39,15.42,15.12,15.33,18938837.0,302564202.0,41387107421.73
2023-02-08,600160,15.26,15.3,15.12,15.13,16382731.0,260675928.0,40847158205.53
2023-02-09,600160,15.1,15.27,15.06,15.25,15189747.0,241925631.0,41171127735.25
2023-02-10,600160,15.2,16.52,15.17,16.14,65429030.0,1096117869.0,43573901747.340004
2023-02-13,600160,16.41,16.52,16.01,16.32,45524021.0,774418370.0,44059856041.92
2023-02-14,600160,16.38,17.08,16.32,16.89,59620978.0,1046098179.0,45598711308.090004
2023-02-15,600160,16.9,17.36,16.82,17.24,55813291.0,1002314427.0,46543622436.439995
2023-02-16,600160,17.18,17.43,16.47,16.64,53456042.0,946838322.0,44923774787.840004
2023-02-17,600160,16.69,16.82,16.41,16.69,30266595.0,527576502.0,45058762091.89001
2023-02-20,600160,16.53,17.04,16.53,17.0,30848751.0,543273987.0,45895683377.0
2023-02-21,600160,17.0,17.26,16.89,17.02,20184546.0,360203439.0,45949678298.619995
2023-02-22,600160,16.98,17.0,16.67,16.89,20667531.0,364534848.0,45598711308.090004
2023-02-23,600160,16.89,17.17,16.89,17.01,20831810.0,371587255.0,45922680837.810005
2023-02-24,600160,17.05,17.78,16.94,17.47,42495280.0,778829294.0,47164564035.07
2023-02-27,600160,17.33,18.6,17.16,18.21,53810861.0,1019440965.0,49162376135.01
2023-02-28,600160,18.1,18.23,17.81,17.99,32910173.0,620313222.0,48568431997.189995
2023-03-01,600160,18.07,18.39,17.92,18.3,30908341.0,588251455.0,49405353282.3
2023-03-02,600160,18.2,18.3,17.95,18.1,20853824.0,395120458.0,48865404066.100006
2023-03-03,600160,18.09,18.47,17.85,18.31,27307160.0,520956522.0,49432350743.10999
2023-03-06,600160,18.19,18.38,17.79,18.18,29155117.0,552245664.0,49081383752.58
2023-03-07,600160,18.0,18.22,17.73,17.75,21002994.0,394063201.0,47920492937.75
2023-03-08,600160,17.67,17.91,17.53,17.71,22318168.0,412708303.0,47812503094.51
2023-03-09,600160,17.76,17.99,17.63,17.67,13133093.0,244476521.0,47704513251.270004
2023-03-10,600160,17.58,17.72,17.2,17.33,19753938.0,359942105.0,46786599583.729996
2023-03-13,600160,17.29,17.4,17.04,17.26,23189904.0,417961140.0,46597617358.060005
2023-03-14,600160,17.28,17.31,16.84,16.99,18379608.0,327731468.0,45868685916.189995
2023-03-15,600160,17.11,17.61,17.06,17.11,18842046.0,341632830.0,46192655445.909996
2023-03-16,600160,17.0,17.14,16.53,16.62,22290953.0,391039801.0,44869779866.22
2023-03-17,600160,16.82,16.93,16.52,16.57,16133995.0,282556913.0,44734792562.17
2023-03-20,600160,16.43,16.78,16.24,16.55,16492752.0,285116945.0,44680797640.55
2023-03-21,600160,16.6,16.96,16.48,16.72,15489676.0,271400876.0,45139754474.32
2023-03-22,600160,16.81,16.99,16.31,16.34,19971814.0,346343703.0,44113850963.54
2023-03-23,600160,16.29,16.44,16.06,16.27,16603690.0,282393390.0,43924868737.869995
2023-03-24,600160,16.27,16.27,15.77,16.01,23959186.0,400951459.0,43222934756.810005
2023-03-27,600160,15.95,16.27,15.76,16.23,22786555.0,384236158.0,43816878894.630005
2023-03-28,600160,16.43,16.88,16.32,16.39,31387775.0,543973946.0,44248838267.590004
2023-03-29,600160,16.37,16.73,16.24,16.26,22050114.0,380765898.0,43897871277.060005
2023-03-30,600160,16.2,16.51,16.05,16.49,22073195.0,377150558.0,44518812875.689995
2023-03-31,600160,16.43,16.93,16.39,16.89,24156720.0,423332145.0,45598711308.090004
2023-04-03,600160,16.9,17.05,16.54,16.78,25166606.0,442522479.0,45301739239.18
2023-04-04,600160,16.7,16.7,16.08,16.18,25969244.0,442768420.0,43681891590.58
2023-04-06,600160,16.15,16.2,15.58,15.85,26847564.0,446331073.0,42790975383.85
2023-04-07,600160,15.81,16.73,15.71,16.44,25849716.0,442373626.0,44383825571.64001
2023-04-10,600160,16.62,17.42,16.52,17.37,45243884.0,815556952.0,46894589426.97
2023-04-11,600160,17.19,17.33,16.9,17.0,20693680.0,369541358.0,45895683377.0
2023-04-12,600160,17.03,17.56,17.01,17.34,33047033.0,599149934.0,46813597044.54
2023-04-13,600160,17.24,17.54,16.87,16.99,27136180.0,485359698.0,45868685916.189995
2023-04-14,600160,16.93,17.1,16.74,16.77,19554469.0,345261864.0,45274741778.369995
2023-04-17,600160,16.95,17.5,16.95,17.5,30929132.0,560958825.0,47245556417.5
2023-04-18,600160,17.38,17.71,17.26,17.56,21011585.0,384491758.0,47407541182.35999
2023-04-19,600160,17.43,18.06,17.34,17.86,32575585.0,605957453.0,48217465006.659996
2023-04-20,600160,17.85,18.19,17.45,17.67,34363495.0,636321852.0,47704513251.270004
2023-04-21,600160,17.1,17.1,15.95,16.32,79653461.0,1375026213.0,44059856041.92
2023-04-24,600160,16.16,16.67,15.69,15.9,42019184.0,707682663.0,42925962687.9
2023-04-25,600160,15.82,15.93,14.87,15.16,42914481.0,686911419.0,40928150587.96
2023-04-26,600160,15.09,15.54,15.09,15.51,24773416.0,398817587.0,41873061716.31
2023-04-27,600160,15.5,15.52,14.84,15.2,33797481.0,536388728.0,41036140431.2
2023-04-28,600160,15.09,15.34,14.32,14.47,49255966.0,755330870.0,39065325792.07
2023-05-04,600160,14.43,14.48,14.14,14.29,28436479.0,425615963.0,38579371497.49
2023-05-05,600160,14.33,14.38,13.84,14.15,25075164.0,368860774.0,38201407046.15
2023-05-08,600160,14.13,14.48,13.91,14.18,24351884.0,361355482.0,38282399428.58
2023-05-09,600160,14.14,14.45,13.75,13.8,33686653.0,494674748.0,37256495917.8
2023-05-10,600160,13.75,13.94,13.64,13.9,16937638.0,244592741.0,37526470525.9
2023-05-11,600160,13.9,13.93,13.5,13.52,23715331.0,338037092.0,36500567015.119995
2023-05-12,600160,13.52,13.64,13.24,13.27,17257458.0,241418905.0,35825630494.869995
2023-05-15,600160,13.29,13.49,13.23,13.42,14735077.0,206130742.0,36230592407.02
2023-05-16,600160,13.43,13.47,13.18,13.25,16214427.0,225535242.0,35771635573.25
2023-05-17,600160,13.24,13.37,13.08,13.15,17505354.0,241931341.0,35501660965.15
2023-05-18,600160,13.18,13.23,12.9,12.97,15179358.0,206959648.0,35015706670.57
2023-05-19,600160,12.95,13.11,12.81,12.96,11804410.0,160050715.0,34988709209.76
2023-05-22,600160,13.0,13.35,12.91,13.26,21076414.0,290457180.0,35798633034.06
2023-05-23,600160,13.28,13.42,13.18,13.22,17662634.0,245829954.0,35690643190.82
2023-05-24,600160,13.18,13.58,13.05,13.38,19932361.0,278859001.0,36122602563.78
2023-05-25,600160,13.37,13.46,13.07,13.28,17356444.0,240506384.0,35852627955.68
2023-05-26,600160,13.27,13.27,12.99,13.0,11021461.0,150991404.0,35096699053.0
2023-05-29,600160,12.99,13.07,12.73,12.89,18914061.0,254914382.0,34799726984.090004
2023-05-30,600160,12.89,12.92,12.54,12.79,17698587.0,235174129.0,34529752375.99
2023-05-31,600160,12.78,12.86,12.42,12.56,17021238.0,223704589.0,33908810777.36
2023-06-01,600160,12.55,12.83,12.44,12.64,13024468.0,173003535.0,34124790463.84
2023-06-02,600160,12.64,13.29,12.64,13.23,24399200.0,334282318.0,35717640651.630005
2023-06-05,600160,13.36,13.37,13.1,13.28,11835378.0,164193575.0,35852627955.68
2023-06-06,600160,13.47,13.71,13.1,13.16,26373514.0,369428888.0,35528658425.96
2023-06-07,600160,13.19,13.23,12.81,12.89,15027532.0,203521529.0,34799726984.090004
2023-06-08,600160,12.93,12.99,12.72,12.87,9512968.0,128130219.0,34745732062.47
2023-06-09,600160,12.87,12.92,12.67,12.74,16189026.0,216385773.0,34394765071.94
2023-06-12,600160,12.8,13.08,12.71,13.05,14973618.0,202903220.0,35231686357.05
2023-06-13,600160,13.05,13.1,12.87,12.95,8455956.0,114732280.0,34961711748.95
2023-06-14,600160,13.16,13.52,13.06,13.29,25284333.0,352016583.0,35879625416.49
2023-06-15,600160,13.31,13.54,13.18,13.49,19435470.0,272583060.0,36419574632.69
2023-06-16,600160,13.47,13.47,12.86,12.88,35935513.0,490673361.0,34772729523.28
2023-06-19,600160,12.88,13.04,12.78,12.96,21605158.0,292454958.0,34988709209.76
2023-06-20,600160,12.83,13.29,12.81,13.18,22044919.0,301822428.0,35582653347.58
2023-06-21,600160,13.18,13.18,12.68,12.69,17581366.0,236881941.0,34259777767.89
2023-06-26,600160,12.64,12.87,12.53,12.71,14166287.0,188253986.0,34313772689.510002
2023-06-27,600160,12.71,13.07,12.66,12.95,15319949.0,207638315.0,34961711748.95
2023-06-28,600160,12.97,12.99,12.66,12.79,10585957.0,141666072.0,34529752375.99
2023-06-29,600160,12.82,12.82,12.46,12.61,17218791.0,226540854.0,34043798081.41
2023-06-30,600160,12.54,13.2,12.5,13.16,31154498.0,423899445.0,35528658425.96
2023-07-03,600160,13.21,13.27,12.96,12.99,18795547.0,256948717.0,35069701592.19
2023-07-04,600160,13.03,13.05,12.75,12.76,21518815.0,289063060.0,34448759993.56
2023-07-05,600160,12.78,12.81,12.48,12.59,22271549.0,293933190.0,33989803159.79
2023-07-06,600160,12.57,12.63,12.44,12.54,11600714.0,152124697.0,33854815855.739998
2023-07-07,600160,12.57,12.62,12.44,12.51,10521585.0,137861068.0,33773823473.309998
2023-07-10,600160,12.56,13.46,12.53,13.32,53872788.0,742684445.0,35960617798.92
2023-07-11,600160,13.18,13.32,12.87,13.21,29510976.0,403736221.0,35663645730.01
2023-07-12,600160,13.2,13.92,13.13,13.8,55261669.0,791548648.0,37256495917.8
2023-07-13,600160,13.82,14.19,13.67,14.06,41407352.0,595772532.0,37958429898.86
2023-07-14,600160,14.06,14.3,13.85,14.14,36469121.0,526215420.0,38174409585.340004
2023-07-17,600160,14.14,14.83,14.03,14.5,40153498.0,598840177.0,39146318174.5
2023-07-18,600160,14.58,14.72,14.31,14.55,26685343.0,397931842.0,39281305478.55
2023-07-19,600160,14.55,14.94,14.52,14.57,23116891.0,349330685.0,39335300400.17
2023-07-20,600160,14.58,15.09,14.58,14.85,35622856.0,544402588.0,40091229302.85
2023-07-21,600160,14.7,15.69,14.65,15.44,38442948.0,605553168.0,41684079490.64
2023-07-24,600160,15.25,15.53,14.91,14.97,25452736.0,396316613.0,40415198832.57
2023-07-25,600160,15.05,15.33,14.79,14.82,25179060.0,387958928.0,40010236920.42
2023-07-26,600160,14.82,15.12,14.79,14.94,17202591.0,264655225.0,40334206450.14
2023-07-27,600160,15.04,15.04,14.54,14.59,24474115.0,369200428.0,39389295321.79
2023-07-28,600160,14.71,14.77,14.44,14.67,23449230.0,351490596.0,39605275008.27
2023-07-31,600160,14.71,14.78,14.49,14.52,14934488.0,224038093.0,39200313096.119995
2023-08-01,600160,14.6,14.6,14.25,14.3,13112439.0,193586724.0,38606368958.3
2023-08-02,600160,14.26,14.37,13.99,14.22,15889703.0,231074710.0,38390389271.82
2023-08-03,600160,14.14,14.6,14.09,14.52,14266576.0,211505665.0,39200313096.119995
2023-08-04,600160,14.6,14.71,14.35,14.35,13659527.0,203679276.0,38741356262.35
2023-08-07,600160,14.31,14.6,14.21,14.46,14373456.0,213121789.0,39038328331.26
2023-08-08,600160,14.46,15.91,14.37,15.91,47777996.0,753940292.0,42952960148.71
2023-08-09,600160,16.25,16.66,15.65,16.21,73916011.0,1226271451.0,43762883973.01
2023-08-10,600160,16.39,16.55,15.83,15.91,55530324.0,921290642.0,42952960148.71
2023-08-11,600160,15.99,16.43,15.86,16.05,31825625.0,529303599.0,43330924600.05
2023-08-14,600160,15.87,16.45,15.78,16.25,33675631.0,558961094.0,43870873816.25
2023-08-15,600160,16.22,16.57,15.86,16.04,23255043.0,384827087.0,43303927139.24
2023-08-16,600160,16.06,16.21,15.83,15.85,15238695.0,250117029.0,42790975383.85
2023-08-17,600160,15.8,15.92,15.34,15.59,17823563.0,286823598.0,42089041402.79
2023-08-18,600160,15.72,15.97,15.62,15.7,15964946.0,259296809.0,42386013471.7
2023-08-21,600160,15.64,15.92,15.47,15.51,11460899.0,184085112.0,41873061716.31
2023-08-22,600160,15.47,15.58,15.13,15.44,17260668.0,271974612.0,41684079490.64
2023-08-23,600160,15.45,15.47,15.17,15.19,8622531.0,135797162.0,41009142970.39
2023-08-24,600160,15.19,15.33,14.93,15.04,15213222.0,235369791.0,40604181058.24
2023-08-25,600160,15.02,15.23,14.87,15.05,15289880.0,235861625.0,40631178519.05
2023-08-28,600160,15.84,15.84,14.92,14.95,20367682.0,318089380.0,40361203910.95
2023-08-29,600160,14.79,15.55,14.72,15.4,20676647.0,324538820.0,41576089647.4
2023-08-30,600160,15.39,15.72,15.17,15.59,15275381.0,243086446.0,42089041402.79
2023-08-31,600160,15.59,16.11,15.59,15.95,17106799.0,280183104.0,43060949991.95
2023-09-01,600160,15.96,16.01,15.58,15.65,10076929.0,162902298.0,42251026167.65
2023-09-04,600160,15.73,16.36,15.69,16.06,15224357.0,251822422.0,43357922060.85999
2023-09-05,600160,16.06,16.06,15.74,15.84,9849338.0,160524339.0,42763977923.04
2023-09-06,600160,15.78,15.78,15.39,15.61,16861738.0,270077072.0,42143036324.409996
2023-09-07,600160,15.62,15.77,15.49,15.59,9706941.0,155795227.0,42089041402.79
2023-09-08,600160,15.55,15.73,15.3,15.59,9363654.0,149400180.0,42089041402.79
2023-09-11,600160,15.75,15.96,15.58,15.73,9814932.0,159006521.0,42467005854.130005
2023-09-12,600160,15.69,16.31,15.62,16.2,17235839.0,284452450.0,43735886512.2
2023-09-13,600160,16.22,16.43,15.28,15.43,25203317.0,406076789.0,41657082029.83
2023-09-14,600160,15.44,15.61,15.37,15.57,10669365.0,169924899.0,42035046481.17
2023-09-15,600160,15.64,15.66,14.75,15.08,22431514.0,348161127.0,40712170901.48
2023-09-18,600160,15.05,15.34,14.84,15.25,11275431.0,174486025.0,41171127735.25
2023-09-19,600160,15.22,15.48,14.95,15.18,13711290.0,213883384.0,40982145509.58
2023-09-20,600160,15.19,15.71,15.1,15.45,15283840.0,242677311.0,41711076951.45
2023-09-21,600160,15.32,15.44,14.89,14.94,10216140.0,158372739.0,40334206450.14
2023-09-22,600160,14.84,15.02,14.28,14.42,26887448.0,402328285.0,38930338488.02
2023-09-25,600160,14.43,14.66,14.38,14.49,11037448.0,164588423.0,39119320713.69
2023-09-26,600160,14.44,14.99,14.32,14.83,13593300.0,205604230.0,40037234381.23
2023-09-27,600160,14.84,15.06,14.75,14.87,8662317.0,132673271.0,40145224224.47
2023-09-28,600160,14.87,15.11,14.74,14.81,7505910.0,114815632.0,39983239459.61
2023-10-09,600160,14.82,15.52,14.82,15.13,12348576.0,193501368.0,40847158205.53
2023-10-10,600160,15.14,15.22,14.95,14.99,6460812.0,99961619.0,40469193754.19
2023-10-11,600160,15.01,15.08,14.71,14.72,8379341.0,127410025.0,39740262312.32
2023-10-12,600160,14.84,15.12,14.75,14.94,7581270.0,116343917.0,40334206450.14
2023-10-13,600160,14.81,14.82,14.47,14.5,10521181.0,157536113.0,39146318174.5
2023-10-16,600160,14.49,14.54,13.91,14.23,15210902.0,221012555.0,38417386732.630005
2023-10-17,600160,14.32,14.32,13.98,14.26,7652281.0,111340460.0,38498379115.06
2023-10-18,600160,14.19,14.24,13.95,13.97,5756605.0,83049162.0,37715452751.57
2023-10-19,600160,13.92,14.06,13.82,13.84,6419265.0,91832951.0,37364485761.04
2023-10-20,600160,13.82,14.02,13.65,13.9,7934193.0,113319240.0,37526470525.9
2023-10-23,600160,13.79,13.91,13.45,13.53,8229019.0,115665191.0,36527564475.93
2023-10-24,600160,13.56,13.84,13.53,13.61,8736763.0,122744410.0,36743544162.409996
2023-10-25,600160,13.78,14.19,13.78,13.89,9154633.0,131645669.0,37499473065.090004
2023-10-26,600160,13.83,13.83,13.43,13.65,10465187.0,146101177.0,36851534005.65
2023-10-27,600160,13.66,14.45,13.59,14.37,20372308.0,296801219.0,38795351183.97
2023-10-30,600160,14.35,14.79,14.26,14.61,14348828.0,214497766.0,39443290243.409996
2023-10-31,600160,14.59,14.81,14.53,14.74,8345668.0,125878471.0,39794257233.94
2023-11-01,600160,14.83,14.83,14.45,14.57,7566956.0,113289229.0,39335300400.17
2023-11-02,600160,14.6,14.69,14.38,14.4,5803388.0,86317775.0,38876343566.4
2023-11-03,600160,14.4,14.76,14.34,14.64,11036204.0,165653079.0,39524282625.840004
2023-11-06,600160,14.71,14.94,14.65,14.71,9599949.0,145829110.0,39713264851.51
2023-11-07,600160,14.73,14.92,14.58,14.79,7504949.0,113686696.0,39929244537.99
2023-11-08,600160,14.76,14.8,14.42,14.5,9270000.0,139113873.0,39146318174.5
2023-11-09,600160,14.5,14.66,14.42,14.45,8163061.0,121885859.0,39011330870.45
2023-11-10,600160,14.41,14.45,14.26,14.33,7044530.0,103772308.0,38687361340.73
2023-11-13,600160,14.36,14.44,14.17,14.37,7759368.0,113778819.0,38795351183.97
2023-11-14,600160,14.38,14.65,14.29,14.44,7348530.0,109419090.0,38984333409.64
2023-11-15,600160,14.55,15.27,14.52,14.98,22518547.0,345789253.0,40442196293.380005
2023-11-16,600160,14.92,14.92,14.62,14.65,13163506.0,199267872.0,39551280086.65
2023-11-17,600160,14.63,14.82,14.53,14.65,7105337.0,107063953.0,39551280086.65
2023-11-20,600160,14.69,14.87,14.57,14.79,9644900.0,145696008.0,39929244537.99
2023-11-21,600160,14.79,15.18,14.71,15.06,13702795.0,211554288.0,40658175979.86
2023-11-22,600160,14.97,15.1,14.81,14.89,8410612.0,129220243.0,40199219146.090004
2023-11-23,600160,15.24,16.0,15.24,15.77,33798114.0,546837222.0,42574995697.369995
2023-11-24,600160,15.83,16.15,15.57,15.74,20076606.0,326178424.0,42494003314.94
2023-11-27,600160,15.9,15.9,15.43,15.67,10542577.0,169208213.0,42305021089.27
2023-11-28,600160,15.82,15.91,15.59,15.73,12905164.0,208575000.0,42467005854.130005
2023-11-29,600160,15.73,16.06,15.67,15.75,14848928.0,242014531.0,42521000775.75
2023-11-30,600160,15.77,15.79,15.39,15.47,11449363.0,182366672.0,41765071873.07
2023-12-01,600160,15.48,15.48,15.25,15.45,11273250.0,178074841.0,41711076951.45
2023-12-04,600160,15.47,15.85,15.45,15.63,10974888.0,176556490.0,42197031246.03
2023-12-05,600160,15.63,15.81,15.3,15.34,11317435.0,180489498.0,41414104882.54
2023-12-06,600160,16.1,16.24,15.54,15.71,21902472.0,355450598.0,42413010932.51
2023-12-07,600160,15.67,15.91,15.64,15.78,12850586.0,208560961.0,42601993158.18
2023-12-08,600160,15.72,15.86,15.59,15.68,11191879.0,180777072.0,42332018550.08
2023-12-11,600160,15.57,16.15,15.46,16.06,17519424.0,285924855.0,43357922060.85999
2023-12-12,600160,16.02,16.63,15.95,16.47,24835558.0,418121090.0,44464817954.07
2023-12-13,600160,16.43,16.62,16.08,16.24,16456555.0,276048512.0,43843876355.439995
2023-12-14,600160,16.24,16.67,16.17,16.43,19833788.0,336550361.0,44356828110.83
2023-12-15,600160,16.41,16.6,16.24,16.28,10494939.0,176419983.0,43951866198.68
2023-12-18,600160,16.22,16.33,15.96,16.07,13266435.0,219689498.0,43384919521.67
2023-12-19,600160,16.04,16.28,15.86,16.07,11927747.0,196690160.0,43384919521.67
2023-12-20,600160,16.09,16.32,16.0,16.07,11844728.0,196354279.0,43384919521.67
2023-12-21,600160,15.94,16.05,15.67,16.01,12749938.0,208069437.0,43222934756.810005
2023-12-22,600160,16.0,16.01,15.71,15.92,11354579.0,184768730.0,42979957609.52
2023-12-25,600160,15.82,15.93,15.65,15.75,7770617.0,125936645.0,42521000775.75
2023-12-26,600160,15.82,15.98,15.5,15.59,8883139.0,143138458.0,42089041402.79
2023-12-27,600160,15.64,15.92,15.38,15.81,13558017.0,218983081.0,42682985540.61
2023-12-28,600160,15.84,16.1,15.77,15.97,16585639.0,271548448.0,43114944913.57
2023-12-29,600160,15.93,16.15,15.65,16.05,11926671.0,195068212.0,43330924600.05
2024-01-02,600160,16.06,16.23,15.69,15.77,15708549.0,257294984.0,42574995697.369995
2024-01-03,600160,15.73,15.94,15.64,15.82,13553853.0,219667907.0,42709983001.42
2024-01-04,600160,15.81,16.14,15.68,15.95,24043606.0,393983894.0,43060949991.95
2024-01-05,600160,16.04,16.88,16.01,16.25,32006917.0,541574158.0,43870873816.25
2024-01-08,600160,16.53,16.56,16.18,16.3,30654406.0,516362258.0,44005861120.3
2024-01-09,600160,16.29,16.4,15.7,15.82,23096328.0,380037785.0,42709983001.42
2024-01-10,600160,15.69,15.91,15.41,15.56,15351758.0,246808295.0,42008049020.36
2024-01-11,600160,15.46,15.74,15.13,15.48,14283575.0,226815486.0,41792069333.880005
2024-01-12,600160,15.78,16.16,15.38,15.43,19529394.0,316875694.0,41657082029.83
2024-01-15,600160,15.44,15.49,15.05,15.17,16183414.0,253689440.0,40955148048.77
2024-01-16,600160,15.16,15.36,14.94,15.26,13473640.0,209669011.0,41198125196.06
2024-01-17,600160,15.21,15.38,14.89,14.94,10605630.0,165088356.0,40334206450.14
2024-01-18,600160,14.79,15.16,14.38,15.12,20873968.0,315508787.0,40820160744.72
2024-01-19,600160,15.09,15.26,14.84,15.02,8748031.0,135142856.0,40550186136.619995
2024-01-22,600160,14.95,15.01,14.09,14.26,15613019.0,232837844.0,38498379115.06
2024-01-23,600160,14.29,14.72,13.97,14.61,15157179.0,224226708.0,39443290243.409996
2024-01-24,600160,14.7,15.12,14.52,15.07,17347208.0,264757990.0,40685173440.67
2024-01-25,600160,15.21,15.57,15.1,15.57,15238107.0,241252486.0,42035046481.17
2024-01-26,600160,15.51,15.6,15.28,15.35,10414056.0,164709708.0,41441102343.35
2024-01-29,600160,15.38,15.89,15.38,15.47,18000591.0,289276479.0,41765071873.07
2024-01-30,600160,15.43,15.94,15.28,15.64,17853365.0,288572196.0,42224028706.840004
2024-01-31,600160,15.58,15.72,15.25,15.52,15797501.0,251886464.0,41900059177.119995
2024-02-01,600160,15.43,15.79,15.2,15.49,13565328.0,216315599.0,41819066794.69
2024-02-02,600160,15.52,15.58,14.7,15.1,19094909.0,297988939.0,40766165823.1
2024-02-05,600160,14.94,15.57,14.42,15.51,23312402.0,361386042.0,41873061716.31
2024-02-06,600160,15.29,16.32,15.24,16.27,23667252.0,387028657.0,43924868737.869995
2024-02-07,600160,16.27,17.62,16.19,17.5,48230601.0,844922784.0,47245556417.5
2024-02-08,600160,17.76,18.38,17.18,17.37,49634868.0,911825246.0,46894589426.97
2024-02-19,600160,18.06,18.08,17.62,17.9,37793083.0,691832963.0,48325454849.899994
2024-02-20,600160,17.8,19.35,17.66,19.21,49157487.0,950603661.0,51862122216.01
2024-02-21,600160,19.12,19.35,18.67,18.77,38105204.0,743672404.0,50674233940.369995
2024-02-22,600160,18.83,18.98,18.54,18.85,22860793.0,440480088.0,50890213626.850006
2024-02-23,600160,19.03,19.76,18.81,19.52,37216279.0,738163795.0,52699043501.119995
2024-02-26,600160,19.63,20.78,19.63,19.83,38762992.0,803304891.0,53535964786.229996
2024-02-27,600160,19.83,20.35,19.58,19.91,29123172.0,596386499.0,53751944472.71
2024-02-28,600160,20.13,20.78,19.88,20.15,40958111.0,854587418.0,54399883532.149994
2024-02-29,600160,20.15,20.76,19.37,19.86,61865069.0,1268749832.0,53616957168.659996
2024-03-01,600160,19.93,20.46,19.56,20.34,39191842.0,806101495.0,54912835287.54
2024-03-04,600160,20.52,20.61,19.45,19.86,42284900.0,862588394.0,53616957168.659996
2024-03-05,600160,19.74,20.27,19.74,19.91,29275567.0,601026465.0,53751944472.71
2024-03-06,600160,19.91,20.38,19.8,19.87,33542092.0,691972806.0,53643954629.47
2024-03-07,600160,19.68,20.49,19.68,19.97,31447607.0,649665189.0,53913929237.57
2024-03-08,600160,19.79,20.09,19.4,19.7,39674774.0,802408484.0,53184997795.7
2024-03-11,600160,19.73,19.86,19.03,19.22,52430093.0,1038913452.0,51889119676.82
2024-03-12,600160,19.21,19.35,18.35,18.63,52118953.0,1003229821.0,50296269489.03
2024-03-13,600160,18.64,18.98,18.5,18.63,30404244.0,583840572.0,50296269489.03
2024-03-14,600160,18.59,19.01,18.54,18.7,26602861.0,512765277.0,50485251714.7
2024-03-15,600160,18.73,20.56,18.61,20.56,69973531.0,1421706534.0,55506779425.35999
2024-03-18,600160,21.11,21.86,20.36,21.46,89324866.0,1938242088.0,57936550898.26
2024-03-19,600160,21.3,22.05,21.22,21.59,55405859.0,1231499081.0,58287517888.79
2024-03-20,600160,21.48,22.21,21.4,21.95,46774249.0,1051492306.0,59259426477.95
2024-03-21,600160,21.8,21.95,21.22,21.47,34893820.0,771735410.0,57963548359.07
2024-03-22,600160,21.46,22.52,21.27,21.82,51863135.0,1162404609.0,58908459487.42
2024-03-25,600160,21.7,22.34,21.39,21.42,39132688.0,876515551.0,57828561055.020004
2024-03-26,600160,21.61,23.3,21.31,22.88,68061037.0,1570497248.0,61770190333.28
2024-03-27,600160,22.9,23.5,22.52,22.62,49207244.0,1159071709.0,61068256352.22
2024-03-28,600160,22.63,23.41,22.52,22.79,41904172.0,984429596.0,61527213185.99
2024-03-29,600160,22.92,23.59,22.5,23.03,39562940.0,936190457.0,62175152245.43
2024-04-01,600160,22.55,22.75,22.1,22.51,50075279.0,1157658002.0,60771284283.310005
2024-04-02,600160,22.45,23.11,22.45,22.94,40260615.0,945390814.0,61932175098.14001
2024-04-03,600160,23.07,23.26,21.61,21.7,64287894.0,1466225526.0,58584489957.7
2024-04-08,600160,21.41,22.2,21.29,21.65,34348064.0,770189537.0,58449502653.649994
2024-04-09,600160,21.7,22.13,21.31,21.77,33036209.0,738107499.0,58773472183.369995
2024-04-10,600160,21.72,21.95,21.16,21.19,29959946.0,660477998.0,57207619456.39001
2024-04-11,600160,21.1,22.21,20.87,21.9,44731906.0,992561221.0,59124439173.899994
2024-04-12,600160,21.83,22.19,21.57,21.9,26879317.0,605480954.0,59124439173.899994
2024-04-15,600160,22.01,22.84,21.8,22.51,38547037.0,886913767.0,60771284283.310005
2024-04-16,600160,22.51,22.68,21.85,22.04,33235102.0,760111221.0,59502403625.24
2024-04-17,600160,22.29,22.96,22.02,22.94,38246318.0,884663114.0,61932175098.14001
2024-04-18,600160,22.73,23.3,22.29,22.87,42988941.0,1006106462.0,61743192872.47
2024-04-19,600160,22.95,23.25,22.49,22.66,24530137.0,575439630.0,61176246195.46
2024-04-22,600160,22.56,22.71,21.6,21.72,35315098.0,803351175.0,58638484879.32
2024-04-23,600160,21.4,21.68,20.31,21.28,58171891.0,1257311005.0,57450596603.68
2024-04-24,600160,21.28,21.71,21.1,21.41,24757972.0,544675806.0,57801563594.21
2024-04-25,600160,21.29,21.69,20.83,20.98,27663766.0,603334794.0,56640672779.380005
2024-04-26,600160,21.51,23.09,21.46,23.02,62348863.0,1447352183.0,62148154784.619995
2024-04-29,600160,22.87,23.46,22.8,23.34,42844567.0,1017985639.0,63012073530.54
2024-04-30,600160,23.22,23.6,22.95,23.02,23362399.0,556721030.0,62148154784.619995
2024-05-06,600160,23.31,23.55,22.25,23.44,53237736.0,1255522194.0,63282048138.64001
2024-05-07,600160,23.61,25.19,23.61,24.57,56710766.0,1431050236.0,66332761210.17
2024-05-08,600160,24.34,24.6,24.04,24.2,26244434.0,653340598.0,65333855160.2
2024-05-09,600160,24.33,24.82,24.26,24.53,25756578.0,649274625.0,66224771366.93
2024-05-10,600160,24.53,24.75,24.03,24.6,23097055.0,579294309.0,66413753592.600006
2024-05-13,600160,24.67,24.86,24.14,24.68,23025347.0,581586601.0,66629733279.08
2024-05-14,600160,24.76,25.4,24.64,24.66,30042742.0,772313746.0,66575738357.46
2024-05-15,600160,24.65,25.35,24.62,25.14,25073031.0,645951495.0,67871616476.340004
2024-05-16,600160,25.17,25.3,24.43,24.74,26679412.0,680381089.0,66791718043.939995
2024-05-17,600160,24.65,24.65,24.11,24.49,21763159.0,544821416.0,66116781523.689995
2024-05-20,600160,24.28,24.47,23.73,24.31,33596452.0,831726455.0,65630827229.10999
2024-05-21,600160,24.38,24.57,23.91,24.17,25937359.0,645684266.0,65252862777.770004
2024-05-22,600160,24.04,24.19,23.69,23.88,21932873.0,538377918.0,64469936414.28
2024-05-23,600160,23.77,24.08,23.17,23.24,29119478.0,702654892.0,62742098922.439995
2024-05-24,600160,23.27,23.6,22.85,22.89,19932359.0,475722878.0,61797187794.090004
2024-05-27,600160,22.88,23.49,22.78,23.43,22047418.0,525877059.0,63255050677.83
2024-05-28,600160,23.37,23.48,22.62,22.68,26957709.0,633485527.0,61230241117.08
2024-05-29,600160,22.61,23.01,22.51,22.89,19943889.0,467811562.0,61797187794.090004
2024-05-30,600160,22.82,23.65,22.66,22.86,25531419.0,606978643.0,61716195411.659996
2024-05-31,600160,22.96,23.16,22.59,23.14,19038595.0,448395018.0,62472124314.340004
2024-06-03,600160,22.61,22.97,22.24,22.86,25535339.0,595454158.0,61716195411.659996
2024-06-04,600160,22.83,23.65,22.74,23.57,26093412.0,624222141.0,63633015129.17
2024-06-05,600160,23.62,23.65,23.05,23.05,18424296.0,437893156.0,62229147167.05
2024-06-06,600160,23.02,23.52,22.91,23.06,17333908.0,411924004.0,62256144627.85999
2024-06-07,600160,23.22,23.4,22.42,22.54,26005491.0,606305497.0,60852276665.74
2024-06-11,600160,22.54,22.84,22.29,22.66,18944454.0,437914758.0,61176246195.46
2024-06-12,600160,22.66,23.02,22.42,22.52,16837354.0,390951348.0,60798281744.119995
2024-06-13,600160,22.41,22.74,22.07,22.28,23460839.0,536467656.0,60150342684.68
2024-06-14,600160,22.26,22.29,21.66,22.12,38860824.0,873707449.0,59718383311.72
2024-06-17,600160,21.72,22.02,21.31,21.86,37551659.0,831332602.0,59016449330.659996
2024-06-18,600160,21.84,21.95,21.53,21.77,20601528.0,459323341.0,58773472183.369995
2024-06-19,600160,21.85,22.06,21.69,21.84,16848007.0,377033952.0,58962454409.04
2024-06-20,600160,21.86,22.32,21.7,21.9,20924310.0,471556221.0,59124439173.899994
2024-06-21,600160,21.78,22.1,21.72,21.99,13705011.0,307699152.0,59367416321.189995
2024-06-24,600160,21.7,22.08,21.59,21.75,16070715.0,358663588.0,58719477261.75
2024-06-25,600160,22.78,23.81,22.63,23.19,51002113.0,1213542130.0,62607111618.39001
2024-06-26,600160,23.2,23.77,22.42,23.71,33027621.0,783273874.0,64010979580.51
2024-06-27,600160,23.55,23.67,22.76,22.89,25277627.0,596189445.0,61797187794.090004
2024-06-28,600160,23.0,23.64,22.94,23.59,25642494.0,614454575.0,63687010050.79
2024-07-01,600160,23.59,24.59,23.59,24.44,25323880.0,629744639.0,65981794219.64001
2024-07-02,600160,24.44,24.59,24.0,24.07,19229039.0,476098320.0,64982888169.67
2024-07-03,600160,24.0,24.36,23.22,24.06,23125868.0,563812819.0,64955890708.85999
2024-07-04,600160,23.95,24.39,23.9,24.05,13924253.0,343624661.0,64928893248.05
2024-07-05,600160,24.15,24.54,23.74,24.48,18762637.0,463745326.0,66089784062.880005
2024-07-08,600160,24.48,24.48,23.91,24.03,16749100.0,413529501.0,64874898326.43
2024-07-09,600160,24.22,24.22,22.64,23.42,42221337.0,1002912856.0,63228053217.020004
2024-07-10,600160,22.54,23.25,22.0,22.58,47866817.0,1106479192.0,60960266508.979996
2024-07-11,600160,22.78,23.36,22.52,23.13,21977289.0,517235690.0,62445126853.53
2024-07-12,600160,23.12,23.22,22.19,22.21,23688220.0,545407459.0,59961360459.01
2024-07-15,600160,21.99,22.59,21.88,22.39,14041067.0,320780207.0,60447314753.590004
2024-07-16,600160,22.31,22.37,20.15,20.43,77255986.0,1659906549.0,55155812434.83
2024-07-17,600160,21.02,21.22,19.52,19.69,51576559.0,1061093934.0,53158000334.89001
2024-07-18,600160,19.55,20.04,19.34,19.8,26098311.0,528811689.0,53454972403.8
2024-07-19,600160,19.75,19.84,19.13,19.16,33823654.0,671052354.0,51727134911.96
2024-07-22,600160,19.08,20.31,18.99,19.71,33169769.0,669485064.0,53211995256.51
2024-07-23,600160,19.6,19.61,18.72,18.75,34800495.0,674986619.0,50620239018.75
2024-07-24,600160,18.67,18.97,18.49,18.72,21979385.0,421118635.0,50539246636.32
2024-07-25,600160,18.58,18.99,18.34,18.72,19014000.0,363450838.0,50539246636.32
2024-07-26,600160,18.65,19.46,18.65,19.06,20910553.0,409719656.0,51457160303.85999
2024-07-29,600160,19.01,19.16,18.63,18.75,13514168.0,260424326.0,50620239018.75
2024-07-30,600160,18.67,18.77,18.22,18.61,18688716.0,352672163.0,50242274567.409996
2024-07-31,600160,18.67,19.54,18.34,19.4,24853640.0,486126700.0,52375073971.399994
2024-08-01,600160,19.44,19.78,19.03,19.08,17893622.0,353535636.0,51511155225.479996
2024-08-02,600160,18.87,19.87,18.82,19.27,23581640.0,470198329.0,52024106980.869995
2024-08-05,600160,19.16,19.6,18.69,18.71,19304164.0,376832644.0,50512249175.51
2024-08-06,600160,18.99,19.02,18.46,18.7,12540645.0,239345240.0,50485251714.7
2024-08-07,600160,18.65,18.81,18.39,18.62,10553880.0,200677788.0,50269272028.22
2024-08-08,600160,18.48,18.91,18.28,18.59,12819894.0,243661725.0,50188279645.79
2024-08-09,600160,18.65,18.87,17.97,18.23,23467053.0,438339659.0,49216371056.630005
2024-08-12,600160,18.17,18.35,17.89,18.23,12990241.0,241585021.0,49216371056.630005
2024-08-13,600160,18.26,18.32,17.77,18.03,17763542.0,326121472.0,48676421840.43
2024-08-14,600160,18.27,18.27,17.45,17.7,20338657.0,367118450.0,47785505633.7
2024-08-15,600160,17.61,17.94,17.45,17.55,15253295.0,275548997.0,47380543721.55
2024-08-16,600160,17.63,17.67,17.27,17.41,17920007.0,319235623.0,47002579270.21
2024-08-19,600160,17.48,17.99,17.32,17.4,17179803.0,308956304.0,46975581809.399994
2024-08-20,600160,17.46,17.48,16.96,17.04,11960571.0,209563777.0,46003673220.24
2024-08-21,600160,16.97,17.19,16.91,16.96,7721757.0,134380745.0,45787693533.76
2024-08-22,600160,16.94,16.96,16.6,16.88,14546015.0,249175773.0,45571713847.28
2024-08-23,600160,17.01,17.75,16.96,17.29,34656841.0,615820591.0,46678609740.49
2024-08-26,600160,17.36,17.58,16.4,16.62,30378498.0,519880702.0,44869779866.22
2024-08-27,600160,16.57,16.66,15.82,16.03,35043660.0,578455401.0,43276929678.43
2024-08-28,600160,16.06,16.13,15.75,15.89,15466251.0,251440154.0,42898965227.090004
2024-08-29,600160,15.89,16.12,15.65,15.69,24746875.0,400886081.0,42359016010.89
2024-08-30,600160,15.71,16.37,15.56,16.05,37794267.0,621124050.0,43330924600.05
2024-09-02,600160,16.02,16.02,15.12,15.13,33882651.0,534806819.0,40847158205.53
2024-09-03,600160,15.12,15.36,15.05,15.15,20335810.0,316290227.0,40901153127.15
2024-09-04,600160,15.05,15.22,14.72,14.92,21021430.0,322283195.0,40280211528.52
2024-09-05,600160,14.68,14.87,13.94,14.11,51804580.0,754419581.0,38093417202.909996
2024-09-06,600160,14.13,14.25,14.01,14.1,24090251.0,347878304.0,38066419742.1
2024-09-09,600160,14.12,14.65,13.93,14.36,34476043.0,503805058.0,38768353723.159996
2024-09-10,600160,14.36,14.96,14.32,14.68,40896691.0,613772643.0,39632272469.08
2024-09-11,600160,14.87,15.34,14.69,15.15,46764496.0,721833829.0,40901153127.15
2024-09-12,600160,15.25,15.55,15.04,15.37,29165500.0,456504881.0,41495097264.97
2024-09-13,600160,15.31,16.02,15.31,15.6,33655651.0,542334143.0,42116038863.6
2024-09-18,600160,16.05,16.52,15.94,16.32,46874356.0,776703558.0,44059856041.92
2024-09-19,600160,16.6,16.61,15.88,16.21,38161019.0,630211629.0,43762883973.01
2024-09-20,600160,16.14,16.54,15.94,16.52,29942244.0,497957329.0,44599805258.119995
2024-09-23,600160,16.43,16.72,16.14,16.25,27525361.0,461353941.0,43870873816.25
2024-09-24,600160,16.36,17.19,16.03,17.01,36555189.0,622598441.0,45922680837.810005
2024-09-25,600160,17.26,17.6,17.04,17.23,33156621.0,587310624.0,46516624975.630005
2024-09-26,600160,17.27,18.95,17.23,18.95,43609897.0,812814188.0,51160188234.95
2024-09-27,600160,19.54,20.37,19.27,20.14,32260659.0,649418732.0,54372886071.340004
2024-09-30,600160,21.74,22.15,21.22,21.77,80409994.0,1780556177.0,58773472183.369995
2024-10-08,600160,23.94,23.95,20.63,21.51,96900519.0,2193073711.0,58071538202.310005
2024-10-09,600160,20.98,21.6,20.19,20.43,72440758.0,1552997290.0,55155812434.83
2024-10-10,600160,20.51,21.17,20.06,20.44,40074443.0,845541429.0,55182809895.64001
2024-10-11,600160,20.53,20.67,19.46,19.8,36408580.0,744955825.0,53454972403.8
2024-10-14,600160,19.85,20.16,19.51,20.02,33273341.0,676538739.0,54048916541.619995
2024-10-15,600160,19.87,19.99,19.24,19.25,35750394.0,715070619.0,51970112059.25
2024-10-16,600160,19.04,19.62,18.9,19.28,34634505.0,684048501.0,52051104441.68
2024-10-17,600160,19.41,19.58,18.83,18.85,28158341.0,551659231.0,50890213626.850006
2024-10-18,600160,18.76,19.61,18.67,19.14,42343793.0,827064990.0,51673139990.340004
2024-10-21,600160,19.39,20.61,19.07,20.15,53072114.0,1082935289.0,54399883532.149994
2024-10-22,600160,20.04,20.61,20.04,20.34,29733880.0,618406440.0,54912835287.54
2024-10-23,600160,20.43,20.73,20.05,20.53,33245223.0,693017397.0,55425787042.93
2024-10-24,600160,20.39,20.39,19.76,19.83,29200732.0,598848553.0,53535964786.229996
2024-10-25,600160,19.09,20.63,19.05,20.52,51224549.0,1047994527.0,55398789582.119995
2024-10-28,600160,20.39,20.58,19.51,20.12,40184217.0,822543142.0,54318891149.72
2024-10-29,600160,19.95,20.29,19.75,20.08,23882410.0,488732721.0,54210901306.479996
2024-10-30,600160,19.91,20.97,19.91,20.83,34172413.0,724343093.0,56235710867.229996
2024-10-31,600160,20.83,20.83,20.24,20.45,28168997.0,590333336.0,55209807356.45
2024-11-01,600160,20.59,22.0,20.58,21.31,47326218.0,1038110181.0,57531588986.10999
2024-11-04,600160,21.39,21.88,21.33,21.51,30180208.0,664204303.0,58071538202.310005
2024-11-05,600160,21.66,22.29,21.45,21.94,37727339.0,846888242.0,59232429017.14001
2024-11-06,600160,21.95,22.58,21.7,21.85,38070165.0,862292798.0,58989451869.850006
2024-11-07,600160,21.7,22.07,21.45,21.95,28251920.0,630058403.0,59259426477.95
2024-11-08,600160,22.09,22.19,21.41,21.6,29451289.0,655103628.0,58314515349.600006
2024-11-11,600160,21.2,22.4,21.1,22.08,35791705.0,798184973.0,59610393468.479996
2024-11-12,600160,21.92,22.74,21.92,22.13,40213602.0,913296217.0,59745380772.53
2024-11-13,600160,22.19,22.59,21.82,22.07,22354576.0,505741551.0,59583396007.67
2024-11-14,600160,22.01,22.29,21.53,21.56,25405373.0,568950253.0,58206525506.35999
2024-11-15,600160,21.51,22.64,21.17,21.81,32121337.0,718951884.0,58881462026.60999
2024-11-18,600160,21.95,22.19,20.86,20.97,33330204.0,731253482.0,56613675318.57
2024-11-19,600160,21.06,21.15,20.44,20.91,26605250.0,564606459.0,56451690553.71
2024-11-20,600160,20.87,21.5,20.87,21.16,24040881.0,521824359.0,57126627073.96
2024-11-21,600160,21.04,21.43,20.97,21.25,13888417.0,301180084.0,57369604221.25
2024-11-22,600160,21.17,21.32,20.09,20.13,24871049.0,524751041.0,54345888610.53
2024-11-25,600160,20.04,20.38,19.92,20.08,16289844.0,335322184.0,54210901306.479996
2024-11-26,600160,20.36,21.11,20.36,20.54,20261129.0,429222966.0,55452784503.74
2024-11-27,600160,20.54,21.85,20.07,21.79,29034382.0,623906522.0,58827467104.99
2024-11-28,600160,21.79,21.84,21.44,21.6,20607545.0,455780144.0,58314515349.600006
2024-11-29,600160,21.7,22.06,21.33,21.87,25449737.0,565527526.0,59043446791.47
2024-12-02,600160,22.34,22.66,22.14,22.33,35380997.0,811276828.0,60285329988.729996
2024-12-03,600160,22.34,22.46,22.01,22.3,19387811.0,441307321.0,60204337606.3
2024-12-04,600160,22.2,22.34,21.74,21.97,18861318.0,424030836.0,59313421399.57
2024-12-05,600160,21.85,21.94,21.5,21.7,19352181.0,429496303.0,58584489957.7
2024-12-06,600160,21.7,21.9,21.51,21.72,17451177.0,388424776.0,58638484879.32
2024-12-09,600160,21.78,22.51,21.62,21.8,24306424.0,546463516.0,58854464565.8
2024-12-10,600160,22.19,22.56,22.0,22.3,34616148.0,787977163.0,60204337606.3
2024-12-11,600160,22.47,22.83,22.17,22.19,28671048.0,659290158.0,59907365537.39001
2024-12-12,600160,22.19,22.37,21.66,22.11,37698786.0,847741428.0,59691385850.909996
2024-12-13,600160,22.05,22.55,21.56,21.64,77533600.0,1740566583.0,58422505192.840004
2024-12-16,600160,21.54,21.66,20.82,21.1,37976197.0,819851556.0,56964642309.100006
2024-12-17,600160,21.19,21.35,20.76,21.0,18085961.0,389066818.0,56694667701.0
2024-12-18,600160,21.41,21.98,20.97,21.26,18816038.0,409618632.0,57396601682.060005
2024-12-19,600160,20.92,22.42,20.88,22.24,29812229.0,665725064.0,60042352841.439995
2024-12-20,600160,22.26,22.68,22.22,22.4,24830817.0,569934408.0,60474312214.399994
2024-12-23,600160,22.74,23.73,22.58,23.46,46625234.0,1113460136.0,63336043060.26
2024-12-24,600160,23.46,23.69,23.17,23.61,34911382.0,836485730.0,63741004972.409996
2024-12-25,600160,23.77,24.0,23.33,23.55,23184609.0,560879867.0,63579020207.55
2024-12-26,600160,23.8,23.9,23.34,23.62,19332980.0,465351297.0,63768002433.22
2024-12-27,600160,23.46,23.79,22.88,22.88,33414563.0,795567550.0,61770190333.28
2024-12-30,600160,22.68,23.54,22.68,23.34,30443302.0,719550139.0,63012073530.54
2024-12-31,600160,23.46,24.23,23.18,23.58,40303486.0,981836686.0,63660012589.979996
2025-01-02,600160,24.45,24.64,23.21,23.41,31870667.0,774450796.0,63201055756.21
2025-01-03,600160,23.12,23.46,22.68,22.7,21439896.0,506791194.0,61284236038.7
2025-01-06,600160,23.07,24.97,23.07,24.2,57076183.0,1411239135.0,65333855160.2
2025-01-07,600160,24.25,24.8,23.91,24.7,46692281.0,1164802753.0,66683728200.7
2025-01-08,600160,24.5,24.64,23.34,23.78,36989556.0,900678526.0,64199961806.18
2025-01-09,600160,23.77,25.59,23.74,24.6,57137699.0,1453016166.0,66413753592.600006
2025-01-10,600160,24.69,25.18,24.35,24.49,36324732.0,915628629.0,66116781523.689995
2025-01-13,600160,24.1,24.57,23.83,24.05,26009033.0,643232219.0,64928893248.05
2025-01-14,600160,24.03,24.74,23.64,24.62,35837026.0,892924184.0,66467748514.22
2025-01-15,600160,24.53,24.81,23.95,24.51,26571670.0,664195504.0,66170776445.310005
2025-01-16,600160,24.64,24.65,23.9,24.26,23953481.0,594144784.0,65495839925.060005
2025-01-17,600160,24.19,25.09,24.05,24.8,25514542.0,643408308.0,66953702808.8
2025-01-20,600160,25.27,26.01,25.13,25.62,38474902.0,1004936059.0,69167494595.22
2025-01-21,600160,25.64,25.8,25.32,25.5,23324140.0,610009319.0,68843525065.5
2025-01-22,600160,25.54,25.78,25.18,25.72,26380446.0,688665689.0,69437469203.31999
2025-01-23,600160,26.12,26.12,24.8,24.8,43083759.0,1113298322.0,66953702808.8
2025-01-24,600160,24.74,25.18,24.61,25.01,19622083.0,501851137.0,67520649485.810005
2025-01-27,600160,25.11,25.21,24.83,25.1,16404988.0,420352051.0,67763626633.100006
2025-02-05,600160,25.1,25.21,24.46,25.09,15892063.0,405624567.0,67736629172.29
2025-02-06,600160,24.99,25.39,24.7,24.83,21758533.0,554288723.0,67034695191.229996
2025-02-07,600160,24.75,24.88,23.71,24.18,47005436.0,1162741845.0,65279860238.58
2025-02-10,600160,24.18,24.31,23.96,24.27,20360225.0,503203736.0,65522837385.869995
2025-02-11,600160,24.33,24.74,23.98,24.41,25126423.0,626946695.0,65900801837.21
2025-02-12,600160,24.31,24.54,24.23,24.43,14001204.0,349260115.0,65954796758.83
2025-02-13,600160,24.44,24.45,23.96,24.04,16643876.0,411586698.0,64901895787.24
2025-02-14,600160,24.04,24.64,23.95,24.38,17224037.0,427776615.0,65819809454.78
2025-02-17,600160,24.12,24.33,23.48,24.04,24880014.0,607282031.0,64901895787.24
2025-02-18,600160,24.05,24.98,23.98,24.26,28347090.0,709844649.0,65495839925.060005
2025-02-19,600160,24.62,24.62,22.51,23.37,66185142.0,1579664368.0,63093065912.97
2025-02-20,600160,23.35,23.52,22.86,23.42,28857289.0,687527401.0,63228053217.020004
2025-02-21,600160,23.35,23.42,22.63,22.73,38665994.0,904700596.0,61365228421.130005
2025-02-24,600160,22.64,23.56,22.56,23.45,31467306.0,744893600.0,63309045599.45
2025-02-25,600160,23.3,23.46,23.01,23.15,16549749.0,392639330.0,62499121775.149994
2025-02-26,600160,23.61,24.87,23.61,24.17,40637174.0,1013584939.0,65252862777.770004
2025-02-27,600160,24.06,24.64,24.04,24.17,20476213.0,508346852.0,65252862777.770004
2025-02-28,600160,24.31,24.43,23.74,23.84,17475840.0,430542098.0,64361946571.04
2025-03-03,600160,23.79,23.97,23.45,23.51,16736591.0,405489217.0,63471030364.310005
2025-03-04,600160,23.47,23.69,23.27,23.34,12532589.0,300573965.0,63012073530.54
2025-03-05,600160,23.29,24.23,23.25,24.1,19806823.0,481538208.0,65063880552.100006
2025-03-06,600160,24.27,24.27,23.87,24.14,17568573.0,432745901.0,65171870395.340004
2025-03-07,600160,24.12,24.74,24.03,24.69,23054686.0,577451502.0,66656730739.89001
2025-03-10,600160,24.74,25.52,24.52,25.42,32111225.0,830332842.0,68627545379.020004
2025-03-11,600160,25.22,25.6,24.98,25.6,22696652.0,586985736.0,69113499673.6
2025-03-12,600160,25.81,25.83,25.15,25.19,20979659.0,545323569.0,68006603780.39001
2025-03-13,600160,25.21,25.39,25.02,25.22,15619659.0,402284789.0,68087596162.82
2025-03-14,600160,25.32,25.45,24.89,24.97,21203881.0,545588013.0,67412659642.57
2025-03-17,600160,24.97,25.33,24.91,24.93,11192211.0,286716029.0,67304669799.33
2025-03-18,600160,25.18,25.56,24.65,24.69,26836811.0,688120697.0,66656730739.89001
2025-03-19,600160,24.74,25.52,24.55,24.71,27012217.0,688774734.0,66710725661.51
2025-03-20,600160,24.72,24.92,24.44,24.47,17001310.0,427895739.0,66062786602.07
2025-03-21,600160,24.44,24.56,23.12,23.12,34858240.0,846874048.0,62418129392.72
2025-03-24,600160,23.15,23.88,23.07,23.76,22970394.0,551933518.0,64145966884.560005
2025-03-25,600160,23.76,23.99,22.83,23.37,23801185.0,567404677.0,63093065912.97
2025-03-26,600160,23.37,23.64,23.18,23.24,14492800.0,346682038.0,62742098922.439995
2025-03-27,600160,23.2,23.97,23.17,23.74,19356373.0,470009428.0,64091971962.939995
2025-03-28,600160,23.88,24.08,23.57,23.86,16838971.0,410059547.0,64415941492.659996
2025-03-31,600160,24.01,24.29,23.63,24.16,19589805.0,480012989.0,65225865316.96
2025-04-01,600160,24.2,24.58,23.97,24.31,15507436.0,385541886.0,65630827229.10999
2025-04-02,600160,24.4,25.05,24.25,24.82,24426451.0,618591011.0,67007697730.42
2025-04-03,600160,24.6,24.6,23.65,23.86,24833512.0,611770658.0,64415941492.659996
2025-04-07,600160,21.52,22.29,21.47,21.94,50550956.0,1122536278.0,59232429017.14001
2025-04-08,600160,22.37,23.17,21.8,23.1,37925972.0,876263902.0,62364134471.100006
2025-04-09,600160,22.88,23.31,22.49,23.3,25725522.0,604996350.0,62904083687.3
2025-04-10,600160,23.65,23.65,23.08,23.25,23537309.0,561987650.0,62769096383.25
2025-04-11,600160,23.2,23.2,22.78,23.04,16692944.0,392537153.0,62202149706.24
2025-04-14,600160,23.46,24.39,23.25,23.83,34497025.0,841407527.0,64334949110.229996
2025-04-15,600160,23.77,24.0,23.32,23.5,18366291.0,443189065.0,63444032903.5
2025-04-16,600160,23.49,23.55,23.06,23.55,15517249.0,369670523.0,63579020207.55
2025-04-17,600160,23.56,23.71,23.4,23.57,9904500.0,238368623.0,63633015129.17
2025-04-18,600160,23.46,23.46,23.22,23.33,7932671.0,189185793.0,62985076069.729996
2025-04-21,600160,23.14,23.39,23.0,23.26,10261760.0,243310961.0,62796093844.060005
2025-04-22,600160,23.24,24.1,23.17,23.9,18378277.0,447096871.0,64523931335.899994
2025-04-23,600160,23.9,24.19,23.79,24.11,12769102.0,313127992.0,65090878012.909996
2025-04-24,600160,24.07,24.2,23.56,24.19,14023628.0,343544637.0,65306857699.39001
2025-04-25,600160,24.25,24.82,24.07,24.59,22261348.0,557328676.0,66386756131.79
2025-04-28,600160,24.69,24.98,24.67,24.79,19762634.0,502435474.0,66926705347.99
2025-04-29,600160,24.93,25.35,24.6,24.93,19736911.0,504675416.0,67304669799.33
2025-04-30,600160,24.9,25.34,24.65,24.84,19701488.0,503586133.0,67061692652.04
2025-05-06,600160,25.2,27.14,24.99,26.8,54147359.0,1456746312.0,72353194970.8
2025-05-07,600160,27.02,27.07,26.5,27.07,33842732.0,929735924.0,73082126412.67
2025-05-08,600160,26.95,27.03,26.27,26.38,29361703.0,796037979.0,71219301616.78
2025-05-09,600160,26.41,26.7,26.17,26.21,18817867.0,507642138.0,70760344783.01001
2025-05-12,600160,26.4,26.49,25.98,26.24,16559107.0,442593929.0,70841337165.44
2025-05-13,600160,26.32,26.32,25.91,26.13,15797723.0,421773455.0,70544365096.53
2025-05-14,600160,26.13,26.58,26.08,26.42,20137755.0,542711542.0,71327291460.02
2025-05-15,600160,26.4,26.53,25.72,26.06,19851417.0,528585447.0,70355382870.86
2025-05-16,600160,25.87,26.28,25.54,25.64,23807926.0,628605241.0,69221489516.84
2025-05-19,600160,25.66,25.83,25.48,25.57,13501289.0,353698158.0,69032507291.17
2025-05-20,600160,25.61,26.04,25.53,25.73,13998427.0,368781822.0,69464466664.13
2025-05-21,600160,25.86,26.08,25.62,25.74,17084561.0,451072526.0,69491464124.94
2025-05-22,600160,25.66,25.66,25.18,25.49,15296857.0,397497278.0,68816527604.69
2025-05-23,600160,25.52,25.85,25.43,25.65,12611821.0,331025844.0,69248486977.65
2025-05-26,600160,25.62,25.92,25.42,25.47,12668800.0,332570232.0,68762532683.06999
2025-05-27,600160,25.48,25.53,24.94,25.03,13651434.0,351036798.0,67574644407.43
2025-05-28,600160,25.04,25.15,24.93,25.03,8119861.0,207887957.0,67574644407.43
2025-05-29,600160,25.13,25.88,25.04,25.77,19122019.0,500335878.0,69572456507.37
2025-05-30,600160,25.72,26.09,25.72,25.85,12990839.0,343544226.0,69788436193.85
2025-06-03,600160,25.74,26.4,25.57,26.19,18595533.0,495371438.0,70706349861.39
2025-06-04,600160,26.18,26.59,26.04,26.2,14709980.0,395394116.0,70733347322.2
2025-06-05,600160,26.11,26.32,25.83,25.97,12583444.0,334540420.0,70112405723.56999
2025-06-06,600160,26.02,27.56,25.91,26.61,33455757.0,908631710.0,71840243215.41
2025-06-09,600160,26.7,27.08,26.62,26.91,19207684.0,523871818.0,72650167039.71
2025-06-10,600160,26.92,27.2,26.71,26.98,15931142.0,435572830.0,72839149265.38
2025-06-11,600160,27.1,27.12,26.78,26.94,11410201.0,311533898.0,72731159422.14
2025-06-12,600160,26.89,27.1,26.74,26.85,12944028.0,352741365.0,72488182274.85
2025-06-13,600160,26.76,27.54,26.73,27.45,22978261.0,633475238.0,74108029923.45
2025-06-16,600160,27.71,28.45,27.58,27.91,23012850.0,653089726.0,75349913120.71
2025-06-17,600160,28.19,28.44,27.89,28.01,13475720.0,383525024.0,75619887728.81
2025-06-18,600160,28.21,28.7,27.7,28.21,18759998.0,537168701.0,76159836945.01001
2025-06-19,600160,28.23,28.73,27.62,27.83,22420534.0,636440642.0,75133933434.23
2025-06-20,600160,27.89,28.1,27.4,27.52,18114084.0,507974820.0,74297012149.12
2025-06-23,600160,27.42,27.61,26.71,26.8,23980068.0,656913556.0,72353194970.8
2025-06-24,600160,26.88,27.0,26.68,26.81,17080672.0,464717930.0,72380192431.61
2025-06-25,600160,27.16,27.62,26.86,27.11,24285868.0,668232893.0,73190116255.91
2025-06-26,600160,27.47,27.47,26.92,26.96,14458560.0,398236596.0,72785154343.76001
2025-06-27,600160,27.11,27.76,27.05,27.23,27631519.0,768928619.0,73514085785.63
2025-06-30,600160,27.39,28.5,27.33,28.29,35862926.0,1020514019.0,76375816631.48999
2025-07-01,600160,28.25,28.75,28.18,28.6,25062636.0,723080028.0,77212737916.6
2025-07-02,600160,28.62,28.89,28.39,28.58,19562035.0,566889063.0,77158742994.98
2025-07-03,600160,28.53,28.6,27.74,27.95,21625796.0,614208081.0,75457902963.95
2025-07-04,600160,28.02,28.17,27.91,27.92,12401800.0,352373599.0,75376910581.52
2025-07-07,600160,28.13,28.36,27.96,28.13,12548350.0,357471564.0,75943857258.53
2025-07-08,600160,28.11,28.55,28.07,28.39,16424342.0,471924031.0,76645791239.59
2025-07-09,600160,28.98,29.05,27.11,27.17,56609591.0,1581867215.0,73352101020.77
2025-07-10,600160,27.17,27.31,26.33,26.38,42061533.0,1135836761.0,71219301616.78
2025-07-11,600160,26.44,26.78,26.34,26.35,30510291.0,819508830.0,71138309234.35
2025-07-14,600160,26.49,26.9,26.49,26.81,24100672.0,653042272.0,72380192431.61
2025-07-15,600160,26.84,27.02,26.61,26.74,17341068.0,470985963.0,72191210205.94
2025-07-16,600160,26.71,26.88,26.57,26.78,12922588.0,350231285.0,72299200049.18001
2025-07-17,600160,26.63,26.81,26.48,26.58,20261035.0,546444129.0,71759250832.98
2025-07-18,600160,26.58,26.58,25.87,26.55,34530703.0,916294434.0,71678258450.55
2025-07-21,600160,26.48,26.7,26.23,26.67,22329838.0,599946033.0,72002227980.27
2025-07-22,600160,26.64,27.15,26.64,27.12,27353375.0,748052348.0,73217113716.72
2025-07-23,600160,27.12,27.3,26.94,27.07,18137318.0,497704324.0,73082126412.67
2025-07-24,600160,26.98,27.02,26.53,26.81,22302988.0,604339989.0,72380192431.61
2025-07-25,600160,26.81,26.88,26.27,26.55,20411146.0,548876439.0,71678258450.55
2025-07-28,600160,26.58,26.58,26.14,26.24,21922693.0,583767138.0,70841337165.44
2025-07-29,600160,26.18,26.37,26.03,26.06,18356430.0,485900104.0,70355382870.86
2025-07-30,600160,25.98,26.6,25.75,26.43,27080961.0,721455305.0,71354288920.83
2025-07-31,600160,26.24,26.97,26.2,26.4,28030254.0,756755524.0,71273296538.4
2025-08-01,600160,26.36,27.12,26.33,26.56,33561783.0,910420672.0,71705255911.36
2025-08-04,600160,26.79,27.47,26.79,27.0,35785890.0,984159963.0,72893144187.0
2025-08-05,600160,27.13,27.22,26.8,26.98,18210251.0,497965380.0,72839149265.38
2025-08-06,600160,27.04,27.25,26.9,27.18,26444712.0,724618488.0,73379098481.58
2025-08-07,600160,27.13,28.11,27.12,28.02,42602824.0,1203643263.0,75646885189.62
2025-08-08,600160,28.04,28.35,27.97,28.07,19712992.0,561759782.0,75781872493.67
2025-08-11,600160,28.21,28.3,27.63,27.75,26024004.0,735506208.0,74917953747.75
2025-08-12,600160,27.75,28.66,27.69,28.55,33907111.0,973102443.0,77077750612.55
2025-08-13,600160,28.65,29.24,28.43,28.62,35818304.0,1045833198.0,77266732838.22
2025-08-14,600160,28.75,28.95,28.22,28.25,28795144.0,833034456.0,76267826788.25
2025-08-15,600160,28.23,29.67,28.23,29.45,42844336.0,1265354871.0,79507522085.45
2025-08-18,600160,30.57,31.75,29.98,30.77,85302678.0,2668031274.0,83071186912.37
2025-08-19,600160,31.23,31.68,30.23,30.7,61872462.0,1933581286.0,82882204686.7
2025-08-20,600160,30.55,31.05,30.23,30.8,36990544.0,1148933852.0,83152179294.8
2025-08-21,600160,30.92,31.69,30.74,30.88,37220764.0,1173494609.0,83368158981.28
2025-08-22,600160,30.82,32.65,30.59,32.55,63407536.0,2053017724.0,87876734936.54999
2025-08-25,600160,33.23,35.76,32.37,34.21,92525009.0,3206756899.0,92358313431.01001
2025-08-26,600160,34.17,35.83,34.01,35.11,59079412.0,2104944874.0,94788084903.91
2025-08-27,600160,35.21,36.44,34.93,35.35,68308636.0,2476156412.0,95436023963.35
2025-08-28,600160,35.13,35.82,34.6,35.7,76676954.0,2741331025.0,96380935091.70001
2025-08-29,600160,36.08,38.92,35.9,38.16,79232597.0,3027493173.0,103022310450.95999
2025-09-01,600160,39.05,39.55,37.67,38.48,73226274.0,2854312617.0,103886229196.87999
2025-09-02,600160,38.26,38.46,36.29,36.54,72891639.0,2743524375.0,98648721799.73999
2025-09-03,600160,36.79,37.04,35.4,36.09,55432917.0,2022692435.0,97433836063.29001
2025-09-04,600160,35.81,36.06,34.03,34.61,73797519.0,2605884500.0,93438211863.41
2025-09-05,600160,34.52,35.78,34.28,35.41,52072159.0,1844649497.0,95598008728.20999
2025-09-08,600160,35.41,35.85,34.74,35.77,44307904.0,1587269604.0,96569917317.37001
2025-09-09,600160,35.49,36.07,34.81,35.36,33760119.0,1211678300.0,95463021424.16
2025-09-10,600160,35.17,35.95,34.99,35.28,25389821.0,911124179.0,95247041737.68001
2025-09-11,600160,35.28,36.79,35.21,36.7,51249723.0,1878995060.0,99080681172.70001
2025-09-12,600160,35.99,37.82,35.32,36.78,73459910.0,2719462995.0,99296660859.18001
2025-09-15,600160,36.95,36.97,35.7,36.29,38637119.0,1422002336.0,97973785279.48999
2025-09-16,600160,36.58,36.76,35.31,35.95,36481422.0,1323283559.0,97055871611.95001
2025-09-17,600160,35.9,37.25,35.73,36.67,39641017.0,1469869467.0,98999688790.27
2025-09-18,600160,36.49,37.03,35.77,36.25,42522643.0,1566317694.0,97865795436.25
2025-09-19,600160,36.22,36.9,35.93,36.12,28027185.0,1034644285.0,97514828445.71999
2025-09-22,600160,36.11,36.34,34.99,36.34,35460370.0,1281972139.0,98108772583.54001
2025-09-23,600160,35.54,36.27,34.72,35.36,35054183.0,1257870828.0,95463021424.16
2025-09-24,600160,35.38,36.33,35.21,35.99,31353725.0,1139733694.0,97163861455.19
2025-09-25,600160,35.7,36.61,35.66,36.14,25616965.0,941441269.0,97568823367.34
2025-09-26,600160,36.0,36.87,35.68,36.17,35512919.0,1308596741.0,97649815749.77
2025-09-29,600160,36.28,39.16,36.21,39.06,71711371.0,2741803162.0,105452081923.86
2025-09-30,600160,38.87,39.66,38.31,39.46,49483561.0,1963582370.0,106531980356.26001
2025-10-09,600160,40.44,41.37,39.58,40.97,47728512.0,1962492378.0,110608596938.56999
2025-10-10,600160,40.44,41.09,39.7,40.03,43007300.0,1756105653.0,108070835622.43001
2025-10-13,600160,38.46,39.21,37.51,38.17,54183225.0,2105027570.0,103049307911.77
2025-10-14,600160,38.96,39.06,35.68,35.89,58177285.0,2193050414.0,96893886847.09
2025-10-15,600160,35.9,36.91,35.39,36.79,29664769.0,1087749421.0,99323658319.98999
2025-10-16,600160,36.4,36.59,35.91,36.15,23247156.0,852686584.0,97595820828.15
2025-10-17,600160,36.08,36.21,34.76,34.81,32437888.0,1157334887.0,93978161079.61
2025-10-20,600160,35.0,35.66,35.0,35.52,24572980.0,881834194.0,95894980797.12001
2025-10-21,600160,35.41,36.09,35.31,35.66,23382119.0,843383874.0,96272945248.45999
2025-10-22,600160,35.53,35.8,34.96,35.31,16657375.0,597852086.0,95328034120.11
2025-10-23,600160,35.02,35.27,34.24,35.14,24121575.0,849260558.0,94869077286.34
2025-10-24,600160,34.54,35.05,34.32,34.97,38093088.0,1338653550.0,94410120452.56999
2025-10-27,600160,35.21,36.02,34.82,35.28,35984031.0,1291613835.0,95247041737.68001
2025-10-28,600160,35.3,35.9,35.01,35.24,29881607.0,1072428812.0,95139051894.44
2025-10-29,600160,35.34,36.93,35.31,36.87,40617438.0,1487545208.0,99539638006.46999
2025-10-30,600160,36.92,36.93,35.5,35.58,33218419.0,1211934849.0,96056965561.98
2025-10-31,600160,35.49,35.93,34.74,34.83,30318379.0,1082648353.0,94032156001.23
2025-11-03,600160,34.83,34.91,32.72,33.34,46294429.0,1564058849.0,90009534340.54001
2025-11-04,600160,33.53,33.58,32.5,32.69,28465833.0,946739888.0,88254699387.89
2025-11-05,600160,32.35,33.17,32.12,32.95,18955220.0,630107702.0,88956633368.95001
2025-11-06,600160,33.09,34.47,32.99,34.36,36014406.0,1243902686.0,92763275343.16
2025-11-07,600160,34.32,35.01,33.84,34.52,28591860.0,1003530891.0,93195234716.12001
2025-11-10,600160,34.57,35.6,34.57,35.36,31939418.0,1142939900.0,95463021424.16
2025-11-11,600160,35.19,35.24,34.15,34.22,23766536.0,831090908.0,92385310891.81999
2025-11-12,600160,34.12,35.07,33.6,34.6,23525677.0,820619807.0,93411214402.6
2025-11-13,600160,34.74,35.88,34.56,35.77,36821610.0,1322506497.0,96569917317.37001
2025-11-14,600160,35.5,35.66,35.11,35.11,21501681.0,770294577.0,94788084903.91
2025-11-17,600160,35.11,35.68,34.54,34.72,18802819.0,665550246.0,93735183932.31999
2025-11-18,600160,34.72,35.41,33.89,34.18,20311949.0,710777370.0,92277321048.58
2025-11-19,600160,33.93,34.7,33.9,34.27,14291106.0,497036951.0,92520298195.87001
2025-11-20,600160,34.27,34.82,33.93,33.96,14379775.0,501331732.0,91683376910.76001
2025-11-21,600160,33.68,33.73,32.74,32.74,18386299.0,618637097.0,88389686691.94
2025-11-24,600160,33.02,33.43,32.54,32.68,16736575.0,559260686.0,88227701927.08
2025-11-25,600160,33.12,33.29,32.84,32.98,13045789.0,437146693.0,89037625751.37999
2025-11-26,600160,32.99,33.37,32.69,33.04,10628686.0,356428049.0,89199610516.23999
2025-11-27,600160,33.04,33.66,33.0,33.09,11602646.0,391834392.0,89334597820.29001
2025-11-28,600160,33.04,33.32,32.85,33.06,8993936.0,301678660.0,89253605437.86
2025-12-01,600160,33.17,33.48,33.0,33.2,13467750.0,453163012.0,89631569889.20001
2025-12-02,600160,33.12,33.28,32.79,32.95,9482142.0,317344569.0,88956633368.95001
2025-12-03,600160,33.04,33.63,33.04,33.34,16542952.0,559361431.0,90009534340.54001
2025-12-04,600160,33.37,33.81,33.12,33.62,14533697.0,494445687.0,90765463243.21999
2025-12-05,600160,33.79,33.79,33.24,33.52,14075388.0,478079285.0,90495488635.12001
2025-12-08,600160,33.71,35.0,33.67,34.85,29890114.0,1049624189.0,94086150922.85
2025-12-09,600160,34.95,36.44,34.8,35.78,39452044.0,1437507819.0,96596914778.18001
2025-12-10,600160,35.65,36.37,35.04,36.28,25026774.0,908724296.0,97946787818.68001
2025-12-11,600160,36.29,36.56,35.47,35.48,20763375.0,757803676.0,95786990953.87999
2025-12-12,600160,35.41,35.8,35.02,35.65,17456507.0,626437271.0,96245947787.65
2025-12-15,600160,35.46,35.5,34.86,35.3,14964470.0,535044398.0,95301036659.29999
2025-12-16,600160,35.23,35.48,34.47,34.62,13771533.0,485769739.0,93465209324.21999
2025-12-17,600160,34.81,35.98,34.78,35.75,18845558.0,677335914.0,96515922395.75
2025-12-18,600160,36.01,36.1,35.31,35.31,17774233.0,640845042.0,95328034120.11
2025-12-19,600160,35.56,36.01,35.18,36.0,17920728.0,649053383.0,97190858916.0
2025-12-22,600160,36.19,37.18,35.87,37.05,32143882.0,1197715389.0,100025592301.04999
2025-12-23,600160,37.16,37.36,36.74,36.97,18814416.0,706224590.0,99809612614.56999
2025-12-24,600160,37.19,37.28,36.7,36.89,15661615.0,586310254.0,99593632928.09
2025-12-25,600160,36.62,38.26,36.62,37.69,25148555.0,959817579.0,101753429792.89
2025-12-26,600160,37.6,38.0,36.98,37.35,18272721.0,693390403.0,100835516125.35
2025-12-29,600160,37.34,37.47,36.82,36.97,19740199.0,742375379.0,99809612614.56999
2025-12-30,600160,36.69,38.22,36.59,37.91,23025285.0,878200524.0,102347373930.70999
2025-12-31,600160,37.87,38.13,37.54,37.89,15136844.0,581251157.0,102293379009.09
2026-01-05,600160,37.98,38.12,36.85,37.21,31502063.0,1190052258.0,100457551674.01001
2026-01-06,600160,37.16,38.39,36.89,38.17,41571893.0,1588357312.0,103049307911.77
2026-01-07,600160,38.12,38.63,37.84,38.3,23495934.0,909909833.0,103400274902.29999
2026-01-08,600160,38.02,38.44,37.17,37.42,21438954.0,821790765.0,101024498351.02
2026-01-09,600160,37.35,37.55,36.82,37.29,23246421.0,877355808.0,100673531360.48999
2026-01-12,600160,36.49,36.79,35.58,36.19,44505856.0,1627174894.0,97703810671.39
2026-01-13,600160,36.01,36.48,35.66,35.78,25368619.0,926861127.0,96596914778.18001
2026-01-14,600160,35.61,36.29,35.5,36.01,26915266.0,980265650.0,97217856376.81
2026-01-15,600160,35.78,37.21,35.67,36.69,25673382.0,954927558.0,99053683711.89
2026-01-16,600160,37.07,37.36,36.39,36.97,23600766.0,881618796.0,99809612614.56999
2026-01-19,600160,36.89,38.93,36.77,38.65,36512095.0,1416886665.0,104345186030.65
2026-01-20,600160,38.89,39.07,37.77,38.75,30213981.0,1178588936.0,104615160638.75
2026-01-21,600160,38.67,39.55,38.38,39.45,31835162.0,1264992825.0,106504982895.45001
2026-01-22,600160,37.48,38.6,37.31,38.44,73128301.0,2809414091.0,103778239353.64
2026-01-23,600160,38.19,39.11,37.88,38.6,39649527.0,1547114471.0,104210198726.6
2026-01-26,600160,38.62,39.55,38.19,38.94,42601975.0,1682230158.0,105128112394.14
2026-01-27,600160,39.0,40.51,38.96,39.27,38087530.0,1533393340.0,106019028600.87001
2026-01-28,600160,39.43,40.98,38.89,40.42,41734933.0,1700043392.0,109123736594.02
2026-01-29,600160,40.81,41.6,39.48,39.72,31971471.0,1295860587.0,107233914337.31999
2026-01-30,600160,39.33,39.99,38.06,38.97,31615894.0,1244180043.0,105209104776.56999
2026-02-02,600160,38.73,39.72,37.2,37.24,35736417.0,1376765136.0,100538544056.44
2026-02-03,600160,37.93,38.02,36.83,37.64,21517482.0,812468766.0,101618442488.84
2026-02-04,600160,37.79,37.86,36.98,37.42,21238000.0,800251740.0,101024498351.02
2026-02-05,600160,37.64,38.02,37.09,37.36,18479078.0,700537511.0,100862513586.16
2026-02-06,600160,37.05,39.48,36.74,38.93,32888584.0,1282526139.0,105101114933.33
2026-02-09,600160,39.23,39.35,38.49,39.16,22032840.0,865364694.0,105722056531.95999
2026-02-10,600160,39.19,39.59,38.53,39.49,22165183.0,873892646.0,106612972738.69
2026-02-11,600160,39.41,40.07,39.22,39.54,17963541.0,719474978.0,106747960042.73999
2026-02-12,600160,39.54,40.2,39.31,39.44,18251932.0,730842633.0,106477985434.64
2026-02-13,600160,39.43,39.43,38.44,38.44,16319710.0,639178083.0,103778239353.64
2026-02-24,600160,38.91,40.4,38.54,40.28,28976407.0,1164089306.0,108745772142.68001
2026-02-25,600160,40.31,41.23,39.5,40.62,30318238.0,1237779941.0,109663685810.21999
2026-02-26,600160,40.66,41.32,40.23,40.92,21246042.0,873495736.0,110473609634.52
2026-02-27,600160,40.66,41.8,40.6,41.21,23155612.0,962341200.0,111256535998.01001
2026-03-02,600160,41.2,43.51,40.97,42.89,42624642.0,1832660558.0,115792109414.09
2026-03-03,600160,42.89,43.43,41.58,41.75,33278404.0,1417902121.0,112714398881.75
2026-03-04,600160,41.12,42.28,40.37,40.49,30968905.0,1286876244.0,109312718819.69
2026-03-05,600160,41.1,41.59,40.69,41.16,18851005.0,782947513.0,111121548693.95999
2026-03-06,600160,41.09,42.79,40.5,42.37,28383639.0,1202054159.0,114388241451.96999
2026-03-09,600160,41.43,41.73,39.89,40.58,30932944.0,1269791538.0,109555695966.98
2026-03-10,600160,40.81,41.63,40.71,41.0,19578225.0,812524077.0,110689589321.0
2026-03-11,600160,41.06,41.08,39.92,40.28,22990282.0,937517678.0,108745772142.68001
2026-03-12,600160,40.52,40.58,38.83,39.28,29268481.0,1161832587.0,106046026061.68001
2026-03-13,600160,39.08,39.72,38.21,38.36,23806292.0,936999640.0,103562259667.16
2026-03-16,600160,38.35,38.74,36.79,37.65,33615765.0,1275153279.0,101645439949.65
2026-03-17,600160,37.84,38.67,37.44,37.49,20674099.0,793947693.0,101213480576.69
2026-03-18,600160,37.59,37.62,36.56,37.49,20936480.0,783435321.0,101213480576.69
2026-03-19,600160,37.08,37.08,35.58,35.96,35348736.0,1288625495.0,97082869072.76001
2026-03-20,600160,36.05,36.22,35.08,35.08,23186216.0,833416137.0,94707092521.48
2026-03-23,600160,34.27,34.76,33.56,33.78,32986029.0,1132830505.0,91197422616.18001
2026-03-24,600160,34.43,34.79,33.41,34.64,23383732.0,806922590.0,93519204245.84
2026-03-25,600160,34.97,35.67,34.67,34.89,20681428.0,734371069.0,94194140766.09
2026-03-26,600160,34.93,35.39,34.22,34.48,13691755.0,481118914.0,93087244872.87999
2026-03-27,600160,34.15,34.82,33.99,34.7,17867513.0,622066298.0,93681189010.70001
2026-03-30,600160,34.48,34.92,34.09,34.33,16417523.0,571580507.0,92682282960.73
2026-03-31,600160,34.28,34.64,33.68,33.83,15518109.0,534098102.0,91332409920.23
2026-04-01,600160,34.49,34.7,33.87,34.55,15729351.0,545961867.0,93276227098.54999
2026-04-02,600160,34.37,34.46,33.09,33.28,21653044.0,734878750.0,89847549575.68001
2026-04-03,600160,33.67,34.22,33.29,33.36,17169962.0,583994298.0,90063529262.16
2026-04-07,600160,33.38,34.35,33.21,34.13,22340208.0,764432854.0,92142333744.53001
2026-04-08,600160,34.87,35.11,34.45,34.67,32371658.0,1134586595.0,93600196628.27
2026-04-09,600160,34.47,34.72,33.57,34.37,21376065.0,736789602.0,92790272803.96999
2026-04-10,600160,34.62,34.73,34.23,34.47,20227530.0,703753381.0,93060247412.06999
2026-04-13,600160,34.42,34.47,33.25,33.53,34793402.0,1181885861.0,90522486095.93001
2026-04-14,600160,33.78,35.16,32.61,35.01,48065941.0,1646764934.0,94518110295.81
2026-04-15,600160,35.25,35.89,33.93,34.09,42230696.0,1486453457.0,92034343901.29001
2026-04-16,600160,34.09,34.45,33.68,33.78,34718400.0,1187742310.0,91197422616.18001
2026-04-17,600160,33.78,33.8,33.04,33.47,29233280.0,983577491.0,90360501331.06999
2026-04-20,600160,33.58,34.97,33.26,34.14,42628692.0,1478445590.0,92169331205.34
2026-04-21,600160,34.14,34.71,33.69,34.09,27509846.0,946149390.0,92034343901.29001
2026-04-22,600160,33.99,34.03,33.26,33.61,37792691.0,1278152809.0,90738465782.41
2026-04-23,600160,33.83,34.33,33.1,33.29,32125396.0,1087583888.0,89874547036.48999
2026-04-24,600160,33.35,35.0,33.24,34.72,48238261.0,1663716046.0,93735183932.31999
2026-04-27,600160,34.72,35.86,34.58,35.54,47078929.0,1684272760.0,95948975718.73999
2026-04-28,600160,35.54,36.32,34.97,35.88,42457077.0,1528915185.0,96866889386.28001
2026-04-29,600160,36.47,37.04,35.99,36.47,42980737.0,1582004064.0,98459739574.06999
2026-04-30,600160,36.33,37.0,36.14,36.29,32343517.0,1192184571.0,97973785279.48999
2026-05-06,600160,36.3,36.91,35.76,36.69,42738342.0,1568184475.0,99053683711.89
2026-05-07,600160,36.74,36.85,35.54,35.82,42411468.0,1536600582.0,96704904621.42
2026-05-08,600160,35.58,35.84,35.01,35.25,33468281.0,1193673872.0,95166049355.25
2026-05-11,600160,35.24,36.01,35.15,35.42,38308026.0,1374027227.0,95625006189.02
2026-05-12,600160,35.34,35.6,34.62,34.83,31826057.0,1124549032.0,94032156001.23
2026-05-13,600160,34.57,35.05,34.47,34.87,30500905.0,1069039004.0,94140145844.46999
2026-05-14,600160,34.78,35.65,34.23,34.23,39515175.0,1392611396.0,92412308352.62999
2026-05-15,600160,35.66,37.31,35.36,35.57,106915355.0,3925919622.0,96029968101.17
2026-05-18,600160,36.26,36.26,33.45,33.75,89273830.0,3090081176.0,91116430233.75
2026-05-19,600160,33.2,33.25,31.32,32.15,69581159.0,2252884705.0,86796836504.15
2026-05-20,600160,32.14,33.9,31.74,32.74,51536538.0,1697795300.0,88389686691.94
2026-05-21,600160,32.76,33.37,32.19,32.27,42968557.0,1424194934.0,87120806033.87001
2026-05-22,600160,33.18,35.5,32.55,35.5,91747620.0,3197061916.0,95840985875.5
2026-05-25,600160,35.5,35.72,34.85,34.93,57022469.0,2023625340.0,94302130609.33
2026-05-26,600160,34.88,36.45,33.98,35.42,75444351.0,2681557545.0,95625006189.02
2026-05-27,600160,35.65,36.74,34.67,34.87,61312438.0,2201587008.0,94140145844.46999
2026-05-28,600160,34.87,35.32,33.28,34.24,51701211.0,1777980104.0,92439305813.44
2026-05-29,600160,34.24,34.31,32.71,32.71,38994385.0,1313291611.0,88308694309.51001
2026-06-01,600160,34.27,35.98,34.27,35.98,82980000.0,2980028852.0,97136863994.37999
2026-06-02,600160,36.85,38.14,36.07,37.87,126435854.0,4742709748.0,102239384087.46999
2026-06-03,600160,37.8,39.62,37.45,38.43,109096090.0,4252871897.0,103751241892.83
2026-06-04,600160,37.86,38.85,37.44,37.88,65334340.0,2505795335.0,102266381548.28001
2026-06-05,600160,37.54,39.82,37.53,38.9,85320630.0,3353428159.0,105020122550.9
2026-06-08,600160,37.64,40.55,37.25,37.79,98684638.0,3860291059.0,102023404400.98999
2026-06-09,600160,38.43,38.62,36.67,37.37,69395507.0,2619348103.0,100889511046.96999
2026-06-10,600160,37.08,40.61,37.02,40.01,106604712.0,4244682569.0,108016840700.81
2026-06-11,600160,40.65,42.56,39.24,41.0,133037510.0,5448687406.0,110689589321.0
2026-06-12,600160,41.1,43.05,41.1,42.39,114603142.0,4833825914.0,114442236373.59
2026-06-15,600160,45.0,46.63,42.22,46.59,138062461.0,6233341594.0,125781169913.79001
2026-06-16,600160,46.06,48.0,44.8,46.7,137621197.0,6403432159.0,126078141982.70001
2026-06-17,600160,45.61,47.77,44.88,47.7,116577485.0,5387546014.0,128777888063.70001
2026-06-18,600160,47.17,47.17,43.25,44.12,162678365.0,7295143712.0,119112797093.71999
2026-06-22,600160,44.55,48.53,43.51,48.53,125567813.0,5810419929.0,131018677310.93001
2026-06-23,600160,50.01,50.49,46.2,46.85,139551367.0,6733569276.0,126483103894.85
2026-06-24,600160,46.08,51.34,46.08,50.73,128445196.0,6326912420.0,136958118689.12999
2026-06-25,600160,50.73,52.0,50.3,50.8,101893221.0,5199360634.0,137147100914.79999
2026-06-26,600160,50.3,52.46,49.67,50.95,100065657.0,5106653157.0,137552062826.95
2026-06-29,600160,53.0,54.9,48.22,53.8,133873139.0,6904309537.0,145246339157.8
2026-06-30,600160,52.0,55.0,51.13,53.01,99923058.0,5282766195.0,143113539753.81
2026-07-01,600160,53.11,57.78,52.55,55.85,125866324.0,6936058334.0,150780818623.85
2026-07-02,600160,53.7,58.0,51.07,54.83,126960584.0,7027193021.0,148027077621.22998
2026-07-03,600160,53.51,54.68,49.35,49.35,137604778.0,6943810552.0,133232469097.35
2026-07-06,600160,48.8,50.77,47.6,49.05,97680184.0,4804459773.0,132422545273.04999
2026-07-07,600160,48.05,48.77,46.11,46.58,83359052.0,3935069793.0,125754172452.98
2026-07-08,600160,46.58,48.15,44.9,45.72,85436057.0,3948178369.0,123432390823.31999
2026-07-09,600160,45.92,46.88,44.63,46.0,68619685.0,3125417091.0,124188319726.0
2026-07-10,600160,45.97,46.97,43.35,43.42,103947637.0,4660570248.0,117222974837.02
2026-07-13,600160,42.0,43.2,41.64,41.96,70801953.0,2994033914.0,113281345558.76001
2026-07-14,600160,42.05,43.09,41.11,42.85,52267755.0,2208199777.0,115684119570.85
2026-07-15,600160,42.85,43.08,41.5,42.2,46212010.0,1955674770.0,113929284618.20001
2026-07-16,600160,41.89,41.98,39.69,39.98,58491259.0,2378692380.0,107935848318.37999
2026-07-17,600160,39.87,41.15,38.81,39.13,52582183.0,2097791912.0,105641064149.53001
2026-07-20,600160,39.75,39.99,37.07,37.9,57153685.0,2178257816.0,102320376469.9
2026-07-21,600160,37.9,40.4,36.78,40.38,61020901.0,2372418577.0,109015746750.78001
2026-07-22,600160,39.98,40.29,38.5,38.78,44016446.0,1732769702.0,104696153021.18001
2026-07-23,600160,38.78,40.95,38.42,40.83,49758769.0,1975620079.0,110230632487.23
2026-07-24,600160,40.1,40.75,39.52,39.78,37855636.0,1515546394.0,107395899102.18001
2026-07-27,600160,39.58,40.4,39.15,40.16,32312156.0,1286152247.0,108421802612.95999
2026-07-28,600160,39.5,39.63,38.24,38.44,29043612.0,1128484087.0,103778239353.64
2026-07-29,600160,38.42,39.82,37.23,39.11,39132634.0,1509220644.0,105587069227.91
