date,ticker,open,high,low,close,volume,amount,market_cap
2021-01-04,600104,21.11,21.11,20.57,20.71,118844998.0,2808084237.0,241964484869.15002
2021-01-05,600104,20.81,20.9,19.79,19.97,113611935.0,2596909491.0,233318723459.05
2021-01-06,600104,20.09,20.47,19.94,20.2,64718817.0,1482836750.0,236005919573.0
2021-01-07,600104,20.27,20.46,19.97,20.43,67740364.0,1561964390.0,238693115686.94998
2021-01-08,600104,20.81,22.47,20.67,22.47,184646960.0,4578791891.0,262527376871.55
2021-01-11,600104,22.86,23.89,22.51,23.24,162986345.0,4308240566.0,271523642122.59998
2021-01-12,600104,22.6,23.22,22.09,23.0,111877009.0,2879289793.0,268719611395.0
2021-01-13,600104,23.48,24.02,21.93,22.03,141103246.0,3666763491.0,257386653870.95
2021-01-14,600104,22.03,23.08,21.78,22.09,114149692.0,2904780919.0,258087661552.85
2021-01-15,600104,22.25,22.84,21.54,22.6,115162891.0,2911954553.0,264046226849.00003
2021-01-18,600104,22.38,22.38,21.72,21.78,98930465.0,2460139844.0,254465788529.7
2021-01-19,600104,21.6,21.66,20.52,20.83,117022660.0,2784578162.0,243366500232.94998
2021-01-20,600104,20.85,21.11,20.49,20.62,71431407.0,1687406334.0,240912973346.30002
2021-01-21,600104,20.64,20.96,20.34,20.87,84090660.0,1974813165.0,243833838687.55002
2021-01-22,600104,20.67,20.89,20.36,20.73,62527441.0,1464317825.0,242198154096.45
2021-01-25,600104,20.52,20.56,19.9,20.27,76424354.0,1753461977.0,236823761868.55
2021-01-26,600104,20.24,20.38,19.93,19.96,41914225.0,957188001.0,233201888845.40002
2021-01-27,600104,20.17,20.65,20.0,20.55,60575521.0,1400943581.0,240095131050.75
2021-01-28,600104,20.23,20.42,19.87,19.96,54539191.0,1246948350.0,233201888845.40002
2021-01-29,600104,20.06,20.16,19.08,19.29,62787719.0,1396407868.0,225373969730.84998
2021-02-01,600104,19.12,19.21,18.77,19.06,50382448.0,1086784770.0,222686773616.9
2021-02-02,600104,19.28,19.92,19.24,19.92,59769281.0,1339224704.0,232734550390.80002
2021-02-03,600104,19.71,19.76,19.26,19.48,48225915.0,1068885843.0,227593827390.2
2021-02-04,600104,19.35,19.36,18.85,19.05,44729181.0,969620784.0,222569939003.25
2021-02-05,600104,19.05,19.33,18.91,18.97,28602053.0,620548379.0,221635262094.05
2021-02-08,600104,19.17,19.29,18.84,19.1,32285817.0,699131133.0,223154112071.50003
2021-02-09,600104,18.73,18.92,18.19,18.7,77472752.0,1631682421.0,218480727525.5
2021-02-10,600104,18.78,19.5,18.7,19.28,59655916.0,1295602021.0,225257135117.2
2021-02-18,600104,19.52,19.55,19.18,19.34,53307896.0,1173313077.0,225958142799.1
2021-02-19,600104,19.33,19.65,19.11,19.61,45167288.0,998336316.0,229112677367.65
2021-02-22,600104,19.66,20.2,19.2,19.61,75593333.0,1688565343.0,229112677367.65
2021-02-23,600104,19.41,19.52,19.06,19.23,45230431.0,992780016.0,224672962048.95
2021-02-24,600104,19.24,19.43,18.65,18.74,52491219.0,1135045688.0,218948065980.09998
2021-02-25,600104,18.98,19.04,18.65,19.04,39634125.0,850202112.0,222453104389.59998
2021-02-26,600104,18.71,19.0,18.64,18.69,40686739.0,869165836.0,218363892911.85
2021-03-01,600104,18.72,18.8,18.51,18.66,29325397.0,621621967.0,218013389070.9
2021-03-02,600104,18.69,18.73,18.27,18.37,43026435.0,901774329.0,214625185275.05002
2021-03-03,600104,18.26,18.71,18.25,18.62,36946716.0,779626341.0,217546050616.30002
2021-03-04,600104,18.47,18.54,18.21,18.22,36025855.0,750203683.0,212872666070.3
2021-03-05,600104,18.1,18.47,17.96,18.33,39333541.0,817610894.0,214157846820.44998
2021-03-08,600104,18.46,18.58,17.96,17.98,38201115.0,792907644.0,210068635342.7
2021-03-09,600104,18.02,18.36,17.35,17.99,45293756.0,923086068.0,210185469956.34998
2021-03-10,600104,18.12,18.27,17.56,17.57,38152779.0,772660723.0,205278416183.05002
2021-03-11,600104,17.5,17.75,17.35,17.65,34637155.0,691723111.0,206213093092.24997
2021-03-12,600104,17.71,17.91,17.4,17.89,39595639.0,794100379.0,209017123819.85
2021-03-15,600104,17.78,17.88,17.55,17.66,23362219.0,469979801.0,206329927705.9
2021-03-16,600104,17.61,17.97,17.59,17.86,30928143.0,627756975.0,208666619978.9
2021-03-17,600104,17.88,18.19,17.78,18.04,26388026.0,541011222.0,210769643024.59998
2021-03-18,600104,18.19,18.36,17.92,17.96,27372124.0,562673514.0,209834966115.40002
2021-03-19,600104,17.86,17.86,17.6,17.62,24983313.0,502371492.0,205862589251.30002
2021-03-22,600104,17.62,18.08,17.57,18.04,23223817.0,470929638.0,210769643024.59998
2021-03-23,600104,18.11,18.11,17.72,17.9,21257859.0,431992133.0,209133958433.49997
2021-03-24,600104,17.78,18.03,17.74,17.75,18643560.0,377976793.0,207381439228.75
2021-03-25,600104,17.75,17.76,17.49,17.54,26909550.0,537524347.0,204927912342.09998
2021-03-26,600104,17.57,17.84,17.51,17.68,32063819.0,644876921.0,206563596933.19998
2021-03-29,600104,17.61,17.64,17.35,17.48,28138345.0,558569950.0,204226904660.2
2021-03-30,600104,17.49,17.52,17.35,17.4,22053988.0,436460423.0,203292227750.99997
2021-03-31,600104,17.45,17.5,17.25,17.3,25442362.0,501899618.0,202123881614.5
2021-04-01,600104,17.32,17.47,17.31,17.41,17954268.0,355230065.0,203409062364.65
2021-04-02,600104,17.46,17.55,17.38,17.5,22768416.0,452522923.0,204460573887.5
2021-04-06,600104,17.59,17.68,17.5,17.65,20664356.0,413490212.0,206213093092.24997
2021-04-07,600104,17.59,17.68,17.45,17.68,24944492.0,498050775.0,206563596933.19998
2021-04-08,600104,17.67,18.01,17.53,17.88,34428278.0,698421288.0,208900289206.19998
2021-04-09,600104,17.85,17.85,17.6,17.61,26753208.0,536833988.0,205745754637.65
2021-04-12,600104,17.72,17.79,17.55,17.61,21507915.0,432085284.0,205745754637.65
2021-04-13,600104,17.63,17.69,17.41,17.45,18303021.0,363743324.0,203876400819.25
2021-04-14,600104,17.45,17.63,17.45,17.54,14735154.0,293992725.0,204927912342.09998
2021-04-15,600104,17.5,17.58,17.26,17.39,19017098.0,375062927.0,203175393137.35
2021-04-16,600104,17.39,18.08,17.37,18.01,55891050.0,1134089202.0,210419139183.65002
2021-04-19,600104,18.27,18.89,17.92,18.77,85089445.0,1793332907.0,219298569821.05
2021-04-20,600104,18.69,18.69,18.07,18.08,54580472.0,1132286430.0,211236981479.19998
2021-04-21,600104,17.89,17.9,17.62,17.66,38473265.0,774216772.0,206329927705.9
2021-04-22,600104,17.66,17.73,17.55,17.68,21573197.0,432656279.0,206563596933.19998
2021-04-23,600104,17.59,17.68,17.46,17.53,24279204.0,484730240.0,204811077728.45
2021-04-26,600104,17.53,17.58,17.37,17.44,25226302.0,500289896.0,203759566205.6
2021-04-27,600104,17.39,17.43,17.22,17.23,22098760.0,434204762.0,201306039318.95
2021-04-28,600104,17.24,17.26,17.01,17.09,25278986.0,490724138.0,199670354727.85
2021-04-29,600104,17.1,17.41,17.03,17.37,22225171.0,436641291.0,202941723910.05002
2021-04-30,600104,17.62,17.97,17.54,17.64,41025740.0,826650599.0,206096258478.6
2021-05-06,600104,17.64,18.04,17.59,17.82,38502287.0,782063930.0,208199281524.30002
2021-05-07,600104,17.85,17.91,17.52,17.53,25103759.0,503622510.0,204811077728.45
2021-05-10,600104,17.58,18.01,17.48,17.83,32519300.0,657156854.0,208316116137.94998
2021-05-11,600104,17.68,17.89,17.43,17.68,29979851.0,601917631.0,206563596933.19998
2021-05-12,600104,17.59,18.25,17.54,18.15,53520138.0,1098964142.0,212054823774.74997
2021-05-13,600104,17.94,18.02,17.64,17.7,34458861.0,696074323.0,206797266160.5
2021-05-14,600104,17.7,17.97,17.56,17.91,34867957.0,705541999.0,209250793047.15
2021-05-17,600104,17.91,18.26,17.75,18.1,41186736.0,846376544.0,211470650706.50003
2021-05-18,600104,18.05,18.22,17.82,17.94,27407346.0,559358438.0,209601296888.1
2021-05-19,600104,17.89,18.4,17.76,18.18,49998288.0,1032049885.0,212405327615.69998
2021-05-20,600104,18.09,18.17,17.85,17.97,35444314.0,724395121.0,209951800729.05
2021-05-21,600104,18.03,18.1,17.71,17.75,33732368.0,683829986.0,207381439228.75
2021-05-24,600104,17.75,17.75,17.54,17.57,27508385.0,549874808.0,205278416183.05002
2021-05-25,600104,17.59,17.81,17.49,17.79,33981016.0,683247149.0,207848777683.34998
2021-05-26,600104,17.78,18.16,17.75,17.87,32585078.0,665685179.0,208783454592.55002
2021-05-27,600104,17.79,18.03,17.74,17.85,27811156.0,565529691.0,208549785365.25003
2021-05-28,600104,17.97,18.15,17.85,17.92,35564762.0,727629059.0,209367627660.80002
2021-05-31,600104,17.93,17.96,17.66,17.83,27657098.0,558882896.0,208316116137.94998
2021-06-01,600104,17.82,17.9,17.65,17.89,28449003.0,575346487.0,209017123819.85
2021-06-02,600104,17.9,18.04,17.78,17.94,35523841.0,723668918.0,209601296888.1
2021-06-03,600104,17.87,18.04,17.71,17.79,34944594.0,709280285.0,207848777683.34998
2021-06-04,600104,17.75,17.88,17.64,17.7,27308343.0,550122680.0,206797266160.5
2021-06-07,600104,17.68,17.72,17.56,17.64,21845851.0,437450291.0,206096258478.6
2021-06-08,600104,17.61,17.79,17.57,17.69,21294306.0,427981708.0,206680431546.85
2021-06-09,600104,17.68,17.77,17.59,17.61,20697719.0,415453239.0,205745754637.65
2021-06-10,600104,17.59,17.72,17.54,17.54,32886835.0,659012187.0,204927912342.09998
2021-06-11,600104,17.54,17.58,17.25,17.51,39595021.0,783194066.0,204577408501.15002
2021-06-15,600104,17.68,18.74,17.68,18.55,136187587.0,2826843550.0,216728208320.75
2021-06-16,600104,18.32,18.4,17.96,18.01,66662730.0,1373399410.0,210419139183.65002
2021-06-17,600104,17.96,18.18,17.67,17.82,47220200.0,959138617.0,208199281524.30002
2021-06-18,600104,17.78,19.35,17.7,19.08,139310697.0,2998689500.0,222920442844.19998
2021-06-21,600104,18.99,18.99,18.5,18.7,76695657.0,1631179581.0,218480727525.5
2021-06-22,600104,18.77,19.83,18.55,19.43,109057328.0,2405637190.0,227009654321.94998
2021-06-23,600104,19.44,19.82,19.2,19.39,81505616.0,1809949763.0,226542315867.35
2021-06-24,600104,19.49,19.83,19.13,19.34,61206621.0,1353754582.0,225958142799.1
2021-06-25,600104,19.39,20.18,19.3,19.85,85730832.0,1934602005.0,231916708095.25003
2021-06-28,600104,19.87,20.38,19.52,19.71,71167568.0,1604340796.0,230281023504.15002
2021-06-29,600104,19.79,19.86,18.99,19.13,62682762.0,1370039092.0,223504615912.44998
2021-06-30,600104,19.14,19.42,18.87,19.32,39418439.0,858837003.0,225724473571.80002
2021-07-01,600104,19.37,19.37,18.8,18.96,40178998.0,869465869.0,221518427480.40002
2021-07-02,600104,18.65,18.91,18.49,18.5,47232229.0,1000783608.0,216144035252.5
2021-07-05,600104,18.36,18.68,18.25,18.54,35674105.0,748713954.0,216611373707.09998
2021-07-06,600104,18.42,18.56,18.17,18.51,36414543.0,761172048.0,216260869866.15002
2021-07-07,600104,18.38,19.08,18.26,18.87,54662293.0,1169476336.0,220466915957.55002
2021-07-08,600104,18.88,18.99,18.68,18.72,33978045.0,726134524.0,218714396752.8
2021-07-09,600104,18.63,19.44,18.48,19.28,66814713.0,1449739596.0,225257135117.2
2021-07-12,600104,19.38,19.57,19.02,19.17,64659652.0,1417541430.0,223971954367.05002
2021-07-13,600104,19.11,19.44,19.0,19.06,41130942.0,895725286.0,222686773616.9
2021-07-14,600104,19.05,19.05,18.26,18.29,59640571.0,1249823404.0,213690508365.84998
2021-07-15,600104,18.25,18.27,17.77,18.04,39887806.0,816690262.0,210769643024.59998
2021-07-16,600104,18.16,18.33,18.05,18.28,29153622.0,603567088.0,213573673752.2
2021-07-19,600104,18.03,18.24,17.75,18.16,33430693.0,683461048.0,212171658388.4
2021-07-20,600104,18.01,18.21,17.82,17.95,25538058.0,521718984.0,209718131501.75
2021-07-21,600104,17.95,18.29,17.94,18.01,36415547.0,748932609.0,210419139183.65002
2021-07-22,600104,18.04,18.18,17.9,17.92,33539747.0,686273572.0,209367627660.80002
2021-07-23,600104,18.0,18.44,17.95,18.2,42952853.0,888692874.0,212638996843.0
2021-07-26,600104,18.2,18.2,17.48,17.52,58405044.0,1172123471.0,204694243114.8
2021-07-27,600104,17.53,17.75,17.42,17.44,33368001.0,667542198.0,203759566205.6
2021-07-28,600104,17.39,17.59,16.58,16.74,63080433.0,1213204089.0,195581143250.09998
2021-07-29,600104,16.87,16.9,16.62,16.79,44205521.0,840841054.0,196165316318.34998
2021-07-30,600104,16.77,16.97,16.38,16.66,39334185.0,719220471.0,194646466340.9
2021-08-02,600104,16.66,17.39,16.66,17.18,52942045.0,993472924.0,200721866250.69998
2021-08-03,600104,17.1,17.13,16.81,17.04,42341637.0,790825088.0,199086181659.59998
2021-08-04,600104,17.02,17.51,16.94,17.24,41729143.0,794102580.0,201422873932.59998
2021-08-05,600104,17.25,17.41,16.94,17.31,33571369.0,636363576.0,202240716228.15
2021-08-06,600104,17.32,17.67,17.17,17.41,36950713.0,707340163.0,203409062364.65
2021-08-09,600104,17.22,17.4,17.06,17.35,33033248.0,626305088.0,202708054682.75003
2021-08-10,600104,17.37,17.43,17.2,17.37,30289094.0,577289079.0,202941723910.05002
2021-08-11,600104,17.37,17.55,17.29,17.36,29554768.0,565047842.0,202824889296.4
2021-08-12,600104,17.27,18.16,17.24,17.9,81488050.0,1594367479.0,209133958433.49997
2021-08-13,600104,17.72,17.74,17.37,17.51,41475002.0,800515101.0,204577408501.15002
2021-08-16,600104,17.35,17.62,17.35,17.42,27548853.0,530086576.0,203525896978.30002
2021-08-17,600104,17.41,17.6,16.97,17.0,40895396.0,776525385.0,198618843205.0
2021-08-18,600104,16.95,17.14,16.84,17.1,28919347.0,540364998.0,199787189341.50003
2021-08-19,600104,16.97,17.26,16.93,17.04,44479112.0,836865914.0,199086181659.59998
2021-08-20,600104,16.94,16.94,16.52,16.7,52673130.0,965341779.0,195113804795.5
2021-08-23,600104,16.7,16.85,16.61,16.73,26923845.0,495620722.0,195464308636.45
2021-08-24,600104,16.8,17.01,16.77,16.89,30321070.0,563901038.0,197333662454.85
2021-08-25,600104,16.95,16.95,16.73,16.86,24611840.0,456206218.0,196983158613.9
2021-08-26,600104,16.86,16.87,16.68,16.69,26257337.0,483439691.0,194996970181.85
2021-08-27,600104,16.95,17.42,16.95,17.16,73283227.0,1388636895.0,200488197023.4
2021-08-30,600104,17.26,17.79,16.95,17.61,78822618.0,1508905847.0,205745754637.65
2021-08-31,600104,17.54,17.79,17.29,17.55,47849636.0,919628000.0,205044746955.75
2021-09-01,600104,17.43,17.95,17.43,17.86,65952581.0,1287928273.0,208666619978.9
2021-09-02,600104,17.86,18.12,17.68,18.05,54257725.0,1068359046.0,210886477638.25
2021-09-03,600104,17.95,18.12,17.64,17.66,50760930.0,996333148.0,206329927705.9
2021-09-06,600104,17.72,18.31,17.72,18.13,66139121.0,1315958098.0,211821154547.44998
2021-09-07,600104,18.58,19.44,18.49,19.03,115409660.0,2413848230.0,222336269775.95
2021-09-08,600104,18.83,19.17,18.76,18.94,59633876.0,1242453236.0,221284758253.1
2021-09-09,600104,19.03,19.51,18.76,19.04,58023034.0,1218013394.0,222453104389.59998
2021-09-10,600104,19.63,19.81,19.05,19.08,74348496.0,1582415269.0,222920442844.19998
2021-09-13,600104,18.94,19.03,18.54,18.78,57702463.0,1190561839.0,219415404434.7
2021-09-14,600104,18.88,19.16,18.5,18.56,53754304.0,1112486674.0,216845042934.4
2021-09-15,600104,18.52,18.61,18.29,18.36,35709925.0,723303239.0,214508350661.4
2021-09-16,600104,18.39,18.51,18.18,18.18,38957420.0,785058663.0,212405327615.69998
2021-09-17,600104,18.26,18.37,18.1,18.27,28265073.0,566673285.0,213456839138.55
2021-09-22,600104,18.06,18.22,17.9,18.13,25915205.0,514731219.0,211821154547.44998
2021-09-23,600104,18.13,18.42,18.12,18.19,30195752.0,605701230.0,212522162229.35
2021-09-24,600104,18.19,18.26,17.85,17.88,30864316.0,613744502.0,208900289206.19998
2021-09-27,600104,17.95,18.12,17.63,17.93,35815683.0,703753454.0,209484462274.44998
2021-09-28,600104,17.9,17.94,17.68,17.75,24064305.0,471209044.0,207381439228.75
2021-09-29,600104,17.63,17.64,17.29,17.45,36153149.0,693032904.0,203876400819.25
2021-09-30,600104,17.45,17.6,17.29,17.34,26037162.0,498332957.0,202591220069.1
2021-10-08,600104,17.45,17.82,17.45,17.76,29928655.0,581280878.0,207498273842.40002
2021-10-11,600104,17.72,18.08,17.65,17.95,27787631.0,548302461.0,209718131501.75
2021-10-12,600104,17.95,18.12,17.65,17.76,28588160.0,562877991.0,207498273842.40002
2021-10-13,600104,17.74,18.4,17.66,18.4,56374722.0,1125166676.0,214975689115.99997
2021-10-14,600104,18.44,18.7,18.29,18.67,51403591.0,1049073278.0,218130223684.55002
2021-10-15,600104,18.58,19.0,18.54,18.92,50987826.0,1056252574.0,221051089025.80002
2021-10-18,600104,18.83,19.25,18.69,19.09,53739439.0,1129099371.0,223037277457.85
2021-10-19,600104,18.99,19.34,18.95,19.04,46253589.0,973135007.0,222453104389.59998
2021-10-20,600104,19.02,19.33,18.96,19.06,44440990.0,935892777.0,222686773616.9
2021-10-21,600104,19.05,19.24,18.9,19.06,41805237.0,876639892.0,222686773616.9
2021-10-22,600104,19.14,19.26,18.96,19.04,34754978.0,730010039.0,222453104389.59998
2021-10-25,600104,18.95,19.21,18.63,19.05,42446432.0,886364454.0,222569939003.25
2021-10-26,600104,19.32,19.38,18.71,18.84,45700159.0,954780618.0,220116412116.6
2021-10-27,600104,18.76,18.95,18.4,18.52,41806407.0,854383465.0,216377704479.8
2021-10-28,600104,18.46,18.52,17.96,18.03,47337836.0,944933148.0,210652808410.95
2021-10-29,600104,18.14,18.5,18.08,18.43,40930671.0,825133084.0,215326192956.94998
2021-11-01,600104,18.52,18.56,18.05,18.14,39246991.0,787307229.0,211937989161.1
2021-11-02,600104,18.18,18.84,18.17,18.37,57593099.0,1171568205.0,214625185275.05002
2021-11-03,600104,18.38,18.54,18.19,18.34,28000275.0,565361808.0,214274681434.1
2021-11-04,600104,18.49,18.9,18.44,18.77,39299825.0,809522497.0,219298569821.05
2021-11-05,600104,18.84,20.65,18.82,20.65,170185428.0,3816097945.0,241263477187.24997
2021-11-08,600104,20.65,21.31,20.51,20.91,171533545.0,3943954922.0,244301177142.15
2021-11-09,600104,20.9,20.99,20.09,20.13,93392707.0,2100255465.0,235188077277.44998
2021-11-10,600104,19.99,20.13,19.24,19.46,87072494.0,1871365858.0,227360158162.90002
2021-11-11,600104,19.36,19.67,19.28,19.37,71644051.0,1534272206.0,226308646640.05002
2021-11-12,600104,19.44,19.58,19.18,19.43,62363338.0,1331309443.0,227009654321.94998
2021-11-15,600104,19.5,19.65,18.87,19.21,62184578.0,1312382810.0,224439292821.65002
2021-11-16,600104,19.08,19.23,18.7,18.74,51011319.0,1064463797.0,218948065980.09998
2021-11-17,600104,18.89,19.13,18.77,18.86,55125234.0,1149514406.0,220350081343.9
2021-11-18,600104,18.76,18.99,18.55,18.75,42309519.0,873334614.0,219064900593.75
2021-11-19,600104,18.67,18.92,18.44,18.79,51402328.0,1058161397.0,219532239048.34998
2021-11-22,600104,18.81,19.04,18.66,18.97,60975811.0,1268237558.0,221635262094.05
2021-11-23,600104,18.88,19.15,18.74,19.12,61000819.0,1273215472.0,223387781298.80002
2021-11-24,600104,19.08,19.08,18.63,18.72,54204620.0,1119457765.0,218714396752.8
2021-11-25,600104,18.63,18.76,18.47,18.68,35102523.0,718582741.0,218247058298.19998
2021-11-26,600104,18.85,18.9,18.32,18.32,48412240.0,987158715.0,214041012206.80002
2021-11-29,600104,18.07,18.29,17.97,18.25,33193327.0,663159723.0,213223169911.25
2021-11-30,600104,18.41,18.52,18.09,18.13,36874251.0,741498850.0,211821154547.44998
2021-12-01,600104,18.24,18.34,18.13,18.34,27041971.0,543404267.0,214274681434.1
2021-12-02,600104,18.35,18.74,18.24,18.71,49397552.0,1009618712.0,218597562139.15002
2021-12-03,600104,18.72,18.73,18.27,18.64,43173558.0,878559998.0,217779719843.6
2021-12-06,600104,18.48,18.65,18.34,18.4,34394427.0,699059163.0,214975689115.99997
2021-12-07,600104,18.47,19.04,18.4,18.95,65949501.0,1365040096.0,221401592866.75
2021-12-08,600104,19.11,19.16,18.66,19.02,55347707.0,1149778381.0,222219435162.3
2021-12-09,600104,18.95,20.12,18.87,19.8,109707696.0,2366151853.0,231332535027.0
2021-12-10,600104,19.58,19.85,19.53,19.84,61872277.0,1344190157.0,231799873481.6
2021-12-13,600104,19.96,20.04,19.66,19.74,45219707.0,986725024.0,230631527345.09998
2021-12-14,600104,19.56,19.64,19.23,19.33,48662992.0,1037992648.0,225841308185.44998
2021-12-15,600104,19.24,19.39,19.15,19.2,25945167.0,550204145.0,224322458208.0
2021-12-16,600104,19.26,19.47,19.19,19.36,31420717.0,668823753.0,226191812026.4
2021-12-17,600104,19.31,19.44,19.03,19.04,32708400.0,689403178.0,222453104389.59998
2021-12-20,600104,18.94,19.13,18.66,18.71,34782913.0,720623885.0,218597562139.15002
2021-12-21,600104,18.69,19.08,18.67,18.96,28285625.0,589713228.0,221518427480.40002
2021-12-22,600104,19.06,19.2,18.68,18.76,34885000.0,724359848.0,219181735207.40002
2021-12-23,600104,18.84,18.95,18.73,18.92,23285311.0,483537491.0,221051089025.80002
2021-12-24,600104,18.93,18.94,18.68,18.71,21158095.0,436607130.0,218597562139.15002
2021-12-27,600104,18.72,18.93,18.7,18.91,19154963.0,397692117.0,220934254412.15
2021-12-28,600104,18.94,19.09,18.78,18.94,26570963.0,552626350.0,221284758253.1
2021-12-29,600104,18.93,18.94,18.55,18.71,27501358.0,565047437.0,218597562139.15002
2021-12-30,600104,18.67,18.84,18.62,18.65,21760816.0,448240033.0,217896554457.24997
2021-12-31,600104,18.68,18.81,18.66,18.74,16818578.0,346762490.0,218948065980.09998
2022-01-04,600104,18.88,18.93,18.54,18.8,34116690.0,701830448.0,219649073662.0
2022-01-05,600104,18.71,19.14,18.69,19.04,50837766.0,1061879992.0,222453104389.59998
2022-01-06,600104,18.9,18.97,18.64,18.73,38639239.0,796658661.0,218831231366.45
2022-01-07,600104,18.77,18.97,18.73,18.77,34040953.0,705943636.0,219298569821.05
2022-01-10,600104,18.94,18.94,18.72,18.85,28113453.0,581957476.0,220233246730.25003
2022-01-11,600104,18.81,18.83,18.43,18.45,47246591.0,968072316.0,215559862184.25
2022-01-12,600104,18.54,18.61,18.25,18.51,47645026.0,965854229.0,216260869866.15002
2022-01-13,600104,18.45,18.64,18.24,18.28,37716077.0,765815995.0,213573673752.2
2022-01-14,600104,18.2,18.22,17.94,18.01,46785095.0,929956993.0,210419139183.65002
2022-01-17,600104,18.04,18.24,18.02,18.16,31192117.0,622607900.0,212171658388.4
2022-01-18,600104,18.16,18.37,18.09,18.29,29836236.0,599538671.0,213690508365.84998
2022-01-19,600104,18.25,18.34,18.04,18.21,36670716.0,733457469.0,212755831456.65002
2022-01-20,600104,18.15,18.35,18.1,18.24,31656122.0,635180448.0,213106335297.59998
2022-01-21,600104,18.22,18.24,17.91,17.95,35979256.0,712210155.0,209718131501.75
2022-01-24,600104,17.81,17.87,17.65,17.74,27195232.0,531291149.0,207264604615.09998
2022-01-25,600104,17.67,17.76,17.29,17.32,36233232.0,698431615.0,202357550841.80002
2022-01-26,600104,17.34,17.52,17.33,17.39,21255318.0,407258986.0,203175393137.35
2022-01-27,600104,17.32,17.38,17.09,17.11,31912784.0,604966343.0,199904023955.15
2022-01-28,600104,17.15,17.25,16.9,16.95,30901876.0,580291432.0,198034670136.75
2022-02-07,600104,17.22,17.36,17.06,17.2,29912157.0,566712594.0,200955535478.0
2022-02-08,600104,17.26,17.35,17.15,17.35,25018117.0,475229975.0,202708054682.75003
2022-02-09,600104,17.36,17.5,17.32,17.45,31405540.0,602097707.0,203876400819.25
2022-02-10,600104,17.43,17.44,17.25,17.37,36036152.0,687539836.0,202941723910.05002
2022-02-11,600104,17.35,17.44,17.27,17.34,33766649.0,645492620.0,202591220069.1
2022-02-14,600104,17.37,17.37,16.98,17.08,35116734.0,661025809.0,199553520114.19998
2022-02-15,600104,17.07,17.13,16.96,17.08,26644614.0,500161011.0,199553520114.19998
2022-02-16,600104,17.15,17.47,17.13,17.25,30424805.0,578936221.0,201539708546.25
2022-02-17,600104,17.31,17.31,17.05,17.15,24646864.0,464365542.0,200371362409.74997
2022-02-18,600104,17.04,17.21,16.97,17.17,28717502.0,539456306.0,200605031637.05002
2022-02-21,600104,17.08,17.13,17.02,17.11,25402594.0,477223232.0,199904023955.15
2022-02-22,600104,16.99,17.0,16.69,16.77,47246946.0,875620513.0,195931647091.05
2022-02-23,600104,16.83,17.05,16.79,17.03,39423797.0,733973827.0,198969347045.95
2022-02-24,600104,16.95,17.05,16.54,16.65,43263297.0,798540177.0,194529631727.24997
2022-02-25,600104,16.72,16.81,16.64,16.69,34338117.0,631801544.0,194996970181.85
2022-02-28,600104,16.62,16.63,16.36,16.45,33321418.0,603075816.0,192192939454.25
2022-03-01,600104,16.55,16.9,16.54,16.72,33401634.0,613624972.0,195347474022.8
2022-03-02,600104,16.58,16.8,16.5,16.72,22828301.0,419269150.0,195347474022.8
2022-03-03,600104,16.75,16.91,16.67,16.82,29910226.0,552757193.0,196515820159.30002
2022-03-04,600104,16.67,17.05,16.45,16.95,51030429.0,940804557.0,198034670136.75
2022-03-07,600104,16.76,16.87,16.61,16.65,35666521.0,656991233.0,194529631727.24997
2022-03-08,600104,16.59,16.72,15.99,16.16,51355458.0,923285995.0,188804735658.4
2022-03-09,600104,16.16,16.26,15.36,16.16,50259898.0,881441107.0,188804735658.4
2022-03-10,600104,16.37,16.59,16.08,16.45,42578539.0,765794479.0,192192939454.25
2022-03-11,600104,16.23,16.37,15.97,16.31,33675954.0,599558284.0,190557254863.15
2022-03-14,600104,16.11,16.39,16.06,16.17,22555621.0,402675469.0,188921570272.05002
2022-03-15,600104,15.99,16.02,15.43,15.43,40260740.0,694824622.0,180275808861.94998
2022-03-16,600104,15.5,15.76,14.99,15.68,47643012.0,809511046.0,183196674203.19998
2022-03-17,600104,15.88,16.06,15.7,15.8,36214123.0,633567943.0,184598689567.0
2022-03-18,600104,15.75,16.02,15.67,15.87,32113563.0,562013427.0,185416531862.55
2022-03-21,600104,15.99,16.04,15.55,15.62,31040486.0,537949614.0,182495666521.3
2022-03-22,600104,15.58,15.78,15.53,15.73,19542360.0,337159345.0,183780847271.45
2022-03-23,600104,15.73,15.82,15.56,15.64,20834748.0,359196758.0,182729335748.6
2022-03-24,600104,15.55,15.65,15.5,15.56,15245113.0,261063683.0,181794658839.4
2022-03-25,600104,15.57,15.64,15.36,15.43,21972116.0,374741481.0,180275808861.94998
2022-03-28,600104,15.18,15.47,14.99,15.42,31543182.0,528484826.0,180158974248.3
2022-03-29,600104,15.43,15.46,15.18,15.22,15176162.0,255479114.0,177822281975.30002
2022-03-30,600104,15.27,15.4,15.19,15.4,28128475.0,473932735.0,179925305021.0
2022-03-31,600104,15.31,15.49,15.27,15.45,24082560.0,408006070.0,180509478089.25
2022-04-01,600104,15.36,15.51,15.21,15.49,27080485.0,458674517.0,180976816543.85
2022-04-06,600104,15.27,15.49,15.27,15.49,26907006.0,455243042.0,180976816543.85
2022-04-07,600104,15.44,15.61,15.36,15.37,25811401.0,439747637.0,179574801180.05
2022-04-08,600104,15.37,15.42,15.1,15.39,27874263.0,468434979.0,179808470407.35
2022-04-11,600104,15.31,15.32,14.81,14.88,41013396.0,678133422.0,173849905111.2
2022-04-12,600104,14.86,15.06,14.7,15.02,24071778.0,394701958.0,175485589702.3
2022-04-13,600104,14.96,15.02,14.82,14.82,18067894.0,296876858.0,173148897429.30002
2022-04-14,600104,14.96,15.17,14.96,14.99,22634597.0,375871077.0,175135085861.35
2022-04-15,600104,14.9,15.5,14.89,15.31,39493354.0,661052173.0,178873793498.15
2022-04-18,600104,15.36,15.66,15.21,15.4,32905821.0,558793905.0,179925305021.0
2022-04-19,600104,15.31,15.54,15.11,15.2,28138130.0,472694149.0,177588612748.0
2022-04-20,600104,15.18,15.29,14.99,15.0,20841238.0,347037849.0,175251920475.0
2022-04-21,600104,14.92,15.04,14.67,14.72,26345506.0,430053575.0,171980551292.80002
2022-04-22,600104,14.66,14.86,14.57,14.73,19042359.0,308172351.0,172097385906.45
2022-04-25,600104,14.57,14.66,14.07,14.09,34611177.0,548599206.0,164619970632.85
2022-04-26,600104,14.08,14.17,13.67,13.68,28247360.0,433226949.0,159829751473.19998
2022-04-27,600104,13.52,13.8,13.29,13.76,32330369.0,482653377.0,160764428382.4
2022-04-28,600104,13.73,14.04,13.64,14.02,30271788.0,460352445.0,163802128337.3
2022-04-29,600104,14.02,14.66,14.01,14.49,37079571.0,587164706.0,169293355178.85
2022-05-05,600104,14.7,15.07,14.62,15.07,61895345.0,1009287671.0,176069762770.55002
2022-05-06,600104,14.81,14.9,14.68,14.85,34602480.0,562988432.0,173499401270.25
2022-05-09,600104,14.69,14.69,14.37,14.5,24283310.0,388116806.0,169410189792.5
2022-05-10,600104,14.26,14.5,13.91,14.43,39076119.0,610938566.0,168592347496.94998
2022-05-11,600104,14.31,14.96,14.28,14.53,41818133.0,672924591.0,169760693633.44998
2022-05-12,600104,14.27,14.42,14.17,14.36,28879072.0,454588613.0,167774505201.4
2022-05-13,600104,14.39,15.11,14.38,15.08,66259148.0,1080592233.0,176186597384.2
2022-05-16,600104,15.14,15.15,14.56,14.7,55194473.0,893740857.0,171746882065.5
2022-05-17,600104,14.68,15.21,14.62,14.99,59468912.0,980276687.0,175135085861.35
2022-05-18,600104,15.04,15.23,14.76,14.97,52100746.0,860618072.0,174901416634.05002
2022-05-19,600104,14.7,15.04,14.61,15.02,38459762.0,629805811.0,175485589702.3
2022-05-20,600104,15.02,15.36,14.96,15.26,46125831.0,772625912.0,178289620429.9
2022-05-23,600104,15.36,15.61,15.13,15.57,48911392.0,829943872.0,181911493453.05002
2022-05-24,600104,16.06,16.36,15.64,15.64,98972522.0,1748376708.0,182729335748.6
2022-05-25,600104,15.62,15.97,15.45,15.76,44047781.0,760678698.0,184131351112.4
2022-05-26,600104,15.8,15.83,15.45,15.65,30344902.0,521367956.0,182846170362.25
2022-05-27,600104,15.72,15.88,15.46,15.56,28633073.0,493392709.0,181794658839.4
2022-05-30,600104,15.76,15.9,15.62,15.72,32375552.0,561208289.0,183664012657.80002
2022-05-31,600104,15.73,15.86,15.6,15.62,28460621.0,491047966.0,182495666521.3
2022-06-01,600104,15.87,16.29,15.87,16.05,63524597.0,1126678802.0,187519554908.25
2022-06-02,600104,15.96,16.33,15.95,16.13,48013603.0,854944180.0,188454231817.44998
2022-06-06,600104,16.02,16.16,15.74,16.04,47003484.0,824279510.0,187402720294.59998
2022-06-07,600104,15.95,15.96,15.52,15.66,47389556.0,818650791.0,182963004975.9
2022-06-08,600104,15.86,15.94,15.65,15.84,34636168.0,602614040.0,185066028021.6
2022-06-09,600104,15.72,15.92,15.47,15.55,32538171.0,560644914.0,181677824225.75
2022-06-10,600104,15.49,15.97,15.47,15.95,41498487.0,722334347.0,186351208771.75
2022-06-13,600104,15.79,16.13,15.76,16.02,44047197.0,776174204.0,187169051067.3
2022-06-14,600104,15.86,16.68,15.72,16.61,70199235.0,1255026827.0,194062293272.65
2022-06-15,600104,16.59,17.13,16.53,16.58,80651463.0,1494282802.0,193711789431.69998
2022-06-16,600104,16.58,16.76,16.23,16.24,43071901.0,778403491.0,189739412567.59998
2022-06-17,600104,16.16,16.4,15.98,16.26,39364155.0,702510437.0,189973081794.90002
2022-06-20,600104,16.36,16.49,16.13,16.29,26147168.0,468683485.0,190323585635.84998
2022-06-21,600104,16.25,16.34,16.04,16.17,24755596.0,439878369.0,188921570272.05002
2022-06-22,600104,16.22,16.45,15.94,15.96,33322240.0,593859906.0,186468043385.40002
2022-06-23,600104,16.03,16.7,16.03,16.68,73537120.0,1335176939.0,194880135568.19998
2022-06-24,600104,16.75,16.76,16.4,16.53,42599891.0,775222929.0,193127616363.45
2022-06-27,600104,16.66,16.97,16.49,16.73,49682595.0,913685434.0,195464308636.45
2022-06-28,600104,16.66,17.27,16.53,17.03,63005370.0,1172892356.0,198969347045.95
2022-06-29,600104,16.92,16.97,16.26,16.28,66610517.0,1210562194.0,190206751022.2
2022-06-30,600104,16.25,16.4,16.17,16.18,31511133.0,564140164.0,189038404885.69998
2022-07-01,600104,16.17,16.17,15.64,15.86,45814762.0,798738693.0,185299697248.9
2022-07-04,600104,15.87,15.87,15.47,15.65,44995722.0,772755201.0,182846170362.25
2022-07-05,600104,15.66,15.86,15.47,15.73,44560089.0,768066135.0,183780847271.45
2022-07-06,600104,15.63,15.72,15.52,15.58,27221740.0,467166316.0,182028328066.7
2022-07-07,600104,15.59,16.01,15.56,15.96,51826611.0,903651637.0,186468043385.40002
2022-07-08,600104,16.17,17.53,16.05,16.86,150165991.0,2795438470.0,196983158613.9
2022-07-11,600104,16.78,16.78,15.81,15.84,102799792.0,1820318049.0,185066028021.6
2022-07-12,600104,15.83,15.96,15.62,15.67,42431732.0,735954953.0,183079839589.55
2022-07-13,600104,15.67,15.75,15.51,15.67,33805065.0,581870532.0,183079839589.55
2022-07-14,600104,15.66,15.66,15.45,15.5,40687828.0,694628430.0,181093651157.5
2022-07-15,600104,15.62,15.86,15.23,15.26,45908119.0,757786633.0,178289620429.9
2022-07-18,600104,15.36,16.01,15.3,15.86,38979084.0,647309845.0,185299697248.9
2022-07-19,600104,15.87,16.01,15.63,15.76,28366281.0,473821979.0,184131351112.4
2022-07-20,600104,15.84,15.88,15.46,15.55,35967518.0,591831671.0,181677824225.75
2022-07-21,600104,15.46,15.48,15.3,15.32,26542439.0,431445437.0,178990628111.80002
2022-07-22,600104,15.33,15.54,15.33,15.44,21420209.0,349801770.0,180392643475.6
2022-07-25,600104,15.37,15.42,15.06,15.13,26568092.0,426474260.0,176770770452.45
2022-07-26,600104,15.14,15.29,15.14,15.2,19167110.0,308317109.0,177588612748.0
2022-07-27,600104,15.14,15.25,15.1,15.13,17068896.0,273562386.0,176770770452.45
2022-07-28,600104,15.18,15.38,15.14,15.21,22658915.0,365477575.0,177705447361.65002
2022-07-29,600104,15.21,15.42,15.2,15.31,26833658.0,434172435.0,178873793498.15
2022-08-01,600104,15.3,15.58,15.19,15.49,30953121.0,504087855.0,180976816543.85
2022-08-02,600104,15.28,15.32,14.72,15.01,42038774.0,666317657.0,175368755088.65
2022-08-03,600104,14.94,15.46,14.94,15.03,35774040.0,575046574.0,175602424315.94998
2022-08-04,600104,15.19,15.23,14.9,15.06,21479042.0,340597366.0,175952928156.9
2022-08-05,600104,15.12,15.23,14.97,15.21,20220962.0,322855854.0,177705447361.65002
2022-08-08,600104,15.4,15.52,15.21,15.32,23170619.0,375598248.0,178990628111.80002
2022-08-09,600104,15.29,15.42,15.24,15.28,14990329.0,242808361.0,178523289657.19998
2022-08-10,600104,15.25,15.46,15.17,15.28,19507200.0,315561152.0,178523289657.19998
2022-08-11,600104,15.31,15.5,15.19,15.47,29146245.0,474444729.0,180743147316.55002
2022-08-12,600104,15.48,15.54,15.45,15.5,15739993.0,257886640.0,181093651157.5
2022-08-15,600104,15.49,15.64,15.41,15.46,16749690.0,274785264.0,180626312702.90002
2022-08-16,600104,15.45,15.68,15.43,15.49,19692426.0,323990762.0,180976816543.85
2022-08-17,600104,15.53,15.72,15.38,15.66,25223092.0,415450069.0,182963004975.9
2022-08-18,600104,15.61,15.72,15.45,15.47,17169915.0,282110577.0,180743147316.55002
2022-08-19,600104,15.45,15.56,15.38,15.39,15723886.0,256823954.0,179808470407.35
2022-08-22,600104,15.38,15.69,15.32,15.58,27478475.0,452211494.0,182028328066.7
2022-08-23,600104,15.51,15.58,15.32,15.41,20999095.0,342111928.0,180042139634.65
2022-08-24,600104,15.42,15.48,15.11,15.11,22711054.0,366699875.0,176537101225.15
2022-08-25,600104,15.18,15.32,14.97,15.3,16426978.0,263628434.0,178756958884.5
2022-08-26,600104,15.03,15.11,14.63,15.02,49815100.0,780587727.0,175485589702.3
2022-08-29,600104,14.76,14.85,14.59,14.66,33675592.0,522686609.0,171279543610.9
2022-08-30,600104,14.66,14.76,14.53,14.64,20894358.0,322864091.0,171045874383.6
2022-08-31,600104,14.55,14.66,14.39,14.63,27916189.0,428812968.0,170929039769.95
2022-09-01,600104,14.61,14.62,14.41,14.47,18675889.0,286250408.0,169059685951.55002
2022-09-02,600104,14.47,14.54,14.39,14.43,13682156.0,209145397.0,168592347496.94998
2022-09-05,600104,14.36,14.42,14.26,14.39,15736320.0,238231180.0,168125009042.35
2022-09-06,600104,14.48,14.62,14.46,14.58,20930633.0,322447209.0,170344866701.7
2022-09-07,600104,14.55,14.61,14.48,14.57,15345997.0,235745748.0,170228032088.05002
2022-09-08,600104,14.58,14.63,14.51,14.52,11702803.0,180244247.0,169643859019.8
2022-09-09,600104,14.58,14.72,14.5,14.64,17835294.0,276151966.0,171045874383.6
2022-09-13,600104,14.66,14.87,14.66,14.8,18117863.0,283145648.0,172915228202.0
2022-09-14,600104,14.64,14.7,14.5,14.6,18702043.0,288597066.0,170578535929.0
2022-09-15,600104,14.58,14.66,14.47,14.51,16272575.0,250433126.0,169527024406.15
2022-09-16,600104,14.47,14.54,14.21,14.21,23014031.0,349412315.0,166021985996.65002
2022-09-19,600104,14.2,14.38,14.19,14.2,13846396.0,208787903.0,165905151383.0
2022-09-20,600104,14.26,14.35,14.05,14.08,18517976.0,277591175.0,164503136019.2
2022-09-21,600104,14.03,14.21,13.88,14.11,15072577.0,223765289.0,164853639860.15
2022-09-22,600104,14.02,14.07,13.94,14.01,8861726.0,131218408.0,163685293723.65
2022-09-23,600104,14.03,14.09,13.89,13.97,11899234.0,175860601.0,163217955269.05002
2022-09-26,600104,13.96,14.03,13.74,13.76,13712969.0,201464052.0,160764428382.4
2022-09-27,600104,13.81,13.92,13.73,13.86,11825635.0,172766942.0,161932774518.9
2022-09-28,600104,13.8,13.83,13.66,13.71,11950643.0,173477076.0,160180255314.15002
2022-09-29,600104,13.81,13.83,13.48,13.5,13668283.0,197270962.0,157726728427.5
2022-09-30,600104,13.53,13.7,13.52,13.53,12980346.0,186434174.0,158077232268.44998
2022-10-10,600104,13.59,13.63,13.37,13.43,12135161.0,173273160.0,156908886131.94998
2022-10-11,600104,13.43,13.52,13.36,13.39,10430301.0,148040267.0,156441547677.35
2022-10-12,600104,13.4,13.6,13.19,13.57,18443360.0,260419259.0,158544570723.05002
2022-10-13,600104,13.48,13.57,13.33,13.42,19479784.0,276637949.0,156792051518.3
2022-10-14,600104,13.46,13.86,13.46,13.77,26146088.0,378905099.0,160881262996.05
2022-10-17,600104,13.72,13.94,13.66,13.91,16553031.0,242126178.0,162516947587.15
2022-10-18,600104,13.98,14.12,13.83,13.88,15813466.0,233325920.0,162166443746.2
2022-10-19,600104,13.86,13.95,13.61,13.61,15550182.0,226060420.0,159011909177.65
2022-10-20,600104,13.56,13.67,13.5,13.57,14810268.0,212618287.0,158544570723.05002
2022-10-21,600104,13.58,13.68,13.44,13.44,11925145.0,170924579.0,157025720745.6
2022-10-24,600104,13.49,13.66,13.15,13.16,22046795.0,310867692.0,153754351563.4
2022-10-25,600104,13.36,13.56,13.17,13.42,19739308.0,278760492.0,156792051518.3
2022-10-26,600104,13.41,13.57,13.34,13.39,15253518.0,216989967.0,156441547677.35
2022-10-27,600104,13.49,13.63,13.44,13.55,15774992.0,226063389.0,158310901495.75
2022-10-28,600104,13.58,13.59,13.21,13.28,18852292.0,266890409.0,155156366927.19998
2022-10-31,600104,13.04,13.23,12.98,13.01,20048684.0,277050874.0,152001832358.65
2022-11-01,600104,13.06,13.36,13.02,13.35,18527350.0,258732704.0,155974209222.75
2022-11-02,600104,13.26,13.57,13.2,13.55,27968508.0,397051359.0,158310901495.75
2022-11-03,600104,13.47,13.55,13.33,13.4,14820289.0,210469894.0,156558382291.0
2022-11-04,600104,13.35,13.75,13.35,13.71,26251651.0,378568686.0,160180255314.15002
2022-11-07,600104,13.61,13.76,13.57,13.72,18266339.0,264018245.0,160297089927.80002
2022-11-08,600104,13.62,13.68,13.49,13.61,17276091.0,247721184.0,159011909177.65
2022-11-09,600104,13.62,13.66,13.51,13.51,12817219.0,183862548.0,157843563041.15
2022-11-10,600104,13.47,13.53,13.36,13.48,14594138.0,207311070.0,157493059200.2
2022-11-11,600104,13.71,13.81,13.6,13.72,27641998.0,400537032.0,160297089927.80002
2022-11-14,600104,13.85,13.86,13.59,13.61,27649465.0,400783174.0,159011909177.65
2022-11-15,600104,13.58,13.81,13.57,13.79,24477096.0,355368355.0,161114932223.34998
2022-11-16,600104,13.76,13.83,13.71,13.76,16305404.0,237309360.0,160764428382.4
2022-11-17,600104,13.71,13.75,13.63,13.72,15402046.0,222777998.0,160297089927.80002
2022-11-18,600104,13.77,13.87,13.63,13.63,16448089.0,238371721.0,159245578404.95
2022-11-21,600104,13.54,13.59,13.41,13.58,17393128.0,248054659.0,158661405336.7
2022-11-22,600104,13.59,13.76,13.54,13.65,18864500.0,272205876.0,159479247632.25
2022-11-23,600104,13.64,13.87,13.61,13.76,23613629.0,343829783.0,160764428382.4
2022-11-24,600104,13.78,13.86,13.71,13.73,12117680.0,176253626.0,160413924541.45
2022-11-25,600104,13.71,13.86,13.69,13.86,18173547.0,265264566.0,161932774518.9
2022-11-28,600104,13.71,13.71,13.44,13.58,23289590.0,333660797.0,158661405336.7
2022-11-29,600104,13.62,13.99,13.6,13.97,35325833.0,517274344.0,163217955269.05002
2022-11-30,600104,13.92,14.57,13.91,14.36,62628248.0,950125455.0,167774505201.4
2022-12-01,600104,14.61,14.61,14.24,14.25,37415348.0,568370537.0,166489324451.25
2022-12-02,600104,14.25,14.3,14.12,14.24,18105297.0,271905219.0,166372489837.6
2022-12-05,600104,14.36,14.46,14.27,14.43,25035388.0,381055679.0,168592347496.94998
2022-12-06,600104,14.4,14.69,14.33,14.46,24782576.0,379430533.0,168942851337.90002
2022-12-07,600104,14.45,14.56,14.37,14.41,20689495.0,315936735.0,168358678269.65
2022-12-08,600104,14.4,14.47,14.36,14.41,14862066.0,226617847.0,168358678269.65
2022-12-09,600104,14.4,14.45,14.25,14.41,20482882.0,311059390.0,168358678269.65
2022-12-12,600104,14.4,14.41,14.2,14.23,15542401.0,234936784.0,166255655223.95
2022-12-13,600104,14.27,14.36,14.14,14.29,13638168.0,206122104.0,166956662905.84998
2022-12-14,600104,14.28,14.35,14.16,14.32,11757742.0,177289653.0,167307166746.80002
2022-12-15,600104,14.28,14.41,14.18,14.31,16135980.0,243541603.0,167190332133.15
2022-12-16,600104,14.23,14.43,14.2,14.42,18632714.0,282881846.0,168475512883.3
2022-12-19,600104,14.52,14.61,14.16,14.22,24280967.0,368240098.0,166138820610.30002
2022-12-20,600104,14.14,14.22,13.75,13.92,21113361.0,311789944.0,162633782200.8
2022-12-21,600104,13.9,13.99,13.84,13.89,10560425.0,155216128.0,162283278359.85
2022-12-22,600104,14.0,14.15,13.91,13.97,12401354.0,183875579.0,163217955269.05002
2022-12-23,600104,13.92,14.02,13.83,13.88,11575523.0,170273434.0,162166443746.2
2022-12-26,600104,13.88,13.96,13.84,13.91,7889814.0,116092604.0,162516947587.15
2022-12-27,600104,14.01,14.03,13.86,13.96,8882286.0,130923419.0,163101120655.40002
2022-12-28,600104,13.91,13.94,13.77,13.84,12270548.0,179472449.0,161699105291.6
2022-12-29,600104,13.77,13.81,13.55,13.55,16359908.0,235719731.0,158310901495.75
2022-12-30,600104,13.64,13.73,13.6,13.63,12051968.0,173895810.0,159245578404.95
2023-01-03,600104,13.54,13.67,13.42,13.63,17267385.0,247694052.0,159245578404.95
2023-01-04,600104,13.61,13.66,13.56,13.63,12575631.0,181073408.0,159245578404.95
2023-01-05,600104,13.71,13.75,13.65,13.69,19455298.0,281745474.0,159946586086.85
2023-01-06,600104,13.67,13.77,13.63,13.69,16946444.0,245603860.0,159946586086.85
2023-01-09,600104,13.72,13.8,13.69,13.7,15812715.0,229558672.0,160063420700.5
2023-01-10,600104,13.7,13.79,13.54,13.71,25310857.0,365580688.0,160180255314.15002
2023-01-11,600104,13.7,13.73,13.63,13.65,15195789.0,219844930.0,159479247632.25
2023-01-12,600104,13.71,13.73,13.56,13.6,16092572.0,232154715.0,158895074564.0
2023-01-13,600104,13.62,13.73,13.6,13.73,16146083.0,233287631.0,160413924541.45
2023-01-16,600104,13.71,13.99,13.68,13.9,25178933.0,368527018.0,162400112973.5
2023-01-17,600104,13.89,13.94,13.83,13.93,13514470.0,198431740.0,162750616814.44998
2023-01-18,600104,13.95,14.04,13.89,13.92,12265979.0,180942033.0,162633782200.8
2023-01-19,600104,13.92,13.96,13.82,13.95,13651402.0,200510888.0,162984286041.75
2023-01-20,600104,13.97,14.05,13.95,14.04,14846037.0,219782441.0,164035797564.59998
2023-01-30,600104,14.3,14.38,14.15,14.21,31335018.0,472665795.0,166021985996.65002
2023-01-31,600104,14.18,14.36,14.17,14.21,18961231.0,286175906.0,166021985996.65002
2023-02-01,600104,14.24,14.38,14.23,14.37,21103696.0,319491663.0,167891339815.05
2023-02-02,600104,14.39,14.41,14.08,14.15,40541417.0,609198614.0,165320978314.75
2023-02-03,600104,14.11,14.11,13.96,14.04,19733218.0,292681494.0,164035797564.59998
2023-02-06,600104,14.0,14.07,13.94,14.05,15767243.0,233238055.0,164152632178.25
2023-02-07,600104,14.09,14.12,14.02,14.09,13210949.0,196430109.0,164619970632.85
2023-02-08,600104,14.09,14.11,14.02,14.05,10479554.0,155656547.0,164152632178.25
2023-02-09,600104,14.0,14.11,13.99,14.09,12185644.0,181435437.0,164619970632.85
2023-02-10,600104,14.06,14.09,13.98,14.03,11659764.0,173005893.0,163918962950.94998
2023-02-13,600104,14.02,14.11,13.94,14.07,17319466.0,257289704.0,164386301405.55002
2023-02-14,600104,14.08,14.11,14.05,14.11,10628340.0,158203280.0,164853639860.15
2023-02-15,600104,14.12,14.21,14.09,14.14,15544467.0,232339866.0,165204143701.1
2023-02-16,600104,14.15,14.33,13.92,14.01,28945715.0,434081478.0,163685293723.65
2023-02-17,600104,14.01,14.11,13.9,13.9,16333408.0,241960603.0,162400112973.5
2023-02-20,600104,13.91,14.19,13.89,14.19,23222638.0,344693718.0,165788316769.35
2023-02-21,600104,14.18,14.4,14.13,14.39,29834005.0,451246100.0,168125009042.35
2023-02-22,600104,14.28,14.39,14.23,14.31,15818799.0,239192608.0,167190332133.15
2023-02-23,600104,14.31,14.36,14.24,14.32,13859483.0,209500408.0,167307166746.80002
2023-02-24,600104,14.31,14.31,14.12,14.15,13153961.0,197357452.0,165320978314.75
2023-02-27,600104,14.1,14.2,14.06,14.08,11388810.0,170095282.0,164503136019.2
2023-02-28,600104,14.13,14.22,14.06,14.22,17016444.0,254452151.0,166138820610.30002
2023-03-01,600104,14.2,14.38,14.18,14.37,23813419.0,360801155.0,167891339815.05
2023-03-02,600104,14.37,14.45,14.34,14.39,15838251.0,241017401.0,168125009042.35
2023-03-03,600104,14.41,14.46,14.36,14.45,14793443.0,225519234.0,168826016724.25
2023-03-06,600104,14.47,14.48,14.31,14.38,16617687.0,252927905.0,168008174428.7
2023-03-07,600104,14.38,14.58,14.26,14.32,32114694.0,491232337.0,167307166746.80002
2023-03-08,600104,14.23,14.3,14.2,14.27,12912741.0,194526721.0,166722993678.55
2023-03-09,600104,14.27,14.27,14.06,14.12,19014705.0,284938015.0,164970474473.8
2023-03-10,600104,13.96,13.99,13.48,13.49,58286621.0,840419759.0,157609893813.85
2023-03-13,600104,13.39,13.49,13.2,13.35,31349197.0,441731308.0,155974209222.75
2023-03-14,600104,13.32,13.37,13.1,13.29,25840314.0,361695747.0,155273201540.84998
2023-03-15,600104,13.34,13.41,13.29,13.35,15341282.0,216740396.0,155974209222.75
2023-03-16,600104,13.3,13.44,13.25,13.4,19209563.0,271714765.0,156558382291.0
2023-03-17,600104,13.45,13.62,13.4,13.44,21373046.0,305255782.0,157025720745.6
2023-03-20,600104,13.44,13.57,13.37,13.41,13573476.0,193219757.0,156675216904.65
2023-03-21,600104,13.42,13.47,13.34,13.43,16428106.0,232937900.0,156908886131.94998
2023-03-22,600104,13.44,13.52,13.4,13.52,14927500.0,212630756.0,157960397654.8
2023-03-23,600104,13.47,13.56,13.42,13.54,11124702.0,158821839.0,158194066882.09998
2023-03-24,600104,13.53,13.61,13.48,13.49,13556665.0,194039027.0,157609893813.85
2023-03-27,600104,13.51,13.52,13.39,13.46,15433454.0,219750028.0,157259389972.90002
2023-03-28,600104,13.5,13.54,13.45,13.5,13949875.0,199059942.0,157726728427.5
2023-03-29,600104,13.59,13.59,13.46,13.48,10543000.0,150676260.0,157493059200.2
2023-03-30,600104,13.48,13.59,13.4,13.57,14395438.0,205580015.0,158544570723.05002
2023-03-31,600104,13.56,13.63,13.54,13.58,13075067.0,187749630.0,158661405336.7
2023-04-03,600104,13.55,13.66,13.47,13.59,16927869.0,242842873.0,158778239950.35
2023-04-04,600104,13.59,13.71,13.55,13.7,18819208.0,271446357.0,160063420700.5
2023-04-06,600104,13.7,13.7,13.52,13.54,11479384.0,164762291.0,158194066882.09998
2023-04-07,600104,13.54,13.6,13.49,13.54,11614903.0,166310295.0,158194066882.09998
2023-04-10,600104,13.54,13.54,13.44,13.46,13481978.0,192206913.0,157259389972.90002
2023-04-11,600104,13.44,13.49,13.39,13.42,15087861.0,214300299.0,156792051518.3
2023-04-12,600104,13.43,13.46,13.37,13.4,14975142.0,212319499.0,156558382291.0
2023-04-13,600104,13.38,13.46,13.24,13.43,16535998.0,233683021.0,156908886131.94998
2023-04-14,600104,13.43,13.57,13.43,13.49,16362674.0,233584939.0,157609893813.85
2023-04-17,600104,13.54,13.69,13.5,13.69,20812468.0,299377022.0,159946586086.85
2023-04-18,600104,13.67,13.77,13.64,13.76,20133992.0,291854857.0,160764428382.4
2023-04-19,600104,13.75,13.77,13.58,13.58,13788010.0,198795624.0,158661405336.7
2023-04-20,600104,13.61,13.62,13.43,13.47,13812200.0,197032913.0,157376224586.55002
2023-04-21,600104,13.46,13.49,13.15,13.18,27690720.0,389176582.0,153988020790.69998
2023-04-24,600104,13.21,13.28,13.1,13.11,17602559.0,245040571.0,153170178495.15
2023-04-25,600104,13.15,13.16,12.98,13.04,19048928.0,262497860.0,152352336199.59998
2023-04-26,600104,13.01,13.19,12.99,13.06,15334101.0,212464805.0,152586005426.9
2023-04-27,600104,13.06,13.22,13.01,13.21,16520400.0,229365807.0,154338524631.65002
2023-04-28,600104,13.22,13.41,13.21,13.36,18938396.0,267063265.0,156091043836.4
2023-05-04,600104,13.21,13.26,13.11,13.19,22594431.0,315124627.0,154104855404.35
2023-05-05,600104,13.2,13.29,13.07,13.1,24739340.0,343767505.0,153053343881.5
2023-05-08,600104,13.19,13.36,13.17,13.26,28223230.0,395811852.0,154922697699.9
2023-05-09,600104,13.3,13.46,13.21,13.28,32680156.0,460918869.0,155156366927.19998
2023-05-10,600104,13.28,13.52,13.25,13.49,35347046.0,500024995.0,157609893813.85
2023-05-11,600104,13.46,13.56,13.35,13.36,26082846.0,369950942.0,156091043836.4
2023-05-12,600104,13.35,13.38,13.24,13.25,15664145.0,220242971.0,154805863086.25
2023-05-15,600104,13.24,13.33,13.17,13.31,18474023.0,258590109.0,155506870768.15
2023-05-16,600104,13.33,13.33,13.18,13.21,12947737.0,181267807.0,154338524631.65002
2023-05-17,600104,13.19,13.3,13.16,13.19,15892139.0,222052003.0,154104855404.35
2023-05-18,600104,13.19,13.23,13.01,13.06,19272816.0,267316702.0,152586005426.9
2023-05-19,600104,13.03,13.07,12.93,12.94,23203473.0,318103398.0,151183990063.1
2023-05-22,600104,12.93,13.07,12.91,13.0,16440041.0,225824335.0,151884997745.0
2023-05-23,600104,13.01,13.06,12.92,12.92,13663391.0,187723203.0,150950320835.8
2023-05-24,600104,12.9,12.9,12.66,12.67,22071248.0,298502617.0,148029455494.55
2023-05-25,600104,12.66,12.69,12.44,12.5,22349891.0,296412330.0,146043267062.5
2023-05-26,600104,12.47,12.6,12.38,12.49,16391425.0,216243158.0,145926432448.85
2023-05-29,600104,12.52,12.77,12.48,12.75,24440322.0,326870148.0,148964132403.75
2023-05-30,600104,12.75,12.86,12.65,12.79,16929250.0,228636955.0,149431470858.34998
2023-05-31,600104,12.77,12.81,12.66,12.69,12098263.0,162787985.0,148263124721.85
2023-06-01,600104,12.67,12.84,12.66,12.76,14956401.0,202182580.0,149080967017.4
2023-06-02,600104,12.82,12.92,12.78,12.9,19220288.0,261653381.0,150716651608.5
2023-06-05,600104,12.9,13.01,12.84,12.87,14142007.0,193111027.0,150366147767.55
2023-06-06,600104,12.84,12.94,12.73,12.74,14579937.0,198068083.0,148847297790.1
2023-06-07,600104,12.83,12.84,12.68,12.71,12914421.0,174222351.0,148496793949.15002
2023-06-08,600104,12.72,12.89,12.7,12.87,13232793.0,178944313.0,150366147767.55
2023-06-09,600104,12.95,13.11,12.94,13.05,24776277.0,342030675.0,152469170813.25
2023-06-12,600104,13.05,13.18,13.02,13.12,19228687.0,266785099.0,153287013108.8
2023-06-13,600104,13.07,13.21,13.07,13.18,14901050.0,207369795.0,153988020790.69998
2023-06-14,600104,13.41,13.59,13.25,13.28,37957358.0,537733063.0,155156366927.19998
2023-06-15,600104,13.29,13.47,13.22,13.37,26453348.0,373272252.0,156207878450.05
2023-06-16,600104,13.41,13.47,13.3,13.31,51788743.0,730384139.0,155506870768.15
2023-06-19,600104,13.28,13.4,13.26,13.38,19506176.0,275537602.0,156324713063.7
2023-06-20,600104,13.42,13.45,13.34,13.36,12231809.0,173157555.0,156091043836.4
2023-06-21,600104,13.41,13.45,13.32,13.33,16773523.0,237408387.0,155740539995.45
2023-06-26,600104,13.27,13.45,13.21,13.28,20701777.0,291412610.0,155156366927.19998
2023-06-27,600104,13.23,13.36,13.08,13.32,17601350.0,246582802.0,155623705381.80002
2023-06-28,600104,13.32,13.4,13.25,13.36,14250066.0,200772009.0,156091043836.4
2023-06-29,600104,13.36,13.43,13.34,13.38,13679479.0,193695365.0,156324713063.7
2023-06-30,600104,13.36,13.47,13.36,13.4,13213957.0,187474469.0,156558382291.0
2023-07-03,600104,13.41,13.55,13.4,13.51,17864736.0,255136872.0,157843563041.15
2023-07-04,600104,13.52,13.71,13.45,13.67,25240775.0,363646936.0,159712916859.55
2023-07-05,600104,13.67,13.7,13.58,13.59,15076137.0,217304412.0,158778239950.35
2023-07-06,600104,13.6,13.76,13.54,13.66,15959900.0,230632819.0,159596082245.9
2023-07-07,600104,13.61,13.73,13.54,13.63,12262200.0,177117632.0,159245578404.95
2023-07-10,600104,13.61,13.7,13.46,13.54,17005144.0,243409387.0,158194066882.09998
2023-07-11,600104,13.55,13.81,13.54,13.75,21191369.0,307071154.0,160647593768.75
2023-07-12,600104,13.77,13.9,13.64,13.66,17171139.0,250050426.0,159596082245.9
2023-07-13,600104,13.71,13.76,13.6,13.67,15186194.0,219478260.0,159712916859.55
2023-07-14,600104,13.67,13.71,13.58,13.63,12740283.0,183919005.0,159245578404.95
2023-07-17,600104,13.64,13.67,13.52,13.58,10293979.0,147658411.0,158661405336.7
2023-07-18,600104,13.58,13.82,13.51,13.7,17275709.0,249756301.0,160063420700.5
2023-07-19,600104,13.77,13.84,13.71,13.82,17783415.0,253457773.0,161465436064.30002
2023-07-20,600104,13.83,13.94,13.61,13.62,14098762.0,200258130.0,159128743791.3
2023-07-21,600104,13.67,13.75,13.59,13.72,13321468.0,188283543.0,160297089927.80002
2023-07-24,600104,13.7,13.8,13.63,13.77,12820845.0,181919125.0,160881262996.05
2023-07-25,600104,13.84,14.06,13.78,13.99,29033148.0,418039143.0,163451624496.35
2023-07-26,600104,13.93,14.06,13.88,13.94,15168873.0,218595627.0,162867451428.1
2023-07-27,600104,14.18,14.5,14.12,14.15,39347268.0,579231506.0,165320978314.75
2023-07-28,600104,14.17,14.71,14.02,14.68,62972104.0,944183260.0,171513212838.19998
2023-07-31,600104,14.71,15.15,14.7,14.99,57298614.0,887799773.0,175135085861.35
2023-08-01,600104,14.93,15.1,14.8,14.86,29647052.0,456985281.0,173616235883.9
2023-08-02,600104,14.85,14.98,14.74,14.84,22355147.0,342410958.0,173382566656.6
2023-08-03,600104,14.79,14.84,14.62,14.78,23813290.0,362413001.0,172681558974.69998
2023-08-04,600104,14.84,15.05,14.78,14.81,19047199.0,292685249.0,173032062815.65
2023-08-07,600104,14.79,14.84,14.63,14.82,19776640.0,301767709.0,173148897429.30002
2023-08-08,600104,14.84,14.91,14.74,14.84,16414694.0,251323012.0,173382566656.6
2023-08-09,600104,14.79,14.9,14.69,14.81,15567380.0,238351828.0,173032062815.65
2023-08-10,600104,14.79,14.91,14.71,14.74,12084355.0,184471390.0,172214220520.1
2023-08-11,600104,14.77,14.78,14.33,14.33,27231049.0,406682827.0,167424001360.45
2023-08-14,600104,14.23,14.25,13.9,14.01,22291237.0,323095651.0,163685293723.65
2023-08-15,600104,14.02,14.11,13.85,13.96,17862772.0,257254455.0,163101120655.40002
2023-08-16,600104,13.89,14.01,13.88,13.89,11709362.0,168488260.0,162283278359.85
2023-08-17,600104,13.85,13.95,13.77,13.93,14796094.0,211748130.0,162750616814.44998
2023-08-18,600104,13.91,13.98,13.76,13.76,12721320.0,181981081.0,160764428382.4
2023-08-21,600104,13.75,13.83,13.52,13.52,14368274.0,202839011.0,157960397654.8
2023-08-22,600104,13.57,13.7,13.47,13.59,19123281.0,268161627.0,158778239950.35
2023-08-23,600104,13.59,13.73,13.48,13.52,14817268.0,208185746.0,157960397654.8
2023-08-24,600104,13.52,13.66,13.45,13.5,15436654.0,215901880.0,157726728427.5
2023-08-25,600104,13.47,13.77,13.4,13.59,18367868.0,257940451.0,158778239950.35
2023-08-28,600104,14.09,14.18,13.73,13.77,30777445.0,444666121.0,160881262996.05
2023-08-29,600104,13.82,14.0,13.76,13.84,26237489.0,375944420.0,161699105291.6
2023-08-30,600104,13.85,13.93,13.69,13.69,18757280.0,267409870.0,159946586086.85
2023-08-31,600104,13.93,14.14,13.8,13.9,36441061.0,525804994.0,162400112973.5
2023-09-01,600104,13.89,14.11,13.88,14.07,20008288.0,289955349.0,164386301405.55002
2023-09-04,600104,14.13,14.32,14.07,14.27,21415480.0,314797426.0,166722993678.55
2023-09-05,600104,14.27,14.33,14.17,14.24,19976304.0,293875691.0,166372489837.6
2023-09-06,600104,14.18,14.34,14.17,14.33,15652635.0,230900700.0,167424001360.45
2023-09-07,600104,14.28,14.35,14.22,14.26,15012538.0,221392759.0,166606159064.9
2023-09-08,600104,14.2,14.21,14.04,14.12,14249998.0,207930653.0,164970474473.8
2023-09-11,600104,14.15,14.45,14.12,14.41,21079985.0,312739116.0,168358678269.65
2023-09-12,600104,14.45,14.5,14.37,14.47,16908341.0,252466829.0,169059685951.55002
2023-09-13,600104,14.42,14.51,14.32,14.4,15936474.0,236990933.0,168241843656.0
2023-09-14,600104,14.23,14.4,13.91,14.36,32437227.0,476920236.0,167774505201.4
2023-09-15,600104,14.4,14.42,14.2,14.27,19405823.0,286794125.0,166722993678.55
2023-09-18,600104,14.23,14.42,14.15,14.37,16151415.0,239454436.0,167891339815.05
2023-09-19,600104,14.34,14.48,14.33,14.46,16290822.0,242597680.0,168942851337.90002
2023-09-20,600104,14.48,14.59,14.4,14.5,17292939.0,259546294.0,169410189792.5
2023-09-21,600104,14.52,14.58,14.39,14.43,16021819.0,239441092.0,168592347496.94998
2023-09-22,600104,14.44,14.6,14.37,14.58,17236150.0,258343627.0,170344866701.7
2023-09-25,600104,14.58,14.6,14.46,14.49,14869099.0,223064505.0,169293355178.85
2023-09-26,600104,14.5,14.58,14.36,14.38,14484309.0,216106476.0,168008174428.7
2023-09-27,600104,14.45,14.48,14.33,14.37,11688599.0,173747543.0,167891339815.05
2023-09-28,600104,14.41,14.52,14.32,14.33,11938741.0,177433433.0,167424001360.45
2023-10-09,600104,14.33,14.54,14.26,14.49,17181447.0,256460765.0,169293355178.85
2023-10-10,600104,14.47,14.53,14.37,14.44,16340181.0,243840791.0,168709182110.6
2023-10-11,600104,14.51,14.52,14.34,14.35,13261925.0,197671197.0,167657670587.75
2023-10-12,600104,14.34,14.72,14.34,14.68,23042731.0,347929009.0,171513212838.19998
2023-10-13,600104,14.76,14.78,14.59,14.64,16976291.0,257485409.0,171045874383.6
2023-10-16,600104,14.81,14.81,14.6,14.64,13578177.0,205815514.0,171045874383.6
2023-10-17,600104,14.69,14.69,14.55,14.59,11614063.0,175246341.0,170461701315.35
2023-10-18,600104,14.57,14.79,14.56,14.69,18701873.0,284105185.0,171630047451.85
2023-10-19,600104,14.55,14.62,14.27,14.27,24157316.0,359457644.0,166722993678.55
2023-10-20,600104,14.23,14.33,14.11,14.13,18025429.0,264494595.0,165087309087.45
2023-10-23,600104,14.2,14.52,13.98,14.08,21313900.0,313728144.0,164503136019.2
2023-10-24,600104,14.05,14.15,13.89,14.04,18663857.0,270795952.0,164035797564.59998
2023-10-25,600104,14.11,14.42,14.07,14.35,17042713.0,251474676.0,167657670587.75
2023-10-26,600104,14.23,14.56,14.23,14.52,19645681.0,293512756.0,169643859019.8
2023-10-27,600104,14.43,14.83,14.43,14.68,23961447.0,363914690.0,171513212838.19998
2023-10-30,600104,14.63,14.67,14.32,14.33,23970586.0,356758823.0,167424001360.45
2023-10-31,600104,14.27,14.36,13.94,14.06,33861959.0,491546221.0,164269466791.9
2023-11-01,600104,14.06,14.14,13.86,14.06,24349331.0,352708772.0,164269466791.9
2023-11-02,600104,14.04,14.41,14.04,14.31,25487572.0,376212097.0,167190332133.15
2023-11-03,600104,14.29,14.39,14.23,14.36,15831971.0,234409489.0,167774505201.4
2023-11-06,600104,14.4,14.6,14.35,14.53,23631819.0,353302927.0,169760693633.44998
2023-11-07,600104,14.48,14.74,14.42,14.44,22587477.0,339992866.0,168709182110.6
2023-11-08,600104,14.42,14.51,14.22,14.43,23822897.0,352859757.0,168592347496.94998
2023-11-09,600104,14.39,14.5,14.27,14.39,14921332.0,221974963.0,168125009042.35
2023-11-10,600104,14.37,14.45,14.11,14.13,15920240.0,233566206.0,165087309087.45
2023-11-13,600104,14.13,14.18,13.93,13.98,19938400.0,288379958.0,163334789882.7
2023-11-14,600104,14.03,14.06,13.92,13.94,19464600.0,280945010.0,162867451428.1
2023-11-15,600104,14.0,14.03,13.93,14.02,15809390.0,228194362.0,163802128337.3
2023-11-16,600104,13.98,14.0,13.86,13.86,17440880.0,250495087.0,161932774518.9
2023-11-17,600104,13.85,14.04,13.8,14.02,20405791.0,293395495.0,163802128337.3
2023-11-20,600104,13.98,14.07,13.95,13.98,16639830.0,240629952.0,163334789882.7
2023-11-21,600104,13.99,14.12,13.96,13.97,19706913.0,285879512.0,163217955269.05002
2023-11-22,600104,13.95,14.02,13.86,13.91,13997865.0,201686320.0,162516947587.15
2023-11-23,600104,13.92,14.25,13.9,14.22,28675432.0,417797516.0,166138820610.30002
2023-11-24,600104,14.22,14.31,14.09,14.11,20115746.0,294902940.0,164853639860.15
2023-11-27,600104,14.47,15.12,14.28,14.99,94795391.0,1442679870.0,175135085861.35
2023-11-28,600104,14.82,14.96,14.43,14.88,62497031.0,950860690.0,173849905111.2
2023-11-29,600104,14.87,14.88,14.48,14.57,37337878.0,562588844.0,170228032088.05002
2023-11-30,600104,14.52,14.6,14.33,14.4,24312755.0,362470514.0,168241843656.0
2023-12-01,600104,14.37,14.41,14.18,14.38,26717481.0,395574640.0,168008174428.7
2023-12-04,600104,14.38,14.48,14.22,14.24,18803877.0,278008310.0,166372489837.6
2023-12-05,600104,14.23,14.26,13.96,13.98,19334241.0,281636387.0,163334789882.7
2023-12-06,600104,13.97,14.01,13.63,13.64,39039828.0,553757365.0,159362413018.6
2023-12-07,600104,13.64,13.64,13.3,13.59,30771157.0,428211200.0,158778239950.35
2023-12-08,600104,13.53,13.74,13.5,13.67,32166015.0,453921257.0,159712916859.55
2023-12-11,600104,13.61,13.62,13.36,13.54,32235415.0,448171719.0,158194066882.09998
2023-12-12,600104,13.47,13.6,13.39,13.55,17072025.0,238271602.0,158310901495.75
2023-12-13,600104,13.49,13.58,13.32,13.33,17967732.0,249176448.0,155740539995.45
2023-12-14,600104,13.38,13.45,13.16,13.17,16898939.0,231609666.0,153871186177.05
2023-12-15,600104,13.19,13.22,13.03,13.06,18136731.0,245555268.0,152586005426.9
2023-12-18,600104,13.0,13.09,12.87,13.04,14633147.0,196671631.0,152352336199.59998
2023-12-19,600104,13.03,13.09,12.92,13.02,14732702.0,197757488.0,152118666972.3
2023-12-20,600104,13.0,13.07,12.86,12.86,15801914.0,211537929.0,150249313153.9
2023-12-21,600104,12.83,12.94,12.78,12.92,17150144.0,228101168.0,150950320835.8
2023-12-22,600104,12.92,13.06,12.83,12.97,15542354.0,207758173.0,151534493904.05002
2023-12-25,600104,12.93,13.05,12.88,12.95,12411972.0,165955942.0,151300824676.75
2023-12-26,600104,12.95,12.95,12.84,12.86,10887341.0,144900646.0,150249313153.9
2023-12-27,600104,12.88,12.96,12.73,12.87,14995706.0,198526964.0,150366147767.55
2023-12-28,600104,12.79,13.09,12.78,13.09,19838701.0,266158472.0,152936509267.85
2023-12-29,600104,13.06,13.19,13.0,13.1,28187108.0,381200995.0,153053343881.5
2024-01-02,600104,13.13,13.31,12.98,12.99,18821008.0,255226320.0,151768163131.35
2024-01-03,600104,12.97,13.1,12.94,13.07,12174675.0,163927160.0,152702840040.55002
2024-01-04,600104,13.08,13.13,12.88,12.99,16882051.0,226007226.0,151768163131.35
2024-01-05,600104,12.99,13.1,12.85,12.91,17574801.0,236069405.0,150833486222.15
2024-01-08,600104,12.87,12.95,12.66,12.7,21877681.0,288580859.0,148379959335.5
2024-01-09,600104,12.71,12.81,12.67,12.8,18259482.0,240191333.0,149548305472.0
2024-01-10,600104,12.77,12.85,12.73,12.8,12375447.0,163670114.0,149548305472.0
2024-01-11,600104,12.8,12.97,12.74,12.95,13831578.0,183974325.0,149900127812.75
2024-01-12,600104,12.91,12.99,12.87,12.89,9496027.0,126871692.0,149205609846.05002
2024-01-15,600104,12.87,13.02,12.83,12.89,10485185.0,139954306.0,149205609846.05002
2024-01-16,600104,12.88,13.05,12.87,13.03,17749141.0,237895454.0,150826151768.35
2024-01-17,600104,13.05,13.07,12.83,12.83,16634695.0,222901679.0,148511091879.35
2024-01-18,600104,12.83,13.03,12.51,12.94,35340902.0,465786112.0,149784374818.3
2024-01-19,600104,12.93,13.08,12.83,12.98,22390884.0,300083634.0,150247386796.1
2024-01-22,600104,13.0,13.05,12.69,12.82,31746593.0,423714417.0,148395338884.9
2024-01-23,600104,12.8,12.87,12.69,12.78,17480310.0,230805260.0,147932326907.1
2024-01-24,600104,12.84,13.13,12.8,13.08,22954111.0,307296655.0,151404916740.6
2024-01-25,600104,13.13,13.35,13.08,13.32,29315920.0,401056648.0,154182988607.4
2024-01-26,600104,13.19,13.51,13.18,13.45,26781312.0,370363212.0,155687777535.25
2024-01-29,600104,13.48,13.64,13.4,13.47,22208721.0,309365937.0,155919283524.15
2024-01-30,600104,13.41,13.51,13.27,13.27,18267196.0,252730848.0,153604223635.15
2024-01-31,600104,13.28,13.36,13.11,13.23,25793412.0,352768849.0,153141211657.35
2024-02-01,600104,13.2,13.45,13.18,13.27,23748167.0,326828597.0,153604223635.15
2024-02-02,600104,13.3,13.44,12.76,13.31,36711380.0,499348628.0,154067235612.95
2024-02-05,600104,13.35,13.44,12.94,13.34,35155601.0,481046374.0,154414494596.3
2024-02-06,600104,13.34,13.75,13.26,13.7,34883086.0,488130571.0,158581602396.5
2024-02-07,600104,13.74,13.95,13.51,13.95,38572940.0,549438422.0,161475427257.75
2024-02-08,600104,13.95,14.12,13.85,14.11,34774454.0,501860441.0,163327475168.94998
2024-02-19,600104,14.13,14.22,14.01,14.08,25238358.0,368444539.0,162980216185.6
2024-02-20,600104,14.08,14.2,13.97,14.16,20869101.0,304330364.0,163906240141.2
2024-02-21,600104,14.11,14.43,14.08,14.26,21458102.0,317140039.0,165063770085.7
2024-02-22,600104,14.26,14.4,14.23,14.37,14900255.0,220870518.0,166337053024.65
2024-02-23,600104,14.38,14.46,14.32,14.42,14218577.0,211405487.0,166915817996.9
2024-02-26,600104,14.45,14.51,14.29,14.31,22312587.0,332210868.0,165642535057.95
2024-02-27,600104,14.31,14.47,14.27,14.41,14628244.0,217758266.0,166800065002.45
2024-02-28,600104,14.42,14.45,14.25,14.29,22965065.0,340607419.0,165411029069.05
2024-02-29,600104,14.23,14.48,14.22,14.48,22712765.0,338652312.0,167610335963.6
2024-03-01,600104,14.51,14.57,14.42,14.5,16063057.0,240672110.0,167841841952.5
2024-03-04,600104,14.53,14.64,14.39,14.49,18193527.0,272566253.0,167726088958.05
2024-03-05,600104,14.43,14.74,14.39,14.69,29287938.0,441656209.0,170041148847.05
2024-03-06,600104,14.69,14.71,14.53,14.53,16124021.0,243725081.0,168189100935.85
2024-03-07,600104,14.57,14.67,14.49,14.52,16196605.0,243836104.0,168073347941.4
2024-03-08,600104,14.54,14.62,14.45,14.52,12980461.0,195083752.0,168073347941.4
2024-03-11,600104,14.46,14.56,14.43,14.5,15174531.0,227283796.0,167841841952.5
2024-03-12,600104,14.5,14.53,14.37,14.43,18250065.0,272427617.0,167031570991.35
2024-03-13,600104,14.43,14.55,14.34,14.36,16628090.0,247328990.0,166221300030.19998
2024-03-14,600104,14.37,14.41,14.15,14.2,15372695.0,226456441.0,164369252119.0
2024-03-15,600104,14.14,14.22,14.07,14.16,22180917.0,324464338.0,163906240141.2
2024-03-18,600104,14.19,14.46,14.19,14.37,20335381.0,301893466.0,166337053024.65
2024-03-19,600104,14.37,14.42,14.24,14.27,12594050.0,186223357.0,165179523080.15
2024-03-20,600104,14.31,14.44,14.31,14.42,13536141.0,201360891.0,166915817996.9
2024-03-21,600104,14.4,14.53,14.36,14.42,14966500.0,223576370.0,166915817996.9
2024-03-22,600104,14.5,14.5,14.25,14.37,14872381.0,220786531.0,166337053024.65
2024-03-25,600104,14.37,14.44,14.26,14.26,14130090.0,209540923.0,165063770085.7
2024-03-26,600104,14.25,14.56,14.24,14.53,21626072.0,322453439.0,168189100935.85
2024-03-27,600104,14.54,14.62,14.45,14.49,20979021.0,315470368.0,167726088958.05
2024-03-28,600104,14.49,14.68,14.44,14.47,28793695.0,432766408.0,167494582969.15
2024-03-29,600104,14.47,14.63,14.45,14.59,15578999.0,234165480.0,168883618902.55
2024-04-01,600104,14.6,14.87,14.53,14.78,25363548.0,386254706.0,171082925797.1
2024-04-02,600104,14.86,14.92,14.75,14.8,20488008.0,313307085.0,171314431786.0
2024-04-03,600104,14.89,14.9,14.74,14.86,20677525.0,317098321.0,172008949752.69998
2024-04-08,600104,14.93,15.27,14.78,14.82,28601027.0,442251050.0,171545937774.9
2024-04-09,600104,14.86,14.89,14.69,14.81,25806834.0,394196354.0,171430184780.45
2024-04-10,600104,14.83,14.98,14.68,14.79,20563738.0,315216921.0,171198678791.55
2024-04-11,600104,14.75,14.88,14.55,14.78,21065266.0,320551663.0,171082925797.1
2024-04-12,600104,14.78,14.81,14.53,14.54,17958580.0,271445688.0,168304853930.3
2024-04-15,600104,14.52,14.79,14.46,14.72,24380335.0,369433831.0,170388407830.4
2024-04-16,600104,14.71,14.83,14.59,14.74,26810757.0,408204571.0,170619913819.3
2024-04-17,600104,14.68,14.74,14.54,14.7,25181918.0,380440878.0,170156901841.5
2024-04-18,600104,14.65,14.92,14.62,14.87,24492346.0,375584536.0,172124702747.15
2024-04-19,600104,14.81,14.91,14.69,14.74,16190877.0,247011685.0,170619913819.3
2024-04-22,600104,14.71,14.85,14.58,14.61,17463678.0,264277995.0,169115124891.44998
2024-04-23,600104,14.57,14.67,14.5,14.53,16571455.0,249109769.0,168189100935.85
2024-04-24,600104,14.53,14.59,14.36,14.46,14470390.0,215550989.0,167378829974.7
2024-04-25,600104,14.46,14.7,14.37,14.66,20036044.0,301635965.0,169693889863.7
2024-04-26,600104,14.67,14.8,14.6,14.71,19890608.0,301968341.0,170272654835.95
2024-04-29,600104,14.79,14.85,14.58,14.79,25750119.0,392490434.0,171198678791.55
2024-04-30,600104,14.74,14.79,14.37,14.38,35089018.0,525009121.0,166452806019.1
2024-05-06,600104,14.46,14.7,14.31,14.33,37863959.0,565744967.0,165874041046.85
2024-05-07,600104,14.33,14.33,14.07,14.09,27720797.0,404604862.0,163095969180.05
2024-05-08,600104,14.05,14.13,13.99,14.08,18876702.0,274481139.0,162980216185.6
2024-05-09,600104,14.1,14.14,14.06,14.1,17479548.0,254509057.0,163211722174.5
2024-05-10,600104,14.11,14.15,13.99,14.14,18415667.0,267712942.0,163674734152.30002
2024-05-13,600104,14.1,14.15,13.94,14.13,18190586.0,264302266.0,163558981157.85
2024-05-14,600104,14.15,14.25,14.08,14.13,18653766.0,272869198.0,163558981157.85
2024-05-15,600104,14.12,14.12,13.96,14.0,13691715.0,198153995.0,162054192230.0
2024-05-16,600104,14.02,14.06,13.9,13.94,20142252.0,290284507.0,161359674263.3
2024-05-17,600104,13.94,14.06,13.91,14.06,19506034.0,281472444.0,162748710196.7
2024-05-20,600104,14.04,14.07,13.95,13.96,18615109.0,269055316.0,161591180252.2
2024-05-21,600104,13.97,14.03,13.88,14.01,14662111.0,211394850.0,162169945224.45
2024-05-22,600104,13.99,14.01,13.95,13.97,13275917.0,191656081.0,161706933246.65
2024-05-23,600104,13.99,13.99,13.63,13.73,27601041.0,391949752.0,158928861379.85
2024-05-24,600104,13.71,13.79,13.68,13.74,15336166.0,217809990.0,159044614374.3
2024-05-27,600104,13.83,14.01,13.79,13.92,20435966.0,293809289.0,161128168274.4
2024-05-28,600104,13.88,13.91,13.63,13.64,18863489.0,267088775.0,157887084429.80002
2024-05-29,600104,13.62,13.72,13.62,13.68,11990881.0,169346792.0,158350096407.6
2024-05-30,600104,13.72,13.89,13.71,13.77,16339594.0,232830694.0,159391873357.65
2024-05-31,600104,13.77,13.87,13.62,13.62,20154358.0,285595230.0,157655578440.9
2024-06-03,600104,13.71,13.98,13.7,13.94,35992308.0,516409261.0,161359674263.3
2024-06-04,600104,13.86,13.93,13.74,13.8,20738906.0,295965938.0,159739132341.0
2024-06-05,600104,13.82,13.9,13.7,13.72,16067302.0,229005576.0,158813108385.4
2024-06-06,600104,13.72,13.76,13.61,13.69,14557795.0,205871659.0,158465849402.05
2024-06-07,600104,13.72,13.75,13.62,13.66,13137740.0,185567370.0,158118590418.7
2024-06-11,600104,13.65,13.71,13.43,13.65,24193313.0,338968399.0,158002837424.25
2024-06-12,600104,13.65,13.77,13.61,13.74,17072103.0,241568904.0,159044614374.3
2024-06-13,600104,13.6,13.62,13.31,13.52,25774253.0,358394869.0,156498048496.4
2024-06-14,600104,13.46,13.9,13.42,13.84,28177548.0,400091413.0,160202144318.8
2024-06-17,600104,13.79,14.13,13.76,13.86,26423734.0,380771249.0,160433650307.69998
2024-06-18,600104,13.89,13.98,13.79,13.9,18886488.0,270987648.0,160896662285.5
2024-06-19,600104,13.88,13.91,13.71,13.71,12680261.0,180329042.0,158697355390.95
2024-06-20,600104,13.71,13.74,13.52,13.57,11632229.0,163668172.0,157076813468.65
2024-06-21,600104,13.54,13.69,13.53,13.6,13625690.0,191535898.0,157424072452.0
2024-06-24,600104,13.65,13.66,13.47,13.55,15276850.0,214096087.0,156845307479.75
2024-06-25,600104,13.6,13.71,13.46,13.51,15171884.0,213045886.0,156382295501.95
2024-06-26,600104,13.51,13.54,13.38,13.49,12385978.0,172101472.0,156150789513.05
2024-06-27,600104,13.46,13.46,13.3,13.35,12789901.0,176594220.0,154530247590.75
2024-06-28,600104,13.37,13.53,13.35,13.42,12504201.0,173837368.0,155340518551.9
2024-07-01,600104,13.39,13.47,13.29,13.42,10623130.0,146872007.0,155340518551.9
2024-07-02,600104,13.41,13.47,13.29,13.31,11938041.0,164893362.0,154067235612.95
2024-07-03,600104,13.31,13.39,13.3,13.33,9111590.0,125541833.0,154298741601.85
2024-07-04,600104,13.34,13.45,13.2,13.26,11689817.0,160691760.0,153488470640.7
2024-07-05,600104,13.23,13.27,13.15,13.18,13008354.0,177205689.0,152562446685.1
2024-07-08,600104,13.14,13.16,12.93,12.95,15543202.0,208893600.0,149900127812.75
2024-07-09,600104,12.94,13.07,12.78,13.07,13699669.0,182889362.0,151289163746.15
2024-07-10,600104,12.97,13.4,12.97,13.38,17456235.0,239495176.0,154877506574.1
2024-07-11,600104,13.43,13.62,13.43,13.57,15784191.0,220808065.0,157076813468.65
2024-07-12,600104,13.57,13.78,13.54,13.75,16048743.0,226980433.0,159160367368.75
2024-07-15,600104,13.73,13.9,13.71,13.77,16168528.0,230821088.0,159391873357.65
2024-07-16,600104,13.84,14.09,13.73,14.06,24047117.0,347045551.0,162748710196.7
2024-07-17,600104,14.41,14.47,13.91,14.34,51953001.0,762529103.0,165989794041.3
2024-07-18,600104,14.28,14.37,14.16,14.3,32215188.0,474631894.0,165526782063.5
2024-07-19,600104,14.33,14.47,14.23,14.39,30877907.0,458819734.0,166568559013.55002
2024-07-22,600104,14.36,14.46,14.26,14.43,26502356.0,393079117.0,167031570991.35
2024-07-23,600104,14.37,14.5,14.22,14.22,24571469.0,364992605.0,164600758107.9
2024-07-24,600104,14.16,14.23,13.99,14.03,19035516.0,277169253.0,162401451213.35
2024-07-25,600104,14.04,14.11,13.98,14.04,14174583.0,205650330.0,162517204207.8
2024-07-26,600104,14.1,14.16,13.91,13.97,16843363.0,243545777.0,161706933246.65
2024-07-29,600104,14.03,14.28,13.98,14.13,15159963.0,221969664.0,163558981157.85
2024-07-30,600104,14.23,14.23,13.89,13.99,17682002.0,255342305.0,161938439235.55
2024-07-31,600104,13.99,14.28,13.92,14.21,19729903.0,288955579.0,164485005113.45
2024-08-01,600104,14.21,14.33,14.14,14.26,14706888.0,216503250.0,165063770085.7
2024-08-02,600104,14.18,14.25,14.04,14.08,12945335.0,188860409.0,162980216185.6
2024-08-05,600104,14.13,14.27,14.05,14.06,17649960.0,257841399.0,162748710196.7
2024-08-06,600104,14.08,14.19,13.71,13.79,20007392.0,286206252.0,159623379346.55
2024-08-07,600104,13.88,13.88,13.73,13.73,10472790.0,149259012.0,158928861379.85
2024-08-08,600104,13.7,13.78,13.63,13.63,10613500.0,150146860.0,157771331435.35
2024-08-09,600104,13.67,13.76,13.42,13.42,13641071.0,190777018.0,155340518551.9
2024-08-12,600104,13.41,13.45,13.18,13.3,10781384.0,148010412.0,153951482618.5
2024-08-13,600104,13.29,13.34,13.12,13.21,12577887.0,171435831.0,152909705668.45
2024-08-14,600104,13.18,13.19,12.9,12.9,19171032.0,257551720.0,149321362840.5
2024-08-15,600104,12.9,13.09,12.86,13.03,19279301.0,258742447.0,150826151768.35
2024-08-16,600104,13.11,13.23,12.99,13.02,20630845.0,271214014.0,150710398773.9
2024-08-19,600104,13.07,13.3,13.02,13.03,22586229.0,297759459.0,150826151768.35
2024-08-20,600104,13.05,13.07,12.79,12.82,19572867.0,252731949.0,148395338884.9
2024-08-21,600104,12.77,12.83,12.69,12.78,14286023.0,183169053.0,147932326907.1
2024-08-22,600104,12.74,12.77,12.6,12.61,17397828.0,221081118.0,145964526001.44998
2024-08-23,600104,12.62,12.98,12.61,12.94,16639102.0,214669262.0,149784374818.3
2024-08-26,600104,12.96,13.03,12.75,12.82,14843500.0,191870843.0,148395338884.9
2024-08-27,600104,12.79,12.87,12.65,12.7,10292850.0,131500571.0,147006302951.5
2024-08-28,600104,12.73,12.76,12.44,12.49,15112790.0,190254240.0,144575490068.05
2024-08-29,600104,12.53,12.58,12.48,12.49,13347641.0,167829627.0,144575490068.05
2024-08-30,600104,12.43,12.72,12.14,12.5,29042115.0,364107841.0,144691243062.5
2024-09-02,600104,12.42,12.48,12.11,12.11,24264236.0,298041087.0,140176876278.94998
2024-09-03,600104,12.07,12.17,12.01,12.17,17434531.0,211956580.0,140871394245.65
2024-09-04,600104,12.06,12.17,12.02,12.03,13992450.0,169551009.0,139250852323.35
2024-09-05,600104,12.03,12.15,12.02,12.09,15653677.0,189891121.0,139945370290.05
2024-09-06,600104,12.1,12.44,12.1,12.22,20286281.0,250686373.0,141450159217.9
2024-09-09,600104,12.21,12.28,12.03,12.08,14838900.0,180609862.0,139829617295.6
2024-09-10,600104,12.09,12.1,11.69,11.73,22961502.0,272515245.0,135778262489.85
2024-09-11,600104,11.74,11.89,11.64,11.76,17006758.0,201000478.0,136125521473.2
2024-09-12,600104,11.76,11.78,11.6,11.61,16280074.0,190897010.0,134389226556.45
2024-09-13,600104,11.61,11.65,11.43,11.49,17780015.0,205999814.0,133000190623.05
2024-09-18,600104,11.49,11.79,11.46,11.72,16165619.0,188861369.0,135662509495.40001
2024-09-19,600104,11.74,11.84,11.61,11.77,15827496.0,186886813.0,136241274467.65
2024-09-20,600104,11.78,11.88,11.62,11.8,22415368.0,265240061.0,136588533451.00002
2024-09-23,600104,11.74,11.89,11.71,11.83,10120612.0,120232914.0,136935792434.35
2024-09-24,600104,11.91,12.19,11.77,12.17,27100584.0,326557108.0,140871394245.65
2024-09-25,600104,12.39,12.8,12.35,12.5,35291760.0,446779551.0,144691243062.5
2024-09-26,600104,12.49,13.16,12.46,13.15,36219119.0,467513969.0,152215187701.75
2024-09-27,600104,13.3,13.52,13.19,13.5,24306730.0,326658888.0,156266542507.5
2024-09-30,600104,13.83,14.62,13.83,14.56,78191866.0,1121581313.0,168536359919.2
2024-10-08,600104,15.92,15.99,14.49,14.84,101611980.0,1543913528.0,171777443763.8
2024-10-09,600104,14.63,14.63,13.52,13.52,69300393.0,977140945.0,156498048496.4
2024-10-10,600104,13.55,14.1,13.45,13.85,54663906.0,760665616.0,160317897313.25
2024-10-11,600104,13.84,14.02,13.42,13.6,29933464.0,412297732.0,157424072452.0
2024-10-14,600104,13.6,13.71,13.43,13.56,34868201.0,475061699.0,156961060474.2
2024-10-15,600104,13.51,13.51,13.12,13.13,30858755.0,413021786.0,151983681712.85
2024-10-16,600104,13.02,13.15,12.91,13.01,27607313.0,360968714.0,150594645779.45
2024-10-17,600104,13.02,13.13,12.73,12.74,26755392.0,346834159.0,147469314929.3
2024-10-18,600104,12.74,13.23,12.6,13.05,41972962.0,543832018.0,151057657757.25
2024-10-21,600104,13.11,13.13,12.79,12.88,42688582.0,552786805.0,149089856851.6
2024-10-22,600104,12.84,13.18,12.84,13.05,37643225.0,493866932.0,151057657757.25
2024-10-23,600104,13.13,13.41,13.04,13.38,39536178.0,527874951.0,154877506574.1
2024-10-24,600104,13.38,13.38,13.07,13.11,28770632.0,380662604.0,151752175723.94998
2024-10-25,600104,13.12,13.31,13.1,13.28,25856767.0,343838526.0,153719976629.6
2024-10-28,600104,13.28,13.4,13.21,13.38,29340939.0,393112920.0,154877506574.1
2024-10-29,600104,13.42,13.44,13.19,13.23,28092946.0,375623529.0,153141211657.35
2024-10-30,600104,13.11,13.26,13.04,13.11,22218782.0,293320924.0,151752175723.94998
2024-10-31,600104,12.95,13.02,12.67,12.81,44980575.0,578958970.0,148279585890.45
2024-11-01,600104,12.79,12.93,12.71,12.83,30198765.0,388700619.0,148511091879.35
2024-11-04,600104,12.8,13.1,12.8,13.1,35886462.0,466632877.0,151636422729.5
2024-11-05,600104,13.04,13.22,12.9,13.2,42644052.0,562856066.0,152793952674.0
2024-11-06,600104,13.2,13.36,13.15,13.21,40659434.0,541364117.0,152909705668.45
2024-11-07,600104,13.08,13.5,13.08,13.49,41589826.0,557546034.0,156150789513.05
2024-11-08,600104,13.61,13.68,13.29,13.36,49075769.0,664013945.0,154646000585.19998
2024-11-11,600104,13.25,13.77,13.23,13.76,58658899.0,796287124.0,159276120363.2
2024-11-12,600104,14.12,15.13,14.08,15.13,202762763.0,3024438339.0,175134280602.85
2024-11-13,600104,15.76,16.65,15.73,16.65,142180481.0,2347295916.0,192728735759.24997
2024-11-14,600104,16.91,17.51,15.22,16.64,345733624.0,5592655756.0,192612982764.80002
2024-11-15,600104,16.12,17.9,15.77,17.18,285097372.0,4773901138.0,198863644465.1
2024-11-18,600104,18.91,18.91,17.91,18.26,287884695.0,5429579525.0,211364967865.7
2024-11-19,600104,17.04,17.32,16.44,16.44,267626764.0,4502089382.0,190297922875.80002
2024-11-20,600104,16.22,17.23,16.22,17.06,233213040.0,3912620288.0,197474608531.69998
2024-11-21,600104,16.8,18.77,16.79,18.19,212750856.0,3859044606.0,210554696904.55002
2024-11-22,600104,17.96,19.05,17.59,17.89,240354284.0,4455456490.0,207082107071.05002
2024-11-25,600104,18.81,19.68,18.21,19.4,307510875.0,5893120781.0,224560809232.99997
2024-11-26,600104,18.67,19.05,18.22,18.28,173697315.0,3244546741.0,211596473854.6
2024-11-27,600104,18.08,18.54,17.02,17.84,219235969.0,3903123029.0,206503342098.8
2024-11-28,600104,17.69,17.81,16.86,17.34,142629306.0,2484762760.0,200715692376.3
2024-11-29,600104,17.13,17.95,17.11,17.49,112892474.0,1997437435.0,202451987293.05
2024-12-02,600104,16.87,19.24,16.85,18.91,223583714.0,4091618353.0,218888912504.95
2024-12-03,600104,18.82,19.3,18.44,18.84,158561320.0,3007290682.0,218078641543.8
2024-12-04,600104,18.61,19.26,17.66,17.76,142225194.0,2618701317.0,205577318143.2
2024-12-05,600104,17.62,18.36,17.49,18.19,101182023.0,1822057135.0,210554696904.55002
2024-12-06,600104,18.11,18.31,17.62,17.67,79746690.0,1429053863.0,204535541193.15002
2024-12-09,600104,17.74,18.67,17.74,17.98,93570895.0,1717997490.0,208123884021.1
2024-12-10,600104,18.36,18.81,17.83,17.88,103571222.0,1906041822.0,206966354076.59998
2024-12-11,600104,17.87,18.71,17.44,17.63,126049564.0,2280166824.0,204072529215.34998
2024-12-12,600104,17.73,17.76,17.09,17.33,112793312.0,1952617683.0,200599939381.84998
2024-12-13,600104,17.21,19.07,17.09,18.65,310795206.0,5716047137.0,215879334649.24997
2024-12-16,600104,18.28,18.75,18.06,18.14,154266767.0,2839803056.0,209975931932.30002
2024-12-17,600104,18.2,18.76,18.09,18.18,124822939.0,2313105400.0,210438943910.1
2024-12-18,600104,18.55,19.33,18.27,18.89,154321097.0,2905702147.0,218657406516.05002
2024-12-19,600104,18.58,18.89,17.73,18.24,125708149.0,2306397255.0,211133461876.8
2024-12-20,600104,18.11,18.46,17.91,18.1,75367400.0,1375913420.0,209512919954.50003
2024-12-23,600104,18.07,18.53,17.79,18.04,80651920.0,1471971784.0,208818401987.8
2024-12-24,600104,18.04,18.71,17.84,18.53,84834334.0,1564780078.0,214490298715.85
2024-12-25,600104,18.52,19.3,18.45,18.76,119824831.0,2283769232.0,217152617588.2
2024-12-26,600104,18.79,19.18,18.61,18.75,95376058.0,1809529481.0,217036864593.75
2024-12-27,600104,18.67,20.12,18.29,19.71,172346869.0,3342922928.0,228149152060.95
2024-12-30,600104,19.71,21.19,19.31,20.94,182909044.0,3725861723.0,242386770378.30002
2024-12-31,600104,20.66,21.19,20.4,20.66,121839805.0,2542318942.0,239145686533.7
2025-01-02,600104,20.4,20.47,18.72,18.94,142480698.0,2794923975.0,219236171488.30002
2025-01-03,600104,18.77,18.97,17.91,17.92,108053446.0,1991768794.0,207429366054.40002
2025-01-06,600104,17.81,18.52,17.65,17.78,78238658.0,1419052070.0,205808824132.1
2025-01-07,600104,17.86,18.52,17.72,18.5,62482898.0,1142427803.0,214143039732.5
2025-01-08,600104,18.21,18.29,16.91,17.8,139189412.0,2439827665.0,206040330121.0
2025-01-09,600104,17.71,17.9,16.83,17.32,134117397.0,2326278296.0,200484186387.4
2025-01-10,600104,17.29,18.09,17.29,17.54,117028650.0,2086103490.0,203030752265.3
2025-01-13,600104,17.02,17.27,16.1,16.19,135152468.0,2246990679.0,187404098014.55002
2025-01-14,600104,16.2,17.29,16.12,16.97,118605907.0,1986203256.0,196432831581.65
2025-01-15,600104,16.72,16.77,16.11,16.22,90167765.0,1476843053.0,187751356997.9
2025-01-16,600104,16.22,17.04,16.22,16.8,109677651.0,1833632947.0,194465030676.0
2025-01-17,600104,16.69,16.83,16.44,16.72,61248364.0,1023887191.0,193539006720.4
2025-01-20,600104,16.8,17.37,16.8,17.01,73257149.0,1263511704.0,196895843559.45
2025-01-21,600104,17.11,17.23,16.74,16.83,49628869.0,840807274.0,194812289659.34998
2025-01-22,600104,16.59,16.64,16.05,16.19,73363413.0,1196990015.0,187404098014.55002
2025-01-23,600104,16.37,16.65,16.18,16.19,61237693.0,1007430588.0,187404098014.55002
2025-01-24,600104,16.18,16.99,16.12,16.86,91187249.0,1529590448.0,195159548642.69998
2025-01-27,600104,17.22,17.8,17.03,17.07,74809161.0,1300160793.0,197590361526.15
2025-02-05,600104,17.21,17.21,16.85,16.97,61927966.0,1058622017.0,196432831581.65
2025-02-06,600104,16.92,16.94,16.45,16.9,73223197.0,1228558689.0,195622560620.49997
2025-02-07,600104,17.02,18.35,16.97,17.96,157098464.0,2810974587.0,207892378032.2
2025-02-10,600104,18.41,19.15,17.99,18.09,110357788.0,2033510695.0,209397166960.05
2025-02-11,600104,18.11,19.69,17.54,18.92,171853575.0,3191712841.0,219004665499.40002
2025-02-12,600104,18.51,18.67,17.91,18.31,134717992.0,2468807611.0,211943732837.94998
2025-02-13,600104,18.31,18.86,18.12,18.44,103002866.0,1912087058.0,213448521765.80002
2025-02-14,600104,18.31,18.61,17.99,18.24,76201740.0,1398105274.0,211133461876.8
2025-02-17,600104,18.33,18.85,17.91,18.36,86317455.0,1585605925.0,212522497810.19998
2025-02-18,600104,18.3,18.3,17.41,17.49,86410556.0,1551117876.0,202451987293.05
2025-02-19,600104,17.49,17.64,17.35,17.57,54714160.0,962589556.0,203378011248.65
2025-02-20,600104,17.57,18.05,17.5,17.6,52547189.0,933543315.0,203725270232.00003
2025-02-21,600104,17.6,17.61,16.82,17.21,108126174.0,1855381180.0,199210903448.45
2025-02-24,600104,17.5,17.91,17.25,17.29,127685265.0,2243359477.0,200136927404.05
2025-02-25,600104,17.11,17.14,16.87,16.94,78352708.0,1336941528.0,196085572598.30002
2025-02-26,600104,17.01,17.01,16.62,16.8,72560374.0,1219721788.0,194465030676.0
2025-02-27,600104,16.81,16.99,16.66,16.9,57230605.0,968304806.0,195622560620.49997
2025-02-28,600104,16.74,16.9,16.33,16.37,59707813.0,992947072.0,189487651914.65002
2025-03-03,600104,16.55,16.64,16.35,16.51,43572431.0,721954973.0,191108193836.95
2025-03-04,600104,16.42,16.5,16.21,16.48,34971041.0,574857457.0,190760934853.6
2025-03-05,600104,16.48,16.48,16.19,16.34,36562268.0,598844785.0,189140392931.3
2025-03-06,600104,16.35,16.62,16.27,16.57,58926960.0,976751812.0,191802711803.65
2025-03-07,600104,16.5,16.5,16.23,16.32,47831624.0,784919728.0,188908886942.4
2025-03-10,600104,16.31,16.31,16.1,16.16,39952756.0,648386528.0,187056839031.2
2025-03-11,600104,15.96,15.96,15.4,15.65,101863805.0,1594527639.0,181153436314.25
2025-03-12,600104,15.67,15.78,15.57,15.57,53063557.0,834815486.0,180227412358.65
2025-03-13,600104,15.52,15.57,15.21,15.24,57744815.0,890440632.0,176407563541.8
2025-03-14,600104,15.24,15.6,15.22,15.52,51705817.0,802712680.0,179648647386.4
2025-03-17,600104,15.53,15.62,15.4,15.49,35326158.0,550131360.0,179301388403.05
2025-03-18,600104,15.52,15.72,15.42,15.62,42614119.0,667148743.0,180806177330.9
2025-03-19,600104,15.62,15.76,15.5,15.53,40895809.0,642394660.0,179764400380.85
2025-03-20,600104,15.53,15.61,15.47,15.51,28762103.0,449054381.0,179532894391.95
2025-03-21,600104,15.47,15.53,15.23,15.24,37616499.0,580088801.0,176407563541.8
2025-03-24,600104,15.19,15.47,15.02,15.21,56938725.0,867014180.0,176060304558.45
2025-03-25,600104,15.23,15.3,15.13,15.17,31838022.0,486913952.0,175597292580.65
2025-03-26,600104,15.14,15.34,15.09,15.32,31331727.0,480153792.0,177333587497.4
2025-03-27,600104,15.22,15.46,15.18,15.41,33444262.0,516797371.0,178375364447.45
2025-03-28,600104,15.41,15.48,15.25,15.36,29287630.0,452080968.0,177796599475.19998
2025-03-31,600104,15.42,15.99,15.42,15.71,91903763.0,1453040883.0,181847954280.95
2025-04-01,600104,15.69,15.82,15.46,15.64,40341840.0,635170518.0,181037683319.80002
2025-04-02,600104,15.67,15.71,15.43,15.58,30502634.0,477401433.0,180343165353.1
2025-04-03,600104,15.42,15.6,15.29,15.39,32234912.0,500002398.0,178143858458.55002
2025-04-07,600104,14.53,14.68,13.85,13.85,90024367.0,1273515628.0,160317897313.25
2025-04-08,600104,13.93,14.61,13.93,14.55,94815810.0,1364778328.0,168420606924.75
2025-04-09,600104,14.42,15.12,14.13,15.12,72163992.0,1057589805.0,175018527608.4
2025-04-10,600104,15.42,15.42,14.86,14.98,63735664.0,962477108.0,173397985686.1
2025-04-11,600104,15.0,15.22,14.89,15.08,47590612.0,722417980.0,174555515630.6
2025-04-14,600104,15.41,15.6,15.24,15.42,49716056.0,772051744.0,178491117441.9
2025-04-15,600104,15.43,15.48,15.25,15.34,29201296.0,450503140.0,177565093486.3
2025-04-16,600104,15.71,15.72,15.22,15.67,63620053.0,992821343.0,181384942303.15
2025-04-17,600104,15.66,15.77,15.31,15.43,45284014.0,704424840.0,178606870436.35
2025-04-18,600104,15.32,15.36,15.13,15.27,25308209.0,387394421.0,176754822525.15
2025-04-21,600104,15.27,15.3,15.15,15.28,17581459.0,269348933.0,176870575519.6
2025-04-22,600104,15.27,15.32,15.18,15.2,20872048.0,319785903.0,175944551564.0
2025-04-23,600104,15.27,15.56,15.25,15.33,35990738.0,556814883.0,177449340491.85
2025-04-24,600104,15.35,15.5,15.22,15.45,30094818.0,464930915.0,178838376425.25
2025-04-25,600104,15.44,15.82,15.38,15.64,43121113.0,677825910.0,181037683319.80002
2025-04-28,600104,15.56,15.59,15.38,15.41,25486171.0,395736436.0,178375364447.45
2025-04-29,600104,15.35,15.57,15.32,15.51,20849806.0,324391489.0,179532894391.95
2025-04-30,600104,15.53,16.21,15.52,16.16,74694706.0,1202133365.0,187056839031.2
2025-05-06,600104,16.2,16.31,16.09,16.3,54950122.0,894394571.0,188677380953.5
2025-05-07,600104,16.6,16.6,16.26,16.39,48576878.0,800875168.0,189719157903.55002
2025-05-08,600104,16.25,16.6,16.22,16.46,28797503.0,476779249.0,190529428864.7
2025-05-09,600104,16.47,16.53,16.19,16.47,31443083.0,517810562.0,190645181859.15
2025-05-12,600104,16.52,16.61,16.29,16.37,33859400.0,559025450.0,189487651914.65002
2025-05-13,600104,16.53,16.78,16.38,16.55,39567062.0,659220064.0,191571205814.75
2025-05-14,600104,16.51,16.62,16.41,16.6,29346901.0,487784140.0,192149970787.00003
2025-05-15,600104,16.6,16.74,16.49,16.64,32144892.0,536983936.0,192612982764.80002
2025-05-16,600104,16.62,16.82,16.42,16.81,34881436.0,584568674.0,194580783670.44998
2025-05-19,600104,16.74,16.78,16.57,16.6,21667404.0,362127728.0,192149970787.00003
2025-05-20,600104,16.58,16.77,16.52,16.73,25608913.0,428532621.0,193654759714.85
2025-05-21,600104,16.73,16.93,16.68,16.78,31663894.0,535747918.0,194233524687.1
2025-05-22,600104,16.8,17.17,16.72,17.06,46398611.0,792423406.0,197474608531.69998
2025-05-23,600104,17.02,17.23,16.79,16.79,52504213.0,898340825.0,194349277681.55
2025-05-26,600104,16.67,16.75,16.27,16.37,40889694.0,676467366.0,189487651914.65002
2025-05-27,600104,16.37,16.47,16.12,16.22,28824560.0,470650640.0,187751356997.9
2025-05-28,600104,16.31,16.38,16.02,16.1,21767973.0,353584138.0,186362321064.50003
2025-05-29,600104,16.08,16.3,16.08,16.15,28725174.0,467274742.0,186941086036.74997
2025-05-30,600104,16.09,16.23,16.02,16.13,22570709.0,365307693.0,186709580047.84998
2025-06-03,600104,15.73,15.74,14.89,15.18,100226083.0,1530994517.0,175713045575.1
2025-06-04,600104,15.32,15.41,15.23,15.31,38611963.0,594613626.0,177217834502.95
2025-06-05,600104,15.36,15.46,15.27,15.34,29467259.0,454171769.0,177565093486.3
2025-06-06,600104,15.32,15.34,15.05,15.25,38934495.0,593674922.0,176523316536.25
2025-06-09,600104,15.21,15.65,15.21,15.61,47857900.0,745904221.0,180690424336.44998
2025-06-10,600104,15.64,15.84,15.43,15.51,34985080.0,549985715.0,179532894391.95
2025-06-11,600104,15.53,16.11,15.53,15.96,53361578.0,852596452.0,184741779142.2
2025-06-12,600104,15.93,16.1,15.83,16.07,29074025.0,467482110.0,186015062081.15
2025-06-13,600104,15.99,16.08,15.83,16.04,40238740.0,645226130.0,185667803097.8
2025-06-16,600104,15.91,16.05,15.76,15.89,27198988.0,434237858.0,183931508181.05002
2025-06-17,600104,15.89,16.06,15.8,15.89,16927322.0,270971983.0,183931508181.05002
2025-06-18,600104,15.87,15.9,15.66,15.69,20581301.0,325850682.0,181616448292.05
2025-06-19,600104,15.62,15.68,15.47,15.51,17789981.0,278183859.0,179532894391.95
2025-06-20,600104,15.47,15.58,15.39,15.45,21566563.0,336016214.0,178838376425.25
2025-06-23,600104,15.44,15.58,15.42,15.5,14132552.0,220170492.0,179417141397.5
2025-06-24,600104,15.6,16.0,15.59,16.0,30756077.0,489717749.0,185204791120.0
2025-06-25,600104,16.0,16.16,15.87,16.12,26470488.0,426757925.0,186593827053.40002
2025-06-26,600104,16.02,16.16,15.93,15.97,25205496.0,405605781.0,184857532136.65
2025-06-27,600104,15.96,16.07,15.9,15.96,19075734.0,306247193.0,184741779142.2
2025-06-30,600104,15.92,16.02,15.83,15.97,18810064.0,301094661.0,184857532136.65
2025-07-01,600104,15.93,16.03,15.88,15.88,16942679.0,271096212.0,183815755186.6
2025-07-02,600104,15.92,16.06,15.75,16.02,27244920.0,435952284.0,185436297108.9
2025-07-03,600104,15.92,16.21,15.92,16.2,24143036.0,391285806.0,187519851009.0
2025-07-04,600104,16.22,17.11,16.2,16.98,87181714.0,1479961434.0,196548584576.1
2025-07-07,600104,16.98,17.41,16.89,17.25,58921999.0,1023192168.0,199673915426.25
2025-07-08,600104,17.19,17.45,17.07,17.38,43385123.0,756261832.0,201178704354.09998
2025-07-09,600104,17.35,17.5,17.12,17.14,35121264.0,609478600.0,198400632487.30002
2025-07-10,600104,17.14,17.3,16.91,17.03,42793007.0,733862897.0,197127349548.35
2025-07-11,600104,17.11,17.39,16.95,16.95,51860355.0,894709148.0,196201325592.75
2025-07-14,600104,17.03,18.09,17.03,17.66,91967530.0,1629541016.0,204419788198.7
2025-07-15,600104,17.76,18.41,17.71,18.12,84386718.0,1539555866.0,209744425943.40002
2025-07-16,600104,18.12,18.16,17.79,17.85,49771869.0,896326919.0,206619095093.25003
2025-07-17,600104,17.97,18.06,17.79,17.83,46995903.0,844673115.0,206387589104.34998
2025-07-18,600104,17.92,18.01,17.63,17.77,39531127.0,707795590.0,205693071137.65
2025-07-21,600104,17.77,17.83,17.44,17.59,57188323.0,1010403983.0,203609517237.55
2025-07-22,600104,17.56,17.69,17.47,17.47,53503021.0,944617015.0,202220481304.15
2025-07-23,600104,17.42,17.91,17.37,17.71,81758244.0,1454726963.0,204998553170.95
2025-07-24,600104,17.69,17.9,17.44,17.51,62058801.0,1100161330.0,202683493281.95
2025-07-25,600104,17.56,17.61,17.34,17.38,50757094.0,889330729.0,201178704354.09998
2025-07-28,600104,17.56,17.78,17.48,17.5,56415215.0,999197619.0,202567740287.5
2025-07-29,600104,17.51,17.74,17.33,17.59,65882089.0,1158449351.0,203609517237.55
2025-07-30,600104,17.59,17.9,17.39,17.46,64380921.0,1137616508.0,202104728309.7
2025-07-31,600104,17.5,17.57,17.11,17.18,42188471.0,729533379.0,198863644465.1
2025-08-01,600104,17.19,17.36,17.11,17.23,39541127.0,681154536.0,199442409437.35
2025-08-04,600104,17.22,17.45,17.12,17.37,53006229.0,916106438.0,201062951359.65002
2025-08-05,600104,17.38,18.37,17.32,17.93,112490671.0,2013254270.0,207545119048.85
2025-08-06,600104,17.96,17.97,17.52,17.53,70857087.0,1251078368.0,202914999270.85
2025-08-07,600104,17.6,17.76,17.24,17.41,56887030.0,990409295.0,201525963337.45
2025-08-08,600104,17.35,17.51,17.27,17.38,31233586.0,543634671.0,201178704354.09998
2025-08-11,600104,17.39,17.87,17.38,17.6,56067806.0,988011856.0,203725270232.00003
2025-08-12,600104,17.66,18.25,17.6,18.01,85876613.0,1544095016.0,208471143004.45
2025-08-13,600104,18.06,18.25,17.87,17.99,73356028.0,1325081989.0,208239637015.55
2025-08-14,600104,18.05,18.22,17.9,18.06,66114952.0,1194902416.0,209049907976.69998
2025-08-15,600104,18.17,18.78,18.17,18.4,97763451.0,1817051822.0,212985509787.99997
2025-08-18,600104,18.67,18.75,18.25,18.25,85363734.0,1574577536.0,211249214871.25
2025-08-19,600104,18.33,18.34,17.9,18.0,68151417.0,1229606244.0,208355390010.0
2025-08-20,600104,18.03,19.8,17.98,19.8,206880097.0,3965074121.0,229190929011.0
2025-08-21,600104,20.15,20.15,19.6,19.8,141430990.0,2805687559.0,229190929011.0
2025-08-22,600104,19.89,20.27,19.74,20.21,98461011.0,1975755067.0,233936801783.45
2025-08-25,600104,20.49,20.63,19.95,20.53,138164169.0,2800016576.0,237640897605.85
2025-08-26,600104,20.5,20.5,19.26,19.65,166656608.0,3285106392.0,227454634094.24997
2025-08-27,600104,19.6,19.88,18.9,18.91,123045380.0,2380909488.0,218888912504.95
2025-08-28,600104,18.71,19.05,18.44,18.93,89731826.0,1684483663.0,219120418493.85
2025-08-29,600104,19.09,19.36,18.75,18.79,115968342.0,2212218042.0,215996264300.16
2025-09-01,600104,18.79,19.54,18.79,19.04,124719363.0,2395244250.0,218870083676.16
2025-09-02,600104,19.16,19.38,18.8,18.95,73937746.0,1406806550.0,217835508700.8
2025-09-03,600104,19.06,19.25,18.76,19.05,79634206.0,1515869409.0,218985036451.2
2025-09-04,600104,19.01,19.17,18.47,18.7,92072736.0,1730352341.0,214961689324.8
2025-09-05,600104,18.72,19.05,18.51,19.02,59374346.0,1117633211.0,218640178126.08
2025-09-08,600104,19.03,19.33,18.92,18.95,62817305.0,1195205613.0,217835508700.8
2025-09-09,600104,18.96,19.12,18.82,18.99,59140957.0,1121592489.0,218295319800.96
2025-09-10,600104,18.93,19.02,18.72,18.85,40083209.0,755302957.0,216685980950.40002
2025-09-11,600104,18.9,18.97,18.64,18.97,48355836.0,908306726.0,218065414250.87997
2025-09-12,600104,18.91,19.01,18.5,18.55,63028104.0,1181234375.0,213237397699.2
2025-09-15,600104,18.47,18.9,18.45,18.76,60009052.0,1123956106.0,215651405975.04
2025-09-16,600104,18.8,19.26,18.56,18.68,74604514.0,1404687932.0,214731783774.72
2025-09-17,600104,18.68,19.22,18.56,18.9,75309291.0,1419843806.0,217260744825.59998
2025-09-18,600104,18.9,19.25,18.61,18.81,77042096.0,1461034180.0,216226169850.24
2025-09-19,600104,18.8,19.29,18.55,19.25,96133546.0,1823066227.0,221284091952.0
2025-09-22,600104,19.25,19.34,18.81,19.06,72752756.0,1384460832.0,219099989226.24
2025-09-23,600104,19.02,19.04,18.48,18.7,67595512.0,1264384765.0,214961689324.8
2025-09-24,600104,18.25,18.25,17.26,17.66,163292653.0,2865139565.0,203006600720.64
2025-09-25,600104,17.46,17.57,17.1,17.16,112657025.0,1949912586.0,197258961968.64
2025-09-26,600104,17.09,17.5,17.0,17.04,79478944.0,1365816754.0,195879528668.16
2025-09-29,600104,17.04,17.07,16.68,16.9,82775483.0,1393669492.0,194270189817.59998
2025-09-30,600104,16.93,17.12,16.87,17.12,51663364.0,877638949.0,196799150868.48
2025-10-09,600104,17.38,17.57,17.16,17.52,86503759.0,1505300159.0,201397261870.08
2025-10-10,600104,17.45,17.49,17.11,17.13,54402528.0,941108416.0,196914103643.52
2025-10-13,600104,16.68,16.84,16.49,16.79,56754282.0,947796768.0,193005709292.16
2025-10-14,600104,16.85,16.96,16.5,16.52,56902084.0,950335623.0,189901984366.08
2025-10-15,600104,16.55,16.83,16.52,16.82,46774718.0,781486823.0,193350567617.28
2025-10-16,600104,16.79,17.05,16.71,16.79,39135748.0,658919591.0,193005709292.16
2025-10-17,600104,16.72,16.84,16.35,16.35,48226690.0,796841306.0,187947787190.40002
2025-10-20,600104,16.5,16.58,16.35,16.44,27864408.0,458286387.0,188982362165.76
2025-10-21,600104,16.45,16.54,16.42,16.51,30576608.0,504247351.0,189787031591.04
2025-10-22,600104,16.48,16.53,16.43,16.46,21658885.0,356821701.0,189212267715.84
2025-10-23,600104,16.47,16.54,16.32,16.53,25989008.0,426802335.0,190016937141.12003
2025-10-24,600104,16.57,16.77,16.5,16.68,32431474.0,538947066.0,191741228766.72
2025-10-27,600104,16.78,16.78,16.62,16.68,34644568.0,578412975.0,191741228766.72
2025-10-28,600104,16.69,16.7,16.47,16.56,31038944.0,513446452.0,190361795466.24
2025-10-29,600104,16.57,16.71,16.48,16.69,29916218.0,496503111.0,191856181541.76
2025-10-30,600104,16.65,16.9,16.61,16.75,41617161.0,698093303.0,192545898192.0
2025-10-31,600104,16.98,17.05,16.63,16.63,70753121.0,1191475070.0,191166464891.52
2025-11-03,600104,16.63,16.69,16.07,16.22,88008015.0,1428926751.0,186453401114.87997
2025-11-04,600104,16.2,16.26,15.95,15.97,55662750.0,893520383.0,183579581738.88
2025-11-05,600104,15.9,15.96,15.73,15.9,54162372.0,858304034.0,182774912313.6
2025-11-06,600104,15.87,15.97,15.87,15.88,41201176.0,655385822.0,182545006763.52002
2025-11-07,600104,15.85,16.06,15.79,15.97,37721261.0,602002358.0,183579581738.88
2025-11-10,600104,15.97,16.17,15.91,16.08,42371754.0,680394905.0,184844062264.31998
2025-11-11,600104,16.08,16.09,15.88,15.9,38736317.0,618089837.0,182774912313.6
2025-11-12,600104,15.91,15.91,15.6,15.66,57178188.0,899326364.0,180016045712.64
2025-11-13,600104,15.67,15.97,15.66,15.92,43210706.0,685333231.0,183004817863.68
2025-11-14,600104,15.87,15.97,15.81,15.81,27116817.0,430827774.0,181740337338.24002
2025-11-17,600104,15.77,15.83,15.65,15.66,29945932.0,470276981.0,180016045712.64
2025-11-18,600104,15.63,15.68,15.35,15.38,61525387.0,951088208.0,176797368011.52002
2025-11-19,600104,15.38,15.45,15.2,15.3,44737877.0,685013325.0,175877745811.2
2025-11-20,600104,15.31,15.38,15.01,15.02,58276352.0,881447862.0,172659068110.08
2025-11-21,600104,14.9,14.98,14.7,14.7,55714434.0,824826194.0,168980579308.8
2025-11-24,600104,14.9,14.91,14.73,14.79,41258481.0,611761898.0,170015154284.16
2025-11-25,600104,14.87,15.0,14.78,14.92,41040199.0,612130583.0,171509540359.68
2025-11-26,600104,14.93,15.01,14.82,14.86,31400688.0,468398627.0,170819823709.44
2025-11-27,600104,14.87,15.02,14.8,14.86,29798826.0,444528834.0,170819823709.44
2025-11-28,600104,14.86,15.0,14.81,14.97,45610471.0,680259556.0,172084304234.88
2025-12-01,600104,15.42,15.75,15.28,15.47,178346904.0,2766260508.0,177831942986.88
2025-12-02,600104,15.46,15.87,15.4,15.52,100434831.0,1566278598.0,178406706862.08
2025-12-03,600104,15.44,15.58,15.31,15.38,50823440.0,782375655.0,176797368011.52002
2025-12-04,600104,15.4,15.54,15.1,15.35,64618437.0,991724164.0,176452509686.4
2025-12-05,600104,15.38,15.48,15.33,15.45,49506430.0,762247806.0,177602037436.8
2025-12-08,600104,15.51,15.52,15.22,15.24,76618193.0,1174135412.0,175188029160.96
2025-12-09,600104,15.21,15.39,15.13,15.15,53008970.0,809054121.0,174153454185.6
2025-12-10,600104,15.11,15.36,15.01,15.35,48447140.0,737738126.0,176452509686.4
2025-12-11,600104,15.28,15.54,15.23,15.48,72656445.0,1123179758.0,177946895761.92
2025-12-12,600104,15.44,15.82,15.22,15.72,151190710.0,2352512390.0,180705762362.88
2025-12-15,600104,15.6,15.87,15.46,15.8,100237987.0,1573286580.0,181625384563.2
2025-12-16,600104,15.81,15.92,15.61,15.66,70830500.0,1116292738.0,180016045712.64
2025-12-17,600104,15.61,15.72,15.53,15.65,45657021.0,712943256.0,179901092937.6
2025-12-18,600104,15.61,15.61,15.47,15.48,39258113.0,609643619.0,177946895761.92
2025-12-19,600104,15.48,15.74,15.46,15.71,47179680.0,738087056.0,180590809587.84
2025-12-22,600104,15.72,15.84,15.58,15.59,50996244.0,799208135.0,179211376287.36
2025-12-23,600104,15.58,15.59,15.45,15.49,32821285.0,508494035.0,178061848536.96
2025-12-24,600104,15.46,15.49,15.35,15.44,34909265.0,537959181.0,177487084661.75998
2025-12-25,600104,15.43,15.51,15.37,15.44,26091430.0,403111720.0,177487084661.75998
2025-12-26,600104,15.41,15.64,15.4,15.49,39319571.0,611192669.0,178061848536.96
2025-12-29,600104,15.5,15.52,15.35,15.37,37078878.0,571992100.0,176682415236.47998
2025-12-30,600104,15.34,15.39,15.24,15.35,31057867.0,475621661.0,176452509686.4
2025-12-31,600104,15.36,15.49,15.22,15.22,34461763.0,527406618.0,174958123610.88
2026-01-05,600104,15.25,15.29,15.15,15.26,51579730.0,784597717.0,175417934711.04
2026-01-06,600104,15.23,15.55,15.21,15.54,68291641.0,1053591347.0,178636612412.16
2026-01-07,600104,15.51,15.51,15.28,15.3,57651778.0,885263986.0,175877745811.2
2026-01-08,600104,15.4,15.47,15.34,15.37,45346975.0,698074506.0,176682415236.47998
2026-01-09,600104,15.41,15.66,15.34,15.4,71233616.0,1101693825.0,177027273561.6
2026-01-12,600104,15.4,15.45,15.32,15.42,61720364.0,949286097.0,177257179111.68
2026-01-13,600104,15.59,15.97,15.44,15.49,105797368.0,1657583963.0,178061848536.96
2026-01-14,600104,15.49,15.57,15.02,15.08,128576416.0,1970581106.0,173348784760.32
2026-01-15,600104,15.02,15.14,14.84,14.87,85184400.0,1273333511.0,170934776484.47998
2026-01-16,600104,15.3,15.46,14.75,14.99,200679227.0,3033415889.0,172314209784.96
2026-01-19,600104,15.04,15.34,15.01,15.25,110304483.0,1678467600.0,175302981936.0
2026-01-20,600104,15.28,15.4,15.22,15.28,78491576.0,1200119603.0,175647840261.12
2026-01-21,600104,15.24,15.25,15.1,15.12,75391386.0,1142664576.0,173808595860.47998
2026-01-22,600104,15.11,15.17,14.93,14.96,103293522.0,1550387681.0,171969351459.84
2026-01-23,600104,14.96,15.12,14.78,14.82,185296105.0,2757793989.0,170360012609.28
2026-01-26,600104,14.86,14.88,14.56,14.61,111643009.0,1635348597.0,167946004333.44
2026-01-27,600104,14.58,14.62,14.34,14.38,82714529.0,1193303207.0,165302090507.52002
2026-01-28,600104,14.39,14.42,14.18,14.2,95182533.0,1354819045.0,163232940556.8
2026-01-29,600104,14.15,14.37,14.02,14.37,121377404.0,1719388540.0,165187137732.47998
2026-01-30,600104,14.35,14.35,14.06,14.14,71864539.0,1020737062.0,162543223906.56
2026-02-02,600104,14.13,14.27,14.04,14.05,66099985.0,936240784.0,161508648931.2
2026-02-03,600104,14.15,14.28,14.1,14.26,55251011.0,784352985.0,163922657207.04
2026-02-04,600104,14.21,14.44,14.19,14.43,65650910.0,941455665.0,165876854382.72
2026-02-05,600104,14.43,14.53,14.38,14.48,55067108.0,797086407.0,166451618257.92
2026-02-06,600104,14.42,14.53,14.33,14.45,40258565.0,581821044.0,166106759932.8
2026-02-09,600104,14.53,14.54,14.45,14.5,40931649.0,593103440.0,166681523808.0
2026-02-10,600104,14.51,14.58,14.45,14.48,40433390.0,585893823.0,166451618257.92
2026-02-11,600104,14.47,14.55,14.46,14.51,33577489.0,487279677.0,166796476583.04
2026-02-12,600104,14.49,14.52,14.38,14.4,36430853.0,525219890.0,165531996057.6
2026-02-13,600104,14.38,14.44,14.31,14.32,39131161.0,562565728.0,164612373857.28
2026-02-24,600104,14.4,14.43,14.31,14.42,35460892.0,510050439.0,165761901607.68
2026-02-25,600104,14.42,14.6,14.38,14.41,74177250.0,1073973349.0,165646948832.64
2026-02-26,600104,14.42,14.43,14.26,14.3,46873277.0,670902941.0,164382468307.2
2026-02-27,600104,14.26,14.36,14.26,14.33,39716757.0,568668794.0,164727326632.32
2026-03-02,600104,14.19,14.35,14.11,14.28,60589668.0,862551186.0,164152562757.12
2026-03-03,600104,14.26,14.39,14.08,14.08,62359877.0,885768524.0,161853507256.32
2026-03-04,600104,13.99,13.99,13.74,13.74,74812883.0,1035201159.0,157945112904.96
2026-03-05,600104,13.88,14.22,13.87,14.14,66568602.0,935906319.0,162543223906.56
2026-03-06,600104,14.1,14.17,14.05,14.16,35586150.0,501912106.0,162773129456.64
2026-03-09,600104,14.0,14.02,13.88,13.95,59699435.0,832246908.0,160359121180.8
2026-03-10,600104,14.0,14.06,13.95,14.05,44144226.0,618406540.0,161508648931.2
2026-03-11,600104,14.05,14.32,14.04,14.29,63234324.0,899619429.0,164267515532.16
2026-03-12,600104,14.27,14.42,14.23,14.4,54155282.0,776610011.0,165531996057.6
2026-03-13,600104,14.36,14.7,14.31,14.63,109303656.0,1595607499.0,168175909883.52002
2026-03-16,600104,14.62,14.82,14.53,14.64,69484171.0,1020672762.0,168290862658.56
2026-03-17,600104,14.62,14.8,14.61,14.63,52852542.0,778139125.0,168175909883.52002
2026-03-18,600104,14.68,14.7,14.33,14.4,62710615.0,904855316.0,165531996057.6
2026-03-19,600104,14.3,14.49,14.24,14.28,45176083.0,648316780.0,164152562757.12
2026-03-20,600104,14.28,14.45,14.2,14.28,55876501.0,800936065.0,164152562757.12
2026-03-23,600104,14.17,14.33,13.88,13.93,63087719.0,887062576.0,160129215630.72
2026-03-24,600104,14.05,14.11,13.73,14.08,56418909.0,785863724.0,161853507256.32
2026-03-25,600104,14.09,14.54,14.02,14.5,64741288.0,930535466.0,166681523808.0
2026-03-26,600104,14.47,14.62,14.33,14.35,47370929.0,685887960.0,164957232182.4
2026-03-27,600104,14.28,14.46,14.26,14.4,40385239.0,580836998.0,165531996057.6
2026-03-30,600104,14.26,14.43,14.1,14.38,43446398.0,620537250.0,165302090507.52002
2026-03-31,600104,14.38,14.79,14.37,14.59,65880334.0,965828934.0,167716098783.36
2026-04-01,600104,14.76,14.84,14.62,14.82,71431154.0,1054221740.0,170360012609.28
2026-04-02,600104,14.83,14.83,14.26,14.31,107388373.0,1544171800.0,164497421082.24002
2026-04-03,600104,14.32,14.33,14.06,14.08,43957144.0,622049105.0,161853507256.32
2026-04-07,600104,14.07,14.11,13.89,13.94,44219243.0,617677215.0,160244168405.75998
2026-04-08,600104,14.1,14.24,14.03,14.23,55953552.0,791907675.0,163577798881.92
2026-04-09,600104,14.13,14.15,13.95,14.02,44195565.0,620348154.0,161163790606.08
2026-04-10,600104,14.09,14.21,14.04,14.15,43345147.0,613864734.0,162658176681.6
2026-04-13,600104,14.06,14.18,14.01,14.15,31486447.0,444357111.0,162658176681.6
2026-04-14,600104,14.14,14.19,14.02,14.11,43974782.0,619022955.0,162198365581.44
2026-04-15,600104,14.14,14.16,14.03,14.04,36945493.0,520288523.0,161393696156.16
2026-04-16,600104,14.04,14.12,14.02,14.05,42962516.0,603621699.0,161508648931.2
2026-04-17,600104,14.05,14.05,13.9,13.92,52516991.0,731829169.0,160014262855.68
2026-04-20,600104,13.94,13.95,13.86,13.9,38658127.0,537445854.0,159784357305.6
2026-04-21,600104,13.91,13.91,13.78,13.84,37850524.0,523109549.0,159094640655.36
2026-04-22,600104,13.85,13.85,13.75,13.83,35403083.0,488463635.0,158979687880.32
2026-04-23,600104,13.85,13.99,13.83,13.89,41175749.0,572547535.0,159669404530.56
2026-04-24,600104,13.86,13.87,13.67,13.71,40294006.0,552621378.0,157600254579.84
2026-04-27,600104,13.68,13.75,13.6,13.7,31009192.0,424304384.0,157485301804.8
2026-04-28,600104,13.69,13.69,13.57,13.6,35322556.0,480732042.0,156335774054.4
2026-04-29,600104,13.57,13.7,13.55,13.69,34019553.0,464735450.0,157370349029.75998
2026-04-30,600104,13.94,13.97,13.75,13.78,40555913.0,560171844.0,158404924005.12
2026-05-06,600104,13.77,13.78,13.61,13.67,50499313.0,690695850.0,157140443479.68
2026-05-07,600104,13.68,13.7,13.57,13.59,36237026.0,493082950.0,156220821279.36
2026-05-08,600104,13.57,13.71,13.51,13.64,41332073.0,562341867.0,156795585154.56
2026-05-11,600104,13.62,13.62,13.53,13.56,37990091.0,514815967.0,155875962954.24002
2026-05-12,600104,13.54,13.55,13.39,13.4,41251920.0,555119303.0,154036718553.6
2026-05-13,600104,13.4,13.44,13.28,13.3,39272222.0,523274278.0,152887190803.2
2026-05-14,600104,13.29,13.31,13.03,13.07,46805196.0,614099811.0,150243276977.28
2026-05-15,600104,13.08,13.13,12.92,12.94,41253117.0,536616882.0,148748890901.75998
2026-05-18,600104,12.92,12.92,12.61,12.65,49356567.0,626602663.0,145415260425.6
2026-05-19,600104,12.67,12.79,12.57,12.64,33005693.0,417967358.0,145300307650.56
2026-05-20,600104,12.64,12.64,12.35,12.39,39838686.0,494708327.0,142426488274.56
2026-05-21,600104,12.41,12.63,12.38,12.4,43728113.0,546738796.0,142541441049.6
2026-05-22,600104,12.41,12.5,12.22,12.48,37408252.0,463724850.0,143461063249.92
2026-05-25,600104,12.49,12.59,12.29,12.33,32973926.0,408624248.0,141736771624.32
2026-05-26,600104,12.3,12.43,12.18,12.26,35933085.0,440921144.0,140932102199.04
2026-05-27,600104,12.26,12.33,12.07,12.12,37100801.0,450658168.0,139322763348.47998
2026-05-28,600104,12.11,12.15,11.97,12.04,35535427.0,428009740.0,138403141148.16
2026-05-29,600104,12.05,12.32,11.99,12.32,51141131.0,623048950.0,141621818849.28
2026-06-01,600104,12.1,12.28,12.01,12.21,41123037.0,499901518.0,140357338323.84
2026-06-02,600104,12.23,12.35,12.14,12.28,38952402.0,477520671.0,141162007749.12
2026-06-03,600104,12.26,12.27,12.07,12.08,35195739.0,426522066.0,138862952248.32
2026-06-04,600104,12.07,12.13,11.77,11.82,45312108.0,539074212.0,135874180097.28
2026-06-05,600104,11.78,11.91,11.75,11.77,33694757.0,398630729.0,135299416222.08
2026-06-08,600104,11.67,11.77,11.41,11.47,51850986.0,598220065.0,131850832970.88
2026-06-09,600104,11.51,11.53,11.24,11.32,45367927.0,514097720.0,130126541345.28
2026-06-10,600104,11.25,11.3,11.0,11.09,65232302.0,724056456.0,127482627519.36
2026-06-11,600104,11.03,11.08,10.71,10.87,95445492.0,1034658720.0,124953666468.48
2026-06-12,600104,10.86,11.03,10.81,10.92,145131937.0,1583827981.0,125528430343.68
2026-06-15,600104,10.97,11.12,10.72,10.79,107081922.0,1166585130.0,124034044268.15999
2026-06-16,600104,10.79,10.82,10.63,10.65,68464440.0,732199876.0,122424705417.6
2026-06-17,600104,10.6,10.63,10.45,10.56,77414209.0,815333244.0,121390130442.24
2026-06-18,600104,10.57,10.62,10.33,10.46,88227107.0,924831965.0,120240602691.84001
2026-06-22,600104,10.46,10.55,10.18,10.5,76147831.0,788344239.0,120700413792.0
2026-06-23,600104,10.45,10.73,10.28,10.31,74222710.0,777794571.0,118516311066.24
2026-06-24,600104,10.38,10.4,10.07,10.08,60545440.0,616129694.0,115872397240.32
2026-06-25,600104,10.05,10.2,9.97,10.06,68760591.0,692509546.0,115642491690.24
2026-06-26,600104,10.05,10.07,9.73,9.73,65802094.0,648126133.0,111849050113.92
2026-06-29,600104,9.66,9.88,9.44,9.82,77127895.0,748338762.0,112883625089.28
2026-06-30,600104,9.76,9.85,9.62,9.76,54858740.0,533012905.0,112193908439.04
2026-07-01,600104,9.75,9.89,9.65,9.78,57537726.0,562317663.0,112423813989.12
2026-07-02,600104,9.84,10.08,9.8,9.88,79819884.0,790073991.0,113573341739.52
2026-07-03,600104,9.9,10.17,9.88,10.11,76465056.0,769503381.0,116217255565.43999
2026-07-06,600104,10.13,10.27,10.03,10.26,63094061.0,643999326.0,117941547191.04
2026-07-07,600104,10.26,10.32,10.05,10.13,52817820.0,535699368.0,116447161115.52
2026-07-08,600104,10.08,10.16,9.95,10.02,36374801.0,365375014.0,115182680590.08
2026-07-09,600104,10.01,10.01,9.86,9.91,43014472.0,426458272.0,113918200064.64
2026-07-10,600104,9.92,10.25,9.82,10.12,71374913.0,720398487.0,116332208340.48
2026-07-13,600104,10.01,10.06,9.89,9.94,52027000.0,517355428.0,114263058389.76
2026-07-14,600104,9.9,10.07,9.86,10.05,48330253.0,482845702.0,115527538915.20001
2026-07-15,600104,10.02,10.38,10.0,10.34,65128597.0,669597410.0,118861169391.36
2026-07-16,600104,10.3,10.6,10.24,10.52,64223255.0,672702106.0,120930319342.08
2026-07-17,600104,10.51,10.66,10.31,10.39,60204863.0,629954180.0,119435933266.56001
2026-07-20,600104,10.3,10.61,10.3,10.6,73224760.0,767837051.0,121849941542.4
2026-07-21,600104,10.6,10.81,10.43,10.46,87625462.0,929561250.0,120240602691.84001
2026-07-22,600104,10.44,10.54,10.29,10.53,56768095.0,591795423.0,121045272117.12
2026-07-23,600104,10.49,10.62,10.42,10.61,37830061.0,399246423.0,121964894317.43999
2026-07-24,600104,10.47,10.64,10.38,10.38,40401810.0,423163934.0,119320980491.52
2026-07-27,600104,10.38,10.53,10.37,10.44,37169910.0,388843844.0,120010697141.76
2026-07-28,600104,10.4,10.58,10.38,10.58,44852266.0,471445115.0,121620035992.32
2026-07-29,600104,10.59,10.85,10.56,10.77,58928423.0,634577275.0,123804138718.08
