date,ticker,open,high,low,close,volume,amount,market_cap
2021-01-04,600415,4.74,5.18,4.7,4.88,190519339.0,1062036536.0,26562885178.88
2021-01-05,600415,4.87,5.36,4.77,5.36,175673888.0,1010225351.0,29175627983.36
2021-01-06,600415,5.36,5.71,5.28,5.43,235133245.0,1454816425.0,29556652975.68
2021-01-07,600415,5.29,5.59,5.26,5.27,131493035.0,794798687.0,28685738707.519997
2021-01-08,600415,5.24,5.47,5.09,5.33,118455166.0,709936842.0,29012331558.08
2021-01-11,600415,5.24,5.41,5.09,5.4,113911799.0,674566606.0,29393356550.4
2021-01-12,600415,5.31,5.5,5.2,5.23,87263743.0,522356416.0,28468010140.480003
2021-01-13,600415,5.16,5.21,4.92,5.0,107036486.0,608356388.0,27216070880.0
2021-01-14,600415,4.96,5.01,4.81,4.91,64796588.0,359019605.0,26726181604.16
2021-01-15,600415,4.93,5.06,4.86,4.88,60080167.0,335284187.0,26562885178.88
2021-01-18,600415,4.88,5.07,4.77,4.88,93389635.0,518527220.0,26562885178.88
2021-01-19,600415,4.86,5.18,4.81,5.0,113111383.0,639197912.0,27216070880.0
2021-01-20,600415,4.97,5.04,4.86,4.89,65431012.0,362120245.0,26617317320.64
2021-01-21,600415,4.9,4.96,4.8,4.82,64721392.0,354776477.0,26236292328.32
2021-01-22,600415,4.8,4.8,4.58,4.59,72753961.0,380740278.0,24984353067.84
2021-01-25,600415,4.5,4.67,4.46,4.55,49183174.0,252786540.0,24766624500.8
2021-01-26,600415,4.55,4.68,4.48,4.53,48315520.0,249060634.0,24657760217.280003
2021-01-27,600415,4.53,4.57,4.45,4.49,30581600.0,155622656.0,24440031650.24
2021-01-28,600415,4.44,4.54,4.4,4.41,38008269.0,191174567.0,24004574516.16
2021-01-29,600415,4.46,4.66,4.42,4.56,66677185.0,341952499.0,24821056642.559998
2021-02-01,600415,4.59,4.75,4.53,4.58,49063200.0,255439505.0,24929920926.08
2021-02-02,600415,4.54,4.54,4.42,4.43,45402399.0,228547865.0,24113438799.68
2021-02-03,600415,4.41,4.71,4.23,4.61,84001287.0,423223739.0,25093217351.36
2021-02-04,600415,4.55,4.69,4.51,4.53,48626967.0,252409724.0,24657760217.280003
2021-02-05,600415,4.53,4.62,4.41,4.41,34860478.0,176129725.0,24004574516.16
2021-02-08,600415,4.41,4.5,4.37,4.4,30968387.0,154059996.0,23950142374.4
2021-02-09,600415,4.35,4.45,4.32,4.42,29075356.0,144147782.0,24059006657.92
2021-02-10,600415,4.41,4.46,4.4,4.4,24162796.0,120296399.0,23950142374.4
2021-02-18,600415,4.42,4.46,4.36,4.4,54028612.0,268282103.0,23950142374.4
2021-02-19,600415,4.38,4.65,4.37,4.65,70977247.0,363869543.0,25310945918.4
2021-02-22,600415,4.64,5.04,4.62,4.83,107903642.0,586716471.0,26290724470.08
2021-02-23,600415,4.78,4.88,4.72,4.73,58603119.0,315938662.0,25746403052.480003
2021-02-24,600415,4.76,4.8,4.62,4.66,42422463.0,225233509.0,25365378060.16
2021-02-25,600415,4.7,4.78,4.6,4.61,45335195.0,239306719.0,25093217351.36
2021-02-26,600415,4.57,4.6,4.48,4.5,36429041.0,186066863.0,24494463792.0
2021-03-01,600415,4.5,4.55,4.5,4.5,37603060.0,191310261.0,24494463792.0
2021-03-02,600415,4.52,4.52,4.42,4.44,31095239.0,156228435.0,24167870941.440002
2021-03-03,600415,4.45,4.5,4.43,4.44,44205093.0,221730923.0,24167870941.440002
2021-03-04,600415,4.43,4.56,4.42,4.55,62116184.0,315669749.0,24766624500.8
2021-03-05,600415,4.53,4.58,4.49,4.56,35701166.0,182269330.0,24821056642.559998
2021-03-08,600415,4.58,4.66,4.52,4.53,41556806.0,214641853.0,24657760217.280003
2021-03-09,600415,4.52,4.56,4.35,4.44,38562290.0,193501020.0,24167870941.440002
2021-03-10,600415,4.46,4.5,4.41,4.42,20961000.0,105118424.0,24059006657.92
2021-03-11,600415,4.46,4.46,4.38,4.44,23437041.0,116898894.0,24167870941.440002
2021-03-12,600415,4.43,4.43,4.36,4.4,27699799.0,137204972.0,23950142374.4
2021-03-15,600415,4.4,4.51,4.35,4.46,29553653.0,148253653.0,24276735224.96
2021-03-16,600415,4.44,4.48,4.41,4.47,20134416.0,100890675.0,24331167366.719997
2021-03-17,600415,4.46,4.62,4.43,4.59,40563021.0,207066886.0,24984353067.84
2021-03-18,600415,4.57,4.58,4.5,4.5,26657513.0,136405099.0,24494463792.0
2021-03-19,600415,4.49,4.57,4.45,4.57,32009022.0,162650491.0,24875488784.32
2021-03-22,600415,4.52,4.63,4.51,4.59,27709400.0,143050657.0,24984353067.84
2021-03-23,600415,4.59,4.6,4.5,4.51,20522462.0,104926704.0,24548895933.76
2021-03-24,600415,4.5,4.55,4.47,4.52,18466692.0,94114137.0,24603328075.519997
2021-03-25,600415,4.5,4.59,4.47,4.51,19452284.0,99256025.0,24548895933.76
2021-03-26,600415,4.5,4.55,4.49,4.51,21743750.0,110534465.0,24548895933.76
2021-03-29,600415,4.51,4.51,4.45,4.46,21324540.0,107468973.0,24276735224.96
2021-03-30,600415,4.45,4.48,4.43,4.45,15313340.0,76808522.0,24222303083.2
2021-03-31,600415,4.42,4.45,4.42,4.44,16296322.0,81461864.0,24167870941.440002
2021-04-01,600415,4.43,4.46,4.38,4.39,22846576.0,113568304.0,23895710232.64
2021-04-02,600415,4.4,4.42,4.39,4.42,12939764.0,64242175.0,24059006657.92
2021-04-06,600415,4.42,4.42,4.39,4.41,12219292.0,60733405.0,24004574516.16
2021-04-07,600415,4.41,4.47,4.37,4.46,22323168.0,111194590.0,24276735224.96
2021-04-08,600415,4.46,4.46,4.4,4.41,14598043.0,72767378.0,24004574516.16
2021-04-09,600415,4.41,4.42,4.39,4.42,11412471.0,56746777.0,24059006657.92
2021-04-12,600415,4.5,4.55,4.44,4.46,31235174.0,157707908.0,24276735224.96
2021-04-13,600415,4.42,4.45,4.29,4.33,31739611.0,155821826.0,23569117382.08
2021-04-14,600415,4.31,4.56,4.31,4.44,29481911.0,147989260.0,24167870941.440002
2021-04-15,600415,4.4,4.44,4.38,4.42,17830224.0,88531882.0,24059006657.92
2021-04-16,600415,4.41,4.46,4.39,4.45,18882090.0,94489275.0,24222303083.2
2021-04-19,600415,4.5,4.5,4.43,4.44,22045008.0,110584804.0,24167870941.440002
2021-04-20,600415,4.43,4.46,4.41,4.41,16505862.0,82445771.0,24004574516.16
2021-04-21,600415,4.39,4.42,4.37,4.39,13331265.0,65964364.0,23895710232.64
2021-04-22,600415,4.39,4.41,4.35,4.36,14043263.0,69226351.0,23732413807.36
2021-04-23,600415,4.36,4.37,4.32,4.35,19197142.0,93924848.0,23677981665.6
2021-04-26,600415,4.35,4.4,4.35,4.36,14550763.0,71645950.0,23732413807.36
2021-04-27,600415,4.36,4.38,4.29,4.3,15764295.0,76773199.0,23405820956.8
2021-04-28,600415,4.31,4.39,4.27,4.33,13751327.0,67243844.0,23569117382.08
2021-04-29,600415,4.33,4.42,4.31,4.39,22171507.0,109514469.0,23895710232.64
2021-04-30,600415,4.41,4.41,4.31,4.34,18372780.0,89880777.0,23623549523.84
2021-05-06,600415,4.31,4.33,4.21,4.24,27609615.0,132613710.0,23079228106.24
2021-05-07,600415,4.24,4.3,4.17,4.25,22956206.0,109137163.0,23133660248.0
2021-05-10,600415,4.24,4.24,4.19,4.19,14161286.0,67223682.0,22807067397.440002
2021-05-11,600415,4.18,4.22,4.16,4.21,12552704.0,59346610.0,22915931680.96
2021-05-12,600415,4.2,4.28,4.18,4.27,15830636.0,75855307.0,23242524531.519997
2021-05-13,600415,4.24,4.56,4.22,4.46,65806268.0,330292989.0,24276735224.96
2021-05-14,600415,4.42,4.69,4.4,4.5,126654686.0,648184904.0,24494463792.0
2021-05-17,600415,4.52,4.68,4.46,4.57,90807702.0,470924183.0,24875488784.32
2021-05-18,600415,4.57,4.66,4.54,4.64,49946421.0,259317431.0,25256513776.64
2021-05-19,600415,4.61,4.68,4.58,4.6,39566656.0,206181908.0,25038785209.6
2021-05-20,600415,4.58,4.67,4.57,4.64,32042677.0,167386741.0,25256513776.64
2021-05-21,600415,4.66,4.68,4.59,4.6,21894320.0,113902248.0,25038785209.6
2021-05-24,600415,4.58,4.63,4.56,4.59,27249250.0,141037914.0,24984353067.84
2021-05-25,600415,4.64,4.68,4.58,4.63,29731129.0,155587388.0,25202081634.88
2021-05-26,600415,4.64,4.66,4.59,4.63,25851101.0,134547617.0,25202081634.88
2021-05-27,600415,4.62,4.67,4.58,4.61,46366795.0,241402005.0,25093217351.36
2021-05-28,600415,4.61,4.66,4.48,4.61,47004663.0,242052294.0,25093217351.36
2021-05-31,600415,4.59,4.6,4.5,4.53,33865940.0,173828368.0,24657760217.280003
2021-06-01,600415,4.52,4.96,4.48,4.84,99759021.0,534073487.0,26345156611.84
2021-06-02,600415,4.81,4.93,4.7,4.73,51295374.0,276432399.0,25746403052.480003
2021-06-03,600415,4.75,4.98,4.7,4.88,85241725.0,468543965.0,26562885178.88
2021-06-04,600415,4.89,4.9,4.8,4.89,42232693.0,231669147.0,26617317320.64
2021-06-07,600415,4.86,5.14,4.77,5.03,88855145.0,497152876.0,27379367305.280003
2021-06-08,600415,4.97,5.05,4.9,4.91,39893062.0,223086141.0,26726181604.16
2021-06-09,600415,4.94,4.98,4.83,4.85,29866650.0,164902039.0,26399588753.6
2021-06-10,600415,4.88,5.03,4.84,4.89,41659721.0,231191869.0,26617317320.64
2021-06-11,600415,5.05,5.05,4.8,4.81,53261668.0,294750104.0,26181860186.559998
2021-06-15,600415,4.79,4.93,4.65,4.83,46274036.0,249617763.0,26290724470.08
2021-06-16,600415,4.88,5.32,4.79,5.32,143730018.0,829084172.0,28957899416.32
2021-06-17,600415,5.27,5.29,5.0,5.06,138093125.0,794256622.0,27542663730.559998
2021-06-18,600415,5.07,5.07,4.83,4.9,79927276.0,436620422.0,26671749462.4
2021-06-21,600415,4.83,4.99,4.77,4.92,62475403.0,340528405.0,26780613745.92
2021-06-22,600415,4.9,5.01,4.83,4.92,56296515.0,308522003.0,26780613745.92
2021-06-23,600415,4.9,4.99,4.83,4.94,45901669.0,252474567.0,26889478029.440002
2021-06-24,600415,4.97,4.99,4.89,4.92,32472473.0,179169178.0,26780613745.92
2021-06-25,600415,4.88,4.9,4.73,4.74,54653049.0,292443537.0,25800835194.24
2021-06-28,600415,4.72,4.76,4.67,4.69,25465995.0,133856506.0,25528674485.440002
2021-06-29,600415,4.69,4.76,4.64,4.65,27461296.0,143969703.0,25310945918.4
2021-06-30,600415,4.66,4.68,4.58,4.61,26349228.0,135846374.0,25093217351.36
2021-07-01,600415,4.61,4.66,4.59,4.59,21070107.0,108805881.0,24984353067.84
2021-07-02,600415,4.63,4.63,4.5,4.55,28317958.0,143841274.0,24766624500.8
2021-07-05,600415,4.57,4.58,4.45,4.49,32586617.0,163871873.0,24440031650.24
2021-07-06,600415,4.49,4.52,4.44,4.5,30678403.0,153494147.0,24494463792.0
2021-07-07,600415,4.49,4.5,4.41,4.43,36392550.0,180715638.0,24113438799.68
2021-07-08,600415,4.44,4.46,4.33,4.35,35359979.0,172720076.0,23677981665.6
2021-07-09,600415,4.32,4.39,4.31,4.35,24859971.0,120524999.0,23677981665.6
2021-07-12,600415,4.41,4.43,4.35,4.35,32511780.0,159104323.0,23677981665.6
2021-07-13,600415,4.35,4.42,4.32,4.39,28422217.0,138801966.0,23895710232.64
2021-07-14,600415,4.39,4.42,4.3,4.31,36223616.0,175515146.0,23460253098.559998
2021-07-15,600415,4.31,4.32,4.23,4.28,26339125.0,125387525.0,23296956673.280003
2021-07-16,600415,4.28,4.33,4.27,4.33,18823931.0,90531262.0,23569117382.08
2021-07-19,600415,4.33,4.34,4.26,4.31,16020500.0,76796501.0,23460253098.559998
2021-07-20,600415,4.31,4.34,4.29,4.32,15308386.0,73790486.0,23514685240.32
2021-07-21,600415,4.32,4.35,4.29,4.32,18012721.0,86865261.0,23514685240.32
2021-07-22,600415,4.32,4.32,4.24,4.27,24756717.0,118125920.0,23242524531.519997
2021-07-23,600415,4.28,4.28,4.16,4.2,34041959.0,160170981.0,22861499539.2
2021-07-26,600415,4.19,4.2,4.03,4.06,30930705.0,141303251.0,22099449554.559998
2021-07-27,600415,4.07,4.11,4.03,4.06,23098300.0,104972247.0,22099449554.559998
2021-07-28,600415,4.06,4.14,4.03,4.06,25216704.0,114756309.0,22099449554.559998
2021-07-29,600415,4.08,4.09,4.02,4.05,21993584.0,99580239.0,22045017412.8
2021-07-30,600415,4.06,4.06,3.95,3.95,26911153.0,119489577.0,21500695995.2
2021-08-02,600415,3.95,4.14,3.9,4.11,38367394.0,173082978.0,22371610263.36
2021-08-03,600415,4.09,4.15,4.06,4.11,19607314.0,89995615.0,22371610263.36
2021-08-04,600415,4.1,4.17,4.06,4.14,23092778.0,106291479.0,22534906688.64
2021-08-05,600415,4.11,4.17,4.08,4.15,25258130.0,116958155.0,22589338830.4
2021-08-06,600415,4.15,4.15,4.06,4.06,21218223.0,96686385.0,22099449554.559998
2021-08-09,600415,4.1,4.39,4.08,4.3,54711600.0,259878664.0,23405820956.8
2021-08-10,600415,4.32,4.32,4.25,4.31,21650397.0,103403039.0,23460253098.559998
2021-08-11,600415,4.31,4.34,4.22,4.24,29558590.0,141004647.0,23079228106.24
2021-08-12,600415,4.24,4.26,4.22,4.22,18518075.0,87630197.0,22970363822.719997
2021-08-13,600415,4.21,4.21,4.12,4.15,22031941.0,102283597.0,22589338830.4
2021-08-16,600415,4.15,4.23,4.14,4.21,18145042.0,85121926.0,22915931680.96
2021-08-17,600415,4.2,4.24,4.07,4.1,21836213.0,101322084.0,22317178121.6
2021-08-18,600415,4.07,4.15,4.05,4.13,16643325.0,76157776.0,22480474546.88
2021-08-19,600415,4.12,4.15,4.07,4.08,12658593.0,57907283.0,22208313838.08
2021-08-20,600415,4.1,4.1,4.03,4.08,13417691.0,60792502.0,22208313838.08
2021-08-23,600415,4.08,4.15,4.07,4.08,23590347.0,108057223.0,22208313838.08
2021-08-24,600415,4.09,4.1,4.04,4.05,21373611.0,96683001.0,22045017412.8
2021-08-25,600415,4.06,4.06,4.0,4.04,16564365.0,74480029.0,21990585271.04
2021-08-26,600415,4.02,4.13,4.0,4.08,28250242.0,128674931.0,22208313838.08
2021-08-27,600415,4.07,4.08,4.02,4.04,17176444.0,77591720.0,21990585271.04
2021-08-30,600415,4.03,4.05,3.98,3.99,21544584.0,96318714.0,21718424562.24
2021-08-31,600415,4.0,4.06,3.98,4.04,17976086.0,80723297.0,21990585271.04
2021-09-01,600415,4.04,4.12,4.01,4.11,29870007.0,136080830.0,22371610263.36
2021-09-02,600415,4.08,4.15,4.08,4.13,21480800.0,98601409.0,22480474546.88
2021-09-03,600415,4.14,4.16,4.09,4.13,21606000.0,99580853.0,22480474546.88
2021-09-06,600415,4.13,4.28,4.12,4.24,43517193.0,205036488.0,23079228106.24
2021-09-07,600415,4.23,4.32,4.22,4.26,37996854.0,181357818.0,23188092389.76
2021-09-08,600415,4.26,4.31,4.23,4.28,33837070.0,161562642.0,23296956673.280003
2021-09-09,600415,4.28,4.37,4.26,4.32,42459020.0,204405034.0,23514685240.32
2021-09-10,600415,4.32,4.41,4.32,4.35,37605684.0,182973866.0,23677981665.6
2021-09-13,600415,4.38,4.49,4.31,4.47,58070148.0,286743246.0,24331167366.719997
2021-09-14,600415,4.48,4.65,4.42,4.44,70331727.0,355389591.0,24167870941.440002
2021-09-15,600415,4.42,4.49,4.36,4.37,36710363.0,180764303.0,23786845949.12
2021-09-16,600415,4.39,4.49,4.32,4.32,37851615.0,186695611.0,23514685240.32
2021-09-17,600415,4.33,4.41,4.25,4.32,32976381.0,159269859.0,23514685240.32
2021-09-22,600415,4.27,4.38,4.23,4.33,31278310.0,149751842.0,23569117382.08
2021-09-23,600415,4.33,4.41,4.33,4.41,34665784.0,169506960.0,24004574516.16
2021-09-24,600415,4.41,4.45,4.32,4.32,28112900.0,136971309.0,23514685240.32
2021-09-27,600415,4.32,4.36,4.24,4.32,31744102.0,152403199.0,23514685240.32
2021-09-28,600415,4.3,4.32,4.26,4.29,17617812.0,84505526.0,23351388815.04
2021-09-29,600415,4.27,4.28,4.17,4.19,24198800.0,113796668.0,22807067397.440002
2021-09-30,600415,4.19,4.23,4.17,4.21,17632020.0,82592168.0,22915931680.96
2021-10-08,600415,4.24,4.32,4.23,4.31,20946092.0,100373909.0,23460253098.559998
2021-10-11,600415,4.31,4.37,4.29,4.32,16960414.0,82009603.0,23514685240.32
2021-10-12,600415,4.3,4.32,4.22,4.24,18172758.0,86434568.0,23079228106.24
2021-10-13,600415,4.24,4.25,4.18,4.22,13625103.0,64124076.0,22970363822.719997
2021-10-14,600415,4.22,4.23,4.14,4.16,17159288.0,79973116.0,22643770972.16
2021-10-15,600415,4.16,4.19,4.14,4.15,15678716.0,72925164.0,22589338830.4
2021-10-18,600415,4.16,4.16,4.06,4.07,22301440.0,101903283.0,22153881696.32
2021-10-19,600415,4.06,4.09,4.03,4.04,25263164.0,114445801.0,21990585271.04
2021-10-20,600415,4.04,4.06,4.01,4.02,17947534.0,80950483.0,21881720987.519997
2021-10-21,600415,4.02,4.06,4.0,4.03,15964580.0,71798659.0,21936153129.280003
2021-10-22,600415,4.05,4.29,4.03,4.17,58956441.0,276494984.0,22698203113.92
2021-10-25,600415,4.1,4.12,4.01,4.05,36831692.0,166631603.0,22045017412.8
2021-10-26,600415,4.02,4.05,4.0,4.01,20583421.0,92472877.0,21827288845.76
2021-10-27,600415,4.03,4.04,3.95,3.98,16242100.0,72031409.0,21663992420.48
2021-10-28,600415,3.98,4.08,3.97,4.06,31593887.0,142493171.0,22099449554.559998
2021-10-29,600415,4.06,4.41,4.06,4.37,85301522.0,408487389.0,23786845949.12
2021-11-01,600415,4.35,4.6,4.32,4.56,89423962.0,450123312.0,24821056642.559998
2021-11-02,600415,4.56,4.61,4.48,4.57,73041983.0,371982437.0,24875488784.32
2021-11-03,600415,4.59,4.64,4.53,4.61,47098698.0,242266050.0,25093217351.36
2021-11-04,600415,4.65,4.65,4.52,4.57,42721528.0,217650947.0,24875488784.32
2021-11-05,600415,4.58,4.58,4.39,4.41,44628352.0,221299375.0,24004574516.16
2021-11-08,600415,4.41,4.44,4.33,4.33,27775134.0,135290128.0,23569117382.08
2021-11-09,600415,4.36,4.41,4.29,4.3,26058445.0,125873683.0,23405820956.8
2021-11-10,600415,4.31,4.33,4.25,4.29,26377730.0,126371114.0,23351388815.04
2021-11-11,600415,4.27,4.31,4.25,4.28,24934205.0,119290567.0,23296956673.280003
2021-11-12,600415,4.31,4.32,4.19,4.23,30474963.0,143951595.0,23024795964.480003
2021-11-15,600415,4.2,4.28,4.16,4.2,31701032.0,148773700.0,22861499539.2
2021-11-16,600415,4.2,4.3,4.19,4.2,36465423.0,172796406.0,22861499539.2
2021-11-17,600415,4.21,4.22,4.12,4.15,28816916.0,133733003.0,22589338830.4
2021-11-18,600415,4.15,4.2,4.12,4.13,27351241.0,127023136.0,22480474546.88
2021-11-19,600415,4.14,4.18,4.13,4.15,21503400.0,99735059.0,22589338830.4
2021-11-22,600415,4.25,4.26,4.15,4.15,31605571.0,147493474.0,22589338830.4
2021-11-23,600415,4.15,4.25,4.14,4.18,27764458.0,129994064.0,22752635255.68
2021-11-24,600415,4.24,4.24,4.18,4.19,21965924.0,103189305.0,22807067397.440002
2021-11-25,600415,4.18,4.22,4.17,4.2,17708409.0,82986219.0,22861499539.2
2021-11-26,600415,4.19,4.2,4.14,4.15,21384435.0,99378491.0,22589338830.4
2021-11-29,600415,4.1,4.15,4.06,4.13,20523641.0,94293511.0,22480474546.88
2021-11-30,600415,4.13,4.15,4.11,4.12,17506386.0,80746782.0,22426042405.12
2021-12-01,600415,4.1,4.19,4.08,4.19,19275170.0,89332242.0,22807067397.440002
2021-12-02,600415,4.17,4.21,4.16,4.17,20130253.0,94138350.0,22698203113.92
2021-12-03,600415,4.19,4.23,4.16,4.22,20605529.0,96594947.0,22970363822.719997
2021-12-06,600415,4.25,4.27,4.2,4.21,24223584.0,114415122.0,22915931680.96
2021-12-07,600415,4.25,4.25,4.15,4.17,21436825.0,100391358.0,22698203113.92
2021-12-08,600415,4.17,4.23,4.15,4.2,19424438.0,91018286.0,22861499539.2
2021-12-09,600415,4.2,4.28,4.18,4.26,33611655.0,159371357.0,23188092389.76
2021-12-10,600415,4.26,4.3,4.22,4.23,21735500.0,103076212.0,23024795964.480003
2021-12-13,600415,4.23,4.25,4.22,4.23,18265513.0,86477929.0,23024795964.480003
2021-12-14,600415,4.22,4.26,4.19,4.24,19522848.0,92022056.0,23079228106.24
2021-12-15,600415,4.24,4.24,4.19,4.2,17932700.0,84271744.0,22861499539.2
2021-12-16,600415,4.2,4.21,4.15,4.18,19165510.0,89488603.0,22752635255.68
2021-12-17,600415,4.18,4.19,4.15,4.17,16865304.0,78362041.0,22698203113.92
2021-12-20,600415,4.12,4.16,4.12,4.15,20909200.0,96672845.0,22589338830.4
2021-12-21,600415,4.14,4.24,4.13,4.23,28306315.0,132900029.0,23024795964.480003
2021-12-22,600415,4.24,4.27,4.22,4.25,25313408.0,120092059.0,23133660248.0
2021-12-23,600415,4.24,4.27,4.21,4.23,18878474.0,89130498.0,23024795964.480003
2021-12-24,600415,4.23,4.27,4.17,4.25,27300742.0,128876602.0,23133660248.0
2021-12-27,600415,4.24,4.27,4.22,4.24,18986832.0,89933145.0,23079228106.24
2021-12-28,600415,4.23,4.24,4.19,4.23,13102057.0,61696295.0,23024795964.480003
2021-12-29,600415,4.21,4.26,4.18,4.26,21282526.0,100545066.0,23188092389.76
2021-12-30,600415,4.26,4.37,4.24,4.29,28631168.0,137585989.0,23351388815.04
2021-12-31,600415,4.31,4.36,4.27,4.34,28268298.0,136504813.0,23623549523.84
2022-01-04,600415,4.39,4.48,4.37,4.47,57096475.0,283295611.0,24331167366.719997
2022-01-05,600415,4.52,4.52,4.37,4.39,42340525.0,209531470.0,23895710232.64
2022-01-06,600415,4.4,4.41,4.31,4.32,29916500.0,145001779.0,23514685240.32
2022-01-07,600415,4.33,4.38,4.28,4.3,24391858.0,117883708.0,23405820956.8
2022-01-10,600415,4.3,4.43,4.27,4.34,38472515.0,185982694.0,23623549523.84
2022-01-11,600415,4.39,4.39,4.31,4.32,34035416.0,165292987.0,23514685240.32
2022-01-12,600415,4.32,4.33,4.28,4.31,20647545.0,99209993.0,23460253098.559998
2022-01-13,600415,4.31,4.34,4.28,4.32,24637822.0,118805269.0,23514685240.32
2022-01-14,600415,4.31,4.32,4.21,4.22,28567412.0,135753535.0,22970363822.719997
2022-01-17,600415,4.22,4.32,4.21,4.3,25357446.0,121390106.0,23405820956.8
2022-01-18,600415,4.33,4.34,4.27,4.3,19465879.0,93384255.0,23405820956.8
2022-01-19,600415,4.3,4.34,4.26,4.32,15998102.0,76948953.0,23514685240.32
2022-01-20,600415,4.3,4.33,4.27,4.28,17263599.0,82826806.0,23296956673.280003
2022-01-21,600415,4.28,4.39,4.26,4.36,35995017.0,173868331.0,23732413807.36
2022-01-24,600415,4.36,4.36,4.17,4.2,38128449.0,180751315.0,22861499539.2
2022-01-25,600415,4.19,4.19,3.98,3.98,36168888.0,164112953.0,21663992420.48
2022-01-26,600415,3.98,4.08,3.96,4.05,20834763.0,93641800.0,22045017412.8
2022-01-27,600415,4.05,4.06,3.97,3.98,21160694.0,94726065.0,21663992420.48
2022-01-28,600415,4.02,4.04,3.97,4.02,18656196.0,83473587.0,21881720987.519997
2022-02-07,600415,4.03,4.1,4.02,4.08,21730748.0,98931252.0,22208313838.08
2022-02-08,600415,4.08,4.2,4.06,4.2,27184183.0,126447925.0,22861499539.2
2022-02-09,600415,4.22,4.28,4.21,4.23,24346831.0,115261428.0,23024795964.480003
2022-02-10,600415,4.23,4.29,4.19,4.27,27073224.0,128752729.0,23242524531.519997
2022-02-11,600415,4.44,4.48,4.25,4.28,41828585.0,202583328.0,23296956673.280003
2022-02-14,600415,4.24,4.32,4.17,4.19,27019084.0,127287203.0,22807067397.440002
2022-02-15,600415,4.2,4.24,4.17,4.22,14833574.0,69725741.0,22970363822.719997
2022-02-16,600415,4.22,4.34,4.22,4.33,25348311.0,121694277.0,23569117382.08
2022-02-17,600415,4.37,4.49,4.25,4.37,49768373.0,242575120.0,23786845949.12
2022-02-18,600415,4.29,4.32,4.24,4.29,37689590.0,179728281.0,23351388815.04
2022-02-21,600415,4.33,4.42,4.27,4.39,33265445.0,161286927.0,23895710232.64
2022-02-22,600415,4.35,4.37,4.25,4.28,27290578.0,131236542.0,23296956673.280003
2022-02-23,600415,4.3,4.32,4.26,4.27,18308034.0,87653314.0,23242524531.519997
2022-02-24,600415,4.25,4.3,4.12,4.17,34862227.0,163578817.0,22698203113.92
2022-02-25,600415,4.2,4.24,4.14,4.17,20150736.0,94190668.0,22698203113.92
2022-02-28,600415,4.2,4.2,4.11,4.16,16846833.0,77963004.0,22643770972.16
2022-03-01,600415,4.14,4.17,4.11,4.14,17600010.0,81300581.0,22534906688.64
2022-03-02,600415,4.13,4.21,4.12,4.2,22402167.0,104504374.0,22861499539.2
2022-03-03,600415,4.2,4.58,4.19,4.47,88760474.0,438278309.0,24331167366.719997
2022-03-04,600415,4.53,4.68,4.45,4.51,97256918.0,493702427.0,24548895933.76
2022-03-07,600415,4.48,4.54,4.33,4.35,50684682.0,249870473.0,23677981665.6
2022-03-08,600415,4.39,4.41,4.15,4.15,52227410.0,247038003.0,22589338830.4
2022-03-09,600415,4.16,4.18,3.89,4.0,56413395.0,254362970.0,21772856704.0
2022-03-10,600415,4.07,4.32,4.06,4.28,57832277.0,271569682.0,23296956673.280003
2022-03-11,600415,4.25,4.42,4.15,4.37,45935325.0,220087904.0,23786845949.12
2022-03-14,600415,4.32,4.47,4.3,4.36,40305760.0,197549678.0,23732413807.36
2022-03-15,600415,4.33,4.34,4.15,4.15,51166152.0,243709570.0,22589338830.4
2022-03-16,600415,4.21,4.43,4.17,4.41,55396480.0,266885322.0,24004574516.16
2022-03-17,600415,4.45,4.49,4.35,4.39,51980007.0,256110636.0,23895710232.64
2022-03-18,600415,4.39,4.44,4.36,4.42,28377100.0,140021253.0,24059006657.92
2022-03-21,600415,4.48,4.59,4.47,4.49,53765698.0,271077419.0,24440031650.24
2022-03-22,600415,4.49,4.56,4.41,4.47,42806338.0,213625527.0,24331167366.719997
2022-03-23,600415,4.49,4.51,4.39,4.42,35190863.0,174411907.0,24059006657.92
2022-03-24,600415,4.4,4.44,4.3,4.32,30404456.0,147580179.0,23514685240.32
2022-03-25,600415,4.34,4.49,4.32,4.34,49632599.0,243255746.0,23623549523.84
2022-03-28,600415,4.3,4.42,4.25,4.42,57133596.0,278951472.0,24059006657.92
2022-03-29,600415,4.48,4.49,4.39,4.44,45022473.0,223511750.0,24167870941.440002
2022-03-30,600415,4.42,4.51,4.39,4.49,39041018.0,194672939.0,24440031650.24
2022-03-31,600415,4.49,4.56,4.47,4.5,41182609.0,208242176.0,24494463792.0
2022-04-01,600415,4.59,4.75,4.55,4.66,119659971.0,621773462.0,25365378060.16
2022-04-06,600415,4.6,4.96,4.6,4.9,146903255.0,789504679.0,26671749462.4
2022-04-07,600415,4.83,4.92,4.75,4.75,82213842.0,441903123.0,25855267336.0
2022-04-08,600415,4.75,4.79,4.58,4.75,76498764.0,400871340.0,25855267336.0
2022-04-11,600415,4.77,4.85,4.65,4.67,72131824.0,381252719.0,25419810201.92
2022-04-12,600415,4.63,5.14,4.62,5.02,131116750.0,716684139.0,27324935163.519997
2022-04-13,600415,5.03,5.13,4.91,4.95,99460582.0,555966850.0,26943910171.2
2022-04-14,600415,4.87,4.93,4.8,4.89,68376811.0,371806331.0,26617317320.64
2022-04-15,600415,4.91,5.05,4.87,4.96,76228864.0,422625151.0,26998342312.96
2022-04-18,600415,4.84,5.05,4.77,4.97,63629943.0,351458257.0,27052774454.719997
2022-04-19,600415,4.92,4.95,4.85,4.91,48623938.0,265852204.0,26726181604.16
2022-04-20,600415,4.88,4.95,4.76,4.8,51413704.0,278224258.0,26127428044.8
2022-04-21,600415,4.77,4.79,4.57,4.58,54401934.0,282979618.0,24929920926.08
2022-04-22,600415,4.56,4.73,4.5,4.66,42857782.0,222173314.0,25365378060.16
2022-04-25,600415,4.57,4.59,4.26,4.27,57809354.0,284915169.0,23242524531.519997
2022-04-26,600415,4.32,4.4,4.18,4.2,48903091.0,233433666.0,22861499539.2
2022-04-27,600415,4.12,4.27,4.06,4.24,52276918.0,243311909.0,23079228106.24
2022-04-28,600415,4.26,4.41,4.18,4.32,52350527.0,250945097.0,23514685240.32
2022-04-29,600415,4.32,4.58,4.26,4.58,60594193.0,301761362.0,24929920926.08
2022-05-05,600415,4.53,4.6,4.49,4.51,46545646.0,236073448.0,24548895933.76
2022-05-06,600415,4.41,4.49,4.37,4.44,34544874.0,171281454.0,24167870941.440002
2022-05-09,600415,4.43,4.54,4.4,4.51,31849468.0,159159817.0,24548895933.76
2022-05-10,600415,4.44,4.6,4.39,4.57,51308885.0,258902208.0,24875488784.32
2022-05-11,600415,4.58,4.83,4.58,4.69,68860083.0,363360057.0,25528674485.440002
2022-05-12,600415,4.65,4.71,4.58,4.62,38784602.0,201074029.0,25147649493.12
2022-05-13,600415,4.65,4.76,4.63,4.74,37582874.0,197553470.0,25800835194.24
2022-05-16,600415,4.7,4.78,4.66,4.74,43193649.0,227922163.0,25800835194.24
2022-05-17,600415,4.7,4.75,4.59,4.63,33262144.0,172496121.0,25202081634.88
2022-05-18,600415,4.65,4.74,4.6,4.64,33558518.0,174998261.0,25256513776.64
2022-05-19,600415,4.54,4.63,4.5,4.61,30624508.0,156381244.0,25093217351.36
2022-05-20,600415,4.61,4.68,4.6,4.64,28984272.0,150305976.0,25256513776.64
2022-05-23,600415,4.64,4.64,4.57,4.59,26369350.0,135149801.0,24984353067.84
2022-05-24,600415,4.58,4.59,4.4,4.41,37834540.0,189422787.0,24004574516.16
2022-05-25,600415,4.41,4.61,4.39,4.59,38047993.0,193215157.0,24984353067.84
2022-05-26,600415,4.61,4.71,4.57,4.66,32191740.0,166493275.0,25365378060.16
2022-05-27,600415,4.69,4.84,4.64,4.78,55256261.0,292835381.0,26018563761.280003
2022-05-30,600415,4.79,4.85,4.75,4.83,45480940.0,243795151.0,26290724470.08
2022-05-31,600415,4.82,4.92,4.8,4.84,41938235.0,226714887.0,26345156611.84
2022-06-01,600415,4.83,4.91,4.78,4.82,33808957.0,182931028.0,26236292328.32
2022-06-02,600415,4.81,4.81,4.75,4.76,32931039.0,175531569.0,25909699477.76
2022-06-06,600415,4.75,4.91,4.71,4.91,45246213.0,243908128.0,26726181604.16
2022-06-07,600415,4.91,4.94,4.84,4.92,35131253.0,192019802.0,26780613745.92
2022-06-08,600415,4.89,4.92,4.79,4.89,35856576.0,194756397.0,26617317320.64
2022-06-09,600415,4.91,4.91,4.75,4.8,29479672.0,157746405.0,26127428044.8
2022-06-10,600415,4.78,4.93,4.77,4.93,40870903.0,220072375.0,26835045887.68
2022-06-13,600415,4.9,4.9,4.75,4.82,32753483.0,174072219.0,26236292328.32
2022-06-14,600415,4.78,4.93,4.75,4.93,35693207.0,190427372.0,26835045887.68
2022-06-15,600415,4.93,5.03,4.87,4.88,41083321.0,223758435.0,26562885178.88
2022-06-16,600415,4.92,4.97,4.86,4.87,30111604.0,162539497.0,26508453037.12
2022-06-17,600415,4.86,4.91,4.8,4.89,27779201.0,148853149.0,26617317320.64
2022-06-20,600415,4.94,4.98,4.85,4.86,35621533.0,192297531.0,26454020895.36
2022-06-21,600415,4.8,4.97,4.75,4.8,41751048.0,222705309.0,26127428044.8
2022-06-22,600415,4.8,4.9,4.69,4.7,36765801.0,193351770.0,25583106627.2
2022-06-23,600415,4.75,4.75,4.64,4.73,34057710.0,175570178.0,25746403052.480003
2022-06-24,600415,4.73,4.78,4.7,4.74,28018320.0,146343497.0,25800835194.24
2022-06-27,600415,5.21,5.21,4.87,4.91,235539124.0,1326827236.0,26726181604.16
2022-06-28,600415,4.9,5.07,4.71,5.0,174239965.0,937040958.0,27216070880.0
2022-06-29,600415,4.98,5.09,4.86,4.86,75032149.0,409325132.0,26454020895.36
2022-06-30,600415,4.87,5.26,4.86,5.06,125601070.0,705064972.0,27542663730.559998
2022-07-01,600415,5.08,5.44,5.08,5.26,149871337.0,870244778.0,28631306565.76
2022-07-04,600415,5.19,5.35,5.14,5.18,79956276.0,457836221.0,28195849431.68
2022-07-05,600415,5.23,5.42,5.16,5.33,99663964.0,583681475.0,29012331558.08
2022-07-06,600415,5.32,5.32,5.05,5.09,80117386.0,453163176.0,27705960155.84
2022-07-07,600415,5.02,5.17,5.02,5.09,53422938.0,301014869.0,27705960155.84
2022-07-08,600415,5.11,5.14,5.0,5.01,46659384.0,259627652.0,27270503021.76
2022-07-11,600415,4.97,5.08,4.94,5.03,38505646.0,212680289.0,27379367305.280003
2022-07-12,600415,5.01,5.02,4.88,4.89,39517891.0,215340282.0,26617317320.64
2022-07-13,600415,4.9,4.93,4.86,4.89,34675610.0,186566166.0,26617317320.64
2022-07-14,600415,4.89,4.97,4.84,4.89,34810271.0,188273784.0,26617317320.64
2022-07-15,600415,4.87,4.9,4.77,4.77,43353987.0,230571638.0,25964131619.519997
2022-07-18,600415,4.77,4.86,4.77,4.85,32796960.0,174074055.0,26399588753.6
2022-07-19,600415,4.84,4.93,4.82,4.87,27819114.0,148851477.0,26508453037.12
2022-07-20,600415,4.85,4.91,4.85,4.87,24064263.0,129112894.0,26508453037.12
2022-07-21,600415,4.9,4.94,4.83,4.88,32423512.0,174385189.0,26562885178.88
2022-07-22,600415,4.88,4.94,4.86,4.91,27445932.0,148090550.0,26726181604.16
2022-07-25,600415,4.91,4.92,4.78,4.8,28472304.0,151725075.0,26127428044.8
2022-07-26,600415,4.78,4.95,4.78,4.94,30275109.0,162576997.0,26889478029.440002
2022-07-27,600415,4.93,4.93,4.86,4.87,18086077.0,97193083.0,26508453037.12
2022-07-28,600415,4.89,4.9,4.83,4.84,20073474.0,107666793.0,26345156611.84
2022-07-29,600415,4.84,4.86,4.75,4.8,26094697.0,138109257.0,26127428044.8
2022-08-01,600415,4.77,4.77,4.64,4.67,32035012.0,165300965.0,25419810201.92
2022-08-02,600415,4.63,4.63,4.46,4.52,42941246.0,213785222.0,24603328075.519997
2022-08-03,600415,4.51,4.63,4.45,4.45,28061504.0,140083402.0,24222303083.2
2022-08-04,600415,4.48,4.52,4.41,4.48,34076963.0,167540354.0,24385599508.480003
2022-08-05,600415,4.45,4.53,4.45,4.52,22980077.0,113990636.0,24603328075.519997
2022-08-08,600415,4.51,4.55,4.49,4.5,20563923.0,102208211.0,24494463792.0
2022-08-09,600415,4.51,4.59,4.47,4.58,28872551.0,144109099.0,24929920926.08
2022-08-10,600415,4.57,4.57,4.47,4.5,23058751.0,114358318.0,24494463792.0
2022-08-11,600415,4.48,4.67,4.48,4.65,37688328.0,190522561.0,25310945918.4
2022-08-12,600415,4.64,4.81,4.61,4.72,35623412.0,185719323.0,25691970910.719997
2022-08-15,600415,4.67,4.78,4.65,4.69,26006631.0,135040209.0,25528674485.440002
2022-08-16,600415,4.69,4.74,4.66,4.67,19839810.0,102379310.0,25419810201.92
2022-08-17,600415,4.68,4.74,4.6,4.69,27640638.0,141817906.0,25528674485.440002
2022-08-18,600415,4.69,4.7,4.54,4.55,46847085.0,235444282.0,24766624500.8
2022-08-19,600415,4.52,4.54,4.43,4.46,47979151.0,236138644.0,24276735224.96
2022-08-22,600415,4.45,4.48,4.36,4.48,33906699.0,165140549.0,24385599508.480003
2022-08-23,600415,4.47,4.47,4.38,4.45,34318116.0,166699097.0,24222303083.2
2022-08-24,600415,4.43,4.47,4.36,4.36,32317015.0,156613016.0,23732413807.36
2022-08-25,600415,4.39,4.4,4.31,4.39,21262982.0,102188618.0,23895710232.64
2022-08-26,600415,4.4,4.44,4.38,4.41,18658676.0,90714558.0,24004574516.16
2022-08-29,600415,4.34,4.38,4.32,4.38,19784830.0,94894313.0,23841278090.88
2022-08-30,600415,4.36,4.46,4.35,4.45,21302270.0,103458025.0,24222303083.2
2022-08-31,600415,4.45,4.52,4.39,4.44,30073555.0,147464701.0,24167870941.440002
2022-09-01,600415,4.43,4.45,4.37,4.37,21499460.0,104242139.0,23786845949.12
2022-09-02,600415,4.37,4.47,4.37,4.45,22204833.0,108327315.0,24222303083.2
2022-09-05,600415,4.43,4.44,4.39,4.41,19725309.0,95803189.0,24004574516.16
2022-09-06,600415,4.43,4.46,4.41,4.45,20868667.0,102106102.0,24222303083.2
2022-09-07,600415,4.45,4.46,4.38,4.39,18760290.0,90986783.0,23895710232.64
2022-09-08,600415,4.4,4.42,4.32,4.38,24384122.0,117211144.0,23841278090.88
2022-09-09,600415,4.38,4.43,4.37,4.42,21414369.0,103989759.0,24059006657.92
2022-09-13,600415,4.42,4.46,4.41,4.43,20844620.0,101952070.0,24113438799.68
2022-09-14,600415,4.38,4.47,4.36,4.39,19088400.0,92477261.0,23895710232.64
2022-09-15,600415,4.41,4.48,4.33,4.37,34547482.0,167690079.0,23786845949.12
2022-09-16,600415,4.35,4.36,4.16,4.16,37288000.0,173788077.0,22643770972.16
2022-09-19,600415,4.16,4.19,4.09,4.17,20405171.0,93097837.0,22698203113.92
2022-09-20,600415,4.18,4.27,4.18,4.26,18948532.0,88249584.0,23188092389.76
2022-09-21,600415,4.24,4.25,4.18,4.22,15181417.0,70421666.0,22970363822.719997
2022-09-22,600415,4.21,4.23,4.12,4.13,20670636.0,94778111.0,22480474546.88
2022-09-23,600415,4.14,4.18,4.04,4.1,23134049.0,104714043.0,22317178121.6
2022-09-26,600415,4.16,4.17,4.06,4.07,24974375.0,113444373.0,22153881696.32
2022-09-27,600415,4.04,4.19,4.03,4.19,24776352.0,112248970.0,22807067397.440002
2022-09-28,600415,4.18,4.18,4.08,4.09,19778434.0,89930788.0,22262745979.84
2022-09-29,600415,4.12,4.16,4.04,4.06,19889489.0,89783361.0,22099449554.559998
2022-09-30,600415,4.05,4.08,4.01,4.05,12620536.0,56303473.0,22045017412.8
2022-10-10,600415,4.04,4.08,3.98,3.99,18924437.0,83988922.0,21718424562.24
2022-10-11,600415,3.96,4.01,3.93,3.99,14908218.0,65223631.0,21718424562.24
2022-10-12,600415,3.99,4.08,3.93,4.07,19789076.0,87193649.0,22153881696.32
2022-10-13,600415,4.03,4.11,4.03,4.08,14643661.0,65664344.0,22208313838.08
2022-10-14,600415,4.11,4.15,4.08,4.12,22298722.0,101072085.0,22426042405.12
2022-10-17,600415,4.09,4.15,4.08,4.13,24200032.0,110021356.0,22480474546.88
2022-10-18,600415,4.15,4.17,4.08,4.1,20503198.0,93131298.0,22317178121.6
2022-10-19,600415,4.08,4.12,4.02,4.06,20599454.0,92318333.0,22099449554.559998
2022-10-20,600415,4.04,4.06,3.94,3.98,35688740.0,156729602.0,21663992420.48
2022-10-21,600415,4.01,4.03,3.94,3.96,26410855.0,115982391.0,21555128136.96
2022-10-24,600415,3.98,4.03,3.93,3.97,29361563.0,128703785.0,21609560278.72
2022-10-25,600415,3.93,3.97,3.86,3.9,26199495.0,112605791.0,21228535286.399998
2022-10-26,600415,3.88,3.95,3.88,3.91,29338663.0,126482566.0,21282967428.16
2022-10-27,600415,3.9,3.96,3.89,3.91,25181969.0,108847623.0,21282967428.16
2022-10-28,600415,3.89,3.91,3.75,3.79,28631753.0,120626230.0,20629781727.04
2022-10-31,600415,3.78,3.82,3.75,3.8,19339882.0,80583571.0,20684213868.8
2022-11-01,600415,3.79,3.89,3.79,3.89,28045893.0,119050855.0,21174103144.64
2022-11-02,600415,3.88,3.94,3.86,3.92,26881888.0,115598140.0,21337399569.92
2022-11-03,600415,3.89,3.95,3.87,3.94,21337671.0,91972566.0,21446263853.44
2022-11-04,600415,3.93,4.02,3.91,4.0,30057631.0,131873418.0,21772856704.0
2022-11-07,600415,3.98,4.04,3.98,4.03,21980720.0,97314466.0,21936153129.280003
2022-11-08,600415,4.01,4.03,3.96,4.0,30093314.0,132253587.0,21772856704.0
2022-11-09,600415,4.02,4.07,4.01,4.05,23089517.0,102960576.0,22045017412.8
2022-11-10,600415,4.05,4.07,3.98,4.01,36265675.0,160682506.0,21827288845.76
2022-11-11,600415,4.07,4.11,4.03,4.05,44700861.0,200202618.0,22045017412.8
2022-11-14,600415,3.97,4.06,3.95,3.99,34745513.0,153487762.0,21718424562.24
2022-11-15,600415,4.01,4.08,3.99,4.08,31344342.0,139718642.0,22208313838.08
2022-11-16,600415,4.08,4.08,4.04,4.06,20292991.0,90842589.0,22099449554.559998
2022-11-17,600415,4.06,4.08,4.03,4.08,20547710.0,91943207.0,22208313838.08
2022-11-18,600415,4.08,4.08,4.04,4.05,21962138.0,98275476.0,22045017412.8
2022-11-21,600415,4.02,4.05,3.97,4.0,22940352.0,100925729.0,21772856704.0
2022-11-22,600415,4.01,4.03,3.98,3.98,20285327.0,89475393.0,21663992420.48
2022-11-23,600415,3.99,4.01,3.95,3.97,22877746.0,100258087.0,21609560278.72
2022-11-24,600415,3.96,3.98,3.91,3.92,20191637.0,87679153.0,21337399569.92
2022-11-25,600415,3.94,4.02,3.93,4.01,30226111.0,132950106.0,21827288845.76
2022-11-28,600415,3.98,3.98,3.9,3.96,24259225.0,105218208.0,21555128136.96
2022-11-29,600415,3.99,4.1,3.97,4.09,45749744.0,204754939.0,22262745979.84
2022-11-30,600415,4.09,4.11,4.02,4.02,34936454.0,155976197.0,21881720987.519997
2022-12-01,600415,4.07,4.17,4.07,4.13,57926536.0,263553559.0,22480474546.88
2022-12-02,600415,4.12,4.13,4.06,4.08,33036479.0,148557579.0,22208313838.08
2022-12-05,600415,4.11,4.19,4.11,4.17,45510505.0,209078424.0,22698203113.92
2022-12-06,600415,4.18,4.58,4.15,4.58,207087734.0,1020464859.0,24929920926.08
2022-12-07,600415,5.05,5.05,4.86,5.05,323568881.0,1782541468.0,27488231588.8
2022-12-08,600415,5.23,5.54,5.19,5.32,525906570.0,3115034986.0,28957899416.32
2022-12-09,600415,5.41,5.59,5.13,5.17,420562414.0,2475804936.0,28141417289.92
2022-12-12,600415,5.18,5.25,4.98,5.07,297149479.0,1675955415.0,27597095872.32
2022-12-13,600415,5.03,5.19,4.86,4.89,299117703.0,1655571774.0,26617317320.64
2022-12-14,600415,4.93,4.98,4.75,4.94,210606403.0,1129779949.0,26889478029.440002
2022-12-15,600415,4.87,4.97,4.71,4.74,194181635.0,1026379694.0,25800835194.24
2022-12-16,600415,4.69,4.78,4.68,4.77,125416863.0,653652263.0,25964131619.519997
2022-12-19,600415,4.72,4.81,4.65,4.67,115331827.0,600321556.0,25419810201.92
2022-12-20,600415,4.67,4.74,4.61,4.69,84335165.0,435457248.0,25528674485.440002
2022-12-21,600415,4.66,4.85,4.64,4.77,156291881.0,817063068.0,25964131619.519997
2022-12-22,600415,4.76,4.9,4.68,4.75,147413968.0,778502456.0,25855267336.0
2022-12-23,600415,4.74,4.76,4.53,4.57,126324881.0,642683485.0,24875488784.32
2022-12-26,600415,4.61,4.7,4.5,4.65,76824025.0,391886866.0,25310945918.4
2022-12-27,600415,4.67,4.72,4.58,4.7,90824054.0,467120974.0,25583106627.2
2022-12-28,600415,4.67,4.8,4.62,4.69,88939685.0,462653409.0,25528674485.440002
2022-12-29,600415,4.67,4.8,4.62,4.77,111817600.0,581859309.0,25964131619.519997
2022-12-30,600415,4.79,4.84,4.71,4.76,100464859.0,527313184.0,25909699477.76
2023-01-03,600415,4.68,4.75,4.6,4.68,107357590.0,550122182.0,25474242343.68
2023-01-04,600415,4.64,4.79,4.63,4.76,97186987.0,506853135.0,25909699477.76
2023-01-05,600415,4.73,4.81,4.67,4.74,88519028.0,463137423.0,25800835194.24
2023-01-06,600415,4.72,4.74,4.61,4.64,80705444.0,414142045.0,25256513776.64
2023-01-09,600415,4.67,4.71,4.59,4.62,60276632.0,308178372.0,25147649493.12
2023-01-10,600415,4.62,4.66,4.54,4.57,62681976.0,316757095.0,24875488784.32
2023-01-11,600415,4.56,4.6,4.47,4.48,62672710.0,311608376.0,24385599508.480003
2023-01-12,600415,4.51,4.56,4.49,4.51,33472313.0,166708546.0,24548895933.76
2023-01-13,600415,4.54,4.56,4.47,4.53,36061276.0,179292507.0,24657760217.280003
2023-01-16,600415,4.53,4.6,4.51,4.57,38486692.0,193606599.0,24935692136.32
2023-01-17,600415,4.57,4.57,4.51,4.53,26298600.0,131323326.0,24717436625.280003
2023-01-18,600415,4.54,4.56,4.5,4.5,23486928.0,117119155.0,24553744992.0
2023-01-19,600415,4.52,4.56,4.45,4.55,32183858.0,159992539.0,24826564380.8
2023-01-20,600415,4.55,4.59,4.54,4.58,33813816.0,170301493.0,24990256014.08
2023-01-30,600415,4.67,4.67,4.57,4.57,47850933.0,243172944.0,24935692136.32
2023-01-31,600415,4.66,4.67,4.6,4.63,57333736.0,292629859.0,25263075402.88
2023-02-01,600415,4.63,4.69,4.6,4.68,62559692.0,320326302.0,25535894791.68
2023-02-02,600415,4.68,4.76,4.67,4.74,70193714.0,364751252.0,25863278058.24
2023-02-03,600415,4.74,4.74,4.59,4.63,70959461.0,362765929.0,25263075402.88
2023-02-06,600415,4.59,4.59,4.55,4.55,38585488.0,193918480.0,24826564380.8
2023-02-07,600415,4.56,4.58,4.52,4.56,40586942.0,203072823.0,24881128258.559998
2023-02-08,600415,4.55,4.56,4.48,4.48,36858177.0,182987631.0,24444617236.480003
2023-02-09,600415,4.48,4.51,4.45,4.5,26168867.0,129449735.0,24553744992.0
2023-02-10,600415,4.5,4.54,4.48,4.51,25714672.0,127682676.0,24608308869.76
2023-02-13,600415,4.51,4.61,4.5,4.59,51989613.0,261888317.0,25044819891.84
2023-02-14,600415,4.59,4.63,4.56,4.57,32495398.0,164015070.0,24935692136.32
2023-02-15,600415,4.58,4.58,4.52,4.54,31195847.0,156025383.0,24772000503.04
2023-02-16,600415,4.54,4.6,4.43,4.48,54290157.0,271566823.0,24444617236.480003
2023-02-17,600415,4.48,4.51,4.43,4.44,32903416.0,161798938.0,24226361725.440002
2023-02-20,600415,4.45,4.88,4.43,4.88,143786774.0,748506342.0,26627172346.88
2023-02-21,600415,4.89,4.95,4.74,4.87,204058805.0,1086391152.0,26572608469.12
2023-02-22,600415,4.79,5.02,4.77,4.88,157321770.0,851099608.0,26627172346.88
2023-02-23,600415,4.97,5.0,4.8,4.83,102687108.0,551172923.0,26354352958.08
2023-02-24,600415,4.87,4.88,4.77,4.8,58937310.0,312634683.0,26190661324.8
2023-02-27,600415,4.75,4.85,4.75,4.76,47902139.0,252604608.0,25972405813.76
2023-02-28,600415,4.77,4.82,4.74,4.81,60305989.0,318106348.0,26245225202.559998
2023-03-01,600415,4.81,4.87,4.79,4.82,74796372.0,397482307.0,26299789080.32
2023-03-02,600415,4.82,4.86,4.8,4.81,41916734.0,222557099.0,26245225202.559998
2023-03-03,600415,4.82,4.97,4.79,4.86,107338686.0,576916312.0,26518044591.36
2023-03-06,600415,4.84,4.86,4.77,4.82,55729629.0,295505174.0,26299789080.32
2023-03-07,600415,4.81,4.83,4.69,4.69,56570970.0,296020481.0,25590458669.440002
2023-03-08,600415,4.67,4.71,4.65,4.69,27074699.0,139554032.0,25590458669.440002
2023-03-09,600415,4.68,4.69,4.59,4.6,45660205.0,232718181.0,25099383769.6
2023-03-10,600415,4.57,4.59,4.52,4.52,33475478.0,167564633.0,24662872747.519997
2023-03-13,600415,4.6,4.71,4.57,4.7,64045103.0,327493857.0,25645022547.2
2023-03-14,600415,4.65,4.76,4.62,4.64,49879382.0,257253999.0,25317639280.64
2023-03-15,600415,4.67,4.68,4.63,4.64,29158000.0,149273817.0,25317639280.64
2023-03-16,600415,4.62,4.72,4.58,4.67,44988122.0,231335291.0,25481330913.92
2023-03-17,600415,4.68,4.75,4.67,4.7,47005963.0,243887194.0,25645022547.2
2023-03-20,600415,4.76,4.84,4.69,4.73,60522847.0,317926859.0,25808714180.480003
2023-03-21,600415,4.7,4.97,4.69,4.89,91827621.0,490171360.0,26681736224.64
2023-03-22,600415,4.87,4.99,4.85,4.97,104280267.0,567088039.0,27118247246.719997
2023-03-23,600415,4.95,4.95,4.86,4.89,69817456.0,375963174.0,26681736224.64
2023-03-24,600415,4.89,4.91,4.8,4.88,48499071.0,259113936.0,26627172346.88
2023-03-27,600415,4.89,5.04,4.87,5.01,93522210.0,512327794.0,27336502757.76
2023-03-28,600415,5.0,5.4,4.97,5.25,193213789.0,1103934070.0,28646035824.0
2023-03-29,600415,5.29,5.36,5.1,5.12,108899076.0,620473325.0,27936705413.12
2023-03-30,600415,5.12,5.13,5.02,5.08,70964046.0,396683423.0,27718449902.08
2023-03-31,600415,5.13,5.33,5.07,5.25,111443828.0,639950448.0,28646035824.0
2023-04-03,600415,5.25,5.36,5.19,5.27,95806589.0,555970781.0,28755163579.519997
2023-04-04,600415,5.28,5.67,5.23,5.53,167252292.0,1006489496.0,30173824401.280003
2023-04-06,600415,5.47,5.58,5.45,5.56,81441478.0,494179583.0,30337516034.559998
2023-04-07,600415,5.55,5.58,5.34,5.37,96758407.0,577699203.0,29300802357.12
2023-04-10,600415,5.34,5.46,5.32,5.39,66602674.0,396597713.0,29409930112.64
2023-04-11,600415,5.39,5.85,5.38,5.77,172269064.0,1069526058.0,31483357467.519997
2023-04-12,600415,6.04,6.35,5.9,6.35,325499442.0,2229123896.0,34648062377.6
2023-04-13,600415,6.35,6.99,6.26,6.99,451132152.0,3301645134.0,38140150554.24
2023-04-14,600415,6.99,7.23,6.63,6.8,351521720.0,2650571763.0,37103436876.799995
2023-04-17,600415,6.82,7.43,6.77,7.23,396198450.0,3117104431.0,39449683620.48
2023-04-18,600415,7.22,7.4,6.93,7.14,261264090.0,2056282645.0,38958608720.64
2023-04-19,600415,7.08,7.49,6.84,6.91,385093078.0,3032140273.0,37703639532.16
2023-04-20,600415,6.99,7.01,6.7,6.85,300592691.0,2257882422.0,37376256265.6
2023-04-21,600415,6.86,7.04,6.68,6.72,209690121.0,1579875318.0,36666925854.72
2023-04-24,600415,6.86,7.33,6.75,7.19,362776159.0,2818458190.0,39231428109.44
2023-04-25,600415,7.29,7.37,6.97,7.35,339507578.0,2682428770.0,40104450153.6
2023-04-26,600415,7.35,8.05,7.27,7.98,391565859.0,3358859599.0,43541974452.48
2023-04-27,600415,7.76,8.51,7.7,7.99,405799932.0,3644603105.0,43596538330.24
2023-04-28,600415,7.99,8.79,7.76,8.79,389669800.0,3559216322.0,47961648551.03999
2023-05-04,600415,9.17,9.67,8.94,9.05,620814168.0,6356047977.0,49380309372.8
2023-05-05,600415,9.12,9.88,9.04,9.62,531421659.0,5531471945.0,52490450405.119995
2023-05-08,600415,9.44,9.44,8.95,9.06,431058961.0,4325750863.0,49434873250.560005
2023-05-09,600415,8.88,9.59,8.81,9.02,401531494.0,4094483747.0,49216617739.52
2023-05-10,600415,9.0,9.53,8.71,9.44,392126512.0,3972457810.0,51508300605.439995
2023-05-11,600415,9.47,9.6,8.5,8.5,485875289.0,4764957163.0,46379296096.0
2023-05-12,600415,8.18,8.8,8.06,8.4,315136383.0,2924328658.0,45833657318.4
2023-05-15,600415,8.38,8.49,7.73,8.12,328300010.0,2907400226.0,44305868741.119995
2023-05-16,600415,8.12,8.14,7.68,7.73,216702744.0,1871548783.0,42177877508.48
2023-05-17,600415,7.72,7.86,7.6,7.72,167000820.0,1420358220.0,42123313630.72
2023-05-18,600415,7.71,8.02,7.65,7.87,217391934.0,1882136729.0,42941771797.12
2023-05-19,600415,7.76,7.85,7.52,7.63,168965565.0,1420388144.0,41632238730.88
2023-05-22,600415,7.76,7.89,7.45,7.48,162932125.0,1365278356.0,40813780564.48
2023-05-23,600415,7.59,7.59,7.21,7.22,158853694.0,1283876912.0,39395119742.72
2023-05-24,600415,7.22,7.3,7.02,7.18,136264028.0,1067436032.0,39176864231.68
2023-05-25,600415,7.17,7.36,7.14,7.33,150273735.0,1195881555.0,39995322398.08
2023-05-26,600415,7.3,7.53,7.15,7.42,150556682.0,1212906136.0,40486397297.92
2023-05-29,600415,7.48,7.49,7.27,7.36,126375101.0,1015682055.0,40159014031.36
2023-05-30,600415,7.32,7.54,7.22,7.49,160577834.0,1303225418.0,40868344442.24
2023-05-31,600415,7.5,7.71,7.43,7.53,191889217.0,1585000035.0,41086599953.28
2023-06-01,600415,7.48,7.91,7.42,7.6,220403115.0,1852752934.0,41468547097.6
2023-06-02,600415,7.58,7.83,7.54,7.63,174508475.0,1460773318.0,41632238730.88
2023-06-05,600415,7.7,8.39,7.7,8.39,373540533.0,3354279208.0,45779093440.64
2023-06-06,600415,8.3,8.79,8.06,8.48,353819241.0,3243819668.0,46270168340.48
2023-06-07,600415,8.39,9.31,8.26,8.99,343432463.0,3306183854.0,49052926106.24
2023-06-08,600415,8.83,9.27,8.73,8.81,253002315.0,2474598632.0,48070776306.560005
2023-06-09,600415,8.79,9.04,8.7,8.87,185793788.0,1802461271.0,48398159573.119995
2023-06-12,600415,8.79,9.1,8.61,8.78,176305620.0,1699445009.0,47907084673.28
2023-06-13,600415,8.76,8.84,8.51,8.64,184732869.0,1747320341.0,47143190384.64
2023-06-14,600415,8.67,9.5,8.55,9.5,340513053.0,3369710560.0,51835683872.0
2023-06-15,600415,9.45,9.58,9.21,9.38,242900275.0,2491319212.0,51180917338.880005
2023-06-16,600415,9.32,9.77,9.22,9.44,220896042.0,2296270967.0,51508300605.439995
2023-06-19,600415,9.29,9.31,8.5,8.5,323754719.0,3076210652.0,46379296096.0
2023-06-20,600415,8.33,8.47,8.02,8.04,302077458.0,2703660821.0,43869357719.03999
2023-06-21,600415,8.02,8.15,7.81,7.84,155108604.0,1350056185.0,42778080163.84
2023-06-26,600415,7.71,7.95,7.6,7.74,148627751.0,1260003700.0,42232441386.24
2023-06-27,600415,7.8,8.04,7.69,7.95,151396630.0,1305075314.0,43378282819.200005
2023-06-28,600415,7.87,7.94,7.66,7.9,103167271.0,879818615.0,43105463430.4
2023-06-29,600415,7.87,8.13,7.85,8.0,128969467.0,1125704107.0,43651102208.0
2023-06-30,600415,8.0,8.03,7.76,7.81,103029932.0,884488347.0,42614388530.56
2023-07-03,600415,7.73,7.74,7.37,7.66,133732493.0,1108033354.0,41795930364.16
2023-07-04,600415,7.63,7.77,7.61,7.69,74867399.0,628634192.0,41959621997.44
2023-07-05,600415,7.74,8.06,7.73,7.9,172843247.0,1499898996.0,43105463430.4
2023-07-06,600415,7.82,7.95,7.61,7.8,88150054.0,750728443.0,42559824652.799995
2023-07-07,600415,7.72,7.79,7.53,7.68,82177543.0,687913115.0,41905058119.68
2023-07-10,600415,7.69,7.77,7.6,7.65,55722839.0,466741895.0,41741366486.4
2023-07-11,600415,7.83,7.92,7.49,7.86,114729648.0,969948032.0,42887207919.36
2023-07-12,600415,7.85,7.93,7.29,7.37,138617816.0,1151333718.0,40213577909.12
2023-07-13,600415,7.37,7.71,7.37,7.65,111992850.0,926912770.0,41741366486.4
2023-07-14,600415,7.65,7.87,7.62,7.75,83045589.0,704853333.0,42287005264.0
2023-07-17,600415,7.76,7.78,7.55,7.69,47591641.0,398193980.0,41959621997.44
2023-07-18,600415,7.71,7.87,7.66,7.74,75572988.0,643447383.0,42232441386.24
2023-07-19,600415,7.75,8.01,7.72,7.84,92614318.0,794760761.0,42778080163.84
2023-07-20,600415,7.88,8.47,7.78,8.27,227153454.0,2017259544.0,45124326907.52
2023-07-21,600415,8.15,8.2,7.81,7.82,152576690.0,1331280233.0,42668952408.32
2023-07-24,600415,7.69,7.73,7.46,7.48,119303672.0,985749971.0,40813780564.48
2023-07-25,600415,7.59,7.83,7.57,7.61,126146256.0,1061347758.0,41523110975.36
2023-07-26,600415,7.59,7.61,7.37,7.43,101249351.0,824102243.0,40540961175.68
2023-07-27,600415,7.35,7.49,7.33,7.39,49555991.0,401425830.0,40322705664.64
2023-07-28,600415,7.35,7.58,7.35,7.55,74402927.0,608174199.0,41195727708.799995
2023-07-31,600415,7.58,7.82,7.52,7.79,101960495.0,860811967.0,42505260775.04
2023-08-01,600415,7.83,7.83,7.61,7.66,71271811.0,598404796.0,41795930364.16
2023-08-02,600415,7.6,7.69,7.5,7.55,58756234.0,485922096.0,41195727708.799995
2023-08-03,600415,7.51,7.59,7.48,7.53,40837953.0,335787453.0,41086599953.28
2023-08-04,600415,7.5,7.83,7.49,7.73,101611262.0,856016571.0,42177877508.48
2023-08-07,600415,7.72,7.83,7.59,7.72,66440987.0,558558583.0,42123313630.72
2023-08-08,600415,7.72,7.91,7.69,7.72,76069974.0,648415595.0,42123313630.72
2023-08-09,600415,7.69,7.74,7.6,7.63,47838225.0,399945331.0,41632238730.88
2023-08-10,600415,7.63,7.68,7.52,7.58,40174393.0,333248276.0,41359419342.08
2023-08-11,600415,7.56,7.66,7.42,7.45,45386870.0,372962058.0,40650088931.200005
2023-08-14,600415,7.33,7.63,7.29,7.62,58772890.0,480561107.0,41577674853.12
2023-08-15,600415,7.61,7.92,7.61,7.77,112240533.0,955571540.0,42396133019.52
2023-08-16,600415,7.69,7.73,7.47,7.5,68931181.0,568548933.0,40922908320.0
2023-08-17,600415,7.44,7.72,7.44,7.72,72179384.0,600590693.0,42123313630.72
2023-08-18,600415,7.74,8.19,7.73,7.97,191983313.0,1684655582.0,43487410574.72
2023-08-21,600415,7.92,8.03,7.69,7.69,108724359.0,928905038.0,41959621997.44
2023-08-22,600415,7.69,8.0,7.58,7.96,121189990.0,1034242849.0,43432846696.96
2023-08-23,600415,7.93,8.08,7.83,7.83,85690775.0,744227055.0,42723516286.08
2023-08-24,600415,7.78,7.89,7.52,7.59,111817830.0,936541021.0,41413983219.84
2023-08-25,600415,7.54,7.71,7.41,7.5,63886188.0,526155581.0,40922908320.0
2023-08-28,600415,7.96,7.96,7.48,7.56,91798323.0,773595333.0,41250291586.56
2023-08-29,600415,7.51,7.86,7.45,7.84,102976983.0,870388620.0,42778080163.84
2023-08-30,600415,7.83,7.87,7.64,7.73,70465068.0,596000245.0,42177877508.48
2023-08-31,600415,7.71,7.71,7.49,7.52,66121425.0,545877816.0,41032036075.52
2023-09-01,600415,7.69,8.12,7.65,7.84,158172423.0,1364530684.0,42778080163.84
2023-09-04,600415,7.78,8.15,7.71,8.12,156683876.0,1369720243.0,44305868741.119995
2023-09-05,600415,8.13,8.53,8.06,8.22,186580099.0,1692710876.0,44851507518.72
2023-09-06,600415,8.24,8.42,8.04,8.17,131489812.0,1178843415.0,44578688129.92
2023-09-07,600415,8.08,8.44,7.95,8.24,140555141.0,1270787801.0,44960635274.24
2023-09-08,600415,8.15,8.28,7.97,8.08,84046788.0,746003745.0,44087613230.08
2023-09-11,600415,8.05,8.89,8.02,8.89,221443582.0,2096102384.0,48507287328.64
2023-09-12,600415,8.91,9.03,8.78,8.97,195886279.0,1904980120.0,48943798350.72
2023-09-13,600415,8.89,9.01,8.72,8.92,136884394.0,1323766964.0,48670978961.92
2023-09-14,600415,8.94,8.94,8.36,8.39,163228855.0,1525142167.0,45779093440.64
2023-09-15,600415,8.45,8.65,8.37,8.47,97404901.0,905737829.0,46215604462.72
2023-09-18,600415,8.49,9.23,8.49,9.04,180724675.0,1750174435.0,49325745495.03999
2023-09-19,600415,8.97,9.2,8.71,8.87,173778759.0,1702545798.0,48398159573.119995
2023-09-20,600415,8.97,9.08,8.51,8.57,169479914.0,1623832848.0,46761243240.32
2023-09-21,600415,8.41,8.42,7.87,7.91,167571367.0,1475698387.0,43160027308.16
2023-09-22,600415,7.93,8.15,7.87,7.96,109142904.0,953128640.0,43432846696.96
2023-09-25,600415,7.92,8.15,7.78,7.84,103663333.0,899861083.0,42778080163.84
2023-09-26,600415,7.84,7.93,7.74,7.87,64319212.0,550124821.0,42941771797.12
2023-09-27,600415,7.92,8.3,7.82,8.25,136454036.0,1209268859.0,45015199152.0
2023-09-28,600415,8.25,8.33,8.1,8.27,82906165.0,745685671.0,45124326907.52
2023-10-09,600415,8.32,8.46,8.19,8.25,73224547.0,664226038.0,45015199152.0
2023-10-10,600415,8.26,8.29,7.84,7.94,104400824.0,913549396.0,43323718941.44
2023-10-11,600415,7.89,8.01,7.88,7.93,52172648.0,452104444.0,43269155063.68
2023-10-12,600415,7.94,7.99,7.85,7.88,45279588.0,390739419.0,42996335674.88
2023-10-13,600415,7.85,7.86,7.49,7.58,98092550.0,814317237.0,41359419342.08
2023-10-16,600415,7.55,7.79,7.5,7.68,76884393.0,643433674.0,41905058119.68
2023-10-17,600415,7.71,8.01,7.62,7.95,96617245.0,827268364.0,43378282819.200005
2023-10-18,600415,7.83,8.04,7.68,7.72,71241864.0,607779589.0,42123313630.72
2023-10-19,600415,7.6,7.61,7.35,7.38,85435028.0,697018684.0,40268141786.88
2023-10-20,600415,7.32,7.49,7.29,7.39,44198161.0,357024936.0,40322705664.64
2023-10-23,600415,7.43,7.44,6.97,7.06,72308924.0,563995605.0,38522097698.56
2023-10-24,600415,7.06,7.21,7.02,7.07,48164461.0,374279394.0,38576661576.32
2023-10-25,600415,7.14,7.41,7.12,7.29,75333460.0,599329912.0,39777066887.04
2023-10-26,600415,7.26,7.29,7.05,7.14,49038488.0,382682762.0,38958608720.64
2023-10-27,600415,7.1,7.19,7.06,7.17,40570012.0,316092990.0,39122300353.92
2023-10-30,600415,7.13,7.26,7.08,7.23,40185954.0,316427787.0,39449683620.48
2023-10-31,600415,7.23,7.26,7.03,7.12,47645702.0,370045371.0,38849480965.12
2023-11-01,600415,7.14,7.2,7.05,7.07,34625667.0,268020692.0,38576661576.32
2023-11-02,600415,7.05,7.06,6.8,6.89,57302377.0,432578460.0,37594511776.64
2023-11-03,600415,6.91,6.94,6.83,6.86,49385474.0,370816482.0,37430820143.36
2023-11-06,600415,6.89,7.06,6.89,7.06,61785168.0,472849302.0,38527234907.56
2023-11-07,600415,7.13,7.27,7.03,7.17,74065209.0,578623415.0,39127517604.42
2023-11-08,600415,7.14,7.29,7.1,7.22,66454938.0,524056345.0,39400373375.72
2023-11-09,600415,7.21,7.21,7.03,7.07,52366835.0,406491753.0,38581806061.82
2023-11-10,600415,7.07,7.12,6.92,7.06,44534581.0,341262983.0,38527234907.56
2023-11-13,600415,7.07,7.31,7.07,7.28,65370586.0,515861566.0,39727800301.28
2023-11-14,600415,7.31,7.31,7.16,7.21,39772400.0,313149197.0,39345802221.46
2023-11-15,600415,7.3,7.61,7.29,7.54,117162628.0,957738439.0,41146650312.04
2023-11-16,600415,7.5,7.5,7.32,7.39,63807978.0,515115394.0,40328082998.14
2023-11-17,600415,7.36,7.46,7.29,7.35,42315402.0,339490355.0,40109798381.1
2023-11-20,600415,7.37,7.41,7.25,7.37,37661312.0,301242951.0,40218940689.62
2023-11-21,600415,7.4,7.47,7.31,7.33,47966629.0,386779404.0,40000656072.58
2023-11-22,600415,7.28,7.38,7.21,7.21,34999312.0,278267109.0,39345802221.46
2023-11-23,600415,7.19,7.28,7.12,7.24,27318110.0,215035785.0,39509515684.24
2023-11-24,600415,7.2,7.29,7.12,7.14,35444059.0,278580352.0,38963804141.64
2023-11-27,600415,7.15,7.2,7.07,7.13,28090800.0,219208255.0,38909232987.38
2023-11-28,600415,7.17,7.25,7.07,7.19,34196956.0,268441670.0,39236659912.94
2023-11-29,600415,7.18,7.23,7.08,7.11,23979688.0,187002100.0,38800090678.86
2023-11-30,600415,7.09,7.37,7.09,7.28,67364367.0,535008594.0,39727800301.28
2023-12-01,600415,7.29,7.35,7.21,7.32,47928649.0,381728647.0,39946084918.32
2023-12-04,600415,7.33,7.48,7.32,7.34,62599468.0,505532965.0,40055227226.84
2023-12-05,600415,7.29,7.3,7.11,7.12,41993399.0,329667092.0,38854661833.12
2023-12-06,600415,7.11,7.16,7.05,7.12,29652570.0,229836921.0,38854661833.12
2023-12-07,600415,7.07,7.17,7.02,7.11,26165925.0,202667885.0,38800090678.86
2023-12-08,600415,7.08,7.24,7.07,7.08,32029406.0,249727018.0,38636377216.08
2023-12-11,600415,7.07,7.39,6.99,7.39,69390421.0,550051944.0,40328082998.14
2023-12-12,600415,7.41,7.42,7.25,7.33,46556272.0,371970404.0,40000656072.58
2023-12-13,600415,7.32,7.34,7.24,7.24,22623780.0,180183468.0,39509515684.24
2023-12-14,600415,7.24,7.36,7.2,7.22,29620044.0,235493015.0,39400373375.72
2023-12-15,600415,7.21,7.27,7.11,7.18,33190309.0,260449361.0,39182088758.68
2023-12-18,600415,7.15,7.15,7.02,7.05,29113439.0,224846744.0,38472663753.299995
2023-12-19,600415,7.03,7.07,6.85,6.93,43476899.0,330086676.0,37817809902.18
2023-12-20,600415,6.93,6.96,6.7,6.72,38539800.0,286117870.0,36671815662.72
2023-12-21,600415,6.66,6.72,6.27,6.49,67199898.0,477087388.0,35416679114.74
2023-12-22,600415,6.45,6.51,6.39,6.41,35187776.0,247328903.0,34980109880.66
2023-12-25,600415,6.39,6.48,6.35,6.44,19888398.0,139472558.0,35143823343.44
2023-12-26,600415,6.45,6.53,6.38,6.42,18203988.0,128131535.0,35034681034.92
2023-12-27,600415,6.41,6.43,6.34,6.38,24035164.0,167540301.0,34816396417.88
2023-12-28,600415,6.37,6.71,6.27,6.62,55879364.0,398478436.0,36126104120.12
2023-12-29,600415,6.66,6.73,6.59,6.7,35660603.0,259282309.0,36562673354.200005
2024-01-02,600415,6.71,6.75,6.62,6.65,25436294.0,185570946.0,36289817582.9
2024-01-03,600415,6.64,6.69,6.57,6.64,18064582.0,130790929.0,36235246428.64
2024-01-04,600415,6.64,6.64,6.54,6.6,16808982.0,120903906.0,36016961811.6
2024-01-05,600415,6.56,6.64,6.46,6.5,18465992.0,132181703.0,35471250269.0
2024-01-08,600415,6.5,6.51,6.34,6.36,21778992.0,152702407.0,34707254109.36
2024-01-09,600415,6.31,6.5,6.31,6.4,20417729.0,143082714.0,34925538726.4
2024-01-10,600415,6.79,6.82,6.53,6.59,64054125.0,462947824.0,35962390657.34
2024-01-11,600415,6.56,6.75,6.53,6.71,52338075.0,381755983.0,36617244508.46
2024-01-12,600415,6.7,6.75,6.6,6.61,30438543.0,221999833.0,36071532965.86
2024-01-15,600415,6.54,6.75,6.51,6.67,32709272.0,239012667.0,36481765273.42
2024-01-16,600415,6.66,6.68,6.58,6.68,23248386.0,168655157.0,36536460573.68
2024-01-17,600415,6.65,6.69,6.53,6.54,22775684.0,164665303.0,35770726370.04
2024-01-18,600415,6.5,6.53,6.21,6.46,49164205.0,340789081.0,35333163967.96
2024-01-19,600415,6.42,6.71,6.39,6.67,55743632.0,400404780.0,36481765273.42
2024-01-22,600415,6.64,6.64,6.41,6.49,34918681.0,249103738.0,35497249868.74
2024-01-23,600415,6.46,6.54,6.35,6.49,27161824.0,192162199.0,35497249868.74
2024-01-24,600415,6.55,6.64,6.4,6.62,41571584.0,297212214.0,36208288772.12
2024-01-25,600415,6.64,7.18,6.58,7.03,81242562.0,611875350.0,38450796082.78
2024-01-26,600415,6.95,6.97,6.76,6.79,51392021.0,384968082.0,37138108876.54
2024-01-29,600415,6.82,6.99,6.79,6.82,40604388.0,304794552.0,37302194777.32
2024-01-30,600415,6.75,6.91,6.66,6.77,30778434.0,228385066.0,37028718276.02
2024-01-31,600415,6.73,6.9,6.63,6.81,45054453.0,333068371.0,37247499477.06
2024-02-01,600415,6.73,7.03,6.68,6.98,57005225.0,431121001.0,38177319581.48
2024-02-02,600415,6.99,7.14,6.41,6.75,66233056.0,494293648.0,36919327675.5
2024-02-05,600415,6.57,6.72,6.3,6.64,53406848.0,380045177.0,36317679372.64
2024-02-06,600415,6.5,7.12,6.44,7.01,62004983.0,465127912.0,38341405482.26
2024-02-07,600415,7.0,7.41,6.96,7.39,98518373.0,783646526.0,40419826892.14
2024-02-08,600415,7.51,7.74,7.29,7.34,106441876.0,878189517.0,40146350390.84
2024-02-19,600415,7.44,7.44,7.14,7.25,74798944.0,594343011.0,39654092688.5
2024-02-20,600415,7.18,7.33,7.16,7.3,46734499.0,370551855.0,39927569189.799995
2024-02-21,600415,7.29,7.61,7.22,7.28,81028575.0,654577159.0,39818178589.28
2024-02-22,600415,7.25,7.31,7.19,7.27,52470108.0,415166648.0,39763483289.02
2024-02-23,600415,7.31,7.45,7.23,7.34,59488531.0,476415362.0,40146350390.84
2024-02-26,600415,7.36,7.37,7.17,7.22,56264281.0,445227927.0,39490006787.72
2024-02-27,600415,7.21,7.37,7.17,7.37,56942640.0,454200705.0,40310436291.62
2024-02-28,600415,7.39,7.6,7.25,7.25,79344407.0,644241984.0,39654092688.5
2024-02-29,600415,7.2,7.52,7.19,7.52,73011240.0,593526320.0,41130865795.52
2024-03-01,600415,7.5,7.92,7.49,7.83,107268079.0,911533500.0,42826420103.58
2024-03-04,600415,7.75,7.99,7.73,7.86,75562029.0,648656300.0,42990506004.36
2024-03-05,600415,7.85,7.92,7.78,7.82,48823688.0,418054122.0,42771724803.32
2024-03-06,600415,7.78,8.09,7.64,7.95,85857316.0,736892208.0,43482763706.700005
2024-03-07,600415,7.94,8.04,7.75,7.77,49183795.0,423342183.0,42498248302.02
2024-03-08,600415,7.82,7.95,7.81,7.91,45175854.0,389532681.0,43263982505.66
2024-03-11,600415,7.9,8.39,7.85,8.26,95690940.0,861606922.0,45178318014.76
2024-03-12,600415,8.17,8.25,8.07,8.15,50275567.0,447768215.0,44576669711.9
2024-03-13,600415,8.09,8.26,8.04,8.15,47775122.0,426335200.0,44576669711.9
2024-03-14,600415,8.1,8.26,8.08,8.11,46434150.0,413603318.0,44357888510.86
2024-03-15,600415,8.08,8.29,8.08,8.22,51968010.0,465245768.0,44959536813.72
2024-03-18,600415,8.27,8.58,8.26,8.44,67957084.0,625281333.0,46162833419.439995
2024-03-19,600415,8.39,8.43,8.25,8.26,49819085.0,450994496.0,45178318014.76
2024-03-20,600415,8.23,8.32,8.17,8.27,30507900.0,275430279.0,45233013315.02
2024-03-21,600415,8.27,8.38,8.15,8.3,41619308.0,376593773.0,45397099215.8
2024-03-22,600415,8.28,8.41,8.22,8.37,51470045.0,467678951.0,45779966317.619995
2024-03-25,600415,8.37,8.38,8.04,8.04,56873373.0,508692561.0,43975021409.03999
2024-03-26,600415,8.1,8.21,8.01,8.05,40801585.0,360879647.0,44029716709.3
2024-03-27,600415,8.07,8.11,7.85,7.9,40999579.0,356107991.0,43209287205.4
2024-03-28,600415,7.9,8.13,7.88,8.03,32175383.0,282169344.0,43920326108.78
2024-03-29,600415,8.0,8.05,7.83,7.9,39267094.0,338636683.0,43209287205.4
2024-04-01,600415,7.93,8.14,7.93,8.05,36690208.0,323331660.0,44029716709.3
2024-04-02,600415,7.92,8.04,7.7,8.02,52012816.0,447866272.0,43865630808.52
2024-04-03,600415,7.96,8.14,7.93,8.04,34910152.0,307311991.0,43975021409.03999
2024-04-08,600415,7.98,8.04,7.84,7.87,36681424.0,317774627.0,43045201304.62
2024-04-09,600415,7.82,8.01,7.81,7.95,26392697.0,228786613.0,43482763706.700005
2024-04-10,600415,7.96,8.04,7.79,7.84,28202470.0,242837178.0,42881115403.84
2024-04-11,600415,7.83,7.98,7.76,7.89,28217517.0,243369961.0,43154591905.14
2024-04-12,600415,7.89,8.0,7.87,7.9,27822557.0,240996283.0,43209287205.4
2024-04-15,600415,7.92,8.11,7.77,8.02,46158161.0,402044945.0,43865630808.52
2024-04-16,600415,8.04,8.06,7.64,7.7,58311109.0,498668172.0,42115381200.200005
2024-04-17,600415,7.64,7.82,7.55,7.74,69500653.0,584959125.0,42334162401.24
2024-04-18,600415,7.73,7.93,7.61,7.86,70653328.0,604731970.0,42990506004.36
2024-04-19,600415,7.87,7.94,7.72,7.76,36477041.0,311971745.0,42443553001.76
2024-04-22,600415,7.78,7.81,7.57,7.6,37827642.0,315605181.0,41568428197.6
2024-04-23,600415,7.63,7.65,7.42,7.5,33848600.0,277868341.0,41021475195.0
2024-04-24,600415,7.5,7.58,7.46,7.51,28962220.0,237433768.0,41076170495.26
2024-04-25,600415,7.47,7.54,7.36,7.5,28546400.0,233004095.0,41021475195.0
2024-04-26,600415,7.47,7.75,7.47,7.71,39012807.0,325787157.0,42170076500.46
2024-04-29,600415,7.72,8.12,7.7,8.01,53434361.0,464411302.0,43810935508.26
2024-04-30,600415,8.03,8.06,7.9,8.01,29356079.0,255925417.0,43810935508.26
2024-05-06,600415,8.13,8.15,7.96,8.02,43654534.0,382818995.0,43865630808.52
2024-05-07,600415,8.02,8.17,7.99,8.03,32180796.0,283547389.0,43920326108.78
2024-05-08,600415,7.99,8.01,7.71,7.72,38411754.0,328307654.0,42224771800.72
2024-05-09,600415,7.71,7.98,7.71,7.94,33685842.0,290601249.0,43428068406.44
2024-05-10,600415,7.99,8.05,7.93,7.96,27947495.0,243887730.0,43537459006.96
2024-05-13,600415,7.92,7.93,7.75,7.8,28463220.0,243188673.0,42662334202.799995
2024-05-14,600415,7.75,7.84,7.68,7.76,22926079.0,193958444.0,42443553001.76
2024-05-15,600415,7.73,7.77,7.68,7.69,18119431.0,152696879.0,42060685899.94
2024-05-16,600415,7.68,7.72,7.59,7.61,24404211.0,204108602.0,41623123497.86
2024-05-17,600415,7.61,7.77,7.6,7.73,29959770.0,251730839.0,42279467100.98
2024-05-20,600415,7.72,7.76,7.57,7.61,33029780.0,275967300.0,41623123497.86
2024-05-21,600415,7.61,7.62,7.49,7.54,22199536.0,182699960.0,41240256396.04
2024-05-22,600415,7.54,7.58,7.48,7.53,17708800.0,145640785.0,41185561095.78
2024-05-23,600415,7.5,7.52,7.34,7.37,26337094.0,212802054.0,40310436291.62
2024-05-24,600415,7.38,7.46,7.29,7.32,23206000.0,187149679.0,40036959790.32
2024-05-27,600415,7.48,7.53,7.32,7.45,41903883.0,339479886.0,40747998693.700005
2024-05-28,600415,7.39,7.39,7.12,7.21,56746891.0,446487271.0,39435311487.46
2024-05-29,600415,7.2,7.26,7.16,7.2,27118000.0,213294216.0,39380616187.200005
2024-05-30,600415,7.2,7.38,7.14,7.36,40001295.0,320589276.0,40255740991.36
2024-05-31,600415,7.39,7.41,7.2,7.21,32135092.0,255870005.0,39435311487.46
2024-06-03,600415,7.33,7.52,7.25,7.45,55963731.0,454255614.0,40747998693.700005
2024-06-04,600415,7.46,7.61,7.35,7.6,44654355.0,366905205.0,41568428197.6
2024-06-05,600415,7.6,7.66,7.55,7.56,27714346.0,230292855.0,41349646996.56
2024-06-06,600415,7.62,7.64,7.48,7.5,32495683.0,267931810.0,41021475195.0
2024-06-07,600415,7.59,7.73,7.56,7.71,38771190.0,324984951.0,42170076500.46
2024-06-11,600415,7.69,7.8,7.6,7.76,36955541.0,311700873.0,42443553001.76
2024-06-12,600415,7.83,7.95,7.74,7.78,42350020.0,362835767.0,42552943602.28
2024-06-13,600415,7.78,7.83,7.65,7.71,43005295.0,363003400.0,42170076500.46
2024-06-14,600415,7.72,7.72,7.42,7.42,102746201.0,849465668.0,40583912792.92
2024-06-17,600415,7.5,7.6,7.33,7.38,55964579.0,454444885.0,40365131591.88
2024-06-18,600415,7.37,7.39,7.18,7.26,46496010.0,370255561.0,39708787988.76
2024-06-19,600415,7.26,7.3,7.19,7.21,26083791.0,205896955.0,39435311487.46
2024-06-20,600415,7.2,7.26,7.06,7.12,32896552.0,256798967.0,38943053785.12
2024-06-21,600415,7.12,7.22,7.07,7.13,24228930.0,189244835.0,38997749085.38
2024-06-24,600415,7.09,7.18,6.97,7.02,30562636.0,234901876.0,38396100782.52
2024-06-25,600415,7.02,7.18,6.96,7.18,33404108.0,259672622.0,39271225586.68
2024-06-26,600415,7.18,7.23,7.02,7.22,27215292.0,207172289.0,39490006787.72
2024-06-27,600415,7.21,7.25,7.09,7.09,18572130.0,141018218.0,38778967884.34
2024-06-28,600415,7.09,7.12,6.92,6.97,30035865.0,224582860.0,38122624281.22
2024-07-01,600415,6.96,7.11,6.88,7.1,25666738.0,191791698.0,38833663184.6
2024-07-02,600415,7.1,7.11,6.92,6.94,24804961.0,184390343.0,37958538380.44
2024-07-03,600415,6.93,7.29,6.93,7.13,47550970.0,362262963.0,38997749085.38
2024-07-04,600415,7.07,7.15,6.9,6.92,29535283.0,219479653.0,37849147779.92
2024-07-05,600415,6.9,6.97,6.87,6.92,18235281.0,134528407.0,37849147779.92
2024-07-08,600415,6.91,6.93,6.82,6.85,19757100.0,144407921.0,37466280678.1
2024-07-09,600415,6.83,6.92,6.73,6.9,22161595.0,161285355.0,37739757179.4
2024-07-10,600415,6.87,6.92,6.78,6.8,20012686.0,145664102.0,37192804176.799995
2024-07-11,600415,6.93,7.12,6.93,7.11,36814463.0,276250103.0,38888358484.86
2024-07-12,600415,7.11,7.16,7.04,7.08,17246296.0,130296258.0,38724272584.08
2024-07-15,600415,7.08,7.16,7.02,7.1,18658744.0,141202679.0,38833663184.6
2024-07-16,600415,7.09,7.24,7.02,7.22,24851211.0,189694734.0,39490006787.72
2024-07-17,600415,7.21,7.31,7.19,7.28,30108475.0,233076343.0,39818178589.28
2024-07-18,600415,7.25,7.27,7.17,7.23,19208126.0,147679831.0,39544702087.98
2024-07-19,600415,7.21,7.33,7.17,7.29,22612781.0,175319260.0,39872873889.54
2024-07-22,600415,7.28,7.3,7.08,7.13,22020449.0,167963145.0,38997749085.38
2024-07-23,600415,7.12,7.14,6.92,6.93,19465917.0,145490866.0,37903843080.18
2024-07-24,600415,6.91,6.94,6.77,6.81,23913858.0,174631906.0,37247499477.06
2024-07-25,600415,6.77,6.97,6.77,6.93,23881665.0,176068993.0,37903843080.18
2024-07-26,600415,6.93,7.12,6.92,7.1,19959773.0,149820010.0,38833663184.6
2024-07-29,600415,7.1,7.16,7.0,7.12,15420331.0,116578083.0,38943053785.12
2024-07-30,600415,7.11,7.16,6.98,7.02,14558300.0,109104159.0,38396100782.52
2024-07-31,600415,7.0,7.26,7.0,7.25,26867518.0,205309530.0,39654092688.5
2024-08-01,600415,7.26,7.33,7.18,7.19,14518688.0,111874356.0,39325920886.94
2024-08-02,600415,7.17,7.27,7.15,7.19,16005500.0,122820416.0,39325920886.94
2024-08-05,600415,7.17,7.28,7.09,7.09,21091890.0,161454351.0,38778967884.34
2024-08-06,600415,7.18,7.3,7.15,7.24,25671086.0,198075923.0,39599397388.24
2024-08-07,600415,7.24,7.24,7.16,7.19,13198501.0,101048038.0,39325920886.94
2024-08-08,600415,7.16,7.23,7.14,7.18,12681800.0,97119766.0,39271225586.68
2024-08-09,600415,7.19,7.22,7.05,7.07,17295164.0,131171931.0,38669577283.82
2024-08-12,600415,7.04,7.11,6.92,7.02,15855800.0,118301853.0,38396100782.52
2024-08-13,600415,7.03,7.06,6.9,6.99,13517895.0,100048327.0,38232014881.74
2024-08-14,600415,7.0,7.03,6.9,6.99,10419495.0,77397102.0,38232014881.74
2024-08-15,600415,6.93,7.08,6.93,7.02,16035604.0,119674038.0,38396100782.52
2024-08-16,600415,6.98,7.02,6.83,6.89,26761069.0,196075492.0,37685061879.14
2024-08-19,600415,6.87,7.33,6.87,7.32,54546144.0,417408568.0,40036959790.32
2024-08-20,600415,7.29,7.36,7.2,7.3,28946290.0,224763266.0,39927569189.799995
2024-08-21,600415,7.3,7.48,7.28,7.41,27235973.0,214716478.0,40529217492.66
2024-08-22,600415,7.41,7.45,7.31,7.35,18789200.0,147253677.0,40201045691.1
2024-08-23,600415,7.33,7.56,7.3,7.45,24005122.0,190442110.0,40747998693.700005
2024-08-26,600415,7.47,7.71,7.39,7.6,37993738.0,307124707.0,41568428197.6
2024-08-27,600415,7.61,7.67,7.57,7.63,22355608.0,181592285.0,41732514098.38
2024-08-28,600415,7.74,7.78,7.62,7.71,36125709.0,296268240.0,42170076500.46
2024-08-29,600415,7.64,7.77,7.61,7.73,20011170.0,164257490.0,42279467100.98
2024-08-30,600415,7.7,7.77,7.61,7.77,32598854.0,267143908.0,42498248302.02
2024-09-02,600415,7.69,7.95,7.67,7.86,40352196.0,337581987.0,42990506004.36
2024-09-03,600415,7.89,8.04,7.84,7.99,33817315.0,286488162.0,43701544907.74
2024-09-04,600415,7.98,8.12,7.94,8.11,34699491.0,297714666.0,44357888510.86
2024-09-05,600415,8.08,8.26,7.96,8.2,39288160.0,340436551.0,44850146213.2
2024-09-06,600415,8.24,8.27,8.08,8.1,28106248.0,244593750.0,44303193210.6
2024-09-09,600415,8.1,8.19,8.06,8.11,31075600.0,268605078.0,44357888510.86
2024-09-10,600415,8.13,8.16,7.98,8.06,29995062.0,257655266.0,44084412009.560005
2024-09-11,600415,8.02,8.09,7.92,8.05,28928835.0,246949098.0,44029716709.3
2024-09-12,600415,8.04,8.08,7.95,7.99,19082850.0,162824017.0,43701544907.74
2024-09-13,600415,8.03,8.15,7.93,8.02,27363546.0,233534008.0,43865630808.52
2024-09-18,600415,7.98,8.16,7.98,8.08,26843100.0,231212680.0,44193802610.08
2024-09-19,600415,8.11,8.14,7.91,8.07,35914948.0,306803733.0,44139107309.82
2024-09-20,600415,8.03,8.19,8.0,8.14,28002236.0,242105651.0,44521974411.64
2024-09-23,600415,8.16,8.2,7.98,8.04,22268345.0,190973539.0,43975021409.03999
2024-09-24,600415,8.12,8.26,7.89,8.23,57444866.0,496631545.0,45014232113.98
2024-09-25,600415,8.31,8.39,8.21,8.34,60204025.0,532098897.0,45615880416.84
2024-09-26,600415,8.36,8.5,8.17,8.48,61410924.0,544672602.0,46381614620.48
2024-09-27,600415,8.5,8.68,8.48,8.51,44575403.0,406399424.0,46545700521.26
2024-09-30,600415,8.72,9.13,8.62,9.06,125331715.0,1183607049.0,49553942035.560005
2024-10-08,600415,9.97,9.97,9.21,9.64,124433068.0,1273454281.0,52726269450.64
2024-10-09,600415,9.51,9.51,8.88,8.9,93603174.0,915798231.0,48678817231.4
2024-10-10,600415,8.89,9.8,8.78,9.48,143317456.0,1445110285.0,51851144646.48
2024-10-11,600415,9.86,10.42,9.81,10.42,194832439.0,2149718305.0,56992502870.92
2024-10-14,600415,11.29,11.47,9.87,10.14,418157962.0,4760134347.0,55461034463.64
2024-10-15,600415,10.14,11.16,10.14,10.84,429265500.0,4913522052.0,59289705481.84
2024-10-16,600415,10.33,10.4,9.76,9.91,309465631.0,3317642781.0,54203042557.66
2024-10-17,600415,10.14,10.55,9.96,10.37,242490902.0,2648244446.0,56719026369.619995
2024-10-18,600415,10.11,10.57,9.68,10.28,236985380.0,2555764349.0,56226768667.28
2024-10-21,600415,10.3,10.98,10.3,10.88,242134869.0,2764398038.0,59508486682.880005
2024-10-22,600415,10.88,10.88,10.33,10.47,158568178.0,1768337351.0,57265979372.22
2024-10-23,600415,10.42,10.59,10.14,10.24,135065707.0,1482034866.0,56007987466.24
2024-10-24,600415,10.31,10.31,9.96,10.07,74828911.0,801455782.0,55078167361.82
2024-10-25,600415,10.12,10.2,9.95,10.09,86177513.0,922780247.0,55187557962.34
2024-10-28,600415,10.05,10.42,9.89,10.24,112442524.0,1219871404.0,56007987466.24
2024-10-29,600415,10.14,10.23,10.0,10.01,72443539.0,778144646.0,54749995560.26
2024-10-30,600415,9.96,10.03,9.81,9.96,59238408.0,626711561.0,54476519058.96001
2024-10-31,600415,9.93,10.19,9.88,10.01,97746543.0,1047395658.0,54749995560.26
2024-11-01,600415,9.96,10.1,9.7,9.8,85845407.0,901863429.0,53601394254.8
2024-11-04,600415,9.77,9.91,9.65,9.79,81530628.0,844762878.0,53553580345.53999
2024-11-05,600415,9.92,10.61,9.89,10.58,174324411.0,1910218060.0,57875064357.08
2024-11-06,600415,10.66,11.39,10.64,10.94,176142603.0,2070107445.0,59844348210.439995
2024-11-07,600415,10.82,11.57,10.62,11.46,149114447.0,1758795892.0,62688869331.96001
2024-11-08,600415,11.55,12.21,11.35,11.8,159635688.0,2007952252.0,64548748526.8
2024-11-11,600415,11.59,11.93,11.43,11.8,98529967.0,1216248892.0,64548748526.8
2024-11-12,600415,11.82,11.83,11.27,11.37,96714117.0,1182999927.0,62196548368.619995
2024-11-13,600415,11.3,11.51,11.17,11.37,51257416.0,617014263.0,62196548368.619995
2024-11-14,600415,11.37,11.48,11.06,11.09,50272058.0,602431559.0,60664883149.34
2024-11-15,600415,11.06,11.33,10.77,10.81,61475955.0,720030238.0,59133217930.060005
2024-11-18,600415,10.81,11.0,10.59,10.75,53465754.0,613960275.0,58805003954.5
2024-11-19,600415,10.75,11.14,10.71,11.04,51827672.0,602135333.0,60391371503.03999
2024-11-20,600415,11.04,12.15,11.02,11.96,186042640.0,2351140373.0,65423985794.96001
2024-11-21,600415,11.89,12.44,11.55,12.36,150164511.0,1928263055.0,67612078965.36
2024-11-22,600415,12.21,12.35,11.7,11.76,108167907.0,1383642078.0,64329939209.76
2024-11-25,600415,11.62,11.73,11.21,11.42,76025719.0,920803722.0,62470060014.92
2024-11-26,600415,11.31,11.6,11.18,11.19,56758597.0,686124443.0,61211906441.939995
2024-11-27,600415,11.36,12.2,11.26,12.1,114493036.0,1436730385.0,66189818404.6
2024-11-28,600415,12.13,12.87,12.03,12.39,133638167.0,1772858826.0,67776185953.14
2024-11-29,600415,12.54,13.61,12.36,13.36,162172352.0,2262319115.0,73082311891.36
2024-12-02,600415,13.36,13.46,12.95,13.3,129419780.0,1818609916.0,72754097915.8
2024-12-03,600415,13.3,13.97,13.13,13.35,115977387.0,1668919868.0,73027609562.09999
2024-12-04,600415,13.0,13.42,12.87,13.03,88766181.0,1240723035.0,71277135025.78
2024-12-05,600415,12.95,13.17,12.87,13.08,66508310.0,921384714.0,71550646672.08
2024-12-06,600415,13.05,13.52,12.88,13.32,79307344.0,1117489253.0,72863502574.32
2024-12-09,600415,13.24,13.39,12.96,13.2,56322873.0,786108347.0,72207074623.2
2024-12-10,600415,13.72,13.81,13.06,13.17,73273904.0,1039664057.0,72042967635.42
2024-12-11,600415,13.06,14.25,13.04,14.21,129039472.0,1893199247.0,77732009878.46
2024-12-12,600415,14.39,14.91,13.54,14.25,179655007.0,2670522993.0,77950819195.5
2024-12-13,600415,13.9,14.05,13.43,13.47,105009674.0,1531955205.0,73684037513.22
2024-12-16,600415,13.31,13.87,13.09,13.43,82676288.0,1182780906.0,73465228196.18
2024-12-17,600415,13.52,13.52,12.96,13.21,50712330.0,711454838.0,72261776952.46
2024-12-18,600415,13.07,13.45,13.05,13.23,45838677.0,647466528.0,72371181610.98
2024-12-19,600415,13.1,13.41,12.89,13.35,58925683.0,826774937.0,73027609562.09999
2024-12-20,600415,13.43,13.85,13.29,13.68,64960869.0,944716189.0,74832786427.68
2024-12-23,600415,13.68,13.68,12.92,13.07,84050764.0,1175054542.0,71495944342.82
2024-12-24,600415,13.16,13.74,12.97,13.47,70082272.0,995672590.0,73684037513.22
2024-12-25,600415,13.34,13.35,12.52,12.78,101882495.0,1392687507.0,69909576794.28
2024-12-26,600415,12.78,13.04,12.68,12.88,50668766.0,693153534.0,70456600086.88
2024-12-27,600415,12.87,13.15,12.61,12.91,47064087.0,650927166.0,70620707074.66
2024-12-30,600415,12.91,13.11,12.72,12.8,40298615.0,552307201.0,70018981452.8
2024-12-31,600415,12.82,12.93,12.58,12.59,42851804.0,581067534.0,68870232538.34
2025-01-02,600415,12.6,12.89,12.37,12.5,48435452.0,651738504.0,68377911575.0
2025-01-03,600415,12.45,12.51,11.83,11.84,69067252.0,887638420.0,64767557843.84
2025-01-06,600415,11.84,11.98,11.55,11.7,54250860.0,677865891.0,64001725234.2
2025-01-07,600415,11.66,11.89,11.64,11.82,33863583.0,424222339.0,64658153185.32
2025-01-08,600415,11.79,12.02,11.55,11.92,51863608.0,649712659.0,65205176477.92
2025-01-09,600415,11.83,12.05,11.78,11.92,43754135.0,555493598.0,65205176477.92
2025-01-10,600415,11.93,12.07,11.81,11.91,40945693.0,520686651.0,65150474148.66
2025-01-13,600415,11.78,12.02,11.7,11.91,29382747.0,371058822.0,65150474148.66
2025-01-14,600415,11.93,12.32,11.9,12.29,52572490.0,679938116.0,67229162660.53999
2025-01-15,600415,12.21,12.54,12.12,12.41,44536699.0,586746439.0,68042299127.66001
2025-01-16,600415,12.47,12.61,12.23,12.28,41899129.0,551583444.0,67329527259.28001
2025-01-17,600415,12.21,12.35,12.08,12.12,27268715.0,353193656.0,66452269575.12001
2025-01-20,600415,12.21,12.4,12.04,12.09,30793572.0,401106301.0,66287783759.34001
2025-01-21,600415,12.17,12.4,12.01,12.24,33473304.0,435169736.0,67110212838.24001
2025-01-22,600415,12.27,12.4,11.83,12.2,42162161.0,543680585.0,66890898417.200005
2025-01-23,600415,12.26,12.59,12.14,12.19,35949721.0,472514506.0,66836069811.94001
2025-01-24,600415,12.13,12.49,12.12,12.43,34729521.0,455725284.0,68151956338.18001
2025-01-27,600415,12.42,12.52,12.08,12.09,31333085.0,407178380.0,66287783759.34001
2025-02-05,600415,12.13,12.21,11.81,12.06,27002972.0,345210035.0,66123297943.56001
2025-02-06,600415,11.95,12.12,11.86,11.99,37845059.0,482474311.0,65739497706.74001
2025-02-07,600415,11.98,12.42,11.92,12.33,56566936.0,736811393.0,67603670285.58001
2025-02-10,600415,12.37,12.77,12.19,12.57,57366756.0,763049041.0,68919556811.82
2025-02-11,600415,12.58,12.77,12.43,12.72,40255183.0,541588899.0,69741985890.72002
2025-02-12,600415,12.74,12.74,12.29,12.43,51929637.0,686076744.0,68151956338.18001
2025-02-13,600415,12.43,12.45,11.75,11.88,73098388.0,933964302.0,65136383048.88001
2025-02-14,600415,11.88,12.12,11.85,12.12,39801361.0,508948444.0,66452269575.12001
2025-02-17,600415,11.93,12.07,11.75,11.81,46677027.0,589240716.0,64752582812.06001
2025-02-18,600415,11.81,11.83,11.45,11.49,47291054.0,582004880.0,62998067443.74001
2025-02-19,600415,11.59,11.77,11.48,11.72,30808790.0,382213959.0,64259125364.72002
2025-02-20,600415,11.71,11.96,11.6,11.84,29814766.0,375366267.0,64917068627.84001
2025-02-21,600415,11.85,12.47,11.72,12.36,66749148.0,863079469.0,67768156101.36001
2025-02-24,600415,12.36,12.73,12.14,12.41,59165604.0,784134418.0,68042299127.66001
2025-02-25,600415,12.35,12.66,12.26,12.44,47224385.0,628117458.0,68206784943.44001
2025-02-26,600415,12.28,12.57,12.28,12.38,36638801.0,485099250.0,67877813311.88001
2025-02-27,600415,12.38,12.67,12.33,12.56,47120344.0,626732997.0,68864728206.56001
2025-02-28,600415,12.58,12.62,11.97,12.01,39260856.0,510634176.0,65849154917.26001
2025-03-03,600415,12.1,12.35,11.9,12.27,37159757.0,482470756.0,67274698654.02001
2025-03-04,600415,12.24,12.31,12.06,12.13,21707642.0,280997968.0,66507098180.38001
2025-03-05,600415,12.15,12.54,12.12,12.45,42920038.0,565330920.0,68261613548.700005
2025-03-06,600415,12.52,12.87,12.35,12.77,50707266.0,684793692.0,70016128917.02
2025-03-07,600415,12.75,12.76,12.55,12.63,27347680.0,367435624.0,69248528443.38002
2025-03-10,600415,12.49,12.55,11.85,12.01,59495717.0,766296322.0,65849154917.26001
2025-03-11,600415,11.99,12.44,11.89,12.3,50810212.0,662763921.0,67439184469.80002
2025-03-12,600415,12.35,12.38,11.92,11.98,46800888.0,599432317.0,65684669101.48001
2025-03-13,600415,11.93,11.99,11.79,11.83,25585118.0,323812705.0,64862240022.58001
2025-03-14,600415,11.85,12.4,11.84,12.19,42622729.0,551036280.0,66836069811.94001
2025-03-17,600415,12.19,12.48,12.18,12.34,34415439.0,451564434.0,67658498890.84001
2025-03-18,600415,12.35,13.09,12.34,13.05,88940300.0,1208754204.0,71551329864.30002
2025-03-19,600415,12.98,13.13,12.8,12.94,38013726.0,524284865.0,70948215206.44
2025-03-20,600415,12.93,13.03,12.72,12.76,25901401.0,354278124.0,69961300311.76001
2025-03-21,600415,12.68,12.74,12.27,12.38,29882882.0,396710412.0,67877813311.88001
2025-03-24,600415,12.43,12.81,12.38,12.67,39569991.0,532115896.0,69467842864.42001
2025-03-25,600415,12.65,12.75,12.51,12.58,20152785.0,270426598.0,68974385417.08002
2025-03-26,600415,12.52,13.04,12.49,12.98,38785088.0,532708913.0,71167529627.48001
2025-03-27,600415,13.04,13.97,13.03,13.92,109243892.0,1583638879.0,76321418521.92001
2025-03-28,600415,14.03,14.31,13.89,14.02,92272324.0,1386490484.0,76869704574.52
2025-03-31,600415,14.03,14.46,13.93,14.3,70033139.0,1066458594.0,78404905521.80002
2025-04-01,600415,14.28,14.83,14.13,14.57,79886757.0,1239083058.0,79885277863.82002
2025-04-02,600415,14.54,14.63,14.33,14.41,48662809.0,750128728.0,79008020179.66002
2025-04-03,600415,14.07,14.25,13.69,13.81,93328543.0,1378408670.0,75718303864.06001
2025-04-07,600415,12.43,12.43,12.43,12.43,18804600.0,248784858.0,68151956338.18001
2025-04-08,600415,12.25,12.43,11.19,11.41,185102972.0,2260809641.0,62559438601.66001
2025-04-09,600415,11.19,12.56,11.0,12.56,132951693.0,1681843603.0,68864728206.56001
2025-04-10,600415,13.05,13.43,12.67,13.38,127855260.0,1798569911.0,73360673837.88002
2025-04-11,600415,13.43,13.55,13.07,13.51,92093880.0,1305618520.0,74073445706.26001
2025-04-14,600415,13.43,13.98,13.31,13.91,77145131.0,1131889693.0,76266589916.66002
2025-04-15,600415,13.91,13.95,13.57,13.71,48939796.0,715821739.0,75170017811.46002
2025-04-16,600415,14.33,14.33,13.48,14.04,83023073.0,1218056855.0,76979361785.04001
2025-04-17,600415,13.82,14.14,13.69,13.9,48479429.0,717947372.0,76211761311.40001
2025-04-18,600415,13.85,13.96,13.51,13.85,39369799.0,577035709.0,75937618285.1
2025-04-21,600415,13.83,14.79,13.83,14.47,65469676.0,1008071533.0,79336991811.22002
2025-04-22,600415,14.68,15.92,14.59,15.05,111903601.0,1795952154.0,82517050916.30002
2025-04-23,600415,15.02,15.02,14.33,14.52,86987108.0,1353991972.0,79611134837.52
2025-04-24,600415,14.58,14.98,14.47,14.78,72888303.0,1145317719.0,81036678574.28001
2025-04-25,600415,14.77,14.92,14.48,14.56,45250728.0,704302951.0,79830449258.56001
2025-04-28,600415,14.66,14.74,14.39,14.51,40157806.0,621039078.0,79556306232.26001
2025-04-29,600415,14.43,14.66,14.18,14.53,30768060.0,474600445.0,79665963442.78001
2025-04-30,600415,14.59,14.59,14.31,14.4,26719584.0,409958281.0,78953191574.40001
2025-05-06,600415,14.51,14.51,14.21,14.28,36329297.0,553125915.0,78295248311.28001
2025-05-07,600415,14.57,14.67,14.28,14.38,36135296.0,555985675.0,78843534363.88002
2025-05-08,600415,14.28,14.39,14.2,14.25,24497423.0,371741931.0,78130762495.50002
2025-05-09,600415,14.28,14.82,14.17,14.68,58066436.0,899403825.0,80488392521.68001
2025-05-12,600415,14.77,15.05,14.7,14.98,47847790.0,757098575.0,82133250679.48001
2025-05-13,600415,15.24,15.29,14.79,15.17,42444636.0,680580645.0,83174994179.42001
2025-05-14,600415,15.16,16.02,15.06,15.95,72323503.0,1213472402.0,87451625389.70001
2025-05-15,600415,15.96,16.0,15.62,15.69,38550509.0,648630705.0,86026081652.94002
2025-05-16,600415,15.58,16.0,15.32,15.96,40895210.0,684856113.0,87506453994.96002
2025-05-19,600415,15.85,15.92,15.44,15.48,36149226.0,598960850.0,84874680942.48001
2025-05-20,600415,15.59,16.18,15.26,16.11,48399222.0,820877243.0,88328883073.86002
2025-05-21,600415,15.98,16.24,15.85,15.97,29024463.0,495939438.0,87561282600.22002
2025-05-22,600415,15.99,16.34,15.88,16.07,34274494.0,588228014.0,88109568652.82002
2025-05-23,600415,16.07,16.19,15.95,15.98,25088420.0,428784198.0,87616111205.48001
2025-05-26,600415,15.97,16.0,15.69,15.97,27240621.0,460034306.0,87561282600.22002
2025-05-27,600415,15.97,16.05,15.82,15.83,17803609.0,301604656.0,86793682126.58002
2025-05-28,600415,15.83,16.11,15.78,15.91,22576503.0,382755015.0,87232310968.66002
2025-05-29,600415,15.87,16.47,15.8,16.21,36051440.0,619612673.0,88877169126.46002
2025-05-30,600415,16.22,16.95,16.17,16.55,53566088.0,951673399.0,90741341705.30002
2025-06-03,600415,16.56,17.36,16.53,17.06,64937893.0,1180530816.0,93537600573.56001
2025-06-04,600415,17.28,17.33,16.92,17.21,38483425.0,701741552.0,94360029652.46002
2025-06-05,600415,17.55,17.83,17.15,17.31,59653329.0,1109579381.0,94908315705.06001
2025-06-06,600415,17.29,17.45,17.12,17.36,23894499.0,440487019.0,95182458731.36002
2025-06-09,600415,17.39,17.47,17.0,17.16,31823982.0,583724337.0,94085886626.16002
2025-06-10,600415,17.18,17.42,17.01,17.36,30719303.0,562578462.0,95182458731.36002
2025-06-11,600415,17.37,17.83,17.31,17.66,31852515.0,597996804.0,96827316889.16002
2025-06-12,600415,17.88,17.98,17.57,17.9,35546091.0,661457949.0,98143203415.40001
2025-06-13,600415,17.9,18.51,17.88,18.45,53346697.0,1020753840.0,101158776704.70001
2025-06-16,600415,18.42,18.9,18.02,18.3,61971215.0,1195013992.0,100336347625.80002
2025-06-17,600415,18.17,19.09,18.13,19.06,67109904.0,1327256484.0,104503321625.56001
2025-06-18,600415,19.13,19.18,17.21,18.91,131475013.0,2478294600.0,103680892546.66002
2025-06-19,600415,19.06,19.23,18.16,18.61,79520297.0,1552573038.0,102036034388.86002
2025-06-20,600415,18.6,18.64,17.88,18.11,57473472.0,1092013355.0,99294604125.86002
2025-06-23,600415,17.85,18.55,17.85,18.5,39855472.0,762952371.0,101432919731.00002
2025-06-24,600415,18.48,19.98,18.48,19.79,77788024.0,1574630797.0,108505809809.54001
2025-06-25,600415,19.86,21.06,19.67,20.94,81994710.0,1759330057.0,114811099414.44003
2025-06-26,600415,20.94,21.11,20.14,20.77,75344185.0,1630017894.0,113879013125.02002
2025-06-27,600415,20.7,20.92,18.7,18.72,248460905.0,4997070308.0,102639149046.72002
2025-06-30,600415,18.78,19.86,18.28,19.77,196648793.0,3930895394.0,108396152599.02002
2025-07-01,600415,19.55,19.55,18.34,18.57,139241109.0,2719680238.0,101816719967.82002
2025-07-02,600415,18.48,18.48,17.88,17.95,75226121.0,1426624542.0,98417346441.70001
2025-07-03,600415,17.79,18.03,17.45,17.83,72493186.0,1343788243.0,97759403178.58
2025-07-04,600415,17.85,18.9,17.76,18.6,99242820.0,1908851109.0,101981205783.60002
2025-07-07,600415,18.66,18.73,18.26,18.49,42832413.0,826884662.0,101378091125.74
2025-07-08,600415,18.35,18.48,17.98,18.1,61080011.0,1158294897.0,99239775520.60002
2025-07-09,600415,18.07,18.68,18.02,18.41,65487647.0,1265596737.0,100939462283.66002
2025-07-10,600415,18.45,18.45,17.64,17.83,74681656.0,1400176649.0,97759403178.58
2025-07-11,600415,17.83,18.11,17.72,17.77,49979873.0,934983185.0,97430431547.02002
2025-07-14,600415,17.79,17.97,17.54,17.89,49712686.0,923663826.0,98088374810.14001
2025-07-15,600415,17.78,18.23,17.76,18.05,44344665.0,834728085.0,98965632494.30002
2025-07-16,600415,17.97,18.64,17.92,18.51,71473954.0,1369800235.0,101487748336.26003
2025-07-17,600415,18.98,20.12,18.98,19.77,122616649.0,2524323028.0,108396152599.02002
2025-07-18,600415,19.5,20.21,19.5,20.12,64379483.0,1345757895.0,110315153783.12003
2025-07-21,600415,19.92,20.23,19.62,20.07,52866578.0,1099006345.0,110041010756.82002
2025-07-22,600415,20.17,20.55,19.41,19.55,56337725.0,1167515641.0,107189923283.30002
2025-07-23,600415,19.41,19.91,19.31,19.62,42879446.0,881526995.0,107573723520.12003
2025-07-24,600415,19.72,19.86,19.23,19.32,44714895.0,909752728.0,105928865362.32002
2025-07-25,600415,19.56,20.55,19.56,20.06,71581332.0,1508353677.0,109986182151.56001
2025-07-28,600415,19.98,21.31,19.93,21.01,84350317.0,1834219669.0,115194899651.26003
2025-07-29,600415,21.04,21.32,20.84,21.05,45517235.0,1000705098.0,115414214072.30002
2025-07-30,600415,20.99,21.19,20.47,20.7,39933549.0,867284494.0,113495212888.20001
2025-07-31,600415,20.08,20.68,20.07,20.36,36086391.0,769155795.0,111631040309.36002
2025-08-01,600415,20.51,20.51,19.45,19.6,49199480.0,1019616771.0,107464066309.60002
2025-08-04,600415,19.5,19.59,18.87,19.18,69173709.0,1386924244.0,105161264888.68002
2025-08-05,600415,19.12,19.29,18.99,19.03,37612565.0,751231034.0,104338835809.78003
2025-08-06,600415,19.07,19.07,18.58,18.77,50724500.0,995868661.0,102913292073.02002
2025-08-07,600415,18.74,18.82,18.44,18.61,43851191.0,853432666.0,102036034388.86002
2025-08-08,600415,18.65,18.77,18.36,18.45,45359247.0,880048817.0,101158776704.70001
2025-08-11,600415,18.45,18.57,18.24,18.33,46803840.0,900339808.0,100500833441.58
2025-08-12,600415,18.39,18.43,17.78,18.04,71961554.0,1354167930.0,98910803889.04001
2025-08-13,600415,18.09,18.19,17.87,17.95,61848638.0,1163642127.0,98417346441.70001
2025-08-14,600415,18.02,18.91,18.02,18.72,146376359.0,2843891093.0,102639149046.72002
2025-08-15,600415,18.7,18.7,17.93,18.23,93607321.0,1780222406.0,99952547388.98003
2025-08-18,600415,18.28,19.55,18.28,19.23,124758383.0,2490170881.0,105435407914.98003
2025-08-19,600415,19.36,19.61,19.13,19.36,85246313.0,1726243208.0,106148179783.36002
2025-08-20,600415,19.31,19.58,18.91,19.07,62556293.0,1252361177.0,104558150230.82002
2025-08-21,600415,19.8,20.94,19.35,19.43,111262764.0,2336111469.0,106531980020.18002
2025-08-22,600415,19.43,20.25,19.17,20.01,87921062.0,1808191031.0,109712039125.26003
2025-08-25,600415,20.01,22.01,19.64,22.01,159786343.0,3530106537.0,120677760177.26003
2025-08-26,600415,21.91,22.37,21.22,21.37,103631811.0,2342506106.0,117168729440.62003
2025-08-27,600415,21.39,21.94,20.99,21.03,68675891.0,1540290056.0,115304556861.78003
2025-08-28,600415,20.91,20.98,20.34,20.79,63567913.0,1375977659.0,113988670335.54001
2025-08-29,600415,20.84,21.74,20.84,21.51,84200193.0,1878123204.0,117936329914.26003
2025-09-01,600415,21.7,22.17,21.36,21.5,62226210.0,1405283639.0,117881501309.00002
2025-09-02,600415,21.35,21.35,19.67,19.93,89664023.0,1897411115.0,109273410283.18002
2025-09-03,600415,19.93,19.93,19.04,19.25,62621896.0,1267895285.0,105545065125.50002
2025-09-04,600415,19.21,19.76,18.76,19.11,67841998.0,1362095485.0,104777464651.86002
2025-09-05,600415,19.12,19.36,18.83,19.31,51622942.0,1033620854.0,105874036757.06001
2025-09-08,600415,19.32,19.74,18.91,18.99,52818089.0,1061794920.0,104119521388.74
2025-09-09,600415,18.83,19.29,18.69,18.75,42797353.0,846251148.0,102803634862.50002
2025-09-10,600415,18.66,18.86,18.47,18.55,45242682.0,882504510.0,101707062757.30002
2025-09-11,600415,18.55,19.41,18.42,19.27,60684277.0,1208761759.0,105654722336.02002
2025-09-12,600415,19.12,19.21,18.72,18.89,56167216.0,1112221226.0,103571235336.14001
2025-09-15,600415,18.84,19.21,18.76,18.99,48902354.0,971181101.0,104119521388.74
2025-09-16,600415,19.15,19.22,18.79,18.94,48068531.0,954992778.0,103845378362.44002
2025-09-17,600415,18.83,18.93,18.55,18.78,53872398.0,1055574252.0,102968120678.28003
2025-09-18,600415,18.82,18.98,18.19,18.34,80010097.0,1554961009.0,100555662046.84001
2025-09-19,600415,18.34,19.05,18.17,18.77,62623313.0,1226957462.0,102913292073.02002
2025-09-22,600415,18.75,18.75,17.86,18.55,52986716.0,1011978472.0,101707062757.30002
2025-09-23,600415,18.49,18.69,17.21,17.47,98507843.0,1829536580.0,95785573389.22002
2025-09-24,600415,17.46,18.22,17.4,18.12,60123757.0,1132702101.0,99349432731.12003
2025-09-25,600415,18.12,18.12,17.65,17.68,56941724.0,1059657527.0,96936974099.68001
2025-09-26,600415,17.67,18.03,17.62,17.75,43942690.0,820708422.0,97320774336.50002
2025-09-29,600415,17.54,18.25,17.23,18.05,62963650.0,1163907067.0,98965632494.30002
2025-09-30,600415,18.04,18.12,17.59,17.73,49880599.0,925425403.0,97211117125.98003
2025-10-09,600415,17.21,17.69,17.2,17.42,68741298.0,1250598930.0,95511430362.92003
2025-10-10,600415,17.59,17.69,17.26,17.32,49284475.0,901022258.0,94963144310.32002
2025-10-13,600415,16.82,17.68,16.54,17.56,53337585.0,964247370.0,96279030836.56001
2025-10-14,600415,17.78,18.34,17.69,18.2,102946742.0,1947864162.0,99788061573.20001
2025-10-15,600415,18.93,19.23,18.48,18.75,161587446.0,3188785795.0,102803634862.50002
2025-10-16,600415,18.55,19.42,18.47,19.04,114046720.0,2269657873.0,104393664415.04001
2025-10-17,600415,19.1,19.23,18.26,18.34,74808948.0,1462179724.0,100555662046.84001
2025-10-20,600415,18.35,18.9,18.2,18.42,55581606.0,1076111553.0,100994290888.92003
2025-10-21,600415,18.35,18.42,17.9,18.01,58770942.0,1110886984.0,98746318073.26003
2025-10-22,600415,17.97,18.21,17.69,17.84,47772403.0,895201960.0,97814231783.84001
2025-10-23,600415,17.73,17.78,17.35,17.61,40996926.0,750291198.0,96553173862.86002
2025-10-24,600415,17.61,17.69,17.39,17.49,33794447.0,618468054.0,95895230599.74
2025-10-27,600415,17.63,17.77,17.23,17.57,68866500.0,1260834404.0,96333859441.82002
2025-10-28,600415,17.55,17.67,17.38,17.46,45446534.0,833344591.0,95730744783.96002
2025-10-29,600415,17.46,17.63,17.26,17.57,41082849.0,749289371.0,96333859441.82002
2025-10-30,600415,17.54,17.54,17.03,17.07,55555949.0,999449762.0,93592429178.82002
2025-10-31,600415,17.25,17.66,17.19,17.62,60774331.0,1110336925.0,96608002468.12003
2025-11-03,600415,17.62,17.64,17.08,17.3,45861279.0,827384597.0,94853487099.80002
2025-11-04,600415,17.22,17.24,16.6,16.68,60143621.0,1059401710.0,91454113573.68001
2025-11-05,600415,16.61,17.09,16.49,16.88,41080670.0,727019351.0,92562479734.88
2025-11-06,600415,16.8,16.94,16.59,16.82,35702419.0,624842440.0,92233466181.32002
2025-11-07,600415,16.76,17.02,16.68,16.83,26307513.0,463939750.0,92288301773.58
2025-11-10,600415,16.63,16.63,15.52,15.76,131500614.0,2173690625.0,86420893401.76001
2025-11-11,600415,15.79,15.96,15.58,15.72,56596310.0,932174571.0,86201551032.72002
2025-11-12,600415,15.71,15.82,15.46,15.61,35318701.0,577292377.0,85598359517.86002
2025-11-13,600415,15.56,15.91,15.47,15.9,43364670.0,714451087.0,87188591693.40002
2025-11-14,600415,15.8,16.13,15.74,15.75,33993351.0,565571400.0,86366057809.50002
2025-11-17,600415,15.7,16.04,15.63,15.89,32303202.0,537377977.0,87133756101.14001
2025-11-18,600415,15.77,15.85,15.49,15.67,32738934.0,535364279.0,85927373071.42001
2025-11-19,600415,15.6,15.73,15.11,15.25,54613315.0,874914586.0,83624278196.50002
2025-11-20,600415,15.34,15.37,15.03,15.09,39035192.0,620036853.0,82746908720.34001
2025-11-21,600415,14.92,15.25,14.89,15.03,38208391.0,603736106.0,82417895166.78001
2025-11-24,600415,15.06,15.35,15.01,15.3,40015372.0,637748760.0,83898456157.80002
2025-11-25,600415,15.31,15.53,15.23,15.32,31957227.0,514759869.0,84008127342.32002
2025-11-26,600415,15.3,15.52,15.3,15.43,25811675.0,416053788.0,84611318857.18001
2025-11-27,600415,15.51,15.58,15.2,15.21,30270485.0,485902336.0,83404935827.46002
2025-11-28,600415,15.17,15.76,15.16,15.73,51840535.0,844754556.0,86256386624.98001
2025-12-01,600415,15.69,15.69,15.36,15.49,43310116.0,700247936.0,84940332410.74002
2025-12-02,600415,15.44,15.66,15.4,15.54,27906991.0,454057608.0,85214510372.04001
2025-12-03,600415,15.49,15.59,15.37,15.43,24653800.0,398668491.0,84611318857.18001
2025-12-04,600415,15.51,15.55,15.25,15.44,21451850.0,345711111.0,84666154449.44002
2025-12-05,600415,15.48,15.67,15.35,15.64,33545137.0,545305228.0,85762866294.64001
2025-12-08,600415,15.7,15.95,15.64,15.67,31375904.0,518160379.0,85927373071.42001
2025-12-09,600415,15.69,15.73,15.46,15.54,29656853.0,482909911.0,85214510372.04001
2025-12-10,600415,15.5,15.75,15.45,15.71,34172424.0,558319014.0,86146715440.46002
2025-12-11,600415,15.7,15.77,15.47,15.52,30440802.0,496122761.0,85104839187.52002
2025-12-12,600415,15.53,15.57,15.24,15.53,40854310.0,658780828.0,85159674779.78001
2025-12-15,600415,15.49,15.79,15.43,15.46,36080763.0,588510422.0,84775825633.96002
2025-12-16,600415,15.45,15.65,15.27,15.4,39395628.0,635509477.0,84446812080.40001
2025-12-17,600415,15.45,15.75,15.25,15.64,51342992.0,833621381.0,85762866294.64001
2025-12-18,600415,15.56,15.74,15.41,15.54,35050363.0,571205742.0,85214510372.04001
2025-12-19,600415,15.52,16.02,15.33,15.91,69055784.0,1140142332.0,87243427285.66002
2025-12-22,600415,15.92,15.95,15.53,15.85,63793616.0,1050380606.0,86914413732.1
2025-12-23,600415,15.87,15.96,15.54,15.8,51279529.0,844549673.0,86640235770.80002
2025-12-24,600415,15.69,15.93,15.64,15.8,31458659.0,519969153.0,86640235770.80002
2025-12-25,600415,15.77,15.92,15.65,15.69,38001947.0,625431843.0,86037044255.94002
2025-12-26,600415,15.65,15.8,15.08,15.1,92662590.0,1486303108.0,82801744312.6
2025-12-29,600415,15.38,16.09,15.25,15.57,103536178.0,1696461576.0,85379017148.82002
2025-12-30,600415,15.52,15.58,15.08,15.17,65570623.0,1044692749.0,83185593458.42001
2025-12-31,600415,15.15,15.39,15.1,15.25,45422191.0,724053709.0,83624278196.50002
2026-01-05,600415,15.25,15.77,15.09,15.67,95322739.0,1555278915.0,85927373071.42001
2026-01-06,600415,15.63,16.02,15.56,15.78,60402378.0,995992637.0,86530564586.28001
2026-01-07,600415,15.68,15.73,15.41,15.47,55233814.0,897578748.0,84830661226.22002
2026-01-08,600415,15.39,15.53,15.26,15.48,45160978.0,726418680.0,84885496818.48001
2026-01-09,600415,15.4,15.89,15.36,15.75,68690883.0,1129934133.0,86366057809.50002
2026-01-12,600415,15.79,16.11,15.52,15.82,104238828.0,1712767859.0,86749906955.32002
2026-01-13,600415,16.06,17.41,16.06,16.76,271501085.0,4781204067.0,91904452627.76003
2026-01-14,600415,16.96,18.17,16.88,17.19,288924196.0,5284137850.0,94262383094.94002
2026-01-15,600415,17.11,17.49,16.66,16.82,131428905.0,2325214135.0,92233466181.32002
2026-01-16,600415,16.99,17.06,16.28,16.62,118182220.0,2056466104.0,91136754336.12003
2026-01-19,600415,16.66,16.96,16.39,16.44,83415774.0,1445734224.0,90149713675.44002
2026-01-20,600415,16.44,16.49,15.96,16.12,86955240.0,1472429588.0,88394974723.12003
2026-01-21,600415,16.14,16.22,15.96,16.01,76412442.0,1283475954.0,87791783208.26003
2026-01-22,600415,16.11,16.9,16.08,16.49,138111118.0,2390252202.0,90423891636.74
2026-01-23,600415,16.52,16.52,16.25,16.33,87656313.0,1496864467.0,89546522160.58
2026-01-26,600415,16.35,16.42,15.92,15.95,83544232.0,1401993752.0,87462769654.70001
2026-01-27,600415,16.01,16.17,15.73,16.02,60642937.0,1012444169.0,87846618800.52002
2026-01-28,600415,16.06,16.2,15.83,15.87,60993579.0,1019757824.0,87024084916.62001
2026-01-29,600415,15.88,16.24,15.58,16.17,80570178.0,1352667945.0,88669152684.42003
2026-01-30,600415,15.96,16.1,15.37,15.38,85072516.0,1394422291.0,84337140895.88002
2026-02-02,600415,15.38,15.68,15.08,15.1,73114562.0,1174109682.0,82801744312.6
2026-02-03,600415,15.23,15.27,14.35,14.68,143995642.0,2205046047.0,80498649437.68001
2026-02-04,600415,14.58,14.91,14.43,14.68,75173753.0,1152587436.0,80498649437.68001
2026-02-05,600415,14.68,14.81,14.61,14.76,62237391.0,958085165.0,80937334175.76001
2026-02-06,600415,14.68,14.75,14.29,14.61,75010269.0,1140885092.0,80114800291.86002
2026-02-09,600415,14.69,14.76,14.49,14.61,66212630.0,1010755177.0,80114800291.86002
2026-02-10,600415,14.65,14.67,14.44,14.59,55733939.0,847381591.0,80005129107.34001
2026-02-11,600415,14.57,14.6,14.46,14.52,45900086.0,696886038.0,79621279961.52
2026-02-12,600415,14.52,14.53,14.26,14.34,61400858.0,920903363.0,78634239300.84001
2026-02-13,600415,14.34,14.77,14.33,14.43,79496083.0,1208698627.0,79127759631.18001
2026-02-24,600415,14.62,14.62,14.31,14.36,53108387.0,800034993.0,78743910485.36002
2026-02-25,600415,14.36,14.49,14.3,14.35,45579295.0,686105551.0,78689074893.1
2026-02-26,600415,14.35,14.35,14.0,14.05,73787195.0,1087250875.0,77044007125.30002
2026-02-27,600415,14.02,14.27,13.99,14.21,47189651.0,700997540.0,77921376601.46002
2026-03-02,600415,13.86,14.01,13.67,13.78,73037558.0,1055111955.0,75563446134.28001
2026-03-03,600415,13.77,14.0,13.41,13.47,72160049.0,1029683497.0,73863542774.22002
2026-03-04,600415,13.34,13.49,13.13,13.22,58098750.0,806524318.0,72492652967.72002
2026-03-05,600415,13.46,13.69,13.39,13.54,54710028.0,774799858.0,74247391920.04001
2026-03-06,600415,13.55,13.63,13.42,13.59,29276465.0,415078095.0,74521569881.34001
2026-03-09,600415,13.38,13.47,13.2,13.4,39014800.0,543675452.0,73479693628.40001
2026-03-10,600415,13.5,13.69,13.47,13.65,36120718.0,513645781.0,74850583434.90001
2026-03-11,600415,13.65,13.73,13.5,13.56,32392548.0,459977836.0,74357063104.56001
2026-03-12,600415,13.56,13.63,13.35,13.46,36349248.0,511325185.0,73808707181.96002
2026-03-13,600415,13.37,13.4,13.23,13.24,35491270.0,493987307.0,72602324152.24002
2026-03-16,600415,13.24,13.59,13.2,13.46,54268643.0,763274224.0,73808707181.96002
2026-03-17,600415,13.46,13.67,13.34,13.34,46535661.0,657504553.0,73150680074.84001
2026-03-18,600415,13.36,13.38,13.07,13.24,35622784.0,491237402.0,72602324152.24002
2026-03-19,600415,13.07,13.12,12.89,12.94,36938724.0,501016436.0,70957256384.44
2026-03-20,600415,12.92,13.04,12.74,12.75,38746674.0,521609675.0,69915380131.50002
2026-03-23,600415,12.49,12.53,12.15,12.21,62329491.0,803733497.0,66954258149.460014
2026-03-24,600415,12.42,12.52,12.3,12.47,54203518.0,705335582.0,68379983548.22002
2026-03-25,600415,12.53,12.8,12.47,12.78,39972565.0,530546941.0,70079886908.28001
2026-03-26,600415,12.82,12.83,12.45,12.5,34493758.0,454225551.0,68544490325.000015
2026-03-27,600415,12.39,12.62,12.33,12.6,32769539.0,429422574.0,69092846247.6
2026-03-30,600415,12.48,12.56,12.4,12.55,25436794.0,332087087.0,68818668286.30002
2026-03-31,600415,12.53,12.6,12.35,12.37,29306317.0,381948389.0,67831627625.62001
2026-04-01,600415,12.5,12.82,12.37,12.69,57265641.0,757285813.0,69586366577.94
2026-04-02,600415,12.71,12.71,12.4,12.48,35685025.0,465805282.0,68434819140.48001
2026-04-03,600415,12.51,12.64,12.29,12.34,24119540.0,313325750.0,67667120848.84001
2026-04-07,600415,12.37,12.46,12.31,12.39,23033244.0,298599405.0,67941298810.140015
2026-04-08,600415,12.58,13.08,12.58,13.05,87758957.0,1178656841.0,71560447899.30002
2026-04-09,600415,12.91,12.91,12.41,12.42,119499536.0,1566245065.0,68105805586.92001
2026-04-10,600415,12.43,12.73,12.24,12.52,136596319.0,1775804227.0,68654161509.52001
2026-04-13,600415,12.26,12.26,11.76,11.83,146142658.0,1826035026.0,64870505643.58001
2026-04-14,600415,11.91,11.98,11.61,11.73,91221662.0,1118708570.0,64322149720.98001
2026-04-15,600415,11.74,11.83,11.66,11.68,69196352.0,848526050.0,64047971759.68001
2026-04-16,600415,11.71,11.9,11.71,11.79,67984865.0,837896353.0,64651163274.54001
2026-04-17,600415,11.74,11.76,11.52,11.63,73594689.0,892996155.0,63773793798.38001
2026-04-20,600415,11.62,12.01,11.59,11.82,98542453.0,1219444879.0,64815670051.320015
2026-04-21,600415,11.82,11.83,11.65,11.81,52675648.0,646879376.0,64760834459.06001
2026-04-22,600415,11.7,12.0,11.69,11.99,74740478.0,932022286.0,65747875119.74001
2026-04-23,600415,12.22,13.18,12.22,13.03,329051443.0,4442282849.0,71450776714.78001
2026-04-24,600415,12.91,13.0,12.62,12.67,177700818.0,2369205340.0,69476695393.42001
2026-04-27,600415,12.67,13.35,12.67,13.27,182453043.0,2495299653.0,72766830929.02
2026-04-28,600415,13.1,13.57,13.1,13.17,146779939.0,2039811991.0,72218475006.42001
2026-04-29,600415,13.16,13.17,12.85,12.91,130176876.0,1765805601.0,70792749607.66002
2026-04-30,600415,12.97,12.99,12.63,12.67,100409621.0,1339435483.0,69476695393.42001
2026-05-06,600415,12.76,12.84,12.57,12.68,108126288.0,1429880049.0,69531530985.68001
2026-05-07,600415,12.69,12.81,12.48,12.6,100085624.0,1320946479.0,69092846247.6
2026-05-08,600415,12.52,12.59,12.38,12.41,95372143.0,1243177167.0,68050969994.66001
2026-05-11,600415,12.4,12.69,12.4,12.6,101681999.0,1336045498.0,69092846247.6
2026-05-12,600415,12.64,12.69,12.29,12.37,86822895.0,1128997184.0,67831627625.62001
2026-05-13,600415,12.35,12.59,12.29,12.49,76732620.0,999790891.0,68489654732.74001
2026-05-14,600415,12.53,13.26,12.18,12.93,210927626.0,2828685788.0,70902420792.18001
2026-05-15,600415,12.72,13.36,12.57,13.14,196493811.0,2692695740.0,72053968229.64001
2026-05-18,600415,13.22,13.22,12.82,12.86,122046703.0,1654421743.0,70518571646.36002
2026-05-19,600415,12.81,13.7,12.81,13.59,206358268.0,2907763463.0,74521569881.34001
2026-05-20,600415,13.43,13.73,13.35,13.55,132231796.0,1876398182.0,74302227512.30002
2026-05-21,600415,13.47,13.5,12.91,12.94,147129715.0,2029524390.0,70957256384.44
2026-05-22,600415,12.99,13.09,12.67,12.76,96320987.0,1291260945.0,69970215723.76001
2026-05-25,600415,12.72,13.18,12.57,13.02,97175079.0,1320099021.0,71395941122.52
2026-05-26,600415,12.91,12.92,12.57,12.66,81158338.0,1077749858.0,69421859801.16002
2026-05-27,600415,12.67,12.9,12.32,12.59,96368267.0,1263825997.0,69038010655.34001
2026-05-28,600415,12.52,12.56,12.09,12.11,91270938.0,1166993121.0,66405902226.86001
2026-05-29,600415,12.05,12.51,12.02,12.25,83479676.0,1077129926.0,67173600518.500015
2026-06-01,600415,12.06,12.46,11.93,12.39,66456762.0,850962967.0,67941298810.140015
2026-06-02,600415,12.28,12.38,12.01,12.1,57285546.0,725903275.0,66351066634.600006
2026-06-03,600415,12.0,12.05,11.76,11.95,72258616.0,898805040.0,65528532750.700005
2026-06-04,600415,11.85,11.95,11.36,11.49,81760368.0,990945858.0,63006095506.74001
2026-06-05,600415,11.46,11.63,11.18,11.29,74494248.0,886051408.0,61909383661.54001
2026-06-08,600415,10.97,11.18,10.63,10.68,76569834.0,869428647.0,58564412533.68001
2026-06-09,600415,10.66,10.86,10.38,10.81,84937317.0,942895426.0,59277275233.06001
2026-06-10,600415,10.71,10.74,10.5,10.58,53424391.0,592455686.0,58016056611.08001
2026-06-11,600415,10.52,10.71,10.33,10.53,54298426.0,595208296.0,57741878649.78001
2026-06-12,600415,10.6,10.95,10.57,10.8,87069253.0,983195951.0,59222439640.80001
2026-06-15,600415,10.92,10.96,10.74,10.87,73151023.0,829422627.0,59606288786.62
2026-06-16,600415,10.88,11.3,10.75,11.26,89690203.0,1042000808.0,61744876884.76001
2026-06-17,600415,11.17,11.24,10.71,10.85,86910251.0,990190245.0,59496617602.100006
2026-06-18,600415,11.01,11.04,10.47,10.54,69311348.0,738432990.0,57796714242.04001
2026-06-22,600415,10.4,10.68,10.21,10.63,75748112.0,786162615.0,58290234572.38001
2026-06-23,600415,10.51,10.93,10.49,10.58,60949453.0,653145276.0,58016056611.08001
2026-06-24,600415,10.61,10.66,10.05,10.05,74383243.0,759809136.0,55109770221.30001
2026-06-25,600415,9.98,10.42,9.91,10.1,97351419.0,987362207.0,55383948182.600006
2026-06-26,600415,10.03,10.1,9.76,9.76,71757938.0,710339670.0,53519538045.76001
2026-06-29,600415,9.72,10.24,9.46,9.98,96760816.0,956865429.0,54725921075.48001
2026-06-30,600415,9.97,10.22,9.94,10.16,71332572.0,720352952.0,55712961736.16001
2026-07-01,600415,10.14,10.44,10.1,10.39,70017824.0,723611071.0,56974180358.140015
2026-07-02,600415,10.42,10.68,10.31,10.38,61291700.0,641047692.0,56919344765.88001
2026-07-03,600415,10.34,10.68,10.26,10.62,62635499.0,660562304.0,58235398980.12
2026-07-06,600415,10.56,10.66,10.4,10.62,44045823.0,464740164.0,58235398980.12
2026-07-07,600415,10.59,10.59,10.22,10.25,42871680.0,444368117.0,56206482066.50001
2026-07-08,600415,10.25,10.32,10.0,10.01,46695826.0,471480097.0,54890427852.26001
2026-07-09,600415,9.98,10.08,9.85,9.95,40852112.0,405939666.0,54561414298.700005
2026-07-10,600415,9.93,10.39,9.79,10.17,68338390.0,694280244.0,55767797328.420006
2026-07-13,600415,10.13,10.22,9.95,9.98,45358543.0,454631701.0,54725921075.48001
2026-07-14,600415,10.05,10.07,9.71,9.85,56527335.0,555399007.0,54013058376.100006
2026-07-15,600415,9.8,10.62,9.76,10.43,105867642.0,1090458797.0,57193522727.18001
2026-07-16,600415,10.5,10.96,10.47,10.89,130185716.0,1401936893.0,59715959971.140015
2026-07-17,600415,10.71,10.93,10.36,10.59,101026832.0,1076317544.0,58070892203.34001
2026-07-20,600415,10.57,10.96,10.33,10.86,111044785.0,1193336486.0,59551453194.36001
2026-07-21,600415,11.06,11.88,11.02,11.59,183735687.0,2127023285.0,63554451429.34001
2026-07-22,600415,11.37,12.03,11.35,11.9,132441824.0,1564676581.0,65254354789.40002
2026-07-23,600415,11.81,11.81,11.22,11.25,108080431.0,1229415189.0,61690041292.50001
2026-07-24,600415,11.45,11.55,10.82,10.95,93113165.0,1029175028.0,60044973524.700005
2026-07-27,600415,10.99,11.33,10.91,11.1,61911097.0,686641093.0,60867507408.600006
2026-07-28,600415,11.08,11.92,10.99,11.83,152161562.0,1768649362.0,64870505643.58001
2026-07-29,600415,11.75,12.73,11.68,12.65,218681155.0,2701185914.0,69367024208.90001
