date,ticker,open,high,low,close,volume,amount,market_cap
2021-01-04,600482,17.44,18.24,17.4,18.12,15727292.0,292860998.0,11485239671.880001
2021-01-05,600482,18.12,18.71,17.83,18.24,13816790.0,261874684.0,11561300861.759998
2021-01-06,600482,18.1,18.64,17.93,18.37,12922540.0,245268751.0,11643700484.130001
2021-01-07,600482,18.31,18.69,17.98,18.32,12344494.0,233781235.0,11612008321.68
2021-01-08,600482,18.21,18.36,17.65,17.86,10021258.0,185964634.0,11320440427.14
2021-01-11,600482,17.84,18.1,17.28,17.48,10848489.0,199536846.0,11079579992.52
2021-01-12,600482,17.34,19.22,17.21,19.2,23285048.0,449218209.0,12169790380.8
2021-01-13,600482,19.25,19.27,18.67,19.13,16928848.0,332494946.0,12125421353.369999
2021-01-14,600482,18.86,19.08,18.38,18.38,10804491.0,209250619.0,11650038916.619999
2021-01-15,600482,18.15,18.31,17.66,18.01,9797075.0,182570881.0,11415516914.490002
2021-01-18,600482,17.91,18.74,17.87,18.45,9496571.0,181901276.0,11694407944.05
2021-01-19,600482,18.4,18.69,17.92,18.05,6654861.0,126107174.0,11440870644.45
2021-01-20,600482,18.01,18.71,17.89,18.57,8646539.0,165361094.0,11770469133.93
2021-01-21,600482,18.38,18.66,18.32,18.38,7315836.0,140376788.0,11650038916.619999
2021-01-22,600482,18.31,18.4,17.79,17.92,7889732.0,147362386.0,11358471022.080002
2021-01-25,600482,17.98,18.12,17.42,17.45,8519471.0,156804125.0,11060564695.05
2021-01-26,600482,17.41,17.98,17.21,17.66,7886781.0,144583368.0,11193671777.34
2021-01-27,600482,17.68,18.06,17.45,17.55,5386208.0,99568196.0,11123949019.95
2021-01-28,600482,17.31,17.92,17.26,17.76,6904587.0,126772797.0,11257056102.240002
2021-01-29,600482,17.78,17.9,17.32,17.67,5350183.0,97516573.0,11200010209.830002
2021-02-01,600482,17.63,17.83,17.05,17.1,5312980.0,95797044.0,10838719557.900002
2021-02-02,600482,17.11,17.12,16.38,16.9,7849073.0,136274634.0,10711950908.099998
2021-02-03,600482,16.78,17.02,16.52,16.62,3981415.0,69124750.0,10534474798.380001
2021-02-04,600482,16.38,16.57,15.76,16.1,5916124.0,98729097.0,10204876308.900002
2021-02-05,600482,16.25,16.43,15.99,16.13,3189526.0,53495705.0,10223891606.369999
2021-02-08,600482,16.09,16.09,15.78,15.93,3315100.0,54858770.0,10097122956.57
2021-02-09,600482,15.97,16.46,15.86,16.33,3490690.0,58721140.0,10350660256.169998
2021-02-10,600482,16.36,16.45,16.18,16.34,3468255.0,58739224.0,10356998688.66
2021-02-18,600482,16.49,16.82,16.49,16.59,3455850.0,59717667.0,10515459500.91
2021-02-19,600482,16.66,16.93,16.48,16.81,3530916.0,61543150.0,10654905015.689999
2021-02-22,600482,16.94,17.05,16.77,16.79,5407801.0,95041450.0,10642228150.71
2021-02-23,600482,16.65,17.05,16.65,16.74,5149721.0,90069865.0,10610535988.259998
2021-02-24,600482,16.82,17.01,16.62,16.83,4367455.0,76187242.0,10667581880.669998
2021-02-25,600482,16.84,16.93,16.4,16.44,4340721.0,74902212.0,10420383013.560001
2021-02-26,600482,16.31,16.7,16.26,16.36,3678082.0,62908482.0,10369675553.64
2021-03-01,600482,16.32,16.53,16.3,16.51,3971486.0,67698090.0,10464752040.990002
2021-03-02,600482,16.43,16.6,16.25,16.4,3492400.0,59371017.0,10395029283.599998
2021-03-03,600482,16.38,16.58,16.31,16.56,3138700.0,53668203.0,10496444203.439999
2021-03-04,600482,16.55,16.87,16.49,16.67,5039528.0,87233073.0,10566166960.830002
2021-03-05,600482,16.65,16.8,16.57,16.76,3700586.0,64107282.0,10623212853.240002
2021-03-08,600482,16.76,16.86,16.38,16.44,3734763.0,64663779.0,10420383013.560001
2021-03-09,600482,16.46,16.54,15.85,16.07,4018659.0,67664782.0,10185861011.43
2021-03-10,600482,16.11,16.24,15.86,15.86,3169736.0,52602862.0,10052753929.14
2021-03-11,600482,15.86,15.99,15.79,15.93,4328366.0,71393664.0,10097122956.57
2021-03-12,600482,15.9,16.11,15.8,16.07,3747912.0,62019497.0,10185861011.43
2021-03-15,600482,16.01,16.15,15.89,16.02,3087301.0,51325455.0,10154168848.98
2021-03-16,600482,16.05,16.12,15.94,16.09,2369715.0,39486922.0,10198537876.41
2021-03-17,600482,16.12,16.26,15.99,16.14,2843236.0,47587765.0,10230230038.86
2021-03-18,600482,16.19,16.23,16.04,16.1,2619801.0,43802905.0,10204876308.900002
2021-03-19,600482,16.02,16.43,15.96,16.19,3929184.0,66097477.0,10261922201.310001
2021-03-22,600482,16.18,16.36,16.14,16.25,2954788.0,49825751.0,10299952796.25
2021-03-23,600482,16.26,16.29,15.97,16.03,3067972.0,51187102.0,10160507281.470001
2021-03-24,600482,16.03,16.13,15.9,15.98,2250599.0,37398607.0,10128815119.02
2021-03-25,600482,15.99,16.16,15.93,16.0,2088135.0,34761873.0,10141491984.0
2021-03-26,600482,16.01,16.14,16.0,16.09,2110287.0,35242267.0,10198537876.41
2021-03-29,600482,16.1,16.23,16.04,16.16,2651716.0,44433428.0,10242906903.84
2021-03-30,600482,16.16,16.49,16.07,16.24,4234350.0,71631483.0,10293614363.759998
2021-03-31,600482,16.39,16.48,16.25,16.33,3296884.0,55912831.0,10350660256.169998
2021-04-01,600482,16.28,16.36,16.12,16.25,2622554.0,44125405.0,10299952796.25
2021-04-02,600482,16.24,16.28,16.1,16.24,2108742.0,35436493.0,10293614363.759998
2021-04-06,600482,16.28,16.9,16.27,16.59,6460302.0,111410668.0,10515459500.91
2021-04-07,600482,16.56,16.95,16.52,16.58,4557100.0,78991010.0,10509121068.419998
2021-04-08,600482,16.65,16.66,16.28,16.28,3601501.0,61386078.0,10318968093.720001
2021-04-09,600482,16.36,16.5,16.22,16.26,3082492.0,52213355.0,10306291228.740002
2021-04-12,600482,16.34,16.5,16.15,16.25,3096745.0,52466651.0,10299952796.25
2021-04-13,600482,16.24,16.3,15.91,16.0,2512632.0,41852348.0,10141491984.0
2021-04-14,600482,15.98,16.11,15.92,16.04,1696935.0,28254826.0,10166845713.96
2021-04-15,600482,16.0,16.17,15.97,16.11,2144316.0,35785829.0,10211214741.39
2021-04-16,600482,16.08,16.41,16.02,16.32,2366429.0,39859472.0,10344321823.68
2021-04-19,600482,16.28,16.56,16.28,16.49,3369337.0,57487028.0,10452075176.009998
2021-04-20,600482,16.49,16.53,16.36,16.38,2940775.0,50142277.0,10382352418.619999
2021-04-21,600482,16.38,16.42,16.23,16.27,1888933.0,31983554.0,10312629661.23
2021-04-22,600482,16.37,16.53,16.23,16.3,2138054.0,36186203.0,10331644958.7
2021-04-23,600482,16.26,16.29,16.04,16.19,2094106.0,35186775.0,10261922201.310001
2021-04-26,600482,16.24,16.51,16.22,16.27,3277701.0,55745852.0,10312629661.23
2021-04-27,600482,16.27,16.35,15.99,16.12,2085470.0,34931792.0,10217553173.880001
2021-04-28,600482,16.14,16.16,15.99,16.13,1412083.0,23552219.0,10223891606.369999
2021-04-29,600482,16.14,16.27,16.09,16.27,1803082.0,30319156.0,10312629661.23
2021-04-30,600482,16.17,16.42,16.11,16.22,3320350.0,56175103.0,10280937498.779999
2021-05-06,600482,16.3,16.73,16.3,16.47,5024752.0,86223482.0,10439398311.029999
2021-05-07,600482,16.46,16.52,16.3,16.35,3331581.0,56789648.0,10363337121.150002
2021-05-10,600482,16.3,16.3,15.92,16.07,3803381.0,63515200.0,10185861011.43
2021-05-11,600482,16.07,16.11,15.78,15.82,5268688.0,86775540.0,10027400199.18
2021-05-12,600482,15.79,15.92,15.68,15.89,3428632.0,56192058.0,10071769226.61
2021-05-13,600482,15.76,16.22,15.72,16.0,3284981.0,54629519.0,28663145296.0
2021-05-14,600482,16.03,16.14,15.86,16.11,3442753.0,57380671.0,28860204419.91
2021-05-17,600482,16.14,16.33,16.12,16.2,3669718.0,61825064.0,29021434612.199997
2021-05-18,600482,16.24,16.42,16.11,16.28,3460392.0,58491442.0,29164750338.68
2021-05-19,600482,16.29,16.36,16.05,16.07,3630798.0,60897343.0,28788546556.670002
2021-05-20,600482,16.07,16.25,16.04,16.07,2393400.0,40025646.0,28788546556.670002
2021-05-21,600482,16.09,16.14,15.91,15.93,2466978.0,40902107.0,28537744035.329998
2021-05-24,600482,15.9,16.22,15.89,16.19,2642720.0,44103410.0,29003520146.390003
2021-05-25,600482,16.15,16.34,16.04,16.31,4374952.0,73723277.0,29218493736.109997
2021-05-26,600482,16.38,16.52,16.25,16.29,3684602.0,62597181.0,29182664804.489998
2021-05-27,600482,16.3,16.39,16.21,16.33,2783265.0,47049618.0,29254322667.729996
2021-05-28,600482,16.31,16.57,16.3,16.36,4436009.0,75661140.0,29308066065.16
2021-05-31,600482,16.42,16.52,16.31,16.5,4300540.0,73360621.0,29558868586.5
2021-06-01,600482,16.48,16.91,16.44,16.63,6232773.0,108049004.0,29791756642.03
2021-06-02,600482,16.57,16.79,16.29,16.36,4843845.0,82926263.0,29308066065.16
2021-06-03,600482,16.34,16.71,16.34,16.52,4237783.0,72763410.0,29594697518.12
2021-06-04,600482,16.55,16.94,16.51,16.93,6404324.0,111790139.0,30329190616.329998
2021-06-07,600482,17.32,17.32,16.78,17.02,7030010.0,124233717.0,30490420808.62
2021-06-08,600482,17.0,17.12,16.75,17.1,5471256.0,96001143.0,30633736535.100002
2021-06-09,600482,17.1,17.57,17.05,17.16,7343622.0,131614096.0,30741223329.96
2021-06-10,600482,17.23,17.26,16.96,17.11,5821652.0,103251290.0,30651651000.91
2021-06-11,600482,17.14,17.14,16.68,16.83,6906506.0,120742501.0,30150045958.229996
2021-06-15,600482,16.77,16.94,16.56,16.78,4602062.0,79989052.0,30060473629.18
2021-06-16,600482,16.8,16.95,16.54,16.56,3849053.0,66933451.0,29666355381.359997
2021-06-17,600482,16.52,16.71,16.42,16.53,4036996.0,69245750.0,29612611983.93
2021-06-18,600482,16.5,16.8,16.48,16.67,4646449.0,80458067.0,29863414505.270004
2021-06-21,600482,16.67,16.85,16.59,16.83,4686901.0,81336995.0,30150045958.229996
2021-06-22,600482,16.77,16.97,16.72,16.97,4840727.0,84697916.0,30400848479.57
2021-06-23,600482,16.96,17.02,16.76,16.88,3309861.0,57972948.0,30239618287.28
2021-06-24,600482,16.96,17.31,16.83,16.85,5711145.0,101075587.0,30185874889.850002
2021-06-25,600482,16.87,17.0,16.69,16.79,4139002.0,72186424.0,30078388094.989998
2021-06-28,600482,16.86,17.26,16.86,16.88,3983020.0,70345544.0,30239618287.28
2021-06-29,600482,16.88,17.1,16.57,16.58,4274412.0,74459126.0,29702184312.979996
2021-06-30,600482,16.6,16.78,16.57,16.78,3154602.0,54620438.0,34020307282.000004
2021-07-01,600482,16.93,16.94,16.33,16.33,4363097.0,75048677.0,33107962926.999996
2021-07-02,600482,16.4,16.77,16.29,16.33,4066961.0,69511029.0,33107962926.999996
2021-07-05,600482,16.33,16.48,16.08,16.26,3737994.0,63081358.0,32966042694.000004
2021-07-06,600482,16.31,16.38,16.14,16.34,2667029.0,45049092.0,33128237246.0
2021-07-07,600482,16.27,16.43,16.26,16.28,2522887.0,42797234.0,33006591332.000004
2021-07-08,600482,16.38,16.52,16.28,16.4,4776807.0,81357940.0,33249883159.999996
2021-07-09,600482,16.41,16.47,16.23,16.28,3405318.0,57592470.0,33006591332.000004
2021-07-12,600482,16.36,16.63,16.28,16.52,4678458.0,80042664.0,33493174988.0
2021-07-13,600482,16.57,16.64,16.39,16.5,3488393.0,59609377.0,33452626350.0
2021-07-14,600482,16.56,16.62,16.25,16.31,4068014.0,69143505.0,33067414288.999996
2021-07-15,600482,16.25,16.34,16.04,16.17,2680701.0,44988513.0,32783573823.000004
2021-07-16,600482,16.17,16.44,16.06,16.27,4413921.0,74475072.0,32986317013.0
2021-07-19,600482,16.27,16.36,15.99,16.06,4680934.0,78226955.0,32560556313.999996
2021-07-20,600482,16.04,16.15,15.98,16.1,3011368.0,50267886.0,32641653590.000004
2021-07-21,600482,16.09,16.16,15.96,16.03,4758987.0,79352338.0,32499733357.000004
2021-07-22,600482,16.0,16.18,16.0,16.05,3767161.0,62860069.0,32540281995.0
2021-07-23,600482,16.09,16.1,15.79,15.95,5997002.0,99111131.0,32337538805.0
2021-07-26,600482,15.96,16.36,15.88,15.97,7190376.0,119774995.0,32378087443.0
2021-07-27,600482,15.98,16.1,15.8,15.84,6447177.0,106687839.0,32114521296.0
2021-07-28,600482,15.87,15.87,15.19,15.3,5379223.0,86097292.0,31019708070.0
2021-07-29,600482,15.35,15.56,15.24,15.48,4598071.0,73508193.0,31384645812.0
2021-07-30,600482,15.48,15.63,15.33,15.57,3565976.0,57422326.0,31567114683.0
2021-08-02,600482,15.55,16.26,15.46,16.21,8137916.0,135218346.0,32864671099.0
2021-08-03,600482,16.23,16.63,16.09,16.31,7404423.0,125968755.0,33067414288.999996
2021-08-04,600482,16.31,16.46,16.17,16.25,5634414.0,95255557.0,32945768375.0
2021-08-05,600482,16.25,16.99,16.19,16.72,13854131.0,240071400.0,33898661367.999996
2021-08-06,600482,16.87,16.92,16.46,16.73,11252669.0,194453820.0,33918935687.0
2021-08-09,600482,16.73,16.92,16.5,16.69,7775656.0,134453675.0,33837838411.000004
2021-08-10,600482,16.69,16.96,16.58,16.81,11741812.0,204408502.0,34081130238.999996
2021-08-11,600482,16.86,16.98,16.61,16.88,10879019.0,188872752.0,34223050471.999996
2021-08-12,600482,17.0,17.28,16.78,17.07,13305374.0,234293710.0,34608262533.0
2021-08-13,600482,17.03,17.56,17.01,17.29,14133966.0,252754210.0,35054297551.0
2021-08-16,600482,17.29,17.42,16.99,17.03,9428945.0,166983066.0,34527165257.0
2021-08-17,600482,17.01,17.37,16.59,16.68,10630611.0,186709292.0,33817564092.0
2021-08-18,600482,16.77,18.15,16.63,17.86,20705064.0,373957177.0,36209933734.0
2021-08-19,600482,17.62,18.57,17.55,18.01,21996506.0,412769088.0,36514048519.0
2021-08-20,600482,17.73,18.26,17.51,17.83,13326889.0,245742454.0,36149110777.0
2021-08-23,600482,17.9,18.32,17.79,18.09,14450159.0,269667633.0,36676243071.0
2021-08-24,600482,17.88,18.08,17.48,17.96,14550371.0,267190080.0,36412676924.0
2021-08-25,600482,17.95,18.82,17.67,18.58,19145244.0,364378405.0,37669684702.0
2021-08-26,600482,18.52,18.85,18.27,18.57,17036604.0,327948210.0,37649410383.0
2021-08-27,600482,18.28,18.47,17.89,18.26,15052928.0,281734705.0,37020906494.0
2021-08-30,600482,18.27,18.53,18.0,18.03,13191854.0,248759629.0,36554597157.0
2021-08-31,600482,17.96,18.78,17.74,18.6,15331352.0,291658988.0,37710233340.0
2021-09-01,600482,18.48,19.26,18.44,18.6,18845861.0,367280148.0,37710233340.0
2021-09-02,600482,18.48,18.87,18.29,18.67,11953714.0,229629466.0,37852153573.0
2021-09-03,600482,18.6,19.19,18.14,18.36,13956574.0,269518749.0,37223649684.0
2021-09-06,600482,18.19,18.46,17.97,18.24,10233377.0,192102656.0,36980357856.0
2021-09-07,600482,18.26,18.86,18.19,18.73,11905273.0,228801574.0,37973799487.0
2021-09-08,600482,18.71,19.0,18.46,18.54,12030498.0,232252456.0,37588587426.0
2021-09-09,600482,18.54,19.98,18.24,19.79,26257151.0,519936062.0,40122877301.0
2021-09-10,600482,19.91,19.92,19.12,19.26,16789706.0,336653254.0,39048338394.0
2021-09-13,600482,19.25,20.5,18.87,20.23,16678642.0,343850126.0,41014947337.0
2021-09-14,600482,20.21,20.86,19.68,19.84,16794994.0,351757711.0,40224248896.0
2021-09-15,600482,20.13,20.36,19.43,19.96,11520416.0,235674601.0,40467540724.0
2021-09-16,600482,19.84,20.43,19.64,19.64,9974874.0,206244336.0,39818762516.0
2021-09-17,600482,19.58,20.17,19.05,19.45,11547767.0,233551162.0,39433550455.0
2021-09-22,600482,18.92,20.2,18.92,19.84,11233626.0,228221602.0,40224248896.0
2021-09-23,600482,19.87,20.81,19.66,20.5,15804184.0,331493997.0,41562353950.0
2021-09-24,600482,20.38,20.58,19.81,19.95,10837078.0,225582734.0,40447266405.0
2021-09-27,600482,19.95,19.99,18.24,18.35,12956724.0,253672185.0,37203375365.0
2021-09-28,600482,18.22,18.66,18.09,18.1,6980275.0,132050007.0,36696517390.0
2021-09-29,600482,18.04,18.04,17.29,17.48,10038006.0,182055958.0,35439509612.0
2021-09-30,600482,17.48,17.76,17.45,17.62,4949350.0,90037121.0,35723358817.520004
2021-10-08,600482,17.79,18.22,17.66,17.73,6803527.0,125585754.0,35946376381.08
2021-10-11,600482,17.86,18.18,17.61,17.8,4811703.0,89093676.0,36088296648.8
2021-10-12,600482,17.71,17.85,17.13,17.25,6603640.0,118779680.0,34973208831.0
2021-10-13,600482,17.25,17.37,16.79,17.16,7659235.0,135194655.0,34790739915.36
2021-10-14,600482,17.15,17.31,17.04,17.22,4390435.0,78007154.0,34912385859.119995
2021-10-15,600482,17.23,17.31,16.87,16.95,5132166.0,90564128.0,34364979112.2
2021-10-18,600482,17.04,17.45,16.92,17.3,6533032.0,116591016.0,35074580450.8
2021-10-19,600482,17.38,17.42,17.11,17.26,4931294.0,87750703.0,34993483154.96001
2021-10-20,600482,17.25,17.3,17.03,17.13,5004959.0,88634652.0,34729916943.479996
2021-10-21,600482,17.11,17.28,16.96,17.1,4702990.0,83168908.0,34669093971.600006
2021-10-22,600482,17.08,17.36,17.03,17.08,4466362.0,79216670.0,34628545323.68
2021-10-25,600482,16.94,17.23,16.86,17.22,4615564.0,81487557.0,34912385859.119995
2021-10-26,600482,17.3,17.31,17.04,17.17,4424303.0,78358418.0,34811014239.32
2021-10-27,600482,17.32,17.41,16.81,16.85,4498187.0,79231477.0,34162235872.600002
2021-10-28,600482,16.92,17.1,16.43,16.43,6031800.0,104170767.0,33310714266.28
2021-10-29,600482,16.02,16.54,15.91,16.45,7188354.0,120293862.0,33351262914.199997
2021-11-01,600482,16.43,16.62,16.32,16.47,4993617.0,85108548.0,33391811562.12
2021-11-02,600482,16.6,17.56,16.5,17.55,12763525.0,224877674.0,35581438549.8
2021-11-03,600482,17.24,17.28,16.85,16.94,8169354.0,143505835.0,34344704788.24
2021-11-04,600482,16.8,17.57,16.79,17.45,8593877.0,153417960.0,35378695310.2
2021-11-05,600482,17.44,17.55,17.15,17.23,5738638.0,102611342.0,34932660183.08
2021-11-08,600482,17.27,17.44,16.96,17.14,4087551.0,72532635.0,34750191267.44
2021-11-09,600482,17.14,17.43,17.06,17.26,6111623.0,109063100.0,34993483154.96001
2021-11-10,600482,17.19,17.48,17.11,17.26,5337009.0,95166110.0,34993483154.96001
2021-11-11,600482,17.23,17.31,17.1,17.17,5327970.0,94529523.0,34811014239.32
2021-11-12,600482,17.12,17.47,17.07,17.39,7411057.0,132437073.0,35257049366.44
2021-11-15,600482,17.4,18.36,17.33,17.84,12579647.0,232721983.0,36169393944.64
2021-11-16,600482,17.84,17.89,17.24,17.31,7532151.0,136654047.0,35094854774.759995
2021-11-17,600482,17.25,17.55,17.21,17.49,5901367.0,106149600.0,35459792606.03999
2021-11-18,600482,17.5,17.78,17.37,17.66,6593433.0,119920835.0,35804456113.36
2021-11-19,600482,17.66,17.84,17.43,17.8,6121246.0,111857785.0,36088296648.8
2021-11-22,600482,17.95,17.97,17.71,17.79,5679354.0,104598327.0,36068022324.84
2021-11-23,600482,17.76,18.19,17.72,18.03,6821562.0,126661094.0,36554606099.880005
2021-11-24,600482,18.0,18.1,17.61,17.77,6954870.0,127981821.0,36027473676.92
2021-11-25,600482,17.68,17.81,17.45,17.59,5252650.0,95708574.0,35662535845.64
2021-11-26,600482,17.55,17.71,16.98,16.98,10392116.0,184770686.0,34425802084.08
2021-11-29,600482,16.54,17.01,16.45,16.93,6845112.0,118608275.0,34324430464.28
2021-11-30,600482,16.92,17.7,16.92,17.3,10415715.0,187609483.0,35074580450.8
2021-12-01,600482,17.31,17.51,17.11,17.25,6019305.0,107513261.0,34973208831.0
2021-12-02,600482,17.25,17.75,17.24,17.69,9884289.0,179606324.0,35865279085.240005
2021-12-03,600482,17.68,17.95,17.59,17.72,7428231.0,136382720.0,35926102057.119995
2021-12-06,600482,17.69,18.17,17.57,17.86,8608685.0,159119997.0,36209942592.56
2021-12-07,600482,17.86,18.27,17.54,18.13,11227461.0,207498662.0,36757349339.479996
2021-12-08,600482,18.1,18.79,17.96,18.68,15777734.0,301913884.0,37872437157.28
2021-12-09,600482,18.87,19.21,18.5,19.01,17184004.0,334619720.0,38541489847.96001
2021-12-10,600482,18.83,19.02,18.51,18.79,16305849.0,316753575.0,38095454720.84
2021-12-13,600482,18.77,19.12,18.66,18.75,9605677.0,187241679.0,38014357425.0
2021-12-14,600482,18.8,19.0,18.73,18.75,8269199.0,161176725.0,38014357425.0
2021-12-15,600482,18.76,18.91,18.48,18.59,9126925.0,175836275.0,37689968241.64
2021-12-16,600482,18.6,18.87,18.49,18.64,6798032.0,130974440.0,37791339861.44
2021-12-17,600482,18.66,18.94,18.54,18.78,8447457.0,163498643.0,38075180396.880005
2021-12-20,600482,18.77,19.03,18.46,18.57,7397584.0,142710562.0,37649419593.72
2021-12-21,600482,18.5,18.7,18.22,18.56,7709944.0,146720742.0,37629145269.759995
2021-12-22,600482,18.56,18.67,18.31,18.52,6009818.0,115012452.0,37548047973.92
2021-12-23,600482,18.58,18.84,18.47,18.53,5414650.0,104230808.0,37568322297.880005
2021-12-24,600482,18.54,18.78,18.38,18.58,5793299.0,111026149.0,37669693917.68
2021-12-27,600482,18.56,18.75,18.39,18.67,6205343.0,119221999.0,37852162833.32
2021-12-28,600482,18.75,19.32,18.66,19.0,10327157.0,202812128.0,38521215524.0
2021-12-29,600482,19.82,20.81,19.36,19.58,20390047.0,417346677.0,39697126313.68
2021-12-30,600482,19.54,19.64,19.13,19.35,13149390.0,263059647.0,39230816862.600006
2021-12-31,600482,19.36,19.44,19.02,19.06,8786408.0,174122088.0,38642861467.759995
2022-01-04,600482,18.99,19.33,18.94,19.29,9012501.0,178261544.0,39109170918.84
2022-01-05,600482,19.17,19.3,18.83,18.88,8916626.0,174829592.0,38277923636.479996
2022-01-06,600482,18.76,18.82,18.43,18.69,7386721.0,142276852.0,37892711481.240005
2022-01-07,600482,18.66,18.97,18.54,18.75,6093477.0,117880856.0,38014357425.0
2022-01-10,600482,18.61,18.77,18.57,18.76,4493386.0,86817957.0,38034631748.96001
2022-01-11,600482,18.73,18.85,18.49,18.63,4843737.0,93131872.0,37771065537.479996
2022-01-12,600482,18.81,18.91,18.61,18.77,6038132.0,117014775.0,38054906072.92
2022-01-13,600482,18.95,19.03,18.44,18.44,6895611.0,132966244.0,37385853382.240005
2022-01-14,600482,18.34,18.53,18.0,18.06,6123517.0,115744020.0,36615429071.759995
2022-01-17,600482,18.0,18.36,18.0,18.22,4715787.0,88616123.0,36939818255.119995
2022-01-18,600482,18.18,18.21,17.75,17.86,6542570.0,121148090.0,36209942592.56
2022-01-19,600482,17.81,18.02,17.69,17.86,4179265.0,77083309.0,36209942592.56
2022-01-20,600482,17.92,17.95,17.55,17.83,4643934.0,85144899.0,36149119620.68
2022-01-21,600482,17.83,17.85,17.59,17.64,4232731.0,77374810.0,35763907465.44
2022-01-24,600482,17.54,17.99,17.5,17.76,5142719.0,94512553.0,36007199352.96001
2022-01-25,600482,17.84,17.95,17.13,17.17,5969100.0,108447604.0,34811014239.32
2022-01-26,600482,17.17,17.25,16.89,16.93,4921419.0,86683771.0,34324430464.28
2022-01-27,600482,16.85,17.55,16.38,16.95,7682473.0,133605583.0,34364979112.2
2022-01-28,600482,17.42,17.42,16.69,16.84,4344665.0,76002470.0,34141961548.64
2022-02-07,600482,17.03,17.18,16.89,16.99,3266141.0,57421917.0,34446076408.03999
2022-02-08,600482,17.03,17.29,16.96,17.27,4227560.0,74878563.0,35013757478.92
2022-02-09,600482,17.24,17.51,17.23,17.36,3860754.0,69322331.0,35196226394.56
2022-02-10,600482,17.37,17.42,17.2,17.25,3386187.0,60524241.0,34973208831.0
2022-02-11,600482,17.17,17.36,17.17,17.34,3559737.0,63570382.0,35155677746.64
2022-02-14,600482,17.38,17.78,17.21,17.54,5704573.0,102902922.0,35561164225.84
2022-02-15,600482,17.56,17.56,17.22,17.37,3527855.0,63227891.0,35216500718.520004
2022-02-16,600482,17.37,17.39,17.02,17.09,5031800.0,89238263.0,34648819647.64
2022-02-17,600482,17.08,17.16,16.87,16.95,4643828.0,81654146.0,34364979112.2
2022-02-18,600482,16.92,17.22,16.86,17.22,3883621.0,68608906.0,34912385859.119995
2022-02-21,600482,17.22,17.37,17.11,17.32,4078000.0,72720827.0,35115129098.72
2022-02-22,600482,17.39,17.46,17.04,17.13,4500260.0,80218931.0,34729916943.479996
2022-02-23,600482,17.13,17.39,17.05,17.31,4819875.0,85739831.0,35094854774.759995
2022-02-24,600482,17.28,17.87,17.06,17.51,12016635.0,216674709.0,35500341253.96001
2022-02-25,600482,17.37,17.56,17.25,17.29,6427200.0,115294725.0,35054306126.84
2022-02-28,600482,17.35,17.59,17.19,17.5,6199500.0,111797041.0,35480066930.0
2022-03-01,600482,17.56,17.63,17.42,17.57,5019300.0,90952916.0,35621987197.72
2022-03-02,600482,17.52,17.57,17.34,17.43,4287498.0,77264704.0,35338146662.28
2022-03-03,600482,17.53,17.54,17.34,17.37,3744727.0,67415597.0,35216500718.520004
2022-03-04,600482,17.31,17.41,17.11,17.19,4059464.0,72438580.0,34851562887.240005
2022-03-07,600482,17.19,17.28,16.76,16.78,4337829.0,76219238.0,34020315604.88
2022-03-08,600482,16.72,16.92,16.55,16.55,5631558.0,97338420.0,33554006153.800003
2022-03-09,600482,16.65,16.77,15.66,16.06,8449270.0,141354547.0,32560564279.76
2022-03-10,600482,16.27,16.36,16.02,16.08,4794608.0,80181792.0,32601112927.679996
2022-03-11,600482,16.03,16.24,15.63,16.2,4075544.0,66982475.0,32844404815.199997
2022-03-14,600482,16.1,16.55,16.06,16.07,4398581.0,73913594.0,32580838603.72
2022-03-15,600482,16.16,16.24,15.29,15.32,5386918.0,87782611.0,31060264306.72
2022-03-16,600482,15.48,16.03,15.25,15.97,6693694.0,108369693.0,32378095364.120003
2022-03-17,600482,16.17,16.2,15.98,16.0,3670500.0,60916829.0,32438918336.0
2022-03-18,600482,16.0,16.26,15.85,16.17,3694939.0,61316145.0,32783581843.320004
2022-03-21,600482,16.06,16.22,15.96,16.17,3223479.0,53665196.0,32783581843.320004
2022-03-22,600482,16.14,16.24,15.98,16.12,2615771.0,43591982.0,32682210223.52
2022-03-23,600482,16.2,16.35,16.14,16.18,3190201.0,53473107.0,32803856167.28
2022-03-24,600482,16.23,16.23,15.88,15.94,2397388.0,39672364.0,32317272392.239998
2022-03-25,600482,15.93,16.12,15.77,15.81,2664874.0,43924920.0,32053706180.760002
2022-03-28,600482,15.66,15.8,15.45,15.75,3436423.0,55492758.0,31932060237.0
2022-03-29,600482,15.75,15.91,15.55,15.68,2394641.0,38953858.0,31790139969.28
2022-03-30,600482,15.68,15.94,15.68,15.89,2768880.0,45338592.0,32215900772.440002
2022-03-31,600482,15.95,15.95,15.81,15.83,1934601.0,31700282.0,32094254828.68
2022-04-01,600482,15.81,15.89,15.72,15.86,2379200.0,38862474.0,32155077800.559998
2022-04-06,600482,15.86,15.86,15.73,15.83,3038500.0,49586872.0,32094254828.68
2022-04-07,600482,15.83,16.05,15.38,15.38,5284075.0,85467742.0,31181910250.480003
2022-04-08,600482,15.4,15.44,14.85,14.94,6982801.0,108417924.0,30289839996.239998
2022-04-11,600482,14.89,14.93,14.38,14.46,5072810.0,76614932.0,29316672446.16
2022-04-12,600482,14.52,15.52,14.37,15.38,8612601.0,133440438.0,31181910250.480003
2022-04-13,600482,15.29,15.44,15.15,15.18,4120363.0,65011351.0,30776423771.28
2022-04-14,600482,15.19,15.32,15.0,15.18,2657633.0,41794896.0,30776423771.28
2022-04-15,600482,15.27,15.51,15.06,15.34,4113045.0,65033420.0,31100812954.64
2022-04-18,600482,15.25,15.36,15.02,15.33,3118407.0,49049889.0,31080538630.68
2022-04-19,600482,15.29,15.33,15.08,15.12,2543073.0,39897078.0,30654777827.519997
2022-04-20,600482,15.13,15.19,14.82,14.84,2391298.0,37076763.0,30087096756.64
2022-04-21,600482,14.85,14.98,14.41,14.46,4098963.0,62196082.0,29316672446.16
2022-04-22,600482,14.47,14.55,14.04,14.37,3945410.0,58173043.0,29134203530.519997
2022-04-25,600482,14.23,14.27,13.34,13.37,5361131.0,76845616.0,27106771134.519997
2022-04-26,600482,13.37,13.57,12.87,12.88,5129163.0,70280800.0,26113329260.480003
2022-04-27,600482,12.87,13.49,12.68,13.43,4438159.0,60283084.0,27228417078.28
2022-04-28,600482,13.34,13.55,13.24,13.43,3234469.0,44734467.0,27228417078.28
2022-04-29,600482,13.51,14.01,13.36,13.85,3909910.0,55337492.0,28079938684.6
2022-05-05,600482,14.05,14.24,13.82,13.96,4079000.0,59299819.0,28302956248.16
2022-05-06,600482,13.82,14.18,13.71,13.94,3687938.0,53256834.0,28262407600.239998
2022-05-09,600482,13.99,14.19,13.86,13.95,2242891.0,32488363.0,28282681924.199997
2022-05-10,600482,13.8,14.15,13.74,14.05,2841657.0,41020816.0,28485425163.800003
2022-05-11,600482,14.17,14.38,14.03,14.14,4682586.0,68813736.0,28667894079.440002
2022-05-12,600482,13.97,14.26,13.97,14.16,2336943.0,34143980.0,28708442727.36
2022-05-13,600482,14.19,14.27,14.04,14.19,2226468.0,32555138.0,28769265699.239998
2022-05-16,600482,14.22,14.4,14.13,14.23,2988568.0,44010255.0,28850362995.08
2022-05-17,600482,14.17,14.33,14.04,14.32,2115068.0,31112683.0,29032831910.72
2022-05-18,600482,14.31,14.49,14.22,14.35,2798568.0,41606231.0,29093654882.6
2022-05-19,600482,14.19,14.55,14.19,14.52,3887944.0,57804796.0,29438318389.92
2022-05-20,600482,14.52,14.79,14.39,14.59,4062698.0,61216637.0,29580238657.64
2022-05-23,600482,14.58,14.68,14.44,14.65,2820910.0,42463575.0,29701884601.4
2022-05-24,600482,14.61,14.88,14.28,14.3,5310593.0,80076089.0,28992283262.800003
2022-05-25,600482,14.34,14.53,14.18,14.49,3258783.0,48328571.0,29377495418.04
2022-05-26,600482,14.52,14.84,14.34,14.77,4135500.0,62603624.0,29945176488.92
2022-05-27,600482,14.79,14.9,14.6,14.7,3446615.0,52487265.0,29803256221.199997
2022-05-30,600482,14.76,15.16,14.76,15.14,6121008.0,94895664.0,30695326475.440002
2022-05-31,600482,15.08,15.45,14.94,15.39,5502355.0,86768953.0,31202184574.440002
2022-06-01,600482,15.35,15.76,15.31,15.71,6687939.0,107696767.0,31850962941.16
2022-06-02,600482,15.8,15.8,15.57,15.74,4405234.0,71394992.0,31911785913.04
2022-06-06,600482,15.63,15.96,15.5,15.88,4904953.0,79987454.0,32195626448.480003
2022-06-07,600482,15.92,15.92,15.53,15.66,4172020.0,67600427.0,31749591321.36
2022-06-08,600482,15.66,15.82,15.44,15.63,4322672.0,69716869.0,31688768349.480003
2022-06-09,600482,15.67,15.67,15.29,15.42,4121100.0,65853475.0,31263007546.32
2022-06-10,600482,15.4,15.83,15.29,15.58,7832938.0,126209291.0,31587396729.68
2022-06-13,600482,15.59,15.89,15.48,15.64,5755998.0,93505734.0,31709042673.440002
2022-06-14,600482,15.58,15.77,15.2,15.73,3767167.0,60163614.0,31891511589.08
2022-06-15,600482,15.7,16.17,15.67,15.68,6082561.0,100116705.0,31790139969.28
2022-06-16,600482,15.69,15.95,15.68,15.73,3924668.0,64127015.0,31891511589.08
2022-06-17,600482,15.63,16.22,15.51,15.84,5733433.0,93718309.0,32114529152.64
2022-06-20,600482,15.73,15.81,15.48,15.51,5048435.0,81323131.0,31445476461.96
2022-06-21,600482,15.56,15.56,15.16,15.34,4104490.0,65227764.0,31100812954.64
2022-06-22,600482,15.34,15.46,15.07,15.07,3577795.0,56410748.0,30553406207.72
2022-06-23,600482,15.11,15.57,15.11,15.48,5645863.0,89809057.0,31384653490.08
2022-06-24,600482,15.5,15.82,15.49,15.61,6721600.0,108844366.0,31648219701.559998
2022-06-27,600482,15.75,15.79,15.51,15.54,5091631.0,82260243.0,31506299433.84
2022-06-28,600482,15.51,15.72,15.46,15.72,3554304.0,57497110.0,31871237265.120003
2022-06-29,600482,15.67,15.73,15.22,15.23,4788006.0,76361668.0,30877795391.08
2022-06-30,600482,15.33,15.52,15.19,15.2,5210300.0,82322366.0,30816972419.199997
2022-07-01,600482,15.22,15.33,15.08,15.1,2846500.0,44576589.0,30614229179.6
2022-07-04,600482,15.15,15.37,14.89,15.25,4050140.0,63289273.0,30918344039.0
2022-07-05,600482,15.23,15.35,15.15,15.31,4870699.0,76863197.0,31039989982.760002
2022-07-06,600482,15.28,15.35,14.99,15.1,2984100.0,46719570.0,30614229179.6
2022-07-07,600482,15.01,15.25,15.0,15.01,3504685.0,54636537.0,30431760263.96
2022-07-08,600482,15.03,15.12,14.93,14.96,2689305.0,41751370.0,30330388644.16
2022-07-11,600482,14.98,14.99,14.69,14.85,2688906.0,41093153.0,30107371080.6
2022-07-12,600482,14.85,14.97,14.68,14.69,2518807.0,38536608.0,29782981897.239998
2022-07-13,600482,14.68,14.94,14.68,14.85,2419400.0,37025820.0,30107371080.6
2022-07-14,600482,14.93,15.37,14.79,15.3,5715796.0,89940240.0,31019715658.800003
2022-07-15,600482,15.29,15.44,15.11,15.12,4005895.0,63327030.0,30654777827.519997
2022-07-18,600482,14.88,15.53,14.87,15.53,4466869.0,71095958.0,31486025109.879997
2022-07-19,600482,15.55,15.84,15.44,15.69,4724501.0,76442993.0,31810414293.239998
2022-07-20,600482,15.67,16.39,15.59,16.17,10194839.0,169417341.0,32783581843.320004
2022-07-21,600482,16.06,16.11,15.75,15.81,6113982.0,100368160.0,32053706180.760002
2022-07-22,600482,15.82,16.05,15.68,15.88,4825562.0,79124970.0,32195626448.480003
2022-07-25,600482,16.02,16.1,15.82,15.87,4989500.0,82182004.0,32175352124.519997
2022-07-26,600482,15.87,15.89,15.65,15.82,2960300.0,48265135.0,32073980504.72
2022-07-27,600482,15.8,16.19,15.75,16.03,4227818.0,69998904.0,32499741307.88
2022-07-28,600482,16.05,16.12,15.95,16.07,3762901.0,62410477.0,32580838603.72
2022-07-29,600482,16.07,16.08,15.75,15.81,3616020.0,59264988.0,32053706180.760002
2022-08-01,600482,15.82,16.04,15.75,16.0,3636771.0,59866566.0,32438918336.0
2022-08-02,600482,16.27,16.6,15.85,16.21,12785294.0,214857089.0,32864679139.16
2022-08-03,600482,16.05,16.59,15.74,16.13,12993360.0,218702461.0,32702484547.48
2022-08-04,600482,16.14,16.31,15.61,15.69,9472611.0,154691043.0,31810414293.239998
2022-08-05,600482,15.7,15.95,15.43,15.75,5900159.0,95321152.0,31932060237.0
2022-08-08,600482,15.75,15.77,15.51,15.67,4463600.0,72288705.0,31769865645.32
2022-08-09,600482,15.69,15.78,15.52,15.61,3813642.0,61458808.0,31648219701.559998
2022-08-10,600482,15.64,15.79,15.53,15.67,3929924.0,63703972.0,31769865645.32
2022-08-11,600482,15.7,16.21,15.69,16.13,6782311.0,111932439.0,32702484547.48
2022-08-12,600482,16.06,16.18,15.75,15.79,4990864.0,82001262.0,32013157532.84
2022-08-15,600482,15.79,15.98,15.66,15.68,4322850.0,70436540.0,31790139969.28
2022-08-16,600482,15.68,15.84,15.63,15.68,3266800.0,53088996.0,31790139969.28
2022-08-17,600482,15.67,16.16,15.64,16.11,6840823.0,112799294.0,32661935899.559998
2022-08-18,600482,16.05,16.32,15.98,16.1,4639828.0,77269136.0,32641661575.600002
2022-08-19,600482,16.14,16.16,15.79,15.79,3567848.0,58732899.0,32013157532.84
2022-08-22,600482,15.77,15.96,15.6,15.88,4011185.0,65519385.0,32195626448.480003
2022-08-23,600482,15.86,15.87,15.7,15.83,2878178.0,46928437.0,32094254828.68
2022-08-24,600482,17.42,17.42,16.37,17.42,31773297.0,558493073.0,35317872338.32
2022-08-25,600482,17.42,18.96,16.98,17.87,36572238.0,679670302.0,36230216916.520004
2022-08-26,600482,17.86,18.19,17.02,17.21,25465521.0,460010915.0,34892111535.16
2022-08-29,600482,16.73,17.23,16.56,17.01,15549949.0,270602329.0,34486625055.96001
2022-08-30,600482,16.88,16.9,16.29,16.49,14036251.0,238599717.0,33432360210.039997
2022-08-31,600482,16.43,16.49,15.48,15.49,14473082.0,235363974.0,31404927814.04
2022-09-01,600482,15.75,15.75,15.31,15.32,6629201.0,105386977.0,31060264306.72
2022-09-02,600482,15.34,16.0,15.28,15.78,8035938.0,129860645.0,31992883208.879997
2022-09-05,600482,15.83,16.22,15.72,15.99,7687684.0,126508572.0,32418644012.04
2022-09-06,600482,16.0,16.28,15.9,16.17,6101902.0,101118086.0,32783581843.320004
2022-09-07,600482,16.13,16.34,15.94,16.22,6406389.0,106673887.0,32884953463.12
2022-09-08,600482,16.31,16.51,16.15,16.45,6317589.0,106546162.0,33351262914.199997
2022-09-09,600482,16.34,16.61,16.26,16.32,5522782.0,93247768.0,33087696702.72
2022-09-13,600482,16.35,16.43,16.04,16.19,5672500.0,94645162.0,32824130491.24
2022-09-14,600482,15.99,16.22,15.96,16.01,3753767.0,61949180.0,32459192659.960003
2022-09-15,600482,16.11,16.16,15.49,15.63,6222862.0,100615074.0,31688768349.480003
2022-09-16,600482,15.6,15.76,15.28,15.28,4969514.0,79425063.0,30979167010.879997
2022-09-19,600482,15.28,15.34,14.88,14.93,3903958.0,60339045.0,30269565672.28
2022-09-20,600482,15.06,15.27,14.96,15.0,3483900.0,53958597.0,30411485940.0
2022-09-21,600482,14.97,15.13,14.75,15.07,3265081.0,50290924.0,30553406207.72
2022-09-22,600482,14.91,15.58,14.91,15.48,5344644.0,84135080.0,31384653490.08
2022-09-23,600482,15.4,15.74,15.18,15.51,5188500.0,82642317.0,31445476461.96
2022-09-26,600482,15.47,15.48,14.98,14.99,4430700.0,69468591.0,30391211616.04
2022-09-27,600482,15.13,15.26,14.92,15.12,3848601.0,59575152.0,30654777827.519997
2022-09-28,600482,15.16,15.3,14.76,14.77,4210709.0,64736844.0,29945176488.92
2022-09-29,600482,14.93,15.05,14.55,14.66,3457564.0,52502968.0,29722158925.36
2022-09-30,600482,14.66,14.79,14.44,14.47,3112437.0,46633989.0,29336946770.120003
2022-10-10,600482,14.58,14.66,14.24,14.44,3155515.0,46957118.0,29276123798.239998
2022-10-11,600482,14.32,14.63,14.23,14.54,3027200.0,44899455.0,29478867037.84
2022-10-12,600482,14.5,15.01,14.35,14.99,3177018.0,47951113.0,30391211616.04
2022-10-13,600482,14.96,15.12,14.88,14.9,3006821.0,46289072.0,30208742700.4
2022-10-14,600482,15.01,15.25,14.98,15.17,2788580.0,43462253.0,30756149447.32
2022-10-17,600482,15.18,15.5,15.14,15.46,3192327.0,50525138.0,31344104842.16
2022-10-18,600482,15.47,15.49,15.21,15.24,3771400.0,59439572.0,30898069715.04
2022-10-19,600482,15.17,15.47,15.1,15.25,3806867.0,59956938.0,30918344039.0
2022-10-20,600482,15.08,15.29,14.95,15.1,3202188.0,49746613.0,30614229179.6
2022-10-21,600482,15.08,15.44,15.04,15.4,3972500.0,62590859.0,31222458898.4
2022-10-24,600482,15.4,15.7,15.29,15.41,5484482.0,87536110.0,31242733222.36
2022-10-25,600482,15.31,15.68,15.23,15.59,5174900.0,82471421.0,31607671053.64
2022-10-26,600482,15.59,15.85,15.49,15.7,4558492.0,73607037.0,31830688617.199997
2022-10-27,600482,15.72,15.86,15.61,15.71,3321035.0,53706341.0,31850962941.16
2022-10-28,600482,15.66,15.81,15.1,15.24,4390270.0,69749419.0,30898069715.04
2022-10-31,600482,14.97,15.77,14.81,15.68,6308236.0,100340296.0,31790139969.28
2022-11-01,600482,15.56,16.04,15.51,15.97,6069395.0,99041101.0,32378095364.120003
2022-11-02,600482,15.97,16.1,15.86,15.88,3537406.0,58101274.0,32195626448.480003
2022-11-03,600482,15.71,16.26,15.68,16.11,4392200.0,72671082.0,32661935899.559998
2022-11-04,600482,16.11,16.29,16.04,16.26,4639697.0,77323183.0,32966050758.960003
2022-11-07,600482,16.16,16.33,16.0,16.16,4307319.0,71482591.0,32763307519.36
2022-11-08,600482,16.12,16.22,15.97,16.15,2868196.0,47433084.0,32743033195.399998
2022-11-09,600482,16.32,16.32,15.86,15.86,3267200.0,53815323.0,32155077800.559998
2022-11-10,600482,15.77,16.01,15.75,15.86,3544170.0,57827482.0,32155077800.559998
2022-11-11,600482,16.04,16.29,15.95,16.08,6272296.0,104086677.0,32601112927.679996
2022-11-14,600482,15.97,16.12,15.76,15.84,2880900.0,47167429.0,32114529152.64
2022-11-15,600482,15.83,15.99,15.79,15.95,3135337.0,51335520.0,32337546716.199997
2022-11-16,600482,15.95,16.12,15.92,15.99,3503754.0,57699679.0,32418644012.04
2022-11-17,600482,15.9,15.97,15.7,15.96,3502481.0,56935544.0,32357821040.16
2022-11-18,600482,16.0,16.03,15.89,15.97,3256302.0,53414563.0,32378095364.120003
2022-11-21,600482,15.86,16.09,15.76,15.92,3798957.0,62387569.0,32276723744.32
2022-11-22,600482,15.87,16.81,15.85,16.41,11840241.0,199509468.0,33270165618.36
2022-11-23,600482,16.38,16.82,16.19,16.43,10642900.0,180384688.0,33310714266.28
2022-11-24,600482,16.44,16.48,16.12,16.14,5479987.0,91535568.0,32722758871.440002
2022-11-25,600482,16.16,16.33,16.05,16.24,3536691.0,59079787.0,32925502111.039997
2022-11-28,600482,16.02,16.1,15.76,16.01,4593654.0,75229993.0,32459192659.960003
2022-11-29,600482,16.03,16.19,15.96,16.03,4498503.0,74235024.0,32499741307.88
2022-11-30,600482,16.02,16.1,15.76,15.82,4319500.0,70719990.0,32073980504.72
2022-12-01,600482,15.92,16.03,15.9,15.97,3492358.0,57343138.0,32378095364.120003
2022-12-02,600482,15.94,16.01,15.81,15.85,2749965.0,44958748.0,32134803476.6
2022-12-05,600482,15.84,16.45,15.84,16.34,8848433.0,147612185.0,33128245350.64
2022-12-06,600482,16.27,16.35,16.15,16.29,4561065.0,76179968.0,33026873730.84
2022-12-07,600482,16.3,16.47,16.04,16.13,4695021.0,78419692.0,32702484547.48
2022-12-08,600482,16.04,16.12,15.79,15.84,4504049.0,73652424.0,32114529152.64
2022-12-09,600482,15.83,15.89,15.27,15.31,8665466.0,138009823.0,31039989982.760002
2022-12-12,600482,15.27,15.31,15.08,15.28,4390976.0,68662864.0,30979167010.879997
2022-12-13,600482,15.28,15.46,15.2,15.41,3443760.0,54305889.0,31242733222.36
2022-12-14,600482,15.36,15.49,15.32,15.34,2550777.0,40351264.0,31100812954.64
2022-12-15,600482,15.32,15.4,15.15,15.2,2582600.0,40459421.0,30816972419.199997
2022-12-16,600482,15.17,15.27,15.06,15.25,2270310.0,35361146.0,30918344039.0
2022-12-19,600482,15.25,15.4,14.81,14.92,3416501.0,52798245.0,30249291348.32
2022-12-20,600482,14.99,15.13,14.85,15.08,2599645.0,40225381.0,30573680531.68
2022-12-21,600482,15.05,15.15,15.0,15.13,1938425.0,30057150.0,30675052151.480003
2022-12-22,600482,15.08,15.16,14.89,14.96,1773700.0,27391311.0,30330388644.16
2022-12-23,600482,14.86,15.09,14.86,14.91,1973618.0,30339091.0,30229017024.36
2022-12-26,600482,14.92,15.21,14.91,15.0,2340061.0,36212079.0,30411485940.0
2022-12-27,600482,15.17,15.18,15.04,15.08,1814272.0,28205315.0,30573680531.68
2022-12-28,600482,15.12,15.16,14.9,14.93,2461700.0,37940308.0,30269565672.28
2022-12-29,600482,14.89,15.05,14.86,14.89,1525271.0,23435908.0,30188468376.440002
2022-12-30,600482,14.81,14.97,14.81,14.87,1624588.0,24865185.0,30147919728.519997
2023-01-03,600482,14.89,15.06,14.89,15.02,2729620.0,42108077.0,30452034587.92
2023-01-04,600482,14.99,15.08,14.98,15.01,2896630.0,44752193.0,30431760263.96
2023-01-05,600482,15.02,15.21,15.01,15.14,3013189.0,46789959.0,30695326475.440002
2023-01-06,600482,15.13,15.22,15.02,15.04,2849317.0,44284743.0,30492583235.84
2023-01-09,600482,15.0,15.18,15.0,15.1,2807300.0,43582916.0,30614229179.6
2023-01-10,600482,15.1,15.11,14.89,14.93,2430453.0,37436830.0,30269565672.28
2023-01-11,600482,14.96,14.98,14.76,14.79,3572584.0,54608319.0,29985725136.84
2023-01-12,600482,14.87,14.89,14.55,14.62,4762402.0,71873478.0,29641061629.519997
2023-01-13,600482,14.59,14.79,14.59,14.73,2145055.0,32447436.0,29864079193.08
2023-01-16,600482,14.77,15.01,14.75,14.89,4284388.0,65653195.0,30188468376.440002
2023-01-17,600482,14.85,15.04,14.85,15.0,2631467.0,40547075.0,30411485940.0
2023-01-18,600482,15.05,15.15,14.92,15.1,2399000.0,37152226.0,30614229179.6
2023-01-19,600482,15.05,15.15,15.02,15.15,1961900.0,30459099.0,30715600799.4
2023-01-20,600482,15.15,15.27,15.13,15.19,2456716.0,38410997.0,30796698095.239998
2023-01-30,600482,15.4,15.49,15.26,15.26,4775916.0,75398287.0,30938618362.96
2023-01-31,600482,15.24,15.56,15.22,15.44,4643856.0,73746748.0,31303556194.239998
2023-02-01,600482,15.44,15.7,15.44,15.64,4516641.0,72450577.0,31709042673.440002
2023-02-02,600482,15.71,15.71,15.47,15.49,3083299.0,49320929.0,31404927814.04
2023-02-03,600482,15.46,15.6,15.28,15.54,3658900.0,58011705.0,31506299433.84
2023-02-06,600482,15.46,15.85,15.39,15.67,3735701.0,60098028.0,31769865645.32
2023-02-07,600482,15.71,15.76,15.56,15.63,2932200.0,47159384.0,31688768349.480003
2023-02-08,600482,15.62,15.7,15.44,15.47,2494100.0,39841100.0,31364379166.120003
2023-02-09,600482,15.46,15.96,15.37,15.87,8014063.0,130359027.0,32175352124.519997
2023-02-10,600482,15.87,15.87,15.63,15.73,4617117.0,74805868.0,31891511589.08
2023-02-13,600482,15.79,16.11,15.79,15.9,6137110.0,100859263.0,32236175096.4
2023-02-14,600482,15.91,16.0,15.8,15.85,3390200.0,55306735.0,32134803476.6
2023-02-15,600482,15.87,15.97,15.73,15.9,4295537.0,70019959.0,32236175096.4
2023-02-16,600482,15.99,16.05,15.51,15.68,5896827.0,96020631.0,31790139969.28
2023-02-17,600482,15.75,15.83,15.6,15.68,3243925.0,52450093.0,31790139969.28
2023-02-20,600482,15.68,15.92,15.58,15.83,4373285.0,70691567.0,32094254828.68
2023-02-21,600482,15.9,15.99,15.7,15.8,5034639.0,82006458.0,32033431856.800003
2023-02-22,600482,15.79,15.89,15.75,15.82,2636249.0,42895894.0,32073980504.72
2023-02-23,600482,15.87,15.87,15.79,15.86,3648053.0,59421728.0,32155077800.559998
2023-02-24,600482,15.86,16.19,15.86,15.96,6943491.0,114543093.0,32357821040.16
2023-02-27,600482,15.85,16.03,15.58,15.65,8481010.0,137416459.0,31729316997.4
2023-02-28,600482,15.69,15.89,15.66,15.87,4590300.0,74545617.0,32175352124.519997
2023-03-01,600482,15.87,15.94,15.8,15.86,6203025.0,101299397.0,32155077800.559998
2023-03-02,600482,15.92,16.48,15.87,16.25,13835526.0,230762925.0,32945776435.0
2023-03-03,600482,16.26,16.91,16.15,16.73,18599481.0,318831229.0,33918943985.08
2023-03-06,600482,16.94,17.04,16.53,16.61,19131597.0,328489595.0,33675652097.559998
2023-03-07,600482,16.73,16.98,16.44,16.49,14263473.0,245387236.0,33432360210.039997
2023-03-08,600482,16.46,16.68,16.24,16.64,8027849.0,136592600.0,33736475069.440002
2023-03-09,600482,16.63,16.72,16.28,16.41,7231323.0,122252602.0,33270165618.36
2023-03-10,600482,16.44,16.44,16.09,16.09,5901739.0,98310018.0,32621387251.64
2023-03-13,600482,16.12,16.27,15.96,16.04,6452565.0,106659433.0,32520015631.84
2023-03-14,600482,16.01,16.26,15.76,16.11,8095225.0,133575127.0,32661935899.559998
2023-03-15,600482,16.13,16.39,16.1,16.38,6865104.0,114739295.0,33209342646.48
2023-03-16,600482,16.35,16.35,15.75,15.8,6520401.0,107259997.0,32033431856.800003
2023-03-17,600482,15.9,16.1,15.88,16.01,5335242.0,87838619.0,32459192659.960003
2023-03-20,600482,16.01,16.31,15.99,16.08,5690701.0,94381955.0,32601112927.679996
2023-03-21,600482,16.33,16.66,16.28,16.38,8752399.0,147947135.0,33209342646.48
2023-03-22,600482,16.34,16.54,16.25,16.48,7304761.0,123392441.0,33412085886.08
2023-03-23,600482,16.49,16.7,16.37,16.62,6128400.0,104455841.0,33695926421.52
2023-03-24,600482,16.62,16.72,16.34,16.62,6511200.0,110820014.0,33695926421.52
2023-03-27,600482,16.56,17.01,16.53,16.74,8985736.0,155115266.0,33939218309.039997
2023-03-28,600482,16.74,16.94,16.55,16.57,7356155.0,126627709.0,33594554801.72
2023-03-29,600482,16.58,16.73,16.35,16.38,5601395.0,94956335.0,33209342646.48
2023-03-30,600482,16.43,16.52,16.31,16.4,4567860.0,76980731.0,33249891294.399998
2023-03-31,600482,16.41,16.45,16.21,16.29,4591401.0,76876882.0,33026873730.84
2023-04-03,600482,16.29,16.58,16.21,16.39,6161463.0,104150887.0,33229616970.440002
2023-04-04,600482,16.43,16.5,16.25,16.48,5704764.0,96142940.0,33412085886.08
2023-04-06,600482,16.43,16.55,16.24,16.38,5561501.0,93603721.0,33209342646.48
2023-04-07,600482,16.32,16.39,16.15,16.2,4762702.0,79606718.0,32844404815.199997
2023-04-10,600482,16.55,16.69,16.34,16.4,7723200.0,130928862.0,33249891294.399998
2023-04-11,600482,16.39,16.39,16.08,16.1,4672400.0,77574489.0,32641661575.600002
2023-04-12,600482,16.1,16.31,16.05,16.14,4442800.0,73924894.0,32722758871.440002
2023-04-13,600482,16.12,16.5,16.12,16.35,5730065.0,96302692.0,33148519674.600002
2023-04-14,600482,16.31,16.41,16.14,16.18,4256901.0,71149417.0,32803856167.28
2023-04-17,600482,16.14,16.34,16.13,16.19,9542500.0,159108527.0,32824130491.24
2023-04-18,600482,16.22,16.27,15.95,16.03,5338797.0,88314668.0,32499741307.88
2023-04-19,600482,16.06,16.14,15.91,16.03,4656924.0,76787150.0,32499741307.88
2023-04-20,600482,15.94,16.08,15.93,16.01,3396862.0,55929179.0,32459192659.960003
2023-04-21,600482,15.98,16.7,15.93,16.25,13355848.0,225314021.0,32945776435.0
2023-04-24,600482,16.15,16.21,15.56,15.87,10737284.0,175481288.0,32175352124.519997
2023-04-25,600482,15.82,16.13,15.52,15.68,7966627.0,129621031.0,31790139969.28
2023-04-26,600482,15.59,16.31,15.58,16.04,8559800.0,141526455.0,32520015631.84
2023-04-27,600482,16.01,16.96,15.91,16.94,14728500.0,250657322.0,34344704788.24
2023-04-28,600482,16.63,16.63,16.34,16.54,13851625.0,234821766.0,33533731829.84
2023-05-04,600482,16.53,17.64,16.43,16.8,30525345.0,536261877.0,34060864252.800003
2023-05-05,600482,16.8,17.44,16.8,17.03,20867706.0,365889065.0,34527173703.880005
2023-05-08,600482,17.26,18.73,17.19,18.73,90278209.0,1725988999.0,37973808777.08
2023-05-09,600482,18.48,18.73,17.94,17.95,72410716.0,1361585232.0,36392411508.2
2023-05-10,600482,17.69,18.38,17.5,17.84,37386024.0,688118774.0,36169393944.64
2023-05-11,600482,17.83,17.87,17.05,17.39,26883411.0,480176483.0,35257049366.44
2023-05-12,600482,17.34,17.49,16.75,16.87,20727341.0,364139626.0,34202784520.52
2023-05-15,600482,17.11,18.2,16.66,18.13,40224650.0,724514107.0,36757349339.479996
2023-05-16,600482,17.99,19.93,17.8,19.24,73926219.0,1463359802.0,39007799299.03999
2023-05-17,600482,18.9,21.16,18.55,20.99,81894593.0,1681330678.0,42555805992.03999
2023-05-18,600482,20.42,20.66,19.84,20.09,70531477.0,1461261291.0,40731116835.64
2023-05-19,600482,19.2,19.65,18.75,18.8,56944965.0,1117193761.0,38115729044.8
2023-05-22,600482,18.7,19.04,18.11,18.23,36169211.0,686175882.0,36960092579.08
2023-05-23,600482,18.17,18.76,17.8,18.66,51622304.0,974742544.0,37831888509.36
2023-05-24,600482,18.16,18.58,17.89,17.92,37932378.0,709584349.0,36331588536.32
2023-05-25,600482,17.55,17.87,17.36,17.73,31722137.0,574242936.0,35946376381.08
2023-05-26,600482,17.65,18.12,17.19,17.87,26239132.0,477835500.0,36230216916.520004
2023-05-29,600482,17.96,18.6,17.88,18.14,32544310.0,611035069.0,36777623663.44
2023-05-30,600482,17.87,18.18,17.68,17.91,24517239.0,450329137.0,36311314212.36
2023-05-31,600482,17.88,18.33,17.75,17.94,26428675.0,491034058.0,36372137184.240005
2023-06-01,600482,17.78,18.45,17.36,18.3,31353597.0,581366830.0,37102012846.8
2023-06-02,600482,18.47,18.9,17.86,17.87,32938946.0,621257934.0,36230216916.520004
2023-06-05,600482,17.81,18.24,17.7,17.9,16416165.0,303511497.0,36291039888.399994
2023-06-06,600482,17.95,18.08,17.36,17.39,19251758.0,350623003.0,35257049366.44
2023-06-07,600482,17.48,17.77,17.31,17.52,17589274.0,317319058.0,35520615577.92
2023-06-08,600482,17.59,18.59,17.59,18.2,36251496.0,678463567.0,36899269607.2
2023-06-09,600482,17.99,18.3,17.94,18.05,22229101.0,413052162.0,36595154747.8
2023-06-12,600482,18.0,18.28,17.79,18.01,20954383.0,389757695.0,36514057451.96001
2023-06-13,600482,17.97,18.05,17.48,17.88,19584840.0,357410169.0,36250491240.479996
2023-06-14,600482,17.84,18.56,17.74,18.24,30121728.0,563643952.0,36980366903.03999
2023-06-15,600482,18.14,18.32,17.94,18.3,21662042.0,403460779.0,37102012846.8
2023-06-16,600482,18.36,19.14,18.36,19.04,38719790.0,754460432.0,38602312819.84
2023-06-19,600482,18.96,19.65,18.86,19.47,35990789.0,717429027.0,39474108750.119995
2023-06-20,600482,19.63,20.92,19.31,20.32,53211235.0,1107799479.0,41197426286.72
2023-06-21,600482,20.32,20.97,20.14,20.4,42085271.0,889010269.0,41359620878.399994
2023-06-26,600482,20.4,20.86,19.82,19.98,27284672.0,567841354.0,40508099272.08
2023-06-27,600482,20.03,21.99,19.87,21.99,40237090.0,879666667.0,44583238388.03999
2023-06-28,600482,22.75,24.18,22.46,23.67,98580788.0,2372558832.0,47989324813.32
2023-06-29,600482,23.43,23.66,22.85,23.05,69964252.0,1668018935.0,46732316727.8
2023-06-30,600482,23.11,23.33,22.37,22.79,52730419.0,1233419014.0,46750366502.52
2023-07-03,600482,22.37,23.2,22.02,22.7,55936335.0,1300416240.0,46565744607.6
2023-07-04,600482,22.31,22.96,21.9,22.43,43270910.0,997161618.0,46011878922.84
2023-07-05,600482,22.07,22.25,21.33,21.42,45031657.0,1006054779.0,43940010990.96001
2023-07-06,600482,21.44,21.87,21.25,21.64,25628132.0,569344946.0,44391308956.32
2023-07-07,600482,21.47,21.91,21.44,21.56,22640482.0,504161860.0,44227200605.28
2023-07-10,600482,21.67,22.33,21.54,21.74,25844626.0,582224021.0,44596444395.119995
2023-07-11,600482,21.75,21.94,21.31,21.53,18108334.0,401693027.0,44211179733.08
2023-07-12,600482,21.44,21.6,21.05,21.19,20270171.0,444105256.0,43513000396.840004
2023-07-13,600482,21.18,22.17,21.0,21.73,27127846.0,606435316.0,44621873460.28
2023-07-14,600482,21.61,22.22,21.5,22.12,33380256.0,754327827.0,45422726228.32
2023-07-17,600482,21.86,22.83,21.26,22.6,34174069.0,780577087.0,46408391173.600006
2023-07-18,600482,22.38,22.78,22.18,22.3,19824439.0,457987379.0,45792350582.8
2023-07-19,600482,22.07,22.33,21.71,21.99,14123929.0,319124908.0,45155775305.64
2023-07-20,600482,21.99,22.05,20.98,21.12,26486929.0,580579773.0,43369257592.32
2023-07-21,600482,20.84,21.3,20.36,20.64,22958354.0,487883617.0,42383592647.04
2023-07-24,600482,20.58,21.54,20.49,21.2,16777887.0,365052564.0,43533535083.2
2023-07-25,600482,21.55,21.56,20.88,21.07,12663700.0,273845089.0,43266584160.520004
2023-07-26,600482,21.09,21.53,20.59,20.74,17626112.0,381763546.0,42588939510.64
2023-07-27,600482,20.6,21.73,20.56,20.9,23136499.0,503654063.0,42917494492.399994
2023-07-28,600482,21.0,21.0,20.19,20.78,24507125.0,518001880.0,42671078256.08
2023-07-31,600482,20.85,21.27,20.69,21.24,21369864.0,462469300.0,43615673828.64
2023-08-01,600482,21.32,21.36,20.8,20.94,13346346.0,287926357.0,42999633237.840004
2023-08-02,600482,20.96,21.28,20.71,20.92,12785136.0,275027946.0,42958563865.12
2023-08-03,600482,20.68,21.1,20.66,20.67,15820563.0,337927135.0,42445196706.12
2023-08-04,600482,20.66,20.92,19.79,19.88,36058628.0,748759451.0,40822956483.68
2023-08-07,600482,19.74,20.13,19.71,20.12,19514756.0,400342005.0,41315788956.32
2023-08-08,600482,20.12,20.13,19.22,19.38,23297652.0,464455981.0,39796222165.68
2023-08-09,600482,19.29,19.47,19.1,19.28,14046966.0,278060578.0,39590875302.08
2023-08-10,600482,19.38,19.6,19.28,19.31,9973695.0,198642093.0,39652479361.159996
2023-08-11,600482,19.26,19.38,18.77,18.79,13284217.0,259413639.0,38584675670.439995
2023-08-14,600482,18.6,19.46,18.45,19.44,17930835.0,352544664.0,39919430283.840004
2023-08-15,600482,19.43,19.57,19.06,19.14,10513826.0,208354481.0,39303389693.04
2023-08-16,600482,19.12,19.3,18.83,18.87,6674000.0,130251791.0,38748953161.32
2023-08-17,600482,18.79,19.54,18.76,19.39,14218469.0,281161906.0,39816756852.04
2023-08-18,600482,19.35,19.49,18.88,18.88,9318830.0,182942356.0,38769487847.68
2023-08-21,600482,18.92,19.27,18.65,18.65,8738742.0,169945570.0,38297190061.399994
2023-08-22,600482,18.71,19.12,18.66,19.06,10678345.0,207458508.0,39139112202.159996
2023-08-23,600482,18.95,18.99,18.4,18.41,8836274.0,169135813.0,37804357588.76
2023-08-24,600482,18.48,18.7,18.32,18.43,9849500.0,187280797.0,37845426961.479996
2023-08-25,600482,18.35,18.52,18.1,18.23,8676287.0,162543371.0,37434733234.28
2023-08-28,600482,19.44,19.45,18.04,18.16,12187131.0,233127963.0,37290990429.76
2023-08-29,600482,18.12,19.06,18.05,18.93,14953296.0,287291972.0,38872161279.479996
2023-08-30,600482,19.03,19.43,18.87,19.03,10677466.0,209463997.0,39077508143.08
2023-08-31,600482,19.23,19.23,18.66,18.7,10792113.0,208954976.0,38399863493.2
2023-09-01,600482,18.66,19.05,18.61,18.95,8324667.0,161345690.0,38913230652.2
2023-09-04,600482,19.05,19.3,19.0,19.25,8117481.0,159796662.0,39529271243.0
2023-09-05,600482,19.21,19.44,19.08,19.13,7812904.0,154395592.0,39282855006.68
2023-09-06,600482,19.08,19.09,18.83,19.01,6680406.0,129962348.0,39036438770.36
2023-09-07,600482,18.95,19.15,18.44,18.46,11488680.0,220537313.0,37907031020.560005
2023-09-08,600482,18.37,18.65,18.33,18.48,7529567.0,142889491.0,37948100393.28
2023-09-11,600482,18.48,18.78,18.37,18.65,10652762.0,203655179.0,38297190061.399994
2023-09-12,600482,18.65,18.99,18.51,18.78,8100001.0,155953361.0,38564140984.08
2023-09-13,600482,18.64,18.77,18.34,18.42,6209833.0,117912017.0,37824892275.12
2023-09-14,600482,18.38,19.0,18.38,18.83,11633805.0,224590574.0,38666814415.88
2023-09-15,600482,18.72,19.16,18.61,18.83,11889344.0,230556878.0,38666814415.88
2023-09-18,600482,18.71,18.93,18.22,18.87,10940443.0,208876585.0,38748953161.32
2023-09-19,600482,18.87,18.92,18.37,18.44,10211246.0,194953169.0,37865961647.840004
2023-09-20,600482,18.42,18.69,18.37,18.51,6932549.0,131993595.0,38009704452.36
2023-09-21,600482,18.46,19.29,18.39,19.05,19319028.0,377309118.0,39118577515.8
2023-09-22,600482,18.93,19.2,18.82,19.17,13515273.0,264017797.0,39364993752.12
2023-09-25,600482,19.2,19.21,18.47,18.56,15461237.0,297214479.0,38112377884.159996
2023-09-26,600482,18.44,18.83,18.44,18.47,9260898.0,176607062.0,37927565706.92
2023-09-27,600482,18.5,18.6,17.37,17.7,23096114.0,423218363.0,36346394857.2
2023-09-28,600482,17.69,18.17,17.69,18.08,15784594.0,292421940.0,37126712938.88
2023-10-09,600482,18.05,18.79,18.03,18.46,16292868.0,308956901.0,37907031020.560005
2023-10-10,600482,18.37,18.53,18.06,18.52,8982119.0,168617936.0,38030239138.72
2023-10-11,600482,18.48,18.48,17.94,18.0,10933401.0,203098491.0,36962435448.0
2023-10-12,600482,18.08,18.25,17.91,18.11,6765500.0,125652000.0,37188316997.96
2023-10-13,600482,18.07,18.12,17.54,17.63,8311600.0,151251202.0,36202652052.68
2023-10-16,600482,17.7,17.84,17.5,17.57,6444101.0,116966606.0,36079443934.520004
2023-10-17,600482,17.57,17.79,17.45,17.63,5427801.0,98231860.0,36202652052.68
2023-10-18,600482,17.59,17.71,17.33,17.4,8474169.0,152509929.0,35730354266.399994
2023-10-19,600482,17.32,17.53,17.22,17.23,6420867.0,114514576.0,35381264598.28
2023-10-20,600482,17.15,17.51,17.12,17.18,6878512.0,121841353.0,35278591166.479996
2023-10-23,600482,17.15,17.32,16.63,16.75,8203385.0,142282502.0,34395599653.0
2023-10-24,600482,16.74,16.95,16.59,16.81,8075300.0,138993953.0,34518807771.159996
2023-10-25,600482,16.89,17.19,16.86,16.91,5998279.0,104736639.0,34724154634.76
2023-10-26,600482,16.82,17.2,16.64,17.13,6744103.0,117485263.0,35175917734.68
2023-10-27,600482,17.07,17.47,16.98,17.35,6167700.0,109104560.0,35627680834.600006
2023-10-30,600482,17.33,17.62,17.1,17.48,8690700.0,154920839.0,35894631757.28
2023-10-31,600482,17.35,17.78,17.34,17.51,7450585.0,133991944.0,35956235816.36
2023-11-01,600482,17.5,17.64,17.16,17.26,6789404.0,120565177.0,35442868657.36
2023-11-02,600482,17.17,17.38,16.83,16.91,7162896.0,124833608.0,34724154634.76
2023-11-03,600482,16.87,17.18,16.87,17.06,6561001.0,114912356.0,35032174930.159996
2023-11-06,600482,17.06,17.37,16.95,17.27,10900751.0,192380690.0,35463403343.72
2023-11-07,600482,17.3,17.3,16.87,17.01,9779400.0,170647907.0,34929501498.36
2023-11-08,600482,16.95,17.01,16.62,16.71,13374179.0,229511767.0,34313460907.56
2023-11-09,600482,16.76,16.9,16.69,16.69,9667239.0,166366821.0,34272391534.840004
2023-11-10,600482,16.62,16.78,16.43,16.75,8577782.0,146592053.0,34395599653.0
2023-11-13,600482,16.76,17.22,16.56,17.2,12046961.0,209842481.0,37611555706.0
2023-11-14,600482,17.16,17.74,17.15,17.44,11614525.0,207823747.0,38136368111.200005
2023-11-15,600482,17.6,17.68,17.3,17.44,7845952.0,140192405.0,38136368111.200005
2023-11-16,600482,17.38,17.59,17.23,17.29,7405781.0,131981160.0,37808360357.95
2023-11-17,600482,17.26,17.28,17.06,17.13,5800500.0,101992837.0,37458485421.15
2023-11-20,600482,17.1,17.62,17.1,17.57,14753101.0,264156713.0,38420641497.35
2023-11-21,600482,17.59,17.63,17.22,17.27,12007300.0,214703822.0,37764625990.85
2023-11-22,600482,17.27,17.38,16.98,16.98,6846140.0,120741377.0,37130477667.9
2023-11-23,600482,16.99,17.2,16.88,17.15,5783111.0,101121881.0,37502219788.25
2023-11-24,600482,17.15,17.15,16.77,16.77,7251039.0,125739116.0,36671266813.35
2023-11-27,600482,16.73,17.0,16.57,16.93,8036102.0,138499726.0,37021141750.15
2023-11-28,600482,16.92,17.19,16.85,17.11,5396136.0,94444594.0,37414751054.049995
2023-11-29,600482,17.08,17.26,16.95,16.99,5856300.0,102745450.0,37152344851.45
2023-11-30,600482,17.01,17.74,16.94,17.27,16669146.0,297234800.0,37764625990.85
2023-12-01,600482,17.34,17.47,16.95,17.29,11447337.0,201679050.0,37808360357.95
2023-12-04,600482,17.25,17.69,17.2,17.44,14280806.0,256129488.0,38136368111.200005
2023-12-05,600482,17.41,17.43,16.85,16.85,9321750.0,163640143.0,36846204281.75
2023-12-06,600482,16.86,17.15,16.81,16.97,8153587.0,142219610.0,37108610484.35
2023-12-07,600482,16.93,17.1,16.74,17.0,7469380.0,129643444.0,37174212035.0
2023-12-08,600482,16.98,17.37,16.76,16.83,15229004.0,267358731.0,36802469914.649994
2023-12-11,600482,16.74,17.05,15.94,16.91,21252414.0,357675271.0,36977407383.05
2023-12-12,600482,16.87,17.68,16.87,17.33,20734447.0,371025512.0,37895829092.149994
2023-12-13,600482,17.33,17.59,17.15,17.31,15072822.0,268648098.0,37852094725.049995
2023-12-14,600482,17.39,17.61,17.16,17.28,11392374.0,203719370.0,37786493174.4
2023-12-15,600482,17.34,17.86,16.91,17.63,26062124.0,467816916.0,38551844598.65
2023-12-18,600482,17.45,17.49,16.8,16.92,22858746.0,401703407.0,36999274566.600006
2023-12-19,600482,16.89,17.23,16.78,17.12,15912113.0,278974294.0,37436618237.6
2023-12-20,600482,17.12,17.28,16.44,16.53,16953809.0,293281122.0,36146454408.15
2023-12-21,600482,16.3,16.65,16.23,16.42,12726426.0,214916176.0,35905915389.100006
2023-12-22,600482,16.39,16.8,16.35,16.49,13334135.0,226388882.0,36058985673.95
2023-12-25,600482,16.56,16.86,16.25,16.49,16341177.0,277981515.0,36058985673.95
2023-12-26,600482,16.49,16.51,16.03,16.27,11730986.0,195157961.0,35577907635.85
2023-12-27,600482,16.22,16.6,16.08,16.53,9338694.0,157310887.0,36146454408.15
2023-12-28,600482,16.51,16.92,16.44,16.8,11226106.0,192695065.0,36736868364.0
2023-12-29,600482,16.86,17.69,16.8,17.55,19843150.0,354492890.0,38376907130.25
2024-01-02,600482,17.54,17.98,17.52,17.57,14716213.0,268215965.0,38420641497.35
2024-01-03,600482,17.53,17.71,17.34,17.59,10433500.0,187655090.0,38464375864.45
2024-01-04,600482,17.64,17.73,17.32,17.4,7793526.0,139795305.0,38048899377.0
2024-01-05,600482,17.4,17.54,16.88,17.17,10700801.0,188999508.0,37545954155.350006
2024-01-08,600482,16.96,17.05,16.56,16.57,11171650.0,191827001.0,36233923142.35
2024-01-09,600482,16.56,16.9,16.32,16.9,12129772.0,207693632.0,36955540199.5
2024-01-10,600482,16.8,17.2,16.54,16.95,9742750.0,168989637.0,37064876117.25
2024-01-11,600482,16.82,17.78,16.8,17.67,17235875.0,309039327.0,38639313332.850006
2024-01-12,600482,17.67,17.91,17.3,17.4,13007113.0,234445106.0,38048899377.0
2024-01-15,600482,17.31,17.7,17.22,17.42,9448266.0,169245177.0,38092633744.100006
2024-01-16,600482,17.43,17.96,17.15,17.51,14065725.0,253596737.0,38289438396.05
2024-01-17,600482,17.43,17.51,17.12,17.12,7641338.0,135878633.0,37436618237.6
2024-01-18,600482,17.01,17.02,16.39,16.87,14444763.0,246982634.0,36889938648.85
2024-01-19,600482,16.78,17.02,16.68,16.86,9136725.0,158245341.0,36868071465.299995
2024-01-22,600482,16.74,16.76,15.55,15.55,20498897.0,336801127.0,34003470420.25
2024-01-23,600482,15.51,15.81,14.81,15.65,11785339.0,186957527.0,34222142255.75
2024-01-24,600482,16.37,16.87,16.1,16.72,24561934.0,417049292.0,36561930895.6
2024-01-25,600482,16.63,18.4,16.63,18.4,39397401.0,724946411.0,40235617732.0
2024-01-26,600482,18.81,18.99,18.33,18.53,44406408.0,846795700.0,40519891118.15
2024-01-29,600482,18.53,19.58,18.39,18.56,43804074.0,848274713.0,40585492668.799995
2024-01-30,600482,18.29,19.28,18.29,18.59,32716099.0,633683316.0,40651094219.45
2024-01-31,600482,18.43,19.0,18.21,18.61,30395985.0,578898086.0,40694828586.549995
2024-02-01,600482,18.1,18.61,17.7,18.23,28701758.0,536134709.0,39863875611.65
2024-02-02,600482,18.23,19.18,18.09,18.81,41390056.0,794542889.0,41132172257.549995
2024-02-05,600482,18.4,19.48,18.11,19.17,49404010.0,951729574.0,41919390865.350006
2024-02-06,600482,18.53,19.16,17.25,18.93,48481293.0,911310403.0,41394578460.15
2024-02-07,600482,18.57,20.54,18.43,20.45,52210356.0,1063542129.0,44718390359.75
2024-02-08,600482,20.34,21.22,19.88,20.3,40375717.0,854214917.0,44390382606.5
2024-02-19,600482,20.18,21.39,19.71,21.36,39096074.0,827828497.0,46708304062.799995
2024-02-20,600482,20.86,21.23,20.02,20.57,41711644.0,882625311.0,44980796562.35
2024-02-21,600482,20.22,21.04,19.98,20.23,34447314.0,724383395.0,44237312321.65
2024-02-22,600482,19.95,20.46,19.85,20.25,29256574.0,603521164.0,44281046688.75
2024-02-23,600482,20.22,20.39,19.52,19.97,31876850.0,651676563.0,43668765549.35
2024-02-26,600482,20.02,20.27,19.78,19.84,24011536.0,494283488.0,43384492163.2
2024-02-27,600482,19.61,20.24,19.59,20.24,25423552.0,519582677.0,44259179505.2
2024-02-28,600482,20.22,20.9,19.91,19.92,42611267.0,896920742.0,43559429631.600006
2024-02-29,600482,19.73,21.53,19.68,21.53,49945174.0,1061933647.0,47080046183.15
2024-03-01,600482,21.44,21.46,20.79,21.18,29498684.0,638477450.0,46314694758.9
2024-03-04,600482,21.11,21.9,20.86,21.38,39598075.0,873174203.0,46752038429.9
2024-03-05,600482,21.1,21.39,20.52,20.64,33333765.0,711983255.0,45133866847.200005
2024-03-06,600482,20.54,20.9,20.42,20.65,19454382.0,412846223.0,45155734030.75
2024-03-07,600482,20.66,21.03,20.22,20.36,20064741.0,424252802.0,44521585707.799995
2024-03-08,600482,20.36,21.02,20.34,20.9,22535708.0,479074425.0,45702413619.5
2024-03-11,600482,20.95,21.11,20.46,20.83,20667684.0,438660355.0,45549343334.649994
2024-03-12,600482,20.82,21.0,19.65,19.67,35639380.0,736871681.0,43012750042.850006
2024-03-13,600482,19.48,19.74,19.06,19.6,39866233.0,792439606.0,42859679758.0
2024-03-14,600482,19.43,19.82,19.22,19.42,20790812.0,416201774.0,42466070454.100006
2024-03-15,600482,19.23,19.42,19.11,19.37,20119471.0,397262413.0,42356734536.35
2024-03-18,600482,19.3,19.83,19.3,19.77,24021318.0,484572529.0,43231421878.35
2024-03-19,600482,19.63,19.98,19.52,19.58,19540542.0,395798727.0,42815945390.899994
2024-03-20,600482,19.5,19.91,19.47,19.76,19867478.0,402828188.0,43209554694.8
2024-03-21,600482,19.8,19.95,19.35,19.35,23975499.0,481844878.0,42313000169.25
2024-03-22,600482,19.44,19.44,18.84,19.17,19222913.0,376897683.0,41919390865.350006
2024-03-25,600482,19.11,19.39,18.84,19.1,15452738.0,303387142.0,41766320580.5
2024-03-26,600482,19.0,19.61,19.0,19.3,21001349.0,416983985.0,42203664251.5
2024-03-27,600482,19.2,19.3,18.85,18.85,15728030.0,307230329.0,41219640991.75
2024-03-28,600482,18.82,19.29,18.81,19.01,17296865.0,338178967.0,41569515928.55
2024-03-29,600482,19.01,20.03,18.96,19.77,32315268.0,651073450.0,43283478561.9
2024-04-01,600482,19.77,20.05,19.6,20.02,25556465.0,521013833.0,43830816429.4
2024-04-02,600482,19.93,20.41,19.88,20.15,23261807.0,482010844.0,44115432120.5
2024-04-03,600482,20.05,20.84,20.05,20.5,31252663.0,656767853.0,44881705135.0
2024-04-08,600482,20.27,21.11,20.05,20.51,31254492.0,660319556.0,44903598649.700005
2024-04-09,600482,20.4,20.51,19.9,20.2,23564993.0,487095071.0,44224899694.0
2024-04-10,600482,20.09,20.5,19.9,20.2,16700862.0,346558467.0,44224899694.0
2024-04-11,600482,20.07,20.88,20.07,20.54,24491252.0,515764779.0,44969279193.799995
2024-04-12,600482,20.54,20.68,19.98,20.06,18464766.0,386208476.0,43918390488.2
2024-04-15,600482,20.17,21.44,20.07,21.23,37331045.0,800955757.0,46479931708.1
2024-04-16,600482,21.31,21.52,20.62,20.92,34497425.0,745454348.0,45801232752.4
2024-04-17,600482,20.66,21.46,20.32,21.46,34818751.0,754228481.0,46983482546.200005
2024-04-18,600482,21.12,21.83,21.0,21.37,34301691.0,755032235.0,46786440913.9
2024-04-19,600482,21.25,22.0,21.16,21.19,30710892.0,679423549.0,46392357649.3
2024-04-22,600482,21.11,21.58,20.46,20.68,28137049.0,605772954.0,45275788399.6
2024-04-23,600482,20.45,20.65,19.81,19.93,27483461.0,565957163.0,43633774797.1
2024-04-24,600482,19.95,20.56,19.93,20.45,19061340.0,396140703.0,44772237561.5
2024-04-25,600482,20.36,20.77,20.19,20.42,13500149.0,283613080.0,44706557017.4
2024-04-26,600482,20.51,21.15,20.49,21.15,19464290.0,416850002.0,46304783590.5
2024-04-29,600482,20.8,20.85,19.67,20.03,51884197.0,1066175317.0,43852709944.100006
2024-04-30,600482,19.86,20.16,19.45,19.81,29058365.0,590822424.0,43371052620.7
2024-05-06,600482,19.97,20.07,19.72,19.86,25499293.0,521073866.0,43480520194.2
2024-05-07,600482,19.83,20.22,19.68,19.79,25509652.0,521725695.0,43327265591.299995
2024-05-08,600482,19.77,19.83,19.45,19.57,15568317.0,312886976.0,42845608267.9
2024-05-09,600482,19.5,20.2,19.49,20.1,28677963.0,586915230.0,44005964547.0
2024-05-10,600482,20.27,20.55,19.96,20.12,25759310.0,535094786.0,44049751576.4
2024-05-13,600482,20.0,20.8,19.68,20.56,31945676.0,669779937.0,45013066223.2
2024-05-14,600482,20.51,21.14,20.47,20.85,31561614.0,673915830.0,45647978149.5
2024-05-15,600482,20.74,20.74,19.77,19.82,27874500.0,578009607.0,43392946135.4
2024-05-16,600482,19.8,19.97,19.63,19.7,18847038.0,382492895.0,43130223959.0
2024-05-17,600482,19.64,19.78,19.47,19.74,18981961.0,381719041.0,43217798017.799995
2024-05-20,600482,19.67,19.92,19.59,19.75,22591378.0,457952722.0,43239691532.5
2024-05-21,600482,19.68,19.95,19.59,19.71,12502869.0,253157892.0,43152117473.700005
2024-05-22,600482,19.71,19.75,19.1,19.24,28256687.0,559406853.0,42123122282.799995
2024-05-23,600482,19.23,19.52,19.12,19.31,18418363.0,365134022.0,42276376885.7
2024-05-24,600482,19.2,19.35,19.03,19.13,14789254.0,290723841.0,41882293621.1
2024-05-27,600482,19.03,19.29,18.99,19.29,14388148.0,282668461.0,42232589856.299995
2024-05-28,600482,19.26,19.49,19.15,19.38,16470950.0,327363531.0,42429631488.6
2024-05-29,600482,19.37,19.59,19.11,19.28,13093460.0,259927656.0,42210696341.600006
2024-05-30,600482,19.22,19.88,19.08,19.72,28202468.0,566823268.0,43174010988.399994
2024-05-31,600482,19.72,19.86,19.56,19.68,13504100.0,272814468.0,43086436929.6
2024-06-03,600482,19.64,20.05,19.63,19.77,20395150.0,415918217.0,43283478561.9
2024-06-04,600482,19.73,20.09,19.58,20.03,16931101.0,345679911.0,43852709944.100006
2024-06-05,600482,19.49,19.94,19.49,19.55,18807972.0,380739096.0,42801821238.5
2024-06-06,600482,19.55,19.63,19.14,19.21,20173801.0,400207170.0,42057441738.700005
2024-06-07,600482,19.22,19.54,19.18,19.41,14477597.0,287590418.0,42495312032.7
2024-06-11,600482,19.42,19.54,18.13,18.61,32404396.0,621137487.0,40743830856.7
2024-06-12,600482,18.49,18.97,18.41,18.88,17086736.0,329786627.0,41334955753.6
2024-06-13,600482,18.86,19.19,18.38,18.53,19819751.0,380892076.0,40568682739.100006
2024-06-14,600482,18.49,18.5,17.76,17.86,36566454.0,675102641.0,39101817254.2
2024-06-17,600482,17.96,18.02,17.73,17.79,18927595.0,346834293.0,38948562651.299995
2024-06-18,600482,17.81,18.39,17.62,18.23,21330202.0,395322855.0,39911877298.1
2024-06-19,600482,18.21,18.5,17.92,18.29,17309976.0,323851292.0,40043238386.299995
2024-06-20,600482,18.37,18.62,18.08,18.2,13923859.0,262329682.0,39846196754.0
2024-06-21,600482,18.06,18.51,17.89,18.35,10961068.0,205351724.0,40174599474.5
2024-06-24,600482,18.27,18.58,18.1,18.11,13532079.0,254566780.0,39649155121.7
2024-06-25,600482,18.09,18.46,17.55,17.81,16887010.0,309892235.0,38992349680.7
2024-06-26,600482,17.84,18.28,17.62,18.26,12336945.0,227264654.0,39977557842.200005
2024-06-27,600482,18.13,18.44,18.08,18.26,9190950.0,172494064.0,39977557842.200005
2024-06-28,600482,18.23,19.42,18.15,18.98,26026849.0,505661440.0,41579704440.82
2024-07-01,600482,18.83,19.39,18.64,19.3,19537885.0,383397030.0,42280732123.700005
2024-07-02,600482,19.29,19.37,19.07,19.2,11361000.0,223923841.0,42061660972.799995
2024-07-03,600482,19.2,19.24,18.65,18.71,11130400.0,215579784.0,40988212333.39
2024-07-04,600482,18.63,19.28,18.63,19.18,15424955.0,302405277.0,42017846742.62
2024-07-05,600482,19.22,19.51,19.08,19.35,16286000.0,323644507.0,42390267699.15
2024-07-08,600482,19.34,19.91,19.34,19.75,24806976.0,502884583.0,43266552302.75
2024-07-09,600482,19.75,20.8,19.6,20.61,41925800.0,871247537.0,45150564200.49
2024-07-10,600482,20.49,21.61,20.49,21.14,54746903.0,1187065979.0,46311641300.26
2024-07-11,600482,21.35,21.72,21.12,21.52,38850913.0,854737380.0,47144111673.68
2024-07-12,600482,21.78,22.2,21.3,21.73,36568941.0,815117195.0,47604161090.57
2024-07-15,600482,21.72,22.04,21.43,21.47,25483637.0,568551230.0,47034576098.229996
2024-07-16,600482,21.48,21.9,21.43,21.9,20448673.0,454491600.0,47976582047.1
2024-07-17,600482,21.88,22.37,21.64,21.65,16813575.0,378886275.0,47428904169.85
2024-07-18,600482,21.64,22.95,21.29,22.76,32638067.0,747479590.0,49860593944.840004
2024-07-19,600482,22.63,23.14,22.5,22.75,20521731.0,479202432.0,49838686829.75
2024-07-22,600482,22.68,23.53,22.68,23.11,31076919.0,739697259.0,50627342972.99
2024-07-23,600482,23.11,23.31,22.34,22.41,18547876.0,432816894.0,49093844916.69
2024-07-24,600482,22.19,23.47,22.17,23.23,28889499.0,682815569.0,50890228354.07
2024-07-25,600482,23.18,23.18,22.2,22.65,25383778.0,588083239.0,49619615678.85
2024-07-26,600482,22.88,23.31,22.43,23.04,20083279.0,472990725.0,50473993167.36
2024-07-29,600482,23.07,24.14,22.98,23.26,29714438.0,718512104.0,51147392548.200005
2024-07-30,600482,23.19,23.38,22.67,23.12,16856600.0,398243141.0,50839540658.4
2024-07-31,600482,22.73,23.24,22.26,22.66,28850854.0,668430531.0,49828027306.2
2024-08-01,600482,22.75,23.14,22.41,22.5,17349850.0,406319028.0,49476196575.0
2024-08-02,600482,22.51,23.47,22.41,23.03,21992232.0,521017156.0,50641635872.100006
2024-08-05,600482,22.6,23.0,21.9,21.99,19577595.0,449994393.0,48354736119.299995
2024-08-06,600482,21.99,22.29,21.76,22.27,14527579.0,329351486.0,48970439898.9
2024-08-07,600482,22.17,23.12,22.15,22.44,15670851.0,363881028.0,49344260050.8
2024-08-08,600482,22.22,22.39,21.88,22.11,12239559.0,275910792.0,48618609167.7
2024-08-09,600482,22.22,22.36,21.74,21.87,10784472.0,241485215.0,48090863070.9
2024-08-12,600482,21.73,22.17,21.5,21.62,8168467.0,181660982.0,47541127553.4
2024-08-13,600482,21.83,22.61,21.83,22.11,20542569.0,467698707.0,48618609167.7
2024-08-14,600482,22.08,22.31,21.79,22.07,8734825.0,196585804.0,48530651484.9
2024-08-15,600482,21.89,22.57,21.73,22.01,12698773.0,287448596.0,48398714960.700005
2024-08-16,600482,21.87,22.65,21.87,22.32,13128334.0,298451186.0,49080387002.4
2024-08-19,600482,22.18,22.69,21.75,21.99,16643988.0,374650477.0,48354736119.299995
2024-08-20,600482,21.89,22.03,21.06,21.52,17182560.0,375879983.0,47321233346.4
2024-08-21,600482,21.46,22.01,21.24,21.77,10840100.0,239738828.0,47870968863.9
2024-08-22,600482,21.77,22.27,21.63,22.01,9551863.0,214786026.0,48398714960.700005
2024-08-23,600482,21.78,22.45,21.78,22.13,10982107.0,247550361.0,48662588009.1
2024-08-26,600482,22.12,22.2,21.5,21.97,10317360.0,230577162.0,48310757277.899994
2024-08-27,600482,21.88,22.01,21.41,21.51,8768382.0,193823182.0,47299243925.700005
2024-08-28,600482,21.4,22.01,21.4,21.64,7551841.0,167556789.0,47585106394.8
2024-08-29,600482,21.62,22.25,21.5,21.88,10324572.0,231227489.0,48112852491.6
2024-08-30,600482,21.89,22.06,21.18,21.39,25233390.0,552976106.0,47035370877.3
2024-09-02,600482,21.19,21.24,19.97,20.28,29151227.0,607832064.0,44594545179.600006
2024-09-03,600482,21.78,21.93,21.09,21.19,34730513.0,763553649.0,46595582463.3
2024-09-04,600482,20.62,21.1,20.41,20.96,16553196.0,351804788.0,46089825787.200005
2024-09-05,600482,21.05,21.3,20.79,20.99,10891906.0,233645082.0,46155794049.299995
2024-09-06,600482,21.09,21.38,20.85,21.15,8366362.0,180620718.0,46507624780.5
2024-09-09,600482,20.97,21.37,20.9,21.22,10695994.0,231503532.0,46661550725.399994
2024-09-10,600482,21.27,22.26,21.19,21.99,20281570.0,453900679.0,48354736119.299995
2024-09-11,600482,21.92,22.27,21.68,22.24,14830627.0,333881528.0,48904471636.799995
2024-09-12,600482,22.21,22.79,22.07,22.63,18369960.0,423255366.0,49762059044.1
2024-09-13,600482,22.71,22.89,22.23,22.3,11629886.0,266970267.0,49036408161.0
2024-09-18,600482,22.29,22.93,22.03,22.86,14390366.0,332108029.0,50267815720.2
2024-09-19,600482,22.52,22.71,21.1,21.62,25429878.0,561523259.0,47541127553.4
2024-09-20,600482,21.44,21.6,20.12,20.56,26453546.0,556185264.0,45210248959.2
2024-09-23,600482,20.56,20.92,20.38,20.41,10860826.0,229069643.0,44880407648.7
2024-09-24,600482,20.46,20.8,20.05,20.74,17416702.0,364662579.0,45606058531.799995
2024-09-25,600482,20.79,21.54,20.78,21.01,20332135.0,439754884.0,46199772890.700005
2024-09-26,600482,21.0,21.1,20.41,21.1,19768402.0,418687250.0,46397677677.0
2024-09-27,600482,21.2,21.91,21.19,21.8,19465714.0,429248089.0,47936937126.0
2024-09-30,600482,22.76,23.83,22.39,23.6,41079000.0,972026863.0,52371655620.0
2024-10-08,600482,25.95,25.95,23.48,24.55,53330316.0,1334682319.0,54479836672.5
2024-10-09,600482,23.87,24.4,22.4,22.69,46778541.0,1114967167.0,50352240085.5
2024-10-10,600482,22.81,24.77,22.81,23.64,46127791.0,1124780288.0,52460421138.0
2024-10-11,600482,23.59,23.95,22.69,23.02,31230294.0,741124971.0,51084555609.0
2024-10-14,600482,23.47,24.08,23.03,23.49,34494263.0,830075548.0,52127550445.5
2024-10-15,600482,23.45,23.5,22.84,22.86,21504350.0,508188333.0,50729493537.0
2024-10-16,600482,22.56,23.07,22.32,22.7,19085706.0,441663112.0,50374431465.0
2024-10-17,600482,22.71,22.8,21.56,21.6,48925973.0,1097640499.0,47933379720.0
2024-10-18,600482,21.41,21.95,21.15,21.69,45295960.0,995699447.0,48133102135.5
2024-10-21,600482,21.75,22.71,21.21,22.44,44050574.0,991506521.0,49797455598.0
2024-10-22,600482,22.31,22.31,21.71,22.2,32071219.0,719982703.0,49264862490.0
2024-10-23,600482,22.01,23.2,21.98,22.78,48309283.0,1122160203.0,50551962501.0
2024-10-24,600482,22.61,22.66,22.13,22.47,20857712.0,477388929.0,49864029736.5
2024-10-25,600482,22.37,23.3,22.37,23.06,32511700.0,763768100.0,51173321127.0
2024-11-11,600482,25.37,25.37,25.37,25.37,13754621.0,356519776.0,56299529791.5
2024-11-12,600482,27.91,27.91,23.99,24.82,151352550.0,3902786772.0,55079003919.0
2024-11-13,600482,24.34,25.26,23.77,24.47,71823520.0,1795006282.0,55087281066.68
2024-11-14,600482,24.08,24.23,23.31,23.33,51425165.0,1244589111.0,52520893636.52
2024-11-15,600482,23.15,23.49,22.57,22.7,34054022.0,802414750.0,51102626898.799995
2024-11-18,600482,22.74,23.19,22.23,22.84,37509588.0,872176847.0,51417797284.96
2024-11-19,600482,22.86,22.95,22.22,22.74,27950495.0,642403261.0,51192675580.56
2024-11-20,600482,22.74,22.74,22.3,22.63,26403902.0,607352550.0,50945041705.72
2024-11-21,600482,22.52,23.35,22.37,23.19,38199173.0,889306933.0,52205723250.36
2024-11-22,600482,23.09,23.1,22.41,22.53,28196369.0,655950662.0,50719920001.32
2024-11-25,600482,22.35,22.52,21.8,22.1,26817671.0,603105136.0,49751896672.4
2024-11-26,600482,21.92,22.14,21.75,21.75,17157368.0,383619886.0,48963970707.0
2024-11-27,600482,21.68,22.19,21.37,22.09,22351820.0,497067269.0,49729384501.96
2024-11-28,600482,22.09,22.23,21.86,21.87,14770153.0,331876944.0,49245051752.28
2024-11-29,600482,21.81,22.15,21.62,22.01,15678530.0,350804795.0,49560292138.44
2024-12-02,600482,22.74,23.22,22.57,22.72,35127528.0,818647619.0,51159011239.68
2024-12-03,600482,22.74,23.08,22.55,22.84,16901204.0,393315634.0,51429217284.96
2024-12-04,600482,22.82,23.66,22.59,23.4,36660989.0,869249629.0,52690178829.6
2024-12-05,600482,23.31,23.4,23.04,23.33,17826109.0,422270583.0,52532558636.52
2024-12-06,600482,23.3,23.59,23.18,23.38,20317954.0,484778487.0,52645144488.72
2024-12-09,600482,23.39,23.4,22.64,22.71,22821583.0,534759592.0,51136494069.240005
2024-12-10,600482,23.11,23.22,22.62,22.64,26091089.0,607201417.0,50978873876.16
2024-12-11,600482,22.7,22.77,22.38,22.5,22269107.0,511318985.0,50663633490.0
2024-12-12,600482,22.5,23.49,22.46,23.42,42247133.0,997238625.0,52735213170.48
2024-12-13,600482,23.53,24.43,23.41,24.4,78911207.0,1930283658.0,54941895873.6
2024-12-16,600482,24.31,24.51,23.79,24.4,40389502.0,997658486.0,54941895873.6
2024-12-17,600482,24.41,24.51,23.73,24.08,31435373.0,772038048.0,54221346419.52
2024-12-18,600482,24.31,25.26,24.18,24.46,42164866.0,1065354153.0,55076998896.240005
2024-12-19,600482,24.11,24.78,23.99,24.31,30754932.0,767655233.0,54739241339.64
2024-12-20,600482,24.27,24.72,23.84,23.87,20630008.0,507083637.0,53748485840.28
2024-12-23,600482,23.85,24.29,23.62,24.01,22392931.0,548029472.0,54063726226.44
2024-12-24,600482,23.92,24.17,23.74,23.99,18930460.0,461969729.0,54018691885.56
2024-12-25,600482,23.98,24.49,23.84,23.96,20153335.0,496757584.0,53951140374.240005
2024-12-26,600482,23.87,24.29,23.85,24.01,17460174.0,428740164.0,54063726226.44
2024-12-27,600482,24.12,24.6,24.05,24.35,25700468.0,638157050.0,54829310021.4
2024-12-30,600482,24.36,24.78,24.23,24.58,25865401.0,646684961.0,55347204941.52
2024-12-31,600482,24.51,24.7,23.96,23.99,24123300.0,598682794.0,54043779955.84
2025-01-02,600482,23.9,23.99,23.02,23.19,24413691.0,586661451.0,52241569703.04
2025-01-03,600482,23.13,23.5,22.98,23.0,17244317.0,409187907.0,51813544768.0
2025-01-06,600482,22.99,23.33,22.35,22.53,20260056.0,468780709.0,50754746244.48
2025-01-07,600482,22.5,23.07,22.35,23.07,14717200.0,341746593.0,51971238165.12
2025-01-08,600482,23.21,23.26,22.55,23.08,14905009.0,349163652.0,51993765793.28
2025-01-09,600482,22.9,22.97,22.42,22.52,15696341.0,362035183.0,50732218616.32
2025-01-10,600482,22.34,22.66,22.04,22.04,16907102.0,384793700.0,49650892464.64
2025-01-13,600482,21.71,22.35,21.56,22.07,11746706.0,264168528.0,49718475349.12
2025-01-14,600482,22.08,23.05,21.99,23.05,16662462.0,385241277.0,51926182908.8
2025-01-15,600482,23.0,23.18,22.77,23.04,10048001.0,235743936.0,51903655280.64
2025-01-16,600482,23.05,23.27,22.84,23.05,11936301.0,280807366.0,51926182908.8
2025-01-17,600482,23.05,23.14,22.37,22.55,18504900.0,426908577.0,50799801500.8
2025-01-20,600482,22.9,24.02,22.85,23.45,24837619.0,593146018.0,52827288035.2
2025-01-21,600482,23.53,23.53,23.18,23.34,9862324.0,234794025.0,52579484125.44
2025-01-22,600482,23.45,23.49,23.1,23.33,10276506.0,244095562.0,52556956497.28
2025-01-23,600482,23.53,23.86,23.35,23.54,17191132.0,414297345.0,53030036688.64
2025-01-24,600482,23.34,23.82,23.33,23.73,16711841.0,403111999.0,53458061623.68
2025-01-27,600482,23.93,24.19,23.68,23.87,15771503.0,385024202.0,53773448417.920006
2025-02-05,600482,23.87,24.3,23.65,24.12,17124841.0,420403011.0,54336639121.920006
2025-02-06,600482,24.12,24.19,23.92,24.12,14452044.0,354487885.0,54336639121.920006
2025-02-07,600482,24.11,24.13,23.33,23.75,34478477.0,833319315.0,53503116880.0
2025-02-10,600482,23.58,23.75,23.41,23.42,21568200.0,517858242.0,52759705150.72
2025-02-11,600482,23.43,23.56,23.2,23.26,14575289.0,347182773.0,52399263100.16
2025-02-12,600482,23.15,23.27,22.95,23.18,15370033.0,362293048.0,52219042074.88
2025-02-13,600482,23.06,23.42,22.98,22.98,14025981.0,331989743.0,51768489511.68
2025-02-14,600482,22.84,23.18,22.76,22.9,13693915.0,320844054.0,51588268486.399994
2025-02-17,600482,22.82,23.21,22.58,23.04,21151053.0,495445148.0,51903655280.64
2025-02-18,600482,23.01,23.02,22.35,22.39,16972600.0,392253533.0,50439359450.24
2025-02-19,600482,22.34,22.56,22.27,22.42,13804600.0,315543414.0,50506942334.72
2025-02-20,600482,22.3,22.3,21.86,22.05,23981771.0,537986760.0,49673420092.8
2025-02-21,600482,21.88,22.11,21.77,21.86,28795044.0,643081432.0,49245395157.76
2025-02-24,600482,21.69,22.01,21.56,21.95,24765849.0,552095652.0,49448143811.2
2025-02-25,600482,21.87,22.03,21.57,21.62,19490700.0,433314863.0,48704732081.920006
2025-02-26,600482,21.52,21.78,21.24,21.4,26757064.0,584285536.0,48209124262.399994
2025-02-27,600482,21.34,21.53,21.13,21.3,19124600.0,416372903.0,47983847980.8
2025-02-28,600482,21.22,21.68,21.17,21.23,21599125.0,471261091.0,47826154583.68
2025-03-03,600482,21.23,21.71,21.23,21.51,24341071.0,534307515.0,48456928172.16
2025-03-04,600482,21.45,21.6,21.36,21.54,18833909.0,413018744.0,48524511056.64
2025-03-05,600482,21.53,21.55,20.78,20.92,28085399.0,603827875.0,47127798110.72
2025-03-06,600482,20.96,21.11,20.81,21.01,23935724.0,512672414.0,47330546764.16
2025-03-07,600482,21.01,21.46,20.79,21.17,23207642.0,501577232.0,47690988814.72
2025-03-10,600482,21.42,22.23,21.42,21.95,36757296.0,818815522.0,49448143811.2
2025-03-11,600482,21.69,22.42,21.61,22.4,32965710.0,747300876.0,50461887078.399994
2025-03-12,600482,22.39,22.49,22.1,22.2,21875383.0,496653859.0,50011334515.2
2025-03-13,600482,22.06,22.64,21.93,22.57,25843735.0,587483900.0,50844856757.12
2025-03-14,600482,22.67,22.89,22.49,22.59,29211902.0,675889421.0,50889912013.44
2025-03-17,600482,22.69,23.04,22.22,22.29,23477401.0,541118864.0,50214083168.64
2025-03-18,600482,22.28,22.35,22.05,22.09,17777800.0,401590522.0,49763530605.44
2025-03-19,600482,22.09,22.09,21.83,21.87,13641700.0,305328327.0,49267922785.920006
2025-03-20,600482,21.87,22.33,21.87,22.15,16876701.0,380850963.0,49898696374.399994
2025-03-21,600482,22.22,23.43,22.2,22.94,61609113.0,1454342891.0,51678378999.04
2025-03-24,600482,23.15,23.34,22.55,23.02,31780907.0,740261151.0,51858600024.32
2025-03-25,600482,22.89,22.98,22.01,22.09,32934911.0,750913002.0,49763530605.44
2025-03-26,600482,22.05,22.26,21.94,22.12,13020911.0,293877793.0,49831113489.920006
2025-03-27,600482,22.12,22.15,21.53,21.7,18089118.0,400786179.0,48884953107.2
2025-03-28,600482,21.68,21.76,21.28,21.48,16403435.0,359460437.0,48389345287.68
2025-03-31,600482,21.56,21.79,21.26,21.35,15606206.0,342261915.0,48096486121.600006
2025-04-01,600482,21.47,21.89,21.45,21.67,15831682.0,351114984.0,48817370222.72
2025-04-02,600482,21.68,21.73,21.38,21.49,11302165.0,247793333.0,48411872915.84
2025-04-03,600482,21.33,21.49,21.28,21.39,8033355.0,175110606.0,48186596634.24
2025-04-07,600482,20.11,20.17,19.25,19.25,23017600.0,456370966.0,43365684208.0
2025-04-08,600482,19.33,20.27,18.23,20.21,49126223.0,963294870.0,45528336511.36
2025-04-09,600482,19.57,20.91,19.27,20.91,38752496.0,804452669.0,47105270482.56
2025-04-10,600482,20.88,21.05,20.54,20.95,31672139.0,671008697.0,47195380995.2
2025-04-11,600482,20.78,20.79,20.39,20.56,18388970.0,385084936.0,46316803496.96
2025-04-14,600482,20.58,20.6,20.16,20.19,21178534.0,438965005.0,45483281255.04
2025-04-15,600482,20.14,20.16,19.8,20.12,14664494.0,299036149.0,45325587857.920006
2025-04-16,600482,20.12,20.21,19.72,19.98,15178118.0,307754022.0,45010201063.68
2025-04-17,600482,19.88,20.18,19.8,20.08,13275655.0,270616837.0,45235477345.28
2025-04-18,600482,19.94,20.13,19.82,20.09,10588472.0,216365970.0,45258004973.44
2025-04-21,600482,20.01,20.37,19.9,20.28,9437000.0,193927879.0,45686029908.48
2025-04-22,600482,20.24,20.24,20.08,20.14,7961001.0,163607680.0,45370643114.24
2025-04-23,600482,20.24,20.27,20.01,20.06,8332472.0,170805719.0,45190422088.96
2025-04-24,600482,20.07,20.27,19.97,20.13,11274501.0,231666276.0,45348115486.079994
2025-04-25,600482,20.18,20.63,20.15,20.44,14663399.0,305796131.0,46046471959.04
2025-04-28,600482,20.57,20.81,20.45,20.68,19557715.0,412902635.0,46587135034.88
2025-04-29,600482,20.63,20.96,20.54,20.79,12261722.0,260686620.0,46834938944.64
2025-04-30,600482,20.95,21.32,20.69,20.7,15746900.0,337577728.0,46632190291.2
2025-05-06,600482,20.73,21.2,20.73,21.2,15470710.0,331497828.0,47758571699.2
2025-05-07,600482,21.49,21.54,20.98,21.33,22474712.0,487442856.0,48051430865.28
2025-05-08,600482,21.27,21.42,21.06,21.35,13315897.0,289047995.0,48096486121.600006
2025-05-09,600482,21.34,21.54,21.27,21.27,17577365.0,383866052.0,47916265096.32
2025-05-12,600482,21.38,22.5,21.26,22.25,36417910.0,821591216.0,50123972656.0
2025-05-13,600482,22.25,22.25,21.52,21.57,19501600.0,432507907.0,48592093941.12
2025-05-14,600482,21.57,21.71,21.37,21.64,11303174.0,248661385.0,48749787338.24
2025-05-15,600482,21.63,21.72,21.26,21.27,8965294.0,195907518.0,47916265096.32
2025-05-16,600482,21.27,21.42,21.07,21.2,8438574.0,182573670.0,47758571699.2
2025-05-19,600482,21.2,21.45,21.07,21.37,8728489.0,189625477.0,48141541377.920006
2025-05-20,600482,21.36,21.43,21.09,21.17,8416803.0,181987785.0,47690988814.72
2025-05-21,600482,21.17,21.62,21.12,21.56,10713332.0,233701133.0,48569566312.96
2025-05-22,600482,21.47,21.64,21.33,21.34,8243900.0,180294767.0,48073958493.44
2025-05-23,600482,21.35,21.5,21.12,21.15,7159700.0,155834961.0,47645933558.399994
2025-05-26,600482,21.14,21.19,20.9,21.16,9058436.0,194416086.0,47668461186.56
2025-05-27,600482,21.15,21.15,20.81,20.93,7525137.0,160847481.0,47150325738.88
2025-05-28,600482,20.93,21.04,20.85,20.89,5138126.0,109689156.0,47060215226.24
2025-05-29,600482,20.9,21.04,20.87,21.01,6888664.0,147321523.0,47330546764.16
2025-05-30,600482,21.0,21.44,20.89,21.36,10824402.0,233936573.0,48119013749.76
2025-06-03,600482,21.13,21.57,21.13,21.37,9433903.0,205990128.0,48141541377.920006
2025-06-04,600482,21.38,21.58,21.29,21.41,9491342.0,207963453.0,48231651890.56
2025-06-05,600482,21.4,21.41,21.01,21.04,12829425.0,276052448.0,47398129648.64
2025-06-06,600482,21.06,21.26,21.05,21.09,10841804.0,233687095.0,47510767789.44
2025-06-09,600482,21.07,21.39,21.04,21.3,10166780.0,220332901.0,47983847980.8
2025-06-10,600482,21.29,21.36,20.92,21.05,8508743.0,183162946.0,47420657276.8
2025-06-11,600482,21.09,21.41,21.04,21.23,8739653.0,189372184.0,47826154583.68
2025-06-12,600482,21.2,21.2,20.94,21.0,9024796.0,193497907.0,47308019136.0
2025-06-13,600482,21.06,21.26,20.99,21.18,10482948.0,224575475.0,47713516442.88
2025-06-16,600482,21.29,21.8,21.08,21.73,16624160.0,363269749.0,48952535991.68
2025-06-17,600482,21.7,21.99,21.63,21.97,11736463.0,259208370.0,49493199067.52
2025-06-18,600482,21.94,22.33,21.94,22.1,12716897.0,284580527.0,49786058233.600006
2025-06-19,600482,22.08,22.2,21.78,21.92,12880815.0,285651866.0,49380560926.72
2025-06-20,600482,21.92,22.45,21.83,22.28,13904344.0,313061371.0,50191555540.48
2025-06-23,600482,22.28,22.43,22.05,22.35,13709199.0,309270786.0,50349248937.600006
2025-06-24,600482,22.25,22.55,22.09,22.42,14564382.0,330321834.0,50506942334.72
2025-06-25,600482,22.38,22.91,22.38,22.75,16031306.0,368977508.0,51250354064.0
2025-06-26,600482,22.73,23.04,22.54,22.56,18841074.0,434670605.0,50822329128.96
2025-06-27,600482,22.46,22.71,22.35,22.42,14793344.0,336784089.0,50506942334.72
2025-06-30,600482,22.45,22.92,22.45,22.81,16875676.0,388978394.0,51387778684.45
2025-07-01,600482,22.94,23.43,22.7,23.24,24611931.0,576539207.0,52356509277.799995
2025-07-02,600482,23.65,23.7,23.08,23.11,21995960.0,518986005.0,52063637237.95
2025-07-03,600482,22.95,23.26,22.81,22.94,17704000.0,411572935.0,51680650724.3
2025-07-04,600482,22.95,22.95,22.6,22.74,11421328.0,262989666.0,51230078355.299995
2025-07-07,600482,22.84,23.21,22.7,23.09,13382474.0,310890361.0,52018580001.05
2025-07-08,600482,23.12,23.25,22.42,22.81,22309918.0,512280215.0,51387778684.45
2025-07-09,600482,22.74,22.84,22.48,22.54,14800224.0,338910272.0,50779505986.299995
2025-07-10,600482,22.52,22.61,22.22,22.3,16493975.0,372819769.0,50238819143.5
2025-07-11,600482,22.29,23.07,22.26,22.47,28787413.0,661406074.0,50621805657.149994
2025-07-14,600482,22.47,22.74,22.47,22.5,16662595.0,380657502.0,50689391512.5
2025-07-15,600482,22.47,22.73,22.45,22.51,11123336.0,253705676.0,50711920130.950005
2025-07-16,600482,22.46,22.62,22.37,22.39,10695300.0,243241369.0,50441576709.55
2025-07-17,600482,22.35,22.79,22.26,22.71,14042458.0,319423888.0,51162492499.950005
2025-07-18,600482,22.67,22.79,22.56,22.78,12409401.0,284736326.0,51320192829.100006
2025-07-21,600482,22.89,23.43,22.69,23.21,23084348.0,539010839.0,52288923422.450005
2025-07-22,600482,23.32,23.33,23.03,23.17,19083616.0,447754117.0,52198808948.65
2025-07-23,600482,23.24,23.28,22.76,22.88,20053100.0,467680126.0,51545479013.6
2025-07-24,600482,22.84,23.26,22.71,23.16,17706901.0,412098856.0,52176280330.2
2025-07-25,600482,23.16,23.19,22.78,22.83,19935492.0,461820211.0,51432835921.35
2025-07-28,600482,22.84,23.13,22.75,22.9,15239754.0,353263707.0,51590536250.5
2025-07-29,600482,22.9,23.28,22.84,23.11,17922914.0,417079669.0,52063637237.95
2025-07-30,600482,23.04,23.34,22.8,22.86,21066699.0,491916641.0,51500421776.7
2025-07-31,600482,22.81,22.93,22.46,22.58,18010010.0,413004641.0,50869620460.1
2025-08-01,600482,22.52,22.84,22.48,22.54,14139762.0,323753192.0,50779505986.299995
2025-08-04,600482,22.42,22.66,22.36,22.64,14567590.0,331708461.0,51004792170.8
2025-08-05,600482,22.74,23.21,22.59,23.1,22990533.0,532651558.0,52041108619.5
2025-08-06,600482,23.19,24.38,23.05,24.35,67809700.0,1639877038.0,54857185925.75
2025-08-07,600482,24.31,24.35,23.73,23.76,37178425.0,898612703.0,53527997437.200005
2025-08-08,600482,23.72,24.28,23.56,23.95,28982793.0,703669447.0,53956041187.75
2025-08-11,600482,23.95,24.07,23.31,23.35,34308110.0,813799406.0,52604324080.75
2025-08-12,600482,23.39,23.57,23.26,23.47,25288273.0,598721979.0,52874667502.149994
2025-08-13,600482,23.53,23.65,23.25,23.34,25212607.0,595988491.0,52581795462.3
2025-08-14,600482,23.32,23.38,22.89,22.91,24209535.0,566318613.0,51613064868.95
2025-08-15,600482,22.91,23.24,22.89,23.19,20323952.0,475422655.0,52243866185.55
2025-08-18,600482,23.32,23.53,23.19,23.27,32295864.0,763290801.0,52424095133.15
2025-08-19,600482,23.61,23.61,22.91,22.94,30890789.0,721700706.0,51680650724.3
2025-08-20,600482,22.9,23.04,22.71,22.98,19710406.0,455944476.0,51770765198.1
2025-08-21,600482,23.05,23.08,22.85,22.97,21414453.0,497405896.0,51748236579.649994
2025-08-22,600482,22.88,23.09,22.72,23.09,27953689.0,647307932.0,52018580001.05
2025-08-25,600482,23.14,23.63,23.13,23.63,41269760.0,976945480.0,53235125397.35
2025-08-26,600482,23.63,23.78,23.36,23.55,28029336.0,668702290.0,53054896449.75
2025-08-27,600482,23.56,23.65,23.06,23.18,33025061.0,781743014.0,52221337567.1
2025-08-28,600482,22.94,23.21,22.59,23.21,28282558.0,656187512.0,52288923422.450005
2025-08-29,600482,23.14,23.75,23.12,23.63,34810204.0,826399660.0,53235125397.35
2025-09-01,600482,23.78,23.79,22.95,23.34,43891926.0,1030104792.0,52581795462.3
2025-09-02,600482,23.25,23.29,22.6,22.7,28286119.0,653937304.0,51139963881.5
2025-09-03,600482,22.81,22.84,21.84,22.04,28218358.0,634780872.0,49653075063.799995
2025-09-04,600482,22.03,22.19,21.76,22.01,18434925.0,409944762.0,49585489208.450005
2025-09-05,600482,21.88,22.18,21.88,22.05,18913940.0,421369161.0,49675603682.25
2025-09-08,600482,22.04,22.16,21.79,21.97,22671938.0,502921088.0,49495374734.649994
2025-09-09,600482,21.94,22.04,21.75,21.79,15470741.0,342586146.0,49089859602.549995
2025-09-10,600482,21.75,21.85,21.63,21.77,14046621.0,308878408.0,49044802365.65
2025-09-11,600482,21.76,22.17,21.61,22.08,22663457.0,500436419.0,49743189537.6
2025-09-12,600482,22.09,22.12,21.85,21.85,16402181.0,364552010.0,49225031313.25
2025-09-15,600482,21.83,22.01,21.7,21.96,18613414.0,411675930.0,49472846116.200005
2025-09-16,600482,21.9,21.9,21.47,21.55,20693041.0,452345661.0,48549172759.75
2025-09-17,600482,21.46,21.67,21.42,21.55,16486480.0,358992678.0,48549172759.75
2025-09-18,600482,21.55,21.59,21.11,21.23,21739768.0,470584702.0,47828256969.35
2025-09-19,600482,21.17,21.45,21.17,21.27,11890684.0,256379386.0,47918371443.15
2025-09-22,600482,21.27,21.33,21.11,21.23,12060385.0,258588646.0,47828256969.35
2025-09-23,600482,21.61,21.77,20.92,21.11,19233751.0,414923531.0,47557913547.95
2025-09-24,600482,20.86,21.51,20.79,21.36,15469463.0,332350480.0,48121129009.2
2025-09-25,600482,21.29,21.42,21.16,21.31,14126207.0,304471473.0,48008485916.95
2025-09-26,600482,21.36,21.87,21.28,21.52,20341191.0,445380617.0,48481586904.4
2025-09-29,600482,21.46,21.86,21.28,21.81,20030402.0,438167629.0,49134916839.45
2025-09-30,600482,21.83,22.0,21.71,21.97,17760276.0,393178750.0,49509597431.579994
2025-10-09,600482,21.97,22.92,21.88,22.83,36082459.0,823372016.0,51447615355.619995
2025-10-10,600482,22.69,23.0,22.62,22.66,24538097.0,566663325.0,51064518789.24
2025-10-13,600482,22.15,22.65,22.15,22.5,19283660.0,438041244.0,50703957315.0
2025-10-14,600482,22.61,23.1,22.52,22.65,24851088.0,572897914.0,51041983697.1
2025-10-15,600482,22.55,22.79,22.34,22.65,16301017.0,372101384.0,51041983697.1
2025-10-16,600482,22.63,22.71,22.39,22.42,13120824.0,298882893.0,50523676577.880005
2025-10-17,600482,22.4,22.56,21.53,21.59,18447603.0,409978129.0,48653263930.26
2025-10-20,600482,21.62,21.87,21.29,21.4,16343523.0,356796768.0,48225097179.6
2025-10-21,600482,21.52,22.1,21.51,22.03,22090203.0,488651488.0,49644807984.420006
2025-10-22,600482,21.86,21.94,21.52,21.55,15082986.0,329913205.0,48563123561.700005
2025-10-23,600482,21.51,21.55,21.02,21.33,15521703.0,332451950.0,48067351534.619995
2025-10-24,600482,21.34,21.61,21.32,21.45,14378200.0,312203667.0,48337772640.299995
2025-10-27,600482,21.62,22.16,21.62,22.13,25251510.0,560881399.0,49870158905.82
2025-10-28,600482,21.95,22.07,21.77,21.9,17089476.0,378793978.0,49351851786.6
2025-10-29,600482,21.88,21.98,21.74,21.9,17754441.0,392972177.0,49351851786.6
2025-10-30,600482,21.85,21.94,21.48,21.65,18394311.0,404226852.0,48788474483.1
2025-10-31,600482,21.26,21.26,20.58,20.67,61638882.0,1300196949.0,46580035453.380005
2025-11-03,600482,20.69,20.79,20.4,20.79,28526890.0,594901871.0,46850456559.06
2025-11-04,600482,20.74,20.85,20.5,20.6,19653027.0,410372385.0,46422289808.4
2025-11-05,600482,20.47,20.8,20.43,20.7,20747655.0,432377171.0,46647640729.799995
2025-11-06,600482,20.64,20.93,20.62,20.84,25243760.0,532153756.0,46963132019.76
2025-11-07,600482,20.83,21.11,20.69,20.72,25943419.0,547300812.0,46692710914.079994
2025-11-10,600482,20.69,20.75,20.57,20.7,18164747.0,379356313.0,46647640729.799995
2025-11-11,600482,20.94,21.36,20.74,20.76,25673646.0,543315982.0,46782851282.64001
2025-11-12,600482,20.76,20.77,20.45,20.49,24016697.0,499334454.0,46174403794.85999
2025-11-13,600482,20.49,20.56,20.45,20.55,15105581.0,313176879.0,46309614347.700005
2025-11-14,600482,20.45,20.55,20.29,20.29,22889043.0,472495850.0,45723701952.06
2025-11-17,600482,20.4,20.53,20.31,20.35,18546643.0,383015011.0,45859739284.700005
2025-11-18,600482,20.31,20.31,20.03,20.16,19641343.0,399499156.0,45431564814.72
2025-11-19,600482,20.15,20.64,20.04,20.59,40844040.0,843744855.0,46400591246.78
2025-11-20,600482,20.37,20.37,20.09,20.11,25449308.0,519813136.0,45318887322.619995
2025-11-21,600482,19.95,20.3,19.66,19.86,32404392.0,653518161.0,44755499862.119995
2025-11-24,600482,19.78,20.44,19.77,20.39,33821684.0,692091306.0,45949881278.380005
2025-11-25,600482,20.59,20.99,20.24,20.69,45223637.0,943308817.0,46625946230.98
2025-11-26,600482,20.45,20.51,19.94,20.02,29273507.0,593410856.0,45116067836.84
2025-11-27,600482,20.03,20.09,19.97,19.99,13291528.0,268003786.0,45048461341.579994
2025-11-28,600482,20.06,20.21,19.99,20.14,12844590.0,259888591.0,45386493817.880005
2025-12-01,600482,20.12,20.17,19.98,20.02,16772513.0,338443896.0,45116067836.84
2025-12-02,600482,19.98,20.16,19.86,19.95,15838355.0,319610310.0,44958319347.9
2025-12-03,600482,19.95,19.97,19.62,19.65,23020959.0,458338205.0,44282254395.299995
2025-12-04,600482,19.64,19.68,19.27,19.33,17508194.0,343081646.0,43561118445.85999
2025-12-05,600482,19.35,19.51,19.3,19.49,14968286.0,292613914.0,43921686420.579994
2025-12-08,600482,19.51,19.94,19.51,19.66,24433519.0,487090522.0,44304789893.72
2025-12-09,600482,19.85,20.66,19.85,20.24,50331914.0,1030799058.0,45611848802.079994
2025-12-10,600482,20.08,20.29,19.97,20.24,18697669.0,379149785.0,45611848802.079994
2025-12-11,600482,20.26,20.38,19.95,20.0,12827272.0,260218793.0,45070996840.0
2025-12-12,600482,20.03,20.57,19.98,20.37,22702087.0,464913898.0,45904810281.54
2025-12-15,600482,20.41,20.46,20.07,20.09,15930163.0,324997130.0,45273816325.78
2025-12-16,600482,19.99,20.03,19.37,19.48,24183284.0,476595103.0,43899150922.16
2025-12-17,600482,19.42,19.94,19.31,19.94,22779777.0,449393642.0,44935783849.48
2025-12-18,600482,19.78,20.11,19.68,19.93,12651182.0,253436194.0,44913248351.06
2025-12-19,600482,19.9,20.25,19.89,20.15,13864703.0,281256464.0,45409029316.299995
2025-12-22,600482,20.35,20.38,20.15,20.25,14664523.0,299613142.0,45634384300.5
2025-12-23,600482,20.26,20.35,20.1,20.18,10692100.0,217473277.0,45476635811.56
2025-12-24,600482,20.15,20.54,20.06,20.53,19749621.0,405603762.0,46265378256.26
2025-12-25,600482,20.45,20.83,20.4,20.78,23495460.0,489416638.0,46828765716.76
2025-12-26,600482,20.74,20.83,20.51,20.78,22450243.0,468074526.0,46828765716.76
2025-12-29,600482,20.78,21.15,20.76,20.84,22935681.0,483850642.0,46963978707.28
2025-12-30,600482,20.85,20.96,20.51,20.65,19704735.0,411617533.0,46535804237.299995
2025-12-31,600482,20.73,20.77,20.51,20.55,16496025.0,342516265.0,46311497159.25
2026-01-05,600482,20.7,21.99,20.7,21.65,50812585.0,1094750785.0,48790458077.75
2026-01-06,600482,21.62,23.51,21.52,23.1,75225517.0,1707883724.0,52058179288.5
2026-01-07,600482,22.94,23.06,22.42,22.56,40422686.0,924398575.0,50841234837.6
2026-01-08,600482,22.46,23.7,22.41,23.41,59411660.0,1391325587.0,52756795547.35
2026-01-09,600482,23.46,23.68,23.16,23.36,40344276.0,951651222.0,52644115505.6
2026-01-12,600482,23.31,23.57,23.18,23.38,37464066.0,882342385.0,52689187522.299995
2026-01-13,600482,23.32,24.52,22.84,24.06,60395667.0,1446588581.0,54221636090.1
2026-01-14,600482,23.97,25.56,23.92,24.74,74658844.0,1863459237.0,55754084657.899994
2026-01-15,600482,24.61,25.81,24.55,24.98,51504714.0,1299410814.0,56294948858.3
2026-01-16,600482,24.98,25.25,24.38,24.45,36822736.0,917384394.0,55100540415.75
2026-01-19,600482,24.32,25.01,24.3,24.66,29167992.0,724947363.0,55573796591.1
2026-01-20,600482,24.67,25.31,24.53,25.18,35234203.0,886066489.0,56745669025.3
2026-01-21,600482,24.98,25.75,24.79,25.14,40553708.0,1032023436.0,56655524991.9
2026-01-22,600482,25.27,27.57,25.21,26.98,68724489.0,1835151245.0,60802150528.3
2026-01-23,600482,26.8,28.58,26.11,26.41,71431336.0,1947450044.0,59517598052.35
2026-01-26,600482,26.45,27.6,26.17,26.75,51226699.0,1380497641.0,60283822336.25
2026-01-27,600482,26.51,26.78,26.2,26.55,34126690.0,910368487.0,59833102169.25
2026-01-28,600482,26.72,27.88,26.49,27.3,53310450.0,1473841637.0,61523302795.5
2026-01-29,600482,27.3,27.5,25.92,26.12,43193208.0,1147790441.0,58864053810.200005
2026-01-30,600482,25.97,26.43,25.13,25.89,40733461.0,1060650557.0,58345725618.15
2026-02-02,600482,25.77,26.13,25.42,25.42,30721831.0,794214057.0,57286533225.700005
2026-02-03,600482,25.93,27.33,25.8,27.22,44093764.0,1189333160.0,61343014728.7
2026-02-04,600482,27.09,27.82,27.06,27.57,34407777.0,953069664.0,62131775020.95
2026-02-05,600482,27.32,27.57,26.91,27.26,25563338.0,702398463.0,61433158762.100006
2026-02-06,600482,27.09,27.09,26.16,26.23,28283469.0,754812737.0,59111949902.05
2026-02-09,600482,26.53,27.02,26.31,26.94,21345178.0,575006249.0,60712006494.9
2026-02-10,600482,27.01,29.63,26.74,29.63,51853332.0,1490052056.0,66774192741.049995
2026-02-11,600482,29.78,32.56,29.7,30.65,120120313.0,3808272594.0,69072865592.75
2026-02-12,600482,30.6,32.26,30.33,31.58,68563063.0,2164884995.0,71168714369.3
2026-02-13,600482,31.37,31.54,30.56,31.03,44273743.0,1386784740.0,69929233910.05
2026-02-24,600482,31.27,33.23,31.2,32.95,62494740.0,2047761452.0,74256147513.25
2026-02-25,600482,32.66,34.39,32.65,33.18,67475126.0,2280872412.0,74774475705.3
2026-02-26,600482,32.77,34.33,32.26,33.9,59263513.0,1989567451.0,76397068306.5
2026-02-27,600482,33.57,34.66,32.67,33.38,57862867.0,1942662511.0,75225195872.3
2026-03-02,600482,34.03,34.09,32.66,33.42,49316455.0,1655823776.0,75315339905.7
2026-03-03,600482,33.44,34.41,32.14,32.21,42188648.0,1396175023.0,72588482895.35
2026-03-04,600482,31.49,34.44,31.49,34.06,55597723.0,1873780331.0,76757644440.1
2026-03-05,600482,34.64,36.34,34.46,35.43,60538046.0,2169089265.0,79845077584.05
2026-03-06,600482,35.44,38.97,35.44,38.97,46813474.0,1788067110.0,87822824539.95
2026-03-09,600482,38.19,38.4,36.41,37.38,69916711.0,2638581565.0,84239599212.3
2026-03-10,600482,37.57,38.67,36.68,37.27,52732553.0,1999456165.0,84537542135.36
2026-03-11,600482,36.97,38.14,35.27,36.41,62845234.0,2298090675.0,82586850258.87999
2026-03-12,600482,36.15,36.25,33.86,34.33,66222221.0,2312291302.0,77868897813.44
2026-03-13,600482,33.85,34.05,32.49,32.61,62778030.0,2097043966.0,73967514060.48
2026-03-16,600482,32.92,33.2,30.96,32.14,45787108.0,1463249289.0,72901438267.52
2026-03-17,600482,32.26,32.74,31.29,31.53,35723683.0,1152111837.0,71517807983.04001
2026-03-18,600482,31.58,32.31,31.33,32.2,35035327.0,1122540732.0,73037533049.6
2026-03-19,600482,31.65,32.02,30.26,30.59,48082660.0,1498827857.0,69385656397.12
2026-03-20,600482,30.9,31.26,30.14,30.79,45493799.0,1409733057.0,69839305670.72
2026-03-23,600482,30.09,30.67,28.89,29.22,47170430.0,1409679282.0,66278158872.96
2026-03-24,600482,30.02,30.95,29.77,30.59,40717043.0,1245088523.0,69385656397.12
2026-03-25,600482,31.12,32.77,31.11,31.73,52422657.0,1688478185.0,71971457256.64
2026-03-26,600482,31.73,31.76,30.67,30.96,29294541.0,920107652.0,70224907553.28
2026-03-27,600482,30.28,32.04,30.06,31.36,36567555.0,1151611938.0,71132206100.48
2026-03-30,600482,30.72,32.16,30.48,31.52,29013397.0,913758843.0,71495125519.36
2026-03-31,600482,31.77,32.83,30.97,31.1,32879586.0,1055043437.0,70542462044.8
2026-04-01,600482,31.87,32.79,31.83,32.05,31339948.0,1019422585.0,72697296094.4
2026-04-02,600482,32.11,33.75,31.68,32.02,39806180.0,1313932757.0,72629248703.36
2026-04-03,600482,32.65,33.15,32.08,32.56,25825736.0,849724343.0,73854101742.08
2026-04-07,600482,32.84,33.43,31.01,32.21,44207808.0,1427182321.0,73060215513.28
2026-04-08,600482,33.35,35.44,32.9,34.74,58392377.0,2012641189.0,78798878824.32
2026-04-09,600482,33.75,37.21,33.75,36.49,49041436.0,1776263426.0,82768309968.32
2026-04-10,600482,39.21,40.14,39.21,40.14,44684798.0,1804687970.0,91047409211.52
2026-04-13,600482,38.93,41.2,38.22,40.9,89745063.0,3609310762.0,92771276451.2
2026-04-14,600482,40.31,40.85,37.83,38.4,65178426.0,2544706778.0,87100660531.2
2026-04-15,600482,38.27,38.76,36.51,36.65,53938629.0,2032968943.0,83131229387.2
2026-04-16,600482,36.46,39.21,36.24,38.71,52954422.0,2035719153.0,87803816905.28
2026-04-17,600482,38.32,39.3,37.53,37.93,33309265.0,1280987868.0,86034584738.24
2026-04-20,600482,37.93,39.41,37.25,37.92,43744178.0,1687051487.0,86011902274.56
2026-04-21,600482,37.58,37.9,36.4,37.6,30273835.0,1132805781.0,85286063436.8
2026-04-22,600482,37.49,39.36,36.93,39.12,45800091.0,1756626470.0,88733797916.15999
2026-04-23,600482,41.23,43.03,40.82,41.95,93119509.0,3954486782.0,95152935137.6
2026-04-24,600482,42.74,42.74,39.41,40.1,58780715.0,2385223514.0,90956679356.8
2026-04-27,600482,40.09,40.1,38.43,39.22,45739845.0,1803537851.0,88960622552.95999
2026-04-28,600482,39.22,39.81,38.71,39.11,35347745.0,1399191236.0,88711115452.48
2026-04-29,600482,38.47,40.78,38.3,39.58,35693588.0,1422647489.0,89777191245.44
2026-04-30,600482,41.66,42.07,38.23,38.29,57975925.0,2320133468.0,86851153430.72
2026-05-06,600482,39.01,40.36,38.42,39.37,50662048.0,2006771579.0,89300859508.15999
2026-05-07,600482,39.23,39.37,36.97,38.71,57884577.0,2208062802.0,87803816905.28
2026-05-08,600482,37.78,39.04,37.74,38.05,28422004.0,1094103898.0,86306774302.4
2026-05-11,600482,37.92,38.19,36.84,37.61,38803345.0,1471254482.0,85308745900.48
2026-05-12,600482,37.67,38.02,36.43,37.35,30869496.0,1157114969.0,84719001844.8
2026-05-13,600482,37.6,41.09,37.32,41.09,61980274.0,2480700800.0,93202243261.12001
2026-05-14,600482,41.16,41.6,38.38,38.75,56196629.0,2253531208.0,87894546760.0
2026-05-15,600482,38.57,39.34,36.22,36.78,48651998.0,1813196163.0,83426101415.04001
2026-05-18,600482,36.25,37.05,35.45,35.72,45024256.0,1634875500.0,81021760264.95999
2026-05-19,600482,36.0,36.96,34.95,36.91,36036937.0,1310341703.0,83720973442.87999
2026-05-20,600482,36.53,36.81,35.65,36.26,23224921.0,843190342.0,82246613303.68
2026-05-21,600482,36.72,37.31,34.74,34.91,37679191.0,1369578188.0,79184480706.87999
2026-05-22,600482,35.49,35.69,34.61,35.57,26171029.0,926344878.0,80681523309.76
2026-05-25,600482,35.24,36.32,34.37,36.16,32314241.0,1152532494.0,82019788666.87999
2026-05-26,600482,35.99,36.46,34.83,35.66,23016365.0,823788164.0,80885665482.87999
2026-05-27,600482,35.67,38.41,35.67,37.23,50578824.0,1914599372.0,84446812280.64
2026-05-28,600482,36.85,39.37,36.85,39.04,44072253.0,1710351079.0,88552338206.72
2026-05-29,600482,39.61,39.61,36.41,36.77,37285638.0,1401489481.0,83403418951.36
2026-06-01,600482,36.76,37.92,36.03,36.26,31049022.0,1148901959.0,82246613303.68
2026-06-02,600482,35.85,36.54,33.55,36.14,44184166.0,1557928790.0,81974423739.52
2026-06-03,600482,35.86,37.54,35.39,35.93,36901396.0,1359939833.0,81498092002.24
2026-06-04,600482,37.23,39.52,37.13,39.52,69924050.0,2750804155.0,89641096463.36
2026-06-05,600482,40.0,40.74,37.19,37.31,67160309.0,2621474460.0,84628271990.08
2026-06-08,600482,36.38,37.52,35.12,35.24,44058344.0,1604179087.0,79933002008.32
2026-06-09,600482,35.25,35.82,34.25,35.45,32054232.0,1128905683.0,80409333745.6
2026-06-10,600482,34.74,34.94,32.04,32.82,63034925.0,2076028949.0,74443845797.76
2026-06-11,600482,32.82,33.14,30.85,31.14,50039771.0,1594011687.0,70633191899.52
2026-06-12,600482,32.66,33.09,30.96,30.99,59033145.0,1901201132.0,70292954944.31999
2026-06-15,600482,31.19,32.01,30.97,31.62,37782380.0,1196982147.0,71721950156.16
2026-06-16,600482,31.52,32.11,31.02,31.16,32016208.0,1014572173.0,70678556826.88
2026-06-17,600482,31.2,32.57,31.01,31.63,36798919.0,1179717084.0,71744632619.84
2026-06-18,600482,31.96,34.31,31.94,32.87,70311646.0,2348918203.0,74557258116.15999
2026-06-22,600482,33.32,35.24,33.32,34.55,49375489.0,1718425309.0,78367912014.4
2026-06-23,600482,34.55,35.74,33.68,33.93,34392280.0,1197054931.0,76961599266.24
2026-06-24,600482,33.56,33.75,32.26,32.91,29755955.0,986492901.0,74647987970.87999
2026-06-25,600482,32.79,34.15,32.09,32.36,29173195.0,963567187.0,73400452468.48
2026-06-26,600482,31.78,32.14,29.8,29.89,44894113.0,1380651301.0,67797883939.520004
2026-06-29,600482,29.89,31.03,28.78,30.84,46825679.0,1409388195.0,69952717989.12
2026-06-30,600482,30.26,33.25,30.04,32.56,47383121.0,1531289947.0,73854101742.08
2026-07-01,600482,33.36,34.52,32.53,32.84,38216300.0,1288136471.0,74489210725.12001
2026-07-02,600482,31.86,33.04,31.63,31.69,26357588.0,855497900.0,71880727401.92
2026-07-03,600482,31.86,33.9,31.41,33.34,41978412.0,1398417924.0,75623333909.12001
2026-07-06,600482,33.35,36.68,33.35,35.16,65402813.0,2359079963.0,79751542298.87999
2026-07-07,600482,34.9,35.67,33.37,34.33,40040336.0,1383832629.0,77868897813.44
2026-07-08,600482,34.71,34.71,32.66,32.78,27154491.0,911488966.0,74353115943.04001
2026-07-09,600482,32.54,33.84,32.01,33.4,38963358.0,1287376458.0,75759428691.2
2026-07-10,600482,33.4,34.24,32.79,32.81,33407016.0,1128213043.0,74421163334.08
2026-07-13,600482,32.46,32.46,30.52,31.03,34651667.0,1088729357.0,70383684799.04001
2026-07-14,600482,31.07,31.62,30.16,31.25,30376400.0,950142353.0,70882699000.0
2026-07-15,600482,31.07,31.52,29.84,30.45,24690719.0,760425494.0,69068101905.59999
2026-07-16,600482,29.93,30.16,28.95,29.09,24141297.0,717899480.0,65983286845.12
2026-07-17,600482,28.79,29.09,27.17,27.79,32308086.0,910247360.0,63034566566.72
2026-07-20,600482,28.07,29.27,27.92,28.47,34793943.0,1003782756.0,64576974096.96
2026-07-21,600482,28.99,28.99,28.0,28.63,26559537.0,765261051.0,64939893515.84
2026-07-22,600482,28.76,30.37,28.44,29.54,32413528.0,967926935.0,67003997710.72
2026-07-23,600482,29.98,30.87,29.39,30.43,24931525.0,758230540.0,69022736978.24
2026-07-24,600482,30.17,30.17,29.32,29.35,15964226.0,476488924.0,66573030900.8
2026-07-27,600482,29.31,29.85,28.73,29.54,18286680.0,538044398.0,67003997710.72
2026-07-28,600482,28.85,29.03,27.31,27.5,23098713.0,651970680.0,62376775120.0
2026-07-29,600482,27.7,29.08,27.17,28.53,22004783.0,622766667.0,64713068879.04
