date,ticker,open,high,low,close,volume,amount,market_cap
2021-01-04,600803,10.86,10.91,10.56,10.8,13802532.0,185739871.0,13277042456.400002
2021-01-05,600803,10.8,11.19,10.6,11.14,12470185.0,171068835.0,13695023422.62
2021-01-06,600803,11.14,11.44,11.07,11.19,11472138.0,160868401.0,13756491211.769999
2021-01-07,600803,11.23,11.51,11.2,11.45,14543338.0,207777272.0,14076123715.349998
2021-01-08,600803,11.42,11.7,11.26,11.57,13343045.0,192174408.0,14223646409.31
2021-01-11,600803,11.74,12.06,11.35,11.57,13805369.0,202944146.0,14223646409.31
2021-01-12,600803,11.58,12.1,11.58,11.79,19381204.0,288913842.0,14494104681.57
2021-01-13,600803,11.8,12.02,11.62,11.73,12426717.0,183961987.0,14420343334.59
2021-01-14,600803,11.82,12.02,11.65,11.74,11133108.0,165158568.0,14432636892.42
2021-01-15,600803,11.74,11.86,11.15,11.26,19850234.0,281551512.0,13842546116.58
2021-01-18,600803,11.34,11.34,11.09,11.15,15610512.0,218407641.0,13707316980.45
2021-01-19,600803,11.07,11.15,10.63,11.01,19735613.0,268808945.0,13535207170.83
2021-01-20,600803,10.97,11.45,10.87,11.15,13541998.0,189907584.0,13707316980.45
2021-01-21,600803,11.36,12.27,11.36,12.27,21461903.0,326864432.0,15084195457.41
2021-01-22,600803,12.14,12.54,12.1,12.34,20448761.0,315359925.0,15170250362.22
2021-01-25,600803,12.46,13.3,12.36,12.96,20720852.0,335040688.0,15932450947.68
2021-01-26,600803,12.93,12.93,12.5,12.74,13519161.0,214687329.0,15661992675.42
2021-01-27,600803,12.91,13.07,12.43,12.64,10855624.0,171508731.0,15539057097.12
2021-01-28,600803,12.06,12.6,12.06,12.2,8994764.0,138679698.0,14998140552.599998
2021-01-29,600803,12.16,12.54,12.09,12.32,11088932.0,171095519.0,15145663246.56
2021-02-01,600803,12.51,12.94,12.27,12.91,11469041.0,182230097.0,15870983158.53
2021-02-02,600803,13.13,14.21,12.97,14.21,29645905.0,511062978.0,17469145676.43
2021-02-03,600803,14.38,14.55,13.87,14.26,30509433.0,543678233.0,17530613465.579998
2021-02-04,600803,14.11,14.32,13.58,13.81,20416093.0,356225558.0,16977403363.230001
2021-02-05,600803,13.79,14.13,12.85,12.86,22549747.0,377905998.0,15809515369.38
2021-02-08,600803,12.81,13.22,12.72,12.82,14017774.0,226625534.0,15760341138.06
2021-02-09,600803,12.85,13.33,12.85,13.19,14815701.0,243216721.0,16215202777.769999
2021-02-10,600803,13.33,13.33,12.81,13.05,11552546.0,188039243.0,16043092968.150002
2021-02-18,600803,13.42,13.94,13.3,13.58,19717702.0,334740578.0,16694651533.14
2021-02-19,600803,13.49,13.55,12.84,13.34,17250323.0,284287364.0,16399606145.22
2021-02-22,600803,13.32,13.9,13.11,13.17,18087382.0,305646044.0,16190615662.11
2021-02-23,600803,13.18,13.9,13.14,13.68,20962103.0,356157392.0,16817587111.44
2021-02-24,600803,13.66,13.66,12.37,12.57,24882972.0,399131040.0,15453002192.31
2021-02-25,600803,12.59,12.76,12.2,12.23,13148827.0,203827956.0,15035021226.09
2021-02-26,600803,11.98,12.18,11.51,11.55,22406994.0,330241170.0,14199059293.650002
2021-03-01,600803,11.82,12.02,11.62,11.94,9549152.0,141643168.0,14678508049.019999
2021-03-02,600803,12.02,12.24,11.75,12.06,9738156.0,146706594.0,14826030742.980001
2021-03-03,600803,11.98,12.42,11.92,12.21,8523523.0,130282753.0,15010434110.43
2021-03-04,600803,12.16,12.22,11.79,11.84,7533966.0,112778805.0,14555572470.72
2021-03-05,600803,11.77,12.03,11.62,11.74,8774279.0,129668439.0,14432636892.42
2021-03-08,600803,11.85,11.94,11.42,11.57,11783123.0,173078011.0,14223646409.31
2021-03-09,600803,11.57,12.07,11.29,11.68,11366030.0,167076845.0,14358875545.44
2021-03-10,600803,11.87,11.92,11.5,11.73,6720458.0,98316210.0,14420343334.59
2021-03-11,600803,11.76,12.18,11.69,12.14,7121373.0,106747307.0,14924379205.62
2021-03-12,600803,12.15,12.95,12.0,12.95,15404070.0,241593105.0,15920157389.849998
2021-03-15,600803,12.89,13.56,12.8,13.29,16266979.0,269335704.0,16338138356.07
2021-03-16,600803,13.29,13.46,12.77,13.2,11161443.0,182630318.0,16227496335.599998
2021-03-17,600803,13.26,13.3,12.94,13.1,5733925.0,94186088.0,16104560757.3
2021-03-18,600803,13.07,13.44,13.01,13.25,5201269.0,86294961.0,16288964124.75
2021-03-19,600803,13.2,13.42,13.06,13.42,6239441.0,103528049.0,16497954607.86
2021-03-22,600803,13.44,14.11,13.19,14.06,11358505.0,194893948.0,17284742308.98
2021-03-23,600803,14.05,14.05,12.66,13.28,17967531.0,298130662.0,16325844798.24
2021-03-24,600803,13.22,13.93,12.91,13.64,13277916.0,227204301.0,16768412880.12
2021-03-25,600803,13.57,13.84,13.47,13.6,9580652.0,164072932.0,16719238648.8
2021-03-26,600803,13.6,13.77,13.33,13.62,9349603.0,158537940.0,16743825764.46
2021-03-29,600803,13.61,14.08,13.56,13.89,9820745.0,170316371.0,17075751825.87
2021-03-30,600803,13.89,14.36,13.78,14.29,9246316.0,163643401.0,17567494139.07
2021-03-31,600803,14.36,14.58,13.87,14.03,8426647.0,149212927.0,17247861635.489998
2021-04-01,600803,13.98,14.96,13.95,14.92,12248359.0,224783111.0,18341988282.36
2021-04-02,600803,14.92,14.92,14.33,14.56,8736821.0,158891403.0,17899420200.48
2021-04-06,600803,14.63,15.09,14.27,15.08,8329748.0,153690067.0,18538685207.64
2021-04-07,600803,14.74,14.93,14.28,14.52,13540800.0,244769316.0,17850245969.16
2021-04-08,600803,14.51,14.77,14.35,14.56,6866793.0,125197525.0,17899420200.48
2021-04-09,600803,14.78,14.78,14.28,14.32,4755413.0,85719890.0,17604374812.56
2021-04-12,600803,14.36,14.4,13.89,14.21,5843357.0,103249561.0,17469145676.43
2021-04-13,600803,14.21,14.41,13.77,14.32,5382477.0,95752933.0,17604374812.56
2021-04-14,600803,14.24,14.52,14.09,14.38,4953561.0,89315615.0,17678136159.54
2021-04-15,600803,14.45,14.48,13.98,14.17,3659829.0,64660734.0,17419971445.11
2021-04-16,600803,14.13,14.22,13.67,13.8,6985114.0,121191946.0,16965109805.400002
2021-04-19,600803,13.8,14.28,13.75,13.91,8944238.0,157577999.0,17100338941.53
2021-04-20,600803,14.07,14.28,13.68,13.72,7489020.0,130443516.0,16866761342.76
2021-04-21,600803,13.65,13.79,13.5,13.73,5248007.0,89541207.0,16879054900.59
2021-04-22,600803,13.73,13.9,13.36,13.42,6545954.0,111230974.0,16497954607.86
2021-04-23,600803,13.54,13.61,13.37,13.53,4222950.0,71380518.0,16633183743.99
2021-04-26,600803,13.55,13.65,13.21,13.42,6964658.0,116978902.0,16497954607.86
2021-04-27,600803,13.28,13.8,13.28,13.67,4978775.0,84908254.0,16805293553.61
2021-04-28,600803,13.78,13.85,13.41,13.57,6760626.0,115119433.0,16682357975.31
2021-04-29,600803,13.58,14.29,13.53,14.29,9692381.0,169638394.0,17567494139.07
2021-04-30,600803,14.31,14.37,13.83,14.0,7179590.0,125527877.0,17210980962.0
2021-05-06,600803,14.15,14.46,13.85,13.97,7330522.0,129769547.0,17174100288.51
2021-05-07,600803,13.85,14.16,13.58,13.94,7888594.0,137347701.0,17137219615.019999
2021-05-10,600803,13.94,14.02,13.57,13.61,6199951.0,106731007.0,16731532206.63
2021-05-11,600803,13.63,14.11,13.32,14.05,7776645.0,134685634.0,17272448751.15
2021-05-12,600803,14.38,14.38,13.53,13.78,7092038.0,122005207.0,16940522689.74
2021-05-13,600803,13.64,13.68,13.35,13.46,5518690.0,93134358.0,16547128839.18
2021-05-14,600803,13.49,14.08,13.33,14.03,6549264.0,113228017.0,17247861635.489998
2021-05-17,600803,14.01,14.65,13.97,14.59,7697858.0,139185505.0,17936300873.97
2021-05-18,600803,14.54,14.65,14.22,14.6,4181638.0,75789822.0,17948594431.8
2021-05-19,600803,14.6,14.78,14.38,14.56,3753406.0,68497612.0,17899420200.48
2021-05-20,600803,14.56,14.6,14.19,14.31,7032615.0,126027845.0,17592081254.73
2021-05-21,600803,14.37,14.45,14.16,14.34,5069567.0,90603163.0,17628961928.22
2021-05-24,600803,14.37,14.37,13.75,13.94,5820121.0,101815487.0,17137219615.019999
2021-05-25,600803,13.94,14.33,13.85,14.31,5585922.0,99040103.0,17592081254.73
2021-05-26,600803,14.1,14.32,13.67,13.81,8479678.0,146905808.0,16977403363.230001
2021-05-27,600803,13.77,13.8,13.46,13.6,14200329.0,241329168.0,16719238648.8
2021-05-28,600803,13.55,13.69,13.39,13.69,7401657.0,125684495.0,16829880669.269999
2021-05-31,600803,13.67,13.96,13.5,13.96,8288047.0,143340722.0,17161806730.68
2021-06-01,600803,13.98,13.99,13.6,13.73,7859219.0,135307618.0,16879054900.59
2021-06-02,600803,13.75,14.32,13.67,13.98,10631735.0,186711984.0,17186393846.34
2021-06-03,600803,13.97,14.0,13.65,13.69,5278116.0,90681640.0,16829880669.269999
2021-06-04,600803,13.6,13.76,13.5,13.57,4498460.0,76717186.0,16682357975.31
2021-06-07,600803,13.58,13.72,13.34,13.46,5509424.0,92881946.0,16547128839.18
2021-06-08,600803,13.46,13.72,13.28,13.71,5759338.0,97723824.0,16854467784.93
2021-06-09,600803,13.68,13.77,13.27,13.62,7127155.0,120472904.0,16743825764.46
2021-06-10,600803,13.59,13.78,13.49,13.58,6090540.0,103758829.0,16694651533.14
2021-06-11,600803,13.58,13.72,13.33,13.37,11115337.0,188099622.0,16436486818.71
2021-06-15,600803,13.19,13.49,12.8,13.07,9972872.0,163318643.0,16067680083.81
2021-06-16,600803,13.09,13.29,12.92,13.15,6696798.0,110173664.0,15939717046.45
2021-06-17,600803,13.1,13.2,12.88,13.02,5141128.0,83809290.0,15782138094.66
2021-06-18,600803,12.98,13.07,12.68,12.86,7455499.0,119880342.0,15588194769.38
2021-06-21,600803,12.85,13.18,12.74,12.94,4790096.0,77952409.0,15685166432.019999
2021-06-22,600803,13.02,13.42,12.77,13.33,5640906.0,93237526.0,16157903287.39
2021-06-23,600803,13.41,13.6,13.21,13.49,5245890.0,88026419.0,16351846612.67
2021-06-24,600803,13.63,13.63,13.26,13.34,3195389.0,53606251.0,16170024745.22
2021-06-25,600803,13.33,13.59,13.33,13.55,3570189.0,60300425.0,16424575359.650002
2021-06-28,600803,13.55,13.61,13.27,13.44,4739895.0,79379337.0,16291239323.519999
2021-06-29,600803,13.42,13.72,13.39,13.49,4332322.0,73411609.0,16351846612.67
2021-06-30,600803,13.49,13.49,13.17,13.19,2769064.0,46000049.0,15988202877.769999
2021-07-01,600803,13.24,13.24,12.93,13.11,3124218.0,51201013.0,15891231215.13
2021-07-02,600803,13.1,13.19,12.81,12.89,4462610.0,72326929.0,15624559142.87
2021-07-05,600803,12.94,13.01,12.66,12.77,7460325.0,119492068.0,15479101648.91
2021-07-06,600803,12.89,12.89,12.26,12.78,9250748.0,145422488.0,15491223106.74
2021-07-07,600803,13.58,14.06,13.5,13.81,24190422.0,417890846.0,16739733263.230001
2021-07-08,600803,13.81,13.86,13.05,13.32,13420463.0,224599671.0,16145781829.56
2021-07-09,600803,13.49,13.93,13.29,13.88,10857207.0,186910131.0,16824583468.04
2021-07-12,600803,14.26,14.26,13.65,13.79,7947546.0,137835179.0,16715490347.57
2021-07-13,600803,13.8,14.4,13.66,14.28,7864058.0,139438187.0,17309441781.239998
2021-07-14,600803,14.27,14.27,13.89,13.95,5500715.0,96344516.0,16909433672.849998
2021-07-15,600803,13.96,14.5,13.75,14.36,7338295.0,129960031.0,17406413443.88
2021-07-16,600803,14.22,14.6,14.16,14.27,4874013.0,87436845.0,17297320323.41
2021-07-19,600803,14.3,14.36,13.89,14.31,5075286.0,89727073.0,17345806154.73
2021-07-20,600803,14.26,14.47,13.95,14.37,7140551.0,127840691.0,17418534901.71
2021-07-21,600803,14.35,14.48,13.82,14.25,10389971.0,183380769.0,17273077407.75
2021-07-22,600803,14.25,15.11,14.18,14.8,11920475.0,220966680.0,17939757588.4
2021-07-23,600803,14.82,14.82,14.47,14.53,4977328.0,90967853.0,17612478226.989998
2021-07-26,600803,14.56,14.68,13.92,14.51,8292651.0,149082719.0,17588235311.329998
2021-07-27,600803,14.41,14.64,14.0,14.09,8330971.0,149462948.0,17079134082.47
2021-07-28,600803,13.93,14.42,13.93,14.23,7321298.0,129646938.0,17248834492.09
2021-07-29,600803,14.21,14.31,13.81,14.0,7114344.0,124794404.0,16970040962.0
2021-07-30,600803,14.17,14.4,13.9,14.01,5824760.0,102974026.0,16982162419.83
2021-08-02,600803,13.77,14.26,13.4,14.2,22924068.0,399921082.0,20354703486.6
2021-08-03,600803,14.29,14.58,13.72,13.85,20602689.0,364045787.0,19853003048.55
2021-08-04,600803,13.87,13.9,13.08,13.17,29389874.0,489111094.0,18878270768.91
2021-08-05,600803,13.17,13.66,13.01,13.23,22107034.0,367489804.0,18964276558.29
2021-08-06,600803,13.33,13.54,13.17,13.29,15748289.0,263131603.0,19050282347.67
2021-08-09,600803,13.43,13.49,13.15,13.23,11747463.0,195516861.0,18964276558.29
2021-08-10,600803,13.26,13.38,12.86,12.96,12071364.0,196359613.0,18577250506.08
2021-08-11,600803,12.98,13.07,12.85,13.01,10907777.0,176717215.0,18648921997.23
2021-08-12,600803,13.08,13.45,12.98,13.23,22227054.0,367751993.0,18964276558.29
2021-08-13,600803,13.3,14.56,13.23,14.2,44249440.0,786107089.0,20354703486.6
2021-08-16,600803,14.18,14.26,13.41,14.04,28699164.0,494222099.0,20125354714.92
2021-08-17,600803,13.93,15.0,13.9,14.38,29570197.0,539512978.0,20612720854.74
2021-08-18,600803,14.33,14.51,14.12,14.28,19302705.0,346695138.0,20469377872.44
2021-08-19,600803,14.38,14.58,14.01,14.44,15217445.0,274199304.0,20698726644.12
2021-08-20,600803,14.3,14.74,14.29,14.64,22699033.0,413845806.0,20985412608.72
2021-08-23,600803,14.89,16.1,14.81,15.72,39320104.0,762224756.0,22533516817.56
2021-08-24,600803,15.87,16.53,15.52,15.75,51719833.0,1024188584.0,22576519712.25
2021-08-25,600803,15.9,16.15,15.48,15.66,29521695.0,577200663.0,22447511028.18
2021-08-26,600803,15.68,15.95,15.34,15.48,24640386.0,478586160.0,22189493660.04
2021-08-27,600803,15.77,16.39,15.66,16.3,31538258.0,629548988.0,23364906114.9
2021-08-30,600803,16.53,16.99,16.15,16.88,32136405.0,663070335.0,24196295412.239998
2021-08-31,600803,16.7,16.78,15.95,16.52,28844732.0,580576738.0,23680260675.96
2021-09-01,600803,16.28,16.66,15.35,15.84,23732517.0,468227301.0,22705528396.32
2021-09-02,600803,15.94,16.25,15.56,16.15,22242442.0,440624841.0,23149891641.449997
2021-09-03,600803,16.16,16.34,15.4,15.77,20867200.0,408228116.0,22605188308.71
2021-09-06,600803,16.07,16.63,15.88,16.06,23422973.0,469661028.0,23020882957.379997
2021-09-07,600803,16.15,17.6,16.15,17.1,34640128.0,731860115.0,24511649973.300003
2021-09-08,600803,17.2,17.2,16.31,16.43,31366646.0,644695894.0,23551251991.89
2021-09-09,600803,16.87,17.96,16.84,17.64,49336383.0,1064225550.0,25285702077.72
2021-09-10,600803,17.38,18.33,16.4,16.53,53010246.0,1125937656.0,23694594974.190002
2021-09-13,600803,16.51,16.85,16.11,16.71,30721390.0,625987159.0,23952612342.33
2021-09-14,600803,17.1,17.5,16.31,16.53,40801769.0,858420173.0,23694594974.190002
2021-09-15,600803,16.7,17.32,16.15,17.02,31479933.0,661509085.0,24396975587.46
2021-09-16,600803,17.58,18.41,17.34,17.42,43353021.0,962224091.0,24970347516.660004
2021-09-17,600803,17.36,17.76,16.39,16.84,25301307.0,532849775.0,24138958219.32
2021-09-22,600803,16.45,16.8,15.92,16.76,21468925.0,433985337.0,24024283833.480003
2021-09-23,600803,16.75,17.07,15.39,15.57,42236423.0,836142374.0,22318502344.11
2021-09-24,600803,15.72,15.9,15.34,15.4,26343590.0,508683920.0,22074819274.2
2021-09-27,600803,15.82,16.03,15.11,15.5,27678825.0,535491388.0,22218162256.5
2021-09-28,600803,16.05,16.36,15.77,16.31,46303832.0,921971252.0,23379240413.129997
2021-09-29,600803,15.74,16.07,14.89,14.98,33528256.0,639175311.0,21472778748.54
2021-09-30,600803,14.87,15.15,14.41,14.76,32395227.0,588177830.0,21157424187.48
2021-10-08,600803,15.32,15.52,14.55,14.81,32127648.0,594066368.0,21229095678.63
2021-10-11,600803,14.81,14.84,13.84,14.26,34103925.0,598287002.0,20440709275.98
2021-10-12,600803,14.13,14.41,13.48,13.63,30335953.0,517847707.0,19537648487.49
2021-10-13,600803,13.63,13.9,13.39,13.86,16059589.0,273212756.0,19867337346.78
2021-10-14,600803,13.86,14.09,13.59,13.94,12726689.0,219240474.0,19982011732.62
2021-10-15,600803,13.93,14.03,13.68,13.82,16637135.0,284710679.0,19810000153.86
2021-10-18,600803,13.76,13.98,13.69,13.96,14946056.0,256844742.0,20010680329.08
2021-10-19,600803,13.9,13.98,13.71,13.87,11666207.0,200271518.0,19881671645.01
2021-10-20,600803,13.63,14.32,13.34,14.31,23789437.0,412936686.0,20512380767.13
2021-10-27,600803,15.73,15.73,14.01,14.66,52532812.0,959427104.0,21014081205.18
2021-10-28,600803,14.53,14.66,14.05,14.25,26834192.0,474464117.0,20426374977.75
2021-10-29,600803,14.22,15.08,14.17,14.86,30668506.0,558140677.0,21300767169.78
2021-11-01,600803,15.24,16.35,14.88,16.17,49239951.0,970572178.0,23178560237.910004
2021-11-02,600803,15.91,16.15,15.16,15.5,36130923.0,696288236.0,22218162256.5
2021-11-03,600803,15.88,15.89,15.28,15.69,19516947.0,378463889.0,22490513922.87
2021-11-04,600803,15.66,15.73,15.31,15.66,16211022.0,312039767.0,22447511028.18
2021-11-05,600803,15.47,15.67,15.11,15.65,17372303.0,330596078.0,22433176729.95
2021-11-08,600803,15.61,15.89,15.11,15.26,12717633.0,241387127.0,21874139098.98
2021-11-09,600803,15.1,15.31,15.05,15.13,8937898.0,168036220.0,21687793221.99
2021-11-10,600803,15.08,15.1,14.57,14.86,10378345.0,190112814.0,21300767169.78
2021-11-11,600803,14.74,14.81,14.45,14.62,13343736.0,241407033.0,20956744012.26
2021-11-12,600803,14.73,15.04,14.51,15.0,10574206.0,193919217.0,21501447345.0
2021-11-15,600803,15.17,15.53,14.98,15.13,12099528.0,227818818.0,21687793221.99
2021-11-16,600803,15.2,15.39,14.94,15.24,10252145.0,193105229.0,21845470502.52
2021-11-17,600803,15.24,15.68,15.13,15.53,10691690.0,205527812.0,22261165151.19
2021-11-18,600803,15.59,15.88,15.42,15.56,11931666.0,231403702.0,22304168045.88
2021-11-19,600803,15.56,16.24,15.37,16.18,22189213.0,440434887.0,23192894536.14
2021-11-22,600803,16.24,16.49,15.82,15.97,16601335.0,329078063.0,22891874273.31
2021-11-23,600803,16.13,16.43,15.85,15.98,12950947.0,258439860.0,22906208571.54
2021-11-24,600803,16.23,16.5,15.9,16.21,13054681.0,261889217.0,23235897430.83
2021-11-25,600803,16.22,16.27,15.86,16.14,10265536.0,204159562.0,23135557343.22
2021-11-26,600803,16.14,16.15,15.82,15.89,8471791.0,167399137.0,22777199887.47
2021-11-29,600803,15.49,15.98,15.43,15.82,9707153.0,189367338.0,22676859799.86
2021-11-30,600803,15.74,15.89,15.41,15.77,15618411.0,302050502.0,22605188308.71
2021-12-01,600803,15.66,15.94,15.47,15.94,9967523.0,194464345.0,22848871378.62
2021-12-02,600803,15.87,16.08,15.66,16.07,9748510.0,192519380.0,23035217255.61
2021-12-03,600803,15.98,16.31,15.92,16.11,10033323.0,200730817.0,23074349053.05
2021-12-06,600803,16.11,16.3,15.88,15.9,9326730.0,185726205.0,22773566104.5
2021-12-07,600803,15.9,16.27,15.84,16.04,9817370.0,195417503.0,22974088070.199997
2021-12-08,600803,16.0,16.07,15.56,15.69,16362556.0,318082064.0,22472783155.95
2021-12-09,600803,15.59,15.78,14.97,15.16,20999515.0,397406925.0,21713664285.8
2021-12-10,600803,15.18,15.22,14.72,14.81,22384256.0,411928660.0,21212359371.55
2021-12-13,600803,14.82,15.24,14.82,15.08,13147641.0,245898778.0,21599080305.4
2021-12-14,600803,15.06,15.06,14.74,14.84,10512597.0,193855953.0,21255328364.2
2021-12-15,600803,14.81,14.81,14.38,14.52,22401416.0,402835540.0,20796992442.6
2021-12-16,600803,14.53,14.9,14.47,14.89,11969396.0,218080238.0,21326943351.95
2021-12-17,600803,14.94,15.01,14.66,14.76,8995440.0,164783389.0,21140744383.8
2021-12-20,600803,14.68,14.94,14.38,14.56,12136541.0,218841519.0,20854284432.8
2021-12-21,600803,14.63,14.84,14.46,14.81,8677950.0,157994200.0,21212359371.55
2021-12-22,600803,14.93,15.24,14.85,15.02,12637036.0,235828026.0,21513142320.1
2021-12-23,600803,15.02,15.16,14.81,15.14,9575281.0,178381207.0,21685018290.7
2021-12-24,600803,15.1,15.13,14.96,15.02,7138495.0,133055721.0,21513142320.1
2021-12-27,600803,15.02,15.45,14.85,15.44,10952368.0,207302840.0,22114708217.2
2021-12-28,600803,15.44,15.44,15.06,15.23,8881732.0,167169638.0,21813925268.65
2021-12-29,600803,15.32,15.32,14.68,14.93,10322795.0,190304698.0,21384235342.149998
2021-12-30,600803,14.91,15.02,14.77,14.77,7665713.0,141205637.0,21155067381.35
2021-12-31,600803,14.77,15.08,14.76,14.82,6740673.0,124359433.0,21226682369.100002
2022-01-04,600803,14.77,15.53,14.77,15.52,16531245.0,314907164.0,22229292197.6
2022-01-05,600803,15.44,15.48,15.15,15.4,11820855.0,224472372.0,22057416227.0
2022-01-06,600803,15.22,15.89,15.22,15.82,16769648.0,326712285.0,22658982124.100002
2022-01-07,600803,15.77,15.86,15.38,15.82,15987090.0,310920124.0,22658982124.100002
2022-01-10,600803,15.95,16.03,15.49,15.73,16261645.0,318243428.0,22530075146.15
2022-01-11,600803,15.61,15.82,15.33,15.34,11310822.0,216855498.0,21971478241.7
2022-01-12,600803,15.4,16.13,15.29,16.13,19329763.0,379238488.0,23102995048.149998
2022-01-13,600803,16.2,16.27,15.71,15.86,12736049.0,250001966.0,22716274114.3
2022-01-14,600803,15.85,15.97,15.66,15.75,11479345.0,224623882.0,22558721141.25
2022-01-17,600803,15.75,16.11,15.55,15.78,10383142.0,203720911.0,22601690133.899998
2022-01-18,600803,15.78,15.82,15.24,15.47,12766809.0,244367676.0,22157677209.850002
2022-01-19,600803,15.47,15.62,14.89,14.92,12836451.0,239846516.0,21369912344.6
2022-01-20,600803,14.97,15.02,14.68,14.94,10079274.0,185714900.0,21398558339.7
2022-01-21,600803,14.84,14.89,14.6,14.79,8977134.0,164097919.0,21183713376.449997
2022-01-24,600803,14.68,14.79,14.35,14.37,15075692.0,270181402.0,20582147479.35
2022-01-25,600803,14.29,14.36,13.97,14.01,8492797.0,149407077.0,20066519567.55
2022-01-26,600803,14.09,14.16,13.88,14.06,8759221.0,151965245.0,20138134555.3
2022-01-27,600803,13.93,14.02,13.65,13.9,10368221.0,178417123.0,19908966594.5
2022-01-28,600803,14.08,14.1,13.81,13.93,9953631.0,171943887.0,19951935587.149998
2022-02-07,600803,14.01,14.43,13.95,14.14,10401005.0,181957203.0,20252718535.7
2022-02-08,600803,14.21,14.51,14.07,14.51,8675818.0,153660667.0,20782669445.05
2022-02-09,600803,14.39,14.5,14.23,14.39,10790927.0,192215145.0,20610793474.45
2022-02-10,600803,14.43,14.81,14.3,14.78,10933679.0,198192657.0,21169390378.899998
2022-02-11,600803,14.6,14.85,14.47,14.51,8215010.0,148635676.0,20782669445.05
2022-02-14,600803,14.38,14.52,14.22,14.33,5910674.0,105030544.0,20524855489.15
2022-02-15,600803,14.45,14.45,14.1,14.24,7308396.0,128406247.0,20395948511.2
2022-02-16,600803,14.27,14.6,14.24,14.58,6244182.0,111999977.0,20882930427.9
2022-02-17,600803,14.61,14.62,14.45,14.52,4817985.0,86600701.0,20796992442.6
2022-02-18,600803,14.39,14.57,14.39,14.47,4707944.0,84275180.0,20725377454.850002
2022-02-21,600803,14.47,14.53,14.36,14.52,5854309.0,104978097.0,20796992442.6
2022-02-22,600803,14.45,14.65,14.1,14.24,11644731.0,205513045.0,20395948511.2
2022-02-23,600803,14.29,14.37,14.08,14.27,9729255.0,171042580.0,20438917503.85
2022-02-24,600803,14.29,14.75,14.22,14.25,17185633.0,308195349.0,20410271508.75
2022-02-25,600803,14.27,14.52,14.0,14.42,13257249.0,234375153.0,20653762467.1
2022-02-28,600803,14.27,14.63,14.21,14.42,11520621.0,205463022.0,20653762467.1
2022-03-01,600803,14.39,14.87,14.31,14.69,14144027.0,257054806.0,21040483400.95
2022-03-02,600803,14.77,14.89,14.47,14.54,10371904.0,187396281.0,20825638437.699997
2022-03-03,600803,14.61,14.99,14.61,14.81,10777121.0,197732214.0,21212359371.55
2022-03-04,600803,14.74,14.74,14.39,14.48,8111516.0,146205585.0,20739700452.4
2022-03-07,600803,14.58,14.64,14.06,14.16,7762481.0,137326850.0,20281364530.8
2022-03-08,600803,14.24,14.3,12.89,13.05,22190245.0,367570575.0,18691511802.75
2022-03-09,600803,13.27,13.27,12.47,12.92,14453818.0,231090932.0,18505312834.6
2022-03-10,600803,13.08,13.26,12.99,13.04,13612901.0,221384660.0,18677188805.199997
2022-03-11,600803,13.05,13.05,12.55,12.92,9603830.0,151411895.0,18505312834.6
2022-03-14,600803,12.84,12.99,12.43,12.46,10131263.0,158972538.0,17846454947.300003
2022-03-15,600803,12.42,12.42,11.41,11.41,14599228.0,213870734.0,16342540204.550001
2022-03-16,600803,11.5,11.91,11.11,11.84,12971892.0,185621874.0,16958429099.199999
2022-03-17,600803,12.03,12.69,12.0,12.36,11921065.0,182815314.0,17703224971.8
2022-03-18,600803,12.27,12.39,12.07,12.16,7954948.0,120141392.0,17416765020.8
2022-03-21,600803,12.47,13.26,12.47,12.78,19102265.0,304980855.0,18304790868.899998
2022-03-22,600803,12.77,13.37,12.66,12.8,16793942.0,268671833.0,18333436864.0
2022-03-23,600803,12.97,13.1,12.68,12.84,10374821.0,165806576.0,18390728854.2
2022-03-24,600803,12.99,13.48,12.74,13.39,15138371.0,248251485.0,19178493719.45
2022-03-25,600803,13.34,13.78,13.32,13.4,10829528.0,181162909.0,19192816717.0
2022-03-28,600803,13.4,13.59,13.01,13.43,12133737.0,200889787.0,19235785709.649998
2022-03-29,600803,13.39,13.86,13.29,13.74,14157807.0,239482995.0,19679798633.7
2022-03-30,600803,13.88,14.47,13.88,14.39,15592952.0,276255874.0,20610793474.45
2022-03-31,600803,14.37,14.53,13.97,14.3,9377871.0,165886052.0,20481886496.5
2022-04-01,600803,14.28,14.73,14.15,14.55,14311862.0,257611872.0,20839961435.25
2022-04-06,600803,14.45,15.17,14.31,15.02,18306973.0,337076044.0,21513142320.1
2022-04-07,600803,15.02,15.02,14.22,14.33,14516011.0,260531636.0,20524855489.15
2022-04-08,600803,14.52,14.85,14.05,14.52,13178952.0,236341167.0,20796992442.6
2022-04-11,600803,14.52,14.68,14.07,14.21,9368924.0,166187688.0,20352979518.550003
2022-04-12,600803,14.21,14.43,13.89,14.37,9013540.0,158283638.0,20582147479.35
2022-04-13,600803,14.29,15.03,14.22,14.47,19569666.0,354805913.0,20725377454.850002
2022-04-14,600803,14.47,14.94,14.26,14.6,7308393.0,132212058.0,20911576423.0
2022-04-15,600803,14.46,14.51,14.13,14.18,4983212.0,88141256.0,20310010525.899998
2022-04-18,600803,14.18,14.33,13.89,14.0,5497680.0,95481889.0,20052196570.0
2022-04-19,600803,13.97,14.34,13.91,14.06,7800022.0,136145046.0,20138134555.3
2022-04-20,600803,14.05,14.14,13.56,13.69,7990279.0,136416467.0,19608183645.95
2022-04-21,600803,13.72,13.93,13.12,13.22,9907803.0,164969500.0,18935002761.100002
2022-04-22,600803,13.22,13.27,12.78,13.04,12671800.0,204299362.0,18677188805.199997
2022-04-25,600803,13.01,13.03,12.42,12.45,9035486.0,142514651.0,17832131949.75
2022-04-26,600803,12.6,13.12,12.14,12.48,13240710.0,207306440.0,17875100942.4
2022-04-27,600803,12.59,13.24,12.28,13.21,10840763.0,172863727.0,18920679763.550003
2022-04-28,600803,13.04,13.24,12.91,13.12,9212402.0,149152957.0,18791772785.6
2022-04-29,600803,13.01,13.39,12.86,13.23,17928053.0,291673421.0,18949325758.65
2022-05-05,600803,13.31,13.52,13.2,13.36,13833171.0,228913197.0,19135524726.8
2022-05-06,600803,13.0,13.22,12.66,12.9,10219015.0,163673235.0,18476666839.5
2022-05-09,600803,12.95,13.02,12.58,12.76,10217763.0,161019263.0,18276144873.8
2022-05-10,600803,12.67,12.71,12.42,12.47,13013547.0,201496104.0,17860777944.850002
2022-05-11,600803,12.49,13.41,12.4,12.99,15508568.0,249558294.0,18605573817.45
2022-05-12,600803,12.82,13.1,12.77,13.01,9185815.0,147142443.0,18634219812.55
2022-05-13,600803,12.97,13.44,12.97,13.2,8358365.0,137299860.0,18906356766.0
2022-05-16,600803,13.23,13.27,12.94,13.03,7520009.0,122153777.0,18662865807.649998
2022-05-17,600803,13.06,13.18,12.88,13.06,4785218.0,77059879.0,18705834800.3
2022-05-18,600803,13.07,13.13,12.69,12.76,6544485.0,103933272.0,18276144873.8
2022-05-19,600803,12.55,12.91,12.47,12.86,6623896.0,104551929.0,18419374849.3
2022-05-20,600803,12.88,13.09,12.77,12.99,9096215.0,145376963.0,18605573817.45
2022-05-23,600803,13.04,13.44,12.77,13.35,10094475.0,164242290.0,19121201729.25
2022-05-24,600803,13.43,13.45,13.23,13.23,10096955.0,166887030.0,18949325758.65
2022-05-25,600803,13.17,13.75,13.06,13.71,7396687.0,123641157.0,19636829641.050003
2022-05-26,600803,13.85,13.87,13.43,13.81,5560963.0,94293228.0,19780059616.55
2022-05-27,600803,13.81,14.01,13.73,13.92,5701783.0,97989095.0,19937612589.6
2022-05-30,600803,13.93,14.01,13.73,13.89,8532346.0,146321612.0,19894643596.95
2022-05-31,600803,13.97,14.77,13.91,14.77,13716768.0,245433128.0,21155067381.35
2022-06-01,600803,14.77,15.17,14.56,15.1,12899963.0,237819458.0,21627726300.5
2022-06-02,600803,14.91,15.16,14.78,15.12,9797089.0,182065377.0,21656372295.6
2022-06-06,600803,14.98,15.23,14.59,15.22,14504936.0,268326600.0,21799602271.100002
2022-06-07,600803,15.34,15.35,14.82,14.98,9733362.0,180656121.0,21455850329.9
2022-06-08,600803,15.06,15.23,14.77,15.05,9463376.0,175908113.0,21556111312.75
2022-06-09,600803,14.98,15.1,14.73,14.88,7922623.0,146017606.0,21312620354.4
2022-06-10,600803,14.83,14.98,14.53,14.85,14666786.0,269344087.0,21269651361.75
2022-06-13,600803,14.65,14.98,14.52,14.85,14706113.0,268354205.0,21269651361.75
2022-06-14,600803,14.7,14.81,14.53,14.78,6387260.0,116211862.0,21169390378.899998
2022-06-15,600803,15.07,15.9,15.01,15.42,21570869.0,416036640.0,22086062222.1
2022-06-16,600803,15.62,15.74,15.15,15.27,14004890.0,268736412.0,21871217258.85
2022-06-17,600803,15.12,15.38,15.02,15.31,8664824.0,163630604.0,21928509249.05
2022-06-20,600803,15.31,15.38,14.7,14.82,9202615.0,169787252.0,21226682369.100002
2022-06-21,600803,14.9,14.9,14.5,14.63,5504728.0,100159045.0,20954545415.65
2022-06-22,600803,14.33,14.64,14.1,14.21,11947343.0,210968320.0,20352979518.550003
2022-06-23,600803,14.2,14.38,14.03,14.35,7148643.0,126174574.0,20553501484.25
2022-06-24,600803,14.29,15.08,14.29,14.93,7450089.0,135934733.0,21384235342.149998
2022-06-27,600803,14.94,15.41,14.94,15.27,6477634.0,122474436.0,21871217258.85
2022-06-28,600803,15.29,15.5,15.12,15.48,5913223.0,112777083.0,22172000207.4
2022-06-29,600803,15.38,15.51,15.08,15.11,6207033.0,117170378.0,21642049298.05
2022-06-30,600803,15.06,15.18,14.98,15.01,3845709.0,71748005.0,21498819322.55
2022-07-01,600803,15.02,15.16,14.6,14.65,4556477.0,83417987.0,20983191410.75
2022-07-04,600803,14.55,15.19,14.55,15.12,10043878.0,185095002.0,21656372295.6
2022-07-05,600803,15.12,15.49,14.9,15.16,6342063.0,119582071.0,21713664285.8
2022-07-06,600803,15.1,15.24,14.54,14.89,6788879.0,124212274.0,21326943351.95
2022-07-07,600803,15.06,15.13,14.55,14.65,8347921.0,151791345.0,20983191410.75
2022-07-08,600803,14.8,14.93,14.49,14.68,6881933.0,125328603.0,21087119103.399998
2022-07-11,600803,14.61,14.65,14.23,14.28,5548323.0,98725410.0,20512538201.399998
2022-07-12,600803,14.22,14.27,13.97,14.12,6673563.0,116696666.0,20282705840.6
2022-07-14,600803,14.37,14.37,13.64,13.95,12480521.0,214863006.0,20038508957.25
2022-07-15,600803,14.07,14.66,13.91,14.28,11275706.0,201094200.0,20512538201.399998
2022-07-18,600803,14.31,14.44,14.11,14.31,6023630.0,106446587.0,20555631769.05
2022-07-19,600803,14.27,14.27,14.06,14.18,4443428.0,77821773.0,20368892975.899998
2022-07-20,600803,14.28,14.38,14.17,14.25,4291209.0,75701987.0,20469444633.75
2022-07-21,600803,14.22,14.35,14.1,14.15,4275284.0,75134179.0,20325799408.25
2022-07-22,600803,14.29,14.29,13.88,14.04,3668234.0,63907251.0,20167789660.199997
2022-07-25,600803,13.97,14.16,13.8,13.89,4888802.0,84040821.0,19952321821.95
2022-07-26,600803,13.76,13.99,13.72,13.79,6037047.0,103134693.0,19808676596.449997
2022-07-27,600803,13.86,14.17,13.82,14.09,5766606.0,100349605.0,20239612272.95
2022-07-28,600803,14.18,14.38,14.07,14.1,5251715.0,92514321.0,20253976795.5
2022-07-29,600803,14.12,14.17,13.8,13.92,4929365.0,85099508.0,19995415389.6
2022-08-01,600803,13.85,14.12,13.84,13.98,4846807.0,83794873.0,20081602524.9
2022-08-02,600803,14.04,14.04,13.46,13.6,6194899.0,103012572.0,19535750668.0
2022-08-03,600803,13.6,13.89,13.42,13.43,3910987.0,64817915.0,19291553784.649998
2022-08-04,600803,13.52,13.68,13.25,13.36,3740894.0,60991504.0,19191002126.8
2022-08-05,600803,13.44,13.47,13.15,13.46,3506171.0,56725634.0,19334647352.300003
2022-08-08,600803,13.5,13.77,13.26,13.73,6486771.0,106653157.0,19722489461.15
2022-08-09,600803,13.68,14.26,13.65,14.1,9195123.0,157177437.0,20600655131.1
2022-08-10,600803,14.36,14.36,13.87,14.3,5763538.0,98858831.0,20892863005.3
2022-08-11,600803,14.31,14.5,14.11,14.41,7002413.0,121886264.0,21053577336.11
2022-08-12,600803,14.37,14.59,14.26,14.51,5493471.0,96871836.0,21199681273.21
2022-08-15,600803,14.47,15.02,14.38,14.87,9093815.0,163416795.0,21725655446.77
2022-08-16,600803,14.87,14.93,14.45,14.59,7311629.0,129772938.0,21316564422.89
2022-08-17,600803,14.51,15.18,14.47,15.02,12509980.0,227498397.0,21944811352.42
2022-08-18,600803,15.02,15.08,14.69,14.96,10873542.0,197535839.0,21857148990.16
2022-08-19,600803,14.88,15.6,14.84,15.29,19309889.0,360709985.0,22339291982.59
2022-08-22,600803,14.96,15.71,14.79,15.14,22930679.0,424601224.0,22120136076.940002
2022-08-23,600803,15.22,16.63,15.09,16.54,29113650.0,575699547.0,24165591196.34
2022-08-24,600803,16.1,16.59,15.96,16.28,14832439.0,293522956.0,23785720959.88
2022-08-25,600803,16.28,17.88,16.17,17.6,28609433.0,603009471.0,25714292929.600002
2022-08-26,600803,17.32,18.26,17.28,17.64,28671363.0,620641427.0,25772734504.440002
2022-08-29,600803,17.24,17.82,17.11,17.5,13817492.0,293416958.0,25568188992.5
2022-08-30,600803,17.22,17.62,16.59,16.7,21997878.0,452885152.0,24399357495.7
2022-08-31,600803,15.92,17.0,15.89,16.88,21102332.0,419954775.0,24662344582.48
2022-09-01,600803,16.6,16.6,16.02,16.22,13076498.0,258290758.0,23698058597.62
2022-09-02,600803,16.36,16.5,15.66,15.94,9308084.0,180227671.0,23288967573.739998
2022-09-05,600803,16.42,17.54,16.15,17.54,19910975.0,417309583.0,25626630567.34
2022-09-06,600803,17.87,18.2,16.73,17.26,19860448.0,417052971.0,25217539543.460003
2022-09-07,600803,17.17,17.25,16.76,16.86,12746974.0,262274926.0,24633123795.059998
2022-09-08,600803,16.56,17.06,16.21,16.62,11448236.0,232190945.0,24282474346.02
2022-09-09,600803,16.44,16.9,16.32,16.77,8694322.0,176506147.0,24501630251.67
2022-09-13,600803,16.76,16.76,15.8,16.31,14775848.0,291135321.0,23829552141.01
2022-09-14,600803,15.85,16.4,15.85,16.19,7269197.0,142893758.0,23654227416.49
2022-09-15,600803,16.31,16.44,15.71,15.81,7269703.0,141057777.0,23099032455.510002
2022-09-16,600803,16.01,16.05,14.92,15.03,12078402.0,225223194.0,21959421746.129997
2022-09-19,600803,15.01,15.16,14.6,14.93,9221201.0,166669455.0,21813317809.03
2022-09-20,600803,14.93,15.13,14.74,15.08,7921129.0,144331185.0,22032473714.68
2022-09-21,600803,15.08,15.68,14.87,15.43,9796157.0,183067965.0,22543837494.53
2022-09-22,600803,15.2,15.86,15.13,15.65,9668291.0,183330005.0,22865266156.15
2022-09-23,600803,15.61,16.11,15.53,15.71,9291707.0,178655480.0,22952928518.41
2022-09-26,600803,15.53,15.64,15.12,15.2,7892823.0,146995736.0,22207798439.2
2022-09-27,600803,15.26,15.36,14.88,15.25,5840893.0,107610854.0,22280850407.75
2022-09-28,600803,15.9,16.02,15.06,15.55,13433133.0,253411814.0,22719162219.05
2022-09-29,600803,15.49,15.97,15.25,15.7,12920765.0,246615976.0,22938318124.7
2022-09-30,600803,15.68,15.68,15.25,15.25,6982326.0,130942790.0,22280850407.75
2022-10-10,600803,15.55,16.33,15.39,16.33,18345582.0,356009240.0,23858772928.429996
2022-10-11,600803,16.03,16.34,15.26,16.34,13456126.0,257559640.0,23873383322.14
2022-10-12,600803,15.9,15.9,15.23,15.7,12067810.0,227767446.0,22938318124.7
2022-10-13,600803,15.35,15.39,14.77,15.23,9966694.0,183039773.0,22251629620.33
2022-10-14,600803,15.02,15.53,14.83,15.43,16433739.0,305006502.0,22543837494.53
2022-10-17,600803,15.08,15.25,14.6,14.77,11965375.0,215638750.0,21579551509.67
2022-10-18,600803,14.69,14.71,14.2,14.45,11141200.0,196257408.0,21112018910.95
2022-10-19,600803,14.38,14.38,13.93,13.96,11171968.0,191808137.0,20396109619.16
2022-10-20,600803,13.81,14.39,13.79,14.32,6162370.0,106432247.0,20922083792.72
2022-10-21,600803,14.32,14.39,14.12,14.3,3935494.0,68373881.0,20892863005.3
2022-10-24,600803,14.16,14.46,14.12,14.14,4575768.0,79539499.0,20659096705.940002
2022-10-25,600803,14.15,14.19,13.63,13.8,8707273.0,146627777.0,20162343319.8
2022-10-26,600803,13.68,13.87,13.4,13.42,11046368.0,181638378.0,19607148358.82
2022-10-27,600803,13.36,13.58,13.33,13.43,6590948.0,107986324.0,19621758752.53
2022-10-28,600803,13.43,13.5,13.17,13.4,5205203.0,84388819.0,19577927571.4
2022-10-31,600803,13.18,13.28,12.54,12.72,14657624.0,227943574.0,18584420799.120003
2022-11-01,600803,12.7,12.99,12.66,12.98,7014450.0,109440972.0,18964291035.58
2022-11-02,600803,12.87,13.13,12.8,13.02,5077292.0,80127161.0,19022732610.42
2022-11-03,600803,12.97,13.15,12.74,12.94,8923000.0,140370205.0,18905849460.739998
2022-11-04,600803,12.89,13.31,12.66,13.23,7387664.0,118165575.0,19329550878.33
2022-11-07,600803,13.32,13.86,13.24,13.77,10115410.0,167656096.0,20118512138.67
2022-11-08,600803,13.77,13.95,13.59,13.9,6508483.0,109374370.0,20308447256.9
2022-11-09,600803,13.89,13.94,13.75,13.75,3840926.0,64578325.0,20089291351.25
2022-11-10,600803,13.71,14.15,13.63,14.1,6278293.0,106936974.0,20600655131.1
2022-11-11,600803,14.18,14.69,14.11,14.53,9753190.0,170521705.0,21228902060.629997
2022-11-14,600803,14.46,14.65,13.84,13.96,8728102.0,150440140.0,20396109619.16
2022-11-15,600803,14.13,14.14,13.83,14.1,8688836.0,147797663.0,20600655131.1
2022-11-16,600803,14.03,14.63,13.93,14.55,9590647.0,168346134.0,21258122848.05
2022-11-17,600803,14.53,14.54,14.1,14.42,5803018.0,100839332.0,21068187729.82
2022-11-18,600803,14.42,14.49,14.14,14.32,3878151.0,67605979.0,20922083792.72
2022-11-21,600803,14.32,14.46,14.18,14.42,4534241.0,78932191.0,21068187729.82
2022-11-22,600803,14.32,14.74,14.32,14.6,5801714.0,103055550.0,21331174816.6
2022-11-23,600803,14.53,14.83,14.51,14.7,4759006.0,85099840.0,21477278753.7
2022-11-24,600803,14.76,14.81,14.57,14.61,3940329.0,70463811.0,21345785210.309998
2022-11-25,600803,14.6,14.94,14.52,14.93,4431504.0,79863426.0,21813317809.03
2022-11-28,600803,14.93,15.41,14.82,15.34,12896718.0,238986550.0,22412343951.14
2022-11-29,600803,15.34,15.41,14.79,15.06,8239400.0,152020245.0,22003252927.260002
2022-11-30,600803,15.08,15.52,15.08,15.29,10968299.0,204257871.0,22339291982.59
2022-12-01,600803,15.2,15.26,14.89,14.93,10435572.0,190797586.0,21813317809.03
2022-12-02,600803,14.93,15.01,14.71,14.79,4862702.0,87642784.0,21608772297.09
2022-12-05,600803,14.76,15.11,14.64,14.84,8175004.0,147917054.0,21681824265.64
2022-12-06,600803,14.76,14.81,14.59,14.75,4372000.0,78191592.0,21550330722.25
2022-12-07,600803,14.67,14.79,14.41,14.48,6274729.0,110651696.0,21155850092.08
2022-12-08,600803,14.49,14.69,14.42,14.57,7356616.0,130117968.0,21287343635.47
2022-12-09,600803,14.69,15.2,14.56,14.75,17904239.0,322925112.0,21550330722.25
2022-12-12,600803,14.75,14.75,14.01,14.05,11184332.0,193646045.0,20527603162.55
2022-12-13,600803,14.11,14.26,13.91,14.14,5086086.0,87138927.0,20659096705.940002
2022-12-14,600803,14.12,14.34,13.97,14.25,4196478.0,72618357.0,20819811036.75
2022-12-15,600803,14.14,14.28,13.77,13.9,6578441.0,111332511.0,20308447256.9
2022-12-16,600803,13.86,14.02,13.8,13.95,4482757.0,75953259.0,20381499225.45
2022-12-19,600803,14.19,14.2,13.45,13.6,5051953.0,83878411.0,19870135445.6
2022-12-20,600803,13.52,13.54,13.22,13.4,5732218.0,93252902.0,19577927571.4
2022-12-21,600803,13.4,13.5,13.28,13.34,2708400.0,44025902.0,19490265209.14
2022-12-22,600803,13.41,13.47,13.03,13.11,6042898.0,96801173.0,19154226153.809998
2022-12-23,600803,13.03,13.17,12.98,13.03,2440316.0,38752740.0,19037343004.129997
2022-12-26,600803,13.08,13.6,12.87,13.44,8528154.0,136815024.0,19636369146.239998
2022-12-27,600803,13.44,13.59,13.07,13.17,6153800.0,99529024.0,19245082464.96
2022-12-28,600803,13.08,13.49,13.03,13.3,6987508.0,113370869.0,19435049110.4
2022-12-29,600803,13.31,13.36,13.15,13.26,3979307.0,64073315.0,19376597834.88
2022-12-30,600803,13.19,13.4,13.19,13.23,3575512.0,57725191.0,19332759378.24
2023-01-03,600803,13.22,13.26,13.0,13.17,10129613.0,161512674.0,19245082464.96
2023-01-04,600803,13.14,13.22,12.73,12.81,15505254.0,243037506.0,18719020985.280003
2023-01-05,600803,12.85,13.08,12.8,12.93,11658502.0,183565853.0,18894374811.84
2023-01-06,600803,13.12,13.89,12.94,13.81,27633529.0,455939306.0,20180302873.280003
2023-01-09,600803,13.87,13.87,13.42,13.63,18873706.0,311753431.0,19917272133.440002
2023-01-10,600803,13.68,14.19,13.56,14.01,15868026.0,269377430.0,20472559250.88
2023-01-11,600803,14.01,15.25,13.91,14.99,27060419.0,489099554.0,21904615501.12
2023-01-12,600803,14.95,15.28,14.72,15.16,16047177.0,294281909.0,22153033422.08
2023-01-13,600803,15.27,15.48,14.63,14.83,14384033.0,261268639.0,21670810399.04
2023-01-16,600803,14.82,15.1,14.53,14.59,13393615.0,240980946.0,21320102745.92
2023-01-17,600803,14.6,15.12,14.53,14.88,11991154.0,216840102.0,21743874493.440002
2023-01-18,600803,14.97,15.15,14.81,15.05,7244734.0,132124831.0,21992292414.4
2023-01-19,600803,15.06,15.2,14.7,14.91,8271065.0,149636461.0,21787712950.08
2023-01-20,600803,15.06,15.17,14.78,15.1,5986095.0,109638112.0,22065356508.8
2023-01-30,600803,15.19,15.2,14.58,14.67,9283393.0,167167973.0,21437005296.96
2023-01-31,600803,14.74,14.89,14.6,14.84,7049012.0,126724735.0,21685423217.92
2023-02-01,600803,14.84,14.88,14.71,14.84,4690758.0,84488860.0,21685423217.92
2023-02-02,600803,14.89,15.11,14.74,14.79,6187919.0,112069544.0,21612359123.52
2023-02-03,600803,14.8,14.8,14.44,14.65,3973601.0,70391446.0,21407779659.2
2023-02-06,600803,14.9,15.16,14.78,15.02,9332409.0,170039941.0,21948453957.76
2023-02-07,600803,15.1,15.55,15.06,15.5,11516796.0,215354965.0,22649869264.0
2023-02-08,600803,15.54,15.62,15.19,15.34,7082902.0,132344662.0,22416064161.92
2023-02-09,600803,15.29,15.43,15.05,15.06,6081037.0,112097737.0,22006905233.280003
2023-02-10,600803,15.09,15.09,14.86,15.05,5798026.0,105478398.0,21992292414.4
2023-02-13,600803,15.06,15.29,14.96,15.06,6870366.0,126246066.0,22006905233.280003
2023-02-14,600803,15.12,15.48,15.04,15.41,7773784.0,144718664.0,22518353894.08
2023-02-15,600803,15.41,15.41,15.04,15.13,5425243.0,100159105.0,22109194965.440002
2023-02-16,600803,15.1,15.43,14.9,14.95,6102130.0,112960389.0,21846164225.6
2023-02-17,600803,15.08,15.36,15.04,15.08,6102338.0,113136614.0,22036130871.04
2023-02-20,600803,15.09,15.4,14.96,15.37,4651503.0,86068404.0,22459902618.559998
2023-02-21,600803,15.37,15.74,15.3,15.56,5132231.0,97313479.0,22737546177.280003
2023-02-22,600803,15.47,15.82,15.29,15.32,6241145.0,117812565.0,22386838524.16
2023-02-23,600803,15.42,15.69,15.34,15.65,7554669.0,143151367.0,22869061547.2
2023-02-24,600803,15.72,15.72,15.34,15.51,4997830.0,94094360.0,22664482082.88
2023-02-27,600803,15.41,15.94,15.37,15.73,7275653.0,139407224.0,22985964098.24
2023-02-28,600803,15.78,15.92,15.57,15.87,6009788.0,115358140.0,23190543562.559998
2023-03-01,600803,15.94,16.59,15.85,16.49,12450418.0,246400407.0,24096538333.12
2023-03-02,600803,16.59,16.68,15.89,15.94,13386173.0,261874195.0,23292833294.719997
2023-03-03,600803,15.94,15.99,15.37,15.54,11658324.0,220170156.0,22708320539.52
2023-03-06,600803,15.54,15.58,15.28,15.45,5242258.0,98555285.0,22576805169.6
2023-03-07,600803,15.39,15.95,15.39,15.61,6952072.0,132703403.0,22810610271.68
2023-03-08,600803,15.51,15.8,15.37,15.67,4682641.0,89126339.0,22898287184.96
2023-03-09,600803,15.69,15.75,15.39,15.44,4870364.0,92044621.0,22562192350.719997
2023-03-10,600803,15.32,15.72,15.22,15.37,8515763.0,160388212.0,22459902618.559998
2023-03-13,600803,15.19,15.64,15.15,15.57,6278319.0,118080453.0,22752158996.16
2023-03-14,600803,15.41,15.74,15.11,15.13,6244590.0,116114561.0,22109194965.440002
2023-03-15,600803,15.2,15.59,15.08,15.48,6217438.0,116450855.0,22620643626.24
2023-03-16,600803,15.5,15.5,15.16,15.33,4969291.0,92713929.0,22401451343.04
2023-03-17,600803,15.34,15.52,15.19,15.34,5654342.0,105789823.0,22416064161.92
2023-03-20,600803,15.27,15.37,14.88,15.2,7187781.0,132587752.0,22211484697.6
2023-03-21,600803,15.16,15.25,14.96,15.19,4813054.0,88555793.0,22196871878.719997
2023-03-22,600803,15.23,15.63,15.2,15.43,4159194.0,78174911.0,22547579531.84
2023-03-23,600803,15.34,15.97,15.23,15.94,6687571.0,128013221.0,23292833294.719997
2023-03-24,600803,15.94,15.95,15.37,15.39,7561662.0,143179173.0,22489128256.32
2023-03-27,600803,16.26,16.82,15.43,15.47,29876275.0,581436596.0,22606030807.36
2023-03-28,600803,15.79,16.6,15.62,16.46,23896511.0,473645070.0,24052699876.48
2023-03-29,600803,16.43,16.72,16.18,16.56,11551892.0,233078105.0,24198828065.28
2023-03-30,600803,16.53,17.07,16.42,16.91,11414044.0,233115735.0,24710276726.08
2023-03-31,600803,16.91,17.3,16.78,17.14,11643284.0,243525311.0,25046371560.32
2023-04-03,600803,17.19,17.35,16.51,16.65,12887555.0,263343779.0,24330343435.199997
2023-04-04,600803,16.63,16.79,16.45,16.56,7040342.0,142161694.0,24198828065.28
2023-04-06,600803,16.67,16.72,16.22,16.44,8024264.0,160471065.0,24023474238.72
2023-04-07,600803,16.34,16.66,16.33,16.54,3556415.0,71452188.0,24169602427.52
2023-04-10,600803,16.48,17.49,16.44,17.38,10038193.0,208111791.0,25397079213.44
2023-04-11,600803,17.42,17.5,17.0,17.3,8373470.0,175866404.0,25280176662.4
2023-04-12,600803,17.36,17.56,16.86,16.88,6797184.0,141317790.0,24666438269.44
2023-04-13,600803,17.09,17.34,16.77,17.22,7301106.0,152201762.0,25163274111.359997
2023-04-14,600803,17.23,17.38,17.1,17.29,5336354.0,112038352.0,25265563843.52
2023-04-17,600803,17.37,17.51,17.05,17.21,8418240.0,176224027.0,25148661292.48
2023-04-18,600803,17.2,17.52,17.09,17.29,4671328.0,98280477.0,25265563843.52
2023-04-19,600803,17.46,17.49,17.06,17.21,6607679.0,138662479.0,25148661292.48
2023-04-20,600803,17.17,17.28,16.68,16.83,8012879.0,164086205.0,24593374175.039997
2023-04-21,600803,16.93,17.13,16.77,16.93,6332144.0,131108340.0,24739502363.84
2023-04-24,600803,17.01,17.28,16.9,17.0,5293536.0,110142313.0,24841792096.0
2023-04-25,600803,16.99,17.62,16.92,17.46,8694123.0,184247843.0,25513981764.48
2023-04-26,600803,17.59,17.96,17.35,17.7,11465737.0,246892982.0,25864689417.6
2023-04-27,600803,17.69,17.9,17.13,17.46,7458219.0,157730925.0,25513981764.48
2023-04-28,600803,17.39,17.39,15.94,16.68,22453493.0,450771292.0,24374181891.84
2023-05-04,600803,16.41,16.55,16.16,16.31,12152524.0,241570549.0,23833507593.28
2023-05-05,600803,16.22,16.61,16.02,16.11,10031650.0,197521771.0,23541251215.68
2023-05-08,600803,16.14,16.22,15.83,16.13,9991976.0,194319114.0,23570476853.44
2023-05-09,600803,16.09,16.38,15.99,16.0,6612351.0,130377911.0,23380510208.0
2023-05-10,600803,15.94,16.26,15.89,16.18,5987528.0,117277125.0,23643540947.84
2023-05-11,600803,16.18,16.26,15.9,15.99,7073623.0,137900613.0,23365897389.12
2023-05-12,600803,16.08,16.38,15.88,15.92,4872423.0,95361253.0,23263607656.96
2023-05-15,600803,15.99,16.49,15.88,16.41,7793316.0,154620331.0,23979635782.08
2023-05-16,600803,16.45,17.18,16.27,16.86,7036964.0,144480028.0,24637212631.68
2023-05-17,600803,16.89,17.2,16.77,17.01,4517765.0,93770376.0,24856404914.88
2023-05-18,600803,17.23,17.43,16.91,16.98,4712922.0,98015133.0,24812566458.24
2023-05-19,600803,17.0,17.71,16.86,17.56,8318013.0,176465320.0,25660109953.28
2023-05-22,600803,17.67,18.16,17.5,17.69,8536800.0,185920243.0,25850076598.72
2023-05-23,600803,17.72,17.84,17.42,17.5,6465654.0,138260794.0,25572433040.0
2023-05-24,600803,17.67,17.67,16.79,16.88,7333661.0,152519357.0,24666438269.44
2023-05-25,600803,16.8,17.06,16.64,16.89,5889827.0,120696049.0,24681051088.32
2023-05-26,600803,16.93,16.99,16.63,16.64,3459949.0,70492275.0,24315730616.32
2023-05-29,600803,16.67,16.89,16.42,16.54,6484294.0,130870973.0,24169602427.52
2023-05-30,600803,16.5,16.77,16.22,16.27,5110980.0,101741096.0,23775056317.76
2023-05-31,600803,16.38,16.46,15.86,15.91,8502597.0,165824423.0,23248994838.08
2023-06-01,600803,15.88,15.88,15.54,15.6,9568301.0,182211710.0,22795997452.8
2023-06-02,600803,15.57,16.07,15.57,15.84,7458772.0,143825886.0,23146705105.92
2023-06-05,600803,15.78,15.94,15.12,15.19,15027981.0,280023138.0,22196871878.719997
2023-06-06,600803,15.25,16.18,15.2,15.88,18033001.0,346628318.0,23205156381.440002
2023-06-07,600803,15.81,15.91,15.46,15.49,6803397.0,129398907.0,22635256445.12
2023-06-08,600803,15.48,15.71,15.47,15.69,3810848.0,72326462.0,22927512822.719997
2023-06-09,600803,15.64,16.03,15.61,15.8,5011617.0,96499734.0,23088253830.4
2023-06-12,600803,15.91,15.97,15.53,15.69,5313414.0,101405458.0,22927512822.719997
2023-06-13,600803,15.69,15.69,15.21,15.49,7038480.0,131957067.0,22635256445.12
2023-06-14,600803,15.49,15.73,15.39,15.62,4027114.0,76364641.0,22825223090.559998
2023-06-15,600803,15.62,15.71,15.46,15.65,4524398.0,85822933.0,22869061547.2
2023-06-16,600803,15.76,15.97,14.97,15.2,21428816.0,398837066.0,22211484697.6
2023-06-19,600803,15.04,15.58,14.83,15.52,9036064.0,168439082.0,22679094901.76
2023-06-20,600803,15.45,15.54,15.23,15.43,5875450.0,109939435.0,22547579531.84
2023-06-21,600803,15.48,15.51,15.27,15.33,6609400.0,123729596.0,22401451343.04
2023-06-26,600803,15.19,15.7,15.19,15.56,9022500.0,170796468.0,22737546177.280003
2023-06-27,600803,15.78,16.25,15.41,16.11,10532632.0,204855271.0,23541251215.68
2023-06-28,600803,16.13,16.28,15.95,15.99,8216500.0,160432015.0,23365897389.12
2023-06-29,600803,16.03,16.09,15.53,15.57,6207602.0,118490880.0,22752158996.16
2023-06-30,600803,15.58,15.87,15.54,15.6,6181732.0,117860523.0,22795997452.8
2023-07-03,600803,15.57,16.23,15.54,16.13,7014069.0,136233233.0,23570476853.44
2023-07-04,600803,16.11,16.14,15.45,15.58,8777466.0,166607288.0,22766771815.04
2023-07-05,600803,15.59,15.63,15.43,15.45,3621327.0,68298683.0,22576805169.6
2023-07-06,600803,15.51,15.8,15.45,15.53,7785252.0,147868853.0,22693707720.64
2023-07-07,600803,15.53,15.76,15.39,15.42,6549479.0,123751444.0,22532966712.96
2023-07-10,600803,15.49,16.07,15.49,15.97,8214265.0,158165455.0,23336671751.36
2023-07-11,600803,16.05,16.37,15.91,16.06,6697833.0,127989401.0,23468187121.28
2023-07-12,600803,16.09,16.28,15.91,16.22,6338589.0,121338935.0,23701992223.359997
2023-07-13,600803,16.36,16.58,16.13,16.25,4685600.0,90529071.0,23745830680.0
2023-07-14,600803,16.35,16.35,15.89,16.24,6773594.0,129036287.0,23731217861.12
2023-07-17,600803,16.19,16.25,15.91,16.08,6696210.0,127210884.0,23497412759.039997
2023-07-18,600803,16.04,16.14,15.89,15.97,3386300.0,64178157.0,23336671751.36
2023-07-19,600803,15.91,16.09,15.79,16.03,3428351.0,64672204.0,23424348664.640003
2023-07-20,600803,16.02,16.24,15.78,15.88,5776601.0,109640949.0,23205156381.440002
2023-07-21,600803,15.92,15.98,15.76,15.87,3772000.0,70837417.0,23190543562.559998
2023-07-24,600803,15.75,15.89,15.67,15.87,3472890.0,64997019.0,23190543562.559998
2023-07-25,600803,15.92,16.54,15.89,16.13,7872761.0,151615118.0,23570476853.44
2023-07-26,600803,16.13,16.21,15.88,16.03,3493800.0,66294664.0,23424348664.640003
2023-07-27,600803,16.02,16.02,15.6,15.61,6588685.0,122864660.0,22810610271.68
2023-07-28,600803,15.57,15.85,15.43,15.75,7190660.0,133532285.0,23015189736.0
2023-07-31,600803,15.78,15.88,15.43,15.53,10223207.0,188534674.0,22693707720.64
2023-08-01,600803,15.57,15.93,15.5,15.88,7572851.0,141442354.0,23205156381.440002
2023-08-02,600803,15.79,15.92,15.7,15.87,3875700.0,72608754.0,23190543562.559998
2023-08-03,600803,15.8,16.09,15.7,15.77,3146846.0,59140585.0,23044415373.76
2023-08-04,600803,15.85,15.94,15.64,15.69,4053574.0,75475280.0,22927512822.719997
2023-08-07,600803,15.64,15.66,15.5,15.6,3617638.0,66894642.0,22795997452.8
2023-08-08,600803,15.55,15.66,15.5,15.65,3348025.0,61786624.0,22869061547.2
2023-08-09,600803,15.58,15.67,15.51,15.61,2646813.0,48807557.0,22810610271.68
2023-08-10,600803,15.7,16.31,15.7,16.25,15089073.0,287883803.0,23745830680.0
2023-08-11,600803,16.12,16.12,15.33,15.42,16165455.0,297213891.0,22532966712.96
2023-08-14,600803,15.24,15.29,15.04,15.2,6537322.0,117482908.0,22211484697.6
2023-08-15,600803,15.14,15.66,15.02,15.57,9228697.0,169350705.0,22752158996.16
2023-08-16,600803,15.6,15.7,15.43,15.61,4198606.0,77403983.0,22810610271.68
2023-08-17,600803,15.54,15.54,15.25,15.49,3583854.0,65213113.0,22635256445.12
2023-08-18,600803,15.44,15.81,15.42,15.62,5734475.0,106402209.0,22825223090.559998
2023-08-21,600803,15.62,15.93,15.42,15.79,5643900.0,105083937.0,23073641011.52
2023-08-22,600803,15.8,16.0,15.44,15.5,10522920.0,195566369.0,22649869264.0
2023-08-23,600803,15.6,15.86,15.18,15.2,9321320.0,171123717.0,22211484697.6
2023-08-24,600803,15.2,15.23,14.98,15.02,5671557.0,101171860.0,21948453957.76
2023-08-25,600803,14.85,14.85,13.59,14.46,24324631.0,404378990.0,21130136100.48
2023-08-28,600803,14.93,15.05,14.15,14.52,17767873.0,303266453.0,21217813013.76
2023-08-29,600803,14.53,14.81,14.26,14.52,11215413.0,192707920.0,21217813013.76
2023-08-30,600803,14.47,14.9,14.37,14.77,8760566.0,152569072.0,21583133485.76
2023-08-31,600803,14.75,14.84,14.56,14.74,6695778.0,116450494.0,21539295029.12
2023-09-01,600803,14.71,14.78,14.45,14.63,4000399.0,69046753.0,21378554021.440002
2023-09-04,600803,14.58,15.19,14.54,15.14,10990335.0,195084709.0,22123807784.32
2023-09-05,600803,15.02,15.29,14.79,14.94,10292979.0,182990527.0,21831551406.719997
2023-09-06,600803,14.9,14.95,14.56,14.63,6971214.0,121145902.0,21378554021.440002
2023-09-07,600803,14.63,14.66,14.39,14.44,7857278.0,135067382.0,21100910462.719997
2023-09-08,600803,14.42,14.51,14.31,14.44,3357546.0,57376933.0,21100910462.719997
2023-09-11,600803,14.36,14.63,14.25,14.39,11808524.0,201949734.0,21027846368.32
2023-09-12,600803,14.32,14.85,14.32,14.77,9269136.0,161282394.0,21583133485.76
2023-09-13,600803,14.88,15.33,14.88,15.17,13726428.0,245848297.0,22167646240.96
2023-09-14,600803,15.09,15.47,15.06,15.31,9827395.0,178006721.0,22372225705.280003
2023-09-15,600803,15.28,15.45,14.46,14.53,15193896.0,265407675.0,21232425832.64
2023-09-18,600803,14.48,14.64,14.43,14.55,9398616.0,161944109.0,41204269664.4
2023-09-19,600803,14.46,14.74,14.43,14.64,8280446.0,143552237.0,41459141435.520004
2023-09-20,600803,14.52,14.61,14.22,14.25,11194402.0,189788132.0,40354697094.0
2023-09-21,600803,14.26,14.47,14.2,14.32,9645910.0,164352099.0,40552930693.76
2023-09-22,600803,14.32,14.52,14.11,14.29,10160546.0,171781366.0,40467973436.72
2023-09-25,600803,14.24,14.25,13.89,14.19,10406670.0,174601813.0,40184782579.92
2023-09-26,600803,14.21,14.45,14.15,14.37,6650055.0,112765768.0,40694526122.159996
2023-09-27,600803,14.31,14.76,14.27,14.74,7462281.0,129021959.0,41742332292.32
2023-09-28,600803,14.77,14.87,14.58,14.7,4649482.0,80836759.0,41629055949.6
2023-10-09,600803,14.7,14.94,14.63,14.88,4413420.0,77497149.0,42138799491.840004
2023-10-10,600803,14.89,15.01,14.59,14.74,5980764.0,104396740.0,41742332292.32
2023-10-11,600803,14.68,14.85,14.5,14.6,6041601.0,104681598.0,41345865092.799995
2023-10-12,600803,14.63,14.69,14.47,14.59,4204500.0,72521316.0,41317546007.12
2023-10-13,600803,14.59,14.59,14.42,14.47,3275000.0,56209465.0,40977716978.96
2023-10-16,600803,14.47,14.73,14.46,14.69,5586487.0,96738470.0,41600736863.92
2023-10-17,600803,14.59,14.6,14.42,14.51,5205409.0,89239534.0,41090993321.68
2023-10-18,600803,14.42,14.5,14.14,14.2,5389438.0,91194233.0,40213101665.6
2023-10-19,600803,14.2,14.25,13.99,14.03,4147310.0,69211533.0,39731677209.04
2023-10-20,600803,13.98,14.2,13.88,14.03,4535400.0,75586163.0,39731677209.04
2023-10-23,600803,14.0,14.06,13.64,13.7,3645238.0,59625487.0,38797147381.6
2023-10-24,600803,13.69,14.34,13.69,14.29,4978456.0,83240227.0,40467973436.72
2023-10-25,600803,14.29,14.47,14.18,14.44,3695500.0,62916220.0,40892759721.92
2023-10-26,600803,14.43,14.72,14.32,14.7,6135356.0,106048784.0,41629055949.6
2023-10-27,600803,14.73,14.82,14.62,14.67,3969436.0,69203933.0,41544098692.56
2023-10-30,600803,14.55,14.62,14.11,14.26,11585732.0,196772905.0,40383016179.68
2023-10-31,600803,14.22,14.68,14.22,14.57,7559646.0,129762302.0,41260907835.76
2023-11-01,600803,14.59,14.69,14.39,14.54,4089888.0,70434761.0,41175950578.72
2023-11-02,600803,14.58,14.58,14.29,14.42,3182493.0,54382591.0,40836121550.56
2023-11-03,600803,14.39,14.6,14.34,14.36,4675986.0,79967325.0,40666207036.479996
2023-11-06,600803,14.42,14.53,14.22,14.37,8382055.0,142596291.0,40694526122.159996
2023-11-07,600803,14.39,14.42,14.27,14.3,5533320.0,93869816.0,40496292522.4
2023-11-08,600803,14.25,14.39,13.77,13.93,11908392.0,197147470.0,39448486352.24
2023-11-09,600803,13.93,14.11,13.91,13.93,5932409.0,98292714.0,39448486352.24
2023-11-10,600803,13.92,14.09,13.77,14.07,6666282.0,110283441.0,39844953551.76
2023-11-13,600803,14.11,14.21,13.97,14.08,5129984.0,85350789.0,39873272637.44
2023-11-14,600803,14.06,14.11,13.86,13.88,8421085.0,138941702.0,39306890923.840004
2023-11-15,600803,13.92,14.0,13.89,13.95,3910501.0,64538531.0,39505124523.6
2023-11-16,600803,13.93,14.0,13.82,13.82,5291168.0,87038761.0,39136976409.76
2023-11-17,600803,13.87,13.9,13.67,13.74,4996987.0,81252217.0,38910423724.32
2023-11-20,600803,13.76,13.79,13.64,13.75,3773861.0,61368719.0,38938742810.0
2023-11-21,600803,13.76,13.93,13.73,13.77,7257000.0,118819650.0,38995380981.36
2023-11-22,600803,13.75,13.75,13.51,13.55,5293924.0,85454431.0,38372361096.4
2023-11-23,600803,13.51,13.76,13.5,13.73,4999200.0,81018453.0,38882104638.64
2023-11-24,600803,13.73,13.87,13.6,13.61,3679838.0,59829174.0,38542275610.479996
2023-11-27,600803,13.61,13.65,13.36,13.55,5009376.0,80067795.0,38372361096.4
2023-11-28,600803,13.55,13.59,13.38,13.5,5114707.0,81534967.0,38230765668.0
2023-11-29,600803,13.52,13.56,13.29,13.37,4179820.0,66321061.0,37862617554.159996
2023-11-30,600803,13.39,13.6,13.32,13.53,4421146.0,70647844.0,38315722925.04
2023-12-01,600803,13.53,13.55,13.09,13.21,8236651.0,129174500.0,37409512183.28
2023-12-04,600803,13.16,13.23,12.83,12.92,11851320.0,181771570.0,36588258698.56
2023-12-05,600803,12.92,13.04,12.7,12.72,9542010.0,145388460.0,36021876984.96
2023-12-06,600803,12.68,12.8,12.63,12.7,6676401.0,100620327.0,35965238813.6
2023-12-07,600803,12.71,13.01,12.62,12.91,9253577.0,140829980.0,36559939612.88
2023-12-08,600803,12.93,13.19,12.87,12.97,8257700.0,127482774.0,36729854126.96
2023-12-11,600803,13.05,13.6,12.87,13.53,16164525.0,255710655.0,38315722925.04
2023-12-12,600803,13.55,13.66,13.42,13.61,7113366.0,114169545.0,38542275610.479996
2023-12-13,600803,13.58,13.71,13.5,13.51,6065231.0,97776663.0,38259084753.68
2023-12-14,600803,13.54,13.66,13.34,13.59,8003473.0,128615485.0,38485637439.12
2023-12-15,600803,13.61,13.71,13.5,13.53,5980957.0,96256146.0,38315722925.04
2023-12-18,600803,13.5,13.66,13.46,13.58,5785336.0,93030105.0,38457318353.44
2023-12-19,600803,13.59,13.6,13.37,13.46,5640882.0,89860125.0,38117489325.28
2023-12-20,600803,13.44,13.51,13.23,13.26,6024675.0,94992632.0,37551107611.68
2023-12-21,600803,13.23,13.43,13.23,13.43,4853838.0,76663872.0,38032532068.24
2023-12-22,600803,13.37,13.76,13.32,13.69,7918887.0,128125250.0,38768828295.92
2023-12-25,600803,13.65,13.76,13.45,13.69,4797003.0,77456277.0,38768828295.92
2023-12-26,600803,13.74,14.04,13.66,13.95,9760070.0,161188448.0,39505124523.6
2023-12-27,600803,14.03,14.2,13.75,14.03,9206432.0,152446097.0,39731677209.04
2023-12-28,600803,14.11,14.33,13.95,14.01,9455202.0,157734068.0,39675039037.68
2023-12-29,600803,14.04,14.2,13.98,14.2,7808811.0,130271294.0,40213101665.6
2024-01-02,600803,14.09,14.36,14.07,14.25,9430202.0,159189078.0,40354697094.0
2024-01-03,600803,14.18,14.31,14.06,14.25,8955850.0,150413702.0,40354697094.0
2024-01-04,600803,14.33,14.39,14.09,14.33,6657374.0,112527582.0,40581249779.44
2024-01-05,600803,14.25,14.56,14.25,14.41,8788001.0,150181056.0,40868793034.84999
2024-01-08,600803,14.42,14.65,14.26,14.42,9657309.0,165876374.0,40897154445.69999
2024-01-09,600803,14.45,14.6,14.27,14.52,7261241.0,124249722.0,41180768554.19999
2024-01-10,600803,14.48,14.64,14.42,14.57,6722189.0,116061713.0,41322575608.45
2024-01-11,600803,14.53,15.01,14.44,14.85,11971137.0,210306836.0,42116695112.24999
2024-01-12,600803,14.88,15.06,14.72,15.01,7671771.0,135860752.0,42570477685.84999
2024-01-15,600803,14.98,15.37,14.95,15.28,9802046.0,176262038.0,43336235778.79999
2024-01-16,600803,15.26,15.57,15.23,15.52,11581429.0,212087613.0,44016909639.19999
2024-01-17,600803,15.52,15.63,15.33,15.4,8257296.0,151455873.0,43676572708.99999
2024-01-18,600803,15.28,15.28,14.81,15.17,12807700.0,228000042.0,43024260259.44999
2024-01-19,600803,15.32,15.32,14.78,14.87,11370526.0,201436584.0,42173417933.94999
2024-01-22,600803,14.87,14.9,14.11,14.2,14146140.0,242950671.0,40273203406.99999
2024-01-23,600803,14.04,14.55,14.04,14.37,7723248.0,131308147.0,40755347391.44999
2024-01-24,600803,14.52,14.64,14.18,14.58,8645467.0,147655031.0,41350937019.299995
2024-01-25,600803,14.58,15.0,14.39,14.82,6259263.0,109344682.0,42031610879.7
2024-01-26,600803,14.72,14.85,14.53,14.74,9367346.0,163146811.0,41804719592.899994
2024-01-29,600803,14.76,15.17,14.7,15.03,9587181.0,170385997.0,42627200507.54999
2024-01-30,600803,14.9,15.03,14.71,14.75,6596009.0,115919488.0,41833081003.74999
2024-01-31,600803,14.66,15.09,14.59,14.75,7377715.0,129458954.0,41833081003.74999
2024-02-01,600803,14.72,14.9,14.6,14.6,6016307.0,105043817.0,41407659840.99999
2024-02-02,600803,14.69,14.74,14.25,14.43,7779177.0,134151769.0,40925515856.549995
2024-02-05,600803,14.47,14.81,14.25,14.47,13908476.0,239436063.0,41038961499.95
2024-02-06,600803,14.47,14.7,14.27,14.52,14229014.0,243821213.0,41180768554.19999
2024-02-07,600803,14.57,14.88,14.27,14.85,11794219.0,204408668.0,42116695112.24999
2024-02-08,600803,14.72,14.94,14.34,14.81,14999235.0,260599981.0,42003249468.84999
2024-02-19,600803,14.9,15.52,14.85,15.52,11832114.0,214299228.0,44016909639.19999
2024-02-20,600803,15.49,15.51,15.13,15.51,8336600.0,151247971.0,43988548228.34999
2024-02-21,600803,15.25,15.76,15.23,15.49,6871443.0,126736860.0,43931825406.649994
2024-02-22,600803,15.5,15.82,15.37,15.57,5059925.0,93387858.0,44158716693.45
2024-02-23,600803,15.63,16.01,15.53,15.72,9163392.0,170899062.0,44584137856.2
2024-02-26,600803,15.74,15.93,15.55,15.62,7246884.0,135020893.0,44300523747.69999
2024-02-27,600803,15.71,15.91,15.5,15.8,6598944.0,122997646.0,44811029142.99999
2024-02-28,600803,15.77,15.85,15.56,15.65,4591183.0,85571049.0,44385607980.24999
2024-02-29,600803,15.51,16.04,15.51,15.81,9058690.0,169985226.0,44839390553.84999
2024-03-01,600803,15.9,16.03,15.35,15.46,12600900.0,232436725.0,43846741174.1
2024-03-04,600803,15.48,15.66,15.23,15.61,8975890.0,164019086.0,44272162336.84999
2024-03-05,600803,15.63,15.99,15.54,15.91,6019103.0,113020268.0,45123004662.34999
2024-03-06,600803,15.93,16.29,15.85,16.14,7770467.0,148709356.0,45775317111.899994
2024-03-07,600803,16.14,16.24,15.88,16.21,6713667.0,127881890.0,45973846987.85
2024-03-08,600803,16.1,16.33,16.06,16.2,4910225.0,94292625.0,45945485576.99999
2024-03-11,600803,16.22,16.56,16.17,16.5,5084141.0,98275610.0,46796327902.49999
2024-03-12,600803,16.53,16.63,15.9,16.04,6672426.0,128221635.0,45491703003.39999
2024-03-13,600803,15.93,16.31,15.89,16.23,6188901.0,118819361.0,46030569809.549995
2024-03-14,600803,16.27,16.27,15.76,16.07,7985029.0,150623867.0,45576787235.95
2024-03-15,600803,16.15,16.24,15.77,15.95,6922996.0,130762879.0,45236450305.74999
2024-03-18,600803,16.06,16.48,16.06,16.21,9278808.0,178659087.0,45973846987.85
2024-03-19,600803,16.21,16.58,16.21,16.28,5264690.0,102033744.0,46172376863.799995
2024-03-20,600803,16.28,16.4,16.2,16.29,5823975.0,112369854.0,46200738274.64999
2024-03-21,600803,16.31,16.36,16.1,16.15,3371699.0,64642595.0,45803678522.749985
2024-03-22,600803,16.14,16.27,15.92,16.15,4993459.0,95394520.0,45803678522.749985
2024-03-25,600803,15.96,16.44,15.88,16.31,8705455.0,168042007.0,46257461096.34999
2024-03-26,600803,16.25,16.53,16.16,16.44,7009200.0,135599412.0,46626159437.399994
2024-03-27,600803,16.46,16.63,16.36,16.42,5487749.0,107323386.0,46569436615.7
2024-03-28,600803,16.31,16.37,16.09,16.16,5676245.0,108961663.0,45832039933.59999
2024-03-29,600803,16.14,16.37,16.11,16.34,3790648.0,73033720.0,46342545328.899994
2024-04-01,600803,16.35,16.52,15.82,15.88,11992422.0,228145158.0,45037920429.799995
2024-04-02,600803,15.88,16.22,15.88,16.03,9255569.0,176018678.0,45463341592.549995
2024-04-03,600803,16.03,16.12,15.77,15.84,8522607.0,160171765.0,44924474786.399994
2024-04-08,600803,15.84,16.58,15.72,16.37,16109616.0,308657279.0,46427629561.45
2024-04-09,600803,16.38,16.43,15.91,15.97,9434675.0,179698602.0,45293173127.45
2024-04-10,600803,16.0,16.49,15.94,16.25,6614006.0,127510056.0,46087292631.24999
2024-04-11,600803,16.28,16.44,16.05,16.26,5083188.0,98024181.0,46115654042.1
2024-04-12,600803,16.26,16.36,16.03,16.06,6726814.0,128862906.0,45548425825.09999
2024-04-15,600803,16.16,16.82,16.09,16.62,14393313.0,282941614.0,47136664832.7
2024-04-16,600803,16.61,16.61,16.07,16.24,9877135.0,191136197.0,46058931220.39999
2024-04-17,600803,16.2,16.33,16.04,16.26,8564225.0,164312085.0,46115654042.1
2024-04-18,600803,16.24,16.37,15.8,15.99,12467571.0,236898664.0,45349895949.149994
2024-04-19,600803,16.02,16.31,15.93,16.12,8452573.0,161686685.0,45718594290.2
2024-04-22,600803,15.98,16.44,15.91,16.21,12096774.0,232665607.0,45973846987.85
2024-04-23,600803,16.16,16.25,15.49,15.51,13962149.0,259732986.0,43988548228.34999
2024-04-24,600803,15.59,15.81,15.47,15.77,6487988.0,120259939.0,44725944910.44999
2024-04-25,600803,15.77,15.88,15.36,15.4,9671612.0,177488249.0,43676572708.99999
2024-04-26,600803,15.36,15.4,14.94,14.96,14989487.0,267320334.0,42428670631.6
2024-04-29,600803,14.85,15.14,14.66,15.06,19680450.0,348625085.0,42712284740.09999
2024-04-30,600803,15.05,15.4,14.95,15.24,13054205.0,235957678.0,43222790135.399994
2024-05-06,600803,15.54,15.71,15.21,15.44,12623161.0,231767465.0,43790018352.399994
2024-05-07,600803,15.47,15.85,15.35,15.71,9521150.0,176621041.0,44555776445.35
2024-05-08,600803,15.68,15.79,15.58,15.62,5970380.0,110718177.0,44300523747.69999
2024-05-09,600803,15.55,15.82,15.53,15.71,6854216.0,127317810.0,44555776445.35
2024-05-10,600803,15.83,15.85,15.58,15.76,7389225.0,137276532.0,44697583499.59999
2024-05-13,600803,15.66,15.83,15.58,15.7,9355740.0,174189087.0,44527415034.49999
2024-05-14,600803,15.62,15.74,15.54,15.66,5932996.0,110028371.0,44413969391.09999
2024-05-15,600803,15.59,15.73,15.36,15.39,6560225.0,120942170.0,43648211298.149994
2024-05-16,600803,15.41,15.62,15.39,15.5,8432900.0,154977866.0,43960186817.49999
2024-05-17,600803,15.57,15.68,15.36,15.44,6140398.0,112648390.0,43790018352.399994
2024-05-20,600803,15.4,15.64,15.32,15.58,7388001.0,135727081.0,44187078104.299995
2024-05-21,600803,15.57,15.73,15.48,15.64,5248300.0,97166392.0,44357246569.399994
2024-05-22,600803,15.64,15.74,15.54,15.55,4353800.0,80680722.0,44101993871.74999
2024-05-23,600803,15.53,15.61,15.38,15.43,4216000.0,77231336.0,43761656941.549995
2024-05-24,600803,15.38,15.72,15.36,15.5,5372680.0,99313695.0,43960186817.49999
2024-05-27,600803,15.55,15.74,15.46,15.7,5550050.0,102783749.0,44527415034.49999
2024-05-28,600803,15.74,15.87,15.54,15.66,6089004.0,113330234.0,44413969391.09999
2024-05-29,600803,15.66,15.9,15.56,15.73,5224239.0,97678056.0,44612499267.049995
2024-05-30,600803,15.69,15.8,15.46,15.54,5416679.0,100080679.0,44073632460.899994
2024-05-31,600803,15.54,15.61,15.25,15.35,7071330.0,129049714.0,43534765654.74999
2024-06-03,600803,15.32,15.76,15.32,15.66,9288718.0,171523287.0,44413969391.09999
2024-06-04,600803,15.66,16.03,15.66,16.0,8117693.0,153037810.0,45378257359.99999
2024-06-05,600803,15.85,16.29,15.85,16.09,7202000.0,137623761.0,45633510057.649994
2024-06-06,600803,16.14,16.87,16.01,16.76,14564641.0,286860393.0,47533724584.6
2024-06-07,600803,16.75,17.36,16.66,17.32,19040510.0,385912465.0,49121963592.19999
2024-06-11,600803,17.36,17.44,16.93,17.32,15646096.0,319326232.0,49121963592.19999
2024-06-12,600803,17.24,17.47,17.07,17.39,11184078.0,228730554.0,49320493468.149994
2024-06-13,600803,17.34,17.54,17.18,17.48,10993294.0,226953387.0,49575746165.799995
2024-06-14,600803,17.51,17.83,17.28,17.65,14121504.0,294888326.0,50057890150.249985
2024-06-17,600803,17.45,17.79,17.22,17.57,14716514.0,305862424.0,49830998863.44999
2024-06-18,600803,17.47,17.81,17.3,17.72,9541772.0,198687649.0,50256420026.19999
2024-06-19,600803,17.72,18.15,17.66,17.84,10021089.0,212325614.0,50596756956.399994
2024-06-20,600803,17.81,18.38,17.69,17.88,15402781.0,329716830.0,50710202599.79999
2024-06-21,600803,17.87,18.21,17.6,17.87,8103219.0,172380971.0,50681841188.95
2024-06-24,600803,17.79,17.97,17.6,17.66,6677876.0,140389226.0,50086251561.09999
2024-06-25,600803,17.75,17.94,17.47,17.6,6441470.0,135093765.0,49916083095.99999
2024-06-26,600803,17.39,17.6,17.34,17.53,7273574.0,150880141.0,49717553220.049995
2024-06-27,600803,17.53,17.66,17.24,17.28,4917229.0,101426375.0,49072885948.799995
2024-06-28,600803,17.28,17.62,17.24,17.55,6839954.0,141633791.0,49839649791.74999
2024-07-01,600803,17.55,18.09,17.37,17.9,7929325.0,167470936.0,50833602921.499985
2024-07-02,600803,17.93,18.04,17.69,17.88,6347701.0,134389161.0,50776805599.79999
2024-07-03,600803,17.88,18.26,17.69,17.81,5519000.0,116872099.0,50578014973.84999
2024-07-04,600803,18.04,18.04,17.71,17.82,5916875.0,125298343.0,50606413634.69999
2024-07-05,600803,17.92,18.03,17.47,17.85,5701125.0,120178925.0,50691609617.24999
2024-07-08,600803,17.85,17.93,17.61,17.87,4595272.0,97004766.0,50748406938.95
2024-07-09,600803,17.76,17.91,17.58,17.67,5255662.0,110181186.0,50180433721.95
2024-07-10,600803,17.74,17.79,16.97,17.07,10689265.0,218098624.0,48476514070.94999
2024-07-11,600803,17.23,17.24,16.86,17.18,8728575.0,176809529.0,48788899340.29999
2024-07-12,600803,17.18,17.25,16.93,17.01,5550625.0,112304478.0,48306122105.85
2024-07-15,600803,16.89,17.13,16.78,16.96,4940853.0,99303935.0,48164128801.59999
2024-07-16,600803,16.88,17.12,16.74,16.85,4786844.0,95936647.0,47851743532.24999
2024-07-17,600803,16.86,17.11,16.59,16.99,7386155.0,147741631.0,48249324784.14999
2024-07-18,600803,16.98,17.6,16.87,17.48,7113340.0,146133487.0,49640859165.799995
2024-07-19,600803,17.47,17.5,17.07,17.24,5990216.0,122483671.0,48959291305.39999
2024-07-22,600803,17.02,17.25,16.76,16.93,6793489.0,136000832.0,48078932819.04999
2024-07-23,600803,16.75,17.1,16.6,16.6,4408580.0,87718827.0,47141777010.99999
2024-07-24,600803,16.6,16.94,16.44,16.82,5251663.0,104463684.0,47766547549.69999
2024-07-25,600803,17.02,17.05,16.69,16.72,5982800.0,119324735.0,47482560941.19999
2024-07-26,600803,16.83,16.87,16.52,16.56,3426859.0,67508054.0,47028182367.59999
2024-07-29,600803,16.6,16.73,16.42,16.64,5269322.0,103386795.0,47255371654.399994
2024-07-30,600803,16.63,16.67,16.04,16.29,8755978.0,168431877.0,46261418524.64999
2024-07-31,600803,16.28,16.63,16.01,16.57,8451927.0,163612931.0,47056581028.44999
2024-08-01,600803,16.58,16.79,16.17,16.22,6366556.0,117827055.0,46062627898.69999
2024-08-02,600803,16.06,16.3,15.99,16.23,4834000.0,88251258.0,46091026559.549995
2024-08-05,600803,16.15,16.22,15.78,15.84,5118075.0,92242414.0,44983478786.399994
2024-08-06,600803,15.97,16.14,15.85,16.0,5129185.0,92646516.0,45437857359.99999
2024-08-07,600803,15.99,16.5,15.95,16.35,5478924.0,100889183.0,46431810489.75
2024-08-08,600803,16.36,16.46,16.15,16.16,2736300.0,50222959.0,45892235933.59999
2024-08-09,600803,16.21,16.28,16.07,16.2,4006150.0,73230793.0,46005830576.99999
2024-08-12,600803,16.44,16.86,16.19,16.64,7384860.0,139050941.0,47255371654.399994
2024-08-13,600803,16.88,16.9,16.59,16.67,5605200.0,105976221.0,47340567636.95
2024-08-14,600803,16.6,17.01,16.45,16.79,5457000.0,103551992.0,47681351567.14999
2024-08-15,600803,16.79,16.95,16.63,16.86,5270098.0,100109427.0,47880142193.09999
2024-08-16,600803,16.86,17.01,16.67,16.94,4448475.0,84702885.0,48107331479.899994
2024-08-19,600803,16.63,17.0,16.41,16.46,4379380.0,82173343.0,46744195759.09999
2024-08-20,600803,16.45,16.53,16.06,16.32,5147764.0,94208541.0,46346614507.19999
2024-08-21,600803,16.18,16.3,15.92,15.92,3354858.0,60749934.0,45210668073.19999
2024-08-22,600803,15.96,16.09,15.75,15.98,4127767.0,74509855.0,45381060038.299995
2024-08-23,600803,15.97,16.12,15.86,16.11,3685052.0,66810525.0,45750242629.34999
2024-08-26,600803,16.63,16.77,15.75,16.24,10558165.0,193273793.0,46119425220.39999
2024-08-27,600803,16.17,16.32,15.46,15.67,10470356.0,187444548.0,44500701551.94999
2024-08-28,600803,15.52,16.1,15.52,16.02,6687239.0,120055126.0,45494654681.69999
2024-08-29,600803,16.04,16.09,15.69,15.7,7504901.0,134054934.0,44585897534.49999
2024-08-30,600803,15.57,16.01,15.47,15.63,9016001.0,160397260.0,44387106908.549995
2024-09-02,600803,15.7,16.19,15.66,15.82,15469218.0,278750174.0,44926681464.7
2024-09-03,600803,15.82,16.01,15.59,15.73,4902069.0,87057715.0,44671093517.049995
2024-09-04,600803,15.7,16.09,15.48,16.04,5985485.0,107716804.0,45551452003.39999
2024-09-05,600803,16.09,16.28,16.01,16.23,5107700.0,93341228.0,46091026559.549995
2024-09-06,600803,16.16,16.37,15.93,16.0,4554052.0,82955544.0,45437857359.99999
2024-09-09,600803,15.93,16.07,15.55,15.56,5166460.0,91625316.0,44188316282.59999
2024-09-10,600803,15.56,15.89,15.42,15.85,4591735.0,81570057.0,45011877447.24999
2024-09-11,600803,15.75,15.81,15.17,15.54,8901965.0,154729202.0,44131518960.899994
2024-09-12,600803,15.44,15.71,15.35,15.68,4709275.0,82895020.0,44529100212.799995
2024-09-13,600803,15.7,15.84,15.5,15.73,4570075.0,81236115.0,44671093517.049995
2024-09-18,600803,15.84,16.01,15.73,15.95,3554752.0,63909050.0,45295864055.74999
2024-09-19,600803,15.95,16.07,15.6,15.85,4256918.0,76191673.0,45011877447.24999
2024-09-20,600803,15.79,15.93,15.67,15.84,4889028.0,87356712.0,44983478786.399994
2024-09-23,600803,15.86,16.09,15.8,15.94,4349625.0,78510509.0,45267465394.899994
2024-09-24,600803,16.06,17.13,15.95,17.08,10669099.0,201094265.0,48504912731.79999
2024-09-25,600803,17.08,17.42,16.26,16.31,22394510.0,421006650.0,46318215846.34999
2024-09-26,600803,16.27,16.44,15.71,16.4,22607870.0,409349520.0,46573803793.999985
2024-09-27,600803,16.42,17.01,16.42,16.78,15423491.0,290992117.0,47652952906.299995
2024-09-30,600803,17.29,18.33,17.22,18.21,28850401.0,578291122.0,51713961407.84999
2024-10-08,600803,19.89,20.03,18.01,19.08,35386077.0,761202935.0,54184644901.79999
2024-10-09,600803,19.11,19.16,17.17,17.2,29462924.0,600635564.0,48845696661.99999
2024-10-10,600803,17.4,18.07,17.25,17.45,22664700.0,452541061.0,49555663183.24999
2024-10-11,600803,17.65,17.65,16.91,17.14,11144669.0,217704736.0,48675304696.899994
2024-10-14,600803,17.14,17.79,17.01,17.55,15063796.0,297575063.0,49839649791.74999
2024-10-15,600803,17.55,17.65,17.16,17.19,10547405.0,207458535.0,48817298001.149994
2024-10-16,600803,17.06,17.36,16.94,17.09,9009159.0,174835924.0,48533311392.649994
2024-10-17,600803,17.25,17.25,16.68,16.72,9717257.0,185523444.0,47482560941.19999
2024-10-18,600803,16.72,17.23,16.58,17.02,11584215.0,221797850.0,48334520766.69999
2024-10-21,600803,17.03,17.16,16.7,16.92,11777805.0,224289810.0,48050534158.2
2024-10-22,600803,16.75,17.21,16.74,17.21,9740813.0,186821002.0,48874095322.84999
2024-10-23,600803,17.16,17.29,17.08,17.16,8466440.0,164210228.0,48732102018.59999
2024-10-24,600803,17.15,17.21,16.98,17.15,5135599.0,99398793.0,48703703357.749985
2024-10-25,600803,17.16,17.2,16.84,16.97,7519626.0,144318372.0,48192527462.44999
2024-10-28,600803,16.86,16.95,16.51,16.95,10275566.0,194570863.0,48135730140.74999
2024-10-29,600803,16.97,17.13,16.65,16.78,10322030.0,196511614.0,47652952906.299995
2024-10-30,600803,16.64,16.83,16.28,16.37,12712224.0,236692970.0,46488607811.45
2024-10-31,600803,16.48,16.51,16.17,16.23,9692046.0,178030476.0,46091026559.549995
2024-11-01,600803,16.14,16.58,16.14,16.48,8435767.0,156436922.0,46800993080.799995
2024-11-04,600803,16.47,16.59,16.34,16.51,6337125.0,117502865.0,46886189063.35
2024-11-05,600803,16.51,16.61,16.27,16.6,9453798.0,176235111.0,47141777010.99999
2024-11-06,600803,16.61,16.66,16.2,16.31,16108706.0,298605389.0,46318215846.34999
2024-11-07,600803,16.17,17.02,16.16,17.0,19500722.0,369642905.0,48277723444.99999
2024-11-08,600803,17.21,17.49,17.06,17.25,16211577.0,316163353.0,48987689966.24999
2024-11-11,600803,17.32,17.44,16.87,17.41,14454491.0,280429139.0,49442068539.84999
2024-11-12,600803,17.34,17.7,17.1,17.24,17791518.0,348772643.0,48959291305.39999
2024-11-13,600803,17.16,17.23,16.96,16.99,9824393.0,189548624.0,48249324784.14999
2024-11-14,600803,16.95,17.28,16.92,16.98,8104260.0,156792789.0,48220926123.299995
2024-11-15,600803,17.12,17.17,16.84,16.84,8599001.0,165506984.0,47823344871.399994
2024-11-18,600803,16.74,17.16,16.73,16.88,7552900.0,144549329.0,47936939514.79999
2024-11-19,600803,16.95,17.12,16.81,17.12,6932711.0,133157201.0,48618507375.2
2024-11-20,600803,17.12,17.2,16.86,16.99,8053730.0,154411327.0,48249324784.14999
2024-11-21,600803,16.96,17.25,16.87,17.09,7072353.0,136407501.0,48533311392.649994
2024-11-22,600803,17.01,17.17,16.61,16.61,8639263.0,164616763.0,47170175671.84999
2024-11-25,600803,16.6,16.98,16.46,16.55,8016274.0,151258563.0,46999783706.74999
2024-11-26,600803,16.55,16.63,16.38,16.39,4728125.0,88122746.0,46545405133.149994
2024-11-27,600803,16.32,16.66,16.22,16.47,7417149.0,137509488.0,46772594419.94999
2024-11-28,600803,16.47,16.59,16.25,16.27,6856489.0,126981930.0,46204621202.94999
2024-11-29,600803,16.25,16.34,16.1,16.18,8456816.0,155023734.0,45949033255.29999
2024-12-02,600803,16.16,16.4,15.85,16.36,10547514.0,193188052.0,46460209150.59999
2024-12-03,600803,16.36,16.55,16.26,16.43,8474305.0,157084218.0,46658999776.54999
2024-12-04,600803,16.37,16.57,16.28,16.51,6046150.0,112410867.0,46886189063.35
2024-12-05,600803,16.44,16.47,16.21,16.28,5455629.0,100520918.0,46233019863.799995
2024-12-06,600803,16.27,16.46,16.19,16.38,6984349.0,128978913.0,46517006472.29999
2024-12-09,600803,16.39,16.64,16.32,16.54,7027742.0,131377663.0,46971385045.89999
2024-12-10,600803,16.73,16.89,16.46,16.55,10054041.0,188780127.0,46999783706.74999
2024-12-11,600803,16.5,16.74,16.48,16.61,8183031.0,153741748.0,47170175671.84999
2024-12-12,600803,16.63,16.73,16.52,16.73,7284594.0,136814543.0,47510959602.049995
2024-12-13,600803,16.68,16.69,16.44,16.44,7688598.0,143982152.0,46687398437.399994
2024-12-16,600803,16.63,17.63,16.59,17.3,26856889.0,522067850.0,49129683270.49999
2024-12-17,600803,17.39,17.79,17.3,17.45,17616328.0,349771715.0,49555663183.24999
2024-12-18,600803,17.36,17.79,17.36,17.62,12376895.0,246528944.0,50038440417.7
2024-12-19,600803,17.61,17.7,17.36,17.39,7878042.0,155769599.0,49385271218.149994
2024-12-20,600803,17.39,17.62,17.3,17.39,9050054.0,178178804.0,49385271218.149994
2024-12-23,600803,17.35,17.74,17.34,17.46,8650292.0,171644186.0,49584061844.09999
2024-12-24,600803,17.45,17.74,17.36,17.73,10337902.0,206492242.0,50350825687.049995
2024-12-25,600803,17.74,18.37,17.54,18.32,18969806.0,388381600.0,52026346677.19999
2024-12-26,600803,18.23,18.42,17.8,18.34,16930167.0,346557565.0,52083143998.899994
2024-12-27,600803,18.22,18.73,18.03,18.39,11256414.0,232677472.0,52225137303.149994
2024-12-30,600803,18.28,19.03,18.28,18.79,12548577.0,266851249.0,53361083737.14999
2024-12-31,600803,18.8,19.35,18.71,19.18,15085697.0,327173255.0,54472803486.36
2025-01-02,600803,19.17,19.31,18.52,18.63,14663270.0,312017564.0,52910757505.259995
2025-01-03,600803,18.78,18.93,18.45,18.58,10228132.0,216053767.0,52768753325.159996
2025-01-06,600803,18.59,18.89,18.15,18.32,12863962.0,266848893.0,52030331588.64
2025-01-07,600803,18.33,18.39,17.68,17.78,11035810.0,222882196.0,50496686443.560005
2025-01-08,600803,17.78,17.93,17.61,17.78,7038206.0,141515022.0,50496686443.560005
2025-01-09,600803,17.7,17.74,17.31,17.41,7548800.0,148980208.0,49445855510.82
2025-01-10,600803,17.7,17.7,17.22,17.54,6950796.0,137495586.0,49815066379.079994
2025-01-13,600803,17.46,17.78,17.41,17.5,7124906.0,141564768.0,49701463035.0
2025-01-14,600803,17.47,17.69,17.32,17.67,6551658.0,129929841.0,50184277247.340004
2025-01-15,600803,17.55,18.06,17.39,17.67,9855849.0,198714884.0,50184277247.340004
2025-01-16,600803,17.8,17.83,17.44,17.48,7004100.0,139231613.0,49644661362.96
2025-01-17,600803,17.28,17.6,17.24,17.49,6203392.0,122476564.0,49673062198.979996
2025-01-20,600803,17.55,17.74,17.36,17.43,7199407.0,142747681.0,49502657182.86
2025-01-21,600803,17.47,17.5,17.22,17.34,4899912.0,95924621.0,49247049658.68
2025-01-22,600803,17.48,18.3,17.47,18.23,19651964.0,399149926.0,51774724064.46
2025-01-23,600803,18.23,18.78,18.23,18.55,11987625.0,251124983.0,52683550817.1
2025-01-24,600803,18.52,18.67,17.79,17.93,13011632.0,265768004.0,50922698983.86
2025-01-27,600803,17.96,18.35,17.76,18.09,11300045.0,231960673.0,51377112360.18
2025-02-05,600803,17.9,18.02,16.7,17.22,23211198.0,448251783.0,48906239626.439995
2025-02-06,600803,17.1,17.25,16.86,17.01,11990319.0,230799014.0,48309822070.020004
2025-02-07,600803,17.05,17.27,16.96,17.09,10632618.0,206056874.0,48537028758.18
2025-02-10,600803,17.06,17.1,16.78,16.86,9628149.0,184167105.0,47883809529.72
2025-02-11,600803,16.86,17.08,16.85,16.93,6899353.0,132133160.0,48082615381.86
2025-02-12,600803,16.89,17.11,16.72,16.83,7960200.0,151788409.0,47798607021.659996
2025-02-13,600803,16.82,16.9,16.7,16.7,7667185.0,145410937.0,47429396153.4
2025-02-14,600803,16.7,16.87,16.68,16.84,6363636.0,120596817.0,47827007857.68
2025-02-17,600803,16.84,16.87,16.45,16.85,12441501.0,234115903.0,47855408693.700005
2025-02-18,600803,16.99,17.67,16.94,17.54,26027405.0,510387577.0,49815066379.079994
2025-02-19,600803,17.45,17.62,16.87,17.23,15860684.0,307877771.0,48934640462.46
2025-02-20,600803,17.14,17.18,16.93,16.93,9318012.0,179492872.0,48082615381.86
2025-02-21,600803,17.01,17.03,16.67,16.78,10698145.0,202946212.0,47656602841.560005
2025-02-24,600803,16.7,17.27,16.7,17.0,16374660.0,314827680.0,48281421234.0
2025-02-25,600803,16.86,17.12,16.81,16.95,7445122.0,142969176.0,48139417053.9
2025-02-26,600803,17.08,17.25,16.88,17.16,9293508.0,179913503.0,48735834610.32
2025-02-27,600803,17.16,17.59,17.04,17.54,10453190.0,204807616.0,49815066379.079994
2025-02-28,600803,17.52,17.93,17.36,17.93,11213773.0,224170952.0,50922698983.86
2025-03-03,600803,17.71,17.71,17.32,17.41,8477300.0,167382612.0,49445855510.82
2025-03-04,600803,17.43,17.6,17.22,17.27,7728800.0,151768810.0,49048243806.54
2025-03-05,600803,17.34,17.4,17.08,17.32,5289967.0,103004985.0,49190247986.64
2025-03-06,600803,17.23,17.39,17.01,17.05,10322699.0,199346731.0,48423425414.1
2025-03-07,600803,17.01,17.06,16.86,16.96,6494550.0,124519021.0,48167817889.920006
2025-03-10,600803,16.98,17.11,16.85,17.04,6534205.0,125265956.0,48395024578.079994
2025-03-11,600803,16.98,17.42,16.88,17.42,9840014.0,191039863.0,49474256346.840004
2025-03-12,600803,17.4,17.42,17.01,17.06,7016371.0,135632647.0,48451826250.119995
2025-03-13,600803,17.01,17.32,17.01,17.15,6823580.0,132702326.0,48707433774.299995
2025-03-14,600803,17.13,17.32,17.04,17.12,10072318.0,195054144.0,48622231266.240005
2025-03-17,600803,17.09,17.5,17.09,17.41,9271515.0,181394435.0,49445855510.82
2025-03-18,600803,17.37,17.44,17.24,17.39,5606493.0,109921006.0,49389053838.78
2025-03-27,600803,17.34,18.25,16.46,17.62,36353317.0,722648832.0,50042273067.240005
2025-03-28,600803,17.61,17.84,16.98,17.64,16801020.0,329067297.0,50099074739.28
2025-03-31,600803,17.66,18.0,17.18,17.33,14751900.0,292147770.0,49218648822.659996
2025-04-01,600803,17.34,17.51,17.16,17.5,6428660.0,126316980.0,49701463035.0
2025-04-02,600803,17.46,17.49,17.0,17.02,11507247.0,223186589.0,48338222906.04
2025-04-03,600803,16.96,17.64,16.85,17.58,12915349.0,253416599.0,49928669723.159996
2025-04-07,600803,16.98,17.23,16.38,17.13,23452929.0,448184333.0,48650632102.259995
2025-04-08,600803,16.95,17.43,16.74,17.43,16443262.0,317572388.0,49502657182.86
2025-04-09,600803,17.34,17.64,17.08,17.64,13479211.0,264845521.0,50099074739.28
2025-04-10,600803,17.64,17.64,17.21,17.39,15866702.0,312935860.0,49049514088.78
2025-04-11,600803,17.43,17.44,17.08,17.22,6541137.0,127139192.0,48570019126.439995
2025-04-14,600803,17.25,17.32,17.09,17.25,8013833.0,155880029.0,48654635884.5
2025-04-15,600803,17.23,17.45,17.17,17.39,6265364.0,122739655.0,49049514088.78
2025-04-16,600803,17.39,17.43,17.16,17.37,6881606.0,134767283.0,48993102916.740005
2025-04-17,600803,17.37,17.37,17.02,17.09,7936150.0,153418617.0,48203346508.18
2025-04-18,600803,17.03,17.08,16.86,17.01,5507269.0,105499493.0,47977701820.020004
2025-04-21,600803,17.08,17.45,17.01,17.37,11361671.0,222363957.0,48993102916.740005
2025-04-22,600803,17.36,17.51,17.2,17.35,7009335.0,137852105.0,48936691744.700005
2025-04-23,600803,17.36,17.39,17.16,17.2,5591582.0,108919609.0,48513607954.4
2025-04-24,600803,17.2,17.49,17.18,17.39,6178312.0,121262126.0,49049514088.78
2025-04-25,600803,17.38,17.58,17.18,17.56,8099728.0,159152376.0,49529009051.119995
2025-04-28,600803,17.42,18.02,17.33,17.78,9286720.0,186259252.0,50149531943.560005
2025-04-29,600803,17.76,17.84,17.55,17.63,5202544.0,103973878.0,49726448153.259995
2025-04-30,600803,17.7,17.74,17.39,17.48,5471717.0,108365304.0,49303364362.96
2025-05-06,600803,17.51,17.56,17.21,17.47,7390998.0,145318219.0,49275158776.939995
2025-05-07,600803,17.7,17.7,17.38,17.47,5923877.0,116739609.0,49275158776.939995
2025-05-08,600803,17.4,17.62,17.35,17.56,4865320.0,96170195.0,49529009051.119995
2025-05-09,600803,17.56,17.66,17.27,17.36,8045900.0,158413617.0,48964897330.72
2025-05-12,600803,17.43,17.47,17.27,17.43,4028065.0,79204305.0,49162336432.86
2025-05-13,600803,17.43,17.47,17.2,17.32,6352284.0,124152856.0,48852074986.64
2025-05-14,600803,17.31,17.32,17.1,17.19,9857416.0,191391110.0,48485402368.380005
2025-05-15,600803,17.15,17.27,17.1,17.16,7606856.0,147806796.0,48400785610.32
2025-05-16,600803,17.16,17.21,17.03,17.19,6096648.0,117914187.0,48485402368.380005
2025-05-19,600803,17.19,17.43,17.17,17.22,7945763.0,155233194.0,48570019126.439995
2025-05-20,600803,17.28,17.37,17.19,17.25,6557463.0,128235877.0,48654635884.5
2025-05-21,600803,17.31,17.39,17.19,17.32,5276526.0,103217695.0,48852074986.64
2025-05-22,600803,17.27,17.3,17.16,17.17,4146100.0,80650741.0,48428991196.340004
2025-05-23,600803,17.17,17.28,16.99,16.99,6101849.0,118065348.0,47921290647.979996
2025-05-26,600803,16.93,16.96,16.63,16.66,8796982.0,166206642.0,46990506309.32
2025-05-27,600803,16.63,16.8,16.62,16.65,4280856.0,80731929.0,46962300723.299995
2025-05-28,600803,16.66,16.74,16.61,16.66,3317559.0,62532583.0,46990506309.32
2025-05-29,600803,16.65,16.8,16.6,16.79,4681292.0,88559575.0,47357178927.579994
2025-05-30,600803,16.81,16.96,16.56,16.78,9282100.0,175837961.0,47328973341.560005
2025-06-03,600803,16.71,17.01,16.59,16.99,8301253.0,158093028.0,47921290647.979996
2025-06-04,600803,17.01,17.09,16.89,16.92,3627546.0,69604712.0,47723851545.840004
2025-06-05,600803,16.94,16.99,16.86,16.87,2412438.0,46090067.0,47582823615.740005
2025-06-06,600803,16.9,17.06,16.86,17.01,3521549.0,67670959.0,47977701820.020004
2025-06-09,600803,17.01,17.04,16.84,16.97,4460171.0,85237100.0,47864879475.939995
2025-06-10,600803,16.97,17.01,16.81,16.87,4598861.0,87881447.0,47582823615.740005
2025-06-11,600803,16.93,16.98,16.83,16.89,3404371.0,65098181.0,47639234787.78
2025-06-12,600803,16.87,16.95,16.74,16.78,3551375.0,67392901.0,47328973341.560005
2025-06-13,600803,16.82,17.01,16.8,16.88,5302583.0,101269252.0,47611029201.759995
2025-06-16,600803,17.06,17.1,16.64,16.68,10266179.0,195145668.0,47046917481.36
2025-06-17,600803,16.63,16.86,16.59,16.69,4304210.0,81207304.0,47075123067.380005
2025-06-18,600803,16.72,16.72,16.56,16.57,3467525.0,65067187.0,46736656035.14
2025-06-19,600803,16.55,16.63,16.31,16.58,5660675.0,105505877.0,46764861621.159996
2025-06-20,600803,16.57,16.62,16.42,16.42,3996255.0,74493791.0,46313572244.840004
2025-06-23,600803,16.42,16.68,16.42,16.55,3842300.0,71857346.0,46680244863.1
2025-06-24,600803,16.55,16.67,16.31,16.67,5639720.0,105507117.0,47018711895.340004
2025-06-25,600803,16.62,16.69,16.51,16.6,3726740.0,69949826.0,46821272793.200005
2025-06-26,600803,16.59,16.76,16.48,16.55,5512600.0,103351462.0,46680244863.1
2025-06-27,600803,16.49,16.62,16.48,16.55,3471520.0,64949974.0,46680244863.1
2025-06-30,600803,16.55,16.8,16.5,16.72,5774885.0,109192814.0,47159739825.439995
2025-07-01,600803,16.74,16.8,16.55,16.63,6023644.0,113153925.0,46905889551.259995
2025-07-02,600803,16.62,17.2,16.59,17.15,11619697.0,223065517.0,48372580024.299995
2025-07-03,600803,17.15,17.74,17.06,17.6,14648772.0,290246693.0,49641831395.200005
2025-07-04,600803,17.63,17.71,17.29,17.37,8037700.0,158513339.0,48993102916.740005
2025-07-07,600803,17.43,17.56,17.27,17.54,5501757.0,108442200.0,49472597879.079994
2025-07-08,600803,17.54,17.65,17.24,17.25,5880843.0,115360686.0,48654635884.5
2025-07-09,600803,17.25,17.33,16.97,16.99,7355676.0,142125422.0,47921290647.979996
2025-07-10,600803,17.03,17.13,16.93,16.93,4963700.0,95291179.0,47752057131.86
2025-07-11,600803,16.94,17.09,16.91,16.93,9317000.0,178834380.0,47752057131.86
2025-07-14,600803,17.0,17.19,16.96,17.08,5827203.0,112622935.0,48175140922.159996
2025-07-15,600803,17.05,17.28,17.03,17.24,5241890.0,101894821.0,48626430298.479996
2025-07-16,600803,17.32,17.41,17.24,17.35,5219919.0,102355890.0,48936691744.700005
2025-07-17,600803,17.34,17.41,17.3,17.35,4399800.0,86298522.0,48936691744.700005
2025-07-18,600803,17.39,17.5,17.18,17.36,6791800.0,133277481.0,48964897330.72
2025-07-21,600803,17.41,17.53,17.36,17.5,7171244.0,141508754.0,49359775535.0
2025-07-22,600803,17.56,17.56,17.13,17.45,8256005.0,153344312.0,49218747604.9
2025-07-23,600803,17.55,17.62,17.22,17.22,7846679.0,145983565.0,48570019126.439995
2025-07-24,600803,17.22,17.31,17.13,17.29,5517463.0,101829794.0,48767458228.579994
2025-07-25,600803,17.29,17.43,17.19,17.27,5547600.0,102745864.0,48711047056.54
2025-07-28,600803,17.26,17.55,17.22,17.42,8789725.0,164300308.0,49134130846.840004
2025-07-29,600803,17.42,17.43,17.13,17.22,5956958.0,109894799.0,48570019126.439995
2025-07-30,600803,17.24,17.49,17.23,17.41,4805452.0,89440684.0,49105925260.82
2025-07-31,600803,17.36,17.36,17.16,17.2,5041132.0,92961567.0,48513607954.4
2025-08-01,600803,17.17,17.47,17.17,17.31,5680576.0,105368392.0,48823869400.619995
2025-08-04,600803,17.25,17.45,17.2,17.42,4725501.0,87999204.0,49134130846.840004
2025-08-05,600803,17.43,17.58,17.36,17.58,7415356.0,138871568.0,49585420223.159996
2025-08-06,600803,17.5,17.67,17.27,17.59,13753487.0,256787544.0,49613625809.18
2025-08-07,600803,17.56,17.72,17.38,17.39,7060572.0,132017841.0,49049514088.78
2025-08-08,600803,17.36,17.68,17.35,17.67,8513864.0,160394749.0,49839270497.340004
2025-08-11,600803,17.73,17.73,17.45,17.48,6743371.0,126603489.0,49303364362.96
2025-08-12,600803,17.51,17.89,17.48,17.81,8206706.0,156276429.0,50234148701.619995
2025-08-13,600803,17.82,17.85,17.59,17.6,5864201.0,110947024.0,49641831395.200005
2025-08-14,600803,17.6,18.09,17.59,17.59,5897639.0,111861759.0,49613625809.18
2025-08-15,600803,17.64,17.84,17.45,17.61,7965868.0,150344504.0,49670036981.22
2025-08-18,600803,17.67,17.77,17.47,17.53,8659900.0,162830551.0,53876133852.700005
2025-08-19,600803,17.53,17.57,17.38,17.45,6554435.0,122360313.0,53630264445.5
2025-08-20,600803,17.38,17.45,17.23,17.45,6706935.0,124702898.0,53630264445.5
2025-08-21,600803,17.45,17.55,17.37,17.48,4996665.0,93577441.0,53722465473.200005
2025-08-22,600803,17.49,17.49,17.31,17.41,8029218.0,149397008.0,53507329741.9
2025-08-25,600803,17.41,17.59,17.41,17.54,7092605.0,133065779.0,53906867528.6
2025-08-26,600803,17.55,17.73,17.39,17.6,10703896.0,201499575.0,54091269584.00001
2025-08-27,600803,17.56,17.59,17.31,17.32,7369358.0,137819029.0,53230726658.8
2025-08-28,600803,17.63,17.92,17.31,17.55,12352404.0,232543362.0,53937601204.5
2025-08-29,600803,17.5,17.67,17.45,17.55,7675670.0,144457940.0,53937601204.5
2025-09-01,600803,17.57,17.65,17.33,17.51,10228656.0,191324464.0,53814666500.9
2025-09-02,600803,17.47,17.65,17.43,17.46,8152974.0,153133433.0,53660998121.4
2025-09-03,600803,17.5,17.52,17.06,17.17,10757550.0,198010979.0,52769721520.3
2025-09-04,600803,17.08,17.11,16.85,16.96,7369678.0,133843314.0,52124314326.4
2025-09-05,600803,16.97,17.0,16.73,16.92,7879900.0,142367725.0,52001379622.8
2025-09-08,600803,16.95,17.53,16.85,17.35,12109518.0,223919612.0,53322927686.50001
2025-09-09,600803,17.27,17.74,17.26,17.73,12124705.0,228009168.0,54543997370.700005
2025-09-10,600803,17.64,17.83,17.59,17.66,9817538.0,186656951.0,54328651639.4
2025-09-11,600803,17.71,17.85,17.6,17.7,7572384.0,143767904.0,54451706343.0
2025-09-12,600803,17.77,18.03,17.7,17.86,9006661.0,172498528.0,54943925157.4
2025-09-15,600803,17.86,17.94,17.69,17.72,5689789.0,108644495.0,54513233694.799995
2025-09-16,600803,17.75,17.9,17.49,17.62,5067033.0,95534315.0,54205596935.8
2025-09-17,600803,17.62,17.69,17.24,17.28,8037140.0,149876714.0,53159631955.200005
2025-09-18,600803,17.29,17.31,16.86,16.95,9160490.0,167122924.0,52144430650.5
2025-09-19,600803,16.92,17.13,16.74,17.1,8420308.0,152968151.0,52605885789.00001
2025-09-22,600803,17.02,17.03,16.78,16.9,7392830.0,133604004.0,51990612270.99999
2025-09-23,600803,16.9,17.02,16.78,16.98,6203361.0,112192946.0,52236721678.200005
2025-09-24,600803,16.98,17.23,16.91,17.03,7097723.0,129692719.0,52390540057.700005
2025-09-25,600803,17.09,17.1,16.86,16.89,6483572.0,117439022.0,51959848595.1
2025-09-26,600803,16.89,17.0,16.73,16.94,4666029.0,84556845.0,52113666974.600006
2025-09-29,600803,16.95,16.95,16.75,16.89,7788384.0,140206913.0,51959848595.1
2025-09-30,600803,16.88,16.88,16.75,16.78,6117200.0,110080758.0,51621448160.200005
2025-10-09,600803,16.77,17.2,16.76,17.2,11356727.0,207578563.0,52913522548.0
2025-10-10,600803,17.15,17.65,17.14,17.48,14741040.0,275984628.0,53774905473.200005
2025-10-13,600803,17.34,17.38,17.03,17.28,9583353.0,176694441.0,53159631955.200005
2025-10-14,600803,17.28,17.47,17.13,17.32,11268493.0,209317006.0,53282686658.8
2025-10-15,600803,17.32,17.44,17.19,17.42,7286583.0,135389996.0,53590323417.8
2025-10-16,600803,17.4,17.49,17.3,17.48,5746000.0,106058637.0,53774905473.200005
2025-10-17,600803,17.44,17.55,17.32,17.36,5627700.0,103949856.0,53405741362.4
2025-10-20,600803,17.36,17.47,17.02,17.46,7400727.0,135583428.0,53713378121.4
2025-10-21,600803,17.46,17.53,17.3,17.38,5570546.0,102718939.0,53467268714.2
2025-10-22,600803,17.38,17.46,17.27,17.31,4789640.0,88096964.0,53251922982.899994
2025-10-23,600803,17.31,17.47,17.26,17.45,7828500.0,144616516.0,53682614445.5
2025-10-24,600803,17.42,17.44,17.29,17.41,6802100.0,125348429.0,53559559741.9
2025-10-27,600803,17.42,17.52,17.29,17.36,7775187.0,143511062.0,53405741362.4
2025-10-28,600803,17.39,17.44,17.23,17.31,6847843.0,125651913.0,53251922982.899994
2025-10-29,600803,17.28,18.05,17.2,18.05,23415072.0,438800214.0,55528434999.5
2025-10-30,600803,18.05,18.19,17.72,18.14,16791191.0,320481467.0,55805308082.6
2025-10-31,600803,17.91,18.47,17.88,18.4,17826066.0,345744545.0,56605163655.99999
2025-11-03,600803,18.36,18.85,18.21,18.74,17367535.0,343595184.0,57651128636.6
2025-11-04,600803,18.73,18.83,18.56,18.73,11612225.0,230211463.0,57620364960.700005
2025-11-05,600803,18.68,18.93,18.38,18.76,12050478.0,239396839.0,57712655988.4
2025-11-06,600803,18.77,19.1,18.68,18.85,13762400.0,275664147.0,57989529071.50001
2025-11-07,600803,18.83,19.16,18.82,18.94,7849978.0,158455688.0,58266402154.600006
2025-11-10,600803,19.01,19.09,18.84,18.93,10430700.0,209579419.0,58235638478.7
2025-11-11,600803,18.94,19.3,18.87,19.2,7613719.0,154621839.0,59066257728.0
2025-11-12,600803,19.25,19.49,19.14,19.28,13768398.0,282156366.0,59312367135.200005
2025-11-13,600803,19.21,19.35,18.95,19.12,11710420.0,237881977.0,58820148320.8
2025-11-14,600803,19.19,19.38,18.99,19.2,8993786.0,183502091.0,59066257728.0
2025-11-17,600803,19.2,19.23,18.99,19.12,7809180.0,158121718.0,58820148320.8
2025-11-18,600803,19.21,19.49,18.97,19.31,9698427.0,198231028.0,59404658162.899994
2025-11-19,600803,19.27,19.71,19.13,19.52,10553192.0,217955894.0,60050695356.799995
2025-11-20,600803,19.64,19.83,19.4,19.65,9008202.0,187716262.0,60450623143.49999
2025-11-21,600803,19.65,20.07,18.95,19.13,32787111.0,676901312.0,58850911996.7
2025-11-24,600803,19.22,19.58,18.89,19.15,23632073.0,479484258.0,58912439348.49999
2025-11-25,600803,19.19,19.67,19.07,19.58,12335800.0,255238618.0,60235277412.2
2025-11-26,600803,19.57,20.09,19.5,19.78,11251439.0,236759867.0,60850550930.200005
2025-11-27,600803,19.73,20.17,19.62,20.04,14657606.0,311201028.0,61650406503.6
2025-11-28,600803,20.16,20.35,19.91,20.07,11663814.0,249155418.0,61645691193.3
2025-12-01,600803,20.54,21.01,20.27,20.71,17336676.0,381162410.0,63611473074.9
2025-12-02,600803,20.86,20.92,20.4,20.51,9205486.0,200992823.0,62997166236.9
2025-12-03,600803,20.51,20.88,20.39,20.75,6780275.0,148862839.0,63734334442.5
2025-12-04,600803,20.85,20.91,20.38,20.45,6852443.0,149670803.0,62812874185.5
2025-12-05,600803,20.31,20.59,20.13,20.24,8605956.0,185250008.0,62167852005.6
2025-12-08,600803,20.3,20.41,19.84,20.29,8079020.0,172941883.0,62321428715.1
2025-12-09,600803,20.29,20.48,20.06,20.23,6866600.0,147646085.0,62137136663.700005
2025-12-10,600803,20.03,20.59,20.03,20.46,10071500.0,218386018.0,62843589527.4
2025-12-11,600803,20.46,21.17,20.44,20.91,11707430.0,259789369.0,64225779912.9
2025-12-12,600803,20.91,21.12,20.48,20.59,24172444.0,534097298.0,63242888972.1
2025-12-15,600803,20.62,21.03,20.33,20.83,10040049.0,221739915.0,63980057177.7
2025-12-16,600803,20.76,21.43,20.74,21.22,8043397.0,180420239.0,65177955511.799995
2025-12-17,600803,21.22,21.49,21.09,21.41,6457990.0,146005426.0,65761547007.9
2025-12-18,600803,20.95,21.23,20.76,21.06,6650100.0,148538463.0,64686510041.399994
2025-12-19,600803,21.2,21.4,20.86,20.87,5430203.0,121180973.0,64102918545.3
2025-12-22,600803,20.85,20.94,20.24,20.29,10304940.0,223292698.0,62321428715.1
2025-12-23,600803,20.23,20.31,19.45,19.55,11407701.0,239117085.0,60048493414.5
2025-12-24,600803,19.55,19.7,19.18,19.57,7005247.0,145150314.0,60109924098.3
2025-12-25,600803,19.57,19.82,19.51,19.81,5220900.0,109324953.0,60847092303.899994
2025-12-26,600803,19.78,19.89,19.56,19.73,5333127.0,111567195.0,60601369568.700005
2025-12-29,600803,19.81,19.84,19.42,19.6,5960261.0,124402216.0,60202070124.00001
2025-12-30,600803,19.61,19.72,19.44,19.57,4551499.0,94456940.0,60113691655.99
2025-12-31,600803,19.4,19.94,19.4,19.57,4838272.0,100631069.0,60113691655.99
2026-01-05,600803,19.56,19.57,19.24,19.45,6856436.0,141554352.0,59745084451.15
2026-01-06,600803,19.43,19.43,19.13,19.16,8770859.0,178968968.0,58854283706.12
2026-01-07,600803,19.18,19.3,18.88,18.92,12312382.0,247865894.0,58117069296.44
2026-01-08,600803,18.92,19.06,18.87,18.97,5304359.0,106632909.0,58270655631.78999
2026-01-09,600803,18.99,19.03,18.72,18.76,8870760.0,177089718.0,57625593023.32001
2026-01-12,600803,18.79,18.81,18.65,18.81,6397617.0,127253370.0,57779179358.67
2026-01-13,600803,18.82,19.18,18.78,18.93,8099397.0,163108491.0,58147786563.51
2026-01-14,600803,18.93,18.93,18.66,18.76,7498550.0,149585184.0,57625593023.32001
2026-01-15,600803,18.61,18.87,18.6,18.7,7817272.0,155297544.0,57441289420.9
2026-01-16,600803,18.75,18.77,18.11,18.26,14796933.0,288265476.0,56089729669.82001
2026-01-19,600803,18.26,18.75,18.2,18.68,10078950.0,198028360.0,57379854886.76
2026-01-20,600803,18.77,18.9,18.57,18.76,7246330.0,143771154.0,57625593023.32001
2026-01-21,600803,18.85,18.85,18.43,18.48,7983473.0,157630947.0,56765509545.36
2026-01-22,600803,18.59,19.1,18.59,19.0,15038579.0,302114316.0,58362807433.0
2026-01-23,600803,18.99,18.99,18.48,18.52,14405857.0,285301468.0,56888378613.64
2026-01-26,600803,18.71,18.71,18.33,18.49,11848510.0,232518873.0,56796226812.42999
2026-01-27,600803,18.65,18.74,18.21,18.23,9399498.0,183988524.0,55997577868.61
2026-01-28,600803,18.23,18.47,18.01,18.39,12451090.0,241002010.0,56489054141.73
2026-01-29,600803,18.54,18.55,18.1,18.35,13018880.0,253273938.0,56366185073.450005
2026-01-30,600803,18.36,18.79,18.28,18.39,10517956.0,206414886.0,56489054141.73
2026-02-02,600803,18.64,18.66,18.02,18.06,11954975.0,232108971.0,55475384328.42
2026-02-03,600803,18.25,18.27,17.99,18.09,8062099.0,154745503.0,55567536129.63
2026-02-04,600803,18.12,18.5,18.08,18.47,8240735.0,160499209.0,56734792278.28999
2026-02-05,600803,18.46,18.72,18.38,18.69,8714663.0,172104054.0,57410572153.83
2026-02-06,600803,18.66,18.85,18.51,18.54,7441670.0,147484149.0,56949813147.78
2026-02-09,600803,18.54,18.62,18.43,18.45,6611910.0,129758890.0,56673357744.15
2026-02-10,600803,18.51,18.51,18.27,18.36,6308039.0,122815401.0,56396902340.52
2026-02-11,600803,18.48,18.52,18.32,18.44,4678193.0,91562780.0,56642640477.08
2026-02-12,600803,18.5,18.52,18.06,18.12,7165455.0,138468841.0,55659687930.840004
2026-02-13,600803,18.17,18.17,17.96,17.99,5887155.0,112618745.0,55260363458.92999
2026-02-24,600803,18.12,18.86,18.07,18.77,15135389.0,297408699.0,57656310290.39
2026-02-25,600803,18.77,18.89,18.59,18.61,6931146.0,137655664.0,57164834017.27
2026-02-26,600803,18.69,18.75,18.53,18.65,4768883.0,94176730.0,57287703085.549995
2026-02-27,600803,18.73,19.29,18.66,19.22,13880039.0,281317787.0,59038587308.53999
2026-03-02,600803,19.79,20.6,19.27,20.6,31386662.0,658813100.0,63277570164.200005
2026-03-03,600803,21.42,22.67,21.06,22.67,64952443.0,1508175354.0,69636044447.69
2026-03-04,600803,23.14,23.14,20.4,21.68,39199210.0,881955348.0,66595035007.76
2026-03-05,600803,20.64,21.43,20.03,20.39,34119434.0,742798346.0,62632507555.73
2026-03-06,600803,19.98,20.43,19.8,20.09,22378845.0,476196594.0,61710989543.63
2026-03-09,600803,21.57,21.69,20.17,20.55,45679922.0,1014462239.0,63123983828.85
2026-03-10,600803,19.79,20.17,19.5,19.89,24796760.0,520054605.0,61096644202.23
2026-03-11,600803,19.74,20.2,19.38,20.07,19268273.0,404122373.0,61649555009.49
2026-03-12,600803,20.4,21.15,20.09,21.01,27165375.0,596704850.0,64536978114.07001
2026-03-13,600803,20.99,22.04,20.83,21.36,26064735.0,595517305.0,65612082461.52
2026-03-16,600803,21.66,21.83,21.22,21.47,18182040.0,415562515.0,65949972399.28999
2026-03-17,600803,21.49,21.73,21.03,21.17,12310751.0,277986426.0,65028454387.19
2026-03-18,600803,21.16,21.17,20.57,20.75,12792242.0,282349114.0,63738329170.25
2026-03-19,600803,21.23,22.07,20.79,21.69,26666426.0,611895722.0,66625752274.83
2026-03-20,600803,21.46,22.62,20.83,22.27,29989707.0,697913575.0,68407353764.89
2026-03-23,600803,22.34,22.34,21.62,21.74,21082657.0,489018003.0,66779338610.17999
2026-03-24,600803,21.3,21.85,21.3,21.55,16890407.0,386302183.0,66195710535.85
2026-03-25,600803,21.13,21.25,20.05,20.4,33598516.0,726482601.0,62663224822.799995
2026-03-26,600803,20.23,21.04,20.14,20.87,17500964.0,384345377.0,64106936375.090004
2026-03-27,600803,20.73,21.32,20.56,21.08,13504565.0,301668568.0,64751998983.56
2026-03-30,600803,21.99,22.06,21.28,21.45,15422114.0,353703987.0,65888537865.15
2026-03-31,600803,21.37,21.63,20.89,20.9,9706336.0,217831424.0,64199088176.299995
2026-04-01,600803,20.83,21.11,20.59,20.66,13585151.0,299956413.0,63461873766.62
2026-04-02,600803,20.68,21.5,20.68,21.37,13638946.0,308303662.0,65642799728.590004
2026-04-03,600803,21.27,21.3,20.56,20.65,9064767.0,200420942.0,63431156499.549995
2026-04-07,600803,20.56,20.86,20.07,20.53,7532499.0,164005320.0,63062549294.71001
2026-04-08,600803,19.51,20.12,19.47,19.93,21065841.0,441232549.0,61219513270.51
2026-04-09,600803,19.8,19.97,19.68,19.79,13430802.0,281965966.0,60789471531.53
2026-04-10,600803,19.76,19.77,19.46,19.6,13664532.0,284029709.0,60205843457.200005
2026-04-13,600803,19.76,19.84,19.42,19.8,12067362.0,252187771.0,60820188798.6
2026-04-14,600803,19.71,19.79,19.62,19.79,8558426.0,179040126.0,60789471531.53
2026-04-15,600803,19.77,19.79,19.55,19.58,8331400.0,173303699.0,60144408923.06
2026-04-16,600803,19.56,19.77,19.42,19.74,7174955.0,149411825.0,60635885196.17999
2026-04-17,600803,19.61,19.86,19.48,19.52,12822175.0,268016884.0,59960105320.64
2026-04-20,600803,19.52,19.87,19.51,19.58,10430799.0,217604774.0,60144408923.06
2026-04-21,600803,19.53,19.86,19.49,19.81,7111783.0,148643809.0,60850906065.67
2026-04-22,600803,19.81,19.97,19.43,19.64,9854823.0,204974281.0,60328712525.48
2026-04-23,600803,19.46,19.86,19.46,19.76,8521746.0,178344903.0,60697319730.32001
2026-04-24,600803,19.85,20.34,19.63,19.98,12364564.0,263306800.0,61373099605.86
2026-04-27,600803,19.94,20.08,19.61,19.87,9203104.0,194126630.0,61035209668.090004
2026-04-28,600803,19.82,20.09,19.67,20.01,8943228.0,188739223.0,61465251407.07001
2026-04-29,600803,20.07,20.26,19.79,20.16,8958026.0,190419520.0,61926010413.12
2026-04-30,600803,19.67,19.68,19.02,19.09,26448657.0,541441151.0,58639262836.63
2026-05-06,600803,18.86,19.18,18.43,19.18,19503192.0,388579715.0,58915718240.26
2026-05-07,600803,18.94,19.09,18.8,18.86,11136763.0,223492767.0,57932765694.02
2026-05-08,600803,18.91,19.17,18.83,19.11,8246185.0,166409538.0,58700697370.77
2026-05-11,600803,19.14,19.27,18.9,19.17,9951972.0,201110476.0,58885000973.19
2026-05-12,600803,19.19,19.57,19.18,19.47,9245970.0,190304036.0,59806518985.28999
2026-05-13,600803,19.4,19.97,19.34,19.63,8683851.0,181991728.0,60297995258.409996
2026-05-14,600803,19.71,20.24,19.53,19.87,8422244.0,178714534.0,61035209668.090004
2026-05-15,600803,19.79,19.97,19.58,19.67,7348425.0,153922048.0,60420864326.69
2026-05-18,600803,19.64,19.73,19.37,19.65,6469040.0,134046452.0,60359429792.549995
2026-05-19,600803,19.65,19.74,19.34,19.5,4708713.0,97502115.0,59898670786.5
2026-05-20,600803,19.45,19.91,19.29,19.67,8387080.0,175603464.0,60420864326.69
2026-05-21,600803,19.47,19.65,18.98,19.05,9686297.0,197364417.0,58516393768.35
2026-05-22,600803,19.06,19.21,18.63,18.72,8500885.0,169889823.0,57502723955.03999
2026-05-25,600803,18.67,18.76,18.11,18.22,6737716.0,131148219.0,55966860601.53999
2026-05-26,600803,18.26,18.55,18.12,18.54,4920600.0,96137953.0,56949813147.78
2026-05-27,600803,18.33,18.54,18.1,18.28,4608198.0,89078785.0,56151164203.96001
2026-05-28,600803,18.29,18.55,18.11,18.17,4521822.0,87714211.0,55813274266.19
2026-05-29,600803,18.1,18.55,18.05,18.43,8501685.0,165324431.0,56611923210.01
2026-06-01,600803,18.4,18.7,18.08,18.69,9415288.0,184717919.0,57410572153.83
2026-06-02,600803,18.69,18.99,18.49,18.5,6605820.0,130841913.0,56826944079.5
2026-06-03,600803,18.49,18.67,18.2,18.51,5670393.0,110817883.0,56857661346.57001
2026-06-04,600803,18.43,18.61,18.11,18.11,5225604.0,101316993.0,55628970663.77
2026-06-05,600803,18.1,18.29,18.0,18.11,7449695.0,143146093.0,55628970663.77
2026-06-08,600803,18.11,18.26,17.76,17.86,6824956.0,129875806.0,54861038987.02
2026-06-09,600803,17.91,18.04,17.13,17.23,10081596.0,185956143.0,52925851161.61
2026-06-10,600803,17.15,17.27,16.87,16.94,8274006.0,149327766.0,52035050416.58
2026-06-11,600803,17.06,17.27,16.9,17.18,9680061.0,175814213.0,52772264826.26
2026-06-12,600803,17.13,17.39,16.66,17.28,12248006.0,222625608.0,53079437496.96001
2026-06-15,600803,17.21,17.24,16.39,16.59,15112992.0,267402823.0,50959946069.13
2026-06-16,600803,16.54,16.54,15.83,15.92,17040192.0,290110097.0,48901889175.44
2026-06-17,600803,15.93,16.07,15.58,15.64,14579329.0,243882802.0,48041805697.48
2026-06-18,600803,15.65,15.71,15.33,15.34,8382967.0,137650602.0,47120287685.38
2026-06-22,600803,15.41,15.48,14.99,15.48,10575995.0,171042169.0,47550329424.36
2026-06-23,600803,15.45,15.86,15.36,15.76,10639150.0,177219565.0,48410412902.32
2026-06-24,600803,15.71,15.83,15.35,15.48,7750571.0,127445351.0,47550329424.36
2026-06-25,600803,15.36,15.6,14.97,15.1,8511650.0,137149086.0,46383073275.7
2026-06-26,600803,15.17,15.17,14.82,14.99,7824583.0,124420524.0,46045183337.93
2026-06-29,600803,15.13,15.26,14.61,15.1,7956234.0,126891834.0,46383073275.7
2026-06-30,600803,15.03,15.22,14.78,14.89,7394480.0,116823136.0,45738010667.23
2026-07-01,600803,14.9,15.53,14.78,15.32,10182860.0,164505709.0,47058853151.24
2026-07-02,600803,15.56,15.56,14.87,15.14,11504735.0,184622316.0,46505942343.98
2026-07-03,600803,15.34,15.69,15.33,15.55,10584152.0,173958166.0,47765350293.85
2026-07-06,600803,15.56,16.13,15.36,16.08,10708527.0,180219332.0,49393365448.56
2026-07-07,600803,16.16,16.16,15.37,15.47,10626232.0,175551079.0,47519612157.29
2026-07-08,600803,15.72,15.96,15.38,15.73,11487278.0,192092232.0,48318261101.11
2026-07-09,600803,15.73,15.92,15.14,15.42,12385874.0,193373674.0,47366025821.94
2026-07-10,600803,15.4,15.66,15.15,15.5,9062733.0,139797602.0,47611763958.5
2026-07-13,600803,15.6,16.12,15.55,15.97,11966831.0,190929056.0,49055475510.79
2026-07-14,600803,16.26,16.33,15.8,16.02,10303777.0,164907703.0,49209061846.14
2026-07-15,600803,15.91,16.42,15.85,16.31,6934390.0,112787738.0,50099862591.17
2026-07-16,600803,16.47,16.57,16.11,16.3,7177471.0,116957755.0,50069145324.1
2026-07-17,600803,16.28,16.67,16.27,16.31,8569792.0,141284751.0,50099862591.17
2026-07-20,600803,16.31,17.08,16.3,16.93,12291443.0,206734106.0,52004333149.51
2026-07-21,600803,16.88,17.44,16.71,16.98,13332250.0,227533125.0,52157919484.86
2026-07-22,600803,16.97,17.12,16.66,17.09,8653985.0,146421201.0,52495809422.63
2026-07-23,600803,17.1,17.74,17.1,17.67,9902900.0,172906079.0,54277410912.69
2026-07-24,600803,17.68,17.95,17.19,17.21,6914149.0,120731191.0,52864416627.47
2026-07-27,600803,16.81,17.38,16.71,17.22,10005524.0,171888780.0,52895133894.53999
2026-07-28,600803,17.2,17.28,16.9,17.1,6714950.0,114784077.0,52526526689.700005
2026-07-29,600803,17.25,17.93,17.09,17.86,11390024.0,201887890.0,54861038987.02
