date,ticker,open,high,low,close,volume,amount,market_cap
2021-01-04,688012,106.06,108.67,102.51,107.06,5198113.0,826510733.0,26272795397.100002
2021-01-05,688012,106.08,109.98,103.06,106.71,7159142.0,1133012341.0,26186904509.85
2021-01-06,688012,106.92,110.65,103.58,104.06,5521989.0,884325912.0,25536587792.100002
2021-01-07,688012,103.4,104.0,98.07,99.53,5775389.0,866235119.0,24424914308.55
2021-01-08,688012,100.19,101.51,97.19,100.63,3562085.0,532119560.0,24694857097.05
2021-01-11,688012,100.3,106.06,100.06,105.36,5739717.0,896718859.0,25855611087.6
2021-01-12,688012,105.33,106.92,102.97,105.28,4398321.0,694080861.0,25835978884.8
2021-01-13,688012,105.26,114.6,104.73,111.93,10411764.0,1738870907.0,27467905742.550003
2021-01-14,688012,112.55,125.34,112.55,120.77,13695860.0,2462350972.0,29637264151.95
2021-01-15,688012,121.41,129.18,115.11,116.98,14989425.0,2753497127.0,28707188544.3
2021-01-18,688012,116.28,125.7,115.22,122.07,11126234.0,2006546452.0,29956287447.449997
2021-01-19,688012,122.74,122.74,115.4,116.07,7073436.0,1264124405.0,28483872237.449997
2021-01-20,688012,116.68,118.27,111.53,117.84,6652085.0,1140134299.0,28918234724.4
2021-01-21,688012,116.4,118.46,113.47,116.08,5348139.0,930154148.0,28486326262.8
2021-01-22,688012,116.06,116.9,109.33,112.4,5896762.0,989207395.0,27583244934.0
2021-01-25,688012,110.73,115.01,108.39,112.55,5081971.0,855241644.0,27620055314.25
2021-01-26,688012,112.01,116.6,111.07,114.87,4593498.0,786034355.0,28189389195.45
2021-01-27,688012,115.28,115.68,109.73,110.41,4294081.0,718487600.0,27094893889.35
2021-01-28,688012,108.06,112.24,105.06,105.4,4217306.0,686015735.0,25865427189.0
2021-01-29,688012,107.13,108.06,101.26,102.43,4451729.0,691111112.0,25136581660.050003
2021-02-01,688012,101.39,107.06,101.39,104.76,3608709.0,565194081.0,25708369566.600002
2021-02-02,688012,105.08,105.26,102.13,102.87,3224437.0,498855202.0,25244558775.45
2021-02-03,688012,103.06,103.06,97.32,98.03,6499121.0,966450993.0,24056810506.05
2021-02-04,688012,96.72,99.36,93.51,97.34,5745283.0,826799338.0,23887482756.9
2021-02-05,688012,97.4,98.37,90.19,90.59,6286341.0,878003540.0,22231015645.65
2021-02-08,688012,90.58,92.69,89.39,89.85,4087032.0,558738898.0,22049417769.75
2021-02-09,688012,90.72,93.05,89.11,92.14,3161158.0,434035292.0,22611389574.9
2021-02-10,688012,91.53,92.44,89.11,91.53,3805146.0,519524768.0,22461694028.55
2021-02-18,688012,93.48,96.23,92.86,93.92,5155992.0,730483372.0,23048206087.2
2021-02-19,688012,94.01,94.01,91.25,93.08,4863082.0,672613354.0,22842067957.8
2021-02-22,688012,93.88,96.72,93.88,93.99,5155178.0,734777255.0,23065384264.649998
2021-02-23,688012,93.42,93.42,90.72,91.73,4409751.0,605278247.0,22510774535.55
2021-02-24,688012,91.39,93.74,90.83,91.72,5112792.0,705825762.0,22508320510.2
2021-02-25,688012,93.1,93.11,86.93,87.11,6657606.0,890456554.0,21377014823.85
2021-02-26,688012,85.05,86.35,83.16,83.22,5641495.0,712793885.0,20422398962.7
2021-03-01,688012,84.1,86.04,84.06,85.92,4311348.0,550774892.0,21084985807.2
2021-03-02,688012,88.05,88.89,84.39,85.92,5491258.0,709706159.0,21084985807.2
2021-03-03,688012,85.72,85.72,83.72,85.13,3335814.0,422810081.0,20891117804.55
2021-03-04,688012,85.75,86.73,80.92,80.92,6817819.0,848944458.0,19857973132.2
2021-03-05,688012,80.72,82.38,78.71,80.74,4210144.0,510640430.0,19813800675.899998
2021-03-08,688012,81.11,81.71,74.96,75.17,6142885.0,718797490.0,18446908555.95
2021-03-09,688012,74.71,75.97,69.84,70.01,5544371.0,599998946.0,17180631475.350002
2021-03-10,688012,72.71,73.3,70.04,70.18,4271682.0,459365206.0,17222349906.300003
2021-03-11,688012,71.09,75.71,68.44,74.6,6394649.0,698301563.0,18307029111.0
2021-03-12,688012,74.04,74.04,70.56,70.94,4851489.0,520716032.0,17408855832.899998
2021-03-15,688012,70.71,71.18,67.37,68.05,3930936.0,403561556.0,16699642506.75
2021-03-16,688012,68.71,69.22,66.63,68.46,3013114.0,307297169.0,16800257546.099998
2021-03-17,688012,68.46,70.39,67.65,69.75,3369170.0,350556576.0,17116826816.25
2021-03-18,688012,69.91,70.31,68.78,69.69,2481891.0,258868618.0,17102102664.15
2021-03-19,688012,67.75,71.1,67.75,69.82,2802123.0,292691751.0,17134004993.699999
2021-03-22,688012,69.63,70.41,68.71,70.39,2114106.0,221600068.0,17273884438.65
2021-03-23,688012,70.71,73.76,70.45,70.7,4299226.0,463749989.0,17349959224.5
2021-03-24,688012,69.78,70.04,67.16,67.17,3688628.0,376736533.0,16483688275.95
2021-03-25,688012,65.78,68.35,65.49,65.85,3351823.0,336315106.0,16159756929.749998
2021-03-26,688012,66.43,69.08,65.85,68.88,4979032.0,504119192.0,16903326610.8
2021-03-29,688012,69.05,71.04,68.58,69.37,3209232.0,335720389.0,17023573852.95
2021-03-30,688012,69.39,70.41,68.29,68.61,2777037.0,287745417.0,16837067926.35
2021-03-31,688012,68.91,72.28,68.71,71.72,5414602.0,573935688.0,17600269810.2
2021-04-01,688012,72.04,79.38,71.51,76.65,8802216.0,1004073627.0,18810104307.75
2021-04-02,688012,74.71,80.6,74.71,79.3,10334806.0,1215914379.0,19460421025.5
2021-04-06,688012,79.11,79.83,77.25,78.95,4407488.0,519071966.0,19374530138.25
2021-04-07,688012,79.32,84.22,77.87,83.08,7221398.0,887535686.0,20388042607.8
2021-04-08,688012,82.25,84.64,80.79,81.26,4520629.0,558061647.0,19941409994.100002
2021-04-09,688012,81.3,82.65,79.11,79.38,3890519.0,468479376.0,19480053228.3
2021-04-12,688012,79.92,81.72,77.19,77.68,3159342.0,373848717.0,19062868918.800003
2021-04-13,688012,77.03,78.91,75.55,75.85,2892906.0,333994855.0,18613782279.75
2021-04-14,688012,76.03,77.57,75.55,76.81,2247559.0,257744219.0,18849368713.350002
2021-04-15,688012,76.05,80.72,75.04,79.23,4247366.0,495755586.0,19443242848.05
2021-04-16,688012,78.71,80.05,77.57,78.55,2799082.0,329700856.0,19276369124.25
2021-04-19,688012,78.05,82.35,77.05,81.58,4730784.0,572228620.0,20019938805.3
2021-04-20,688012,81.12,82.44,79.18,79.45,2899141.0,350209529.0,19497231405.75
2021-04-21,688012,78.71,80.11,78.07,78.52,2047797.0,243174471.0,19269007048.2
2021-04-22,688012,78.52,81.93,78.52,79.03,3271582.0,392993433.0,19394162341.05
2021-04-23,688012,78.47,80.7,78.13,79.37,2247422.0,268111910.0,19477599202.95
2021-04-26,688012,79.67,82.0,78.38,78.48,4343836.0,522108727.0,19259190946.8
2021-04-27,688012,77.82,77.93,74.36,75.45,4089894.0,464828056.0,18515621265.75
2021-04-28,688012,77.04,77.37,75.3,76.31,2858724.0,326317201.0,18726667445.850002
2021-04-29,688012,76.51,80.18,76.29,79.17,4283979.0,506432006.0,19428518695.95
2021-04-30,688012,78.71,80.03,77.57,79.25,3548012.0,419716618.0,19448150898.75
2021-05-06,688012,79.21,79.64,77.72,77.73,2529208.0,297739017.0,19075139045.55
2021-05-07,688012,77.47,78.7,71.85,72.64,5599165.0,623274267.0,17826040142.4
2021-05-10,688012,72.05,72.96,70.36,71.59,2847560.0,305087671.0,17568367480.65
2021-05-11,688012,71.24,72.32,69.71,71.77,2687470.0,285868167.0,17612539936.95
2021-05-12,688012,71.58,73.38,69.92,73.02,2626106.0,281480301.0,17919293105.7
2021-05-13,688012,71.71,77.61,71.6,75.23,4461088.0,502737975.0,18461632708.05
2021-05-14,688012,75.85,81.61,75.38,80.72,7630706.0,903971705.0,19808892625.2
2021-05-17,688012,80.74,82.9,79.99,80.09,5146420.0,627883865.0,19654289028.15
2021-05-18,688012,80.04,83.62,79.43,81.63,4919528.0,606904189.0,20032208932.05
2021-05-19,688012,81.4,83.5,80.72,81.04,3922044.0,482135159.0,19887421436.4
2021-05-20,688012,80.11,82.24,80.06,80.33,2820121.0,342053595.0,19713185636.55
2021-05-21,688012,81.03,81.85,78.17,78.44,2680586.0,319328462.0,19249374845.399998
2021-05-24,688012,78.45,79.83,76.47,79.39,3555887.0,416233290.0,19482507253.65
2021-05-25,688012,78.96,82.62,78.96,82.12,5109541.0,625016270.0,20152456174.2
2021-05-26,688012,82.44,86.18,82.44,83.44,6806581.0,860773460.0,20476387520.399998
2021-05-27,688012,83.38,89.69,83.05,87.74,9603011.0,1255869766.0,21531618420.899998
2021-05-28,688012,86.88,86.99,84.98,85.64,5567633.0,716864653.0,21016273097.4
2021-05-31,688012,86.85,88.19,85.75,87.25,4803950.0,625862565.0,21411371178.75
2021-06-01,688012,87.27,93.32,86.08,91.74,10486937.0,1436513411.0,22513228560.899998
2021-06-02,688012,91.52,94.64,89.62,92.46,6979119.0,963136655.0,22689918386.1
2021-06-03,688012,92.26,92.27,88.29,88.86,5557601.0,752027546.0,21806469260.1
2021-06-04,688012,87.39,92.51,87.06,91.45,5839796.0,794424577.0,22442061825.75
2021-06-07,688012,95.39,98.72,92.06,93.23,9016854.0,1293044202.0,22878878338.05
2021-06-08,688012,94.12,94.12,89.3,90.04,6859700.0,936283617.0,22096044251.4
2021-06-09,688012,90.05,92.52,88.39,89.27,5708510.0,772294537.0,21907084299.45
2021-06-10,688012,89.85,92.89,89.85,91.79,9019247.0,1236619829.0,22525498687.65
2021-06-11,688012,91.86,92.46,86.12,86.17,11213371.0,1482790598.0,21146336440.95
2021-06-15,688012,86.27,90.35,84.62,89.53,11926129.0,1583418683.0,21970888958.55
2021-06-16,688012,90.05,93.38,87.4,88.02,9574744.0,1295357929.0,21600331130.7
2021-06-17,688012,88.59,105.62,88.59,102.51,22277870.0,3262918531.0,25156213862.850002
2021-06-18,688012,105.06,109.27,102.57,107.24,17918534.0,2828888358.0,26316967853.399998
2021-06-21,688012,106.73,108.64,105.53,107.8,9410624.0,1511941277.0,26454393273.0
2021-06-22,688012,107.73,108.66,103.45,105.06,8205644.0,1295611371.0,25781990327.100002
2021-06-23,688012,105.98,114.33,103.65,109.52,13347376.0,2189835145.0,26876485633.2
2021-06-24,688012,108.07,111.17,104.5,105.4,9090962.0,1457063202.0,25865427189.0
2021-06-25,688012,106.66,108.73,103.46,108.14,8795582.0,1405513555.0,26537830134.9
2021-06-28,688012,109.53,112.86,106.8,110.53,9056292.0,1493603029.0,27124342193.55
2021-06-29,688012,110.07,110.73,106.75,107.99,7318702.0,1186440497.0,26501019754.649998
2021-06-30,688012,108.66,114.31,108.65,110.68,11108599.0,1867766190.0,27161152573.800003
2021-07-01,688012,108.73,111.4,104.6,106.06,9281730.0,1501378463.0,26027392862.100002
2021-07-02,688012,103.8,104.67,100.28,101.06,9227073.0,1412065597.0,24800380187.100002
2021-07-05,688012,106.0,114.29,105.4,108.53,21415885.0,3505813747.0,26633537123.55
2021-07-06,688012,109.14,113.13,104.7,107.52,13197354.0,2149122835.0,26385680563.2
2021-07-07,688012,104.47,111.07,102.71,110.09,12032607.0,1940759369.0,27016365078.15
2021-07-08,688012,110.07,120.46,110.07,118.4,18515548.0,3259355639.0,29055660144.0
2021-07-09,688012,117.11,120.61,113.97,118.76,12241059.0,2146432822.0,29144005056.600002
2021-07-12,688012,118.07,121.12,114.47,117.39,14266433.0,2506816905.0,28807803583.65
2021-07-13,688012,116.09,117.38,111.53,112.07,11064486.0,1885614606.0,27502262097.449997
2021-07-14,688012,113.26,114.34,109.9,112.07,8941959.0,1499793099.0,27502262097.449997
2021-07-15,688012,110.25,112.59,108.14,111.0,8838488.0,1457959368.0,27239681385.0
2021-07-16,688012,112.38,114.72,104.14,104.4,12256516.0,2011460954.0,25620024654.0
2021-07-19,688012,101.73,103.78,99.61,103.26,8287023.0,1265681636.0,25340265764.100002
2021-07-20,688012,102.69,104.06,100.65,102.15,6056366.0,927782983.0,25067868950.25
2021-07-21,688012,102.89,113.21,102.39,110.07,14157193.0,2305874056.0,27011457027.449997
2021-07-22,688012,111.8,129.61,109.85,127.41,22108561.0,3991065578.0,31530252971.669994
2021-07-23,688012,130.28,138.75,128.93,131.44,19187691.0,3824140115.0,32527560243.279995
2021-07-26,688012,133.41,143.42,128.08,142.02,18134701.0,3672918597.0,35145801169.74
2021-07-27,688012,138.75,153.99,132.07,134.05,23889679.0,5075876188.0,33173458997.35
2021-07-28,688012,130.08,135.35,122.67,130.51,14894506.0,2896593684.0,32297412411.369995
2021-07-29,688012,135.73,151.3,131.61,150.12,18924981.0,4014159467.0,37150314544.439995
2021-07-30,688012,146.75,156.74,143.42,153.35,17059693.0,3829560648.0,37949645186.45
2021-08-02,688012,150.76,152.76,135.0,142.62,16927511.0,3639728182.0,35294283641.939995
2021-08-03,688012,138.42,139.75,123.85,125.19,21321118.0,4151428944.0,30980867824.529995
2021-08-04,688012,126.08,131.78,123.87,130.08,13259893.0,2549321109.0,32190999972.96
2021-08-05,688012,127.97,130.07,123.88,127.26,8189350.0,1565842468.0,31493132353.62
2021-08-06,688012,130.33,132.25,119.46,122.21,14536621.0,2699403511.0,30243404879.269997
2021-08-09,688012,118.8,122.54,116.77,121.74,10442555.0,1866366180.0,30127093609.379993
2021-08-10,688012,121.75,124.07,116.99,120.44,9406174.0,1687365872.0,29805381586.279995
2021-08-11,688012,120.07,125.13,118.4,121.61,9134268.0,1670057964.0,30094922407.069996
2021-08-12,688012,120.07,127.3,119.09,124.07,10138860.0,1892974588.0,30703700543.089996
2021-08-13,688012,122.06,123.3,114.48,115.37,10226707.0,1815504097.0,28550704696.19
2021-08-16,688012,114.34,119.96,112.73,116.39,8740262.0,1531846281.0,28803124898.929996
2021-08-17,688012,115.72,118.4,111.07,111.53,7941328.0,1352444690.0,27600416874.109997
2021-08-18,688012,112.49,114.21,110.1,112.0,7414774.0,1244670458.0,27716728143.999996
2021-08-19,688012,111.4,117.98,110.74,114.32,9413801.0,1627632044.0,28290860369.839996
2021-08-20,688012,114.59,119.84,114.54,116.34,7447031.0,1305200523.0,28790751359.579998
2021-08-23,688012,117.41,121.94,114.46,121.05,8804029.0,1577615727.0,29956338766.349995
2021-08-24,688012,120.61,124.44,118.6,121.41,7824581.0,1430423871.0,30185402809.95
2021-08-25,688012,123.61,126.4,117.54,119.08,9521555.0,1727918766.0,29606109600.6
2021-08-26,688012,120.53,122.41,114.07,114.84,9233125.0,1630556204.0,28551945133.8
2021-08-27,688012,115.4,118.0,114.08,115.61,6359090.0,1103327124.0,28743385378.95
2021-08-30,688012,115.4,117.87,105.4,106.25,14959347.0,2464799493.0,26416267593.75
2021-08-31,688012,106.46,109.97,103.44,109.97,11626173.0,1859771503.0,27341147739.15
2021-09-01,688012,110.07,110.07,102.73,105.6,9391596.0,1481576679.0,26254662192.0
2021-09-02,688012,103.8,104.95,98.93,99.93,10822054.0,1642817333.0,24844965841.350002
2021-09-03,688012,99.93,105.4,99.76,103.08,9273243.0,1427255592.0,25628130480.6
2021-09-06,688012,102.07,108.05,101.03,107.25,7944843.0,1266456507.0,26664891288.75
2021-09-07,688012,106.72,108.6,105.13,106.06,5336857.0,850102295.0,26369029091.7
2021-09-08,688012,107.11,108.51,104.06,106.17,5559405.0,884572269.0,26396377698.15
2021-09-09,688012,105.4,109.6,103.2,107.94,7938827.0,1264652228.0,26836441638.3
2021-09-10,688012,107.42,113.7,105.48,111.61,10822841.0,1796039773.0,27748890598.95
2021-09-13,688012,110.07,110.53,104.95,105.33,7491151.0,1197615371.0,26187533794.35
2021-09-14,688012,104.07,108.38,103.8,105.05,5791861.0,921454404.0,26117919159.75
2021-09-15,688012,104.66,107.31,103.42,105.47,4097439.0,650158590.0,26222341111.65
2021-09-16,688012,104.13,107.8,103.4,106.52,6459584.0,1027145152.0,26483395991.399998
2021-09-17,688012,105.4,107.46,102.19,102.19,5209791.0,814489982.0,25406855392.05
2021-09-22,688012,102.17,107.17,101.82,105.23,4798861.0,757449109.0,26162671424.850002
2021-09-23,688012,106.16,110.53,104.0,108.74,7295318.0,1181683730.0,27035340594.3
2021-09-24,688012,108.73,110.51,107.54,108.7,5100271.0,834559825.0,27025395646.5
2021-09-27,688012,110.1,111.87,105.24,105.46,5458880.0,884889344.0,26219854874.699997
2021-09-28,688012,104.4,109.07,103.5,105.93,5155050.0,822929275.0,26336708011.350002
2021-09-29,688012,104.81,105.58,101.79,103.79,5677894.0,885187986.0,25804653304.050003
2021-09-30,688012,103.93,105.22,101.13,101.26,6993456.0,1075197930.0,25175635355.7
2021-10-08,688012,102.93,105.64,102.39,102.85,5522744.0,858694092.0,25570947030.75
2021-10-11,688012,102.97,104.06,99.93,100.06,5608526.0,854303315.0,24877286921.7
2021-10-12,688012,99.75,101.37,95.31,96.18,6511381.0,951746627.0,23912626985.100002
2021-10-13,688012,96.29,98.51,96.16,97.19,5992185.0,873929126.0,24163736917.05
2021-10-14,688012,97.08,98.43,95.39,96.86,4459198.0,649668490.0,24081691097.7
2021-10-15,688012,97.65,102.69,95.4,102.64,8484120.0,1278820582.0,25518736054.8
2021-10-18,688012,101.27,102.17,99.02,100.38,4587389.0,689474001.0,24956846504.1
2021-10-19,688012,100.17,101.93,99.55,100.66,3357525.0,506487627.0,25026461138.7
2021-10-20,688012,100.73,101.98,99.4,99.96,3530478.0,530218927.0,24852424552.199997
2021-10-21,688012,100.06,102.29,98.96,100.03,4344203.0,654834236.0,24869828210.85
2021-10-22,688012,101.19,105.73,101.09,104.6,7660270.0,1193149483.0,26006038497.0
2021-10-25,688012,104.3,105.26,101.91,105.02,5079251.0,788436332.0,26110460448.899998
2021-10-26,688012,105.03,105.58,102.49,103.36,4616844.0,718911851.0,25697745115.2
2021-10-27,688012,102.61,104.04,99.35,100.45,5829193.0,882785033.0,24974250162.75
2021-10-28,688012,97.35,100.34,95.46,95.7,6066134.0,886054043.0,23793287611.5
2021-10-29,688012,96.72,105.19,96.5,104.2,9853420.0,1513984890.0,25906589019.0
2021-11-01,688012,104.73,105.77,102.39,104.73,4856145.0,759771025.0,26038359577.350002
2021-11-02,688012,105.33,108.67,103.68,104.6,5923668.0,940799372.0,26006038497.0
2021-11-03,688012,106.6,107.75,102.85,104.83,4886397.0,770068120.0,26063221946.85
2021-11-04,688012,105.38,106.93,103.8,104.53,4219305.0,664426732.0,25988634838.35
2021-11-05,688012,106.7,108.23,104.41,104.86,5552208.0,882388727.0,26070680657.7
2021-11-08,688012,104.53,104.53,99.48,101.38,5424671.0,826089766.0,25205470199.1
2021-11-09,688012,101.79,106.1,100.58,105.53,6748969.0,1052206701.0,26237258533.35
2021-11-10,688012,104.11,113.68,103.8,112.97,13680187.0,2248797440.0,28087018824.15
2021-11-11,688012,110.74,120.51,110.25,115.66,14822403.0,2564273448.0,28755816563.7
2021-11-12,688012,113.87,117.14,112.29,113.33,7065311.0,1209545710.0,28176523354.35
2021-11-15,688012,114.51,115.27,110.18,111.85,6005636.0,1009513600.0,27808560285.75
2021-11-16,688012,111.73,112.97,108.46,108.92,5609659.0,928554477.0,27080092859.4
2021-11-17,688012,108.73,110.37,107.6,109.51,5218223.0,852808891.0,27226780839.45
2021-11-18,688012,109.0,110.4,107.06,109.7,5191015.0,846023817.0,27274019341.5
2021-11-19,688012,109.33,110.33,107.92,109.73,4307674.0,706344470.0,27281478052.350002
2021-11-22,688012,109.4,113.4,108.73,112.79,6063379.0,1020832757.0,28042266559.050003
2021-11-23,688012,112.17,114.07,109.73,109.81,6075435.0,1020636469.0,27301367947.95
2021-11-24,688012,108.93,112.99,107.73,108.34,5341356.0,881169680.0,26935891116.3
2021-11-25,688012,108.54,111.59,107.86,111.0,5605259.0,922919322.0,27597230145.0
2021-11-26,688012,111.4,111.4,106.99,108.06,4930461.0,801272881.0,26866276481.7
2021-11-29,688012,106.0,107.73,105.4,105.53,4183785.0,666953092.0,26237258533.35
2021-11-30,688012,106.73,109.4,106.06,106.75,5307920.0,855168702.0,26540579441.25
2021-12-01,688012,106.0,109.1,105.88,106.89,3962034.0,636761190.0,26575386758.55
2021-12-02,688012,106.89,107.54,100.85,101.37,8170730.0,1268045249.0,25202983962.15
2021-12-03,688012,101.73,105.32,101.57,104.66,6787949.0,1056955267.0,26020955918.7
2021-12-06,688012,104.06,105.26,101.59,102.08,4471775.0,690002639.0,25379506785.6
2021-12-07,688012,102.66,103.32,98.1,99.46,5228010.0,781796148.0,24728112704.699997
2021-12-08,688012,100.05,101.39,99.49,100.42,3926828.0,590435322.0,24966791451.9
2021-12-09,688012,100.44,101.96,99.79,101.39,4823038.0,730026918.0,25207956436.05
2021-12-10,688012,100.73,101.39,99.54,100.06,5915436.0,887774433.0,24877286921.7
2021-12-13,688012,100.06,100.72,98.12,98.57,5437262.0,807258973.0,24506837616.149998
2021-12-14,688012,98.85,99.98,98.07,99.08,3437041.0,511140337.0,24633635700.6
2021-12-15,688012,99.37,99.89,96.71,96.82,4456269.0,652829801.0,24071746149.899998
2021-12-16,688012,97.26,98.44,96.36,97.26,3339229.0,486816732.0,24181140575.7
2021-12-17,688012,96.72,97.39,92.08,92.12,7899285.0,1108500546.0,22903214783.4
2021-12-20,688012,90.91,92.7,88.19,88.75,6247504.0,842965695.0,22065352931.25
2021-12-21,688012,88.73,89.33,86.61,88.0,4957351.0,653221174.0,21878885160.0
2021-12-22,688012,88.46,88.85,86.82,86.92,4192937.0,550396346.0,21610371569.4
2021-12-23,688012,86.73,87.17,85.0,85.68,5135010.0,660092440.0,21302078187.600002
2021-12-24,688012,85.74,86.31,83.44,83.92,4675015.0,590889274.0,20864500484.4
2021-12-27,688012,84.05,85.35,83.46,84.17,3891426.0,492201294.0,20926656408.15
2021-12-28,688012,84.38,84.94,82.52,83.62,4333672.0,542484599.0,20789913375.9
2021-12-29,688012,83.92,85.05,82.32,82.75,4840007.0,605100744.0,20573610761.25
2021-12-30,688012,82.1,85.3,82.07,84.81,6403025.0,809501623.0,21085775572.95
2021-12-31,688012,84.84,85.48,83.57,84.45,5056968.0,641667179.0,20996271042.75
2022-01-04,688012,84.79,85.3,78.71,80.12,19493831.0,2344618872.0,26347704763.600002
2022-01-05,688012,80.12,80.49,78.1,79.31,11044191.0,1303389035.0,26081333809.3
2022-01-06,688012,79.31,82.42,78.59,80.74,9641063.0,1167546934.0,26551593642.199997
2022-01-07,688012,81.02,82.56,80.06,80.51,6557714.0,798886495.0,26475957445.300003
2022-01-10,688012,80.38,80.94,77.19,79.15,6517556.0,774782134.0,26028717324.5
2022-01-11,688012,79.3,79.65,76.59,76.73,6312770.0,733946502.0,25232892991.9
2022-01-12,688012,77.09,79.68,77.08,79.3,7144934.0,840921275.0,26078045279.0
2022-01-13,688012,78.79,79.54,77.58,77.73,4905374.0,575553698.0,25561746021.9
2022-01-14,688012,77.91,79.5,77.59,78.25,5599932.0,660933681.0,25732749597.5
2022-01-17,688012,78.71,80.25,78.15,79.79,6775875.0,807280245.0,26239183263.7
2022-01-18,688012,79.79,81.18,78.43,78.96,7457743.0,891795394.0,25966235248.8
2022-01-19,688012,78.71,79.71,77.37,77.95,4935919.0,577915788.0,25634093688.5
2022-01-20,688012,78.05,79.71,76.58,76.85,5532947.0,645063781.0,25272355355.5
2022-01-21,688012,76.71,77.49,74.8,75.48,5743866.0,654549645.0,24821826704.4
2022-01-24,688012,77.48,80.85,76.99,80.72,11566539.0,1375142405.0,26545016581.6
2022-01-25,688012,80.51,81.9,79.97,79.99,8857846.0,1073274566.0,26304953869.699997
2022-01-26,688012,80.67,84.56,80.09,83.88,11217198.0,1393937384.0,27584192156.399998
2022-01-27,688012,82.05,83.72,80.58,81.97,7699287.0,947556709.0,26956082869.1
2022-01-28,688012,82.57,82.7,78.81,79.19,7379214.0,893894369.0,26041871445.7
2022-02-07,688012,81.05,82.05,79.78,80.07,5310719.0,641659814.0,26331262112.1
2022-02-08,688012,79.45,80.03,75.08,76.84,8418256.0,966069127.0,25269066825.2
2022-02-09,688012,76.71,79.0,76.25,78.71,5318328.0,620564991.0,25884021991.3
2022-02-10,688012,78.71,80.37,77.72,77.83,5443398.0,642622609.0,25594631324.899998
2022-02-11,688012,77.69,78.65,76.08,76.42,4749418.0,550995396.0,25130948552.600002
2022-02-14,688012,75.58,75.97,73.38,74.3,5371744.0,599315521.0,24433780129.0
2022-02-15,688012,75.06,81.38,74.64,81.38,11584473.0,1373444643.0,26762059581.399998
2022-02-16,688012,81.38,83.69,80.92,81.98,6868425.0,846316924.0,26959371399.4
2022-02-17,688012,81.38,84.37,81.38,83.38,7097798.0,884030992.0,27419765641.399998
2022-02-18,688012,82.51,85.02,82.06,83.04,4989752.0,623519182.0,27307955611.2
2022-02-21,688012,83.04,83.16,81.52,81.99,3041414.0,375044712.0,26962659929.699997
2022-02-22,688012,81.38,83.92,80.43,83.1,5198755.0,642432771.0,27327686793.0
2022-02-23,688012,83.26,88.25,83.26,86.59,11186471.0,1451516423.0,28475383867.7
2022-02-24,688012,86.59,88.03,82.75,84.76,9610917.0,1226911867.0,27873582822.800003
2022-02-25,688012,86.72,87.24,84.38,85.25,6003281.0,770658271.0,28034720807.5
2022-02-28,688012,84.68,86.43,84.38,85.44,4236163.0,543116881.0,28097202883.2
2022-03-01,688012,85.38,86.17,84.07,85.98,4224028.0,539191030.0,28274783519.4
2022-03-02,688012,85.32,85.32,83.45,84.66,4469287.0,564949086.0,27840697519.8
2022-03-03,688012,86.04,86.04,82.75,82.77,4383895.0,552843004.0,27219165293.1
2022-03-04,688012,82.05,86.51,81.88,84.08,6613712.0,840428359.0,27649962762.399998
2022-03-07,688012,83.39,85.17,81.38,82.24,5826057.0,723964406.0,27044873187.199997
2022-03-08,688012,82.05,85.97,80.72,83.05,7381071.0,923124169.0,27311244141.5
2022-03-09,688012,83.38,86.3,81.6,85.48,9703469.0,1233614872.0,28110357004.4
2022-03-10,688012,88.05,88.72,83.85,84.12,9692483.0,1250892933.0,27663116883.600002
2022-03-11,688012,82.06,82.95,77.82,80.61,10445860.0,1257073110.0,26508842748.3
2022-03-14,688012,79.31,80.6,78.1,79.25,3529294.0,420264067.0,26061602627.5
2022-03-15,688012,78.71,81.52,77.39,77.51,6220999.0,739981708.0,25489398355.300003
2022-03-16,688012,79.05,82.29,76.05,81.84,7516153.0,894117394.0,26913331975.2
2022-03-17,688012,83.23,84.38,81.72,81.72,7351741.0,912078435.0,26873869611.6
2022-03-18,688012,81.12,82.64,80.6,81.09,3537265.0,431007749.0,26666692202.7
2022-03-21,688012,80.86,82.38,80.59,81.39,3111043.0,379546503.0,26765348111.7
2022-03-22,688012,80.62,81.8,78.88,79.93,4169674.0,500413681.0,26285222687.9
2022-03-23,688012,80.38,81.35,79.39,79.69,3161872.0,379962009.0,26206297960.7
2022-03-24,688012,79.06,79.35,76.82,78.28,3964812.0,462737701.0,25742615188.4
2022-03-25,688012,78.97,80.46,76.81,76.85,4264949.0,500260194.0,25272355355.5
2022-03-28,688012,75.91,76.96,75.45,76.5,2629712.0,300165656.0,25157256795.0
2022-03-29,688012,76.53,77.37,75.17,75.25,2872242.0,327976442.0,24746190507.5
2022-03-30,688012,75.97,77.21,75.65,77.04,3463622.0,397685003.0,25334837431.2
2022-03-31,688012,77.19,79.07,76.62,77.68,5759255.0,671451605.0,25545303370.4
2022-04-01,688012,77.38,79.51,77.08,78.18,3860652.0,454216584.0,25709729885.4
2022-04-06,688012,78.71,78.71,75.45,76.01,4713299.0,539628107.0,24996118810.300003
2022-04-07,688012,75.99,78.01,75.77,76.25,3488462.0,401347770.0,25075043537.5
2022-04-08,688012,76.73,78.25,75.81,77.51,4116324.0,477079830.0,25489398355.300003
2022-04-11,688012,76.97,77.25,74.18,74.38,3953251.0,447614958.0,24460088371.399998
2022-04-12,688012,74.04,75.36,71.16,73.84,5111687.0,557433734.0,24282507735.2
2022-04-13,688012,73.38,73.38,71.36,71.44,3320971.0,359824637.0,23493260463.2
2022-04-14,688012,72.16,74.02,67.43,72.11,7186492.0,758610886.0,23713591993.3
2022-04-15,688012,70.71,72.3,70.04,71.14,3008980.0,320594313.0,23394604554.2
2022-04-18,688012,70.62,74.48,70.04,73.38,5166253.0,567381488.0,24131235341.399998
2022-04-19,688012,73.2,74.0,71.7,71.9,3680100.0,399349604.0,23644532857.0
2022-04-20,688012,72.38,73.04,70.44,70.84,2947492.0,316348958.0,23295948645.2
2022-04-21,688012,70.14,72.64,69.76,69.9,3493158.0,372285207.0,22986826797.0
2022-04-22,688012,69.71,71.09,68.34,68.34,3608058.0,375096420.0,22473816070.2
2022-04-25,688012,67.03,67.7,64.15,64.15,5001734.0,495911123.0,21095921874.5
2022-04-26,688012,64.71,65.56,61.97,62.57,4754083.0,455956094.0,20576334087.1
2022-04-27,688012,61.94,65.54,60.89,65.28,4959922.0,471290117.0,21467525798.4
2022-04-28,688012,66.03,67.71,65.71,66.71,6554657.0,655936371.0,21937785631.3
2022-04-29,688012,68.02,70.83,66.54,70.04,5790957.0,598625067.0,23032866221.2
2022-05-05,688012,71.44,71.5,69.29,69.54,5132116.0,538929168.0,22868439706.2
2022-05-06,688012,68.04,70.38,67.72,69.32,3346767.0,347688846.0,22796092039.6
2022-05-09,688012,68.05,69.71,67.37,67.61,2459378.0,251792856.0,22233753358.3
2022-05-10,688012,66.71,72.51,66.44,71.04,6126854.0,648727842.0,23361719251.2
2022-05-11,688012,71.85,74.12,70.64,72.65,6374912.0,698480694.0,23891172629.5
2022-05-12,688012,72.16,73.95,72.1,72.97,3552475.0,388665759.0,23996405599.1
2022-05-13,688012,73.54,73.71,72.08,72.95,2461774.0,268781932.0,23989828538.5
2022-05-16,688012,73.36,74.01,71.12,71.44,2847878.0,308458444.0,23493260463.2
2022-05-17,688012,71.3,73.34,70.97,73.05,3756195.0,409125395.0,24022713841.5
2022-05-18,688012,73.1,75.23,72.66,73.72,4357635.0,483821456.0,24243045371.6
2022-05-19,688012,72.18,76.01,72.1,74.84,4326302.0,483629339.0,24611360765.2
2022-05-20,688012,74.24,75.9,73.5,75.77,4423634.0,496164263.0,24917194083.1
2022-05-23,688012,75.64,75.97,74.6,75.25,2554608.0,287926264.0,24746190507.5
2022-05-24,688012,75.25,75.89,72.56,72.71,3501822.0,389332748.0,23910903811.3
2022-05-25,688012,72.67,73.63,71.91,72.21,2786317.0,303084518.0,23746477296.3
2022-05-26,688012,72.19,72.91,71.06,72.04,2559647.0,275768840.0,23690572281.2
2022-05-27,688012,72.31,73.23,70.38,70.95,3370865.0,361761720.0,23332122478.5
2022-05-30,688012,71.26,73.59,70.7,72.97,4049881.0,442108779.0,23996405599.1
2022-05-31,688012,73.06,77.61,71.51,77.01,7306095.0,819577204.0,25324971840.300003
2022-06-01,688012,76.91,78.25,76.36,77.58,7596661.0,882401825.0,25512418067.399998
2022-06-02,688012,78.05,83.36,77.08,82.36,12706214.0,1545212390.0,27084335550.8
2022-06-06,688012,82.65,85.45,81.32,84.94,9748368.0,1233598009.0,27932776368.2
2022-06-07,688012,84.05,85.05,83.16,84.58,6033566.0,760576854.0,27814389277.399998
2022-06-08,688012,84.56,85.23,82.72,84.53,5375107.0,676656492.0,27797946625.9
2022-06-09,688012,84.35,84.35,81.49,81.8,6613261.0,816037695.0,26900177854.0
2022-06-10,688012,81.45,86.17,81.39,84.5,10951570.0,1383709774.0,27788081035.0
2022-06-13,688012,83.3,85.09,82.41,83.43,5770618.0,722553975.0,27436208292.9
2022-06-14,688012,82.05,82.96,79.12,80.85,7794565.0,939652038.0,26587767475.5
2022-06-15,688012,81.12,83.04,80.12,80.51,4903155.0,599896581.0,26475957445.300003
2022-06-16,688012,81.05,82.62,80.28,80.66,4086570.0,498031587.0,26525285399.8
2022-06-17,688012,79.54,81.36,78.91,80.88,4565335.0,548272964.0,26597633066.399998
2022-06-20,688012,81.66,81.95,80.11,80.31,4247240.0,514472915.0,26410186839.3
2022-06-21,688012,80.45,82.02,78.92,80.9,4801096.0,579891882.0,26604210127.0
2022-06-22,688012,80.72,80.72,76.63,76.63,6362867.0,746463223.0,25200007688.899998
2022-06-23,688012,76.85,78.41,76.72,78.06,4087548.0,475019257.0,25670267521.8
2022-06-24,688012,78.31,79.85,77.25,78.18,4339090.0,510758240.0,25709729885.4
2022-06-27,688012,79.24,79.51,77.32,77.42,4859466.0,569697835.0,25459801582.600002
2022-06-28,688012,77.42,81.3,75.58,80.81,7236796.0,853026863.0,26574613354.3
2022-06-29,688012,80.38,82.55,77.45,77.48,6709560.0,803625418.0,25479532764.4
2022-06-30,688012,77.56,79.03,76.63,77.88,5261271.0,614329792.0,25611073976.399998
2022-07-01,688012,77.44,78.72,76.59,77.55,4037169.0,469429594.0,25502552476.5
2022-07-04,688012,76.51,76.51,72.72,74.01,7268353.0,807389745.0,24338412750.300003
2022-07-05,688012,74.04,75.89,72.78,74.11,4699478.0,524076812.0,24371298053.3
2022-07-06,688012,77.38,88.72,77.38,84.33,23563823.0,2984451689.0,27732176019.899998
2022-07-07,688012,85.3,85.86,82.04,83.78,10106573.0,1268312869.0,27551306853.4
2022-07-08,688012,84.6,85.05,82.72,83.72,7490158.0,943565941.0,27531575671.6
2022-07-11,688012,83.38,83.67,79.93,81.23,6570589.0,801627550.0,26712731626.9
2022-07-12,688012,81.53,82.42,76.56,76.58,8767315.0,1022421343.0,25183565037.399998
2022-07-13,688012,76.35,77.34,74.96,75.13,4643533.0,527135403.0,24706728143.899998
2022-07-14,688012,74.74,76.71,74.55,75.64,4847195.0,550343609.0,24874443189.2
2022-07-15,688012,75.25,78.95,75.05,76.25,6242516.0,720692767.0,25075043537.5
2022-07-18,688012,76.28,77.63,74.04,76.7,5106370.0,584125965.0,25223027401.0
2022-07-19,688012,76.38,76.7,72.94,74.74,7410639.0,828232239.0,24578475462.199997
2022-07-20,688012,75.04,77.31,74.64,75.59,5879701.0,668339167.0,24858000537.7
2022-07-21,688012,76.38,85.08,75.64,80.85,16061264.0,1978815093.0,26587767475.5
2022-07-22,688012,82.46,83.18,80.2,81.38,7242709.0,883983626.0,50149975782.399994
2022-07-25,688012,80.72,84.71,80.53,81.62,5678624.0,702593415.0,50297874457.600006
2022-07-26,688012,82.05,84.58,80.58,83.57,6607951.0,822002261.0,51499551193.6
2022-07-27,688012,81.77,83.37,80.53,81.2,5575503.0,682122476.0,50039051776.0
2022-07-28,688012,83.05,83.86,81.9,82.05,5352044.0,665083833.0,50562859584.0
2022-07-29,688012,81.73,82.72,80.7,80.94,5761749.0,705011464.0,49878828211.2
2022-08-01,688012,80.33,85.17,79.31,84.62,10541872.0,1327587669.0,52146607897.600006
2022-08-02,688012,83.53,89.38,83.49,86.92,15238365.0,1990407085.0,53563970201.6
2022-08-03,688012,88.72,93.79,85.25,88.92,18022696.0,2415373683.0,54796459161.6
2022-08-04,688012,89.38,92.72,89.05,90.72,10359644.0,1414641804.0,55905699225.6
2022-08-05,688012,91.45,98.63,90.73,98.39,18011524.0,2573535307.0,60632294387.2
2022-08-08,688012,97.77,100.38,94.64,96.66,13161876.0,1925745993.0,59566191436.799995
2022-08-09,688012,96.66,96.72,92.4,96.2,11165506.0,1576751418.0,59282718976.0
2022-08-10,688012,94.04,100.06,93.48,95.92,11072666.0,1617199070.0,59110170521.6
2022-08-11,688012,97.99,99.97,96.72,97.89,10605092.0,1562107354.0,60324172147.2
2022-08-12,688012,97.5,98.73,95.18,95.18,7703643.0,1117214642.0,58654149606.4
2022-08-15,688012,95.62,96.06,93.01,93.26,6624196.0,931940518.0,57470960204.8
2022-08-16,688012,93.27,94.39,92.0,92.52,5922858.0,827370410.0,57014939289.6
2022-08-17,688012,93.04,93.72,91.92,92.72,4981453.0,692728924.0,57138188185.6
2022-08-18,688012,93.17,94.12,91.72,93.26,9896181.0,1382174017.0,57470960204.8
2022-08-19,688012,92.99,95.16,90.99,91.25,5957856.0,829274394.0,56232308800.0
2022-08-22,688012,91.4,94.46,91.12,93.12,5902972.0,825286677.0,57384685977.600006
2022-08-23,688012,92.92,93.29,90.59,90.8,5359559.0,735582534.0,55954998784.0
2022-08-24,688012,90.79,91.05,86.79,87.26,6993983.0,924232653.0,53773493324.8
2022-08-25,688012,87.45,88.22,85.72,86.69,3676090.0,477760369.0,53422233971.2
2022-08-26,688012,87.37,87.77,83.86,83.86,4991601.0,636525732.0,51678262092.8
2022-08-29,688012,83.04,85.04,82.67,83.76,5595070.0,703108930.0,51616637644.8
2022-08-30,688012,83.24,84.97,83.04,83.58,4541001.0,570228826.0,51505713638.4
2022-08-31,688012,83.58,84.27,81.72,82.17,3995826.0,494578514.0,50636808921.6
2022-09-01,688012,82.92,84.49,80.72,81.18,5308733.0,653995262.0,50026726886.4
2022-09-02,688012,81.48,83.7,80.76,82.39,4429715.0,548260191.0,50772382707.2
2022-09-05,688012,81.92,82.78,80.11,81.72,3600495.0,439911167.0,50359498905.6
2022-09-06,688012,81.72,82.92,81.03,82.19,3816013.0,468661954.0,50649133811.2
2022-09-07,688012,82.72,86.39,82.72,85.15,9692288.0,1234773169.0,52473217472.0
2022-09-08,688012,84.58,87.25,84.38,85.56,5819133.0,747872583.0,52725877708.8
2022-09-09,688012,85.48,85.63,81.58,83.9,6010804.0,749767437.0,51702911872.0
2022-09-13,688012,83.88,86.89,83.05,83.52,4409999.0,559626584.0,51468738969.6
2022-09-14,688012,82.05,86.65,81.84,85.56,7251815.0,924096058.0,52725877708.8
2022-09-15,688012,86.39,88.51,83.72,84.7,7557825.0,971608983.0,52195907456.0
2022-09-16,688012,84.12,88.35,84.12,86.14,7999156.0,1037797913.0,53083299507.2
2022-09-19,688012,86.15,87.38,81.37,81.43,7924119.0,989915339.0,50180788006.4
2022-09-20,688012,81.85,82.86,78.89,82.12,5201256.0,634504456.0,50605996697.600006
2022-09-21,688012,81.28,82.22,77.71,77.81,6221959.0,740160421.0,47949982988.8
2022-09-22,688012,77.05,78.63,76.79,77.91,5874955.0,685052279.0,48011607436.799995
2022-09-23,688012,78.33,78.37,74.86,75.38,5426423.0,616005509.0,46452508902.399994
2022-09-26,688012,74.62,76.59,74.5,75.78,3803958.0,432696872.0,46699006694.4
2022-09-27,688012,75.76,77.01,74.77,76.16,4593540.0,521636379.0,46933179596.799995
2022-09-28,688012,75.78,75.85,73.5,73.71,4025226.0,447881649.0,45423380620.799995
2022-09-29,688012,74.62,74.94,73.48,73.79,2589754.0,287600951.0,45472680179.200005
2022-09-30,688012,73.78,74.33,71.71,71.96,3461716.0,377734057.0,44344952780.799995
2022-10-10,688012,68.04,68.04,57.62,57.99,18455111.0,1685239353.0,35736017395.200005
2022-10-11,688012,57.83,57.83,53.45,54.18,18217339.0,1496752766.0,33388125926.4
2022-10-12,688012,53.45,54.35,51.16,54.18,16962520.0,1342050090.0,33388125926.4
2022-10-13,688012,52.84,55.75,52.36,53.47,11536615.0,934355133.0,32950592345.6
2022-10-14,688012,54.36,55.81,52.97,54.97,11873075.0,971533027.0,33874959065.6
2022-10-17,688012,54.35,58.25,54.09,57.67,13165585.0,1118396279.0,35538819161.6
2022-10-18,688012,57.6,57.94,56.37,57.21,8929562.0,765861634.0,35255346700.8
2022-10-19,688012,56.74,58.84,56.74,57.64,9042580.0,784582001.0,35520331827.2
2022-10-20,688012,56.97,67.81,56.97,66.71,21010266.0,1977778675.0,41109669260.799995
2022-10-21,688012,64.37,65.59,62.32,64.03,11729994.0,1118514845.0,39458134054.4
2022-10-24,688012,64.01,66.71,63.76,64.73,9704397.0,949626607.0,39889505190.4
2022-10-25,688012,64.06,68.43,63.71,67.31,10534064.0,1047634360.0,41479415948.8
2022-10-26,688012,67.05,70.16,65.71,68.52,8293067.0,848104078.0,42225071769.6
2022-10-27,688012,68.11,71.7,66.84,69.91,9809880.0,1017313480.0,43081651596.799995
2022-10-28,688012,70.04,72.38,69.43,71.21,11762967.0,1256459421.0,43882769420.799995
2022-10-31,688012,72.38,76.36,72.05,74.04,9663571.0,1076046589.0,45626741299.200005
2022-11-01,688012,73.38,75.45,72.04,73.42,7338169.0,806850462.0,45244669721.6
2022-11-02,688012,72.93,75.37,72.44,73.84,7215402.0,799937259.0,45503492403.200005
2022-11-03,688012,73.18,77.29,72.72,76.83,8536364.0,974624069.0,47346063398.4
2022-11-04,688012,76.71,77.43,75.08,76.31,7868235.0,897117565.0,47025616268.8
2022-11-07,688012,75.43,77.22,72.04,72.86,12678380.0,1401583050.0,44899572812.8
2022-11-08,688012,72.54,73.38,71.39,72.71,6572833.0,711685210.0,44807136140.799995
2022-11-09,688012,73.04,73.78,71.88,71.9,4768671.0,520476236.0,44307978112.0
2022-11-10,688012,71.58,72.64,68.94,69.23,10335949.0,1085602643.0,42662605350.4
2022-11-11,688012,72.65,73.37,70.18,70.18,7110219.0,762098651.0,43248037606.4
2022-11-14,688012,70.26,73.37,69.05,70.59,7709296.0,823497439.0,43500697843.200005
2022-11-15,688012,70.24,75.65,69.82,72.71,14925546.0,1636088584.0,44807136140.799995
2022-11-16,688012,72.69,73.04,70.78,71.35,6887033.0,741996754.0,43969043648.0
2022-11-17,688012,68.04,69.7,64.75,69.7,15354277.0,1542858450.0,42952240256.0
2022-11-18,688012,69.21,71.7,68.63,68.77,6844583.0,715633685.0,42379132889.6
2022-11-21,688012,68.1,70.03,67.63,68.6,4049443.0,416276122.0,42274371328.0
2022-11-22,688012,68.37,69.11,66.06,68.0,5665183.0,574833673.0,41904624640.0
2022-11-23,688012,67.55,68.04,65.31,67.33,6170428.0,616457624.0,41491740838.4
2022-11-24,688012,67.9,67.97,66.31,67.01,3826593.0,384350059.0,41294542604.8
2022-11-25,688012,66.89,68.97,65.51,65.51,5670857.0,567453475.0,40370175884.8
2022-11-28,688012,64.04,65.71,63.7,65.28,3496134.0,341610593.0,40228439654.4
2022-11-29,688012,65.93,66.6,64.33,66.31,5607627.0,550946839.0,40863171468.8
2022-11-30,688012,66.13,66.92,64.84,65.64,4450464.0,439740206.0,40450287667.2
2022-12-01,688012,66.63,68.51,66.1,66.93,5977771.0,603977405.0,41245243046.4
2022-12-02,688012,66.77,67.57,66.04,66.2,3321675.0,332171849.0,40795384576.0
2022-12-05,688012,66.81,67.79,66.12,67.61,5765718.0,579371916.0,41664289292.8
2022-12-06,688012,68.04,70.71,67.37,69.35,9414030.0,980050425.0,42736554688.0
2022-12-07,688012,69.6,70.57,68.71,69.96,7005446.0,733071513.0,43112463820.799995
2022-12-08,688012,70.18,70.58,68.17,68.43,4726758.0,489614433.0,42169609766.4
2022-12-09,688012,68.71,71.81,68.71,71.38,10971608.0,1166991860.0,43987530982.399994
2022-12-12,688012,71.38,73.02,70.71,72.19,8432648.0,910902757.0,44486689011.2
2022-12-13,688012,71.72,72.43,70.41,70.9,4490133.0,479546454.0,43691733632.0
2022-12-14,688012,75.38,76.71,72.43,72.81,13625356.0,1509006140.0,44868760588.8
2022-12-15,688012,73.38,75.29,72.04,73.53,8159768.0,909688478.0,45312456614.4
2022-12-16,688012,72.36,73.48,71.15,73.37,6114383.0,660955880.0,45213857497.600006
2022-12-19,688012,72.7,73.36,70.42,70.8,4074484.0,436867635.0,43630109184.0
2022-12-20,688012,70.67,72.04,70.41,70.64,3403203.0,363228594.0,43531510067.2
2022-12-21,688012,70.41,71.24,68.97,69.56,3102860.0,325258305.0,42865966028.8
2022-12-22,688012,70.04,70.16,67.44,67.76,3703491.0,380484780.0,41756725964.8
2022-12-23,688012,66.71,68.24,66.41,67.22,3329016.0,335484093.0,41423953945.6
2022-12-26,688012,67.21,68.85,66.58,68.76,2851493.0,291776541.0,42372970444.8
2022-12-27,688012,68.71,69.58,67.57,69.37,3400319.0,349493894.0,42748879577.600006
2022-12-28,688012,68.64,68.71,66.03,66.04,5586739.0,559158578.0,40696785459.200005
2022-12-29,688012,65.49,67.25,65.35,66.47,3397033.0,337655155.0,40961770585.6
2022-12-30,688012,66.71,67.71,65.13,65.38,4164637.0,411560893.0,40290064102.399994
2023-01-03,688012,65.24,66.95,64.25,66.64,4462454.0,439930466.0,41066532147.2
2023-01-04,688012,66.77,68.37,65.49,65.81,4499788.0,449586966.0,40555049228.8
2023-01-05,688012,65.65,67.08,65.05,66.34,4525097.0,448309079.0,40881658803.200005
2023-01-06,688012,65.67,67.51,65.24,66.37,4348818.0,433186415.0,40900146137.600006
2023-01-09,688012,66.71,67.36,64.72,65.77,6353311.0,627671005.0,40530399449.6
2023-01-10,688012,65.71,67.47,65.39,66.8,4596078.0,459526108.0,41165131264.0
2023-01-11,688012,66.89,69.95,66.62,66.73,7116615.0,731574515.0,41121994150.4
2023-01-12,688012,66.41,66.81,65.56,66.21,3279530.0,325232997.0,40801547020.799995
2023-01-13,688012,66.36,66.81,65.76,66.81,2784185.0,276986029.0,41171293708.8
2023-01-16,688012,66.27,70.11,66.04,69.82,7321341.0,755973820.0,43026189593.6
2023-01-17,688012,70.03,71.47,69.78,70.92,5976204.0,633894613.0,43704058521.6
2023-01-18,688012,71.38,71.71,70.63,70.95,3500801.0,373102283.0,43722545856.0
2023-01-19,688012,70.64,72.91,70.38,72.66,4749987.0,514125052.0,44776323916.799995
2023-01-20,688012,72.31,73.11,71.74,72.28,3557801.0,385523770.0,44542151014.4
2023-01-30,688012,73.44,73.64,70.2,71.31,6388282.0,685271209.0,43944393868.8
2023-01-31,688012,71.66,72.03,69.37,69.97,5168064.0,543923223.0,43118626265.6
2023-02-01,688012,70.18,71.34,69.76,70.57,6399180.0,675086152.0,43488372953.6
2023-02-02,688012,71.14,73.76,71.14,72.66,12503261.0,1358628729.0,44776323916.799995
2023-02-03,688012,71.96,72.97,70.75,72.18,5507704.0,592763462.0,44480526566.4
2023-02-06,688012,71.84,72.63,71.2,71.6,4954693.0,532985284.0,44123104768.0
2023-02-07,688012,71.71,72.04,69.37,69.81,6599660.0,693387200.0,43020027148.8
2023-02-08,688012,69.7,71.02,69.57,70.01,4685420.0,493700584.0,43143276044.8
2023-02-09,688012,69.53,72.84,69.13,72.58,10038221.0,1076503870.0,44727024358.4
2023-02-10,688012,72.71,73.78,72.17,72.94,6249652.0,683623919.0,44948872371.2
2023-02-13,688012,72.64,73.35,71.44,73.24,5939866.0,646089791.0,45133745715.2
2023-02-14,688012,73.38,75.87,72.26,72.92,7039537.0,780057573.0,44936547481.6
2023-02-15,688012,72.82,75.55,72.72,75.02,9172790.0,1026849834.0,46230660889.6
2023-02-16,688012,74.77,76.04,73.01,73.58,8572045.0,963330549.0,45343268838.4
2023-02-17,688012,73.36,73.57,69.92,69.92,7220149.0,771756344.0,43087814041.6
2023-02-20,688012,69.46,72.11,69.43,71.96,5042264.0,535552495.0,44344952780.799995
2023-02-21,688012,71.52,72.58,71.11,72.06,2808475.0,302191286.0,44406577228.8
2023-02-22,688012,71.38,73.03,71.21,72.37,4007728.0,433666778.0,44597613017.600006
2023-02-23,688012,71.93,72.97,71.9,72.33,3206790.0,347972198.0,44572963238.4
2023-02-24,688012,73.03,73.38,71.11,71.34,3316731.0,358068610.0,43962881203.200005
2023-02-27,688012,71.44,71.78,69.24,69.6,5139711.0,538705082.0,42890615808.0
2023-02-28,688012,70.11,70.38,69.09,70.24,3007880.0,314498842.0,43285012275.2
2023-03-01,688012,69.95,71.17,69.84,70.89,2727130.0,288180699.0,43685571187.2
2023-03-02,688012,70.91,74.1,70.91,72.91,6149289.0,671597668.0,44930385036.799995
2023-03-03,688012,75.38,80.25,75.38,79.51,14609660.0,1717427898.0,48997598604.8
2023-03-06,688012,79.51,83.38,78.71,82.21,13985430.0,1704743650.0,50661458700.799995
2023-03-07,688012,81.68,82.94,79.38,79.55,8797783.0,1070193211.0,49022248384.0
2023-03-08,688012,80.67,84.3,79.45,82.72,11156562.0,1377872354.0,50975743385.6
2023-03-09,688012,83.38,85.58,82.88,82.88,13255364.0,1670378858.0,51074342502.399994
2023-03-10,688012,81.94,84.4,81.72,82.38,10202717.0,1273431251.0,50766220262.399994
2023-03-13,688012,81.57,84.38,79.95,81.38,11285089.0,1379691434.0,50149975782.399994
2023-03-14,688012,81.38,84.98,80.78,84.17,13692660.0,1706234999.0,51869297881.6
2023-03-15,688012,83.72,86.29,82.77,83.18,11298780.0,1423597943.0,51259215846.4
2023-03-16,688012,81.98,83.98,80.13,80.89,9232124.0,1130660198.0,49848015987.2
2023-03-17,688012,82.12,83.46,80.51,82.86,11421945.0,1407845967.0,51062017612.8
2023-03-20,688012,83.45,90.77,82.72,87.15,16786734.0,2187478958.0,53705706432.0
2023-03-21,688012,87.15,88.96,85.52,87.41,8871859.0,1154636341.0,53865929996.799995
2023-03-22,688012,88.72,90.72,87.39,88.45,11726941.0,1565904918.0,54506824256.0
2023-03-23,688012,87.52,90.39,86.92,89.3,11174814.0,1482064474.0,55030632064.0
2023-03-24,688012,89.32,89.32,85.06,85.48,12113639.0,1568048522.0,52676578150.4
2023-03-27,688012,84.78,87.57,84.3,85.66,7381492.0,950728891.0,52787502156.799995
2023-03-28,688012,85.4,87.34,84.12,85.52,8060178.0,1038907058.0,52701227929.6
2023-03-29,688012,85.5,95.09,84.49,92.29,18113703.0,2472651802.0,56873203059.200005
2023-03-30,688012,92.66,94.17,91.27,93.38,10601128.0,1474736607.0,57544909542.399994
2023-03-31,688012,93.37,99.65,92.08,98.4,19444391.0,2818931501.0,60638456832.0
2023-04-03,688012,100.73,111.17,100.73,109.33,20402385.0,3267723317.0,67374008998.4
2023-04-04,688012,107.93,117.23,107.4,110.6,23159721.0,3920204340.0,68156639488.0
2023-04-06,688012,112.31,119.83,112.07,115.27,24213380.0,4236360921.0,71034501209.59999
2023-04-07,688012,116.4,121.39,113.57,120.21,16923647.0,2994374581.0,74078748940.8
2023-04-10,688012,120.67,127.3,116.15,116.79,25062775.0,4538046243.0,71971192819.2
2023-04-11,688012,118.38,120.02,109.4,112.35,25670106.0,4373905410.0,69235067328.0
2023-04-12,688012,111.07,114.94,110.73,112.0,14092318.0,2384859420.0,69019381760.0
2023-04-13,688012,110.69,116.46,110.07,111.23,15903143.0,2694717712.0,68634834888.41
2023-04-14,688012,114.72,126.72,111.31,126.41,29252798.0,5250353666.0,78001703481.47
2023-04-17,688012,125.74,132.27,124.41,127.33,22056331.0,4242641978.0,78569392487.11
2023-04-18,688012,121.42,123.87,118.03,122.7,21811910.0,3967308411.0,75712435860.90001
2023-04-19,688012,123.05,130.99,122.75,124.64,19804512.0,3750685194.0,76909519198.88
2023-04-20,688012,124.28,133.29,124.28,128.75,19695639.0,3820096031.0,79445608126.25
2023-04-21,688012,129.54,133.01,122.74,122.74,16259249.0,3111294250.0,75737117991.58
2023-04-24,688012,125.41,127.92,119.74,124.84,15773040.0,2931345363.0,77032929852.28
2023-04-25,688012,126.17,126.86,116.34,119.4,22635651.0,4074430531.0,73676160079.8
2023-04-26,688012,119.38,120.74,112.89,117.07,16504191.0,2890759374.0,72238425967.69
2023-04-27,688012,115.41,123.94,114.99,118.67,12242975.0,2194679077.0,73225711194.89
2023-04-28,688012,119.07,123.38,116.74,121.04,12974002.0,2323806576.0,74688127437.68001
2023-05-04,688012,117.27,118.06,110.07,112.53,18387071.0,3105303956.0,69509115385.05
2023-05-05,688012,112.53,115.51,112.19,113.6,9473453.0,1615274558.0,70170048056.0
2023-05-08,688012,113.8,118.85,111.07,116.46,10553057.0,1837950789.0,71936653139.09999
2023-05-09,688012,116.54,118.58,110.41,111.93,12360081.0,2092193016.0,69138498934.05
2023-05-10,688012,110.73,113.05,109.12,111.2,9276008.0,1543435771.0,68743675757.6
2023-05-11,688012,113.06,115.16,111.65,112.01,6741610.0,1143693269.0,69244416561.23
2023-05-12,688012,113.39,117.26,111.53,112.45,9266190.0,1588498203.0,69516423911.35
2023-05-15,688012,111.29,112.03,104.0,106.84,18559490.0,2971086353.0,66048330197.32
2023-05-16,688012,107.85,109.4,105.54,108.61,11317412.0,1834266211.0,67142541583.03
2023-05-17,688012,108.03,112.17,108.03,109.03,9658933.0,1596069616.0,67402184962.69
2023-05-18,688012,109.13,110.43,107.49,109.4,7920435.0,1294368190.0,67630918416.200005
2023-05-19,688012,110.87,112.25,107.4,109.17,8903895.0,1460919328.0,67488732755.91
2023-05-22,688012,110.73,111.73,106.06,108.53,7370558.0,1193599456.0,67093085701.19
2023-05-23,688012,107.61,108.05,105.4,105.73,5664845.0,903085749.0,65362129836.79
2023-05-24,688012,105.2,108.86,103.07,105.78,8816083.0,1399927339.0,65393039762.94
2023-05-25,688012,106.36,107.6,104.5,106.5,5939489.0,944533450.0,65838142699.5
2023-05-26,688012,107.4,111.27,106.73,109.75,9648834.0,1581512165.0,67847287899.25
2023-05-29,688012,110.29,116.3,109.07,114.6,13045127.0,2226213693.0,70845550735.8
2023-05-30,688012,114.6,117.26,112.77,116.0,9681046.0,1670550303.0,71711028668.0
2023-05-31,688012,115.4,116.54,113.84,115.63,8560057.0,1477058131.0,71482295214.48999
2023-06-01,688012,114.74,116.66,113.43,114.24,6708755.0,1156349822.0,70622999267.52
2023-06-02,688012,114.42,117.14,114.07,114.68,5919681.0,1024297141.0,70895006617.64
2023-06-05,688012,119.54,123.74,116.45,116.94,14155493.0,2545496656.0,72292135279.62
2023-06-06,688012,113.61,113.81,109.27,109.6,11505149.0,1930135491.0,67754558120.799995
2023-06-07,688012,109.4,110.04,100.86,102.76,18646696.0,2921917579.0,63526080223.48
2023-06-08,688012,101.95,103.06,98.89,101.47,10059052.0,1525057845.0,62728604128.81
2023-06-09,688012,101.87,102.27,97.42,101.59,13770773.0,2061440154.0,62802787951.57
2023-06-12,688012,100.07,105.02,99.59,101.23,9834784.0,1509083757.0,62580236483.29
2023-06-13,688012,101.93,106.74,101.53,105.72,12703727.0,1983049694.0,65355947851.56
2023-06-14,688012,105.75,112.07,105.74,109.97,10591431.0,1743267303.0,67983291574.31
2023-06-15,688012,110.51,111.12,107.34,109.05,6979179.0,1138357175.0,67414548933.15
2023-06-16,688012,108.84,114.06,108.51,113.33,9703334.0,1626615460.0,70060438611.59
2023-06-19,688012,113.73,114.04,110.94,112.6,6940399.0,1165786633.0,69609153689.8
2023-06-20,688012,112.07,114.6,110.49,110.6,6964459.0,1171272256.0,68372756643.799995
2023-06-21,688012,110.52,111.05,104.73,105.4,10397194.0,1667046851.0,65158124324.200005
2023-06-26,688012,105.28,108.89,103.44,106.46,7381183.0,1177045200.0,65813414758.579994
2023-06-27,688012,107.43,107.53,100.31,101.06,11097411.0,1706993606.0,62475142734.380005
2023-06-28,688012,101.57,107.6,101.57,103.73,9384229.0,1465403651.0,64125732790.79
2023-06-29,688012,103.57,106.52,102.86,103.44,5103486.0,796085428.0,63946455219.119995
2023-06-30,688012,102.61,105.58,101.77,104.36,6194173.0,965246356.0,64515197860.28
2023-07-03,688012,105.63,108.36,101.53,102.19,9175412.0,1430284361.0,63173707065.369995
2023-07-04,688012,102.45,104.7,101.29,102.95,4939068.0,761126374.0,63643537942.85
2023-07-05,688012,102.73,103.3,99.79,100.71,6995535.0,1058272415.0,62258773251.329994
2023-07-06,688012,100.06,100.66,98.73,100.46,4623709.0,692308121.0,62104223620.579994
2023-07-07,688012,99.73,101.73,98.93,99.61,4433129.0,666363756.0,61578754876.03
2023-07-10,688012,99.39,99.71,96.72,97.9,6047405.0,888197786.0,60521635401.700005
2023-07-11,688012,98.19,99.86,97.12,99.05,5550584.0,819877012.0,61232563703.15
2023-07-12,688012,98.59,98.73,94.73,95.18,10951366.0,1581936189.0,58840135419.14001
2023-07-13,688012,96.06,97.39,95.39,96.42,5467199.0,790596183.0,59606701587.66
2023-07-14,688012,96.46,97.68,95.87,96.32,4864873.0,703632895.0,59544881735.35999
2023-07-17,688012,97.63,97.73,92.33,93.26,10505691.0,1475463023.0,57653194254.98
2023-07-18,688012,93.35,94.5,92.51,92.64,6020288.0,842898851.0,57269911170.72
2023-07-19,688012,92.3,93.3,91.09,91.39,5584692.0,768658208.0,56497163016.97
2023-07-20,688012,92.05,92.26,90.45,90.72,4993555.0,683478842.0,56082970006.56
2023-07-21,688012,90.84,90.84,88.37,88.99,5929217.0,793802637.0,55013486561.77
2023-07-24,688012,88.98,89.94,87.72,88.11,6024685.0,799623334.0,54469471861.53
2023-07-25,688012,89.92,90.63,88.12,89.83,6504484.0,870481162.0,55532773321.09
2023-07-26,688012,89.84,93.04,89.31,91.35,9470576.0,1302135970.0,56472435076.049995
2023-07-27,688012,91.44,92.52,90.25,90.9,6399180.0,878542970.0,56194245740.700005
2023-07-28,688012,90.46,94.21,90.45,92.45,8435065.0,1173582752.0,57152453451.35
2023-07-31,688012,91.99,96.64,91.9,95.27,8714832.0,1236665679.0,58895773286.21
2023-08-01,688012,95.78,96.39,93.26,94.34,5547333.0,783710880.0,58320848659.82
2023-08-02,688012,94.36,97.39,93.92,95.72,7433936.0,1071359402.0,59173962621.56
2023-08-03,688012,94.72,97.25,94.39,96.63,5592449.0,806760081.0,59736523277.49
2023-08-04,688012,97.06,98.06,94.02,94.92,7146555.0,1020918434.0,58679403803.16
2023-08-07,688012,94.58,96.47,94.26,95.49,3876325.0,555591545.0,59031776961.27
2023-08-08,688012,95.04,96.89,95.04,95.5,3156710.0,453894017.0,59037958946.5
2023-08-09,688012,95.02,95.72,93.11,93.72,4195349.0,590435624.0,57937565575.56
2023-08-10,688012,93.99,96.39,93.68,95.75,4960317.0,710980190.0,59192508577.25
2023-08-11,688012,95.99,95.99,92.28,93.11,5636717.0,791979641.0,57560464476.53
2023-08-14,688012,91.61,93.98,91.59,92.18,3395710.0,469847492.0,56985539850.14001
2023-08-15,688012,92.7,92.9,89.05,90.39,5520047.0,748438236.0,55878964493.97
2023-08-16,688012,90.09,92.12,89.02,89.07,4723925.0,639393656.0,55062942443.60999
2023-08-17,688012,88.69,90.61,88.23,90.33,3994485.0,537461383.0,55841872582.59
2023-08-18,688012,92.06,92.26,88.45,89.72,5000502.0,677756079.0,55464771483.56
2023-08-21,688012,89.75,92.56,89.14,90.15,4437773.0,603338528.0,55730596848.450005
2023-08-22,688012,91.23,92.72,88.16,92.15,6065605.0,824699178.0,56966993894.450005
2023-08-23,688012,91.82,91.91,86.19,86.27,7539567.0,995041977.0,53331986579.21
2023-08-24,688012,86.67,90.72,86.29,89.25,6372951.0,848458392.0,55174218177.75
2023-08-25,688012,89.17,89.39,86.3,87.09,5336443.0,699027060.0,53838909368.07
2023-08-28,688012,93.39,95.0,86.74,87.09,8785150.0,1192162161.0,53838909368.07
2023-08-29,688012,88.72,93.01,87.09,92.59,8884146.0,1207971397.0,57239001244.57
2023-08-30,688012,95.39,99.76,94.56,97.92,14346377.0,2105123146.0,60533999372.16
2023-08-31,688012,97.46,101.93,97.2,101.62,13537826.0,2039913391.0,62821333907.26
2023-09-01,688012,102.19,106.6,99.59,101.11,12789915.0,1961605642.0,62506052660.53
2023-09-04,688012,101.96,102.05,97.5,99.71,13872457.0,2058508244.0,61640574728.329994
2023-09-05,688012,99.72,100.83,98.52,99.3,10346464.0,1549225103.0,61387113333.9
2023-09-06,688012,99.74,105.98,98.89,105.72,15095230.0,2324076996.0,65355947851.56
2023-09-07,688012,103.98,103.98,98.4,98.83,13213337.0,1996680692.0,61096560028.09
2023-09-08,688012,98.08,102.43,98.08,100.73,8356417.0,1258204965.0,62271137221.79
2023-09-11,688012,100.05,100.38,98.51,99.31,6622016.0,986455562.0,61393295319.130005
2023-09-12,688012,98.53,99.49,97.06,98.36,5116009.0,754569480.0,60806006722.28
2023-09-13,688012,97.96,100.93,96.72,98.1,5591522.0,824638807.0,60645275106.299995
2023-09-14,688012,97.39,98.06,95.19,95.92,5570314.0,802448279.0,59297602326.16
2023-09-15,688012,96.05,98.54,94.27,96.45,6275543.0,909750829.0,59625247543.35
2023-09-18,688012,95.72,96.0,93.25,93.64,5685469.0,803606429.0,57888109693.72
2023-09-19,688012,93.58,94.51,91.05,93.91,5277531.0,737025422.0,58055023294.93
2023-09-20,688012,93.3,93.84,91.77,92.44,4015677.0,557471059.0,57146271466.119995
2023-09-21,688012,92.45,92.86,91.27,91.53,3230489.0,445271161.0,56583710810.19
2023-09-22,688012,90.99,94.5,90.74,94.14,6322371.0,885282790.0,58197208955.22
2023-09-25,688012,93.46,96.66,92.94,94.99,6153395.0,876267290.0,58722677699.77
2023-09-26,688012,94.66,96.86,93.79,95.11,4157189.0,593590334.0,58796861522.53
2023-09-27,688012,94.86,96.53,91.98,93.51,5644115.0,794687460.0,57807743885.73
2023-09-28,688012,93.56,101.54,92.78,100.57,11590769.0,1699840108.0,62172225458.10999
2023-10-09,688012,99.06,102.28,98.42,102.06,7361701.0,1111897895.0,63093341257.380005
2023-10-10,688012,102.06,103.91,100.42,100.87,7189889.0,1097959930.0,62357685015.01
2023-10-11,688012,100.87,102.06,99.73,101.6,5089546.0,770080029.0,62808969936.799995
2023-10-12,688012,102.77,109.13,102.77,108.15,12762145.0,2023757732.0,66858170262.450005
2023-10-13,688012,107.55,109.22,106.16,108.76,6543284.0,1057451017.0,67235271361.48
2023-10-16,688012,109.64,109.79,102.62,105.98,9404508.0,1483488456.0,65516679467.54
2023-10-17,688012,105.66,112.22,104.24,111.02,8272761.0,1353115716.0,68632400023.46
2023-10-18,688012,110.89,115.06,108.82,108.82,8927890.0,1492776501.0,67272363272.85999
2023-10-19,688012,108.26,111.48,107.92,108.22,6963426.0,1141705824.0,66901444159.06
2023-10-20,688012,107.05,110.09,105.99,106.55,7819447.0,1259027673.0,65869052625.65
2023-10-23,688012,105.51,107.39,103.54,105.06,5541842.0,872426150.0,64947936826.380005
2023-10-24,688012,105.77,113.48,105.32,111.62,10048951.0,1659730264.0,69003319137.26001
2023-10-25,688012,112.89,113.42,109.63,111.02,6286184.0,1044858960.0,68632400023.46
2023-10-26,688012,109.57,111.89,108.06,110.05,5698715.0,936432560.0,68032747456.15
2023-10-27,688012,105.88,111.76,105.54,110.59,8780857.0,1433925766.0,68366574658.57
2023-10-30,688012,109.48,116.01,107.74,113.35,10684644.0,1807311489.0,70072802582.05
2023-10-31,688012,115.63,117.57,112.96,114.33,7147490.0,1229381985.0,70678637134.59
2023-11-01,688012,114.1,115.03,111.89,112.36,4634386.0,786570276.0,69460786044.28
2023-11-02,688012,112.89,113.23,110.69,111.01,3057951.0,512259776.0,68626218038.23
2023-11-03,688012,110.95,112.49,109.58,110.47,5801038.0,962151080.0,68292390835.81
2023-11-06,688012,111.09,111.48,106.54,108.88,10436321.0,1692236857.0,67309455184.24
2023-11-07,688012,108.22,110.37,107.58,110.35,7033233.0,1148729853.0,68218207013.049995
2023-11-08,688012,110.86,116.23,109.89,114.86,10951170.0,1859749161.0,71006282351.78
2023-11-09,688012,114.23,114.87,110.29,112.35,6210791.0,1045505934.0,69454604059.05
2023-11-10,688012,112.91,114.86,110.89,113.57,7105972.0,1208569305.0,70208806257.11
2023-11-13,688012,114.03,115.77,113.23,114.71,5242698.0,897066948.0,70913552573.33
2023-11-14,688012,114.1,116.89,112.77,115.91,5996140.0,1033650071.0,71655390800.93
2023-11-15,688012,116.73,116.75,111.36,111.82,5774836.0,983648205.0,69126958841.86
2023-11-16,688012,111.42,111.7,108.99,110.22,4931379.0,813150968.0,68137841205.06
2023-11-17,688012,110.1,113.46,109.29,112.08,4689370.0,781943288.0,69287690457.84
2023-11-20,688012,111.82,113.28,108.35,110.2,5351950.0,886831482.0,68125477234.6
2023-11-21,688012,109.69,111.69,108.22,108.22,4568275.0,746696796.0,67018419157.06
2023-11-22,688012,108.0,108.67,106.11,106.67,3899291.0,624905328.0,66058536051.41
2023-11-23,688012,106.16,109.12,106.16,108.58,3626557.0,586176679.0,67241359749.34
2023-11-24,688012,107.82,109.89,107.02,107.4,3170001.0,514505951.0,66510610030.200005
2023-11-27,688012,106.85,111.66,106.28,111.18,5904279.0,974780846.0,68851486249.14
2023-11-28,688012,111.12,112.47,109.79,111.09,4004886.0,665636722.0,68795751101.07
2023-11-29,688012,110.9,114.03,110.83,111.49,4424942.0,747005130.0,69043462870.27
2023-11-30,688012,111.49,113.49,110.56,113.49,4565953.0,768521286.0,70282021716.27
2023-12-01,688012,112.9,114.01,111.87,112.91,3550760.0,599814393.0,69922839650.93
2023-12-04,688012,112.24,113.56,109.19,109.89,4279910.0,709320077.0,68052615793.47
2023-12-05,688012,109.23,109.55,107.86,109.08,3668532.0,597319818.0,67550999460.84
2023-12-06,688012,108.64,109.57,107.4,107.74,4377991.0,709357437.0,66721165034.02
2023-12-07,688012,108.0,108.42,102.08,102.9,9354082.0,1458987946.0,63723852626.700005
2023-12-08,688012,102.93,104.23,101.54,104.23,10307687.0,1583830779.0,64547494259.29
2023-12-11,688012,102.87,106.29,102.72,105.89,6737815.0,1058594892.0,65575498101.47
2023-12-12,688012,105.48,106.34,104.41,105.89,3949468.0,623612687.0,65575498101.47
2023-12-13,688012,105.64,108.4,105.14,105.44,3899959.0,621518382.0,65296822361.119995
2023-12-14,688012,105.79,106.48,102.28,104.6,4984933.0,773857896.0,64776627645.799995
2023-12-15,688012,103.81,104.45,102.13,102.54,4008367.0,617799401.0,63500912034.420006
2023-12-18,688012,102.58,102.84,100.59,101.14,3618405.0,548910168.0,62633920842.22
2023-12-19,688012,101.34,103.57,101.1,102.41,3672743.0,562405033.0,63420405709.43
2023-12-20,688012,102.74,103.51,101.28,102.34,3154600.0,484919510.0,63377056149.82
2023-12-21,688012,102.0,104.6,101.35,103.55,3932171.0,607574451.0,64126384251.65
2023-12-22,688012,103.54,103.75,100.97,101.58,3389229.0,517132029.0,62906403788.34
2023-12-25,688012,101.54,102.47,98.68,100.53,3150668.0,475384269.0,62256160394.19
2023-12-26,688012,100.85,101.07,98.71,99.99,3046304.0,454587836.0,61921749505.77
2023-12-27,688012,99.59,106.73,99.38,105.25,6607235.0,1032164197.0,65179159270.75
2023-12-28,688012,105.25,107.01,104.35,106.8,5285444.0,840191507.0,66139042376.4
2023-12-29,688012,107.05,107.07,102.07,102.61,9583600.0,1484351951.0,63544261594.03
2024-01-02,688012,102.12,102.12,94.86,97.56,9838940.0,1445527529.0,60416900507.880005
2024-01-03,688012,97.15,99.59,96.68,97.15,4235711.0,620604784.0,60162995944.450005
2024-01-04,688012,97.19,98.73,95.06,96.79,4862084.0,702920268.0,59940055352.170006
2024-01-05,688012,96.19,97.78,95.66,96.33,4830363.0,699000166.0,59655186817.59
2024-01-08,688012,95.28,96.31,91.58,92.0,7255346.0,1006435298.0,56973706916.0
2024-01-09,688012,91.98,93.5,90.18,91.09,5005903.0,685405023.0,56410162641.07
2024-01-10,688012,90.8,92.85,88.85,91.48,5032309.0,687286736.0,56651681616.04
2024-01-11,688012,90.85,92.51,90.59,91.85,4526994.0,621279513.0,56880815002.549995
2024-01-12,688012,92.18,92.65,89.91,89.95,4460638.0,608607252.0,55704184098.85
2024-01-15,688012,91.26,94.36,89.95,91.71,8204067.0,1129278397.0,56794115883.329994
2024-01-16,688012,91.71,94.16,91.32,93.67,6860592.0,956240515.0,58007903552.41
2024-01-17,688012,93.21,93.85,91.08,91.32,4852579.0,670450128.0,56552596908.35999
2024-01-18,688012,90.6,93.25,88.58,93.06,8021160.0,1087587823.0,57630143104.380005
2024-01-19,688012,93.06,95.66,93.06,94.54,7767287.0,1099930369.0,58546676650.420006
2024-01-22,688012,94.32,95.34,92.39,93.42,6824776.0,959781653.0,57853083696.66
2024-01-23,688012,92.71,93.25,90.25,91.59,5668162.0,779455768.0,56719802352.57
2024-01-24,688012,92.18,92.44,84.38,88.18,11373411.0,1480973175.0,54608059520.14001
2024-01-25,688012,88.1,90.71,86.17,90.15,6569892.0,872722876.0,55828039983.450005
2024-01-26,688012,89.13,89.51,84.5,84.5,9692847.0,1250228287.0,52329111243.5
2024-01-29,688012,84.5,85.83,80.83,81.3,8959178.0,1108950183.0,50347417089.9
2024-01-30,688012,80.49,81.06,76.55,76.63,8480272.0,996992133.0,47455382184.49
2024-01-31,688012,76.18,77.86,75.56,76.19,7683004.0,880683755.0,47182899238.369995
2024-02-01,688012,76.15,80.49,74.7,78.03,10092277.0,1180616864.0,48322373376.69
2024-02-02,688012,78.16,78.82,72.91,75.02,11037737.0,1247509954.0,46458342313.46
2024-02-05,688012,75.22,75.82,70.09,74.48,11316186.0,1242635069.0,46123931425.04
2024-02-06,688012,74.31,78.52,72.8,78.02,11529200.0,1321592307.0,48316180582.46
2024-02-07,688012,78.26,82.33,76.84,79.81,12267936.0,1471434574.0,49424690749.630005
2024-02-08,688012,82.77,84.25,80.26,82.01,10412568.0,1285014361.0,50787105480.23
2024-02-19,688012,83.65,84.39,82.32,83.88,8596380.0,1075198357.0,51945158001.24
2024-02-20,688012,83.8,84.03,81.68,82.7,5368578.0,662752146.0,51214408282.1
2024-02-21,688012,81.83,85.01,81.17,83.37,6542231.0,815207306.0,51629325495.51
2024-02-22,688012,83.35,84.73,82.91,84.03,5546775.0,695634228.0,52038049914.69
2024-02-23,688012,84.71,87.37,83.7,87.23,7896786.0,1010690246.0,54019744068.29
2024-02-26,688012,88.18,89.51,86.34,86.97,7075952.0,928984178.0,53858731418.31
2024-02-27,688012,86.31,92.85,85.5,92.49,9750738.0,1305303320.0,57277153833.27
2024-02-28,688012,92.05,94.36,89.12,89.12,8720130.0,1201004000.0,55190182177.76
2024-02-29,688012,91.52,98.73,91.18,98.06,14109201.0,2024722788.0,60726540219.380005
2024-03-01,688012,98.72,98.86,96.78,98.26,8858611.0,1298087853.0,60850396103.98
2024-03-04,688012,98.26,100.53,96.94,99.53,8026207.0,1188613848.0,61636880971.19
2024-03-05,688012,98.86,100.45,97.71,99.91,7750433.0,1151045716.0,61872207151.93
2024-03-06,688012,99.89,99.89,96.39,97.61,6157017.0,900467044.0,60447864479.03
2024-03-07,688012,98.84,100.42,96.75,97.45,5648475.0,831208479.0,60348779771.35
2024-03-08,688012,97.66,99.8,97.3,99.45,5367666.0,792516972.0,61587338617.35
2024-03-11,688012,98.19,100.2,97.73,100.11,5362203.0,794014928.0,61996063036.53
2024-03-12,688012,100.11,104.84,99.63,104.2,10966063.0,1692648466.0,64528915876.6
2024-03-13,688012,104.2,105.46,102.39,102.87,5309619.0,821978201.0,63705274244.01
2024-03-14,688012,102.07,103.18,100.17,101.2,5045045.0,766385288.0,62671077607.6
2024-03-15,688012,101.2,101.4,98.94,100.59,3927756.0,588769288.0,62293317159.57
2024-03-18,688012,101.45,103.67,100.4,103.6,6620272.0,1015273608.0,64157348222.799995
2024-03-19,688012,102.88,103.89,101.45,102.59,5575355.0,855927733.0,63531876005.57
2024-03-20,688012,102.22,103.65,101.74,103.13,4262429.0,656654850.0,63866286893.99
2024-03-21,688012,103.55,108.02,103.41,104.14,6542489.0,1033875430.0,64491759111.22
2024-03-22,688012,104.21,108.0,103.54,106.09,7913166.0,1259518234.0,65699353986.07
2024-03-25,688012,105.54,108.93,103.74,104.69,6445815.0,1026653938.0,64832362793.869995
2024-03-26,688012,105.42,106.65,101.91,102.06,5484997.0,850051017.0,63203657911.380005
2024-03-27,688012,102.45,103.07,100.59,100.73,4711338.0,716915516.0,62380016278.79
2024-03-28,688012,101.36,101.47,98.53,99.71,5367256.0,804357035.0,61748351267.329994
2024-03-29,688012,99.53,101.2,97.33,99.73,4330772.0,644054378.0,61760736855.79
2024-04-01,688012,100.87,102.74,100.07,101.37,4717646.0,715875404.0,62776355109.51
2024-04-02,688012,101.38,102.04,99.24,99.9,3792529.0,571569714.0,61866014357.700005
2024-04-03,688012,100.2,101.53,98.13,100.26,4396991.0,658926356.0,62088954949.98
2024-04-08,688012,100.6,102.73,99.54,99.67,4078447.0,618021383.0,61723580090.41
2024-04-09,688012,99.13,99.93,97.4,98.48,3747935.0,551314629.0,60986637577.04
2024-04-10,688012,98.34,98.48,95.3,95.52,5243721.0,753217660.0,59229397126.56
2024-04-11,688012,94.86,97.01,93.11,93.59,5239344.0,742175154.0,58032655748.270004
2024-04-12,688012,93.92,94.18,92.52,92.63,3871898.0,539851197.0,57437385425.39
2024-04-15,688012,93.81,99.47,93.57,97.86,8075511.0,1173632750.0,60680368538.58
2024-04-16,688012,96.73,98.62,95.89,95.92,4200338.0,609344551.0,59477426427.76
2024-04-17,688012,96.63,96.96,93.64,94.75,6908497.0,981624003.0,58751940721.75
2024-04-18,688012,94.32,94.64,91.96,92.1,6851046.0,956665878.0,57108746601.299995
2024-04-19,688012,91.2,91.48,88.9,89.41,5869433.0,789938564.0,55440749550.729996
2024-04-22,688012,88.86,91.29,87.62,89.84,4269669.0,575064905.0,55707381049.520004
2024-04-23,688012,90.37,90.51,88.98,89.71,3313518.0,444705494.0,55626771526.63
2024-04-24,688012,90.17,91.18,89.69,90.53,4330111.0,586914739.0,56135231594.090004
2024-04-25,688012,90.51,91.44,89.77,90.7,4305118.0,583954641.0,56240644047.1
2024-04-26,688012,89.19,91.46,87.25,90.21,11140582.0,1494799071.0,55936808153.13
2024-04-29,688012,90.19,97.87,89.98,97.31,12442025.0,1775921202.0,60339328249.43
2024-04-30,688012,97.26,97.88,94.62,94.64,6224674.0,892179083.0,58683732663.92
2024-05-06,688012,95.59,97.53,94.26,95.66,6504079.0,934296085.0,59316207381.979996
2024-05-07,688012,95.52,95.99,93.4,93.8,4518050.0,639100998.0,58162871131.4
2024-05-08,688012,93.46,94.19,90.86,91.32,4405078.0,605495988.0,56625089463.96
2024-05-09,688012,91.32,92.97,91.04,92.27,4608573.0,635794535.0,57214159054.31
2024-05-10,688012,92.56,92.83,86.91,88.87,7895858.0,1054015574.0,55105909994.11
2024-05-13,688012,87.85,90.44,87.33,87.5,4307734.0,569735311.0,54256409637.5
2024-05-14,688012,88.07,88.62,86.53,87.68,4442476.0,581623019.0,54368022823.04
2024-05-15,688012,87.29,88.44,86.69,86.73,2873035.0,376034493.0,53778953232.69
2024-05-16,688012,87.51,87.57,85.84,86.26,4088128.0,530110698.0,53487518803.78001
2024-05-17,688012,86.38,87.48,85.62,87.31,2875295.0,372922803.0,54138595719.43
2024-05-20,688012,87.51,90.0,86.99,87.78,6065339.0,803216002.0,54430030148.340004
2024-05-21,688012,87.91,90.1,87.51,89.26,4910199.0,655103780.0,55347738562.78001
2024-05-22,688012,89.21,89.85,88.04,89.28,3623686.0,482243637.0,55360140027.840004
2024-05-23,688012,89.43,90.58,88.76,89.27,4257017.0,571561471.0,55353939295.31
2024-05-24,688012,89.33,89.53,86.84,87.11,3491446.0,461172979.0,54014581068.83
2024-05-27,688012,84.17,86.83,81.64,86.45,11715107.0,1476470603.0,53605332721.85
2024-05-28,688012,86.45,91.1,86.17,87.11,8927921.0,1183568221.0,54014581068.83
2024-05-29,688012,86.48,87.52,85.57,86.51,4312014.0,558786401.0,53642537117.03001
2024-05-30,688012,86.57,88.7,85.57,88.07,5200707.0,682749317.0,54609851391.71
2024-05-31,688012,88.12,88.54,85.86,86.87,5152750.0,670209225.0,53865763488.11
2024-06-03,688012,88.6,92.39,88.41,91.93,10473492.0,1421679751.0,57003334148.29
2024-06-04,688012,91.39,93.82,91.31,93.65,6025826.0,835217914.0,58069860143.450005
2024-06-05,688012,93.73,95.77,93.18,94.27,5930237.0,839235569.0,58454305560.31
2024-06-06,688012,94.99,96.28,93.47,93.79,6691505.0,949991361.0,58156670398.87
2024-06-07,688012,94.39,96.55,93.48,95.24,6224350.0,886642619.0,59055776615.71999
2024-06-11,688012,95.42,99.21,95.42,99.06,9625879.0,1406724156.0,61424456442.18
2024-06-12,688012,99.47,99.93,96.6,97.17,9071994.0,1324487952.0,60252517994.01
2024-06-13,688012,97.76,98.52,96.26,97.01,7896238.0,1147218682.0,60153306273.53001
2024-06-14,688012,96.41,96.75,92.78,94.11,13870915.0,1956192727.0,58355093839.83
2024-06-17,688012,93.84,95.94,92.13,95.27,8374433.0,1184534805.0,59074378813.31
2024-06-18,688012,95.07,97.62,95.07,95.72,6727954.0,966679153.0,59353411777.159996
2024-06-19,688012,97.07,98.79,95.67,97.42,8169057.0,1187305591.0,60407536307.26
2024-06-20,688012,97.43,102.02,96.41,99.14,8946660.0,1331311316.0,61474062302.42
2024-06-21,688012,97.76,101.18,97.69,100.76,6721063.0,1000746344.0,62478580972.28001
2024-06-24,688012,100.62,102.16,98.67,98.76,7429031.0,1114811273.0,61238434466.28001
2024-06-25,688012,98.43,98.76,93.87,94.6,9297890.0,1325875083.0,58775500300.0
2024-06-26,688012,95.09,96.59,93.26,96.14,4749680.0,673189534.0,59732310770.0
2024-06-27,688012,95.41,96.61,94.56,94.69,4413324.0,628811373.0,58831417795.0
2024-06-28,688012,94.27,95.74,93.34,94.58,5643835.0,796212301.0,58763074190.0
2024-07-01,688012,94.47,95.53,91.39,95.25,5266513.0,737032865.0,59179348875.0
2024-07-02,688012,94.79,95.21,92.31,92.6,4130481.0,575935999.0,57532889300.0
2024-07-03,688012,92.6,96.74,91.85,96.12,6038168.0,855954327.0,59719884660.0
2024-07-04,688012,95.74,96.4,94.07,94.13,3400772.0,482907966.0,58483486715.0
2024-07-05,688012,93.75,94.07,90.39,92.73,5304553.0,729869569.0,57613659015.0
2024-07-08,688012,92.8,93.65,91.8,92.43,3951487.0,547206886.0,57427267365.00001
2024-07-09,688012,92.39,95.29,91.95,95.01,5687718.0,797560360.0,59030235555.0
2024-07-10,688012,94.47,96.75,94.28,95.09,3955972.0,563480726.0,59079939995.0
2024-07-11,688012,96.87,96.87,90.39,93.51,8498416.0,1184227049.0,58098277305.0
2024-07-12,688012,92.39,95.37,91.37,94.42,5151055.0,717755218.0,58663665310.0
2024-07-15,688012,94.62,96.28,94.47,96.04,4944050.0,704511897.0,59670180220.00001
2024-07-16,688012,95.47,99.18,94.44,98.62,7459500.0,1080805089.0,61273148410.0
2024-07-17,688012,98.15,102.14,97.9,100.37,9394257.0,1408088103.0,62360433035.0
2024-07-18,688012,99.24,104.03,98.99,102.44,9457604.0,1433497080.0,63646535420.0
2024-07-19,688012,102.32,103.41,100.78,103.01,8263939.0,1265439981.0,64000679555.0
2024-07-22,688012,102.81,103.62,101.3,102.23,6081211.0,928591435.0,63516061265.0
2024-07-23,688012,102.1,102.42,98.89,99.04,5748010.0,861112716.0,61534096720.00001
2024-07-24,688012,98.8,99.73,97.2,97.55,4332144.0,635137577.0,60608351525.0
2024-07-25,688012,96.71,98.04,95.51,95.67,4059277.0,583644025.0,59440297185.0
2024-07-26,688012,95.54,98.63,94.67,98.27,4342311.0,629443491.0,61055691485.0
2024-07-29,688012,98.35,100.29,96.64,96.64,4094093.0,602188788.0,60042963520.0
2024-07-30,688012,96.73,99.0,95.74,98.79,3979536.0,580638200.0,61378770345.00001
2024-07-31,688012,98.27,105.45,98.27,105.25,8299718.0,1277664957.0,65392403875.0
2024-08-01,688012,106.09,107.59,104.24,106.08,6837588.0,1082616798.0,65908087440.0
2024-08-02,688012,104.85,108.76,104.66,106.19,7253556.0,1160297799.0,65976431045.0
2024-08-05,688012,105.54,108.12,102.12,102.7,8256873.0,1286497424.0,63808074850.0
2024-08-06,688012,104.14,104.43,101.54,103.19,4996747.0,767890098.0,64112514545.0
2024-08-07,688012,102.77,105.32,101.59,102.14,4552976.0,702198684.0,63460143770.0
2024-08-08,688012,101.43,105.45,100.09,103.88,6074782.0,935590878.0,64541215340.0
2024-08-09,688012,105.32,106.12,102.56,102.62,4979285.0,775856507.0,63758370410.0
2024-08-12,688012,102.04,103.44,100.6,102.17,3734659.0,567049985.0,63478782935.0
2024-08-13,688012,102.19,104.03,101.85,104.02,3250412.0,500880717.0,64628198110.0
2024-08-14,688012,103.87,103.98,98.55,98.9,6857445.0,1026637170.0,61447113950.0
2024-08-15,688012,98.32,100.08,97.88,99.36,4802826.0,710090748.0,61732914480.0
2024-08-16,688012,99.16,100.28,97.62,98.37,5245160.0,771862871.0,61117822035.0
2024-08-19,688012,98.05,99.06,97.15,97.72,3534834.0,517463429.0,60713973460.0
2024-08-20,688012,97.46,98.49,95.98,96.63,3243446.0,470685036.0,60036750465.0
2024-08-21,688012,96.59,97.17,94.95,95.15,3159253.0,452104273.0,59117218325.0
2024-08-22,688012,95.15,95.33,92.2,92.93,5868753.0,816788548.0,57737920115.00001
2024-08-23,688012,91.06,91.06,83.04,87.71,17691935.0,2283227306.0,54494705404.99999
2024-08-26,688012,86.9,89.64,86.48,87.35,5874595.0,772054129.0,54271035425.0
2024-08-27,688012,87.04,88.04,86.36,87.04,4084548.0,532720368.0,54078430720.00001
2024-08-28,688012,87.17,88.0,85.97,86.55,3918606.0,508522370.0,53773991025.0
2024-08-29,688012,85.7,89.56,85.57,88.58,4498497.0,591765255.0,55035241190.0
2024-08-30,688012,88.78,91.27,88.38,90.42,5877826.0,793548366.0,56178443310.0
2024-09-02,688012,90.25,90.55,85.57,85.58,5497304.0,715746650.0,53171324690.0
2024-09-03,688012,85.77,87.05,85.71,86.24,2908737.0,375532130.0,53581386320.0
2024-09-04,688012,85.69,87.11,85.02,85.13,3301271.0,423467237.0,52891737215.0
2024-09-05,688012,84.95,86.4,84.76,86.09,3089901.0,395361742.0,53488190495.0
2024-09-06,688012,86.26,86.9,85.16,85.3,2037672.0,261603258.0,52997359150.0
2024-09-09,688012,85.63,86.84,84.87,85.33,2723622.0,348305899.0,53015998315.0
2024-09-10,688012,85.7,87.38,85.11,86.88,3303637.0,426021816.0,53979021840.0
2024-09-11,688012,86.38,87.87,86.09,87.47,3399234.0,442107176.0,54345592085.0
2024-09-12,688012,87.47,88.24,86.5,87.05,2490494.0,324907122.0,54084643775.0
2024-09-13,688012,86.9,87.27,82.88,84.01,5505671.0,695114170.0,52195875055.0
2024-09-18,688012,84.1,84.35,81.92,83.07,3413331.0,422821043.0,51611847884.99999
2024-09-19,688012,83.24,84.9,81.82,83.32,4346392.0,542128438.0,51767174259.99999
2024-09-20,688012,83.36,83.6,79.57,80.68,6818217.0,820716717.0,50126927740.00001
2024-09-23,688012,81.01,81.13,78.07,78.54,6306444.0,743785727.0,48797333970.00001
2024-09-24,688012,79.61,81.53,77.33,81.15,8313623.0,990495265.0,50418941325.0
2024-09-25,688012,82.36,84.69,80.84,80.99,8744468.0,1083082598.0,50319532445.0
2024-09-26,688012,80.93,85.36,79.75,85.32,8313937.0,1024082188.0,53009785259.99999
2024-09-27,688012,87.04,92.93,87.04,91.66,7508275.0,1005921923.0,56948862130.0
2024-09-30,688012,97.08,109.94,96.74,109.8,19668775.0,3043662177.0,68219343900.0
2024-10-08,688012,131.76,131.76,124.6,131.76,24740187.0,4831521572.0,81863212680.0
2024-10-09,688012,128.55,145.29,124.2,132.57,42813703.0,8606026958.0,82366470135.0
2024-10-10,688012,135.24,135.24,120.17,120.63,25719383.0,4791056628.0,74948082465.0
2024-10-11,688012,116.5,121.3,111.15,112.85,15090957.0,2587476344.0,70114325675.0
2024-10-14,688012,112.55,117.3,108.8,115.99,15836608.0,2680592523.0,72065224945.0
2024-10-15,688012,116.0,119.16,113.22,113.22,12961880.0,2247021287.0,70344208710.0
2024-10-16,688012,106.45,112.33,106.37,109.44,11122121.0,1821868524.0,67995673920.0
2024-10-17,688012,111.07,112.37,108.84,109.47,10406240.0,1716211849.0,68014313085.0
2024-10-18,688012,109.47,130.56,107.81,124.3,24175417.0,4266829203.0,77228273650.0
2024-10-21,688012,125.26,134.57,121.85,125.29,26099647.0,4980419279.0,77843366095.0
2024-10-22,688012,123.86,126.55,120.65,122.41,15381241.0,2827686522.0,76054006255.0
2024-10-23,688012,121.52,123.58,119.33,120.48,10138291.0,1833943454.0,74854886640.0
2024-10-24,688012,119.78,122.52,119.43,120.51,7767715.0,1400261664.0,74873525805.0
2024-10-25,688012,121.18,126.41,119.59,122.82,10981841.0,2012759051.0,76308741510.0
2024-10-28,688012,122.52,122.74,120.26,121.1,7125944.0,1289193833.0,75240096050.0
2024-10-29,688012,120.95,124.45,120.6,120.71,10715891.0,1953177730.0,75106370257.69
2024-10-30,688012,122.46,123.34,118.97,121.28,10845951.0,1966240835.0,75461027129.92
2024-10-31,688012,121.18,133.24,118.77,128.84,18754988.0,3525337986.0,80164897224.76
2024-11-01,688012,128.84,131.69,126.21,126.28,13697806.0,2640405369.0,78572052324.92
2024-11-04,688012,125.87,136.52,124.53,133.78,13000181.0,2559183200.0,83238590117.42
2024-11-05,688012,132.57,139.05,132.24,135.58,15164325.0,3073215394.0,84358559187.62001
2024-11-06,688012,135.24,141.14,132.64,134.78,15220712.0,3090356120.0,83860795156.42
2024-11-07,688012,134.24,140.47,133.21,139.26,12665899.0,2584552014.0,86648273731.14
2024-11-08,688012,142.73,153.49,139.92,145.39,19677740.0,4303690367.0,90462390620.20999
2024-11-11,688012,149.64,166.71,149.3,164.13,21678563.0,5172961127.0,102122513051.06999
2024-11-12,688012,162.69,172.06,160.02,164.9,18442342.0,4549845334.0,102601610931.1
2024-11-13,688012,160.69,167.15,158.69,162.36,12335026.0,2993225496.0,101021210132.04001
2024-11-14,688012,160.69,164.03,155.97,157.34,12997697.0,3109500399.0,97897740836.26
2024-11-15,688012,155.33,157.34,141.74,142.07,19987820.0,4413421914.0,88396669890.73
2024-11-18,688012,143.28,147.03,139.09,141.32,14041233.0,2993020005.0,87930016111.48
2024-11-19,688012,142.83,145.62,137.9,144.05,12571086.0,2668622814.0,89628635867.95001
2024-11-20,688012,143.28,144.88,140.69,142.62,9261121.0,1976142756.0,88761515885.7
2024-11-21,688012,141.28,147.21,140.6,144.95,10430527.0,2258923279.0,90211623388.25
2024-11-22,688012,145.96,149.52,140.14,140.24,10989403.0,2373871383.0,87280290196.40001
2024-11-25,688012,139.38,142.13,136.05,136.23,9723410.0,2012804320.0,84784611619.04999
2024-11-26,688012,137.51,139.26,136.57,137.41,6046276.0,1244023472.0,85519000826.34999
2024-11-27,688012,136.65,142.62,133.01,141.83,10730036.0,2234541828.0,88269848535.05
2024-11-28,688012,142.62,144.3,140.84,141.12,9837626.0,2095371211.0,87827970283.2
2024-11-29,688012,139.93,152.32,139.68,148.63,12670810.0,2778090758.0,92501921933.05
2024-12-02,688012,148.34,149.97,144.95,147.3,11993450.0,2633135306.0,91674178165.5
2024-12-03,688012,148.3,149.96,141.4,142.53,9405529.0,2032719506.0,88705503149.55
2024-12-04,688012,144.82,147.2,142.16,143.08,8531236.0,1835944820.0,89047803203.8
2024-12-05,688012,141.27,143.32,140.17,142.25,6587639.0,1392244947.0,88531241303.75
2024-12-06,688012,142.26,146.63,140.95,144.68,7076307.0,1524190760.0,90043585179.8
2024-12-09,688012,143.88,146.38,141.6,143.3,5294501.0,1138021749.0,89184723225.5
2024-12-10,688012,152.65,153.76,144.41,145.3,9454838.0,2098833405.0,90429450695.5
2024-12-11,688012,145.3,146.96,137.27,137.79,12028378.0,2524738162.0,85755499045.65
2024-12-12,688012,136.58,138.59,134.85,137.85,9861484.0,2016386737.0,85792840869.75
2024-12-13,688012,136.52,137.08,132.83,134.25,12605598.0,2528685557.0,83552331423.75
2024-12-16,688012,133.5,134.08,127.38,128.55,11941322.0,2306256048.0,80004858134.25
2024-12-17,688012,128.56,129.73,127.36,127.81,7280268.0,1397464547.0,79544308970.35
2024-12-18,688012,128.55,135.24,128.55,130.09,14616278.0,2868944823.0,80963298286.15001
2024-12-19,688012,127.26,131.34,126.41,130.48,11788569.0,2268794754.0,81206020142.79999
2024-12-20,688012,130.07,135.57,129.75,131.8,15040517.0,2985551480.0,82027540273.0
2024-12-23,688012,132.42,134.56,130.58,131.9,10774852.0,2128483642.0,82089776646.5
2024-12-24,688012,131.86,134.16,129.41,133.82,9955038.0,1963825116.0,83284715017.7
2024-12-25,688012,133.82,135.38,130.93,131.23,7984122.0,1584639799.0,81672792944.04999
2024-12-26,688012,130.56,133.24,129.64,131.17,7874981.0,1542567990.0,81635451119.95
2024-12-27,688012,131.17,137.24,129.43,132.13,15559932.0,3111913220.0,82232920305.55
2024-12-30,688012,132.16,134.7,131.35,132.57,8504294.0,1686865139.0,82506760348.95
2024-12-31,688012,132.47,132.9,126.47,126.65,10027906.0,1928095870.0,78822367037.75
2025-01-02,688012,126.41,126.45,119.61,121.12,11382890.0,2079401916.0,75380695583.2
2025-01-03,688012,121.3,123.76,120.36,121.54,8911193.0,1624494889.0,75642088351.90001
2025-01-06,688012,121.18,123.08,119.71,121.66,5455117.0,990217030.0,75716772000.09999
2025-01-07,688012,121.72,124.2,121.33,123.41,7446137.0,1363771477.0,76805908536.34999
2025-01-08,688012,122.52,124.51,119.18,122.53,8529900.0,1558328772.0,76258228449.55
2025-01-09,688012,123.66,124.4,121.85,121.86,6270341.0,1151693768.0,75841244747.1
2025-01-10,688012,122.32,124.05,119.91,119.91,7588176.0,1381373327.0,74627635463.84999
2025-01-13,688012,117.04,121.28,116.84,119.82,6023500.0,1075818246.0,74571622727.7
2025-01-14,688012,120.92,126.33,119.22,126.17,9635767.0,1787405699.0,78523632444.95
2025-01-15,688012,127.03,129.81,124.65,124.79,8938698.0,1695953987.0,77664770490.65001
2025-01-16,688012,125.87,129.66,124.03,125.87,9172385.0,1733856437.0,78336923324.45
2025-01-17,688012,125.28,129.89,125.11,126.27,7761678.0,1473007344.0,78585868818.45
2025-01-20,688012,126.98,128.12,125.39,125.99,5454538.0,1031376237.0,78411606972.65
2025-01-21,688012,126.74,127.21,124.3,125.11,7514052.0,1408245230.0,77863926885.85
2025-01-22,688012,124.67,124.99,122.3,123.95,6393951.0,1180217143.0,77141984953.25
2025-01-23,688012,125.54,127.89,124.24,124.41,7976160.0,1500565875.0,77428272271.34999
2025-01-24,688012,123.86,125.54,123.78,124.18,5665373.0,1054370493.0,77285128612.3
2025-01-27,688012,124.53,125.39,120.52,120.57,5906760.0,1083170868.0,75038395528.95
2025-02-05,688012,124.33,124.53,119.81,121.81,8699987.0,1578797006.0,75810126560.35
2025-02-06,688012,120.62,130.76,120.59,128.93,14156553.0,2685873642.0,80241356353.55
2025-02-07,688012,128.55,130.56,126.21,128.71,12859296.0,2469630355.0,80104436331.85
2025-02-10,688012,128.72,129.21,126.31,127.99,9460572.0,1801675412.0,79656334442.65
2025-02-11,688012,127.99,128.03,124.6,125.48,6984109.0,1311589078.0,78094201467.8
2025-02-12,688012,127.87,132.18,126.99,131.85,14750830.0,2850632376.0,82058658459.75
2025-02-13,688012,131.85,131.9,127.61,127.61,8794094.0,1698479539.0,79419836223.35
2025-02-14,688012,126.54,128.15,124.87,127.56,7883799.0,1488966184.0,79388718036.6
2025-02-17,688012,127.54,131.07,126.89,129.36,10212512.0,1965451642.0,80508972759.6
2025-02-18,688012,129.55,133.24,128.88,128.88,15336590.0,2998641454.0,80210238166.8
2025-02-19,688012,128.55,136.18,128.44,134.75,17845497.0,3548655325.0,83863513291.25
2025-02-20,688012,134.57,138.52,134.11,137.32,13980039.0,2862007366.0,85462988090.2
2025-02-21,688012,139.26,143.68,137.25,141.51,15858940.0,3348428145.0,88070692139.84999
2025-02-24,688012,140.6,146.86,140.47,146.02,13752398.0,2973842557.0,90877552584.70001
2025-02-25,688012,143.94,147.96,141.27,142.94,11460074.0,2465388518.0,88960672280.9
2025-02-26,688012,143.86,144.48,139.8,143.84,10916827.0,2323378087.0,89520799642.40001
2025-02-27,688012,143.09,143.16,137.12,140.94,12057950.0,2524207897.0,87715944810.9
2025-02-28,688012,142.07,143.2,134.91,136.76,11982642.0,2493661879.0,85114464398.59999
2025-03-03,688012,137.03,137.59,132.81,133.89,9614808.0,1929080710.0,83328280479.15
2025-03-04,688012,132.57,135.83,131.36,134.51,8181896.0,1632257607.0,83714145994.84999
2025-03-05,688012,134.7,136.55,133.34,135.72,7194660.0,1455054421.0,84467206114.2
2025-03-06,688012,139.26,145.88,138.7,144.54,14825663.0,3180867811.0,89956454256.9
2025-03-07,688012,143.68,145.47,142.5,143.72,7588113.0,1629794358.0,89446115994.2
2025-03-10,688012,142.13,143.61,137.13,137.92,10782447.0,2238925173.0,85836406331.2
2025-03-11,688012,135.91,139.5,135.71,137.05,6403365.0,1311527844.0,85294949881.75
2025-03-12,688012,139.25,139.43,134.44,134.48,7378579.0,1503000969.0,83695475082.79999
2025-03-13,688012,134.65,135.16,132.16,133.7,6405297.0,1277705984.0,83210031369.5
2025-03-14,688012,133.9,137.16,132.9,136.79,7944463.0,1612060673.0,85133135310.65
2025-03-17,688012,135.98,136.38,133.3,133.7,5627791.0,1131226481.0,83210031369.5
2025-03-18,688012,135.04,136.94,134.23,136.58,5969511.0,1214981789.0,85002438926.3
2025-03-19,688012,135.81,136.42,132.82,132.97,4920785.0,986489230.0,82755705842.95
2025-03-20,688012,132.97,134.61,129.55,129.69,6224486.0,1215854263.0,80714352792.15
2025-03-21,688012,129.35,131.36,127.51,128.04,6243930.0,1203966432.0,79687452629.4
2025-03-24,688012,127.28,130.44,126.14,127.95,6080609.0,1163936297.0,79631439893.25
2025-03-25,688012,128.01,129.15,126.87,127.79,4202897.0,803712829.0,79531861695.65001
2025-03-26,688012,127.74,129.48,125.89,126.21,4043601.0,769058820.0,78548526994.34999
2025-03-27,688012,126.61,128.81,124.87,127.0,5508525.0,1044014104.0,79040194345.0
2025-03-28,688012,127.22,127.65,123.29,123.4,8680495.0,1614806269.0,76799684899.0
2025-03-31,688012,123.37,124.78,121.69,123.43,5913335.0,1089448028.0,76818355811.05
2025-04-01,688012,123.81,125.86,123.13,124.84,5001678.0,931110429.0,77695888677.40001
2025-04-02,688012,124.53,125.57,123.21,123.59,3610308.0,669048566.0,76917934008.65001
2025-04-03,688012,122.83,126.95,122.83,124.93,5715451.0,1069035938.0,77751901413.55
2025-04-07,688012,119.51,125.87,111.58,117.84,13913568.0,2486137901.0,73339342532.40001
2025-04-08,688012,117.84,119.45,115.56,117.93,11776738.0,2064270585.0,73395355268.55
2025-04-09,688012,115.83,127.65,115.69,125.17,14785212.0,2731010098.0,77901268709.95
2025-04-10,688012,128.47,128.48,124.97,126.45,7996792.0,1510598289.0,78697894290.75
2025-04-11,688012,127.11,130.69,125.33,126.46,12055816.0,2296644789.0,78704117928.09999
2025-04-14,688012,127.88,128.39,125.07,127.1,7159273.0,1356504057.0,79102430718.5
2025-04-15,688012,126.53,126.87,123.65,125.87,5788909.0,1078859713.0,78336923324.45
2025-04-16,688012,127.7,129.08,125.64,129.03,8325024.0,1585813254.0,80303592727.05
2025-04-17,688012,128.75,130.22,127.2,128.21,6079734.0,1167641241.0,79793254464.35
2025-04-18,688012,127.22,128.11,126.04,127.21,3529686.0,670755815.0,79170890729.34999
2025-04-21,688012,126.21,127.87,126.2,126.89,3794443.0,720708331.0,78971734334.15
2025-04-22,688012,127.21,129.79,125.64,127.58,5659498.0,1081257569.0,79401165311.3
2025-04-23,688012,127.28,128.21,125.33,125.89,5326589.0,1003843583.0,78349370599.15
2025-04-24,688012,125.89,127.07,124.73,125.44,3342220.0,628187906.0,78069306918.4
2025-04-25,688012,123.86,125.84,121.2,125.51,7290367.0,1346197994.0,78112872379.85
2025-04-28,688012,125.2,127.04,124.56,124.6,4723512.0,886102916.0,77546521381.0
2025-04-29,688012,124.28,126.1,123.59,125.55,3785545.0,706023446.0,78232560694.65
2025-04-30,688012,125.2,126.87,124.86,126.04,4512193.0,849162464.0,78537888888.52
2025-05-06,688012,125.99,127.1,124.28,126.46,6668484.0,1255547360.0,78799598768.98
2025-05-07,688012,129.22,129.22,125.72,126.76,6356593.0,1206177067.0,78986534397.88
2025-05-08,688012,126.37,127.74,125.58,127.26,3848322.0,729491308.0,79298093779.38
2025-05-09,688012,126.54,126.93,121.65,121.65,6663952.0,1226170832.0,75802397518.95
2025-05-12,688012,122.51,123.36,121.43,122.79,4431972.0,810127391.0,76512752908.77
2025-05-13,688012,123.19,124.4,122.32,122.49,3622053.0,666032553.0,76555786742.81999
2025-05-14,688012,122.56,125.79,122.12,125.67,5962835.0,1106609317.0,78543274716.06
2025-05-15,688012,124.94,125.79,122.11,122.33,3886398.0,715054888.0,76455787347.94
2025-05-16,688012,122.33,122.74,119.99,120.74,4344234.0,786630151.0,75462043361.31999
2025-05-19,688012,120.44,120.86,118.59,119.72,3894435.0,695548730.0,74824547218.96
2025-05-20,688012,119.73,120.63,118.96,119.31,3457650.0,618226991.0,74568298769.58
2025-05-21,688012,119.13,119.81,118.03,118.14,3807895.0,673905120.0,73837053194.52
2025-05-22,688012,117.84,118.62,116.74,117.57,3542437.0,622060310.0,73480805350.26
2025-05-23,688012,117.33,118.1,116.54,116.85,4397894.0,769831619.0,73030808073.3
2025-05-26,688012,117.84,118.94,116.32,116.83,4561166.0,800390018.0,73018308148.94
2025-05-27,688012,116.83,117.3,115.69,115.91,4011600.0,696416049.0,72443311628.38
2025-05-28,688012,116.42,117.07,114.26,114.44,4559656.0,784357421.0,71524567187.92
2025-05-29,688012,114.82,118.63,114.53,118.31,5355550.0,935677962.0,73943302551.58
2025-05-30,688012,118.15,118.51,117.17,117.17,4157999.0,731944799.0,73230806863.06
2025-06-03,688012,117.09,121.01,116.91,119.78,5068052.0,904071425.0,74862046992.04
2025-06-04,688012,119.71,120.71,119.1,120.13,3434306.0,616323617.0,75080795668.34
2025-06-05,688012,120.65,121.32,119.75,120.51,4314765.0,776688312.0,75318294231.18001
2025-06-06,688012,120.51,120.97,119.96,120.52,2622355.0,471517134.0,75324544193.36
2025-06-09,688012,120.51,120.85,118.71,119.71,3674052.0,657657867.0,74818297256.78
2025-06-10,688012,119.71,120.04,114.15,114.69,6771501.0,1176916298.0,71680816242.42
2025-06-11,688012,114.86,116.83,113.69,113.74,6475921.0,1112780425.0,71087069835.31999
2025-06-12,688012,113.54,113.54,111.0,111.13,8315132.0,1388078812.0,69455829706.34
2025-06-13,688012,110.48,115.34,110.39,115.02,9060820.0,1537992945.0,71887064994.36
2025-06-16,688012,113.95,116.47,113.88,115.94,3802061.0,656226526.0,72462061514.92
2025-06-17,688012,115.75,116.62,114.02,114.47,4242684.0,729549615.0,71543317074.46
2025-06-18,688012,114.61,116.5,114.21,115.06,4634148.0,798268922.0,71912064843.08
2025-06-19,688012,114.86,117.99,114.5,115.77,5264470.0,915359145.0,72355812157.86
2025-06-20,688012,115.73,117.37,114.62,114.9,3784220.0,654213442.0,71812065448.2
2025-06-23,688012,114.22,121.24,114.22,119.6,10101681.0,1802327458.0,74749547672.8
2025-06-24,688012,119.51,120.29,118.85,119.95,5187513.0,926890243.0,75106129574.65001
2025-06-25,688012,120.49,121.57,118.96,121.06,6090393.0,1095858493.0,75801150865.42
2025-06-26,688012,121.26,121.85,119.76,119.83,5193269.0,935533462.0,75030992137.81
2025-06-27,688012,121.04,121.51,119.3,120.37,4751068.0,856694173.0,75369110603.59
2025-06-30,688012,120.9,123.86,120.88,122.05,5289495.0,965690938.0,76421034719.34999
2025-07-01,688012,121.85,123.45,121.4,122.38,4081881.0,748006363.0,76627662670.66
2025-07-02,688012,122.05,122.25,119.44,119.7,4251361.0,764358917.0,74949593247.90001
2025-07-03,688012,119.84,120.11,118.3,119.19,4055427.0,720388421.0,74630259141.33
2025-07-04,688012,119.17,124.06,117.98,121.15,7910333.0,1432894568.0,75857503943.05
2025-07-07,688012,120.85,123.16,120.74,120.88,4505668.0,819881561.0,75688444710.16
2025-07-08,688012,122.12,124.0,121.77,123.53,5803988.0,1068249674.0,77347729773.71
2025-07-09,688012,123.53,124.44,121.82,122.09,4006604.0,735316705.0,76446080531.63
2025-07-10,688012,121.52,123.02,120.86,121.1,4140280.0,751416220.0,75826196677.7
2025-07-11,688012,121.12,124.39,121.05,123.64,6268306.0,1152764566.0,77416605757.48
2025-07-14,688012,123.8,123.8,119.95,120.04,6344313.0,1145780022.0,75162482652.28
2025-07-15,688012,120.04,121.31,119.37,120.7,4376026.0,784931019.0,75575738554.90001
2025-07-16,688012,120.7,122.05,119.22,119.57,4605819.0,826922685.0,74868194357.98999
2025-07-17,688012,119.49,119.67,117.2,119.49,7025987.0,1241611954.0,74818102733.43
2025-07-18,688012,121.38,123.72,121.38,122.22,7757458.0,1416631672.0,76527479421.54
2025-07-21,688012,122.05,123.53,121.3,123.19,6954225.0,1271729705.0,77134840369.33
2025-07-22,688012,123.13,127.08,122.26,125.74,8768212.0,1639104272.0,78731510902.18
2025-07-23,688012,126.08,134.46,125.9,133.13,15942913.0,3132861384.0,83358724720.91
2025-07-24,688012,132.96,134.06,131.46,133.47,9126972.0,1809026801.0,83571614125.29
2025-07-25,688012,133.35,134.49,132.25,134.04,7731329.0,1537387660.0,83928516950.28
2025-07-28,688012,134.24,135.11,132.52,134.16,7580692.0,1514572333.0,84003654387.12
2025-07-29,688012,133.49,139.48,133.19,138.41,10931680.0,2236910529.0,86664771941.87
2025-07-30,688012,137.5,139.13,135.72,136.67,7095741.0,1453956312.0,85575279107.68999
2025-07-31,688012,136.66,136.8,131.96,132.53,9608067.0,1921132088.0,82983037536.71
2025-08-01,688012,132.45,133.0,128.81,129.1,6389452.0,1241974180.0,80835359133.7
2025-08-04,688012,128.49,131.57,128.09,131.31,6377917.0,1234951038.0,82219140262.17
2025-08-05,688012,131.13,131.62,130.21,130.9,3978472.0,776264744.0,81962420686.3
2025-08-06,688012,131.34,132.03,129.89,131.48,4079671.0,797398973.0,82325584964.36
2025-08-07,688012,130.96,134.43,130.96,131.6,7020104.0,1386854485.0,82400722401.2
2025-08-08,688012,130.86,133.71,130.46,131.4,6514385.0,1284157335.0,82275493339.8
2025-08-11,688012,130.78,131.64,129.56,129.7,5805407.0,1128675065.0,81211046317.9
2025-08-12,688012,129.77,131.17,128.82,129.2,8554523.0,1656782931.0,80897973664.4
2025-08-13,688012,129.93,131.28,128.1,129.09,8363346.0,1611793619.0,80829097680.63
2025-08-14,688012,129.3,133.78,128.6,128.79,13342208.0,2607810683.0,80641254088.53
2025-08-15,688012,128.21,131.17,125.54,130.23,10673494.0,2056041521.0,81542903330.61
2025-08-18,688012,131.23,133.53,129.84,130.41,14037116.0,2756279356.0,81655609485.87
2025-08-19,688012,130.4,131.62,128.49,128.5,10756088.0,2087225008.0,80459671949.5
2025-08-20,688012,128.5,132.79,126.68,132.79,14564515.0,2824173353.0,83145835316.53
2025-08-21,688012,132.92,137.16,131.91,135.74,17409851.0,3497063223.0,84992963972.18001
2025-08-22,688012,135.35,144.98,135.33,144.72,24155971.0,5088231358.0,90615748829.04
2025-08-25,688012,147.54,151.39,139.49,141.5,26498230.0,5701723443.0,88599560940.5
2025-08-26,688012,140.18,148.54,139.56,143.51,18179417.0,3900707467.0,89858113007.56999
2025-08-27,688012,140.83,146.54,138.82,138.83,21692920.0,4605588270.0,86927752970.81001
2025-08-28,688012,138.42,151.23,138.4,151.23,27869177.0,6022525267.0,94691954777.61
2025-08-29,688012,147.54,148.03,142.32,143.63,23798466.0,5119695812.0,89933250444.41
2025-09-01,688012,147.54,150.88,144.76,149.68,21924815.0,4830106771.0,93721429551.76001
2025-09-02,688012,148.29,150.42,141.03,142.51,17379123.0,3754130107.0,89231967700.56999
2025-09-03,688012,142.84,145.19,140.01,142.17,12463474.0,2653306066.0,89019078296.18999
2025-09-04,688012,141.57,141.69,128.68,131.04,19732838.0,3932331118.0,82050081029.28
2025-09-05,688012,131.44,134.8,130.33,134.13,12619636.0,2494413258.0,83984870027.91
2025-09-08,688012,132.8,142.7,132.78,142.64,18842252.0,3880518829.0,89313366590.48
2025-09-09,688012,140.8,142.19,136.27,137.06,10722829.0,2224146277.0,85819475777.42
2025-09-10,688012,137.54,140.84,136.44,137.88,9179927.0,1895313197.0,86332914929.16
2025-09-11,688012,138.15,143.24,136.86,142.04,13631169.0,2867202512.0,88937679406.28
2025-09-12,688012,144.05,146.86,141.84,141.84,14566826.0,3134336909.0,88812450344.88
2025-09-15,688012,145.39,146.85,140.9,144.25,14176615.0,3053856426.0,90321460534.75
2025-09-16,688012,144.24,144.85,141.64,143.51,11779139.0,2516907800.0,89858113007.56999
2025-09-17,688012,143.51,155.36,142.87,152.37,21923027.0,4900412559.0,95405760427.59
2025-09-18,688012,152.63,182.38,151.74,169.79,38671786.0,9712339312.0,106313211675.53
2025-09-19,688012,178.17,179.55,168.67,170.34,25433352.0,6557844819.0,106657591594.38
2025-09-22,688012,170.34,174.81,166.67,172.08,22061325.0,5616214595.0,107747084428.56001
2025-09-23,688012,174.36,187.77,170.44,187.77,29174209.0,7652954561.0,117571304295.39
2025-09-24,688012,182.5,210.54,181.27,194.82,37498043.0,10898360134.0,121985628709.73999
2025-09-25,688012,191.13,197.7,188.58,193.14,20175230.0,5802742696.0,120933704593.98
2025-09-26,688012,191.13,204.88,191.05,194.48,22310521.0,6575277060.0,121772739305.36
2025-09-29,688012,196.49,204.54,195.91,204.53,20460661.0,6089399830.0,128065499640.71
2025-09-30,688012,202.53,208.28,197.55,200.51,19570071.0,5908843686.0,125548395506.56999
2025-10-09,688012,203.87,229.69,203.02,214.0,27815462.0,8906414907.0,133995095698.0
2025-10-10,688012,211.0,213.85,196.28,196.49,23934346.0,7283473702.0,123031291372.43001
2025-10-13,688012,188.63,202.92,188.63,197.9,21516151.0,6361696709.0,123914156255.3
2025-10-14,688012,199.17,201.19,181.69,183.42,26516657.0,7522841900.0,114847572209.93999
2025-10-15,688012,183.35,185.68,179.06,183.75,19447772.0,5273472040.0,115054200161.25
2025-10-16,688012,182.41,188.39,180.5,184.02,15672706.0,4299363931.0,115223259394.14
2025-10-17,688012,182.68,185.09,174.55,175.64,16691069.0,4429001964.0,109976161721.48
2025-10-20,688012,179.73,181.66,175.03,176.26,11824927.0,3143722224.0,110364371811.81999
2025-10-21,688012,178.45,182.21,176.54,180.85,13581236.0,3638689499.0,113238378770.95
2025-10-22,688012,179.73,182.28,175.43,178.92,11677871.0,3107032061.0,112029918328.43999
2025-10-23,688012,178.69,181.46,176.71,179.19,8596710.0,2288620120.0,112198977561.33
2025-10-24,688012,181.07,189.54,180.48,188.69,19816030.0,5514140984.0,118147357977.83
2025-10-27,688012,194.48,199.85,193.14,198.08,20462561.0,6014429611.0,124026862410.56001
2025-10-28,688012,195.16,202.52,195.16,198.17,14106872.0,4197924468.0,124083215488.18999
2025-10-29,688012,196.32,200.0,193.35,198.95,13268204.0,3891127268.0,124571608827.65
2025-10-30,688012,199.16,211.11,196.51,201.21,21383657.0,6502810776.0,125986697221.47
2025-10-31,688012,202.05,202.33,187.1,187.35,19015290.0,5423010555.0,117308323266.45
2025-11-03,688012,183.08,188.99,179.06,186.37,13305293.0,3636761327.0,116694700865.59
2025-11-04,688012,187.64,203.1,186.37,196.39,20787829.0,6098697643.0,122968676841.73
2025-11-05,688012,190.46,199.23,186.42,196.83,15286067.0,4405400362.0,123244180776.81001
2025-11-06,688012,199.62,210.35,196.9,205.21,19147382.0,5826448273.0,128491278449.47
2025-11-07,688012,202.92,211.92,201.99,207.32,15192882.0,4720633458.0,129812445047.23999
2025-11-10,688012,209.97,221.23,207.13,212.21,19604837.0,6254620418.0,132874295598.47
2025-11-11,688012,214.6,217.82,205.21,205.28,15128106.0,4721574153.0,128535108620.96
2025-11-12,688012,204.54,211.17,199.17,203.03,13193755.0,4006270245.0,127126281680.21
2025-11-13,688012,203.87,207.78,200.91,203.55,9794433.0,2968191640.0,127451877239.85
2025-11-14,688012,198.5,203.91,196.19,197.18,9540356.0,2833265296.0,123463331634.26001
2025-11-17,688012,197.18,202.52,192.4,193.94,10347644.0,3024352321.0,121434620839.58
2025-11-18,688012,192.25,209.68,191.58,201.11,15652615.0,4721358020.0,125924082690.77
2025-11-19,688012,200.84,206.93,198.84,200.18,9197086.0,2772836372.0,125341767555.26001
2025-11-20,688012,202.75,203.69,189.79,190.16,11400635.0,3287358198.0,119067791579.12
2025-11-21,688012,184.65,186.8,179.06,179.06,12078198.0,3284466225.0,112117578671.42
2025-11-24,688012,181.07,184.42,177.33,181.81,10098131.0,2721850576.0,113839478265.67
2025-11-25,688012,184.09,185.45,179.26,180.69,9944534.0,2689529531.0,113138195521.83
2025-11-26,688012,179.66,183.87,178.55,181.24,9069347.0,2457437254.0,113482575440.68001
2025-11-27,688012,182.19,186.77,177.71,178.18,11483891.0,3126496455.0,111566570801.26001
2025-11-28,688012,177.75,184.21,177.04,179.79,11299342.0,3038944815.0,112574664745.53
2025-12-01,688012,177.75,178.25,173.02,175.72,12974348.0,3389458410.0,110026253346.04
2025-12-02,688012,175.7,178.35,172.71,174.63,7986470.0,2086543542.0,109343754961.41
2025-12-03,688012,174.6,179.71,173.36,174.01,9527891.0,2503603650.0,108955544871.06999
2025-12-04,688012,173.54,185.96,171.82,181.37,16268190.0,4343058671.0,113563974330.59
2025-12-05,688012,181.07,185.01,179.18,183.64,10478440.0,2848425732.0,114985324177.48
2025-12-08,688012,183.11,186.77,177.45,185.27,14396845.0,3913449525.0,116005941027.89
2025-12-09,688012,182.55,187.1,182.18,185.43,10836933.0,2983536543.0,116106124277.01001
2025-12-10,688012,184.42,184.42,178.39,183.62,9546875.0,2583479285.0,114972801271.34
2025-12-11,688012,183.47,184.66,179.73,179.75,7565883.0,2052779644.0,112549618933.25
2025-12-12,688012,179.76,187.49,175.5,187.47,18311622.0,4997941056.0,117383460703.29
2025-12-15,688012,187.77,192.8,184.42,185.0,15359268.0,4324723886.0,115836881795.0
2025-12-16,688012,183.08,185.72,178.83,182.75,10273257.0,2794923742.0,114428054854.25
2025-12-17,688012,182.42,187.98,181.71,187.22,9774821.0,2704800610.0,117226924376.54
2025-12-18,688012,185.1,187.1,181.15,182.89,8706346.0,2384639741.0,114515715197.23
2026-01-05,688012,186.43,209.99,186.43,208.78,28120611.0,8466503367.0,130726617195.46
2026-01-06,688012,210.58,225.25,209.09,221.08,25382490.0,8327547917.0,138428204471.56
2026-01-07,688012,227.93,240.69,225.79,236.29,24067287.0,8411471580.0,147951874591.03
2026-01-08,688012,233.58,239.13,230.43,231.95,16554956.0,5788749965.0,145234403958.65
2026-01-09,688012,222.94,229.35,221.84,225.79,20378587.0,6835094481.0,141377348867.53
2026-01-12,688012,231.36,247.46,229.12,236.52,17891534.0,6353734996.0,148095888011.64
2026-01-13,688012,233.68,239.67,230.36,232.04,12762805.0,4464431211.0,145290757036.28
2026-01-14,688012,233.36,247.44,228.29,236.31,17215906.0,6114563399.0,147964397497.17
2026-01-15,688012,234.33,251.18,232.37,248.8,17752256.0,6420074904.0,155784952381.6
2026-01-16,688012,252.82,266.44,250.48,252.92,26306810.0,10089084508.0,158364671046.44
2026-01-19,688012,258.6,260.19,249.47,254.17,15921639.0,6045333614.0,159147352680.19
2026-01-20,688012,252.15,256.09,241.76,244.32,15793393.0,5817436023.0,152979821406.24
2026-01-21,688012,244.11,255.59,242.27,244.78,15677590.0,5770969221.0,153267848247.46
2026-01-22,688012,247.66,248.79,234.58,237.04,14780793.0,5260302850.0,148421483571.28
2026-01-23,688012,237.06,250.73,233.61,246.49,16029419.0,5766538619.0,154338556722.43
2026-01-26,688012,246.12,246.12,232.83,236.8,14763216.0,5236241088.0,148271208697.6
2026-01-27,688012,237.32,247.93,236.29,239.47,14202601.0,5134564143.0,149943016667.29
2026-01-28,688012,245.45,251.48,238.29,247.18,18429320.0,6723649269.0,154770596984.26
2026-01-29,688012,244.84,245.44,232.77,232.97,17407900.0,6131749546.0,145873072171.79
2026-01-30,688012,231.69,239.4,227.34,233.34,11304456.0,3945559644.0,146104745935.38
2026-02-02,688012,231.02,232.71,222.86,223.1,13928364.0,4706481449.0,139693017991.69998
2026-02-03,688012,228.48,233.71,226.07,232.28,11157473.0,3835714356.0,145441031909.96
2026-02-04,688012,230.02,238.63,228.01,234.19,9283484.0,3236244248.0,146636969446.33
2026-02-05,688012,228.01,242.2,227.26,239.33,11565632.0,4051348237.0,149855356324.31
2026-02-06,688012,236.38,241.42,233.93,234.18,9194775.0,3254095013.0,146630707993.26
2026-02-09,688012,237.98,239.55,232.24,236.13,8590734.0,3012225333.0,147851691341.91
2026-02-10,688012,236.13,236.73,232.28,235.05,6442404.0,2252401566.0,147175454410.35
2026-02-11,688012,233.38,234.38,230.03,232.61,5360820.0,1857846154.0,145647659861.27002
2026-02-12,688012,234.05,235.52,226.66,231.36,9031579.0,3100167705.0,144864978227.52002
2026-02-13,688012,229.91,237.03,228.89,231.03,8011492.0,2790927815.0,144658350276.21
2026-02-24,688012,233.94,236.39,227.7,236.06,9905832.0,3431946607.0,147807861170.42
2026-02-25,688012,235.59,252.3,227.93,247.53,17665293.0,6365708393.0,154989747841.71
2026-02-26,688012,246.45,250.4,238.74,246.32,11652736.0,4252560178.0,154232112020.24
2026-02-27,688012,242.3,242.34,235.39,236.5,9852847.0,3487155562.0,148083365105.5
2026-03-02,688012,233.73,245.85,232.73,234.14,10679389.0,3784345623.0,146605662180.97998
2026-03-03,688012,234.73,238.0,223.18,223.65,11098782.0,3786352500.0,140037397910.55002
2026-03-04,688012,220.63,227.07,220.19,223.14,6746335.0,2251663387.0,139718063803.97998
2026-03-05,688012,228.02,234.65,224.99,228.34,9485131.0,3260845492.0,142974019400.38
2026-03-06,688012,226.67,232.04,224.88,225.53,6729116.0,2282538208.0,141214551087.71
2026-03-09,688012,219.29,219.29,211.27,217.09,11350753.0,3641832132.0,135929884696.63
2026-03-10,688012,222.65,226.32,217.45,219.49,9103855.0,3001300374.0,137432633433.43001
2026-03-11,688012,217.95,219.12,212.59,214.8,9598835.0,3075137456.0,134496011943.6
2026-03-12,688012,214.6,218.82,210.13,211.47,7284550.0,2314948906.0,132410948071.29
2026-03-13,688012,209.33,212.11,207.27,209.86,6691022.0,2088913935.0,131402854127.02
2026-03-16,688012,211.24,215.56,203.27,215.12,10861387.0,3397843350.0,134696378441.84
2026-03-17,688012,213.79,217.88,209.77,209.91,7842767.0,2496268015.0,131434161392.37
2026-03-18,688012,211.25,216.2,210.58,215.22,8918496.0,2843084996.0,134758992972.54
2026-03-19,688012,211.92,213.85,209.57,210.64,5866971.0,1850159703.0,131891247466.48
2026-03-20,688012,211.7,214.53,207.12,207.42,8601857.0,2707991290.0,129875059577.93999
2026-03-23,688012,203.2,207.18,197.87,199.51,10117389.0,3048100366.0,124922250199.56999
2026-03-24,688012,202.53,204.2,196.94,201.49,8429718.0,2522370013.0,126162017907.43001
2026-03-25,688012,204.54,211.16,203.27,208.95,8642674.0,2690769745.0,130833061897.65
2026-03-26,688012,206.9,208.95,204.55,205.21,5902627.0,1810666189.0,128491278449.47
2026-03-27,688012,202.12,208.43,200.86,204.95,6532124.0,1993614920.0,128328480669.65
2026-03-30,688012,203.22,216.09,201.86,212.41,10369997.0,3247101639.0,132999524659.87
2026-03-31,688012,213.26,216.6,205.27,205.47,8095368.0,2539929622.0,128654076229.29
2026-04-01,688012,210.8,213.85,208.32,210.27,7421169.0,2332641813.0,131659573702.89
2026-04-02,688012,209.23,209.23,198.52,200.64,8683908.0,2615034237.0,125629794396.48
2026-04-03,688012,203.52,203.52,196.04,196.83,5892048.0,1741338281.0,123244180776.81001
2026-04-07,688012,197.16,201.38,196.05,196.89,5946493.0,1758087428.0,123281749495.23
2026-04-08,688012,204.54,216.11,204.2,213.05,15812092.0,4986536171.0,133400257656.35
2026-04-09,688012,210.6,220.9,208.58,215.47,13158051.0,4234144036.0,134915529299.29
2026-04-10,688012,218.82,222.4,216.56,217.28,9257079.0,3024921550.0,136048852304.96
2026-04-13,688012,215.94,216.94,211.71,212.31,9363364.0,2983105238.0,133100920241.1
2026-04-14,688012,215.66,221.14,214.64,217.62,12795009.0,4154763898.0,136429853812.2
2026-04-15,688012,219.93,224.43,213.93,214.84,13764563.0,4498310907.0,134687022300.40001
2026-04-16,688012,216.68,217.62,211.92,213.59,10501167.0,3350409237.0,133903375037.90001
2026-04-17,688012,212.25,214.8,207.36,210.58,13860230.0,4351391750.0,132016352429.8
2026-04-20,688012,207.61,212.92,203.79,210.27,11349932.0,3544381331.0,131822007908.70001
2026-04-21,688012,211.15,211.21,204.93,207.14,9588394.0,2961495637.0,129859755163.4
2026-04-22,688012,207.14,215.12,206.67,214.59,15335562.0,4866178733.0,134530292847.90001
2026-04-23,688012,215.94,217.15,208.56,211.28,11790930.0,3734182949.0,132455194896.8
2026-04-24,688012,212.59,219.83,207.56,216.87,17267206.0,5522597695.0,135959665454.7
2026-04-27,688012,220.72,238.07,216.46,236.07,26227060.0,8951169136.0,147996487406.69998
2026-04-28,688012,236.74,250.22,236.74,242.95,21302380.0,7762330603.0,152309681939.5
2026-04-29,688012,240.7,244.11,234.4,241.26,14407925.0,5150764693.0,151250190840.6
2026-04-30,688012,241.42,254.17,238.44,252.36,19165385.0,7112514370.0,158208978531.6
2026-05-06,688012,268.25,276.44,255.64,257.05,23789159.0,9383781782.0,161149223060.5
2026-05-07,688012,261.54,263.55,253.01,257.92,17007969.0,6529224169.0,161694641555.2
2026-05-08,688012,254.84,259.37,245.88,248.13,17541017.0,6554934291.0,155557116195.3
2026-05-11,688012,252.86,263.78,249.0,257.28,22906568.0,8768200329.0,161293414156.8
2026-05-12,688012,257.52,266.09,251.05,260.5,18776847.0,7286494959.0,163312089505.0
2026-05-13,688012,252.15,274.64,250.81,272.0,20702806.0,8106644981.0,170521644320.0
2026-05-14,688012,273.6,274.67,259.54,259.64,15778297.0,6233168278.0,162772940188.4
2026-05-15,688012,263.8,311.17,248.12,290.31,38098098.0,16018523192.0,182000509421.1
2026-05-18,688012,295.74,309.75,291.73,294.24,27979239.0,12525856432.0,184464296414.4
2026-05-19,688012,289.82,321.9,287.09,321.57,30037968.0,13794444725.0,201597960161.69998
2026-05-20,688012,318.55,333.97,315.19,328.83,29314750.0,14171009598.0,206781763340.72998
2026-05-21,688012,329.02,357.66,317.2,319.08,36529860.0,18242120113.0,200650564263.47998
2026-05-22,688012,321.9,324.13,303.12,314.92,29706796.0,13801279610.0,198034585990.52002
2026-05-25,688012,304.03,329.93,293.73,325.45,36397918.0,16943297521.0,204656280993.94998
2026-05-26,688012,318.95,321.9,303.22,310.84,24682054.0,11412617792.0,195468914992.03998
2026-05-27,688012,311.14,326.39,304.11,305.17,22938772.0,10815858057.0,191903386913.27002
2026-05-28,688012,304.4,307.74,295.76,303.87,20992926.0,9439901305.0,191085893702.97
2026-05-29,688012,305.99,306.58,287.0,297.68,30135520.0,8935163692.0,278918118770.16003
2026-06-01,688012,290.0,291.73,271.5,273.0,32573167.0,9101783531.0,255793625451.0
2026-06-02,688012,278.46,286.32,268.44,282.8,26923612.0,7511327699.0,264975960723.6
2026-06-03,688012,281.99,296.74,278.8,285.92,33241380.0,9575819076.0,267899316443.04
2026-06-04,688012,280.99,295.88,280.88,289.39,22578440.0,6534358208.0,271150612707.93
2026-06-05,688012,281.74,287.65,274.54,276.0,21973317.0,6168092560.0,258604544412.0
2026-06-08,688012,265.2,272.88,261.6,265.47,21104733.0,5648274843.0,248738218858.89
2026-06-09,688012,272.09,286.0,270.6,285.04,21281269.0,5947599575.0,267074780214.48
2026-06-10,688012,282.89,306.0,282.0,289.11,29607941.0,8704926683.0,270888260271.57
2026-06-11,688012,299.99,303.86,292.0,303.12,27503246.0,8222524303.0,284015251819.44
2026-06-12,688012,318.27,324.9,303.9,303.92,39806694.0,12488246432.0,284764830209.04004
2026-06-15,688012,309.99,319.98,299.17,319.98,25842173.0,8097859456.0,299812616380.26
2026-06-16,688012,319.98,323.7,313.39,319.0,20501454.0,6513324291.0,298894382853.0
2026-06-17,688012,314.0,351.88,312.17,351.0,31337870.0,10444151404.0,328877518437.0
2026-06-18,688012,350.0,368.0,345.0,360.0,26144797.0,9363424812.0,337310275320.0
2026-06-22,688012,371.99,385.0,358.0,372.74,28331926.0,10550819523.0,349247311174.38
2026-06-23,688012,372.74,388.5,364.5,371.72,33153561.0,12416821676.0,348291598727.64
2026-06-24,688012,362.5,395.0,359.3,383.0,31193196.0,11825953840.0,358860654021.0
2026-06-25,688012,388.01,412.5,388.01,399.13,29675720.0,11902653381.0,373974028301.31
2026-06-26,688012,397.0,423.8,393.24,413.0,31952325.0,13152855738.0,386969843631.0
2026-06-29,688012,419.19,459.0,419.19,456.69,40809933.0,17834156552.0,427906193433.02997
2026-06-30,688012,457.0,474.07,446.1,468.5,35068311.0,16125147904.0,438971844409.5
2026-07-01,688012,460.01,500.0,452.96,462.0,35334500.0,16753888177.0,435295031556.0
2026-07-02,688012,428.5,444.5,407.0,408.9,43639954.0,18486487049.0,385264368838.19995
2026-07-03,688012,396.21,428.68,392.0,413.69,33812280.0,13807373005.0,389777492650.22
2026-07-06,688012,424.96,427.77,392.45,420.0,30017456.0,12365069129.0,395722755960.0
2026-07-07,688012,408.0,430.13,401.56,420.04,24777645.0,10350140213.0,395760443841.52
2026-07-08,688012,420.0,439.31,402.0,423.0,27152689.0,11483204004.0,398549347074.0
2026-07-09,688012,433.99,474.5,430.0,471.59,33945458.0,15179037191.0,444330701150.42
2026-07-10,688012,471.59,492.05,434.0,434.51,37994710.0,17798376508.0,409394034981.38
2026-07-13,688012,421.47,443.6,402.03,408.6,36380764.0,15345631162.0,384981709726.80005
2026-07-14,688012,400.43,415.0,379.0,405.3,35642993.0,14227168827.0,381872459501.4
2026-07-15,688012,414.0,414.8,385.85,391.29,26111292.0,10383998064.0,368672278999.02
2026-07-16,688012,383.18,391.0,359.09,361.42,31869135.0,11893782979.0,340528853473.96
2026-07-17,688012,364.62,368.04,341.86,350.69,37124423.0,13191835581.0,330419079256.22
2026-07-20,688012,355.0,361.97,332.99,342.5,36684652.0,12719411229.0,322702485515.0
2026-07-21,688012,352.97,409.0,341.02,407.89,44991412.0,16645555544.0,384312749829.82
2026-07-22,688012,395.34,408.0,381.2,392.99,34705494.0,13733987790.0,370274013963.62
2026-07-23,688012,398.97,399.0,367.0,375.2,26321332.0,9961174686.0,353512328657.6
2026-07-24,688012,370.0,396.0,363.56,388.5,26443325.0,10162906773.0,366043549263.0
2026-07-27,688012,388.48,405.0,370.08,399.77,24620408.0,9606494484.0,376662109881.26
2026-07-28,688012,388.0,405.73,376.8,383.0,25435793.0,9971631703.0,360861465554.0
2026-07-29,688012,390.37,391.54,340.11,360.0,37828703.0,13554356326.0,339190933680.0
